index_name,date,tri
Nifty Commodities TRI,2011-09-07,2527.699951171875
Nifty Commodities TRI,2011-09-08,2523.713350697052
Nifty Commodities TRI,2011-09-09,2523.836619524157
Nifty Commodities TRI,2011-09-12,2456.59986570134
Nifty Commodities TRI,2011-09-13,2408.1956283169366
Nifty Commodities TRI,2011-09-14,2415.115628940946
Nifty Commodities TRI,2011-09-15,2462.9021183045097
Nifty Commodities TRI,2011-09-16,2482.681203192148
Nifty Commodities TRI,2011-09-19,2458.470557025981
Nifty Commodities TRI,2011-09-20,2497.00491546265
Nifty Commodities TRI,2011-09-21,2496.346316871643
Nifty Commodities TRI,2011-09-22,2406.872846191638
Nifty Commodities TRI,2011-09-23,2381.2601028728673
Nifty Commodities TRI,2011-09-26,2338.3389350672633
Nifty Commodities TRI,2011-09-27,2391.3649190358924
Nifty Commodities TRI,2011-09-28,2369.6092025258504
Nifty Commodities TRI,2011-09-29,2387.3539847308994
Nifty Commodities TRI,2011-09-30,2351.23997352918
Nifty Commodities TRI,2011-10-03,2302.2418731628486
Nifty Commodities TRI,2011-10-04,2274.8879508716464
Nifty Commodities TRI,2011-10-05,2267.939613383442
Nifty Commodities TRI,2011-10-07,2328.980203098998
Nifty Commodities TRI,2011-10-10,2377.8395723144704
Nifty Commodities TRI,2011-10-11,2386.5400282296014
Nifty Commodities TRI,2011-10-12,2426.554578496565
Nifty Commodities TRI,2011-10-13,2401.739405477497
Nifty Commodities TRI,2011-10-14,2409.450505750552
Nifty Commodities TRI,2011-10-17,2396.7581043497967
Nifty Commodities TRI,2011-10-18,2372.7267641363114
Nifty Commodities TRI,2011-10-19,2410.4096345570074
Nifty Commodities TRI,2011-10-20,2390.906124744056
Nifty Commodities TRI,2011-10-21,2367.8031369569276
Nifty Commodities TRI,2011-10-24,2394.9214618043993
Nifty Commodities TRI,2011-10-25,2444.4040402810174
Nifty Commodities TRI,2011-10-28,2555.808533870587
Nifty Commodities TRI,2011-10-31,2509.0790067986345
Nifty Commodities TRI,2011-11-01,2484.856218771762
Nifty Commodities TRI,2011-11-02,2492.5081689891967
Nifty Commodities TRI,2011-11-03,2502.306964059953
Nifty Commodities TRI,2011-11-04,2519.015904179956
Nifty Commodities TRI,2011-11-08,2525.6969770281544
Nifty Commodities TRI,2011-11-09,2471.0519757602915
Nifty Commodities TRI,2011-11-11,2447.2471834738417
Nifty Commodities TRI,2011-11-14,2408.1649654942785
Nifty Commodities TRI,2011-11-15,2367.1240932910646
Nifty Commodities TRI,2011-11-16,2355.0481995317627
Nifty Commodities TRI,2011-11-17,2301.9791146451844
Nifty Commodities TRI,2011-11-18,2290.862190704126
Nifty Commodities TRI,2011-11-21,2225.567778329872
Nifty Commodities TRI,2011-11-22,2246.3732872278915
Nifty Commodities TRI,2011-11-23,2202.5681598250767
Nifty Commodities TRI,2011-11-24,2221.718122081102
Nifty Commodities TRI,2011-11-25,2191.6905616472377
Nifty Commodities TRI,2011-11-28,2274.310660939035
Nifty Commodities TRI,2011-11-29,2243.5669360808397
Nifty Commodities TRI,2011-11-30,2259.6317411593404
Nifty Commodities TRI,2011-12-01,2316.98929894678
Nifty Commodities TRI,2011-12-02,2374.8646110821755
Nifty Commodities TRI,2011-12-05,2368.242448150705
Nifty Commodities TRI,2011-12-07,2375.705827878399
Nifty Commodities TRI,2011-12-08,2319.5394973171074
Nifty Commodities TRI,2011-12-09,2291.1235938713044
Nifty Commodities TRI,2011-12-12,2214.187950554065
Nifty Commodities TRI,2011-12-13,2241.6151677059415
Nifty Commodities TRI,2011-12-14,2206.5969556374275
Nifty Commodities TRI,2011-12-15,2213.9194691497364
Nifty Commodities TRI,2011-12-16,2167.892907769832
Nifty Commodities TRI,2011-12-19,2162.622489648594
Nifty Commodities TRI,2011-12-20,2107.5385750017226
Nifty Commodities TRI,2011-12-21,2171.296972573795
Nifty Commodities TRI,2011-12-22,2189.8483770053344
Nifty Commodities TRI,2011-12-23,2175.751171261787
Nifty Commodities TRI,2011-12-26,2201.0741027874246
Nifty Commodities TRI,2011-12-27,2186.7434392745918
Nifty Commodities TRI,2011-12-28,2161.612712567267
Nifty Commodities TRI,2011-12-29,2138.9226603200464
Nifty Commodities TRI,2011-12-30,2125.653068380005
Nifty Commodities TRI,2012-01-02,2133.798999430222
Nifty Commodities TRI,2012-01-03,2199.319201406904
Nifty Commodities TRI,2012-01-04,2190.494979624583
Nifty Commodities TRI,2012-01-05,2177.455073544748
Nifty Commodities TRI,2012-01-06,2176.8976059119245
Nifty Commodities TRI,2012-01-09,2181.673451228346
Nifty Commodities TRI,2012-01-10,2233.283444806599
Nifty Commodities TRI,2012-01-11,2233.3925278095303
Nifty Commodities TRI,2012-01-12,2255.427240325249
Nifty Commodities TRI,2012-01-13,2313.0658675250365
Nifty Commodities TRI,2012-01-16,2303.2199918037827
Nifty Commodities TRI,2012-01-17,2303.3324908032723
Nifty Commodities TRI,2012-01-18,2366.573728926637
Nifty Commodities TRI,2012-01-19,2426.5296476025947
Nifty Commodities TRI,2012-01-23,2407.945813422828
Nifty Commodities TRI,2012-01-24,2408.0634276740934
Nifty Commodities TRI,2012-01-25,2459.671834443466
Nifty Commodities TRI,2012-01-27,2501.9627737057167
Nifty Commodities TRI,2012-01-30,2445.33736174757
Nifty Commodities TRI,2012-01-31,2485.4610318007153
Nifty Commodities TRI,2012-02-01,2528.9124438385065
Nifty Commodities TRI,2012-02-02,2556.9671269690825
Nifty Commodities TRI,2012-02-03,2568.8975952747273
Nifty Commodities TRI,2012-02-06,2598.882940362449
Nifty Commodities TRI,2012-02-07,2584.5523893587306
Nifty Commodities TRI,2012-02-08,2619.358428550997
Nifty Commodities TRI,2012-02-09,2647.225610095896
Nifty Commodities TRI,2012-02-10,2643.495538863328
Nifty Commodities TRI,2012-02-13,2653.8400714230843
Nifty Commodities TRI,2012-02-14,2657.2855472576157
Nifty Commodities TRI,2012-02-15,2707.810076754123
Nifty Commodities TRI,2012-02-16,2697.7620052294296
Nifty Commodities TRI,2012-02-17,2712.751585118025
Nifty Commodities TRI,2012-02-21,2734.0807236261535
Nifty Commodities TRI,2012-02-22,2651.9922963511613
Nifty Commodities TRI,2012-02-23,2635.3437701288144
Nifty Commodities TRI,2012-02-24,2626.730280780436
Nifty Commodities TRI,2012-02-27,2539.114734128415
Nifty Commodities TRI,2012-02-28,2596.17050132532
Nifty Commodities TRI,2012-02-29,2635.8337593014185
Nifty Commodities TRI,2012-03-01,2621.690440043738
Nifty Commodities TRI,2012-03-02,2619.0951004621056
Nifty Commodities TRI,2012-03-05,2579.579606421246
Nifty Commodities TRI,2012-03-06,2513.8761981807156
Nifty Commodities TRI,2012-03-07,2491.4998192062794
Nifty Commodities TRI,2012-03-09,2564.74646302232
Nifty Commodities TRI,2012-03-12,2578.998463490155
Nifty Commodities TRI,2012-03-13,2635.741794929434
Nifty Commodities TRI,2012-03-14,2646.2155949534476
Nifty Commodities TRI,2012-03-15,2614.0970148945676
Nifty Commodities TRI,2012-03-16,2555.3279509807767
Nifty Commodities TRI,2012-03-19,2530.51467258796
Nifty Commodities TRI,2012-03-20,2540.733972550064
Nifty Commodities TRI,2012-03-21,2575.8920563281904
Nifty Commodities TRI,2012-03-22,2496.0016436769056
Nifty Commodities TRI,2012-03-23,2501.121612928608
Nifty Commodities TRI,2012-03-26,2443.622767287271
Nifty Commodities TRI,2012-03-27,2460.4057237172124
Nifty Commodities TRI,2012-03-28,2429.5200409182407
Nifty Commodities TRI,2012-03-29,2437.8702226565824
Nifty Commodities TRI,2012-03-30,2498.4416747923988
Nifty Commodities TRI,2012-04-02,2498.1006975636255
Nifty Commodities TRI,2012-04-03,2533.43014494235
Nifty Commodities TRI,2012-04-04,2518.0960987884305
Nifty Commodities TRI,2012-04-09,2454.591365242875
Nifty Commodities TRI,2012-04-10,2443.241028435838
Nifty Commodities TRI,2012-04-11,2411.0697322319984
Nifty Commodities TRI,2012-04-12,2441.7109775285116
Nifty Commodities TRI,2012-04-13,2439.656971772087
Nifty Commodities TRI,2012-04-16,2433.949065787077
Nifty Commodities TRI,2012-04-17,2475.921491590234
Nifty Commodities TRI,2012-04-18,2500.508598704311
Nifty Commodities TRI,2012-04-19,2502.349470240268
Nifty Commodities TRI,2012-04-20,2472.8464257182586
Nifty Commodities TRI,2012-04-23,2426.843230837597
Nifty Commodities TRI,2012-04-24,2425.5964180918886
Nifty Commodities TRI,2012-04-25,2414.438478301868
Nifty Commodities TRI,2012-04-26,2397.7671368242754
Nifty Commodities TRI,2012-04-27,2385.79753040074
Nifty Commodities TRI,2012-04-30,2427.4705970952814
Nifty Commodities TRI,2012-05-02,2406.917656056526
Nifty Commodities TRI,2012-05-03,2377.087561455955
Nifty Commodities TRI,2012-05-04,2323.0221947332625
Nifty Commodities TRI,2012-05-07,2355.997661212825
Nifty Commodities TRI,2012-05-08,2323.6280394689106
Nifty Commodities TRI,2012-05-09,2284.6261017613547
Nifty Commodities TRI,2012-05-10,2282.3594343382038
Nifty Commodities TRI,2012-05-11,2248.1593118326846
Nifty Commodities TRI,2012-05-14,2233.709535050464
Nifty Commodities TRI,2012-05-15,2255.4825102557083
Nifty Commodities TRI,2012-05-16,2221.9815614154813
Nifty Commodities TRI,2012-05-17,2228.063353846669
Nifty Commodities TRI,2012-05-18,2232.9814780562156
Nifty Commodities TRI,2012-05-21,2247.637586750771
Nifty Commodities TRI,2012-05-22,2213.1641583108194
Nifty Commodities TRI,2012-05-23,2195.853340014567
Nifty Commodities TRI,2012-05-24,2228.724132045051
Nifty Commodities TRI,2012-05-25,2238.5560084783224
Nifty Commodities TRI,2012-05-28,2260.6630742792886
Nifty Commodities TRI,2012-05-29,2265.737477920572
Nifty Commodities TRI,2012-05-30,2253.792381261499
Nifty Commodities TRI,2012-05-31,2250.4579348595744
Nifty Commodities TRI,2012-06-01,2211.8138754523975
Nifty Commodities TRI,2012-06-04,2207.7299339750416
Nifty Commodities TRI,2012-06-05,2210.270014752733
Nifty Commodities TRI,2012-06-06,2269.1058128054556
Nifty Commodities TRI,2012-06-07,2288.979367939002
Nifty Commodities TRI,2012-06-08,2295.8817222703747
Nifty Commodities TRI,2012-06-11,2295.508640223075
Nifty Commodities TRI,2012-06-12,2327.9076113625515
Nifty Commodities TRI,2012-06-13,2323.8142697338167
Nifty Commodities TRI,2012-06-14,2302.739045865737
Nifty Commodities TRI,2012-06-15,2338.1339656129335
Nifty Commodities TRI,2012-06-18,2315.306441701106
Nifty Commodities TRI,2012-06-19,2328.500898021297
Nifty Commodities TRI,2012-06-20,2353.6127561399776
Nifty Commodities TRI,2012-06-21,2363.9198887320726
Nifty Commodities TRI,2012-06-22,2348.872876887777
Nifty Commodities TRI,2012-06-25,2333.9508472530215
Nifty Commodities TRI,2012-06-26,2348.9261595325625
Nifty Commodities TRI,2012-06-27,2369.1778418924923
Nifty Commodities TRI,2012-06-28,2379.743095995222
Nifty Commodities TRI,2012-06-29,2435.4066325223766
Nifty Commodities TRI,2012-07-02,2451.7452184485946
Nifty Commodities TRI,2012-07-03,2466.629791096107
Nifty Commodities TRI,2012-07-04,2481.312899425409
Nifty Commodities TRI,2012-07-05,2480.2668596624976
Nifty Commodities TRI,2012-07-06,2463.895727114648
Nifty Commodities TRI,2012-07-09,2432.992943320096
Nifty Commodities TRI,2012-07-10,2458.1851418434603
Nifty Commodities TRI,2012-07-11,2441.453498355171
Nifty Commodities TRI,2012-07-12,2433.5019034674615
Nifty Commodities TRI,2012-07-13,2419.2547370653615
Nifty Commodities TRI,2012-07-16,2393.0056842776867
Nifty Commodities TRI,2012-07-17,2382.8158004812017
Nifty Commodities TRI,2012-07-18,2402.7853502799635
Nifty Commodities TRI,2012-07-19,2422.502708719267
Nifty Commodities TRI,2012-07-20,2413.5822599901876
Nifty Commodities TRI,2012-07-23,2369.344507991394
Nifty Commodities TRI,2012-07-24,2378.653048015284
Nifty Commodities TRI,2012-07-25,2350.9858339900907
Nifty Commodities TRI,2012-07-26,2318.9980825380057
Nifty Commodities TRI,2012-07-27,2350.1995527454997
Nifty Commodities TRI,2012-07-30,2393.829657546248
Nifty Commodities TRI,2012-07-31,2418.2835620537453
Nifty Commodities TRI,2012-08-01,2416.877382497365
Nifty Commodities TRI,2012-08-02,2409.2209808187404
Nifty Commodities TRI,2012-08-03,2396.7875205170503
Nifty Commodities TRI,2012-08-06,2420.110306953787
Nifty Commodities TRI,2012-08-07,2433.290601264932
Nifty Commodities TRI,2012-08-08,2443.5749201008543
Nifty Commodities TRI,2012-08-09,2447.7606598932643
Nifty Commodities TRI,2012-08-10,2453.3700078320576
Nifty Commodities TRI,2012-08-13,2467.812233631763
Nifty Commodities TRI,2012-08-14,2484.608924393594
Nifty Commodities TRI,2012-08-16,2470.207754338082
Nifty Commodities TRI,2012-08-17,2441.6998902631944
Nifty Commodities TRI,2012-08-21,2464.9113250035575
Nifty Commodities TRI,2012-08-22,2457.961939331596
Nifty Commodities TRI,2012-08-23,2455.1826158775734
Nifty Commodities TRI,2012-08-24,2447.6215601752956
Nifty Commodities TRI,2012-08-27,2433.175946559739
Nifty Commodities TRI,2012-08-28,2402.3104961373706
Nifty Commodities TRI,2012-08-29,2378.005678149925
Nifty Commodities TRI,2012-08-30,2372.0159925315925
Nifty Commodities TRI,2012-08-31,2344.5016871518314
Nifty Commodities TRI,2012-09-03,2333.24199150818
Nifty Commodities TRI,2012-09-04,2347.4535584211385
Nifty Commodities TRI,2012-09-05,2317.793535887738
Nifty Commodities TRI,2012-09-06,2337.553956518952
Nifty Commodities TRI,2012-09-07,2374.7755421313186
Nifty Commodities TRI,2012-09-10,2393.705444528859
Nifty Commodities TRI,2012-09-11,2389.800379917717
Nifty Commodities TRI,2012-09-12,2406.515218458765
Nifty Commodities TRI,2012-09-13,2404.7997088858724
Nifty Commodities TRI,2012-09-14,2470.9085944137346
Nifty Commodities TRI,2012-09-17,2496.683070844314
Nifty Commodities TRI,2012-09-18,2488.1470519674444
Nifty Commodities TRI,2012-09-20,2461.0893426127523
Nifty Commodities TRI,2012-09-21,2540.823737909403
Nifty Commodities TRI,2012-09-24,2534.471342824527
Nifty Commodities TRI,2012-09-25,2520.584812238899
Nifty Commodities TRI,2012-09-26,2517.548983033951
Nifty Commodities TRI,2012-09-27,2508.8574212432595
Nifty Commodities TRI,2012-09-28,2542.711679245224
Nifty Commodities TRI,2012-10-01,2557.8631426491734
Nifty Commodities TRI,2012-10-03,2567.592601084839
Nifty Commodities TRI,2012-10-04,2581.9893433350435
Nifty Commodities TRI,2012-10-05,2574.01103576949
Nifty Commodities TRI,2012-10-08,2540.94596026585
Nifty Commodities TRI,2012-10-09,2549.7369233025715
Nifty Commodities TRI,2012-10-10,2520.035837608753
Nifty Commodities TRI,2012-10-11,2549.935221942584
Nifty Commodities TRI,2012-10-12,2557.912021000657
Nifty Commodities TRI,2012-10-15,2564.814300194786
Nifty Commodities TRI,2012-10-16,2533.473393025236
Nifty Commodities TRI,2012-10-17,2530.7410098143173
Nifty Commodities TRI,2012-10-18,2547.236923935198
Nifty Commodities TRI,2012-10-19,2520.5319296145963
Nifty Commodities TRI,2012-10-22,2529.216448594078
Nifty Commodities TRI,2012-10-23,2515.7695850449995
Nifty Commodities TRI,2012-10-25,2513.2091788611046
Nifty Commodities TRI,2012-10-29,2506.862091979575
Nifty Commodities TRI,2012-10-30,2471.311958563645
Nifty Commodities TRI,2012-10-31,2476.791479039178
Nifty Commodities TRI,2012-11-01,2489.5191367033644
Nifty Commodities TRI,2012-11-02,2506.1269698923807
Nifty Commodities TRI,2012-11-05,2500.5725110798066
Nifty Commodities TRI,2012-11-06,2509.526666376407
Nifty Commodities TRI,2012-11-07,2512.8144251360864
Nifty Commodities TRI,2012-11-08,2504.717056672673
Nifty Commodities TRI,2012-11-09,2474.8169602768394
Nifty Commodities TRI,2012-11-12,2461.6470716013214
Nifty Commodities TRI,2012-11-15,2434.019512065571
Nifty Commodities TRI,2012-11-16,2417.0278740143267
Nifty Commodities TRI,2012-11-19,2402.0569605050723
Nifty Commodities TRI,2012-11-20,2386.4395951178058
Nifty Commodities TRI,2012-11-21,2396.5695884548036
Nifty Commodities TRI,2012-11-22,2403.941692553896
Nifty Commodities TRI,2012-11-23,2399.0006390475223
Nifty Commodities TRI,2012-11-26,2401.958396756382
Nifty Commodities TRI,2012-11-27,2427.781002125716
Nifty Commodities TRI,2012-11-29,2459.7055297641227
Nifty Commodities TRI,2012-11-30,2498.5166512912742
Nifty Commodities TRI,2012-12-03,2515.087487280175
Nifty Commodities TRI,2012-12-04,2522.009344059202
Nifty Commodities TRI,2012-12-05,2532.408426836184
Nifty Commodities TRI,2012-12-06,2551.857692087496
Nifty Commodities TRI,2012-12-07,2542.0122561666644
Nifty Commodities TRI,2012-12-10,2533.896368571212
Nifty Commodities TRI,2012-12-11,2521.388800063326
Nifty Commodities TRI,2012-12-12,2505.45369976562
Nifty Commodities TRI,2012-12-13,2486.3972273329105
Nifty Commodities TRI,2012-12-14,2512.705325007582
Nifty Commodities TRI,2012-12-17,2526.9874131971537
Nifty Commodities TRI,2012-12-18,2552.4331064526596
Nifty Commodities TRI,2012-12-19,2584.429478851172
Nifty Commodities TRI,2012-12-20,2584.504752071204
Nifty Commodities TRI,2012-12-21,2544.8255701546955
Nifty Commodities TRI,2012-12-24,2537.8299023811524
Nifty Commodities TRI,2012-12-26,2555.8360257895397
Nifty Commodities TRI,2012-12-27,2545.469254225938
Nifty Commodities TRI,2012-12-28,2570.467391729931
Nifty Commodities TRI,2012-12-31,2582.361498615833
Nifty Commodities TRI,2013-01-01,2610.7452096118122
Nifty Commodities TRI,2013-01-02,2628.1760604857236
Nifty Commodities TRI,2013-01-03,2642.8443193951175
Nifty Commodities TRI,2013-01-04,2649.321981508867
Nifty Commodities TRI,2013-01-07,2662.1019356868896
Nifty Commodities TRI,2013-01-08,2652.4513237557694
Nifty Commodities TRI,2013-01-09,2634.7080105601362
Nifty Commodities TRI,2013-01-10,2621.9822896886835
Nifty Commodities TRI,2013-01-11,2575.913343437103
Nifty Commodities TRI,2013-01-14,2606.7175840287914
Nifty Commodities TRI,2013-01-15,2627.540201144869
Nifty Commodities TRI,2013-01-16,2597.699809611987
Nifty Commodities TRI,2013-01-17,2623.2373695780384
Nifty Commodities TRI,2013-01-18,2659.1777399760845
Nifty Commodities TRI,2013-01-21,2670.943042734092
Nifty Commodities TRI,2013-01-22,2657.647575309561
Nifty Commodities TRI,2013-01-23,2646.1446671004433
Nifty Commodities TRI,2013-01-24,2607.786150525054
Nifty Commodities TRI,2013-01-25,2626.876442292634
Nifty Commodities TRI,2013-01-28,2614.4980340517554
Nifty Commodities TRI,2013-01-29,2596.5817159231474
Nifty Commodities TRI,2013-01-30,2606.3973224942333
Nifty Commodities TRI,2013-01-31,2607.9602322757974
Nifty Commodities TRI,2013-02-01,2595.2704532235402
Nifty Commodities TRI,2013-02-04,2571.1919332084494
Nifty Commodities TRI,2013-02-05,2568.2408009587803
Nifty Commodities TRI,2013-02-06,2573.186624926742
Nifty Commodities TRI,2013-02-07,2545.260288445486
Nifty Commodities TRI,2013-02-08,2506.4071104652257
Nifty Commodities TRI,2013-02-11,2503.4403085410136
Nifty Commodities TRI,2013-02-12,2511.2570177612774
Nifty Commodities TRI,2013-02-13,2497.682822507561
Nifty Commodities TRI,2013-02-14,2488.0062376793626
Nifty Commodities TRI,2013-02-15,2477.8670182136902
Nifty Commodities TRI,2013-02-18,2481.462882831474
Nifty Commodities TRI,2013-02-19,2504.829114379027
Nifty Commodities TRI,2013-02-20,2512.8029976723024
Nifty Commodities TRI,2013-02-21,2467.0979321605423
Nifty Commodities TRI,2013-02-22,2468.604210038749
Nifty Commodities TRI,2013-02-25,2449.614906533796
Nifty Commodities TRI,2013-02-26,2406.20572024392
Nifty Commodities TRI,2013-02-27,2424.3925966388842
Nifty Commodities TRI,2013-02-28,2358.6980188425587
Nifty Commodities TRI,2013-03-01,2373.701483869222
Nifty Commodities TRI,2013-03-04,2328.710358973241
Nifty Commodities TRI,2013-03-05,2376.7841255835524
Nifty Commodities TRI,2013-03-06,2395.8488172035904
Nifty Commodities TRI,2013-03-07,2387.6464146246813
Nifty Commodities TRI,2013-03-08,2426.0749398729927
Nifty Commodities TRI,2013-03-11,2424.1704952278897
Nifty Commodities TRI,2013-03-12,2411.293051001072
Nifty Commodities TRI,2013-03-13,2384.2881424927755
Nifty Commodities TRI,2013-03-14,2403.668884849876
Nifty Commodities TRI,2013-03-15,2387.8603711989126
Nifty Commodities TRI,2013-03-18,2355.634492037846
Nifty Commodities TRI,2013-03-19,2305.907100021064
Nifty Commodities TRI,2013-03-20,2266.709073008768
Nifty Commodities TRI,2013-03-21,2232.1322204016933
Nifty Commodities TRI,2013-03-22,2235.581694678429
Nifty Commodities TRI,2013-03-25,2237.9652576957046
Nifty Commodities TRI,2013-03-26,2219.8784738780505
Nifty Commodities TRI,2013-03-28,2244.1535067386826
Nifty Commodities TRI,2013-04-01,2251.7388528471547
Nifty Commodities TRI,2013-04-02,2283.780160261662
Nifty Commodities TRI,2013-04-03,2256.9468256772834
Nifty Commodities TRI,2013-04-04,2219.9802079356814
Nifty Commodities TRI,2013-04-05,2225.8485268117734
Nifty Commodities TRI,2013-04-08,2231.523807801263
Nifty Commodities TRI,2013-04-09,2219.8023633873227
Nifty Commodities TRI,2013-04-10,2228.552475473279
Nifty Commodities TRI,2013-04-11,2213.6917346221985
Nifty Commodities TRI,2013-04-12,2231.7026067670345
Nifty Commodities TRI,2013-04-15,2246.1273770839994
Nifty Commodities TRI,2013-04-16,2287.9150634055527
Nifty Commodities TRI,2013-04-17,2287.1519486685247
Nifty Commodities TRI,2013-04-18,2306.4066296132355
Nifty Commodities TRI,2013-04-22,2327.8054164089235
Nifty Commodities TRI,2013-04-23,2326.0660780809744
Nifty Commodities TRI,2013-04-25,2364.5920878748734
Nifty Commodities TRI,2013-04-26,2336.0849715874774
Nifty Commodities TRI,2013-04-29,2341.8334332731547
Nifty Commodities TRI,2013-04-30,2342.9260683041302
Nifty Commodities TRI,2013-05-02,2358.0883609299367
Nifty Commodities TRI,2013-05-03,2354.6502949329874
Nifty Commodities TRI,2013-05-06,2372.6100118054405
Nifty Commodities TRI,2013-05-07,2382.1515979378355
Nifty Commodities TRI,2013-05-08,2379.1773756261105
Nifty Commodities TRI,2013-05-09,2371.360767448731
Nifty Commodities TRI,2013-05-10,2374.309900101766
Nifty Commodities TRI,2013-05-13,2334.7281322584827
Nifty Commodities TRI,2013-05-14,2342.7253500304664
Nifty Commodities TRI,2013-05-15,2380.7638667682595
Nifty Commodities TRI,2013-05-16,2400.3585468155175
Nifty Commodities TRI,2013-05-17,2413.101193933322
Nifty Commodities TRI,2013-05-20,2402.940486710325
Nifty Commodities TRI,2013-05-21,2367.8545471423945
Nifty Commodities TRI,2013-05-22,2354.2592239218043
Nifty Commodities TRI,2013-05-23,2299.1669395799336
Nifty Commodities TRI,2013-05-24,2320.621092703141
Nifty Commodities TRI,2013-05-27,2359.1136581077008
Nifty Commodities TRI,2013-05-28,2374.6968732019914
Nifty Commodities TRI,2013-05-29,2358.209646813684
Nifty Commodities TRI,2013-05-30,2350.3838735893414
Nifty Commodities TRI,2013-05-31,2299.0341512532354
Nifty Commodities TRI,2013-06-03,2280.0304017239014
Nifty Commodities TRI,2013-06-04,2280.9670597713102
Nifty Commodities TRI,2013-06-05,2292.2714551682548
Nifty Commodities TRI,2013-06-06,2287.2767900464214
Nifty Commodities TRI,2013-06-07,2264.226579614711
Nifty Commodities TRI,2013-06-10,2260.68892634133
Nifty Commodities TRI,2013-06-11,2205.4377752374376
Nifty Commodities TRI,2013-06-12,2189.498549870792
Nifty Commodities TRI,2013-06-13,2167.004679982313
Nifty Commodities TRI,2013-06-14,2215.6171416789325
Nifty Commodities TRI,2013-06-17,2224.5091855046167
Nifty Commodities TRI,2013-06-18,2218.527370568739
Nifty Commodities TRI,2013-06-19,2227.978168226525
Nifty Commodities TRI,2013-06-20,2158.1447269683576
Nifty Commodities TRI,2013-06-21,2152.9333365045204
Nifty Commodities TRI,2013-06-24,2118.503036106171
Nifty Commodities TRI,2013-06-25,2120.310471013643
Nifty Commodities TRI,2013-06-26,2112.823878637736
Nifty Commodities TRI,2013-06-27,2143.856727354745
Nifty Commodities TRI,2013-06-28,2211.6073287338963
Nifty Commodities TRI,2013-07-01,2253.609556299108
Nifty Commodities TRI,2013-07-02,2230.6844974941405
Nifty Commodities TRI,2013-07-03,2181.0539365645313
Nifty Commodities TRI,2013-07-04,2192.93730090424
Nifty Commodities TRI,2013-07-05,2205.7000693666814
Nifty Commodities TRI,2013-07-08,2180.8631599315527
Nifty Commodities TRI,2013-07-09,2194.5062315067876
Nifty Commodities TRI,2013-07-10,2171.8276250199165
Nifty Commodities TRI,2013-07-11,2213.32213134917
Nifty Commodities TRI,2013-07-12,2214.5671551590203
Nifty Commodities TRI,2013-07-15,2214.633272591643
Nifty Commodities TRI,2013-07-16,2210.865182138364
Nifty Commodities TRI,2013-07-17,2207.6135785473784
Nifty Commodities TRI,2013-07-18,2233.8241249928096
Nifty Commodities TRI,2013-07-19,2232.227277533021
Nifty Commodities TRI,2013-07-22,2210.7892062364276
Nifty Commodities TRI,2013-07-23,2221.444431920906
Nifty Commodities TRI,2013-07-24,2192.391848443125
Nifty Commodities TRI,2013-07-25,2147.669789017427
Nifty Commodities TRI,2013-07-26,2129.986930786103
Nifty Commodities TRI,2013-07-29,2103.7684312628953
Nifty Commodities TRI,2013-07-30,2045.7392474556052
Nifty Commodities TRI,2013-07-31,2056.5972422182467
Nifty Commodities TRI,2013-08-01,2016.0944289973718
Nifty Commodities TRI,2013-08-02,1979.6739918506255
Nifty Commodities TRI,2013-08-05,1999.0022347379208
Nifty Commodities TRI,2013-08-06,1933.3944696799242
Nifty Commodities TRI,2013-08-07,1970.7410325199437
Nifty Commodities TRI,2013-08-08,1998.2603363331293
Nifty Commodities TRI,2013-08-12,2036.5330003592337
Nifty Commodities TRI,2013-08-13,2044.0851583154317
Nifty Commodities TRI,2013-08-14,2091.852899206075
Nifty Commodities TRI,2013-08-16,1996.815514357934
Nifty Commodities TRI,2013-08-19,1989.032176777357
Nifty Commodities TRI,2013-08-20,2006.5764442645263
Nifty Commodities TRI,2013-08-21,1944.1308838469188
Nifty Commodities TRI,2013-08-22,2022.2537368040807
Nifty Commodities TRI,2013-08-23,2036.4365151614836
Nifty Commodities TRI,2013-08-26,2051.0282253156693
Nifty Commodities TRI,2013-08-27,1978.1050239852657
Nifty Commodities TRI,2013-08-28,1976.596035382767
Nifty Commodities TRI,2013-08-29,2013.3632480212862
Nifty Commodities TRI,2013-08-30,2005.122312321373
Nifty Commodities TRI,2013-09-02,2035.7219578614515
Nifty Commodities TRI,2013-09-03,1982.459828098298
Nifty Commodities TRI,2013-09-04,2023.2274103052964
Nifty Commodities TRI,2013-09-05,2061.563686127703
Nifty Commodities TRI,2013-09-06,2092.0279838792835
Nifty Commodities TRI,2013-09-10,2151.4654391104427
Nifty Commodities TRI,2013-09-11,2184.4810455046077
Nifty Commodities TRI,2013-09-12,2149.5505319737013
Nifty Commodities TRI,2013-09-13,2167.537790462745
Nifty Commodities TRI,2013-09-16,2152.2517087248625
Nifty Commodities TRI,2013-09-17,2158.2149667758968
Nifty Commodities TRI,2013-09-18,2176.0515814474907
Nifty Commodities TRI,2013-09-19,2256.7293701458425
Nifty Commodities TRI,2013-09-20,2251.9138124480332
Nifty Commodities TRI,2013-09-23,2220.8178234165907
Nifty Commodities TRI,2013-09-24,2214.3399116139526
Nifty Commodities TRI,2013-09-25,2221.760808915098
Nifty Commodities TRI,2013-09-26,2219.1724711387524
Nifty Commodities TRI,2013-09-27,2206.365503245481
Nifty Commodities TRI,2013-09-30,2170.324154061952
Nifty Commodities TRI,2013-10-01,2154.5034398815033
Nifty Commodities TRI,2013-10-03,2223.5631704594202
Nifty Commodities TRI,2013-10-04,2229.4309048460664
Nifty Commodities TRI,2013-10-07,2239.8768277984336
Nifty Commodities TRI,2013-10-08,2242.9444052667873
Nifty Commodities TRI,2013-10-09,2262.982940490037
Nifty Commodities TRI,2013-10-10,2272.7990724642045
Nifty Commodities TRI,2013-10-11,2252.615731868184
Nifty Commodities TRI,2013-10-14,2254.3475334450736
Nifty Commodities TRI,2013-10-15,2253.5230460797675
Nifty Commodities TRI,2013-10-17,2258.2602317537617
Nifty Commodities TRI,2013-10-18,2304.320918174403
Nifty Commodities TRI,2013-10-21,2327.1957047403703
Nifty Commodities TRI,2013-10-22,2334.0604675010827
Nifty Commodities TRI,2013-10-23,2312.258215532118
Nifty Commodities TRI,2013-10-24,2301.049088351377
Nifty Commodities TRI,2013-10-25,2284.2292865255413
Nifty Commodities TRI,2013-10-28,2262.7464016956005
Nifty Commodities TRI,2013-10-29,2308.936001735215
Nifty Commodities TRI,2013-10-30,2310.3475743811564
Nifty Commodities TRI,2013-10-31,2335.1387214504653
Nifty Commodities TRI,2013-11-01,2342.4747313662438
Nifty Commodities TRI,2013-11-05,2353.0139786301147
Nifty Commodities TRI,2013-11-06,2338.5254173009384
Nifty Commodities TRI,2013-11-07,2328.9210137093946
Nifty Commodities TRI,2013-11-08,2319.835158721605
Nifty Commodities TRI,2013-11-11,2290.441419825689
Nifty Commodities TRI,2013-11-12,2261.0778252307546
Nifty Commodities TRI,2013-11-13,2255.9895343289268
Nifty Commodities TRI,2013-11-14,2281.1589376979164
Nifty Commodities TRI,2013-11-18,2317.5885125326895
Nifty Commodities TRI,2013-11-19,2315.8816240125793
Nifty Commodities TRI,2013-11-20,2304.4497632691614
Nifty Commodities TRI,2013-11-21,2261.135949020909
Nifty Commodities TRI,2013-11-22,2265.043033503418
Nifty Commodities TRI,2013-11-25,2300.9030046203234
Nifty Commodities TRI,2013-11-26,2279.218920751901
Nifty Commodities TRI,2013-11-27,2287.029785527404
Nifty Commodities TRI,2013-11-28,2307.119203137738
Nifty Commodities TRI,2013-11-29,2340.633689437719
Nifty Commodities TRI,2013-12-02,2346.856858793027
Nifty Commodities TRI,2013-12-03,2348.4284550414595
Nifty Commodities TRI,2013-12-04,2342.2982823010348
Nifty Commodities TRI,2013-12-05,2364.4271194285643
Nifty Commodities TRI,2013-12-06,2389.9929288850476
Nifty Commodities TRI,2013-12-09,2432.4021846933842
Nifty Commodities TRI,2013-12-10,2400.5066032413597
Nifty Commodities TRI,2013-12-11,2388.4943342199535
Nifty Commodities TRI,2013-12-12,2361.695357369781
Nifty Commodities TRI,2013-12-13,2331.14533398912
Nifty Commodities TRI,2013-12-16,2322.16624985759
Nifty Commodities TRI,2013-12-17,2312.854280073595
Nifty Commodities TRI,2013-12-18,2343.1714825647146
Nifty Commodities TRI,2013-12-19,2322.5065397226854
Nifty Commodities TRI,2013-12-20,2362.983027795894
Nifty Commodities TRI,2013-12-23,2385.3628370212828
Nifty Commodities TRI,2013-12-24,2378.082503966278
Nifty Commodities TRI,2013-12-26,2388.2131779045417
Nifty Commodities TRI,2013-12-27,2397.0302355395534
Nifty Commodities TRI,2013-12-30,2392.952418356962
Nifty Commodities TRI,2013-12-31,2401.6673414428737
Nifty Commodities TRI,2014-01-01,2404.234009435845
Nifty Commodities TRI,2014-01-02,2356.8751447960885
Nifty Commodities TRI,2014-01-03,2327.4398370443855
Nifty Commodities TRI,2014-01-06,2327.1555570437436
Nifty Commodities TRI,2014-01-07,2293.021579390013
Nifty Commodities TRI,2014-01-08,2300.066983859329
Nifty Commodities TRI,2014-01-09,2314.1506705938227
Nifty Commodities TRI,2014-01-10,2295.3908046267543
Nifty Commodities TRI,2014-01-13,2311.109190115532
Nifty Commodities TRI,2014-01-14,2290.8855302527213
Nifty Commodities TRI,2014-01-15,2311.334964311842
Nifty Commodities TRI,2014-01-16,2327.7709872620803
Nifty Commodities TRI,2014-01-17,2321.887133393478
Nifty Commodities TRI,2014-01-20,2320.2451393256415
Nifty Commodities TRI,2014-01-21,2319.5760276559704
Nifty Commodities TRI,2014-01-22,2335.2347569949125
Nifty Commodities TRI,2014-01-23,2324.236901543088
Nifty Commodities TRI,2014-01-24,2296.6481163348
Nifty Commodities TRI,2014-01-27,2232.4402482351675
Nifty Commodities TRI,2014-01-28,2244.237705636498
Nifty Commodities TRI,2014-01-29,2238.4507236814893
Nifty Commodities TRI,2014-01-30,2203.5956053873315
Nifty Commodities TRI,2014-01-31,2229.1187878791116
Nifty Commodities TRI,2014-02-03,2182.8868095183943
Nifty Commodities TRI,2014-02-04,2183.149924480103
Nifty Commodities TRI,2014-02-05,2200.5874084679285
Nifty Commodities TRI,2014-02-06,2218.548371759732
Nifty Commodities TRI,2014-02-07,2258.176890315582
Nifty Commodities TRI,2014-02-10,2258.873401751655
Nifty Commodities TRI,2014-02-11,2254.3885431041276
Nifty Commodities TRI,2014-02-12,2243.428403550269
Nifty Commodities TRI,2014-02-13,2200.194179634939
Nifty Commodities TRI,2014-02-14,2211.4252562990832
Nifty Commodities TRI,2014-02-17,2210.7046851502346
Nifty Commodities TRI,2014-02-18,2227.736496251785
Nifty Commodities TRI,2014-02-19,2221.0022424151744
Nifty Commodities TRI,2014-02-20,2200.528489863532
Nifty Commodities TRI,2014-02-21,2235.2724778445845
Nifty Commodities TRI,2014-02-24,2220.6566224369853
Nifty Commodities TRI,2014-02-25,2209.6875487425004
Nifty Commodities TRI,2014-02-26,2198.6653477000655
Nifty Commodities TRI,2014-02-28,2206.3008646608746
Nifty Commodities TRI,2014-03-03,2200.3000267379366
Nifty Commodities TRI,2014-03-04,2249.6979440276746
Nifty Commodities TRI,2014-03-05,2265.541898336683
Nifty Commodities TRI,2014-03-06,2322.9981226406835
Nifty Commodities TRI,2014-03-07,2367.861258580295
Nifty Commodities TRI,2014-03-10,2366.639686963905
Nifty Commodities TRI,2014-03-11,2348.140772990964
Nifty Commodities TRI,2014-03-12,2333.091261185875
Nifty Commodities TRI,2014-03-13,2335.2969358601795
Nifty Commodities TRI,2014-03-14,2340.5361109124856
Nifty Commodities TRI,2014-03-18,2358.2543082215516
Nifty Commodities TRI,2014-03-19,2369.720230815546
Nifty Commodities TRI,2014-03-20,2346.244012425335
Nifty Commodities TRI,2014-03-21,2351.7467860888473
Nifty Commodities TRI,2014-03-24,2383.4840221014174
Nifty Commodities TRI,2014-03-25,2385.0653994301083
Nifty Commodities TRI,2014-03-26,2420.292780648644
Nifty Commodities TRI,2014-03-27,2439.092441137205
Nifty Commodities TRI,2014-03-28,2489.240295275664
Nifty Commodities TRI,2014-03-31,2525.038357360779
Nifty Commodities TRI,2014-04-01,2536.9385210194628
Nifty Commodities TRI,2014-04-02,2539.3133821924876
Nifty Commodities TRI,2014-04-03,2537.1863566726292
Nifty Commodities TRI,2014-04-04,2532.4419160558978
Nifty Commodities TRI,2014-04-07,2543.127157570648
Nifty Commodities TRI,2014-04-09,2578.353515960095
Nifty Commodities TRI,2014-04-10,2606.44203529107
Nifty Commodities TRI,2014-04-11,2600.808970693847
Nifty Commodities TRI,2014-04-15,2565.7006019069227
Nifty Commodities TRI,2014-04-16,2544.559659859213
Nifty Commodities TRI,2014-04-17,2588.7900194179942
Nifty Commodities TRI,2014-04-21,2615.544601285459
Nifty Commodities TRI,2014-04-22,2613.681185138682
Nifty Commodities TRI,2014-04-23,2606.473164670169
Nifty Commodities TRI,2014-04-25,2566.639605681572
Nifty Commodities TRI,2014-04-28,2560.045221358372
Nifty Commodities TRI,2014-04-29,2534.1733167035586
Nifty Commodities TRI,2014-04-30,2505.992640760661
Nifty Commodities TRI,2014-05-02,2501.938847006538
Nifty Commodities TRI,2014-05-05,2519.9214947899222
Nifty Commodities TRI,2014-05-06,2523.4525948208
Nifty Commodities TRI,2014-05-07,2511.7258100149807
Nifty Commodities TRI,2014-05-08,2508.440143973903
Nifty Commodities TRI,2014-05-09,2597.23656813729
Nifty Commodities TRI,2014-05-12,2659.346669458203
Nifty Commodities TRI,2014-05-13,2712.5547479940215
Nifty Commodities TRI,2014-05-14,2753.80943161903
Nifty Commodities TRI,2014-05-15,2751.0064598959716
Nifty Commodities TRI,2014-05-16,2832.501125755906
Nifty Commodities TRI,2014-05-19,2989.784528467019
Nifty Commodities TRI,2014-05-20,2981.0111914791896
Nifty Commodities TRI,2014-05-21,2971.817080992187
Nifty Commodities TRI,2014-05-22,3015.566530323576
Nifty Commodities TRI,2014-05-23,3075.5348388009947
Nifty Commodities TRI,2014-05-26,3052.578385920775
Nifty Commodities TRI,2014-05-27,3031.523667478904
Nifty Commodities TRI,2014-05-28,3029.4148845830805
Nifty Commodities TRI,2014-05-29,2994.9194834960854
Nifty Commodities TRI,2014-05-30,3009.4486670089627
Nifty Commodities TRI,2014-06-02,3075.7774364366946
Nifty Commodities TRI,2014-06-03,3178.412934822642
Nifty Commodities TRI,2014-06-04,3196.2625841385966
Nifty Commodities TRI,2014-06-05,3283.004186807905
Nifty Commodities TRI,2014-06-06,3330.6865174899135
Nifty Commodities TRI,2014-06-09,3384.480532574196
Nifty Commodities TRI,2014-06-10,3346.5157439534714
Nifty Commodities TRI,2014-06-11,3270.6255734949136
Nifty Commodities TRI,2014-06-12,3275.6701270959666
Nifty Commodities TRI,2014-06-13,3190.6291716779515
Nifty Commodities TRI,2014-06-16,3200.8159087973477
Nifty Commodities TRI,2014-06-17,3260.1308659038227
Nifty Commodities TRI,2014-06-18,3221.304390088194
Nifty Commodities TRI,2014-06-19,3178.6911123429527
Nifty Commodities TRI,2014-06-20,3153.571508844834
Nifty Commodities TRI,2014-06-23,3186.2491864235194
Nifty Commodities TRI,2014-06-24,3229.9218811567457
Nifty Commodities TRI,2014-06-25,3224.613536355572
Nifty Commodities TRI,2014-06-26,3160.7506259528427
Nifty Commodities TRI,2014-06-27,3139.7216770470736
Nifty Commodities TRI,2014-06-30,3201.3755979326893
Nifty Commodities TRI,2014-07-01,3220.301211497337
Nifty Commodities TRI,2014-07-02,3271.1954986422916
Nifty Commodities TRI,2014-07-03,3245.906466505408
Nifty Commodities TRI,2014-07-04,3244.014350691384
Nifty Commodities TRI,2014-07-07,3239.5989572460358
Nifty Commodities TRI,2014-07-08,3113.6926128957407
Nifty Commodities TRI,2014-07-09,3107.4282415216144
Nifty Commodities TRI,2014-07-10,3126.0416241810767
Nifty Commodities TRI,2014-07-11,3033.723065349401
Nifty Commodities TRI,2014-07-14,3048.740151275961
Nifty Commodities TRI,2014-07-15,3090.6091604329617
Nifty Commodities TRI,2014-07-16,3134.7447724806375
Nifty Commodities TRI,2014-07-17,3187.82936286917
Nifty Commodities TRI,2014-07-18,3159.150087147514
Nifty Commodities TRI,2014-07-21,3156.7712752818716
Nifty Commodities TRI,2014-07-22,3179.976681270197
Nifty Commodities TRI,2014-07-23,3163.0795628667465
Nifty Commodities TRI,2014-07-24,3176.5505471356155
Nifty Commodities TRI,2014-07-25,3120.437299659974
Nifty Commodities TRI,2014-07-28,3082.9384445815876
Nifty Commodities TRI,2014-07-30,3101.930067640917
Nifty Commodities TRI,2014-07-31,3086.2333594243573
Nifty Commodities TRI,2014-08-01,3038.3632858289843
Nifty Commodities TRI,2014-08-04,3080.9381344464505
Nifty Commodities TRI,2014-08-05,3129.4348605297455
Nifty Commodities TRI,2014-08-06,3085.083970403336
Nifty Commodities TRI,2014-08-07,3085.761356207029
Nifty Commodities TRI,2014-08-08,3005.060099041071
Nifty Commodities TRI,2014-08-11,3017.564132617103
Nifty Commodities TRI,2014-08-12,3061.9121652634294
Nifty Commodities TRI,2014-08-13,3038.6695607037973
Nifty Commodities TRI,2014-08-14,3089.714387756324
Nifty Commodities TRI,2014-08-18,3147.7061961248296
Nifty Commodities TRI,2014-08-19,3176.739772510738
Nifty Commodities TRI,2014-08-20,3166.4598111972655
Nifty Commodities TRI,2014-08-21,3149.537861561361
Nifty Commodities TRI,2014-08-22,3153.9608670318044
Nifty Commodities TRI,2014-08-25,3087.7372415026734
Nifty Commodities TRI,2014-08-26,3073.654030243012
Nifty Commodities TRI,2014-08-27,3082.187037620993
Nifty Commodities TRI,2014-08-28,3071.107265586392
Nifty Commodities TRI,2014-09-01,3142.951125604839
Nifty Commodities TRI,2014-09-02,3159.2421085663236
Nifty Commodities TRI,2014-09-03,3173.425106233411
Nifty Commodities TRI,2014-09-04,3155.9116044065636
Nifty Commodities TRI,2014-09-05,3163.1862441822664
Nifty Commodities TRI,2014-09-08,3203.31921082161
Nifty Commodities TRI,2014-09-09,3201.5239055385755
Nifty Commodities TRI,2014-09-10,3181.4740942047547
Nifty Commodities TRI,2014-09-11,3163.11073460451
Nifty Commodities TRI,2014-09-12,3147.8059484352734
Nifty Commodities TRI,2014-09-15,3109.164493750496
Nifty Commodities TRI,2014-09-16,3024.2994408025925
Nifty Commodities TRI,2014-09-17,3038.274393743298
Nifty Commodities TRI,2014-09-18,3090.620071882718
Nifty Commodities TRI,2014-09-19,3074.6729898779768
Nifty Commodities TRI,2014-09-22,3067.6803646899316
Nifty Commodities TRI,2014-09-23,3010.1828315501557
Nifty Commodities TRI,2014-09-24,3008.640371178792
Nifty Commodities TRI,2014-09-25,2922.1491496701374
Nifty Commodities TRI,2014-09-26,2984.1189876448507
Nifty Commodities TRI,2014-09-29,2970.668339866048
Nifty Commodities TRI,2014-09-30,2965.4796967360926
Nifty Commodities TRI,2014-10-01,2942.2817983896107
Nifty Commodities TRI,2014-10-07,2892.536131161089
Nifty Commodities TRI,2014-10-08,2930.6617493672397
Nifty Commodities TRI,2014-10-09,2976.0820623018894
Nifty Commodities TRI,2014-10-10,2904.9006802406698
Nifty Commodities TRI,2014-10-13,2918.43116831948
Nifty Commodities TRI,2014-10-14,2909.854300008804
Nifty Commodities TRI,2014-10-16,2834.457359252803
Nifty Commodities TRI,2014-10-17,2851.9842909549848
Nifty Commodities TRI,2014-10-20,2914.7246266611883
Nifty Commodities TRI,2014-10-21,2931.677331655001
Nifty Commodities TRI,2014-10-22,2950.429322798581
Nifty Commodities TRI,2014-10-27,2940.6271774396055
Nifty Commodities TRI,2014-10-28,2953.567880967602
Nifty Commodities TRI,2014-10-29,2996.3364444405693
Nifty Commodities TRI,2014-10-30,3013.1419714364492
Nifty Commodities TRI,2014-10-31,3079.188701664939
Nifty Commodities TRI,2014-11-03,3082.020272379376
Nifty Commodities TRI,2014-11-05,3032.6996049612576
Nifty Commodities TRI,2014-11-07,3026.7526987937763
Nifty Commodities TRI,2014-11-10,3026.0849785552105
Nifty Commodities TRI,2014-11-11,3034.9641350358384
Nifty Commodities TRI,2014-11-12,3014.3149756160456
Nifty Commodities TRI,2014-11-13,2973.3943420361265
Nifty Commodities TRI,2014-11-14,3015.879595500602
Nifty Commodities TRI,2014-11-17,3018.6505326794513
Nifty Commodities TRI,2014-11-18,3024.4621639334214
Nifty Commodities TRI,2014-11-19,2972.466008661357
Nifty Commodities TRI,2014-11-20,2960.01145187238
Nifty Commodities TRI,2014-11-21,2972.226960124077
Nifty Commodities TRI,2014-11-24,2992.360341265996
Nifty Commodities TRI,2014-11-25,2958.298508595388
Nifty Commodities TRI,2014-11-26,2978.1955093772144
Nifty Commodities TRI,2014-11-27,2976.540434946734
Nifty Commodities TRI,2014-11-28,3002.3720173600636
Nifty Commodities TRI,2014-12-01,2950.5314889036094
Nifty Commodities TRI,2014-12-02,2954.966354734482
Nifty Commodities TRI,2014-12-03,2968.2484355394186
Nifty Commodities TRI,2014-12-04,2962.724801508272
Nifty Commodities TRI,2014-12-05,2957.147848412236
Nifty Commodities TRI,2014-12-08,2927.1663847196915
Nifty Commodities TRI,2014-12-09,2861.178329850763
Nifty Commodities TRI,2014-12-10,2872.499504424344
Nifty Commodities TRI,2014-12-11,2832.734519372493
Nifty Commodities TRI,2014-12-12,2792.382877899136
Nifty Commodities TRI,2014-12-15,2785.371342197605
Nifty Commodities TRI,2014-12-16,2711.6145551884947
Nifty Commodities TRI,2014-12-17,2715.775844057604
Nifty Commodities TRI,2014-12-18,2767.543093597401
Nifty Commodities TRI,2014-12-19,2807.3338212216545
Nifty Commodities TRI,2014-12-22,2847.3537514786126
Nifty Commodities TRI,2014-12-23,2824.7978307104877
Nifty Commodities TRI,2014-12-24,2804.8908671290246
Nifty Commodities TRI,2014-12-26,2811.7410072263956
Nifty Commodities TRI,2014-12-29,2847.6908303440878
Nifty Commodities TRI,2014-12-30,2831.545549530124
Nifty Commodities TRI,2014-12-31,2852.4779898226675
Nifty Commodities TRI,2015-01-01,2861.6356897213313
Nifty Commodities TRI,2015-01-02,2891.8559627097716
Nifty Commodities TRI,2015-01-05,2887.610592129323
Nifty Commodities TRI,2015-01-06,2783.7497058334684
Nifty Commodities TRI,2015-01-07,2777.1994592308424
Nifty Commodities TRI,2015-01-08,2826.528426832839
Nifty Commodities TRI,2015-01-09,2826.2951520144065
Nifty Commodities TRI,2015-01-12,2804.0450090304143
Nifty Commodities TRI,2015-01-13,2809.0654666825762
Nifty Commodities TRI,2015-01-14,2787.066980868192
Nifty Commodities TRI,2015-01-15,2848.2514834013487
Nifty Commodities TRI,2015-01-16,2851.3104513246885
Nifty Commodities TRI,2015-01-19,2866.1704736425227
Nifty Commodities TRI,2015-01-20,2910.329078609818
Nifty Commodities TRI,2015-01-21,2903.780441063702
Nifty Commodities TRI,2015-01-22,2912.684383252019
Nifty Commodities TRI,2015-01-23,2938.8487314060053
Nifty Commodities TRI,2015-01-27,2931.1367053657427
Nifty Commodities TRI,2015-01-28,2936.8573964930697
Nifty Commodities TRI,2015-01-29,2960.42763359373
Nifty Commodities TRI,2015-01-30,2950.4785885358965
Nifty Commodities TRI,2015-02-02,2935.077649987761
Nifty Commodities TRI,2015-02-03,2951.5332477031034
Nifty Commodities TRI,2015-02-04,2981.6471266341514
Nifty Commodities TRI,2015-02-05,2936.62374805086
Nifty Commodities TRI,2015-02-06,2910.9930178465247
Nifty Commodities TRI,2015-02-09,2863.796783500376
Nifty Commodities TRI,2015-02-10,2880.4672972995763
Nifty Commodities TRI,2015-02-11,2912.8732806274556
Nifty Commodities TRI,2015-02-12,2937.1493236517026
Nifty Commodities TRI,2015-02-13,2959.7267418188912
Nifty Commodities TRI,2015-02-16,2950.9623999200953
Nifty Commodities TRI,2015-02-18,2952.6862179187387
Nifty Commodities TRI,2015-02-19,2988.033298507837
Nifty Commodities TRI,2015-02-20,2963.8231251406664
Nifty Commodities TRI,2015-02-23,2936.2281779991367
Nifty Commodities TRI,2015-02-24,2908.6598897856475
Nifty Commodities TRI,2015-02-25,2909.067920794812
Nifty Commodities TRI,2015-02-26,2895.1134558667673
Nifty Commodities TRI,2015-02-27,2977.9231839290396
Nifty Commodities TRI,2015-03-02,3036.14019061647
Nifty Commodities TRI,2015-03-03,3043.2587287382667
Nifty Commodities TRI,2015-03-04,2980.7789324628407
Nifty Commodities TRI,2015-03-05,2956.2871308208028
Nifty Commodities TRI,2015-03-09,2890.176014256361
Nifty Commodities TRI,2015-03-10,2873.4980571643764
Nifty Commodities TRI,2015-03-11,2845.427391585392
Nifty Commodities TRI,2015-03-12,2886.820351491984
Nifty Commodities TRI,2015-03-13,2845.226053986516
Nifty Commodities TRI,2015-03-16,2818.649789962363
Nifty Commodities TRI,2015-03-17,2851.1063801539326
Nifty Commodities TRI,2015-03-18,2848.104146356586
Nifty Commodities TRI,2015-03-19,2840.5754354745422
Nifty Commodities TRI,2015-03-20,2806.366807544434
Nifty Commodities TRI,2015-03-23,2806.724740523755
Nifty Commodities TRI,2015-03-24,2802.707489384857
Nifty Commodities TRI,2015-03-25,2786.4920036273716
Nifty Commodities TRI,2015-03-26,2753.7089892730532
Nifty Commodities TRI,2015-03-27,2748.8361685900827
Nifty Commodities TRI,2015-03-30,2795.2175838625985
Nifty Commodities TRI,2015-03-31,2799.1904041238763
Nifty Commodities TRI,2015-04-01,2819.521319337405
Nifty Commodities TRI,2015-04-06,2834.546539078575
Nifty Commodities TRI,2015-04-07,2873.379811619428
Nifty Commodities TRI,2015-04-08,2898.518362678042
Nifty Commodities TRI,2015-04-09,2918.275628083364
Nifty Commodities TRI,2015-04-10,2932.491264348921
Nifty Commodities TRI,2015-04-13,2946.6225848933445
Nifty Commodities TRI,2015-04-15,2938.965902842352
Nifty Commodities TRI,2015-04-16,2934.363847116631
Nifty Commodities TRI,2015-04-17,2924.268742804642
Nifty Commodities TRI,2015-04-20,2867.791714451035
Nifty Commodities TRI,2015-04-21,2850.8645772287464
Nifty Commodities TRI,2015-04-22,2864.0181584354077
Nifty Commodities TRI,2015-04-23,2859.357426799834
Nifty Commodities TRI,2015-04-24,2842.320586691273
Nifty Commodities TRI,2015-04-27,2806.5654491709806
Nifty Commodities TRI,2015-04-28,2830.2313808805557
Nifty Commodities TRI,2015-04-29,2815.0029707691906
Nifty Commodities TRI,2015-04-30,2800.7336753908858
Nifty Commodities TRI,2015-05-04,2876.2642393890296
Nifty Commodities TRI,2015-05-05,2903.677627905356
Nifty Commodities TRI,2015-05-06,2805.664485782856
Nifty Commodities TRI,2015-05-07,2780.4475769698906
Nifty Commodities TRI,2015-05-08,2809.9954556643897
Nifty Commodities TRI,2015-05-11,2866.7838693925296
Nifty Commodities TRI,2015-05-12,2783.529227126188
Nifty Commodities TRI,2015-05-13,2811.001928700348
Nifty Commodities TRI,2015-05-14,2832.337144484065
Nifty Commodities TRI,2015-05-15,2828.043591613418
Nifty Commodities TRI,2015-05-18,2865.521322700003
Nifty Commodities TRI,2015-05-19,2869.1328087953725
Nifty Commodities TRI,2015-05-20,2865.801257882819
Nifty Commodities TRI,2015-05-21,2865.4605686671716
Nifty Commodities TRI,2015-05-22,2860.579230755443
Nifty Commodities TRI,2015-05-25,2839.6289461605634
Nifty Commodities TRI,2015-05-26,2825.2358504763997
Nifty Commodities TRI,2015-05-27,2833.6553268292055
Nifty Commodities TRI,2015-05-28,2822.5196332738265
Nifty Commodities TRI,2015-05-29,2861.824604158705
Nifty Commodities TRI,2015-06-01,2875.177032300327
Nifty Commodities TRI,2015-06-02,2824.384904321412
Nifty Commodities TRI,2015-06-03,2775.565196498382
Nifty Commodities TRI,2015-06-04,2778.9077538530396
Nifty Commodities TRI,2015-06-05,2791.444286346511
Nifty Commodities TRI,2015-06-08,2756.409317875482
Nifty Commodities TRI,2015-06-09,2761.0882938288373
Nifty Commodities TRI,2015-06-10,2784.4271100702344
Nifty Commodities TRI,2015-06-11,2729.704830130287
Nifty Commodities TRI,2015-06-12,2728.7154851902897
Nifty Commodities TRI,2015-06-15,2723.6069076624885
Nifty Commodities TRI,2015-06-16,2731.975980484564
Nifty Commodities TRI,2015-06-17,2752.27289349119
Nifty Commodities TRI,2015-06-18,2783.8039152547576
Nifty Commodities TRI,2015-06-19,2806.2981678693877
Nifty Commodities TRI,2015-06-22,2829.3384425708573
Nifty Commodities TRI,2015-06-23,2862.967321707262
Nifty Commodities TRI,2015-06-24,2828.3308467341963
Nifty Commodities TRI,2015-06-25,2839.9724909817282
Nifty Commodities TRI,2015-06-26,2837.649821543632
Nifty Commodities TRI,2015-06-29,2811.147664664084
Nifty Commodities TRI,2015-06-30,2844.3588093300245
Nifty Commodities TRI,2015-07-01,2882.925484732868
Nifty Commodities TRI,2015-07-02,2881.2465715846697
Nifty Commodities TRI,2015-07-03,2869.0764282354367
Nifty Commodities TRI,2015-07-06,2884.6467069726355
Nifty Commodities TRI,2015-07-07,2883.7704735051857
Nifty Commodities TRI,2015-07-08,2822.2347348386525
Nifty Commodities TRI,2015-07-09,2794.6383297982693
Nifty Commodities TRI,2015-07-10,2806.2867594341064
Nifty Commodities TRI,2015-07-13,2832.5097528304736
Nifty Commodities TRI,2015-07-14,2841.9131574019584
Nifty Commodities TRI,2015-07-15,2858.226003660677
Nifty Commodities TRI,2015-07-16,2882.0926461712515
Nifty Commodities TRI,2015-07-17,2884.8042988026423
Nifty Commodities TRI,2015-07-20,2897.494517196884
Nifty Commodities TRI,2015-07-21,2842.188376072632
Nifty Commodities TRI,2015-07-22,2884.7588967405322
Nifty Commodities TRI,2015-07-23,2878.0419392915205
Nifty Commodities TRI,2015-07-24,2852.731789091818
Nifty Commodities TRI,2015-07-27,2795.8636967081934
Nifty Commodities TRI,2015-07-28,2786.0859337200495
Nifty Commodities TRI,2015-07-29,2785.6860823089796
Nifty Commodities TRI,2015-07-30,2794.076168094273
Nifty Commodities TRI,2015-07-31,2804.557105915061
Nifty Commodities TRI,2015-08-03,2797.034405407595
Nifty Commodities TRI,2015-08-04,2816.3093769879756
Nifty Commodities TRI,2015-08-05,2829.1530599044186
Nifty Commodities TRI,2015-08-06,2821.677882863123
Nifty Commodities TRI,2015-08-07,2829.6975278743166
Nifty Commodities TRI,2015-08-10,2801.7446272896173
Nifty Commodities TRI,2015-08-11,2754.528145817913
Nifty Commodities TRI,2015-08-12,2672.662131009272
Nifty Commodities TRI,2015-08-13,2651.6613877992013
Nifty Commodities TRI,2015-08-14,2684.5622255257385
Nifty Commodities TRI,2015-08-17,2673.9587399784723
Nifty Commodities TRI,2015-08-18,2670.065901817904
Nifty Commodities TRI,2015-08-19,2668.479460364546
Nifty Commodities TRI,2015-08-20,2613.8318908106435
Nifty Commodities TRI,2015-08-21,2592.498040327635
Nifty Commodities TRI,2015-08-24,2397.764077786093
Nifty Commodities TRI,2015-08-25,2449.667230885304
Nifty Commodities TRI,2015-08-26,2441.736846880854
Nifty Commodities TRI,2015-08-27,2501.7513580615214
Nifty Commodities TRI,2015-08-28,2522.483607411302
Nifty Commodities TRI,2015-08-31,2511.687913421777
Nifty Commodities TRI,2015-09-01,2467.254005994593
Nifty Commodities TRI,2015-09-02,2443.806740706025
Nifty Commodities TRI,2015-09-03,2489.077667334377
Nifty Commodities TRI,2015-09-04,2436.475064762278
Nifty Commodities TRI,2015-09-07,2402.787390237021
Nifty Commodities TRI,2015-09-08,2430.507011261897
Nifty Commodities TRI,2015-09-09,2493.1904418707013
Nifty Commodities TRI,2015-09-10,2481.174557006948
Nifty Commodities TRI,2015-09-11,2468.996470690441
Nifty Commodities TRI,2015-09-14,2509.4847824903413
Nifty Commodities TRI,2015-09-15,2486.561541876563
Nifty Commodities TRI,2015-09-16,2487.488825781698
Nifty Commodities TRI,2015-09-18,2511.156955446762
Nifty Commodities TRI,2015-09-21,2502.175084483192
Nifty Commodities TRI,2015-09-22,2438.5643034812524
Nifty Commodities TRI,2015-09-23,2447.819273230148
Nifty Commodities TRI,2015-09-24,2427.355379608525
Nifty Commodities TRI,2015-09-28,2400.1466221019828
Nifty Commodities TRI,2015-09-29,2385.9646792284752
Nifty Commodities TRI,2015-09-30,2433.0662971285074
Nifty Commodities TRI,2015-10-01,2449.367358892476
Nifty Commodities TRI,2015-10-05,2500.606527147164
Nifty Commodities TRI,2015-10-06,2529.498017612899
Nifty Commodities TRI,2015-10-07,2561.5651216319857
Nifty Commodities TRI,2015-10-08,2558.248388473738
Nifty Commodities TRI,2015-10-09,2566.3868642391903
Nifty Commodities TRI,2015-10-12,2580.5332981342335
Nifty Commodities TRI,2015-10-13,2580.6054968804287
Nifty Commodities TRI,2015-10-14,2574.7604539026356
Nifty Commodities TRI,2015-10-15,2600.4403279645585
Nifty Commodities TRI,2015-10-16,2616.546011967735
Nifty Commodities TRI,2015-10-19,2622.418026769569
Nifty Commodities TRI,2015-10-20,2606.348871871631
Nifty Commodities TRI,2015-10-21,2607.713791528578
Nifty Commodities TRI,2015-10-23,2618.0867002202153
Nifty Commodities TRI,2015-10-26,2599.792265397244
Nifty Commodities TRI,2015-10-27,2592.544742951475
Nifty Commodities TRI,2015-10-28,2588.7414581282433
Nifty Commodities TRI,2015-10-29,2575.193883519139
Nifty Commodities TRI,2015-10-30,2570.797364436419
Nifty Commodities TRI,2015-11-02,2572.0356684324047
Nifty Commodities TRI,2015-11-03,2586.9695192666463
Nifty Commodities TRI,2015-11-04,2586.3417575088993
Nifty Commodities TRI,2015-11-05,2562.880427843848
Nifty Commodities TRI,2015-11-06,2562.897792629214
Nifty Commodities TRI,2015-11-09,2557.617653746366
Nifty Commodities TRI,2015-11-10,2481.9525808619496
Nifty Commodities TRI,2015-11-13,2489.373883035531
Nifty Commodities TRI,2015-11-16,2496.3660908363454
Nifty Commodities TRI,2015-11-17,2502.1459397831536
Nifty Commodities TRI,2015-11-18,2486.4252695417294
Nifty Commodities TRI,2015-11-19,2515.647412728851
Nifty Commodities TRI,2015-11-20,2532.800467977151
Nifty Commodities TRI,2015-11-23,2520.0196411302963
Nifty Commodities TRI,2015-11-24,2526.0720968934893
Nifty Commodities TRI,2015-11-26,2547.7746538932465
Nifty Commodities TRI,2015-11-27,2549.6240996667643
Nifty Commodities TRI,2015-11-30,2539.6454045042983
Nifty Commodities TRI,2015-12-01,2582.5293116678204
Nifty Commodities TRI,2015-12-02,2589.0724049809564
Nifty Commodities TRI,2015-12-03,2567.6820299234296
Nifty Commodities TRI,2015-12-04,2548.1231153474996
Nifty Commodities TRI,2015-12-07,2539.2731385766433
Nifty Commodities TRI,2015-12-08,2491.444372142023
Nifty Commodities TRI,2015-12-09,2437.353504507483
Nifty Commodities TRI,2015-12-10,2476.20556846601
Nifty Commodities TRI,2015-12-11,2460.2498202527504
Nifty Commodities TRI,2015-12-14,2482.138744688242
Nifty Commodities TRI,2015-12-15,2495.965692436049
Nifty Commodities TRI,2015-12-16,2523.122002634793
Nifty Commodities TRI,2015-12-17,2558.915451721187
Nifty Commodities TRI,2015-12-18,2538.3713514047467
Nifty Commodities TRI,2015-12-21,2561.250520681194
Nifty Commodities TRI,2015-12-22,2554.6284844231163
Nifty Commodities TRI,2015-12-23,2587.465041426624
Nifty Commodities TRI,2015-12-24,2597.2542177347577
Nifty Commodities TRI,2015-12-28,2608.6143299120026
Nifty Commodities TRI,2015-12-29,2613.007342682805
Nifty Commodities TRI,2015-12-30,2607.4651616026076
Nifty Commodities TRI,2015-12-31,2626.762819898342
Nifty Commodities TRI,2016-01-01,2644.7663263741647
Nifty Commodities TRI,2016-01-04,2609.23631390196
Nifty Commodities TRI,2016-01-05,2640.0438877573315
Nifty Commodities TRI,2016-01-06,2638.498269168359
Nifty Commodities TRI,2016-01-07,2552.466349189374
Nifty Commodities TRI,2016-01-08,2580.7903199705584
Nifty Commodities TRI,2016-01-11,2575.117322272189
Nifty Commodities TRI,2016-01-12,2553.3058535529153
Nifty Commodities TRI,2016-01-13,2553.322391984407
Nifty Commodities TRI,2016-01-14,2530.805330044539
Nifty Commodities TRI,2016-01-15,2487.6966098244693
Nifty Commodities TRI,2016-01-18,2432.0131879200417
Nifty Commodities TRI,2016-01-19,2453.2656991160875
Nifty Commodities TRI,2016-01-20,2390.629487150905
Nifty Commodities TRI,2016-01-21,2372.5832999137087
Nifty Commodities TRI,2016-01-22,2434.866920710812
Nifty Commodities TRI,2016-01-25,2448.1997626913176
Nifty Commodities TRI,2016-01-27,2455.3600529003893
Nifty Commodities TRI,2016-01-28,2460.022208725467
Nifty Commodities TRI,2016-01-29,2504.59408263325
Nifty Commodities TRI,2016-02-01,2509.071641776372
Nifty Commodities TRI,2016-02-02,2435.4182828680628
Nifty Commodities TRI,2016-02-03,2388.64058916922
Nifty Commodities TRI,2016-02-04,2408.501291270471
Nifty Commodities TRI,2016-02-05,2443.186145361062
Nifty Commodities TRI,2016-02-08,2418.223694670384
Nifty Commodities TRI,2016-02-09,2398.376584807483
Nifty Commodities TRI,2016-02-10,2393.4614277779942
Nifty Commodities TRI,2016-02-11,2312.24850588275
Nifty Commodities TRI,2016-02-12,2288.9297626061507
Nifty Commodities TRI,2016-02-15,2393.2883593198503
Nifty Commodities TRI,2016-02-16,2356.762561256442
Nifty Commodities TRI,2016-02-17,2374.3610466114824
Nifty Commodities TRI,2016-02-18,2401.6502407309686
Nifty Commodities TRI,2016-02-19,2397.870138658129
Nifty Commodities TRI,2016-02-22,2417.8203379851075
Nifty Commodities TRI,2016-02-23,2368.938605203066
Nifty Commodities TRI,2016-02-24,2344.0389734826167
Nifty Commodities TRI,2016-02-25,2337.7098182211043
Nifty Commodities TRI,2016-02-26,2353.419496985468
Nifty Commodities TRI,2016-02-29,2334.970974325414
Nifty Commodities TRI,2016-03-01,2393.6341695820915
Nifty Commodities TRI,2016-03-02,2432.5872218473687
Nifty Commodities TRI,2016-03-03,2475.3355176463906
Nifty Commodities TRI,2016-03-04,2495.228440502807
Nifty Commodities TRI,2016-03-08,2523.944076486797
Nifty Commodities TRI,2016-03-09,2529.268990969177
Nifty Commodities TRI,2016-03-10,2522.239901458594
Nifty Commodities TRI,2016-03-11,2518.895091488408
Nifty Commodities TRI,2016-03-14,2517.855051308096
Nifty Commodities TRI,2016-03-15,2518.466036899331
Nifty Commodities TRI,2016-03-16,2512.4641020584763
Nifty Commodities TRI,2016-03-17,2545.976733154095
Nifty Commodities TRI,2016-03-18,2579.0588175328667
Nifty Commodities TRI,2016-03-21,2612.345306996904
Nifty Commodities TRI,2016-03-22,2623.8043211066206
Nifty Commodities TRI,2016-03-23,2629.8967011928917
Nifty Commodities TRI,2016-03-28,2593.8771774375423
Nifty Commodities TRI,2016-03-29,2596.3361843671623
Nifty Commodities TRI,2016-03-30,2652.1120054279836
Nifty Commodities TRI,2016-03-31,2645.5696954222226
Nifty Commodities TRI,2016-04-01,2632.6260488139005
Nifty Commodities TRI,2016-04-04,2638.437032631479
Nifty Commodities TRI,2016-04-05,2592.0155280612753
Nifty Commodities TRI,2016-04-06,2628.82011554279
Nifty Commodities TRI,2016-04-07,2621.3521263040534
Nifty Commodities TRI,2016-04-08,2640.2007586695954
Nifty Commodities TRI,2016-04-11,2676.731888718543
Nifty Commodities TRI,2016-04-12,2681.855606557716
Nifty Commodities TRI,2016-04-13,2729.7493441739657
Nifty Commodities TRI,2016-04-18,2750.774485246609
Nifty Commodities TRI,2016-04-20,2768.634545275845
Nifty Commodities TRI,2016-04-21,2762.471530448854
Nifty Commodities TRI,2016-04-22,2767.7649337023818
Nifty Commodities TRI,2016-04-25,2750.140269927035
Nifty Commodities TRI,2016-04-26,2770.0978651558044
Nifty Commodities TRI,2016-04-27,2778.597313187345
Nifty Commodities TRI,2016-04-28,2727.1331874048396
Nifty Commodities TRI,2016-04-29,2741.8779559876357
Nifty Commodities TRI,2016-05-02,2758.6320011164826
Nifty Commodities TRI,2016-05-03,2734.6447694535896
Nifty Commodities TRI,2016-05-04,2696.1485591778132
Nifty Commodities TRI,2016-05-05,2692.2051855256655
Nifty Commodities TRI,2016-05-06,2699.726549299368
Nifty Commodities TRI,2016-05-09,2727.8924206702195
Nifty Commodities TRI,2016-05-10,2711.9931587851247
Nifty Commodities TRI,2016-05-11,2711.1471625210097
Nifty Commodities TRI,2016-05-12,2725.737478795031
Nifty Commodities TRI,2016-05-13,2694.9424263706533
Nifty Commodities TRI,2016-05-16,2696.6420112927162
Nifty Commodities TRI,2016-05-17,2704.4938126446114
Nifty Commodities TRI,2016-05-18,2707.833612361952
Nifty Commodities TRI,2016-05-19,2680.5083346644415
Nifty Commodities TRI,2016-05-20,2672.8094560188724
Nifty Commodities TRI,2016-05-23,2664.500010762081
Nifty Commodities TRI,2016-05-24,2670.449153969805
Nifty Commodities TRI,2016-05-25,2719.528161905797
Nifty Commodities TRI,2016-05-26,2736.685211552774
Nifty Commodities TRI,2016-05-27,2782.345342449746
Nifty Commodities TRI,2016-05-30,2796.625216301754
Nifty Commodities TRI,2016-05-31,2796.8162716691713
Nifty Commodities TRI,2016-06-01,2798.8570865109036
Nifty Commodities TRI,2016-06-02,2823.314526125999
Nifty Commodities TRI,2016-06-03,2827.3698768380177
Nifty Commodities TRI,2016-06-06,2822.8864721723094
Nifty Commodities TRI,2016-06-07,2842.7251687212442
Nifty Commodities TRI,2016-06-08,2853.6944427828785
Nifty Commodities TRI,2016-06-09,2873.2644328957626
Nifty Commodities TRI,2016-06-10,2868.886940604233
Nifty Commodities TRI,2016-06-13,2856.895635226944
Nifty Commodities TRI,2016-06-14,2846.419288989696
Nifty Commodities TRI,2016-06-15,2881.292921813568
Nifty Commodities TRI,2016-06-16,2866.0801072316035
Nifty Commodities TRI,2016-06-17,2868.6157766480783
Nifty Commodities TRI,2016-06-20,2897.5167410174545
Nifty Commodities TRI,2016-06-21,2892.2668729040015
Nifty Commodities TRI,2016-06-22,2890.9378361982426
Nifty Commodities TRI,2016-06-23,2897.7780558453646
Nifty Commodities TRI,2016-06-24,2838.4959867254997
Nifty Commodities TRI,2016-06-27,2870.1262943215356
Nifty Commodities TRI,2016-06-28,2888.625307420696
Nifty Commodities TRI,2016-06-29,2916.2789804106337
Nifty Commodities TRI,2016-06-30,2952.5438244349184
Nifty Commodities TRI,2016-07-01,2990.9913652869213
Nifty Commodities TRI,2016-07-04,3017.2596080174244
Nifty Commodities TRI,2016-07-05,3008.5787386842917
Nifty Commodities TRI,2016-07-07,3005.929347316731
Nifty Commodities TRI,2016-07-08,2994.7393793337374
Nifty Commodities TRI,2016-07-11,3044.893550439442
Nifty Commodities TRI,2016-07-12,3078.732415254847
Nifty Commodities TRI,2016-07-13,3089.4591593000864
Nifty Commodities TRI,2016-07-14,3107.7654766704554
Nifty Commodities TRI,2016-07-15,3110.5342681571988
Nifty Commodities TRI,2016-07-18,3080.5073435446884
Nifty Commodities TRI,2016-07-19,3107.597355067296
Nifty Commodities TRI,2016-07-20,3139.4347673185775
Nifty Commodities TRI,2016-07-21,3143.514753776322
Nifty Commodities TRI,2016-07-22,3172.902644044224
Nifty Commodities TRI,2016-07-25,3201.5698435241284
Nifty Commodities TRI,2016-07-26,3187.597241970021
Nifty Commodities TRI,2016-07-27,3197.790988895367
Nifty Commodities TRI,2016-07-28,3199.8020869761585
Nifty Commodities TRI,2016-07-29,3205.6325910502937
Nifty Commodities TRI,2016-08-01,3217.3434547438906
Nifty Commodities TRI,2016-08-02,3188.359793015048
Nifty Commodities TRI,2016-08-03,3163.7391779397194
Nifty Commodities TRI,2016-08-04,3179.884439131585
Nifty Commodities TRI,2016-08-05,3275.225310907096
Nifty Commodities TRI,2016-08-08,3298.1951715344962
Nifty Commodities TRI,2016-08-09,3279.1406351911105
Nifty Commodities TRI,2016-08-10,3219.1403212407017
Nifty Commodities TRI,2016-08-11,3215.912567247924
Nifty Commodities TRI,2016-08-12,3238.18166038338
Nifty Commodities TRI,2016-08-16,3266.8282901622406
Nifty Commodities TRI,2016-08-17,3286.1016714011703
Nifty Commodities TRI,2016-08-18,3318.8665858338372
Nifty Commodities TRI,2016-08-19,3342.131254681365
Nifty Commodities TRI,2016-08-22,3310.3927084678367
Nifty Commodities TRI,2016-08-23,3278.4885670525423
Nifty Commodities TRI,2016-08-24,3298.752279657482
Nifty Commodities TRI,2016-08-25,3272.9630884760713
Nifty Commodities TRI,2016-08-26,3280.443978824377
Nifty Commodities TRI,2016-08-29,3300.1591088570767
Nifty Commodities TRI,2016-08-30,3347.479338510039
Nifty Commodities TRI,2016-08-31,3337.3143762733666
Nifty Commodities TRI,2016-09-01,3318.021601564179
Nifty Commodities TRI,2016-09-02,3321.954979378829
Nifty Commodities TRI,2016-09-06,3357.862517494659
Nifty Commodities TRI,2016-09-07,3359.830432102337
Nifty Commodities TRI,2016-09-08,3379.7850478431837
Nifty Commodities TRI,2016-09-09,3356.878319636718
Nifty Commodities TRI,2016-09-12,3258.3988984633756
Nifty Commodities TRI,2016-09-14,3295.5205422692666
Nifty Commodities TRI,2016-09-15,3284.525147619846
Nifty Commodities TRI,2016-09-16,3296.280172512621
Nifty Commodities TRI,2016-09-19,3326.5741614002172
Nifty Commodities TRI,2016-09-20,3324.7125768175097
Nifty Commodities TRI,2016-09-21,3325.6955349182085
Nifty Commodities TRI,2016-09-22,3369.404810160279
Nifty Commodities TRI,2016-09-23,3371.7030103487837
Nifty Commodities TRI,2016-09-26,3352.7175444135837
Nifty Commodities TRI,2016-09-27,3338.2163522327783
Nifty Commodities TRI,2016-09-28,3366.8901650955686
Nifty Commodities TRI,2016-09-29,3278.015767135213
Nifty Commodities TRI,2016-09-30,3316.266893329571
Nifty Commodities TRI,2016-10-03,3390.263752360932
Nifty Commodities TRI,2016-10-04,3427.050008941317
Nifty Commodities TRI,2016-10-05,3437.34462592827
Nifty Commodities TRI,2016-10-06,3459.191101842948
Nifty Commodities TRI,2016-10-07,3457.7176501601684
Nifty Commodities TRI,2016-10-10,3466.0544874351203
Nifty Commodities TRI,2016-10-13,3420.7803530963893
Nifty Commodities TRI,2016-10-14,3446.413548431329
Nifty Commodities TRI,2016-10-17,3419.148134732689
Nifty Commodities TRI,2016-10-18,3450.373539104331
Nifty Commodities TRI,2016-10-19,3472.453751595102
Nifty Commodities TRI,2016-10-20,3488.4004353017754
Nifty Commodities TRI,2016-10-21,3471.6424493484237
Nifty Commodities TRI,2016-10-24,3498.177660528789
Nifty Commodities TRI,2016-10-25,3490.4032136107144
Nifty Commodities TRI,2016-10-26,3453.037113196565
Nifty Commodities TRI,2016-10-27,3429.6415105338315
Nifty Commodities TRI,2016-10-28,3458.251882553981
Nifty Commodities TRI,2016-11-01,3501.8471154617596
Nifty Commodities TRI,2016-11-02,3435.6899835767244
Nifty Commodities TRI,2016-11-03,3392.0571880030416
Nifty Commodities TRI,2016-11-04,3358.1783361155153
Nifty Commodities TRI,2016-11-07,3394.91316875477
Nifty Commodities TRI,2016-11-08,3413.831627768797
Nifty Commodities TRI,2016-11-09,3360.6436169642125
Nifty Commodities TRI,2016-11-10,3454.36161478554
Nifty Commodities TRI,2016-11-11,3366.894617879173
Nifty Commodities TRI,2016-11-15,3231.575683087999
Nifty Commodities TRI,2016-11-16,3221.8597759937
Nifty Commodities TRI,2016-11-17,3218.396539503973
Nifty Commodities TRI,2016-11-18,3243.2954414101687
Nifty Commodities TRI,2016-11-21,3176.667782967832
Nifty Commodities TRI,2016-11-22,3229.2786890736456
Nifty Commodities TRI,2016-11-23,3272.676450007819
Nifty Commodities TRI,2016-11-24,3267.9524256701184
Nifty Commodities TRI,2016-11-25,3310.5328574341224
Nifty Commodities TRI,2016-11-28,3348.6151198522516
Nifty Commodities TRI,2016-11-29,3347.296569813517
Nifty Commodities TRI,2016-11-30,3380.3950823057844
Nifty Commodities TRI,2016-12-01,3345.7572148786376
Nifty Commodities TRI,2016-12-02,3321.052376482494
Nifty Commodities TRI,2016-12-05,3341.0853125281637
Nifty Commodities TRI,2016-12-06,3373.314596782081
Nifty Commodities TRI,2016-12-07,3376.2798510489374
Nifty Commodities TRI,2016-12-08,3440.4732774592608
Nifty Commodities TRI,2016-12-09,3443.716664766712
Nifty Commodities TRI,2016-12-12,3407.2026674450854
Nifty Commodities TRI,2016-12-13,3398.800492776293
Nifty Commodities TRI,2016-12-14,3364.306099290999
Nifty Commodities TRI,2016-12-15,3350.0784228423067
Nifty Commodities TRI,2016-12-16,3316.8966405051196
Nifty Commodities TRI,2016-12-19,3309.471008892848
Nifty Commodities TRI,2016-12-20,3300.951400771303
Nifty Commodities TRI,2016-12-21,3319.0254748508614
Nifty Commodities TRI,2016-12-22,3255.9942743208744
Nifty Commodities TRI,2016-12-23,3258.5164677552184
Nifty Commodities TRI,2016-12-26,3198.5913944789695
Nifty Commodities TRI,2016-12-27,3256.5147139636956
Nifty Commodities TRI,2016-12-28,3249.7481718710064
Nifty Commodities TRI,2016-12-29,3305.480853372687
Nifty Commodities TRI,2016-12-30,3335.4923646598027
Nifty Commodities TRI,2017-01-02,3379.2504356388336
Nifty Commodities TRI,2017-01-03,3399.594333858248
Nifty Commodities TRI,2017-01-04,3392.612254866341
Nifty Commodities TRI,2017-01-05,3457.334172118387
Nifty Commodities TRI,2017-01-06,3443.9752072892225
Nifty Commodities TRI,2017-01-09,3428.3102222567622
Nifty Commodities TRI,2017-01-10,3453.5034617751985
Nifty Commodities TRI,2017-01-11,3516.98228060054
Nifty Commodities TRI,2017-01-12,3542.4573315342773
Nifty Commodities TRI,2017-01-13,3532.8387252646344
Nifty Commodities TRI,2017-01-16,3542.3793004387544
Nifty Commodities TRI,2017-01-17,3522.5797092266534
Nifty Commodities TRI,2017-01-18,3558.2417464312007
Nifty Commodities TRI,2017-01-19,3578.9403722455872
Nifty Commodities TRI,2017-01-20,3523.5362974963646
Nifty Commodities TRI,2017-01-23,3569.347702263867
Nifty Commodities TRI,2017-01-24,3632.762205343115
Nifty Commodities TRI,2017-01-25,3691.7798003481944
Nifty Commodities TRI,2017-01-27,3706.177544723021
Nifty Commodities TRI,2017-01-30,3705.12382329553
Nifty Commodities TRI,2017-01-31,3659.551670780979
Nifty Commodities TRI,2017-02-01,3721.6187738136255
Nifty Commodities TRI,2017-02-02,3732.097276189194
Nifty Commodities TRI,2017-02-03,3723.964780322615
Nifty Commodities TRI,2017-02-06,3742.794999182293
Nifty Commodities TRI,2017-02-07,3706.792385237221
Nifty Commodities TRI,2017-02-08,3734.5681504529903
Nifty Commodities TRI,2017-02-09,3726.3782020283925
Nifty Commodities TRI,2017-02-10,3724.687375459096
Nifty Commodities TRI,2017-02-13,3728.9242697498594
Nifty Commodities TRI,2017-02-14,3701.1178298728246
Nifty Commodities TRI,2017-02-15,3658.266605826803
Nifty Commodities TRI,2017-02-16,3699.4956975642285
Nifty Commodities TRI,2017-02-17,3713.948254982346
Nifty Commodities TRI,2017-02-20,3761.062122091217
Nifty Commodities TRI,2017-02-21,3780.811537894461
Nifty Commodities TRI,2017-02-22,3798.0825924971764
Nifty Commodities TRI,2017-02-23,3790.055271908994
Nifty Commodities TRI,2017-02-27,3789.748383523786
Nifty Commodities TRI,2017-02-28,3768.3762299028704
Nifty Commodities TRI,2017-03-01,3771.9788463420246
Nifty Commodities TRI,2017-03-02,3737.6460754413492
Nifty Commodities TRI,2017-03-03,3757.348710875812
Nifty Commodities TRI,2017-03-06,3782.9924173265435
Nifty Commodities TRI,2017-03-07,3772.532893921634
Nifty Commodities TRI,2017-03-08,3732.895092589078
Nifty Commodities TRI,2017-03-09,3724.4175463886945
Nifty Commodities TRI,2017-03-10,3712.5745906884076
Nifty Commodities TRI,2017-03-14,3749.381929214402
Nifty Commodities TRI,2017-03-15,3758.1722518589368
Nifty Commodities TRI,2017-03-16,3808.5113151848204
Nifty Commodities TRI,2017-03-17,3793.6887255569904
Nifty Commodities TRI,2017-03-20,3788.560187576353
Nifty Commodities TRI,2017-03-21,3797.299702630746
Nifty Commodities TRI,2017-03-22,3767.6258215027183
Nifty Commodities TRI,2017-03-23,3805.729259942564
Nifty Commodities TRI,2017-03-24,3796.8626987151342
Nifty Commodities TRI,2017-03-27,3748.5615343548598
Nifty Commodities TRI,2017-03-28,3761.5529502782056
Nifty Commodities TRI,2017-03-29,3770.5155518016636
Nifty Commodities TRI,2017-03-30,3772.300882466667
Nifty Commodities TRI,2017-03-31,3820.0820856683404
Nifty Commodities TRI,2017-04-03,3836.2154818126614
Nifty Commodities TRI,2017-04-05,3872.379534282176
Nifty Commodities TRI,2017-04-06,3895.104005065021
Nifty Commodities TRI,2017-04-07,3884.302358935818
Nifty Commodities TRI,2017-04-10,3909.565488482813
Nifty Commodities TRI,2017-04-11,3895.8344317073515
Nifty Commodities TRI,2017-04-12,3878.2342938128418
Nifty Commodities TRI,2017-04-13,3858.035738748517
Nifty Commodities TRI,2017-04-17,3848.842237250974
Nifty Commodities TRI,2017-04-18,3825.76334610844
Nifty Commodities TRI,2017-04-19,3848.5549059613527
Nifty Commodities TRI,2017-04-20,3861.289517530326
Nifty Commodities TRI,2017-04-21,3864.462846683347
Nifty Commodities TRI,2017-04-24,3916.8283271234536
Nifty Commodities TRI,2017-04-25,3955.1659674110256
Nifty Commodities TRI,2017-04-26,3944.7992394119638
Nifty Commodities TRI,2017-04-27,3934.652594997094
Nifty Commodities TRI,2017-04-28,3948.0596650124603
Nifty Commodities TRI,2017-05-02,3948.8864386572345
Nifty Commodities TRI,2017-05-03,3945.9270312091166
Nifty Commodities TRI,2017-05-04,3939.3166178621605
Nifty Commodities TRI,2017-05-05,3883.1466260666452
Nifty Commodities TRI,2017-05-08,3896.605030929976
Nifty Commodities TRI,2017-05-09,3914.8304966801807
Nifty Commodities TRI,2017-05-10,3938.1477461165086
Nifty Commodities TRI,2017-05-11,3933.8031182283826
Nifty Commodities TRI,2017-05-12,3928.4068319371577
Nifty Commodities TRI,2017-05-15,3970.929292057033
Nifty Commodities TRI,2017-05-16,3978.31761345657
Nifty Commodities TRI,2017-05-17,3988.5289733136196
Nifty Commodities TRI,2017-05-18,3900.9441856462026
Nifty Commodities TRI,2017-05-19,3879.8252150515746
Nifty Commodities TRI,2017-05-22,3834.3362280141323
Nifty Commodities TRI,2017-05-23,3804.739839473794
Nifty Commodities TRI,2017-05-24,3766.2822172984106
Nifty Commodities TRI,2017-05-25,3812.0873767151934
Nifty Commodities TRI,2017-05-26,3891.782510619925
Nifty Commodities TRI,2017-05-29,3873.5248305424384
Nifty Commodities TRI,2017-05-30,3899.46532079427
Nifty Commodities TRI,2017-05-31,3891.8468957222817
Nifty Commodities TRI,2017-06-01,3860.1908850488844
Nifty Commodities TRI,2017-06-02,3859.9364433817314
Nifty Commodities TRI,2017-06-05,3867.204969524974
Nifty Commodities TRI,2017-06-06,3827.673344591426
Nifty Commodities TRI,2017-06-07,3847.5275754051795
Nifty Commodities TRI,2017-06-08,3841.4550210615284
Nifty Commodities TRI,2017-06-09,3859.1510595972672
Nifty Commodities TRI,2017-06-12,3843.6464334359202
Nifty Commodities TRI,2017-06-13,3833.471085837829
Nifty Commodities TRI,2017-06-14,3837.9809577825163
Nifty Commodities TRI,2017-06-15,3814.7803240933076
Nifty Commodities TRI,2017-06-16,3830.097604251582
Nifty Commodities TRI,2017-06-19,3858.8743333924767
Nifty Commodities TRI,2017-06-20,3868.0990397086002
Nifty Commodities TRI,2017-06-21,3842.6197121517594
Nifty Commodities TRI,2017-06-22,3804.941056175359
Nifty Commodities TRI,2017-06-23,3767.1477138214386
Nifty Commodities TRI,2017-06-27,3746.589150575493
Nifty Commodities TRI,2017-06-28,3760.858330511661
Nifty Commodities TRI,2017-06-29,3782.338737859988
Nifty Commodities TRI,2017-06-30,3786.9605260866706
Nifty Commodities TRI,2017-07-03,3830.1174821658688
Nifty Commodities TRI,2017-07-04,3843.6735477949983
Nifty Commodities TRI,2017-07-05,3888.1317638356445
Nifty Commodities TRI,2017-07-06,3886.65729788077
Nifty Commodities TRI,2017-07-07,3892.8390864303205
Nifty Commodities TRI,2017-07-10,3929.8666673066596
Nifty Commodities TRI,2017-07-11,3929.781154395098
Nifty Commodities TRI,2017-07-12,3970.3182056148908
Nifty Commodities TRI,2017-07-13,3981.8339952118968
Nifty Commodities TRI,2017-07-14,3990.79753029465
Nifty Commodities TRI,2017-07-17,4016.361439280846
Nifty Commodities TRI,2017-07-18,3999.9040698502754
Nifty Commodities TRI,2017-07-19,4028.744993642669
Nifty Commodities TRI,2017-07-20,3997.019360813404
Nifty Commodities TRI,2017-07-21,4018.478625704086
Nifty Commodities TRI,2017-07-24,4018.0125134466093
Nifty Commodities TRI,2017-07-25,4027.9266603595247
Nifty Commodities TRI,2017-07-26,4051.5586524811433
Nifty Commodities TRI,2017-07-27,4020.9339423083406
Nifty Commodities TRI,2017-07-28,4009.689266126577
Nifty Commodities TRI,2017-07-31,4058.3250671850587
Nifty Commodities TRI,2017-08-01,4078.4100094134365
Nifty Commodities TRI,2017-08-02,4092.441735371843
Nifty Commodities TRI,2017-08-03,4095.2528312355566
Nifty Commodities TRI,2017-08-04,4179.178770752324
Nifty Commodities TRI,2017-08-07,4212.908348870205
Nifty Commodities TRI,2017-08-08,4177.383504113901
Nifty Commodities TRI,2017-08-09,4156.470375015718
Nifty Commodities TRI,2017-08-10,4088.6506099760086
Nifty Commodities TRI,2017-08-11,4025.04783933848
Nifty Commodities TRI,2017-08-14,4116.1303316925805
Nifty Commodities TRI,2017-08-16,4145.550519960425
Nifty Commodities TRI,2017-08-17,4167.101019397416
Nifty Commodities TRI,2017-08-18,4167.80486734049
Nifty Commodities TRI,2017-08-21,4107.084152157139
Nifty Commodities TRI,2017-08-22,4116.126457489578
Nifty Commodities TRI,2017-08-23,4160.648125732482
Nifty Commodities TRI,2017-08-24,4168.581394973334
Nifty Commodities TRI,2017-08-28,4203.993573352963
Nifty Commodities TRI,2017-08-29,4154.358131781917
Nifty Commodities TRI,2017-08-30,4239.728381291113
Nifty Commodities TRI,2017-08-31,4247.2232151910575
Nifty Commodities TRI,2017-09-01,4287.153263468741
Nifty Commodities TRI,2017-09-04,4265.524655587155
Nifty Commodities TRI,2017-09-05,4310.02634432973
Nifty Commodities TRI,2017-09-06,4321.533208661206
Nifty Commodities TRI,2017-09-07,4329.702442306738
Nifty Commodities TRI,2017-09-08,4318.393645948981
Nifty Commodities TRI,2017-09-11,4345.52122151609
Nifty Commodities TRI,2017-09-12,4395.608350431614
Nifty Commodities TRI,2017-09-13,4348.060960504508
Nifty Commodities TRI,2017-09-14,4339.700320267866
Nifty Commodities TRI,2017-09-15,4345.312584211925
Nifty Commodities TRI,2017-09-18,4355.58190761958
Nifty Commodities TRI,2017-09-19,4359.079889221255
Nifty Commodities TRI,2017-09-20,4342.92128802161
Nifty Commodities TRI,2017-09-21,4318.240619179477
Nifty Commodities TRI,2017-09-22,4197.880401448176
Nifty Commodities TRI,2017-09-25,4153.936183627267
Nifty Commodities TRI,2017-09-26,4186.613472909532
Nifty Commodities TRI,2017-09-27,4128.996365080359
Nifty Commodities TRI,2017-09-28,4142.010740188767
Nifty Commodities TRI,2017-09-29,4179.594585880339
Nifty Commodities TRI,2017-10-03,4224.486596765168
Nifty Commodities TRI,2017-10-04,4242.580303301976
Nifty Commodities TRI,2017-10-05,4256.997768506084
Nifty Commodities TRI,2017-10-06,4346.929632851502
Nifty Commodities TRI,2017-10-09,4330.789643928054
Nifty Commodities TRI,2017-10-10,4343.431098252976
Nifty Commodities TRI,2017-10-11,4324.467793585469
Nifty Commodities TRI,2017-10-12,4372.67593692136
Nifty Commodities TRI,2017-10-13,4394.129638981114
Nifty Commodities TRI,2017-10-16,4438.486500217952
Nifty Commodities TRI,2017-10-17,4457.661389253268
Nifty Commodities TRI,2017-10-18,4470.648523806101
Nifty Commodities TRI,2017-10-19,4429.9915837465205
Nifty Commodities TRI,2017-10-23,4477.26217188831
Nifty Commodities TRI,2017-10-24,4508.158853309327
Nifty Commodities TRI,2017-10-25,4544.748302387363
Nifty Commodities TRI,2017-10-26,4614.644244052425
Nifty Commodities TRI,2017-10-27,4584.688904434119
Nifty Commodities TRI,2017-10-30,4613.872069497317
Nifty Commodities TRI,2017-10-31,4574.5925465515875
Nifty Commodities TRI,2017-11-01,4606.287389117627
Nifty Commodities TRI,2017-11-02,4588.711102336759
Nifty Commodities TRI,2017-11-03,4589.158674050233
Nifty Commodities TRI,2017-11-06,4580.956588634749
Nifty Commodities TRI,2017-11-07,4512.805618284125
Nifty Commodities TRI,2017-11-08,4462.063086865402
Nifty Commodities TRI,2017-11-09,4472.384828883183
Nifty Commodities TRI,2017-11-10,4461.661622012179
Nifty Commodities TRI,2017-11-13,4408.883718897572
Nifty Commodities TRI,2017-11-14,4387.713941673147
Nifty Commodities TRI,2017-11-15,4333.486072030004
Nifty Commodities TRI,2017-11-16,4371.390321646018
Nifty Commodities TRI,2017-11-17,4413.765751127041
Nifty Commodities TRI,2017-11-20,4431.559147887976
Nifty Commodities TRI,2017-11-21,4453.894042017763
Nifty Commodities TRI,2017-11-22,4445.9004668325115
Nifty Commodities TRI,2017-11-23,4449.581050041334
Nifty Commodities TRI,2017-11-24,4450.692243959754
Nifty Commodities TRI,2017-11-27,4462.909555081584
Nifty Commodities TRI,2017-11-28,4447.203565368081
Nifty Commodities TRI,2017-11-29,4438.871815788431
Nifty Commodities TRI,2017-11-30,4389.915054377522
Nifty Commodities TRI,2017-12-01,4341.959262969053
Nifty Commodities TRI,2017-12-04,4335.32983552148
Nifty Commodities TRI,2017-12-05,4318.7737782623
Nifty Commodities TRI,2017-12-06,4273.653468722784
Nifty Commodities TRI,2017-12-07,4341.9463474726135
Nifty Commodities TRI,2017-12-08,4399.400894330774
Nifty Commodities TRI,2017-12-11,4412.904673104352
Nifty Commodities TRI,2017-12-12,4372.4722132332545
Nifty Commodities TRI,2017-12-13,4361.670779866076
Nifty Commodities TRI,2017-12-14,4383.35600530315
Nifty Commodities TRI,2017-12-15,4431.046146483062
Nifty Commodities TRI,2017-12-18,4453.787114682745
Nifty Commodities TRI,2017-12-19,4502.944231553943
Nifty Commodities TRI,2017-12-20,4514.294921056617
Nifty Commodities TRI,2017-12-21,4532.191377504979
Nifty Commodities TRI,2017-12-22,4550.033577693347
Nifty Commodities TRI,2017-12-26,4580.799896564293
Nifty Commodities TRI,2017-12-27,4558.642521425636
Nifty Commodities TRI,2017-12-28,4581.695206961835
Nifty Commodities TRI,2017-12-29,4575.091978332487
Nifty Commodities TRI,2018-01-01,4544.141357085651
Nifty Commodities TRI,2018-01-02,4560.650404522794
Nifty Commodities TRI,2018-01-03,4587.8517482067155
Nifty Commodities TRI,2018-01-04,4647.63255857184
Nifty Commodities TRI,2018-01-05,4661.182627938854
Nifty Commodities TRI,2018-01-08,4693.721158877305
Nifty Commodities TRI,2018-01-09,4702.852784974906
Nifty Commodities TRI,2018-01-10,4694.851694701955
Nifty Commodities TRI,2018-01-11,4686.122001421303
Nifty Commodities TRI,2018-01-12,4696.09450907728
Nifty Commodities TRI,2018-01-15,4700.198745058991
Nifty Commodities TRI,2018-01-16,4620.225492265378
Nifty Commodities TRI,2018-01-17,4643.303224934081
Nifty Commodities TRI,2018-01-18,4558.726733075201
Nifty Commodities TRI,2018-01-19,4578.498823075852
Nifty Commodities TRI,2018-01-22,4590.59857696414
Nifty Commodities TRI,2018-01-23,4671.949265074079
Nifty Commodities TRI,2018-01-24,4634.694138846202
Nifty Commodities TRI,2018-01-25,4628.02812933276
Nifty Commodities TRI,2018-01-29,4627.811544194295
Nifty Commodities TRI,2018-01-30,4620.135347499705
Nifty Commodities TRI,2018-01-31,4602.145240438115
Nifty Commodities TRI,2018-02-01,4585.778797108619
Nifty Commodities TRI,2018-02-02,4440.1504140128045
Nifty Commodities TRI,2018-02-05,4406.490881761998
Nifty Commodities TRI,2018-02-06,4341.22234579859
Nifty Commodities TRI,2018-02-07,4365.711594786661
Nifty Commodities TRI,2018-02-08,4412.126822651259
Nifty Commodities TRI,2018-02-09,4408.5294629183445
Nifty Commodities TRI,2018-02-12,4457.629759469546
Nifty Commodities TRI,2018-02-14,4437.930095845929
Nifty Commodities TRI,2018-02-15,4461.648356658823
Nifty Commodities TRI,2018-02-16,4421.031158417201
Nifty Commodities TRI,2018-02-19,4378.088760379967
Nifty Commodities TRI,2018-02-20,4405.288353440257
Nifty Commodities TRI,2018-02-21,4387.044689345771
Nifty Commodities TRI,2018-02-22,4343.494111421106
Nifty Commodities TRI,2018-02-23,4431.184094482508
Nifty Commodities TRI,2018-02-26,4477.234268648193
Nifty Commodities TRI,2018-02-27,4461.233608342685
Nifty Commodities TRI,2018-02-28,4434.455218561235
Nifty Commodities TRI,2018-03-01,4427.0383558046915
Nifty Commodities TRI,2018-03-05,4337.968929392497
Nifty Commodities TRI,2018-03-06,4327.401499912228
Nifty Commodities TRI,2018-03-07,4269.896501387403
Nifty Commodities TRI,2018-03-08,4277.123458052632
Nifty Commodities TRI,2018-03-09,4247.0114154205185
Nifty Commodities TRI,2018-03-12,4338.83454546799
Nifty Commodities TRI,2018-03-13,4373.360830293307
Nifty Commodities TRI,2018-03-14,4359.926516656676
Nifty Commodities TRI,2018-03-15,4327.16997629164
Nifty Commodities TRI,2018-03-16,4233.578905746515
Nifty Commodities TRI,2018-03-19,4167.404205753298
Nifty Commodities TRI,2018-03-20,4149.405463989123
Nifty Commodities TRI,2018-03-21,4157.080620473257
Nifty Commodities TRI,2018-03-22,4156.215924334654
Nifty Commodities TRI,2018-03-23,4092.7576678412975
Nifty Commodities TRI,2018-03-26,4141.405478561788
Nifty Commodities TRI,2018-03-27,4188.196931051619
Nifty Commodities TRI,2018-03-28,4137.201378089839
Nifty Commodities TRI,2018-04-02,4179.586735442285
Nifty Commodities TRI,2018-04-03,4205.314038497596
Nifty Commodities TRI,2018-04-04,4120.681604425775
Nifty Commodities TRI,2018-04-05,4222.086102328905
Nifty Commodities TRI,2018-04-06,4229.320671970172
Nifty Commodities TRI,2018-04-09,4251.30973606513
Nifty Commodities TRI,2018-04-10,4284.360177387799
Nifty Commodities TRI,2018-04-11,4268.484882056542
Nifty Commodities TRI,2018-04-12,4249.401776457852
Nifty Commodities TRI,2018-04-13,4262.4335852874165
Nifty Commodities TRI,2018-04-16,4286.459741735614
Nifty Commodities TRI,2018-04-17,4299.495866378733
Nifty Commodities TRI,2018-04-18,4303.250124783493
Nifty Commodities TRI,2018-04-19,4356.965981362258
Nifty Commodities TRI,2018-04-20,4327.977198709489
Nifty Commodities TRI,2018-04-23,4326.191495835143
Nifty Commodities TRI,2018-04-24,4313.009175876953
Nifty Commodities TRI,2018-04-25,4277.989154720175
Nifty Commodities TRI,2018-04-26,4278.817263602752
Nifty Commodities TRI,2018-04-27,4311.839990811518
Nifty Commodities TRI,2018-04-30,4310.614297647487
Nifty Commodities TRI,2018-05-02,4241.112918813133
Nifty Commodities TRI,2018-05-03,4237.322924494645
Nifty Commodities TRI,2018-05-04,4201.439160492084
Nifty Commodities TRI,2018-05-07,4252.960795752652
Nifty Commodities TRI,2018-05-08,4264.206266633119
Nifty Commodities TRI,2018-05-09,4253.207428672845
Nifty Commodities TRI,2018-05-10,4246.262396355158
Nifty Commodities TRI,2018-05-11,4288.5431651883355
Nifty Commodities TRI,2018-05-14,4288.777179068827
Nifty Commodities TRI,2018-05-15,4284.198273785503
Nifty Commodities TRI,2018-05-16,4241.028257978953
Nifty Commodities TRI,2018-05-17,4220.840409036403
Nifty Commodities TRI,2018-05-18,4156.703918815786
Nifty Commodities TRI,2018-05-21,4117.134984454685
Nifty Commodities TRI,2018-05-22,4130.522959157337
Nifty Commodities TRI,2018-05-23,4023.197327685526
Nifty Commodities TRI,2018-05-24,4014.940027062276
Nifty Commodities TRI,2018-05-25,4092.013151073178
Nifty Commodities TRI,2018-05-28,4158.227402326078
Nifty Commodities TRI,2018-05-29,4153.413134793639
Nifty Commodities TRI,2018-05-30,4137.661917692646
Nifty Commodities TRI,2018-05-31,4155.1157446004045
Nifty Commodities TRI,2018-06-01,4118.8966698035765
Nifty Commodities TRI,2018-06-04,4113.861349710324
Nifty Commodities TRI,2018-06-05,4097.990630872041
Nifty Commodities TRI,2018-06-06,4135.072764293244
Nifty Commodities TRI,2018-06-07,4180.674556097228
Nifty Commodities TRI,2018-06-08,4172.700751628361
Nifty Commodities TRI,2018-06-11,4175.794128993193
Nifty Commodities TRI,2018-06-12,4166.859665421703
Nifty Commodities TRI,2018-06-13,4164.806639709098
Nifty Commodities TRI,2018-06-14,4140.525328334039
Nifty Commodities TRI,2018-06-15,4102.41862371224
Nifty Commodities TRI,2018-06-18,4088.3486161043816
Nifty Commodities TRI,2018-06-19,4025.7979203105647
Nifty Commodities TRI,2018-06-20,4035.4187213395035
Nifty Commodities TRI,2018-06-21,4024.8367982061554
Nifty Commodities TRI,2018-06-22,4031.0721555630394
Nifty Commodities TRI,2018-06-25,3995.1418934811254
Nifty Commodities TRI,2018-06-26,4004.876968927938
Nifty Commodities TRI,2018-06-27,3917.8536138837335
Nifty Commodities TRI,2018-06-28,3874.009949521569
Nifty Commodities TRI,2018-06-29,3959.5071489601946
Nifty Commodities TRI,2018-07-02,3903.6211784043526
Nifty Commodities TRI,2018-07-03,3916.0654453738266
Nifty Commodities TRI,2018-07-04,3908.463736558424
Nifty Commodities TRI,2018-07-05,3898.2068653793904
Nifty Commodities TRI,2018-07-06,3911.38703296993
Nifty Commodities TRI,2018-07-09,3947.4895346332232
Nifty Commodities TRI,2018-07-10,3990.330986211452
Nifty Commodities TRI,2018-07-11,3933.2440483129076
Nifty Commodities TRI,2018-07-12,3945.921345707963
Nifty Commodities TRI,2018-07-13,3933.684841939271
Nifty Commodities TRI,2018-07-16,3849.8994201537157
Nifty Commodities TRI,2018-07-17,3917.4446123770217
Nifty Commodities TRI,2018-07-18,3889.3242208915885
Nifty Commodities TRI,2018-07-19,3877.420443451729
Nifty Commodities TRI,2018-07-20,3867.0412565597267
Nifty Commodities TRI,2018-07-23,3919.0449026428146
Nifty Commodities TRI,2018-07-24,4010.979656594792
Nifty Commodities TRI,2018-07-25,4002.809013718622
Nifty Commodities TRI,2018-07-26,4020.1903302567266
Nifty Commodities TRI,2018-07-27,4069.5159923070414
Nifty Commodities TRI,2018-07-30,4104.1513432311785
Nifty Commodities TRI,2018-07-31,4117.809976730279
Nifty Commodities TRI,2018-08-01,4127.34169233892
Nifty Commodities TRI,2018-08-02,4116.741848102073
Nifty Commodities TRI,2018-08-03,4139.451515862272
Nifty Commodities TRI,2018-08-06,4160.477339324919
Nifty Commodities TRI,2018-08-07,4165.771455988572
Nifty Commodities TRI,2018-08-08,4184.812074486449
Nifty Commodities TRI,2018-08-09,4203.4020848115
Nifty Commodities TRI,2018-08-10,4168.192381471643
Nifty Commodities TRI,2018-08-13,4113.5789538959825
Nifty Commodities TRI,2018-08-14,4131.943691089867
Nifty Commodities TRI,2018-08-16,4089.11202562363
Nifty Commodities TRI,2018-08-17,4141.717118988642
Nifty Commodities TRI,2018-08-20,4200.28392521571
Nifty Commodities TRI,2018-08-21,4224.659215960931
Nifty Commodities TRI,2018-08-23,4207.862604570619
Nifty Commodities TRI,2018-08-24,4246.281611291626
Nifty Commodities TRI,2018-08-27,4302.562050000661
Nifty Commodities TRI,2018-08-28,4333.405639036541
Nifty Commodities TRI,2018-08-29,4347.094270092428
Nifty Commodities TRI,2018-08-30,4362.653155940055
Nifty Commodities TRI,2018-08-31,4363.432565536167
Nifty Commodities TRI,2018-09-03,4352.2909278386605
Nifty Commodities TRI,2018-09-04,4261.818041022933
Nifty Commodities TRI,2018-09-05,4262.932593542672
Nifty Commodities TRI,2018-09-06,4295.770414014727
Nifty Commodities TRI,2018-09-07,4335.919392434513
Nifty Commodities TRI,2018-09-10,4256.098166480876
Nifty Commodities TRI,2018-09-11,4205.876558474334
Nifty Commodities TRI,2018-09-12,4234.981202588626
Nifty Commodities TRI,2018-09-14,4343.2957949672455
Nifty Commodities TRI,2018-09-17,4317.803204723883
Nifty Commodities TRI,2018-09-18,4263.372973215716
Nifty Commodities TRI,2018-09-19,4283.42078847385
Nifty Commodities TRI,2018-09-21,4282.195283792046
Nifty Commodities TRI,2018-09-24,4232.984731599629
Nifty Commodities TRI,2018-09-25,4251.449357185608
Nifty Commodities TRI,2018-09-26,4293.504369552874
Nifty Commodities TRI,2018-09-27,4265.814576341378
Nifty Commodities TRI,2018-09-28,4181.185588012272
Nifty Commodities TRI,2018-10-01,4183.216241541411
Nifty Commodities TRI,2018-10-03,4178.463030329133
Nifty Commodities TRI,2018-10-04,4062.321955983918
Nifty Commodities TRI,2018-10-05,3811.5521634982942
Nifty Commodities TRI,2018-10-08,3812.0539151998587
Nifty Commodities TRI,2018-10-09,3784.8348524278645
Nifty Commodities TRI,2018-10-10,3850.443906016427
Nifty Commodities TRI,2018-10-11,3792.8652305632445
Nifty Commodities TRI,2018-10-12,3925.9549134747167
Nifty Commodities TRI,2018-10-15,3930.1057726736
Nifty Commodities TRI,2018-10-16,3971.2780611836047
Nifty Commodities TRI,2018-10-17,3896.659457382474
Nifty Commodities TRI,2018-10-19,3859.2328365550325
Nifty Commodities TRI,2018-10-22,3802.2276239255234
Nifty Commodities TRI,2018-10-23,3758.1259473867403
Nifty Commodities TRI,2018-10-24,3792.889377722135
Nifty Commodities TRI,2018-10-25,3749.18051929185
Nifty Commodities TRI,2018-10-26,3727.9548239537444
Nifty Commodities TRI,2018-10-29,3817.0452925392538
Nifty Commodities TRI,2018-10-30,3779.0064282851536
Nifty Commodities TRI,2018-10-31,3801.0593573497927
Nifty Commodities TRI,2018-11-01,3842.0302216349996
Nifty Commodities TRI,2018-11-02,3941.913200123614
Nifty Commodities TRI,2018-11-05,3932.0367072565837
Nifty Commodities TRI,2018-11-06,3924.7858876789505
Nifty Commodities TRI,2018-11-07,3949.694431491805
Nifty Commodities TRI,2018-11-09,3958.1493881140673
Nifty Commodities TRI,2018-11-12,3898.4282714055817
Nifty Commodities TRI,2018-11-13,3957.0472665116217
Nifty Commodities TRI,2018-11-14,3991.401292885787
Nifty Commodities TRI,2018-11-15,3990.1751865465358
Nifty Commodities TRI,2018-11-16,3978.4891924809012
Nifty Commodities TRI,2018-11-19,4011.933768095777
Nifty Commodities TRI,2018-11-20,3942.651079599866
Nifty Commodities TRI,2018-11-21,3945.231852400154
Nifty Commodities TRI,2018-11-22,3889.5859907483996
Nifty Commodities TRI,2018-11-26,3867.312385060323
Nifty Commodities TRI,2018-11-27,3879.331625633063
Nifty Commodities TRI,2018-11-28,3841.4690801773913
Nifty Commodities TRI,2018-11-29,3886.7069034132905
Nifty Commodities TRI,2018-11-30,3865.053272950738
Nifty Commodities TRI,2018-12-03,3902.1444925284472
Nifty Commodities TRI,2018-12-04,3910.1868085775836
Nifty Commodities TRI,2018-12-05,3833.6223384437526
Nifty Commodities TRI,2018-12-06,3765.1870918573663
Nifty Commodities TRI,2018-12-07,3772.4269956395174
Nifty Commodities TRI,2018-12-10,3715.897200297337
Nifty Commodities TRI,2018-12-11,3740.552047745219
Nifty Commodities TRI,2018-12-12,3823.720415980222
Nifty Commodities TRI,2018-12-13,3829.8268404725823
Nifty Commodities TRI,2018-12-14,3861.777162804246
Nifty Commodities TRI,2018-12-17,3909.5391776499373
Nifty Commodities TRI,2018-12-18,3926.981094670413
Nifty Commodities TRI,2018-12-19,3966.630416074526
Nifty Commodities TRI,2018-12-20,3954.3541275758794
Nifty Commodities TRI,2018-12-21,3901.305974892744
Nifty Commodities TRI,2018-12-24,3832.568579486727
Nifty Commodities TRI,2018-12-26,3851.909381205601
Nifty Commodities TRI,2018-12-27,3863.48937610738
Nifty Commodities TRI,2018-12-28,3896.5452929946155
Nifty Commodities TRI,2018-12-31,3909.535725024172
Nifty Commodities TRI,2019-01-01,3900.8958421023526
Nifty Commodities TRI,2019-01-02,3833.4560906485235
Nifty Commodities TRI,2019-01-03,3756.095219408971
Nifty Commodities TRI,2019-01-04,3796.2795414524953
Nifty Commodities TRI,2019-01-07,3813.135005469902
Nifty Commodities TRI,2019-01-08,3813.7773632823096
Nifty Commodities TRI,2019-01-09,3774.0097885988766
Nifty Commodities TRI,2019-01-10,3765.3023493571145
Nifty Commodities TRI,2019-01-11,3759.615270652908
Nifty Commodities TRI,2019-01-14,3737.248331611585
Nifty Commodities TRI,2019-01-15,3792.846786595648
Nifty Commodities TRI,2019-01-16,3799.9876991119336
Nifty Commodities TRI,2019-01-17,3796.239140255276
Nifty Commodities TRI,2019-01-18,3803.552126509686
Nifty Commodities TRI,2019-01-21,3807.3602543055795
Nifty Commodities TRI,2019-01-22,3781.0833197956886
Nifty Commodities TRI,2019-01-23,3771.5721521324776
Nifty Commodities TRI,2019-01-24,3765.1970927509633
Nifty Commodities TRI,2019-01-25,3718.3230059867215
Nifty Commodities TRI,2019-01-28,3667.239129464019
Nifty Commodities TRI,2019-01-29,3663.1394175031833
Nifty Commodities TRI,2019-01-30,3674.5580754835682
Nifty Commodities TRI,2019-01-31,3728.0284700109696
Nifty Commodities TRI,2019-02-01,3694.374391095988
Nifty Commodities TRI,2019-02-04,3684.4153334821654
Nifty Commodities TRI,2019-02-05,3663.7073829522137
Nifty Commodities TRI,2019-02-06,3720.21764773446
Nifty Commodities TRI,2019-02-07,3727.876399893603
Nifty Commodities TRI,2019-02-08,3648.661524741762
Nifty Commodities TRI,2019-02-11,3601.8708203856086
Nifty Commodities TRI,2019-02-12,3626.1960576043725
Nifty Commodities TRI,2019-02-14,3563.3452067443454
Nifty Commodities TRI,2019-02-15,3559.9790352066793
Nifty Commodities TRI,2019-02-18,3532.4042878481973
Nifty Commodities TRI,2019-02-19,3554.7924376908218
Nifty Commodities TRI,2019-02-20,3640.406388652343
Nifty Commodities TRI,2019-02-21,3676.166900413691
Nifty Commodities TRI,2019-02-22,3719.5277655810282
Nifty Commodities TRI,2019-02-25,3738.9817271834554
Nifty Commodities TRI,2019-02-26,3750.3617369289677
Nifty Commodities TRI,2019-02-27,3755.001105343064
Nifty Commodities TRI,2019-02-28,3777.2957933966272
Nifty Commodities TRI,2019-03-01,3827.589789279171
Nifty Commodities TRI,2019-03-05,3929.2052133413895
Nifty Commodities TRI,2019-03-06,3965.1740540683254
Nifty Commodities TRI,2019-03-07,3930.4463757141475
Nifty Commodities TRI,2019-03-08,3925.665852801828
Nifty Commodities TRI,2019-03-11,4021.5358435763865
Nifty Commodities TRI,2019-03-12,4039.7975091784697
Nifty Commodities TRI,2019-03-13,4001.6329750681316
Nifty Commodities TRI,2019-03-14,4013.0345678566878
Nifty Commodities TRI,2019-03-15,4043.8201007468924
Nifty Commodities TRI,2019-03-18,4082.7839060744514
Nifty Commodities TRI,2019-03-19,4111.348552693826
Nifty Commodities TRI,2019-03-20,4046.1803029882453
Nifty Commodities TRI,2019-03-22,4038.053396255658
Nifty Commodities TRI,2019-03-25,4033.840000965829
Nifty Commodities TRI,2019-03-26,4088.7843443712027
Nifty Commodities TRI,2019-03-27,4065.699676679628
Nifty Commodities TRI,2019-03-28,4070.475301678205
Nifty Commodities TRI,2019-04-01,4167.9221988958025
Nifty Commodities TRI,2019-04-02,4143.97588809401
Nifty Commodities TRI,2019-04-03,4104.003175492626
Nifty Commodities TRI,2019-04-04,4099.96847935613
Nifty Commodities TRI,2019-04-05,4152.252905860197
Nifty Commodities TRI,2019-04-08,4115.366729707714
Nifty Commodities TRI,2019-04-09,4139.668307680652
Nifty Commodities TRI,2019-04-10,4119.604300556062
Nifty Commodities TRI,2019-04-11,4122.782741699866
Nifty Commodities TRI,2019-04-12,4125.560587244737
Nifty Commodities TRI,2019-04-15,4157.5453284504165
Nifty Commodities TRI,2019-04-16,4188.901106999722
Nifty Commodities TRI,2019-04-18,4175.278757347197
Nifty Commodities TRI,2019-04-22,4093.149054299682
Nifty Commodities TRI,2019-04-23,4096.728780768768
Nifty Commodities TRI,2019-04-24,4149.290504499386
Nifty Commodities TRI,2019-04-25,4155.165234524911
Nifty Commodities TRI,2019-04-26,4200.11464667561
Nifty Commodities TRI,2019-04-30,4227.066575588975
Nifty Commodities TRI,2019-05-02,4219.455998402476
Nifty Commodities TRI,2019-05-03,4224.304558269818
Nifty Commodities TRI,2019-05-06,4189.326522204734
Nifty Commodities TRI,2019-05-07,4136.849641996458
Nifty Commodities TRI,2019-05-08,4095.775776850731
Nifty Commodities TRI,2019-05-09,4038.9320085930713
Nifty Commodities TRI,2019-05-10,3998.9959939743558
Nifty Commodities TRI,2019-05-13,3922.7441583368045
Nifty Commodities TRI,2019-05-14,3959.865549778275
Nifty Commodities TRI,2019-05-15,3919.9732741461107
Nifty Commodities TRI,2019-05-16,3991.049497525953
Nifty Commodities TRI,2019-05-17,3995.1443211818237
Nifty Commodities TRI,2019-05-20,4169.362493890696
Nifty Commodities TRI,2019-05-21,4109.448411085281
Nifty Commodities TRI,2019-05-22,4131.678243658166
Nifty Commodities TRI,2019-05-23,4120.922385135036
Nifty Commodities TRI,2019-05-24,4200.642001034308
Nifty Commodities TRI,2019-05-27,4267.589660187593
Nifty Commodities TRI,2019-05-28,4278.5289720345945
Nifty Commodities TRI,2019-05-29,4218.252631256687
Nifty Commodities TRI,2019-05-30,4237.33969545295
Nifty Commodities TRI,2019-05-31,4230.028242180804
Nifty Commodities TRI,2019-06-03,4281.734575528141
Nifty Commodities TRI,2019-06-04,4248.075750649228
Nifty Commodities TRI,2019-06-06,4189.302080977724
Nifty Commodities TRI,2019-06-07,4179.632053321193
Nifty Commodities TRI,2019-06-10,4170.196009337634
Nifty Commodities TRI,2019-06-11,4207.839298784023
Nifty Commodities TRI,2019-06-12,4198.914187467286
Nifty Commodities TRI,2019-06-13,4197.741050676256
Nifty Commodities TRI,2019-06-14,4169.000731035682
Nifty Commodities TRI,2019-06-17,4076.7889033611864
Nifty Commodities TRI,2019-06-18,4108.523958367644
Nifty Commodities TRI,2019-06-19,4092.9271514181055
Nifty Commodities TRI,2019-06-20,4141.900536810071
Nifty Commodities TRI,2019-06-21,4127.625358399786
Nifty Commodities TRI,2019-06-24,4100.419912238164
Nifty Commodities TRI,2019-06-25,4163.42630574021
Nifty Commodities TRI,2019-06-26,4216.497504315051
Nifty Commodities TRI,2019-06-27,4214.462265866237
Nifty Commodities TRI,2019-06-28,4178.691430951249
Nifty Commodities TRI,2019-07-01,4156.484469406757
Nifty Commodities TRI,2019-07-02,4196.810014311903
Nifty Commodities TRI,2019-07-03,4205.580167427494
Nifty Commodities TRI,2019-07-04,4219.46749873737
Nifty Commodities TRI,2019-07-05,4095.379715509323
Nifty Commodities TRI,2019-07-08,3981.9024202283144
Nifty Commodities TRI,2019-07-09,4019.127850199903
Nifty Commodities TRI,2019-07-10,3984.2465073888793
Nifty Commodities TRI,2019-07-11,4016.817533353581
Nifty Commodities TRI,2019-07-12,4013.9082495644584
Nifty Commodities TRI,2019-07-15,4029.1636380008745
Nifty Commodities TRI,2019-07-16,4068.2448304173367
Nifty Commodities TRI,2019-07-17,4061.943158468441
Nifty Commodities TRI,2019-07-18,3991.4987325533543
Nifty Commodities TRI,2019-07-19,3954.9323139173353
Nifty Commodities TRI,2019-07-22,4003.6710608486064
Nifty Commodities TRI,2019-07-23,3996.961712023706
Nifty Commodities TRI,2019-07-24,3931.4998197083078
Nifty Commodities TRI,2019-07-25,3892.7903629005336
Nifty Commodities TRI,2019-07-26,3889.1245872401746
Nifty Commodities TRI,2019-07-29,3798.8108826538014
Nifty Commodities TRI,2019-07-30,3715.8214349799814
Nifty Commodities TRI,2019-07-31,3765.1043680504463
Nifty Commodities TRI,2019-08-01,3701.735270515179
Nifty Commodities TRI,2019-08-02,3668.698942116283
Nifty Commodities TRI,2019-08-05,3599.9131103710515
Nifty Commodities TRI,2019-08-06,3642.7559560040245
Nifty Commodities TRI,2019-08-07,3582.586961911137
Nifty Commodities TRI,2019-08-08,3619.559259198585
Nifty Commodities TRI,2019-08-09,3625.898154281618
Nifty Commodities TRI,2019-08-13,3576.033719598184
Nifty Commodities TRI,2019-08-14,3634.9055229288338
Nifty Commodities TRI,2019-08-16,3637.9106610032936
Nifty Commodities TRI,2019-08-19,3626.4019032095794
Nifty Commodities TRI,2019-08-20,3575.06714587619
Nifty Commodities TRI,2019-08-21,3496.875253277583
Nifty Commodities TRI,2019-08-22,3409.282628922071
Nifty Commodities TRI,2019-08-23,3508.5694261138183
Nifty Commodities TRI,2019-08-26,3544.414921253245
Nifty Commodities TRI,2019-08-27,3592.8319924217044
Nifty Commodities TRI,2019-08-28,3540.207505249325
Nifty Commodities TRI,2019-08-29,3547.0095939785865
Nifty Commodities TRI,2019-08-30,3559.8076507819496
Nifty Commodities TRI,2019-09-03,3455.909770435189
Nifty Commodities TRI,2019-09-04,3485.8895805365705
Nifty Commodities TRI,2019-09-05,3557.2757123878546
Nifty Commodities TRI,2019-09-06,3606.7551649837205
Nifty Commodities TRI,2019-09-09,3625.048055626455
Nifty Commodities TRI,2019-09-11,3646.571157043801
Nifty Commodities TRI,2019-09-12,3632.039752042695
Nifty Commodities TRI,2019-09-13,3699.6534432113426
Nifty Commodities TRI,2019-09-16,3663.7321023301806
Nifty Commodities TRI,2019-09-17,3589.94149408004
Nifty Commodities TRI,2019-09-18,3615.67868490424
Nifty Commodities TRI,2019-09-19,3565.1331485207356
Nifty Commodities TRI,2019-09-20,3769.9361229317415
Nifty Commodities TRI,2019-09-23,3846.8461970310136
Nifty Commodities TRI,2019-09-24,3817.828623790331
Nifty Commodities TRI,2019-09-25,3777.0909509628173
Nifty Commodities TRI,2019-09-26,3870.0952720837777
Nifty Commodities TRI,2019-09-27,3825.6039209930823
Nifty Commodities TRI,2019-09-30,3824.605563231768
Nifty Commodities TRI,2019-10-01,3773.9829815205953
Nifty Commodities TRI,2019-10-03,3758.818696980698
Nifty Commodities TRI,2019-10-04,3710.784044627466
Nifty Commodities TRI,2019-10-07,3655.0168259482907
Nifty Commodities TRI,2019-10-09,3712.0948214331047
Nifty Commodities TRI,2019-10-10,3703.9004527723373
Nifty Commodities TRI,2019-10-11,3733.484282322595
Nifty Commodities TRI,2019-10-14,3774.184745949764
Nifty Commodities TRI,2019-10-15,3811.6933756616936
Nifty Commodities TRI,2019-10-16,3834.81814959717
Nifty Commodities TRI,2019-10-17,3857.945455606234
Nifty Commodities TRI,2019-10-18,3910.0833675367226
Nifty Commodities TRI,2019-10-22,3910.616231156679
Nifty Commodities TRI,2019-10-23,3887.4560903537035
Nifty Commodities TRI,2019-10-24,3879.2066985153224
Nifty Commodities TRI,2019-10-25,3860.1467188989377
Nifty Commodities TRI,2019-10-29,3934.4442459313486
Nifty Commodities TRI,2019-10-30,3948.1661942208452
Nifty Commodities TRI,2019-10-31,3967.0935084924618
Nifty Commodities TRI,2019-11-01,3980.3558827113916
Nifty Commodities TRI,2019-11-04,4024.5458735325437
Nifty Commodities TRI,2019-11-05,3989.3465383315233
Nifty Commodities TRI,2019-11-06,3992.7804665987514
Nifty Commodities TRI,2019-11-07,3994.4215504462068
Nifty Commodities TRI,2019-11-08,3929.482893967939
Nifty Commodities TRI,2019-11-11,3927.5708418126897
Nifty Commodities TRI,2019-11-13,3890.6352574029256
Nifty Commodities TRI,2019-11-14,3861.5472641785886
Nifty Commodities TRI,2019-11-15,3852.2457942509504
Nifty Commodities TRI,2019-11-18,3888.8656421160936
Nifty Commodities TRI,2019-11-19,3896.232194839861
Nifty Commodities TRI,2019-11-20,3927.0984380292657
Nifty Commodities TRI,2019-11-21,3858.0054478568804
Nifty Commodities TRI,2019-11-22,3893.214178879116
Nifty Commodities TRI,2019-11-25,3947.9148868660836
Nifty Commodities TRI,2019-11-26,3919.1020064912054
Nifty Commodities TRI,2019-11-27,3960.0542112495173
Nifty Commodities TRI,2019-11-28,4008.5955920283996
Nifty Commodities TRI,2019-11-29,3974.4538087292335
Nifty Commodities TRI,2019-12-02,3974.978537711723
Nifty Commodities TRI,2019-12-03,3914.7662550289833
Nifty Commodities TRI,2019-12-04,3931.348634384713
Nifty Commodities TRI,2019-12-05,3884.2186446620653
Nifty Commodities TRI,2019-12-06,3862.686726930066
Nifty Commodities TRI,2019-12-09,3881.1539615589004
Nifty Commodities TRI,2019-12-10,3821.0904163228547
Nifty Commodities TRI,2019-12-11,3833.386148511768
Nifty Commodities TRI,2019-12-12,3875.059450048874
Nifty Commodities TRI,2019-12-13,3923.168673951665
Nifty Commodities TRI,2019-12-16,3883.9299765384826
Nifty Commodities TRI,2019-12-17,3930.0785664062337
Nifty Commodities TRI,2019-12-18,3926.4452215377364
Nifty Commodities TRI,2019-12-19,3936.6641737133064
Nifty Commodities TRI,2019-12-20,3950.0724174964475
Nifty Commodities TRI,2019-12-23,3940.6798792844947
Nifty Commodities TRI,2019-12-24,3935.596548033905
Nifty Commodities TRI,2019-12-26,3930.704693653049
Nifty Commodities TRI,2019-12-27,3968.00632775657
Nifty Commodities TRI,2019-12-30,3984.477918879655
Nifty Commodities TRI,2019-12-31,3980.902853200521
Nifty Commodities TRI,2020-01-01,3987.7670647554996
Nifty Commodities TRI,2020-01-02,4060.4047998876026
Nifty Commodities TRI,2020-01-03,4034.153409115883
Nifty Commodities TRI,2020-01-06,3949.0027386645947
Nifty Commodities TRI,2020-01-07,3984.9326238335266
Nifty Commodities TRI,2020-01-08,3977.584949401279
Nifty Commodities TRI,2020-01-09,4035.3939014209755
Nifty Commodities TRI,2020-01-10,4062.977918958651
Nifty Commodities TRI,2020-01-13,4090.79053295898
Nifty Commodities TRI,2020-01-14,4101.436611292392
Nifty Commodities TRI,2020-01-15,4112.373908117119
Nifty Commodities TRI,2020-01-16,4079.6657053666513
Nifty Commodities TRI,2020-01-17,4081.6643730909905
Nifty Commodities TRI,2020-01-20,4034.2535261973735
Nifty Commodities TRI,2020-01-21,4008.5003126689744
Nifty Commodities TRI,2020-01-22,3960.4502681112876
Nifty Commodities TRI,2020-01-23,3995.6539804706913
Nifty Commodities TRI,2020-01-24,4027.6098117437255
Nifty Commodities TRI,2020-01-27,3980.7553433416815
Nifty Commodities TRI,2020-01-28,3942.330228673435
Nifty Commodities TRI,2020-01-29,3960.0041278912163
Nifty Commodities TRI,2020-01-30,3911.5264679547454
Nifty Commodities TRI,2020-01-31,3823.8377381279956
Nifty Commodities TRI,2020-02-03,3755.0949944550516
Nifty Commodities TRI,2020-02-04,3860.2547706251107
Nifty Commodities TRI,2020-02-05,3918.1340218972573
Nifty Commodities TRI,2020-02-06,3938.54410338321
Nifty Commodities TRI,2020-02-07,3957.0388875967783
Nifty Commodities TRI,2020-02-10,3901.5412501127007
Nifty Commodities TRI,2020-02-11,3928.406196706673
Nifty Commodities TRI,2020-02-12,3926.6803266292104
Nifty Commodities TRI,2020-02-13,3906.471975031323
Nifty Commodities TRI,2020-02-14,3885.506157651457
Nifty Commodities TRI,2020-02-17,3836.8382380964254
Nifty Commodities TRI,2020-02-18,3811.911879655076
Nifty Commodities TRI,2020-02-19,3872.5604985633418
Nifty Commodities TRI,2020-02-20,3866.063574863299
Nifty Commodities TRI,2020-02-24,3753.83111369096
Nifty Commodities TRI,2020-02-25,3732.0323716575194
Nifty Commodities TRI,2020-02-26,3683.013923671416
Nifty Commodities TRI,2020-02-27,3657.37098002261
Nifty Commodities TRI,2020-02-28,3507.548557601947
Nifty Commodities TRI,2020-03-02,3448.204613972223
Nifty Commodities TRI,2020-03-03,3579.206032117478
Nifty Commodities TRI,2020-03-04,3548.1398440641706
Nifty Commodities TRI,2020-03-05,3529.346556716613
Nifty Commodities TRI,2020-03-06,3442.652732223099
Nifty Commodities TRI,2020-03-09,3274.2290672614486
Nifty Commodities TRI,2020-03-11,3242.1915558641554
Nifty Commodities TRI,2020-03-12,2938.316019881375
Nifty Commodities TRI,2020-03-13,3056.7264389525253
Nifty Commodities TRI,2020-03-16,2858.384396632485
Nifty Commodities TRI,2020-03-17,2821.208992661907
Nifty Commodities TRI,2020-03-18,2722.2624565777573
Nifty Commodities TRI,2020-03-19,2576.264836568946
Nifty Commodities TRI,2020-03-20,2771.260208325511
Nifty Commodities TRI,2020-03-23,2432.1811358450555
Nifty Commodities TRI,2020-03-24,2445.810237472541
Nifty Commodities TRI,2020-03-25,2544.2326668582555
Nifty Commodities TRI,2020-03-26,2572.1954776918546
Nifty Commodities TRI,2020-03-27,2576.5143759245343
Nifty Commodities TRI,2020-03-30,2519.6899747852613
Nifty Commodities TRI,2020-03-31,2673.893529780326
Nifty Commodities TRI,2020-04-01,2595.261454034922
Nifty Commodities TRI,2020-04-03,2561.1987102532103
Nifty Commodities TRI,2020-04-07,2756.448999257405
Nifty Commodities TRI,2020-04-08,2745.8605768953753
Nifty Commodities TRI,2020-04-09,2840.057397425766
Nifty Commodities TRI,2020-04-13,2867.8921556355285
Nifty Commodities TRI,2020-04-15,2907.405541351684
Nifty Commodities TRI,2020-04-16,2957.976214740041
Nifty Commodities TRI,2020-04-17,3000.6810675064125
Nifty Commodities TRI,2020-04-20,2985.8436265747687
Nifty Commodities TRI,2020-04-21,2893.970953593668
Nifty Commodities TRI,2020-04-22,2948.5797915814082
Nifty Commodities TRI,2020-04-23,2945.1662986344004
Nifty Commodities TRI,2020-04-24,2898.477562838986
Nifty Commodities TRI,2020-04-27,2936.2921254172616
Nifty Commodities TRI,2020-04-28,2937.1940490011416
Nifty Commodities TRI,2020-04-29,2973.4474794587736
Nifty Commodities TRI,2020-04-30,3126.9072606888762
Nifty Commodities TRI,2020-05-04,2957.3105463887623
Nifty Commodities TRI,2020-05-05,2959.4973545527596
Nifty Commodities TRI,2020-05-06,2970.4377708930165
Nifty Commodities TRI,2020-05-07,2934.1085714668466
Nifty Commodities TRI,2020-05-08,2930.224699658579
Nifty Commodities TRI,2020-05-11,2951.2589684623968
Nifty Commodities TRI,2020-05-12,2946.0326798420547
Nifty Commodities TRI,2020-05-13,3021.423139836508
Nifty Commodities TRI,2020-05-14,2961.2070786935
Nifty Commodities TRI,2020-05-15,2984.295883483465
Nifty Commodities TRI,2020-05-18,2865.6171444595698
Nifty Commodities TRI,2020-05-19,2888.0630973371076
Nifty Commodities TRI,2020-05-20,2955.534838999143
Nifty Commodities TRI,2020-05-21,2973.081922383537
Nifty Commodities TRI,2020-05-22,2978.4832872485395
Nifty Commodities TRI,2020-05-26,3030.176670456095
Nifty Commodities TRI,2020-05-27,3077.466420379485
Nifty Commodities TRI,2020-05-28,3126.22096625506
Nifty Commodities TRI,2020-05-29,3186.197329634277
Nifty Commodities TRI,2020-06-01,3245.1528868795053
Nifty Commodities TRI,2020-06-02,3258.575803338377
Nifty Commodities TRI,2020-06-03,3262.708491203666
Nifty Commodities TRI,2020-06-04,3275.3154758474393
Nifty Commodities TRI,2020-06-05,3365.1247856949103
Nifty Commodities TRI,2020-06-08,3368.4234033792013
Nifty Commodities TRI,2020-06-09,3325.624975758826
Nifty Commodities TRI,2020-06-10,3330.8146740396915
Nifty Commodities TRI,2020-06-11,3262.9899981393987
Nifty Commodities TRI,2020-06-12,3296.940047667157
Nifty Commodities TRI,2020-06-15,3251.173248000059
Nifty Commodities TRI,2020-06-16,3271.212865461021
Nifty Commodities TRI,2020-06-17,3260.964059029886
Nifty Commodities TRI,2020-06-18,3314.4557429595966
Nifty Commodities TRI,2020-06-19,3364.911774941519
Nifty Commodities TRI,2020-06-22,3407.225310060915
Nifty Commodities TRI,2020-06-23,3465.4754386878503
Nifty Commodities TRI,2020-06-24,3395.157217649654
Nifty Commodities TRI,2020-06-25,3362.7977176524173
Nifty Commodities TRI,2020-06-26,3414.969797435131
Nifty Commodities TRI,2020-06-29,3353.5080568384396
Nifty Commodities TRI,2020-06-30,3346.9428628283854
Nifty Commodities TRI,2020-07-01,3355.649712198375
Nifty Commodities TRI,2020-07-02,3383.551424528499
Nifty Commodities TRI,2020-07-03,3398.932297496396
Nifty Commodities TRI,2020-07-06,3458.897053175087
Nifty Commodities TRI,2020-07-07,3412.1224230559865
Nifty Commodities TRI,2020-07-08,3393.0308463422202
Nifty Commodities TRI,2020-07-09,3418.836418854594
Nifty Commodities TRI,2020-07-10,3401.206828067491
Nifty Commodities TRI,2020-07-13,3427.81866546016
Nifty Commodities TRI,2020-07-14,3370.6627529266593
Nifty Commodities TRI,2020-07-15,3348.0492132799754
Nifty Commodities TRI,2020-07-16,3356.586530488888
Nifty Commodities TRI,2020-07-17,3446.583906021867
Nifty Commodities TRI,2020-07-20,3464.9528709608326
Nifty Commodities TRI,2020-07-21,3514.90919356165
Nifty Commodities TRI,2020-07-22,3508.169035279527
Nifty Commodities TRI,2020-07-23,3529.194483759657
Nifty Commodities TRI,2020-07-24,3507.2228412396603
Nifty Commodities TRI,2020-07-27,3515.998064904941
Nifty Commodities TRI,2020-07-28,3580.387857031919
Nifty Commodities TRI,2020-07-29,3579.5664931135298
Nifty Commodities TRI,2020-07-30,3533.0966413888546
Nifty Commodities TRI,2020-07-31,3539.5983627251912
Nifty Commodities TRI,2020-08-03,3510.63593336893
Nifty Commodities TRI,2020-08-04,3539.820892648595
Nifty Commodities TRI,2020-08-05,3571.822432579235
Nifty Commodities TRI,2020-08-06,3601.775145078122
Nifty Commodities TRI,2020-08-07,3624.461742761491
Nifty Commodities TRI,2020-08-10,3647.800278951709
Nifty Commodities TRI,2020-08-11,3648.095547447396
Nifty Commodities TRI,2020-08-12,3634.6703537402595
Nifty Commodities TRI,2020-08-13,3650.3871875395826
Nifty Commodities TRI,2020-08-14,3643.235270831089
Nifty Commodities TRI,2020-08-17,3694.1497259017524
Nifty Commodities TRI,2020-08-18,3752.2206948889857
Nifty Commodities TRI,2020-08-19,3768.76923888675
Nifty Commodities TRI,2020-08-20,3812.7713661384487
Nifty Commodities TRI,2020-08-21,3830.8494438030752
Nifty Commodities TRI,2020-08-24,3842.0889406614256
Nifty Commodities TRI,2020-08-25,3821.0955034379335
Nifty Commodities TRI,2020-08-26,3822.6315779901347
Nifty Commodities TRI,2020-08-27,3821.8209206680854
Nifty Commodities TRI,2020-08-28,3832.100700743481
Nifty Commodities TRI,2020-08-31,3701.665346626895
Nifty Commodities TRI,2020-09-01,3752.7918347222558
Nifty Commodities TRI,2020-09-02,3802.5146574013656
Nifty Commodities TRI,2020-09-03,3811.8574972845863
Nifty Commodities TRI,2020-09-04,3728.099944224253
Nifty Commodities TRI,2020-09-07,3705.8079250390865
Nifty Commodities TRI,2020-09-08,3660.4860581128605
Nifty Commodities TRI,2020-09-09,3675.578722883821
Nifty Commodities TRI,2020-09-10,3734.8885241106886
Nifty Commodities TRI,2020-09-11,3745.4060794343013
Nifty Commodities TRI,2020-09-14,3761.107309457464
Nifty Commodities TRI,2020-09-15,3800.466352863251
Nifty Commodities TRI,2020-09-16,3814.3374344634367
Nifty Commodities TRI,2020-09-17,3786.211332997089
Nifty Commodities TRI,2020-09-18,3791.272031511877
Nifty Commodities TRI,2020-09-21,3663.104809747134
Nifty Commodities TRI,2020-09-22,3616.2808926961807
Nifty Commodities TRI,2020-09-23,3590.66351702276
Nifty Commodities TRI,2020-09-24,3486.423530844132
Nifty Commodities TRI,2020-09-25,3564.806312123832
Nifty Commodities TRI,2020-09-28,3652.662118312652
Nifty Commodities TRI,2020-09-29,3676.467360684567
Nifty Commodities TRI,2020-09-30,3657.0156378438733
Nifty Commodities TRI,2020-10-01,3676.709131309198
Nifty Commodities TRI,2020-10-05,3689.5385038456434
Nifty Commodities TRI,2020-10-06,3695.950623042176
Nifty Commodities TRI,2020-10-07,3693.720717576672
Nifty Commodities TRI,2020-10-08,3698.7225197184716
Nifty Commodities TRI,2020-10-09,3688.436476902672
Nifty Commodities TRI,2020-10-12,3673.686127509775
Nifty Commodities TRI,2020-10-13,3700.6258643716983
Nifty Commodities TRI,2020-10-14,3698.924368805437
Nifty Commodities TRI,2020-10-15,3650.4614125898374
Nifty Commodities TRI,2020-10-16,3709.05030587349
Nifty Commodities TRI,2020-10-19,3749.0695424875444
Nifty Commodities TRI,2020-10-20,3730.484688754876
Nifty Commodities TRI,2020-10-21,3771.3818143627295
Nifty Commodities TRI,2020-10-22,3795.7491997248294
Nifty Commodities TRI,2020-10-23,3792.698258460256
Nifty Commodities TRI,2020-10-26,3710.568105071083
Nifty Commodities TRI,2020-10-27,3766.7196264358695
Nifty Commodities TRI,2020-10-28,3738.7698151986892
Nifty Commodities TRI,2020-10-29,3756.3749976590257
Nifty Commodities TRI,2020-10-30,3806.650688488373
Nifty Commodities TRI,2020-11-02,3776.8897826706298
Nifty Commodities TRI,2020-11-03,3777.839511534923
Nifty Commodities TRI,2020-11-04,3781.79239997672
Nifty Commodities TRI,2020-11-05,3894.1434250923116
Nifty Commodities TRI,2020-11-06,3907.699860693515
Nifty Commodities TRI,2020-11-09,3967.399458193707
Nifty Commodities TRI,2020-11-10,3988.73653799425
Nifty Commodities TRI,2020-11-11,4049.4775801966834
Nifty Commodities TRI,2020-11-12,4061.101932851719
Nifty Commodities TRI,2020-11-13,4102.296813560268
Nifty Commodities TRI,2020-11-17,4162.130781839479
Nifty Commodities TRI,2020-11-18,4168.932648390367
Nifty Commodities TRI,2020-11-19,4135.434079520972
Nifty Commodities TRI,2020-11-20,4164.3904316584285
Nifty Commodities TRI,2020-11-23,4236.8974028008015
Nifty Commodities TRI,2020-11-24,4252.132678331533
Nifty Commodities TRI,2020-11-25,4199.119926262125
Nifty Commodities TRI,2020-11-26,4248.48124440954
Nifty Commodities TRI,2020-11-27,4250.869485908035
Nifty Commodities TRI,2020-12-01,4322.328057012088
Nifty Commodities TRI,2020-12-02,4375.011486924755
Nifty Commodities TRI,2020-12-03,4439.315104853097
Nifty Commodities TRI,2020-12-04,4460.228154378334
Nifty Commodities TRI,2020-12-07,4474.386297538119
Nifty Commodities TRI,2020-12-08,4462.868891745808
Nifty Commodities TRI,2020-12-09,4458.368652176995
Nifty Commodities TRI,2020-12-10,4397.482362628882
Nifty Commodities TRI,2020-12-11,4438.042148900402
Nifty Commodities TRI,2020-12-14,4485.001389139116
Nifty Commodities TRI,2020-12-15,4501.680030384071
Nifty Commodities TRI,2020-12-16,4532.519805414304
Nifty Commodities TRI,2020-12-17,4515.512826014488
Nifty Commodities TRI,2020-12-18,4510.010192493975
Nifty Commodities TRI,2020-12-21,4296.751175427434
Nifty Commodities TRI,2020-12-22,4339.924049864737
Nifty Commodities TRI,2020-12-23,4383.986692039335
Nifty Commodities TRI,2020-12-24,4413.29808070215
Nifty Commodities TRI,2020-12-28,4469.710106157322
Nifty Commodities TRI,2020-12-29,4446.019067179678
Nifty Commodities TRI,2020-12-30,4500.256307583141
Nifty Commodities TRI,2020-12-31,4487.841355627738
Nifty Commodities TRI,2021-01-04,4608.772379008174
Nifty Commodities TRI,2021-01-05,4584.784678178537
Nifty Commodities TRI,2021-01-06,4622.333721834307
Nifty Commodities TRI,2021-01-07,4662.307709763524
Nifty Commodities TRI,2021-01-08,4723.666981762814
Nifty Commodities TRI,2021-01-11,4695.708806338986
Nifty Commodities TRI,2021-01-12,4711.652394541203
Nifty Commodities TRI,2021-01-13,4725.647758169136
Nifty Commodities TRI,2021-01-14,4744.016747423248
Nifty Commodities TRI,2021-01-15,4679.373519419223
Nifty Commodities TRI,2021-01-18,4595.969796018987
Nifty Commodities TRI,2021-01-19,4691.16172959266
Nifty Commodities TRI,2021-01-20,4722.949633229023
Nifty Commodities TRI,2021-01-21,4674.539359103274
Nifty Commodities TRI,2021-01-25,4547.235906896512
Nifty Commodities TRI,2021-01-27,4463.021704913796
Nifty Commodities TRI,2021-01-28,4465.308968480314
Nifty Commodities TRI,2021-01-29,4393.335502134863
Nifty Commodities TRI,2021-02-01,4559.967065754496
Nifty Commodities TRI,2021-02-02,4709.213675285743
Nifty Commodities TRI,2021-02-03,4738.244671837858
Nifty Commodities TRI,2021-02-04,4817.135284261217
Nifty Commodities TRI,2021-02-05,4820.623555480294
Nifty Commodities TRI,2021-02-08,4908.581814822345
Nifty Commodities TRI,2021-02-09,4911.542547051156
Nifty Commodities TRI,2021-02-10,4910.126095060828
Nifty Commodities TRI,2021-02-11,4949.354220099996
Nifty Commodities TRI,2021-02-12,4911.374803418346
Nifty Commodities TRI,2021-02-16,4996.839536149906
Nifty Commodities TRI,2021-02-18,5057.871461383868
Nifty Commodities TRI,2021-02-19,5003.6082394010555
Nifty Commodities TRI,2021-02-22,4977.053145994762
Nifty Commodities TRI,2021-02-23,5087.284432610082
Nifty Commodities TRI,2021-02-24,5118.96848516986
Nifty Commodities TRI,2021-02-25,5251.655012523901
Nifty Commodities TRI,2021-02-26,5096.970348663784
Nifty Commodities TRI,2021-03-01,5213.836659607829
Nifty Commodities TRI,2021-03-02,5267.742050848473
Nifty Commodities TRI,2021-03-03,5373.115353684896
Nifty Commodities TRI,2021-03-04,5375.569172551743
Nifty Commodities TRI,2021-03-05,5307.485201183658
Nifty Commodities TRI,2021-03-08,5333.555733925441
Nifty Commodities TRI,2021-03-09,5288.677627298453
Nifty Commodities TRI,2021-03-10,5321.932463802197
Nifty Commodities TRI,2021-03-12,5295.5548847279615
Nifty Commodities TRI,2021-03-15,5304.804244338205
Nifty Commodities TRI,2021-03-16,5301.922800522868
Nifty Commodities TRI,2021-03-17,5174.474760365543
Nifty Commodities TRI,2021-03-18,5134.013234629087
Nifty Commodities TRI,2021-03-19,5257.123510335324
Nifty Commodities TRI,2021-03-22,5311.656671254977
Nifty Commodities TRI,2021-03-23,5344.341385520485
Nifty Commodities TRI,2021-03-24,5237.659166267487
Nifty Commodities TRI,2021-03-25,5142.408778754398
Nifty Commodities TRI,2021-03-26,5216.412448277129
Nifty Commodities TRI,2021-03-30,5309.22612694767
Nifty Commodities TRI,2021-03-31,5305.986441916015
Nifty Commodities TRI,2021-04-01,5444.424454971939
Nifty Commodities TRI,2021-04-05,5413.4577084915845
Nifty Commodities TRI,2021-04-06,5444.567854169197
Nifty Commodities TRI,2021-04-07,5494.129814395226
Nifty Commodities TRI,2021-04-08,5602.665393480011
Nifty Commodities TRI,2021-04-09,5546.341056332993
Nifty Commodities TRI,2021-04-12,5278.539189234906
Nifty Commodities TRI,2021-04-13,5381.27557605349
Nifty Commodities TRI,2021-04-15,5392.6612584276945
Nifty Commodities TRI,2021-04-16,5447.049868677796
Nifty Commodities TRI,2021-04-19,5331.806340811316
Nifty Commodities TRI,2021-04-20,5295.560807404572
Nifty Commodities TRI,2021-04-22,5322.970403027008
Nifty Commodities TRI,2021-04-23,5319.668320283942
Nifty Commodities TRI,2021-04-26,5395.737384284806
Nifty Commodities TRI,2021-04-27,5487.326621051472
Nifty Commodities TRI,2021-04-28,5501.490378871489
Nifty Commodities TRI,2021-04-29,5599.863868733494
Nifty Commodities TRI,2021-04-30,5582.320903735013
Nifty Commodities TRI,2021-05-03,5617.351370054405
Nifty Commodities TRI,2021-05-04,5590.9555423693855
Nifty Commodities TRI,2021-05-06,5733.24348015755
Nifty Commodities TRI,2021-05-07,5843.607526745583
Nifty Commodities TRI,2021-05-10,5959.317374548569
Nifty Commodities TRI,2021-05-12,5888.77055236491
Nifty Commodities TRI,2021-05-14,5815.178086741028
Nifty Commodities TRI,2021-05-17,5912.557167716403
Nifty Commodities TRI,2021-05-18,6004.265369297851
Nifty Commodities TRI,2021-05-19,5993.026966714605
Nifty Commodities TRI,2021-05-21,5969.713722864376
Nifty Commodities TRI,2021-05-24,5985.393203524852
Nifty Commodities TRI,2021-05-26,5949.170206957872
Nifty Commodities TRI,2021-05-27,5972.177168850968
Nifty Commodities TRI,2021-05-28,6001.668197869737
Nifty Commodities TRI,2021-06-01,6056.671340716533
Nifty Commodities TRI,2021-06-02,6125.373874368314
Nifty Commodities TRI,2021-06-03,6163.506558444474
Nifty Commodities TRI,2021-06-04,6194.802195692788
Nifty Commodities TRI,2021-06-07,6258.421173472492
Nifty Commodities TRI,2021-06-08,6247.064795330057
Nifty Commodities TRI,2021-06-09,6199.230613436492
Nifty Commodities TRI,2021-06-10,6229.644470125901
Nifty Commodities TRI,2021-06-11,6276.069189338022
Nifty Commodities TRI,2021-06-14,6288.951962357655
Nifty Commodities TRI,2021-06-15,6296.044866941024
Nifty Commodities TRI,2021-06-16,6230.934430572019
Nifty Commodities TRI,2021-06-17,6171.770968356247
Nifty Commodities TRI,2021-06-18,6079.144821667468
Nifty Commodities TRI,2021-06-21,6130.465574702117
Nifty Commodities TRI,2021-06-22,6170.062879869512
Nifty Commodities TRI,2021-06-23,6138.209880809068
Nifty Commodities TRI,2021-06-24,6128.088789935198
Nifty Commodities TRI,2021-06-25,6168.465783733724
Nifty Commodities TRI,2021-06-28,6182.472838230133
Nifty Commodities TRI,2021-06-29,6140.485381519301
Nifty Commodities TRI,2021-06-30,6121.724350847954
Nifty Commodities TRI,2021-07-01,6097.660233960407
Nifty Commodities TRI,2021-07-02,6087.592428377146
Nifty Commodities TRI,2021-07-06,6154.799685221228
Nifty Commodities TRI,2021-07-07,6203.960718930367
Nifty Commodities TRI,2021-07-08,6140.68240946243
Nifty Commodities TRI,2021-07-09,6188.298375846656
Nifty Commodities TRI,2021-07-12,6215.786760844233
Nifty Commodities TRI,2021-07-13,6254.475141696441
Nifty Commodities TRI,2021-07-14,6254.423232104227
Nifty Commodities TRI,2021-07-15,6275.770638067498
Nifty Commodities TRI,2021-07-16,6315.421133808656
Nifty Commodities TRI,2021-07-19,6288.026716010225
Nifty Commodities TRI,2021-07-20,6233.241309649284
Nifty Commodities TRI,2021-07-22,6329.555642044031
Nifty Commodities TRI,2021-07-23,6324.915427713103
Nifty Commodities TRI,2021-07-26,6330.315368662494
Nifty Commodities TRI,2021-07-27,6316.847014354678
Nifty Commodities TRI,2021-07-28,6330.158487834171
Nifty Commodities TRI,2021-07-29,6451.019944425369
Nifty Commodities TRI,2021-07-30,6427.056217810333
Nifty Commodities TRI,2021-08-02,6500.725736429781
Nifty Commodities TRI,2021-08-03,6527.176191163658
Nifty Commodities TRI,2021-08-04,6487.696728228241
Nifty Commodities TRI,2021-08-05,6494.040666972727
Nifty Commodities TRI,2021-08-06,6455.5702592121415
Nifty Commodities TRI,2021-08-09,6396.714795231213
Nifty Commodities TRI,2021-08-10,6303.202463495011
Nifty Commodities TRI,2021-08-11,6392.624125360231
Nifty Commodities TRI,2021-08-12,6407.381640770317
Nifty Commodities TRI,2021-08-13,6443.2123219592095
Nifty Commodities TRI,2021-08-16,6481.709546083718
Nifty Commodities TRI,2021-08-17,6422.917886622878
Nifty Commodities TRI,2021-08-18,6431.292219168828
Nifty Commodities TRI,2021-08-20,6214.561334304999
Nifty Commodities TRI,2021-08-23,6167.454645546789
Nifty Commodities TRI,2021-08-24,6272.096845576795
Nifty Commodities TRI,2021-08-25,6298.325664668505
Nifty Commodities TRI,2021-08-26,6282.863936855245
Nifty Commodities TRI,2021-08-27,6360.9452224169345
Nifty Commodities TRI,2021-08-30,6490.982239018724
Nifty Commodities TRI,2021-08-31,6558.3345798949
Nifty Commodities TRI,2021-09-01,6524.837179014686
Nifty Commodities TRI,2021-09-02,6593.5719011691945
Nifty Commodities TRI,2021-09-03,6680.060061525326
Nifty Commodities TRI,2021-09-06,6705.900988713705
Nifty Commodities TRI,2021-09-07,6694.215100891235
Nifty Commodities TRI,2021-09-08,6711.815692829041
Nifty Commodities TRI,2021-09-09,6758.108748156538
Nifty Commodities TRI,2021-09-13,6796.37567762424
Nifty Commodities TRI,2021-09-14,6781.282708046626
Nifty Commodities TRI,2021-09-15,6845.349772779603
Nifty Commodities TRI,2021-09-16,6843.471676126438
Nifty Commodities TRI,2021-09-17,6738.565372811379
Nifty Commodities TRI,2021-09-20,6511.518249184281
Nifty Commodities TRI,2021-09-21,6599.753266193247
Nifty Commodities TRI,2021-09-22,6662.457737385541
Nifty Commodities TRI,2021-09-23,6746.88101466691
Nifty Commodities TRI,2021-09-24,6663.168765183536
Nifty Commodities TRI,2021-09-27,6700.87737825836
Nifty Commodities TRI,2021-09-28,6751.340351038836
Nifty Commodities TRI,2021-09-29,6851.169260221369
Nifty Commodities TRI,2021-09-30,6821.40705312427
Nifty Commodities TRI,2021-10-01,6853.633657078439
Nifty Commodities TRI,2021-10-04,6968.82298509319
Nifty Commodities TRI,2021-10-05,7044.572319292116
Nifty Commodities TRI,2021-10-06,6943.289025286451
Nifty Commodities TRI,2021-10-07,6965.414749372675
Nifty Commodities TRI,2021-10-08,6994.546605286606
Nifty Commodities TRI,2021-10-11,7078.126327711024
Nifty Commodities TRI,2021-10-12,7115.710586680598
Nifty Commodities TRI,2021-10-13,7192.753639968492
Nifty Commodities TRI,2021-10-14,7261.901211802477
Nifty Commodities TRI,2021-10-18,7410.5207392732145
Nifty Commodities TRI,2021-10-19,7243.91142269527
Nifty Commodities TRI,2021-10-20,7101.362607950283
Nifty Commodities TRI,2021-10-21,7057.866094360328
Nifty Commodities TRI,2021-10-22,6964.230500081634
Nifty Commodities TRI,2021-10-25,6917.205616108065
Nifty Commodities TRI,2021-10-26,7049.584891009111
Nifty Commodities TRI,2021-10-27,7010.686393937012
Nifty Commodities TRI,2021-10-28,6884.007664871959
Nifty Commodities TRI,2021-10-29,6876.014993847619
Nifty Commodities TRI,2021-11-01,7010.0613182879115
Nifty Commodities TRI,2021-11-02,6927.939893779675
Nifty Commodities TRI,2021-11-03,6979.580871425294
Nifty Commodities TRI,2021-11-04,7007.013031721202
Nifty Commodities TRI,2021-11-08,7130.136557964897
Nifty Commodities TRI,2021-11-09,7128.206226359981
Nifty Commodities TRI,2021-11-10,7087.486115029564
Nifty Commodities TRI,2021-11-11,7058.933672353733
Nifty Commodities TRI,2021-11-12,7107.605627472354
Nifty Commodities TRI,2021-11-15,7077.403903293193
Nifty Commodities TRI,2021-11-16,6998.887373060239
Nifty Commodities TRI,2021-11-17,6951.909350516903
Nifty Commodities TRI,2021-11-18,6854.965890728962
Nifty Commodities TRI,2021-11-22,6716.411180115683
Nifty Commodities TRI,2021-11-23,6858.919752218753
Nifty Commodities TRI,2021-11-24,6838.916916236747
Nifty Commodities TRI,2021-11-25,6897.268791735575
Nifty Commodities TRI,2021-11-26,6607.682815325617
Nifty Commodities TRI,2021-11-29,6556.802781085895
Nifty Commodities TRI,2021-11-30,6480.247530252475
Nifty Commodities TRI,2021-12-01,6560.8045248570825
Nifty Commodities TRI,2021-12-02,6644.850309289214
Nifty Commodities TRI,2021-12-03,6630.94975699246
Nifty Commodities TRI,2021-12-06,6549.7403115459465
Nifty Commodities TRI,2021-12-07,6666.043743790077
Nifty Commodities TRI,2021-12-08,6760.625464256621
Nifty Commodities TRI,2021-12-09,6792.23559919571
Nifty Commodities TRI,2021-12-10,6808.898796395382
Nifty Commodities TRI,2021-12-13,6779.93176839614
Nifty Commodities TRI,2021-12-14,6797.437950577805
Nifty Commodities TRI,2021-12-15,6757.472439068817
Nifty Commodities TRI,2021-12-16,6759.363807442622
Nifty Commodities TRI,2021-12-17,6630.200216129572
Nifty Commodities TRI,2021-12-20,6409.810371521794
Nifty Commodities TRI,2021-12-21,6541.204189104556
Nifty Commodities TRI,2021-12-22,6645.396734525779
Nifty Commodities TRI,2021-12-23,6678.524631506009
Nifty Commodities TRI,2021-12-24,6611.0776903237775
Nifty Commodities TRI,2021-12-27,6609.102345808156
Nifty Commodities TRI,2021-12-28,6707.318623895056
Nifty Commodities TRI,2021-12-29,6671.0472991435045
Nifty Commodities TRI,2021-12-30,6611.753533408646
Nifty Commodities TRI,2021-12-31,6708.181189430916
Nifty Commodities TRI,2022-01-03,6818.808793526591
Nifty Commodities TRI,2022-01-04,6868.135555179147
Nifty Commodities TRI,2022-01-05,6949.088904152056
Nifty Commodities TRI,2022-01-06,6901.392124366435
Nifty Commodities TRI,2022-01-07,7001.895202273438
Nifty Commodities TRI,2022-01-10,7057.040591482719
Nifty Commodities TRI,2022-01-11,7032.970497330659
Nifty Commodities TRI,2022-01-12,7141.683650899748
Nifty Commodities TRI,2022-01-13,7244.633480570752
Nifty Commodities TRI,2022-01-14,7246.912075478377
Nifty Commodities TRI,2022-01-17,7345.662407612908
Nifty Commodities TRI,2022-01-18,7194.48835537361
Nifty Commodities TRI,2022-01-19,7209.578727223033
Nifty Commodities TRI,2022-01-20,7208.18594139608
Nifty Commodities TRI,2022-01-21,7074.4307919827725
Nifty Commodities TRI,2022-01-24,6808.416017681362
Nifty Commodities TRI,2022-01-25,6890.709303152204
Nifty Commodities TRI,2022-01-27,6826.6862291085445
Nifty Commodities TRI,2022-01-28,6898.279519222587
Nifty Commodities TRI,2022-01-31,6936.369846677158
Nifty Commodities TRI,2022-02-01,7081.2425786105705
Nifty Commodities TRI,2022-02-02,7109.461023162905
Nifty Commodities TRI,2022-02-03,7047.31755568468
Nifty Commodities TRI,2022-02-04,7071.804172587317
Nifty Commodities TRI,2022-02-07,7085.063977810881
Nifty Commodities TRI,2022-02-08,7077.160082391701
Nifty Commodities TRI,2022-02-09,7154.648917642624
Nifty Commodities TRI,2022-02-10,7196.793282507321
Nifty Commodities TRI,2022-02-11,7119.874128509565
Nifty Commodities TRI,2022-02-14,6861.603746265576
Nifty Commodities TRI,2022-02-15,7036.871499824657
Nifty Commodities TRI,2022-02-16,7026.311171015553
Nifty Commodities TRI,2022-02-17,7038.221389717844
Nifty Commodities TRI,2022-02-18,6980.245949508082
Nifty Commodities TRI,2022-02-21,6868.529952922617
Nifty Commodities TRI,2022-02-22,6812.221964014116
Nifty Commodities TRI,2022-02-23,6798.031215950443
Nifty Commodities TRI,2022-02-24,6423.877495350635
Nifty Commodities TRI,2022-02-25,6669.420786569177
Nifty Commodities TRI,2022-02-28,6835.074129927897
Nifty Commodities TRI,2022-03-02,6911.757937444355
Nifty Commodities TRI,2022-03-03,6912.035486893495
Nifty Commodities TRI,2022-03-04,6761.049071481846
Nifty Commodities TRI,2022-03-07,6752.392267761609
Nifty Commodities TRI,2022-03-08,6742.651825723937
Nifty Commodities TRI,2022-03-09,6793.03280697925
Nifty Commodities TRI,2022-03-10,6915.363786900294
Nifty Commodities TRI,2022-03-11,6949.414570315798
Nifty Commodities TRI,2022-03-14,6938.007682256346
Nifty Commodities TRI,2022-03-15,6792.4902588660725
Nifty Commodities TRI,2022-03-16,6960.7036504938305
Nifty Commodities TRI,2022-03-17,7090.564702545331
Nifty Commodities TRI,2022-03-21,7077.589682512298
Nifty Commodities TRI,2022-03-22,7136.949236318224
Nifty Commodities TRI,2022-03-23,7190.5217422045525
Nifty Commodities TRI,2022-03-24,7260.393257009993
Nifty Commodities TRI,2022-03-25,7257.549435825769
Nifty Commodities TRI,2022-03-28,7276.961790286402
Nifty Commodities TRI,2022-03-29,7302.005570436883
Nifty Commodities TRI,2022-03-30,7249.4219490401465
Nifty Commodities TRI,2022-03-31,7238.3668401225095
Nifty Commodities TRI,2022-04-01,7334.830496778754
Nifty Commodities TRI,2022-04-04,7452.318089929845
Nifty Commodities TRI,2022-04-05,7526.167440677234
Nifty Commodities TRI,2022-04-06,7599.964427749883
Nifty Commodities TRI,2022-04-07,7513.375972392635
Nifty Commodities TRI,2022-04-08,7665.748755693229
Nifty Commodities TRI,2022-04-11,7765.385005891492
Nifty Commodities TRI,2022-04-12,7624.78250716057
Nifty Commodities TRI,2022-04-13,7670.822495513697
Nifty Commodities TRI,2022-04-18,7684.0551068200875
Nifty Commodities TRI,2022-04-19,7646.423455820513
Nifty Commodities TRI,2022-04-20,7705.048818995293
Nifty Commodities TRI,2022-04-21,7766.217477477861
Nifty Commodities TRI,2022-04-22,7673.167755293637
Nifty Commodities TRI,2022-04-25,7474.592319133575
Nifty Commodities TRI,2022-04-26,7575.054232387912
Nifty Commodities TRI,2022-04-27,7502.887014446611
Nifty Commodities TRI,2022-04-28,7589.637086362341
Nifty Commodities TRI,2022-04-29,7508.153996639944
Nifty Commodities TRI,2022-05-02,7520.742104613233
Nifty Commodities TRI,2022-05-04,7345.271803116896
Nifty Commodities TRI,2022-05-05,7356.5154119353565
Nifty Commodities TRI,2022-05-06,7247.053719764439
Nifty Commodities TRI,2022-05-09,7103.318877650388
Nifty Commodities TRI,2022-05-10,6871.399310813941
Nifty Commodities TRI,2022-05-11,6893.934530448378
Nifty Commodities TRI,2022-05-12,6695.978658465427
Nifty Commodities TRI,2022-05-13,6575.013369067846
Nifty Commodities TRI,2022-05-16,6618.934570037885
Nifty Commodities TRI,2022-05-17,6885.547870116303
Nifty Commodities TRI,2022-05-18,6895.0215105732605
Nifty Commodities TRI,2022-05-19,6720.113250195527
Nifty Commodities TRI,2022-05-20,6853.394433351157
Nifty Commodities TRI,2022-05-23,6619.745154631773
Nifty Commodities TRI,2022-05-24,6533.756586042843
Nifty Commodities TRI,2022-05-25,6471.002922333282
Nifty Commodities TRI,2022-05-26,6543.71665716484
Nifty Commodities TRI,2022-05-27,6533.624506182051
Nifty Commodities TRI,2022-05-30,6643.320865434816
Nifty Commodities TRI,2022-05-31,6632.928213151345
Nifty Commodities TRI,2022-06-01,6612.664818131897
Nifty Commodities TRI,2022-06-02,6689.407152267026
Nifty Commodities TRI,2022-06-03,6570.133778621318
Nifty Commodities TRI,2022-06-06,6558.074897955364
Nifty Commodities TRI,2022-06-07,6545.918275275613
Nifty Commodities TRI,2022-06-08,6526.612502618196
Nifty Commodities TRI,2022-06-09,6521.419222659187
Nifty Commodities TRI,2022-06-10,6459.827200946661
Nifty Commodities TRI,2022-06-13,6306.82290688079
Nifty Commodities TRI,2022-06-14,6281.562636354723
Nifty Commodities TRI,2022-06-15,6237.1516991550325
Nifty Commodities TRI,2022-06-16,6023.251317434944
Nifty Commodities TRI,2022-06-17,5983.247554411042
Nifty Commodities TRI,2022-06-20,5871.334348470303
Nifty Commodities TRI,2022-06-21,6028.844439143513
Nifty Commodities TRI,2022-06-22,5867.240585947205
Nifty Commodities TRI,2022-06-23,5895.04716003577
Nifty Commodities TRI,2022-06-24,5969.835696969009
Nifty Commodities TRI,2022-06-27,6062.138085111707
Nifty Commodities TRI,2022-06-28,6119.851277305617
Nifty Commodities TRI,2022-06-29,6144.161604253806
Nifty Commodities TRI,2022-06-30,6089.706679918724
Nifty Commodities TRI,2022-07-01,6043.432214778462
Nifty Commodities TRI,2022-07-04,6011.99213711279
Nifty Commodities TRI,2022-07-05,6010.769494663354
Nifty Commodities TRI,2022-07-06,6023.255037104134
Nifty Commodities TRI,2022-07-07,6129.5787224451415
Nifty Commodities TRI,2022-07-08,6138.9161954378515
Nifty Commodities TRI,2022-07-11,6258.303836500328
Nifty Commodities TRI,2022-07-12,6233.066047787954
Nifty Commodities TRI,2022-07-13,6220.386307110274
Nifty Commodities TRI,2022-07-14,6200.241394435362
Nifty Commodities TRI,2022-07-15,6206.551340867863
Nifty Commodities TRI,2022-07-18,6311.8481052151865
Nifty Commodities TRI,2022-07-19,6345.659184196755
Nifty Commodities TRI,2022-07-20,6382.204879836346
Nifty Commodities TRI,2022-07-21,6442.548319477456
Nifty Commodities TRI,2022-07-22,6484.9899193074225
Nifty Commodities TRI,2022-07-25,6492.921995920513
Nifty Commodities TRI,2022-07-26,6465.068204430625
Nifty Commodities TRI,2022-07-27,6513.046791767449
Nifty Commodities TRI,2022-07-28,6574.874072909656
Nifty Commodities TRI,2022-07-29,6736.839647792697
Nifty Commodities TRI,2022-08-01,6852.913586718236
Nifty Commodities TRI,2022-08-02,6861.264824047896
Nifty Commodities TRI,2022-08-03,6825.278923375564
Nifty Commodities TRI,2022-08-04,6818.566617251757
Nifty Commodities TRI,2022-08-05,6855.163740578102
Nifty Commodities TRI,2022-08-08,6883.627972249412
Nifty Commodities TRI,2022-08-10,6912.9180411517045
Nifty Commodities TRI,2022-08-11,6898.9767563685855
Nifty Commodities TRI,2022-08-12,6998.906257542393
Nifty Commodities TRI,2022-08-16,7053.939722509666
Nifty Commodities TRI,2022-08-17,7093.365212192941
Nifty Commodities TRI,2022-08-18,7108.725011332716
Nifty Commodities TRI,2022-08-19,7037.284557041096
Nifty Commodities TRI,2022-08-22,6920.436386195048
Nifty Commodities TRI,2022-08-23,6983.151970448248
Nifty Commodities TRI,2022-08-24,6978.446772202111
Nifty Commodities TRI,2022-08-25,6977.510409481868
Nifty Commodities TRI,2022-08-26,7054.588490692344
Nifty Commodities TRI,2022-08-29,6985.685140689047
Nifty Commodities TRI,2022-08-30,7135.151873840459
Nifty Commodities TRI,2022-09-01,7062.191521415303
Nifty Commodities TRI,2022-09-02,7006.636423186714
Nifty Commodities TRI,2022-09-05,7062.59768414108
Nifty Commodities TRI,2022-09-06,7119.279608612802
Nifty Commodities TRI,2022-09-07,7164.041736750964
Nifty Commodities TRI,2022-09-08,7189.702776931048
Nifty Commodities TRI,2022-09-09,7170.522117828453
Nifty Commodities TRI,2022-09-12,7263.526809282083
Nifty Commodities TRI,2022-09-13,7301.188324558849
Nifty Commodities TRI,2022-09-14,7353.643549730881
Nifty Commodities TRI,2022-09-15,7345.116026032195
Nifty Commodities TRI,2022-09-16,7133.59218367302
Nifty Commodities TRI,2022-09-19,7127.57541512296
Nifty Commodities TRI,2022-09-20,7202.86753460641
Nifty Commodities TRI,2022-09-21,7092.107419380417
Nifty Commodities TRI,2022-09-22,7067.73366371737
Nifty Commodities TRI,2022-09-23,6953.485884712641
Nifty Commodities TRI,2022-09-26,6728.389645457165
Nifty Commodities TRI,2022-09-27,6714.711036296415
Nifty Commodities TRI,2022-09-28,6600.539357737642
Nifty Commodities TRI,2022-09-29,6634.11735985391
Nifty Commodities TRI,2022-09-30,6775.813318397981
Nifty Commodities TRI,2022-10-03,6688.351815700885
Nifty Commodities TRI,2022-10-04,6844.4559766795455
Nifty Commodities TRI,2022-10-06,6948.032033734304
Nifty Commodities TRI,2022-10-07,6943.679610568179
Nifty Commodities TRI,2022-10-10,6900.9424944466955
Nifty Commodities TRI,2022-10-11,6755.38237243797
Nifty Commodities TRI,2022-10-12,6823.971553222898
Nifty Commodities TRI,2022-10-13,6800.47415792704
Nifty Commodities TRI,2022-10-14,6780.5095296340405
Nifty Commodities TRI,2022-10-17,6834.050720220996
Nifty Commodities TRI,2022-10-18,6864.318006415141
Nifty Commodities TRI,2022-10-19,6847.033711101975
Nifty Commodities TRI,2022-10-20,6909.130184660419
Nifty Commodities TRI,2022-10-21,6849.71457792252
Nifty Commodities TRI,2022-10-24,6895.9666988811105
Nifty Commodities TRI,2022-10-25,6891.364025466665
Nifty Commodities TRI,2022-10-27,6998.160543811453
Nifty Commodities TRI,2022-10-28,6983.741846808968
Nifty Commodities TRI,2022-10-31,7060.225227903299
Nifty Commodities TRI,2022-11-01,7141.645760269589
Nifty Commodities TRI,2022-11-02,7149.132675871659
Nifty Commodities TRI,2022-11-03,7131.483549266796
Nifty Commodities TRI,2022-11-04,7230.064800787453
Nifty Commodities TRI,2022-11-07,7288.303129220212
Nifty Commodities TRI,2022-11-09,7262.162308829147
Nifty Commodities TRI,2022-11-10,7169.7482023561015
Nifty Commodities TRI,2022-11-11,7250.603938825539
Nifty Commodities TRI,2022-11-14,7291.222862651349
Nifty Commodities TRI,2022-11-15,7325.582309499464
Nifty Commodities TRI,2022-11-16,7243.949484502856
Nifty Commodities TRI,2022-11-17,7208.526496126785
Nifty Commodities TRI,2022-11-18,7165.2235711887
Nifty Commodities TRI,2022-11-21,7103.559770871041
Nifty Commodities TRI,2022-11-22,7143.906214307043
Nifty Commodities TRI,2022-11-23,7173.6914384516585
Nifty Commodities TRI,2022-11-24,7214.289749036386
Nifty Commodities TRI,2022-11-25,7258.250638815728
Nifty Commodities TRI,2022-11-28,7283.19916767526
Nifty Commodities TRI,2022-11-29,7307.562682848881
Nifty Commodities TRI,2022-11-30,7433.585501607371
Nifty Commodities TRI,2022-12-01,7497.120205121629
Nifty Commodities TRI,2022-12-02,7507.934467063871
Nifty Commodities TRI,2022-12-05,7556.14769751384
Nifty Commodities TRI,2022-12-06,7523.334337932074
Nifty Commodities TRI,2022-12-07,7457.7610114645995
Nifty Commodities TRI,2022-12-08,7491.372429170861
Nifty Commodities TRI,2022-12-09,7419.312763778753
Nifty Commodities TRI,2022-12-12,7448.273928913046
Nifty Commodities TRI,2022-12-13,7448.209700698735
Nifty Commodities TRI,2022-12-14,7509.890938209233
Nifty Commodities TRI,2022-12-15,7426.867269270533
Nifty Commodities TRI,2022-12-16,7358.0199621901065
Nifty Commodities TRI,2022-12-19,7411.25774671756
Nifty Commodities TRI,2022-12-20,7384.101579893816
Nifty Commodities TRI,2022-12-21,7276.647052853075
Nifty Commodities TRI,2022-12-22,7228.198949843012
Nifty Commodities TRI,2022-12-23,6973.818787055732
Nifty Commodities TRI,2022-12-27,7255.22847753037
Nifty Commodities TRI,2022-12-28,7247.018301088262
Nifty Commodities TRI,2022-12-29,7255.9987837188655
Nifty Commodities TRI,2022-12-30,7273.361493462041
Nifty Commodities TRI,2023-01-02,7367.314111672596
Nifty Commodities TRI,2023-01-03,7348.704037779354
Nifty Commodities TRI,2023-01-04,7222.753589112881
Nifty Commodities TRI,2023-01-05,7271.453812782137
Nifty Commodities TRI,2023-01-06,7230.497447320653
Nifty Commodities TRI,2023-01-09,7314.988403161497
Nifty Commodities TRI,2023-01-10,7292.940930897895
Nifty Commodities TRI,2023-01-11,7282.5841352935
Nifty Commodities TRI,2023-01-12,7275.8385421439225
Nifty Commodities TRI,2023-01-13,7328.233645959001
Nifty Commodities TRI,2023-01-16,7320.91859684023
Nifty Commodities TRI,2023-01-17,7363.773624310712
Nifty Commodities TRI,2023-01-18,7409.449536664187
Nifty Commodities TRI,2023-01-19,7395.480778134928
Nifty Commodities TRI,2023-01-20,7343.2946546002495
Nifty Commodities TRI,2023-01-23,7276.0735200643785
Nifty Commodities TRI,2023-01-24,7213.94768843735
Nifty Commodities TRI,2023-01-25,7129.272542887823
Nifty Commodities TRI,2023-01-27,6936.248704265859
Nifty Commodities TRI,2023-01-30,6893.576857366701
Nifty Commodities TRI,2023-01-31,6987.667456606445
Nifty Commodities TRI,2023-02-01,6934.266045644799
Nifty Commodities TRI,2023-02-02,6866.335201833912
Nifty Commodities TRI,2023-02-03,6884.688914998907
Nifty Commodities TRI,2023-02-06,6839.787593349861
Nifty Commodities TRI,2023-02-07,6783.666454200172
Nifty Commodities TRI,2023-02-08,6848.976856284444
Nifty Commodities TRI,2023-02-09,6821.479136794921
Nifty Commodities TRI,2023-02-10,6790.11649426851
Nifty Commodities TRI,2023-02-13,6759.533791435677
Nifty Commodities TRI,2023-02-14,6771.637316984473
Nifty Commodities TRI,2023-02-15,6814.341907189248
Nifty Commodities TRI,2023-02-16,6883.11316078354
Nifty Commodities TRI,2023-02-17,6906.753982980351
Nifty Commodities TRI,2023-02-20,6892.738547472622
Nifty Commodities TRI,2023-02-21,6883.935328003295
Nifty Commodities TRI,2023-02-22,6754.654074473857
Nifty Commodities TRI,2023-02-23,6746.947923452634
Nifty Commodities TRI,2023-02-24,6709.731811631594
Nifty Commodities TRI,2023-02-27,6641.4417300513815
Nifty Commodities TRI,2023-02-28,6592.861959464864
Nifty Commodities TRI,2023-03-01,6698.177389783226
Nifty Commodities TRI,2023-03-02,6702.554533119135
Nifty Commodities TRI,2023-03-03,6778.489754327596
Nifty Commodities TRI,2023-03-06,6803.850614683138
Nifty Commodities TRI,2023-03-08,6834.532740578044
Nifty Commodities TRI,2023-03-09,6812.459988052091
Nifty Commodities TRI,2023-03-10,6801.496574038525
Nifty Commodities TRI,2023-03-13,6720.033338546735
Nifty Commodities TRI,2023-03-14,6693.7124818348175
Nifty Commodities TRI,2023-03-15,6718.601784345851
Nifty Commodities TRI,2023-03-16,6704.3147551410575
Nifty Commodities TRI,2023-03-17,6773.1776426825545
Nifty Commodities TRI,2023-03-20,6722.392500034234
Nifty Commodities TRI,2023-03-21,6774.992933063738
Nifty Commodities TRI,2023-03-22,6791.601975975792
Nifty Commodities TRI,2023-03-23,6784.684500532966
Nifty Commodities TRI,2023-03-24,6702.204487667686
Nifty Commodities TRI,2023-03-27,6708.532191605816
Nifty Commodities TRI,2023-03-28,6675.86384094677
Nifty Commodities TRI,2023-03-29,6739.050986848592
Nifty Commodities TRI,2023-03-31,6826.544157076896
Nifty Commodities TRI,2023-04-03,6828.834998463847
Nifty Commodities TRI,2023-04-05,6844.992395893613
Nifty Commodities TRI,2023-04-06,6860.75594158379
Nifty Commodities TRI,2023-04-10,6920.32185903089
Nifty Commodities TRI,2023-04-11,6994.197988646817
Nifty Commodities TRI,2023-04-12,6998.721409768315
Nifty Commodities TRI,2023-04-13,6983.87438478945
Nifty Commodities TRI,2023-04-17,7012.977459458221
Nifty Commodities TRI,2023-04-18,7004.278215245069
Nifty Commodities TRI,2023-04-19,6989.735165234877
Nifty Commodities TRI,2023-04-20,6982.694899297439
Nifty Commodities TRI,2023-04-21,6945.325589109371
Nifty Commodities TRI,2023-04-24,6976.122166054878
Nifty Commodities TRI,2023-04-25,6998.18251759474
Nifty Commodities TRI,2023-04-26,6988.371561538093
Nifty Commodities TRI,2023-04-27,7030.741178746507
Nifty Commodities TRI,2023-04-28,7115.822525234485
Nifty Commodities TRI,2023-05-02,7195.504635220044
Nifty Commodities TRI,2023-05-03,7175.112605280337
Nifty Commodities TRI,2023-05-04,7215.844183810325
Nifty Commodities TRI,2023-05-05,7169.719564219825
Nifty Commodities TRI,2023-05-08,7234.431223437714
Nifty Commodities TRI,2023-05-09,7225.3643311387905
Nifty Commodities TRI,2023-05-10,7241.911108920787
Nifty Commodities TRI,2023-05-11,7238.754820716487
Nifty Commodities TRI,2023-05-12,7163.611446762738
Nifty Commodities TRI,2023-05-15,7166.4475260018235
Nifty Commodities TRI,2023-05-16,7166.858917113995
Nifty Commodities TRI,2023-05-17,7128.157425676957
Nifty Commodities TRI,2023-05-18,7064.690167193635
Nifty Commodities TRI,2023-05-19,7084.070230731369
Nifty Commodities TRI,2023-05-22,7141.111613940995
Nifty Commodities TRI,2023-05-23,7171.527527807675
Nifty Commodities TRI,2023-05-24,7158.445606439054
Nifty Commodities TRI,2023-05-25,7148.6280872390425
Nifty Commodities TRI,2023-05-26,7222.985890983204
Nifty Commodities TRI,2023-05-29,7277.10860261518
Nifty Commodities TRI,2023-05-30,7271.300622375827
Nifty Commodities TRI,2023-05-31,7205.8887063108405
Nifty Commodities TRI,2023-06-01,7185.221580771053
Nifty Commodities TRI,2023-06-02,7225.332454054252
Nifty Commodities TRI,2023-06-05,7258.635293370442
Nifty Commodities TRI,2023-06-06,7297.771276849522
Nifty Commodities TRI,2023-06-07,7382.66107105314
Nifty Commodities TRI,2023-06-08,7357.801938651654
Nifty Commodities TRI,2023-06-09,7311.481885115081
Nifty Commodities TRI,2023-06-12,7350.358980691531
Nifty Commodities TRI,2023-06-13,7411.4692670281665
Nifty Commodities TRI,2023-06-14,7491.952482835264
Nifty Commodities TRI,2023-06-15,7483.929851233785
Nifty Commodities TRI,2023-06-16,7520.504876417734
Nifty Commodities TRI,2023-06-19,7484.898710030879
Nifty Commodities TRI,2023-06-20,7503.465066836004
Nifty Commodities TRI,2023-06-21,7502.659016995713
Nifty Commodities TRI,2023-06-22,7443.358046472424
Nifty Commodities TRI,2023-06-23,7336.599295891575
Nifty Commodities TRI,2023-06-26,7350.943250593648
Nifty Commodities TRI,2023-06-27,7374.693891761691
Nifty Commodities TRI,2023-06-28,7431.467295966951
Nifty Commodities TRI,2023-06-30,7449.600598137796
Nifty Commodities TRI,2023-07-03,7542.927115298481
Nifty Commodities TRI,2023-07-04,7525.32892810264
Nifty Commodities TRI,2023-07-05,7537.057398580471
Nifty Commodities TRI,2023-07-06,7611.026577592742
Nifty Commodities TRI,2023-07-07,7531.865458100642
Nifty Commodities TRI,2023-07-10,7573.544171688576
Nifty Commodities TRI,2023-07-11,7571.134858852411
Nifty Commodities TRI,2023-07-12,7569.281408349427
Nifty Commodities TRI,2023-07-13,7525.364171945424
Nifty Commodities TRI,2023-07-14,7570.762216850431
Nifty Commodities TRI,2023-07-17,7612.645721470162
Nifty Commodities TRI,2023-07-18,7586.9454574934625
Nifty Commodities TRI,2023-07-19,7635.075684709306
Nifty Commodities TRI,2023-07-20,7654.232398860892
Nifty Commodities TRI,2023-07-21,7603.7517965952675
Nifty Commodities TRI,2023-07-24,7577.736191670747
Nifty Commodities TRI,2023-07-25,7703.875553934648
Nifty Commodities TRI,2023-07-26,7751.039168504753
Nifty Commodities TRI,2023-07-27,7701.784571203859
Nifty Commodities TRI,2023-07-28,7761.7478838608895
Nifty Commodities TRI,2023-07-31,7863.962914744264
Nifty Commodities TRI,2023-08-01,7919.741263256878
Nifty Commodities TRI,2023-08-02,7798.328479197325
Nifty Commodities TRI,2023-08-03,7750.358620230213
Nifty Commodities TRI,2023-08-04,7764.64966334196
Nifty Commodities TRI,2023-08-07,7772.404138735409
Nifty Commodities TRI,2023-08-08,7745.5102230072
Nifty Commodities TRI,2023-08-09,7811.076958995423
Nifty Commodities TRI,2023-08-10,7802.30399748791
Nifty Commodities TRI,2023-08-11,7776.520803951518
Nifty Commodities TRI,2023-08-14,7691.608534949365
Nifty Commodities TRI,2023-08-16,7702.815519174728
Nifty Commodities TRI,2023-08-17,7663.964935036706
Nifty Commodities TRI,2023-08-18,7650.045660124437
Nifty Commodities TRI,2023-08-21,7717.383240492155
Nifty Commodities TRI,2023-08-22,7737.378693874973
Nifty Commodities TRI,2023-08-23,7728.163566917108
Nifty Commodities TRI,2023-08-24,7708.487850497543
Nifty Commodities TRI,2023-08-25,7640.963551453924
Nifty Commodities TRI,2023-08-28,7664.307070211161
Nifty Commodities TRI,2023-08-29,7748.5061928857185
Nifty Commodities TRI,2023-08-30,7764.920068533249
Nifty Commodities TRI,2023-08-31,7711.495089899875
Nifty Commodities TRI,2023-09-01,7867.719172723937
Nifty Commodities TRI,2023-09-04,8020.40747905192
Nifty Commodities TRI,2023-09-05,8043.898989963409
Nifty Commodities TRI,2023-09-06,8035.063628838811
Nifty Commodities TRI,2023-09-07,8082.527475508363
Nifty Commodities TRI,2023-09-08,8130.92502545491
Nifty Commodities TRI,2023-09-11,8212.1536326884
Nifty Commodities TRI,2023-09-12,8060.40295640358
Nifty Commodities TRI,2023-09-13,8130.804884065372
Nifty Commodities TRI,2023-09-14,8196.194773219446
Nifty Commodities TRI,2023-09-15,8193.55942167321
Nifty Commodities TRI,2023-09-18,8167.555334461625
Nifty Commodities TRI,2023-09-20,8074.398817135451
Nifty Commodities TRI,2023-09-21,8029.300822285131
Nifty Commodities TRI,2023-09-22,7981.285760090935
Nifty Commodities TRI,2023-09-25,7996.403199608429
Nifty Commodities TRI,2023-09-26,8022.831060752056
Nifty Commodities TRI,2023-09-27,8021.486541731044
Nifty Commodities TRI,2023-09-28,7920.819017930559
Nifty Commodities TRI,2023-09-29,8044.281095987232
Nifty Commodities TRI,2023-10-03,7974.474165602824
Nifty Commodities TRI,2023-10-04,7865.712416200992
Nifty Commodities TRI,2023-10-05,7863.925883242659
Nifty Commodities TRI,2023-10-06,7893.151065944958
Nifty Commodities TRI,2023-10-09,7801.754508826846
Nifty Commodities TRI,2023-10-10,7908.899790233932
Nifty Commodities TRI,2023-10-11,7998.001817005286
Nifty Commodities TRI,2023-10-12,8034.934846014759
Nifty Commodities TRI,2023-10-13,8017.08643164082
Nifty Commodities TRI,2023-10-16,8044.9445256183635
Nifty Commodities TRI,2023-10-17,8086.10853783509
Nifty Commodities TRI,2023-10-18,8025.746943271262
Nifty Commodities TRI,2023-10-19,8003.920445632673
Nifty Commodities TRI,2023-10-20,7921.886933423327
Nifty Commodities TRI,2023-10-23,7734.897693536935
Nifty Commodities TRI,2023-10-25,7706.350778331168
Nifty Commodities TRI,2023-10-26,7609.627494741885
Nifty Commodities TRI,2023-10-27,7701.391449830423
Nifty Commodities TRI,2023-10-30,7761.69852385398
Nifty Commodities TRI,2023-10-31,7775.987584539175
Nifty Commodities TRI,2023-11-01,7711.097771786248
Nifty Commodities TRI,2023-11-02,7817.612634553117
Nifty Commodities TRI,2023-11-03,7862.464672922172
Nifty Commodities TRI,2023-11-06,7978.09982389023
Nifty Commodities TRI,2023-11-07,8001.16361296601
Nifty Commodities TRI,2023-11-08,8053.365973657302
Nifty Commodities TRI,2023-11-09,8030.337369888116
Nifty Commodities TRI,2023-11-10,8080.060412777865
Nifty Commodities TRI,2023-11-13,8137.542800746925
Nifty Commodities TRI,2023-11-15,8241.063515549065
Nifty Commodities TRI,2023-11-16,8270.4268386094
Nifty Commodities TRI,2023-11-17,8255.914516905164
Nifty Commodities TRI,2023-11-20,8229.339172273245
Nifty Commodities TRI,2023-11-21,8266.852149392667
Nifty Commodities TRI,2023-11-22,8260.293790218155
Nifty Commodities TRI,2023-11-23,8293.522580289826
Nifty Commodities TRI,2023-11-24,8291.129911285401
Nifty Commodities TRI,2023-11-28,8451.693483596298
Nifty Commodities TRI,2023-11-29,8475.613100109284
Nifty Commodities TRI,2023-11-30,8527.707888258463
Nifty Commodities TRI,2023-12-01,8613.702703450552
Nifty Commodities TRI,2023-12-04,8809.348741978012
Nifty Commodities TRI,2023-12-05,8983.519846439278
Nifty Commodities TRI,2023-12-06,9051.642396522624
Nifty Commodities TRI,2023-12-07,9095.259230038968
Nifty Commodities TRI,2023-12-08,9042.945311270085
Nifty Commodities TRI,2023-12-11,9114.2725563742
Nifty Commodities TRI,2023-12-12,9064.562918486408
Nifty Commodities TRI,2023-12-13,9107.944481636652
Nifty Commodities TRI,2023-12-14,9207.21555425689
Nifty Commodities TRI,2023-12-15,9343.83804740479
Nifty Commodities TRI,2023-12-18,9342.966702060243
Nifty Commodities TRI,2023-12-19,9391.167089638862
Nifty Commodities TRI,2023-12-20,9115.292007993332
Nifty Commodities TRI,2023-12-21,9241.491292126204
Nifty Commodities TRI,2023-12-22,9301.834544651094
Nifty Commodities TRI,2023-12-26,9422.58714534241
Nifty Commodities TRI,2023-12-27,9516.082477179461
Nifty Commodities TRI,2023-12-28,9626.027966778052
Nifty Commodities TRI,2023-12-29,9610.617045385723
Nifty Commodities TRI,2024-01-02,9611.871965777655
Nifty Commodities TRI,2024-01-03,9565.932402224647
Nifty Commodities TRI,2024-01-04,9623.775606408053
Nifty Commodities TRI,2024-01-05,9599.761850843577
Nifty Commodities TRI,2024-01-08,9525.213392438194
Nifty Commodities TRI,2024-01-09,9538.702154595727
Nifty Commodities TRI,2024-01-10,9544.028538861648
Nifty Commodities TRI,2024-01-11,9627.564974995557
Nifty Commodities TRI,2024-01-12,9666.051288411647
Nifty Commodities TRI,2024-01-15,9728.863338222845
Nifty Commodities TRI,2024-01-16,9734.387314402606
Nifty Commodities TRI,2024-01-17,9556.144135921018
Nifty Commodities TRI,2024-01-18,9504.307663080786
Nifty Commodities TRI,2024-01-19,9640.928649140465
Nifty Commodities TRI,2024-01-23,9391.334576969968
Nifty Commodities TRI,2024-01-24,9575.687133956053
Nifty Commodities TRI,2024-01-25,9645.562519950998
Nifty Commodities TRI,2024-01-29,9940.663875911354
Nifty Commodities TRI,2024-01-30,9841.22257870562
Nifty Commodities TRI,2024-01-31,9947.124242167236
Nifty Commodities TRI,2024-02-01,9900.885498199503
Nifty Commodities TRI,2024-02-02,10113.729142304002
Nifty Commodities TRI,2024-02-05,10124.00858897832
Nifty Commodities TRI,2024-02-06,10276.31622875555
Nifty Commodities TRI,2024-02-07,10365.98887901072
Nifty Commodities TRI,2024-02-08,10352.578695089162
Nifty Commodities TRI,2024-02-09,10290.677655556601
Nifty Commodities TRI,2024-02-12,10071.608407608366
Nifty Commodities TRI,2024-02-13,10042.077101921144
Nifty Commodities TRI,2024-02-14,10225.588866293287
Nifty Commodities TRI,2024-02-15,10349.003385705983
Nifty Commodities TRI,2024-02-16,10379.162195583827
Nifty Commodities TRI,2024-02-20,10406.915084534914
Nifty Commodities TRI,2024-02-21,10313.63406618844
Nifty Commodities TRI,2024-02-22,10389.19784234061
Nifty Commodities TRI,2024-02-23,10358.66843489387
Nifty Commodities TRI,2024-02-26,10329.64392097383
Nifty Commodities TRI,2024-02-27,10323.46434194069
Nifty Commodities TRI,2024-02-28,10124.894249122319
Nifty Commodities TRI,2024-02-29,10170.615647434852
Nifty Commodities TRI,2024-03-01,10437.424485076666
Nifty Commodities TRI,2024-03-04,10550.480607409392
Nifty Commodities TRI,2024-03-05,10574.114630121656
Nifty Commodities TRI,2024-03-06,10537.639887769994
Nifty Commodities TRI,2024-03-07,10598.206330424493
Nifty Commodities TRI,2024-03-11,10518.025703787393
Nifty Commodities TRI,2024-03-12,10396.093242077804
Nifty Commodities TRI,2024-03-13,9920.79539839115
Nifty Commodities TRI,2024-03-14,10109.186067883938
Nifty Commodities TRI,2024-03-15,10015.659326470784
Nifty Commodities TRI,2024-03-18,10127.854981053004
Nifty Commodities TRI,2024-03-19,9993.356451348096
Nifty Commodities TRI,2024-03-20,9990.092844252958
Nifty Commodities TRI,2024-03-21,10202.063478745431
Nifty Commodities TRI,2024-03-22,10260.594625763468
Nifty Commodities TRI,2024-03-26,10298.813234995887
Nifty Commodities TRI,2024-03-27,10304.696561093415
Nifty Commodities TRI,2024-03-28,10423.425406147591
Nifty Commodities TRI,2024-04-01,10641.874819248736
Nifty Commodities TRI,2024-04-02,10761.651082554514
Nifty Commodities TRI,2024-04-03,10782.261940470396
Nifty Commodities TRI,2024-04-04,10757.070685447707
Nifty Commodities TRI,2024-04-05,10718.359197449156
Nifty Commodities TRI,2024-04-08,10825.075692162534
Nifty Commodities TRI,2024-04-09,10815.652402470954
Nifty Commodities TRI,2024-04-10,10928.159656943317
Nifty Commodities TRI,2024-04-12,10830.133704985488
Nifty Commodities TRI,2024-04-15,10753.396908808527
Nifty Commodities TRI,2024-04-16,10757.616459236973
Nifty Commodities TRI,2024-04-18,10671.566849950525
Nifty Commodities TRI,2024-04-19,10693.56739373329
Nifty Commodities TRI,2024-04-22,10748.932287273656
Nifty Commodities TRI,2024-04-23,10762.986946601819
Nifty Commodities TRI,2024-04-24,10876.632544464475
Nifty Commodities TRI,2024-04-25,10961.162180316345
Nifty Commodities TRI,2024-04-26,10965.580875202078
Nifty Commodities TRI,2024-04-29,11073.75815210633
Nifty Commodities TRI,2024-04-30,11023.987316678322
Nifty Commodities TRI,2024-05-02,11121.372515193736
Nifty Commodities TRI,2024-05-03,11096.03653288908
Nifty Commodities TRI,2024-05-06,10960.534723077322
Nifty Commodities TRI,2024-05-07,10740.327403504542
Nifty Commodities TRI,2024-05-08,10823.963555471928
Nifty Commodities TRI,2024-05-09,10561.35423326559
Nifty Commodities TRI,2024-05-10,10701.720641074742
Nifty Commodities TRI,2024-05-13,10708.053359953012
Nifty Commodities TRI,2024-05-14,10888.203144575033
Nifty Commodities TRI,2024-05-15,10976.890941105354
Nifty Commodities TRI,2024-05-16,11014.797885799602
Nifty Commodities TRI,2024-05-17,11116.355235725303
Nifty Commodities TRI,2024-05-21,11372.536747516535
Nifty Commodities TRI,2024-05-22,11407.777683227414
Nifty Commodities TRI,2024-05-23,11467.233452421364
Nifty Commodities TRI,2024-05-24,11468.921921910223
Nifty Commodities TRI,2024-05-27,11419.598315943002
Nifty Commodities TRI,2024-05-28,11329.308325152833
Nifty Commodities TRI,2024-05-29,11262.036866460361
Nifty Commodities TRI,2024-05-30,11075.666477699126
Nifty Commodities TRI,2024-05-31,11151.25505432691
Nifty Commodities TRI,2024-06-03,11753.422855803528
Nifty Commodities TRI,2024-06-04,10507.11888079955
Nifty Commodities TRI,2024-06-05,10913.089830817358
Nifty Commodities TRI,2024-06-06,11069.411121775185
Nifty Commodities TRI,2024-06-07,11313.18743657113
Nifty Commodities TRI,2024-06-10,11399.47277586885
Nifty Commodities TRI,2024-06-11,11434.119872913257
Nifty Commodities TRI,2024-06-12,11501.48271989905
Nifty Commodities TRI,2024-06-13,11513.158869437613
Nifty Commodities TRI,2024-06-14,11554.975042809396
Nifty Commodities TRI,2024-06-18,11555.725236864917
Nifty Commodities TRI,2024-06-19,11407.0597944467
Nifty Commodities TRI,2024-06-20,11521.61776066834
Nifty Commodities TRI,2024-06-21,11463.764040383296
Nifty Commodities TRI,2024-06-24,11446.786108439184
Nifty Commodities TRI,2024-06-25,11378.299530666955
Nifty Commodities TRI,2024-06-26,11416.677721417298
Nifty Commodities TRI,2024-06-27,11569.854133345034
Nifty Commodities TRI,2024-06-28,11645.444374951774
Nifty Commodities TRI,2024-07-01,11690.386909071667
Nifty Commodities TRI,2024-07-02,11676.503065221841
Nifty Commodities TRI,2024-07-03,11719.18306334326
Nifty Commodities TRI,2024-07-04,11712.96805565574
Nifty Commodities TRI,2024-07-05,11802.481960035491
Nifty Commodities TRI,2024-07-08,11749.957988040518
Nifty Commodities TRI,2024-07-09,11792.339573039215
Nifty Commodities TRI,2024-07-10,11754.438544889937
Nifty Commodities TRI,2024-07-11,11785.44433715242
Nifty Commodities TRI,2024-07-12,11794.822892041519
Nifty Commodities TRI,2024-07-15,11894.78046180796
Nifty Commodities TRI,2024-07-16,11893.097652659177
Nifty Commodities TRI,2024-07-18,11866.33328975333
Nifty Commodities TRI,2024-07-19,11506.374095429772
Nifty Commodities TRI,2024-07-22,11604.435728234288
Nifty Commodities TRI,2024-07-23,11568.57643106641
Nifty Commodities TRI,2024-07-24,11624.69570508726
Nifty Commodities TRI,2024-07-25,11685.789958648236
Nifty Commodities TRI,2024-07-26,11890.853654946965
Nifty Commodities TRI,2024-07-29,11962.133917666408
Nifty Commodities TRI,2024-07-30,12044.908699775578
Nifty Commodities TRI,2024-07-31,12151.859310860156
Nifty Commodities TRI,2024-08-01,12233.393831732987
Nifty Commodities TRI,2024-08-02,11991.411058000534
Nifty Commodities TRI,2024-08-05,11546.778470574083
Nifty Commodities TRI,2024-08-06,11513.661693606718
Nifty Commodities TRI,2024-08-07,11769.076449709017
Nifty Commodities TRI,2024-08-08,11570.569549951986
Nifty Commodities TRI,2024-08-09,11668.099167627255
Nifty Commodities TRI,2024-08-12,11654.380584003158
Nifty Commodities TRI,2024-08-13,11513.37875579459
Nifty Commodities TRI,2024-08-14,11418.401988912829
Nifty Commodities TRI,2024-08-16,11601.860390862092
Nifty Commodities TRI,2024-08-19,11755.00002439361
Nifty Commodities TRI,2024-08-20,11812.272185238797
Nifty Commodities TRI,2024-08-21,11863.50084673819
Nifty Commodities TRI,2024-08-22,11883.926547805153
Nifty Commodities TRI,2024-08-23,11854.83095526427
Nifty Commodities TRI,2024-08-26,11984.302815432207
Nifty Commodities TRI,2024-08-27,11921.67931204824
Nifty Commodities TRI,2024-08-28,11894.65731578324
Nifty Commodities TRI,2024-08-29,11906.267758985981
Nifty Commodities TRI,2024-08-30,11955.508092140413
Nifty Commodities TRI,2024-09-02,11981.466807238676
Nifty Commodities TRI,2024-09-03,11920.397572126363
Nifty Commodities TRI,2024-09-04,11898.851635825758
Nifty Commodities TRI,2024-09-05,11870.241560588314
Nifty Commodities TRI,2024-09-06,11717.168739655433
Nifty Commodities TRI,2024-09-09,11665.663438563204
Nifty Commodities TRI,2024-09-10,11724.565981628139
Nifty Commodities TRI,2024-09-11,11556.375614397508
Nifty Commodities TRI,2024-09-12,11814.197082106979
Nifty Commodities TRI,2024-09-13,11804.555788454107
Nifty Commodities TRI,2024-09-16,11881.794212569588
Nifty Commodities TRI,2024-09-17,11879.093462905392
Nifty Commodities TRI,2024-09-18,11780.942422400667
Nifty Commodities TRI,2024-09-19,11743.853525490576
Nifty Commodities TRI,2024-09-20,11868.468195979958
Nifty Commodities TRI,2024-09-23,12001.46055652765
Nifty Commodities TRI,2024-09-24,12112.544350424194
Nifty Commodities TRI,2024-09-25,12153.272829308851
Nifty Commodities TRI,2024-09-26,12278.76479964601
Nifty Commodities TRI,2024-09-27,12405.278590507758
Nifty Commodities TRI,2024-09-30,12404.824238511483
Nifty Commodities TRI,2024-10-01,12377.59131990358
Nifty Commodities TRI,2024-10-03,12160.106471346524
Nifty Commodities TRI,2024-10-04,12031.839293330691
Nifty Commodities TRI,2024-10-07,11745.846998390778
Nifty Commodities TRI,2024-10-08,11848.280106955313
Nifty Commodities TRI,2024-10-09,11798.337377006557
Nifty Commodities TRI,2024-10-10,11816.09129629615
Nifty Commodities TRI,2024-10-11,11851.15368909357
Nifty Commodities TRI,2024-10-14,11843.919867328212
Nifty Commodities TRI,2024-10-15,11795.478451008652
Nifty Commodities TRI,2024-10-16,11793.780596118862
Nifty Commodities TRI,2024-10-17,11606.848327740696
Nifty Commodities TRI,2024-10-18,11735.79690094456
Nifty Commodities TRI,2024-10-21,11597.489211050344
Nifty Commodities TRI,2024-10-22,11326.520477234899
Nifty Commodities TRI,2024-10-23,11286.62890554079
Nifty Commodities TRI,2024-10-24,11324.783060143624
Nifty Commodities TRI,2024-10-25,11075.881629967422
Nifty Commodities TRI,2024-10-28,11172.636408692571
Nifty Commodities TRI,2024-10-29,11242.40094633202
Nifty Commodities TRI,2024-10-30,11230.432687911474
Nifty Commodities TRI,2024-10-31,11237.745244626334
Nifty Commodities TRI,2024-11-01,11327.502497321337
Nifty Commodities TRI,2024-11-04,11078.44730520294
Nifty Commodities TRI,2024-11-05,11264.077212483444
Nifty Commodities TRI,2024-11-06,11461.298318899142
Nifty Commodities TRI,2024-11-07,11253.477964112033
Nifty Commodities TRI,2024-11-08,11093.829031340118
Nifty Commodities TRI,2024-11-11,10986.090087990671
Nifty Commodities TRI,2024-11-12,10854.546057695205
Nifty Commodities TRI,2024-11-13,10645.116506267343
Nifty Commodities TRI,2024-11-14,10629.062059265574
Nifty Commodities TRI,2024-11-18,10621.203918854724
Nifty Commodities TRI,2024-11-19,10580.719038568155
Nifty Commodities TRI,2024-11-21,10369.242541880065
Nifty Commodities TRI,2024-11-22,10519.803855948045
Nifty Commodities TRI,2024-11-25,10613.126006395201
Nifty Commodities TRI,2024-11-26,10549.901747072514
Nifty Commodities TRI,2024-11-27,10689.747002436887
Nifty Commodities TRI,2024-11-28,10644.118647858946
Nifty Commodities TRI,2024-11-29,10808.92623560472
Nifty Commodities TRI,2024-12-02,10915.11323782542
Nifty Commodities TRI,2024-12-03,11043.556190974623
Nifty Commodities TRI,2024-12-04,11023.13534931019
Nifty Commodities TRI,2024-12-05,11055.906664961496
Nifty Commodities TRI,2024-12-06,11101.031931522179
Nifty Commodities TRI,2024-12-09,11100.695374635885
Nifty Commodities TRI,2024-12-10,11083.184726759293
Nifty Commodities TRI,2024-12-11,11089.80708684892
Nifty Commodities TRI,2024-12-12,11053.922779531938
Nifty Commodities TRI,2024-12-13,11060.925410040181
Nifty Commodities TRI,2024-12-16,10980.809413619636
Nifty Commodities TRI,2024-12-17,10802.402744282606
Nifty Commodities TRI,2024-12-18,10673.72257811008
Nifty Commodities TRI,2024-12-19,10581.975716824916
Nifty Commodities TRI,2024-12-20,10378.744244892076
Nifty Commodities TRI,2024-12-23,10454.423928585604
Nifty Commodities TRI,2024-12-24,10403.337568096691
Nifty Commodities TRI,2024-12-26,10412.785625103828
Nifty Commodities TRI,2024-12-27,10339.120336291588
Nifty Commodities TRI,2024-12-30,10252.185104349117
Nifty Commodities TRI,2024-12-31,10298.212934311763
Nifty Commodities TRI,2025-01-02,10457.184352433913
Nifty Commodities TRI,2025-01-03,10506.71745645185
Nifty Commodities TRI,2025-01-06,10183.003921062693
Nifty Commodities TRI,2025-01-07,10291.839670982303
Nifty Commodities TRI,2025-01-08,10279.909722407707
Nifty Commodities TRI,2025-01-09,10172.443253582582
Nifty Commodities TRI,2025-01-10,9989.219458979169
Nifty Commodities TRI,2025-01-13,9664.93842214948
Nifty Commodities TRI,2025-01-14,9954.94057968075
Nifty Commodities TRI,2025-01-15,10029.54192770858
Nifty Commodities TRI,2025-01-16,10165.641512146487
Nifty Commodities TRI,2025-01-17,10277.956485640318
Nifty Commodities TRI,2025-01-20,10357.848459965107
Nifty Commodities TRI,2025-01-21,10227.916504217284
Nifty Commodities TRI,2025-01-22,10179.157927669998
Nifty Commodities TRI,2025-01-23,10281.159281373413
Nifty Commodities TRI,2025-01-24,10191.515993148523
Nifty Commodities TRI,2025-01-27,9989.26330474857
Nifty Commodities TRI,2025-01-28,9944.543189830405
Nifty Commodities TRI,2025-01-29,10062.94463316134
Nifty Commodities TRI,2025-01-30,10134.494383583931
Nifty Commodities TRI,2025-01-31,10269.491652363877
Nifty Commodities TRI,2025-02-03,9989.440277756312
Nifty Commodities TRI,2025-02-04,10184.03541157307
Nifty Commodities TRI,2025-02-05,10290.357435043374
Nifty Commodities TRI,2025-02-06,10215.013298680447
Nifty Commodities TRI,2025-02-07,10270.84388785217
Nifty Commodities TRI,2025-02-10,10086.698253878742
Nifty Commodities TRI,2025-02-11,9922.435574805562
Nifty Commodities TRI,2025-02-12,9933.150187742753
Nifty Commodities TRI,2025-02-13,9968.71219908935
Nifty Commodities TRI,2025-02-14,9794.188034653225
Nifty Commodities TRI,2025-02-17,9863.184432577711
Nifty Commodities TRI,2025-02-18,9892.332253305447
Nifty Commodities TRI,2025-02-19,9965.468267123175
Nifty Commodities TRI,2025-02-20,10115.081770729596
Nifty Commodities TRI,2025-02-21,10112.651880820958
Nifty Commodities TRI,2025-02-24,9952.833955828206
Nifty Commodities TRI,2025-02-25,9865.640860734551
Nifty Commodities TRI,2025-02-27,9810.074457030498
Nifty Commodities TRI,2025-02-28,9660.541408510928
Nifty Commodities TRI,2025-03-03,9729.310406201954
Nifty Commodities TRI,2025-03-04,9767.88452926377
Nifty Commodities TRI,2025-03-05,10032.33014269787
Nifty Commodities TRI,2025-03-06,10230.265158095875
Nifty Commodities TRI,2025-03-07,10258.309188340332
Nifty Commodities TRI,2025-03-10,10170.041474065376
Nifty Commodities TRI,2025-03-11,10235.563620232268
Nifty Commodities TRI,2025-03-12,10243.826384403459
Nifty Commodities TRI,2025-03-13,10191.830560223316
Nifty Commodities TRI,2025-03-17,10267.012740193557
Nifty Commodities TRI,2025-03-18,10398.818418532563
Nifty Commodities TRI,2025-03-19,10541.902568078482
Nifty Commodities TRI,2025-03-20,10618.67485497991
Nifty Commodities TRI,2025-03-21,10733.393699666027
Nifty Commodities TRI,2025-03-24,10866.054958228042
Nifty Commodities TRI,2025-03-25,10796.103334450485
Nifty Commodities TRI,2025-03-26,10708.317894326974
Nifty Commodities TRI,2025-03-27,10843.769047588745
Nifty Commodities TRI,2025-03-28,10785.459645083665
Nifty Commodities TRI,2025-04-01,10710.501152498475
Nifty Commodities TRI,2025-04-02,10758.476267658338
Nifty Commodities TRI,2025-04-03,10776.645336572958
Nifty Commodities TRI,2025-04-04,10384.141846899705
Nifty Commodities TRI,2025-04-07,10001.878032901439
Nifty Commodities TRI,2025-04-08,10169.421094187855
Nifty Commodities TRI,2025-04-09,10117.606849573709
Nifty Commodities TRI,2025-04-11,10421.210909891468
Nifty Commodities TRI,2025-04-15,10639.816401517292
Nifty Commodities TRI,2025-04-16,10681.510262808788
Nifty Commodities TRI,2025-04-17,10769.675318330623
Nifty Commodities TRI,2025-04-21,10933.011342606169
Nifty Commodities TRI,2025-04-22,10916.331191562931
Nifty Commodities TRI,2025-04-23,10954.163571723582
Nifty Commodities TRI,2025-04-24,10989.193827086636
Nifty Commodities TRI,2025-04-25,10806.851846200228
Nifty Commodities TRI,2025-04-28,10991.404544831732
Nifty Commodities TRI,2025-04-29,10916.492819591878
Nifty Commodities TRI,2025-04-30,10862.55673078315
Nifty Commodities TRI,2025-05-02,10826.876657830157
Nifty Commodities TRI,2025-05-05,10926.07212258723
Nifty Commodities TRI,2025-05-06,10786.628831247563
Nifty Commodities TRI,2025-05-07,10824.672297340203
Nifty Commodities TRI,2025-05-08,10666.83374856288
Nifty Commodities TRI,2025-05-09,10595.633051146033
Nifty Commodities TRI,2025-05-12,11033.13076717065
Nifty Commodities TRI,2025-05-13,10912.535781988878
Nifty Commodities TRI,2025-05-14,11036.123344407333
Nifty Commodities TRI,2025-05-15,11199.486945157867
Nifty Commodities TRI,2025-05-16,11249.758534451077
Nifty Commodities TRI,2025-05-19,11216.677697871315
Nifty Commodities TRI,2025-05-20,11122.608868955558
Nifty Commodities TRI,2025-05-21,11162.736998927356
Nifty Commodities TRI,2025-05-22,11068.784739690223
Nifty Commodities TRI,2025-05-23,11141.543874554349
Nifty Commodities TRI,2025-05-26,11194.840023229011
Nifty Commodities TRI,2025-05-27,11107.572103106584
Nifty Commodities TRI,2025-05-28,11045.52363848364
Nifty Commodities TRI,2025-05-29,11085.536229875632
Nifty Commodities TRI,2025-05-30,10965.801300518024
Nifty Commodities TRI,2025-06-02,10944.09057734072
Nifty Commodities TRI,2025-06-03,10869.81359693838
Nifty Commodities TRI,2025-06-04,10945.224603231554
Nifty Commodities TRI,2025-06-05,10966.459656122808
Nifty Commodities TRI,2025-06-06,11099.260965692722
Nifty Commodities TRI,2025-06-09,11187.160304059254
Nifty Commodities TRI,2025-06-10,11245.09745926189
Nifty Commodities TRI,2025-06-11,11298.374167789778
Nifty Commodities TRI,2025-06-12,11122.008302611828
Nifty Commodities TRI,2025-06-13,11041.95081588578
Nifty Commodities TRI,2025-06-16,11163.049969012824
Nifty Commodities TRI,2025-06-17,11077.35232894275
Nifty Commodities TRI,2025-06-18,11024.381205036669
Nifty Commodities TRI,2025-06-19,10933.106343747713
Nifty Commodities TRI,2025-06-20,11031.915892708814
Nifty Commodities TRI,2025-06-23,11064.611730633082
Nifty Commodities TRI,2025-06-24,11132.558521844148
Nifty Commodities TRI,2025-06-25,11196.865695372324
Nifty Commodities TRI,2025-06-26,11394.725813925248
Nifty Commodities TRI,2025-06-27,11480.927784771378
Nifty Commodities TRI,2025-06-30,11435.463775903063
Nifty Commodities TRI,2025-07-01,11472.424086811854
Nifty Commodities TRI,2025-07-02,11545.470375761402
Nifty Commodities TRI,2025-07-03,11512.700571720832
Nifty Commodities TRI,2025-07-04,11539.368831603939
Nifty Commodities TRI,2025-07-07,11525.125233183619
Nifty Commodities TRI,2025-07-08,11570.741885676185
Nifty Commodities TRI,2025-07-09,11505.002539253788
Nifty Commodities TRI,2025-07-10,11490.203855392394
Nifty Commodities TRI,2025-07-11,11416.838410132588
Nifty Commodities TRI,2025-07-14,11442.389586185007
Nifty Commodities TRI,2025-07-15,11469.708624429726
Nifty Commodities TRI,2025-07-16,11456.888128152334
Nifty Commodities TRI,2025-07-17,11473.32506655646
Nifty Commodities TRI,2025-07-18,11457.430862057807
Nifty Commodities TRI,2025-07-21,11465.449750165844
Nifty Commodities TRI,2025-07-22,11431.491865421587
Nifty Commodities TRI,2025-07-23,11474.382602492646
Nifty Commodities TRI,2025-07-24,11420.69623100006
Nifty Commodities TRI,2025-07-25,11239.160661407588
Nifty Commodities TRI,2025-07-28,11221.526153175524
Nifty Commodities TRI,2025-07-29,11316.245512474205
Nifty Commodities TRI,2025-07-30,11333.455199195467
Nifty Commodities TRI,2025-07-31,11205.424125581483
Nifty Commodities TRI,2025-08-01,11045.023176955267
Nifty Commodities TRI,2025-08-04,11211.00910136688
Nifty Commodities TRI,2025-08-05,11212.45412053016
Nifty Commodities TRI,2025-08-06,11160.257589228393
Nifty Commodities TRI,2025-08-07,11161.764057034716
Nifty Commodities TRI,2025-08-08,11073.925483404555
Nifty Commodities TRI,2025-08-11,11171.189081146305
Nifty Commodities TRI,2025-08-12,11187.8889145407
Nifty Commodities TRI,2025-08-13,11222.28544624534
Nifty Commodities TRI,2025-08-14,11121.151954940413
Nifty Commodities TRI,2025-08-18,11272.221952304179
Nifty Commodities TRI,2025-08-19,11348.186599880459
Nifty Commodities TRI,2025-08-20,11375.675892802825
Nifty Commodities TRI,2025-08-21,11361.289038971014
Nifty Commodities TRI,2025-08-22,11238.571491104576
Nifty Commodities TRI,2025-08-25,11286.789834260473
Nifty Commodities TRI,2025-08-26,11132.804135021974
Nifty Commodities TRI,2025-08-28,11048.628113531164
Nifty Commodities TRI,2025-08-29,10999.187547850895
Nifty Commodities TRI,2025-09-01,11157.242794360283
Nifty Commodities TRI,2025-09-02,11215.092323708168
Nifty Commodities TRI,2025-09-03,11344.82452852592
Nifty Commodities TRI,2025-09-04,11268.55814850102
Nifty Commodities TRI,2025-09-05,11279.698432102312
Nifty Commodities TRI,2025-09-08,11326.02769002687
Nifty Commodities TRI,2025-09-09,11314.769022624963
Nifty Commodities TRI,2025-09-10,11336.18563218122
Nifty Commodities TRI,2025-09-11,11382.38521751319
Nifty Commodities TRI,2025-09-12,11429.424430017196
Nifty Commodities TRI,2025-09-15,11445.353956943998
Nifty Commodities TRI,2025-09-16,11541.466281864305
Nifty Commodities TRI,2025-09-17,11561.167695250575
Nifty Commodities TRI,2025-09-18,11568.667599153645
Nifty Commodities TRI,2025-09-19,11622.668606620044
Nifty Commodities TRI,2025-09-22,11704.8567437403
Nifty Commodities TRI,2025-09-23,11692.644937102212
Nifty Commodities TRI,2025-09-24,11608.226392101054
Nifty Commodities TRI,2025-09-25,11574.10172681508
Nifty Commodities TRI,2025-09-26,11423.557468535295
Nifty Commodities TRI,2025-09-29,11503.817514526823
Nifty Commodities TRI,2025-09-30,11548.590451946913
Nifty Commodities TRI,2025-10-01,11601.46332283337
Nifty Commodities TRI,2025-10-03,11672.457751820972
Nifty Commodities TRI,2025-10-06,11691.972830115823
Nifty Commodities TRI,2025-10-07,11696.722211716433
Nifty Commodities TRI,2025-10-08,11606.588181046975
Nifty Commodities TRI,2025-10-09,11737.531175712846
Nifty Commodities TRI,2025-10-10,11741.125656385484
Nifty Commodities TRI,2025-10-13,11724.005702510369
Nifty Commodities TRI,2025-10-14,11639.763090711227
Nifty Commodities TRI,2025-10-15,11758.71983081019
Nifty Commodities TRI,2025-10-16,11847.59070123833
Nifty Commodities TRI,2025-10-17,11826.238945035326
Nifty Commodities TRI,2025-10-20,11885.026602505492
Nifty Commodities TRI,2025-10-21,11903.360690729818
Nifty Commodities TRI,2025-10-23,11857.689534122557
Nifty Commodities TRI,2025-10-24,11872.422386859913
Nifty Commodities TRI,2025-10-27,12000.920450900323
Nifty Commodities TRI,2025-10-28,12017.915225825282
Nifty Commodities TRI,2025-10-29,12226.418739826684
Nifty Commodities TRI,2025-10-30,12211.185162569775
Nifty Commodities TRI,2025-10-31,12109.45417326364
Nifty Commodities TRI,2025-11-03,12166.261884335658
Nifty Commodities TRI,2025-11-04,12054.725053047718
Nifty Commodities TRI,2025-11-06,11900.305769915998
Nifty Commodities TRI,2025-11-07,11946.98331868923
Nifty Commodities TRI,2025-11-10,11970.818466556038
Nifty Commodities TRI,2025-11-11,12041.13963051185
Nifty Commodities TRI,2025-11-12,12059.178458208153
Nifty Commodities TRI,2025-11-13,12061.249130915197
Nifty Commodities TRI,2025-11-14,12027.31836467706
Nifty Commodities TRI,2025-11-17,12053.814667054128
Nifty Commodities TRI,2025-11-18,11961.64801036115
Nifty Commodities TRI,2025-11-19,11917.20479214315
Nifty Commodities TRI,2025-11-20,11950.898895251206
Nifty Commodities TRI,2025-11-21,11817.740892333753
Nifty Commodities TRI,2025-11-24,11685.002824036133
Nifty Commodities TRI,2025-11-25,11703.615511795115
Nifty Commodities TRI,2025-11-26,11913.225163647818
Nifty Commodities TRI,2025-11-27,11881.199754379235
Nifty Commodities TRI,2025-11-28,11871.66272833032
Nifty Commodities TRI,2025-12-01,11895.058825218439
Nifty Commodities TRI,2025-12-02,11857.223385457548
Nifty Commodities TRI,2025-12-03,11779.030820316579
Nifty Commodities TRI,2025-12-04,11779.735841087017
Nifty Commodities TRI,2025-12-05,11813.834048005685
Nifty Commodities TRI,2025-12-08,11660.112807484129
Nifty Commodities TRI,2025-12-09,11648.753613204444
Nifty Commodities TRI,2025-12-10,11675.760509244235
Nifty Commodities TRI,2025-12-11,11757.066627471846
Nifty Commodities TRI,2025-12-12,11948.205991228944
Nifty Commodities TRI,2025-12-15,11967.565469798372
Nifty Commodities TRI,2025-12-16,11862.946840513772
Nifty Commodities TRI,2025-12-17,11863.848800910413
Nifty Commodities TRI,2025-12-18,11829.271455776554
Nifty Commodities TRI,2025-12-19,11898.296519557627
Nifty Commodities TRI,2025-12-22,11984.43220587233
Nifty Commodities TRI,2025-12-23,12053.025800370331
Nifty Commodities TRI,2025-12-24,12021.286824143293
Nifty Commodities TRI,2025-12-26,12044.91797300231
Nifty Commodities TRI,2025-12-29,12029.12794908921
Nifty Commodities TRI,2025-12-30,12088.516435240928
Nifty Commodities TRI,2025-12-31,12283.851707113054
Nifty Commodities TRI,2026-01-02,12568.449124030409
Nifty Commodities TRI,2026-01-05,12573.066426959767
Nifty Commodities TRI,2026-01-06,12526.417402076939
Nifty Commodities TRI,2026-01-07,12487.640945596366
Nifty Commodities TRI,2026-01-08,12188.045479809656
Nifty Commodities TRI,2026-01-09,12098.03835164123
Nifty Commodities TRI,2026-01-12,12260.051942494516
Nifty Commodities TRI,2026-01-13,12246.50533290537
Nifty Commodities TRI,2026-01-14,12428.351388442125
Nifty Commodities TRI,2026-01-16,12429.694218584487
Nifty Commodities TRI,2026-01-19,12320.38845873963
Nifty Commodities TRI,2026-01-20,12071.782274752926
Nifty Commodities TRI,2026-01-21,12079.802654095825
Nifty Commodities TRI,2026-01-22,12231.858249109311
Nifty Commodities TRI,2026-01-23,12063.147468451345
Nifty Commodities TRI,2026-01-27,12270.910884419563
Nifty Commodities TRI,2026-01-28,12548.416469258931
Nifty Commodities TRI,2026-01-29,12746.70025004766
Nifty Commodities TRI,2026-01-30,12476.143109425426
Nifty Commodities TRI,2026-02-02,12290.994026434284
Nifty Commodities TRI,2026-02-03,12585.974522221322
Nifty Commodities TRI,2026-02-04,12825.764466505456
Nifty Commodities TRI,2026-02-05,12777.570736545911
Nifty Commodities TRI,2026-02-06,12796.883477665284
Nifty Commodities TRI,2026-02-09,12918.85996759369
Nifty Commodities TRI,2026-02-10,12977.637026163447
Nifty Commodities TRI,2026-02-11,13015.786156732094
Nifty Commodities TRI,2026-02-12,12962.669235155481
Nifty Commodities TRI,2026-02-13,12673.56556416546
Nifty Commodities TRI,2026-02-16,12811.156839839548
Nifty Commodities TRI,2026-02-17,12760.734970336547
Nifty Commodities TRI,2026-02-18,12853.107177315997
Nifty Commodities TRI,2026-02-19,12677.732642459481
Nifty Commodities TRI,2026-02-20,12797.612730216606
Nifty Commodities TRI,2026-02-23,12803.43571991627
Nifty Commodities TRI,2026-02-24,12893.183532768353
Nifty Commodities TRI,2026-02-25,12990.70843134224
Nifty Commodities TRI,2026-02-26,13032.833903916156
Nifty Commodities TRI,2026-02-27,12889.377237770364
Nifty Commodities TRI,2026-03-02,12753.495594589967
Nifty Commodities TRI,2026-03-04,12388.851703423124
Nifty Commodities TRI,2026-03-05,12643.47551616296
Nifty Commodities TRI,2026-03-06,12596.887037527636
Nifty Commodities TRI,2026-03-09,12323.811270701479
Nifty Commodities TRI,2026-03-10,12452.587002867846
Nifty Commodities TRI,2026-03-11,12388.618809630945
Nifty Commodities TRI,2026-03-12,12484.76431068701
Nifty Commodities TRI,2026-03-13,12101.574491045529
Nifty Commodities TRI,2026-03-16,12140.988151049787
Nifty Commodities TRI,2026-03-17,12283.015985632617
Nifty Commodities TRI,2026-03-18,12323.268217337907
Nifty Commodities TRI,2026-03-19,12014.86239039853
Nifty Commodities TRI,2026-03-20,12169.798671257971
Nifty Commodities TRI,2026-03-23,11740.804060898636
Nifty Commodities TRI,2026-03-24,11906.580064901882
Nifty Commodities TRI,2026-03-25,12129.8645325659
Nifty Commodities TRI,2026-03-27,11957.912625920826
Nifty Commodities TRI,2026-03-30,11835.061958635719
Nifty Commodities TRI,2026-04-01,12003.496176855759
Nifty Commodities TRI,2026-04-02,11952.275371146347
Nifty Commodities TRI,2026-04-06,12051.759971939364
Nifty Commodities TRI,2026-04-07,12144.443375048735
Nifty Commodities TRI,2026-04-08,12510.384415760152
Nifty Commodities TRI,2026-04-09,12556.853521056597
Nifty Commodities TRI,2026-04-10,12654.633797173574
Nifty Commodities TRI,2026-04-13,12622.235249002397
Nifty Commodities TRI,2026-04-15,12858.596600280736
Nifty Commodities TRI,2026-04-16,12938.12332203535
Nifty Commodities TRI,2026-04-17,13085.400208306159
Nifty Commodities TRI,2026-04-20,13121.453123720625
Nifty Commodities TRI,2026-04-21,13140.395272360454
Nifty Commodities TRI,2026-04-22,13262.990071166578
Nifty Commodities TRI,2026-04-23,13170.237677803061
Nifty Commodities TRI,2026-04-24,13123.1079563421
Nifty Commodities TRI,2026-04-27,13338.354067024236
Nifty Commodities TRI,2026-04-28,13432.75320505809
Nifty Commodities TRI,2026-04-29,13443.278705907473
Nifty Commodities TRI,2026-04-30,13294.858820468007
Nifty Commodities TRI,2026-05-04,13405.453974377662
Nifty Commodities TRI,2026-05-05,13417.344609288764
Nifty Commodities TRI,2026-05-06,13507.367314609251
Nifty Commodities TRI,2026-05-07,13551.998090129937
Nifty Commodities TRI,2026-05-08,13439.055703169171
Nifty Commodities TRI,2026-05-11,13297.651683344882
Nifty Commodities TRI,2026-05-12,13134.781227052315
Nifty Commodities TRI,2026-05-13,13295.117282350973
Nifty Commodities TRI,2026-05-14,13434.354089371307
Nifty Commodities TRI,2026-05-15,13262.109558917738
Nifty Commodities TRI,2026-05-18,13177.491590666743
Nifty Commodities TRI,2026-05-19,13172.675935836072
Nifty Commodities TRI,2026-05-20,13260.799336100648
Nifty Commodities TRI,2026-05-21,13296.08861439274
Nifty Commodities TRI,2026-05-22,13315.13303824502
Nifty Commodities TRI,2026-05-25,13450.739778877398
Nifty Commodities TRI,2026-05-26,13516.147331159302
Nifty Commodities TRI,2026-05-27,13657.108310405883
Nifty Commodities TRI,2026-05-29,13387.697346142626
Nifty Commodities TRI,2026-06-01,13320.857020672442
Nifty Commodities TRI,2026-06-02,13296.21081185253
Nifty Commodities TRI,2026-06-03,13272.340820462034
Nifty Commodities TRI,2026-06-04,13244.567369254337
Nifty Commodities TRI,2026-06-05,13142.901740951098
Nifty Commodities TRI,2026-06-08,12935.165379138467
Nifty Commodities TRI,2026-06-09,12976.325894558984
Nifty Commodities TRI,2026-06-10,12776.514710165127
Nifty Commodities TRI,2026-06-11,12700.430789822565
Nifty Commodities TRI,2026-06-12,12878.22325918399
Nifty Commodities TRI,2026-06-15,13043.576806945055
Nifty Commodities TRI,2026-06-16,13027.164094196667
Nifty Commodities TRI,2026-06-17,13074.007730891715
Nifty Commodities TRI,2026-06-18,13133.937528738345
Nifty Commodities TRI,2026-06-19,13090.059207434551
Nifty Commodities TRI,2026-06-22,13180.769506217028
Nifty Commodities TRI,2026-06-23,12965.02122588956
Nifty Commodities TRI,2026-06-24,12948.598012734807
Nifty Commodities TRI,2026-06-25,12832.429720798218
Nifty Commodities TRI,2026-06-30,12754.747717948647
