index_name,date,tri
Nifty Metal TRI,2011-07-12,3795.89990234375
Nifty Metal TRI,2011-07-13,3837.5181102867728
Nifty Metal TRI,2011-07-14,3869.3294534370534
Nifty Metal TRI,2011-07-15,3869.539241161099
Nifty Metal TRI,2011-07-18,3832.926579236258
Nifty Metal TRI,2011-07-19,3855.763096789098
Nifty Metal TRI,2011-07-20,3847.048113144804
Nifty Metal TRI,2011-07-21,3826.3065312780786
Nifty Metal TRI,2011-07-22,3826.513986380664
Nifty Metal TRI,2011-07-25,3827.1364191777993
Nifty Metal TRI,2011-07-26,3827.343919275337
Nifty Metal TRI,2011-07-27,3827.551430623137
Nifty Metal TRI,2011-07-28,3883.767478596037
Nifty Metal TRI,2011-07-29,3796.5576686266886
Nifty Metal TRI,2011-08-01,3722.0938595692883
Nifty Metal TRI,2011-08-02,3684.7128598652685
Nifty Metal TRI,2011-08-03,3633.681645992151
Nifty Metal TRI,2011-08-04,3633.7884570390743
Nifty Metal TRI,2011-08-05,3583.1493497306956
Nifty Metal TRI,2011-08-08,3491.337032661321
Nifty Metal TRI,2011-08-09,3269.1589848753433
Nifty Metal TRI,2011-08-10,3269.3362324918194
Nifty Metal TRI,2011-08-11,3323.050447930243
Nifty Metal TRI,2011-08-12,3323.2306174399087
Nifty Metal TRI,2011-08-16,3223.9620303381926
Nifty Metal TRI,2011-08-17,3247.8028467720837
Nifty Metal TRI,2011-08-18,3157.237030678923
Nifty Metal TRI,2011-08-19,3148.209346170944
Nifty Metal TRI,2011-08-22,3148.721443802438
Nifty Metal TRI,2011-08-23,3209.9308969715285
Nifty Metal TRI,2011-08-24,3228.0568925363414
Nifty Metal TRI,2011-08-25,3151.709494664478
Nifty Metal TRI,2011-08-26,3091.4229947682948
Nifty Metal TRI,2011-08-29,2980.3159552905054
Nifty Metal TRI,2011-08-30,3115.525778864678
Nifty Metal TRI,2011-09-02,3235.1579723025384
Nifty Metal TRI,2011-09-05,3331.2588232149396
Nifty Metal TRI,2011-09-06,3364.2689417762736
Nifty Metal TRI,2011-09-07,3434.056009283982
Nifty Metal TRI,2011-09-08,3401.8102951343353
Nifty Metal TRI,2011-09-09,3401.99473485394
Nifty Metal TRI,2011-09-12,3286.709432749872
Nifty Metal TRI,2011-09-13,3171.9358524103995
Nifty Metal TRI,2011-09-14,3179.443051349985
Nifty Metal TRI,2011-09-15,3247.93585585368
Nifty Metal TRI,2011-09-16,3254.4647223983575
Nifty Metal TRI,2011-09-19,3219.622035761356
Nifty Metal TRI,2011-09-20,3281.3194393126646
Nifty Metal TRI,2011-09-21,3274.38015838849
Nifty Metal TRI,2011-09-22,3138.2465932802806
Nifty Metal TRI,2011-09-23,3068.861972936277
Nifty Metal TRI,2011-09-26,2989.8442497457995
Nifty Metal TRI,2011-09-27,3064.8481722113506
Nifty Metal TRI,2011-09-28,3009.198724199146
Nifty Metal TRI,2011-09-29,3018.9629704962554
Nifty Metal TRI,2011-09-30,2934.0884468193326
Nifty Metal TRI,2011-10-03,2817.349487694993
Nifty Metal TRI,2011-10-04,2773.0502562232155
Nifty Metal TRI,2011-10-05,2757.980725272291
Nifty Metal TRI,2011-10-07,2903.2118108478007
Nifty Metal TRI,2011-10-10,2958.0988287566374
Nifty Metal TRI,2011-10-11,2987.553531617477
Nifty Metal TRI,2011-10-12,3052.939938363151
Nifty Metal TRI,2011-10-13,3029.1851077629976
Nifty Metal TRI,2011-10-14,3003.1661962161124
Nifty Metal TRI,2011-10-17,2999.482916446535
Nifty Metal TRI,2011-10-18,2956.768428546956
Nifty Metal TRI,2011-10-19,3004.7847690482413
Nifty Metal TRI,2011-10-20,2988.2072651269173
Nifty Metal TRI,2011-10-21,2948.9540858672935
Nifty Metal TRI,2011-10-24,2959.5907347132334
Nifty Metal TRI,2011-10-25,3021.954396846935
Nifty Metal TRI,2011-10-28,3238.9600288602655
Nifty Metal TRI,2011-10-31,3176.207064455151
Nifty Metal TRI,2011-11-01,3131.6082345932296
Nifty Metal TRI,2011-11-02,3124.2822912198662
Nifty Metal TRI,2011-11-03,3115.546962733506
Nifty Metal TRI,2011-11-04,3165.525474150512
Nifty Metal TRI,2011-11-08,3169.130717559682
Nifty Metal TRI,2011-11-09,3082.791577570885
Nifty Metal TRI,2011-11-11,3009.5406571385597
Nifty Metal TRI,2011-11-14,2942.423670344747
Nifty Metal TRI,2011-11-15,2886.0481650510665
Nifty Metal TRI,2011-11-16,2888.268854298215
Nifty Metal TRI,2011-11-17,2825.842744868912
Nifty Metal TRI,2011-11-18,2788.3333187576327
Nifty Metal TRI,2011-11-21,2691.0400356280447
Nifty Metal TRI,2011-11-22,2730.9717952304577
Nifty Metal TRI,2011-11-23,2678.3880558028104
Nifty Metal TRI,2011-11-24,2686.9948817813292
Nifty Metal TRI,2011-11-25,2634.554297491414
Nifty Metal TRI,2011-11-28,2765.9662378749326
Nifty Metal TRI,2011-11-29,2727.423724107378
Nifty Metal TRI,2011-11-30,2731.0984583034274
Nifty Metal TRI,2011-12-01,2840.6856979962286
Nifty Metal TRI,2011-12-02,2916.5747630555406
Nifty Metal TRI,2011-12-05,2888.0707048580284
Nifty Metal TRI,2011-12-07,2900.4805609085565
Nifty Metal TRI,2011-12-08,2809.454229068218
Nifty Metal TRI,2011-12-09,2785.108077734105
Nifty Metal TRI,2011-12-12,2674.1406863133616
Nifty Metal TRI,2011-12-13,2732.771963462264
Nifty Metal TRI,2011-12-14,2674.5313640521736
Nifty Metal TRI,2011-12-15,2674.878267787987
Nifty Metal TRI,2011-12-16,2602.3573373079503
Nifty Metal TRI,2011-12-19,2584.623821805328
Nifty Metal TRI,2011-12-20,2492.260062636182
Nifty Metal TRI,2011-12-21,2557.6154178238744
Nifty Metal TRI,2011-12-22,2567.7418654877047
Nifty Metal TRI,2011-12-23,2551.7886806046963
Nifty Metal TRI,2011-12-26,2587.118558213717
Nifty Metal TRI,2011-12-27,2548.7596064503555
Nifty Metal TRI,2011-12-28,2501.717474847303
Nifty Metal TRI,2011-12-29,2509.271268639663
Nifty Metal TRI,2011-12-30,2487.555763702803
Nifty Metal TRI,2012-01-02,2518.7494864924474
Nifty Metal TRI,2012-01-03,2643.6136612948503
Nifty Metal TRI,2012-01-04,2651.8336954245165
Nifty Metal TRI,2012-01-05,2635.2680860297437
Nifty Metal TRI,2012-01-06,2627.1817845558508
Nifty Metal TRI,2012-01-09,2629.578310858371
Nifty Metal TRI,2012-01-10,2712.9886754829918
Nifty Metal TRI,2012-01-11,2775.9053693320575
Nifty Metal TRI,2012-01-12,2808.8311611185622
Nifty Metal TRI,2012-01-13,2901.254407331334
Nifty Metal TRI,2012-01-16,2911.929659504699
Nifty Metal TRI,2012-01-17,3015.6432503279275
Nifty Metal TRI,2012-01-18,2957.3578987055753
Nifty Metal TRI,2012-01-19,3038.1489429955336
Nifty Metal TRI,2012-01-20,3033.8674762303226
Nifty Metal TRI,2012-01-23,2967.356267147041
Nifty Metal TRI,2012-01-24,3017.4956294004314
Nifty Metal TRI,2012-01-25,3075.018609259127
Nifty Metal TRI,2012-01-27,3135.295122392948
Nifty Metal TRI,2012-01-30,3041.4273018197123
Nifty Metal TRI,2012-01-31,3107.81707544396
Nifty Metal TRI,2012-02-01,3199.845823233778
Nifty Metal TRI,2012-02-02,3251.2355458803177
Nifty Metal TRI,2012-02-03,3214.9568865203314
Nifty Metal TRI,2012-02-06,3259.5767936599964
Nifty Metal TRI,2012-02-07,3207.866058860931
Nifty Metal TRI,2012-02-08,3260.031261787959
Nifty Metal TRI,2012-02-09,3324.897242241819
Nifty Metal TRI,2012-02-10,3348.951726590012
Nifty Metal TRI,2012-02-13,3386.2747661026046
Nifty Metal TRI,2012-02-14,3398.19549538767
Nifty Metal TRI,2012-02-15,3470.1228422821996
Nifty Metal TRI,2012-02-16,3407.722137380282
Nifty Metal TRI,2012-02-17,3409.829597050347
Nifty Metal TRI,2012-02-21,3439.974154158305
Nifty Metal TRI,2012-02-22,3288.2689821709764
Nifty Metal TRI,2012-02-23,3251.2948654157967
Nifty Metal TRI,2012-02-24,3287.309658828523
Nifty Metal TRI,2012-02-27,3121.887633923644
Nifty Metal TRI,2012-02-28,3229.595264450024
Nifty Metal TRI,2012-02-29,3277.618443284507
Nifty Metal TRI,2012-03-01,3246.452743924134
Nifty Metal TRI,2012-03-02,3251.135526423434
Nifty Metal TRI,2012-03-05,3147.940202776664
Nifty Metal TRI,2012-03-06,3019.8161519607575
Nifty Metal TRI,2012-03-07,2977.482567043142
Nifty Metal TRI,2012-03-09,3131.1460886883074
Nifty Metal TRI,2012-03-12,3163.5241730137427
Nifty Metal TRI,2012-03-13,3256.9258886489642
Nifty Metal TRI,2012-03-14,3255.2277821928874
Nifty Metal TRI,2012-03-15,3213.598159408568
Nifty Metal TRI,2012-03-16,3148.5004938363036
Nifty Metal TRI,2012-03-19,3124.785274558843
Nifty Metal TRI,2012-03-20,3126.171152629246
Nifty Metal TRI,2012-03-21,3185.3444168423803
Nifty Metal TRI,2012-03-22,3076.0195615647876
Nifty Metal TRI,2012-03-23,3060.4198125273697
Nifty Metal TRI,2012-03-26,2995.8641005507798
Nifty Metal TRI,2012-03-27,3038.721972632854
Nifty Metal TRI,2012-03-28,3009.272000790556
Nifty Metal TRI,2012-03-29,3016.6364399367694
Nifty Metal TRI,2012-03-30,3098.451639428657
Nifty Metal TRI,2012-04-02,3086.2747543581
Nifty Metal TRI,2012-04-03,3137.0668406140926
Nifty Metal TRI,2012-04-04,3104.4661542687436
Nifty Metal TRI,2012-04-09,2998.1389233170103
Nifty Metal TRI,2012-04-10,2970.2898279067535
Nifty Metal TRI,2012-04-11,2929.5984799096964
Nifty Metal TRI,2012-04-12,3004.209227049691
Nifty Metal TRI,2012-04-13,2989.9580755486
Nifty Metal TRI,2012-04-16,2997.8049318683347
Nifty Metal TRI,2012-04-17,3056.397828624152
Nifty Metal TRI,2012-04-18,3085.2472211107333
Nifty Metal TRI,2012-04-19,3107.550162245032
Nifty Metal TRI,2012-04-20,3080.098141210991
Nifty Metal TRI,2012-04-23,2986.9584183063453
Nifty Metal TRI,2012-04-24,3008.906691956506
Nifty Metal TRI,2012-04-25,2996.2716926128473
Nifty Metal TRI,2012-04-26,2994.503991189578
Nifty Metal TRI,2012-04-27,2969.117892693697
Nifty Metal TRI,2012-04-30,3017.8105937241558
Nifty Metal TRI,2012-05-02,3004.6742194928825
Nifty Metal TRI,2012-05-03,2949.0996873164895
Nifty Metal TRI,2012-05-04,2874.414144056793
Nifty Metal TRI,2012-05-07,2918.891787751463
Nifty Metal TRI,2012-05-08,2871.6832311067533
Nifty Metal TRI,2012-05-09,2813.186454602408
Nifty Metal TRI,2012-05-10,2778.8267052699443
Nifty Metal TRI,2012-05-11,2745.784627231603
Nifty Metal TRI,2012-05-14,2731.691455448447
Nifty Metal TRI,2012-05-15,2787.358819096209
Nifty Metal TRI,2012-05-16,2710.378679015666
Nifty Metal TRI,2012-05-17,2721.152700031038
Nifty Metal TRI,2012-05-18,2732.9448857030197
Nifty Metal TRI,2012-05-21,2751.291722204563
Nifty Metal TRI,2012-05-22,2700.2235185759446
Nifty Metal TRI,2012-05-23,2676.412924499896
Nifty Metal TRI,2012-05-24,2713.9960201371678
Nifty Metal TRI,2012-05-25,2737.3397180520014
Nifty Metal TRI,2012-05-28,2764.393968837651
Nifty Metal TRI,2012-05-29,2779.706402535091
Nifty Metal TRI,2012-05-30,2753.906624656191
Nifty Metal TRI,2012-05-31,2746.372090122698
Nifty Metal TRI,2012-06-01,2701.840453027603
Nifty Metal TRI,2012-06-04,2682.786450749093
Nifty Metal TRI,2012-06-05,2674.0753794795014
Nifty Metal TRI,2012-06-06,2754.4936534671956
Nifty Metal TRI,2012-06-07,2789.2586586755397
Nifty Metal TRI,2012-06-08,2802.0352560974807
Nifty Metal TRI,2012-06-11,2799.9961888202574
Nifty Metal TRI,2012-06-12,2831.3613611441533
Nifty Metal TRI,2012-06-13,2821.1268447080415
Nifty Metal TRI,2012-06-14,2788.0258173137854
Nifty Metal TRI,2012-06-15,2827.340401473048
Nifty Metal TRI,2012-06-18,2802.1794725068944
Nifty Metal TRI,2012-06-19,2799.8864521582177
Nifty Metal TRI,2012-06-20,2830.5520316129277
Nifty Metal TRI,2012-06-21,2851.694542148678
Nifty Metal TRI,2012-06-22,2808.085654922623
Nifty Metal TRI,2012-06-25,2788.3134064115943
Nifty Metal TRI,2012-06-26,2779.19015518387
Nifty Metal TRI,2012-06-27,2825.6639853175748
Nifty Metal TRI,2012-06-28,2829.996283865437
Nifty Metal TRI,2012-06-29,2925.8132641089696
Nifty Metal TRI,2012-07-02,2939.083568833552
Nifty Metal TRI,2012-07-03,2962.590624332741
Nifty Metal TRI,2012-07-04,3023.723329152969
Nifty Metal TRI,2012-07-05,3014.251336221491
Nifty Metal TRI,2012-07-06,2982.5998700280225
Nifty Metal TRI,2012-07-09,2939.63847877205
Nifty Metal TRI,2012-07-10,2984.7256162981657
Nifty Metal TRI,2012-07-11,2955.919934717671
Nifty Metal TRI,2012-07-12,2922.01091340127
Nifty Metal TRI,2012-07-13,2888.659060421702
Nifty Metal TRI,2012-07-16,2826.2806560045665
Nifty Metal TRI,2012-07-17,2823.628017012836
Nifty Metal TRI,2012-07-18,2865.6164161276147
Nifty Metal TRI,2012-07-19,2890.2112504401475
Nifty Metal TRI,2012-07-20,2892.4597451104737
Nifty Metal TRI,2012-07-23,2797.0913069973685
Nifty Metal TRI,2012-07-24,2802.091310320205
Nifty Metal TRI,2012-07-25,2743.4984079037317
Nifty Metal TRI,2012-07-26,2707.10189199615
Nifty Metal TRI,2012-07-27,2764.723773483883
Nifty Metal TRI,2012-07-30,2818.3185397348816
Nifty Metal TRI,2012-07-31,2841.854268561527
Nifty Metal TRI,2012-08-01,2821.228133440202
Nifty Metal TRI,2012-08-02,2815.713365773736
Nifty Metal TRI,2012-08-03,2772.1560987827397
Nifty Metal TRI,2012-08-06,2802.5859497472734
Nifty Metal TRI,2012-08-07,2818.4174747696493
Nifty Metal TRI,2012-08-08,2839.562893719068
Nifty Metal TRI,2012-08-09,2856.5731033024276
Nifty Metal TRI,2012-08-10,2857.5453484030463
Nifty Metal TRI,2012-08-13,2858.7765252514464
Nifty Metal TRI,2012-08-14,2884.171615286818
Nifty Metal TRI,2012-08-16,2847.2844392863803
Nifty Metal TRI,2012-08-17,2801.6516254748644
Nifty Metal TRI,2012-08-21,2824.135454592537
Nifty Metal TRI,2012-08-22,2818.154705291453
Nifty Metal TRI,2012-08-23,2833.847676237356
Nifty Metal TRI,2012-08-24,2822.3455582325837
Nifty Metal TRI,2012-08-27,2784.4575773506704
Nifty Metal TRI,2012-08-28,2706.9387802856486
Nifty Metal TRI,2012-08-29,2659.9389991049643
Nifty Metal TRI,2012-08-30,2648.935287030433
Nifty Metal TRI,2012-08-31,2613.0760315432653
Nifty Metal TRI,2012-09-03,2602.5040825105784
Nifty Metal TRI,2012-09-04,2620.036733206928
Nifty Metal TRI,2012-09-05,2555.263922464229
Nifty Metal TRI,2012-09-06,2566.657038834719
Nifty Metal TRI,2012-09-07,2635.503886608346
Nifty Metal TRI,2012-09-10,2679.937284082909
Nifty Metal TRI,2012-09-11,2642.8811480011436
Nifty Metal TRI,2012-09-12,2694.965849328375
Nifty Metal TRI,2012-09-13,2690.3526435888457
Nifty Metal TRI,2012-09-14,2805.5495916782065
Nifty Metal TRI,2012-09-17,2841.479160985026
Nifty Metal TRI,2012-09-18,2837.793936724403
Nifty Metal TRI,2012-09-20,2773.543455099145
Nifty Metal TRI,2012-09-21,2885.2559199787793
Nifty Metal TRI,2012-09-24,2896.0179232463815
Nifty Metal TRI,2012-09-25,2856.026441503751
Nifty Metal TRI,2012-09-26,2819.3081749265048
Nifty Metal TRI,2012-09-27,2800.716132790626
Nifty Metal TRI,2012-09-28,2835.849921820323
Nifty Metal TRI,2012-10-01,2845.224828914322
Nifty Metal TRI,2012-10-03,2855.933378802305
Nifty Metal TRI,2012-10-04,2859.674663502745
Nifty Metal TRI,2012-10-05,2859.829709653864
Nifty Metal TRI,2012-10-08,2828.4710890825204
Nifty Metal TRI,2012-10-09,2837.900520465855
Nifty Metal TRI,2012-10-10,2811.916097361774
Nifty Metal TRI,2012-10-11,2857.53124072519
Nifty Metal TRI,2012-10-12,2857.6348635040654
Nifty Metal TRI,2012-10-15,2856.613047628482
Nifty Metal TRI,2012-10-16,2808.1655037859714
Nifty Metal TRI,2012-10-17,2796.2690719793036
Nifty Metal TRI,2012-10-18,2827.492641629591
Nifty Metal TRI,2012-10-19,2790.265380215435
Nifty Metal TRI,2012-10-22,2793.2834986340745
Nifty Metal TRI,2012-10-23,2770.0990498109645
Nifty Metal TRI,2012-10-25,2755.113900111774
Nifty Metal TRI,2012-10-29,2746.3228576921183
Nifty Metal TRI,2012-10-30,2705.0156808509146
Nifty Metal TRI,2012-10-31,2735.5890312196743
Nifty Metal TRI,2012-11-01,2760.6240159977433
Nifty Metal TRI,2012-11-02,2778.2723261033325
Nifty Metal TRI,2012-11-05,2755.1666546758033
Nifty Metal TRI,2012-11-06,2752.6983265531553
Nifty Metal TRI,2012-11-07,2761.6760805814456
Nifty Metal TRI,2012-11-08,2763.00660423271
Nifty Metal TRI,2012-11-09,2723.833768317511
Nifty Metal TRI,2012-11-12,2704.4582620117817
Nifty Metal TRI,2012-11-15,2671.879149760613
Nifty Metal TRI,2012-11-16,2658.158309505763
Nifty Metal TRI,2012-11-19,2638.8160102943534
Nifty Metal TRI,2012-11-20,2619.183326160754
Nifty Metal TRI,2012-11-21,2638.074793591095
Nifty Metal TRI,2012-11-22,2655.9922997902117
Nifty Metal TRI,2012-11-23,2653.670202336922
Nifty Metal TRI,2012-11-26,2672.239963092184
Nifty Metal TRI,2012-11-27,2710.615308973589
Nifty Metal TRI,2012-11-29,2731.1571193248305
Nifty Metal TRI,2012-11-30,2786.8615731829113
Nifty Metal TRI,2012-12-03,2804.89416312984
Nifty Metal TRI,2012-12-04,2802.99005509291
Nifty Metal TRI,2012-12-05,2840.9264591088345
Nifty Metal TRI,2012-12-06,2856.400872008883
Nifty Metal TRI,2012-12-07,2843.239833204151
Nifty Metal TRI,2012-12-10,2849.769939683783
Nifty Metal TRI,2012-12-11,2830.3832851502334
Nifty Metal TRI,2012-12-12,2813.0001190208873
Nifty Metal TRI,2012-12-13,2781.6778141596515
Nifty Metal TRI,2012-12-14,2834.4954404829427
Nifty Metal TRI,2012-12-17,2876.4691203567745
Nifty Metal TRI,2012-12-18,2939.1805873741982
Nifty Metal TRI,2012-12-19,2988.111304953166
Nifty Metal TRI,2012-12-20,3026.29423317449
Nifty Metal TRI,2012-12-21,2978.9167126853517
Nifty Metal TRI,2012-12-24,2965.6097421190507
Nifty Metal TRI,2012-12-26,2981.525664745733
Nifty Metal TRI,2012-12-27,2964.9599759670923
Nifty Metal TRI,2012-12-28,2974.385606517529
Nifty Metal TRI,2012-12-31,2986.091948397527
Nifty Metal TRI,2013-01-01,3047.106497247712
Nifty Metal TRI,2013-01-02,3062.253781622827
Nifty Metal TRI,2013-01-03,3072.563102933568
Nifty Metal TRI,2013-01-04,3043.946232811463
Nifty Metal TRI,2013-01-07,3075.598536230119
Nifty Metal TRI,2013-01-08,3044.1942657289355
Nifty Metal TRI,2013-01-09,3007.430359311543
Nifty Metal TRI,2013-01-10,2994.7164604327304
Nifty Metal TRI,2013-01-11,2946.252856231256
Nifty Metal TRI,2013-01-14,2989.132135899517
Nifty Metal TRI,2013-01-15,2982.596368412726
Nifty Metal TRI,2013-01-16,2913.81828843624
Nifty Metal TRI,2013-01-17,2924.3846491521845
Nifty Metal TRI,2013-01-18,2911.557751946232
Nifty Metal TRI,2013-01-21,2905.022061708371
Nifty Metal TRI,2013-01-22,2879.872715224617
Nifty Metal TRI,2013-01-23,2866.67897439448
Nifty Metal TRI,2013-01-24,2815.3390623462487
Nifty Metal TRI,2013-01-25,2852.658858676879
Nifty Metal TRI,2013-01-28,2859.5162888269297
Nifty Metal TRI,2013-01-29,2845.182660150144
Nifty Metal TRI,2013-01-30,2852.5042253748284
Nifty Metal TRI,2013-01-31,2860.1360255276973
Nifty Metal TRI,2013-02-01,2840.798002885296
Nifty Metal TRI,2013-02-04,2817.069959755526
Nifty Metal TRI,2013-02-05,2798.860245653523
Nifty Metal TRI,2013-02-06,2804.376605220347
Nifty Metal TRI,2013-02-07,2776.5688993189137
Nifty Metal TRI,2013-02-08,2738.3890078959425
Nifty Metal TRI,2013-02-11,2731.7655168616493
Nifty Metal TRI,2013-02-12,2727.1149230433825
Nifty Metal TRI,2013-02-13,2696.40412084702
Nifty Metal TRI,2013-02-14,2696.6536268852246
Nifty Metal TRI,2013-02-15,2687.200611250008
Nifty Metal TRI,2013-02-18,2694.967413285718
Nifty Metal TRI,2013-02-19,2699.4495294032877
Nifty Metal TRI,2013-02-20,2683.4381632296163
Nifty Metal TRI,2013-02-21,2602.635116721562
Nifty Metal TRI,2013-02-22,2590.3338173329394
Nifty Metal TRI,2013-02-25,2557.6047238524397
Nifty Metal TRI,2013-02-26,2489.579591665929
Nifty Metal TRI,2013-02-27,2511.6624401179142
Nifty Metal TRI,2013-02-28,2437.9981879878683
Nifty Metal TRI,2013-03-01,2457.136603291619
Nifty Metal TRI,2013-03-04,2397.0987174869906
Nifty Metal TRI,2013-03-05,2454.931713959244
Nifty Metal TRI,2013-03-06,2493.7076256040227
Nifty Metal TRI,2013-03-07,2469.2505027550305
Nifty Metal TRI,2013-03-08,2526.890178782895
Nifty Metal TRI,2013-03-11,2513.5554368026233
Nifty Metal TRI,2013-03-12,2496.5860983811044
Nifty Metal TRI,2013-03-13,2461.061392185571
Nifty Metal TRI,2013-03-14,2477.6819902033485
Nifty Metal TRI,2013-03-15,2458.6404499423925
Nifty Metal TRI,2013-03-18,2407.1383821131767
Nifty Metal TRI,2013-03-19,2345.2829568605594
Nifty Metal TRI,2013-03-20,2313.820829639221
Nifty Metal TRI,2013-03-21,2290.162589509512
Nifty Metal TRI,2013-03-22,2294.1129867904942
Nifty Metal TRI,2013-03-25,2268.628709243271
Nifty Metal TRI,2013-03-26,2255.8222864402046
Nifty Metal TRI,2013-03-28,2309.0317696748416
Nifty Metal TRI,2013-04-01,2296.702263033498
Nifty Metal TRI,2013-04-02,2343.4939547022727
Nifty Metal TRI,2013-04-03,2295.6578122201768
Nifty Metal TRI,2013-04-04,2259.407095471688
Nifty Metal TRI,2013-04-05,2263.9279842730857
Nifty Metal TRI,2013-04-08,2250.0638483123444
Nifty Metal TRI,2013-04-09,2238.6956952941146
Nifty Metal TRI,2013-04-10,2246.4776708499844
Nifty Metal TRI,2013-04-11,2226.101439555222
Nifty Metal TRI,2013-04-12,2226.894983446158
Nifty Metal TRI,2013-04-15,2205.046305895892
Nifty Metal TRI,2013-04-16,2234.108934280209
Nifty Metal TRI,2013-04-17,2253.1295510676446
Nifty Metal TRI,2013-04-18,2256.6693889441453
Nifty Metal TRI,2013-04-22,2307.5021790939863
Nifty Metal TRI,2013-04-23,2304.6229523961315
Nifty Metal TRI,2013-04-25,2328.0284059601986
Nifty Metal TRI,2013-04-26,2293.7563636374866
Nifty Metal TRI,2013-04-29,2265.37319344225
Nifty Metal TRI,2013-04-30,2279.175371553804
Nifty Metal TRI,2013-05-02,2280.5624455750317
Nifty Metal TRI,2013-05-03,2312.6618213274437
Nifty Metal TRI,2013-05-06,2360.3612371400304
Nifty Metal TRI,2013-05-07,2360.9559342969746
Nifty Metal TRI,2013-05-08,2349.8867947249146
Nifty Metal TRI,2013-05-09,2319.894404173424
Nifty Metal TRI,2013-05-10,2316.494891917903
Nifty Metal TRI,2013-05-13,2270.0487773481086
Nifty Metal TRI,2013-05-14,2269.394026035125
Nifty Metal TRI,2013-05-15,2313.233583692727
Nifty Metal TRI,2013-05-16,2319.530398590418
Nifty Metal TRI,2013-05-17,2314.6252783760374
Nifty Metal TRI,2013-05-20,2316.2466633578188
Nifty Metal TRI,2013-05-21,2303.7667332242204
Nifty Metal TRI,2013-05-22,2292.7379191617797
Nifty Metal TRI,2013-05-23,2250.2682203422905
Nifty Metal TRI,2013-05-24,2282.142963314633
Nifty Metal TRI,2013-05-27,2323.9237646464067
Nifty Metal TRI,2013-05-28,2340.9155232572707
Nifty Metal TRI,2013-05-29,2320.3354076683536
Nifty Metal TRI,2013-05-30,2294.1996229750307
Nifty Metal TRI,2013-05-31,2237.1269602481602
Nifty Metal TRI,2013-06-03,2250.105258702961
Nifty Metal TRI,2013-06-04,2244.828214040839
Nifty Metal TRI,2013-06-05,2254.5545988012877
Nifty Metal TRI,2013-06-06,2246.2137286350912
Nifty Metal TRI,2013-06-07,2219.179996919845
Nifty Metal TRI,2013-06-10,2201.4690074309733
Nifty Metal TRI,2013-06-11,2104.1080528409407
Nifty Metal TRI,2013-06-12,2069.0609005502424
Nifty Metal TRI,2013-06-13,2047.6699766430017
Nifty Metal TRI,2013-06-14,2101.5934762732054
Nifty Metal TRI,2013-06-17,2100.0131683925997
Nifty Metal TRI,2013-06-18,2115.0897365315286
Nifty Metal TRI,2013-06-19,2141.4944933324914
Nifty Metal TRI,2013-06-20,2044.08270993633
Nifty Metal TRI,2013-06-21,2017.3290964761286
Nifty Metal TRI,2013-06-24,1995.9334772668008
Nifty Metal TRI,2013-06-25,1988.3495918408219
Nifty Metal TRI,2013-06-26,1960.9619828947941
Nifty Metal TRI,2013-06-27,1962.6795791540771
Nifty Metal TRI,2013-06-28,2047.256643147311
Nifty Metal TRI,2013-07-01,2088.1942054276237
Nifty Metal TRI,2013-07-02,2066.8342007724787
Nifty Metal TRI,2013-07-03,2009.4906446435632
Nifty Metal TRI,2013-07-04,2006.3236423795177
Nifty Metal TRI,2013-07-05,2015.9487526291193
Nifty Metal TRI,2013-07-08,1988.0872082832527
Nifty Metal TRI,2013-07-09,1994.9566820596908
Nifty Metal TRI,2013-07-10,1975.7669435015423
Nifty Metal TRI,2013-07-11,2026.9043532847156
Nifty Metal TRI,2013-07-12,2027.7424971453736
Nifty Metal TRI,2013-07-15,2027.8642674377854
Nifty Metal TRI,2013-07-16,1994.569250825332
Nifty Metal TRI,2013-07-17,1955.8588481617276
Nifty Metal TRI,2013-07-18,1973.2936822606534
Nifty Metal TRI,2013-07-19,1968.4567606039147
Nifty Metal TRI,2013-07-22,1962.583101769911
Nifty Metal TRI,2013-07-23,1972.3192114780359
Nifty Metal TRI,2013-07-24,1935.4669078091354
Nifty Metal TRI,2013-07-25,1902.9313219005119
Nifty Metal TRI,2013-07-26,1841.394427279691
Nifty Metal TRI,2013-07-29,1808.6298982801852
Nifty Metal TRI,2013-07-30,1775.349626026882
Nifty Metal TRI,2013-07-31,1808.3574002023167
Nifty Metal TRI,2013-08-01,1771.6363047448435
Nifty Metal TRI,2013-08-02,1707.2565882208503
Nifty Metal TRI,2013-08-05,1747.5386571669826
Nifty Metal TRI,2013-08-06,1696.3228162860523
Nifty Metal TRI,2013-08-07,1750.0724244690864
Nifty Metal TRI,2013-08-08,1797.9929483525113
Nifty Metal TRI,2013-08-12,1878.9433516131166
Nifty Metal TRI,2013-08-13,1876.804394009373
Nifty Metal TRI,2013-08-14,1927.6136504792944
Nifty Metal TRI,2013-08-16,1822.3312800318188
Nifty Metal TRI,2013-08-19,1853.2794053761627
Nifty Metal TRI,2013-08-20,1919.169843479721
Nifty Metal TRI,2013-08-21,1863.125228117685
Nifty Metal TRI,2013-08-22,2003.7359333167049
Nifty Metal TRI,2013-08-23,2027.8289734958532
Nifty Metal TRI,2013-08-26,2043.4383579005491
Nifty Metal TRI,2013-08-27,1972.8319196585587
Nifty Metal TRI,2013-08-28,2003.9185179875928
Nifty Metal TRI,2013-08-29,2058.3747007557686
Nifty Metal TRI,2013-08-30,2016.0282799054537
Nifty Metal TRI,2013-09-02,2079.8449838158863
Nifty Metal TRI,2013-09-03,2023.978124991606
Nifty Metal TRI,2013-09-04,2077.4618236334877
Nifty Metal TRI,2013-09-05,2103.14107460091
Nifty Metal TRI,2013-09-06,2107.1685724864933
Nifty Metal TRI,2013-09-10,2169.8371372136094
Nifty Metal TRI,2013-09-11,2238.380827087856
Nifty Metal TRI,2013-09-12,2179.9897809815557
Nifty Metal TRI,2013-09-13,2194.1495637528155
Nifty Metal TRI,2013-09-16,2168.0892268081557
Nifty Metal TRI,2013-09-17,2186.6373144618874
Nifty Metal TRI,2013-09-18,2186.7558698010066
Nifty Metal TRI,2013-09-19,2268.384258069195
Nifty Metal TRI,2013-09-20,2237.332272151013
Nifty Metal TRI,2013-09-23,2241.7178392744795
Nifty Metal TRI,2013-09-24,2216.5595951266578
Nifty Metal TRI,2013-09-25,2241.542909256372
Nifty Metal TRI,2013-09-26,2252.8429382867594
Nifty Metal TRI,2013-09-27,2217.3905030713713
Nifty Metal TRI,2013-09-30,2160.7490798308554
Nifty Metal TRI,2013-10-01,2157.2087058639845
Nifty Metal TRI,2013-10-03,2242.410992535938
Nifty Metal TRI,2013-10-04,2258.157921801658
Nifty Metal TRI,2013-10-07,2280.529853364479
Nifty Metal TRI,2013-10-08,2263.0383396506427
Nifty Metal TRI,2013-10-09,2282.449736065012
Nifty Metal TRI,2013-10-10,2295.903832727728
Nifty Metal TRI,2013-10-11,2263.0927293106
Nifty Metal TRI,2013-10-14,2246.572185364951
Nifty Metal TRI,2013-10-15,2263.060671237243
Nifty Metal TRI,2013-10-17,2263.776685967112
Nifty Metal TRI,2013-10-18,2339.4708248487086
Nifty Metal TRI,2013-10-21,2383.004690560855
Nifty Metal TRI,2013-10-22,2388.8358749756653
Nifty Metal TRI,2013-10-23,2379.9151381563665
Nifty Metal TRI,2013-10-24,2364.5587149120406
Nifty Metal TRI,2013-10-25,2333.766947098167
Nifty Metal TRI,2013-10-28,2297.6746066783944
Nifty Metal TRI,2013-10-29,2349.5532507372886
Nifty Metal TRI,2013-10-30,2349.942301990443
Nifty Metal TRI,2013-10-31,2390.8389535785395
Nifty Metal TRI,2013-11-01,2419.7024889415898
Nifty Metal TRI,2013-11-05,2434.5186398309306
Nifty Metal TRI,2013-11-06,2403.919645087465
Nifty Metal TRI,2013-11-07,2422.11255519016
Nifty Metal TRI,2013-11-08,2429.469452322455
Nifty Metal TRI,2013-11-11,2402.7909809261255
Nifty Metal TRI,2013-11-12,2360.3449692191302
Nifty Metal TRI,2013-11-13,2364.6103048934215
Nifty Metal TRI,2013-11-14,2397.472985084125
Nifty Metal TRI,2013-11-18,2420.204806681034
Nifty Metal TRI,2013-11-19,2425.1559491187177
Nifty Metal TRI,2013-11-20,2427.64508554063
Nifty Metal TRI,2013-11-21,2387.380079472832
Nifty Metal TRI,2013-11-22,2381.4313131585536
Nifty Metal TRI,2013-11-25,2405.5064820244756
Nifty Metal TRI,2013-11-26,2383.2580531463727
Nifty Metal TRI,2013-11-27,2392.6118476792217
Nifty Metal TRI,2013-11-28,2417.481520066972
Nifty Metal TRI,2013-11-29,2459.4418711717185
Nifty Metal TRI,2013-12-02,2489.305613945144
Nifty Metal TRI,2013-12-03,2495.8367809982983
Nifty Metal TRI,2013-12-04,2502.683548069745
Nifty Metal TRI,2013-12-05,2530.2425506628692
Nifty Metal TRI,2013-12-06,2546.111036440069
Nifty Metal TRI,2013-12-09,2565.1435955299708
Nifty Metal TRI,2013-12-10,2580.9648852764235
Nifty Metal TRI,2013-12-11,2566.103529614366
Nifty Metal TRI,2013-12-12,2531.3080135395758
Nifty Metal TRI,2013-12-13,2516.704626719098
Nifty Metal TRI,2013-12-16,2519.474976623287
Nifty Metal TRI,2013-12-17,2521.2904305256257
Nifty Metal TRI,2013-12-18,2537.2211920833256
Nifty Metal TRI,2013-12-19,2541.8190999298354
Nifty Metal TRI,2013-12-20,2555.8109177159727
Nifty Metal TRI,2013-12-23,2596.326180211459
Nifty Metal TRI,2013-12-24,2571.5870195220873
Nifty Metal TRI,2013-12-26,2583.834793744026
Nifty Metal TRI,2013-12-27,2599.251680865391
Nifty Metal TRI,2013-12-30,2616.58124398852
Nifty Metal TRI,2013-12-31,2611.367367081979
Nifty Metal TRI,2014-01-01,2619.070575265987
Nifty Metal TRI,2014-01-02,2576.6758423126503
Nifty Metal TRI,2014-01-03,2546.040335989914
Nifty Metal TRI,2014-01-06,2551.4970183361374
Nifty Metal TRI,2014-01-07,2506.82820008433
Nifty Metal TRI,2014-01-08,2519.309035025104
Nifty Metal TRI,2014-01-09,2545.292664600365
Nifty Metal TRI,2014-01-10,2510.861245401628
Nifty Metal TRI,2014-01-13,2510.166156567858
Nifty Metal TRI,2014-01-14,2470.8907554406774
Nifty Metal TRI,2014-01-15,2499.455142067677
Nifty Metal TRI,2014-01-16,2545.523118673971
Nifty Metal TRI,2014-01-17,2527.7390717841904
Nifty Metal TRI,2014-01-20,2532.8811601971074
Nifty Metal TRI,2014-01-21,2549.4723605794047
Nifty Metal TRI,2014-01-22,2573.793459973653
Nifty Metal TRI,2014-01-23,2562.314288864999
Nifty Metal TRI,2014-01-24,2516.9739681793394
Nifty Metal TRI,2014-01-27,2420.09981680679
Nifty Metal TRI,2014-01-28,2465.1416129891754
Nifty Metal TRI,2014-01-29,2432.563304827925
Nifty Metal TRI,2014-01-30,2368.845804524719
Nifty Metal TRI,2014-01-31,2398.060342930763
Nifty Metal TRI,2014-02-03,2326.906701520334
Nifty Metal TRI,2014-02-04,2312.1974115768458
Nifty Metal TRI,2014-02-05,2354.4118778332017
Nifty Metal TRI,2014-02-06,2376.690172475346
Nifty Metal TRI,2014-02-07,2438.749186121469
Nifty Metal TRI,2014-02-10,2425.673664706212
Nifty Metal TRI,2014-02-11,2434.752024526083
Nifty Metal TRI,2014-02-12,2403.62106180268
Nifty Metal TRI,2014-02-13,2356.9069406047606
Nifty Metal TRI,2014-02-14,2373.8258974465043
Nifty Metal TRI,2014-02-17,2357.4181303212104
Nifty Metal TRI,2014-02-18,2383.817481953282
Nifty Metal TRI,2014-02-19,2360.516887051613
Nifty Metal TRI,2014-02-20,2332.211611158315
Nifty Metal TRI,2014-02-21,2354.770008659474
Nifty Metal TRI,2014-02-24,2336.720081951742
Nifty Metal TRI,2014-02-25,2294.606825247095
Nifty Metal TRI,2014-02-26,2257.0185223171534
Nifty Metal TRI,2014-02-28,2279.4928219393687
Nifty Metal TRI,2014-03-03,2276.7024757622953
Nifty Metal TRI,2014-03-04,2348.2187648707923
Nifty Metal TRI,2014-03-05,2366.208639850765
Nifty Metal TRI,2014-03-06,2418.609387640455
Nifty Metal TRI,2014-03-07,2459.896945008651
Nifty Metal TRI,2014-03-10,2436.1052638802607
Nifty Metal TRI,2014-03-11,2355.6986780216844
Nifty Metal TRI,2014-03-12,2351.6094948829923
Nifty Metal TRI,2014-03-13,2338.5584531462027
Nifty Metal TRI,2014-03-14,2350.4940647276617
Nifty Metal TRI,2014-03-18,2364.6077027552774
Nifty Metal TRI,2014-03-19,2411.2450318271926
Nifty Metal TRI,2014-03-20,2383.373866063855
Nifty Metal TRI,2014-03-21,2430.333472218202
Nifty Metal TRI,2014-03-24,2450.8777252526447
Nifty Metal TRI,2014-03-25,2458.026051118212
Nifty Metal TRI,2014-03-26,2523.149066077657
Nifty Metal TRI,2014-03-27,2523.918762212524
Nifty Metal TRI,2014-03-28,2563.4124176947175
Nifty Metal TRI,2014-03-31,2660.0738572401465
Nifty Metal TRI,2014-04-01,2669.0305232940873
Nifty Metal TRI,2014-04-02,2655.1380006049317
Nifty Metal TRI,2014-04-03,2660.4539851493205
Nifty Metal TRI,2014-04-04,2669.4646761915196
Nifty Metal TRI,2014-04-07,2677.552821031452
Nifty Metal TRI,2014-04-09,2739.134025996201
Nifty Metal TRI,2014-04-10,2748.151867644047
Nifty Metal TRI,2014-04-11,2740.8038318767167
Nifty Metal TRI,2014-04-15,2665.72345788578
Nifty Metal TRI,2014-04-16,2670.4626856939954
Nifty Metal TRI,2014-04-17,2719.3020943894508
Nifty Metal TRI,2014-04-21,2779.9019825563264
Nifty Metal TRI,2014-04-22,2758.9741399164445
Nifty Metal TRI,2014-04-23,2768.6862746511933
Nifty Metal TRI,2014-04-25,2767.4013925675217
Nifty Metal TRI,2014-04-28,2749.9895123689116
Nifty Metal TRI,2014-04-29,2674.248138257007
Nifty Metal TRI,2014-04-30,2643.844792820527
Nifty Metal TRI,2014-05-02,2606.1800801576246
Nifty Metal TRI,2014-05-05,2641.706887197044
Nifty Metal TRI,2014-05-06,2647.718595490739
Nifty Metal TRI,2014-05-07,2626.2377211123903
Nifty Metal TRI,2014-05-08,2631.9319286954556
Nifty Metal TRI,2014-05-09,2716.6254154455523
Nifty Metal TRI,2014-05-12,2770.746523675317
Nifty Metal TRI,2014-05-13,2794.114876307711
Nifty Metal TRI,2014-05-14,2885.610367078794
Nifty Metal TRI,2014-05-15,2867.306422830454
Nifty Metal TRI,2014-05-16,2939.3496491443398
Nifty Metal TRI,2014-05-19,3132.2996955520025
Nifty Metal TRI,2014-05-20,3197.9178958235743
Nifty Metal TRI,2014-05-21,3210.7371342348642
Nifty Metal TRI,2014-05-22,3268.7467745451645
Nifty Metal TRI,2014-05-23,3338.8280349133315
Nifty Metal TRI,2014-05-26,3334.078530987425
Nifty Metal TRI,2014-05-27,3340.5048113165567
Nifty Metal TRI,2014-05-28,3293.4179142315998
Nifty Metal TRI,2014-05-29,3264.853043269342
Nifty Metal TRI,2014-05-30,3278.846554077383
Nifty Metal TRI,2014-06-02,3344.8744198151276
Nifty Metal TRI,2014-06-03,3507.132843992346
Nifty Metal TRI,2014-06-04,3556.462266404885
Nifty Metal TRI,2014-06-05,3685.229462846537
Nifty Metal TRI,2014-06-06,3668.3768004947624
Nifty Metal TRI,2014-06-09,3730.785250525781
Nifty Metal TRI,2014-06-10,3695.392160069848
Nifty Metal TRI,2014-06-11,3599.6071254389667
Nifty Metal TRI,2014-06-12,3610.503319661432
Nifty Metal TRI,2014-06-13,3494.201036931412
Nifty Metal TRI,2014-06-16,3496.147112159059
Nifty Metal TRI,2014-06-17,3548.2130887110457
Nifty Metal TRI,2014-06-18,3519.3656285541683
Nifty Metal TRI,2014-06-19,3496.4508314709565
Nifty Metal TRI,2014-06-20,3469.6114900361404
Nifty Metal TRI,2014-06-23,3508.711429595844
Nifty Metal TRI,2014-06-24,3553.906561977074
Nifty Metal TRI,2014-06-25,3551.71369743954
Nifty Metal TRI,2014-06-26,3510.6606122733842
Nifty Metal TRI,2014-06-27,3462.869677404623
Nifty Metal TRI,2014-06-30,3509.035842307573
Nifty Metal TRI,2014-07-01,3582.9370781832504
Nifty Metal TRI,2014-07-02,3652.4447350930564
Nifty Metal TRI,2014-07-03,3630.3679653109143
Nifty Metal TRI,2014-07-04,3598.2643809345213
Nifty Metal TRI,2014-07-07,3599.6453869906127
Nifty Metal TRI,2014-07-08,3448.2779632909155
Nifty Metal TRI,2014-07-09,3428.623343132207
Nifty Metal TRI,2014-07-10,3457.511982316984
Nifty Metal TRI,2014-07-11,3326.751803274178
Nifty Metal TRI,2014-07-14,3354.144832793365
Nifty Metal TRI,2014-07-15,3407.661787215677
Nifty Metal TRI,2014-07-16,3484.3771177396798
Nifty Metal TRI,2014-07-17,3571.1853620975517
Nifty Metal TRI,2014-07-18,3556.251645922049
Nifty Metal TRI,2014-07-21,3547.699046443976
Nifty Metal TRI,2014-07-22,3581.4974550153884
Nifty Metal TRI,2014-07-23,3570.1704015120054
Nifty Metal TRI,2014-07-24,3623.831394637033
Nifty Metal TRI,2014-07-25,3542.0966834599863
Nifty Metal TRI,2014-07-28,3494.610865101642
Nifty Metal TRI,2014-07-30,3503.7005452221174
Nifty Metal TRI,2014-07-31,3501.1815512374105
Nifty Metal TRI,2014-08-01,3428.8643718655153
Nifty Metal TRI,2014-08-04,3489.4028217586488
Nifty Metal TRI,2014-08-05,3539.162390150941
Nifty Metal TRI,2014-08-06,3469.803116740051
Nifty Metal TRI,2014-08-07,3463.349246824273
Nifty Metal TRI,2014-08-08,3347.8539032745202
Nifty Metal TRI,2014-08-11,3370.0293497787047
Nifty Metal TRI,2014-08-12,3401.5175852723205
Nifty Metal TRI,2014-08-13,3363.4848695669716
Nifty Metal TRI,2014-08-14,3428.1987314896455
Nifty Metal TRI,2014-08-18,3479.1327595299194
Nifty Metal TRI,2014-08-19,3494.847036386894
Nifty Metal TRI,2014-08-20,3484.401833798899
Nifty Metal TRI,2014-08-21,3438.3273566585135
Nifty Metal TRI,2014-08-22,3446.437424982439
Nifty Metal TRI,2014-08-25,3287.0090865293537
Nifty Metal TRI,2014-08-26,3306.761387815579
Nifty Metal TRI,2014-08-27,3303.962039402025
Nifty Metal TRI,2014-08-28,3277.4364265731706
Nifty Metal TRI,2014-09-01,3372.4320186582513
Nifty Metal TRI,2014-09-02,3346.70104180712
Nifty Metal TRI,2014-09-03,3380.300661491907
Nifty Metal TRI,2014-09-04,3326.468990813933
Nifty Metal TRI,2014-09-05,3354.3767983474736
Nifty Metal TRI,2014-09-08,3396.91945801028
Nifty Metal TRI,2014-09-09,3394.8147982838814
Nifty Metal TRI,2014-09-10,3393.455124475888
Nifty Metal TRI,2014-09-11,3368.93724426315
Nifty Metal TRI,2014-09-12,3363.156942253865
Nifty Metal TRI,2014-09-15,3309.816477869168
Nifty Metal TRI,2014-09-16,3231.183964702769
Nifty Metal TRI,2014-09-17,3243.9272001301024
Nifty Metal TRI,2014-09-18,3281.329742251379
Nifty Metal TRI,2014-09-19,3275.329698969155
Nifty Metal TRI,2014-09-22,3234.6856493560776
Nifty Metal TRI,2014-09-23,3156.2855043298955
Nifty Metal TRI,2014-09-24,3139.1424425133464
Nifty Metal TRI,2014-09-25,3034.3029948355206
Nifty Metal TRI,2014-09-26,3116.5190273463077
Nifty Metal TRI,2014-09-29,3087.8771124781674
Nifty Metal TRI,2014-09-30,3054.15091823778
Nifty Metal TRI,2014-10-01,3041.52579203351
Nifty Metal TRI,2014-10-07,2956.0965703567217
Nifty Metal TRI,2014-10-08,2991.4446664932448
Nifty Metal TRI,2014-10-09,3057.0812380580114
Nifty Metal TRI,2014-10-10,2931.356848626617
Nifty Metal TRI,2014-10-13,2969.8573853331027
Nifty Metal TRI,2014-10-14,2971.991801991716
Nifty Metal TRI,2014-10-16,2891.4536047176966
Nifty Metal TRI,2014-10-17,2893.3705194939803
Nifty Metal TRI,2014-10-20,2938.4414652275004
Nifty Metal TRI,2014-10-21,2993.607233238358
Nifty Metal TRI,2014-10-22,3013.7778029073193
Nifty Metal TRI,2014-10-27,3009.8450353337025
Nifty Metal TRI,2014-10-28,3009.4210713469497
Nifty Metal TRI,2014-10-29,3091.6226660037782
Nifty Metal TRI,2014-10-30,3106.7362713530215
Nifty Metal TRI,2014-10-31,3167.0119676702225
Nifty Metal TRI,2014-11-03,3171.8517731810775
Nifty Metal TRI,2014-11-05,3074.801694876215
Nifty Metal TRI,2014-11-07,3037.166484791567
Nifty Metal TRI,2014-11-10,3031.8388432256384
Nifty Metal TRI,2014-11-11,3036.062683071516
Nifty Metal TRI,2014-11-12,3003.4298302419143
Nifty Metal TRI,2014-11-13,2984.1479299767466
Nifty Metal TRI,2014-11-14,3059.527972735304
Nifty Metal TRI,2014-11-17,3048.591542600354
Nifty Metal TRI,2014-11-18,3073.7101318450727
Nifty Metal TRI,2014-11-19,3008.8980392364706
Nifty Metal TRI,2014-11-20,2983.570776495316
Nifty Metal TRI,2014-11-21,2988.8630452022926
Nifty Metal TRI,2014-11-24,3037.2945339434195
Nifty Metal TRI,2014-11-25,2996.2462710980453
Nifty Metal TRI,2014-11-26,3026.7187794717615
Nifty Metal TRI,2014-11-27,3024.0496277428615
Nifty Metal TRI,2014-11-28,3035.2266530445627
Nifty Metal TRI,2014-12-01,2963.6412984565595
Nifty Metal TRI,2014-12-02,3000.05731670559
Nifty Metal TRI,2014-12-03,3003.482123305272
Nifty Metal TRI,2014-12-04,3006.6934250915606
Nifty Metal TRI,2014-12-05,3004.0752323638
Nifty Metal TRI,2014-12-08,2958.882197849379
Nifty Metal TRI,2014-12-09,2876.1263060161014
Nifty Metal TRI,2014-12-10,2873.4469918201403
Nifty Metal TRI,2014-12-11,2855.7870617276826
Nifty Metal TRI,2014-12-12,2810.250302358285
Nifty Metal TRI,2014-12-15,2801.0217379982355
Nifty Metal TRI,2014-12-16,2682.317394670762
Nifty Metal TRI,2014-12-17,2707.8836873535147
Nifty Metal TRI,2014-12-18,2764.387754250978
Nifty Metal TRI,2014-12-19,2814.3679798784287
Nifty Metal TRI,2014-12-22,2852.779991058692
Nifty Metal TRI,2014-12-23,2798.9712090353933
Nifty Metal TRI,2014-12-24,2784.6143967872217
Nifty Metal TRI,2014-12-26,2801.300528887699
Nifty Metal TRI,2014-12-29,2863.502311852443
Nifty Metal TRI,2014-12-30,2833.131022497962
Nifty Metal TRI,2014-12-31,2850.423267046864
Nifty Metal TRI,2015-01-01,2885.071137420163
Nifty Metal TRI,2015-01-02,2909.009946471343
Nifty Metal TRI,2015-01-05,2897.7507523895315
Nifty Metal TRI,2015-01-06,2797.1319797926794
Nifty Metal TRI,2015-01-07,2752.491896134329
Nifty Metal TRI,2015-01-08,2796.149395294717
Nifty Metal TRI,2015-01-09,2785.4234722492083
Nifty Metal TRI,2015-01-12,2738.821660375942
Nifty Metal TRI,2015-01-13,2729.9124817100515
Nifty Metal TRI,2015-01-14,2634.8151242427602
Nifty Metal TRI,2015-01-15,2662.026896145434
Nifty Metal TRI,2015-01-16,2676.1621111155955
Nifty Metal TRI,2015-01-19,2685.81904079042
Nifty Metal TRI,2015-01-20,2768.26575619509
Nifty Metal TRI,2015-01-21,2750.2389709892464
Nifty Metal TRI,2015-01-22,2767.707937627175
Nifty Metal TRI,2015-01-23,2791.560383273905
Nifty Metal TRI,2015-01-27,2771.6765204929425
Nifty Metal TRI,2015-01-28,2731.43627473212
Nifty Metal TRI,2015-01-29,2725.576301338121
Nifty Metal TRI,2015-01-30,2696.5410177679178
Nifty Metal TRI,2015-02-02,2684.8000483622886
Nifty Metal TRI,2015-02-03,2706.2475710804565
Nifty Metal TRI,2015-02-04,2762.8981422973147
Nifty Metal TRI,2015-02-05,2710.0828367254326
Nifty Metal TRI,2015-02-06,2690.8563701151625
Nifty Metal TRI,2015-02-09,2620.0141557539037
Nifty Metal TRI,2015-02-10,2660.092424377474
Nifty Metal TRI,2015-02-11,2705.596535754455
Nifty Metal TRI,2015-02-12,2716.4261422350446
Nifty Metal TRI,2015-02-13,2743.738670981535
Nifty Metal TRI,2015-02-16,2744.023734154412
Nifty Metal TRI,2015-02-18,2725.3112930583397
Nifty Metal TRI,2015-02-19,2825.8848361832747
Nifty Metal TRI,2015-02-20,2816.4246323890634
Nifty Metal TRI,2015-02-23,2794.4833865096043
Nifty Metal TRI,2015-02-24,2759.825617978839
Nifty Metal TRI,2015-02-25,2747.0821866696856
Nifty Metal TRI,2015-02-26,2718.0588323785187
Nifty Metal TRI,2015-02-27,2800.623512868281
Nifty Metal TRI,2015-03-02,2794.0396466127927
Nifty Metal TRI,2015-03-03,2779.627927144655
Nifty Metal TRI,2015-03-04,2708.4635695014103
Nifty Metal TRI,2015-03-05,2660.1331214343
Nifty Metal TRI,2015-03-09,2595.6652433520126
Nifty Metal TRI,2015-03-10,2610.267087500075
Nifty Metal TRI,2015-03-11,2566.3238607299163
Nifty Metal TRI,2015-03-12,2605.442486116228
Nifty Metal TRI,2015-03-13,2571.3336051370893
Nifty Metal TRI,2015-03-16,2530.881751584935
Nifty Metal TRI,2015-03-17,2560.6514634551645
Nifty Metal TRI,2015-03-18,2568.3736537113223
Nifty Metal TRI,2015-03-19,2569.15843369283
Nifty Metal TRI,2015-03-20,2545.2543292716127
Nifty Metal TRI,2015-03-23,2553.7378803021033
Nifty Metal TRI,2015-03-24,2546.075368649209
Nifty Metal TRI,2015-03-25,2521.571874382242
Nifty Metal TRI,2015-03-26,2462.1456511986858
Nifty Metal TRI,2015-03-27,2467.498678303225
Nifty Metal TRI,2015-03-30,2506.0564628222583
Nifty Metal TRI,2015-03-31,2502.0480745391023
Nifty Metal TRI,2015-04-01,2527.1576135342107
Nifty Metal TRI,2015-04-06,2519.5518186917147
Nifty Metal TRI,2015-04-07,2575.7365909688133
Nifty Metal TRI,2015-04-08,2618.1434425846683
Nifty Metal TRI,2015-04-09,2658.023995045291
Nifty Metal TRI,2015-04-10,2674.161486744213
Nifty Metal TRI,2015-04-13,2676.7508008605846
Nifty Metal TRI,2015-04-15,2657.6500235369053
Nifty Metal TRI,2015-04-16,2654.992930946563
Nifty Metal TRI,2015-04-17,2681.156173230148
Nifty Metal TRI,2015-04-20,2631.6467227982703
Nifty Metal TRI,2015-04-21,2636.153862266062
Nifty Metal TRI,2015-04-22,2650.252809858593
Nifty Metal TRI,2015-04-23,2689.141470123518
Nifty Metal TRI,2015-04-24,2645.9055830680286
Nifty Metal TRI,2015-04-27,2645.4198482663696
Nifty Metal TRI,2015-04-28,2644.646838939173
Nifty Metal TRI,2015-04-29,2634.0632031521022
Nifty Metal TRI,2015-04-30,2590.163216280823
Nifty Metal TRI,2015-05-04,2633.159764606429
Nifty Metal TRI,2015-05-05,2704.911429232246
Nifty Metal TRI,2015-05-06,2621.1504238550324
Nifty Metal TRI,2015-05-07,2607.7564840105274
Nifty Metal TRI,2015-05-08,2627.097436741742
Nifty Metal TRI,2015-05-11,2699.4806591076313
Nifty Metal TRI,2015-05-12,2617.310083659191
Nifty Metal TRI,2015-05-13,2620.5270073073707
Nifty Metal TRI,2015-05-14,2642.0865875430413
Nifty Metal TRI,2015-05-15,2614.336972679224
Nifty Metal TRI,2015-05-18,2629.4933297787497
Nifty Metal TRI,2015-05-19,2639.403321855115
Nifty Metal TRI,2015-05-20,2624.2738004105227
Nifty Metal TRI,2015-05-21,2611.6795538161323
Nifty Metal TRI,2015-05-22,2601.2965818051193
Nifty Metal TRI,2015-05-25,2557.2932409140135
Nifty Metal TRI,2015-05-26,2561.264800136655
Nifty Metal TRI,2015-05-27,2567.3962544530436
Nifty Metal TRI,2015-05-28,2559.2748675981857
Nifty Metal TRI,2015-05-29,2572.858008156554
Nifty Metal TRI,2015-06-01,2573.4924703371144
Nifty Metal TRI,2015-06-02,2516.765247237779
Nifty Metal TRI,2015-06-03,2488.277836980351
Nifty Metal TRI,2015-06-04,2456.600780039753
Nifty Metal TRI,2015-06-05,2501.3488853080194
Nifty Metal TRI,2015-06-08,2463.0760050979598
Nifty Metal TRI,2015-06-09,2480.5515821844483
Nifty Metal TRI,2015-06-10,2497.7048275019893
Nifty Metal TRI,2015-06-11,2465.746052611604
Nifty Metal TRI,2015-06-12,2428.4883488101495
Nifty Metal TRI,2015-06-15,2414.5621277388486
Nifty Metal TRI,2015-06-16,2419.935547193385
Nifty Metal TRI,2015-06-17,2439.415937501743
Nifty Metal TRI,2015-06-18,2435.440251694669
Nifty Metal TRI,2015-06-19,2444.3832833207307
Nifty Metal TRI,2015-06-22,2474.785833846531
Nifty Metal TRI,2015-06-23,2514.6043189647894
Nifty Metal TRI,2015-06-24,2478.784893072892
Nifty Metal TRI,2015-06-25,2487.0841748569906
Nifty Metal TRI,2015-06-26,2467.373506795516
Nifty Metal TRI,2015-06-29,2429.213445023289
Nifty Metal TRI,2015-06-30,2474.2368709813545
Nifty Metal TRI,2015-07-01,2504.0660144903795
Nifty Metal TRI,2015-07-02,2488.1904145699755
Nifty Metal TRI,2015-07-03,2454.029011887174
Nifty Metal TRI,2015-07-06,2439.8742674231867
Nifty Metal TRI,2015-07-07,2443.361024463335
Nifty Metal TRI,2015-07-08,2344.9054704244168
Nifty Metal TRI,2015-07-09,2337.4026482954873
Nifty Metal TRI,2015-07-10,2359.337915264162
Nifty Metal TRI,2015-07-13,2369.8972651219565
Nifty Metal TRI,2015-07-14,2387.130092028706
Nifty Metal TRI,2015-07-15,2391.5899506342626
Nifty Metal TRI,2015-07-16,2400.489061647048
Nifty Metal TRI,2015-07-17,2390.2791289995325
Nifty Metal TRI,2015-07-20,2376.482085041529
Nifty Metal TRI,2015-07-21,2349.915799395158
Nifty Metal TRI,2015-07-22,2371.6496515021936
Nifty Metal TRI,2015-07-23,2361.218228367436
Nifty Metal TRI,2015-07-24,2330.530800788943
Nifty Metal TRI,2015-07-27,2279.127751736647
Nifty Metal TRI,2015-07-28,2267.6590346506673
Nifty Metal TRI,2015-07-29,2272.9825010756117
Nifty Metal TRI,2015-07-30,2270.667887591049
Nifty Metal TRI,2015-07-31,2306.493844869142
Nifty Metal TRI,2015-08-03,2285.953364515913
Nifty Metal TRI,2015-08-04,2349.315870811011
Nifty Metal TRI,2015-08-05,2348.142689351605
Nifty Metal TRI,2015-08-06,2335.1547017200023
Nifty Metal TRI,2015-08-07,2310.946481250911
Nifty Metal TRI,2015-08-10,2287.308894105053
Nifty Metal TRI,2015-08-11,2206.7688351304128
Nifty Metal TRI,2015-08-12,2111.6368867302076
Nifty Metal TRI,2015-08-13,2053.252678077527
Nifty Metal TRI,2015-08-14,2082.6420057558794
Nifty Metal TRI,2015-08-17,2107.2203718831615
Nifty Metal TRI,2015-08-18,2070.620744406032
Nifty Metal TRI,2015-08-19,2041.3386275225296
Nifty Metal TRI,2015-08-20,1994.1553943829397
Nifty Metal TRI,2015-08-21,1976.8527073923337
Nifty Metal TRI,2015-08-24,1837.865558428609
Nifty Metal TRI,2015-08-25,1904.151266584963
Nifty Metal TRI,2015-08-26,1910.7649635447558
Nifty Metal TRI,2015-08-27,1963.7688966313058
Nifty Metal TRI,2015-08-28,1975.2157243224403
Nifty Metal TRI,2015-08-31,1989.6468347448933
Nifty Metal TRI,2015-09-01,1922.078220575534
Nifty Metal TRI,2015-09-02,1894.719529352302
Nifty Metal TRI,2015-09-03,1940.8494760099306
Nifty Metal TRI,2015-09-04,1898.1818086555497
Nifty Metal TRI,2015-09-07,1850.49904263903
Nifty Metal TRI,2015-09-08,1895.4988842622172
Nifty Metal TRI,2015-09-09,1964.5563152887403
Nifty Metal TRI,2015-09-10,1948.8078542957005
Nifty Metal TRI,2015-09-11,1919.373747950347
Nifty Metal TRI,2015-09-14,1971.2259715581451
Nifty Metal TRI,2015-09-15,1924.9497450365136
Nifty Metal TRI,2015-09-16,1932.8756407489918
Nifty Metal TRI,2015-09-18,1943.949541772415
Nifty Metal TRI,2015-09-21,1942.1467877080493
Nifty Metal TRI,2015-09-22,1860.0457930970038
Nifty Metal TRI,2015-09-23,1861.722471692145
Nifty Metal TRI,2015-09-24,1831.013121244784
Nifty Metal TRI,2015-09-28,1785.5379537309284
Nifty Metal TRI,2015-09-29,1745.2497774429446
Nifty Metal TRI,2015-09-30,1802.2561413745675
Nifty Metal TRI,2015-10-01,1794.7434831348696
Nifty Metal TRI,2015-10-05,1851.733499445104
Nifty Metal TRI,2015-10-06,1882.120492674231
Nifty Metal TRI,2015-10-07,1943.451649472616
Nifty Metal TRI,2015-10-08,1953.9980381777787
Nifty Metal TRI,2015-10-09,1995.8160146278262
Nifty Metal TRI,2015-10-12,2035.085555297839
Nifty Metal TRI,2015-10-13,2023.718456366817
Nifty Metal TRI,2015-10-14,2027.255287649223
Nifty Metal TRI,2015-10-15,2052.3353792199155
Nifty Metal TRI,2015-10-16,2045.0476511617987
Nifty Metal TRI,2015-10-19,2028.8388414813053
Nifty Metal TRI,2015-10-20,1985.3072361019008
Nifty Metal TRI,2015-10-21,2010.7740823633922
Nifty Metal TRI,2015-10-23,2010.121280891904
Nifty Metal TRI,2015-10-26,2005.875889473533
Nifty Metal TRI,2015-10-27,1993.7364340947772
Nifty Metal TRI,2015-10-28,1997.002044879271
Nifty Metal TRI,2015-10-29,1989.107313406846
Nifty Metal TRI,2015-10-30,1966.6203410842809
Nifty Metal TRI,2015-11-02,1925.6094196121298
Nifty Metal TRI,2015-11-03,1925.1692509811962
Nifty Metal TRI,2015-11-04,1926.4173454198242
Nifty Metal TRI,2015-11-05,1890.2493420293706
Nifty Metal TRI,2015-11-06,1873.9031189538239
Nifty Metal TRI,2015-11-09,1877.9122517489332
Nifty Metal TRI,2015-11-10,1832.0347049683294
Nifty Metal TRI,2015-11-13,1856.9607979747861
Nifty Metal TRI,2015-11-16,1875.3008039329259
Nifty Metal TRI,2015-11-17,1896.1664622872834
Nifty Metal TRI,2015-11-18,1855.2841987388113
Nifty Metal TRI,2015-11-19,1878.0585448600277
Nifty Metal TRI,2015-11-20,1881.7033485941638
Nifty Metal TRI,2015-11-23,1851.6984856668182
Nifty Metal TRI,2015-11-24,1850.6539250121275
Nifty Metal TRI,2015-11-26,1870.3746217236164
Nifty Metal TRI,2015-11-27,1893.5958736067844
Nifty Metal TRI,2015-11-30,1893.3040655396126
Nifty Metal TRI,2015-12-01,1953.5096440513776
Nifty Metal TRI,2015-12-02,1970.2511266146696
Nifty Metal TRI,2015-12-03,1941.3396110868587
Nifty Metal TRI,2015-12-04,1938.6082249392825
Nifty Metal TRI,2015-12-07,1931.3947186444343
Nifty Metal TRI,2015-12-08,1869.5731676358535
Nifty Metal TRI,2015-12-09,1810.2002668401637
Nifty Metal TRI,2015-12-10,1844.347858105875
Nifty Metal TRI,2015-12-11,1855.1435232299998
Nifty Metal TRI,2015-12-14,1899.4899801251684
Nifty Metal TRI,2015-12-15,1894.898921884831
Nifty Metal TRI,2015-12-16,1897.239667604711
Nifty Metal TRI,2015-12-17,1960.281620776658
Nifty Metal TRI,2015-12-18,1935.4400859771267
Nifty Metal TRI,2015-12-21,1966.002868260478
Nifty Metal TRI,2015-12-22,1945.579049435937
Nifty Metal TRI,2015-12-23,1988.440259172451
Nifty Metal TRI,2015-12-24,2005.0396393069393
Nifty Metal TRI,2015-12-28,1983.7358125555347
Nifty Metal TRI,2015-12-29,1979.47354748094
Nifty Metal TRI,2015-12-30,1985.917505919941
Nifty Metal TRI,2015-12-31,1995.9675692796184
Nifty Metal TRI,2016-01-01,1999.8454492648443
Nifty Metal TRI,2016-01-04,1972.4133420451183
Nifty Metal TRI,2016-01-05,2035.688062674484
Nifty Metal TRI,2016-01-06,1999.0214862354237
Nifty Metal TRI,2016-01-07,1904.586401978067
Nifty Metal TRI,2016-01-08,1913.7073054601613
Nifty Metal TRI,2016-01-11,1908.9350716055385
Nifty Metal TRI,2016-01-12,1886.0795981901945
Nifty Metal TRI,2016-01-13,1872.5696490962575
Nifty Metal TRI,2016-01-14,1841.4546021879505
Nifty Metal TRI,2016-01-15,1776.4387131489489
Nifty Metal TRI,2016-01-18,1757.4796352556968
Nifty Metal TRI,2016-01-19,1768.1837531735016
Nifty Metal TRI,2016-01-20,1713.2636387532243
Nifty Metal TRI,2016-01-21,1698.6445965670853
Nifty Metal TRI,2016-01-22,1774.323721861794
Nifty Metal TRI,2016-01-25,1803.112397543195
Nifty Metal TRI,2016-01-27,1805.8245788541758
Nifty Metal TRI,2016-01-28,1795.253713622394
Nifty Metal TRI,2016-01-29,1814.8293755822415
Nifty Metal TRI,2016-02-01,1820.925328635114
Nifty Metal TRI,2016-02-02,1733.2974607040048
Nifty Metal TRI,2016-02-03,1687.582905347538
Nifty Metal TRI,2016-02-04,1734.0327422940163
Nifty Metal TRI,2016-02-05,1798.878757303224
Nifty Metal TRI,2016-02-08,1784.116686504381
Nifty Metal TRI,2016-02-09,1751.0913216537795
Nifty Metal TRI,2016-02-10,1740.619440448407
Nifty Metal TRI,2016-02-11,1664.3330948962757
Nifty Metal TRI,2016-02-12,1637.86658849503
Nifty Metal TRI,2016-02-15,1799.3614811059251
Nifty Metal TRI,2016-02-16,1764.955168832131
Nifty Metal TRI,2016-02-17,1782.8514420294641
Nifty Metal TRI,2016-02-18,1802.0093453636268
Nifty Metal TRI,2016-02-19,1810.8166632660632
Nifty Metal TRI,2016-02-22,1822.8901777927954
Nifty Metal TRI,2016-02-23,1802.2788041846352
Nifty Metal TRI,2016-02-24,1764.0771001293097
Nifty Metal TRI,2016-02-25,1767.0220467844008
Nifty Metal TRI,2016-02-26,1785.9135061992797
Nifty Metal TRI,2016-02-29,1790.6981281136627
Nifty Metal TRI,2016-03-01,1839.7402467937181
Nifty Metal TRI,2016-03-02,1878.6472121804434
Nifty Metal TRI,2016-03-03,1969.1947726768806
Nifty Metal TRI,2016-03-04,2004.1661900622976
Nifty Metal TRI,2016-03-08,2052.08408809908
Nifty Metal TRI,2016-03-09,2034.0454351447875
Nifty Metal TRI,2016-03-10,2049.674441090935
Nifty Metal TRI,2016-03-11,2036.2950348054042
Nifty Metal TRI,2016-03-14,2022.6399538417757
Nifty Metal TRI,2016-03-15,2029.222092150906
Nifty Metal TRI,2016-03-16,2010.1880412227433
Nifty Metal TRI,2016-03-17,2009.4741718057737
Nifty Metal TRI,2016-03-18,2060.4384770738798
Nifty Metal TRI,2016-03-21,2068.619942376152
Nifty Metal TRI,2016-03-22,2094.9060513337918
Nifty Metal TRI,2016-03-23,2138.5903681962054
Nifty Metal TRI,2016-03-28,2034.4401764219012
Nifty Metal TRI,2016-03-29,2042.455138271214
Nifty Metal TRI,2016-03-30,2115.687159764916
Nifty Metal TRI,2016-03-31,2100.0459237670966
Nifty Metal TRI,2016-04-01,2087.3676307553833
Nifty Metal TRI,2016-04-04,2100.1170543574594
Nifty Metal TRI,2016-04-05,2044.603274223684
Nifty Metal TRI,2016-04-06,2100.564402515529
Nifty Metal TRI,2016-04-07,2086.124572264349
Nifty Metal TRI,2016-04-08,2093.3776252913535
Nifty Metal TRI,2016-04-11,2135.8506552152894
Nifty Metal TRI,2016-04-12,2112.3445860024076
Nifty Metal TRI,2016-04-13,2161.793070974486
Nifty Metal TRI,2016-04-18,2183.535872061009
Nifty Metal TRI,2016-04-20,2273.190102738983
Nifty Metal TRI,2016-04-21,2275.291746354042
Nifty Metal TRI,2016-04-22,2266.6758263451306
Nifty Metal TRI,2016-04-25,2238.3484867753227
Nifty Metal TRI,2016-04-26,2289.6526974902667
Nifty Metal TRI,2016-04-27,2287.467869549542
Nifty Metal TRI,2016-04-28,2234.3140029159804
Nifty Metal TRI,2016-04-29,2249.776105508632
Nifty Metal TRI,2016-05-02,2271.6448405737015
Nifty Metal TRI,2016-05-03,2245.9742538811756
Nifty Metal TRI,2016-05-04,2160.4057706159438
Nifty Metal TRI,2016-05-05,2164.3180659114255
Nifty Metal TRI,2016-05-06,2163.170378022092
Nifty Metal TRI,2016-05-09,2172.874806070537
Nifty Metal TRI,2016-05-10,2145.7586847599177
Nifty Metal TRI,2016-05-11,2144.0042283125367
Nifty Metal TRI,2016-05-12,2161.1779144816687
Nifty Metal TRI,2016-05-13,2113.311580380691
Nifty Metal TRI,2016-05-16,2130.496390172179
Nifty Metal TRI,2016-05-17,2129.896368749633
Nifty Metal TRI,2016-05-18,2144.8180676542615
Nifty Metal TRI,2016-05-19,2110.696458474038
Nifty Metal TRI,2016-05-20,2102.058337539019
Nifty Metal TRI,2016-05-23,2091.2237010487847
Nifty Metal TRI,2016-05-24,2091.6123823308476
Nifty Metal TRI,2016-05-25,2117.7705182824498
Nifty Metal TRI,2016-05-26,2138.64511511734
Nifty Metal TRI,2016-05-27,2168.3880956684225
Nifty Metal TRI,2016-05-30,2211.9768317849225
Nifty Metal TRI,2016-05-31,2238.3151019685
Nifty Metal TRI,2016-06-01,2219.432581243239
Nifty Metal TRI,2016-06-02,2260.7577862191033
Nifty Metal TRI,2016-06-03,2256.087585196021
Nifty Metal TRI,2016-06-06,2258.823835853822
Nifty Metal TRI,2016-06-07,2290.299076278255
Nifty Metal TRI,2016-06-08,2295.4378255857437
Nifty Metal TRI,2016-06-09,2327.9102802049692
Nifty Metal TRI,2016-06-10,2329.800141576581
Nifty Metal TRI,2016-06-13,2300.855404202151
Nifty Metal TRI,2016-06-14,2317.131218451961
Nifty Metal TRI,2016-06-15,2335.5034533133153
Nifty Metal TRI,2016-06-16,2351.176160793131
Nifty Metal TRI,2016-06-17,2349.9805347611077
Nifty Metal TRI,2016-06-20,2388.5750321638125
Nifty Metal TRI,2016-06-21,2385.28580286847
Nifty Metal TRI,2016-06-22,2383.043669408885
Nifty Metal TRI,2016-06-23,2391.4452903292477
Nifty Metal TRI,2016-06-24,2301.5663369218687
Nifty Metal TRI,2016-06-27,2312.641975970868
Nifty Metal TRI,2016-06-28,2334.391914587319
Nifty Metal TRI,2016-06-29,2363.5915329429217
Nifty Metal TRI,2016-06-30,2407.745806821857
Nifty Metal TRI,2016-07-01,2426.690254120383
Nifty Metal TRI,2016-07-04,2464.9953662122834
Nifty Metal TRI,2016-07-05,2471.9719415217446
Nifty Metal TRI,2016-07-07,2463.740590465366
Nifty Metal TRI,2016-07-08,2454.987831391017
Nifty Metal TRI,2016-07-11,2512.4123297136202
Nifty Metal TRI,2016-07-12,2595.523486396045
Nifty Metal TRI,2016-07-13,2639.390066870946
Nifty Metal TRI,2016-07-14,2649.360846091631
Nifty Metal TRI,2016-07-15,2671.2039807149686
Nifty Metal TRI,2016-07-18,2638.1728095216304
Nifty Metal TRI,2016-07-19,2650.7419753983327
Nifty Metal TRI,2016-07-20,2658.3967898211336
Nifty Metal TRI,2016-07-21,2637.718157397133
Nifty Metal TRI,2016-07-22,2682.4366404666407
Nifty Metal TRI,2016-07-25,2698.1760048235246
Nifty Metal TRI,2016-07-26,2695.504582453555
Nifty Metal TRI,2016-07-27,2720.624377784811
Nifty Metal TRI,2016-07-28,2696.901964603049
Nifty Metal TRI,2016-07-29,2677.431882692451
Nifty Metal TRI,2016-08-01,2717.990702389278
Nifty Metal TRI,2016-08-02,2665.411326947946
Nifty Metal TRI,2016-08-03,2665.3898620609943
Nifty Metal TRI,2016-08-04,2710.5836373233155
Nifty Metal TRI,2016-08-05,2783.3109940457757
Nifty Metal TRI,2016-08-08,2799.465234986546
Nifty Metal TRI,2016-08-09,2775.5657991143707
Nifty Metal TRI,2016-08-10,2758.2989418190846
Nifty Metal TRI,2016-08-11,2736.3853813299916
Nifty Metal TRI,2016-08-12,2776.183070815702
Nifty Metal TRI,2016-08-16,2820.979016572813
Nifty Metal TRI,2016-08-17,2876.114167584371
Nifty Metal TRI,2016-08-18,2871.0149766819663
Nifty Metal TRI,2016-08-19,2909.618134950204
Nifty Metal TRI,2016-08-22,2886.742418073276
Nifty Metal TRI,2016-08-23,2874.3386984892345
Nifty Metal TRI,2016-08-24,2872.502420677944
Nifty Metal TRI,2016-08-25,2826.506208848126
Nifty Metal TRI,2016-08-26,2824.556331260173
Nifty Metal TRI,2016-08-29,2855.901323202164
Nifty Metal TRI,2016-08-30,2886.00199825215
Nifty Metal TRI,2016-08-31,2841.7075971684753
Nifty Metal TRI,2016-09-01,2850.4977497411896
Nifty Metal TRI,2016-09-02,2846.6661157177646
Nifty Metal TRI,2016-09-06,2887.2637761004116
Nifty Metal TRI,2016-09-07,2916.105576462347
Nifty Metal TRI,2016-09-08,2946.5013025011035
Nifty Metal TRI,2016-09-09,2887.899468816327
Nifty Metal TRI,2016-09-12,2753.7662521445936
Nifty Metal TRI,2016-09-14,2766.086380628828
Nifty Metal TRI,2016-09-15,2758.757193354572
Nifty Metal TRI,2016-09-16,2715.8021509920245
Nifty Metal TRI,2016-09-19,2754.645418778434
Nifty Metal TRI,2016-09-20,2765.379318752749
Nifty Metal TRI,2016-09-21,2784.09468590412
Nifty Metal TRI,2016-09-22,2816.0579282370704
Nifty Metal TRI,2016-09-23,2817.817886655053
Nifty Metal TRI,2016-09-26,2815.4490419193307
Nifty Metal TRI,2016-09-27,2798.0282490600384
Nifty Metal TRI,2016-09-28,2859.663126005449
Nifty Metal TRI,2016-09-29,2759.52139206645
Nifty Metal TRI,2016-09-30,2796.7644971462446
Nifty Metal TRI,2016-10-03,2868.2021757766133
Nifty Metal TRI,2016-10-04,2900.079657186336
Nifty Metal TRI,2016-10-05,2923.0870519661757
Nifty Metal TRI,2016-10-06,2928.6256809182564
Nifty Metal TRI,2016-10-07,2958.126612820794
Nifty Metal TRI,2016-10-10,3007.260362998384
Nifty Metal TRI,2016-10-13,2947.659011960478
Nifty Metal TRI,2016-10-14,2933.669298079955
Nifty Metal TRI,2016-10-17,2898.1843038932648
Nifty Metal TRI,2016-10-18,2956.0618428270923
Nifty Metal TRI,2016-10-19,2963.492843291276
Nifty Metal TRI,2016-10-20,3006.782105466713
Nifty Metal TRI,2016-10-21,2984.2418300954473
Nifty Metal TRI,2016-10-24,2987.7807708124424
Nifty Metal TRI,2016-10-25,2975.3948592224915
Nifty Metal TRI,2016-10-26,2932.968804969074
Nifty Metal TRI,2016-10-27,2909.195699177618
Nifty Metal TRI,2016-10-28,2974.6017535425335
Nifty Metal TRI,2016-11-01,3089.2756246546364
Nifty Metal TRI,2016-11-02,3062.5035308264455
Nifty Metal TRI,2016-11-03,3041.7832630890366
Nifty Metal TRI,2016-11-04,2971.7310568536495
Nifty Metal TRI,2016-11-07,3031.7199078526237
Nifty Metal TRI,2016-11-08,3043.9970415652024
Nifty Metal TRI,2016-11-09,3001.209186591634
Nifty Metal TRI,2016-11-10,3189.7529877194174
Nifty Metal TRI,2016-11-11,3123.905455084417
Nifty Metal TRI,2016-11-15,2966.111217997225
Nifty Metal TRI,2016-11-16,2941.3129314187945
Nifty Metal TRI,2016-11-17,2960.7068521221677
Nifty Metal TRI,2016-11-18,2919.7836504884294
Nifty Metal TRI,2016-11-21,2820.3959244565854
Nifty Metal TRI,2016-11-22,2903.4014916863507
Nifty Metal TRI,2016-11-23,2977.852347355904
Nifty Metal TRI,2016-11-24,3015.6074561083146
Nifty Metal TRI,2016-11-25,3067.103355354626
Nifty Metal TRI,2016-11-28,3097.80619924636
Nifty Metal TRI,2016-11-29,3089.518756992047
Nifty Metal TRI,2016-11-30,3114.052065169584
Nifty Metal TRI,2016-12-01,3058.4768549817245
Nifty Metal TRI,2016-12-02,3023.9258940988875
Nifty Metal TRI,2016-12-05,3070.1021124965723
Nifty Metal TRI,2016-12-06,3095.644122964759
Nifty Metal TRI,2016-12-07,3101.599617332293
Nifty Metal TRI,2016-12-08,3193.2075686285566
Nifty Metal TRI,2016-12-09,3189.428991243227
Nifty Metal TRI,2016-12-12,3181.7093147216588
Nifty Metal TRI,2016-12-13,3148.0905370810606
Nifty Metal TRI,2016-12-14,3100.6615151380242
Nifty Metal TRI,2016-12-15,3102.3329659722717
Nifty Metal TRI,2016-12-16,3054.2837868162646
Nifty Metal TRI,2016-12-19,3025.0436616479096
Nifty Metal TRI,2016-12-20,3000.0355570082315
Nifty Metal TRI,2016-12-21,3016.1265522047697
Nifty Metal TRI,2016-12-22,2930.183512328479
Nifty Metal TRI,2016-12-23,2922.0989875114024
Nifty Metal TRI,2016-12-26,2834.3877414211393
Nifty Metal TRI,2016-12-27,2907.35635472568
Nifty Metal TRI,2016-12-28,2903.4466685100156
Nifty Metal TRI,2016-12-29,2947.5096126919525
Nifty Metal TRI,2016-12-30,2955.9717189092958
Nifty Metal TRI,2017-01-02,3015.2472202042977
Nifty Metal TRI,2017-01-03,3026.222765363694
Nifty Metal TRI,2017-01-04,3022.541140037125
Nifty Metal TRI,2017-01-05,3119.4115111276515
Nifty Metal TRI,2017-01-06,3119.134815504452
Nifty Metal TRI,2017-01-09,3115.1263224129616
Nifty Metal TRI,2017-01-10,3160.009543153789
Nifty Metal TRI,2017-01-11,3295.000853703484
Nifty Metal TRI,2017-01-12,3299.361485268794
Nifty Metal TRI,2017-01-13,3292.570021089736
Nifty Metal TRI,2017-01-16,3325.0627706527307
Nifty Metal TRI,2017-01-17,3276.328635069041
Nifty Metal TRI,2017-01-18,3353.981738026381
Nifty Metal TRI,2017-01-19,3353.3268705152545
Nifty Metal TRI,2017-01-20,3272.3988560701937
Nifty Metal TRI,2017-01-23,3362.646246796706
Nifty Metal TRI,2017-01-24,3417.285572599898
Nifty Metal TRI,2017-01-25,3469.642996398995
Nifty Metal TRI,2017-01-27,3470.6887397043906
Nifty Metal TRI,2017-01-30,3465.6162752736486
Nifty Metal TRI,2017-01-31,3429.5229684397705
Nifty Metal TRI,2017-02-01,3513.1043340200467
Nifty Metal TRI,2017-02-02,3514.0204016679845
Nifty Metal TRI,2017-02-03,3493.2760554334236
Nifty Metal TRI,2017-02-06,3483.9056905042476
Nifty Metal TRI,2017-02-07,3439.1446470858486
Nifty Metal TRI,2017-02-08,3469.5413927048216
Nifty Metal TRI,2017-02-09,3445.2135586534214
Nifty Metal TRI,2017-02-10,3435.124464236131
Nifty Metal TRI,2017-02-13,3444.173543880937
Nifty Metal TRI,2017-02-14,3413.525659350589
Nifty Metal TRI,2017-02-15,3364.3282046177997
Nifty Metal TRI,2017-02-16,3436.5773400603953
Nifty Metal TRI,2017-02-17,3412.013935594273
Nifty Metal TRI,2017-02-20,3483.1424933358185
Nifty Metal TRI,2017-02-21,3494.7869122410348
Nifty Metal TRI,2017-02-22,3472.790392750895
Nifty Metal TRI,2017-02-23,3487.621154303744
Nifty Metal TRI,2017-02-27,3477.9243610624235
Nifty Metal TRI,2017-02-28,3496.448959974332
Nifty Metal TRI,2017-03-01,3560.7057950519647
Nifty Metal TRI,2017-03-02,3540.4364303839043
Nifty Metal TRI,2017-03-03,3563.8874715744955
Nifty Metal TRI,2017-03-06,3567.039296696053
Nifty Metal TRI,2017-03-07,3504.6546233312174
Nifty Metal TRI,2017-03-08,3437.6771096780867
Nifty Metal TRI,2017-03-09,3414.708809079239
Nifty Metal TRI,2017-03-10,3394.702313351983
Nifty Metal TRI,2017-03-14,3392.585640319592
Nifty Metal TRI,2017-03-15,3408.882356206614
Nifty Metal TRI,2017-03-16,3508.7151684557975
Nifty Metal TRI,2017-03-17,3499.8968223208626
Nifty Metal TRI,2017-03-20,3499.458907463461
Nifty Metal TRI,2017-03-21,3491.5893589125926
Nifty Metal TRI,2017-03-22,3446.7238173642622
Nifty Metal TRI,2017-03-23,3485.0275365009766
Nifty Metal TRI,2017-03-24,3496.187608587574
Nifty Metal TRI,2017-03-27,3404.0468656011485
Nifty Metal TRI,2017-03-28,3425.674598589431
Nifty Metal TRI,2017-03-29,3438.9619378637112
Nifty Metal TRI,2017-03-30,3428.6775845593415
Nifty Metal TRI,2017-03-31,3467.892853238808
Nifty Metal TRI,2017-04-03,3478.705790428369
Nifty Metal TRI,2017-04-05,3514.426174750305
Nifty Metal TRI,2017-04-06,3524.5871547743222
Nifty Metal TRI,2017-04-07,3485.510322768602
Nifty Metal TRI,2017-04-10,3516.7235856213833
Nifty Metal TRI,2017-04-11,3464.9190094842274
Nifty Metal TRI,2017-04-12,3441.7412022678004
Nifty Metal TRI,2017-04-13,3345.939012609123
Nifty Metal TRI,2017-04-17,3310.5700447070826
Nifty Metal TRI,2017-04-18,3252.344550498098
Nifty Metal TRI,2017-04-19,3268.832592702164
Nifty Metal TRI,2017-04-20,3273.3260338670375
Nifty Metal TRI,2017-04-21,3257.3583761797145
Nifty Metal TRI,2017-04-24,3280.8203874244914
Nifty Metal TRI,2017-04-25,3303.595456623893
Nifty Metal TRI,2017-04-26,3317.2884423583687
Nifty Metal TRI,2017-04-27,3286.0087028136336
Nifty Metal TRI,2017-04-28,3336.154943610978
Nifty Metal TRI,2017-05-02,3317.750924009569
Nifty Metal TRI,2017-05-03,3310.638280945842
Nifty Metal TRI,2017-05-04,3284.6754072170975
Nifty Metal TRI,2017-05-05,3205.356241709744
Nifty Metal TRI,2017-05-08,3203.2405562517083
Nifty Metal TRI,2017-05-09,3228.216718311052
Nifty Metal TRI,2017-05-10,3253.8132021460588
Nifty Metal TRI,2017-05-11,3272.228840090555
Nifty Metal TRI,2017-05-12,3268.70203336485
Nifty Metal TRI,2017-05-15,3343.834241741598
Nifty Metal TRI,2017-05-16,3327.8485086700175
Nifty Metal TRI,2017-05-17,3402.749652380601
Nifty Metal TRI,2017-05-18,3309.064905392389
Nifty Metal TRI,2017-05-19,3304.9210396006733
Nifty Metal TRI,2017-05-22,3286.4786308447283
Nifty Metal TRI,2017-05-23,3272.729665361853
Nifty Metal TRI,2017-05-24,3199.000433184139
Nifty Metal TRI,2017-05-25,3257.2466719778313
Nifty Metal TRI,2017-05-26,3367.4530844890637
Nifty Metal TRI,2017-05-29,3357.889258771766
Nifty Metal TRI,2017-05-30,3369.3070221266753
Nifty Metal TRI,2017-05-31,3318.0273260024283
Nifty Metal TRI,2017-06-01,3288.991222480839
Nifty Metal TRI,2017-06-02,3285.124198245089
Nifty Metal TRI,2017-06-05,3266.1019149360227
Nifty Metal TRI,2017-06-06,3255.5447706713976
Nifty Metal TRI,2017-06-07,3287.700947816437
Nifty Metal TRI,2017-06-08,3316.937508990862
Nifty Metal TRI,2017-06-09,3369.9537987214126
Nifty Metal TRI,2017-06-12,3358.4150671387797
Nifty Metal TRI,2017-06-13,3332.6231325426975
Nifty Metal TRI,2017-06-14,3310.145291454945
Nifty Metal TRI,2017-06-15,3297.6736235257317
Nifty Metal TRI,2017-06-16,3296.2780778094548
Nifty Metal TRI,2017-06-19,3354.572035808944
Nifty Metal TRI,2017-06-20,3361.840527207811
Nifty Metal TRI,2017-06-21,3322.4822721804767
Nifty Metal TRI,2017-06-22,3276.6508732176303
Nifty Metal TRI,2017-06-23,3254.04659995438
Nifty Metal TRI,2017-06-27,3246.4254271579466
Nifty Metal TRI,2017-06-28,3299.2110149675405
Nifty Metal TRI,2017-06-29,3366.294835402938
Nifty Metal TRI,2017-06-30,3366.646333476709
Nifty Metal TRI,2017-07-03,3429.048021223732
Nifty Metal TRI,2017-07-04,3433.5677354823556
Nifty Metal TRI,2017-07-05,3470.566652692469
Nifty Metal TRI,2017-07-06,3483.5891342003843
Nifty Metal TRI,2017-07-07,3476.459737780576
Nifty Metal TRI,2017-07-10,3524.489005501557
Nifty Metal TRI,2017-07-11,3507.73203161225
Nifty Metal TRI,2017-07-12,3521.098616710329
Nifty Metal TRI,2017-07-13,3551.3604510404857
Nifty Metal TRI,2017-07-14,3536.685695139225
Nifty Metal TRI,2017-07-17,3571.1684168112993
Nifty Metal TRI,2017-07-18,3565.278728290178
Nifty Metal TRI,2017-07-19,3634.7028018594497
Nifty Metal TRI,2017-07-20,3601.3247042257713
Nifty Metal TRI,2017-07-21,3609.1254738412695
Nifty Metal TRI,2017-07-24,3592.0762654560444
Nifty Metal TRI,2017-07-25,3637.4069048943556
Nifty Metal TRI,2017-07-26,3700.3806418031304
Nifty Metal TRI,2017-07-27,3663.4994869462516
Nifty Metal TRI,2017-07-28,3615.004137578875
Nifty Metal TRI,2017-07-31,3675.116493565611
Nifty Metal TRI,2017-08-01,3710.0401816511503
Nifty Metal TRI,2017-08-02,3702.7437283517597
Nifty Metal TRI,2017-08-03,3632.3605556612074
Nifty Metal TRI,2017-08-04,3723.3291478330766
Nifty Metal TRI,2017-08-07,3767.974722252258
Nifty Metal TRI,2017-08-08,3823.612374849864
Nifty Metal TRI,2017-08-09,3816.1498824129676
Nifty Metal TRI,2017-08-10,3754.600701214253
Nifty Metal TRI,2017-08-11,3628.4091542441047
Nifty Metal TRI,2017-08-14,3753.1024273434314
Nifty Metal TRI,2017-08-16,3818.2190867154072
Nifty Metal TRI,2017-08-17,3846.86155679496
Nifty Metal TRI,2017-08-18,3819.4229941357485
Nifty Metal TRI,2017-08-21,3766.9420791266903
Nifty Metal TRI,2017-08-22,3770.0807679936825
Nifty Metal TRI,2017-08-23,3835.0761825083077
Nifty Metal TRI,2017-08-24,3853.853172002009
Nifty Metal TRI,2017-08-28,3868.689347000197
Nifty Metal TRI,2017-08-29,3826.1052754604966
Nifty Metal TRI,2017-08-30,3927.5443841422143
Nifty Metal TRI,2017-08-31,3923.974506055089
Nifty Metal TRI,2017-09-01,4000.585051319411
Nifty Metal TRI,2017-09-04,4006.99633352229
Nifty Metal TRI,2017-09-05,4041.721305715349
Nifty Metal TRI,2017-09-06,4072.1577060286004
Nifty Metal TRI,2017-09-07,4119.260155102278
Nifty Metal TRI,2017-09-08,4126.883345162792
Nifty Metal TRI,2017-09-11,4152.4695092116335
Nifty Metal TRI,2017-09-12,4193.430660454714
Nifty Metal TRI,2017-09-13,4148.5690112615885
Nifty Metal TRI,2017-09-14,4125.344208763307
Nifty Metal TRI,2017-09-15,4140.147219488317
Nifty Metal TRI,2017-09-18,4170.718439454385
Nifty Metal TRI,2017-09-19,4140.932024538816
Nifty Metal TRI,2017-09-20,4138.160889273801
Nifty Metal TRI,2017-09-21,4113.796084770342
Nifty Metal TRI,2017-09-22,3947.8212586067284
Nifty Metal TRI,2017-09-25,3901.309884000014
Nifty Metal TRI,2017-09-26,3995.3247739314284
Nifty Metal TRI,2017-09-27,3932.380278860675
Nifty Metal TRI,2017-09-28,3960.1326075788393
Nifty Metal TRI,2017-09-29,4015.4848801532753
Nifty Metal TRI,2017-10-03,4065.3399410915795
Nifty Metal TRI,2017-10-04,4059.3380216079395
Nifty Metal TRI,2017-10-05,4071.2112576169284
Nifty Metal TRI,2017-10-06,4199.399801205815
Nifty Metal TRI,2017-10-09,4207.268915053981
Nifty Metal TRI,2017-10-10,4211.684265998105
Nifty Metal TRI,2017-10-11,4151.815890190497
Nifty Metal TRI,2017-10-12,4234.664171589621
Nifty Metal TRI,2017-10-13,4283.678152083985
Nifty Metal TRI,2017-10-16,4364.638589376809
Nifty Metal TRI,2017-10-17,4379.253242956978
Nifty Metal TRI,2017-10-18,4363.130550061977
Nifty Metal TRI,2017-10-19,4325.096870908601
Nifty Metal TRI,2017-10-23,4352.422236422198
Nifty Metal TRI,2017-10-24,4369.759997582906
Nifty Metal TRI,2017-10-25,4386.136786374415
Nifty Metal TRI,2017-10-26,4476.309575253551
Nifty Metal TRI,2017-10-27,4469.019627441615
Nifty Metal TRI,2017-10-30,4468.330410427487
Nifty Metal TRI,2017-10-31,4392.095791489847
Nifty Metal TRI,2017-11-01,4471.477459323043
Nifty Metal TRI,2017-11-02,4465.601190912687
Nifty Metal TRI,2017-11-03,4462.896941283652
Nifty Metal TRI,2017-11-06,4478.753349954915
Nifty Metal TRI,2017-11-07,4403.963768942351
Nifty Metal TRI,2017-11-08,4343.5045063666685
Nifty Metal TRI,2017-11-09,4363.860406162624
Nifty Metal TRI,2017-11-10,4382.17795561406
Nifty Metal TRI,2017-11-13,4299.897424035544
Nifty Metal TRI,2017-11-14,4277.736995763671
Nifty Metal TRI,2017-11-15,4151.197437638092
Nifty Metal TRI,2017-11-16,4193.266318933915
Nifty Metal TRI,2017-11-17,4272.876162199206
Nifty Metal TRI,2017-11-20,4329.601562367799
Nifty Metal TRI,2017-11-21,4335.677744466632
Nifty Metal TRI,2017-11-22,4307.384199431271
Nifty Metal TRI,2017-11-23,4296.443741899786
Nifty Metal TRI,2017-11-24,4272.285666423687
Nifty Metal TRI,2017-11-27,4243.309607278405
Nifty Metal TRI,2017-11-28,4239.114405021114
Nifty Metal TRI,2017-11-29,4223.513927767844
Nifty Metal TRI,2017-11-30,4174.321068577558
Nifty Metal TRI,2017-12-01,4105.94266511183
Nifty Metal TRI,2017-12-04,4121.196456302447
Nifty Metal TRI,2017-12-05,4087.819560588487
Nifty Metal TRI,2017-12-06,4008.122915919106
Nifty Metal TRI,2017-12-07,4081.1674281491473
Nifty Metal TRI,2017-12-08,4136.565728462042
Nifty Metal TRI,2017-12-11,4144.335546319586
Nifty Metal TRI,2017-12-12,4109.982079528966
Nifty Metal TRI,2017-12-13,4046.6093379009435
Nifty Metal TRI,2017-12-14,4055.5167076064427
Nifty Metal TRI,2017-12-15,4163.576799647274
Nifty Metal TRI,2017-12-18,4233.546595244858
Nifty Metal TRI,2017-12-19,4295.574956959013
Nifty Metal TRI,2017-12-20,4324.3229546084085
Nifty Metal TRI,2017-12-21,4362.561113866765
Nifty Metal TRI,2017-12-22,4362.172683935205
Nifty Metal TRI,2017-12-26,4415.9630699511945
Nifty Metal TRI,2017-12-27,4408.928743888865
Nifty Metal TRI,2017-12-28,4500.717689590892
Nifty Metal TRI,2017-12-29,4478.456561509089
Nifty Metal TRI,2018-01-01,4455.369016506067
Nifty Metal TRI,2018-01-02,4482.497658244966
Nifty Metal TRI,2018-01-03,4547.943403445797
Nifty Metal TRI,2018-01-04,4675.305595687786
Nifty Metal TRI,2018-01-05,4696.480733302276
Nifty Metal TRI,2018-01-08,4738.128579326512
Nifty Metal TRI,2018-01-09,4738.66979642613
Nifty Metal TRI,2018-01-10,4742.338799889594
Nifty Metal TRI,2018-01-11,4735.88524033635
Nifty Metal TRI,2018-01-12,4765.488873992741
Nifty Metal TRI,2018-01-15,4773.374474301357
Nifty Metal TRI,2018-01-16,4637.845016214492
Nifty Metal TRI,2018-01-17,4685.030404287655
Nifty Metal TRI,2018-01-18,4550.107584644317
Nifty Metal TRI,2018-01-19,4589.6690478390565
Nifty Metal TRI,2018-01-22,4559.402371293126
Nifty Metal TRI,2018-01-23,4744.999447139145
Nifty Metal TRI,2018-01-24,4663.703058876487
Nifty Metal TRI,2018-01-25,4706.982901402308
Nifty Metal TRI,2018-01-29,4714.493658596678
Nifty Metal TRI,2018-01-30,4686.739732903634
Nifty Metal TRI,2018-01-31,4629.605674651523
Nifty Metal TRI,2018-02-01,4636.176345596895
Nifty Metal TRI,2018-02-02,4496.244091488713
Nifty Metal TRI,2018-02-05,4472.202976493847
Nifty Metal TRI,2018-02-06,4398.9212200296315
Nifty Metal TRI,2018-02-07,4419.378541790187
Nifty Metal TRI,2018-02-08,4484.207915244959
Nifty Metal TRI,2018-02-09,4541.354624528378
Nifty Metal TRI,2018-02-12,4590.574746835861
Nifty Metal TRI,2018-02-14,4586.286612885228
Nifty Metal TRI,2018-02-15,4618.215725998391
Nifty Metal TRI,2018-02-16,4549.004844159598
Nifty Metal TRI,2018-02-19,4472.008183607221
Nifty Metal TRI,2018-02-20,4521.380087317174
Nifty Metal TRI,2018-02-21,4459.611873439366
Nifty Metal TRI,2018-02-22,4450.961490755623
Nifty Metal TRI,2018-02-23,4593.142404008787
Nifty Metal TRI,2018-02-26,4643.091753694872
Nifty Metal TRI,2018-02-27,4603.774295683849
Nifty Metal TRI,2018-02-28,4555.101450003929
Nifty Metal TRI,2018-03-01,4517.200211994537
Nifty Metal TRI,2018-03-05,4369.775654944057
Nifty Metal TRI,2018-03-06,4354.155884317614
Nifty Metal TRI,2018-03-07,4304.253018737016
Nifty Metal TRI,2018-03-08,4285.148512314457
Nifty Metal TRI,2018-03-09,4207.967770194345
Nifty Metal TRI,2018-03-12,4298.516105584981
Nifty Metal TRI,2018-03-13,4321.572966519973
Nifty Metal TRI,2018-03-14,4297.213515270314
Nifty Metal TRI,2018-03-15,4284.036063430406
Nifty Metal TRI,2018-03-16,4182.571640011489
Nifty Metal TRI,2018-03-19,4071.7214908286705
Nifty Metal TRI,2018-03-20,4058.9847152572625
Nifty Metal TRI,2018-03-21,4040.538399043369
Nifty Metal TRI,2018-03-22,4053.6589892518236
Nifty Metal TRI,2018-03-23,3936.443876530887
Nifty Metal TRI,2018-03-26,4021.3634620655166
Nifty Metal TRI,2018-03-27,4095.0726745159673
Nifty Metal TRI,2018-03-28,4011.748835650937
Nifty Metal TRI,2018-04-02,4043.6820642382118
Nifty Metal TRI,2018-04-03,4067.0939122313166
Nifty Metal TRI,2018-04-04,3962.770899626996
Nifty Metal TRI,2018-04-05,4123.979969823786
Nifty Metal TRI,2018-04-06,4118.261704507573
Nifty Metal TRI,2018-04-09,4125.2173345198225
Nifty Metal TRI,2018-04-10,4209.788835156297
Nifty Metal TRI,2018-04-11,4277.053091059392
Nifty Metal TRI,2018-04-12,4218.360813270582
Nifty Metal TRI,2018-04-13,4258.598367997046
Nifty Metal TRI,2018-04-16,4266.208080092944
Nifty Metal TRI,2018-04-17,4271.070040477662
Nifty Metal TRI,2018-04-18,4288.395678875192
Nifty Metal TRI,2018-04-19,4482.619749558683
Nifty Metal TRI,2018-04-20,4450.043139894913
Nifty Metal TRI,2018-04-23,4416.569590701319
Nifty Metal TRI,2018-04-24,4332.225705440021
Nifty Metal TRI,2018-04-25,4273.6663400086845
Nifty Metal TRI,2018-04-26,4275.385196472292
Nifty Metal TRI,2018-04-27,4305.760926321747
Nifty Metal TRI,2018-04-30,4319.047117564742
Nifty Metal TRI,2018-05-02,4171.2156416132875
Nifty Metal TRI,2018-05-03,4203.254782603299
Nifty Metal TRI,2018-05-04,4158.335676289276
Nifty Metal TRI,2018-05-07,4230.377613542756
Nifty Metal TRI,2018-05-08,4222.766221611706
Nifty Metal TRI,2018-05-09,4225.913990311312
Nifty Metal TRI,2018-05-10,4184.988169134999
Nifty Metal TRI,2018-05-11,4250.585914747812
Nifty Metal TRI,2018-05-14,4238.968227287191
Nifty Metal TRI,2018-05-15,4250.076456202559
Nifty Metal TRI,2018-05-16,4232.671304383443
Nifty Metal TRI,2018-05-17,4213.661337669059
Nifty Metal TRI,2018-05-18,4112.303145179728
Nifty Metal TRI,2018-05-21,4043.900610597779
Nifty Metal TRI,2018-05-22,4115.7725040774
Nifty Metal TRI,2018-05-23,3961.856538466605
Nifty Metal TRI,2018-05-24,4000.221384949277
Nifty Metal TRI,2018-05-25,4087.226237075293
Nifty Metal TRI,2018-05-28,4130.63328283183
Nifty Metal TRI,2018-05-29,4133.435657493984
Nifty Metal TRI,2018-05-30,4137.326992987185
Nifty Metal TRI,2018-05-31,4118.640850668111
Nifty Metal TRI,2018-06-01,4089.9238517834674
Nifty Metal TRI,2018-06-04,4097.180569879392
Nifty Metal TRI,2018-06-05,4073.787054963329
Nifty Metal TRI,2018-06-06,4149.731758773005
Nifty Metal TRI,2018-06-07,4211.582390130303
Nifty Metal TRI,2018-06-08,4194.841209649995
Nifty Metal TRI,2018-06-11,4179.755437708101
Nifty Metal TRI,2018-06-12,4161.804618997508
Nifty Metal TRI,2018-06-13,4143.565397341907
Nifty Metal TRI,2018-06-14,4125.725453213118
Nifty Metal TRI,2018-06-15,4062.690769275007
Nifty Metal TRI,2018-06-18,3992.7983568523277
Nifty Metal TRI,2018-06-19,3930.20182169025
Nifty Metal TRI,2018-06-20,3969.3667725349956
Nifty Metal TRI,2018-06-21,3926.898978543772
Nifty Metal TRI,2018-06-22,3937.553852309645
Nifty Metal TRI,2018-06-25,3899.0596092780265
Nifty Metal TRI,2018-06-26,3884.29339988701
Nifty Metal TRI,2018-06-27,3835.6092742765672
Nifty Metal TRI,2018-06-28,3841.2119771399307
Nifty Metal TRI,2018-06-29,3948.920204640877
Nifty Metal TRI,2018-07-02,3878.898533664071
Nifty Metal TRI,2018-07-03,3864.8142621841625
Nifty Metal TRI,2018-07-04,3869.9611345643243
Nifty Metal TRI,2018-07-05,3815.0542188297895
Nifty Metal TRI,2018-07-06,3814.801844944377
Nifty Metal TRI,2018-07-09,3866.3016173277683
Nifty Metal TRI,2018-07-10,3930.8315353343187
Nifty Metal TRI,2018-07-11,3810.2076146291656
Nifty Metal TRI,2018-07-12,3791.1162404492934
Nifty Metal TRI,2018-07-13,3775.526289233432
Nifty Metal TRI,2018-07-16,3639.9898082859395
Nifty Metal TRI,2018-07-17,3702.86557854571
Nifty Metal TRI,2018-07-18,3586.378002105221
Nifty Metal TRI,2018-07-19,3567.611683765294
Nifty Metal TRI,2018-07-20,3553.5548698521893
Nifty Metal TRI,2018-07-23,3608.3266444552783
Nifty Metal TRI,2018-07-24,3716.51294208661
Nifty Metal TRI,2018-07-25,3749.762889835061
Nifty Metal TRI,2018-07-26,3719.2726393610046
Nifty Metal TRI,2018-07-27,3791.1539148892753
Nifty Metal TRI,2018-07-30,3817.756703504147
Nifty Metal TRI,2018-07-31,3834.982051308145
Nifty Metal TRI,2018-08-01,3817.8256574250963
Nifty Metal TRI,2018-08-02,3826.945228933185
Nifty Metal TRI,2018-08-03,3888.221664080265
Nifty Metal TRI,2018-08-06,3917.4379085798982
Nifty Metal TRI,2018-08-07,3963.145581119899
Nifty Metal TRI,2018-08-08,3972.9662740691374
Nifty Metal TRI,2018-08-09,4028.5755609437324
Nifty Metal TRI,2018-08-10,3951.709897064676
Nifty Metal TRI,2018-08-13,3919.0401049073835
Nifty Metal TRI,2018-08-14,3929.379316854842
Nifty Metal TRI,2018-08-16,3840.554377790707
Nifty Metal TRI,2018-08-17,3906.424100108453
Nifty Metal TRI,2018-08-20,4004.6753575128305
Nifty Metal TRI,2018-08-21,3991.1357583304093
Nifty Metal TRI,2018-08-23,3933.8299719789816
Nifty Metal TRI,2018-08-24,4008.1921674563037
Nifty Metal TRI,2018-08-27,4068.3228928650597
Nifty Metal TRI,2018-08-28,4142.650824621223
Nifty Metal TRI,2018-08-29,4185.603410064751
Nifty Metal TRI,2018-08-30,4221.534811065166
Nifty Metal TRI,2018-08-31,4196.596328374994
Nifty Metal TRI,2018-09-03,4212.543049450318
Nifty Metal TRI,2018-09-04,4130.8594930752515
Nifty Metal TRI,2018-09-05,4174.403442821616
Nifty Metal TRI,2018-09-06,4184.999518388234
Nifty Metal TRI,2018-09-07,4263.061411759428
Nifty Metal TRI,2018-09-10,4191.266236859163
Nifty Metal TRI,2018-09-11,4124.014165889788
Nifty Metal TRI,2018-09-12,4185.439007992707
Nifty Metal TRI,2018-09-14,4280.759645826364
Nifty Metal TRI,2018-09-17,4271.944695281587
Nifty Metal TRI,2018-09-18,4206.055142166461
Nifty Metal TRI,2018-09-19,4256.669515005249
Nifty Metal TRI,2018-09-21,4235.740458139348
Nifty Metal TRI,2018-09-24,4188.508991256838
Nifty Metal TRI,2018-09-25,4188.8515350916805
Nifty Metal TRI,2018-09-26,4260.7650901432635
Nifty Metal TRI,2018-09-27,4233.023562749704
Nifty Metal TRI,2018-09-28,4020.592744567169
Nifty Metal TRI,2018-10-01,4070.5121103981664
Nifty Metal TRI,2018-10-03,4144.74421206814
Nifty Metal TRI,2018-10-04,4122.294033947426
Nifty Metal TRI,2018-10-05,3975.1505991313197
Nifty Metal TRI,2018-10-08,3854.3759667783165
Nifty Metal TRI,2018-10-09,3894.1760302237344
Nifty Metal TRI,2018-10-10,3969.302421607582
Nifty Metal TRI,2018-10-11,3816.966081246168
Nifty Metal TRI,2018-10-12,3969.0981300358626
Nifty Metal TRI,2018-10-15,3952.8860017754287
Nifty Metal TRI,2018-10-16,3962.4534667426146
Nifty Metal TRI,2018-10-17,3883.3939848590358
Nifty Metal TRI,2018-10-19,3886.182664202273
Nifty Metal TRI,2018-10-22,3857.533633555346
Nifty Metal TRI,2018-10-23,3826.669792907061
Nifty Metal TRI,2018-10-24,3867.4247783275778
Nifty Metal TRI,2018-10-25,3820.211018210235
Nifty Metal TRI,2018-10-26,3793.961104658696
Nifty Metal TRI,2018-10-29,3893.4899868020684
Nifty Metal TRI,2018-10-30,3851.5805281782573
Nifty Metal TRI,2018-10-31,3810.070816579852
Nifty Metal TRI,2018-11-01,3858.1234444273978
Nifty Metal TRI,2018-11-02,3974.948729437572
Nifty Metal TRI,2018-11-05,3978.6584572958
Nifty Metal TRI,2018-11-06,3975.463996606383
Nifty Metal TRI,2018-11-07,4004.4659428200507
Nifty Metal TRI,2018-11-09,3967.959398340356
Nifty Metal TRI,2018-11-12,3913.792202603922
Nifty Metal TRI,2018-11-13,3944.129975178674
Nifty Metal TRI,2018-11-14,3911.4986935756847
Nifty Metal TRI,2018-11-15,3941.492579553146
Nifty Metal TRI,2018-11-16,3880.057704200945
Nifty Metal TRI,2018-11-19,3927.8295089302965
Nifty Metal TRI,2018-11-20,3816.807441726572
Nifty Metal TRI,2018-11-21,3786.355166658907
Nifty Metal TRI,2018-11-22,3719.511536802944
Nifty Metal TRI,2018-11-26,3671.1924112208667
Nifty Metal TRI,2018-11-27,3644.3677360884003
Nifty Metal TRI,2018-11-28,3608.0495943309966
Nifty Metal TRI,2018-11-29,3677.5189168944244
Nifty Metal TRI,2018-11-30,3662.0918364900526
Nifty Metal TRI,2018-12-03,3736.8964935871695
Nifty Metal TRI,2018-12-04,3747.1716195093604
Nifty Metal TRI,2018-12-05,3611.9666206187258
Nifty Metal TRI,2018-12-06,3572.5622951151904
Nifty Metal TRI,2018-12-07,3556.3130801776674
Nifty Metal TRI,2018-12-10,3516.4144876701025
Nifty Metal TRI,2018-12-11,3538.7270023911906
Nifty Metal TRI,2018-12-12,3628.916349973325
Nifty Metal TRI,2018-12-13,3607.046815873454
Nifty Metal TRI,2018-12-14,3605.3311443164166
Nifty Metal TRI,2018-12-17,3678.6187160518753
Nifty Metal TRI,2018-12-18,3705.524736049651
Nifty Metal TRI,2018-12-19,3720.788861898144
Nifty Metal TRI,2018-12-20,3682.4614270178545
Nifty Metal TRI,2018-12-21,3664.5834295631525
Nifty Metal TRI,2018-12-24,3581.2083388091874
Nifty Metal TRI,2018-12-26,3591.5651937104603
Nifty Metal TRI,2018-12-27,3580.805426135653
Nifty Metal TRI,2018-12-28,3607.894687235208
Nifty Metal TRI,2018-12-31,3657.6429715813215
Nifty Metal TRI,2019-01-01,3635.404337974226
Nifty Metal TRI,2019-01-02,3511.757279862457
Nifty Metal TRI,2019-01-03,3433.033313611932
Nifty Metal TRI,2019-01-04,3481.1157221751023
Nifty Metal TRI,2019-01-07,3476.346585684095
Nifty Metal TRI,2019-01-08,3491.8465649459135
Nifty Metal TRI,2019-01-09,3451.6668142821172
Nifty Metal TRI,2019-01-10,3448.1997803946174
Nifty Metal TRI,2019-01-11,3447.1104515021348
Nifty Metal TRI,2019-01-14,3410.6563191413716
Nifty Metal TRI,2019-01-15,3465.3222714526983
Nifty Metal TRI,2019-01-16,3443.171116602123
Nifty Metal TRI,2019-01-17,3438.7156691129917
Nifty Metal TRI,2019-01-18,3431.9966241067814
Nifty Metal TRI,2019-01-21,3419.4379660476266
Nifty Metal TRI,2019-01-22,3343.994004716648
Nifty Metal TRI,2019-01-23,3363.0400974246986
Nifty Metal TRI,2019-01-24,3359.2752404324947
Nifty Metal TRI,2019-01-25,3317.7181901012455
Nifty Metal TRI,2019-01-28,3282.9564578654436
Nifty Metal TRI,2019-01-29,3284.5282256282994
Nifty Metal TRI,2019-01-30,3347.0707812949486
Nifty Metal TRI,2019-01-31,3386.5080910623888
Nifty Metal TRI,2019-02-01,3270.31151745661
Nifty Metal TRI,2019-02-04,3246.216223792156
Nifty Metal TRI,2019-02-05,3216.0131399463194
Nifty Metal TRI,2019-02-06,3291.2972140466277
Nifty Metal TRI,2019-02-07,3294.7870607563586
Nifty Metal TRI,2019-02-08,3184.234903574361
Nifty Metal TRI,2019-02-11,3166.972575054062
Nifty Metal TRI,2019-02-12,3216.827028718767
Nifty Metal TRI,2019-02-14,3177.3090652569767
Nifty Metal TRI,2019-02-15,3111.7501840428044
Nifty Metal TRI,2019-02-18,3083.0762922820472
Nifty Metal TRI,2019-02-19,3127.073815683989
Nifty Metal TRI,2019-02-20,3214.7927451292635
Nifty Metal TRI,2019-02-21,3251.186180551773
Nifty Metal TRI,2019-02-22,3304.909439744292
Nifty Metal TRI,2019-02-25,3316.9607872865968
Nifty Metal TRI,2019-02-26,3320.3969449733977
Nifty Metal TRI,2019-02-27,3311.2141218367
Nifty Metal TRI,2019-02-28,3340.1823072480192
Nifty Metal TRI,2019-03-01,3399.8048580840596
Nifty Metal TRI,2019-03-05,3490.71298418126
Nifty Metal TRI,2019-03-06,3515.4534004448697
Nifty Metal TRI,2019-03-07,3482.539080429886
Nifty Metal TRI,2019-03-08,3430.478373198526
Nifty Metal TRI,2019-03-11,3525.193800338476
Nifty Metal TRI,2019-03-12,3541.9127512110954
Nifty Metal TRI,2019-03-13,3475.4076331804936
Nifty Metal TRI,2019-03-14,3494.570319438026
Nifty Metal TRI,2019-03-15,3501.977303026813
Nifty Metal TRI,2019-03-18,3526.0077547447872
Nifty Metal TRI,2019-03-19,3525.034551303195
Nifty Metal TRI,2019-03-20,3488.7789260973827
Nifty Metal TRI,2019-03-22,3474.134170303463
Nifty Metal TRI,2019-03-25,3435.621671748453
Nifty Metal TRI,2019-03-26,3471.8593170109566
Nifty Metal TRI,2019-03-27,3473.794877732372
Nifty Metal TRI,2019-03-28,3464.1975099214037
Nifty Metal TRI,2019-04-01,3614.7934203091936
Nifty Metal TRI,2019-04-02,3599.6080186286704
Nifty Metal TRI,2019-04-03,3595.025239435953
Nifty Metal TRI,2019-04-04,3579.953466047005
Nifty Metal TRI,2019-04-05,3650.5992803563868
Nifty Metal TRI,2019-04-08,3615.4660563754605
Nifty Metal TRI,2019-04-09,3652.9062457999444
Nifty Metal TRI,2019-04-10,3619.938297461562
Nifty Metal TRI,2019-04-11,3576.124489622927
Nifty Metal TRI,2019-04-12,3581.1570070018606
Nifty Metal TRI,2019-04-15,3663.073792909871
Nifty Metal TRI,2019-04-16,3673.2427171459412
Nifty Metal TRI,2019-04-18,3626.9320621950837
Nifty Metal TRI,2019-04-22,3562.684924255439
Nifty Metal TRI,2019-04-23,3548.7622513817196
Nifty Metal TRI,2019-04-24,3555.6629061871977
Nifty Metal TRI,2019-04-25,3489.7613958316197
Nifty Metal TRI,2019-04-26,3554.7649092310844
Nifty Metal TRI,2019-04-30,3605.0766105503285
Nifty Metal TRI,2019-05-02,3601.2656596446595
Nifty Metal TRI,2019-05-03,3596.5002234934154
Nifty Metal TRI,2019-05-06,3524.1220520452835
Nifty Metal TRI,2019-05-07,3479.540368842583
Nifty Metal TRI,2019-05-08,3455.327600598761
Nifty Metal TRI,2019-05-09,3406.008776666102
Nifty Metal TRI,2019-05-10,3354.1155052605272
Nifty Metal TRI,2019-05-13,3294.341542530549
Nifty Metal TRI,2019-05-14,3314.4329205314903
Nifty Metal TRI,2019-05-15,3245.1177647002805
Nifty Metal TRI,2019-05-16,3283.1969691409718
Nifty Metal TRI,2019-05-17,3279.1696769287832
Nifty Metal TRI,2019-05-20,3387.069500522407
Nifty Metal TRI,2019-05-21,3334.793854554351
Nifty Metal TRI,2019-05-22,3346.8925301568165
Nifty Metal TRI,2019-05-23,3297.4717545742656
Nifty Metal TRI,2019-05-24,3393.8223303931313
Nifty Metal TRI,2019-05-27,3466.1349600206586
Nifty Metal TRI,2019-05-28,3498.1728047696874
Nifty Metal TRI,2019-05-29,3433.315096776171
Nifty Metal TRI,2019-05-30,3418.5388700471317
Nifty Metal TRI,2019-05-31,3390.5513367845288
Nifty Metal TRI,2019-06-03,3450.556004823099
Nifty Metal TRI,2019-06-04,3456.764600331894
Nifty Metal TRI,2019-06-06,3418.140971762618
Nifty Metal TRI,2019-06-07,3399.498228177305
Nifty Metal TRI,2019-06-10,3406.2502888445824
Nifty Metal TRI,2019-06-11,3451.351020510776
Nifty Metal TRI,2019-06-12,3464.9320720514656
Nifty Metal TRI,2019-06-13,3457.925378063598
Nifty Metal TRI,2019-06-14,3445.1856061933186
Nifty Metal TRI,2019-06-17,3346.9920170746036
Nifty Metal TRI,2019-06-18,3364.0233260445216
Nifty Metal TRI,2019-06-19,3377.5461599216987
Nifty Metal TRI,2019-06-20,3440.6894744117335
Nifty Metal TRI,2019-06-21,3429.289621786994
Nifty Metal TRI,2019-06-24,3385.6604423049953
Nifty Metal TRI,2019-06-25,3444.6070642561285
Nifty Metal TRI,2019-06-26,3538.796550272065
Nifty Metal TRI,2019-06-27,3528.744731604877
Nifty Metal TRI,2019-06-28,3489.129860197142
Nifty Metal TRI,2019-07-01,3487.0627511604366
Nifty Metal TRI,2019-07-02,3505.285759153833
Nifty Metal TRI,2019-07-03,3504.070275017809
Nifty Metal TRI,2019-07-04,3469.5357372947997
Nifty Metal TRI,2019-07-05,3339.426202311074
Nifty Metal TRI,2019-07-08,3269.626457525246
Nifty Metal TRI,2019-07-09,3266.113718085929
Nifty Metal TRI,2019-07-10,3229.270264210008
Nifty Metal TRI,2019-07-11,3286.6192842757227
Nifty Metal TRI,2019-07-12,3311.4609657366345
Nifty Metal TRI,2019-07-15,3308.1324562802147
Nifty Metal TRI,2019-07-16,3336.8480251900305
Nifty Metal TRI,2019-07-17,3338.728252262569
Nifty Metal TRI,2019-07-18,3256.632080052834
Nifty Metal TRI,2019-07-19,3213.7338217278484
Nifty Metal TRI,2019-07-22,3268.4752117016146
Nifty Metal TRI,2019-07-23,3257.6907572110013
Nifty Metal TRI,2019-07-24,3180.7219641017987
Nifty Metal TRI,2019-07-25,3149.764870172978
Nifty Metal TRI,2019-07-26,3157.029623452114
Nifty Metal TRI,2019-07-29,3063.0789095027517
Nifty Metal TRI,2019-07-30,2963.6740930370765
Nifty Metal TRI,2019-07-31,3035.555477178878
Nifty Metal TRI,2019-08-01,2940.5955643804973
Nifty Metal TRI,2019-08-02,2884.509986517172
Nifty Metal TRI,2019-08-05,2833.6523490441864
Nifty Metal TRI,2019-08-06,2872.171154402226
Nifty Metal TRI,2019-08-07,2803.570671231139
Nifty Metal TRI,2019-08-08,2838.1613689570354
Nifty Metal TRI,2019-08-09,2813.9076521332936
Nifty Metal TRI,2019-08-13,2765.105333159225
Nifty Metal TRI,2019-08-14,2829.9881516951136
Nifty Metal TRI,2019-08-16,2819.730069915613
Nifty Metal TRI,2019-08-19,2807.6261827735757
Nifty Metal TRI,2019-08-20,2760.577773109891
Nifty Metal TRI,2019-08-21,2680.9404047654552
Nifty Metal TRI,2019-08-22,2587.614299900611
Nifty Metal TRI,2019-08-23,2675.8878629979854
Nifty Metal TRI,2019-08-26,2650.4836599726364
Nifty Metal TRI,2019-08-27,2706.126510429881
Nifty Metal TRI,2019-08-28,2615.296740097238
Nifty Metal TRI,2019-08-29,2648.2131867184276
Nifty Metal TRI,2019-08-30,2690.178627303334
Nifty Metal TRI,2019-09-03,2607.3349018431722
Nifty Metal TRI,2019-09-04,2649.4270890474363
Nifty Metal TRI,2019-09-05,2718.8465522391816
Nifty Metal TRI,2019-09-06,2770.8210853696137
Nifty Metal TRI,2019-09-09,2774.0341317974935
Nifty Metal TRI,2019-09-11,2838.401915238059
Nifty Metal TRI,2019-09-12,2833.912227803744
Nifty Metal TRI,2019-09-13,2873.4507618564503
Nifty Metal TRI,2019-09-16,2869.7438079739945
Nifty Metal TRI,2019-09-17,2793.8172270462073
Nifty Metal TRI,2019-09-18,2825.484923022499
Nifty Metal TRI,2019-09-19,2779.536985194449
Nifty Metal TRI,2019-09-20,2937.522190863903
Nifty Metal TRI,2019-09-23,2971.5836049265145
Nifty Metal TRI,2019-09-24,2923.3961020776737
Nifty Metal TRI,2019-09-25,2846.6745695620093
Nifty Metal TRI,2019-09-26,2965.302113608261
Nifty Metal TRI,2019-09-27,2887.221586203985
Nifty Metal TRI,2019-09-30,2871.0991957972283
Nifty Metal TRI,2019-10-01,2820.887075088805
Nifty Metal TRI,2019-10-03,2738.21843837896
Nifty Metal TRI,2019-10-04,2703.8216137961263
Nifty Metal TRI,2019-10-07,2672.18275387633
Nifty Metal TRI,2019-10-09,2728.689869636331
Nifty Metal TRI,2019-10-10,2688.39462417261
Nifty Metal TRI,2019-10-11,2751.828552303095
Nifty Metal TRI,2019-10-14,2779.479619446737
Nifty Metal TRI,2019-10-15,2823.029034110977
Nifty Metal TRI,2019-10-16,2812.87657503318
Nifty Metal TRI,2019-10-17,2839.7069856253806
Nifty Metal TRI,2019-10-18,2892.925457769645
Nifty Metal TRI,2019-10-22,2878.060258765938
Nifty Metal TRI,2019-10-23,2871.1469781640453
Nifty Metal TRI,2019-10-24,2850.918267312152
Nifty Metal TRI,2019-10-25,2840.8212654883623
Nifty Metal TRI,2019-10-29,2968.0783466676717
Nifty Metal TRI,2019-10-30,2963.465607971397
Nifty Metal TRI,2019-10-31,2947.7134029587783
Nifty Metal TRI,2019-11-01,3019.7797570700773
Nifty Metal TRI,2019-11-04,3115.061435513918
Nifty Metal TRI,2019-11-05,3085.51829257624
Nifty Metal TRI,2019-11-06,3105.1409850887358
Nifty Metal TRI,2019-11-07,3135.4964419852936
Nifty Metal TRI,2019-11-08,3081.30322025369
Nifty Metal TRI,2019-11-11,3078.4432179514083
Nifty Metal TRI,2019-11-13,3015.729178419031
Nifty Metal TRI,2019-11-14,2956.8525957317047
Nifty Metal TRI,2019-11-15,2947.811265354112
Nifty Metal TRI,2019-11-18,2996.4887980764183
Nifty Metal TRI,2019-11-19,2971.046478472101
Nifty Metal TRI,2019-11-20,2979.408578852389
Nifty Metal TRI,2019-11-21,2915.3151151082247
Nifty Metal TRI,2019-11-22,2975.306143911907
Nifty Metal TRI,2019-11-25,3071.2199524921352
Nifty Metal TRI,2019-11-26,3046.0670640113626
Nifty Metal TRI,2019-11-27,3072.5564979897026
Nifty Metal TRI,2019-11-28,3136.471300813233
Nifty Metal TRI,2019-11-29,3099.6298523286637
Nifty Metal TRI,2019-12-02,3108.5764990932857
Nifty Metal TRI,2019-12-03,3027.9164249184014
Nifty Metal TRI,2019-12-04,3075.0807323347026
Nifty Metal TRI,2019-12-05,3004.3301148550436
Nifty Metal TRI,2019-12-06,2994.9267964046535
Nifty Metal TRI,2019-12-09,3014.1362315163115
Nifty Metal TRI,2019-12-10,2972.0093843035716
Nifty Metal TRI,2019-12-11,2964.669090860824
Nifty Metal TRI,2019-12-12,3034.828898761657
Nifty Metal TRI,2019-12-13,3103.460320296306
Nifty Metal TRI,2019-12-16,3061.838536043667
Nifty Metal TRI,2019-12-17,3150.2212586276682
Nifty Metal TRI,2019-12-18,3176.273433791419
Nifty Metal TRI,2019-12-19,3180.5233184911167
Nifty Metal TRI,2019-12-20,3200.079320318476
Nifty Metal TRI,2019-12-23,3199.2405284963634
Nifty Metal TRI,2019-12-24,3219.2745088968954
Nifty Metal TRI,2019-12-26,3238.363427813309
Nifty Metal TRI,2019-12-27,3263.7829356676443
Nifty Metal TRI,2019-12-30,3307.0637095458424
Nifty Metal TRI,2019-12-31,3312.919725299433
Nifty Metal TRI,2020-01-01,3306.8901672086686
Nifty Metal TRI,2020-01-02,3394.416464691402
Nifty Metal TRI,2020-01-03,3369.1107720661503
Nifty Metal TRI,2020-01-06,3271.941128270557
Nifty Metal TRI,2020-01-07,3295.9575825989796
Nifty Metal TRI,2020-01-08,3274.0706591681023
Nifty Metal TRI,2020-01-09,3321.044333578078
Nifty Metal TRI,2020-01-10,3361.396620362654
Nifty Metal TRI,2020-01-13,3401.4122474398946
Nifty Metal TRI,2020-01-14,3433.019275796309
Nifty Metal TRI,2020-01-15,3457.8243180311383
Nifty Metal TRI,2020-01-16,3414.6306666214555
Nifty Metal TRI,2020-01-17,3390.9635283329926
Nifty Metal TRI,2020-01-20,3357.4184604142265
Nifty Metal TRI,2020-01-21,3315.0953024699065
Nifty Metal TRI,2020-01-22,3264.1242264107595
Nifty Metal TRI,2020-01-23,3279.1026030701655
Nifty Metal TRI,2020-01-24,3311.1938849392
Nifty Metal TRI,2020-01-27,3209.343853345429
Nifty Metal TRI,2020-01-28,3129.5686170431272
Nifty Metal TRI,2020-01-29,3157.692551015319
Nifty Metal TRI,2020-01-30,3114.0939712932836
Nifty Metal TRI,2020-01-31,3043.3038381610577
Nifty Metal TRI,2020-02-03,2975.0200964780756
Nifty Metal TRI,2020-02-04,3073.882191125825
Nifty Metal TRI,2020-02-05,3158.357717181779
Nifty Metal TRI,2020-02-06,3186.1990865394687
Nifty Metal TRI,2020-02-07,3212.502809569203
Nifty Metal TRI,2020-02-10,3115.951717988465
Nifty Metal TRI,2020-02-11,3143.2056238153755
Nifty Metal TRI,2020-02-12,3162.935090164689
Nifty Metal TRI,2020-02-13,3143.368766984891
Nifty Metal TRI,2020-02-14,3098.489230324375
Nifty Metal TRI,2020-02-17,3067.097246675348
Nifty Metal TRI,2020-02-18,3030.9194210128303
Nifty Metal TRI,2020-02-19,3072.5883894663516
Nifty Metal TRI,2020-02-20,3097.896236531618
Nifty Metal TRI,2020-02-24,2929.361347432102
Nifty Metal TRI,2020-02-25,2930.4098463216283
Nifty Metal TRI,2020-02-26,2882.701530777237
Nifty Metal TRI,2020-02-27,2859.189976491166
Nifty Metal TRI,2020-02-28,2664.771203328915
Nifty Metal TRI,2020-03-02,2607.7130523427104
Nifty Metal TRI,2020-03-03,2753.9943197774724
Nifty Metal TRI,2020-03-04,2734.6217021383827
Nifty Metal TRI,2020-03-05,2711.686540987965
Nifty Metal TRI,2020-03-06,2592.0182074884287
Nifty Metal TRI,2020-03-09,2397.938754547638
Nifty Metal TRI,2020-03-11,2358.9024249809163
Nifty Metal TRI,2020-03-12,2137.7840616814065
Nifty Metal TRI,2020-03-13,2259.897760536715
Nifty Metal TRI,2020-03-16,2055.121355257181
Nifty Metal TRI,2020-03-17,2031.302934170404
Nifty Metal TRI,2020-03-18,1976.4843312422588
Nifty Metal TRI,2020-03-19,1869.6973454206745
Nifty Metal TRI,2020-03-20,2010.7285036152714
Nifty Metal TRI,2020-03-23,1777.7381696362233
Nifty Metal TRI,2020-03-24,1784.903449060075
Nifty Metal TRI,2020-03-25,1831.0983839552184
Nifty Metal TRI,2020-03-26,1833.2769489237132
Nifty Metal TRI,2020-03-27,1847.5162880276775
Nifty Metal TRI,2020-03-30,1791.7827180868555
Nifty Metal TRI,2020-03-31,1884.8195356710078
Nifty Metal TRI,2020-04-01,1846.472158377494
Nifty Metal TRI,2020-04-03,1810.239346513984
Nifty Metal TRI,2020-04-07,1946.2896358811806
Nifty Metal TRI,2020-04-08,1931.948764963495
Nifty Metal TRI,2020-04-09,2027.8921848045386
Nifty Metal TRI,2020-04-13,2067.5203168998905
Nifty Metal TRI,2020-04-15,2084.9915804947354
Nifty Metal TRI,2020-04-16,2117.0431309785226
Nifty Metal TRI,2020-04-17,2160.8750381009368
Nifty Metal TRI,2020-04-20,2089.7804778746968
Nifty Metal TRI,2020-04-21,1982.98671899732
Nifty Metal TRI,2020-04-22,1991.0666777644421
Nifty Metal TRI,2020-04-23,2016.6993994500895
Nifty Metal TRI,2020-04-24,1957.842538629723
Nifty Metal TRI,2020-04-27,1983.6318891758092
Nifty Metal TRI,2020-04-28,1977.847554169771
Nifty Metal TRI,2020-04-29,2051.935433044721
Nifty Metal TRI,2020-04-30,2214.062867857421
Nifty Metal TRI,2020-05-04,2040.58496809228
Nifty Metal TRI,2020-05-05,2016.702101956924
Nifty Metal TRI,2020-05-06,2021.9318295049736
Nifty Metal TRI,2020-05-07,2019.1834777541624
Nifty Metal TRI,2020-05-08,1996.6651548106465
Nifty Metal TRI,2020-05-11,2022.4205462561047
Nifty Metal TRI,2020-05-12,2045.9372109702776
Nifty Metal TRI,2020-05-13,2097.3317801971343
Nifty Metal TRI,2020-05-14,2043.1807599825188
Nifty Metal TRI,2020-05-15,2076.1142134504216
Nifty Metal TRI,2020-05-18,1994.1135877444735
Nifty Metal TRI,2020-05-19,2018.1142907423193
Nifty Metal TRI,2020-05-20,2039.6148791019034
Nifty Metal TRI,2020-05-21,2077.14727405446
Nifty Metal TRI,2020-05-22,2038.5845618622507
Nifty Metal TRI,2020-05-26,2093.7441115737565
Nifty Metal TRI,2020-05-27,2147.385833813795
Nifty Metal TRI,2020-05-28,2199.066159853663
Nifty Metal TRI,2020-05-29,2241.3329357201287
Nifty Metal TRI,2020-06-01,2328.331760888402
Nifty Metal TRI,2020-06-02,2332.7511571204586
Nifty Metal TRI,2020-06-03,2328.822708341485
Nifty Metal TRI,2020-06-04,2353.0412249709902
Nifty Metal TRI,2020-06-05,2444.771615248202
Nifty Metal TRI,2020-06-08,2439.3835590674053
Nifty Metal TRI,2020-06-09,2412.8521898762056
Nifty Metal TRI,2020-06-10,2399.02415557335
Nifty Metal TRI,2020-06-11,2332.398282515033
Nifty Metal TRI,2020-06-12,2345.948227788812
Nifty Metal TRI,2020-06-15,2301.518009672962
Nifty Metal TRI,2020-06-16,2334.2838309958206
Nifty Metal TRI,2020-06-17,2315.9703837423262
Nifty Metal TRI,2020-06-18,2385.562805558143
Nifty Metal TRI,2020-06-19,2384.3791584521487
Nifty Metal TRI,2020-06-22,2447.145459253873
Nifty Metal TRI,2020-06-23,2490.258922781983
Nifty Metal TRI,2020-06-24,2438.515621491621
Nifty Metal TRI,2020-06-25,2424.8567571326535
Nifty Metal TRI,2020-06-26,2439.9741569388643
Nifty Metal TRI,2020-06-29,2376.0580730617617
Nifty Metal TRI,2020-06-30,2378.396442416883
Nifty Metal TRI,2020-07-01,2385.691966266981
Nifty Metal TRI,2020-07-02,2409.2931379596866
Nifty Metal TRI,2020-07-03,2399.2700210994767
Nifty Metal TRI,2020-07-06,2458.9796363253895
Nifty Metal TRI,2020-07-07,2416.6372926674667
Nifty Metal TRI,2020-07-08,2454.6461653077763
Nifty Metal TRI,2020-07-09,2502.57712322922
Nifty Metal TRI,2020-07-10,2483.4730051050883
Nifty Metal TRI,2020-07-13,2516.087716985227
Nifty Metal TRI,2020-07-14,2453.2334235421304
Nifty Metal TRI,2020-07-15,2457.311098966514
Nifty Metal TRI,2020-07-16,2475.255678639352
Nifty Metal TRI,2020-07-17,2514.0632980143805
Nifty Metal TRI,2020-07-20,2518.059222404964
Nifty Metal TRI,2020-07-21,2533.261991982745
Nifty Metal TRI,2020-07-22,2527.8387452184684
Nifty Metal TRI,2020-07-23,2548.8433961971377
Nifty Metal TRI,2020-07-24,2496.4808633867
Nifty Metal TRI,2020-07-27,2505.1400152139818
Nifty Metal TRI,2020-07-28,2561.37677944559
Nifty Metal TRI,2020-07-29,2584.7825245507615
Nifty Metal TRI,2020-07-30,2554.2970630999575
Nifty Metal TRI,2020-07-31,2568.971658647895
Nifty Metal TRI,2020-08-03,2579.9789831005087
Nifty Metal TRI,2020-08-04,2605.4877055955394
Nifty Metal TRI,2020-08-05,2709.0833928545294
Nifty Metal TRI,2020-08-06,2746.2700051675106
Nifty Metal TRI,2020-08-07,2769.876830044265
Nifty Metal TRI,2020-08-10,2791.454703779566
Nifty Metal TRI,2020-08-11,2837.8733330174528
Nifty Metal TRI,2020-08-12,2819.0525204913633
Nifty Metal TRI,2020-08-13,2850.153234147472
Nifty Metal TRI,2020-08-14,2880.4195657711202
Nifty Metal TRI,2020-08-17,2950.8805245189737
Nifty Metal TRI,2020-08-18,3002.834165797299
Nifty Metal TRI,2020-08-19,3009.763330571673
Nifty Metal TRI,2020-08-20,3040.766540012323
Nifty Metal TRI,2020-08-21,3022.606280218819
Nifty Metal TRI,2020-08-24,3026.092773526805
Nifty Metal TRI,2020-08-25,3003.9740071038273
Nifty Metal TRI,2020-08-26,3028.457564943174
Nifty Metal TRI,2020-08-27,3032.5156701422434
Nifty Metal TRI,2020-08-28,3019.8595077139216
Nifty Metal TRI,2020-08-31,2900.8117851879547
Nifty Metal TRI,2020-09-01,2992.2309396965093
Nifty Metal TRI,2020-09-02,3045.847073962783
Nifty Metal TRI,2020-09-03,3029.172102005278
Nifty Metal TRI,2020-09-04,2938.2992855957664
Nifty Metal TRI,2020-09-07,2937.2186876950354
Nifty Metal TRI,2020-09-08,2849.6181302305963
Nifty Metal TRI,2020-09-09,2874.1715007376
Nifty Metal TRI,2020-09-10,2841.473883092958
Nifty Metal TRI,2020-09-11,2859.0148967390073
Nifty Metal TRI,2020-09-14,2862.7780152947407
Nifty Metal TRI,2020-09-15,2861.1341891487664
Nifty Metal TRI,2020-09-16,2874.243167286141
Nifty Metal TRI,2020-09-17,2834.755786112972
Nifty Metal TRI,2020-09-18,2833.589853057735
Nifty Metal TRI,2020-09-21,2687.861340635651
Nifty Metal TRI,2020-09-22,2656.3317629181415
Nifty Metal TRI,2020-09-23,2646.0368808293233
Nifty Metal TRI,2020-09-24,2534.1055289759056
Nifty Metal TRI,2020-09-25,2607.2033455958963
Nifty Metal TRI,2020-09-28,2684.860814584495
Nifty Metal TRI,2020-09-29,2737.698165400156
Nifty Metal TRI,2020-09-30,2691.813882847236
Nifty Metal TRI,2020-10-01,2714.4072722165715
Nifty Metal TRI,2020-10-05,2784.1542245277715
Nifty Metal TRI,2020-10-06,2764.913264355243
Nifty Metal TRI,2020-10-07,2723.0955586508007
Nifty Metal TRI,2020-10-08,2728.8270669827707
Nifty Metal TRI,2020-10-09,2715.104604364655
Nifty Metal TRI,2020-10-12,2691.5239050490013
Nifty Metal TRI,2020-10-13,2702.240005432353
Nifty Metal TRI,2020-10-14,2705.1494438778363
Nifty Metal TRI,2020-10-15,2692.081672088688
Nifty Metal TRI,2020-10-16,2799.0302984085024
Nifty Metal TRI,2020-10-19,2845.145381689645
Nifty Metal TRI,2020-10-20,2839.892267219694
Nifty Metal TRI,2020-10-21,2903.3759600746257
Nifty Metal TRI,2020-10-22,2923.302412398019
Nifty Metal TRI,2020-10-23,2936.0801640447203
Nifty Metal TRI,2020-10-26,2833.844404922061
Nifty Metal TRI,2020-10-27,2836.4624031163826
Nifty Metal TRI,2020-10-28,2795.5020935503503
Nifty Metal TRI,2020-10-29,2774.3743383940377
Nifty Metal TRI,2020-10-30,2817.6871497242273
Nifty Metal TRI,2020-11-02,2812.4935661668796
Nifty Metal TRI,2020-11-03,2875.539522166975
Nifty Metal TRI,2020-11-04,2866.796187189464
Nifty Metal TRI,2020-11-05,2993.052572211847
Nifty Metal TRI,2020-11-06,3007.2872183055897
Nifty Metal TRI,2020-11-09,3061.788375842044
Nifty Metal TRI,2020-11-10,3075.7287552851926
Nifty Metal TRI,2020-11-11,3182.187092264297
Nifty Metal TRI,2020-11-12,3172.5538753408687
Nifty Metal TRI,2020-11-13,3225.787255212209
Nifty Metal TRI,2020-11-17,3323.185343744478
Nifty Metal TRI,2020-11-18,3336.7847538040187
Nifty Metal TRI,2020-11-19,3313.074200194559
Nifty Metal TRI,2020-11-20,3339.854826313139
Nifty Metal TRI,2020-11-23,3381.1487244375326
Nifty Metal TRI,2020-11-24,3418.111588871298
Nifty Metal TRI,2020-11-25,3391.0870037637183
Nifty Metal TRI,2020-11-26,3521.910432539085
Nifty Metal TRI,2020-11-27,3522.9442067015843
Nifty Metal TRI,2020-12-01,3581.879804046497
Nifty Metal TRI,2020-12-02,3673.792229866189
Nifty Metal TRI,2020-12-03,3765.4137787655995
Nifty Metal TRI,2020-12-04,3808.0791549782825
Nifty Metal TRI,2020-12-07,3808.5176971832707
Nifty Metal TRI,2020-12-08,3761.9165264577473
Nifty Metal TRI,2020-12-09,3742.2996456047426
Nifty Metal TRI,2020-12-10,3751.1182265768184
Nifty Metal TRI,2020-12-11,3791.147936289944
Nifty Metal TRI,2020-12-14,3844.0713481453968
Nifty Metal TRI,2020-12-15,3873.990103724638
Nifty Metal TRI,2020-12-16,3943.628861973188
Nifty Metal TRI,2020-12-17,3890.743736360699
Nifty Metal TRI,2020-12-18,3877.5739410382384
Nifty Metal TRI,2020-12-21,3663.1707422372374
Nifty Metal TRI,2020-12-22,3713.2872767045365
Nifty Metal TRI,2020-12-23,3779.1454762279404
Nifty Metal TRI,2020-12-24,3791.650297157252
Nifty Metal TRI,2020-12-28,3889.62747362882
Nifty Metal TRI,2020-12-29,3847.621099506573
Nifty Metal TRI,2020-12-30,3897.346976962801
Nifty Metal TRI,2020-12-31,3926.2088182813577
Nifty Metal TRI,2021-01-04,4132.122269311267
Nifty Metal TRI,2021-01-05,4074.0039172342504
Nifty Metal TRI,2021-01-06,4126.77798648996
Nifty Metal TRI,2021-01-07,4284.669539369436
Nifty Metal TRI,2021-01-08,4259.256036225818
Nifty Metal TRI,2021-01-11,4217.339655612078
Nifty Metal TRI,2021-01-12,4236.882286110484
Nifty Metal TRI,2021-01-13,4253.228090796319
Nifty Metal TRI,2021-01-14,4210.178508427822
Nifty Metal TRI,2021-01-15,4164.226795926298
Nifty Metal TRI,2021-01-18,3995.067135560836
Nifty Metal TRI,2021-01-19,4112.056822795466
Nifty Metal TRI,2021-01-20,4150.683006783095
Nifty Metal TRI,2021-01-21,4060.510646338165
Nifty Metal TRI,2021-01-25,3909.4283752323304
Nifty Metal TRI,2021-01-27,3811.3312489057835
Nifty Metal TRI,2021-01-28,3791.361495569258
Nifty Metal TRI,2021-01-29,3718.2873357425874
Nifty Metal TRI,2021-02-01,3899.915490702932
Nifty Metal TRI,2021-02-02,3974.8726899114336
Nifty Metal TRI,2021-02-03,4041.9215570021775
Nifty Metal TRI,2021-02-04,4120.883097558851
Nifty Metal TRI,2021-02-05,4161.718503206318
Nifty Metal TRI,2021-02-08,4294.527387154726
Nifty Metal TRI,2021-02-09,4247.852626833178
Nifty Metal TRI,2021-02-10,4244.6979095898905
Nifty Metal TRI,2021-02-11,4288.273690311221
Nifty Metal TRI,2021-02-12,4215.412896236766
Nifty Metal TRI,2021-02-16,4317.797077318387
Nifty Metal TRI,2021-02-18,4382.250526728648
Nifty Metal TRI,2021-02-19,4296.666146937992
Nifty Metal TRI,2021-02-22,4366.324207501728
Nifty Metal TRI,2021-02-23,4536.487863401047
Nifty Metal TRI,2021-02-24,4571.942925077718
Nifty Metal TRI,2021-02-25,4753.63151278718
Nifty Metal TRI,2021-02-26,4625.681873717575
Nifty Metal TRI,2021-03-01,4716.357340221736
Nifty Metal TRI,2021-03-02,4753.709982556886
Nifty Metal TRI,2021-03-03,4912.530138449075
Nifty Metal TRI,2021-03-04,4813.840909960161
Nifty Metal TRI,2021-03-05,4684.030072189996
Nifty Metal TRI,2021-03-08,4722.809037429455
Nifty Metal TRI,2021-03-09,4604.28609446755
Nifty Metal TRI,2021-03-10,4690.446159429204
Nifty Metal TRI,2021-03-12,4650.447200928829
Nifty Metal TRI,2021-03-15,4699.469612795477
Nifty Metal TRI,2021-03-16,4659.995233452827
Nifty Metal TRI,2021-03-17,4545.71759768025
Nifty Metal TRI,2021-03-18,4547.96302042527
Nifty Metal TRI,2021-03-19,4642.88434687915
Nifty Metal TRI,2021-03-22,4685.9865988354895
Nifty Metal TRI,2021-03-23,4655.341974215801
Nifty Metal TRI,2021-03-24,4504.849185287253
Nifty Metal TRI,2021-03-25,4506.002313235453
Nifty Metal TRI,2021-03-26,4672.278349403457
Nifty Metal TRI,2021-03-30,4803.842723668127
Nifty Metal TRI,2021-03-31,4821.316913621268
Nifty Metal TRI,2021-04-01,5078.526244811801
Nifty Metal TRI,2021-04-05,5124.795872357434
Nifty Metal TRI,2021-04-06,5198.499037385213
Nifty Metal TRI,2021-04-07,5245.469807734326
Nifty Metal TRI,2021-04-08,5451.317859052536
Nifty Metal TRI,2021-04-09,5418.078177640625
Nifty Metal TRI,2021-04-12,5089.865254866803
Nifty Metal TRI,2021-04-13,5262.279097073719
Nifty Metal TRI,2021-04-15,5335.097653813692
Nifty Metal TRI,2021-04-16,5379.732463190785
Nifty Metal TRI,2021-04-19,5298.211803812902
Nifty Metal TRI,2021-04-20,5320.706867470493
Nifty Metal TRI,2021-04-22,5414.1308030439395
Nifty Metal TRI,2021-04-23,5397.371374203818
Nifty Metal TRI,2021-04-26,5506.836711983359
Nifty Metal TRI,2021-04-27,5656.398643962122
Nifty Metal TRI,2021-04-28,5639.465140675607
Nifty Metal TRI,2021-04-29,5895.0452006778
Nifty Metal TRI,2021-04-30,5886.440832659858
Nifty Metal TRI,2021-05-03,6014.304166160815
Nifty Metal TRI,2021-05-04,5977.224044033631
Nifty Metal TRI,2021-05-06,6188.424514146058
Nifty Metal TRI,2021-05-07,6481.3142016675965
Nifty Metal TRI,2021-05-10,6685.859331483542
Nifty Metal TRI,2021-05-12,6427.910418577326
Nifty Metal TRI,2021-05-14,6186.674099433988
Nifty Metal TRI,2021-05-17,6329.144963614037
Nifty Metal TRI,2021-05-18,6434.802222303628
Nifty Metal TRI,2021-05-19,6376.2622430098845
Nifty Metal TRI,2021-05-21,6198.503897573618
Nifty Metal TRI,2021-05-24,6162.369918579304
Nifty Metal TRI,2021-05-26,6085.401223388049
Nifty Metal TRI,2021-05-27,6132.607379463144
Nifty Metal TRI,2021-05-28,6148.080024619338
Nifty Metal TRI,2021-06-01,6229.568898832339
Nifty Metal TRI,2021-06-02,6365.716106857938
Nifty Metal TRI,2021-06-03,6408.332972391665
Nifty Metal TRI,2021-06-04,6495.175009279009
Nifty Metal TRI,2021-06-07,6467.45630955981
Nifty Metal TRI,2021-06-08,6398.936958910172
Nifty Metal TRI,2021-06-09,6339.111100613752
Nifty Metal TRI,2021-06-10,6407.297771276996
Nifty Metal TRI,2021-06-11,6579.969104652061
Nifty Metal TRI,2021-06-14,6538.195103366983
Nifty Metal TRI,2021-06-15,6535.324013419212
Nifty Metal TRI,2021-06-16,6349.73419875774
Nifty Metal TRI,2021-06-17,6202.6540810895785
Nifty Metal TRI,2021-06-18,6146.439944684447
Nifty Metal TRI,2021-06-21,6216.297661445655
Nifty Metal TRI,2021-06-22,6233.925770770845
Nifty Metal TRI,2021-06-23,6164.119954882664
Nifty Metal TRI,2021-06-24,6199.89337809924
Nifty Metal TRI,2021-06-25,6362.27206530966
Nifty Metal TRI,2021-06-28,6444.736651092701
Nifty Metal TRI,2021-06-29,6366.209657122975
Nifty Metal TRI,2021-06-30,6354.067916068545
Nifty Metal TRI,2021-07-01,6344.178814918552
Nifty Metal TRI,2021-07-02,6250.281998844074
Nifty Metal TRI,2021-07-06,6303.612710299441
Nifty Metal TRI,2021-07-07,6442.581269951863
Nifty Metal TRI,2021-07-08,6301.614751824395
Nifty Metal TRI,2021-07-09,6427.617823697932
Nifty Metal TRI,2021-07-12,6415.1927495952905
Nifty Metal TRI,2021-07-13,6455.831968482921
Nifty Metal TRI,2021-07-14,6461.485455041514
Nifty Metal TRI,2021-07-15,6505.056980422148
Nifty Metal TRI,2021-07-16,6573.56796822578
Nifty Metal TRI,2021-07-19,6485.066047974712
Nifty Metal TRI,2021-07-20,6333.948523771269
Nifty Metal TRI,2021-07-22,6524.053362543586
Nifty Metal TRI,2021-07-23,6530.3224181536825
Nifty Metal TRI,2021-07-26,6572.375204180699
Nifty Metal TRI,2021-07-27,6668.503056440033
Nifty Metal TRI,2021-07-28,6750.48820345534
Nifty Metal TRI,2021-07-29,7089.99556100867
Nifty Metal TRI,2021-07-30,7041.08329146925
Nifty Metal TRI,2021-08-02,7055.591815830943
Nifty Metal TRI,2021-08-03,7052.191338147359
Nifty Metal TRI,2021-08-04,7030.237299130197
Nifty Metal TRI,2021-08-05,7121.554260112027
Nifty Metal TRI,2021-08-06,7130.424347808231
Nifty Metal TRI,2021-08-09,6998.080919643718
Nifty Metal TRI,2021-08-10,6804.6960326510225
Nifty Metal TRI,2021-08-11,7018.742039918283
Nifty Metal TRI,2021-08-12,7044.704405988386
Nifty Metal TRI,2021-08-13,7081.781502182467
Nifty Metal TRI,2021-08-16,7187.48051567199
Nifty Metal TRI,2021-08-17,7022.369276201385
Nifty Metal TRI,2021-08-18,6965.58520994168
Nifty Metal TRI,2021-08-20,6518.4381848925295
Nifty Metal TRI,2021-08-23,6464.883506514293
Nifty Metal TRI,2021-08-24,6652.852337504868
Nifty Metal TRI,2021-08-25,6688.95475732557
Nifty Metal TRI,2021-08-26,6604.571835342562
Nifty Metal TRI,2021-08-27,6712.472212259886
Nifty Metal TRI,2021-08-30,6879.059357649179
Nifty Metal TRI,2021-08-31,6985.164436825131
Nifty Metal TRI,2021-09-01,6860.67483260194
Nifty Metal TRI,2021-09-02,6910.984189649543
Nifty Metal TRI,2021-09-03,6992.10770857832
Nifty Metal TRI,2021-09-06,7021.796030192677
Nifty Metal TRI,2021-09-07,6980.173421692631
Nifty Metal TRI,2021-09-08,6995.715302514102
Nifty Metal TRI,2021-09-09,7050.392707683765
Nifty Metal TRI,2021-09-13,7142.621906321398
Nifty Metal TRI,2021-09-14,7107.59601186749
Nifty Metal TRI,2021-09-15,7167.557233388246
Nifty Metal TRI,2021-09-16,7123.230911582939
Nifty Metal TRI,2021-09-17,6953.98400367734
Nifty Metal TRI,2021-09-20,6496.42509093498
Nifty Metal TRI,2021-09-21,6662.531648247861
Nifty Metal TRI,2021-09-22,6761.0409073221
Nifty Metal TRI,2021-09-23,6873.268318973136
Nifty Metal TRI,2021-09-24,6729.401530129275
Nifty Metal TRI,2021-09-27,6738.146950452961
Nifty Metal TRI,2021-09-28,6775.42159522141
Nifty Metal TRI,2021-09-29,6930.841342169084
Nifty Metal TRI,2021-09-30,6870.000805571573
Nifty Metal TRI,2021-10-01,6904.105062519937
Nifty Metal TRI,2021-10-04,7111.633415703502
Nifty Metal TRI,2021-10-05,7103.384795824643
Nifty Metal TRI,2021-10-06,6891.954165068756
Nifty Metal TRI,2021-10-07,6932.2561404611615
Nifty Metal TRI,2021-10-08,6958.966428809313
Nifty Metal TRI,2021-10-11,7064.166600473477
Nifty Metal TRI,2021-10-12,7141.671343363492
Nifty Metal TRI,2021-10-13,7246.566976620051
Nifty Metal TRI,2021-10-14,7375.06073830702
Nifty Metal TRI,2021-10-18,7663.309716263509
Nifty Metal TRI,2021-10-19,7475.291032637535
Nifty Metal TRI,2021-10-20,7322.0604085800505
Nifty Metal TRI,2021-10-21,7193.021137021227
Nifty Metal TRI,2021-10-22,6974.853460715862
Nifty Metal TRI,2021-10-25,6963.176210062877
Nifty Metal TRI,2021-10-26,7148.687794845565
Nifty Metal TRI,2021-10-27,7040.257249540096
Nifty Metal TRI,2021-10-28,6798.650974202035
Nifty Metal TRI,2021-10-29,6822.134568758314
Nifty Metal TRI,2021-11-01,7032.170537668706
Nifty Metal TRI,2021-11-02,6921.429091298334
Nifty Metal TRI,2021-11-03,6985.955125316548
Nifty Metal TRI,2021-11-04,6989.400519938669
Nifty Metal TRI,2021-11-08,7092.137169057286
Nifty Metal TRI,2021-11-09,7069.392917263473
Nifty Metal TRI,2021-11-10,6945.660134321535
Nifty Metal TRI,2021-11-11,6971.253737006499
Nifty Metal TRI,2021-11-12,7030.1686166544105
Nifty Metal TRI,2021-11-15,6903.172847868319
Nifty Metal TRI,2021-11-16,6856.965754723304
Nifty Metal TRI,2021-11-17,6834.935348329122
Nifty Metal TRI,2021-11-18,6658.288193836757
Nifty Metal TRI,2021-11-22,6656.908496608446
Nifty Metal TRI,2021-11-23,6876.820559800552
Nifty Metal TRI,2021-11-24,6879.895209475561
Nifty Metal TRI,2021-11-25,6906.548356021754
Nifty Metal TRI,2021-11-26,6538.181070720451
Nifty Metal TRI,2021-11-29,6515.845421626088
Nifty Metal TRI,2021-11-30,6389.675343447675
Nifty Metal TRI,2021-12-01,6538.04984644539
Nifty Metal TRI,2021-12-02,6640.1863391964
Nifty Metal TRI,2021-12-03,6625.004916485927
Nifty Metal TRI,2021-12-06,6546.826138078269
Nifty Metal TRI,2021-12-07,6751.84615014833
Nifty Metal TRI,2021-12-08,6875.656373473206
Nifty Metal TRI,2021-12-09,6918.920497156658
Nifty Metal TRI,2021-12-10,6955.061052193749
Nifty Metal TRI,2021-12-13,6936.4013686133285
Nifty Metal TRI,2021-12-14,6966.2810029444145
Nifty Metal TRI,2021-12-15,6889.576843221258
Nifty Metal TRI,2021-12-16,6881.405478418744
Nifty Metal TRI,2021-12-17,6733.806350409958
Nifty Metal TRI,2021-12-20,6480.105149408251
Nifty Metal TRI,2021-12-21,6671.072614362175
Nifty Metal TRI,2021-12-22,6790.114652222993
Nifty Metal TRI,2021-12-23,6789.006661401315
Nifty Metal TRI,2021-12-24,6755.919612112298
Nifty Metal TRI,2021-12-27,6753.020461136406
Nifty Metal TRI,2021-12-28,6813.976324349959
Nifty Metal TRI,2021-12-29,6742.802469153662
Nifty Metal TRI,2021-12-30,6664.546782241765
Nifty Metal TRI,2021-12-31,6794.22836672674
Nifty Metal TRI,2022-01-03,6926.213128945292
Nifty Metal TRI,2022-01-04,6900.435955920099
Nifty Metal TRI,2022-01-05,6995.949291444471
Nifty Metal TRI,2022-01-06,6961.680327477592
Nifty Metal TRI,2022-01-07,6997.569807512087
Nifty Metal TRI,2022-01-10,7040.504070642131
Nifty Metal TRI,2022-01-11,6907.364420506859
Nifty Metal TRI,2022-01-12,6999.651555355539
Nifty Metal TRI,2022-01-13,7243.523788421177
Nifty Metal TRI,2022-01-14,7229.940204797954
Nifty Metal TRI,2022-01-17,7252.0531604424505
Nifty Metal TRI,2022-01-18,7088.329021926779
Nifty Metal TRI,2022-01-19,7145.310953403635
Nifty Metal TRI,2022-01-20,7182.713206938592
Nifty Metal TRI,2022-01-21,7045.628047652499
Nifty Metal TRI,2022-01-24,6678.268292828476
Nifty Metal TRI,2022-01-25,6758.348003244333
Nifty Metal TRI,2022-01-27,6710.7150251983485
Nifty Metal TRI,2022-01-28,6735.909948878961
Nifty Metal TRI,2022-01-31,6746.126748988355
Nifty Metal TRI,2022-02-01,7049.646426468102
Nifty Metal TRI,2022-02-02,7124.357910268248
Nifty Metal TRI,2022-02-03,7102.431851664285
Nifty Metal TRI,2022-02-04,7186.522945671329
Nifty Metal TRI,2022-02-07,7187.075435087489
Nifty Metal TRI,2022-02-08,7244.925488284744
Nifty Metal TRI,2022-02-09,7380.221470403593
Nifty Metal TRI,2022-02-10,7472.432592928216
Nifty Metal TRI,2022-02-11,7428.871767588811
Nifty Metal TRI,2022-02-14,7054.12362246794
Nifty Metal TRI,2022-02-15,7210.546478809845
Nifty Metal TRI,2022-02-16,7169.797147768025
Nifty Metal TRI,2022-02-17,7147.0548555100795
Nifty Metal TRI,2022-02-18,7128.936531931217
Nifty Metal TRI,2022-02-21,6982.704497178117
Nifty Metal TRI,2022-02-22,6905.27970939526
Nifty Metal TRI,2022-02-23,6921.6968291820585
Nifty Metal TRI,2022-02-24,6557.697308622048
Nifty Metal TRI,2022-02-25,6934.542834402281
Nifty Metal TRI,2022-02-28,7279.016459909139
Nifty Metal TRI,2022-03-02,7575.906606989545
Nifty Metal TRI,2022-03-03,7667.121315527235
Nifty Metal TRI,2022-03-04,7420.481756120445
Nifty Metal TRI,2022-03-07,7577.281052008911
Nifty Metal TRI,2022-03-08,7465.4987179634245
Nifty Metal TRI,2022-03-09,7440.339488042994
Nifty Metal TRI,2022-03-10,7610.3785074577645
Nifty Metal TRI,2022-03-11,7645.497714327955
Nifty Metal TRI,2022-03-14,7610.91684532279
Nifty Metal TRI,2022-03-15,7301.307507124951
Nifty Metal TRI,2022-03-16,7493.941359190336
Nifty Metal TRI,2022-03-17,7640.263142625292
Nifty Metal TRI,2022-03-21,7756.293599172529
Nifty Metal TRI,2022-03-22,7815.232404238013
Nifty Metal TRI,2022-03-23,7909.8958583531
Nifty Metal TRI,2022-03-24,8031.761507266588
Nifty Metal TRI,2022-03-25,8034.66910392158
Nifty Metal TRI,2022-03-28,8109.162629411306
Nifty Metal TRI,2022-03-29,8124.994879685693
Nifty Metal TRI,2022-03-30,7948.7539635689745
Nifty Metal TRI,2022-03-31,7942.693478085775
Nifty Metal TRI,2022-04-01,8009.278688388637
Nifty Metal TRI,2022-04-04,8169.996549824308
Nifty Metal TRI,2022-04-05,8212.923789897275
Nifty Metal TRI,2022-04-06,8324.130484601283
Nifty Metal TRI,2022-04-07,8186.477977745651
Nifty Metal TRI,2022-04-08,8356.63834256126
Nifty Metal TRI,2022-04-11,8381.937690509085
Nifty Metal TRI,2022-04-12,8152.692766905296
Nifty Metal TRI,2022-04-13,8199.844330773843
Nifty Metal TRI,2022-04-18,8229.234664317566
Nifty Metal TRI,2022-04-19,8141.862844690444
Nifty Metal TRI,2022-04-20,8115.196395929338
Nifty Metal TRI,2022-04-21,8133.090553469813
Nifty Metal TRI,2022-04-22,7973.155671934473
Nifty Metal TRI,2022-04-25,7746.819698700389
Nifty Metal TRI,2022-04-26,7846.35888749295
Nifty Metal TRI,2022-04-27,7827.8382806522795
Nifty Metal TRI,2022-04-28,7878.84922544113
Nifty Metal TRI,2022-04-29,7835.807997460661
Nifty Metal TRI,2022-05-02,7881.425341387556
Nifty Metal TRI,2022-05-04,7628.893650571764
Nifty Metal TRI,2022-05-05,7676.444569436589
Nifty Metal TRI,2022-05-06,7515.062567777166
Nifty Metal TRI,2022-05-09,7363.629571277895
Nifty Metal TRI,2022-05-10,6981.193345345678
Nifty Metal TRI,2022-05-11,6981.943375990063
Nifty Metal TRI,2022-05-12,6724.240657577523
Nifty Metal TRI,2022-05-13,6584.744127946662
Nifty Metal TRI,2022-05-16,6643.950817169609
Nifty Metal TRI,2022-05-17,7099.872046356853
Nifty Metal TRI,2022-05-18,7077.322741545163
Nifty Metal TRI,2022-05-19,6789.214948252731
Nifty Metal TRI,2022-05-20,7074.866538465103
Nifty Metal TRI,2022-05-23,6499.715692624207
Nifty Metal TRI,2022-05-24,6424.0500715799535
Nifty Metal TRI,2022-05-25,6299.080489226978
Nifty Metal TRI,2022-05-26,6467.4727459115065
Nifty Metal TRI,2022-05-27,6463.792444386175
Nifty Metal TRI,2022-05-30,6530.031677230816
Nifty Metal TRI,2022-05-31,6615.612647579114
Nifty Metal TRI,2022-06-01,6620.872065653905
Nifty Metal TRI,2022-06-02,6696.727000129398
Nifty Metal TRI,2022-06-03,6611.787500432672
Nifty Metal TRI,2022-06-06,6687.134971480334
Nifty Metal TRI,2022-06-07,6628.176354320728
Nifty Metal TRI,2022-06-08,6637.65793687931
Nifty Metal TRI,2022-06-09,6551.136020467036
Nifty Metal TRI,2022-06-10,6454.364506819726
Nifty Metal TRI,2022-06-13,6207.188676407691
Nifty Metal TRI,2022-06-14,6230.24451825472
Nifty Metal TRI,2022-06-15,6185.885705521131
Nifty Metal TRI,2022-06-16,5862.153138295645
Nifty Metal TRI,2022-06-17,5866.8793967491065
Nifty Metal TRI,2022-06-20,5638.949534647101
Nifty Metal TRI,2022-06-21,5863.059640508788
Nifty Metal TRI,2022-06-22,5577.70748677732
Nifty Metal TRI,2022-06-23,5618.067978747463
Nifty Metal TRI,2022-06-24,5709.79702605002
Nifty Metal TRI,2022-06-27,5797.319348452721
Nifty Metal TRI,2022-06-28,5894.172100566044
Nifty Metal TRI,2022-06-29,5908.656222317999
Nifty Metal TRI,2022-06-30,5791.552534630036
Nifty Metal TRI,2022-07-01,5836.104997491546
Nifty Metal TRI,2022-07-04,5779.199799830276
Nifty Metal TRI,2022-07-05,5796.6651815706955
Nifty Metal TRI,2022-07-06,5798.905852487457
Nifty Metal TRI,2022-07-07,6019.117021948451
Nifty Metal TRI,2022-07-08,5966.423747783649
Nifty Metal TRI,2022-07-11,6084.701982332046
Nifty Metal TRI,2022-07-12,6010.614800929308
Nifty Metal TRI,2022-07-13,6058.813840259816
Nifty Metal TRI,2022-07-14,6056.4069448139935
Nifty Metal TRI,2022-07-15,6007.426954269997
Nifty Metal TRI,2022-07-18,6157.970574409791
Nifty Metal TRI,2022-07-19,6208.120923676679
Nifty Metal TRI,2022-07-20,6277.744692416368
Nifty Metal TRI,2022-07-21,6332.074452523386
Nifty Metal TRI,2022-07-22,6337.394027499242
Nifty Metal TRI,2022-07-25,6431.0602635501355
Nifty Metal TRI,2022-07-26,6412.557385278231
Nifty Metal TRI,2022-07-27,6462.992273101342
Nifty Metal TRI,2022-07-28,6573.416319150207
Nifty Metal TRI,2022-07-29,6827.284682639034
Nifty Metal TRI,2022-08-01,6943.347103943395
Nifty Metal TRI,2022-08-02,6925.4252516202805
Nifty Metal TRI,2022-08-03,6912.978156622005
Nifty Metal TRI,2022-08-04,6997.013352154632
Nifty Metal TRI,2022-08-05,6966.889969185439
Nifty Metal TRI,2022-08-08,7057.865195172321
Nifty Metal TRI,2022-08-10,7172.704511510211
Nifty Metal TRI,2022-08-11,7172.159340595247
Nifty Metal TRI,2022-08-12,7290.370987099401
Nifty Metal TRI,2022-08-16,7341.719657122832
Nifty Metal TRI,2022-08-17,7378.744708812643
Nifty Metal TRI,2022-08-18,7446.858900892101
Nifty Metal TRI,2022-08-19,7330.267557915092
Nifty Metal TRI,2022-08-22,7113.19544441595
Nifty Metal TRI,2022-08-23,7214.650135363815
Nifty Metal TRI,2022-08-24,7265.951893702564
Nifty Metal TRI,2022-08-25,7229.01769750769
Nifty Metal TRI,2022-08-26,7357.2933195052965
Nifty Metal TRI,2022-08-29,7245.732046712379
Nifty Metal TRI,2022-08-30,7398.658612238431
Nifty Metal TRI,2022-09-01,7330.074728652444
Nifty Metal TRI,2022-09-02,7341.382540062064
Nifty Metal TRI,2022-09-05,7464.855053492916
Nifty Metal TRI,2022-09-06,7563.724256601966
Nifty Metal TRI,2022-09-07,7566.2542893704895
Nifty Metal TRI,2022-09-08,7498.187471711814
Nifty Metal TRI,2022-09-09,7515.8075387817125
Nifty Metal TRI,2022-09-12,7586.45827380966
Nifty Metal TRI,2022-09-13,7684.123191385027
Nifty Metal TRI,2022-09-14,7806.066939678958
Nifty Metal TRI,2022-09-15,7815.97342506116
Nifty Metal TRI,2022-09-16,7658.856337470282
Nifty Metal TRI,2022-09-19,7625.718580620083
Nifty Metal TRI,2022-09-20,7745.327397295962
Nifty Metal TRI,2022-09-21,7584.107160259624
Nifty Metal TRI,2022-09-22,7615.287703943856
Nifty Metal TRI,2022-09-23,7524.073875753206
Nifty Metal TRI,2022-09-26,7214.290045814929
Nifty Metal TRI,2022-09-27,7152.750867498212
Nifty Metal TRI,2022-09-28,7014.537364016649
Nifty Metal TRI,2022-09-29,7050.257051997136
Nifty Metal TRI,2022-09-30,7203.304599084487
Nifty Metal TRI,2022-10-03,6986.838234437802
Nifty Metal TRI,2022-10-04,7206.240409819142
Nifty Metal TRI,2022-10-06,7441.4351240458745
Nifty Metal TRI,2022-10-07,7410.106641084913
Nifty Metal TRI,2022-10-10,7392.382596706433
Nifty Metal TRI,2022-10-11,7229.781159134743
Nifty Metal TRI,2022-10-12,7245.418003061829
Nifty Metal TRI,2022-10-13,7253.433983725527
Nifty Metal TRI,2022-10-14,7207.524476006595
Nifty Metal TRI,2022-10-17,7138.949443628998
Nifty Metal TRI,2022-10-18,7218.899847285847
Nifty Metal TRI,2022-10-19,7170.663138067068
Nifty Metal TRI,2022-10-20,7252.999663666241
Nifty Metal TRI,2022-10-21,7186.693628596125
Nifty Metal TRI,2022-10-24,7238.754442272682
Nifty Metal TRI,2022-10-25,7268.408860329902
Nifty Metal TRI,2022-10-27,7466.545462322134
Nifty Metal TRI,2022-10-28,7358.265178894569
Nifty Metal TRI,2022-10-31,7375.723752060864
Nifty Metal TRI,2022-11-01,7552.009356825564
Nifty Metal TRI,2022-11-02,7600.8963084944735
Nifty Metal TRI,2022-11-03,7592.613025473575
Nifty Metal TRI,2022-11-04,7912.572820580295
Nifty Metal TRI,2022-11-07,8038.621871040252
Nifty Metal TRI,2022-11-09,7964.65308522481
Nifty Metal TRI,2022-11-10,7908.388815727678
Nifty Metal TRI,2022-11-11,8069.59134863949
Nifty Metal TRI,2022-11-14,8210.234226986548
Nifty Metal TRI,2022-11-15,8249.551062176468
Nifty Metal TRI,2022-11-16,8089.807595595353
Nifty Metal TRI,2022-11-17,8082.8592371075165
Nifty Metal TRI,2022-11-18,8069.148175865156
Nifty Metal TRI,2022-11-21,8005.152283523223
Nifty Metal TRI,2022-11-22,8076.471671547969
Nifty Metal TRI,2022-11-23,8044.345672034835
Nifty Metal TRI,2022-11-24,8067.1395189841805
Nifty Metal TRI,2022-11-25,8085.6765079827555
Nifty Metal TRI,2022-11-28,7994.5355834397305
Nifty Metal TRI,2022-11-29,8077.658110059804
Nifty Metal TRI,2022-11-30,8224.501379186895
Nifty Metal TRI,2022-12-01,8351.061691985095
Nifty Metal TRI,2022-12-02,8388.667832772775
Nifty Metal TRI,2022-12-05,8547.004733162154
Nifty Metal TRI,2022-12-06,8483.673232056191
Nifty Metal TRI,2022-12-07,8409.492366597187
Nifty Metal TRI,2022-12-08,8469.676948832823
Nifty Metal TRI,2022-12-09,8375.618431533692
Nifty Metal TRI,2022-12-12,8410.330659704825
Nifty Metal TRI,2022-12-13,8428.152127978763
Nifty Metal TRI,2022-12-14,8533.747392753468
Nifty Metal TRI,2022-12-15,8412.200168922342
Nifty Metal TRI,2022-12-16,8348.889830531187
Nifty Metal TRI,2022-12-19,8456.543377790098
Nifty Metal TRI,2022-12-20,8466.847578441579
Nifty Metal TRI,2022-12-21,8270.811250126568
Nifty Metal TRI,2022-12-22,8177.930350195694
Nifty Metal TRI,2022-12-23,7813.001751100896
Nifty Metal TRI,2022-12-27,8324.069707130902
Nifty Metal TRI,2022-12-28,8301.68275805815
Nifty Metal TRI,2022-12-29,8391.670401110896
Nifty Metal TRI,2022-12-30,8437.680630940304
Nifty Metal TRI,2023-01-02,8643.960683862206
Nifty Metal TRI,2023-01-03,8598.487272151304
Nifty Metal TRI,2023-01-04,8417.937764389178
Nifty Metal TRI,2023-01-05,8487.879608270074
Nifty Metal TRI,2023-01-06,8408.116144509124
Nifty Metal TRI,2023-01-09,8529.524373742968
Nifty Metal TRI,2023-01-10,8465.694282840182
Nifty Metal TRI,2023-01-11,8529.507466385185
Nifty Metal TRI,2023-01-12,8519.29513449464
Nifty Metal TRI,2023-01-13,8627.954870106132
Nifty Metal TRI,2023-01-16,8515.616037819018
Nifty Metal TRI,2023-01-17,8533.978554546524
Nifty Metal TRI,2023-01-18,8675.519647067022
Nifty Metal TRI,2023-01-19,8627.621164322662
Nifty Metal TRI,2023-01-20,8550.129441367808
Nifty Metal TRI,2023-01-23,8517.089341560839
Nifty Metal TRI,2023-01-24,8441.836485725442
Nifty Metal TRI,2023-01-25,8424.950770119622
Nifty Metal TRI,2023-01-27,8030.513359655814
Nifty Metal TRI,2023-01-30,8009.694838944694
Nifty Metal TRI,2023-01-31,8131.758515209342
Nifty Metal TRI,2023-02-01,7765.908338562154
Nifty Metal TRI,2023-02-02,7428.308056128305
Nifty Metal TRI,2023-02-03,7420.852330109389
Nifty Metal TRI,2023-02-06,7259.142098286974
Nifty Metal TRI,2023-02-07,7240.608609222659
Nifty Metal TRI,2023-02-08,7514.927313362837
Nifty Metal TRI,2023-02-09,7396.539217343486
Nifty Metal TRI,2023-02-10,7262.2261797121055
Nifty Metal TRI,2023-02-13,7176.791447160107
Nifty Metal TRI,2023-02-14,7250.27664430204
Nifty Metal TRI,2023-02-15,7284.388565406691
Nifty Metal TRI,2023-02-16,7374.244675112759
Nifty Metal TRI,2023-02-17,7307.891355317159
Nifty Metal TRI,2023-02-20,7252.7615161737685
Nifty Metal TRI,2023-02-21,7229.493006309816
Nifty Metal TRI,2023-02-22,7038.7585674391385
Nifty Metal TRI,2023-02-23,7063.68523765616
Nifty Metal TRI,2023-02-24,6852.340385605229
Nifty Metal TRI,2023-02-27,6689.974630740649
Nifty Metal TRI,2023-02-28,6634.12038134877
Nifty Metal TRI,2023-03-01,6897.134635157722
Nifty Metal TRI,2023-03-02,6892.030950916442
Nifty Metal TRI,2023-03-03,7137.394611550168
Nifty Metal TRI,2023-03-06,7153.228316847195
Nifty Metal TRI,2023-03-08,7153.626370634508
Nifty Metal TRI,2023-03-09,7158.423092295988
Nifty Metal TRI,2023-03-10,7099.540491082546
Nifty Metal TRI,2023-03-13,7037.130647059376
Nifty Metal TRI,2023-03-14,6951.957128516718
Nifty Metal TRI,2023-03-15,7077.271426209119
Nifty Metal TRI,2023-03-16,6895.247845786465
Nifty Metal TRI,2023-03-17,7060.52191183125
Nifty Metal TRI,2023-03-20,6895.609095062295
Nifty Metal TRI,2023-03-21,6925.793561888113
Nifty Metal TRI,2023-03-22,6923.458975751238
Nifty Metal TRI,2023-03-23,6930.7678306682
Nifty Metal TRI,2023-03-24,6773.618801976975
Nifty Metal TRI,2023-03-27,6774.657821091245
Nifty Metal TRI,2023-03-28,6721.3703103569815
Nifty Metal TRI,2023-03-29,6885.544647071069
Nifty Metal TRI,2023-03-31,6933.270237623613
Nifty Metal TRI,2023-04-03,6909.674767350725
Nifty Metal TRI,2023-04-05,6933.698743269071
Nifty Metal TRI,2023-04-06,6974.193594204674
Nifty Metal TRI,2023-04-10,7028.893639339392
Nifty Metal TRI,2023-04-11,7152.9440336401885
Nifty Metal TRI,2023-04-12,7187.784207950241
Nifty Metal TRI,2023-04-13,7206.4739090537005
Nifty Metal TRI,2023-04-17,7238.901435422849
Nifty Metal TRI,2023-04-18,7257.598869498709
Nifty Metal TRI,2023-04-19,7296.687223997536
Nifty Metal TRI,2023-04-20,7268.423377029807
Nifty Metal TRI,2023-04-21,7169.007292086307
Nifty Metal TRI,2023-04-24,7202.248965241655
Nifty Metal TRI,2023-04-25,7246.777704612188
Nifty Metal TRI,2023-04-26,7215.533751810145
Nifty Metal TRI,2023-04-27,7267.140454484994
Nifty Metal TRI,2023-04-28,7325.194641259838
Nifty Metal TRI,2023-05-02,7431.13782522995
Nifty Metal TRI,2023-05-03,7358.577198563039
Nifty Metal TRI,2023-05-04,7448.432161085781
Nifty Metal TRI,2023-05-05,7337.641424215853
Nifty Metal TRI,2023-05-08,7387.61702999993
Nifty Metal TRI,2023-05-09,7376.895950089667
Nifty Metal TRI,2023-05-10,7358.653131018192
Nifty Metal TRI,2023-05-11,7327.704884043073
Nifty Metal TRI,2023-05-12,7193.606916338521
Nifty Metal TRI,2023-05-15,7208.49439540864
Nifty Metal TRI,2023-05-16,7185.748261082295
Nifty Metal TRI,2023-05-17,7122.1592427920605
Nifty Metal TRI,2023-05-18,7083.093817921263
Nifty Metal TRI,2023-05-19,7104.216087178399
Nifty Metal TRI,2023-05-22,7332.329501244249
Nifty Metal TRI,2023-05-23,7522.701523990696
Nifty Metal TRI,2023-05-24,7406.044650440036
Nifty Metal TRI,2023-05-25,7428.456122337607
Nifty Metal TRI,2023-05-26,7508.365145034621
Nifty Metal TRI,2023-05-29,7580.186124247967
Nifty Metal TRI,2023-05-30,7511.448593181123
Nifty Metal TRI,2023-05-31,7453.016741394651
Nifty Metal TRI,2023-06-01,7446.018583396981
Nifty Metal TRI,2023-06-02,7537.284541934053
Nifty Metal TRI,2023-06-05,7563.6978913463245
Nifty Metal TRI,2023-06-06,7553.412604739758
Nifty Metal TRI,2023-06-07,7668.127013984759
Nifty Metal TRI,2023-06-08,7681.138778413946
Nifty Metal TRI,2023-06-09,7645.664727448805
Nifty Metal TRI,2023-06-12,7693.693400378366
Nifty Metal TRI,2023-06-13,7759.132564476524
Nifty Metal TRI,2023-06-14,7869.849669738998
Nifty Metal TRI,2023-06-15,7855.459387097131
Nifty Metal TRI,2023-06-16,7891.916195858069
Nifty Metal TRI,2023-06-19,7857.733403232409
Nifty Metal TRI,2023-06-20,7912.818709633408
Nifty Metal TRI,2023-06-21,7838.633410315297
Nifty Metal TRI,2023-06-22,7843.112629126839
Nifty Metal TRI,2023-06-23,7648.746453109552
Nifty Metal TRI,2023-06-26,7708.152321578016
Nifty Metal TRI,2023-06-27,7765.024237400079
Nifty Metal TRI,2023-06-28,7871.136230745763
Nifty Metal TRI,2023-06-30,7869.51867839016
Nifty Metal TRI,2023-07-03,7954.905676000978
Nifty Metal TRI,2023-07-04,7955.02005298101
Nifty Metal TRI,2023-07-05,7977.129569601936
Nifty Metal TRI,2023-07-06,8019.464204370683
Nifty Metal TRI,2023-07-07,7961.44878099089
Nifty Metal TRI,2023-07-10,8096.972777414371
Nifty Metal TRI,2023-07-11,8077.121011376857
Nifty Metal TRI,2023-07-12,8070.1395992501175
Nifty Metal TRI,2023-07-13,8091.441103321299
Nifty Metal TRI,2023-07-14,8205.716850069353
Nifty Metal TRI,2023-07-17,8246.504135643298
Nifty Metal TRI,2023-07-18,8178.697885459415
Nifty Metal TRI,2023-07-19,8214.411576277813
Nifty Metal TRI,2023-07-20,8228.433268264622
Nifty Metal TRI,2023-07-21,8174.381579862177
Nifty Metal TRI,2023-07-24,8116.382359774968
Nifty Metal TRI,2023-07-25,8355.547017794273
Nifty Metal TRI,2023-07-26,8383.034473768554
Nifty Metal TRI,2023-07-27,8353.787487729514
Nifty Metal TRI,2023-07-28,8429.448953191551
Nifty Metal TRI,2023-07-31,8579.865651113487
Nifty Metal TRI,2023-08-01,8595.502395193676
Nifty Metal TRI,2023-08-02,8422.402644547134
Nifty Metal TRI,2023-08-03,8383.17943463619
Nifty Metal TRI,2023-08-04,8409.918944860437
Nifty Metal TRI,2023-08-07,8410.334405612564
Nifty Metal TRI,2023-08-08,8312.548064617065
Nifty Metal TRI,2023-08-09,8481.995050452359
Nifty Metal TRI,2023-08-10,8540.186845751447
Nifty Metal TRI,2023-08-11,8496.888199781384
Nifty Metal TRI,2023-08-14,8316.714161101932
Nifty Metal TRI,2023-08-16,8239.026150382768
Nifty Metal TRI,2023-08-17,8234.898140269039
Nifty Metal TRI,2023-08-18,8252.119276754484
Nifty Metal TRI,2023-08-21,8361.11451107536
Nifty Metal TRI,2023-08-22,8432.747423497842
Nifty Metal TRI,2023-08-23,8421.954979954959
Nifty Metal TRI,2023-08-24,8393.555691366086
Nifty Metal TRI,2023-08-25,8287.859659140942
Nifty Metal TRI,2023-08-28,8306.944528839873
Nifty Metal TRI,2023-08-29,8413.442395762098
Nifty Metal TRI,2023-08-30,8491.593767292028
Nifty Metal TRI,2023-08-31,8468.591959923018
Nifty Metal TRI,2023-09-01,8712.782525371567
Nifty Metal TRI,2023-09-04,8912.688924862065
Nifty Metal TRI,2023-09-05,8954.004416439187
Nifty Metal TRI,2023-09-06,8883.95241339016
Nifty Metal TRI,2023-09-07,8881.189685507734
Nifty Metal TRI,2023-09-08,8877.536439357455
Nifty Metal TRI,2023-09-11,9039.9445377611
Nifty Metal TRI,2023-09-12,8798.84812461107
Nifty Metal TRI,2023-09-13,8836.357414894088
Nifty Metal TRI,2023-09-14,8968.237624778303
Nifty Metal TRI,2023-09-15,8954.596559731224
Nifty Metal TRI,2023-09-18,8856.764907465124
Nifty Metal TRI,2023-09-20,8712.914283243419
Nifty Metal TRI,2023-09-21,8665.708217526691
Nifty Metal TRI,2023-09-22,8609.138225339404
Nifty Metal TRI,2023-09-25,8600.924623489158
Nifty Metal TRI,2023-09-26,8628.197419283413
Nifty Metal TRI,2023-09-27,8631.212318560163
Nifty Metal TRI,2023-09-28,8548.51338336243
Nifty Metal TRI,2023-09-29,8711.116779018945
Nifty Metal TRI,2023-10-03,8660.391763604897
Nifty Metal TRI,2023-10-04,8569.06764404525
Nifty Metal TRI,2023-10-05,8548.063535518137
Nifty Metal TRI,2023-10-06,8593.504910262214
Nifty Metal TRI,2023-10-09,8470.969670794975
Nifty Metal TRI,2023-10-10,8644.753511533389
Nifty Metal TRI,2023-10-11,8682.18313125643
Nifty Metal TRI,2023-10-12,8747.53003846541
Nifty Metal TRI,2023-10-13,8694.150240429266
Nifty Metal TRI,2023-10-16,8774.60577478427
Nifty Metal TRI,2023-10-17,8799.560404363303
Nifty Metal TRI,2023-10-18,8750.822445280251
Nifty Metal TRI,2023-10-19,8674.665228056641
Nifty Metal TRI,2023-10-20,8559.672195622534
Nifty Metal TRI,2023-10-23,8282.083068053673
Nifty Metal TRI,2023-10-25,8295.289448475682
Nifty Metal TRI,2023-10-26,8161.040859654687
Nifty Metal TRI,2023-10-27,8231.70661676137
Nifty Metal TRI,2023-10-30,8251.991782023326
Nifty Metal TRI,2023-10-31,8232.662783658536
Nifty Metal TRI,2023-11-01,8115.018086150775
Nifty Metal TRI,2023-11-02,8229.089402408654
Nifty Metal TRI,2023-11-03,8268.073555747933
Nifty Metal TRI,2023-11-06,8381.670379298299
Nifty Metal TRI,2023-11-07,8394.569536857547
Nifty Metal TRI,2023-11-08,8458.144785916662
Nifty Metal TRI,2023-11-09,8424.584240631651
Nifty Metal TRI,2023-11-10,8484.274614358746
Nifty Metal TRI,2023-11-13,8572.541085042989
Nifty Metal TRI,2023-11-15,8673.454460146788
Nifty Metal TRI,2023-11-16,8673.924718441593
Nifty Metal TRI,2023-11-17,8689.081349320819
Nifty Metal TRI,2023-11-20,8649.174564828836
Nifty Metal TRI,2023-11-21,8755.217036439733
Nifty Metal TRI,2023-11-22,8677.066158660615
Nifty Metal TRI,2023-11-23,8723.143225269447
Nifty Metal TRI,2023-11-24,8782.255984416586
Nifty Metal TRI,2023-11-28,8946.95688799448
Nifty Metal TRI,2023-11-29,8966.291070782892
Nifty Metal TRI,2023-11-30,8968.119453314692
Nifty Metal TRI,2023-12-01,9057.493354468123
Nifty Metal TRI,2023-12-04,9206.73264522448
Nifty Metal TRI,2023-12-05,9489.484747644052
Nifty Metal TRI,2023-12-06,9492.49235949306
Nifty Metal TRI,2023-12-07,9422.05253977866
Nifty Metal TRI,2023-12-08,9413.67736286241
Nifty Metal TRI,2023-12-11,9513.41595665604
Nifty Metal TRI,2023-12-12,9543.216283998834
Nifty Metal TRI,2023-12-13,9627.628032808567
Nifty Metal TRI,2023-12-14,9687.04516773559
Nifty Metal TRI,2023-12-15,9893.61963134706
Nifty Metal TRI,2023-12-18,9937.698749687148
Nifty Metal TRI,2023-12-19,9871.842463557854
Nifty Metal TRI,2023-12-20,9494.838264031885
Nifty Metal TRI,2023-12-21,9626.430903926093
Nifty Metal TRI,2023-12-22,9791.560292463844
Nifty Metal TRI,2023-12-26,9905.216409887013
Nifty Metal TRI,2023-12-27,10043.913100405141
Nifty Metal TRI,2023-12-28,10145.059153651873
Nifty Metal TRI,2023-12-29,10211.720299624401
Nifty Metal TRI,2024-01-02,10272.699049252931
Nifty Metal TRI,2024-01-03,10086.967705832574
Nifty Metal TRI,2024-01-04,10093.468343811819
Nifty Metal TRI,2024-01-05,10079.610295355964
Nifty Metal TRI,2024-01-08,9921.421368774721
Nifty Metal TRI,2024-01-09,10000.468927600758
Nifty Metal TRI,2024-01-10,10096.24007934533
Nifty Metal TRI,2024-01-11,10088.46170984001
Nifty Metal TRI,2024-01-12,10117.44618086866
Nifty Metal TRI,2024-01-15,10075.212005628788
Nifty Metal TRI,2024-01-16,10175.374265805036
Nifty Metal TRI,2024-01-17,9857.777744937253
Nifty Metal TRI,2024-01-18,9775.728056814753
Nifty Metal TRI,2024-01-19,9908.56708377324
Nifty Metal TRI,2024-01-23,9596.053627336138
Nifty Metal TRI,2024-01-24,9880.874806860076
Nifty Metal TRI,2024-01-25,9895.510990009003
Nifty Metal TRI,2024-01-29,10056.770691032627
Nifty Metal TRI,2024-01-30,10083.280654243097
Nifty Metal TRI,2024-01-31,10223.723910757348
Nifty Metal TRI,2024-02-01,10119.061303189328
Nifty Metal TRI,2024-02-02,10359.678498750718
Nifty Metal TRI,2024-02-05,10401.509541761128
Nifty Metal TRI,2024-02-06,10567.156501756745
Nifty Metal TRI,2024-02-07,10616.988066593189
Nifty Metal TRI,2024-02-08,10547.263426154026
Nifty Metal TRI,2024-02-09,10385.869405341991
Nifty Metal TRI,2024-02-12,10138.69904828444
Nifty Metal TRI,2024-02-13,9929.063916410267
Nifty Metal TRI,2024-02-14,10105.343071226274
Nifty Metal TRI,2024-02-15,10151.834208871798
Nifty Metal TRI,2024-02-16,10236.89597531178
Nifty Metal TRI,2024-02-20,10212.60800460585
Nifty Metal TRI,2024-02-21,10239.671401934595
Nifty Metal TRI,2024-02-22,10359.556108482422
Nifty Metal TRI,2024-02-23,10332.321970079209
Nifty Metal TRI,2024-02-26,10236.412126294772
Nifty Metal TRI,2024-02-27,10273.950554657906
Nifty Metal TRI,2024-02-28,10081.617341602385
Nifty Metal TRI,2024-02-29,10174.054991195158
Nifty Metal TRI,2024-03-01,10542.705585942838
Nifty Metal TRI,2024-03-04,10686.301875031435
Nifty Metal TRI,2024-03-05,10663.243332803744
Nifty Metal TRI,2024-03-06,10608.708053052402
Nifty Metal TRI,2024-03-07,10755.297995147092
Nifty Metal TRI,2024-03-11,10602.71686261964
Nifty Metal TRI,2024-03-12,10420.353248147698
Nifty Metal TRI,2024-03-13,9828.440868444595
Nifty Metal TRI,2024-03-14,10025.042064466448
Nifty Metal TRI,2024-03-15,10029.055643896127
Nifty Metal TRI,2024-03-18,10280.404850616405
Nifty Metal TRI,2024-03-19,10186.7266518075
Nifty Metal TRI,2024-03-20,10106.666057112381
Nifty Metal TRI,2024-03-21,10353.886796955097
Nifty Metal TRI,2024-03-22,10454.806757759103
Nifty Metal TRI,2024-03-26,10496.172440873195
Nifty Metal TRI,2024-03-27,10488.702922186481
Nifty Metal TRI,2024-03-28,10620.79024743755
Nifty Metal TRI,2024-04-01,11016.127153376885
Nifty Metal TRI,2024-04-02,11181.600779973365
Nifty Metal TRI,2024-04-03,11182.6581116715
Nifty Metal TRI,2024-04-04,11174.578958482258
Nifty Metal TRI,2024-04-05,11193.971658042274
Nifty Metal TRI,2024-04-08,11318.831727058317
Nifty Metal TRI,2024-04-09,11447.831946536828
Nifty Metal TRI,2024-04-10,11583.860098368936
Nifty Metal TRI,2024-04-12,11522.940270558214
Nifty Metal TRI,2024-04-15,11458.380038205618
Nifty Metal TRI,2024-04-16,11397.519745622487
Nifty Metal TRI,2024-04-18,11363.085830444865
Nifty Metal TRI,2024-04-19,11472.841359308535
Nifty Metal TRI,2024-04-22,11503.301208926445
Nifty Metal TRI,2024-04-23,11464.317040236085
Nifty Metal TRI,2024-04-24,11773.638259431265
Nifty Metal TRI,2024-04-25,11905.544690230754
Nifty Metal TRI,2024-04-26,11881.262667490098
Nifty Metal TRI,2024-04-29,11942.657881724317
Nifty Metal TRI,2024-04-30,11823.470306249834
Nifty Metal TRI,2024-05-02,11958.45391894407
Nifty Metal TRI,2024-05-03,11954.913817311191
Nifty Metal TRI,2024-05-06,11845.29846742815
Nifty Metal TRI,2024-05-07,11562.546106943768
Nifty Metal TRI,2024-05-08,11733.914392989702
Nifty Metal TRI,2024-05-09,11397.94666211137
Nifty Metal TRI,2024-05-10,11574.160478291216
Nifty Metal TRI,2024-05-13,11727.360536622464
Nifty Metal TRI,2024-05-14,12053.409445320276
Nifty Metal TRI,2024-05-15,12092.428487769788
Nifty Metal TRI,2024-05-16,12129.839641431845
Nifty Metal TRI,2024-05-17,12327.24649744677
Nifty Metal TRI,2024-05-21,12875.85568609731
Nifty Metal TRI,2024-05-22,12796.95516194847
Nifty Metal TRI,2024-05-23,12849.25527221239
Nifty Metal TRI,2024-05-24,12809.890636968361
Nifty Metal TRI,2024-05-27,12731.967245559312
Nifty Metal TRI,2024-05-28,12666.389264484586
Nifty Metal TRI,2024-05-29,12700.825100784623
Nifty Metal TRI,2024-05-30,12319.546537687786
Nifty Metal TRI,2024-05-31,12550.413316264438
Nifty Metal TRI,2024-06-03,12971.94170429914
Nifty Metal TRI,2024-06-04,11593.34486011647
Nifty Metal TRI,2024-06-05,12260.743835111403
Nifty Metal TRI,2024-06-06,12436.874575746884
Nifty Metal TRI,2024-06-07,12697.210049690222
Nifty Metal TRI,2024-06-10,12650.524434839035
Nifty Metal TRI,2024-06-11,12643.074207840602
Nifty Metal TRI,2024-06-12,12706.787411352361
Nifty Metal TRI,2024-06-13,12709.93094485535
Nifty Metal TRI,2024-06-14,12803.427968286614
Nifty Metal TRI,2024-06-18,12777.91136500582
Nifty Metal TRI,2024-06-19,12627.56335229549
Nifty Metal TRI,2024-06-20,12857.921812945424
Nifty Metal TRI,2024-06-21,12910.113361248772
Nifty Metal TRI,2024-06-24,12829.434299827615
Nifty Metal TRI,2024-06-25,12740.433404558054
Nifty Metal TRI,2024-06-26,12556.09691677646
Nifty Metal TRI,2024-06-27,12625.415905156953
Nifty Metal TRI,2024-06-28,12686.726256872447
Nifty Metal TRI,2024-07-01,12777.35274398475
Nifty Metal TRI,2024-07-02,12717.147689056124
Nifty Metal TRI,2024-07-03,12852.828569564075
Nifty Metal TRI,2024-07-04,12849.25845394569
Nifty Metal TRI,2024-07-05,12893.535142770099
Nifty Metal TRI,2024-07-08,12775.153713511147
Nifty Metal TRI,2024-07-09,12781.732560893182
Nifty Metal TRI,2024-07-10,12576.625937055409
Nifty Metal TRI,2024-07-11,12577.89018567245
Nifty Metal TRI,2024-07-12,12559.102816301514
Nifty Metal TRI,2024-07-15,12588.83377212769
Nifty Metal TRI,2024-07-16,12579.682877736892
Nifty Metal TRI,2024-07-18,12470.98574577077
Nifty Metal TRI,2024-07-19,11979.043085255364
Nifty Metal TRI,2024-07-22,12103.049604846681
Nifty Metal TRI,2024-07-23,11990.443098615287
Nifty Metal TRI,2024-07-24,11996.336938790546
Nifty Metal TRI,2024-07-25,11842.738675885335
Nifty Metal TRI,2024-07-26,12199.92555137225
Nifty Metal TRI,2024-07-29,12236.740793109995
Nifty Metal TRI,2024-07-30,12260.777341198915
Nifty Metal TRI,2024-07-31,12410.432000638035
Nifty Metal TRI,2024-08-01,12397.894977787593
Nifty Metal TRI,2024-08-02,12063.580520496438
Nifty Metal TRI,2024-08-05,11479.982982356025
Nifty Metal TRI,2024-08-06,11514.86935513832
Nifty Metal TRI,2024-08-07,11825.762112220757
Nifty Metal TRI,2024-08-08,11620.150778452124
Nifty Metal TRI,2024-08-09,11710.243425528832
Nifty Metal TRI,2024-08-12,11800.200514616998
Nifty Metal TRI,2024-08-13,11607.62128158144
Nifty Metal TRI,2024-08-14,11461.998990392281
Nifty Metal TRI,2024-08-16,11657.399901714929
Nifty Metal TRI,2024-08-19,11876.88541425858
Nifty Metal TRI,2024-08-20,11932.885783104392
Nifty Metal TRI,2024-08-21,12010.542188754225
Nifty Metal TRI,2024-08-22,12091.838299646657
Nifty Metal TRI,2024-08-23,12046.140146691916
Nifty Metal TRI,2024-08-26,12307.787672461998
Nifty Metal TRI,2024-08-27,12233.235380591088
Nifty Metal TRI,2024-08-28,12210.61795967726
Nifty Metal TRI,2024-08-29,12153.10869693178
Nifty Metal TRI,2024-08-30,12199.555011812434
Nifty Metal TRI,2024-09-02,12074.273673767912
Nifty Metal TRI,2024-09-03,12006.94500048238
Nifty Metal TRI,2024-09-04,11917.747427635348
Nifty Metal TRI,2024-09-05,11954.010833382732
Nifty Metal TRI,2024-09-06,11887.443897354373
Nifty Metal TRI,2024-09-09,11808.718521313114
Nifty Metal TRI,2024-09-10,11883.597434364588
Nifty Metal TRI,2024-09-11,11718.104815795466
Nifty Metal TRI,2024-09-12,12059.663053858156
Nifty Metal TRI,2024-09-13,12163.905140820038
Nifty Metal TRI,2024-09-16,12239.951328661791
Nifty Metal TRI,2024-09-17,12189.26479383671
Nifty Metal TRI,2024-09-18,12089.16616894119
Nifty Metal TRI,2024-09-19,12012.755689472802
Nifty Metal TRI,2024-09-20,12212.218815196527
Nifty Metal TRI,2024-09-23,12279.858845718367
Nifty Metal TRI,2024-09-24,12644.920784790287
Nifty Metal TRI,2024-09-25,12699.836707723583
Nifty Metal TRI,2024-09-26,12971.431612559894
Nifty Metal TRI,2024-09-27,13074.63085052237
Nifty Metal TRI,2024-09-30,13250.536638408516
Nifty Metal TRI,2024-10-01,13283.219899921445
Nifty Metal TRI,2024-10-03,13196.359464067813
Nifty Metal TRI,2024-10-04,13142.753413941546
Nifty Metal TRI,2024-10-07,12849.971655114472
Nifty Metal TRI,2024-10-08,12731.277998701074
Nifty Metal TRI,2024-10-09,12740.157485117657
Nifty Metal TRI,2024-10-10,12791.807979230181
Nifty Metal TRI,2024-10-11,12913.081864472853
Nifty Metal TRI,2024-10-14,12879.164641165507
Nifty Metal TRI,2024-10-15,12693.979137050272
Nifty Metal TRI,2024-10-16,12668.204544656246
Nifty Metal TRI,2024-10-17,12488.904377994031
Nifty Metal TRI,2024-10-18,12685.445250716082
Nifty Metal TRI,2024-10-21,12496.165766420305
Nifty Metal TRI,2024-10-22,12122.203348677403
Nifty Metal TRI,2024-10-23,12092.224564961001
Nifty Metal TRI,2024-10-24,12064.519199627159
Nifty Metal TRI,2024-10-25,11773.088777764444
Nifty Metal TRI,2024-10-28,12073.577347109049
Nifty Metal TRI,2024-10-29,12152.766523305527
Nifty Metal TRI,2024-10-30,12158.240848058293
Nifty Metal TRI,2024-10-31,12138.596381376881
Nifty Metal TRI,2024-11-01,12221.837389653012
Nifty Metal TRI,2024-11-04,12031.948203121383
Nifty Metal TRI,2024-11-05,12374.328528832084
Nifty Metal TRI,2024-11-06,12571.649889877724
Nifty Metal TRI,2024-11-07,12229.133546922265
Nifty Metal TRI,2024-11-08,12120.491966164316
Nifty Metal TRI,2024-11-11,12001.810069959187
Nifty Metal TRI,2024-11-12,11823.066891658686
Nifty Metal TRI,2024-11-13,11508.8561906211
Nifty Metal TRI,2024-11-14,11498.995660688297
Nifty Metal TRI,2024-11-18,11720.284902806878
Nifty Metal TRI,2024-11-19,11621.514982353732
Nifty Metal TRI,2024-11-21,11358.342395700078
Nifty Metal TRI,2024-11-22,11526.787110030155
Nifty Metal TRI,2024-11-25,11576.620821957782
Nifty Metal TRI,2024-11-26,11621.170080198051
Nifty Metal TRI,2024-11-27,11713.88280674354
Nifty Metal TRI,2024-11-28,11685.190393805922
Nifty Metal TRI,2024-11-29,11775.962575901958
Nifty Metal TRI,2024-12-02,11907.728883246727
Nifty Metal TRI,2024-12-03,12055.247920776887
Nifty Metal TRI,2024-12-04,12034.843534965323
Nifty Metal TRI,2024-12-05,12104.148991522592
Nifty Metal TRI,2024-12-06,12253.984588184137
Nifty Metal TRI,2024-12-09,12331.752695470854
Nifty Metal TRI,2024-12-10,12358.63709002751
Nifty Metal TRI,2024-12-11,12370.134394145416
Nifty Metal TRI,2024-12-12,12402.241452327113
Nifty Metal TRI,2024-12-13,12313.620209821756
Nifty Metal TRI,2024-12-16,12196.176515381916
Nifty Metal TRI,2024-12-17,11997.46632358496
Nifty Metal TRI,2024-12-18,11834.944395723478
Nifty Metal TRI,2024-12-19,11714.618788471571
Nifty Metal TRI,2024-12-20,11501.298787836942
Nifty Metal TRI,2024-12-23,11605.172541285536
Nifty Metal TRI,2024-12-24,11509.470780436595
Nifty Metal TRI,2024-12-26,11494.597363477193
Nifty Metal TRI,2024-12-27,11384.841128501292
Nifty Metal TRI,2024-12-30,11241.954461986783
Nifty Metal TRI,2024-12-31,11294.86146331249
Nifty Metal TRI,2025-01-02,11392.005143219425
Nifty Metal TRI,2025-01-03,11401.243107101254
Nifty Metal TRI,2025-01-06,11044.609669516012
Nifty Metal TRI,2025-01-07,11182.432423772983
Nifty Metal TRI,2025-01-08,11108.120289880702
Nifty Metal TRI,2025-01-09,10972.397205328385
Nifty Metal TRI,2025-01-10,10795.44122094334
Nifty Metal TRI,2025-01-13,10390.02938541075
Nifty Metal TRI,2025-01-14,10803.72819721492
Nifty Metal TRI,2025-01-15,10821.891231355465
Nifty Metal TRI,2025-01-16,11006.817737797224
Nifty Metal TRI,2025-01-17,11137.721010577061
Nifty Metal TRI,2025-01-20,11259.33645797639
Nifty Metal TRI,2025-01-21,11153.731481565255
Nifty Metal TRI,2025-01-22,11073.477884384998
Nifty Metal TRI,2025-01-23,11133.303624702783
Nifty Metal TRI,2025-01-24,11033.558195681035
Nifty Metal TRI,2025-01-27,10709.737583272878
Nifty Metal TRI,2025-01-28,10668.012618503992
Nifty Metal TRI,2025-01-29,10866.335779752073
Nifty Metal TRI,2025-01-30,10855.284067013547
Nifty Metal TRI,2025-01-31,10986.60506236404
Nifty Metal TRI,2025-02-03,10668.474268649794
Nifty Metal TRI,2025-02-04,10860.451447723071
Nifty Metal TRI,2025-02-05,11025.431238496685
Nifty Metal TRI,2025-02-06,10943.01196920699
Nifty Metal TRI,2025-02-07,11234.281644417908
Nifty Metal TRI,2025-02-10,10939.626673821977
Nifty Metal TRI,2025-02-11,10749.533773838943
Nifty Metal TRI,2025-02-12,10821.906526697661
Nifty Metal TRI,2025-02-13,10911.431870923912
Nifty Metal TRI,2025-02-14,10717.183939210636
Nifty Metal TRI,2025-02-17,10801.01319412442
Nifty Metal TRI,2025-02-18,10808.668003327974
Nifty Metal TRI,2025-02-19,10944.900753985163
Nifty Metal TRI,2025-02-20,11159.972795894853
Nifty Metal TRI,2025-02-21,11274.108817824168
Nifty Metal TRI,2025-02-24,11031.163201405836
Nifty Metal TRI,2025-02-25,10862.34565090897
Nifty Metal TRI,2025-02-27,10917.687074496635
Nifty Metal TRI,2025-02-28,10766.913046833673
Nifty Metal TRI,2025-03-03,10895.816755671673
Nifty Metal TRI,2025-03-04,10937.615032709513
Nifty Metal TRI,2025-03-05,11380.375153538902
Nifty Metal TRI,2025-03-06,11647.591106200092
Nifty Metal TRI,2025-03-07,11698.347719414456
Nifty Metal TRI,2025-03-10,11599.852261403073
Nifty Metal TRI,2025-03-11,11662.086171717754
Nifty Metal TRI,2025-03-12,11606.353401587667
Nifty Metal TRI,2025-03-13,11506.503988835517
Nifty Metal TRI,2025-03-17,11597.634275000011
Nifty Metal TRI,2025-03-18,11845.039072535377
Nifty Metal TRI,2025-03-19,11996.612910017227
Nifty Metal TRI,2025-03-20,12135.679686129888
Nifty Metal TRI,2025-03-21,12070.043852202607
Nifty Metal TRI,2025-03-24,12149.788894743144
Nifty Metal TRI,2025-03-25,11979.988083177204
Nifty Metal TRI,2025-03-26,11934.46161814284
Nifty Metal TRI,2025-03-27,12016.576038782323
Nifty Metal TRI,2025-03-28,11928.933368844202
Nifty Metal TRI,2025-04-01,11832.24934688358
Nifty Metal TRI,2025-04-02,11915.829039979328
Nifty Metal TRI,2025-04-03,11818.178606181802
Nifty Metal TRI,2025-04-04,11043.554255538927
Nifty Metal TRI,2025-04-07,10299.625765244462
Nifty Metal TRI,2025-04-08,10456.72792831034
Nifty Metal TRI,2025-04-09,10302.252247721182
Nifty Metal TRI,2025-04-11,10724.563285420474
Nifty Metal TRI,2025-04-15,11070.365442893226
Nifty Metal TRI,2025-04-16,11103.732879389217
Nifty Metal TRI,2025-04-17,11132.835428138093
Nifty Metal TRI,2025-04-21,11367.768080138701
Nifty Metal TRI,2025-04-22,11389.404139447395
Nifty Metal TRI,2025-04-23,11479.097289363095
Nifty Metal TRI,2025-04-24,11500.741664091682
Nifty Metal TRI,2025-04-25,11260.190640045845
Nifty Metal TRI,2025-04-28,11419.91908977042
Nifty Metal TRI,2025-04-29,11311.785624021246
Nifty Metal TRI,2025-04-30,11279.080590194004
Nifty Metal TRI,2025-05-02,11196.96864254531
Nifty Metal TRI,2025-05-05,11306.263333008348
Nifty Metal TRI,2025-05-06,11207.679696548974
Nifty Metal TRI,2025-05-07,11317.875534969971
Nifty Metal TRI,2025-05-08,11082.273069496767
Nifty Metal TRI,2025-05-09,11072.550849058396
Nifty Metal TRI,2025-05-12,11723.645618808265
Nifty Metal TRI,2025-05-13,11619.58952788484
Nifty Metal TRI,2025-05-14,11906.230572510298
Nifty Metal TRI,2025-05-15,12114.63933065745
Nifty Metal TRI,2025-05-16,12104.50927341393
Nifty Metal TRI,2025-05-19,12118.188092549342
Nifty Metal TRI,2025-05-20,12046.874518767934
Nifty Metal TRI,2025-05-21,12116.08161338347
Nifty Metal TRI,2025-05-22,12079.236199481571
Nifty Metal TRI,2025-05-23,12171.940255213418
Nifty Metal TRI,2025-05-26,12288.229140114438
Nifty Metal TRI,2025-05-27,12234.271930580395
Nifty Metal TRI,2025-05-28,12161.946203463382
Nifty Metal TRI,2025-05-29,12310.237071411982
Nifty Metal TRI,2025-05-30,12102.379596278246
Nifty Metal TRI,2025-06-02,12019.160303974542
Nifty Metal TRI,2025-06-03,12011.58241364947
Nifty Metal TRI,2025-06-04,12084.790045715783
Nifty Metal TRI,2025-06-05,12156.687424606635
Nifty Metal TRI,2025-06-06,12387.745730310982
Nifty Metal TRI,2025-06-09,12482.685846875249
Nifty Metal TRI,2025-06-10,12526.43622278907
Nifty Metal TRI,2025-06-11,12508.804416438217
Nifty Metal TRI,2025-06-12,12315.434263554269
Nifty Metal TRI,2025-06-13,12197.927222087514
Nifty Metal TRI,2025-06-16,12330.952503148039
Nifty Metal TRI,2025-06-17,12155.24378601052
Nifty Metal TRI,2025-06-18,12068.729921729424
Nifty Metal TRI,2025-06-19,11914.139419624518
Nifty Metal TRI,2025-06-20,12044.140577391088
Nifty Metal TRI,2025-06-23,12125.123423564975
Nifty Metal TRI,2025-06-24,12247.78251757247
Nifty Metal TRI,2025-06-25,12298.674530419335
Nifty Metal TRI,2025-06-26,12583.251890743048
Nifty Metal TRI,2025-06-27,12628.300214935112
Nifty Metal TRI,2025-06-30,12573.124173878876
Nifty Metal TRI,2025-07-01,12613.038017859737
Nifty Metal TRI,2025-07-02,12791.29871784612
Nifty Metal TRI,2025-07-03,12692.087772292503
Nifty Metal TRI,2025-07-04,12635.995703180799
Nifty Metal TRI,2025-07-07,12561.210225559362
Nifty Metal TRI,2025-07-08,12555.62493569493
Nifty Metal TRI,2025-07-09,12380.970201758346
Nifty Metal TRI,2025-07-10,12433.162672401091
Nifty Metal TRI,2025-07-11,12380.13518737576
Nifty Metal TRI,2025-07-14,12415.273158578388
Nifty Metal TRI,2025-07-15,12421.225207880421
Nifty Metal TRI,2025-07-16,12354.2588762136
Nifty Metal TRI,2025-07-17,12437.617925684493
Nifty Metal TRI,2025-07-18,12484.293086033738
Nifty Metal TRI,2025-07-21,12614.774989113745
Nifty Metal TRI,2025-07-22,12586.149571769076
Nifty Metal TRI,2025-07-23,12647.235771912072
Nifty Metal TRI,2025-07-24,12652.212694297272
Nifty Metal TRI,2025-07-25,12445.324480997606
Nifty Metal TRI,2025-07-28,12303.859978018172
Nifty Metal TRI,2025-07-29,12427.68526067727
Nifty Metal TRI,2025-07-30,12415.216819694166
Nifty Metal TRI,2025-07-31,12264.914253506206
Nifty Metal TRI,2025-08-01,12023.713228824812
Nifty Metal TRI,2025-08-04,12323.590842675618
Nifty Metal TRI,2025-08-05,12335.093369845143
Nifty Metal TRI,2025-08-06,12286.47776533666
Nifty Metal TRI,2025-08-07,12302.868803992413
Nifty Metal TRI,2025-08-08,12087.412068447853
Nifty Metal TRI,2025-08-11,12152.421802764127
Nifty Metal TRI,2025-08-12,12199.209721389378
Nifty Metal TRI,2025-08-13,12353.531062317845
Nifty Metal TRI,2025-08-14,12182.753083469639
Nifty Metal TRI,2025-08-18,12411.816013360283
Nifty Metal TRI,2025-08-19,12505.045467425964
Nifty Metal TRI,2025-08-20,12558.9463454302
Nifty Metal TRI,2025-08-21,12554.206029484541
Nifty Metal TRI,2025-08-22,12398.572737734436
Nifty Metal TRI,2025-08-25,12481.668698124613
Nifty Metal TRI,2025-08-26,12275.072167346592
Nifty Metal TRI,2025-08-28,12184.397137902517
Nifty Metal TRI,2025-08-29,12111.369017541338
Nifty Metal TRI,2025-09-01,12312.475890410213
Nifty Metal TRI,2025-09-02,12417.745300681561
Nifty Metal TRI,2025-09-03,12804.892749939741
Nifty Metal TRI,2025-09-04,12726.11680392298
Nifty Metal TRI,2025-09-05,12813.229440905774
Nifty Metal TRI,2025-09-08,12863.229514097684
Nifty Metal TRI,2025-09-09,12885.570893514972
Nifty Metal TRI,2025-09-10,12919.695825772713
Nifty Metal TRI,2025-09-11,12964.746477347426
Nifty Metal TRI,2025-09-12,13085.465368768275
Nifty Metal TRI,2025-09-15,13097.393287778175
Nifty Metal TRI,2025-09-16,13207.287630122162
Nifty Metal TRI,2025-09-17,13141.390847778952
Nifty Metal TRI,2025-09-18,13184.483771742993
Nifty Metal TRI,2025-09-19,13231.22359494423
Nifty Metal TRI,2025-09-22,13285.30207024127
Nifty Metal TRI,2025-09-23,13418.431123025844
Nifty Metal TRI,2025-09-24,13327.812109288989
Nifty Metal TRI,2025-09-25,13358.278778177206
Nifty Metal TRI,2025-09-26,13101.563032880142
Nifty Metal TRI,2025-09-29,13149.87611989596
Nifty Metal TRI,2025-09-30,13303.06014450803
Nifty Metal TRI,2025-10-01,13376.40879724578
Nifty Metal TRI,2025-10-03,13621.943056260077
Nifty Metal TRI,2025-10-06,13502.72695445553
Nifty Metal TRI,2025-10-07,13465.21158530934
Nifty Metal TRI,2025-10-08,13439.291782995644
Nifty Metal TRI,2025-10-09,13731.254218243696
Nifty Metal TRI,2025-10-10,13606.495232750294
Nifty Metal TRI,2025-10-13,13550.224288732818
Nifty Metal TRI,2025-10-14,13417.470729140075
Nifty Metal TRI,2025-10-15,13552.422885159387
Nifty Metal TRI,2025-10-16,13645.010888646179
Nifty Metal TRI,2025-10-17,13529.087210057134
Nifty Metal TRI,2025-10-20,13521.403809763968
Nifty Metal TRI,2025-10-21,13576.401911056786
Nifty Metal TRI,2025-10-23,13589.9484302339
Nifty Metal TRI,2025-10-24,13730.814659851114
Nifty Metal TRI,2025-10-27,13891.913241552056
Nifty Metal TRI,2025-10-28,14063.949527447983
Nifty Metal TRI,2025-10-29,14305.357704209326
Nifty Metal TRI,2025-10-30,14242.019795214874
Nifty Metal TRI,2025-10-31,14087.410769007025
Nifty Metal TRI,2025-11-03,14143.672307825109
Nifty Metal TRI,2025-11-04,13940.294929809323
Nifty Metal TRI,2025-11-06,13653.451448522434
Nifty Metal TRI,2025-11-07,13846.61571068682
Nifty Metal TRI,2025-11-10,13925.505402892317
Nifty Metal TRI,2025-11-11,14025.34893738397
Nifty Metal TRI,2025-11-12,14004.125542873693
Nifty Metal TRI,2025-11-13,14066.058086746392
Nifty Metal TRI,2025-11-14,13942.14270218545
Nifty Metal TRI,2025-11-17,13945.87162973186
Nifty Metal TRI,2025-11-18,13797.606355452122
Nifty Metal TRI,2025-11-19,13798.952676502697
Nifty Metal TRI,2025-11-20,13802.224998163836
Nifty Metal TRI,2025-11-21,13479.363865161537
Nifty Metal TRI,2025-11-24,13315.871485608946
Nifty Metal TRI,2025-11-25,13390.36848041265
Nifty Metal TRI,2025-11-26,13666.66888104502
Nifty Metal TRI,2025-11-27,13658.1701053348
Nifty Metal TRI,2025-11-28,13684.56964067393
Nifty Metal TRI,2025-12-01,13766.778334074193
Nifty Metal TRI,2025-12-02,13717.856513961304
Nifty Metal TRI,2025-12-03,13651.243814666304
Nifty Metal TRI,2025-12-04,13660.29601342082
Nifty Metal TRI,2025-12-05,13752.672922453778
Nifty Metal TRI,2025-12-08,13490.795628060152
Nifty Metal TRI,2025-12-09,13452.749921833933
Nifty Metal TRI,2025-12-10,13515.141033749514
Nifty Metal TRI,2025-12-11,13659.360531054443
Nifty Metal TRI,2025-12-12,14018.806210773604
Nifty Metal TRI,2025-12-15,14043.309871935444
Nifty Metal TRI,2025-12-16,13925.895709478036
Nifty Metal TRI,2025-12-17,13960.98813671108
Nifty Metal TRI,2025-12-18,13996.349476202804
Nifty Metal TRI,2025-12-19,14003.695794740031
Nifty Metal TRI,2025-12-22,14202.862698689325
Nifty Metal TRI,2025-12-23,14280.914418211152
Nifty Metal TRI,2025-12-24,14302.591495420353
Nifty Metal TRI,2025-12-26,14388.561084689938
Nifty Metal TRI,2025-12-29,14368.194493899058
Nifty Metal TRI,2025-12-30,14660.040466703089
Nifty Metal TRI,2025-12-31,14873.93561077176
Nifty Metal TRI,2026-01-02,15214.147309282806
Nifty Metal TRI,2026-01-05,15308.480160689269
Nifty Metal TRI,2026-01-06,15353.609472752489
Nifty Metal TRI,2026-01-07,15354.375557523988
Nifty Metal TRI,2026-01-08,14832.885797604908
Nifty Metal TRI,2026-01-09,14784.1197458129
Nifty Metal TRI,2026-01-12,15080.994558726748
Nifty Metal TRI,2026-01-13,15134.392071741255
Nifty Metal TRI,2026-01-14,15543.343264596264
Nifty Metal TRI,2026-01-16,15463.246430606756
Nifty Metal TRI,2026-01-19,15456.428983712689
Nifty Metal TRI,2026-01-20,15165.803359133664
Nifty Metal TRI,2026-01-21,15252.629544513742
Nifty Metal TRI,2026-01-22,15433.141119784252
Nifty Metal TRI,2026-01-23,15306.090986939016
Nifty Metal TRI,2026-01-27,15778.718888483816
Nifty Metal TRI,2026-01-28,16148.79772740289
Nifty Metal TRI,2026-01-29,16645.37699527869
Nifty Metal TRI,2026-01-30,15778.483228425966
Nifty Metal TRI,2026-02-02,15426.136124273324
Nifty Metal TRI,2026-02-03,15869.504993008188
Nifty Metal TRI,2026-02-04,16071.927271117334
Nifty Metal TRI,2026-02-05,15908.59128066298
Nifty Metal TRI,2026-02-06,15938.747477178053
Nifty Metal TRI,2026-02-09,16190.007222206448
Nifty Metal TRI,2026-02-10,16322.833505525852
Nifty Metal TRI,2026-02-11,16388.12805930451
Nifty Metal TRI,2026-02-12,16392.554825795512
Nifty Metal TRI,2026-02-13,15850.87553470992
Nifty Metal TRI,2026-02-16,15963.213761576746
Nifty Metal TRI,2026-02-17,15795.024786071244
Nifty Metal TRI,2026-02-18,16006.008960666719
Nifty Metal TRI,2026-02-19,15815.434477368535
Nifty Metal TRI,2026-02-20,16013.354271383323
Nifty Metal TRI,2026-02-23,15979.62552400294
Nifty Metal TRI,2026-02-24,16128.90480817387
Nifty Metal TRI,2026-02-25,16564.69130070955
Nifty Metal TRI,2026-02-26,16630.518447770497
Nifty Metal TRI,2026-02-27,16354.386184570953
Nifty Metal TRI,2026-03-02,16395.998481750736
Nifty Metal TRI,2026-03-04,15742.857276535051
Nifty Metal TRI,2026-03-05,16103.832724909398
Nifty Metal TRI,2026-03-06,16039.547626519945
Nifty Metal TRI,2026-03-09,15625.54360015915
Nifty Metal TRI,2026-03-10,15866.626356966435
Nifty Metal TRI,2026-03-11,15805.452021578334
Nifty Metal TRI,2026-03-12,15862.19717986597
Nifty Metal TRI,2026-03-13,15099.045635291433
Nifty Metal TRI,2026-03-16,15135.602937117113
Nifty Metal TRI,2026-03-17,15563.514120297787
Nifty Metal TRI,2026-03-18,15548.443088891574
Nifty Metal TRI,2026-03-19,15046.243589032396
Nifty Metal TRI,2026-03-20,15265.62270390102
Nifty Metal TRI,2026-03-23,14533.246374987122
Nifty Metal TRI,2026-03-24,14795.858466696196
Nifty Metal TRI,2026-03-25,15175.368958295428
Nifty Metal TRI,2026-03-27,14935.42060649957
Nifty Metal TRI,2026-03-30,14906.734129604143
Nifty Metal TRI,2026-04-01,15274.620558044984
Nifty Metal TRI,2026-04-02,15335.08027244583
Nifty Metal TRI,2026-04-06,15508.303984053324
Nifty Metal TRI,2026-04-07,15749.009221389158
Nifty Metal TRI,2026-04-08,16173.37978133717
Nifty Metal TRI,2026-04-09,16376.117690258943
Nifty Metal TRI,2026-04-10,16546.67202139919
Nifty Metal TRI,2026-04-13,16513.06678297689
Nifty Metal TRI,2026-04-15,16807.80210679606
Nifty Metal TRI,2026-04-16,17066.175778261353
Nifty Metal TRI,2026-04-17,17254.380501367585
Nifty Metal TRI,2026-04-20,17189.72654507453
Nifty Metal TRI,2026-04-21,17197.826568690954
Nifty Metal TRI,2026-04-22,17275.40663566885
Nifty Metal TRI,2026-04-23,17134.36348026837
Nifty Metal TRI,2026-04-24,17082.223677390062
Nifty Metal TRI,2026-04-27,17398.911790005597
Nifty Metal TRI,2026-04-28,17487.787790428592
Nifty Metal TRI,2026-04-29,17575.73345782595
Nifty Metal TRI,2026-04-30,17203.605917542307
Nifty Metal TRI,2026-05-04,17394.58898451377
Nifty Metal TRI,2026-05-05,17418.19308163484
Nifty Metal TRI,2026-05-06,17606.811584217463
Nifty Metal TRI,2026-05-07,17655.844667466114
Nifty Metal TRI,2026-05-08,17503.306835453463
Nifty Metal TRI,2026-05-11,17339.086598135975
Nifty Metal TRI,2026-05-12,17279.661764764835
Nifty Metal TRI,2026-05-13,17829.81430610806
Nifty Metal TRI,2026-05-14,18194.9554005478
Nifty Metal TRI,2026-05-15,17844.89577188942
Nifty Metal TRI,2026-05-18,17672.482742461933
Nifty Metal TRI,2026-05-19,17665.120546592345
Nifty Metal TRI,2026-05-20,17696.609379099744
Nifty Metal TRI,2026-05-21,17733.80548863902
Nifty Metal TRI,2026-05-22,17812.74655095541
Nifty Metal TRI,2026-05-25,17915.048952940804
Nifty Metal TRI,2026-05-26,18113.227063490842
Nifty Metal TRI,2026-05-27,18417.286216862907
Nifty Metal TRI,2026-05-29,18046.89166727063
Nifty Metal TRI,2026-06-01,18137.92082587628
Nifty Metal TRI,2026-06-02,18207.5308328612
Nifty Metal TRI,2026-06-03,18178.36641559826
Nifty Metal TRI,2026-06-04,18046.114583591836
Nifty Metal TRI,2026-06-05,17759.180882891855
Nifty Metal TRI,2026-06-08,17348.30001246851
Nifty Metal TRI,2026-06-09,17447.91821536193
Nifty Metal TRI,2026-06-10,17152.409897709866
Nifty Metal TRI,2026-06-11,17109.20095350294
Nifty Metal TRI,2026-06-12,17272.582349424352
Nifty Metal TRI,2026-06-15,17583.61899518217
Nifty Metal TRI,2026-06-16,17312.61635026738
Nifty Metal TRI,2026-06-17,17488.149391663785
Nifty Metal TRI,2026-06-18,17487.753429591867
Nifty Metal TRI,2026-06-19,17502.680571906025
Nifty Metal TRI,2026-06-22,17600.17586810402
Nifty Metal TRI,2026-06-23,17033.615509251333
Nifty Metal TRI,2026-06-24,16966.840275508293
Nifty Metal TRI,2026-06-25,16735.00237191765
Nifty Metal TRI,2026-06-30,16838.397890307897
