index_name,date,tri
Nifty Services Sector TRI,2011-06-30,6884.2998046875
Nifty Services Sector TRI,2011-07-01,6899.975340180187
Nifty Services Sector TRI,2011-07-04,6947.907577765761
Nifty Services Sector TRI,2011-07-05,6956.836106844513
Nifty Services Sector TRI,2011-07-06,6933.658334985281
Nifty Services Sector TRI,2011-07-07,7039.609144836366
Nifty Services Sector TRI,2011-07-08,6964.019441274176
Nifty Services Sector TRI,2011-07-11,6873.368683015255
Nifty Services Sector TRI,2011-07-12,6751.795437968865
Nifty Services Sector TRI,2011-07-13,6810.790894411751
Nifty Services Sector TRI,2011-07-14,6828.621475891952
Nifty Services Sector TRI,2011-07-15,6810.835673077921
Nifty Services Sector TRI,2011-07-18,6806.850367186637
Nifty Services Sector TRI,2011-07-19,6868.861001989209
Nifty Services Sector TRI,2011-07-20,6796.83796342859
Nifty Services Sector TRI,2011-07-21,6763.337115303715
Nifty Services Sector TRI,2011-07-22,6897.904492325316
Nifty Services Sector TRI,2011-07-25,6960.630995693993
Nifty Services Sector TRI,2011-07-26,6840.756385945524
Nifty Services Sector TRI,2011-07-27,6815.406966711683
Nifty Services Sector TRI,2011-07-28,6712.835889396421
Nifty Services Sector TRI,2011-07-29,6739.880323941522
Nifty Services Sector TRI,2011-08-01,6787.039467115911
Nifty Services Sector TRI,2011-08-02,6679.744924043396
Nifty Services Sector TRI,2011-08-03,6621.398084911098
Nifty Services Sector TRI,2011-08-04,6563.998709590896
Nifty Services Sector TRI,2011-08-05,6403.323840950343
Nifty Services Sector TRI,2011-08-08,6255.0620187485465
Nifty Services Sector TRI,2011-08-09,6177.1643423845435
Nifty Services Sector TRI,2011-08-10,6313.247614767944
Nifty Services Sector TRI,2011-08-11,6277.955434807943
Nifty Services Sector TRI,2011-08-12,6160.795569961832
Nifty Services Sector TRI,2011-08-16,6107.868119686726
Nifty Services Sector TRI,2011-08-17,6127.2475432147585
Nifty Services Sector TRI,2011-08-18,5933.688126753768
Nifty Services Sector TRI,2011-08-19,5804.470573305121
Nifty Services Sector TRI,2011-08-22,5819.714581573978
Nifty Services Sector TRI,2011-08-23,5907.2083813185
Nifty Services Sector TRI,2011-08-24,5832.516917379931
Nifty Services Sector TRI,2011-08-25,5739.838003411512
Nifty Services Sector TRI,2011-08-26,5649.356835281214
Nifty Services Sector TRI,2011-08-29,5874.90060909407
Nifty Services Sector TRI,2011-08-30,5984.009439772633
Nifty Services Sector TRI,2011-09-02,5986.249111952158
Nifty Services Sector TRI,2011-09-05,5957.421259296463
Nifty Services Sector TRI,2011-09-06,5984.575531499429
Nifty Services Sector TRI,2011-09-07,6072.568705219333
Nifty Services Sector TRI,2011-09-08,6098.175147279035
Nifty Services Sector TRI,2011-09-09,5986.01397576492
Nifty Services Sector TRI,2011-09-12,5821.001055274199
Nifty Services Sector TRI,2011-09-13,5811.617450283453
Nifty Services Sector TRI,2011-09-14,5910.351835908733
Nifty Services Sector TRI,2011-09-15,6024.430502758287
Nifty Services Sector TRI,2011-09-16,6043.675717535118
Nifty Services Sector TRI,2011-09-19,5981.602328083698
Nifty Services Sector TRI,2011-09-20,6133.453274031219
Nifty Services Sector TRI,2011-09-21,6159.022554278144
Nifty Services Sector TRI,2011-09-22,5902.620819803927
Nifty Services Sector TRI,2011-09-23,5844.000165140387
Nifty Services Sector TRI,2011-09-26,5841.865287564292
Nifty Services Sector TRI,2011-09-27,6002.371475075588
Nifty Services Sector TRI,2011-09-28,5978.145732952415
Nifty Services Sector TRI,2011-09-29,6066.151358495383
Nifty Services Sector TRI,2011-09-30,5969.559094539881
Nifty Services Sector TRI,2011-10-03,5860.052960374216
Nifty Services Sector TRI,2011-10-04,5742.826986257899
Nifty Services Sector TRI,2011-10-05,5686.987237188585
Nifty Services Sector TRI,2011-10-07,5823.096672725055
Nifty Services Sector TRI,2011-10-10,5951.1914212520405
Nifty Services Sector TRI,2011-10-11,5933.1747237611635
Nifty Services Sector TRI,2011-10-12,6109.214744893264
Nifty Services Sector TRI,2011-10-13,6128.880808706421
Nifty Services Sector TRI,2011-10-14,6209.308420777919
Nifty Services Sector TRI,2011-10-17,6211.973927989357
Nifty Services Sector TRI,2011-10-18,6104.892180306045
Nifty Services Sector TRI,2011-10-19,6220.057374975931
Nifty Services Sector TRI,2011-10-20,6163.854867989549
Nifty Services Sector TRI,2011-10-21,6115.175922565064
Nifty Services Sector TRI,2011-10-24,6161.347313709008
Nifty Services Sector TRI,2011-10-25,6224.789725653146
Nifty Services Sector TRI,2011-10-28,6394.963251534698
Nifty Services Sector TRI,2011-10-31,6412.607765945791
Nifty Services Sector TRI,2011-11-01,6340.82654038861
Nifty Services Sector TRI,2011-11-02,6323.51204819726
Nifty Services Sector TRI,2011-11-03,6333.709793540019
Nifty Services Sector TRI,2011-11-04,6358.568487408564
Nifty Services Sector TRI,2011-11-08,6361.558310582262
Nifty Services Sector TRI,2011-11-09,6285.789345263387
Nifty Services Sector TRI,2011-11-11,6166.577476781431
Nifty Services Sector TRI,2011-11-14,6178.130462942085
Nifty Services Sector TRI,2011-11-15,6078.633916955818
Nifty Services Sector TRI,2011-11-16,6037.997585988838
Nifty Services Sector TRI,2011-11-17,5957.577022043503
Nifty Services Sector TRI,2011-11-18,5931.299875411965
Nifty Services Sector TRI,2011-11-21,5763.440837844509
Nifty Services Sector TRI,2011-11-22,5812.208669809977
Nifty Services Sector TRI,2011-11-23,5673.43767650365
Nifty Services Sector TRI,2011-11-24,5740.2418297782815
Nifty Services Sector TRI,2011-11-25,5687.27308948557
Nifty Services Sector TRI,2011-11-28,5860.228217085831
Nifty Services Sector TRI,2011-11-29,5771.881083421313
Nifty Services Sector TRI,2011-11-30,5791.918521561638
Nifty Services Sector TRI,2011-12-01,5931.859079391347
Nifty Services Sector TRI,2011-12-02,6094.473014971099
Nifty Services Sector TRI,2011-12-05,6096.376685054398
Nifty Services Sector TRI,2011-12-07,6122.911112440588
Nifty Services Sector TRI,2011-12-08,6003.333034182648
Nifty Services Sector TRI,2011-12-09,5927.2265679463935
Nifty Services Sector TRI,2011-12-12,5824.904204062602
Nifty Services Sector TRI,2011-12-13,5848.772263438845
Nifty Services Sector TRI,2011-12-14,5800.348760323923
Nifty Services Sector TRI,2011-12-15,5771.931965266897
Nifty Services Sector TRI,2011-12-16,5661.913784675192
Nifty Services Sector TRI,2011-12-19,5556.9777298461195
Nifty Services Sector TRI,2011-12-20,5484.851933523675
Nifty Services Sector TRI,2011-12-21,5696.680078163296
Nifty Services Sector TRI,2011-12-22,5746.348319522765
Nifty Services Sector TRI,2011-12-23,5700.82379881793
Nifty Services Sector TRI,2011-12-26,5791.40710990983
Nifty Services Sector TRI,2011-12-27,5751.9640535088765
Nifty Services Sector TRI,2011-12-28,5706.382151142539
Nifty Services Sector TRI,2011-12-29,5645.254962516166
Nifty Services Sector TRI,2011-12-30,5634.5246853444705
Nifty Services Sector TRI,2012-01-02,5663.599103669831
Nifty Services Sector TRI,2012-01-03,5843.277317507119
Nifty Services Sector TRI,2012-01-04,5837.380599168481
Nifty Services Sector TRI,2012-01-05,5852.966269089583
Nifty Services Sector TRI,2012-01-06,5840.730452137923
Nifty Services Sector TRI,2012-01-09,5829.981597201541
Nifty Services Sector TRI,2012-01-10,5949.576027817167
Nifty Services Sector TRI,2012-01-11,5946.70104694318
Nifty Services Sector TRI,2012-01-12,5877.95537997008
Nifty Services Sector TRI,2012-01-13,5908.139496539384
Nifty Services Sector TRI,2012-01-16,5929.554226347974
Nifty Services Sector TRI,2012-01-17,5992.105587347302
Nifty Services Sector TRI,2012-01-18,5950.929151354974
Nifty Services Sector TRI,2012-01-19,6030.347191626758
Nifty Services Sector TRI,2012-01-20,6122.253203824272
Nifty Services Sector TRI,2012-01-23,6138.508349516614
Nifty Services Sector TRI,2012-01-24,6263.654807398147
Nifty Services Sector TRI,2012-01-25,6312.641404179923
Nifty Services Sector TRI,2012-01-27,6341.44844387655
Nifty Services Sector TRI,2012-01-30,6209.849116992818
Nifty Services Sector TRI,2012-01-31,6377.372573038386
Nifty Services Sector TRI,2012-02-01,6385.536680193481
Nifty Services Sector TRI,2012-02-02,6445.719047083439
Nifty Services Sector TRI,2012-02-03,6528.968368313251
Nifty Services Sector TRI,2012-02-06,6578.056600382509
Nifty Services Sector TRI,2012-02-07,6532.843162820141
Nifty Services Sector TRI,2012-02-08,6567.3557024479605
Nifty Services Sector TRI,2012-02-09,6647.804907572732
Nifty Services Sector TRI,2012-02-10,6611.857345980752
Nifty Services Sector TRI,2012-02-13,6615.376087914864
Nifty Services Sector TRI,2012-02-14,6640.981510490463
Nifty Services Sector TRI,2012-02-15,6826.333832396045
Nifty Services Sector TRI,2012-02-16,6850.940230421519
Nifty Services Sector TRI,2012-02-17,6921.948268703724
Nifty Services Sector TRI,2012-02-21,6955.200544731754
Nifty Services Sector TRI,2012-02-22,6793.781465224081
Nifty Services Sector TRI,2012-02-23,6773.041238073453
Nifty Services Sector TRI,2012-02-24,6699.438456100829
Nifty Services Sector TRI,2012-02-27,6504.000879534278
Nifty Services Sector TRI,2012-02-28,6627.941320862994
Nifty Services Sector TRI,2012-02-29,6622.7653748312305
Nifty Services Sector TRI,2012-03-01,6573.789340504066
Nifty Services Sector TRI,2012-03-02,6620.475993942129
Nifty Services Sector TRI,2012-03-05,6518.745698231585
Nifty Services Sector TRI,2012-03-06,6460.835581780575
Nifty Services Sector TRI,2012-03-07,6486.202148006542
Nifty Services Sector TRI,2012-03-09,6635.299393067235
Nifty Services Sector TRI,2012-03-12,6648.352594300337
Nifty Services Sector TRI,2012-03-13,6705.39477383107
Nifty Services Sector TRI,2012-03-14,6755.3307229448255
Nifty Services Sector TRI,2012-03-15,6639.3730796503405
Nifty Services Sector TRI,2012-03-16,6560.470744534828
Nifty Services Sector TRI,2012-03-19,6437.808989241316
Nifty Services Sector TRI,2012-03-20,6474.482172878306
Nifty Services Sector TRI,2012-03-21,6609.000878810673
Nifty Services Sector TRI,2012-03-22,6440.003097338377
Nifty Services Sector TRI,2012-03-23,6520.359441691292
Nifty Services Sector TRI,2012-03-26,6381.624839302707
Nifty Services Sector TRI,2012-03-27,6463.1498723122995
Nifty Services Sector TRI,2012-03-28,6377.148309643162
Nifty Services Sector TRI,2012-03-29,6349.055572461355
Nifty Services Sector TRI,2012-03-30,6500.812723519823
Nifty Services Sector TRI,2012-04-02,6561.339118926073
Nifty Services Sector TRI,2012-04-03,6611.15157815905
Nifty Services Sector TRI,2012-04-04,6563.130157482393
Nifty Services Sector TRI,2012-04-09,6446.868718718584
Nifty Services Sector TRI,2012-04-10,6454.548368225603
Nifty Services Sector TRI,2012-04-11,6454.456550391558
Nifty Services Sector TRI,2012-04-12,6494.99326491631
Nifty Services Sector TRI,2012-04-13,6302.85487374799
Nifty Services Sector TRI,2012-04-16,6314.375363833835
Nifty Services Sector TRI,2012-04-17,6383.78872396199
Nifty Services Sector TRI,2012-04-18,6378.747018533237
Nifty Services Sector TRI,2012-04-19,6417.877071988048
Nifty Services Sector TRI,2012-04-20,6364.42223547625
Nifty Services Sector TRI,2012-04-23,6227.00922489863
Nifty Services Sector TRI,2012-04-24,6288.205186491695
Nifty Services Sector TRI,2012-04-25,6237.362555720002
Nifty Services Sector TRI,2012-04-26,6207.825630179649
Nifty Services Sector TRI,2012-04-27,6231.155252217438
Nifty Services Sector TRI,2012-04-30,6324.232064279132
Nifty Services Sector TRI,2012-05-02,6341.766155748538
Nifty Services Sector TRI,2012-05-03,6280.558804797494
Nifty Services Sector TRI,2012-05-04,6149.8996512347385
Nifty Services Sector TRI,2012-05-07,6183.688757770305
Nifty Services Sector TRI,2012-05-08,6028.863880161457
Nifty Services Sector TRI,2012-05-09,5959.198107696224
Nifty Services Sector TRI,2012-05-10,5957.372049078793
Nifty Services Sector TRI,2012-05-11,5920.13246858473
Nifty Services Sector TRI,2012-05-14,5888.0236413669
Nifty Services Sector TRI,2012-05-15,5929.949621949558
Nifty Services Sector TRI,2012-05-16,5819.540138883242
Nifty Services Sector TRI,2012-05-17,5835.242572624681
Nifty Services Sector TRI,2012-05-18,5880.505716238988
Nifty Services Sector TRI,2012-05-21,5904.277737500803
Nifty Services Sector TRI,2012-05-22,5855.247496265464
Nifty Services Sector TRI,2012-05-23,5823.246106427062
Nifty Services Sector TRI,2012-05-24,5956.558698641006
Nifty Services Sector TRI,2012-05-25,5957.208308432429
Nifty Services Sector TRI,2012-05-28,6053.679253320776
Nifty Services Sector TRI,2012-05-29,6070.70947495401
Nifty Services Sector TRI,2012-05-30,6023.997404926651
Nifty Services Sector TRI,2012-05-31,6001.293834757763
Nifty Services Sector TRI,2012-06-01,5897.805134099651
Nifty Services Sector TRI,2012-06-04,5901.264926744905
Nifty Services Sector TRI,2012-06-05,5939.37761377456
Nifty Services Sector TRI,2012-06-06,6087.464249434219
Nifty Services Sector TRI,2012-06-07,6166.946129832174
Nifty Services Sector TRI,2012-06-08,6173.316553306706
Nifty Services Sector TRI,2012-06-11,6168.813568244362
Nifty Services Sector TRI,2012-06-12,6243.456386250168
Nifty Services Sector TRI,2012-06-13,6239.918175383049
Nifty Services Sector TRI,2012-06-14,6137.252614601949
Nifty Services Sector TRI,2012-06-15,6236.532528993738
Nifty Services Sector TRI,2012-06-18,6113.370773943182
Nifty Services Sector TRI,2012-06-19,6135.270269876559
Nifty Services Sector TRI,2012-06-20,6138.758649343179
Nifty Services Sector TRI,2012-06-21,6211.145982798039
Nifty Services Sector TRI,2012-06-22,6201.029173948477
Nifty Services Sector TRI,2012-06-25,6158.683120073035
Nifty Services Sector TRI,2012-06-26,6173.25333004957
Nifty Services Sector TRI,2012-06-27,6216.663871766325
Nifty Services Sector TRI,2012-06-28,6212.97076314184
Nifty Services Sector TRI,2012-06-29,6368.6665994351815
Nifty Services Sector TRI,2012-07-02,6399.096386399725
Nifty Services Sector TRI,2012-07-03,6434.324963055026
Nifty Services Sector TRI,2012-07-04,6464.140695152059
Nifty Services Sector TRI,2012-07-05,6500.234143956998
Nifty Services Sector TRI,2012-07-06,6488.80587044494
Nifty Services Sector TRI,2012-07-09,6441.60942005355
Nifty Services Sector TRI,2012-07-10,6520.5304266511475
Nifty Services Sector TRI,2012-07-11,6493.104881407811
Nifty Services Sector TRI,2012-07-12,6354.96964420879
Nifty Services Sector TRI,2012-07-13,6344.495994581892
Nifty Services Sector TRI,2012-07-16,6306.842804674429
Nifty Services Sector TRI,2012-07-17,6298.290003906913
Nifty Services Sector TRI,2012-07-18,6326.494541900153
Nifty Services Sector TRI,2012-07-19,6363.207595872345
Nifty Services Sector TRI,2012-07-20,6305.135035227489
Nifty Services Sector TRI,2012-07-23,6195.410160204707
Nifty Services Sector TRI,2012-07-24,6190.396087181949
Nifty Services Sector TRI,2012-07-25,6173.379786480891
Nifty Services Sector TRI,2012-07-26,6081.510302912049
Nifty Services Sector TRI,2012-07-27,6137.317995647824
Nifty Services Sector TRI,2012-07-30,6272.144062591515
Nifty Services Sector TRI,2012-07-31,6286.481149631629
Nifty Services Sector TRI,2012-08-01,6300.666808273529
Nifty Services Sector TRI,2012-08-02,6288.512863632045
Nifty Services Sector TRI,2012-08-03,6272.862555916511
Nifty Services Sector TRI,2012-08-06,6334.322545823015
Nifty Services Sector TRI,2012-08-07,6422.431591428849
Nifty Services Sector TRI,2012-08-08,6386.010118495051
Nifty Services Sector TRI,2012-08-09,6323.745893203238
Nifty Services Sector TRI,2012-08-10,6315.2877188183875
Nifty Services Sector TRI,2012-08-13,6371.293083524257
Nifty Services Sector TRI,2012-08-14,6400.538713614202
Nifty Services Sector TRI,2012-08-16,6377.391072205311
Nifty Services Sector TRI,2012-08-17,6386.012138330343
Nifty Services Sector TRI,2012-08-21,6470.176457242066
Nifty Services Sector TRI,2012-08-22,6448.743508019275
Nifty Services Sector TRI,2012-08-23,6466.290388134333
Nifty Services Sector TRI,2012-08-24,6420.06720835846
Nifty Services Sector TRI,2012-08-27,6348.757251082281
Nifty Services Sector TRI,2012-08-28,6345.871670297235
Nifty Services Sector TRI,2012-08-29,6293.806913399308
Nifty Services Sector TRI,2012-08-30,6341.773985042535
Nifty Services Sector TRI,2012-08-31,6295.4856163243485
Nifty Services Sector TRI,2012-09-03,6281.7519696812515
Nifty Services Sector TRI,2012-09-04,6298.539039853299
Nifty Services Sector TRI,2012-09-05,6249.605033987045
Nifty Services Sector TRI,2012-09-06,6303.210608986274
Nifty Services Sector TRI,2012-09-07,6415.142383202576
Nifty Services Sector TRI,2012-09-10,6424.393405540881
Nifty Services Sector TRI,2012-09-11,6485.3681028109395
Nifty Services Sector TRI,2012-09-12,6505.818855014092
Nifty Services Sector TRI,2012-09-13,6508.6181236104785
Nifty Services Sector TRI,2012-09-14,6686.831897830349
Nifty Services Sector TRI,2012-09-17,6756.939331144367
Nifty Services Sector TRI,2012-09-18,6771.568057407268
Nifty Services Sector TRI,2012-09-20,6729.340811071473
Nifty Services Sector TRI,2012-09-21,6899.585398117467
Nifty Services Sector TRI,2012-09-24,6891.4828878318585
Nifty Services Sector TRI,2012-09-25,6899.218151059773
Nifty Services Sector TRI,2012-09-26,6873.055099093057
Nifty Services Sector TRI,2012-09-27,6850.08738923272
Nifty Services Sector TRI,2012-09-28,6899.1839362816945
Nifty Services Sector TRI,2012-10-01,6914.680034178597
Nifty Services Sector TRI,2012-10-03,6923.456285650459
Nifty Services Sector TRI,2012-10-04,7011.345252167878
Nifty Services Sector TRI,2012-10-05,6895.075922751906
Nifty Services Sector TRI,2012-10-08,6828.993209637684
Nifty Services Sector TRI,2012-10-09,6860.083341813648
Nifty Services Sector TRI,2012-10-10,6770.088850899066
Nifty Services Sector TRI,2012-10-11,6843.980049445792
Nifty Services Sector TRI,2012-10-12,6770.429423262666
Nifty Services Sector TRI,2012-10-15,6774.495045157087
Nifty Services Sector TRI,2012-10-16,6745.771676438999
Nifty Services Sector TRI,2012-10-17,6765.390692698035
Nifty Services Sector TRI,2012-10-18,6854.7870069460105
Nifty Services Sector TRI,2012-10-19,6803.00732871415
Nifty Services Sector TRI,2012-10-22,6851.010256051446
Nifty Services Sector TRI,2012-10-23,6821.7237627865625
Nifty Services Sector TRI,2012-10-25,6840.506631970954
Nifty Services Sector TRI,2012-10-29,6781.149306880212
Nifty Services Sector TRI,2012-10-30,6703.489483133081
Nifty Services Sector TRI,2012-10-31,6743.691980219416
Nifty Services Sector TRI,2012-11-01,6781.661408427063
Nifty Services Sector TRI,2012-11-02,6845.3425729596365
Nifty Services Sector TRI,2012-11-05,6844.793569148897
Nifty Services Sector TRI,2012-11-06,6878.148509232451
Nifty Services Sector TRI,2012-11-07,6949.2622032083
Nifty Services Sector TRI,2012-11-08,6918.998246669703
Nifty Services Sector TRI,2012-11-09,6852.294374751072
Nifty Services Sector TRI,2012-11-12,6894.946877542463
Nifty Services Sector TRI,2012-11-15,6861.211066315478
Nifty Services Sector TRI,2012-11-16,6794.438875190262
Nifty Services Sector TRI,2012-11-19,6770.601828067784
Nifty Services Sector TRI,2012-11-20,6786.1756622166895
Nifty Services Sector TRI,2012-11-21,6832.4072846869985
Nifty Services Sector TRI,2012-11-22,6860.694994189414
Nifty Services Sector TRI,2012-11-23,6858.732905277541
Nifty Services Sector TRI,2012-11-26,6877.30354971022
Nifty Services Sector TRI,2012-11-27,7004.652488749075
Nifty Services Sector TRI,2012-11-29,7133.717104875493
Nifty Services Sector TRI,2012-11-30,7231.13374470718
Nifty Services Sector TRI,2012-12-03,7202.496111554245
Nifty Services Sector TRI,2012-12-04,7239.351517574947
Nifty Services Sector TRI,2012-12-05,7229.059204384664
Nifty Services Sector TRI,2012-12-06,7256.050419840361
Nifty Services Sector TRI,2012-12-07,7211.168851511059
Nifty Services Sector TRI,2012-12-10,7226.52624978063
Nifty Services Sector TRI,2012-12-11,7201.2239230381165
Nifty Services Sector TRI,2012-12-12,7173.986798578684
Nifty Services Sector TRI,2012-12-13,7151.581136866222
Nifty Services Sector TRI,2012-12-14,7194.2471292303435
Nifty Services Sector TRI,2012-12-17,7147.935975593719
Nifty Services Sector TRI,2012-12-18,7204.9569543824255
Nifty Services Sector TRI,2012-12-19,7226.20819701308
Nifty Services Sector TRI,2012-12-20,7224.866374650677
Nifty Services Sector TRI,2012-12-21,7153.8061953223205
Nifty Services Sector TRI,2012-12-24,7181.277486617462
Nifty Services Sector TRI,2012-12-26,7242.671467708163
Nifty Services Sector TRI,2012-12-27,7203.053737500532
Nifty Services Sector TRI,2012-12-28,7239.632667549053
Nifty Services Sector TRI,2012-12-31,7234.843741862454
Nifty Services Sector TRI,2013-01-01,7300.242125040442
Nifty Services Sector TRI,2013-01-02,7363.405050203165
Nifty Services Sector TRI,2013-01-03,7392.461081911141
Nifty Services Sector TRI,2013-01-04,7407.77302381434
Nifty Services Sector TRI,2013-01-07,7369.088215410737
Nifty Services Sector TRI,2013-01-08,7390.307829332844
Nifty Services Sector TRI,2013-01-09,7360.912957337878
Nifty Services Sector TRI,2013-01-10,7360.644130168549
Nifty Services Sector TRI,2013-01-11,7446.641610806815
Nifty Services Sector TRI,2013-01-14,7567.666338506567
Nifty Services Sector TRI,2013-01-15,7605.449865092339
Nifty Services Sector TRI,2013-01-16,7518.348441200582
Nifty Services Sector TRI,2013-01-17,7549.307387236053
Nifty Services Sector TRI,2013-01-18,7566.974208209329
Nifty Services Sector TRI,2013-01-21,7559.310335796869
Nifty Services Sector TRI,2013-01-22,7512.639082003087
Nifty Services Sector TRI,2013-01-23,7545.081449433233
Nifty Services Sector TRI,2013-01-24,7482.358133483434
Nifty Services Sector TRI,2013-01-25,7543.994609277191
Nifty Services Sector TRI,2013-01-28,7566.031946119208
Nifty Services Sector TRI,2013-01-29,7529.133541162125
Nifty Services Sector TRI,2013-01-30,7516.436381017057
Nifty Services Sector TRI,2013-01-31,7485.139287090556
Nifty Services Sector TRI,2013-02-01,7427.748302169497
Nifty Services Sector TRI,2013-02-04,7429.036986013953
Nifty Services Sector TRI,2013-02-05,7393.552068010969
Nifty Services Sector TRI,2013-02-06,7407.045157670678
Nifty Services Sector TRI,2013-02-07,7383.331427637146
Nifty Services Sector TRI,2013-02-08,7375.060286718987
Nifty Services Sector TRI,2013-02-11,7366.913357622262
Nifty Services Sector TRI,2013-02-12,7374.953453655999
Nifty Services Sector TRI,2013-02-13,7406.342546924289
Nifty Services Sector TRI,2013-02-14,7371.051006268521
Nifty Services Sector TRI,2013-02-15,7375.421143255884
Nifty Services Sector TRI,2013-02-18,7391.338044334419
Nifty Services Sector TRI,2013-02-19,7434.818369396382
Nifty Services Sector TRI,2013-02-20,7418.387497396364
Nifty Services Sector TRI,2013-02-21,7299.153358815494
Nifty Services Sector TRI,2013-02-22,7325.807249938681
Nifty Services Sector TRI,2013-02-25,7361.459636662194
Nifty Services Sector TRI,2013-02-26,7289.329324500266
Nifty Services Sector TRI,2013-02-27,7310.682723851983
Nifty Services Sector TRI,2013-02-28,7143.524907844486
Nifty Services Sector TRI,2013-03-01,7171.199379254759
Nifty Services Sector TRI,2013-03-04,7175.523605712382
Nifty Services Sector TRI,2013-03-05,7278.038497085529
Nifty Services Sector TRI,2013-03-06,7336.483928598006
Nifty Services Sector TRI,2013-03-07,7400.952468629353
Nifty Services Sector TRI,2013-03-08,7500.423679523497
Nifty Services Sector TRI,2013-03-11,7498.046388915149
Nifty Services Sector TRI,2013-03-12,7425.734467021816
Nifty Services Sector TRI,2013-03-13,7302.085786460341
Nifty Services Sector TRI,2013-03-14,7391.673634307354
Nifty Services Sector TRI,2013-03-15,7337.160590271591
Nifty Services Sector TRI,2013-03-18,7285.671395942521
Nifty Services Sector TRI,2013-03-19,7157.400615651869
Nifty Services Sector TRI,2013-03-20,7044.279258221742
Nifty Services Sector TRI,2013-03-21,7059.668121151042
Nifty Services Sector TRI,2013-03-22,7045.607184397346
Nifty Services Sector TRI,2013-03-25,7024.858168180873
Nifty Services Sector TRI,2013-03-26,7071.183602566394
Nifty Services Sector TRI,2013-03-28,7165.273355592339
Nifty Services Sector TRI,2013-04-01,7206.494207551283
Nifty Services Sector TRI,2013-04-02,7241.143308915654
Nifty Services Sector TRI,2013-04-03,7155.903854059729
Nifty Services Sector TRI,2013-04-04,7000.75322750344
Nifty Services Sector TRI,2013-04-05,6952.215352096677
Nifty Services Sector TRI,2013-04-08,6910.45804995687
Nifty Services Sector TRI,2013-04-09,6853.534997291363
Nifty Services Sector TRI,2013-04-10,6999.673780347982
Nifty Services Sector TRI,2013-04-11,7059.65945535226
Nifty Services Sector TRI,2013-04-12,6861.408539418478
Nifty Services Sector TRI,2013-04-15,6902.485769958785
Nifty Services Sector TRI,2013-04-16,7044.517242737186
Nifty Services Sector TRI,2013-04-17,7037.646375702675
Nifty Services Sector TRI,2013-04-18,7185.975015617871
Nifty Services Sector TRI,2013-04-22,7275.202023235838
Nifty Services Sector TRI,2013-04-23,7271.454358831477
Nifty Services Sector TRI,2013-04-25,7351.2840749353
Nifty Services Sector TRI,2013-04-26,7296.0298635956415
Nifty Services Sector TRI,2013-04-29,7330.269554754747
Nifty Services Sector TRI,2013-04-30,7317.323675629847
Nifty Services Sector TRI,2013-05-02,7438.062099665153
Nifty Services Sector TRI,2013-05-03,7337.564684649415
Nifty Services Sector TRI,2013-05-06,7371.202616937292
Nifty Services Sector TRI,2013-05-07,7458.292708097643
Nifty Services Sector TRI,2013-05-08,7495.546491237494
Nifty Services Sector TRI,2013-05-09,7488.020775611227
Nifty Services Sector TRI,2013-05-10,7528.550506269387
Nifty Services Sector TRI,2013-05-13,7403.564638858485
Nifty Services Sector TRI,2013-05-14,7436.018014669161
Nifty Services Sector TRI,2013-05-15,7649.631117364562
Nifty Services Sector TRI,2013-05-16,7673.555350378967
Nifty Services Sector TRI,2013-05-17,7705.816461579538
Nifty Services Sector TRI,2013-05-20,7661.824408193831
Nifty Services Sector TRI,2013-05-21,7633.128427043476
Nifty Services Sector TRI,2013-05-22,7618.188690474793
Nifty Services Sector TRI,2013-05-23,7464.2876962413575
Nifty Services Sector TRI,2013-05-24,7495.474921919435
Nifty Services Sector TRI,2013-05-27,7626.030996673127
Nifty Services Sector TRI,2013-05-28,7629.349229227635
Nifty Services Sector TRI,2013-05-29,7575.426031118854
Nifty Services Sector TRI,2013-05-30,7571.682853625052
Nifty Services Sector TRI,2013-05-31,7425.414243665307
Nifty Services Sector TRI,2013-06-03,7406.085833867309
Nifty Services Sector TRI,2013-06-04,7359.15387466834
Nifty Services Sector TRI,2013-06-05,7335.704347740761
Nifty Services Sector TRI,2013-06-06,7343.7725168393945
Nifty Services Sector TRI,2013-06-07,7299.034592361626
Nifty Services Sector TRI,2013-06-10,7285.932615342131
Nifty Services Sector TRI,2013-06-11,7152.702454067886
Nifty Services Sector TRI,2013-06-12,7104.675356025656
Nifty Services Sector TRI,2013-06-13,7026.60258020149
Nifty Services Sector TRI,2013-06-14,7148.234171296516
Nifty Services Sector TRI,2013-06-17,7199.097134375942
Nifty Services Sector TRI,2013-06-18,7153.468028481227
Nifty Services Sector TRI,2013-06-19,7177.299880464246
Nifty Services Sector TRI,2013-06-20,6936.730139166492
Nifty Services Sector TRI,2013-06-21,6960.454468061612
Nifty Services Sector TRI,2013-06-24,6877.2227318734695
Nifty Services Sector TRI,2013-06-25,6863.62342409706
Nifty Services Sector TRI,2013-06-26,6848.743187023711
Nifty Services Sector TRI,2013-06-27,6992.335315335948
Nifty Services Sector TRI,2013-06-28,7192.876532530169
Nifty Services Sector TRI,2013-07-01,7238.748358906797
Nifty Services Sector TRI,2013-07-02,7176.353351474833
Nifty Services Sector TRI,2013-07-03,7047.889421654883
Nifty Services Sector TRI,2013-07-04,7115.620509001855
Nifty Services Sector TRI,2013-07-05,7118.311186446051
Nifty Services Sector TRI,2013-07-08,7040.998525779915
Nifty Services Sector TRI,2013-07-09,7118.93400639098
Nifty Services Sector TRI,2013-07-10,7091.4536081381675
Nifty Services Sector TRI,2013-07-11,7251.921400105276
Nifty Services Sector TRI,2013-07-12,7410.1459293817215
Nifty Services Sector TRI,2013-07-15,7427.573780606407
Nifty Services Sector TRI,2013-07-16,7235.58378471909
Nifty Services Sector TRI,2013-07-17,7186.735149977216
Nifty Services Sector TRI,2013-07-18,7284.476458740051
Nifty Services Sector TRI,2013-07-19,7253.6627317906605
Nifty Services Sector TRI,2013-07-22,7335.596525422114
Nifty Services Sector TRI,2013-07-23,7386.365464543272
Nifty Services Sector TRI,2013-07-24,7230.350768235734
Nifty Services Sector TRI,2013-07-25,7205.8843715566145
Nifty Services Sector TRI,2013-07-26,7159.173502449182
Nifty Services Sector TRI,2013-07-29,7113.385165059396
Nifty Services Sector TRI,2013-07-30,7063.896997031462
Nifty Services Sector TRI,2013-07-31,7044.905233225841
Nifty Services Sector TRI,2013-08-01,7080.146873408464
Nifty Services Sector TRI,2013-08-02,7030.3453689143635
Nifty Services Sector TRI,2013-08-05,7073.689514343419
Nifty Services Sector TRI,2013-08-06,6868.942867248562
Nifty Services Sector TRI,2013-08-07,6841.37838041257
Nifty Services Sector TRI,2013-08-08,6911.743589523371
Nifty Services Sector TRI,2013-08-12,6926.133100932457
Nifty Services Sector TRI,2013-08-13,7099.127462886742
Nifty Services Sector TRI,2013-08-14,7109.103150852339
Nifty Services Sector TRI,2013-08-16,6802.667708365564
Nifty Services Sector TRI,2013-08-19,6695.775393897532
Nifty Services Sector TRI,2013-08-20,6671.424834908362
Nifty Services Sector TRI,2013-08-21,6643.430427420524
Nifty Services Sector TRI,2013-08-22,6710.281573259521
Nifty Services Sector TRI,2013-08-23,6794.83553609048
Nifty Services Sector TRI,2013-08-26,6782.5216262311515
Nifty Services Sector TRI,2013-08-27,6523.959879595797
Nifty Services Sector TRI,2013-08-28,6505.856318243522
Nifty Services Sector TRI,2013-08-29,6647.320933001248
Nifty Services Sector TRI,2013-08-30,6756.213334744748
Nifty Services Sector TRI,2013-09-02,6813.8862789236955
Nifty Services Sector TRI,2013-09-03,6560.244224618153
Nifty Services Sector TRI,2013-09-04,6699.942148332105
Nifty Services Sector TRI,2013-09-05,6903.748330989422
Nifty Services Sector TRI,2013-09-06,7029.866284801243
Nifty Services Sector TRI,2013-09-10,7253.910167717249
Nifty Services Sector TRI,2013-09-11,7294.030791375178
Nifty Services Sector TRI,2013-09-12,7206.850810872435
Nifty Services Sector TRI,2013-09-13,7189.427215319884
Nifty Services Sector TRI,2013-09-16,7212.772285536397
Nifty Services Sector TRI,2013-09-17,7207.668254399258
Nifty Services Sector TRI,2013-09-18,7256.884121333086
Nifty Services Sector TRI,2013-09-19,7535.0443578386985
Nifty Services Sector TRI,2013-09-20,7374.2711103239
Nifty Services Sector TRI,2013-09-23,7201.994495918557
Nifty Services Sector TRI,2013-09-24,7197.1973052324665
Nifty Services Sector TRI,2013-09-25,7182.693735947141
Nifty Services Sector TRI,2013-09-26,7188.474601652921
Nifty Services Sector TRI,2013-09-27,7110.286986984139
Nifty Services Sector TRI,2013-09-30,6992.33714481003
Nifty Services Sector TRI,2013-10-01,7093.187402352301
Nifty Services Sector TRI,2013-10-03,7277.288320491893
Nifty Services Sector TRI,2013-10-04,7257.235300107469
Nifty Services Sector TRI,2013-10-07,7257.380955809564
Nifty Services Sector TRI,2013-10-08,7274.5719067936625
Nifty Services Sector TRI,2013-10-09,7389.637588402465
Nifty Services Sector TRI,2013-10-10,7392.2938367430925
Nifty Services Sector TRI,2013-10-11,7559.830738742691
Nifty Services Sector TRI,2013-10-14,7617.5578038540725
Nifty Services Sector TRI,2013-10-15,7559.893005866289
Nifty Services Sector TRI,2013-10-17,7444.1927525526235
Nifty Services Sector TRI,2013-10-18,7631.349876153936
Nifty Services Sector TRI,2013-10-21,7645.871994865065
Nifty Services Sector TRI,2013-10-22,7666.938315373061
Nifty Services Sector TRI,2013-10-23,7648.221644057755
Nifty Services Sector TRI,2013-10-24,7604.162960799709
Nifty Services Sector TRI,2013-10-25,7630.72979367059
Nifty Services Sector TRI,2013-10-28,7584.5410355764025
Nifty Services Sector TRI,2013-10-29,7760.356605908231
Nifty Services Sector TRI,2013-10-30,7802.665356262818
Nifty Services Sector TRI,2013-10-31,7891.8154567655165
Nifty Services Sector TRI,2013-11-01,7925.95643139697
Nifty Services Sector TRI,2013-11-05,7856.080006398013
Nifty Services Sector TRI,2013-11-06,7816.27690429584
Nifty Services Sector TRI,2013-11-07,7764.334880432777
Nifty Services Sector TRI,2013-11-08,7689.247040881808
Nifty Services Sector TRI,2013-11-11,7634.9162965311825
Nifty Services Sector TRI,2013-11-12,7548.190435055991
Nifty Services Sector TRI,2013-11-13,7503.0703122813875
Nifty Services Sector TRI,2013-11-14,7605.110196588779
Nifty Services Sector TRI,2013-11-18,7773.761207699904
Nifty Services Sector TRI,2013-11-19,7803.956803490082
Nifty Services Sector TRI,2013-11-20,7688.659734058629
Nifty Services Sector TRI,2013-11-21,7520.208470306891
Nifty Services Sector TRI,2013-11-22,7528.06873751477
Nifty Services Sector TRI,2013-11-25,7673.552388028488
Nifty Services Sector TRI,2013-11-26,7593.786076101642
Nifty Services Sector TRI,2013-11-27,7569.024962367511
Nifty Services Sector TRI,2013-11-28,7599.06788802455
Nifty Services Sector TRI,2013-11-29,7713.306326008238
Nifty Services Sector TRI,2013-12-02,7776.801668587951
Nifty Services Sector TRI,2013-12-03,7754.974995680123
Nifty Services Sector TRI,2013-12-04,7728.257620323889
Nifty Services Sector TRI,2013-12-05,7881.435969971394
Nifty Services Sector TRI,2013-12-06,7896.569742383363
Nifty Services Sector TRI,2013-12-09,8035.412057911544
Nifty Services Sector TRI,2013-12-10,7974.823417650426
Nifty Services Sector TRI,2013-12-11,7952.997442221884
Nifty Services Sector TRI,2013-12-12,7902.28730328223
Nifty Services Sector TRI,2013-12-13,7786.597898609239
Nifty Services Sector TRI,2013-12-16,7820.933361661134
Nifty Services Sector TRI,2013-12-17,7765.885464500617
Nifty Services Sector TRI,2013-12-18,7855.276413977717
Nifty Services Sector TRI,2013-12-19,7790.389893605366
Nifty Services Sector TRI,2013-12-20,7931.079952504961
Nifty Services Sector TRI,2013-12-23,7908.474380933597
Nifty Services Sector TRI,2013-12-24,7881.435065270381
Nifty Services Sector TRI,2013-12-26,7914.503203241603
Nifty Services Sector TRI,2013-12-27,7991.150842735631
Nifty Services Sector TRI,2013-12-30,7947.785366819274
Nifty Services Sector TRI,2013-12-31,7963.912475347111
Nifty Services Sector TRI,2014-01-01,7957.73277470437
Nifty Services Sector TRI,2014-01-02,7878.187914417012
Nifty Services Sector TRI,2014-01-03,7925.793879902791
Nifty Services Sector TRI,2014-01-06,7876.1768643436
Nifty Services Sector TRI,2014-01-07,7828.770268244154
Nifty Services Sector TRI,2014-01-08,7842.578779643839
Nifty Services Sector TRI,2014-01-09,7831.3947458420635
Nifty Services Sector TRI,2014-01-10,7839.38053910871
Nifty Services Sector TRI,2014-01-13,8006.92722035767
Nifty Services Sector TRI,2014-01-14,7970.33744744998
Nifty Services Sector TRI,2014-01-15,8076.000988036879
Nifty Services Sector TRI,2014-01-16,8072.502160900234
Nifty Services Sector TRI,2014-01-17,7925.861721904213
Nifty Services Sector TRI,2014-01-20,8031.440047863627
Nifty Services Sector TRI,2014-01-21,8053.921573110968
Nifty Services Sector TRI,2014-01-22,8081.250304823377
Nifty Services Sector TRI,2014-01-23,8093.114195197223
Nifty Services Sector TRI,2014-01-24,7992.016995228005
Nifty Services Sector TRI,2014-01-27,7804.340480853443
Nifty Services Sector TRI,2014-01-28,7759.115981274823
Nifty Services Sector TRI,2014-01-29,7745.343975563634
Nifty Services Sector TRI,2014-01-30,7670.411580589111
Nifty Services Sector TRI,2014-01-31,7714.650734087283
Nifty Services Sector TRI,2014-02-03,7593.176437827303
Nifty Services Sector TRI,2014-02-04,7584.553320566683
Nifty Services Sector TRI,2014-02-05,7625.598457495019
Nifty Services Sector TRI,2014-02-06,7618.781083616782
Nifty Services Sector TRI,2014-02-07,7619.700858249756
Nifty Services Sector TRI,2014-02-10,7556.687203901699
Nifty Services Sector TRI,2014-02-11,7589.846655412596
Nifty Services Sector TRI,2014-02-12,7642.251394032844
Nifty Services Sector TRI,2014-02-13,7542.569574686698
Nifty Services Sector TRI,2014-02-14,7614.632697316758
Nifty Services Sector TRI,2014-02-17,7666.563608566716
Nifty Services Sector TRI,2014-02-18,7768.464393153171
Nifty Services Sector TRI,2014-02-19,7816.80971576866
Nifty Services Sector TRI,2014-02-20,7719.639476319347
Nifty Services Sector TRI,2014-02-21,7796.781916980819
Nifty Services Sector TRI,2014-02-24,7806.422751889953
Nifty Services Sector TRI,2014-02-25,7832.173731820852
Nifty Services Sector TRI,2014-02-26,7870.829049235553
Nifty Services Sector TRI,2014-02-28,7921.1526484151855
Nifty Services Sector TRI,2014-03-03,7840.780298796819
Nifty Services Sector TRI,2014-03-04,7942.372304289994
Nifty Services Sector TRI,2014-03-05,7999.8829324690105
Nifty Services Sector TRI,2014-03-06,8089.612232855714
Nifty Services Sector TRI,2014-03-07,8237.015788201355
Nifty Services Sector TRI,2014-03-10,8247.220146210107
Nifty Services Sector TRI,2014-03-11,8239.640935319598
Nifty Services Sector TRI,2014-03-12,8250.65078387087
Nifty Services Sector TRI,2014-03-13,8164.01315072335
Nifty Services Sector TRI,2014-03-14,8120.386079934303
Nifty Services Sector TRI,2014-03-18,8120.2077416721395
Nifty Services Sector TRI,2014-03-19,8099.813708579689
Nifty Services Sector TRI,2014-03-20,8055.917690354218
Nifty Services Sector TRI,2014-03-21,8090.477053285013
Nifty Services Sector TRI,2014-03-24,8213.231100056266
Nifty Services Sector TRI,2014-03-25,8225.845345185955
Nifty Services Sector TRI,2014-03-26,8216.918635084823
Nifty Services Sector TRI,2014-03-27,8271.689956511149
Nifty Services Sector TRI,2014-03-28,8364.024140647887
Nifty Services Sector TRI,2014-03-31,8370.372265739965
Nifty Services Sector TRI,2014-04-01,8379.94623767618
Nifty Services Sector TRI,2014-04-02,8458.81237529971
Nifty Services Sector TRI,2014-04-03,8403.95302661776
Nifty Services Sector TRI,2014-04-04,8349.142063450581
Nifty Services Sector TRI,2014-04-07,8342.05315819195
Nifty Services Sector TRI,2014-04-09,8476.457855691206
Nifty Services Sector TRI,2014-04-10,8476.78718264207
Nifty Services Sector TRI,2014-04-11,8473.858834614648
Nifty Services Sector TRI,2014-04-15,8415.673680672304
Nifty Services Sector TRI,2014-04-16,8314.832157701863
Nifty Services Sector TRI,2014-04-17,8430.853543394776
Nifty Services Sector TRI,2014-04-21,8473.111483494611
Nifty Services Sector TRI,2014-04-22,8463.357146647231
Nifty Services Sector TRI,2014-04-23,8503.499564615211
Nifty Services Sector TRI,2014-04-25,8489.57606028371
Nifty Services Sector TRI,2014-04-28,8476.754756038195
Nifty Services Sector TRI,2014-04-29,8423.142593606422
Nifty Services Sector TRI,2014-04-30,8388.76597433822
Nifty Services Sector TRI,2014-05-02,8424.898800671153
Nifty Services Sector TRI,2014-05-05,8368.824117067896
Nifty Services Sector TRI,2014-05-06,8360.924337838436
Nifty Services Sector TRI,2014-05-07,8250.49349043586
Nifty Services Sector TRI,2014-05-08,8279.370909490857
Nifty Services Sector TRI,2014-05-09,8578.923017512438
Nifty Services Sector TRI,2014-05-12,8745.950652081985
Nifty Services Sector TRI,2014-05-13,8870.724777637164
Nifty Services Sector TRI,2014-05-14,8865.73714464117
Nifty Services Sector TRI,2014-05-15,8895.055051341902
Nifty Services Sector TRI,2014-05-16,9028.487422676142
Nifty Services Sector TRI,2014-05-19,9114.399462339901
Nifty Services Sector TRI,2014-05-20,9176.956112858454
Nifty Services Sector TRI,2014-05-21,9137.715218091807
Nifty Services Sector TRI,2014-05-22,9153.3332655337
Nifty Services Sector TRI,2014-05-23,9271.019383842855
Nifty Services Sector TRI,2014-05-26,9242.629150498393
Nifty Services Sector TRI,2014-05-27,9178.691342677646
Nifty Services Sector TRI,2014-05-28,9237.383889713823
Nifty Services Sector TRI,2014-05-29,9076.06533576393
Nifty Services Sector TRI,2014-05-30,9026.352453220583
Nifty Services Sector TRI,2014-06-02,9218.026789322597
Nifty Services Sector TRI,2014-06-03,9242.766926017077
Nifty Services Sector TRI,2014-06-04,9207.755499358478
Nifty Services Sector TRI,2014-06-05,9263.046988256192
Nifty Services Sector TRI,2014-06-06,9378.769681490634
Nifty Services Sector TRI,2014-06-09,9452.863463058844
Nifty Services Sector TRI,2014-06-10,9479.117907686441
Nifty Services Sector TRI,2014-06-11,9509.051953728613
Nifty Services Sector TRI,2014-06-12,9534.015136822438
Nifty Services Sector TRI,2014-06-13,9381.328763500176
Nifty Services Sector TRI,2014-06-16,9390.017716160495
Nifty Services Sector TRI,2014-06-17,9523.45067546122
Nifty Services Sector TRI,2014-06-18,9439.16895258267
Nifty Services Sector TRI,2014-06-19,9443.880525265642
Nifty Services Sector TRI,2014-06-20,9429.062244533185
Nifty Services Sector TRI,2014-06-23,9407.60448185438
Nifty Services Sector TRI,2014-06-24,9516.353542956878
Nifty Services Sector TRI,2014-06-25,9506.40584415164
Nifty Services Sector TRI,2014-06-26,9423.914997143635
Nifty Services Sector TRI,2014-06-27,9473.708040461262
Nifty Services Sector TRI,2014-06-30,9625.12788983909
Nifty Services Sector TRI,2014-07-01,9606.888912646706
Nifty Services Sector TRI,2014-07-02,9711.786918550339
Nifty Services Sector TRI,2014-07-03,9697.695734644334
Nifty Services Sector TRI,2014-07-04,9760.15548266847
Nifty Services Sector TRI,2014-07-07,9822.897462851499
Nifty Services Sector TRI,2014-07-08,9624.117738403616
Nifty Services Sector TRI,2014-07-09,9552.844885031689
Nifty Services Sector TRI,2014-07-10,9521.535060746455
Nifty Services Sector TRI,2014-07-11,9384.052961749514
Nifty Services Sector TRI,2014-07-14,9351.947042871961
Nifty Services Sector TRI,2014-07-15,9465.435972436928
Nifty Services Sector TRI,2014-07-16,9596.197479472865
Nifty Services Sector TRI,2014-07-17,9607.347921756429
Nifty Services Sector TRI,2014-07-18,9670.817527561947
Nifty Services Sector TRI,2014-07-21,9685.29972888923
Nifty Services Sector TRI,2014-07-22,9804.737592602378
Nifty Services Sector TRI,2014-07-23,9870.921341115674
Nifty Services Sector TRI,2014-07-24,9912.059291659787
Nifty Services Sector TRI,2014-07-25,9850.768667089946
Nifty Services Sector TRI,2014-07-28,9827.095830942113
Nifty Services Sector TRI,2014-07-30,9945.333207462361
Nifty Services Sector TRI,2014-07-31,9834.230964138937
Nifty Services Sector TRI,2014-08-01,9700.607951338821
Nifty Services Sector TRI,2014-08-04,9791.780344447925
Nifty Services Sector TRI,2014-08-05,9841.077959717857
Nifty Services Sector TRI,2014-08-06,9756.930554195309
Nifty Services Sector TRI,2014-08-07,9700.900712335933
Nifty Services Sector TRI,2014-08-08,9608.337735272737
Nifty Services Sector TRI,2014-08-11,9686.755167657495
Nifty Services Sector TRI,2014-08-12,9815.408110190094
Nifty Services Sector TRI,2014-08-13,9816.974395225332
Nifty Services Sector TRI,2014-08-14,9851.1323122026
Nifty Services Sector TRI,2014-08-18,9945.53725682531
Nifty Services Sector TRI,2014-08-19,9939.841083808204
Nifty Services Sector TRI,2014-08-20,9924.956116046635
Nifty Services Sector TRI,2014-08-21,9952.481399920605
Nifty Services Sector TRI,2014-08-22,10008.819568124041
Nifty Services Sector TRI,2014-08-25,9992.459767945184
Nifty Services Sector TRI,2014-08-26,9979.703014660936
Nifty Services Sector TRI,2014-08-27,10019.851457184815
Nifty Services Sector TRI,2014-08-28,10013.688439854997
Nifty Services Sector TRI,2014-09-01,10123.684133447148
Nifty Services Sector TRI,2014-09-02,10197.132354947618
Nifty Services Sector TRI,2014-09-03,10270.274986919414
Nifty Services Sector TRI,2014-09-04,10247.551537444306
Nifty Services Sector TRI,2014-09-05,10220.412064449512
Nifty Services Sector TRI,2014-09-08,10313.97141781946
Nifty Services Sector TRI,2014-09-09,10282.883104309962
Nifty Services Sector TRI,2014-09-10,10231.119602672077
Nifty Services Sector TRI,2014-09-11,10257.37490227093
Nifty Services Sector TRI,2014-09-12,10278.17640365028
Nifty Services Sector TRI,2014-09-15,10200.060279138625
Nifty Services Sector TRI,2014-09-16,10049.154675005746
Nifty Services Sector TRI,2014-09-17,10106.945988501755
Nifty Services Sector TRI,2014-09-18,10275.72247133801
Nifty Services Sector TRI,2014-09-19,10332.590277894054
Nifty Services Sector TRI,2014-09-22,10337.655292421905
Nifty Services Sector TRI,2014-09-23,10195.398562139153
Nifty Services Sector TRI,2014-09-24,10130.615395987674
Nifty Services Sector TRI,2014-09-25,10039.011896876085
Nifty Services Sector TRI,2014-09-26,10102.53661003785
Nifty Services Sector TRI,2014-09-29,10119.327477687357
Nifty Services Sector TRI,2014-09-30,10104.688897883852
Nifty Services Sector TRI,2014-10-01,10131.73568584629
Nifty Services Sector TRI,2014-10-07,10030.625786715085
Nifty Services Sector TRI,2014-10-08,9963.727794735258
Nifty Services Sector TRI,2014-10-09,10127.624009262518
Nifty Services Sector TRI,2014-10-10,10051.886655096268
Nifty Services Sector TRI,2014-10-13,10159.939998144533
Nifty Services Sector TRI,2014-10-14,10154.603412051929
Nifty Services Sector TRI,2014-10-16,9989.785498957359
Nifty Services Sector TRI,2014-10-17,10015.647964647143
Nifty Services Sector TRI,2014-10-20,10130.119104474834
Nifty Services Sector TRI,2014-10-21,10232.136746078937
Nifty Services Sector TRI,2014-10-22,10272.939312510012
Nifty Services Sector TRI,2014-10-27,10295.009914022676
Nifty Services Sector TRI,2014-10-28,10350.181327068141
Nifty Services Sector TRI,2014-10-29,10395.10634506281
Nifty Services Sector TRI,2014-10-30,10530.25277407862
Nifty Services Sector TRI,2014-10-31,10749.854249378006
Nifty Services Sector TRI,2014-11-03,10781.920659397903
Nifty Services Sector TRI,2014-11-05,10819.625609219982
Nifty Services Sector TRI,2014-11-07,10845.104412624629
Nifty Services Sector TRI,2014-11-10,10841.065943398378
Nifty Services Sector TRI,2014-11-11,10885.870389034744
Nifty Services Sector TRI,2014-11-12,10940.827712858352
Nifty Services Sector TRI,2014-11-13,10916.720218489148
Nifty Services Sector TRI,2014-11-14,10961.323068902895
Nifty Services Sector TRI,2014-11-17,11019.66262042889
Nifty Services Sector TRI,2014-11-18,11015.805752142896
Nifty Services Sector TRI,2014-11-19,10982.324573159458
Nifty Services Sector TRI,2014-11-20,11035.32044958454
Nifty Services Sector TRI,2014-11-21,11138.772315878265
Nifty Services Sector TRI,2014-11-24,11265.043781647406
Nifty Services Sector TRI,2014-11-25,11179.594653348222
Nifty Services Sector TRI,2014-11-26,11163.24393102915
Nifty Services Sector TRI,2014-11-27,11201.572557042522
Nifty Services Sector TRI,2014-11-28,11344.997072045864
Nifty Services Sector TRI,2014-12-01,11325.483839609227
Nifty Services Sector TRI,2014-12-02,11278.404395442702
Nifty Services Sector TRI,2014-12-03,11286.220541445082
Nifty Services Sector TRI,2014-12-04,11293.256875734702
Nifty Services Sector TRI,2014-12-05,11216.063183844202
Nifty Services Sector TRI,2014-12-08,11024.669971701345
Nifty Services Sector TRI,2014-12-09,10905.675978872634
Nifty Services Sector TRI,2014-12-10,10953.858157133081
Nifty Services Sector TRI,2014-12-11,10867.625419624675
Nifty Services Sector TRI,2014-12-12,10779.615362388426
Nifty Services Sector TRI,2014-12-15,10805.995462887793
Nifty Services Sector TRI,2014-12-16,10639.287375398253
Nifty Services Sector TRI,2014-12-17,10628.74352173121
Nifty Services Sector TRI,2014-12-18,10845.356802213593
Nifty Services Sector TRI,2014-12-19,10963.749276810657
Nifty Services Sector TRI,2014-12-22,11100.124582625484
Nifty Services Sector TRI,2014-12-23,11009.588160875686
Nifty Services Sector TRI,2014-12-24,10895.174301600611
Nifty Services Sector TRI,2014-12-26,10961.095319839977
Nifty Services Sector TRI,2014-12-29,10986.306379892183
Nifty Services Sector TRI,2014-12-30,11047.869239775664
Nifty Services Sector TRI,2014-12-31,11106.620644851733
Nifty Services Sector TRI,2015-01-01,11107.347923776313
Nifty Services Sector TRI,2015-01-02,11298.274564050862
Nifty Services Sector TRI,2015-01-05,11222.261921201076
Nifty Services Sector TRI,2015-01-06,10882.071776405483
Nifty Services Sector TRI,2015-01-07,10827.621538630472
Nifty Services Sector TRI,2015-01-08,11016.28166910573
Nifty Services Sector TRI,2015-01-09,11077.0313068364
Nifty Services Sector TRI,2015-01-12,11165.267262866118
Nifty Services Sector TRI,2015-01-13,11108.259656810304
Nifty Services Sector TRI,2015-01-14,11109.404817943061
Nifty Services Sector TRI,2015-01-15,11439.106097555232
Nifty Services Sector TRI,2015-01-16,11439.165904126376
Nifty Services Sector TRI,2015-01-19,11488.541027079438
Nifty Services Sector TRI,2015-01-20,11687.313522314787
Nifty Services Sector TRI,2015-01-21,11796.105352869661
Nifty Services Sector TRI,2015-01-22,11828.158556437638
Nifty Services Sector TRI,2015-01-23,11923.918660300946
Nifty Services Sector TRI,2015-01-27,12040.168450541129
Nifty Services Sector TRI,2015-01-28,12069.313834351433
Nifty Services Sector TRI,2015-01-29,12045.703434501609
Nifty Services Sector TRI,2015-01-30,11801.607487504349
Nifty Services Sector TRI,2015-02-02,11843.994449767604
Nifty Services Sector TRI,2015-02-03,11680.341232681967
Nifty Services Sector TRI,2015-02-04,11601.439687852038
Nifty Services Sector TRI,2015-02-05,11619.513157086432
Nifty Services Sector TRI,2015-02-06,11608.200198806126
Nifty Services Sector TRI,2015-02-09,11450.119630146932
Nifty Services Sector TRI,2015-02-10,11510.998582078611
Nifty Services Sector TRI,2015-02-11,11596.15729574214
Nifty Services Sector TRI,2015-02-12,11726.11517235325
Nifty Services Sector TRI,2015-02-13,11840.36669193354
Nifty Services Sector TRI,2015-02-16,11827.533934587287
Nifty Services Sector TRI,2015-02-18,11945.535805001058
Nifty Services Sector TRI,2015-02-19,11967.492043044354
Nifty Services Sector TRI,2015-02-20,11851.690358767546
Nifty Services Sector TRI,2015-02-23,11757.695358132847
Nifty Services Sector TRI,2015-02-24,11757.609097142073
Nifty Services Sector TRI,2015-02-25,11775.855305739211
Nifty Services Sector TRI,2015-02-26,11681.70070510678
Nifty Services Sector TRI,2015-02-27,11895.351203102662
Nifty Services Sector TRI,2015-03-02,12169.149239668879
Nifty Services Sector TRI,2015-03-03,12246.443732452999
Nifty Services Sector TRI,2015-03-04,12108.193662954835
Nifty Services Sector TRI,2015-03-05,12132.412976713247
Nifty Services Sector TRI,2015-03-09,11828.959958426141
Nifty Services Sector TRI,2015-03-10,11765.337495973617
Nifty Services Sector TRI,2015-03-11,11792.213999059293
Nifty Services Sector TRI,2015-03-12,11893.974761600648
Nifty Services Sector TRI,2015-03-13,11744.646358622756
Nifty Services Sector TRI,2015-03-16,11750.762027283245
Nifty Services Sector TRI,2015-03-17,11847.41673010616
Nifty Services Sector TRI,2015-03-18,11811.373834683398
Nifty Services Sector TRI,2015-03-19,11722.748761510697
Nifty Services Sector TRI,2015-03-20,11685.07927584838
Nifty Services Sector TRI,2015-03-23,11628.095620226413
Nifty Services Sector TRI,2015-03-24,11604.846034653618
Nifty Services Sector TRI,2015-03-25,11589.594831671284
Nifty Services Sector TRI,2015-03-26,11277.446787110852
Nifty Services Sector TRI,2015-03-27,11304.007720612946
Nifty Services Sector TRI,2015-03-30,11510.86153781535
Nifty Services Sector TRI,2015-03-31,11480.754229034097
Nifty Services Sector TRI,2015-04-01,11597.368408617944
Nifty Services Sector TRI,2015-04-06,11607.839438575758
Nifty Services Sector TRI,2015-04-07,11583.847004095198
Nifty Services Sector TRI,2015-04-08,11614.664435223309
Nifty Services Sector TRI,2015-04-09,11760.969940390078
Nifty Services Sector TRI,2015-04-10,11753.66561789538
Nifty Services Sector TRI,2015-04-13,11807.859920123385
Nifty Services Sector TRI,2015-04-15,11687.681684865414
Nifty Services Sector TRI,2015-04-16,11650.65799216344
Nifty Services Sector TRI,2015-04-17,11481.113629032658
Nifty Services Sector TRI,2015-04-20,11284.46108214986
Nifty Services Sector TRI,2015-04-21,11250.766017180938
Nifty Services Sector TRI,2015-04-22,11292.732231239095
Nifty Services Sector TRI,2015-04-23,11279.443845247017
Nifty Services Sector TRI,2015-04-24,11078.974445403535
Nifty Services Sector TRI,2015-04-27,10947.235753784093
Nifty Services Sector TRI,2015-04-28,11103.24002205821
Nifty Services Sector TRI,2015-04-29,11078.898748210926
Nifty Services Sector TRI,2015-04-30,11013.261082272891
Nifty Services Sector TRI,2015-05-04,11171.424052097062
Nifty Services Sector TRI,2015-05-05,11124.15247543667
Nifty Services Sector TRI,2015-05-06,10819.842094185182
Nifty Services Sector TRI,2015-05-07,10731.19852261634
Nifty Services Sector TRI,2015-05-08,10907.92595153504
Nifty Services Sector TRI,2015-05-11,11129.997546223312
Nifty Services Sector TRI,2015-05-12,10831.9108114015
Nifty Services Sector TRI,2015-05-13,11012.753908586765
Nifty Services Sector TRI,2015-05-14,10986.356231525144
Nifty Services Sector TRI,2015-05-15,11051.752756961116
Nifty Services Sector TRI,2015-05-18,11208.636219243683
Nifty Services Sector TRI,2015-05-19,11200.255602987687
Nifty Services Sector TRI,2015-05-20,11340.09209158268
Nifty Services Sector TRI,2015-05-21,11310.818357900358
Nifty Services Sector TRI,2015-05-22,11353.24571053022
Nifty Services Sector TRI,2015-05-25,11258.289455995913
Nifty Services Sector TRI,2015-05-26,11234.40413329918
Nifty Services Sector TRI,2015-05-27,11234.403728418354
Nifty Services Sector TRI,2015-05-28,11213.39732956567
Nifty Services Sector TRI,2015-05-29,11350.392842258949
Nifty Services Sector TRI,2015-06-01,11328.871206332578
Nifty Services Sector TRI,2015-06-02,11047.300614646958
Nifty Services Sector TRI,2015-06-03,10973.309404180469
Nifty Services Sector TRI,2015-06-04,10991.221460003042
Nifty Services Sector TRI,2015-06-05,10923.24964716577
Nifty Services Sector TRI,2015-06-08,10840.208477872555
Nifty Services Sector TRI,2015-06-09,10848.737889758186
Nifty Services Sector TRI,2015-06-10,10992.955737699282
Nifty Services Sector TRI,2015-06-11,10769.3109004591
Nifty Services Sector TRI,2015-06-12,10822.756095020774
Nifty Services Sector TRI,2015-06-15,10839.227572840426
Nifty Services Sector TRI,2015-06-16,10883.98054263021
Nifty Services Sector TRI,2015-06-17,10887.953278005694
Nifty Services Sector TRI,2015-06-18,10973.810574336421
Nifty Services Sector TRI,2015-06-19,11046.462849776764
Nifty Services Sector TRI,2015-06-22,11281.330080939577
Nifty Services Sector TRI,2015-06-23,11280.33550421462
Nifty Services Sector TRI,2015-06-24,11257.581042931399
Nifty Services Sector TRI,2015-06-25,11298.794739276069
Nifty Services Sector TRI,2015-06-26,11276.249322099267
Nifty Services Sector TRI,2015-06-29,11176.403647051522
Nifty Services Sector TRI,2015-06-30,11186.470715362624
Nifty Services Sector TRI,2015-07-01,11327.074884828153
Nifty Services Sector TRI,2015-07-02,11321.88564362633
Nifty Services Sector TRI,2015-07-03,11405.28106100376
Nifty Services Sector TRI,2015-07-06,11430.947358349118
Nifty Services Sector TRI,2015-07-07,11426.022879373264
Nifty Services Sector TRI,2015-07-08,11222.599626464988
Nifty Services Sector TRI,2015-07-09,11167.464154131325
Nifty Services Sector TRI,2015-07-10,11195.528521550537
Nifty Services Sector TRI,2015-07-13,11360.318816532066
Nifty Services Sector TRI,2015-07-14,11344.004750660055
Nifty Services Sector TRI,2015-07-15,11417.412014234165
Nifty Services Sector TRI,2015-07-16,11565.543933907498
Nifty Services Sector TRI,2015-07-17,11546.611302141626
Nifty Services Sector TRI,2015-07-20,11521.031236105071
Nifty Services Sector TRI,2015-07-21,11594.301770730712
Nifty Services Sector TRI,2015-07-22,11708.302316487845
Nifty Services Sector TRI,2015-07-23,11641.086244823728
Nifty Services Sector TRI,2015-07-24,11557.123981081862
Nifty Services Sector TRI,2015-07-27,11336.172171843786
Nifty Services Sector TRI,2015-07-28,11308.826466562588
Nifty Services Sector TRI,2015-07-29,11377.805082733114
Nifty Services Sector TRI,2015-07-30,11419.542081000156
Nifty Services Sector TRI,2015-07-31,11556.143888167373
Nifty Services Sector TRI,2015-08-03,11573.289220364586
Nifty Services Sector TRI,2015-08-04,11529.144819185864
Nifty Services Sector TRI,2015-08-05,11592.579941390528
Nifty Services Sector TRI,2015-08-06,11628.295111720648
Nifty Services Sector TRI,2015-08-07,11568.605783155892
Nifty Services Sector TRI,2015-08-10,11548.15528489545
Nifty Services Sector TRI,2015-08-11,11495.124553558737
Nifty Services Sector TRI,2015-08-12,11366.517823897942
Nifty Services Sector TRI,2015-08-13,11378.495530318809
Nifty Services Sector TRI,2015-08-14,11645.409575322154
Nifty Services Sector TRI,2015-08-17,11617.346449107408
Nifty Services Sector TRI,2015-08-18,11630.8577465843
Nifty Services Sector TRI,2015-08-19,11616.844380253375
Nifty Services Sector TRI,2015-08-20,11391.392936279744
Nifty Services Sector TRI,2015-08-21,11293.476522269699
Nifty Services Sector TRI,2015-08-24,10618.473503701516
Nifty Services Sector TRI,2015-08-25,10699.25813644562
Nifty Services Sector TRI,2015-08-26,10550.60074748085
Nifty Services Sector TRI,2015-08-27,10792.16993475498
Nifty Services Sector TRI,2015-08-28,10887.9443861047
Nifty Services Sector TRI,2015-08-31,10825.005074665307
Nifty Services Sector TRI,2015-09-01,10557.503719493921
Nifty Services Sector TRI,2015-09-02,10464.14561664221
Nifty Services Sector TRI,2015-09-03,10635.501518528832
Nifty Services Sector TRI,2015-09-04,10386.361551385955
Nifty Services Sector TRI,2015-09-07,10250.246146912372
Nifty Services Sector TRI,2015-09-08,10456.787201290581
Nifty Services Sector TRI,2015-09-09,10633.69573233915
Nifty Services Sector TRI,2015-09-10,10574.85277369735
Nifty Services Sector TRI,2015-09-11,10604.37378235881
Nifty Services Sector TRI,2015-09-14,10749.990966295949
Nifty Services Sector TRI,2015-09-15,10695.031912009315
Nifty Services Sector TRI,2015-09-16,10809.999739417752
Nifty Services Sector TRI,2015-09-18,10977.440205142666
Nifty Services Sector TRI,2015-09-21,11018.533444700732
Nifty Services Sector TRI,2015-09-22,10778.357349472572
Nifty Services Sector TRI,2015-09-23,10824.672642852354
Nifty Services Sector TRI,2015-09-24,10886.084170145767
Nifty Services Sector TRI,2015-09-28,10800.561590187144
Nifty Services Sector TRI,2015-09-29,10925.10289339727
Nifty Services Sector TRI,2015-09-30,11023.718413469576
Nifty Services Sector TRI,2015-10-01,10985.257987530767
Nifty Services Sector TRI,2015-10-05,11272.628189101779
Nifty Services Sector TRI,2015-10-06,11217.437605097535
Nifty Services Sector TRI,2015-10-07,11174.397917399861
Nifty Services Sector TRI,2015-10-08,11117.044510270782
Nifty Services Sector TRI,2015-10-09,11222.430548052911
Nifty Services Sector TRI,2015-10-12,11136.388346811214
Nifty Services Sector TRI,2015-10-13,11092.495732263204
Nifty Services Sector TRI,2015-10-14,11052.02089057034
Nifty Services Sector TRI,2015-10-15,11111.061090340909
Nifty Services Sector TRI,2015-10-16,11183.78863538067
Nifty Services Sector TRI,2015-10-19,11219.88604477944
Nifty Services Sector TRI,2015-10-20,11242.7275200982
Nifty Services Sector TRI,2015-10-21,11241.094064289991
Nifty Services Sector TRI,2015-10-23,11317.158250104969
Nifty Services Sector TRI,2015-10-26,11260.566231964216
Nifty Services Sector TRI,2015-10-27,11207.075952643045
Nifty Services Sector TRI,2015-10-28,11079.451290877083
Nifty Services Sector TRI,2015-10-29,10990.463437303835
Nifty Services Sector TRI,2015-10-30,10994.29726368988
Nifty Services Sector TRI,2015-11-02,10971.521001680328
Nifty Services Sector TRI,2015-11-03,11004.054252162521
Nifty Services Sector TRI,2015-11-04,10952.226279171531
Nifty Services Sector TRI,2015-11-05,10805.020966559861
Nifty Services Sector TRI,2015-11-06,10853.668231100582
Nifty Services Sector TRI,2015-11-09,10768.720971124752
Nifty Services Sector TRI,2015-11-10,10610.267083580304
Nifty Services Sector TRI,2015-11-13,10606.408342029406
Nifty Services Sector TRI,2015-11-16,10639.372747754227
Nifty Services Sector TRI,2015-11-17,10645.883823149774
Nifty Services Sector TRI,2015-11-18,10448.344604219708
Nifty Services Sector TRI,2015-11-19,10635.936779193593
Nifty Services Sector TRI,2015-11-20,10667.950047748445
Nifty Services Sector TRI,2015-11-23,10669.363749149416
Nifty Services Sector TRI,2015-11-24,10658.593567694475
Nifty Services Sector TRI,2015-11-26,10697.180831018297
Nifty Services Sector TRI,2015-11-27,10828.281383740907
Nifty Services Sector TRI,2015-11-30,10848.053065855342
Nifty Services Sector TRI,2015-12-01,10849.514015904879
Nifty Services Sector TRI,2015-12-02,10753.726694479907
Nifty Services Sector TRI,2015-12-03,10688.293644498855
Nifty Services Sector TRI,2015-12-04,10545.474042220465
Nifty Services Sector TRI,2015-12-07,10575.291282275282
Nifty Services Sector TRI,2015-12-08,10498.665428686063
Nifty Services Sector TRI,2015-12-09,10399.943941627396
Nifty Services Sector TRI,2015-12-10,10496.082752456448
Nifty Services Sector TRI,2015-12-11,10369.72650533819
Nifty Services Sector TRI,2015-12-14,10427.743846434978
Nifty Services Sector TRI,2015-12-15,10458.405352262569
Nifty Services Sector TRI,2015-12-16,10585.941456758126
Nifty Services Sector TRI,2015-12-17,10709.107390284476
Nifty Services Sector TRI,2015-12-18,10604.036214815003
Nifty Services Sector TRI,2015-12-21,10732.869449765321
Nifty Services Sector TRI,2015-12-22,10665.7600237585
Nifty Services Sector TRI,2015-12-23,10772.708557950162
Nifty Services Sector TRI,2015-12-24,10746.211662191228
Nifty Services Sector TRI,2015-12-28,10824.953427460303
Nifty Services Sector TRI,2015-12-29,10844.087960090636
Nifty Services Sector TRI,2015-12-30,10784.456781163086
Nifty Services Sector TRI,2015-12-31,10876.240828284655
Nifty Services Sector TRI,2016-01-01,10894.42978988055
Nifty Services Sector TRI,2016-01-04,10630.081581291615
Nifty Services Sector TRI,2016-01-05,10599.084201624852
Nifty Services Sector TRI,2016-01-06,10567.61068065005
Nifty Services Sector TRI,2016-01-07,10360.404295897426
Nifty Services Sector TRI,2016-01-08,10428.345209457422
Nifty Services Sector TRI,2016-01-11,10329.826761024362
Nifty Services Sector TRI,2016-01-12,10211.460980061845
Nifty Services Sector TRI,2016-01-13,10282.57499178921
Nifty Services Sector TRI,2016-01-14,10258.419969100885
Nifty Services Sector TRI,2016-01-15,10086.04025583652
Nifty Services Sector TRI,2016-01-18,9993.219898032425
Nifty Services Sector TRI,2016-01-19,10125.368446242908
Nifty Services Sector TRI,2016-01-20,9961.615653760155
Nifty Services Sector TRI,2016-01-21,10009.826402153245
Nifty Services Sector TRI,2016-01-22,10177.83815797112
Nifty Services Sector TRI,2016-01-25,10208.404920441719
Nifty Services Sector TRI,2016-01-27,10214.722607881888
Nifty Services Sector TRI,2016-01-28,10136.90051086647
Nifty Services Sector TRI,2016-01-29,10314.3542511914
Nifty Services Sector TRI,2016-02-01,10283.254076507466
Nifty Services Sector TRI,2016-02-02,10173.836756593926
Nifty Services Sector TRI,2016-02-03,10031.084166022738
Nifty Services Sector TRI,2016-02-04,10088.827710506464
Nifty Services Sector TRI,2016-02-05,10189.887782667522
Nifty Services Sector TRI,2016-02-08,10065.950622335993
Nifty Services Sector TRI,2016-02-09,9884.972004685551
Nifty Services Sector TRI,2016-02-10,9742.441417240509
Nifty Services Sector TRI,2016-02-11,9405.003845419067
Nifty Services Sector TRI,2016-02-12,9437.698526430477
Nifty Services Sector TRI,2016-02-15,9637.614552170637
Nifty Services Sector TRI,2016-02-16,9519.883012873757
Nifty Services Sector TRI,2016-02-17,9555.176219363448
Nifty Services Sector TRI,2016-02-18,9658.745932068536
Nifty Services Sector TRI,2016-02-19,9689.183520138737
Nifty Services Sector TRI,2016-02-22,9688.229410288326
Nifty Services Sector TRI,2016-02-23,9516.035217666451
Nifty Services Sector TRI,2016-02-24,9386.64087354183
Nifty Services Sector TRI,2016-02-25,9302.853396745139
Nifty Services Sector TRI,2016-02-26,9408.819425480213
Nifty Services Sector TRI,2016-02-29,9373.21309669154
Nifty Services Sector TRI,2016-03-01,9677.17512325679
Nifty Services Sector TRI,2016-03-02,10006.744623689947
Nifty Services Sector TRI,2016-03-03,10114.816418011509
Nifty Services Sector TRI,2016-03-04,10153.055190543657
Nifty Services Sector TRI,2016-03-08,10106.157231282772
Nifty Services Sector TRI,2016-03-09,10156.40495527586
Nifty Services Sector TRI,2016-03-10,10098.092095210208
Nifty Services Sector TRI,2016-03-11,10108.047055773872
Nifty Services Sector TRI,2016-03-14,10147.27434728601
Nifty Services Sector TRI,2016-03-15,10068.060446518797
Nifty Services Sector TRI,2016-03-16,10137.04187275922
Nifty Services Sector TRI,2016-03-17,10157.312992415795
Nifty Services Sector TRI,2016-03-18,10325.795617661974
Nifty Services Sector TRI,2016-03-21,10457.997836957598
Nifty Services Sector TRI,2016-03-22,10481.086867703749
Nifty Services Sector TRI,2016-03-23,10484.127009933834
Nifty Services Sector TRI,2016-03-28,10369.962982522513
Nifty Services Sector TRI,2016-03-29,10345.803459013658
Nifty Services Sector TRI,2016-03-30,10521.342511046218
Nifty Services Sector TRI,2016-03-31,10544.59946110009
Nifty Services Sector TRI,2016-04-01,10492.342744288135
Nifty Services Sector TRI,2016-04-04,10580.482803433979
Nifty Services Sector TRI,2016-04-05,10353.408701612523
Nifty Services Sector TRI,2016-04-06,10320.720155506584
Nifty Services Sector TRI,2016-04-07,10207.78965623142
Nifty Services Sector TRI,2016-04-08,10218.709133786157
Nifty Services Sector TRI,2016-04-11,10393.127463574692
Nifty Services Sector TRI,2016-04-12,10437.669634085816
Nifty Services Sector TRI,2016-04-13,10585.763456816887
Nifty Services Sector TRI,2016-04-18,10709.431348087684
Nifty Services Sector TRI,2016-04-20,10741.477605535785
Nifty Services Sector TRI,2016-04-21,10772.541138672685
Nifty Services Sector TRI,2016-04-22,10753.406250519434
Nifty Services Sector TRI,2016-04-25,10733.593472688886
Nifty Services Sector TRI,2016-04-26,10900.56107958999
Nifty Services Sector TRI,2016-04-27,10902.188410314202
Nifty Services Sector TRI,2016-04-28,10743.914047415681
Nifty Services Sector TRI,2016-04-29,10751.362694473806
Nifty Services Sector TRI,2016-05-02,10672.056974466608
Nifty Services Sector TRI,2016-05-03,10586.852939276328
Nifty Services Sector TRI,2016-05-04,10570.72353570663
Nifty Services Sector TRI,2016-05-05,10592.312413672913
Nifty Services Sector TRI,2016-05-06,10591.121754240896
Nifty Services Sector TRI,2016-05-09,10807.274976870047
Nifty Services Sector TRI,2016-05-10,10863.475219003805
Nifty Services Sector TRI,2016-05-11,10812.00878539134
Nifty Services Sector TRI,2016-05-12,10909.120158674135
Nifty Services Sector TRI,2016-05-13,10785.105862660956
Nifty Services Sector TRI,2016-05-16,10832.42871517413
Nifty Services Sector TRI,2016-05-17,10875.180859341417
Nifty Services Sector TRI,2016-05-18,10843.311809304647
Nifty Services Sector TRI,2016-05-19,10726.797813644553
Nifty Services Sector TRI,2016-05-20,10688.933077831174
Nifty Services Sector TRI,2016-05-23,10631.141126163626
Nifty Services Sector TRI,2016-05-24,10655.237258117866
Nifty Services Sector TRI,2016-05-25,10942.696983359843
Nifty Services Sector TRI,2016-05-26,11124.943602157658
Nifty Services Sector TRI,2016-05-27,11236.426729690753
Nifty Services Sector TRI,2016-05-30,11283.549859322464
Nifty Services Sector TRI,2016-05-31,11242.508243849446
Nifty Services Sector TRI,2016-06-01,11254.01043949625
Nifty Services Sector TRI,2016-06-02,11325.64467788018
Nifty Services Sector TRI,2016-06-03,11344.520294668684
Nifty Services Sector TRI,2016-06-06,11309.464030151865
Nifty Services Sector TRI,2016-06-07,11391.293892561453
Nifty Services Sector TRI,2016-06-08,11389.756832270446
Nifty Services Sector TRI,2016-06-09,11270.475784021719
Nifty Services Sector TRI,2016-06-10,11227.244766552512
Nifty Services Sector TRI,2016-06-13,11108.994221157544
Nifty Services Sector TRI,2016-06-14,11107.765638510215
Nifty Services Sector TRI,2016-06-15,11247.379869949284
Nifty Services Sector TRI,2016-06-16,11153.796020143693
Nifty Services Sector TRI,2016-06-17,11207.7424510509
Nifty Services Sector TRI,2016-06-20,11301.159493306483
Nifty Services Sector TRI,2016-06-21,11264.281877243517
Nifty Services Sector TRI,2016-06-22,11264.0124140052
Nifty Services Sector TRI,2016-06-23,11349.969768052531
Nifty Services Sector TRI,2016-06-24,11102.745104225165
Nifty Services Sector TRI,2016-06-27,11042.272954867689
Nifty Services Sector TRI,2016-06-28,11049.002070768169
Nifty Services Sector TRI,2016-06-29,11175.993546806765
Nifty Services Sector TRI,2016-06-30,11300.817472319968
Nifty Services Sector TRI,2016-07-01,11303.309583858321
Nifty Services Sector TRI,2016-07-04,11389.506513240045
Nifty Services Sector TRI,2016-07-05,11327.452239999227
Nifty Services Sector TRI,2016-07-07,11311.947941075709
Nifty Services Sector TRI,2016-07-08,11287.68432318697
Nifty Services Sector TRI,2016-07-11,11496.810024996006
Nifty Services Sector TRI,2016-07-12,11607.623045689777
Nifty Services Sector TRI,2016-07-13,11613.206033274708
Nifty Services Sector TRI,2016-07-14,11690.524122925872
Nifty Services Sector TRI,2016-07-15,11580.617276180974
Nifty Services Sector TRI,2016-07-18,11524.610774036328
Nifty Services Sector TRI,2016-07-19,11539.750313354803
Nifty Services Sector TRI,2016-07-20,11562.380006539555
Nifty Services Sector TRI,2016-07-21,11461.847519344466
Nifty Services Sector TRI,2016-07-22,11514.803046882458
Nifty Services Sector TRI,2016-07-25,11678.470887440206
Nifty Services Sector TRI,2016-07-26,11637.419277896668
Nifty Services Sector TRI,2016-07-27,11733.311301039019
Nifty Services Sector TRI,2016-07-28,11756.430404980178
Nifty Services Sector TRI,2016-07-29,11694.765614129446
Nifty Services Sector TRI,2016-08-01,11709.72518876745
Nifty Services Sector TRI,2016-08-02,11660.05721743576
Nifty Services Sector TRI,2016-08-03,11587.274113350364
Nifty Services Sector TRI,2016-08-04,11573.25320189685
Nifty Services Sector TRI,2016-08-05,11701.106099680996
Nifty Services Sector TRI,2016-08-08,11749.017377412012
Nifty Services Sector TRI,2016-08-09,11724.742276962284
Nifty Services Sector TRI,2016-08-10,11632.918130854827
Nifty Services Sector TRI,2016-08-11,11648.550831672772
Nifty Services Sector TRI,2016-08-12,11779.62425934235
Nifty Services Sector TRI,2016-08-16,11726.252934634349
Nifty Services Sector TRI,2016-08-17,11681.771860486993
Nifty Services Sector TRI,2016-08-18,11796.338652578715
Nifty Services Sector TRI,2016-08-19,11783.646535990669
Nifty Services Sector TRI,2016-08-22,11727.70049095317
Nifty Services Sector TRI,2016-08-23,11791.034452035312
Nifty Services Sector TRI,2016-08-24,11822.683670706392
Nifty Services Sector TRI,2016-08-25,11721.512560059477
Nifty Services Sector TRI,2016-08-26,11655.00324885315
Nifty Services Sector TRI,2016-08-29,11661.091209365926
Nifty Services Sector TRI,2016-08-30,11823.724046904848
Nifty Services Sector TRI,2016-08-31,11895.905555181469
Nifty Services Sector TRI,2016-09-01,11885.550379216633
Nifty Services Sector TRI,2016-09-02,11938.911860045595
Nifty Services Sector TRI,2016-09-06,12144.94145416493
Nifty Services Sector TRI,2016-09-07,12078.420790328943
Nifty Services Sector TRI,2016-09-08,12022.214891712343
Nifty Services Sector TRI,2016-09-09,11943.769428154405
Nifty Services Sector TRI,2016-09-12,11777.883552554353
Nifty Services Sector TRI,2016-09-14,11794.720693400806
Nifty Services Sector TRI,2016-09-15,11782.283026490437
Nifty Services Sector TRI,2016-09-16,11822.733987255511
Nifty Services Sector TRI,2016-09-19,11866.145110692745
Nifty Services Sector TRI,2016-09-20,11823.587355354208
Nifty Services Sector TRI,2016-09-21,11828.76314479707
Nifty Services Sector TRI,2016-09-22,11942.188884218525
Nifty Services Sector TRI,2016-09-23,11879.723238807697
Nifty Services Sector TRI,2016-09-26,11744.892438041292
Nifty Services Sector TRI,2016-09-27,11743.253951295455
Nifty Services Sector TRI,2016-09-28,11807.566976912976
Nifty Services Sector TRI,2016-09-29,11579.746847451583
Nifty Services Sector TRI,2016-09-30,11632.826569135665
Nifty Services Sector TRI,2016-10-03,11805.98165810103
Nifty Services Sector TRI,2016-10-04,11871.42711014625
Nifty Services Sector TRI,2016-10-05,11803.398120269496
Nifty Services Sector TRI,2016-10-06,11726.046920341401
Nifty Services Sector TRI,2016-10-07,11686.868694767894
Nifty Services Sector TRI,2016-10-10,11687.481270187898
Nifty Services Sector TRI,2016-10-13,11475.600493075734
Nifty Services Sector TRI,2016-10-14,11457.654240852879
Nifty Services Sector TRI,2016-10-17,11425.646387137034
Nifty Services Sector TRI,2016-10-18,11697.726046827165
Nifty Services Sector TRI,2016-10-19,11684.631138563962
Nifty Services Sector TRI,2016-10-20,11774.930659368569
Nifty Services Sector TRI,2016-10-21,11795.503867215282
Nifty Services Sector TRI,2016-10-24,11790.959524638158
Nifty Services Sector TRI,2016-10-25,11790.59851660282
Nifty Services Sector TRI,2016-10-26,11660.290587805763
Nifty Services Sector TRI,2016-10-27,11682.089883497034
Nifty Services Sector TRI,2016-10-28,11694.77947812065
Nifty Services Sector TRI,2016-11-01,11668.22415043748
Nifty Services Sector TRI,2016-11-02,11528.5022461161
Nifty Services Sector TRI,2016-11-03,11468.018546430292
Nifty Services Sector TRI,2016-11-04,11423.73165785108
Nifty Services Sector TRI,2016-11-07,11515.940839566803
Nifty Services Sector TRI,2016-11-08,11580.065591942148
Nifty Services Sector TRI,2016-11-09,11416.00260498546
Nifty Services Sector TRI,2016-11-10,11581.67467023007
Nifty Services Sector TRI,2016-11-11,11265.783441532672
Nifty Services Sector TRI,2016-11-15,11065.941086630499
Nifty Services Sector TRI,2016-11-16,11133.693680832537
Nifty Services Sector TRI,2016-11-17,11067.890624103477
Nifty Services Sector TRI,2016-11-18,11027.143249563513
Nifty Services Sector TRI,2016-11-21,10800.688042662227
Nifty Services Sector TRI,2016-11-22,10891.002536766937
Nifty Services Sector TRI,2016-11-23,10892.850782560727
Nifty Services Sector TRI,2016-11-24,10821.532410046848
Nifty Services Sector TRI,2016-11-25,11093.448512874389
Nifty Services Sector TRI,2016-11-28,11079.814778137108
Nifty Services Sector TRI,2016-11-29,11066.308680291211
Nifty Services Sector TRI,2016-11-30,11210.95488458786
Nifty Services Sector TRI,2016-12-01,11133.761876737179
Nifty Services Sector TRI,2016-12-02,10987.803813574814
Nifty Services Sector TRI,2016-12-05,11002.43119590503
Nifty Services Sector TRI,2016-12-06,11043.123284954389
Nifty Services Sector TRI,2016-12-07,10990.986185667909
Nifty Services Sector TRI,2016-12-08,11171.68156207777
Nifty Services Sector TRI,2016-12-09,11207.794747654221
Nifty Services Sector TRI,2016-12-12,11087.92301783007
Nifty Services Sector TRI,2016-12-13,11137.859281645782
Nifty Services Sector TRI,2016-12-14,11092.115962316155
Nifty Services Sector TRI,2016-12-15,11107.58126449183
Nifty Services Sector TRI,2016-12-16,11097.590445610314
Nifty Services Sector TRI,2016-12-19,11056.406685089521
Nifty Services Sector TRI,2016-12-20,11013.74678772146
Nifty Services Sector TRI,2016-12-21,10990.141216036292
Nifty Services Sector TRI,2016-12-22,10860.310090896535
Nifty Services Sector TRI,2016-12-23,10862.74681267715
Nifty Services Sector TRI,2016-12-26,10765.474723383195
Nifty Services Sector TRI,2016-12-27,10900.255418458759
Nifty Services Sector TRI,2016-12-28,10917.108769230737
Nifty Services Sector TRI,2016-12-29,11012.500536105066
Nifty Services Sector TRI,2016-12-30,11119.37787063324
Nifty Services Sector TRI,2017-01-02,11014.740206799606
Nifty Services Sector TRI,2017-01-03,11032.400476007644
Nifty Services Sector TRI,2017-01-04,11012.896016315955
Nifty Services Sector TRI,2017-01-05,11091.063124332282
Nifty Services Sector TRI,2017-01-06,11053.295352330935
Nifty Services Sector TRI,2017-01-09,11074.780472883871
Nifty Services Sector TRI,2017-01-10,11124.601009105292
Nifty Services Sector TRI,2017-01-11,11281.358734521915
Nifty Services Sector TRI,2017-01-12,11368.686154858411
Nifty Services Sector TRI,2017-01-13,11349.614589522074
Nifty Services Sector TRI,2017-01-16,11394.051642101236
Nifty Services Sector TRI,2017-01-17,11383.151567386496
Nifty Services Sector TRI,2017-01-18,11398.107856128716
Nifty Services Sector TRI,2017-01-19,11401.579304236247
Nifty Services Sector TRI,2017-01-20,11266.242139662396
Nifty Services Sector TRI,2017-01-23,11336.276111965655
Nifty Services Sector TRI,2017-01-24,11418.350090028815
Nifty Services Sector TRI,2017-01-25,11619.701888797435
Nifty Services Sector TRI,2017-01-27,11760.957912491722
Nifty Services Sector TRI,2017-01-30,11770.928916056459
Nifty Services Sector TRI,2017-01-31,11644.373996594923
Nifty Services Sector TRI,2017-02-01,11818.144907602798
Nifty Services Sector TRI,2017-02-02,11873.853323732643
Nifty Services Sector TRI,2017-02-03,11916.469287066264
Nifty Services Sector TRI,2017-02-06,11986.759286114058
Nifty Services Sector TRI,2017-02-07,11971.808056212709
Nifty Services Sector TRI,2017-02-08,11956.748286201344
Nifty Services Sector TRI,2017-02-09,11968.419449181774
Nifty Services Sector TRI,2017-02-10,12049.222806672708
Nifty Services Sector TRI,2017-02-13,12106.707570118535
Nifty Services Sector TRI,2017-02-14,12119.401660938072
Nifty Services Sector TRI,2017-02-15,12064.986276005686
Nifty Services Sector TRI,2017-02-16,12163.295851519644
Nifty Services Sector TRI,2017-02-17,12234.818607582558
Nifty Services Sector TRI,2017-02-20,12338.062453003002
Nifty Services Sector TRI,2017-02-21,12401.898186476608
Nifty Services Sector TRI,2017-02-22,12307.472173886998
Nifty Services Sector TRI,2017-02-23,12355.79944201109
Nifty Services Sector TRI,2017-02-27,12252.936908949288
Nifty Services Sector TRI,2017-02-28,12247.292540743161
Nifty Services Sector TRI,2017-03-01,12336.072112770793
Nifty Services Sector TRI,2017-03-02,12238.409138368961
Nifty Services Sector TRI,2017-03-03,12218.263747985002
Nifty Services Sector TRI,2017-03-06,12279.603573164875
Nifty Services Sector TRI,2017-03-07,12268.874267577039
Nifty Services Sector TRI,2017-03-08,12267.669628258851
Nifty Services Sector TRI,2017-03-09,12276.73893110325
Nifty Services Sector TRI,2017-03-10,12299.295099047304
Nifty Services Sector TRI,2017-03-14,12529.814042113332
Nifty Services Sector TRI,2017-03-15,12506.993952609791
Nifty Services Sector TRI,2017-03-16,12621.94593325248
Nifty Services Sector TRI,2017-03-17,12608.923149519549
Nifty Services Sector TRI,2017-03-20,12553.41466274418
Nifty Services Sector TRI,2017-03-21,12532.732141618413
Nifty Services Sector TRI,2017-03-22,12416.755074732891
Nifty Services Sector TRI,2017-03-23,12508.976968561694
Nifty Services Sector TRI,2017-03-24,12559.123434284515
Nifty Services Sector TRI,2017-03-27,12523.300746423796
Nifty Services Sector TRI,2017-03-28,12637.3882950203
Nifty Services Sector TRI,2017-03-29,12717.53380888324
Nifty Services Sector TRI,2017-03-30,12793.34619931096
Nifty Services Sector TRI,2017-03-31,12725.111757092374
Nifty Services Sector TRI,2017-04-03,12746.548947544745
Nifty Services Sector TRI,2017-04-05,12719.905903595485
Nifty Services Sector TRI,2017-04-06,12720.1602216638
Nifty Services Sector TRI,2017-04-07,12646.015710374524
Nifty Services Sector TRI,2017-04-10,12609.381060012674
Nifty Services Sector TRI,2017-04-11,12708.577036375562
Nifty Services Sector TRI,2017-04-12,12649.580282283818
Nifty Services Sector TRI,2017-04-13,12571.294076888387
Nifty Services Sector TRI,2017-04-17,12554.718899235779
Nifty Services Sector TRI,2017-04-18,12545.590782807347
Nifty Services Sector TRI,2017-04-19,12549.268955039635
Nifty Services Sector TRI,2017-04-20,12590.993572265013
Nifty Services Sector TRI,2017-04-21,12585.778046653006
Nifty Services Sector TRI,2017-04-24,12728.605134727166
Nifty Services Sector TRI,2017-04-25,12835.942813049738
Nifty Services Sector TRI,2017-04-26,12879.667549373982
Nifty Services Sector TRI,2017-04-27,12891.505082563268
Nifty Services Sector TRI,2017-04-28,12848.724536607986
Nifty Services Sector TRI,2017-05-02,12918.912542581365
Nifty Services Sector TRI,2017-05-03,12932.897953990352
Nifty Services Sector TRI,2017-05-04,13047.028478755372
Nifty Services Sector TRI,2017-05-05,12974.220145836262
Nifty Services Sector TRI,2017-05-08,13046.32018530151
Nifty Services Sector TRI,2017-05-09,13030.500192114656
Nifty Services Sector TRI,2017-05-10,13145.782024478927
Nifty Services Sector TRI,2017-05-11,13137.095447251664
Nifty Services Sector TRI,2017-05-12,13098.16372706412
Nifty Services Sector TRI,2017-05-15,13143.47710872165
Nifty Services Sector TRI,2017-05-16,13224.353979046746
Nifty Services Sector TRI,2017-05-17,13215.239742018406
Nifty Services Sector TRI,2017-05-18,13149.110209377459
Nifty Services Sector TRI,2017-05-19,13126.367836715663
Nifty Services Sector TRI,2017-05-22,13097.131316073628
Nifty Services Sector TRI,2017-05-23,13036.029802312147
Nifty Services Sector TRI,2017-05-24,13032.915137915354
Nifty Services Sector TRI,2017-05-25,13314.882283950508
Nifty Services Sector TRI,2017-05-26,13413.656652897691
Nifty Services Sector TRI,2017-05-29,13381.543748854447
Nifty Services Sector TRI,2017-05-30,13426.033415641823
Nifty Services Sector TRI,2017-05-31,13436.290688286774
Nifty Services Sector TRI,2017-06-01,13416.60709075771
Nifty Services Sector TRI,2017-06-02,13470.170178744342
Nifty Services Sector TRI,2017-06-05,13507.715076329685
Nifty Services Sector TRI,2017-06-06,13541.592145931727
Nifty Services Sector TRI,2017-06-07,13519.814693045797
Nifty Services Sector TRI,2017-06-08,13498.840883908302
Nifty Services Sector TRI,2017-06-09,13534.062784684247
Nifty Services Sector TRI,2017-06-12,13483.212190835398
Nifty Services Sector TRI,2017-06-13,13482.042117225785
Nifty Services Sector TRI,2017-06-14,13473.947741080092
Nifty Services Sector TRI,2017-06-15,13399.820065405596
Nifty Services Sector TRI,2017-06-16,13413.35730301212
Nifty Services Sector TRI,2017-06-19,13508.039935671679
Nifty Services Sector TRI,2017-06-20,13500.53515020884
Nifty Services Sector TRI,2017-06-21,13471.658895938028
Nifty Services Sector TRI,2017-06-22,13484.072579496311
Nifty Services Sector TRI,2017-06-23,13404.126957902188
Nifty Services Sector TRI,2017-06-27,13269.573495223633
Nifty Services Sector TRI,2017-06-28,13272.20865044022
Nifty Services Sector TRI,2017-06-29,13284.458060547107
Nifty Services Sector TRI,2017-06-30,13277.533984641226
Nifty Services Sector TRI,2017-07-03,13336.203910265149
Nifty Services Sector TRI,2017-07-04,13343.998356437214
Nifty Services Sector TRI,2017-07-05,13355.983829761832
Nifty Services Sector TRI,2017-07-06,13409.496937593383
Nifty Services Sector TRI,2017-07-07,13361.422681555172
Nifty Services Sector TRI,2017-07-10,13551.371220054778
Nifty Services Sector TRI,2017-07-11,13554.178123069638
Nifty Services Sector TRI,2017-07-12,13589.761516233055
Nifty Services Sector TRI,2017-07-13,13700.197256138208
Nifty Services Sector TRI,2017-07-14,13690.059281926311
Nifty Services Sector TRI,2017-07-17,13767.819142616967
Nifty Services Sector TRI,2017-07-18,13767.409122972162
Nifty Services Sector TRI,2017-07-19,13857.933420999829
Nifty Services Sector TRI,2017-07-20,13853.710552478058
Nifty Services Sector TRI,2017-07-21,13897.160979112885
Nifty Services Sector TRI,2017-07-24,13980.333877448827
Nifty Services Sector TRI,2017-07-25,14035.566500502251
Nifty Services Sector TRI,2017-07-26,14077.632435816768
Nifty Services Sector TRI,2017-07-27,14169.480804349021
Nifty Services Sector TRI,2017-07-28,14231.014443516837
Nifty Services Sector TRI,2017-07-31,14354.348307449773
Nifty Services Sector TRI,2017-08-01,14377.990381603544
Nifty Services Sector TRI,2017-08-02,14316.249126747489
Nifty Services Sector TRI,2017-08-03,14174.709547949382
Nifty Services Sector TRI,2017-08-04,14244.591988651131
Nifty Services Sector TRI,2017-08-07,14242.27788962827
Nifty Services Sector TRI,2017-08-08,14121.416597715695
Nifty Services Sector TRI,2017-08-09,14041.530070157347
Nifty Services Sector TRI,2017-08-10,13946.738852004935
Nifty Services Sector TRI,2017-08-11,13864.421075862512
Nifty Services Sector TRI,2017-08-14,13931.241062047819
Nifty Services Sector TRI,2017-08-16,14070.506546269096
Nifty Services Sector TRI,2017-08-17,14113.24969707418
Nifty Services Sector TRI,2017-08-18,13923.108704249313
Nifty Services Sector TRI,2017-08-21,13801.42834784817
Nifty Services Sector TRI,2017-08-22,13811.617345167286
Nifty Services Sector TRI,2017-08-23,13990.9178692222
Nifty Services Sector TRI,2017-08-24,13985.725046837688
Nifty Services Sector TRI,2017-08-28,14085.601261836044
Nifty Services Sector TRI,2017-08-29,13910.51400960487
Nifty Services Sector TRI,2017-08-30,14010.584720671404
Nifty Services Sector TRI,2017-08-31,14050.061422281235
Nifty Services Sector TRI,2017-09-01,14057.408774256277
Nifty Services Sector TRI,2017-09-04,13956.784879477405
Nifty Services Sector TRI,2017-09-05,14005.632526249094
Nifty Services Sector TRI,2017-09-06,13982.028334468794
Nifty Services Sector TRI,2017-09-07,14027.757302148882
Nifty Services Sector TRI,2017-09-08,14014.649803363576
Nifty Services Sector TRI,2017-09-11,14118.531248658002
Nifty Services Sector TRI,2017-09-12,14194.423845316602
Nifty Services Sector TRI,2017-09-13,14184.010639790913
Nifty Services Sector TRI,2017-09-14,14201.111914901452
Nifty Services Sector TRI,2017-09-15,14200.067606894381
Nifty Services Sector TRI,2017-09-18,14290.044054573316
Nifty Services Sector TRI,2017-09-19,14285.610352874357
Nifty Services Sector TRI,2017-09-20,14272.290328919835
Nifty Services Sector TRI,2017-09-21,14240.873876360658
Nifty Services Sector TRI,2017-09-22,14038.885904979605
Nifty Services Sector TRI,2017-09-25,13916.106202865916
Nifty Services Sector TRI,2017-09-26,13920.81625308991
Nifty Services Sector TRI,2017-09-27,13755.467959125283
Nifty Services Sector TRI,2017-09-28,13831.44073075981
Nifty Services Sector TRI,2017-09-29,13865.454185854116
Nifty Services Sector TRI,2017-10-03,13935.204954953884
Nifty Services Sector TRI,2017-10-04,13941.640456950763
Nifty Services Sector TRI,2017-10-05,13905.40300191067
Nifty Services Sector TRI,2017-10-06,14006.294889635095
Nifty Services Sector TRI,2017-10-09,14036.443681438182
Nifty Services Sector TRI,2017-10-10,14092.46231355221
Nifty Services Sector TRI,2017-10-11,14042.96547069967
Nifty Services Sector TRI,2017-10-12,14161.881073792427
Nifty Services Sector TRI,2017-10-13,14306.728823646376
Nifty Services Sector TRI,2017-10-16,14341.548855366726
Nifty Services Sector TRI,2017-10-17,14329.29653937906
Nifty Services Sector TRI,2017-10-18,14234.408276599406
Nifty Services Sector TRI,2017-10-19,14132.829285586795
Nifty Services Sector TRI,2017-10-23,14192.362256481656
Nifty Services Sector TRI,2017-10-24,14221.455200857612
Nifty Services Sector TRI,2017-10-25,14361.777558694142
Nifty Services Sector TRI,2017-10-26,14365.266853368797
Nifty Services Sector TRI,2017-10-27,14345.191737619576
Nifty Services Sector TRI,2017-10-30,14405.321879963542
Nifty Services Sector TRI,2017-10-31,14384.491255664449
Nifty Services Sector TRI,2017-11-01,14600.082326147492
Nifty Services Sector TRI,2017-11-02,14621.969073887098
Nifty Services Sector TRI,2017-11-03,14690.131394248114
Nifty Services Sector TRI,2017-11-06,14683.265230616631
Nifty Services Sector TRI,2017-11-07,14607.690585854914
Nifty Services Sector TRI,2017-11-08,14545.11053573234
Nifty Services Sector TRI,2017-11-09,14563.979804770835
Nifty Services Sector TRI,2017-11-10,14606.74809276139
Nifty Services Sector TRI,2017-11-13,14503.947798778734
Nifty Services Sector TRI,2017-11-14,14451.334079375452
Nifty Services Sector TRI,2017-11-15,14376.432746512066
Nifty Services Sector TRI,2017-11-16,14537.47212960332
Nifty Services Sector TRI,2017-11-17,14645.536900175288
Nifty Services Sector TRI,2017-11-20,14649.400172803307
Nifty Services Sector TRI,2017-11-21,14667.30934187868
Nifty Services Sector TRI,2017-11-22,14695.148486924827
Nifty Services Sector TRI,2017-11-23,14696.06057871598
Nifty Services Sector TRI,2017-11-24,14755.744216370456
Nifty Services Sector TRI,2017-11-27,14792.057236121043
Nifty Services Sector TRI,2017-11-28,14770.140231830783
Nifty Services Sector TRI,2017-11-29,14730.62519262636
Nifty Services Sector TRI,2017-11-30,14526.199658368549
Nifty Services Sector TRI,2017-12-01,14374.553966516482
Nifty Services Sector TRI,2017-12-04,14406.033633985367
Nifty Services Sector TRI,2017-12-05,14418.219203202083
Nifty Services Sector TRI,2017-12-06,14294.351176113132
Nifty Services Sector TRI,2017-12-07,14452.689822704402
Nifty Services Sector TRI,2017-12-08,14574.21651683961
Nifty Services Sector TRI,2017-12-11,14665.174330505535
Nifty Services Sector TRI,2017-12-12,14555.924016217527
Nifty Services Sector TRI,2017-12-13,14481.443377430645
Nifty Services Sector TRI,2017-12-14,14545.966342357462
Nifty Services Sector TRI,2017-12-15,14670.763072885631
Nifty Services Sector TRI,2017-12-18,14737.121822400008
Nifty Services Sector TRI,2017-12-19,14770.065888440995
Nifty Services Sector TRI,2017-12-20,14737.22041468938
Nifty Services Sector TRI,2017-12-21,14749.964145444517
Nifty Services Sector TRI,2017-12-22,14840.17033467224
Nifty Services Sector TRI,2017-12-26,14872.363395990773
Nifty Services Sector TRI,2017-12-27,14789.10681341684
Nifty Services Sector TRI,2017-12-28,14763.97982995156
Nifty Services Sector TRI,2017-12-29,14846.751371167798
Nifty Services Sector TRI,2018-01-01,14719.05975326818
Nifty Services Sector TRI,2018-01-02,14729.80766275464
Nifty Services Sector TRI,2018-01-03,14716.075877621377
Nifty Services Sector TRI,2018-01-04,14766.220758547775
Nifty Services Sector TRI,2018-01-05,14884.787346242088
Nifty Services Sector TRI,2018-01-08,14960.183441108078
Nifty Services Sector TRI,2018-01-09,14949.376374005846
Nifty Services Sector TRI,2018-01-10,14974.673631608135
Nifty Services Sector TRI,2018-01-11,15020.297585804527
Nifty Services Sector TRI,2018-01-12,15057.65464145682
Nifty Services Sector TRI,2018-01-15,15236.827516227466
Nifty Services Sector TRI,2018-01-16,15276.899589533088
Nifty Services Sector TRI,2018-01-17,15426.399679458858
Nifty Services Sector TRI,2018-01-18,15519.626894826408
Nifty Services Sector TRI,2018-01-19,15669.955663036215
Nifty Services Sector TRI,2018-01-22,15753.952626874121
Nifty Services Sector TRI,2018-01-23,15910.09527481808
Nifty Services Sector TRI,2018-01-24,15963.014381149465
Nifty Services Sector TRI,2018-01-25,15925.139995770029
Nifty Services Sector TRI,2018-01-29,16030.632711141989
Nifty Services Sector TRI,2018-01-30,15875.060474712447
Nifty Services Sector TRI,2018-01-31,15871.95433877188
Nifty Services Sector TRI,2018-02-01,15852.99999803752
Nifty Services Sector TRI,2018-02-02,15488.068242425066
Nifty Services Sector TRI,2018-02-05,15293.047623666072
Nifty Services Sector TRI,2018-02-06,15062.65027024115
Nifty Services Sector TRI,2018-02-07,15001.196044306158
Nifty Services Sector TRI,2018-02-08,15152.580053151483
Nifty Services Sector TRI,2018-02-09,14923.019900379515
Nifty Services Sector TRI,2018-02-12,15042.334691707796
Nifty Services Sector TRI,2018-02-14,14965.339446404416
Nifty Services Sector TRI,2018-02-15,15026.004311479368
Nifty Services Sector TRI,2018-02-16,14911.54957755549
Nifty Services Sector TRI,2018-02-19,14843.842501761379
Nifty Services Sector TRI,2018-02-20,14807.955042373891
Nifty Services Sector TRI,2018-02-21,14893.362864005345
Nifty Services Sector TRI,2018-02-22,14914.255086795398
Nifty Services Sector TRI,2018-02-23,15071.069248698266
Nifty Services Sector TRI,2018-02-26,15191.642990778531
Nifty Services Sector TRI,2018-02-27,15116.888987184131
Nifty Services Sector TRI,2018-02-28,15013.003112696484
Nifty Services Sector TRI,2018-03-01,14940.025413596162
Nifty Services Sector TRI,2018-03-05,14894.110705007552
Nifty Services Sector TRI,2018-03-06,14732.745034781654
Nifty Services Sector TRI,2018-03-07,14563.192227385704
Nifty Services Sector TRI,2018-03-08,14713.509041772188
Nifty Services Sector TRI,2018-03-09,14705.378798749163
Nifty Services Sector TRI,2018-03-12,14952.48822964023
Nifty Services Sector TRI,2018-03-13,14949.99768002438
Nifty Services Sector TRI,2018-03-14,14961.643368219711
Nifty Services Sector TRI,2018-03-15,14924.650180894447
Nifty Services Sector TRI,2018-03-16,14731.707949263642
Nifty Services Sector TRI,2018-03-19,14550.862017678188
Nifty Services Sector TRI,2018-03-20,14622.2511362051
Nifty Services Sector TRI,2018-03-21,14697.707022321074
Nifty Services Sector TRI,2018-03-22,14621.039154126673
Nifty Services Sector TRI,2018-03-23,14480.866490476432
Nifty Services Sector TRI,2018-03-26,14691.38375245359
Nifty Services Sector TRI,2018-03-27,14770.162802536483
Nifty Services Sector TRI,2018-03-28,14670.343229925767
Nifty Services Sector TRI,2018-04-02,14769.64355489974
Nifty Services Sector TRI,2018-04-03,14833.97137083486
Nifty Services Sector TRI,2018-04-04,14638.250079089084
Nifty Services Sector TRI,2018-04-05,14949.470106738623
Nifty Services Sector TRI,2018-04-06,14959.877045685289
Nifty Services Sector TRI,2018-04-09,14992.568250475124
Nifty Services Sector TRI,2018-04-10,15018.374058964113
Nifty Services Sector TRI,2018-04-11,15016.859093819101
Nifty Services Sector TRI,2018-04-12,15170.28884278825
Nifty Services Sector TRI,2018-04-13,15216.21701555861
Nifty Services Sector TRI,2018-04-16,15267.646973173769
Nifty Services Sector TRI,2018-04-17,15292.87130700274
Nifty Services Sector TRI,2018-04-18,15219.732415746383
Nifty Services Sector TRI,2018-04-19,15250.976848932056
Nifty Services Sector TRI,2018-04-20,15307.330612393509
Nifty Services Sector TRI,2018-04-23,15336.272692907436
Nifty Services Sector TRI,2018-04-24,15333.139122178458
Nifty Services Sector TRI,2018-04-25,15293.232825383438
Nifty Services Sector TRI,2018-04-26,15374.115778344583
Nifty Services Sector TRI,2018-04-27,15457.606940735363
Nifty Services Sector TRI,2018-04-30,15581.989874231593
Nifty Services Sector TRI,2018-05-02,15566.515447311935
Nifty Services Sector TRI,2018-05-03,15522.537325669973
Nifty Services Sector TRI,2018-05-04,15497.8703898017
Nifty Services Sector TRI,2018-05-07,15581.102620243768
Nifty Services Sector TRI,2018-05-08,15611.183569259845
Nifty Services Sector TRI,2018-05-09,15637.414042745977
Nifty Services Sector TRI,2018-05-10,15590.118158250278
Nifty Services Sector TRI,2018-05-11,15709.795284938391
Nifty Services Sector TRI,2018-05-14,15737.059367696676
Nifty Services Sector TRI,2018-05-15,15765.74128257305
Nifty Services Sector TRI,2018-05-16,15651.518867880772
Nifty Services Sector TRI,2018-05-17,15582.176404281676
Nifty Services Sector TRI,2018-05-18,15486.557364118953
Nifty Services Sector TRI,2018-05-21,15395.466892159422
Nifty Services Sector TRI,2018-05-22,15422.515525607434
Nifty Services Sector TRI,2018-05-23,15326.008248438442
Nifty Services Sector TRI,2018-05-24,15547.790793709839
Nifty Services Sector TRI,2018-05-25,15688.259711959014
Nifty Services Sector TRI,2018-05-28,15756.093314011401
Nifty Services Sector TRI,2018-05-29,15636.174663997193
Nifty Services Sector TRI,2018-05-30,15633.807020197939
Nifty Services Sector TRI,2018-05-31,15905.391211474689
Nifty Services Sector TRI,2018-06-01,15790.298838582152
Nifty Services Sector TRI,2018-06-04,15627.997452370448
Nifty Services Sector TRI,2018-06-05,15566.213249319619
Nifty Services Sector TRI,2018-06-06,15690.064235549626
Nifty Services Sector TRI,2018-06-07,15806.428614426324
Nifty Services Sector TRI,2018-06-08,15773.269127106718
Nifty Services Sector TRI,2018-06-11,15795.076756213524
Nifty Services Sector TRI,2018-06-12,15869.090669521886
Nifty Services Sector TRI,2018-06-13,15895.413095210346
Nifty Services Sector TRI,2018-06-14,15786.518827155938
Nifty Services Sector TRI,2018-06-15,15824.955828707149
Nifty Services Sector TRI,2018-06-18,15784.669646452314
Nifty Services Sector TRI,2018-06-19,15693.466950499065
Nifty Services Sector TRI,2018-06-20,15807.217914249493
Nifty Services Sector TRI,2018-06-21,15784.314384522495
Nifty Services Sector TRI,2018-06-22,15949.970894203156
Nifty Services Sector TRI,2018-06-25,15912.622282679202
Nifty Services Sector TRI,2018-06-26,15951.945316095842
Nifty Services Sector TRI,2018-06-27,15847.02849801713
Nifty Services Sector TRI,2018-06-28,15750.85619498407
Nifty Services Sector TRI,2018-06-29,15867.7400141699
Nifty Services Sector TRI,2018-07-02,15806.185025664634
Nifty Services Sector TRI,2018-07-03,15843.99201098411
Nifty Services Sector TRI,2018-07-04,15914.582042295213
Nifty Services Sector TRI,2018-07-05,15877.15559537621
Nifty Services Sector TRI,2018-07-06,15881.479705205607
Nifty Services Sector TRI,2018-07-09,15968.669610153445
Nifty Services Sector TRI,2018-07-10,16093.649904278418
Nifty Services Sector TRI,2018-07-11,16138.381125150041
Nifty Services Sector TRI,2018-07-12,16213.566878438894
Nifty Services Sector TRI,2018-07-13,16221.32907063611
Nifty Services Sector TRI,2018-07-16,16180.771534995267
Nifty Services Sector TRI,2018-07-17,16295.562427777935
Nifty Services Sector TRI,2018-07-18,16274.938001794588
Nifty Services Sector TRI,2018-07-19,16209.387570082607
Nifty Services Sector TRI,2018-07-20,16314.509771371537
Nifty Services Sector TRI,2018-07-23,16401.94381666371
Nifty Services Sector TRI,2018-07-24,16439.633288430723
Nifty Services Sector TRI,2018-07-25,16457.360096874563
Nifty Services Sector TRI,2018-07-26,16600.264253135578
Nifty Services Sector TRI,2018-07-27,16705.85878014625
Nifty Services Sector TRI,2018-07-30,16744.819297727627
Nifty Services Sector TRI,2018-07-31,16718.977435287383
Nifty Services Sector TRI,2018-08-01,16657.112790674913
Nifty Services Sector TRI,2018-08-02,16505.735245435226
Nifty Services Sector TRI,2018-08-03,16719.03732283274
Nifty Services Sector TRI,2018-08-06,16774.38800044856
Nifty Services Sector TRI,2018-08-07,16778.092751099637
Nifty Services Sector TRI,2018-08-08,16850.534573969286
Nifty Services Sector TRI,2018-08-09,16917.70223751774
Nifty Services Sector TRI,2018-08-10,16862.358103316463
Nifty Services Sector TRI,2018-08-13,16751.278971320266
Nifty Services Sector TRI,2018-08-14,16843.60371614412
Nifty Services Sector TRI,2018-08-16,16755.805923975015
Nifty Services Sector TRI,2018-08-17,16851.895316974424
Nifty Services Sector TRI,2018-08-20,16872.548104900674
Nifty Services Sector TRI,2018-08-21,16896.946336132965
Nifty Services Sector TRI,2018-08-23,16884.22042142898
Nifty Services Sector TRI,2018-08-24,16810.825027147064
Nifty Services Sector TRI,2018-08-27,17042.283914289874
Nifty Services Sector TRI,2018-08-28,17082.269420443325
Nifty Services Sector TRI,2018-08-29,17047.317895922522
Nifty Services Sector TRI,2018-08-30,17011.656688190193
Nifty Services Sector TRI,2018-08-31,17042.495596583845
Nifty Services Sector TRI,2018-09-03,16917.957314067306
Nifty Services Sector TRI,2018-09-04,16875.58655038527
Nifty Services Sector TRI,2018-09-05,16811.64053712409
Nifty Services Sector TRI,2018-09-06,16854.1357640609
Nifty Services Sector TRI,2018-09-07,16857.137686076167
Nifty Services Sector TRI,2018-09-10,16690.32832040891
Nifty Services Sector TRI,2018-09-11,16492.932062796077
Nifty Services Sector TRI,2018-09-12,16542.726468115783
Nifty Services Sector TRI,2018-09-14,16765.634724860323
Nifty Services Sector TRI,2018-09-17,16592.348091473792
Nifty Services Sector TRI,2018-09-18,16393.70380677532
Nifty Services Sector TRI,2018-09-19,16311.891916198565
Nifty Services Sector TRI,2018-09-21,16054.39855187628
Nifty Services Sector TRI,2018-09-24,15771.059804286777
Nifty Services Sector TRI,2018-09-25,15950.09303503054
Nifty Services Sector TRI,2018-09-26,15907.82270527213
Nifty Services Sector TRI,2018-09-27,15771.351906019074
Nifty Services Sector TRI,2018-09-28,15778.190478042066
Nifty Services Sector TRI,2018-10-01,16024.695422051878
Nifty Services Sector TRI,2018-10-03,15792.708042792523
Nifty Services Sector TRI,2018-10-04,15525.340170987132
Nifty Services Sector TRI,2018-10-05,15305.284825273413
Nifty Services Sector TRI,2018-10-08,15248.871349229648
Nifty Services Sector TRI,2018-10-09,15306.085027115476
Nifty Services Sector TRI,2018-10-10,15586.681962350427
Nifty Services Sector TRI,2018-10-11,15177.993075207114
Nifty Services Sector TRI,2018-10-12,15437.60742900691
Nifty Services Sector TRI,2018-10-15,15521.373204494594
Nifty Services Sector TRI,2018-10-16,15615.42781177943
Nifty Services Sector TRI,2018-10-17,15407.835116423168
Nifty Services Sector TRI,2018-10-19,15158.611473952358
Nifty Services Sector TRI,2018-10-22,15142.147112187664
Nifty Services Sector TRI,2018-10-23,15019.664923526303
Nifty Services Sector TRI,2018-10-24,15160.868517600305
Nifty Services Sector TRI,2018-10-25,15021.191627383401
Nifty Services Sector TRI,2018-10-26,14819.301980546537
Nifty Services Sector TRI,2018-10-29,15127.81958058174
Nifty Services Sector TRI,2018-10-30,15121.219321148541
Nifty Services Sector TRI,2018-10-31,15491.77577032142
Nifty Services Sector TRI,2018-11-01,15470.07001075298
Nifty Services Sector TRI,2018-11-02,15630.649103809736
Nifty Services Sector TRI,2018-11-05,15585.94974064273
Nifty Services Sector TRI,2018-11-06,15600.050439495202
Nifty Services Sector TRI,2018-11-07,15707.220046192131
Nifty Services Sector TRI,2018-11-09,15656.55017430884
Nifty Services Sector TRI,2018-11-12,15540.923818052483
Nifty Services Sector TRI,2018-11-13,15671.59002694803
Nifty Services Sector TRI,2018-11-14,15647.914310589853
Nifty Services Sector TRI,2018-11-15,15736.331725804495
Nifty Services Sector TRI,2018-11-16,15843.592593489584
Nifty Services Sector TRI,2018-11-19,15888.066133022467
Nifty Services Sector TRI,2018-11-20,15731.420545963467
Nifty Services Sector TRI,2018-11-21,15651.491997505565
Nifty Services Sector TRI,2018-11-22,15550.58778351172
Nifty Services Sector TRI,2018-11-26,15715.057930712217
Nifty Services Sector TRI,2018-11-27,15839.18034767261
Nifty Services Sector TRI,2018-11-28,15990.403855401642
Nifty Services Sector TRI,2018-11-29,16150.813617054777
Nifty Services Sector TRI,2018-11-30,16195.261396421763
Nifty Services Sector TRI,2018-12-03,16251.589392528078
Nifty Services Sector TRI,2018-12-04,16243.870617596485
Nifty Services Sector TRI,2018-12-05,16178.456020911683
Nifty Services Sector TRI,2018-12-06,15938.524146971722
Nifty Services Sector TRI,2018-12-07,16085.532896770615
Nifty Services Sector TRI,2018-12-10,15776.889654522007
Nifty Services Sector TRI,2018-12-11,15854.675435018693
Nifty Services Sector TRI,2018-12-12,16128.92725904963
Nifty Services Sector TRI,2018-12-13,16233.398231300738
Nifty Services Sector TRI,2018-12-14,16243.54800046488
Nifty Services Sector TRI,2018-12-17,16357.569234131732
Nifty Services Sector TRI,2018-12-18,16354.93280385934
Nifty Services Sector TRI,2018-12-19,16435.436250918257
Nifty Services Sector TRI,2018-12-20,16401.097805306734
Nifty Services Sector TRI,2018-12-21,16105.844272706887
Nifty Services Sector TRI,2018-12-24,16012.406835773789
Nifty Services Sector TRI,2018-12-26,16132.695200435239
Nifty Services Sector TRI,2018-12-27,16190.739935420179
Nifty Services Sector TRI,2018-12-28,16318.283712790113
Nifty Services Sector TRI,2018-12-31,16332.787403177039
Nifty Services Sector TRI,2019-01-01,16467.46134651559
Nifty Services Sector TRI,2019-01-02,16338.010165318368
Nifty Services Sector TRI,2019-01-03,16175.574484884492
Nifty Services Sector TRI,2019-01-04,16263.386929401073
Nifty Services Sector TRI,2019-01-07,16345.0538551284
Nifty Services Sector TRI,2019-01-08,16383.547328139568
Nifty Services Sector TRI,2019-01-09,16490.088309507144
Nifty Services Sector TRI,2019-01-10,16427.17465705582
Nifty Services Sector TRI,2019-01-11,16392.7018985554
Nifty Services Sector TRI,2019-01-14,16287.846762051377
Nifty Services Sector TRI,2019-01-15,16515.640565646863
Nifty Services Sector TRI,2019-01-16,16544.137007363526
Nifty Services Sector TRI,2019-01-17,16591.01960930659
Nifty Services Sector TRI,2019-01-18,16552.330542053835
Nifty Services Sector TRI,2019-01-21,16608.61767680316
Nifty Services Sector TRI,2019-01-22,16554.712090415225
Nifty Services Sector TRI,2019-01-23,16408.648536688965
Nifty Services Sector TRI,2019-01-24,16442.950514912478
Nifty Services Sector TRI,2019-01-25,16362.38150252958
Nifty Services Sector TRI,2019-01-28,16160.70963714903
Nifty Services Sector TRI,2019-01-29,16154.340077119368
Nifty Services Sector TRI,2019-01-30,16191.540729191593
Nifty Services Sector TRI,2019-01-31,16457.27371183968
Nifty Services Sector TRI,2019-02-01,16506.639461770865
Nifty Services Sector TRI,2019-02-04,16524.62572032987
Nifty Services Sector TRI,2019-02-05,16566.55365001076
Nifty Services Sector TRI,2019-02-06,16713.929566705217
Nifty Services Sector TRI,2019-02-07,16705.551785701005
Nifty Services Sector TRI,2019-02-08,16600.973519904317
Nifty Services Sector TRI,2019-02-11,16573.08565782548
Nifty Services Sector TRI,2019-02-12,16414.4970132341
Nifty Services Sector TRI,2019-02-14,16365.789656163417
Nifty Services Sector TRI,2019-02-15,16291.46040014689
Nifty Services Sector TRI,2019-02-18,16197.702481101895
Nifty Services Sector TRI,2019-02-19,16078.17238802962
Nifty Services Sector TRI,2019-02-20,16291.053802296861
Nifty Services Sector TRI,2019-02-21,16351.181764066896
Nifty Services Sector TRI,2019-02-22,16319.671207457517
Nifty Services Sector TRI,2019-02-25,16511.639111761957
Nifty Services Sector TRI,2019-02-26,16419.48285357459
Nifty Services Sector TRI,2019-02-27,16343.264138268545
Nifty Services Sector TRI,2019-02-28,16300.241608994493
Nifty Services Sector TRI,2019-03-01,16435.775679899252
Nifty Services Sector TRI,2019-03-05,16583.1888166669
Nifty Services Sector TRI,2019-03-06,16664.44905672326
Nifty Services Sector TRI,2019-03-07,16654.416416257045
Nifty Services Sector TRI,2019-03-08,16640.38319172388
Nifty Services Sector TRI,2019-03-11,16762.754909047788
Nifty Services Sector TRI,2019-03-12,16960.341649370264
Nifty Services Sector TRI,2019-03-13,17093.373435078003
Nifty Services Sector TRI,2019-03-14,17092.561369692656
Nifty Services Sector TRI,2019-03-15,17352.338189828104
Nifty Services Sector TRI,2019-03-18,17368.18130211147
Nifty Services Sector TRI,2019-03-19,17475.43259143933
Nifty Services Sector TRI,2019-03-20,17515.42062202748
Nifty Services Sector TRI,2019-03-22,17436.846884031642
Nifty Services Sector TRI,2019-03-25,17265.5030286719
Nifty Services Sector TRI,2019-03-26,17464.074505409306
Nifty Services Sector TRI,2019-03-27,17458.94169765662
Nifty Services Sector TRI,2019-03-28,17699.75654180344
Nifty Services Sector TRI,2019-04-01,17793.714790332386
Nifty Services Sector TRI,2019-04-02,17904.92267945828
Nifty Services Sector TRI,2019-04-03,17827.73162243204
Nifty Services Sector TRI,2019-04-04,17740.55315214001
Nifty Services Sector TRI,2019-04-05,17882.048149387403
Nifty Services Sector TRI,2019-04-08,17819.451841546084
Nifty Services Sector TRI,2019-04-09,17920.64616561917
Nifty Services Sector TRI,2019-04-10,17708.15035336858
Nifty Services Sector TRI,2019-04-11,17683.05345336856
Nifty Services Sector TRI,2019-04-12,17745.353840373555
Nifty Services Sector TRI,2019-04-15,17822.53900183672
Nifty Services Sector TRI,2019-04-16,17970.781257454208
Nifty Services Sector TRI,2019-04-18,17830.650614295202
Nifty Services Sector TRI,2019-04-22,17615.315504256487
Nifty Services Sector TRI,2019-04-23,17545.85733995572
Nifty Services Sector TRI,2019-04-24,17794.681455113594
Nifty Services Sector TRI,2019-04-25,17657.767988348878
Nifty Services Sector TRI,2019-04-26,17883.55822987792
Nifty Services Sector TRI,2019-04-30,17892.09731572257
Nifty Services Sector TRI,2019-05-02,17813.9893019546
Nifty Services Sector TRI,2019-05-03,17792.226237501403
Nifty Services Sector TRI,2019-05-06,17627.65360366959
Nifty Services Sector TRI,2019-05-07,17507.153663540288
Nifty Services Sector TRI,2019-05-08,17313.778857766163
Nifty Services Sector TRI,2019-05-09,17286.33859175041
Nifty Services Sector TRI,2019-05-10,17300.851766187156
Nifty Services Sector TRI,2019-05-13,17177.328518027985
Nifty Services Sector TRI,2019-05-14,17220.123785958465
Nifty Services Sector TRI,2019-05-15,17134.01685126133
Nifty Services Sector TRI,2019-05-16,17291.334685975737
Nifty Services Sector TRI,2019-05-17,17557.30877923899
Nifty Services Sector TRI,2019-05-20,18214.32284661875
Nifty Services Sector TRI,2019-05-21,17973.810166869986
Nifty Services Sector TRI,2019-05-22,18032.739305473326
Nifty Services Sector TRI,2019-05-23,17934.879254623447
Nifty Services Sector TRI,2019-05-24,18244.996565669557
Nifty Services Sector TRI,2019-05-27,18430.13896329496
Nifty Services Sector TRI,2019-05-28,18466.344984651038
Nifty Services Sector TRI,2019-05-29,18392.21736461771
Nifty Services Sector TRI,2019-05-30,18582.179528007808
Nifty Services Sector TRI,2019-05-31,18589.050149647846
Nifty Services Sector TRI,2019-06-03,18808.451644331144
Nifty Services Sector TRI,2019-06-04,18709.092704775736
Nifty Services Sector TRI,2019-06-06,18379.76565869982
Nifty Services Sector TRI,2019-06-07,18505.961429601844
Nifty Services Sector TRI,2019-06-10,18570.881329527372
Nifty Services Sector TRI,2019-06-11,18653.562046940267
Nifty Services Sector TRI,2019-06-12,18520.143763763845
Nifty Services Sector TRI,2019-06-13,18546.752684852894
Nifty Services Sector TRI,2019-06-14,18388.03238173145
Nifty Services Sector TRI,2019-06-17,18228.45847155487
Nifty Services Sector TRI,2019-06-18,18279.199650780156
Nifty Services Sector TRI,2019-06-19,18309.5990257633
Nifty Services Sector TRI,2019-06-20,18500.238291043923
Nifty Services Sector TRI,2019-06-21,18358.911551134108
Nifty Services Sector TRI,2019-06-24,18360.60080908144
Nifty Services Sector TRI,2019-06-25,18483.514099126704
Nifty Services Sector TRI,2019-06-26,18572.116677777867
Nifty Services Sector TRI,2019-06-27,18597.420021035417
Nifty Services Sector TRI,2019-06-28,18532.518061679806
Nifty Services Sector TRI,2019-07-01,18698.64327821101
Nifty Services Sector TRI,2019-07-02,18765.762466421966
Nifty Services Sector TRI,2019-07-03,18759.82763525344
Nifty Services Sector TRI,2019-07-04,18813.41893672062
Nifty Services Sector TRI,2019-07-05,18662.190602463794
Nifty Services Sector TRI,2019-07-08,18264.126915260713
Nifty Services Sector TRI,2019-07-09,18224.006621998884
Nifty Services Sector TRI,2019-07-10,18150.374640714934
Nifty Services Sector TRI,2019-07-11,18275.492309663838
Nifty Services Sector TRI,2019-07-12,18223.702876522482
Nifty Services Sector TRI,2019-07-15,18335.774652103442
Nifty Services Sector TRI,2019-07-16,18403.735784482968
Nifty Services Sector TRI,2019-07-17,18495.919792526933
Nifty Services Sector TRI,2019-07-18,18417.26789992532
Nifty Services Sector TRI,2019-07-19,18120.153202076945
Nifty Services Sector TRI,2019-07-22,17847.745555563473
Nifty Services Sector TRI,2019-07-23,17777.15115429925
Nifty Services Sector TRI,2019-07-24,17715.470810182236
Nifty Services Sector TRI,2019-07-25,17756.787449259464
Nifty Services Sector TRI,2019-07-26,17808.621721755713
Nifty Services Sector TRI,2019-07-29,17766.54016686515
Nifty Services Sector TRI,2019-07-30,17647.363969571394
Nifty Services Sector TRI,2019-07-31,17680.757191688495
Nifty Services Sector TRI,2019-08-01,17389.88030165827
Nifty Services Sector TRI,2019-08-02,17409.501877129565
Nifty Services Sector TRI,2019-08-05,17274.63104374042
Nifty Services Sector TRI,2019-08-06,17442.561266502176
Nifty Services Sector TRI,2019-08-07,17340.14101527507
Nifty Services Sector TRI,2019-08-08,17592.68285470062
Nifty Services Sector TRI,2019-08-09,17749.46066614266
Nifty Services Sector TRI,2019-08-13,17230.83423496061
Nifty Services Sector TRI,2019-08-14,17403.71083133188
Nifty Services Sector TRI,2019-08-16,17419.83195583846
Nifty Services Sector TRI,2019-08-19,17426.387678138737
Nifty Services Sector TRI,2019-08-20,17386.790002007354
Nifty Services Sector TRI,2019-08-21,17270.215443154913
Nifty Services Sector TRI,2019-08-22,16953.998980021654
Nifty Services Sector TRI,2019-08-23,17046.40996265937
Nifty Services Sector TRI,2019-08-26,17552.052024349116
Nifty Services Sector TRI,2019-08-27,17565.411612303684
Nifty Services Sector TRI,2019-08-28,17513.62831072317
Nifty Services Sector TRI,2019-08-29,17308.457792078894
Nifty Services Sector TRI,2019-08-30,17435.2940793599
Nifty Services Sector TRI,2019-09-03,17126.0148307741
Nifty Services Sector TRI,2019-09-04,17271.829066174738
Nifty Services Sector TRI,2019-09-05,17175.09398645069
Nifty Services Sector TRI,2019-09-06,17303.88429654364
Nifty Services Sector TRI,2019-09-09,17390.652255755103
Nifty Services Sector TRI,2019-09-11,17391.898048056177
Nifty Services Sector TRI,2019-09-12,17378.626226754397
Nifty Services Sector TRI,2019-09-13,17524.491412972122
Nifty Services Sector TRI,2019-09-16,17416.245516118983
Nifty Services Sector TRI,2019-09-17,17101.694923266303
Nifty Services Sector TRI,2019-09-18,17122.824986130767
Nifty Services Sector TRI,2019-09-19,16910.606524090435
Nifty Services Sector TRI,2019-09-20,17713.264111285604
Nifty Services Sector TRI,2019-09-23,18219.04689067988
Nifty Services Sector TRI,2019-09-24,18175.40304029841
Nifty Services Sector TRI,2019-09-25,17966.266170188657
Nifty Services Sector TRI,2019-09-26,18086.395757316834
Nifty Services Sector TRI,2019-09-27,18010.30375480571
Nifty Services Sector TRI,2019-09-30,17838.994182690833
Nifty Services Sector TRI,2019-10-01,17665.558300378645
Nifty Services Sector TRI,2019-10-03,17528.326758127412
Nifty Services Sector TRI,2019-10-04,17308.182257393608
Nifty Services Sector TRI,2019-10-07,17268.76556399222
Nifty Services Sector TRI,2019-10-09,17636.123649225185
Nifty Services Sector TRI,2019-10-10,17381.3895788119
Nifty Services Sector TRI,2019-10-11,17497.860139142907
Nifty Services Sector TRI,2019-10-14,17494.49687537863
Nifty Services Sector TRI,2019-10-15,17587.526668221817
Nifty Services Sector TRI,2019-10-16,17677.25046678436
Nifty Services Sector TRI,2019-10-17,17849.95015506505
Nifty Services Sector TRI,2019-10-18,17943.000615867215
Nifty Services Sector TRI,2019-10-22,17750.55748118662
Nifty Services Sector TRI,2019-10-23,17798.344734234564
Nifty Services Sector TRI,2019-10-24,17688.71650296616
Nifty Services Sector TRI,2019-10-25,17740.425018104645
Nifty Services Sector TRI,2019-10-29,17997.8789983199
Nifty Services Sector TRI,2019-10-30,18089.479862185457
Nifty Services Sector TRI,2019-10-31,18194.61752997761
Nifty Services Sector TRI,2019-11-01,18248.232284086407
Nifty Services Sector TRI,2019-11-04,18362.20152022113
Nifty Services Sector TRI,2019-11-05,18333.41559569509
Nifty Services Sector TRI,2019-11-06,18502.98879580639
Nifty Services Sector TRI,2019-11-07,18575.904256502003
Nifty Services Sector TRI,2019-11-08,18492.04408361327
Nifty Services Sector TRI,2019-11-11,18590.099275529483
Nifty Services Sector TRI,2019-11-13,18394.342433779122
Nifty Services Sector TRI,2019-11-14,18535.72654147524
Nifty Services Sector TRI,2019-11-15,18607.446788633813
Nifty Services Sector TRI,2019-11-18,18604.240400803563
Nifty Services Sector TRI,2019-11-19,18650.16300267646
Nifty Services Sector TRI,2019-11-20,18672.104870429444
Nifty Services Sector TRI,2019-11-21,18697.914599237578
Nifty Services Sector TRI,2019-11-22,18556.267285604146
Nifty Services Sector TRI,2019-11-25,18818.365268205922
Nifty Services Sector TRI,2019-11-26,18787.805718284962
Nifty Services Sector TRI,2019-11-27,18892.00686951692
Nifty Services Sector TRI,2019-11-28,18968.68786939031
Nifty Services Sector TRI,2019-11-29,18865.15808613866
Nifty Services Sector TRI,2019-12-02,18806.745132848817
Nifty Services Sector TRI,2019-12-03,18773.46985365247
Nifty Services Sector TRI,2019-12-04,18938.06967890679
Nifty Services Sector TRI,2019-12-05,18901.090244646985
Nifty Services Sector TRI,2019-12-06,18710.394145407095
Nifty Services Sector TRI,2019-12-09,18711.564256040885
Nifty Services Sector TRI,2019-12-10,18599.19679977302
Nifty Services Sector TRI,2019-12-11,18735.73678065272
Nifty Services Sector TRI,2019-12-12,18805.811016001466
Nifty Services Sector TRI,2019-12-13,18994.85070781217
Nifty Services Sector TRI,2019-12-16,19047.044801055075
Nifty Services Sector TRI,2019-12-17,19270.68746006144
Nifty Services Sector TRI,2019-12-18,19346.26805641831
Nifty Services Sector TRI,2019-12-19,19347.45305336265
Nifty Services Sector TRI,2019-12-20,19409.598303868243
Nifty Services Sector TRI,2019-12-23,19444.804442804772
Nifty Services Sector TRI,2019-12-24,19389.17399253068
Nifty Services Sector TRI,2019-12-26,19273.97290387027
Nifty Services Sector TRI,2019-12-27,19465.21706081506
Nifty Services Sector TRI,2019-12-30,19442.94277079846
Nifty Services Sector TRI,2019-12-31,19316.13379653109
Nifty Services Sector TRI,2020-01-01,19358.43599161631
Nifty Services Sector TRI,2020-01-02,19496.095052274482
Nifty Services Sector TRI,2020-01-03,19415.763844623423
Nifty Services Sector TRI,2020-01-06,19026.51599909639
Nifty Services Sector TRI,2020-01-07,19115.309330909204
Nifty Services Sector TRI,2020-01-08,19126.56303321526
Nifty Services Sector TRI,2020-01-09,19412.262435199274
Nifty Services Sector TRI,2020-01-10,19437.75045989638
Nifty Services Sector TRI,2020-01-13,19578.225379523214
Nifty Services Sector TRI,2020-01-14,19623.045181301746
Nifty Services Sector TRI,2020-01-15,19548.000140300494
Nifty Services Sector TRI,2020-01-16,19566.90966380382
Nifty Services Sector TRI,2020-01-17,19485.492598441295
Nifty Services Sector TRI,2020-01-20,19274.044543155203
Nifty Services Sector TRI,2020-01-21,19226.663443485602
Nifty Services Sector TRI,2020-01-22,19139.40719397172
Nifty Services Sector TRI,2020-01-23,19279.42237793292
Nifty Services Sector TRI,2020-01-24,19389.540707905275
Nifty Services Sector TRI,2020-01-27,19150.951156290575
Nifty Services Sector TRI,2020-01-28,19146.093996980962
Nifty Services Sector TRI,2020-01-29,19234.95677124702
Nifty Services Sector TRI,2020-01-30,19113.16799499548
Nifty Services Sector TRI,2020-01-31,19077.286201854604
Nifty Services Sector TRI,2020-02-03,18612.801710013537
Nifty Services Sector TRI,2020-02-04,19060.554685248015
Nifty Services Sector TRI,2020-02-05,19250.04566443357
Nifty Services Sector TRI,2020-02-06,19404.756416603832
Nifty Services Sector TRI,2020-02-07,19375.30385096237
Nifty Services Sector TRI,2020-02-10,19336.58468282444
Nifty Services Sector TRI,2020-02-11,19450.260777602365
Nifty Services Sector TRI,2020-02-12,19569.762937832755
Nifty Services Sector TRI,2020-02-13,19490.26947854858
Nifty Services Sector TRI,2020-02-14,19374.46890915489
Nifty Services Sector TRI,2020-02-17,19273.941644438793
Nifty Services Sector TRI,2020-02-18,19211.05344121045
Nifty Services Sector TRI,2020-02-19,19406.124429425985
Nifty Services Sector TRI,2020-02-20,19382.700168708125
Nifty Services Sector TRI,2020-02-24,19051.16706596437
Nifty Services Sector TRI,2020-02-25,19079.5089369448
Nifty Services Sector TRI,2020-02-26,18922.06844019596
Nifty Services Sector TRI,2020-02-27,18829.15455845264
Nifty Services Sector TRI,2020-02-28,18081.485846268388
Nifty Services Sector TRI,2020-03-02,18038.62006020409
Nifty Services Sector TRI,2020-03-03,18253.36447958104
Nifty Services Sector TRI,2020-03-04,18126.91717762589
Nifty Services Sector TRI,2020-03-05,18194.50004454215
Nifty Services Sector TRI,2020-03-06,17684.38521626019
Nifty Services Sector TRI,2020-03-09,16848.850323053794
Nifty Services Sector TRI,2020-03-11,16814.00922779717
Nifty Services Sector TRI,2020-03-12,15366.557664614891
Nifty Services Sector TRI,2020-03-13,16071.308195196509
Nifty Services Sector TRI,2020-03-16,14769.262137452946
Nifty Services Sector TRI,2020-03-17,14186.45503575806
Nifty Services Sector TRI,2020-03-18,13248.542983738556
Nifty Services Sector TRI,2020-03-19,13060.340236953256
Nifty Services Sector TRI,2020-03-20,13626.193080543897
Nifty Services Sector TRI,2020-03-23,11767.394877985149
Nifty Services Sector TRI,2020-03-24,12047.2269683252
Nifty Services Sector TRI,2020-03-25,12869.899568999805
Nifty Services Sector TRI,2020-03-26,13547.231328215357
Nifty Services Sector TRI,2020-03-27,13622.92654453799
Nifty Services Sector TRI,2020-03-30,12821.883521501379
Nifty Services Sector TRI,2020-03-31,13183.902737414315
Nifty Services Sector TRI,2020-04-01,12585.77181362429
Nifty Services Sector TRI,2020-04-03,12146.358627468304
Nifty Services Sector TRI,2020-04-07,13148.223227927274
Nifty Services Sector TRI,2020-04-08,13086.084035127904
Nifty Services Sector TRI,2020-04-09,13715.264923142193
Nifty Services Sector TRI,2020-04-13,13454.139571375446
Nifty Services Sector TRI,2020-04-15,13223.347855397038
Nifty Services Sector TRI,2020-04-16,13317.183717659116
Nifty Services Sector TRI,2020-04-17,13865.624455197125
Nifty Services Sector TRI,2020-04-20,13953.956910901241
Nifty Services Sector TRI,2020-04-21,13388.673898333922
Nifty Services Sector TRI,2020-04-22,13559.126995533254
Nifty Services Sector TRI,2020-04-23,13925.330119500723
Nifty Services Sector TRI,2020-04-24,13461.195624732021
Nifty Services Sector TRI,2020-04-27,13685.777143470239
Nifty Services Sector TRI,2020-04-28,13994.879330722251
Nifty Services Sector TRI,2020-04-29,14417.779481975494
Nifty Services Sector TRI,2020-04-30,14931.48786326756
Nifty Services Sector TRI,2020-05-04,13904.885771182782
Nifty Services Sector TRI,2020-05-05,13721.415651763331
Nifty Services Sector TRI,2020-05-06,13965.084706522552
Nifty Services Sector TRI,2020-05-07,13778.492843916232
Nifty Services Sector TRI,2020-05-08,13779.053547407457
Nifty Services Sector TRI,2020-05-11,13677.030175845523
Nifty Services Sector TRI,2020-05-12,13724.77431779531
Nifty Services Sector TRI,2020-05-13,14055.42869616815
Nifty Services Sector TRI,2020-05-14,13595.218952311723
Nifty Services Sector TRI,2020-05-15,13519.957461166485
Nifty Services Sector TRI,2020-05-18,12943.14789888239
Nifty Services Sector TRI,2020-05-19,13102.117557251526
Nifty Services Sector TRI,2020-05-20,13369.005366891426
Nifty Services Sector TRI,2020-05-21,13344.08967165495
Nifty Services Sector TRI,2020-05-22,13150.881448665186
Nifty Services Sector TRI,2020-05-26,13063.131891189185
Nifty Services Sector TRI,2020-05-27,13668.88711831411
Nifty Services Sector TRI,2020-05-28,13926.019799094815
Nifty Services Sector TRI,2020-05-29,13977.35758437912
Nifty Services Sector TRI,2020-06-01,14394.507612562655
Nifty Services Sector TRI,2020-06-02,14736.744629609795
Nifty Services Sector TRI,2020-06-03,14891.679136745473
Nifty Services Sector TRI,2020-06-04,14740.654470857557
Nifty Services Sector TRI,2020-06-05,14936.482833704458
Nifty Services Sector TRI,2020-06-08,15049.646634868923
Nifty Services Sector TRI,2020-06-09,14824.336618908485
Nifty Services Sector TRI,2020-06-10,14968.294894656248
Nifty Services Sector TRI,2020-06-11,14655.845752174886
Nifty Services Sector TRI,2020-06-12,14675.908655916837
Nifty Services Sector TRI,2020-06-15,14346.061730241343
Nifty Services Sector TRI,2020-06-16,14610.94301745706
Nifty Services Sector TRI,2020-06-17,14565.069129215999
Nifty Services Sector TRI,2020-06-18,14946.999109843575
Nifty Services Sector TRI,2020-06-19,15109.255447140858
Nifty Services Sector TRI,2020-06-22,15237.959343132303
Nifty Services Sector TRI,2020-06-23,15543.781368569133
Nifty Services Sector TRI,2020-06-24,15142.111417596367
Nifty Services Sector TRI,2020-06-25,15112.88389582003
Nifty Services Sector TRI,2020-06-26,15321.048343138358
Nifty Services Sector TRI,2020-06-29,15199.805682430293
Nifty Services Sector TRI,2020-06-30,15208.317411094415
Nifty Services Sector TRI,2020-07-01,15464.171996069272
Nifty Services Sector TRI,2020-07-02,15644.830089502144
Nifty Services Sector TRI,2020-07-03,15706.4143301487
Nifty Services Sector TRI,2020-07-06,15888.79863711042
Nifty Services Sector TRI,2020-07-07,16110.146915855012
Nifty Services Sector TRI,2020-07-08,15949.305828880728
Nifty Services Sector TRI,2020-07-09,16142.939282742827
Nifty Services Sector TRI,2020-07-10,15946.3930426047
Nifty Services Sector TRI,2020-07-13,15857.568679424185
Nifty Services Sector TRI,2020-07-14,15511.283047241743
Nifty Services Sector TRI,2020-07-15,15631.980375812762
Nifty Services Sector TRI,2020-07-16,15882.45969709442
Nifty Services Sector TRI,2020-07-17,16057.594358248463
Nifty Services Sector TRI,2020-07-20,16340.58551305196
Nifty Services Sector TRI,2020-07-21,16560.322864806025
Nifty Services Sector TRI,2020-07-22,16472.622077869004
Nifty Services Sector TRI,2020-07-23,16537.727917431566
Nifty Services Sector TRI,2020-07-24,16390.075161038632
Nifty Services Sector TRI,2020-07-27,16219.34776450997
Nifty Services Sector TRI,2020-07-28,16494.126463963607
Nifty Services Sector TRI,2020-07-29,16390.633946000704
Nifty Services Sector TRI,2020-07-30,16194.134633166172
Nifty Services Sector TRI,2020-07-31,16159.557185431204
Nifty Services Sector TRI,2020-08-03,15845.152539020168
Nifty Services Sector TRI,2020-08-04,16034.655738207837
Nifty Services Sector TRI,2020-08-05,16030.498678691782
Nifty Services Sector TRI,2020-08-06,16219.462922956112
Nifty Services Sector TRI,2020-08-07,16204.497293153014
Nifty Services Sector TRI,2020-08-10,16287.358084843812
Nifty Services Sector TRI,2020-08-11,16379.143104000943
Nifty Services Sector TRI,2020-08-12,16370.090125265133
Nifty Services Sector TRI,2020-08-13,16330.486195684105
Nifty Services Sector TRI,2020-08-14,16101.998818188686
Nifty Services Sector TRI,2020-08-17,16188.603317691792
Nifty Services Sector TRI,2020-08-18,16418.572526138465
Nifty Services Sector TRI,2020-08-19,16462.76842074776
Nifty Services Sector TRI,2020-08-20,16317.714979186345
Nifty Services Sector TRI,2020-08-21,16435.349303022944
Nifty Services Sector TRI,2020-08-24,16655.62589965331
Nifty Services Sector TRI,2020-08-25,16721.699440401622
Nifty Services Sector TRI,2020-08-26,16811.42468858403
Nifty Services Sector TRI,2020-08-27,16863.619778686123
Nifty Services Sector TRI,2020-08-28,17111.255203165198
Nifty Services Sector TRI,2020-08-31,16739.981659274188
Nifty Services Sector TRI,2020-09-01,16842.77723968311
Nifty Services Sector TRI,2020-09-02,16916.070425060858
Nifty Services Sector TRI,2020-09-03,16841.980449785304
Nifty Services Sector TRI,2020-09-04,16549.308599277218
Nifty Services Sector TRI,2020-09-07,16561.922093920246
Nifty Services Sector TRI,2020-09-08,16521.508979274615
Nifty Services Sector TRI,2020-09-09,16306.280194035484
Nifty Services Sector TRI,2020-09-10,16409.371753169566
Nifty Services Sector TRI,2020-09-11,16446.791799524068
Nifty Services Sector TRI,2020-09-14,16461.96463428715
Nifty Services Sector TRI,2020-09-15,16638.129981723887
Nifty Services Sector TRI,2020-09-16,16751.242674887064
Nifty Services Sector TRI,2020-09-17,16613.655641011916
Nifty Services Sector TRI,2020-09-18,16507.92894229309
Nifty Services Sector TRI,2020-09-21,16238.153500139777
Nifty Services Sector TRI,2020-09-22,16157.074136863355
Nifty Services Sector TRI,2020-09-23,16078.054464133682
Nifty Services Sector TRI,2020-09-24,15531.554826108411
Nifty Services Sector TRI,2020-09-25,15944.786698877566
Nifty Services Sector TRI,2020-09-28,16246.611841873555
Nifty Services Sector TRI,2020-09-29,16204.653260155215
Nifty Services Sector TRI,2020-09-30,16248.622918476696
Nifty Services Sector TRI,2020-10-01,16646.82631466614
Nifty Services Sector TRI,2020-10-05,16854.22994995137
Nifty Services Sector TRI,2020-10-06,17218.619734786407
Nifty Services Sector TRI,2020-10-07,17272.517140993743
Nifty Services Sector TRI,2020-10-08,17510.556333610093
Nifty Services Sector TRI,2020-10-09,17747.940179076286
Nifty Services Sector TRI,2020-10-12,17754.81757531229
Nifty Services Sector TRI,2020-10-13,17729.087979777752
Nifty Services Sector TRI,2020-10-14,17817.927376514537
Nifty Services Sector TRI,2020-10-15,17318.145327086735
Nifty Services Sector TRI,2020-10-16,17537.30972890134
Nifty Services Sector TRI,2020-10-19,17794.968858126933
Nifty Services Sector TRI,2020-10-20,17890.421029167705
Nifty Services Sector TRI,2020-10-21,18038.399669838826
Nifty Services Sector TRI,2020-10-22,17968.809258635643
Nifty Services Sector TRI,2020-10-23,18008.902096710204
Nifty Services Sector TRI,2020-10-26,17852.62935594278
Nifty Services Sector TRI,2020-10-27,18028.85852302545
Nifty Services Sector TRI,2020-10-28,17716.425912315983
Nifty Services Sector TRI,2020-10-29,17634.01028473515
Nifty Services Sector TRI,2020-10-30,17537.057803869695
Nifty Services Sector TRI,2020-11-02,17975.992705717803
Nifty Services Sector TRI,2020-11-03,18325.883472381578
Nifty Services Sector TRI,2020-11-04,18417.093474628044
Nifty Services Sector TRI,2020-11-05,18703.015739203
Nifty Services Sector TRI,2020-11-06,18957.146556982483
Nifty Services Sector TRI,2020-11-09,19337.672378721167
Nifty Services Sector TRI,2020-11-10,19666.160931114042
Nifty Services Sector TRI,2020-11-11,19967.219386324992
Nifty Services Sector TRI,2020-11-12,19798.395502088515
Nifty Services Sector TRI,2020-11-13,19839.24684104354
Nifty Services Sector TRI,2020-11-17,20171.44835402397
Nifty Services Sector TRI,2020-11-18,20301.684665805522
Nifty Services Sector TRI,2020-11-19,19934.29530445677
Nifty Services Sector TRI,2020-11-20,20235.057582812948
Nifty Services Sector TRI,2020-11-23,20249.570760410646
Nifty Services Sector TRI,2020-11-24,20460.662317066315
Nifty Services Sector TRI,2020-11-25,20133.144645793
Nifty Services Sector TRI,2020-11-26,20371.59968740637
Nifty Services Sector TRI,2020-11-27,20354.084075427945
Nifty Services Sector TRI,2020-12-01,20595.923618591987
Nifty Services Sector TRI,2020-12-02,20495.996893226406
Nifty Services Sector TRI,2020-12-03,20409.38070129417
Nifty Services Sector TRI,2020-12-04,20626.646522454324
Nifty Services Sector TRI,2020-12-07,20773.93953528825
Nifty Services Sector TRI,2020-12-08,20824.30999497811
Nifty Services Sector TRI,2020-12-09,21044.591229269397
Nifty Services Sector TRI,2020-12-10,20924.39394688247
Nifty Services Sector TRI,2020-12-11,20975.727375615617
Nifty Services Sector TRI,2020-12-14,21053.79354327175
Nifty Services Sector TRI,2020-12-15,21143.871540526423
Nifty Services Sector TRI,2020-12-16,21318.98214676683
Nifty Services Sector TRI,2020-12-17,21474.345726169682
Nifty Services Sector TRI,2020-12-18,21473.927466543726
Nifty Services Sector TRI,2020-12-21,20823.972394509827
Nifty Services Sector TRI,2020-12-22,21080.456313667484
Nifty Services Sector TRI,2020-12-23,21290.656809466655
Nifty Services Sector TRI,2020-12-24,21518.33747979572
Nifty Services Sector TRI,2020-12-28,21738.477788708766
Nifty Services Sector TRI,2020-12-29,21935.80181189145
Nifty Services Sector TRI,2020-12-30,21958.527303494648
Nifty Services Sector TRI,2020-12-31,21982.3743256887
Nifty Services Sector TRI,2021-01-04,22186.604984316247
Nifty Services Sector TRI,2021-01-05,22462.294684261513
Nifty Services Sector TRI,2021-01-06,22437.0384525614
Nifty Services Sector TRI,2021-01-07,22446.342156967432
Nifty Services Sector TRI,2021-01-08,22774.612709297293
Nifty Services Sector TRI,2021-01-11,23098.139542502202
Nifty Services Sector TRI,2021-01-12,23212.3454087837
Nifty Services Sector TRI,2021-01-13,23182.45703045215
Nifty Services Sector TRI,2021-01-14,23168.81292303978
Nifty Services Sector TRI,2021-01-15,22899.557462258257
Nifty Services Sector TRI,2021-01-18,22551.516694323833
Nifty Services Sector TRI,2021-01-19,22958.08390490598
Nifty Services Sector TRI,2021-01-20,23131.88368732072
Nifty Services Sector TRI,2021-01-21,22954.819952137947
Nifty Services Sector TRI,2021-01-25,22446.930169917807
Nifty Services Sector TRI,2021-01-27,21969.87116364223
Nifty Services Sector TRI,2021-01-28,21728.938118298665
Nifty Services Sector TRI,2021-01-29,21531.376202793224
Nifty Services Sector TRI,2021-02-01,22746.162500291746
Nifty Services Sector TRI,2021-02-02,23377.849470152294
Nifty Services Sector TRI,2021-02-03,23656.64190320125
Nifty Services Sector TRI,2021-02-04,23818.159684051458
Nifty Services Sector TRI,2021-02-05,23826.675575686968
Nifty Services Sector TRI,2021-02-08,24132.31815189415
Nifty Services Sector TRI,2021-02-09,24146.11783753096
Nifty Services Sector TRI,2021-02-10,24107.537557192685
Nifty Services Sector TRI,2021-02-11,24125.543309704404
Nifty Services Sector TRI,2021-02-12,24281.6219157616
Nifty Services Sector TRI,2021-02-16,24594.91215995657
Nifty Services Sector TRI,2021-02-18,24211.945209877835
Nifty Services Sector TRI,2021-02-19,23970.34856162101
Nifty Services Sector TRI,2021-02-22,23499.995690593976
Nifty Services Sector TRI,2021-02-23,23435.684475102
Nifty Services Sector TRI,2021-02-24,23990.645054889428
Nifty Services Sector TRI,2021-02-25,24046.077126156295
Nifty Services Sector TRI,2021-02-26,23045.95356075595
Nifty Services Sector TRI,2021-03-01,23385.34092900486
Nifty Services Sector TRI,2021-03-02,23613.989216176607
Nifty Services Sector TRI,2021-03-03,24192.31607875269
Nifty Services Sector TRI,2021-03-04,23871.26471688622
Nifty Services Sector TRI,2021-03-05,23553.055389114987
Nifty Services Sector TRI,2021-03-08,23543.969086616133
Nifty Services Sector TRI,2021-03-09,23920.45790054397
Nifty Services Sector TRI,2021-03-10,24042.144077303165
Nifty Services Sector TRI,2021-03-12,23856.67595576222
Nifty Services Sector TRI,2021-03-15,23687.228143194527
Nifty Services Sector TRI,2021-03-16,23621.363030604603
Nifty Services Sector TRI,2021-03-17,23377.913930056475
Nifty Services Sector TRI,2021-03-18,23046.582775965468
Nifty Services Sector TRI,2021-03-19,23248.788905854304
Nifty Services Sector TRI,2021-03-22,23204.237094941796
Nifty Services Sector TRI,2021-03-23,23365.48032789124
Nifty Services Sector TRI,2021-03-24,22941.091507228328
Nifty Services Sector TRI,2021-03-25,22660.997076880078
Nifty Services Sector TRI,2021-03-26,22937.759440891783
Nifty Services Sector TRI,2021-03-30,23467.654891308463
Nifty Services Sector TRI,2021-03-31,23097.99117763339
Nifty Services Sector TRI,2021-04-01,23383.471233832
Nifty Services Sector TRI,2021-04-05,23020.30584989124
Nifty Services Sector TRI,2021-04-06,23075.66355295944
Nifty Services Sector TRI,2021-04-07,23328.83963853051
Nifty Services Sector TRI,2021-04-08,23346.11846602512
Nifty Services Sector TRI,2021-04-09,23261.648962268435
Nifty Services Sector TRI,2021-04-12,22371.963439080195
Nifty Services Sector TRI,2021-04-13,22679.22245169749
Nifty Services Sector TRI,2021-04-15,22866.54309646828
Nifty Services Sector TRI,2021-04-16,22877.517439479034
Nifty Services Sector TRI,2021-04-19,22456.717979574172
Nifty Services Sector TRI,2021-04-20,22323.514368667285
Nifty Services Sector TRI,2021-04-22,22609.500541647903
Nifty Services Sector TRI,2021-04-23,22553.973517898045
Nifty Services Sector TRI,2021-04-26,22781.94569592733
Nifty Services Sector TRI,2021-04-27,22987.830104349065
Nifty Services Sector TRI,2021-04-28,23469.033260023523
Nifty Services Sector TRI,2021-04-29,23460.018067473517
Nifty Services Sector TRI,2021-04-30,22925.144453307646
Nifty Services Sector TRI,2021-05-03,22940.547359743407
Nifty Services Sector TRI,2021-05-04,22769.511682593937
Nifty Services Sector TRI,2021-05-06,23149.28739971521
Nifty Services Sector TRI,2021-05-07,23286.304297260704
Nifty Services Sector TRI,2021-05-10,23420.13449276171
Nifty Services Sector TRI,2021-05-12,22950.27266310658
Nifty Services Sector TRI,2021-05-14,22788.537305509573
Nifty Services Sector TRI,2021-05-17,23311.912007644147
Nifty Services Sector TRI,2021-05-18,23618.76558528602
Nifty Services Sector TRI,2021-05-19,23460.43807559448
Nifty Services Sector TRI,2021-05-21,23831.554455122317
Nifty Services Sector TRI,2021-05-24,23943.556117566204
Nifty Services Sector TRI,2021-05-26,24076.79459062213
Nifty Services Sector TRI,2021-05-27,24125.975689467166
Nifty Services Sector TRI,2021-05-28,24162.271720794502
Nifty Services Sector TRI,2021-06-01,24317.50236243997
Nifty Services Sector TRI,2021-06-02,24264.208931156027
Nifty Services Sector TRI,2021-06-03,24450.406107180035
Nifty Services Sector TRI,2021-06-04,24402.85438841315
Nifty Services Sector TRI,2021-06-07,24477.13138543613
Nifty Services Sector TRI,2021-06-08,24435.766678019056
Nifty Services Sector TRI,2021-06-09,24310.965499204525
Nifty Services Sector TRI,2021-06-10,24545.850009608926
Nifty Services Sector TRI,2021-06-11,24600.70019710968
Nifty Services Sector TRI,2021-06-14,24566.62381284383
Nifty Services Sector TRI,2021-06-15,24698.73576338381
Nifty Services Sector TRI,2021-06-16,24569.242506191
Nifty Services Sector TRI,2021-06-17,24425.9422236884
Nifty Services Sector TRI,2021-06-18,24428.71092516896
Nifty Services Sector TRI,2021-06-21,24559.39948254107
Nifty Services Sector TRI,2021-06-22,24588.870175545966
Nifty Services Sector TRI,2021-06-23,24425.998781034414
Nifty Services Sector TRI,2021-06-24,24711.51671423489
Nifty Services Sector TRI,2021-06-25,24957.90648525108
Nifty Services Sector TRI,2021-06-28,24873.939733549858
Nifty Services Sector TRI,2021-06-29,24727.10066938193
Nifty Services Sector TRI,2021-06-30,24663.40407863899
Nifty Services Sector TRI,2021-07-01,24553.0555361224
Nifty Services Sector TRI,2021-07-02,24606.365102429118
Nifty Services Sector TRI,2021-07-06,24856.26538623858
Nifty Services Sector TRI,2021-07-07,24980.592400335423
Nifty Services Sector TRI,2021-07-08,24770.209346927048
Nifty Services Sector TRI,2021-07-09,24679.44620821347
Nifty Services Sector TRI,2021-07-12,24637.227345214087
Nifty Services Sector TRI,2021-07-13,24833.99548255745
Nifty Services Sector TRI,2021-07-14,24946.175093947033
Nifty Services Sector TRI,2021-07-15,25086.376234839925
Nifty Services Sector TRI,2021-07-16,24970.238255851258
Nifty Services Sector TRI,2021-07-19,24610.843649510763
Nifty Services Sector TRI,2021-07-20,24343.482542759495
Nifty Services Sector TRI,2021-07-22,24715.802101093643
Nifty Services Sector TRI,2021-07-23,24823.502566486735
Nifty Services Sector TRI,2021-07-26,24796.27626068607
Nifty Services Sector TRI,2021-07-27,24716.455241541986
Nifty Services Sector TRI,2021-07-28,24693.12836367493
Nifty Services Sector TRI,2021-07-29,24767.63465902978
Nifty Services Sector TRI,2021-07-30,24733.650909142227
Nifty Services Sector TRI,2021-08-02,24879.829709703823
Nifty Services Sector TRI,2021-08-03,25303.458365863255
Nifty Services Sector TRI,2021-08-04,25669.2474464458
Nifty Services Sector TRI,2021-08-05,25667.04096807666
Nifty Services Sector TRI,2021-08-06,25656.204123065556
Nifty Services Sector TRI,2021-08-09,25736.450187128023
Nifty Services Sector TRI,2021-08-10,25871.716351581064
Nifty Services Sector TRI,2021-08-11,25802.554294360896
Nifty Services Sector TRI,2021-08-12,25993.232374656654
Nifty Services Sector TRI,2021-08-13,26253.879367042824
Nifty Services Sector TRI,2021-08-16,26291.997631690385
Nifty Services Sector TRI,2021-08-17,26408.016144771438
Nifty Services Sector TRI,2021-08-18,26283.783199225352
Nifty Services Sector TRI,2021-08-20,26115.252924896584
Nifty Services Sector TRI,2021-08-23,26293.663896209782
Nifty Services Sector TRI,2021-08-24,26503.67605052972
Nifty Services Sector TRI,2021-08-25,26527.681478892322
Nifty Services Sector TRI,2021-08-26,26519.122732436063
Nifty Services Sector TRI,2021-08-27,26603.523459952903
Nifty Services Sector TRI,2021-08-30,26918.56894821505
Nifty Services Sector TRI,2021-08-31,27299.80656947937
Nifty Services Sector TRI,2021-09-01,27154.488674987828
Nifty Services Sector TRI,2021-09-02,27405.236863087805
Nifty Services Sector TRI,2021-09-03,27383.832081579392
Nifty Services Sector TRI,2021-09-06,27445.34904299224
Nifty Services Sector TRI,2021-09-07,27388.0889065524
Nifty Services Sector TRI,2021-09-08,27439.631545160355
Nifty Services Sector TRI,2021-09-09,27458.821896427282
Nifty Services Sector TRI,2021-09-13,27467.491832580068
Nifty Services Sector TRI,2021-09-14,27555.361184424037
Nifty Services Sector TRI,2021-09-15,27802.220000440848
Nifty Services Sector TRI,2021-09-16,27962.511857579564
Nifty Services Sector TRI,2021-09-17,28011.886267265934
Nifty Services Sector TRI,2021-09-20,27712.93740343272
Nifty Services Sector TRI,2021-09-21,27973.574488067115
Nifty Services Sector TRI,2021-09-22,27903.142639331825
Nifty Services Sector TRI,2021-09-23,28369.886569569175
Nifty Services Sector TRI,2021-09-24,28497.472118362904
Nifty Services Sector TRI,2021-09-27,28396.250079570014
Nifty Services Sector TRI,2021-09-28,28064.497157479644
Nifty Services Sector TRI,2021-09-29,27948.792033238056
Nifty Services Sector TRI,2021-09-30,27822.228590087536
Nifty Services Sector TRI,2021-10-01,27588.2937892747
Nifty Services Sector TRI,2021-10-04,27864.9695196243
Nifty Services Sector TRI,2021-10-05,28043.67430039484
Nifty Services Sector TRI,2021-10-06,27864.641590067647
Nifty Services Sector TRI,2021-10-07,28028.88849582583
Nifty Services Sector TRI,2021-10-08,28125.154554600733
Nifty Services Sector TRI,2021-10-11,28143.114709074507
Nifty Services Sector TRI,2021-10-12,28137.590625121713
Nifty Services Sector TRI,2021-10-13,28347.15687761798
Nifty Services Sector TRI,2021-10-14,28704.114533213517
Nifty Services Sector TRI,2021-10-18,28926.83763295222
Nifty Services Sector TRI,2021-10-19,28994.55489486083
Nifty Services Sector TRI,2021-10-20,28847.13664417856
Nifty Services Sector TRI,2021-10-21,28845.704370377825
Nifty Services Sector TRI,2021-10-22,28813.2845188574
Nifty Services Sector TRI,2021-10-25,28961.614299056666
Nifty Services Sector TRI,2021-10-26,29053.8933034257
Nifty Services Sector TRI,2021-10-27,28988.785642833223
Nifty Services Sector TRI,2021-10-28,28323.494196125223
Nifty Services Sector TRI,2021-10-29,27985.575941186275
Nifty Services Sector TRI,2021-11-01,28452.088466418703
Nifty Services Sector TRI,2021-11-02,28477.961950491743
Nifty Services Sector TRI,2021-11-03,28344.09049265709
Nifty Services Sector TRI,2021-11-04,28450.350650821743
Nifty Services Sector TRI,2021-11-08,28716.074459826243
Nifty Services Sector TRI,2021-11-09,28624.05274151549
Nifty Services Sector TRI,2021-11-10,28548.037773306496
Nifty Services Sector TRI,2021-11-11,28281.957781022244
Nifty Services Sector TRI,2021-11-12,28702.79542846866
Nifty Services Sector TRI,2021-11-15,28757.896006887095
Nifty Services Sector TRI,2021-11-16,28633.654534514364
Nifty Services Sector TRI,2021-11-17,28533.457228674484
Nifty Services Sector TRI,2021-11-18,28348.302580734635
Nifty Services Sector TRI,2021-11-22,27849.089160726733
Nifty Services Sector TRI,2021-11-23,27956.698675121126
Nifty Services Sector TRI,2021-11-24,27927.214407565476
Nifty Services Sector TRI,2021-11-25,27992.377094686875
Nifty Services Sector TRI,2021-11-26,27179.573333061577
Nifty Services Sector TRI,2021-11-29,27236.021474791298
Nifty Services Sector TRI,2021-11-30,27173.44385610138
Nifty Services Sector TRI,2021-12-01,27466.147636295143
Nifty Services Sector TRI,2021-12-02,27878.511982315435
Nifty Services Sector TRI,2021-12-03,27601.63010257731
Nifty Services Sector TRI,2021-12-06,27145.809331472465
Nifty Services Sector TRI,2021-12-07,27618.82742263123
Nifty Services Sector TRI,2021-12-08,28101.727340105528
Nifty Services Sector TRI,2021-12-09,28025.622399433552
Nifty Services Sector TRI,2021-12-10,27983.664530384034
Nifty Services Sector TRI,2021-12-13,27768.73169562319
Nifty Services Sector TRI,2021-12-14,27745.056161541423
Nifty Services Sector TRI,2021-12-15,27523.345667243935
Nifty Services Sector TRI,2021-12-16,27547.640335303586
Nifty Services Sector TRI,2021-12-17,27201.676820069843
Nifty Services Sector TRI,2021-12-20,26574.171364763777
Nifty Services Sector TRI,2021-12-21,26782.798390985565
Nifty Services Sector TRI,2021-12-22,27006.17020079334
Nifty Services Sector TRI,2021-12-23,27241.116591966773
Nifty Services Sector TRI,2021-12-24,27120.578933394667
Nifty Services Sector TRI,2021-12-27,27298.50972928852
Nifty Services Sector TRI,2021-12-28,27464.989130959864
Nifty Services Sector TRI,2021-12-29,27398.788113687537
Nifty Services Sector TRI,2021-12-30,27451.709383293986
Nifty Services Sector TRI,2021-12-31,27653.235641894153
Nifty Services Sector TRI,2022-01-03,28157.340490813847
Nifty Services Sector TRI,2022-01-04,28444.564092955978
Nifty Services Sector TRI,2022-01-05,28626.032609970298
Nifty Services Sector TRI,2022-01-06,28362.75240958939
Nifty Services Sector TRI,2022-01-07,28433.97185470677
Nifty Services Sector TRI,2022-01-10,28774.879623519886
Nifty Services Sector TRI,2022-01-11,28926.74215987763
Nifty Services Sector TRI,2022-01-12,29114.391450968484
Nifty Services Sector TRI,2022-01-13,29074.177851701883
Nifty Services Sector TRI,2022-01-14,29147.30817822375
Nifty Services Sector TRI,2022-01-17,29147.215756366353
Nifty Services Sector TRI,2022-01-18,28936.474834881436
Nifty Services Sector TRI,2022-01-19,28549.067727458678
Nifty Services Sector TRI,2022-01-20,28285.495817121024
Nifty Services Sector TRI,2022-01-21,28010.278086808023
Nifty Services Sector TRI,2022-01-24,27330.290393267434
Nifty Services Sector TRI,2022-01-25,27535.096234988723
Nifty Services Sector TRI,2022-01-27,27246.008281359165
Nifty Services Sector TRI,2022-01-28,27233.454279501046
Nifty Services Sector TRI,2022-01-31,27609.818948744396
Nifty Services Sector TRI,2022-02-01,27988.345180387696
Nifty Services Sector TRI,2022-02-02,28448.254892120236
Nifty Services Sector TRI,2022-02-03,28020.073859207605
Nifty Services Sector TRI,2022-02-04,27916.361522556832
Nifty Services Sector TRI,2022-02-07,27381.717491778512
Nifty Services Sector TRI,2022-02-08,27353.216216090455
Nifty Services Sector TRI,2022-02-09,27674.74221581997
Nifty Services Sector TRI,2022-02-10,27974.949926009038
Nifty Services Sector TRI,2022-02-11,27512.250409724842
Nifty Services Sector TRI,2022-02-14,26621.9078964911
Nifty Services Sector TRI,2022-02-15,27436.435754058875
Nifty Services Sector TRI,2022-02-16,27383.806900806867
Nifty Services Sector TRI,2022-02-17,27306.196215116986
Nifty Services Sector TRI,2022-02-18,27292.441986244772
Nifty Services Sector TRI,2022-02-21,27277.233132402962
Nifty Services Sector TRI,2022-02-22,27112.119908702483
Nifty Services Sector TRI,2022-02-23,27105.90848115847
Nifty Services Sector TRI,2022-02-24,25771.229064016003
Nifty Services Sector TRI,2022-02-25,26532.793614887876
Nifty Services Sector TRI,2022-02-28,26560.49156515411
Nifty Services Sector TRI,2022-03-02,26152.216557021868
Nifty Services Sector TRI,2022-03-03,26083.616135494143
Nifty Services Sector TRI,2022-03-04,25735.595610637643
Nifty Services Sector TRI,2022-03-07,25093.69577859552
Nifty Services Sector TRI,2022-03-08,25437.63799620834
Nifty Services Sector TRI,2022-03-09,25868.11333275141
Nifty Services Sector TRI,2022-03-10,26200.629509310078
Nifty Services Sector TRI,2022-03-11,26207.562867234614
Nifty Services Sector TRI,2022-03-14,26742.7853201576
Nifty Services Sector TRI,2022-03-15,26387.446265296523
Nifty Services Sector TRI,2022-03-16,26902.246611448343
Nifty Services Sector TRI,2022-03-17,27299.47385285808
Nifty Services Sector TRI,2022-03-21,27005.51251383655
Nifty Services Sector TRI,2022-03-22,27318.251538355176
Nifty Services Sector TRI,2022-03-23,27144.855646742326
Nifty Services Sector TRI,2022-03-24,26983.950756843584
Nifty Services Sector TRI,2022-03-25,26871.454683362394
Nifty Services Sector TRI,2022-03-28,26944.109469129933
Nifty Services Sector TRI,2022-03-29,27167.113473695725
Nifty Services Sector TRI,2022-03-30,27511.654226467992
Nifty Services Sector TRI,2022-03-31,27523.865602423204
Nifty Services Sector TRI,2022-04-01,27928.865797713566
Nifty Services Sector TRI,2022-04-04,28764.95771003875
Nifty Services Sector TRI,2022-04-05,28537.35544532693
Nifty Services Sector TRI,2022-04-06,28174.71234414251
Nifty Services Sector TRI,2022-04-07,27900.739143991883
Nifty Services Sector TRI,2022-04-08,28042.53958577921
Nifty Services Sector TRI,2022-04-11,27979.611244812957
Nifty Services Sector TRI,2022-04-12,27871.005980064925
Nifty Services Sector TRI,2022-04-13,27738.678681770394
Nifty Services Sector TRI,2022-04-18,27016.17102864891
Nifty Services Sector TRI,2022-04-19,26448.7948841597
Nifty Services Sector TRI,2022-04-20,26604.36963456986
Nifty Services Sector TRI,2022-04-21,26968.991771003195
Nifty Services Sector TRI,2022-04-22,26618.734941240516
Nifty Services Sector TRI,2022-04-25,26424.965041922
Nifty Services Sector TRI,2022-04-26,26750.04427242209
Nifty Services Sector TRI,2022-04-27,26380.43743902423
Nifty Services Sector TRI,2022-04-28,26674.073627226666
Nifty Services Sector TRI,2022-04-29,26441.672213171434
Nifty Services Sector TRI,2022-05-02,26413.594063883997
Nifty Services Sector TRI,2022-05-04,25839.269224232223
Nifty Services Sector TRI,2022-05-05,26041.052259868713
Nifty Services Sector TRI,2022-05-06,25534.674547030383
Nifty Services Sector TRI,2022-05-09,25467.683164011956
Nifty Services Sector TRI,2022-05-10,25394.183705745127
Nifty Services Sector TRI,2022-05-11,25348.340257822183
Nifty Services Sector TRI,2022-05-12,24707.965338049224
Nifty Services Sector TRI,2022-05-13,24428.147963519896
Nifty Services Sector TRI,2022-05-16,24640.37431201259
Nifty Services Sector TRI,2022-05-17,25167.37612816943
Nifty Services Sector TRI,2022-05-18,25060.14247030133
Nifty Services Sector TRI,2022-05-19,24256.100625526044
Nifty Services Sector TRI,2022-05-20,24779.783186241257
Nifty Services Sector TRI,2022-05-23,24749.92416371776
Nifty Services Sector TRI,2022-05-24,24655.810239112885
Nifty Services Sector TRI,2022-05-25,24551.268929177768
Nifty Services Sector TRI,2022-05-26,24970.90814228844
Nifty Services Sector TRI,2022-05-27,25363.98056174658
Nifty Services Sector TRI,2022-05-30,25819.64333994994
Nifty Services Sector TRI,2022-05-31,25589.306160493663
Nifty Services Sector TRI,2022-06-01,25465.00758304423
Nifty Services Sector TRI,2022-06-02,25562.782954150658
Nifty Services Sector TRI,2022-06-03,25427.82188337569
Nifty Services Sector TRI,2022-06-06,25428.15037716386
Nifty Services Sector TRI,2022-06-07,25175.187233778757
Nifty Services Sector TRI,2022-06-08,25146.554101241032
Nifty Services Sector TRI,2022-06-09,25303.5943244333
Nifty Services Sector TRI,2022-06-10,24768.980092702648
Nifty Services Sector TRI,2022-06-13,24030.730083703053
Nifty Services Sector TRI,2022-06-14,24024.906413888988
Nifty Services Sector TRI,2022-06-15,23986.259154608295
Nifty Services Sector TRI,2022-06-16,23460.78597053017
Nifty Services Sector TRI,2022-06-17,23343.473605473653
Nifty Services Sector TRI,2022-06-20,23530.131403171617
Nifty Services Sector TRI,2022-06-21,24051.08876985323
Nifty Services Sector TRI,2022-06-22,23761.135873613643
Nifty Services Sector TRI,2022-06-23,23995.033866599573
Nifty Services Sector TRI,2022-06-24,24198.167166558782
Nifty Services Sector TRI,2022-06-27,24407.41013162497
Nifty Services Sector TRI,2022-06-28,24358.78233424219
Nifty Services Sector TRI,2022-06-29,24180.626860341952
Nifty Services Sector TRI,2022-06-30,24221.780862357067
Nifty Services Sector TRI,2022-07-01,24384.032102096633
Nifty Services Sector TRI,2022-07-04,24520.470466000115
Nifty Services Sector TRI,2022-07-05,24471.37845221617
Nifty Services Sector TRI,2022-07-06,24818.418502487148
Nifty Services Sector TRI,2022-07-07,25059.18470040306
Nifty Services Sector TRI,2022-07-08,25220.76064927706
Nifty Services Sector TRI,2022-07-11,25174.071044055356
Nifty Services Sector TRI,2022-07-12,24955.256629850977
Nifty Services Sector TRI,2022-07-13,24692.911760418727
Nifty Services Sector TRI,2022-07-14,24627.09838315359
Nifty Services Sector TRI,2022-07-15,24724.982624629985
Nifty Services Sector TRI,2022-07-18,25188.439156306824
Nifty Services Sector TRI,2022-07-19,25301.70124739032
Nifty Services Sector TRI,2022-07-20,25525.7001611456
Nifty Services Sector TRI,2022-07-21,25715.36991479073
Nifty Services Sector TRI,2022-07-22,25860.894637921385
Nifty Services Sector TRI,2022-07-25,25860.346057910832
Nifty Services Sector TRI,2022-07-26,25595.57866540507
Nifty Services Sector TRI,2022-07-27,25847.14356253602
Nifty Services Sector TRI,2022-07-28,26429.80303008297
Nifty Services Sector TRI,2022-07-29,26765.867883327057
Nifty Services Sector TRI,2022-08-01,27025.477918330183
Nifty Services Sector TRI,2022-08-02,26999.13739001209
Nifty Services Sector TRI,2022-08-03,27094.363604252714
Nifty Services Sector TRI,2022-08-04,27098.2160042681
Nifty Services Sector TRI,2022-08-05,27152.984109280438
Nifty Services Sector TRI,2022-08-08,27377.243172569746
Nifty Services Sector TRI,2022-08-10,27330.678806941276
Nifty Services Sector TRI,2022-08-11,27680.442919805002
Nifty Services Sector TRI,2022-08-12,27713.31800542263
Nifty Services Sector TRI,2022-08-16,27886.236045597656
Nifty Services Sector TRI,2022-08-17,28119.432111787715
Nifty Services Sector TRI,2022-08-18,28154.839412146917
Nifty Services Sector TRI,2022-08-19,27913.63694553284
Nifty Services Sector TRI,2022-08-22,27445.78689719638
Nifty Services Sector TRI,2022-08-23,27474.326655933786
Nifty Services Sector TRI,2022-08-24,27581.568958997144
Nifty Services Sector TRI,2022-08-25,27427.686931106997
Nifty Services Sector TRI,2022-08-26,27499.00877010273
Nifty Services Sector TRI,2022-08-29,26984.055931237497
Nifty Services Sector TRI,2022-08-30,27814.44449222568
Nifty Services Sector TRI,2022-09-01,27478.004864481227
Nifty Services Sector TRI,2022-09-02,27539.230590477262
Nifty Services Sector TRI,2022-09-05,27677.16926052771
Nifty Services Sector TRI,2022-09-06,27681.787132468096
Nifty Services Sector TRI,2022-09-07,27600.41004954094
Nifty Services Sector TRI,2022-09-08,27945.991082655994
Nifty Services Sector TRI,2022-09-09,28076.447458065395
Nifty Services Sector TRI,2022-09-12,28255.217381514034
Nifty Services Sector TRI,2022-09-13,28468.22576267646
Nifty Services Sector TRI,2022-09-14,28374.91151998041
Nifty Services Sector TRI,2022-09-15,28222.605801487818
Nifty Services Sector TRI,2022-09-16,27705.118226838476
Nifty Services Sector TRI,2022-09-19,27871.718274126633
Nifty Services Sector TRI,2022-09-20,28200.63350155274
Nifty Services Sector TRI,2022-09-21,27951.96989331686
Nifty Services Sector TRI,2022-09-22,27723.640368384848
Nifty Services Sector TRI,2022-09-23,27130.840010759443
Nifty Services Sector TRI,2022-09-26,26679.699570318175
Nifty Services Sector TRI,2022-09-27,26577.13633819551
Nifty Services Sector TRI,2022-09-28,26376.10701460974
Nifty Services Sector TRI,2022-09-29,26223.380035917813
Nifty Services Sector TRI,2022-09-30,26738.480238515283
Nifty Services Sector TRI,2022-10-03,26361.484210091625
Nifty Services Sector TRI,2022-10-04,27069.214700964876
Nifty Services Sector TRI,2022-10-06,27150.996118815056
Nifty Services Sector TRI,2022-10-07,27060.08375556873
Nifty Services Sector TRI,2022-10-10,27016.174157912897
Nifty Services Sector TRI,2022-10-11,26653.07227593426
Nifty Services Sector TRI,2022-10-12,26860.397061666412
Nifty Services Sector TRI,2022-10-13,26600.92478179262
Nifty Services Sector TRI,2022-10-14,26966.727417264643
Nifty Services Sector TRI,2022-10-17,27235.70256991339
Nifty Services Sector TRI,2022-10-18,27468.261991737352
Nifty Services Sector TRI,2022-10-19,27447.930267637203
Nifty Services Sector TRI,2022-10-20,27554.62778712094
Nifty Services Sector TRI,2022-10-21,27659.49935914555
Nifty Services Sector TRI,2022-10-24,27960.706547352867
Nifty Services Sector TRI,2022-10-25,27849.794506501108
Nifty Services Sector TRI,2022-10-27,27990.461954339335
Nifty Services Sector TRI,2022-10-28,27928.703844584947
Nifty Services Sector TRI,2022-10-31,28307.052323996995
Nifty Services Sector TRI,2022-11-01,28564.13661043101
Nifty Services Sector TRI,2022-11-02,28400.492177552125
Nifty Services Sector TRI,2022-11-03,28309.99805565862
Nifty Services Sector TRI,2022-11-04,28321.79976124032
Nifty Services Sector TRI,2022-11-07,28476.697203926335
Nifty Services Sector TRI,2022-11-09,28412.88352789029
Nifty Services Sector TRI,2022-11-10,28276.61743252465
Nifty Services Sector TRI,2022-11-11,28939.479370884863
Nifty Services Sector TRI,2022-11-14,28979.82458532636
Nifty Services Sector TRI,2022-11-15,29139.74954919502
Nifty Services Sector TRI,2022-11-16,29188.922511504115
Nifty Services Sector TRI,2022-11-17,29028.71011076813
Nifty Services Sector TRI,2022-11-18,28985.729298142494
Nifty Services Sector TRI,2022-11-21,28752.690615267387
Nifty Services Sector TRI,2022-11-22,28836.001166301074
Nifty Services Sector TRI,2022-11-23,28932.720585562427
Nifty Services Sector TRI,2022-11-24,29312.724967960952
Nifty Services Sector TRI,2022-11-25,29255.018761381365
Nifty Services Sector TRI,2022-11-28,29184.321986800333
Nifty Services Sector TRI,2022-11-29,29236.954569049994
Nifty Services Sector TRI,2022-11-30,29442.9732524089
Nifty Services Sector TRI,2022-12-01,29553.20491349363
Nifty Services Sector TRI,2022-12-02,29349.777792708548
Nifty Services Sector TRI,2022-12-05,29388.986859542583
Nifty Services Sector TRI,2022-12-06,29279.801377893004
Nifty Services Sector TRI,2022-12-07,29145.84912849528
Nifty Services Sector TRI,2022-12-08,29236.894435611055
Nifty Services Sector TRI,2022-12-09,29014.957993259595
Nifty Services Sector TRI,2022-12-12,28988.968938760572
Nifty Services Sector TRI,2022-12-13,29195.756247089503
Nifty Services Sector TRI,2022-12-14,29311.583866201192
Nifty Services Sector TRI,2022-12-15,28920.267589708994
Nifty Services Sector TRI,2022-12-16,28700.96374785628
Nifty Services Sector TRI,2022-12-19,28877.264077465825
Nifty Services Sector TRI,2022-12-20,28825.000701278168
Nifty Services Sector TRI,2022-12-21,28490.985853988062
Nifty Services Sector TRI,2022-12-22,28412.617671658078
Nifty Services Sector TRI,2022-12-23,27880.113851111862
Nifty Services Sector TRI,2022-12-27,28473.744630008812
Nifty Services Sector TRI,2022-12-28,28469.858133190814
Nifty Services Sector TRI,2022-12-29,28694.913636755675
Nifty Services Sector TRI,2022-12-30,28495.633445128446
Nifty Services Sector TRI,2023-01-02,28592.607574892318
Nifty Services Sector TRI,2023-01-03,28758.279750831087
Nifty Services Sector TRI,2023-01-04,28433.91937021297
Nifty Services Sector TRI,2023-01-05,28208.602810859924
Nifty Services Sector TRI,2023-01-06,27852.020046160465
Nifty Services Sector TRI,2023-01-09,28241.318972465484
Nifty Services Sector TRI,2023-01-10,27924.62113032077
Nifty Services Sector TRI,2023-01-11,27963.573397274442
Nifty Services Sector TRI,2023-01-12,27974.413363882926
Nifty Services Sector TRI,2023-01-13,28184.128441043325
Nifty Services Sector TRI,2023-01-16,28168.011283335138
Nifty Services Sector TRI,2023-01-17,28386.941808638836
Nifty Services Sector TRI,2023-01-18,28547.581316995704
Nifty Services Sector TRI,2023-01-19,28461.854317129044
Nifty Services Sector TRI,2023-01-20,28470.9913860826
Nifty Services Sector TRI,2023-01-23,28678.978091857094
Nifty Services Sector TRI,2023-01-24,28707.80961513646
Nifty Services Sector TRI,2023-01-25,28164.697200154005
Nifty Services Sector TRI,2023-01-27,27349.027298983052
Nifty Services Sector TRI,2023-01-30,27254.624226710737
Nifty Services Sector TRI,2023-01-31,27180.648962464835
Nifty Services Sector TRI,2023-02-01,27130.092225354325
Nifty Services Sector TRI,2023-02-02,27082.346913019257
Nifty Services Sector TRI,2023-02-03,27509.794135693643
Nifty Services Sector TRI,2023-02-06,27346.762892395764
Nifty Services Sector TRI,2023-02-07,27331.002500125865
Nifty Services Sector TRI,2023-02-08,27522.26823124459
Nifty Services Sector TRI,2023-02-09,27579.562568605445
Nifty Services Sector TRI,2023-02-10,27530.899426046308
Nifty Services Sector TRI,2023-02-13,27280.184587172796
Nifty Services Sector TRI,2023-02-14,27490.67195314492
Nifty Services Sector TRI,2023-02-15,27578.476092641722
Nifty Services Sector TRI,2023-02-16,27584.376101391157
Nifty Services Sector TRI,2023-02-17,27323.499819773817
Nifty Services Sector TRI,2023-02-20,27160.605679862918
Nifty Services Sector TRI,2023-02-21,27101.686353685473
Nifty Services Sector TRI,2023-02-22,26653.9697783736
Nifty Services Sector TRI,2023-02-23,26581.812891245212
Nifty Services Sector TRI,2023-02-24,26520.166489868185
Nifty Services Sector TRI,2023-02-27,26503.745905066702
Nifty Services Sector TRI,2023-02-28,26402.897892972007
Nifty Services Sector TRI,2023-03-01,26631.617594513853
Nifty Services Sector TRI,2023-03-02,26412.03512668935
Nifty Services Sector TRI,2023-03-03,26835.596506123726
Nifty Services Sector TRI,2023-03-06,27059.28167869478
Nifty Services Sector TRI,2023-03-08,27098.698790416773
Nifty Services Sector TRI,2023-03-09,26919.089686739142
Nifty Services Sector TRI,2023-03-10,26611.048034291085
Nifty Services Sector TRI,2023-03-13,26219.967632327687
Nifty Services Sector TRI,2023-03-14,26021.903044493913
Nifty Services Sector TRI,2023-03-15,25872.982408506956
Nifty Services Sector TRI,2023-03-16,25875.091847380125
Nifty Services Sector TRI,2023-03-17,26152.325621393866
Nifty Services Sector TRI,2023-03-20,25942.01290969509
Nifty Services Sector TRI,2023-03-21,26126.300266601986
Nifty Services Sector TRI,2023-03-22,26205.304121903344
Nifty Services Sector TRI,2023-03-23,26080.160204280084
Nifty Services Sector TRI,2023-03-24,25973.409156945327
Nifty Services Sector TRI,2023-03-27,25952.833065525403
Nifty Services Sector TRI,2023-03-28,25905.99698903977
Nifty Services Sector TRI,2023-03-29,26082.2221646721
Nifty Services Sector TRI,2023-03-31,26503.38690365892
Nifty Services Sector TRI,2023-04-03,26581.922212188503
Nifty Services Sector TRI,2023-04-05,26831.33772555693
Nifty Services Sector TRI,2023-04-06,26876.40118602869
Nifty Services Sector TRI,2023-04-10,26900.39611673196
Nifty Services Sector TRI,2023-04-11,27035.237984121235
Nifty Services Sector TRI,2023-04-12,27211.982618097143
Nifty Services Sector TRI,2023-04-13,27229.09941093474
Nifty Services Sector TRI,2023-04-17,26861.13616985468
Nifty Services Sector TRI,2023-04-18,26806.758380275678
Nifty Services Sector TRI,2023-04-19,26679.449920653937
Nifty Services Sector TRI,2023-04-20,26723.894556963707
Nifty Services Sector TRI,2023-04-21,26717.05479680541
Nifty Services Sector TRI,2023-04-24,26949.94705640455
Nifty Services Sector TRI,2023-04-25,26965.737081060484
Nifty Services Sector TRI,2023-04-26,27034.265313532127
Nifty Services Sector TRI,2023-04-27,27179.025422387876
Nifty Services Sector TRI,2023-04-28,27329.95740484604
Nifty Services Sector TRI,2023-05-02,27443.166280996375
Nifty Services Sector TRI,2023-05-03,27335.513792073965
Nifty Services Sector TRI,2023-05-04,27652.734749875137
Nifty Services Sector TRI,2023-05-05,27153.301484642503
Nifty Services Sector TRI,2023-05-08,27489.724739611265
Nifty Services Sector TRI,2023-05-09,27489.931819455207
Nifty Services Sector TRI,2023-05-10,27562.483769985785
Nifty Services Sector TRI,2023-05-11,27627.77960497855
Nifty Services Sector TRI,2023-05-12,27676.66521954669
Nifty Services Sector TRI,2023-05-15,27762.044654238016
Nifty Services Sector TRI,2023-05-16,27602.910301311866
Nifty Services Sector TRI,2023-05-17,27375.956786361556
Nifty Services Sector TRI,2023-05-18,27388.085547063765
Nifty Services Sector TRI,2023-05-19,27556.009132601343
Nifty Services Sector TRI,2023-05-22,27697.1149862879
Nifty Services Sector TRI,2023-05-23,27735.533138526524
Nifty Services Sector TRI,2023-05-24,27614.73303770084
Nifty Services Sector TRI,2023-05-25,27641.45223100757
Nifty Services Sector TRI,2023-05-26,27836.96705570013
Nifty Services Sector TRI,2023-05-29,27977.55798918789
Nifty Services Sector TRI,2023-05-30,28036.049525964285
Nifty Services Sector TRI,2023-05-31,27887.796965816713
Nifty Services Sector TRI,2023-06-01,27800.462094275616
Nifty Services Sector TRI,2023-06-02,27803.44379548489
Nifty Services Sector TRI,2023-06-05,27867.447894137546
Nifty Services Sector TRI,2023-06-06,27795.201672697778
Nifty Services Sector TRI,2023-06-07,27942.48547076808
Nifty Services Sector TRI,2023-06-08,27796.555562597594
Nifty Services Sector TRI,2023-06-09,27734.560677545986
Nifty Services Sector TRI,2023-06-12,27824.34597611168
Nifty Services Sector TRI,2023-06-13,27905.63786308895
Nifty Services Sector TRI,2023-06-14,27864.395521046965
Nifty Services Sector TRI,2023-06-15,27660.81932921032
Nifty Services Sector TRI,2023-06-16,27893.493191274225
Nifty Services Sector TRI,2023-06-19,27834.744822321074
Nifty Services Sector TRI,2023-06-20,27970.15361174851
Nifty Services Sector TRI,2023-06-21,28128.58600045993
Nifty Services Sector TRI,2023-06-22,28014.78071587629
Nifty Services Sector TRI,2023-06-23,27893.17870621253
Nifty Services Sector TRI,2023-06-26,27912.12270363042
Nifty Services Sector TRI,2023-06-27,28201.53602162521
Nifty Services Sector TRI,2023-06-28,28379.74184028404
Nifty Services Sector TRI,2023-06-30,28700.994522227178
Nifty Services Sector TRI,2023-07-03,28850.998994638234
Nifty Services Sector TRI,2023-07-04,29046.859958847497
Nifty Services Sector TRI,2023-07-05,28923.282592203
Nifty Services Sector TRI,2023-07-06,28995.03431448934
Nifty Services Sector TRI,2023-07-07,28712.865299860514
Nifty Services Sector TRI,2023-07-10,28624.838339882925
Nifty Services Sector TRI,2023-07-11,28626.69529832071
Nifty Services Sector TRI,2023-07-12,28519.583801141023
Nifty Services Sector TRI,2023-07-13,28699.55983231993
Nifty Services Sector TRI,2023-07-14,29017.84828581332
Nifty Services Sector TRI,2023-07-17,29259.103044640324
Nifty Services Sector TRI,2023-07-18,29341.629666811736
Nifty Services Sector TRI,2023-07-19,29445.233296372782
Nifty Services Sector TRI,2023-07-20,29599.474550315288
Nifty Services Sector TRI,2023-07-21,29216.275768718584
Nifty Services Sector TRI,2023-07-24,29192.86671449545
Nifty Services Sector TRI,2023-07-25,29282.223813718607
Nifty Services Sector TRI,2023-07-26,29326.14058898355
Nifty Services Sector TRI,2023-07-27,29158.53977111767
Nifty Services Sector TRI,2023-07-28,29040.18479924928
Nifty Services Sector TRI,2023-07-31,29216.289694006296
Nifty Services Sector TRI,2023-08-01,29252.07062535674
Nifty Services Sector TRI,2023-08-02,28910.123446454836
Nifty Services Sector TRI,2023-08-03,28678.47326750992
Nifty Services Sector TRI,2023-08-04,28946.60960615667
Nifty Services Sector TRI,2023-08-07,29035.461304881082
Nifty Services Sector TRI,2023-08-08,29064.831113366825
Nifty Services Sector TRI,2023-08-09,29039.725106741556
Nifty Services Sector TRI,2023-08-10,28866.086877524813
Nifty Services Sector TRI,2023-08-11,28649.625895725138
Nifty Services Sector TRI,2023-08-14,28606.152914746945
Nifty Services Sector TRI,2023-08-16,28625.990722352293
Nifty Services Sector TRI,2023-08-17,28531.92758342574
Nifty Services Sector TRI,2023-08-18,28398.504329770054
Nifty Services Sector TRI,2023-08-21,28629.509678783455
Nifty Services Sector TRI,2023-08-22,28615.765748925747
Nifty Services Sector TRI,2023-08-23,28737.55158860608
Nifty Services Sector TRI,2023-08-24,28754.03927309755
Nifty Services Sector TRI,2023-08-25,28615.620822151555
Nifty Services Sector TRI,2023-08-28,28713.91967559916
Nifty Services Sector TRI,2023-08-29,28773.995377873238
Nifty Services Sector TRI,2023-08-30,28718.281524740665
Nifty Services Sector TRI,2023-08-31,28569.602381649725
Nifty Services Sector TRI,2023-09-01,28880.416123154493
Nifty Services Sector TRI,2023-09-04,29053.467000196393
Nifty Services Sector TRI,2023-09-05,29074.30542202195
Nifty Services Sector TRI,2023-09-06,29124.86755191246
Nifty Services Sector TRI,2023-09-07,29321.55599820909
Nifty Services Sector TRI,2023-09-08,29480.495922793278
Nifty Services Sector TRI,2023-09-11,29756.4123164754
Nifty Services Sector TRI,2023-09-12,29823.834881458326
Nifty Services Sector TRI,2023-09-13,29937.648275908938
Nifty Services Sector TRI,2023-09-14,29981.252250688063
Nifty Services Sector TRI,2023-09-15,30164.42741268349
Nifty Services Sector TRI,2023-09-18,29998.53234795176
Nifty Services Sector TRI,2023-09-20,29638.121553750327
Nifty Services Sector TRI,2023-09-21,29366.146461864922
Nifty Services Sector TRI,2023-09-22,29239.828443373062
Nifty Services Sector TRI,2023-09-25,29268.32532483083
Nifty Services Sector TRI,2023-09-26,29193.77288369355
Nifty Services Sector TRI,2023-09-27,29181.361407360953
Nifty Services Sector TRI,2023-09-28,28960.055761683052
Nifty Services Sector TRI,2023-09-29,29077.77652428239
Nifty Services Sector TRI,2023-10-03,28980.98985215777
Nifty Services Sector TRI,2023-10-04,28855.362203492045
Nifty Services Sector TRI,2023-10-05,29029.06980361379
Nifty Services Sector TRI,2023-10-06,29208.343812146042
Nifty Services Sector TRI,2023-10-09,28977.118204895953
Nifty Services Sector TRI,2023-10-10,29273.11540082702
Nifty Services Sector TRI,2023-10-11,29395.81273758905
Nifty Services Sector TRI,2023-10-12,29301.600841027408
Nifty Services Sector TRI,2023-10-13,29160.19777204496
Nifty Services Sector TRI,2023-10-16,29108.16659650239
Nifty Services Sector TRI,2023-10-17,29271.93520022688
Nifty Services Sector TRI,2023-10-18,28992.70027475373
Nifty Services Sector TRI,2023-10-19,28867.01098724596
Nifty Services Sector TRI,2023-10-20,28870.095835383952
Nifty Services Sector TRI,2023-10-23,28490.996060960348
Nifty Services Sector TRI,2023-10-25,28185.6735962875
Nifty Services Sector TRI,2023-10-26,27810.594162771562
Nifty Services Sector TRI,2023-10-27,28118.9367518312
Nifty Services Sector TRI,2023-10-30,28270.502718423257
Nifty Services Sector TRI,2023-10-31,28189.515933815987
Nifty Services Sector TRI,2023-11-01,28038.373349860718
Nifty Services Sector TRI,2023-11-02,28244.363885422932
Nifty Services Sector TRI,2023-11-03,28418.332910072604
Nifty Services Sector TRI,2023-11-06,28679.347953771136
Nifty Services Sector TRI,2023-11-07,28707.631920490672
Nifty Services Sector TRI,2023-11-08,28657.349582160048
Nifty Services Sector TRI,2023-11-09,28577.45364627462
Nifty Services Sector TRI,2023-11-10,28643.227495793268
Nifty Services Sector TRI,2023-11-13,28623.491730399764
Nifty Services Sector TRI,2023-11-15,28965.384939455344
Nifty Services Sector TRI,2023-11-16,29159.618303287574
Nifty Services Sector TRI,2023-11-17,28978.753301896537
Nifty Services Sector TRI,2023-11-20,28978.286856251834
Nifty Services Sector TRI,2023-11-21,29081.834321659713
Nifty Services Sector TRI,2023-11-22,29098.089177660182
Nifty Services Sector TRI,2023-11-23,29092.083039089535
Nifty Services Sector TRI,2023-11-24,29082.364886172756
Nifty Services Sector TRI,2023-11-28,29246.82765258944
Nifty Services Sector TRI,2023-11-29,29626.694196888526
Nifty Services Sector TRI,2023-11-30,29683.441685456255
Nifty Services Sector TRI,2023-12-01,29833.839647729736
Nifty Services Sector TRI,2023-12-04,30598.82757013873
Nifty Services Sector TRI,2023-12-05,30940.8269732491
Nifty Services Sector TRI,2023-12-06,31066.236971826853
Nifty Services Sector TRI,2023-12-07,31092.30581941847
Nifty Services Sector TRI,2023-12-08,31313.54260648848
Nifty Services Sector TRI,2023-12-11,31361.448719664197
Nifty Services Sector TRI,2023-12-12,31249.99932253636
Nifty Services Sector TRI,2023-12-13,31146.604868353617
Nifty Services Sector TRI,2023-12-14,31684.85372685305
Nifty Services Sector TRI,2023-12-15,32133.91683252795
Nifty Services Sector TRI,2023-12-18,31998.636140066046
Nifty Services Sector TRI,2023-12-19,31946.649795285153
Nifty Services Sector TRI,2023-12-20,31497.270811363025
Nifty Services Sector TRI,2023-12-21,31680.436678319948
Nifty Services Sector TRI,2023-12-22,31730.1537526777
Nifty Services Sector TRI,2023-12-26,31820.072301196415
Nifty Services Sector TRI,2023-12-27,32124.634002753206
Nifty Services Sector TRI,2023-12-28,32234.792326840456
Nifty Services Sector TRI,2023-12-29,32139.269627750124
Nifty Services Sector TRI,2024-01-02,31965.20741561686
Nifty Services Sector TRI,2024-01-03,31731.911401863315
Nifty Services Sector TRI,2024-01-04,32062.032603359523
Nifty Services Sector TRI,2024-01-05,32160.375702299567
Nifty Services Sector TRI,2024-01-08,31882.702446987507
Nifty Services Sector TRI,2024-01-09,31897.038436587856
Nifty Services Sector TRI,2024-01-10,31963.28361017452
Nifty Services Sector TRI,2024-01-11,31940.986500233976
Nifty Services Sector TRI,2024-01-12,32408.003098694255
Nifty Services Sector TRI,2024-01-15,32768.77733531027
Nifty Services Sector TRI,2024-01-16,32599.98456455857
Nifty Services Sector TRI,2024-01-17,31721.16071951809
Nifty Services Sector TRI,2024-01-18,31427.108572842302
Nifty Services Sector TRI,2024-01-19,31628.911880715452
Nifty Services Sector TRI,2024-01-23,31282.553429661868
Nifty Services Sector TRI,2024-01-24,31502.68252014143
Nifty Services Sector TRI,2024-01-25,31312.07375649587
Nifty Services Sector TRI,2024-01-29,31673.05768648413
Nifty Services Sector TRI,2024-01-30,31484.45439988512
Nifty Services Sector TRI,2024-01-31,31822.87625792305
Nifty Services Sector TRI,2024-02-01,31866.68040369136
Nifty Services Sector TRI,2024-02-02,32008.160623777487
Nifty Services Sector TRI,2024-02-05,31847.715031823845
Nifty Services Sector TRI,2024-02-06,32150.940946785933
Nifty Services Sector TRI,2024-02-07,32081.90618403869
Nifty Services Sector TRI,2024-02-08,31802.948448880335
Nifty Services Sector TRI,2024-02-09,31901.33533791138
Nifty Services Sector TRI,2024-02-12,31636.45019211828
Nifty Services Sector TRI,2024-02-13,31934.332131612486
Nifty Services Sector TRI,2024-02-14,31998.79346007339
Nifty Services Sector TRI,2024-02-15,32189.69114134891
Nifty Services Sector TRI,2024-02-16,32332.292960849383
Nifty Services Sector TRI,2024-02-20,32692.73555580364
Nifty Services Sector TRI,2024-02-21,32425.248040798688
Nifty Services Sector TRI,2024-02-22,32569.804467333615
Nifty Services Sector TRI,2024-02-23,32515.86443346299
Nifty Services Sector TRI,2024-02-26,32382.10564518046
Nifty Services Sector TRI,2024-02-27,32453.11888489721
Nifty Services Sector TRI,2024-02-28,32180.680351574727
Nifty Services Sector TRI,2024-02-29,32199.932457145303
Nifty Services Sector TRI,2024-03-01,32586.98200290971
Nifty Services Sector TRI,2024-03-04,32676.664191519136
Nifty Services Sector TRI,2024-03-05,32566.98230426315
Nifty Services Sector TRI,2024-03-06,32773.37795775957
Nifty Services Sector TRI,2024-03-07,32836.86476307027
Nifty Services Sector TRI,2024-03-11,32623.106011240518
Nifty Services Sector TRI,2024-03-12,32709.753844750754
Nifty Services Sector TRI,2024-03-13,32292.32561078557
Nifty Services Sector TRI,2024-03-14,32532.802954520463
Nifty Services Sector TRI,2024-03-15,32440.13107262764
Nifty Services Sector TRI,2024-03-18,32347.586178522553
Nifty Services Sector TRI,2024-03-19,32047.960579249953
Nifty Services Sector TRI,2024-03-20,32020.43519266691
Nifty Services Sector TRI,2024-03-21,32227.902490100707
Nifty Services Sector TRI,2024-03-22,32151.901625129816
Nifty Services Sector TRI,2024-03-26,32020.655512584784
Nifty Services Sector TRI,2024-03-27,32103.19195507739
Nifty Services Sector TRI,2024-03-28,32415.313486983086
Nifty Services Sector TRI,2024-04-01,32660.799202065566
Nifty Services Sector TRI,2024-04-02,32543.79722651004
Nifty Services Sector TRI,2024-04-03,32637.781598663714
Nifty Services Sector TRI,2024-04-04,32893.04932580317
Nifty Services Sector TRI,2024-04-05,33023.20737007138
Nifty Services Sector TRI,2024-04-08,33163.750842346424
Nifty Services Sector TRI,2024-04-09,33289.68317547801
Nifty Services Sector TRI,2024-04-10,33430.88289073391
Nifty Services Sector TRI,2024-04-12,33163.715604677425
Nifty Services Sector TRI,2024-04-15,32644.866631949695
Nifty Services Sector TRI,2024-04-16,32374.567183269504
Nifty Services Sector TRI,2024-04-18,32213.349017558554
Nifty Services Sector TRI,2024-04-19,32479.97041011363
Nifty Services Sector TRI,2024-04-22,32741.347704807144
Nifty Services Sector TRI,2024-04-23,32861.73184333413
Nifty Services Sector TRI,2024-04-24,32925.085046920714
Nifty Services Sector TRI,2024-04-25,33091.68581864139
Nifty Services Sector TRI,2024-04-26,32845.724315186206
Nifty Services Sector TRI,2024-04-29,33318.25137907809
Nifty Services Sector TRI,2024-04-30,33219.170363546145
Nifty Services Sector TRI,2024-05-02,33201.701630323434
Nifty Services Sector TRI,2024-05-03,33032.614201246484
Nifty Services Sector TRI,2024-05-06,33068.1390277854
Nifty Services Sector TRI,2024-05-07,32834.73551414632
Nifty Services Sector TRI,2024-05-08,32735.37801665333
Nifty Services Sector TRI,2024-05-09,32344.218503700085
Nifty Services Sector TRI,2024-05-10,32372.787890651674
Nifty Services Sector TRI,2024-05-13,32469.351201674872
Nifty Services Sector TRI,2024-05-14,32536.815486626725
Nifty Services Sector TRI,2024-05-15,32559.098709740116
Nifty Services Sector TRI,2024-05-16,32897.03581477407
Nifty Services Sector TRI,2024-05-17,32913.911677587086
Nifty Services Sector TRI,2024-05-21,32928.47324699392
Nifty Services Sector TRI,2024-05-22,32896.4257559472
Nifty Services Sector TRI,2024-05-23,33420.94618303253
Nifty Services Sector TRI,2024-05-24,33448.34000657559
Nifty Services Sector TRI,2024-05-27,33507.840435095335
Nifty Services Sector TRI,2024-05-28,33390.76618727932
Nifty Services Sector TRI,2024-05-29,33027.77684342119
Nifty Services Sector TRI,2024-05-30,32828.728649570156
Nifty Services Sector TRI,2024-05-31,32873.6062627224
Nifty Services Sector TRI,2024-06-03,33937.3375661803
Nifty Services Sector TRI,2024-06-04,31762.811384629404
Nifty Services Sector TRI,2024-06-05,32974.0703164921
Nifty Services Sector TRI,2024-06-06,33392.29789024855
Nifty Services Sector TRI,2024-06-07,34020.18555212362
Nifty Services Sector TRI,2024-06-10,33891.53078771163
Nifty Services Sector TRI,2024-06-11,33890.011804799426
Nifty Services Sector TRI,2024-06-12,34019.43856410681
Nifty Services Sector TRI,2024-06-13,34114.7946964574
Nifty Services Sector TRI,2024-06-14,34165.1643739755
Nifty Services Sector TRI,2024-06-18,34431.33834556618
Nifty Services Sector TRI,2024-06-19,34726.575896971146
Nifty Services Sector TRI,2024-06-20,34832.65873386114
Nifty Services Sector TRI,2024-06-21,34884.754974615964
Nifty Services Sector TRI,2024-06-24,34940.94495698113
Nifty Services Sector TRI,2024-06-25,35377.18497784854
Nifty Services Sector TRI,2024-06-26,35511.09983683964
Nifty Services Sector TRI,2024-06-27,35799.03534842605
Nifty Services Sector TRI,2024-06-28,35530.6428834717
Nifty Services Sector TRI,2024-07-01,35800.09249721598
Nifty Services Sector TRI,2024-07-02,35733.5266169341
Nifty Services Sector TRI,2024-07-03,36102.225947116436
Nifty Services Sector TRI,2024-07-04,36125.127918950144
Nifty Services Sector TRI,2024-07-05,35933.01024560461
Nifty Services Sector TRI,2024-07-08,35900.612679108715
Nifty Services Sector TRI,2024-07-09,35972.106950420944
Nifty Services Sector TRI,2024-07-10,35828.312355626156
Nifty Services Sector TRI,2024-07-11,35816.22398383368
Nifty Services Sector TRI,2024-07-12,36204.95325375377
Nifty Services Sector TRI,2024-07-15,36354.95187648616
Nifty Services Sector TRI,2024-07-16,36365.83766892794
Nifty Services Sector TRI,2024-07-18,36677.85407545589
Nifty Services Sector TRI,2024-07-19,36429.0533933635
Nifty Services Sector TRI,2024-07-22,36494.323940352915
Nifty Services Sector TRI,2024-07-23,36310.81245331479
Nifty Services Sector TRI,2024-07-24,36197.58355515606
Nifty Services Sector TRI,2024-07-25,36074.23730496741
Nifty Services Sector TRI,2024-07-26,36682.17869131177
Nifty Services Sector TRI,2024-07-29,36579.81372864675
Nifty Services Sector TRI,2024-07-30,36630.33796372856
Nifty Services Sector TRI,2024-07-31,36773.26981151547
Nifty Services Sector TRI,2024-08-01,36916.56028369726
Nifty Services Sector TRI,2024-08-02,36754.044780467026
Nifty Services Sector TRI,2024-08-05,35736.28017933564
Nifty Services Sector TRI,2024-08-06,35523.02116083309
Nifty Services Sector TRI,2024-08-07,35994.264883899414
Nifty Services Sector TRI,2024-08-08,35798.655628120134
Nifty Services Sector TRI,2024-08-09,36108.57614577321
Nifty Services Sector TRI,2024-08-12,36134.91760609861
Nifty Services Sector TRI,2024-08-13,35698.89960449507
Nifty Services Sector TRI,2024-08-14,35826.83839497782
Nifty Services Sector TRI,2024-08-16,36473.199355168006
Nifty Services Sector TRI,2024-08-19,36511.863378568036
Nifty Services Sector TRI,2024-08-20,36752.02755886894
Nifty Services Sector TRI,2024-08-21,36732.11514640899
Nifty Services Sector TRI,2024-08-22,36800.109511433344
Nifty Services Sector TRI,2024-08-23,36743.52125360575
Nifty Services Sector TRI,2024-08-26,37025.33544609739
Nifty Services Sector TRI,2024-08-27,37147.28610318218
Nifty Services Sector TRI,2024-08-28,37266.90464186929
Nifty Services Sector TRI,2024-08-29,37347.27679650629
Nifty Services Sector TRI,2024-08-30,37510.205537644855
Nifty Services Sector TRI,2024-09-02,37642.66142141151
Nifty Services Sector TRI,2024-09-03,37687.0735392763
Nifty Services Sector TRI,2024-09-04,37511.414612130684
Nifty Services Sector TRI,2024-09-05,37553.83662098636
Nifty Services Sector TRI,2024-09-06,37122.49391712701
Nifty Services Sector TRI,2024-09-09,37287.77644601313
Nifty Services Sector TRI,2024-09-10,37538.431400250825
Nifty Services Sector TRI,2024-09-11,37413.64641948879
Nifty Services Sector TRI,2024-09-12,38127.29232632288
Nifty Services Sector TRI,2024-09-13,38096.05244441995
Nifty Services Sector TRI,2024-09-16,38227.163475559304
Nifty Services Sector TRI,2024-09-17,38293.214531990845
Nifty Services Sector TRI,2024-09-18,38303.1297191606
Nifty Services Sector TRI,2024-09-19,38402.14545942709
Nifty Services Sector TRI,2024-09-20,38998.455419209495
Nifty Services Sector TRI,2024-09-23,39190.572258807355
Nifty Services Sector TRI,2024-09-24,39197.70746289119
Nifty Services Sector TRI,2024-09-25,39279.44535386954
Nifty Services Sector TRI,2024-09-26,39485.61662703807
Nifty Services Sector TRI,2024-09-27,39208.341779445385
Nifty Services Sector TRI,2024-09-30,38661.15383888095
Nifty Services Sector TRI,2024-10-01,38715.41880860962
Nifty Services Sector TRI,2024-10-03,37968.897707657736
Nifty Services Sector TRI,2024-10-04,37694.96674696749
Nifty Services Sector TRI,2024-10-07,37262.95958771717
Nifty Services Sector TRI,2024-10-08,37604.875845706505
Nifty Services Sector TRI,2024-10-09,37737.55976321013
Nifty Services Sector TRI,2024-10-10,37846.99518488947
Nifty Services Sector TRI,2024-10-11,37733.05403102705
Nifty Services Sector TRI,2024-10-14,38038.90436292931
Nifty Services Sector TRI,2024-10-15,38053.387302739204
Nifty Services Sector TRI,2024-10-16,37915.93664760741
Nifty Services Sector TRI,2024-10-17,37657.18176454182
Nifty Services Sector TRI,2024-10-18,37784.69167175232
Nifty Services Sector TRI,2024-10-21,37714.14255891974
Nifty Services Sector TRI,2024-10-22,37311.634175503365
Nifty Services Sector TRI,2024-10-23,37456.20932252225
Nifty Services Sector TRI,2024-10-24,37469.21416088552
Nifty Services Sector TRI,2024-10-25,37203.51731189832
Nifty Services Sector TRI,2024-10-28,37423.46212554199
Nifty Services Sector TRI,2024-10-29,37778.22060085835
Nifty Services Sector TRI,2024-10-30,37387.68577767563
Nifty Services Sector TRI,2024-10-31,36987.921970891985
Nifty Services Sector TRI,2024-11-01,37118.22270901336
Nifty Services Sector TRI,2024-11-04,36758.169937172395
Nifty Services Sector TRI,2024-11-05,37146.81835129099
Nifty Services Sector TRI,2024-11-06,37683.95548857737
Nifty Services Sector TRI,2024-11-07,37364.26589041791
Nifty Services Sector TRI,2024-11-08,37257.3570798011
Nifty Services Sector TRI,2024-11-11,37460.575551387665
Nifty Services Sector TRI,2024-11-12,37037.90164802361
Nifty Services Sector TRI,2024-11-13,36511.56881075009
Nifty Services Sector TRI,2024-11-14,36607.95118804617
Nifty Services Sector TRI,2024-11-18,36381.67856945969
Nifty Services Sector TRI,2024-11-19,36530.57286500106
Nifty Services Sector TRI,2024-11-21,36333.795634344664
Nifty Services Sector TRI,2024-11-22,37071.70599258898
Nifty Services Sector TRI,2024-11-25,37559.78760476024
Nifty Services Sector TRI,2024-11-26,37627.49160326567
Nifty Services Sector TRI,2024-11-27,37816.07096460466
Nifty Services Sector TRI,2024-11-28,37262.33706737508
Nifty Services Sector TRI,2024-11-29,37513.35034997555
Nifty Services Sector TRI,2024-12-02,37713.20973201437
Nifty Services Sector TRI,2024-12-03,38024.247755471806
Nifty Services Sector TRI,2024-12-04,38261.71140686119
Nifty Services Sector TRI,2024-12-05,38712.23728055815
Nifty Services Sector TRI,2024-12-06,38599.28510324346
Nifty Services Sector TRI,2024-12-09,38599.3113200655
Nifty Services Sector TRI,2024-12-10,38668.72373313844
Nifty Services Sector TRI,2024-12-11,38695.10927219105
Nifty Services Sector TRI,2024-12-12,38704.83006546174
Nifty Services Sector TRI,2024-12-13,39062.84714423865
Nifty Services Sector TRI,2024-12-16,38933.33946868816
Nifty Services Sector TRI,2024-12-17,38466.0193665054
Nifty Services Sector TRI,2024-12-18,38104.17997219385
Nifty Services Sector TRI,2024-12-19,37633.042892029625
Nifty Services Sector TRI,2024-12-20,37068.15803922993
Nifty Services Sector TRI,2024-12-23,37259.8868854038
Nifty Services Sector TRI,2024-12-24,37179.47323977687
Nifty Services Sector TRI,2024-12-26,37221.83874674585
Nifty Services Sector TRI,2024-12-27,37273.68155234686
Nifty Services Sector TRI,2024-12-30,37103.29100977591
Nifty Services Sector TRI,2024-12-31,36909.07384741769
Nifty Services Sector TRI,2025-01-02,37673.514795744275
Nifty Services Sector TRI,2025-01-03,37242.25628180232
Nifty Services Sector TRI,2025-01-06,36722.191488196746
Nifty Services Sector TRI,2025-01-07,36710.17118810261
Nifty Services Sector TRI,2025-01-08,36589.50926570841
Nifty Services Sector TRI,2025-01-09,36251.26153250443
Nifty Services Sector TRI,2025-01-10,36209.02303601546
Nifty Services Sector TRI,2025-01-13,35620.68651190397
Nifty Services Sector TRI,2025-01-14,35799.32705685568
Nifty Services Sector TRI,2025-01-15,35882.479274366306
Nifty Services Sector TRI,2025-01-16,36095.05044150681
Nifty Services Sector TRI,2025-01-17,35555.751448389565
Nifty Services Sector TRI,2025-01-20,35865.76668122565
Nifty Services Sector TRI,2025-01-21,35269.84299487699
Nifty Services Sector TRI,2025-01-22,35596.65071400689
Nifty Services Sector TRI,2025-01-23,35640.19785878344
Nifty Services Sector TRI,2025-01-24,35531.665345719164
Nifty Services Sector TRI,2025-01-27,35003.664903439
Nifty Services Sector TRI,2025-01-28,35394.79022626375
Nifty Services Sector TRI,2025-01-29,35822.80574320981
Nifty Services Sector TRI,2025-01-30,35916.99366615713
Nifty Services Sector TRI,2025-01-31,36112.677287360944
Nifty Services Sector TRI,2025-02-03,36052.23459135096
Nifty Services Sector TRI,2025-02-04,36669.59856076898
Nifty Services Sector TRI,2025-02-05,36706.96401737051
Nifty Services Sector TRI,2025-02-06,36653.5279230992
Nifty Services Sector TRI,2025-02-07,36579.6782234318
Nifty Services Sector TRI,2025-02-10,36351.33804430049
Nifty Services Sector TRI,2025-02-11,35888.66383175904
Nifty Services Sector TRI,2025-02-12,35910.89500910386
Nifty Services Sector TRI,2025-02-13,35875.35971842377
Nifty Services Sector TRI,2025-02-14,35791.055559696644
Nifty Services Sector TRI,2025-02-17,35811.80079844775
Nifty Services Sector TRI,2025-02-18,35935.28868301968
Nifty Services Sector TRI,2025-02-19,35938.40206330529
Nifty Services Sector TRI,2025-02-20,35810.89678964755
Nifty Services Sector TRI,2025-02-21,35637.722185941115
Nifty Services Sector TRI,2025-02-24,35095.53661792842
Nifty Services Sector TRI,2025-02-25,35182.069805353196
Nifty Services Sector TRI,2025-02-27,35279.530768724064
Nifty Services Sector TRI,2025-02-28,34613.870369260745
Nifty Services Sector TRI,2025-03-03,34621.324545735246
Nifty Services Sector TRI,2025-03-04,34628.81274137559
Nifty Services Sector TRI,2025-03-05,34914.13399329267
Nifty Services Sector TRI,2025-03-06,35098.876352912455
Nifty Services Sector TRI,2025-03-07,34924.89281699185
Nifty Services Sector TRI,2025-03-10,34840.35723202953
Nifty Services Sector TRI,2025-03-11,34822.06638491465
Nifty Services Sector TRI,2025-03-12,34706.92199406866
Nifty Services Sector TRI,2025-03-13,34616.853294702945
Nifty Services Sector TRI,2025-03-17,34848.55994080666
Nifty Services Sector TRI,2025-03-18,35416.55568765722
Nifty Services Sector TRI,2025-03-19,35586.432920151565
Nifty Services Sector TRI,2025-03-20,36018.80545310001
Nifty Services Sector TRI,2025-03-21,36320.81098632573
Nifty Services Sector TRI,2025-03-24,36868.72410881277
Nifty Services Sector TRI,2025-03-25,36958.63292257672
Nifty Services Sector TRI,2025-03-26,36575.49324581958
Nifty Services Sector TRI,2025-03-27,36826.85954276699
Nifty Services Sector TRI,2025-03-28,36715.136947943785
Nifty Services Sector TRI,2025-04-01,36032.27513663748
Nifty Services Sector TRI,2025-04-02,36391.8455796762
Nifty Services Sector TRI,2025-04-03,36151.52332378283
Nifty Services Sector TRI,2025-04-04,35919.49641869045
Nifty Services Sector TRI,2025-04-07,34844.71293805191
Nifty Services Sector TRI,2025-04-08,35400.37023805978
Nifty Services Sector TRI,2025-04-09,35144.82585775573
Nifty Services Sector TRI,2025-04-11,35693.73897279283
Nifty Services Sector TRI,2025-04-15,36535.2040395535
Nifty Services Sector TRI,2025-04-16,36788.56066831481
Nifty Services Sector TRI,2025-04-17,37527.646940909435
Nifty Services Sector TRI,2025-04-21,38014.26167424579
Nifty Services Sector TRI,2025-04-22,38085.01100781317
Nifty Services Sector TRI,2025-04-23,38282.05394335718
Nifty Services Sector TRI,2025-04-24,38075.17707937205
Nifty Services Sector TRI,2025-04-25,37718.40711409024
Nifty Services Sector TRI,2025-04-28,37984.74190376226
Nifty Services Sector TRI,2025-04-29,37970.592887241764
Nifty Services Sector TRI,2025-04-30,37948.596988144025
Nifty Services Sector TRI,2025-05-02,37986.8730915559
Nifty Services Sector TRI,2025-05-05,38107.201780509764
Nifty Services Sector TRI,2025-05-06,37934.68256222644
Nifty Services Sector TRI,2025-05-07,38084.38516127929
Nifty Services Sector TRI,2025-05-08,37855.994103373465
Nifty Services Sector TRI,2025-05-09,37307.283294771936
Nifty Services Sector TRI,2025-05-12,38872.22006683868
Nifty Services Sector TRI,2025-05-13,38251.610558573186
Nifty Services Sector TRI,2025-05-14,38322.71259263864
Nifty Services Sector TRI,2025-05-15,38871.6637194585
Nifty Services Sector TRI,2025-05-16,38708.43316648439
Nifty Services Sector TRI,2025-05-19,38627.137228894346
Nifty Services Sector TRI,2025-05-20,38219.81713770107
Nifty Services Sector TRI,2025-05-21,38412.675367864016
Nifty Services Sector TRI,2025-05-22,38206.49756458998
Nifty Services Sector TRI,2025-05-23,38614.65648819085
Nifty Services Sector TRI,2025-05-26,38749.76209475607
Nifty Services Sector TRI,2025-05-27,38481.174467308796
Nifty Services Sector TRI,2025-05-28,38501.55441838822
Nifty Services Sector TRI,2025-05-29,38611.65894109122
Nifty Services Sector TRI,2025-05-30,38522.19072456479
Nifty Services Sector TRI,2025-06-02,38484.465629756254
Nifty Services Sector TRI,2025-06-03,38185.991851906176
Nifty Services Sector TRI,2025-06-04,38311.692647680014
Nifty Services Sector TRI,2025-06-05,38512.14774987142
Nifty Services Sector TRI,2025-06-06,38958.76036487893
Nifty Services Sector TRI,2025-06-09,39144.3305980238
Nifty Services Sector TRI,2025-06-10,39132.96860878748
Nifty Services Sector TRI,2025-06-11,39188.75444538469
Nifty Services Sector TRI,2025-06-12,38846.220362466884
Nifty Services Sector TRI,2025-06-13,38559.71158596859
Nifty Services Sector TRI,2025-06-16,38954.65327165754
Nifty Services Sector TRI,2025-06-17,38866.62410991525
Nifty Services Sector TRI,2025-06-18,38755.25365978142
Nifty Services Sector TRI,2025-06-19,38619.12755329096
Nifty Services Sector TRI,2025-06-20,39139.253361923125
Nifty Services Sector TRI,2025-06-23,38908.61982464656
Nifty Services Sector TRI,2025-06-24,39071.646418050266
Nifty Services Sector TRI,2025-06-25,39394.90317773507
Nifty Services Sector TRI,2025-06-26,39908.47708720511
Nifty Services Sector TRI,2025-06-27,40028.71708979133
Nifty Services Sector TRI,2025-06-30,39873.27512296463
Nifty Services Sector TRI,2025-07-01,39822.10673861053
Nifty Services Sector TRI,2025-07-02,39616.99429319913
Nifty Services Sector TRI,2025-07-03,39481.95998593562
Nifty Services Sector TRI,2025-07-04,39671.88236410622
Nifty Services Sector TRI,2025-07-07,39615.30975366784
Nifty Services Sector TRI,2025-07-08,39834.993272254476
Nifty Services Sector TRI,2025-07-09,39764.895991532416
Nifty Services Sector TRI,2025-07-10,39532.06705450452
Nifty Services Sector TRI,2025-07-11,39181.88969808587
Nifty Services Sector TRI,2025-07-14,39095.28174701485
Nifty Services Sector TRI,2025-07-15,39254.10705377051
Nifty Services Sector TRI,2025-07-16,39305.87624280238
Nifty Services Sector TRI,2025-07-17,39042.415744034224
Nifty Services Sector TRI,2025-07-18,38739.262944056674
Nifty Services Sector TRI,2025-07-21,39163.22947201493
Nifty Services Sector TRI,2025-07-22,39255.39493264525
Nifty Services Sector TRI,2025-07-23,39597.34357223418
Nifty Services Sector TRI,2025-07-24,39362.56798123049
Nifty Services Sector TRI,2025-07-25,38986.08859759458
Nifty Services Sector TRI,2025-07-28,38648.8304792783
Nifty Services Sector TRI,2025-07-29,38785.17821395314
Nifty Services Sector TRI,2025-07-30,38823.175868062
Nifty Services Sector TRI,2025-07-31,38729.51040986428
Nifty Services Sector TRI,2025-08-01,38364.33817091608
Nifty Services Sector TRI,2025-08-04,38469.37449911648
Nifty Services Sector TRI,2025-08-05,38346.45645055275
Nifty Services Sector TRI,2025-08-06,38231.93291820192
Nifty Services Sector TRI,2025-08-07,38280.74690874975
Nifty Services Sector TRI,2025-08-08,37904.23507523294
Nifty Services Sector TRI,2025-08-11,38210.78037216891
Nifty Services Sector TRI,2025-08-12,37975.755182741996
Nifty Services Sector TRI,2025-08-13,38168.95614071678
Nifty Services Sector TRI,2025-08-14,38296.42468315251
Nifty Services Sector TRI,2025-08-18,38534.432082337225
Nifty Services Sector TRI,2025-08-19,38608.31041768535
Nifty Services Sector TRI,2025-08-20,38801.513499673834
Nifty Services Sector TRI,2025-08-21,38845.22116701435
Nifty Services Sector TRI,2025-08-22,38510.04885473385
Nifty Services Sector TRI,2025-08-25,38681.46709448652
Nifty Services Sector TRI,2025-08-26,38254.13125965182
Nifty Services Sector TRI,2025-08-28,37753.5856021103
Nifty Services Sector TRI,2025-08-29,37620.186008565055
Nifty Services Sector TRI,2025-09-01,37950.18137767545
Nifty Services Sector TRI,2025-09-02,37815.764469269896
Nifty Services Sector TRI,2025-09-03,37924.88739302983
Nifty Services Sector TRI,2025-09-04,37939.27383100191
Nifty Services Sector TRI,2025-09-05,37914.39678352
Nifty Services Sector TRI,2025-09-08,37858.177524790655
Nifty Services Sector TRI,2025-09-09,38079.912241628685
Nifty Services Sector TRI,2025-09-10,38356.444787684595
Nifty Services Sector TRI,2025-09-11,38446.070067825734
Nifty Services Sector TRI,2025-09-12,38614.12062968622
Nifty Services Sector TRI,2025-09-15,38585.61965638518
Nifty Services Sector TRI,2025-09-16,38799.07486520114
Nifty Services Sector TRI,2025-09-17,38923.86017433098
Nifty Services Sector TRI,2025-09-18,39142.14223419073
Nifty Services Sector TRI,2025-09-19,38991.160433691424
Nifty Services Sector TRI,2025-09-22,38815.566011869094
Nifty Services Sector TRI,2025-09-23,38769.72761324908
Nifty Services Sector TRI,2025-09-24,38554.83388677889
Nifty Services Sector TRI,2025-09-25,38293.64327698002
Nifty Services Sector TRI,2025-09-26,37788.942326793884
Nifty Services Sector TRI,2025-09-29,37800.291430908874
Nifty Services Sector TRI,2025-09-30,37754.40910407545
Nifty Services Sector TRI,2025-10-01,38129.15123822202
Nifty Services Sector TRI,2025-10-03,38224.0463852884
Nifty Services Sector TRI,2025-10-06,38667.813380934436
Nifty Services Sector TRI,2025-10-07,38751.417594851366
Nifty Services Sector TRI,2025-10-08,38774.73561362764
Nifty Services Sector TRI,2025-10-09,38947.09392466516
Nifty Services Sector TRI,2025-10-10,39099.30858241315
Nifty Services Sector TRI,2025-10-13,39100.5918735671
Nifty Services Sector TRI,2025-10-14,38999.17052244187
Nifty Services Sector TRI,2025-10-15,39262.40997008122
Nifty Services Sector TRI,2025-10-16,39591.01422372105
Nifty Services Sector TRI,2025-10-17,39685.70378239989
Nifty Services Sector TRI,2025-10-20,39776.35851358058
Nifty Services Sector TRI,2025-10-21,39810.156037863715
Nifty Services Sector TRI,2025-10-23,39921.828447816966
Nifty Services Sector TRI,2025-10-24,39728.233602383254
Nifty Services Sector TRI,2025-10-27,39957.94996377664
Nifty Services Sector TRI,2025-10-28,39868.55453000478
Nifty Services Sector TRI,2025-10-29,40093.62345679404
Nifty Services Sector TRI,2025-10-30,39758.914766491755
Nifty Services Sector TRI,2025-10-31,39400.342327558115
Nifty Services Sector TRI,2025-11-03,39585.875609207775
Nifty Services Sector TRI,2025-11-04,39384.06911426691
Nifty Services Sector TRI,2025-11-06,39167.26669622217
Nifty Services Sector TRI,2025-11-07,39198.51260709168
Nifty Services Sector TRI,2025-11-10,39346.74464706439
Nifty Services Sector TRI,2025-11-11,39494.37772312937
Nifty Services Sector TRI,2025-11-12,39764.28556309371
Nifty Services Sector TRI,2025-11-13,39780.95539713067
Nifty Services Sector TRI,2025-11-14,39809.97461829615
Nifty Services Sector TRI,2025-11-17,40029.1135662479
Nifty Services Sector TRI,2025-11-18,39877.08760358901
Nifty Services Sector TRI,2025-11-19,40210.76900434446
Nifty Services Sector TRI,2025-11-20,40407.80679458969
Nifty Services Sector TRI,2025-11-21,40143.28193783716
Nifty Services Sector TRI,2025-11-24,40055.54416976795
Nifty Services Sector TRI,2025-11-25,39913.22058052977
Nifty Services Sector TRI,2025-11-26,40396.90585839699
Nifty Services Sector TRI,2025-11-27,40497.624457484584
Nifty Services Sector TRI,2025-11-28,40383.15453514438
Nifty Services Sector TRI,2025-12-01,40299.632048166175
Nifty Services Sector TRI,2025-12-02,40064.108526640746
Nifty Services Sector TRI,2025-12-03,40121.06773062914
Nifty Services Sector TRI,2025-12-04,40204.15864041674
Nifty Services Sector TRI,2025-12-05,40499.00049392434
Nifty Services Sector TRI,2025-12-08,40156.78154368018
Nifty Services Sector TRI,2025-12-09,40003.471151933976
Nifty Services Sector TRI,2025-12-10,39730.80422069407
Nifty Services Sector TRI,2025-12-11,39945.13266462262
Nifty Services Sector TRI,2025-12-12,40164.227701508185
Nifty Services Sector TRI,2025-12-15,40113.678740613606
Nifty Services Sector TRI,2025-12-16,39833.65544243661
Nifty Services Sector TRI,2025-12-17,39734.36415468249
Nifty Services Sector TRI,2025-12-18,39819.32277109954
Nifty Services Sector TRI,2025-12-19,40005.84200265767
Nifty Services Sector TRI,2025-12-22,40371.43759693664
Nifty Services Sector TRI,2025-12-23,40347.67507629531
Nifty Services Sector TRI,2025-12-24,40310.840732123404
Nifty Services Sector TRI,2025-12-26,40084.05426664965
Nifty Services Sector TRI,2025-12-29,39908.47009569342
Nifty Services Sector TRI,2025-12-30,39842.008589888144
Nifty Services Sector TRI,2025-12-31,40013.972165383515
Nifty Services Sector TRI,2026-01-02,40478.56266842672
Nifty Services Sector TRI,2026-01-05,40213.43665827321
Nifty Services Sector TRI,2026-01-06,40285.92125030275
Nifty Services Sector TRI,2026-01-07,40265.89231421316
Nifty Services Sector TRI,2026-01-08,39985.89949691802
Nifty Services Sector TRI,2026-01-09,39614.794896482614
Nifty Services Sector TRI,2026-01-12,39748.3726430341
Nifty Services Sector TRI,2026-01-13,39892.22239707223
Nifty Services Sector TRI,2026-01-14,39740.027063856076
Nifty Services Sector TRI,2026-01-16,39935.682534862375
Nifty Services Sector TRI,2026-01-19,39772.275244122444
Nifty Services Sector TRI,2026-01-20,39316.497995546975
Nifty Services Sector TRI,2026-01-21,39154.19662655934
Nifty Services Sector TRI,2026-01-22,39314.13051921419
Nifty Services Sector TRI,2026-01-23,38915.58469127317
Nifty Services Sector TRI,2026-01-27,39217.97842423886
Nifty Services Sector TRI,2026-01-28,39497.418037134135
Nifty Services Sector TRI,2026-01-29,39678.043522994776
Nifty Services Sector TRI,2026-01-30,39424.90322430961
Nifty Services Sector TRI,2026-02-02,39069.81107666323
Nifty Services Sector TRI,2026-02-03,40128.0558301534
Nifty Services Sector TRI,2026-02-04,39961.303136186354
Nifty Services Sector TRI,2026-02-05,39739.665045421825
Nifty Services Sector TRI,2026-02-06,39750.7273683446
Nifty Services Sector TRI,2026-02-09,39988.248096728115
Nifty Services Sector TRI,2026-02-10,40085.686102452426
Nifty Services Sector TRI,2026-02-11,40045.20586384571
Nifty Services Sector TRI,2026-02-12,39776.13403549669
Nifty Services Sector TRI,2026-02-13,39334.05324552965
Nifty Services Sector TRI,2026-02-16,39668.27231971796
Nifty Services Sector TRI,2026-02-17,39695.05294270984
Nifty Services Sector TRI,2026-02-18,39723.37959208046
Nifty Services Sector TRI,2026-02-19,39206.83854705112
Nifty Services Sector TRI,2026-02-20,39276.41774161343
Nifty Services Sector TRI,2026-02-23,39487.31776084956
Nifty Services Sector TRI,2026-02-24,38910.60003722575
Nifty Services Sector TRI,2026-02-25,38996.378835056654
Nifty Services Sector TRI,2026-02-26,38975.37724059086
Nifty Services Sector TRI,2026-02-27,38504.65672710012
Nifty Services Sector TRI,2026-03-02,38090.95075082868
Nifty Services Sector TRI,2026-03-04,37652.343305603645
Nifty Services Sector TRI,2026-03-05,37893.934724532606
Nifty Services Sector TRI,2026-03-06,37208.73352816337
Nifty Services Sector TRI,2026-03-09,36586.70225884799
Nifty Services Sector TRI,2026-03-10,36961.99231232131
Nifty Services Sector TRI,2026-03-11,36302.328867332086
Nifty Services Sector TRI,2026-03-12,36036.76265081771
Nifty Services Sector TRI,2026-03-13,35409.022374834334
Nifty Services Sector TRI,2026-03-16,35799.05556194433
Nifty Services Sector TRI,2026-03-17,36053.19510675104
Nifty Services Sector TRI,2026-03-18,36401.391794840354
Nifty Services Sector TRI,2026-03-19,35132.63863209265
Nifty Services Sector TRI,2026-03-20,35134.025825671844
Nifty Services Sector TRI,2026-03-23,34222.9601332062
Nifty Services Sector TRI,2026-03-24,34907.52316746841
Nifty Services Sector TRI,2026-03-25,35479.58795080751
Nifty Services Sector TRI,2026-03-27,34763.34314983565
Nifty Services Sector TRI,2026-03-30,33819.540315636674
Nifty Services Sector TRI,2026-04-01,34371.22437617313
Nifty Services Sector TRI,2026-04-02,34557.23860244088
Nifty Services Sector TRI,2026-04-06,35136.42377633881
Nifty Services Sector TRI,2026-04-07,35418.56358297694
Nifty Services Sector TRI,2026-04-08,36816.43922191917
Nifty Services Sector TRI,2026-04-09,36380.679364031115
Nifty Services Sector TRI,2026-04-10,36805.24815901104
Nifty Services Sector TRI,2026-04-13,36630.39429728026
Nifty Services Sector TRI,2026-04-15,37203.03158014319
Nifty Services Sector TRI,2026-04-16,37094.31173533646
Nifty Services Sector TRI,2026-04-17,37301.6822766287
Nifty Services Sector TRI,2026-04-20,37341.49126291941
Nifty Services Sector TRI,2026-04-21,37764.74971380835
Nifty Services Sector TRI,2026-04-22,37290.830624474096
Nifty Services Sector TRI,2026-04-23,36851.24595269818
Nifty Services Sector TRI,2026-04-24,36362.3493542692
Nifty Services Sector TRI,2026-04-27,36570.40900826191
Nifty Services Sector TRI,2026-04-28,36280.152455935284
Nifty Services Sector TRI,2026-04-29,36368.76311026046
Nifty Services Sector TRI,2026-04-30,36103.42923893891
Nifty Services Sector TRI,2026-05-04,36136.914109566584
Nifty Services Sector TRI,2026-05-05,35922.50175342699
Nifty Services Sector TRI,2026-05-06,36624.07578354535
Nifty Services Sector TRI,2026-05-07,36603.30481396298
Nifty Services Sector TRI,2026-05-08,36260.008498994655
Nifty Services Sector TRI,2026-05-11,35720.89111407858
Nifty Services Sector TRI,2026-05-12,35012.562062331104
Nifty Services Sector TRI,2026-05-13,34955.37560493466
Nifty Services Sector TRI,2026-05-14,35446.58073960876
Nifty Services Sector TRI,2026-05-15,35469.769525931115
Nifty Services Sector TRI,2026-05-18,35590.7611957825
Nifty Services Sector TRI,2026-05-19,35648.47347219028
Nifty Services Sector TRI,2026-05-20,35614.64482005893
Nifty Services Sector TRI,2026-05-21,35558.83445950073
Nifty Services Sector TRI,2026-05-22,35752.239528239545
Nifty Services Sector TRI,2026-05-25,36299.67579577607
Nifty Services Sector TRI,2026-05-26,36084.76153748567
Nifty Services Sector TRI,2026-05-27,35963.43337685019
Nifty Services Sector TRI,2026-05-29,35464.72657315652
Nifty Services Sector TRI,2026-06-01,35269.68279877022
Nifty Services Sector TRI,2026-06-02,35438.17462661717
Nifty Services Sector TRI,2026-06-03,35316.49628295491
Nifty Services Sector TRI,2026-06-04,35353.19885815673
Nifty Services Sector TRI,2026-06-05,35272.67779883491
Nifty Services Sector TRI,2026-06-08,35014.05052540372
Nifty Services Sector TRI,2026-06-09,35229.53928185733
Nifty Services Sector TRI,2026-06-10,35244.613979150905
Nifty Services Sector TRI,2026-06-11,35165.03046378033
Nifty Services Sector TRI,2026-06-12,35976.37340698949
Nifty Services Sector TRI,2026-06-15,36293.91836497975
Nifty Services Sector TRI,2026-06-16,36541.47483485009
Nifty Services Sector TRI,2026-06-17,36662.09291529054
Nifty Services Sector TRI,2026-06-18,36833.407504554874
Nifty Services Sector TRI,2026-06-19,36538.18098144922
Nifty Services Sector TRI,2026-06-22,36693.249077230954
Nifty Services Sector TRI,2026-06-23,36249.71595975142
Nifty Services Sector TRI,2026-06-24,36732.47234903054
Nifty Services Sector TRI,2026-06-25,36706.230477794765
Nifty Services Sector TRI,2026-06-30,36481.94468849419
