index_name,date,tri
Nifty FMCG TRI,2011-06-30,10369.0
Nifty FMCG TRI,2011-07-01,10313.470202036484
Nifty FMCG TRI,2011-07-04,10268.473955175037
Nifty FMCG TRI,2011-07-05,10159.570451662668
Nifty FMCG TRI,2011-07-06,10171.137710721398
Nifty FMCG TRI,2011-07-07,10449.58086320226
Nifty FMCG TRI,2011-07-08,10322.865762431951
Nifty FMCG TRI,2011-07-11,10366.297501051517
Nifty FMCG TRI,2011-07-12,10333.803581063914
Nifty FMCG TRI,2011-07-13,10399.209447018855
Nifty FMCG TRI,2011-07-14,10367.81539919411
Nifty FMCG TRI,2011-07-15,10304.548707940297
Nifty FMCG TRI,2011-07-18,10320.720239255932
Nifty FMCG TRI,2011-07-19,10390.89417050947
Nifty FMCG TRI,2011-07-20,10420.091189243904
Nifty FMCG TRI,2011-07-21,10437.080905083692
Nifty FMCG TRI,2011-07-22,10482.446055480754
Nifty FMCG TRI,2011-07-25,10416.459303481755
Nifty FMCG TRI,2011-07-26,10243.550895410011
Nifty FMCG TRI,2011-07-27,10251.226443441758
Nifty FMCG TRI,2011-07-28,10362.771083754053
Nifty FMCG TRI,2011-07-29,10448.093615529282
Nifty FMCG TRI,2011-08-01,10459.084230884986
Nifty FMCG TRI,2011-08-02,10320.222755016466
Nifty FMCG TRI,2011-08-03,10352.287857425716
Nifty FMCG TRI,2011-08-04,10142.960623511157
Nifty FMCG TRI,2011-08-05,9982.487775574946
Nifty FMCG TRI,2011-08-08,9907.788189460505
Nifty FMCG TRI,2011-08-09,10028.087593991653
Nifty FMCG TRI,2011-08-10,9991.835546724695
Nifty FMCG TRI,2011-08-11,10010.774550037499
Nifty FMCG TRI,2011-08-12,9986.939974928862
Nifty FMCG TRI,2011-08-16,10037.111597885765
Nifty FMCG TRI,2011-08-17,10176.692199694728
Nifty FMCG TRI,2011-08-18,10129.712663960576
Nifty FMCG TRI,2011-08-19,9970.600589343343
Nifty FMCG TRI,2011-08-22,10094.184613336947
Nifty FMCG TRI,2011-08-23,10143.102156711071
Nifty FMCG TRI,2011-08-24,10102.373686674287
Nifty FMCG TRI,2011-08-25,10112.758430834037
Nifty FMCG TRI,2011-08-26,9915.010581841188
Nifty FMCG TRI,2011-08-29,10088.043256011983
Nifty FMCG TRI,2011-08-30,10075.221422431796
Nifty FMCG TRI,2011-09-02,10175.461537687912
Nifty FMCG TRI,2011-09-05,10165.525069504572
Nifty FMCG TRI,2011-09-06,10170.853445925237
Nifty FMCG TRI,2011-09-07,10136.720819366228
Nifty FMCG TRI,2011-09-08,10111.962698130537
Nifty FMCG TRI,2011-09-09,10088.355287056886
Nifty FMCG TRI,2011-09-12,10078.856530686955
Nifty FMCG TRI,2011-09-13,10077.8127458198
Nifty FMCG TRI,2011-09-14,10210.432304067777
Nifty FMCG TRI,2011-09-15,10184.115327420985
Nifty FMCG TRI,2011-09-16,10055.01875464977
Nifty FMCG TRI,2011-09-19,9957.623535881954
Nifty FMCG TRI,2011-09-20,10067.64522929056
Nifty FMCG TRI,2011-09-21,10045.981064129452
Nifty FMCG TRI,2011-09-22,9760.012256718264
Nifty FMCG TRI,2011-09-23,9776.967379231917
Nifty FMCG TRI,2011-09-26,9629.129417204098
Nifty FMCG TRI,2011-09-27,9852.980563913743
Nifty FMCG TRI,2011-09-28,9930.213362220702
Nifty FMCG TRI,2011-09-29,10106.871324713286
Nifty FMCG TRI,2011-09-30,9985.025884340914
Nifty FMCG TRI,2011-10-03,9812.273828115287
Nifty FMCG TRI,2011-10-04,9677.998412131477
Nifty FMCG TRI,2011-10-05,9717.798423871456
Nifty FMCG TRI,2011-10-07,9936.669186904579
Nifty FMCG TRI,2011-10-10,9987.188581558476
Nifty FMCG TRI,2011-10-11,9975.947282111294
Nifty FMCG TRI,2011-10-12,10167.211136877191
Nifty FMCG TRI,2011-10-13,10105.760782037816
Nifty FMCG TRI,2011-10-14,10208.414329045989
Nifty FMCG TRI,2011-10-17,10253.707649042119
Nifty FMCG TRI,2011-10-18,10164.173388056142
Nifty FMCG TRI,2011-10-19,10283.625104980085
Nifty FMCG TRI,2011-10-20,10189.513124791127
Nifty FMCG TRI,2011-10-21,10123.774861091257
Nifty FMCG TRI,2011-10-24,10264.320506343216
Nifty FMCG TRI,2011-10-25,10419.07283088973
Nifty FMCG TRI,2011-10-28,10644.038171321461
Nifty FMCG TRI,2011-10-31,10723.681898602856
Nifty FMCG TRI,2011-11-01,10631.100244802457
Nifty FMCG TRI,2011-11-02,10658.77165079599
Nifty FMCG TRI,2011-11-03,10634.631025295072
Nifty FMCG TRI,2011-11-04,10660.746947267626
Nifty FMCG TRI,2011-11-08,10699.984852203412
Nifty FMCG TRI,2011-11-09,10820.414545794725
Nifty FMCG TRI,2011-11-11,10803.399425460444
Nifty FMCG TRI,2011-11-14,10796.625752047736
Nifty FMCG TRI,2011-11-15,10659.192857280294
Nifty FMCG TRI,2011-11-16,10706.591933591057
Nifty FMCG TRI,2011-11-17,10552.80112759736
Nifty FMCG TRI,2011-11-18,10365.756476292418
Nifty FMCG TRI,2011-11-21,10296.863540027152
Nifty FMCG TRI,2011-11-22,10164.85343155606
Nifty FMCG TRI,2011-11-23,10037.056827914914
Nifty FMCG TRI,2011-11-24,10026.500071504819
Nifty FMCG TRI,2011-11-25,9969.363449452285
Nifty FMCG TRI,2011-11-28,10141.782606068658
Nifty FMCG TRI,2011-11-29,10212.27930229092
Nifty FMCG TRI,2011-11-30,10335.660295685148
Nifty FMCG TRI,2011-12-01,10401.037903452683
Nifty FMCG TRI,2011-12-02,10524.385513398951
Nifty FMCG TRI,2011-12-05,10468.807538493376
Nifty FMCG TRI,2011-12-07,10527.940302974257
Nifty FMCG TRI,2011-12-08,10342.604506884722
Nifty FMCG TRI,2011-12-09,10211.108043628228
Nifty FMCG TRI,2011-12-12,10131.565250391957
Nifty FMCG TRI,2011-12-13,10201.748570336593
Nifty FMCG TRI,2011-12-14,10231.564081114488
Nifty FMCG TRI,2011-12-15,10281.166443725178
Nifty FMCG TRI,2011-12-16,10112.625787624775
Nifty FMCG TRI,2011-12-19,10165.926469538877
Nifty FMCG TRI,2011-12-20,10198.21426302629
Nifty FMCG TRI,2011-12-21,10336.001259692011
Nifty FMCG TRI,2011-12-22,10432.404648028618
Nifty FMCG TRI,2011-12-23,10445.218274601995
Nifty FMCG TRI,2011-12-26,10523.657231037589
Nifty FMCG TRI,2011-12-27,10506.507509935682
Nifty FMCG TRI,2011-12-28,10380.556595194144
Nifty FMCG TRI,2011-12-29,10321.238368592287
Nifty FMCG TRI,2011-12-30,10293.651144446369
Nifty FMCG TRI,2012-01-02,10180.848287950292
Nifty FMCG TRI,2012-01-03,10293.868381560766
Nifty FMCG TRI,2012-01-04,10229.593919519155
Nifty FMCG TRI,2012-01-05,10209.150625883196
Nifty FMCG TRI,2012-01-06,10286.107496116148
Nifty FMCG TRI,2012-01-09,10263.629637751756
Nifty FMCG TRI,2012-01-10,10379.759259209484
Nifty FMCG TRI,2012-01-11,10322.879082684189
Nifty FMCG TRI,2012-01-12,10396.733853954012
Nifty FMCG TRI,2012-01-13,10438.236213543007
Nifty FMCG TRI,2012-01-16,10500.860483910252
Nifty FMCG TRI,2012-01-17,10569.293643812056
Nifty FMCG TRI,2012-01-18,10551.929145781318
Nifty FMCG TRI,2012-01-19,10537.990874911957
Nifty FMCG TRI,2012-01-20,10296.920549180912
Nifty FMCG TRI,2012-01-23,10403.21175452038
Nifty FMCG TRI,2012-01-24,10419.318033930696
Nifty FMCG TRI,2012-01-25,10478.340447173376
Nifty FMCG TRI,2012-01-27,10346.45737723822
Nifty FMCG TRI,2012-01-30,10278.017687791837
Nifty FMCG TRI,2012-01-31,10418.609964037389
Nifty FMCG TRI,2012-02-01,10417.419923457343
Nifty FMCG TRI,2012-02-02,10400.744766739768
Nifty FMCG TRI,2012-02-03,10559.518869154947
Nifty FMCG TRI,2012-02-06,10546.381047167391
Nifty FMCG TRI,2012-02-07,10579.404379117806
Nifty FMCG TRI,2012-02-08,10594.417781963715
Nifty FMCG TRI,2012-02-09,10625.12482931113
Nifty FMCG TRI,2012-02-10,10592.860011599187
Nifty FMCG TRI,2012-02-13,10577.399885085477
Nifty FMCG TRI,2012-02-14,10583.786785063843
Nifty FMCG TRI,2012-02-15,10604.254802021136
Nifty FMCG TRI,2012-02-16,10598.832395167252
Nifty FMCG TRI,2012-02-17,10645.751804058626
Nifty FMCG TRI,2012-02-21,10691.458524501237
Nifty FMCG TRI,2012-02-22,10630.251895424042
Nifty FMCG TRI,2012-02-23,10707.830422688749
Nifty FMCG TRI,2012-02-24,10733.561952996406
Nifty FMCG TRI,2012-02-27,10760.526818543622
Nifty FMCG TRI,2012-02-28,10748.694114010827
Nifty FMCG TRI,2012-02-29,10665.85792293951
Nifty FMCG TRI,2012-03-01,10623.113623645446
Nifty FMCG TRI,2012-03-02,10587.84079425998
Nifty FMCG TRI,2012-03-05,10601.611238949645
Nifty FMCG TRI,2012-03-06,10683.217000180084
Nifty FMCG TRI,2012-03-07,10689.309682550593
Nifty FMCG TRI,2012-03-09,10671.084851750795
Nifty FMCG TRI,2012-03-12,10681.585931720581
Nifty FMCG TRI,2012-03-13,10805.204501565395
Nifty FMCG TRI,2012-03-14,10898.011663736308
Nifty FMCG TRI,2012-03-15,10805.580131495868
Nifty FMCG TRI,2012-03-16,11010.678180704721
Nifty FMCG TRI,2012-03-19,11139.181439533017
Nifty FMCG TRI,2012-03-20,11257.344653025848
Nifty FMCG TRI,2012-03-21,11363.691201128131
Nifty FMCG TRI,2012-03-22,11173.903478248667
Nifty FMCG TRI,2012-03-23,11288.090066994973
Nifty FMCG TRI,2012-03-26,11288.913677251046
Nifty FMCG TRI,2012-03-27,11485.983994451446
Nifty FMCG TRI,2012-03-28,11497.929340466693
Nifty FMCG TRI,2012-03-29,11418.36192316684
Nifty FMCG TRI,2012-03-30,11554.382777303064
Nifty FMCG TRI,2012-04-02,11568.589870051714
Nifty FMCG TRI,2012-04-03,11591.615392389338
Nifty FMCG TRI,2012-04-04,11562.098384705449
Nifty FMCG TRI,2012-04-09,11509.826371560004
Nifty FMCG TRI,2012-04-10,11713.543494061196
Nifty FMCG TRI,2012-04-11,11726.111308482976
Nifty FMCG TRI,2012-04-12,11902.990597281832
Nifty FMCG TRI,2012-04-13,11962.009542191015
Nifty FMCG TRI,2012-04-16,12098.21068029886
Nifty FMCG TRI,2012-04-17,12271.042797465723
Nifty FMCG TRI,2012-04-18,12186.382531303105
Nifty FMCG TRI,2012-04-19,12302.40493322026
Nifty FMCG TRI,2012-04-20,12322.338895830455
Nifty FMCG TRI,2012-04-23,12205.213322157584
Nifty FMCG TRI,2012-04-24,12246.657073035303
Nifty FMCG TRI,2012-04-25,12302.2260197966
Nifty FMCG TRI,2012-04-26,12365.948657591445
Nifty FMCG TRI,2012-04-27,12265.720286788493
Nifty FMCG TRI,2012-04-30,12291.722291075504
Nifty FMCG TRI,2012-05-02,12321.786033348051
Nifty FMCG TRI,2012-05-03,12268.61870749962
Nifty FMCG TRI,2012-05-04,12142.636261209178
Nifty FMCG TRI,2012-05-07,12031.447343316917
Nifty FMCG TRI,2012-05-08,11729.199368767651
Nifty FMCG TRI,2012-05-09,12098.822457329201
Nifty FMCG TRI,2012-05-10,12094.402378844467
Nifty FMCG TRI,2012-05-11,11921.983165267993
Nifty FMCG TRI,2012-05-14,11949.932838615043
Nifty FMCG TRI,2012-05-15,11854.729678220112
Nifty FMCG TRI,2012-05-16,11717.168393088781
Nifty FMCG TRI,2012-05-17,11950.431516691251
Nifty FMCG TRI,2012-05-18,12093.838849362348
Nifty FMCG TRI,2012-05-21,11921.978886944447
Nifty FMCG TRI,2012-05-22,11833.740263600845
Nifty FMCG TRI,2012-05-23,11823.530844976396
Nifty FMCG TRI,2012-05-24,11872.20460346811
Nifty FMCG TRI,2012-05-25,11826.724796391654
Nifty FMCG TRI,2012-05-28,11944.387432917056
Nifty FMCG TRI,2012-05-29,11821.00001876456
Nifty FMCG TRI,2012-05-30,11828.679108966415
Nifty FMCG TRI,2012-05-31,11806.756914285828
Nifty FMCG TRI,2012-06-01,11849.058764388114
Nifty FMCG TRI,2012-06-04,11663.12802441919
Nifty FMCG TRI,2012-06-05,11537.20930270931
Nifty FMCG TRI,2012-06-06,11885.190794817488
Nifty FMCG TRI,2012-06-07,11979.325155483046
Nifty FMCG TRI,2012-06-08,12078.132722546481
Nifty FMCG TRI,2012-06-11,12114.398240661825
Nifty FMCG TRI,2012-06-12,12202.475314484793
Nifty FMCG TRI,2012-06-13,12351.92737683245
Nifty FMCG TRI,2012-06-14,12311.399452400841
Nifty FMCG TRI,2012-06-15,12466.903049495337
Nifty FMCG TRI,2012-06-18,12270.39033917595
Nifty FMCG TRI,2012-06-19,12453.108969377376
Nifty FMCG TRI,2012-06-20,12424.953662875289
Nifty FMCG TRI,2012-06-21,12618.24530587261
Nifty FMCG TRI,2012-06-22,12578.0190667365
Nifty FMCG TRI,2012-06-25,12566.821461409865
Nifty FMCG TRI,2012-06-26,12465.542914964271
Nifty FMCG TRI,2012-06-27,12530.649286037664
Nifty FMCG TRI,2012-06-28,12649.24990827527
Nifty FMCG TRI,2012-06-29,12919.9044399764
Nifty FMCG TRI,2012-07-02,12644.20675527823
Nifty FMCG TRI,2012-07-03,12534.171385004924
Nifty FMCG TRI,2012-07-04,12503.313344882243
Nifty FMCG TRI,2012-07-05,12655.90546891534
Nifty FMCG TRI,2012-07-06,12740.435732845723
Nifty FMCG TRI,2012-07-09,12657.105509782548
Nifty FMCG TRI,2012-07-10,12869.545002166398
Nifty FMCG TRI,2012-07-11,12692.715530582893
Nifty FMCG TRI,2012-07-12,12678.608936770084
Nifty FMCG TRI,2012-07-13,12718.326331723976
Nifty FMCG TRI,2012-07-16,12671.890224274342
Nifty FMCG TRI,2012-07-17,12804.147760119098
Nifty FMCG TRI,2012-07-18,12813.761097826702
Nifty FMCG TRI,2012-07-19,12803.160033544755
Nifty FMCG TRI,2012-07-20,12789.002577619376
Nifty FMCG TRI,2012-07-23,12649.548362095922
Nifty FMCG TRI,2012-07-24,12885.98509773107
Nifty FMCG TRI,2012-07-25,12959.05788271171
Nifty FMCG TRI,2012-07-26,12758.142855926382
Nifty FMCG TRI,2012-07-27,12930.13803158133
Nifty FMCG TRI,2012-07-30,13063.681993426779
Nifty FMCG TRI,2012-07-31,13103.647319955053
Nifty FMCG TRI,2012-08-01,13156.981360286489
Nifty FMCG TRI,2012-08-02,13250.518043368114
Nifty FMCG TRI,2012-08-03,13200.744463289797
Nifty FMCG TRI,2012-08-06,13174.454004803922
Nifty FMCG TRI,2012-08-07,13252.863545177697
Nifty FMCG TRI,2012-08-08,13294.06961837612
Nifty FMCG TRI,2012-08-09,13490.882837184603
Nifty FMCG TRI,2012-08-10,13583.14191496818
Nifty FMCG TRI,2012-08-13,13602.2415135503
Nifty FMCG TRI,2012-08-14,13632.64244374563
Nifty FMCG TRI,2012-08-16,13359.017017629276
Nifty FMCG TRI,2012-08-17,13532.658412039762
Nifty FMCG TRI,2012-08-21,13580.384129660953
Nifty FMCG TRI,2012-08-22,13587.955980881386
Nifty FMCG TRI,2012-08-23,13699.341397449436
Nifty FMCG TRI,2012-08-24,13724.264587252977
Nifty FMCG TRI,2012-08-27,13765.877278957316
Nifty FMCG TRI,2012-08-28,13867.880894665164
Nifty FMCG TRI,2012-08-29,13938.604168128302
Nifty FMCG TRI,2012-08-30,14035.788700728996
Nifty FMCG TRI,2012-08-31,13881.68571778244
Nifty FMCG TRI,2012-09-03,13912.694637139723
Nifty FMCG TRI,2012-09-04,13946.89871978301
Nifty FMCG TRI,2012-09-05,14040.342132844879
Nifty FMCG TRI,2012-09-06,13799.0730756327
Nifty FMCG TRI,2012-09-07,13905.140267888466
Nifty FMCG TRI,2012-09-10,13940.180782221158
Nifty FMCG TRI,2012-09-11,13986.765361989923
Nifty FMCG TRI,2012-09-12,14077.946185582237
Nifty FMCG TRI,2012-09-13,14171.322821816413
Nifty FMCG TRI,2012-09-14,14109.13026850395
Nifty FMCG TRI,2012-09-17,13573.394595420035
Nifty FMCG TRI,2012-09-18,13595.18002246227
Nifty FMCG TRI,2012-09-20,13614.773316072296
Nifty FMCG TRI,2012-09-21,13825.897185837135
Nifty FMCG TRI,2012-09-24,13619.539891079821
Nifty FMCG TRI,2012-09-25,13874.091833610812
Nifty FMCG TRI,2012-09-26,13977.18779237804
Nifty FMCG TRI,2012-09-27,14201.314891923987
Nifty FMCG TRI,2012-09-28,14401.214906929503
Nifty FMCG TRI,2012-10-01,14435.121778498147
Nifty FMCG TRI,2012-10-03,14466.970232146714
Nifty FMCG TRI,2012-10-04,14616.13154297937
Nifty FMCG TRI,2012-10-05,14693.971322467398
Nifty FMCG TRI,2012-10-08,14694.749157533633
Nifty FMCG TRI,2012-10-09,14855.569527364374
Nifty FMCG TRI,2012-10-10,14853.422892913348
Nifty FMCG TRI,2012-10-11,14977.822758929753
Nifty FMCG TRI,2012-10-12,14995.048404717498
Nifty FMCG TRI,2012-10-15,15095.92393999143
Nifty FMCG TRI,2012-10-16,15081.704645861337
Nifty FMCG TRI,2012-10-17,15134.92885964573
Nifty FMCG TRI,2012-10-18,15238.320544789116
Nifty FMCG TRI,2012-10-19,15359.105196592624
Nifty FMCG TRI,2012-10-22,15302.654144267233
Nifty FMCG TRI,2012-10-23,15185.1842547756
Nifty FMCG TRI,2012-10-25,15209.778017654427
Nifty FMCG TRI,2012-10-29,14906.089836127672
Nifty FMCG TRI,2012-10-30,14842.840138337584
Nifty FMCG TRI,2012-10-31,14815.901595440719
Nifty FMCG TRI,2012-11-01,14704.949853311318
Nifty FMCG TRI,2012-11-02,14795.429926352987
Nifty FMCG TRI,2012-11-05,14968.554988223901
Nifty FMCG TRI,2012-11-06,14987.225134459652
Nifty FMCG TRI,2012-11-07,15054.367920336892
Nifty FMCG TRI,2012-11-08,15084.72856538164
Nifty FMCG TRI,2012-11-09,15047.023623210745
Nifty FMCG TRI,2012-11-12,15145.109221879087
Nifty FMCG TRI,2012-11-15,15019.366788674128
Nifty FMCG TRI,2012-11-16,14812.143849567527
Nifty FMCG TRI,2012-11-19,14951.269509631195
Nifty FMCG TRI,2012-11-20,14926.814486149178
Nifty FMCG TRI,2012-11-21,15133.003239447278
Nifty FMCG TRI,2012-11-22,15219.6434302158
Nifty FMCG TRI,2012-11-23,15230.015046925431
Nifty FMCG TRI,2012-11-26,15411.8667131368
Nifty FMCG TRI,2012-11-27,15745.37366999927
Nifty FMCG TRI,2012-11-29,15918.854836306245
Nifty FMCG TRI,2012-11-30,15884.36783211467
Nifty FMCG TRI,2012-12-03,15848.412944685653
Nifty FMCG TRI,2012-12-04,15865.199239508056
Nifty FMCG TRI,2012-12-05,15885.766957061232
Nifty FMCG TRI,2012-12-06,15973.559452057574
Nifty FMCG TRI,2012-12-07,15948.617889551359
Nifty FMCG TRI,2012-12-10,16021.02149030099
Nifty FMCG TRI,2012-12-11,16140.667956713422
Nifty FMCG TRI,2012-12-12,16123.340204578211
Nifty FMCG TRI,2012-12-13,15691.776061719514
Nifty FMCG TRI,2012-12-14,15706.41582815133
Nifty FMCG TRI,2012-12-17,15621.203545655706
Nifty FMCG TRI,2012-12-18,15673.713468780112
Nifty FMCG TRI,2012-12-19,15603.363296036783
Nifty FMCG TRI,2012-12-20,15622.347293705921
Nifty FMCG TRI,2012-12-21,15532.055248183435
Nifty FMCG TRI,2012-12-24,15563.040694597761
Nifty FMCG TRI,2012-12-26,15648.86753252968
Nifty FMCG TRI,2012-12-27,15519.596248080412
Nifty FMCG TRI,2012-12-28,15581.224252478953
Nifty FMCG TRI,2012-12-31,15519.314593095654
Nifty FMCG TRI,2013-01-01,15605.804293192501
Nifty FMCG TRI,2013-01-02,15571.922423253782
Nifty FMCG TRI,2013-01-03,15518.144147821367
Nifty FMCG TRI,2013-01-04,15480.010706815536
Nifty FMCG TRI,2013-01-07,15310.609225714394
Nifty FMCG TRI,2013-01-08,15497.11278661493
Nifty FMCG TRI,2013-01-09,15262.699227614876
Nifty FMCG TRI,2013-01-10,15292.735219555268
Nifty FMCG TRI,2013-01-11,14920.069513084864
Nifty FMCG TRI,2013-01-14,15080.294087182803
Nifty FMCG TRI,2013-01-15,15198.383253097496
Nifty FMCG TRI,2013-01-16,15161.088248877546
Nifty FMCG TRI,2013-01-17,15152.189020212421
Nifty FMCG TRI,2013-01-18,15165.957269200431
Nifty FMCG TRI,2013-01-21,15345.193766272763
Nifty FMCG TRI,2013-01-22,15152.155812747269
Nifty FMCG TRI,2013-01-23,15134.553020006184
Nifty FMCG TRI,2013-01-24,15263.129174821523
Nifty FMCG TRI,2013-01-25,15413.673683630272
Nifty FMCG TRI,2013-01-28,15442.332545256402
Nifty FMCG TRI,2013-01-29,15528.302227562233
Nifty FMCG TRI,2013-01-30,15539.533432144628
Nifty FMCG TRI,2013-01-31,15631.196844936843
Nifty FMCG TRI,2013-02-01,15669.978312396155
Nifty FMCG TRI,2013-02-04,15625.911722006365
Nifty FMCG TRI,2013-02-05,15434.05487852938
Nifty FMCG TRI,2013-02-06,15499.721763538522
Nifty FMCG TRI,2013-02-07,15485.911949638923
Nifty FMCG TRI,2013-02-08,15353.793353168874
Nifty FMCG TRI,2013-02-11,15315.309310080473
Nifty FMCG TRI,2013-02-12,15364.748863261439
Nifty FMCG TRI,2013-02-13,15281.621606489272
Nifty FMCG TRI,2013-02-14,15344.742114227594
Nifty FMCG TRI,2013-02-15,15347.160657879425
Nifty FMCG TRI,2013-02-18,15407.651590661222
Nifty FMCG TRI,2013-02-19,15526.024897381729
Nifty FMCG TRI,2013-02-20,15463.376333082468
Nifty FMCG TRI,2013-02-21,15252.63285521867
Nifty FMCG TRI,2013-02-22,15030.188086153059
Nifty FMCG TRI,2013-02-25,15000.865515270203
Nifty FMCG TRI,2013-02-26,14909.991143624376
Nifty FMCG TRI,2013-02-27,15037.966790521023
Nifty FMCG TRI,2013-02-28,14961.079968976726
Nifty FMCG TRI,2013-03-01,14999.82662257006
Nifty FMCG TRI,2013-03-04,14949.5238115664
Nifty FMCG TRI,2013-03-05,15075.737872645443
Nifty FMCG TRI,2013-03-06,14884.708372899306
Nifty FMCG TRI,2013-03-07,15017.544241821768
Nifty FMCG TRI,2013-03-08,15270.52407772161
Nifty FMCG TRI,2013-03-11,15297.364437556851
Nifty FMCG TRI,2013-03-12,15365.270389408322
Nifty FMCG TRI,2013-03-13,15438.668831984989
Nifty FMCG TRI,2013-03-14,15505.9179087446
Nifty FMCG TRI,2013-03-15,15517.012961460416
Nifty FMCG TRI,2013-03-18,15640.47831922464
Nifty FMCG TRI,2013-03-19,15594.795765776094
Nifty FMCG TRI,2013-03-20,15653.501042653786
Nifty FMCG TRI,2013-03-21,15539.327863886483
Nifty FMCG TRI,2013-03-22,15522.210752648862
Nifty FMCG TRI,2013-03-25,15448.274920547705
Nifty FMCG TRI,2013-03-26,15639.833104446145
Nifty FMCG TRI,2013-03-28,15724.957600088128
Nifty FMCG TRI,2013-04-01,15729.420356954146
Nifty FMCG TRI,2013-04-02,15728.162893182738
Nifty FMCG TRI,2013-04-03,15695.799821795585
Nifty FMCG TRI,2013-04-04,15451.64694526982
Nifty FMCG TRI,2013-04-05,15221.590447029257
Nifty FMCG TRI,2013-04-08,15345.637167740853
Nifty FMCG TRI,2013-04-09,15112.048185513839
Nifty FMCG TRI,2013-04-10,15027.178948734358
Nifty FMCG TRI,2013-04-11,15092.587983357194
Nifty FMCG TRI,2013-04-12,15381.155814979917
Nifty FMCG TRI,2013-04-15,15572.323688358229
Nifty FMCG TRI,2013-04-16,15874.567120554218
Nifty FMCG TRI,2013-04-17,16074.37665089307
Nifty FMCG TRI,2013-04-18,16137.433381538647
Nifty FMCG TRI,2013-04-22,16220.507316691313
Nifty FMCG TRI,2013-04-23,16201.082163342482
Nifty FMCG TRI,2013-04-25,16297.496912264487
Nifty FMCG TRI,2013-04-26,16184.568130863312
Nifty FMCG TRI,2013-04-29,16560.816147181038
Nifty FMCG TRI,2013-04-30,17281.53982993182
Nifty FMCG TRI,2013-05-02,17460.18912790188
Nifty FMCG TRI,2013-05-03,17373.793706379754
Nifty FMCG TRI,2013-05-06,17248.351643575428
Nifty FMCG TRI,2013-05-07,17598.618389302475
Nifty FMCG TRI,2013-05-08,17823.085299330985
Nifty FMCG TRI,2013-05-09,17834.040271922688
Nifty FMCG TRI,2013-05-10,18121.249513567676
Nifty FMCG TRI,2013-05-13,17617.47301633071
Nifty FMCG TRI,2013-05-14,17608.679633165546
Nifty FMCG TRI,2013-05-15,17872.441464310952
Nifty FMCG TRI,2013-05-16,17721.794518556064
Nifty FMCG TRI,2013-05-17,17726.42564607387
Nifty FMCG TRI,2013-05-20,17642.145133640573
Nifty FMCG TRI,2013-05-21,17545.047920446865
Nifty FMCG TRI,2013-05-22,17713.01461767959
Nifty FMCG TRI,2013-05-23,17559.234028420036
Nifty FMCG TRI,2013-05-24,17584.27880557254
Nifty FMCG TRI,2013-05-27,17791.626462555865
Nifty FMCG TRI,2013-05-28,17927.18476097387
Nifty FMCG TRI,2013-05-29,18054.623336246506
Nifty FMCG TRI,2013-05-30,18402.218259553563
Nifty FMCG TRI,2013-05-31,18016.583821200038
Nifty FMCG TRI,2013-06-03,17919.682814512278
Nifty FMCG TRI,2013-06-04,17995.027000684928
Nifty FMCG TRI,2013-06-05,17902.565983532397
Nifty FMCG TRI,2013-06-06,17886.108276694973
Nifty FMCG TRI,2013-06-07,17822.095230808616
Nifty FMCG TRI,2013-06-10,17884.237723851234
Nifty FMCG TRI,2013-06-11,17759.99131386822
Nifty FMCG TRI,2013-06-12,17570.209292365653
Nifty FMCG TRI,2013-06-13,17370.47436910973
Nifty FMCG TRI,2013-06-14,17541.62927999658
Nifty FMCG TRI,2013-06-17,17631.60878025786
Nifty FMCG TRI,2013-06-18,17570.748122246645
Nifty FMCG TRI,2013-06-19,17569.35250770328
Nifty FMCG TRI,2013-06-20,17246.703294693052
Nifty FMCG TRI,2013-06-21,17195.03794205344
Nifty FMCG TRI,2013-06-24,16831.956633537433
Nifty FMCG TRI,2013-06-25,16918.599473951283
Nifty FMCG TRI,2013-06-26,17065.405303451902
Nifty FMCG TRI,2013-06-27,17063.370730884857
Nifty FMCG TRI,2013-06-28,17191.548844513487
Nifty FMCG TRI,2013-07-01,17478.990767401185
Nifty FMCG TRI,2013-07-02,17452.502160243646
Nifty FMCG TRI,2013-07-03,17515.241176557698
Nifty FMCG TRI,2013-07-04,18021.88843251564
Nifty FMCG TRI,2013-07-05,18173.482230682042
Nifty FMCG TRI,2013-07-08,18291.07963724971
Nifty FMCG TRI,2013-07-09,18327.07178465245
Nifty FMCG TRI,2013-07-10,18208.003935438854
Nifty FMCG TRI,2013-07-11,18505.02238467353
Nifty FMCG TRI,2013-07-12,18424.3998038544
Nifty FMCG TRI,2013-07-15,18625.199371133294
Nifty FMCG TRI,2013-07-16,18929.821726050755
Nifty FMCG TRI,2013-07-17,19589.429277753945
Nifty FMCG TRI,2013-07-18,19726.73290773356
Nifty FMCG TRI,2013-07-19,19693.820686560164
Nifty FMCG TRI,2013-07-22,19700.611633459732
Nifty FMCG TRI,2013-07-23,20013.614241452757
Nifty FMCG TRI,2013-07-24,19948.790324401212
Nifty FMCG TRI,2013-07-25,19270.5995543294
Nifty FMCG TRI,2013-07-26,19330.737413981904
Nifty FMCG TRI,2013-07-29,18833.3568879511
Nifty FMCG TRI,2013-07-30,18461.905835971967
Nifty FMCG TRI,2013-07-31,18032.450224223256
Nifty FMCG TRI,2013-08-01,17985.93964548615
Nifty FMCG TRI,2013-08-02,17690.594207342478
Nifty FMCG TRI,2013-08-05,17810.6865332981
Nifty FMCG TRI,2013-08-06,17489.440265101955
Nifty FMCG TRI,2013-08-07,17218.46811138759
Nifty FMCG TRI,2013-08-08,17332.987734977705
Nifty FMCG TRI,2013-08-12,17750.23396183517
Nifty FMCG TRI,2013-08-13,17881.414796000136
Nifty FMCG TRI,2013-08-14,17911.40440343191
Nifty FMCG TRI,2013-08-16,17222.257990194143
Nifty FMCG TRI,2013-08-19,16841.052610440314
Nifty FMCG TRI,2013-08-20,16866.104121956596
Nifty FMCG TRI,2013-08-21,16317.589193301166
Nifty FMCG TRI,2013-08-22,16572.036308369392
Nifty FMCG TRI,2013-08-23,16702.44791659833
Nifty FMCG TRI,2013-08-26,16739.49653400956
Nifty FMCG TRI,2013-08-27,16281.305884485946
Nifty FMCG TRI,2013-08-28,16217.424149214256
Nifty FMCG TRI,2013-08-29,16585.492739493046
Nifty FMCG TRI,2013-08-30,16817.311707361292
Nifty FMCG TRI,2013-09-02,17382.6288661385
Nifty FMCG TRI,2013-09-03,16578.02715651593
Nifty FMCG TRI,2013-09-04,16658.91745591817
Nifty FMCG TRI,2013-09-05,17155.36413795987
Nifty FMCG TRI,2013-09-06,17230.600412561
Nifty FMCG TRI,2013-09-10,18161.136904054227
Nifty FMCG TRI,2013-09-11,17955.833553969267
Nifty FMCG TRI,2013-09-12,18089.97166110511
Nifty FMCG TRI,2013-09-13,17884.442738793696
Nifty FMCG TRI,2013-09-16,17965.12549117976
Nifty FMCG TRI,2013-09-17,18086.94082775203
Nifty FMCG TRI,2013-09-18,18345.461138801413
Nifty FMCG TRI,2013-09-19,18932.80719835913
Nifty FMCG TRI,2013-09-20,18761.260732495713
Nifty FMCG TRI,2013-09-23,18513.628731277822
Nifty FMCG TRI,2013-09-24,18512.315686060687
Nifty FMCG TRI,2013-09-25,18327.12270511152
Nifty FMCG TRI,2013-09-26,18439.22722404517
Nifty FMCG TRI,2013-09-27,18480.30449964013
Nifty FMCG TRI,2013-09-30,18239.13305264118
Nifty FMCG TRI,2013-10-01,18270.590260609235
Nifty FMCG TRI,2013-10-03,18134.11137859163
Nifty FMCG TRI,2013-10-04,18175.240247006383
Nifty FMCG TRI,2013-10-07,18208.392325999994
Nifty FMCG TRI,2013-10-08,18406.81834818413
Nifty FMCG TRI,2013-10-09,18454.535213395597
Nifty FMCG TRI,2013-10-10,18449.544990461458
Nifty FMCG TRI,2013-10-11,18285.125856118786
Nifty FMCG TRI,2013-10-14,18167.905916713447
Nifty FMCG TRI,2013-10-15,18155.400906402247
Nifty FMCG TRI,2013-10-17,18339.787955713986
Nifty FMCG TRI,2013-10-18,18722.354227403743
Nifty FMCG TRI,2013-10-21,18463.926370349152
Nifty FMCG TRI,2013-10-22,18418.619540108277
Nifty FMCG TRI,2013-10-23,18468.84830960475
Nifty FMCG TRI,2013-10-24,18517.837775624786
Nifty FMCG TRI,2013-10-25,18347.322336603924
Nifty FMCG TRI,2013-10-28,17878.45507484311
Nifty FMCG TRI,2013-10-29,17977.591722231617
Nifty FMCG TRI,2013-10-30,18189.801375674422
Nifty FMCG TRI,2013-10-31,18241.072379665275
Nifty FMCG TRI,2013-11-01,18002.416871749752
Nifty FMCG TRI,2013-11-05,17647.48777174262
Nifty FMCG TRI,2013-11-06,17554.47831439066
Nifty FMCG TRI,2013-11-07,17508.068641798254
Nifty FMCG TRI,2013-11-08,17437.573686381187
Nifty FMCG TRI,2013-11-11,17210.61901253245
Nifty FMCG TRI,2013-11-12,17328.12180534927
Nifty FMCG TRI,2013-11-13,17138.5206812479
Nifty FMCG TRI,2013-11-14,17194.28393835054
Nifty FMCG TRI,2013-11-18,17676.94432598791
Nifty FMCG TRI,2013-11-19,17591.917144561918
Nifty FMCG TRI,2013-11-20,17433.307908316478
Nifty FMCG TRI,2013-11-21,17109.23822981785
Nifty FMCG TRI,2013-11-22,17011.534718116596
Nifty FMCG TRI,2013-11-25,17375.087610598886
Nifty FMCG TRI,2013-11-26,17212.905982251017
Nifty FMCG TRI,2013-11-27,17344.265402453264
Nifty FMCG TRI,2013-11-28,17379.59549326649
Nifty FMCG TRI,2013-11-29,17627.182351555148
Nifty FMCG TRI,2013-12-02,17639.18745468909
Nifty FMCG TRI,2013-12-03,17508.542435733787
Nifty FMCG TRI,2013-12-04,17256.780623721745
Nifty FMCG TRI,2013-12-05,17077.216912385637
Nifty FMCG TRI,2013-12-06,17115.24306178877
Nifty FMCG TRI,2013-12-09,17185.317053141585
Nifty FMCG TRI,2013-12-10,17344.852017091693
Nifty FMCG TRI,2013-12-11,17454.460474735457
Nifty FMCG TRI,2013-12-12,17335.89413773174
Nifty FMCG TRI,2013-12-13,17242.00322383398
Nifty FMCG TRI,2013-12-16,17118.487017354273
Nifty FMCG TRI,2013-12-17,17233.662624150616
Nifty FMCG TRI,2013-12-18,17299.724628899618
Nifty FMCG TRI,2013-12-19,17240.048450909348
Nifty FMCG TRI,2013-12-20,17379.469095254026
Nifty FMCG TRI,2013-12-23,17444.52924864605
Nifty FMCG TRI,2013-12-24,17445.862569303405
Nifty FMCG TRI,2013-12-26,17490.56200092788
Nifty FMCG TRI,2013-12-27,17617.993986769932
Nifty FMCG TRI,2013-12-30,17666.234421938992
Nifty FMCG TRI,2013-12-31,17671.053859772463
Nifty FMCG TRI,2014-01-01,17699.12626506939
Nifty FMCG TRI,2014-01-02,17356.39710475823
Nifty FMCG TRI,2014-01-03,17407.766130649972
Nifty FMCG TRI,2014-01-06,17459.83474446779
Nifty FMCG TRI,2014-01-07,17444.659692726418
Nifty FMCG TRI,2014-01-08,17482.544212574245
Nifty FMCG TRI,2014-01-09,17388.08864448934
Nifty FMCG TRI,2014-01-10,17621.767793428207
Nifty FMCG TRI,2014-01-13,17645.785203598793
Nifty FMCG TRI,2014-01-14,17596.651959711573
Nifty FMCG TRI,2014-01-15,17747.29612736909
Nifty FMCG TRI,2014-01-16,17597.360331618806
Nifty FMCG TRI,2014-01-17,17579.171709702474
Nifty FMCG TRI,2014-01-20,17787.169873757794
Nifty FMCG TRI,2014-01-21,17753.092088531816
Nifty FMCG TRI,2014-01-22,17738.80399105208
Nifty FMCG TRI,2014-01-23,17780.877111930946
Nifty FMCG TRI,2014-01-24,17545.328771066015
Nifty FMCG TRI,2014-01-27,17485.38556019833
Nifty FMCG TRI,2014-01-28,17562.11531186617
Nifty FMCG TRI,2014-01-29,17568.080130988386
Nifty FMCG TRI,2014-01-30,17421.68645065651
Nifty FMCG TRI,2014-01-31,17524.09316480848
Nifty FMCG TRI,2014-02-03,17368.969953706288
Nifty FMCG TRI,2014-02-04,17515.049439785613
Nifty FMCG TRI,2014-02-05,17338.680465645786
Nifty FMCG TRI,2014-02-06,17595.48466537786
Nifty FMCG TRI,2014-02-07,17520.31029216737
Nifty FMCG TRI,2014-02-10,17496.25235603297
Nifty FMCG TRI,2014-02-11,17472.374342808205
Nifty FMCG TRI,2014-02-12,17326.782228192485
Nifty FMCG TRI,2014-02-13,17136.46602274105
Nifty FMCG TRI,2014-02-14,17236.839346854395
Nifty FMCG TRI,2014-02-17,17232.863541458566
Nifty FMCG TRI,2014-02-18,17167.157466199664
Nifty FMCG TRI,2014-02-19,17162.707448915164
Nifty FMCG TRI,2014-02-20,16992.196736831902
Nifty FMCG TRI,2014-02-21,17221.994509996104
Nifty FMCG TRI,2014-02-24,17300.928802445236
Nifty FMCG TRI,2014-02-25,17362.39232428179
Nifty FMCG TRI,2014-02-26,17549.543995483848
Nifty FMCG TRI,2014-02-28,17527.978078319094
Nifty FMCG TRI,2014-03-03,17521.121863629407
Nifty FMCG TRI,2014-03-04,17659.985207680256
Nifty FMCG TRI,2014-03-05,17732.6180067297
Nifty FMCG TRI,2014-03-06,17780.746076897918
Nifty FMCG TRI,2014-03-07,17891.901242712214
Nifty FMCG TRI,2014-03-10,17816.54036974027
Nifty FMCG TRI,2014-03-11,17774.066451300434
Nifty FMCG TRI,2014-03-12,18008.808984387684
Nifty FMCG TRI,2014-03-13,18064.4078118944
Nifty FMCG TRI,2014-03-14,18131.721434706997
Nifty FMCG TRI,2014-03-18,18485.480792094804
Nifty FMCG TRI,2014-03-19,18686.997258319585
Nifty FMCG TRI,2014-03-20,18628.090857129217
Nifty FMCG TRI,2014-03-21,18738.092710421974
Nifty FMCG TRI,2014-03-24,18839.639946206782
Nifty FMCG TRI,2014-03-25,18966.646519852493
Nifty FMCG TRI,2014-03-26,18837.47944460193
Nifty FMCG TRI,2014-03-27,18932.256012504637
Nifty FMCG TRI,2014-03-28,18949.485240118618
Nifty FMCG TRI,2014-03-31,18841.526727411336
Nifty FMCG TRI,2014-04-01,18860.059299821456
Nifty FMCG TRI,2014-04-02,18568.468702035574
Nifty FMCG TRI,2014-04-03,18640.28747199459
Nifty FMCG TRI,2014-04-04,18572.900947503633
Nifty FMCG TRI,2014-04-07,18579.236990849873
Nifty FMCG TRI,2014-04-09,18709.35957362916
Nifty FMCG TRI,2014-04-10,18623.7708499874
Nifty FMCG TRI,2014-04-11,18571.009117056226
Nifty FMCG TRI,2014-04-15,18616.62124946718
Nifty FMCG TRI,2014-04-16,18747.588415822604
Nifty FMCG TRI,2014-04-17,19017.380772714605
Nifty FMCG TRI,2014-04-21,18963.550299792278
Nifty FMCG TRI,2014-04-22,18878.1903764706
Nifty FMCG TRI,2014-04-23,18938.55603478884
Nifty FMCG TRI,2014-04-25,18546.101403674304
Nifty FMCG TRI,2014-04-28,18477.392068198318
Nifty FMCG TRI,2014-04-29,18312.925808935506
Nifty FMCG TRI,2014-04-30,18330.518655520882
Nifty FMCG TRI,2014-05-02,18295.345038092673
Nifty FMCG TRI,2014-05-05,18401.756054258352
Nifty FMCG TRI,2014-05-06,18477.627180122407
Nifty FMCG TRI,2014-05-07,18410.71697424853
Nifty FMCG TRI,2014-05-08,18251.14367626043
Nifty FMCG TRI,2014-05-09,18399.90619954331
Nifty FMCG TRI,2014-05-12,18895.831362548353
Nifty FMCG TRI,2014-05-13,19058.209649118486
Nifty FMCG TRI,2014-05-14,19232.0307444455
Nifty FMCG TRI,2014-05-15,19320.28011035356
Nifty FMCG TRI,2014-05-16,18934.61084964481
Nifty FMCG TRI,2014-05-19,18202.020660477814
Nifty FMCG TRI,2014-05-20,18320.98916948679
Nifty FMCG TRI,2014-05-21,18407.7077903883
Nifty FMCG TRI,2014-05-22,18601.185310573102
Nifty FMCG TRI,2014-05-23,18543.318594480672
Nifty FMCG TRI,2014-05-26,18520.839684011604
Nifty FMCG TRI,2014-05-27,18497.57712278169
Nifty FMCG TRI,2014-05-28,18482.301809754976
Nifty FMCG TRI,2014-05-29,18402.797137246427
Nifty FMCG TRI,2014-05-30,18622.76065485391
Nifty FMCG TRI,2014-06-02,18476.301473915802
Nifty FMCG TRI,2014-06-03,18384.719038657946
Nifty FMCG TRI,2014-06-04,18329.37322324563
Nifty FMCG TRI,2014-06-05,18593.887940831242
Nifty FMCG TRI,2014-06-06,18839.77730369636
Nifty FMCG TRI,2014-06-09,18816.849140661456
Nifty FMCG TRI,2014-06-10,18857.895461529748
Nifty FMCG TRI,2014-06-11,18675.495991148186
Nifty FMCG TRI,2014-06-12,18758.963261291206
Nifty FMCG TRI,2014-06-13,18660.71754379969
Nifty FMCG TRI,2014-06-16,18767.455846346762
Nifty FMCG TRI,2014-06-17,18714.396420887966
Nifty FMCG TRI,2014-06-18,18568.83441609439
Nifty FMCG TRI,2014-06-19,18639.83137546822
Nifty FMCG TRI,2014-06-20,18621.776471074492
Nifty FMCG TRI,2014-06-23,17890.92052478987
Nifty FMCG TRI,2014-06-24,18089.028449567388
Nifty FMCG TRI,2014-06-25,18044.130391436236
Nifty FMCG TRI,2014-06-26,17980.513452482708
Nifty FMCG TRI,2014-06-27,18056.998535042316
Nifty FMCG TRI,2014-06-30,18230.542570790978
Nifty FMCG TRI,2014-07-01,18294.971180307894
Nifty FMCG TRI,2014-07-02,18530.91199498397
Nifty FMCG TRI,2014-07-03,18579.513506076462
Nifty FMCG TRI,2014-07-04,18664.87927761099
Nifty FMCG TRI,2014-07-07,18717.8412331036
Nifty FMCG TRI,2014-07-08,18638.529819772913
Nifty FMCG TRI,2014-07-09,18788.565398139635
Nifty FMCG TRI,2014-07-10,18830.28507046283
Nifty FMCG TRI,2014-07-11,18935.721587824508
Nifty FMCG TRI,2014-07-14,18846.017316190686
Nifty FMCG TRI,2014-07-15,18821.201587715033
Nifty FMCG TRI,2014-07-16,18909.759765426545
Nifty FMCG TRI,2014-07-17,18984.145405764237
Nifty FMCG TRI,2014-07-18,18950.752052776024
Nifty FMCG TRI,2014-07-21,19166.207002791398
Nifty FMCG TRI,2014-07-22,19311.21433370354
Nifty FMCG TRI,2014-07-23,19345.75663223919
Nifty FMCG TRI,2014-07-24,19478.796955676273
Nifty FMCG TRI,2014-07-25,19618.077513514443
Nifty FMCG TRI,2014-07-28,19687.266646014057
Nifty FMCG TRI,2014-07-30,19766.609143953403
Nifty FMCG TRI,2014-07-31,19661.562474509723
Nifty FMCG TRI,2014-08-01,19438.871108243402
Nifty FMCG TRI,2014-08-04,19665.500786466964
Nifty FMCG TRI,2014-08-05,19732.95868269172
Nifty FMCG TRI,2014-08-06,19440.581392138785
Nifty FMCG TRI,2014-08-07,19398.380965274686
Nifty FMCG TRI,2014-08-08,19412.26362291146
Nifty FMCG TRI,2014-08-11,19379.3895238091
Nifty FMCG TRI,2014-08-12,19396.311769515865
Nifty FMCG TRI,2014-08-13,19822.518667761382
Nifty FMCG TRI,2014-08-14,19875.96905412041
Nifty FMCG TRI,2014-08-18,19788.94553025789
Nifty FMCG TRI,2014-08-19,19808.61300389086
Nifty FMCG TRI,2014-08-20,19665.70535634244
Nifty FMCG TRI,2014-08-21,19722.936432587394
Nifty FMCG TRI,2014-08-22,19585.672918259774
Nifty FMCG TRI,2014-08-25,19803.710372137662
Nifty FMCG TRI,2014-08-26,20030.33460011706
Nifty FMCG TRI,2014-08-27,20117.207029355868
Nifty FMCG TRI,2014-08-28,20239.408215649604
Nifty FMCG TRI,2014-09-01,20100.444486447486
Nifty FMCG TRI,2014-09-02,20235.881468932417
Nifty FMCG TRI,2014-09-03,20100.14400639161
Nifty FMCG TRI,2014-09-04,20137.554585235037
Nifty FMCG TRI,2014-09-05,20091.452905195078
Nifty FMCG TRI,2014-09-08,20309.570853454894
Nifty FMCG TRI,2014-09-09,20493.766993535104
Nifty FMCG TRI,2014-09-10,20174.783072195816
Nifty FMCG TRI,2014-09-11,20273.930967027904
Nifty FMCG TRI,2014-09-12,20423.69383044296
Nifty FMCG TRI,2014-09-15,20310.4886553804
Nifty FMCG TRI,2014-09-16,20314.988151441477
Nifty FMCG TRI,2014-09-17,20390.35292818463
Nifty FMCG TRI,2014-09-18,20525.785054626296
Nifty FMCG TRI,2014-09-19,20464.564282808533
Nifty FMCG TRI,2014-09-22,20885.67472982874
Nifty FMCG TRI,2014-09-23,20808.03831473661
Nifty FMCG TRI,2014-09-24,21185.082527723946
Nifty FMCG TRI,2014-09-25,21075.96774869385
Nifty FMCG TRI,2014-09-26,20890.865731110323
Nifty FMCG TRI,2014-09-29,20676.314342503032
Nifty FMCG TRI,2014-09-30,20862.258943152
Nifty FMCG TRI,2014-10-01,20605.155247681643
Nifty FMCG TRI,2014-10-07,20517.749354848653
Nifty FMCG TRI,2014-10-08,20565.51813577563
Nifty FMCG TRI,2014-10-09,20602.89738748066
Nifty FMCG TRI,2014-10-10,20038.759244261055
Nifty FMCG TRI,2014-10-13,19892.82150815164
Nifty FMCG TRI,2014-10-14,19817.175787922464
Nifty FMCG TRI,2014-10-16,19893.88810411888
Nifty FMCG TRI,2014-10-17,19965.701997838147
Nifty FMCG TRI,2014-10-20,19994.826170014025
Nifty FMCG TRI,2014-10-21,20080.523809103637
Nifty FMCG TRI,2014-10-22,20087.645721831683
Nifty FMCG TRI,2014-10-27,19931.70661880603
Nifty FMCG TRI,2014-10-28,19931.258948570572
Nifty FMCG TRI,2014-10-29,20176.080155939573
Nifty FMCG TRI,2014-10-30,20287.82616069229
Nifty FMCG TRI,2014-10-31,20381.924543569978
Nifty FMCG TRI,2014-11-03,20405.175872959124
Nifty FMCG TRI,2014-11-05,20535.60650128646
Nifty FMCG TRI,2014-11-07,20511.20904944689
Nifty FMCG TRI,2014-11-10,21146.802497497123
Nifty FMCG TRI,2014-11-11,20942.375458491097
Nifty FMCG TRI,2014-11-12,21169.60915387286
Nifty FMCG TRI,2014-11-13,21156.065292192914
Nifty FMCG TRI,2014-11-14,21174.331581841514
Nifty FMCG TRI,2014-11-17,21222.19443222706
Nifty FMCG TRI,2014-11-18,21197.76697678181
Nifty FMCG TRI,2014-11-19,21147.672101051845
Nifty FMCG TRI,2014-11-20,21218.47900566349
Nifty FMCG TRI,2014-11-21,21357.556806457193
Nifty FMCG TRI,2014-11-24,21343.96794092505
Nifty FMCG TRI,2014-11-25,20726.7268602186
Nifty FMCG TRI,2014-11-26,20996.161317981423
Nifty FMCG TRI,2014-11-27,21034.788084879892
Nifty FMCG TRI,2014-11-28,21071.78631883974
Nifty FMCG TRI,2014-12-01,21273.401342107085
Nifty FMCG TRI,2014-12-02,21363.084476811186
Nifty FMCG TRI,2014-12-03,21369.1122875478
Nifty FMCG TRI,2014-12-04,22086.932675063515
Nifty FMCG TRI,2014-12-05,22336.894668945817
Nifty FMCG TRI,2014-12-08,22498.879630933778
Nifty FMCG TRI,2014-12-09,22295.64249001764
Nifty FMCG TRI,2014-12-10,22249.60311323134
Nifty FMCG TRI,2014-12-11,22200.24352031966
Nifty FMCG TRI,2014-12-12,22174.829835427514
Nifty FMCG TRI,2014-12-15,21968.54610904823
Nifty FMCG TRI,2014-12-16,21295.62579911833
Nifty FMCG TRI,2014-12-17,21010.246990242897
Nifty FMCG TRI,2014-12-18,21254.24234175572
Nifty FMCG TRI,2014-12-19,21016.908428090177
Nifty FMCG TRI,2014-12-22,21339.592518975292
Nifty FMCG TRI,2014-12-23,21384.380767835588
Nifty FMCG TRI,2014-12-24,21160.74948418655
Nifty FMCG TRI,2014-12-26,21017.902842388856
Nifty FMCG TRI,2014-12-29,21161.16574371849
Nifty FMCG TRI,2014-12-30,21126.788975160503
Nifty FMCG TRI,2014-12-31,21204.189780683744
Nifty FMCG TRI,2015-01-01,21132.77728304206
Nifty FMCG TRI,2015-01-02,21223.252270758905
Nifty FMCG TRI,2015-01-05,21270.316323970736
Nifty FMCG TRI,2015-01-06,20932.380485586444
Nifty FMCG TRI,2015-01-07,20909.78533095443
Nifty FMCG TRI,2015-01-08,21335.414996575426
Nifty FMCG TRI,2015-01-09,21381.07750161001
Nifty FMCG TRI,2015-01-12,21627.342637887654
Nifty FMCG TRI,2015-01-13,21718.034447717713
Nifty FMCG TRI,2015-01-14,21563.74778743341
Nifty FMCG TRI,2015-01-15,21895.85748856067
Nifty FMCG TRI,2015-01-16,22107.177715573165
Nifty FMCG TRI,2015-01-19,21855.5662187684
Nifty FMCG TRI,2015-01-20,22238.948286835468
Nifty FMCG TRI,2015-01-21,21799.879801805957
Nifty FMCG TRI,2015-01-22,21797.499884897454
Nifty FMCG TRI,2015-01-23,21875.790736290208
Nifty FMCG TRI,2015-01-27,22133.968141085974
Nifty FMCG TRI,2015-01-28,22179.43421201523
Nifty FMCG TRI,2015-01-29,22460.12607681738
Nifty FMCG TRI,2015-01-30,22326.70680487997
Nifty FMCG TRI,2015-02-02,21985.987792988286
Nifty FMCG TRI,2015-02-03,22211.18350404778
Nifty FMCG TRI,2015-02-04,22147.358980605415
Nifty FMCG TRI,2015-02-05,22256.410434435416
Nifty FMCG TRI,2015-02-06,22460.17061277301
Nifty FMCG TRI,2015-02-09,22155.72556954876
Nifty FMCG TRI,2015-02-10,22235.145221784565
Nifty FMCG TRI,2015-02-11,22428.81477235578
Nifty FMCG TRI,2015-02-12,22400.22910989397
Nifty FMCG TRI,2015-02-13,22815.143617348695
Nifty FMCG TRI,2015-02-16,23232.303338041576
Nifty FMCG TRI,2015-02-18,23431.343445346803
Nifty FMCG TRI,2015-02-19,23214.399418358636
Nifty FMCG TRI,2015-02-20,23384.89941552843
Nifty FMCG TRI,2015-02-23,23126.956141534192
Nifty FMCG TRI,2015-02-24,23475.193434032775
Nifty FMCG TRI,2015-02-25,23542.99404894529
Nifty FMCG TRI,2015-02-26,23307.142981493664
Nifty FMCG TRI,2015-02-27,23300.752242807055
Nifty FMCG TRI,2015-03-02,21808.78510155619
Nifty FMCG TRI,2015-03-03,21823.14100849923
Nifty FMCG TRI,2015-03-04,21910.644791370847
Nifty FMCG TRI,2015-03-05,22188.76665324805
Nifty FMCG TRI,2015-03-09,22057.36718762683
Nifty FMCG TRI,2015-03-10,21947.541260309074
Nifty FMCG TRI,2015-03-11,21953.982925176013
Nifty FMCG TRI,2015-03-12,22302.87363541652
Nifty FMCG TRI,2015-03-13,21848.204177502248
Nifty FMCG TRI,2015-03-16,21597.35446612404
Nifty FMCG TRI,2015-03-17,21896.048455529548
Nifty FMCG TRI,2015-03-18,21742.057429959095
Nifty FMCG TRI,2015-03-19,21593.495283033473
Nifty FMCG TRI,2015-03-20,21138.984808799876
Nifty FMCG TRI,2015-03-23,21140.93411434142
Nifty FMCG TRI,2015-03-24,21084.500160469695
Nifty FMCG TRI,2015-03-25,21098.574331411986
Nifty FMCG TRI,2015-03-26,20817.844702481743
Nifty FMCG TRI,2015-03-27,20628.227258436356
Nifty FMCG TRI,2015-03-30,21021.930870031414
Nifty FMCG TRI,2015-03-31,21021.360677670447
Nifty FMCG TRI,2015-04-01,21302.977704485646
Nifty FMCG TRI,2015-04-06,21796.82088949963
Nifty FMCG TRI,2015-04-07,21945.84403504892
Nifty FMCG TRI,2015-04-08,22291.733561556244
Nifty FMCG TRI,2015-04-09,22340.08514863666
Nifty FMCG TRI,2015-04-10,22442.340098696965
Nifty FMCG TRI,2015-04-13,22700.74944167187
Nifty FMCG TRI,2015-04-15,22709.63685836428
Nifty FMCG TRI,2015-04-16,22525.126408161876
Nifty FMCG TRI,2015-04-17,22515.514614114654
Nifty FMCG TRI,2015-04-20,21871.120019894086
Nifty FMCG TRI,2015-04-21,21621.13345711672
Nifty FMCG TRI,2015-04-22,21737.694781991682
Nifty FMCG TRI,2015-04-23,21724.92678485615
Nifty FMCG TRI,2015-04-24,21810.861994265495
Nifty FMCG TRI,2015-04-27,21428.72890751499
Nifty FMCG TRI,2015-04-28,21229.25453420945
Nifty FMCG TRI,2015-04-29,20887.79260899619
Nifty FMCG TRI,2015-04-30,20656.518019539086
Nifty FMCG TRI,2015-05-04,21084.083501607874
Nifty FMCG TRI,2015-05-05,21140.537500266542
Nifty FMCG TRI,2015-05-06,20640.55027032342
Nifty FMCG TRI,2015-05-07,20695.507666038095
Nifty FMCG TRI,2015-05-08,21030.22406145885
Nifty FMCG TRI,2015-05-11,20967.91981518021
Nifty FMCG TRI,2015-05-12,20759.89211466057
Nifty FMCG TRI,2015-05-13,20993.94122873235
Nifty FMCG TRI,2015-05-14,21023.55829782378
Nifty FMCG TRI,2015-05-15,21184.96237425052
Nifty FMCG TRI,2015-05-18,21499.577377757818
Nifty FMCG TRI,2015-05-19,21435.82134991421
Nifty FMCG TRI,2015-05-20,21438.178993395355
Nifty FMCG TRI,2015-05-21,21267.868127088885
Nifty FMCG TRI,2015-05-22,21371.31270111642
Nifty FMCG TRI,2015-05-25,20949.154777409985
Nifty FMCG TRI,2015-05-26,20860.186420875296
Nifty FMCG TRI,2015-05-27,20980.328609219134
Nifty FMCG TRI,2015-05-28,21046.63494057708
Nifty FMCG TRI,2015-05-29,21313.336690029966
Nifty FMCG TRI,2015-06-01,21612.879516906716
Nifty FMCG TRI,2015-06-02,20894.711868880015
Nifty FMCG TRI,2015-06-03,20283.671042344256
Nifty FMCG TRI,2015-06-04,20217.862253905914
Nifty FMCG TRI,2015-06-05,20420.61638073029
Nifty FMCG TRI,2015-06-08,20236.905775771193
Nifty FMCG TRI,2015-06-09,20126.277258031554
Nifty FMCG TRI,2015-06-10,20164.42640107432
Nifty FMCG TRI,2015-06-11,19968.358367564928
Nifty FMCG TRI,2015-06-12,19988.262881810217
Nifty FMCG TRI,2015-06-15,20085.430023065364
Nifty FMCG TRI,2015-06-16,20106.508842033392
Nifty FMCG TRI,2015-06-17,20419.469228750637
Nifty FMCG TRI,2015-06-18,20419.188956888152
Nifty FMCG TRI,2015-06-19,20523.24445216546
Nifty FMCG TRI,2015-06-22,20852.866882596692
Nifty FMCG TRI,2015-06-23,20942.261611350248
Nifty FMCG TRI,2015-06-24,21055.54050597229
Nifty FMCG TRI,2015-06-25,20967.84482453549
Nifty FMCG TRI,2015-06-26,20900.83724606892
Nifty FMCG TRI,2015-06-29,20966.966832056587
Nifty FMCG TRI,2015-06-30,21392.578385509838
Nifty FMCG TRI,2015-07-01,21327.80282772892
Nifty FMCG TRI,2015-07-02,21380.948642958152
Nifty FMCG TRI,2015-07-03,21490.038625886806
Nifty FMCG TRI,2015-07-06,21632.375963098384
Nifty FMCG TRI,2015-07-07,21641.43385302413
Nifty FMCG TRI,2015-07-08,21413.146408043667
Nifty FMCG TRI,2015-07-09,21268.77064581331
Nifty FMCG TRI,2015-07-10,21116.95050347874
Nifty FMCG TRI,2015-07-13,21380.184033376518
Nifty FMCG TRI,2015-07-14,21435.26786176942
Nifty FMCG TRI,2015-07-15,21507.296492760604
Nifty FMCG TRI,2015-07-16,21714.585451849853
Nifty FMCG TRI,2015-07-17,21853.59538598744
Nifty FMCG TRI,2015-07-20,21787.808149376797
Nifty FMCG TRI,2015-07-21,21397.408643990522
Nifty FMCG TRI,2015-07-22,21575.845304278624
Nifty FMCG TRI,2015-07-23,21536.994243929003
Nifty FMCG TRI,2015-07-24,21570.752694224164
Nifty FMCG TRI,2015-07-27,21411.40848536488
Nifty FMCG TRI,2015-07-28,21414.61812837075
Nifty FMCG TRI,2015-07-29,21226.822240699283
Nifty FMCG TRI,2015-07-30,21831.387618484117
Nifty FMCG TRI,2015-07-31,22232.278267570742
Nifty FMCG TRI,2015-08-03,22310.512479789293
Nifty FMCG TRI,2015-08-04,22237.5518553499
Nifty FMCG TRI,2015-08-05,22446.579336517185
Nifty FMCG TRI,2015-08-06,22259.772966755605
Nifty FMCG TRI,2015-08-07,22217.894249204248
Nifty FMCG TRI,2015-08-10,22102.179397761054
Nifty FMCG TRI,2015-08-11,21968.639727563677
Nifty FMCG TRI,2015-08-12,21615.163422413796
Nifty FMCG TRI,2015-08-13,21553.78931126091
Nifty FMCG TRI,2015-08-14,21633.407022863128
Nifty FMCG TRI,2015-08-17,21610.4220791613
Nifty FMCG TRI,2015-08-18,21571.476293075502
Nifty FMCG TRI,2015-08-19,21617.023841249582
Nifty FMCG TRI,2015-08-20,21952.39852342683
Nifty FMCG TRI,2015-08-21,22021.684701570353
Nifty FMCG TRI,2015-08-24,21000.628539155805
Nifty FMCG TRI,2015-08-25,21136.479854662306
Nifty FMCG TRI,2015-08-26,20944.733753723453
Nifty FMCG TRI,2015-08-27,21381.404690521427
Nifty FMCG TRI,2015-08-28,21463.400113760697
Nifty FMCG TRI,2015-08-31,21399.62790584311
Nifty FMCG TRI,2015-09-01,21028.705829122708
Nifty FMCG TRI,2015-09-02,21129.21979425081
Nifty FMCG TRI,2015-09-03,21183.98220274977
Nifty FMCG TRI,2015-09-04,20935.23144280323
Nifty FMCG TRI,2015-09-07,20601.828301666654
Nifty FMCG TRI,2015-09-08,20409.056071131618
Nifty FMCG TRI,2015-09-09,20550.39406595512
Nifty FMCG TRI,2015-09-10,20551.709960408116
Nifty FMCG TRI,2015-09-11,20664.643198745878
Nifty FMCG TRI,2015-09-14,20757.40005678082
Nifty FMCG TRI,2015-09-15,20955.37376807279
Nifty FMCG TRI,2015-09-16,21004.301571238848
Nifty FMCG TRI,2015-09-18,20761.52940099581
Nifty FMCG TRI,2015-09-21,20611.086450475745
Nifty FMCG TRI,2015-09-22,20426.882193714813
Nifty FMCG TRI,2015-09-23,20512.38613442406
Nifty FMCG TRI,2015-09-24,20753.294175394865
Nifty FMCG TRI,2015-09-28,20689.512543348566
Nifty FMCG TRI,2015-09-29,20745.80603141949
Nifty FMCG TRI,2015-09-30,21260.8439390177
Nifty FMCG TRI,2015-10-01,21306.13673704793
Nifty FMCG TRI,2015-10-05,21465.50451261044
Nifty FMCG TRI,2015-10-06,22019.644399411314
Nifty FMCG TRI,2015-10-07,22094.71119652022
Nifty FMCG TRI,2015-10-08,21796.525155379895
Nifty FMCG TRI,2015-10-09,21870.15056855847
Nifty FMCG TRI,2015-10-12,21689.973925158298
Nifty FMCG TRI,2015-10-13,21719.531644597508
Nifty FMCG TRI,2015-10-14,21686.145998123815
Nifty FMCG TRI,2015-10-15,21819.10818295884
Nifty FMCG TRI,2015-10-16,21784.551566915008
Nifty FMCG TRI,2015-10-19,21988.668992085135
Nifty FMCG TRI,2015-10-20,21906.454297413587
Nifty FMCG TRI,2015-10-21,21894.337617637673
Nifty FMCG TRI,2015-10-23,22210.110825439908
Nifty FMCG TRI,2015-10-26,22202.214294484795
Nifty FMCG TRI,2015-10-27,22233.03618255003
Nifty FMCG TRI,2015-10-28,22256.927854761107
Nifty FMCG TRI,2015-10-29,22017.314247278355
Nifty FMCG TRI,2015-10-30,21459.28457321822
Nifty FMCG TRI,2015-11-02,21564.53287444775
Nifty FMCG TRI,2015-11-03,21569.679238519013
Nifty FMCG TRI,2015-11-04,21629.557371092073
Nifty FMCG TRI,2015-11-05,21574.85108835998
Nifty FMCG TRI,2015-11-06,21606.993299409685
Nifty FMCG TRI,2015-11-09,21871.233229372476
Nifty FMCG TRI,2015-11-10,21572.954374015422
Nifty FMCG TRI,2015-11-13,21234.49347461319
Nifty FMCG TRI,2015-11-16,21333.531111704408
Nifty FMCG TRI,2015-11-17,21849.491626261617
Nifty FMCG TRI,2015-11-18,21789.216859880897
Nifty FMCG TRI,2015-11-19,22036.48855749084
Nifty FMCG TRI,2015-11-20,21831.560910092918
Nifty FMCG TRI,2015-11-23,21531.75087330674
Nifty FMCG TRI,2015-11-24,21551.314078918836
Nifty FMCG TRI,2015-11-26,21762.84541028834
Nifty FMCG TRI,2015-11-27,21823.160095447776
Nifty FMCG TRI,2015-11-30,21657.566254408634
Nifty FMCG TRI,2015-12-01,21959.5299283045
Nifty FMCG TRI,2015-12-02,22072.73523524618
Nifty FMCG TRI,2015-12-03,21732.90017029269
Nifty FMCG TRI,2015-12-04,21457.39507550872
Nifty FMCG TRI,2015-12-07,20868.54984277153
Nifty FMCG TRI,2015-12-08,20852.734646972265
Nifty FMCG TRI,2015-12-09,20778.636315985997
Nifty FMCG TRI,2015-12-10,20967.370011535048
Nifty FMCG TRI,2015-12-11,20968.064027881388
Nifty FMCG TRI,2015-12-14,21050.29220573246
Nifty FMCG TRI,2015-12-15,21310.78173147587
Nifty FMCG TRI,2015-12-16,21150.3288533377
Nifty FMCG TRI,2015-12-17,21311.396160386343
Nifty FMCG TRI,2015-12-18,21176.36813394404
Nifty FMCG TRI,2015-12-21,21522.50866684504
Nifty FMCG TRI,2015-12-22,21276.777339741217
Nifty FMCG TRI,2015-12-23,21362.20256960849
Nifty FMCG TRI,2015-12-24,21442.77180846084
Nifty FMCG TRI,2015-12-28,21547.790282135607
Nifty FMCG TRI,2015-12-29,21442.865523266188
Nifty FMCG TRI,2015-12-30,21459.51194208873
Nifty FMCG TRI,2015-12-31,21593.093133632497
Nifty FMCG TRI,2016-01-01,21585.73773121175
Nifty FMCG TRI,2016-01-04,21484.474559524297
Nifty FMCG TRI,2016-01-05,21442.19144111058
Nifty FMCG TRI,2016-01-06,21060.143098622062
Nifty FMCG TRI,2016-01-07,20603.296062553403
Nifty FMCG TRI,2016-01-08,20708.645061255207
Nifty FMCG TRI,2016-01-11,20679.510984156514
Nifty FMCG TRI,2016-01-12,20692.016036466284
Nifty FMCG TRI,2016-01-13,20772.192481216563
Nifty FMCG TRI,2016-01-14,20798.131152929014
Nifty FMCG TRI,2016-01-15,20432.285920011916
Nifty FMCG TRI,2016-01-18,20339.918555110748
Nifty FMCG TRI,2016-01-19,20377.560293683022
Nifty FMCG TRI,2016-01-20,20075.677884395922
Nifty FMCG TRI,2016-01-21,19766.117982016916
Nifty FMCG TRI,2016-01-22,19860.14760760975
Nifty FMCG TRI,2016-01-25,19875.956976564394
Nifty FMCG TRI,2016-01-27,19895.6175730379
Nifty FMCG TRI,2016-01-28,20233.337799784462
Nifty FMCG TRI,2016-01-29,20483.777807263068
Nifty FMCG TRI,2016-02-01,20647.644057462137
Nifty FMCG TRI,2016-02-02,20553.078446384305
Nifty FMCG TRI,2016-02-03,20565.10567626284
Nifty FMCG TRI,2016-02-04,20641.656513308662
Nifty FMCG TRI,2016-02-05,20845.973591411203
Nifty FMCG TRI,2016-02-08,20547.769763870412
Nifty FMCG TRI,2016-02-09,20358.648358664148
Nifty FMCG TRI,2016-02-10,20128.540290141667
Nifty FMCG TRI,2016-02-11,19524.78276579133
Nifty FMCG TRI,2016-02-12,19633.879610515614
Nifty FMCG TRI,2016-02-15,19830.893914881497
Nifty FMCG TRI,2016-02-16,19417.390906555112
Nifty FMCG TRI,2016-02-17,19608.04225718127
Nifty FMCG TRI,2016-02-18,19907.626711430134
Nifty FMCG TRI,2016-02-19,19902.867069549888
Nifty FMCG TRI,2016-02-22,19994.41062471431
Nifty FMCG TRI,2016-02-23,19644.02487357223
Nifty FMCG TRI,2016-02-24,19397.94747063377
Nifty FMCG TRI,2016-02-25,19393.915110827194
Nifty FMCG TRI,2016-02-26,19621.7749001445
Nifty FMCG TRI,2016-02-29,19650.973879178513
Nifty FMCG TRI,2016-03-01,20708.140276905237
Nifty FMCG TRI,2016-03-02,20648.306234562093
Nifty FMCG TRI,2016-03-03,20593.718913030356
Nifty FMCG TRI,2016-03-04,20526.208986168145
Nifty FMCG TRI,2016-03-08,20603.600774930994
Nifty FMCG TRI,2016-03-09,20641.49173617143
Nifty FMCG TRI,2016-03-10,20446.618382468667
Nifty FMCG TRI,2016-03-11,20756.693393070567
Nifty FMCG TRI,2016-03-14,20953.1015179841
Nifty FMCG TRI,2016-03-15,20526.297472296046
Nifty FMCG TRI,2016-03-16,20742.04571981236
Nifty FMCG TRI,2016-03-17,20859.171954813293
Nifty FMCG TRI,2016-03-18,20978.134747857406
Nifty FMCG TRI,2016-03-21,21381.047774451436
Nifty FMCG TRI,2016-03-22,21039.171277498204
Nifty FMCG TRI,2016-03-23,21062.18632881315
Nifty FMCG TRI,2016-03-28,20887.41705465065
Nifty FMCG TRI,2016-03-29,20794.519255943484
Nifty FMCG TRI,2016-03-30,21133.98813652841
Nifty FMCG TRI,2016-03-31,21213.418511275075
Nifty FMCG TRI,2016-04-01,21458.957528534454
Nifty FMCG TRI,2016-04-04,21352.621300993855
Nifty FMCG TRI,2016-04-05,21079.52337910901
Nifty FMCG TRI,2016-04-06,21104.16310971312
Nifty FMCG TRI,2016-04-07,20811.384374522306
Nifty FMCG TRI,2016-04-08,20884.865374605062
Nifty FMCG TRI,2016-04-11,21101.699033123827
Nifty FMCG TRI,2016-04-12,21054.611246676744
Nifty FMCG TRI,2016-04-13,21526.48033633055
Nifty FMCG TRI,2016-04-18,21755.089885820904
Nifty FMCG TRI,2016-04-20,21748.968578586122
Nifty FMCG TRI,2016-04-21,21561.32474278109
Nifty FMCG TRI,2016-04-22,21353.14703239955
Nifty FMCG TRI,2016-04-25,21182.937997921083
Nifty FMCG TRI,2016-04-26,21371.72606308938
Nifty FMCG TRI,2016-04-27,21642.299281564185
Nifty FMCG TRI,2016-04-28,21133.895430544835
Nifty FMCG TRI,2016-04-29,21210.08580249508
Nifty FMCG TRI,2016-05-02,21202.68598733724
Nifty FMCG TRI,2016-05-03,20934.802480125436
Nifty FMCG TRI,2016-05-04,20739.501807080902
Nifty FMCG TRI,2016-05-05,20923.558462169185
Nifty FMCG TRI,2016-05-06,20984.228129892705
Nifty FMCG TRI,2016-05-09,21234.80643471871
Nifty FMCG TRI,2016-05-10,21326.031225427472
Nifty FMCG TRI,2016-05-11,21208.85325669591
Nifty FMCG TRI,2016-05-12,21233.15519325808
Nifty FMCG TRI,2016-05-13,21146.92863414016
Nifty FMCG TRI,2016-05-16,21482.22623683204
Nifty FMCG TRI,2016-05-17,21465.681510258117
Nifty FMCG TRI,2016-05-18,21469.782820177184
Nifty FMCG TRI,2016-05-19,21093.111979905545
Nifty FMCG TRI,2016-05-20,21193.081210968885
Nifty FMCG TRI,2016-05-23,21705.58551456031
Nifty FMCG TRI,2016-05-24,21756.328278633795
Nifty FMCG TRI,2016-05-25,22203.001052439504
Nifty FMCG TRI,2016-05-26,22506.038809194524
Nifty FMCG TRI,2016-05-27,22492.86335132933
Nifty FMCG TRI,2016-05-30,22387.480512436803
Nifty FMCG TRI,2016-05-31,22081.302198400263
Nifty FMCG TRI,2016-06-01,22474.90379252441
Nifty FMCG TRI,2016-06-02,22511.169022826358
Nifty FMCG TRI,2016-06-03,22504.608383811606
Nifty FMCG TRI,2016-06-06,22480.992148665824
Nifty FMCG TRI,2016-06-07,22833.430125425326
Nifty FMCG TRI,2016-06-08,22846.20076272554
Nifty FMCG TRI,2016-06-09,22425.292384782428
Nifty FMCG TRI,2016-06-10,22287.131442236943
Nifty FMCG TRI,2016-06-13,22230.107395304767
Nifty FMCG TRI,2016-06-14,22305.245306406312
Nifty FMCG TRI,2016-06-15,22562.561173364214
Nifty FMCG TRI,2016-06-16,22468.731101786907
Nifty FMCG TRI,2016-06-17,22659.692713583827
Nifty FMCG TRI,2016-06-20,22625.797470560705
Nifty FMCG TRI,2016-06-21,22611.857418271375
Nifty FMCG TRI,2016-06-22,22484.458278101847
Nifty FMCG TRI,2016-06-23,22687.690655497398
Nifty FMCG TRI,2016-06-24,22391.887253091652
Nifty FMCG TRI,2016-06-27,22620.081393284992
Nifty FMCG TRI,2016-06-28,23088.790212627187
Nifty FMCG TRI,2016-06-29,23054.34339745109
Nifty FMCG TRI,2016-06-30,23279.14837367046
Nifty FMCG TRI,2016-07-01,23729.304187112935
Nifty FMCG TRI,2016-07-04,23380.88887542636
Nifty FMCG TRI,2016-07-05,23380.01099505322
Nifty FMCG TRI,2016-07-07,23625.999065185588
Nifty FMCG TRI,2016-07-08,23554.164810262
Nifty FMCG TRI,2016-07-11,23796.047561101215
Nifty FMCG TRI,2016-07-12,23709.17328499662
Nifty FMCG TRI,2016-07-13,23641.102295102366
Nifty FMCG TRI,2016-07-14,23736.976634349186
Nifty FMCG TRI,2016-07-15,23749.262986191286
Nifty FMCG TRI,2016-07-18,23689.79931440907
Nifty FMCG TRI,2016-07-19,23545.159775739983
Nifty FMCG TRI,2016-07-20,23674.317438322807
Nifty FMCG TRI,2016-07-21,23720.515901609
Nifty FMCG TRI,2016-07-22,23722.721177144715
Nifty FMCG TRI,2016-07-25,23875.03765877166
Nifty FMCG TRI,2016-07-26,23790.435566186854
Nifty FMCG TRI,2016-07-27,23623.698090322014
Nifty FMCG TRI,2016-07-28,24041.73445539815
Nifty FMCG TRI,2016-07-29,23975.841828663964
Nifty FMCG TRI,2016-08-01,23879.58622722936
Nifty FMCG TRI,2016-08-02,24422.04594456813
Nifty FMCG TRI,2016-08-03,23825.057766271777
Nifty FMCG TRI,2016-08-04,23812.865666320777
Nifty FMCG TRI,2016-08-05,23899.663625111916
Nifty FMCG TRI,2016-08-08,23954.919457210377
Nifty FMCG TRI,2016-08-09,23755.188005946253
Nifty FMCG TRI,2016-08-10,23556.951419361798
Nifty FMCG TRI,2016-08-11,23995.349956746297
Nifty FMCG TRI,2016-08-12,24171.429416546136
Nifty FMCG TRI,2016-08-16,24173.859360698476
Nifty FMCG TRI,2016-08-17,24117.472813760796
Nifty FMCG TRI,2016-08-18,24031.2886544996
Nifty FMCG TRI,2016-08-19,24002.74394620642
Nifty FMCG TRI,2016-08-22,24171.350359395172
Nifty FMCG TRI,2016-08-23,23943.33364654533
Nifty FMCG TRI,2016-08-24,23963.47495899614
Nifty FMCG TRI,2016-08-25,24060.929625305336
Nifty FMCG TRI,2016-08-26,24028.923109725747
Nifty FMCG TRI,2016-08-29,23967.226861160205
Nifty FMCG TRI,2016-08-30,24350.683829857106
Nifty FMCG TRI,2016-08-31,24419.018825660565
Nifty FMCG TRI,2016-09-01,24534.773488452396
Nifty FMCG TRI,2016-09-02,24615.433285987492
Nifty FMCG TRI,2016-09-06,24817.6835721484
Nifty FMCG TRI,2016-09-07,24856.93797906155
Nifty FMCG TRI,2016-09-08,25050.20885508923
Nifty FMCG TRI,2016-09-09,24529.970746689403
Nifty FMCG TRI,2016-09-12,24087.289783780194
Nifty FMCG TRI,2016-09-14,24127.562133563915
Nifty FMCG TRI,2016-09-15,24344.57874525727
Nifty FMCG TRI,2016-09-16,24600.519927470785
Nifty FMCG TRI,2016-09-19,24501.76320584886
Nifty FMCG TRI,2016-09-20,24306.952190990763
Nifty FMCG TRI,2016-09-21,24152.123180712897
Nifty FMCG TRI,2016-09-22,24216.56227325176
Nifty FMCG TRI,2016-09-23,24124.578600033274
Nifty FMCG TRI,2016-09-26,23761.384079208183
Nifty FMCG TRI,2016-09-27,23693.208710691662
Nifty FMCG TRI,2016-09-28,23698.444729313935
Nifty FMCG TRI,2016-09-29,23422.700406278782
Nifty FMCG TRI,2016-09-30,23294.812291673832
Nifty FMCG TRI,2016-10-03,23500.331980467337
Nifty FMCG TRI,2016-10-04,23480.092158456842
Nifty FMCG TRI,2016-10-05,23510.199277473617
Nifty FMCG TRI,2016-10-06,23427.54685920991
Nifty FMCG TRI,2016-10-07,23405.94938624462
Nifty FMCG TRI,2016-10-10,23445.485467658604
Nifty FMCG TRI,2016-10-13,23212.8685605886
Nifty FMCG TRI,2016-10-14,23179.299154763816
Nifty FMCG TRI,2016-10-17,23174.01803047181
Nifty FMCG TRI,2016-10-18,23535.970298876993
Nifty FMCG TRI,2016-10-19,23212.865020887053
Nifty FMCG TRI,2016-10-20,23186.64729456191
Nifty FMCG TRI,2016-10-21,23319.902506860653
Nifty FMCG TRI,2016-10-24,23347.81083774477
Nifty FMCG TRI,2016-10-25,23151.3222529732
Nifty FMCG TRI,2016-10-26,23099.060130318212
Nifty FMCG TRI,2016-10-27,23220.814497706593
Nifty FMCG TRI,2016-10-28,23327.800845809
Nifty FMCG TRI,2016-11-01,23139.35915111368
Nifty FMCG TRI,2016-11-02,22951.350260937932
Nifty FMCG TRI,2016-11-03,23023.592038674255
Nifty FMCG TRI,2016-11-04,23454.66098831731
Nifty FMCG TRI,2016-11-07,23736.467444878646
Nifty FMCG TRI,2016-11-08,23722.650494494756
Nifty FMCG TRI,2016-11-09,23194.508867285203
Nifty FMCG TRI,2016-11-10,23354.41005943866
Nifty FMCG TRI,2016-11-11,22558.9813538448
Nifty FMCG TRI,2016-11-15,22001.51462145883
Nifty FMCG TRI,2016-11-16,21805.388637952048
Nifty FMCG TRI,2016-11-17,21836.507090825147
Nifty FMCG TRI,2016-11-18,21627.0851158077
Nifty FMCG TRI,2016-11-21,21349.441139466435
Nifty FMCG TRI,2016-11-22,21602.86934196794
Nifty FMCG TRI,2016-11-23,21649.049331591923
Nifty FMCG TRI,2016-11-24,21515.107709177486
Nifty FMCG TRI,2016-11-25,21847.04369583042
Nifty FMCG TRI,2016-11-28,22141.19504459122
Nifty FMCG TRI,2016-11-29,22012.611017752384
Nifty FMCG TRI,2016-11-30,22210.04868484299
Nifty FMCG TRI,2016-12-01,22283.370725855755
Nifty FMCG TRI,2016-12-02,21877.887661610523
Nifty FMCG TRI,2016-12-05,22204.70936041013
Nifty FMCG TRI,2016-12-06,22004.362644943016
Nifty FMCG TRI,2016-12-07,21836.261571652587
Nifty FMCG TRI,2016-12-08,22241.528765223327
Nifty FMCG TRI,2016-12-09,22364.057420149406
Nifty FMCG TRI,2016-12-12,22038.48662167768
Nifty FMCG TRI,2016-12-13,22225.888640658617
Nifty FMCG TRI,2016-12-14,22033.614335163977
Nifty FMCG TRI,2016-12-15,21841.97472535319
Nifty FMCG TRI,2016-12-16,21676.406760570262
Nifty FMCG TRI,2016-12-19,21651.50089407173
Nifty FMCG TRI,2016-12-20,21741.18760314064
Nifty FMCG TRI,2016-12-21,21493.230798150715
Nifty FMCG TRI,2016-12-22,21429.60278746387
Nifty FMCG TRI,2016-12-23,21259.685315676372
Nifty FMCG TRI,2016-12-26,21296.577385032368
Nifty FMCG TRI,2016-12-27,21868.07113010573
Nifty FMCG TRI,2016-12-28,22008.69426401454
Nifty FMCG TRI,2016-12-29,22141.731452570417
Nifty FMCG TRI,2016-12-30,22526.15380664869
Nifty FMCG TRI,2017-01-02,22481.417334257265
Nifty FMCG TRI,2017-01-03,22649.29378381911
Nifty FMCG TRI,2017-01-04,22727.403112248627
Nifty FMCG TRI,2017-01-05,22875.163567287676
Nifty FMCG TRI,2017-01-06,22655.26564542775
Nifty FMCG TRI,2017-01-09,22788.498691704786
Nifty FMCG TRI,2017-01-10,22974.568488755507
Nifty FMCG TRI,2017-01-11,23015.467513198408
Nifty FMCG TRI,2017-01-12,22792.155246434737
Nifty FMCG TRI,2017-01-13,23059.044754530634
Nifty FMCG TRI,2017-01-16,23023.578496154154
Nifty FMCG TRI,2017-01-17,23290.902666759586
Nifty FMCG TRI,2017-01-18,23385.92080842715
Nifty FMCG TRI,2017-01-19,23500.497370405665
Nifty FMCG TRI,2017-01-20,23508.95131892306
Nifty FMCG TRI,2017-01-23,23764.696601259515
Nifty FMCG TRI,2017-01-24,23803.257465404433
Nifty FMCG TRI,2017-01-25,24127.851579766007
Nifty FMCG TRI,2017-01-27,23686.42139399565
Nifty FMCG TRI,2017-01-30,23676.387450382754
Nifty FMCG TRI,2017-01-31,23727.72534326314
Nifty FMCG TRI,2017-02-01,24450.410283862
Nifty FMCG TRI,2017-02-02,24668.24125638297
Nifty FMCG TRI,2017-02-03,24613.760169981688
Nifty FMCG TRI,2017-02-06,24898.59216066317
Nifty FMCG TRI,2017-02-07,24870.63520638529
Nifty FMCG TRI,2017-02-08,24750.431296226354
Nifty FMCG TRI,2017-02-09,24869.617876387758
Nifty FMCG TRI,2017-02-10,24690.531524708418
Nifty FMCG TRI,2017-02-13,24627.981446124937
Nifty FMCG TRI,2017-02-14,24571.407309709244
Nifty FMCG TRI,2017-02-15,24657.61136859086
Nifty FMCG TRI,2017-02-16,24338.126299521606
Nifty FMCG TRI,2017-02-17,24411.007390225855
Nifty FMCG TRI,2017-02-20,24407.30305937777
Nifty FMCG TRI,2017-02-21,24420.15467984173
Nifty FMCG TRI,2017-02-22,24394.87994040674
Nifty FMCG TRI,2017-02-23,24404.957231685807
Nifty FMCG TRI,2017-02-27,24392.45323669505
Nifty FMCG TRI,2017-02-28,24304.8805847621
Nifty FMCG TRI,2017-03-01,24646.061705967888
Nifty FMCG TRI,2017-03-02,24392.93490954534
Nifty FMCG TRI,2017-03-03,24245.282952585345
Nifty FMCG TRI,2017-03-06,24369.704848072175
Nifty FMCG TRI,2017-03-07,24371.567651644313
Nifty FMCG TRI,2017-03-08,24342.194450312916
Nifty FMCG TRI,2017-03-09,24372.357780001785
Nifty FMCG TRI,2017-03-10,24318.65492538113
Nifty FMCG TRI,2017-03-14,24760.26266996144
Nifty FMCG TRI,2017-03-15,24815.054522194434
Nifty FMCG TRI,2017-03-16,24938.331539228322
Nifty FMCG TRI,2017-03-17,25577.165321605484
Nifty FMCG TRI,2017-03-20,25590.093660582723
Nifty FMCG TRI,2017-03-21,25913.90881645383
Nifty FMCG TRI,2017-03-22,25472.932593446934
Nifty FMCG TRI,2017-03-23,25413.58333983843
Nifty FMCG TRI,2017-03-24,25545.092928670143
Nifty FMCG TRI,2017-03-27,25536.18217003687
Nifty FMCG TRI,2017-03-28,25562.982975770035
Nifty FMCG TRI,2017-03-29,25787.120268781124
Nifty FMCG TRI,2017-03-30,25786.53738660745
Nifty FMCG TRI,2017-03-31,25647.381429581415
Nifty FMCG TRI,2017-04-03,25756.52995402523
Nifty FMCG TRI,2017-04-05,25697.718609991578
Nifty FMCG TRI,2017-04-06,25443.018293724755
Nifty FMCG TRI,2017-04-07,25320.42667089516
Nifty FMCG TRI,2017-04-10,25355.346347720966
Nifty FMCG TRI,2017-04-11,25778.17336786344
Nifty FMCG TRI,2017-04-12,25799.33290519614
Nifty FMCG TRI,2017-04-13,25623.479765987922
Nifty FMCG TRI,2017-04-17,25575.32978302297
Nifty FMCG TRI,2017-04-18,25492.478883027816
Nifty FMCG TRI,2017-04-19,25498.09842294175
Nifty FMCG TRI,2017-04-20,25616.89080792387
Nifty FMCG TRI,2017-04-21,25328.611123461582
Nifty FMCG TRI,2017-04-24,25456.950283708808
Nifty FMCG TRI,2017-04-25,25916.226890847916
Nifty FMCG TRI,2017-04-26,26505.59375915134
Nifty FMCG TRI,2017-04-27,26247.870048831475
Nifty FMCG TRI,2017-04-28,25821.83755774903
Nifty FMCG TRI,2017-05-02,25912.9871922271
Nifty FMCG TRI,2017-05-03,25836.26479260379
Nifty FMCG TRI,2017-05-04,26129.686637553175
Nifty FMCG TRI,2017-05-05,25780.166117259705
Nifty FMCG TRI,2017-05-08,25577.91826855289
Nifty FMCG TRI,2017-05-09,25672.41836023084
Nifty FMCG TRI,2017-05-10,26138.859401929745
Nifty FMCG TRI,2017-05-11,26217.948518372843
Nifty FMCG TRI,2017-05-12,26154.740222881253
Nifty FMCG TRI,2017-05-15,26324.379951487274
Nifty FMCG TRI,2017-05-16,26599.520746042115
Nifty FMCG TRI,2017-05-17,26487.305852295463
Nifty FMCG TRI,2017-05-18,26048.7635660828
Nifty FMCG TRI,2017-05-19,26583.506677852267
Nifty FMCG TRI,2017-05-22,27544.312455426607
Nifty FMCG TRI,2017-05-23,27296.89268936998
Nifty FMCG TRI,2017-05-24,27280.700527300607
Nifty FMCG TRI,2017-05-25,27358.407141148095
Nifty FMCG TRI,2017-05-26,27851.863489412015
Nifty FMCG TRI,2017-05-29,28336.313344841423
Nifty FMCG TRI,2017-05-30,28157.65626857601
Nifty FMCG TRI,2017-05-31,28222.584847931004
Nifty FMCG TRI,2017-06-01,28577.54412141615
Nifty FMCG TRI,2017-06-02,28836.417082977438
Nifty FMCG TRI,2017-06-05,28871.568522562906
Nifty FMCG TRI,2017-06-06,28466.647097585028
Nifty FMCG TRI,2017-06-07,28654.941340234283
Nifty FMCG TRI,2017-06-08,28604.926905904944
Nifty FMCG TRI,2017-06-09,28341.809531296512
Nifty FMCG TRI,2017-06-12,28261.578017723175
Nifty FMCG TRI,2017-06-13,28347.306094189833
Nifty FMCG TRI,2017-06-14,28132.47865126901
Nifty FMCG TRI,2017-06-15,28143.18740840896
Nifty FMCG TRI,2017-06-16,28320.228780802634
Nifty FMCG TRI,2017-06-19,28555.238631077813
Nifty FMCG TRI,2017-06-20,28479.23586731806
Nifty FMCG TRI,2017-06-21,28700.32050160469
Nifty FMCG TRI,2017-06-22,28626.010398588234
Nifty FMCG TRI,2017-06-23,28601.10601268902
Nifty FMCG TRI,2017-06-27,28632.503082230567
Nifty FMCG TRI,2017-06-28,28407.996929231438
Nifty FMCG TRI,2017-06-29,28586.01578554884
Nifty FMCG TRI,2017-06-30,29252.44592312662
Nifty FMCG TRI,2017-07-03,30388.060958838916
Nifty FMCG TRI,2017-07-04,30127.15410877111
Nifty FMCG TRI,2017-07-05,29911.722948918534
Nifty FMCG TRI,2017-07-06,30167.01515794742
Nifty FMCG TRI,2017-07-07,30041.531166877612
Nifty FMCG TRI,2017-07-10,30054.667882886348
Nifty FMCG TRI,2017-07-11,29932.38496505601
Nifty FMCG TRI,2017-07-12,30003.89465329259
Nifty FMCG TRI,2017-07-13,30544.26402508546
Nifty FMCG TRI,2017-07-14,30486.208173789873
Nifty FMCG TRI,2017-07-17,29972.588899709113
Nifty FMCG TRI,2017-07-18,27955.924648085693
Nifty FMCG TRI,2017-07-19,28359.935903022564
Nifty FMCG TRI,2017-07-20,28193.873296182926
Nifty FMCG TRI,2017-07-21,28230.755232887557
Nifty FMCG TRI,2017-07-24,28494.542654753834
Nifty FMCG TRI,2017-07-25,28376.997802614373
Nifty FMCG TRI,2017-07-26,28569.16662416587
Nifty FMCG TRI,2017-07-27,28429.063230220356
Nifty FMCG TRI,2017-07-28,28499.736460006276
Nifty FMCG TRI,2017-07-31,28186.154255653644
Nifty FMCG TRI,2017-08-01,28227.97892112158
Nifty FMCG TRI,2017-08-02,27954.956833460663
Nifty FMCG TRI,2017-08-03,27904.03126459053
Nifty FMCG TRI,2017-08-04,27979.136505131715
Nifty FMCG TRI,2017-08-07,28045.47649947946
Nifty FMCG TRI,2017-08-08,27715.32014118486
Nifty FMCG TRI,2017-08-09,27493.84037341636
Nifty FMCG TRI,2017-08-10,27348.68367804873
Nifty FMCG TRI,2017-08-11,27123.392751198244
Nifty FMCG TRI,2017-08-14,27286.484163186466
Nifty FMCG TRI,2017-08-16,27974.969563641964
Nifty FMCG TRI,2017-08-17,27950.41665372878
Nifty FMCG TRI,2017-08-18,28178.738986059972
Nifty FMCG TRI,2017-08-21,28050.746480250345
Nifty FMCG TRI,2017-08-22,28058.46491325463
Nifty FMCG TRI,2017-08-23,28049.964120866778
Nifty FMCG TRI,2017-08-24,28006.23047962508
Nifty FMCG TRI,2017-08-28,28237.580510248936
Nifty FMCG TRI,2017-08-29,27983.98747188805
Nifty FMCG TRI,2017-08-30,28235.44227248661
Nifty FMCG TRI,2017-08-31,28321.058826299162
Nifty FMCG TRI,2017-09-01,28400.98038692891
Nifty FMCG TRI,2017-09-04,28245.09075405268
Nifty FMCG TRI,2017-09-05,28309.288346711262
Nifty FMCG TRI,2017-09-06,27931.271537580167
Nifty FMCG TRI,2017-09-07,27752.74158268614
Nifty FMCG TRI,2017-09-08,27863.09283038063
Nifty FMCG TRI,2017-09-11,28021.796090652315
Nifty FMCG TRI,2017-09-12,28420.79128318955
Nifty FMCG TRI,2017-09-13,28113.910141332795
Nifty FMCG TRI,2017-09-14,28110.55947568117
Nifty FMCG TRI,2017-09-15,27977.553265246646
Nifty FMCG TRI,2017-09-18,28060.40072555818
Nifty FMCG TRI,2017-09-19,28138.39601404405
Nifty FMCG TRI,2017-09-20,28194.564366180242
Nifty FMCG TRI,2017-09-21,27966.567727994014
Nifty FMCG TRI,2017-09-22,27672.173025438387
Nifty FMCG TRI,2017-09-25,27412.576799452465
Nifty FMCG TRI,2017-09-26,27294.51756806524
Nifty FMCG TRI,2017-09-27,26948.839238127275
Nifty FMCG TRI,2017-09-28,27134.919634139416
Nifty FMCG TRI,2017-09-29,26868.393685386312
Nifty FMCG TRI,2017-10-03,27165.588620035367
Nifty FMCG TRI,2017-10-04,27559.580040778612
Nifty FMCG TRI,2017-10-05,27456.359087966626
Nifty FMCG TRI,2017-10-06,27589.438109160372
Nifty FMCG TRI,2017-10-09,27763.82205068863
Nifty FMCG TRI,2017-10-10,27675.465058167567
Nifty FMCG TRI,2017-10-11,27657.542191106793
Nifty FMCG TRI,2017-10-12,27972.838727455004
Nifty FMCG TRI,2017-10-13,27931.425467939593
Nifty FMCG TRI,2017-10-16,28124.57096621989
Nifty FMCG TRI,2017-10-17,28140.379766181966
Nifty FMCG TRI,2017-10-18,28210.836336525466
Nifty FMCG TRI,2017-10-19,28097.694402778103
Nifty FMCG TRI,2017-10-23,27925.619846682843
Nifty FMCG TRI,2017-10-24,28018.82577620768
Nifty FMCG TRI,2017-10-25,28168.510362343375
Nifty FMCG TRI,2017-10-26,28176.25103988622
Nifty FMCG TRI,2017-10-27,28364.742037561715
Nifty FMCG TRI,2017-10-30,28173.593163221783
Nifty FMCG TRI,2017-10-31,28229.7991761134
Nifty FMCG TRI,2017-11-01,28666.21233147185
Nifty FMCG TRI,2017-11-02,28381.79280418185
Nifty FMCG TRI,2017-11-03,28346.239508019466
Nifty FMCG TRI,2017-11-06,28384.222405638582
Nifty FMCG TRI,2017-11-07,28318.377326759823
Nifty FMCG TRI,2017-11-08,28297.985440246674
Nifty FMCG TRI,2017-11-09,28282.42947964903
Nifty FMCG TRI,2017-11-10,28497.308072641303
Nifty FMCG TRI,2017-11-13,28219.14448074033
Nifty FMCG TRI,2017-11-14,28126.93925183176
Nifty FMCG TRI,2017-11-15,27791.87273752506
Nifty FMCG TRI,2017-11-16,28090.524578237466
Nifty FMCG TRI,2017-11-17,28316.78220562835
Nifty FMCG TRI,2017-11-20,28437.214706541272
Nifty FMCG TRI,2017-11-21,28270.804134101458
Nifty FMCG TRI,2017-11-22,28374.967089473685
Nifty FMCG TRI,2017-11-23,28364.02383787235
Nifty FMCG TRI,2017-11-24,28569.290710682282
Nifty FMCG TRI,2017-11-27,28501.935263222975
Nifty FMCG TRI,2017-11-28,28535.71681420619
Nifty FMCG TRI,2017-11-29,28576.92998693318
Nifty FMCG TRI,2017-11-30,28409.969344694386
Nifty FMCG TRI,2017-12-01,28242.498595549725
Nifty FMCG TRI,2017-12-04,28346.315991611908
Nifty FMCG TRI,2017-12-05,28278.85382694291
Nifty FMCG TRI,2017-12-06,28199.11426699714
Nifty FMCG TRI,2017-12-07,28449.608047904178
Nifty FMCG TRI,2017-12-08,29123.110910405914
Nifty FMCG TRI,2017-12-11,29401.982187751648
Nifty FMCG TRI,2017-12-12,29011.389611927076
Nifty FMCG TRI,2017-12-13,28798.943712994984
Nifty FMCG TRI,2017-12-14,29046.288356411824
Nifty FMCG TRI,2017-12-15,29099.7689131751
Nifty FMCG TRI,2017-12-18,29128.37804091732
Nifty FMCG TRI,2017-12-19,29394.33823966122
Nifty FMCG TRI,2017-12-20,29434.904498423002
Nifty FMCG TRI,2017-12-21,29367.992565593562
Nifty FMCG TRI,2017-12-22,29415.884993097054
Nifty FMCG TRI,2017-12-26,29436.872475597054
Nifty FMCG TRI,2017-12-27,29341.138832608336
Nifty FMCG TRI,2017-12-28,29316.94299511246
Nifty FMCG TRI,2017-12-29,29579.825889467786
Nifty FMCG TRI,2018-01-01,29401.490147391705
Nifty FMCG TRI,2018-01-02,29234.280857053574
Nifty FMCG TRI,2018-01-03,29362.073536748732
Nifty FMCG TRI,2018-01-04,29408.666929967374
Nifty FMCG TRI,2018-01-05,29657.468972401
Nifty FMCG TRI,2018-01-08,29888.72455870481
Nifty FMCG TRI,2018-01-09,30031.39729440018
Nifty FMCG TRI,2018-01-10,29990.079041892903
Nifty FMCG TRI,2018-01-11,30098.323945988024
Nifty FMCG TRI,2018-01-12,29977.148758546715
Nifty FMCG TRI,2018-01-15,29952.97995746293
Nifty FMCG TRI,2018-01-16,29626.949033191246
Nifty FMCG TRI,2018-01-17,29815.79481592661
Nifty FMCG TRI,2018-01-18,30151.179477988477
Nifty FMCG TRI,2018-01-19,30339.015365774583
Nifty FMCG TRI,2018-01-22,30442.6846360058
Nifty FMCG TRI,2018-01-23,30613.41450483278
Nifty FMCG TRI,2018-01-24,30755.37837089814
Nifty FMCG TRI,2018-01-25,30566.339439216
Nifty FMCG TRI,2018-01-29,30395.780703853427
Nifty FMCG TRI,2018-01-30,30347.10692212639
Nifty FMCG TRI,2018-01-31,29923.87593304059
Nifty FMCG TRI,2018-02-01,30172.859601085453
Nifty FMCG TRI,2018-02-02,29984.562244371726
Nifty FMCG TRI,2018-02-05,30001.027263215412
Nifty FMCG TRI,2018-02-06,29429.49614514887
Nifty FMCG TRI,2018-02-07,29497.949662673487
Nifty FMCG TRI,2018-02-08,29557.688866331962
Nifty FMCG TRI,2018-02-09,29423.937531163585
Nifty FMCG TRI,2018-02-12,29557.65227046717
Nifty FMCG TRI,2018-02-14,29408.742425812085
Nifty FMCG TRI,2018-02-15,29507.514532746765
Nifty FMCG TRI,2018-02-16,29360.310909982254
Nifty FMCG TRI,2018-02-19,29156.745756678385
Nifty FMCG TRI,2018-02-20,29097.21481571316
Nifty FMCG TRI,2018-02-21,29336.430540141315
Nifty FMCG TRI,2018-02-22,29214.79744663022
Nifty FMCG TRI,2018-02-23,29446.91662369046
Nifty FMCG TRI,2018-02-26,29423.9595321327
Nifty FMCG TRI,2018-02-27,29516.098088208306
Nifty FMCG TRI,2018-02-28,29280.418080437892
Nifty FMCG TRI,2018-03-01,29258.033242804624
Nifty FMCG TRI,2018-03-05,28900.94563889209
Nifty FMCG TRI,2018-03-06,28600.618396722002
Nifty FMCG TRI,2018-03-07,28788.802870414773
Nifty FMCG TRI,2018-03-08,28670.7776871013
Nifty FMCG TRI,2018-03-09,28745.80106103706
Nifty FMCG TRI,2018-03-12,29503.90091065633
Nifty FMCG TRI,2018-03-13,29440.797190050514
Nifty FMCG TRI,2018-03-14,29317.520768069287
Nifty FMCG TRI,2018-03-15,29152.023117111323
Nifty FMCG TRI,2018-03-16,28789.47689531116
Nifty FMCG TRI,2018-03-19,28664.40742176487
Nifty FMCG TRI,2018-03-20,28785.1632073987
Nifty FMCG TRI,2018-03-21,28840.49611339295
Nifty FMCG TRI,2018-03-22,28778.833532932742
Nifty FMCG TRI,2018-03-23,28640.617868868543
Nifty FMCG TRI,2018-03-26,28930.338310205614
Nifty FMCG TRI,2018-03-27,29076.569256356812
Nifty FMCG TRI,2018-03-28,28886.760098157953
Nifty FMCG TRI,2018-04-02,29306.28528906832
Nifty FMCG TRI,2018-04-03,29313.009330448564
Nifty FMCG TRI,2018-04-04,29249.619812299155
Nifty FMCG TRI,2018-04-05,29503.414483232526
Nifty FMCG TRI,2018-04-06,29647.792398751426
Nifty FMCG TRI,2018-04-09,29985.2537800393
Nifty FMCG TRI,2018-04-10,29981.774747367792
Nifty FMCG TRI,2018-04-11,30044.892497193498
Nifty FMCG TRI,2018-04-12,29915.629276579435
Nifty FMCG TRI,2018-04-13,29852.07424316559
Nifty FMCG TRI,2018-04-16,30170.292681414903
Nifty FMCG TRI,2018-04-17,30469.727905389365
Nifty FMCG TRI,2018-04-18,31002.284482192703
Nifty FMCG TRI,2018-04-19,31176.56529742888
Nifty FMCG TRI,2018-04-20,31108.94728168649
Nifty FMCG TRI,2018-04-23,31014.36040003778
Nifty FMCG TRI,2018-04-24,31078.324803948846
Nifty FMCG TRI,2018-04-25,31006.981144950594
Nifty FMCG TRI,2018-04-26,31372.69833438215
Nifty FMCG TRI,2018-04-27,31474.877453550394
Nifty FMCG TRI,2018-04-30,31854.310362549364
Nifty FMCG TRI,2018-05-02,31907.228340658476
Nifty FMCG TRI,2018-05-03,31541.039311392524
Nifty FMCG TRI,2018-05-04,31200.89336996652
Nifty FMCG TRI,2018-05-07,31657.144743348163
Nifty FMCG TRI,2018-05-08,31623.716732287932
Nifty FMCG TRI,2018-05-09,31492.935716560496
Nifty FMCG TRI,2018-05-10,31267.66899178671
Nifty FMCG TRI,2018-05-11,31539.917488032635
Nifty FMCG TRI,2018-05-14,31500.68348473773
Nifty FMCG TRI,2018-05-15,31408.416656814796
Nifty FMCG TRI,2018-05-16,31978.39709771205
Nifty FMCG TRI,2018-05-17,31569.789711615933
Nifty FMCG TRI,2018-05-18,31966.268159215007
Nifty FMCG TRI,2018-05-21,31771.836898573725
Nifty FMCG TRI,2018-05-22,31684.097175661936
Nifty FMCG TRI,2018-05-23,31488.196371640195
Nifty FMCG TRI,2018-05-24,31583.508888154174
Nifty FMCG TRI,2018-05-25,31690.688469211844
Nifty FMCG TRI,2018-05-28,31911.85762770907
Nifty FMCG TRI,2018-05-29,31818.112359699993
Nifty FMCG TRI,2018-05-30,31766.1494348633
Nifty FMCG TRI,2018-05-31,31940.647436430743
Nifty FMCG TRI,2018-06-01,31717.02523687563
Nifty FMCG TRI,2018-06-04,31480.76431680868
Nifty FMCG TRI,2018-06-05,31428.438963295444
Nifty FMCG TRI,2018-06-06,31713.06738911116
Nifty FMCG TRI,2018-06-07,32005.090862692145
Nifty FMCG TRI,2018-06-08,31839.290964133794
Nifty FMCG TRI,2018-06-11,31946.10056423315
Nifty FMCG TRI,2018-06-12,32229.487250179813
Nifty FMCG TRI,2018-06-13,32069.983368794554
Nifty FMCG TRI,2018-06-14,32037.351633265058
Nifty FMCG TRI,2018-06-15,31916.093443156482
Nifty FMCG TRI,2018-06-18,31850.387229787677
Nifty FMCG TRI,2018-06-19,31784.900874311432
Nifty FMCG TRI,2018-06-20,31639.755226562673
Nifty FMCG TRI,2018-06-21,31431.248580719748
Nifty FMCG TRI,2018-06-22,31765.6555126907
Nifty FMCG TRI,2018-06-25,31619.62973614536
Nifty FMCG TRI,2018-06-26,31949.937385906578
Nifty FMCG TRI,2018-06-27,31765.91645636869
Nifty FMCG TRI,2018-06-28,31530.497450017847
Nifty FMCG TRI,2018-06-29,32146.784937379573
Nifty FMCG TRI,2018-07-02,31941.491402058375
Nifty FMCG TRI,2018-07-03,32160.46244177164
Nifty FMCG TRI,2018-07-04,32311.12979160879
Nifty FMCG TRI,2018-07-05,32635.480903606163
Nifty FMCG TRI,2018-07-06,32576.30928456009
Nifty FMCG TRI,2018-07-09,32849.9766622712
Nifty FMCG TRI,2018-07-10,32993.2682831896
Nifty FMCG TRI,2018-07-11,33091.435208515526
Nifty FMCG TRI,2018-07-12,33237.19242498849
Nifty FMCG TRI,2018-07-13,32901.9719964218
Nifty FMCG TRI,2018-07-16,32841.358696243224
Nifty FMCG TRI,2018-07-17,32511.399119056536
Nifty FMCG TRI,2018-07-18,32201.847194945614
Nifty FMCG TRI,2018-07-19,32446.795008839676
Nifty FMCG TRI,2018-07-20,32524.20481450503
Nifty FMCG TRI,2018-07-23,33327.91775516664
Nifty FMCG TRI,2018-07-24,33357.3276210832
Nifty FMCG TRI,2018-07-25,33291.02779459147
Nifty FMCG TRI,2018-07-26,33371.26820845034
Nifty FMCG TRI,2018-07-27,34164.93811433808
Nifty FMCG TRI,2018-07-30,34266.06979118055
Nifty FMCG TRI,2018-07-31,34457.10348127318
Nifty FMCG TRI,2018-08-01,34645.040167023944
Nifty FMCG TRI,2018-08-02,34535.484543720704
Nifty FMCG TRI,2018-08-03,34925.54646590893
Nifty FMCG TRI,2018-08-06,34704.23328749844
Nifty FMCG TRI,2018-08-07,34614.88728566448
Nifty FMCG TRI,2018-08-08,34796.548258785944
Nifty FMCG TRI,2018-08-09,34882.50986158075
Nifty FMCG TRI,2018-08-10,34991.04487874804
Nifty FMCG TRI,2018-08-13,35000.71617065363
Nifty FMCG TRI,2018-08-14,35275.1128865962
Nifty FMCG TRI,2018-08-16,35284.6607360154
Nifty FMCG TRI,2018-08-17,35963.103744576365
Nifty FMCG TRI,2018-08-20,36011.26517781599
Nifty FMCG TRI,2018-08-21,35931.5417070394
Nifty FMCG TRI,2018-08-23,36261.32065146145
Nifty FMCG TRI,2018-08-24,36023.97870661929
Nifty FMCG TRI,2018-08-27,36271.51621139529
Nifty FMCG TRI,2018-08-28,36150.89475124761
Nifty FMCG TRI,2018-08-29,36080.32922671218
Nifty FMCG TRI,2018-08-30,36542.86988457823
Nifty FMCG TRI,2018-08-31,36619.520874569935
Nifty FMCG TRI,2018-09-03,35731.53306756744
Nifty FMCG TRI,2018-09-04,34990.832089710384
Nifty FMCG TRI,2018-09-05,34687.54788015772
Nifty FMCG TRI,2018-09-06,34676.05223760329
Nifty FMCG TRI,2018-09-07,34896.779778412674
Nifty FMCG TRI,2018-09-10,34296.956878377736
Nifty FMCG TRI,2018-09-11,33470.10678289696
Nifty FMCG TRI,2018-09-12,34318.23190851938
Nifty FMCG TRI,2018-09-14,34498.4902693516
Nifty FMCG TRI,2018-09-17,34026.32613016168
Nifty FMCG TRI,2018-09-18,34399.05921312685
Nifty FMCG TRI,2018-09-19,33948.86978483772
Nifty FMCG TRI,2018-09-21,33861.6586047509
Nifty FMCG TRI,2018-09-24,33133.28259052352
Nifty FMCG TRI,2018-09-25,33552.47541490546
Nifty FMCG TRI,2018-09-26,33061.858860718676
Nifty FMCG TRI,2018-09-27,33038.2550116455
Nifty FMCG TRI,2018-09-28,33148.15390310058
Nifty FMCG TRI,2018-10-01,33337.089274328544
Nifty FMCG TRI,2018-10-03,32865.62011377123
Nifty FMCG TRI,2018-10-04,31899.881823825
Nifty FMCG TRI,2018-10-05,31058.473734663985
Nifty FMCG TRI,2018-10-08,30875.05461502733
Nifty FMCG TRI,2018-10-09,30256.51975181375
Nifty FMCG TRI,2018-10-10,30755.758246986363
Nifty FMCG TRI,2018-10-11,30510.14449283535
Nifty FMCG TRI,2018-10-12,31379.138521024477
Nifty FMCG TRI,2018-10-15,31580.444763805444
Nifty FMCG TRI,2018-10-16,31768.509834323788
Nifty FMCG TRI,2018-10-17,31909.265684328228
Nifty FMCG TRI,2018-10-19,32159.2615913139
Nifty FMCG TRI,2018-10-22,32110.008682487558
Nifty FMCG TRI,2018-10-23,31757.894500397215
Nifty FMCG TRI,2018-10-24,31926.903037930006
Nifty FMCG TRI,2018-10-25,31685.767830328732
Nifty FMCG TRI,2018-10-26,31240.922002763567
Nifty FMCG TRI,2018-10-29,31516.829908741624
Nifty FMCG TRI,2018-10-30,31533.507893615286
Nifty FMCG TRI,2018-10-31,31842.428930231214
Nifty FMCG TRI,2018-11-01,31629.554727602128
Nifty FMCG TRI,2018-11-02,32168.194129289182
Nifty FMCG TRI,2018-11-05,32047.507393288055
Nifty FMCG TRI,2018-11-06,31794.43241877527
Nifty FMCG TRI,2018-11-07,32041.529764499865
Nifty FMCG TRI,2018-11-09,32059.37378386229
Nifty FMCG TRI,2018-11-12,31846.011787709835
Nifty FMCG TRI,2018-11-13,32122.96838466491
Nifty FMCG TRI,2018-11-14,32419.535435982936
Nifty FMCG TRI,2018-11-15,32390.274930708438
Nifty FMCG TRI,2018-11-16,32539.87703463671
Nifty FMCG TRI,2018-11-19,33100.05252998599
Nifty FMCG TRI,2018-11-20,32829.07042593343
Nifty FMCG TRI,2018-11-21,32811.652432791714
Nifty FMCG TRI,2018-11-22,32649.153034869832
Nifty FMCG TRI,2018-11-26,33426.50681217184
Nifty FMCG TRI,2018-11-27,33403.24610332774
Nifty FMCG TRI,2018-11-28,33146.81598335679
Nifty FMCG TRI,2018-11-29,33612.01058007072
Nifty FMCG TRI,2018-11-30,33644.987031717086
Nifty FMCG TRI,2018-12-03,33897.172786870964
Nifty FMCG TRI,2018-12-04,33677.78266709067
Nifty FMCG TRI,2018-12-05,33439.553130285814
Nifty FMCG TRI,2018-12-06,32941.69812366274
Nifty FMCG TRI,2018-12-07,33148.98129028731
Nifty FMCG TRI,2018-12-10,32636.695423629084
Nifty FMCG TRI,2018-12-11,33030.70022881509
Nifty FMCG TRI,2018-12-12,33615.805471170905
Nifty FMCG TRI,2018-12-13,33847.19041214424
Nifty FMCG TRI,2018-12-14,33938.24448328809
Nifty FMCG TRI,2018-12-17,34224.80503611267
Nifty FMCG TRI,2018-12-18,34187.30831685641
Nifty FMCG TRI,2018-12-19,34622.187845866036
Nifty FMCG TRI,2018-12-20,34380.7197959443
Nifty FMCG TRI,2018-12-21,33756.011938616706
Nifty FMCG TRI,2018-12-24,33481.95078716183
Nifty FMCG TRI,2018-12-26,33535.32608091301
Nifty FMCG TRI,2018-12-27,33962.941858485014
Nifty FMCG TRI,2018-12-28,34150.48581522558
Nifty FMCG TRI,2018-12-31,34124.0796219213
Nifty FMCG TRI,2019-01-01,33993.29130613066
Nifty FMCG TRI,2019-01-02,33767.38191107491
Nifty FMCG TRI,2019-01-03,33762.0483006213
Nifty FMCG TRI,2019-01-04,33764.54295845004
Nifty FMCG TRI,2019-01-07,33872.024919540025
Nifty FMCG TRI,2019-01-08,33861.549191799066
Nifty FMCG TRI,2019-01-09,34204.50034585888
Nifty FMCG TRI,2019-01-10,34199.519113293325
Nifty FMCG TRI,2019-01-11,34410.56052732275
Nifty FMCG TRI,2019-01-14,34367.049400711934
Nifty FMCG TRI,2019-01-15,34698.133400759885
Nifty FMCG TRI,2019-01-16,34445.3230308249
Nifty FMCG TRI,2019-01-17,34394.58279070963
Nifty FMCG TRI,2019-01-18,34175.64688235441
Nifty FMCG TRI,2019-01-21,34117.88083087222
Nifty FMCG TRI,2019-01-22,34144.56542308122
Nifty FMCG TRI,2019-01-23,33568.19578085041
Nifty FMCG TRI,2019-01-24,33620.32424696526
Nifty FMCG TRI,2019-01-25,33511.21557029855
Nifty FMCG TRI,2019-01-28,33098.304259453645
Nifty FMCG TRI,2019-01-29,33316.11502053158
Nifty FMCG TRI,2019-01-30,32987.14011887445
Nifty FMCG TRI,2019-01-31,33365.464097431286
Nifty FMCG TRI,2019-02-01,33813.964528154575
Nifty FMCG TRI,2019-02-04,33604.21644670862
Nifty FMCG TRI,2019-02-05,33326.68577012636
Nifty FMCG TRI,2019-02-06,33629.46570716936
Nifty FMCG TRI,2019-02-07,33896.60045422552
Nifty FMCG TRI,2019-02-08,33341.06671534902
Nifty FMCG TRI,2019-02-11,33299.72212905866
Nifty FMCG TRI,2019-02-12,33072.004054505865
Nifty FMCG TRI,2019-02-14,32993.42428694666
Nifty FMCG TRI,2019-02-15,32835.29344978409
Nifty FMCG TRI,2019-02-18,32453.932008691787
Nifty FMCG TRI,2019-02-19,32505.1716091412
Nifty FMCG TRI,2019-02-20,32555.465501279636
Nifty FMCG TRI,2019-02-21,32683.361733504076
Nifty FMCG TRI,2019-02-22,32768.572763397126
Nifty FMCG TRI,2019-02-25,32868.79984956871
Nifty FMCG TRI,2019-02-26,32787.87158932042
Nifty FMCG TRI,2019-02-27,32697.63267382964
Nifty FMCG TRI,2019-02-28,32800.856193707965
Nifty FMCG TRI,2019-03-01,33028.68211277506
Nifty FMCG TRI,2019-03-05,33240.69138950141
Nifty FMCG TRI,2019-03-06,33310.55216243786
Nifty FMCG TRI,2019-03-07,33529.14722193354
Nifty FMCG TRI,2019-03-08,33577.27007326809
Nifty FMCG TRI,2019-03-11,33929.74198619958
Nifty FMCG TRI,2019-03-12,34182.7795331539
Nifty FMCG TRI,2019-03-13,34151.42387631614
Nifty FMCG TRI,2019-03-14,34170.425571143
Nifty FMCG TRI,2019-03-15,33595.43296625495
Nifty FMCG TRI,2019-03-18,33845.08805385812
Nifty FMCG TRI,2019-03-19,34139.08171106816
Nifty FMCG TRI,2019-03-20,33988.12950533406
Nifty FMCG TRI,2019-03-22,33880.39238258106
Nifty FMCG TRI,2019-03-25,33573.27947253781
Nifty FMCG TRI,2019-03-26,33615.43787428641
Nifty FMCG TRI,2019-03-27,33542.24072875185
Nifty FMCG TRI,2019-03-28,33938.50518222139
Nifty FMCG TRI,2019-04-01,33887.809176542374
Nifty FMCG TRI,2019-04-02,33754.50098259152
Nifty FMCG TRI,2019-04-03,33638.97240004273
Nifty FMCG TRI,2019-04-04,33673.681159598564
Nifty FMCG TRI,2019-04-05,33529.62872355956
Nifty FMCG TRI,2019-04-08,33461.090045769204
Nifty FMCG TRI,2019-04-09,33703.6180774815
Nifty FMCG TRI,2019-04-10,33677.70754558448
Nifty FMCG TRI,2019-04-11,33854.46695990078
Nifty FMCG TRI,2019-04-12,34285.39990755383
Nifty FMCG TRI,2019-04-15,34304.97939815359
Nifty FMCG TRI,2019-04-16,34525.59704169778
Nifty FMCG TRI,2019-04-18,34322.14576979324
Nifty FMCG TRI,2019-04-22,34169.522094607906
Nifty FMCG TRI,2019-04-23,34257.359946350116
Nifty FMCG TRI,2019-04-24,34411.765355848955
Nifty FMCG TRI,2019-04-25,34121.12399370803
Nifty FMCG TRI,2019-04-26,34200.54191155214
Nifty FMCG TRI,2019-04-30,34089.423517915624
Nifty FMCG TRI,2019-05-02,33816.1441693615
Nifty FMCG TRI,2019-05-03,33434.63380692452
Nifty FMCG TRI,2019-05-06,33242.363871127636
Nifty FMCG TRI,2019-05-07,33222.58877282624
Nifty FMCG TRI,2019-05-08,33042.573965636686
Nifty FMCG TRI,2019-05-09,33132.839546959876
Nifty FMCG TRI,2019-05-10,33004.06943459743
Nifty FMCG TRI,2019-05-13,32673.009995580785
Nifty FMCG TRI,2019-05-14,32870.088404583556
Nifty FMCG TRI,2019-05-15,32815.20919410829
Nifty FMCG TRI,2019-05-16,32865.5714882267
Nifty FMCG TRI,2019-05-17,33691.65795324243
Nifty FMCG TRI,2019-05-20,34354.2383257815
Nifty FMCG TRI,2019-05-21,34344.67332034544
Nifty FMCG TRI,2019-05-22,34019.62823920282
Nifty FMCG TRI,2019-05-23,33431.815670253505
Nifty FMCG TRI,2019-05-24,33704.92847231833
Nifty FMCG TRI,2019-05-27,33866.540985185304
Nifty FMCG TRI,2019-05-28,33826.91473175056
Nifty FMCG TRI,2019-05-29,33766.698568104846
Nifty FMCG TRI,2019-05-30,33754.80051379827
Nifty FMCG TRI,2019-05-31,33585.158871465705
Nifty FMCG TRI,2019-06-03,34071.26807614376
Nifty FMCG TRI,2019-06-04,33981.731880096646
Nifty FMCG TRI,2019-06-06,33826.32997804155
Nifty FMCG TRI,2019-06-07,33730.97623777879
Nifty FMCG TRI,2019-06-10,34173.45773667293
Nifty FMCG TRI,2019-06-11,34119.020435572886
Nifty FMCG TRI,2019-06-12,34196.89939961977
Nifty FMCG TRI,2019-06-13,34170.489176661686
Nifty FMCG TRI,2019-06-14,33734.58002800437
Nifty FMCG TRI,2019-06-17,33443.496629425885
Nifty FMCG TRI,2019-06-18,33306.19974838795
Nifty FMCG TRI,2019-06-19,33312.793712136176
Nifty FMCG TRI,2019-06-20,33388.52485500269
Nifty FMCG TRI,2019-06-21,33133.59066286041
Nifty FMCG TRI,2019-06-24,33183.08518466227
Nifty FMCG TRI,2019-06-25,33283.99993815279
Nifty FMCG TRI,2019-06-26,33253.2569104398
Nifty FMCG TRI,2019-06-27,33212.60071839712
Nifty FMCG TRI,2019-06-28,33280.693829149524
Nifty FMCG TRI,2019-07-01,33345.99084852522
Nifty FMCG TRI,2019-07-02,33471.89274050132
Nifty FMCG TRI,2019-07-03,33587.836803428356
Nifty FMCG TRI,2019-07-04,33675.73338337969
Nifty FMCG TRI,2019-07-05,33771.52632955033
Nifty FMCG TRI,2019-07-08,33349.02769271525
Nifty FMCG TRI,2019-07-09,33042.34782347
Nifty FMCG TRI,2019-07-10,32855.21204924317
Nifty FMCG TRI,2019-07-11,33013.879800828356
Nifty FMCG TRI,2019-07-12,32968.28375400858
Nifty FMCG TRI,2019-07-15,32778.32812917363
Nifty FMCG TRI,2019-07-16,33102.83954505429
Nifty FMCG TRI,2019-07-17,33383.35865462502
Nifty FMCG TRI,2019-07-18,33316.68619416714
Nifty FMCG TRI,2019-07-19,32724.65597302868
Nifty FMCG TRI,2019-07-22,32376.19878346986
Nifty FMCG TRI,2019-07-23,32688.66708309619
Nifty FMCG TRI,2019-07-24,32691.803303658264
Nifty FMCG TRI,2019-07-25,32683.044432948693
Nifty FMCG TRI,2019-07-26,32863.397041717166
Nifty FMCG TRI,2019-07-29,32678.67281952424
Nifty FMCG TRI,2019-07-30,32555.54479669684
Nifty FMCG TRI,2019-07-31,32783.977521231376
Nifty FMCG TRI,2019-08-01,32626.722764575123
Nifty FMCG TRI,2019-08-02,32634.144437104602
Nifty FMCG TRI,2019-08-05,32465.30423714793
Nifty FMCG TRI,2019-08-06,32545.374181111634
Nifty FMCG TRI,2019-08-07,32509.69593624502
Nifty FMCG TRI,2019-08-08,32868.969518610356
Nifty FMCG TRI,2019-08-09,33062.57519001528
Nifty FMCG TRI,2019-08-13,32420.53844272439
Nifty FMCG TRI,2019-08-14,32547.24268977373
Nifty FMCG TRI,2019-08-16,32606.72346140162
Nifty FMCG TRI,2019-08-19,32551.50692954915
Nifty FMCG TRI,2019-08-20,32363.583901396596
Nifty FMCG TRI,2019-08-21,32059.25811160473
Nifty FMCG TRI,2019-08-22,32057.235504998516
Nifty FMCG TRI,2019-08-23,31901.55742643013
Nifty FMCG TRI,2019-08-26,32414.35141310379
Nifty FMCG TRI,2019-08-27,32663.46580867565
Nifty FMCG TRI,2019-08-28,32538.044021286707
Nifty FMCG TRI,2019-08-29,32468.002602913395
Nifty FMCG TRI,2019-08-30,33040.240957453316
Nifty FMCG TRI,2019-09-03,32491.675436817248
Nifty FMCG TRI,2019-09-04,32446.406913492967
Nifty FMCG TRI,2019-09-05,32430.051282440032
Nifty FMCG TRI,2019-09-06,32363.313679632247
Nifty FMCG TRI,2019-09-09,32588.591526225122
Nifty FMCG TRI,2019-09-11,32493.741530157662
Nifty FMCG TRI,2019-09-12,32286.995354438917
Nifty FMCG TRI,2019-09-13,32307.352774118528
Nifty FMCG TRI,2019-09-16,32491.77671812654
Nifty FMCG TRI,2019-09-17,32406.703948502945
Nifty FMCG TRI,2019-09-18,32494.878247976176
Nifty FMCG TRI,2019-09-19,32296.661955918604
Nifty FMCG TRI,2019-09-20,33721.8288662973
Nifty FMCG TRI,2019-09-23,35178.23748087788
Nifty FMCG TRI,2019-09-24,35397.0576128359
Nifty FMCG TRI,2019-09-25,34961.619550455005
Nifty FMCG TRI,2019-09-26,35078.07723064368
Nifty FMCG TRI,2019-09-27,35077.58602612639
Nifty FMCG TRI,2019-09-30,35204.55953979659
Nifty FMCG TRI,2019-10-01,34829.27775259196
Nifty FMCG TRI,2019-10-03,34820.413352157564
Nifty FMCG TRI,2019-10-04,34297.260853744156
Nifty FMCG TRI,2019-10-07,34178.11362633608
Nifty FMCG TRI,2019-10-09,34238.64571001252
Nifty FMCG TRI,2019-10-10,34102.091934141994
Nifty FMCG TRI,2019-10-11,34407.783517110314
Nifty FMCG TRI,2019-10-14,34609.75589975279
Nifty FMCG TRI,2019-10-15,34992.34143015752
Nifty FMCG TRI,2019-10-16,34961.06812899564
Nifty FMCG TRI,2019-10-17,35452.32391060459
Nifty FMCG TRI,2019-10-18,35645.62290310235
Nifty FMCG TRI,2019-10-22,35830.19502401734
Nifty FMCG TRI,2019-10-23,36103.45436291018
Nifty FMCG TRI,2019-10-24,35938.829753706654
Nifty FMCG TRI,2019-10-25,35864.231226858596
Nifty FMCG TRI,2019-10-29,36170.24622609136
Nifty FMCG TRI,2019-10-30,36537.78754848355
Nifty FMCG TRI,2019-10-31,36590.960270457865
Nifty FMCG TRI,2019-11-01,36739.75075295509
Nifty FMCG TRI,2019-11-04,36524.39973231504
Nifty FMCG TRI,2019-11-05,36645.63837430062
Nifty FMCG TRI,2019-11-06,36682.86128960032
Nifty FMCG TRI,2019-11-07,36846.18815048519
Nifty FMCG TRI,2019-11-08,36181.312533250835
Nifty FMCG TRI,2019-11-11,36021.55880436507
Nifty FMCG TRI,2019-11-13,35775.17447722648
Nifty FMCG TRI,2019-11-14,35614.64224777863
Nifty FMCG TRI,2019-11-15,35446.450152099074
Nifty FMCG TRI,2019-11-18,35309.78590828295
Nifty FMCG TRI,2019-11-19,35093.34232625342
Nifty FMCG TRI,2019-11-20,35226.66360077532
Nifty FMCG TRI,2019-11-21,35006.23514447005
Nifty FMCG TRI,2019-11-22,34912.475798964464
Nifty FMCG TRI,2019-11-25,35229.594110332015
Nifty FMCG TRI,2019-11-26,35196.74619755991
Nifty FMCG TRI,2019-11-27,35387.00519785134
Nifty FMCG TRI,2019-11-28,35435.430437623065
Nifty FMCG TRI,2019-11-29,35110.54156605371
Nifty FMCG TRI,2019-12-02,35017.34304010851
Nifty FMCG TRI,2019-12-03,34778.4305741498
Nifty FMCG TRI,2019-12-04,34811.65014082459
Nifty FMCG TRI,2019-12-05,34914.59707248075
Nifty FMCG TRI,2019-12-06,34622.75800020975
Nifty FMCG TRI,2019-12-09,34443.91589768224
Nifty FMCG TRI,2019-12-10,34086.975228953896
Nifty FMCG TRI,2019-12-11,34137.638260424734
Nifty FMCG TRI,2019-12-12,34281.358726502905
Nifty FMCG TRI,2019-12-13,34507.65720288583
Nifty FMCG TRI,2019-12-16,34077.2776416368
Nifty FMCG TRI,2019-12-17,34236.28267175365
Nifty FMCG TRI,2019-12-18,34361.32483282735
Nifty FMCG TRI,2019-12-19,34470.55066520446
Nifty FMCG TRI,2019-12-20,34438.20548669599
Nifty FMCG TRI,2019-12-23,34285.38758498932
Nifty FMCG TRI,2019-12-24,34263.64010209986
Nifty FMCG TRI,2019-12-26,34114.37813217295
Nifty FMCG TRI,2019-12-27,34208.70615510958
Nifty FMCG TRI,2019-12-30,34303.5708639809
Nifty FMCG TRI,2019-12-31,34187.10265304396
Nifty FMCG TRI,2020-01-02,34354.13305108678
Nifty FMCG TRI,2020-01-03,34177.37846966051
Nifty FMCG TRI,2020-01-06,33829.68804045255
Nifty FMCG TRI,2020-01-07,33902.02314541301
Nifty FMCG TRI,2020-01-08,33939.053130765045
Nifty FMCG TRI,2020-01-09,34202.030887314126
Nifty FMCG TRI,2020-01-10,34483.70706554414
Nifty FMCG TRI,2020-01-13,34877.426521616246
Nifty FMCG TRI,2020-01-14,35369.38121926796
Nifty FMCG TRI,2020-01-15,35474.96283794909
Nifty FMCG TRI,2020-01-16,35591.229160148134
Nifty FMCG TRI,2020-01-17,35630.444015114386
Nifty FMCG TRI,2020-01-20,35697.617580071565
Nifty FMCG TRI,2020-01-21,35380.09838301397
Nifty FMCG TRI,2020-01-22,35389.72107592861
Nifty FMCG TRI,2020-01-23,35474.946494362
Nifty FMCG TRI,2020-01-24,35758.141498771925
Nifty FMCG TRI,2020-01-27,35393.01342970806
Nifty FMCG TRI,2020-01-28,35255.09448677224
Nifty FMCG TRI,2020-01-29,35710.1480381117
Nifty FMCG TRI,2020-01-30,35155.01260249571
Nifty FMCG TRI,2020-01-31,34973.31518493653
Nifty FMCG TRI,2020-02-03,34591.16611485763
Nifty FMCG TRI,2020-02-04,34943.441814818354
Nifty FMCG TRI,2020-02-05,35161.2829739916
Nifty FMCG TRI,2020-02-06,34937.87879161728
Nifty FMCG TRI,2020-02-07,35022.171256408314
Nifty FMCG TRI,2020-02-10,34706.93559221407
Nifty FMCG TRI,2020-02-11,34578.857163230605
Nifty FMCG TRI,2020-02-12,35230.26848075161
Nifty FMCG TRI,2020-02-13,35292.023911941746
Nifty FMCG TRI,2020-02-14,34847.109824126484
Nifty FMCG TRI,2020-02-17,34662.938939277636
Nifty FMCG TRI,2020-02-18,34527.36971280664
Nifty FMCG TRI,2020-02-19,35068.307538415014
Nifty FMCG TRI,2020-02-20,34843.6916392454
Nifty FMCG TRI,2020-02-24,34293.523396138124
Nifty FMCG TRI,2020-02-25,34324.04260132562
Nifty FMCG TRI,2020-02-26,34089.2180874766
Nifty FMCG TRI,2020-02-27,34108.41028873935
Nifty FMCG TRI,2020-02-28,33346.45748601754
Nifty FMCG TRI,2020-03-02,33155.566240895874
Nifty FMCG TRI,2020-03-03,33461.074944852284
Nifty FMCG TRI,2020-03-04,33254.822994658636
Nifty FMCG TRI,2020-03-05,33605.2553698544
Nifty FMCG TRI,2020-03-06,32931.2038275496
Nifty FMCG TRI,2020-03-09,31933.072313804085
Nifty FMCG TRI,2020-03-11,31961.002134460636
Nifty FMCG TRI,2020-03-12,29690.524001876965
Nifty FMCG TRI,2020-03-13,29834.028770246856
Nifty FMCG TRI,2020-03-16,28129.536798134577
Nifty FMCG TRI,2020-03-17,28383.66647510563
Nifty FMCG TRI,2020-03-18,27538.454673921766
Nifty FMCG TRI,2020-03-19,27293.916902281417
Nifty FMCG TRI,2020-03-20,29527.811034567225
Nifty FMCG TRI,2020-03-23,26402.458830461885
Nifty FMCG TRI,2020-03-24,27259.108429458087
Nifty FMCG TRI,2020-03-25,27871.13063762381
Nifty FMCG TRI,2020-03-26,29248.58549846
Nifty FMCG TRI,2020-03-27,29318.516321226914
Nifty FMCG TRI,2020-03-30,29425.879736591036
Nifty FMCG TRI,2020-03-31,31121.795476139814
Nifty FMCG TRI,2020-04-01,30028.941921067075
Nifty FMCG TRI,2020-04-03,30235.272481588458
Nifty FMCG TRI,2020-04-07,32755.743219504402
Nifty FMCG TRI,2020-04-08,32864.88066817793
Nifty FMCG TRI,2020-04-09,32995.33676476831
Nifty FMCG TRI,2020-04-13,32495.389381423043
Nifty FMCG TRI,2020-04-15,33839.80054896119
Nifty FMCG TRI,2020-04-16,33642.09218887091
Nifty FMCG TRI,2020-04-17,33290.1251010485
Nifty FMCG TRI,2020-04-20,32605.27855651998
Nifty FMCG TRI,2020-04-21,32472.638050816848
Nifty FMCG TRI,2020-04-22,33277.300006043886
Nifty FMCG TRI,2020-04-23,32823.806392209335
Nifty FMCG TRI,2020-04-24,32654.610700354653
Nifty FMCG TRI,2020-04-27,33132.860405148764
Nifty FMCG TRI,2020-04-28,32821.25948291068
Nifty FMCG TRI,2020-04-29,32693.544984737542
Nifty FMCG TRI,2020-04-30,32699.783100199285
Nifty FMCG TRI,2020-05-04,31484.146869360582
Nifty FMCG TRI,2020-05-05,30960.197319811752
Nifty FMCG TRI,2020-05-06,30381.443515510407
Nifty FMCG TRI,2020-05-07,29954.10061298447
Nifty FMCG TRI,2020-05-08,30531.790332056204
Nifty FMCG TRI,2020-05-11,30430.543334356476
Nifty FMCG TRI,2020-05-12,30647.858843275902
Nifty FMCG TRI,2020-05-13,30522.83505555148
Nifty FMCG TRI,2020-05-14,30737.662114501185
Nifty FMCG TRI,2020-05-15,30767.447166128568
Nifty FMCG TRI,2020-05-18,30469.874360254536
Nifty FMCG TRI,2020-05-19,30700.665396999833
Nifty FMCG TRI,2020-05-20,31152.358457898394
Nifty FMCG TRI,2020-05-21,31834.855514046212
Nifty FMCG TRI,2020-05-22,31720.85074800436
Nifty FMCG TRI,2020-05-26,32109.89603307474
Nifty FMCG TRI,2020-05-27,32225.502818760753
Nifty FMCG TRI,2020-05-28,32488.5362531508
Nifty FMCG TRI,2020-05-29,33455.19441096839
Nifty FMCG TRI,2020-06-01,33772.61564709017
Nifty FMCG TRI,2020-06-02,33532.4895982784
Nifty FMCG TRI,2020-06-03,33724.77019384578
Nifty FMCG TRI,2020-06-04,33834.14213885751
Nifty FMCG TRI,2020-06-05,33744.65364243904
Nifty FMCG TRI,2020-06-08,33703.25628110025
Nifty FMCG TRI,2020-06-09,33730.6208073572
Nifty FMCG TRI,2020-06-10,33707.20235018342
Nifty FMCG TRI,2020-06-11,33239.27819642967
Nifty FMCG TRI,2020-06-12,33301.36205685382
Nifty FMCG TRI,2020-06-15,32798.29421312288
Nifty FMCG TRI,2020-06-16,32655.126257582502
Nifty FMCG TRI,2020-06-17,32492.34901229469
Nifty FMCG TRI,2020-06-18,32741.617351755776
Nifty FMCG TRI,2020-06-19,32812.383943926936
Nifty FMCG TRI,2020-06-22,32994.71289371467
Nifty FMCG TRI,2020-06-23,33555.89047312195
Nifty FMCG TRI,2020-06-24,33708.3834827384
Nifty FMCG TRI,2020-06-25,34425.22376882171
Nifty FMCG TRI,2020-06-26,34019.406401752676
Nifty FMCG TRI,2020-06-29,34268.935376447014
Nifty FMCG TRI,2020-06-30,34375.06957975667
Nifty FMCG TRI,2020-07-01,34570.00339085141
Nifty FMCG TRI,2020-07-02,34667.12416580051
Nifty FMCG TRI,2020-07-03,34912.002709425746
Nifty FMCG TRI,2020-07-06,35051.859379733156
Nifty FMCG TRI,2020-07-07,34905.22828206469
Nifty FMCG TRI,2020-07-08,35199.121600653016
Nifty FMCG TRI,2020-07-09,35083.71228300727
Nifty FMCG TRI,2020-07-10,35256.04020246095
Nifty FMCG TRI,2020-07-13,35710.81408173043
Nifty FMCG TRI,2020-07-14,35389.581790059616
Nifty FMCG TRI,2020-07-15,35628.54415223051
Nifty FMCG TRI,2020-07-16,35677.937709613536
Nifty FMCG TRI,2020-07-17,35973.40011551135
Nifty FMCG TRI,2020-07-20,36088.8580679157
Nifty FMCG TRI,2020-07-21,35797.24772652699
Nifty FMCG TRI,2020-07-22,35537.02783117411
Nifty FMCG TRI,2020-07-23,35596.04556511293
Nifty FMCG TRI,2020-07-24,35502.44130747722
Nifty FMCG TRI,2020-07-27,35278.87695784562
Nifty FMCG TRI,2020-07-28,35384.657706546735
Nifty FMCG TRI,2020-07-29,35429.1432966296
Nifty FMCG TRI,2020-07-30,35141.97781801413
Nifty FMCG TRI,2020-07-31,35344.96348302697
Nifty FMCG TRI,2020-08-03,35220.30235514333
Nifty FMCG TRI,2020-08-04,35384.16400998914
Nifty FMCG TRI,2020-08-05,35342.034291549564
Nifty FMCG TRI,2020-08-06,35829.01888906983
Nifty FMCG TRI,2020-08-07,36062.954493080964
Nifty FMCG TRI,2020-08-10,36217.576305097944
Nifty FMCG TRI,2020-08-11,36386.27875744195
Nifty FMCG TRI,2020-08-12,36237.6523819194
Nifty FMCG TRI,2020-08-13,36275.15617233024
Nifty FMCG TRI,2020-08-14,35783.828995734344
Nifty FMCG TRI,2020-08-17,36140.1546455015
Nifty FMCG TRI,2020-08-18,36349.00155216633
Nifty FMCG TRI,2020-08-19,36189.96305364343
Nifty FMCG TRI,2020-08-20,36023.97851652234
Nifty FMCG TRI,2020-08-21,36213.93950389295
Nifty FMCG TRI,2020-08-24,36261.45714508076
Nifty FMCG TRI,2020-08-25,36054.70107929935
Nifty FMCG TRI,2020-08-26,35996.7445150151
Nifty FMCG TRI,2020-08-27,35890.47551541878
Nifty FMCG TRI,2020-08-28,35822.02167226235
Nifty FMCG TRI,2020-08-31,35071.78252673193
Nifty FMCG TRI,2020-09-01,35523.733658334786
Nifty FMCG TRI,2020-09-02,35635.46565565329
Nifty FMCG TRI,2020-09-03,35903.46989876902
Nifty FMCG TRI,2020-09-04,35345.21047217112
Nifty FMCG TRI,2020-09-07,35550.424440312694
Nifty FMCG TRI,2020-09-08,35339.276416359244
Nifty FMCG TRI,2020-09-09,35128.74272134058
Nifty FMCG TRI,2020-09-10,35296.63109217277
Nifty FMCG TRI,2020-09-11,35519.98199409371
Nifty FMCG TRI,2020-09-14,35281.45446715939
Nifty FMCG TRI,2020-09-15,35227.49073040512
Nifty FMCG TRI,2020-09-16,35372.71327567804
Nifty FMCG TRI,2020-09-17,35161.02070546646
Nifty FMCG TRI,2020-09-18,34943.46075112444
Nifty FMCG TRI,2020-09-21,33893.25116711452
Nifty FMCG TRI,2020-09-22,33631.48923518044
Nifty FMCG TRI,2020-09-23,33644.275846544464
Nifty FMCG TRI,2020-09-24,33327.34690606231
Nifty FMCG TRI,2020-09-25,34004.059897146224
Nifty FMCG TRI,2020-09-28,34298.22301699358
Nifty FMCG TRI,2020-09-29,33781.5627759299
Nifty FMCG TRI,2020-09-30,34250.00401107566
Nifty FMCG TRI,2020-10-01,34443.99650147006
Nifty FMCG TRI,2020-10-05,34567.39282617604
Nifty FMCG TRI,2020-10-06,34502.847871648904
Nifty FMCG TRI,2020-10-07,34635.24846816328
Nifty FMCG TRI,2020-10-08,34599.06020344116
Nifty FMCG TRI,2020-10-09,34356.891777953126
Nifty FMCG TRI,2020-10-12,34476.32319227778
Nifty FMCG TRI,2020-10-13,34365.70814361665
Nifty FMCG TRI,2020-10-14,34404.8910400772
Nifty FMCG TRI,2020-10-15,34044.77129115626
Nifty FMCG TRI,2020-10-16,34076.3064124554
Nifty FMCG TRI,2020-10-19,34537.38962565194
Nifty FMCG TRI,2020-10-20,34419.04999269583
Nifty FMCG TRI,2020-10-21,34098.24158851082
Nifty FMCG TRI,2020-10-22,34135.53001742087
Nifty FMCG TRI,2020-10-23,34213.71817453613
Nifty FMCG TRI,2020-10-26,34209.22923517953
Nifty FMCG TRI,2020-10-27,34657.63495676852
Nifty FMCG TRI,2020-10-28,34411.31693398473
Nifty FMCG TRI,2020-10-29,34085.63399856155
Nifty FMCG TRI,2020-10-30,33816.978979750944
Nifty FMCG TRI,2020-11-02,33836.05511416714
Nifty FMCG TRI,2020-11-03,33935.01150015308
Nifty FMCG TRI,2020-11-04,34035.29811012222
Nifty FMCG TRI,2020-11-05,34689.146561579604
Nifty FMCG TRI,2020-11-06,34656.76623948876
Nifty FMCG TRI,2020-11-09,35009.387711817515
Nifty FMCG TRI,2020-11-10,35058.00847413079
Nifty FMCG TRI,2020-11-11,35462.80502989316
Nifty FMCG TRI,2020-11-12,35917.93541455031
Nifty FMCG TRI,2020-11-13,35898.5889660337
Nifty FMCG TRI,2020-11-17,35984.19264343077
Nifty FMCG TRI,2020-11-18,35596.26460551145
Nifty FMCG TRI,2020-11-19,35749.92597836325
Nifty FMCG TRI,2020-11-20,36175.94665040193
Nifty FMCG TRI,2020-11-23,36311.21177571917
Nifty FMCG TRI,2020-11-24,36616.48495491798
Nifty FMCG TRI,2020-11-25,36168.76826588162
Nifty FMCG TRI,2020-11-26,36468.885894578925
Nifty FMCG TRI,2020-11-27,36490.50515902859
Nifty FMCG TRI,2020-12-01,36480.86359260716
Nifty FMCG TRI,2020-12-02,36614.677991364275
Nifty FMCG TRI,2020-12-03,36717.894559546265
Nifty FMCG TRI,2020-12-04,37235.04912810678
Nifty FMCG TRI,2020-12-07,37826.73611448449
Nifty FMCG TRI,2020-12-08,37808.65790586711
Nifty FMCG TRI,2020-12-09,38127.470643199056
Nifty FMCG TRI,2020-12-10,39198.69422345871
Nifty FMCG TRI,2020-12-11,39557.18983740842
Nifty FMCG TRI,2020-12-14,39615.90172936617
Nifty FMCG TRI,2020-12-15,39106.6351630266
Nifty FMCG TRI,2020-12-16,39370.67835335931
Nifty FMCG TRI,2020-12-17,39162.38649838819
Nifty FMCG TRI,2020-12-18,39266.6304561127
Nifty FMCG TRI,2020-12-21,38175.60722623495
Nifty FMCG TRI,2020-12-22,38382.09162762017
Nifty FMCG TRI,2020-12-23,39117.20365994712
Nifty FMCG TRI,2020-12-24,39291.14901203628
Nifty FMCG TRI,2020-12-28,39372.95096021321
Nifty FMCG TRI,2020-12-29,39375.53239321834
Nifty FMCG TRI,2020-12-30,39528.91167894882
Nifty FMCG TRI,2020-12-31,39373.15797666635
Nifty FMCG TRI,2021-01-04,39889.54870913115
Nifty FMCG TRI,2021-01-05,40007.036208769416
Nifty FMCG TRI,2021-01-06,39555.92425332697
Nifty FMCG TRI,2021-01-07,39217.589896126774
Nifty FMCG TRI,2021-01-08,39500.83550868847
Nifty FMCG TRI,2021-01-11,39971.87275036984
Nifty FMCG TRI,2021-01-12,39751.51018007977
Nifty FMCG TRI,2021-01-13,39901.76763018795
Nifty FMCG TRI,2021-01-14,40212.42789875516
Nifty FMCG TRI,2021-01-15,39919.37146437638
Nifty FMCG TRI,2021-01-18,39777.6081486683
Nifty FMCG TRI,2021-01-19,39960.238987571975
Nifty FMCG TRI,2021-01-20,39899.03089153521
Nifty FMCG TRI,2021-01-21,39772.72616516305
Nifty FMCG TRI,2021-01-25,39415.03224354244
Nifty FMCG TRI,2021-01-27,39536.80153864886
Nifty FMCG TRI,2021-01-28,38782.338934572166
Nifty FMCG TRI,2021-01-29,38201.684684320295
Nifty FMCG TRI,2021-02-01,38862.255010885776
Nifty FMCG TRI,2021-02-02,38911.37044295374
Nifty FMCG TRI,2021-02-03,38857.00550731865
Nifty FMCG TRI,2021-02-04,39810.716344196524
Nifty FMCG TRI,2021-02-05,39970.22825229798
Nifty FMCG TRI,2021-02-08,39753.28567563202
Nifty FMCG TRI,2021-02-09,39499.94994306093
Nifty FMCG TRI,2021-02-10,39451.59272444204
Nifty FMCG TRI,2021-02-11,39771.418422249844
Nifty FMCG TRI,2021-02-12,39155.10216438241
Nifty FMCG TRI,2021-02-16,38926.25144640518
Nifty FMCG TRI,2021-02-18,38524.71284201213
Nifty FMCG TRI,2021-02-19,38483.45832071536
Nifty FMCG TRI,2021-02-22,37974.28387738007
Nifty FMCG TRI,2021-02-23,38130.8331253805
Nifty FMCG TRI,2021-02-24,38208.30367385325
Nifty FMCG TRI,2021-02-25,38106.05851048727
Nifty FMCG TRI,2021-02-26,37462.53092458069
Nifty FMCG TRI,2021-03-01,37876.50603907281
Nifty FMCG TRI,2021-03-02,38401.509081484495
Nifty FMCG TRI,2021-03-03,38638.106481208844
Nifty FMCG TRI,2021-03-04,38627.44126482642
Nifty FMCG TRI,2021-03-05,38532.56979933546
Nifty FMCG TRI,2021-03-08,38340.95957334723
Nifty FMCG TRI,2021-03-09,38371.980880134994
Nifty FMCG TRI,2021-03-10,38589.46472852036
Nifty FMCG TRI,2021-03-12,38206.42770679832
Nifty FMCG TRI,2021-03-15,38199.95129496262
Nifty FMCG TRI,2021-03-16,38539.97037658379
Nifty FMCG TRI,2021-03-17,38359.93945044397
Nifty FMCG TRI,2021-03-18,38393.86147735021
Nifty FMCG TRI,2021-03-19,39326.63342440055
Nifty FMCG TRI,2021-03-22,40001.42568502493
Nifty FMCG TRI,2021-03-23,39847.87799701054
Nifty FMCG TRI,2021-03-24,39286.96713541785
Nifty FMCG TRI,2021-03-25,38393.890661764584
Nifty FMCG TRI,2021-03-26,39095.202687165794
Nifty FMCG TRI,2021-03-30,39980.77035758107
Nifty FMCG TRI,2021-03-31,40390.38637455799
Nifty FMCG TRI,2021-04-01,40325.95126228229
Nifty FMCG TRI,2021-04-05,39673.32021124623
Nifty FMCG TRI,2021-04-06,40039.598643226214
Nifty FMCG TRI,2021-04-07,40290.41881195219
Nifty FMCG TRI,2021-04-08,40462.95542964394
Nifty FMCG TRI,2021-04-09,40776.97034668322
Nifty FMCG TRI,2021-04-12,39981.71785724444
Nifty FMCG TRI,2021-04-13,40167.29162901699
Nifty FMCG TRI,2021-04-15,40099.1232406783
Nifty FMCG TRI,2021-04-16,40325.85280347438
Nifty FMCG TRI,2021-04-19,39944.1201781521
Nifty FMCG TRI,2021-04-20,39688.26911443006
Nifty FMCG TRI,2021-04-22,39398.18685303166
Nifty FMCG TRI,2021-04-23,39032.97105432186
Nifty FMCG TRI,2021-04-26,39199.328010754216
Nifty FMCG TRI,2021-04-27,39367.20935533878
Nifty FMCG TRI,2021-04-28,39507.48951954371
Nifty FMCG TRI,2021-04-29,39370.011940398435
Nifty FMCG TRI,2021-04-30,38925.27149587679
Nifty FMCG TRI,2021-05-03,39359.29509363103
Nifty FMCG TRI,2021-05-04,39162.38343254063
Nifty FMCG TRI,2021-05-06,39426.98700229512
Nifty FMCG TRI,2021-05-07,39515.44513921341
Nifty FMCG TRI,2021-05-10,39613.79867363088
Nifty FMCG TRI,2021-05-12,39446.937711521
Nifty FMCG TRI,2021-05-14,40288.91185396462
Nifty FMCG TRI,2021-05-17,40323.84196787698
Nifty FMCG TRI,2021-05-18,40249.08143227232
Nifty FMCG TRI,2021-05-19,40237.108824774725
Nifty FMCG TRI,2021-05-21,40195.0290477141
Nifty FMCG TRI,2021-05-24,40063.145669836216
Nifty FMCG TRI,2021-05-26,40348.25795338465
Nifty FMCG TRI,2021-05-27,40345.964051496296
Nifty FMCG TRI,2021-05-28,40438.24193563844
Nifty FMCG TRI,2021-06-01,40851.364183223006
Nifty FMCG TRI,2021-06-02,40641.35481391581
Nifty FMCG TRI,2021-06-03,40884.02563969896
Nifty FMCG TRI,2021-06-04,40736.71765731251
Nifty FMCG TRI,2021-06-07,41016.903245650465
Nifty FMCG TRI,2021-06-08,41363.06715751076
Nifty FMCG TRI,2021-06-09,41267.92905114614
Nifty FMCG TRI,2021-06-10,41434.68481661366
Nifty FMCG TRI,2021-06-11,41338.55420761202
Nifty FMCG TRI,2021-06-14,41358.687243701825
Nifty FMCG TRI,2021-06-15,41663.73417566045
Nifty FMCG TRI,2021-06-16,41908.72206023457
Nifty FMCG TRI,2021-06-17,41971.09668424093
Nifty FMCG TRI,2021-06-18,42092.98054101324
Nifty FMCG TRI,2021-06-21,42203.0665175706
Nifty FMCG TRI,2021-06-22,42114.34673744237
Nifty FMCG TRI,2021-06-23,41987.39540312677
Nifty FMCG TRI,2021-06-24,42051.53096810319
Nifty FMCG TRI,2021-06-25,41779.40774176976
Nifty FMCG TRI,2021-06-28,41840.10188441969
Nifty FMCG TRI,2021-06-29,42050.81839481533
Nifty FMCG TRI,2021-06-30,41888.48493638003
Nifty FMCG TRI,2021-07-01,42054.65024665729
Nifty FMCG TRI,2021-07-02,42035.241458046374
Nifty FMCG TRI,2021-07-06,42067.403314485025
Nifty FMCG TRI,2021-07-07,42311.22383577377
Nifty FMCG TRI,2021-07-08,42001.87482411418
Nifty FMCG TRI,2021-07-09,42009.736593650465
Nifty FMCG TRI,2021-07-12,42005.87543576391
Nifty FMCG TRI,2021-07-13,41930.546199884935
Nifty FMCG TRI,2021-07-14,41889.17210587542
Nifty FMCG TRI,2021-07-15,42018.32951651161
Nifty FMCG TRI,2021-07-16,42102.03345930762
Nifty FMCG TRI,2021-07-19,42022.21857427221
Nifty FMCG TRI,2021-07-20,42081.83469174212
Nifty FMCG TRI,2021-07-22,42124.00694408452
Nifty FMCG TRI,2021-07-23,42468.46617956167
Nifty FMCG TRI,2021-07-26,42390.12864292505
Nifty FMCG TRI,2021-07-27,42245.5234640237
Nifty FMCG TRI,2021-07-28,42246.72360221362
Nifty FMCG TRI,2021-07-29,41818.179472526404
Nifty FMCG TRI,2021-07-30,41891.75015636205
Nifty FMCG TRI,2021-08-02,42068.9271087789
Nifty FMCG TRI,2021-08-03,42798.28098644759
Nifty FMCG TRI,2021-08-04,42400.68449856853
Nifty FMCG TRI,2021-08-05,42656.94977417414
Nifty FMCG TRI,2021-08-06,42621.90313500536
Nifty FMCG TRI,2021-08-09,42652.80322270524
Nifty FMCG TRI,2021-08-10,42474.762212223584
Nifty FMCG TRI,2021-08-11,42346.98703770149
Nifty FMCG TRI,2021-08-12,42460.32290266317
Nifty FMCG TRI,2021-08-13,42834.3326863404
Nifty FMCG TRI,2021-08-16,42970.03528703705
Nifty FMCG TRI,2021-08-17,43581.46350027916
Nifty FMCG TRI,2021-08-18,43885.299386600054
Nifty FMCG TRI,2021-08-20,44886.42313603874
Nifty FMCG TRI,2021-08-23,44767.98101155947
Nifty FMCG TRI,2021-08-24,44471.221258766505
Nifty FMCG TRI,2021-08-25,44723.47554109297
Nifty FMCG TRI,2021-08-26,44984.23850830313
Nifty FMCG TRI,2021-08-27,45159.17390119187
Nifty FMCG TRI,2021-08-30,45549.44996075261
Nifty FMCG TRI,2021-08-31,45992.85545568873
Nifty FMCG TRI,2021-09-01,46128.53839239088
Nifty FMCG TRI,2021-09-02,46888.733450781256
Nifty FMCG TRI,2021-09-03,46809.0170277587
Nifty FMCG TRI,2021-09-06,46748.1739346178
Nifty FMCG TRI,2021-09-07,46890.67153367815
Nifty FMCG TRI,2021-09-08,46861.85378782361
Nifty FMCG TRI,2021-09-09,47229.81946656766
Nifty FMCG TRI,2021-09-13,47254.28700061419
Nifty FMCG TRI,2021-09-14,47113.252830031335
Nifty FMCG TRI,2021-09-15,47155.8616687882
Nifty FMCG TRI,2021-09-16,47743.525121173385
Nifty FMCG TRI,2021-09-17,47502.47663936004
Nifty FMCG TRI,2021-09-20,47940.06504523972
Nifty FMCG TRI,2021-09-21,48466.334337071195
Nifty FMCG TRI,2021-09-22,48337.06667221348
Nifty FMCG TRI,2021-09-23,48387.4267997657
Nifty FMCG TRI,2021-09-24,47856.107818278426
Nifty FMCG TRI,2021-09-27,47430.64509395912
Nifty FMCG TRI,2021-09-28,47388.719959463386
Nifty FMCG TRI,2021-09-29,47145.09461116314
Nifty FMCG TRI,2021-09-30,47093.89856790269
Nifty FMCG TRI,2021-10-01,47063.72238478144
Nifty FMCG TRI,2021-10-04,47123.59676221398
Nifty FMCG TRI,2021-10-05,47104.60393584318
Nifty FMCG TRI,2021-10-06,46803.51034016512
Nifty FMCG TRI,2021-10-07,46874.10923567221
Nifty FMCG TRI,2021-10-08,46604.449324608824
Nifty FMCG TRI,2021-10-11,46988.56872706696
Nifty FMCG TRI,2021-10-12,47562.391607925376
Nifty FMCG TRI,2021-10-13,47961.37063782956
Nifty FMCG TRI,2021-10-14,48228.84802112745
Nifty FMCG TRI,2021-10-18,48454.65409902945
Nifty FMCG TRI,2021-10-19,46909.753736050676
Nifty FMCG TRI,2021-10-20,46280.9867385152
Nifty FMCG TRI,2021-10-21,45884.24165087703
Nifty FMCG TRI,2021-10-22,45326.856310702045
Nifty FMCG TRI,2021-10-25,44884.84462612362
Nifty FMCG TRI,2021-10-26,45278.331038403994
Nifty FMCG TRI,2021-10-27,45419.24702648841
Nifty FMCG TRI,2021-10-28,44560.925951050835
Nifty FMCG TRI,2021-10-29,44578.54673121592
Nifty FMCG TRI,2021-11-01,45099.0388705802
Nifty FMCG TRI,2021-11-02,45045.52808712595
Nifty FMCG TRI,2021-11-03,44760.281398159415
Nifty FMCG TRI,2021-11-04,45158.74596242695
Nifty FMCG TRI,2021-11-08,45614.90923272755
Nifty FMCG TRI,2021-11-09,45464.4978760362
Nifty FMCG TRI,2021-11-10,45411.62662962352
Nifty FMCG TRI,2021-11-11,44976.11484132304
Nifty FMCG TRI,2021-11-12,45409.95911144469
Nifty FMCG TRI,2021-11-15,45842.151031510024
Nifty FMCG TRI,2021-11-16,45536.29553515863
Nifty FMCG TRI,2021-11-17,45536.7520239372
Nifty FMCG TRI,2021-11-18,45367.08119026829
Nifty FMCG TRI,2021-11-22,44773.41836121255
Nifty FMCG TRI,2021-11-23,45018.61084817636
Nifty FMCG TRI,2021-11-24,44574.559856402855
Nifty FMCG TRI,2021-11-25,44671.59452593818
Nifty FMCG TRI,2021-11-26,43841.35712007985
Nifty FMCG TRI,2021-11-29,43587.12542697129
Nifty FMCG TRI,2021-11-30,43661.42140419147
Nifty FMCG TRI,2021-12-01,43746.00612120703
Nifty FMCG TRI,2021-12-02,44255.54276561955
Nifty FMCG TRI,2021-12-03,43796.58339870072
Nifty FMCG TRI,2021-12-06,43012.004573393024
Nifty FMCG TRI,2021-12-07,43427.28599832959
Nifty FMCG TRI,2021-12-08,43994.5820830728
Nifty FMCG TRI,2021-12-09,44629.21758494726
Nifty FMCG TRI,2021-12-10,44616.903125935016
Nifty FMCG TRI,2021-12-13,44194.709007396756
Nifty FMCG TRI,2021-12-14,43985.07285814851
Nifty FMCG TRI,2021-12-15,43732.179019237585
Nifty FMCG TRI,2021-12-16,43523.2690977978
Nifty FMCG TRI,2021-12-17,42582.71281220177
Nifty FMCG TRI,2021-12-20,42174.93108875027
Nifty FMCG TRI,2021-12-21,42471.37233266998
Nifty FMCG TRI,2021-12-22,42670.35093075205
Nifty FMCG TRI,2021-12-23,43244.33632219789
Nifty FMCG TRI,2021-12-24,43151.00172471396
Nifty FMCG TRI,2021-12-27,43120.79456231477
Nifty FMCG TRI,2021-12-28,43449.09930735449
Nifty FMCG TRI,2021-12-29,43294.1967758892
Nifty FMCG TRI,2021-12-30,43350.857175123194
Nifty FMCG TRI,2021-12-31,43942.3041499832
Nifty FMCG TRI,2022-01-03,43978.20245042271
Nifty FMCG TRI,2022-01-04,44207.22847225047
Nifty FMCG TRI,2022-01-05,44338.378923770455
Nifty FMCG TRI,2022-01-06,44002.819609917344
Nifty FMCG TRI,2022-01-07,44287.60573113192
Nifty FMCG TRI,2022-01-10,44432.92926950469
Nifty FMCG TRI,2022-01-11,44277.80558084894
Nifty FMCG TRI,2022-01-12,44446.961888637496
Nifty FMCG TRI,2022-01-13,44559.09823343074
Nifty FMCG TRI,2022-01-14,44243.560441421265
Nifty FMCG TRI,2022-01-17,44451.28185538343
Nifty FMCG TRI,2022-01-18,43884.688574031854
Nifty FMCG TRI,2022-01-19,43422.19752175444
Nifty FMCG TRI,2022-01-20,42926.60897250983
Nifty FMCG TRI,2022-01-21,43082.25369075527
Nifty FMCG TRI,2022-01-24,42067.423617234774
Nifty FMCG TRI,2022-01-25,42585.91156471591
Nifty FMCG TRI,2022-01-27,42102.35887757279
Nifty FMCG TRI,2022-01-28,42363.37126336679
Nifty FMCG TRI,2022-01-31,42695.140398117524
Nifty FMCG TRI,2022-02-01,43535.83859242293
Nifty FMCG TRI,2022-02-02,44003.26967055342
Nifty FMCG TRI,2022-02-03,43871.225926990905
Nifty FMCG TRI,2022-02-04,43921.2573793931
Nifty FMCG TRI,2022-02-07,43055.96461812635
Nifty FMCG TRI,2022-02-08,43058.890897773264
Nifty FMCG TRI,2022-02-09,43162.4270255496
Nifty FMCG TRI,2022-02-10,43316.097692548035
Nifty FMCG TRI,2022-02-11,42953.70180320196
Nifty FMCG TRI,2022-02-14,41775.32492838685
Nifty FMCG TRI,2022-02-15,42687.806843517705
Nifty FMCG TRI,2022-02-16,42715.38041850905
Nifty FMCG TRI,2022-02-17,42847.10886543308
Nifty FMCG TRI,2022-02-18,42763.325769503164
Nifty FMCG TRI,2022-02-21,42418.897329293504
Nifty FMCG TRI,2022-02-22,42045.114221557305
Nifty FMCG TRI,2022-02-23,42109.230665403986
Nifty FMCG TRI,2022-02-24,40707.034402861114
Nifty FMCG TRI,2022-02-25,41361.954870543246
Nifty FMCG TRI,2022-02-28,41628.21688504362
Nifty FMCG TRI,2022-03-02,41454.66615621952
Nifty FMCG TRI,2022-03-03,41052.104624465836
Nifty FMCG TRI,2022-03-04,40594.526185860326
Nifty FMCG TRI,2022-03-07,39461.74064688599
Nifty FMCG TRI,2022-03-08,39873.078356282895
Nifty FMCG TRI,2022-03-09,40437.586070880425
Nifty FMCG TRI,2022-03-10,41662.66358874734
Nifty FMCG TRI,2022-03-11,41762.098963830955
Nifty FMCG TRI,2022-03-14,41738.76622354407
Nifty FMCG TRI,2022-03-15,41811.483681073514
Nifty FMCG TRI,2022-03-16,42544.658752913325
Nifty FMCG TRI,2022-03-17,43143.52890716872
Nifty FMCG TRI,2022-03-21,42407.57052503512
Nifty FMCG TRI,2022-03-22,42101.57606205253
Nifty FMCG TRI,2022-03-23,41989.25651496633
Nifty FMCG TRI,2022-03-24,41999.529315084685
Nifty FMCG TRI,2022-03-25,41679.28625441107
Nifty FMCG TRI,2022-03-28,41844.793975107124
Nifty FMCG TRI,2022-03-29,41823.850180375426
Nifty FMCG TRI,2022-03-30,42081.50852129089
Nifty FMCG TRI,2022-03-31,42587.28489734813
Nifty FMCG TRI,2022-04-01,43087.11500283357
Nifty FMCG TRI,2022-04-04,43655.33631101144
Nifty FMCG TRI,2022-04-05,44203.010470375775
Nifty FMCG TRI,2022-04-06,44125.1026968013
Nifty FMCG TRI,2022-04-07,44094.9712972941
Nifty FMCG TRI,2022-04-08,44990.10965663544
Nifty FMCG TRI,2022-04-11,44894.1691235546
Nifty FMCG TRI,2022-04-12,44538.05048548477
Nifty FMCG TRI,2022-04-13,44845.1636248847
Nifty FMCG TRI,2022-04-18,45125.25643095988
Nifty FMCG TRI,2022-04-19,43853.10254862724
Nifty FMCG TRI,2022-04-20,44307.5670515515
Nifty FMCG TRI,2022-04-21,44641.90098209971
Nifty FMCG TRI,2022-04-22,44373.02301449716
Nifty FMCG TRI,2022-04-25,43664.113978121255
Nifty FMCG TRI,2022-04-26,44487.463191065195
Nifty FMCG TRI,2022-04-27,44216.46768965346
Nifty FMCG TRI,2022-04-28,45188.4766139748
Nifty FMCG TRI,2022-04-29,44889.40248794691
Nifty FMCG TRI,2022-05-02,44990.25693947081
Nifty FMCG TRI,2022-05-04,44214.16173221093
Nifty FMCG TRI,2022-05-05,43964.74901849325
Nifty FMCG TRI,2022-05-06,43815.21834944617
Nifty FMCG TRI,2022-05-09,43177.24292520388
Nifty FMCG TRI,2022-05-10,43390.476229592365
Nifty FMCG TRI,2022-05-11,43094.23987972186
Nifty FMCG TRI,2022-05-12,42582.66808801742
Nifty FMCG TRI,2022-05-13,43366.68516099014
Nifty FMCG TRI,2022-05-16,43221.89941948234
Nifty FMCG TRI,2022-05-17,44116.425480140635
Nifty FMCG TRI,2022-05-18,44671.24958312177
Nifty FMCG TRI,2022-05-19,44380.728543954436
Nifty FMCG TRI,2022-05-20,45330.273895246966
Nifty FMCG TRI,2022-05-23,45294.00498639735
Nifty FMCG TRI,2022-05-24,44707.818236536004
Nifty FMCG TRI,2022-05-25,44615.65686824466
Nifty FMCG TRI,2022-05-26,44521.31454805057
Nifty FMCG TRI,2022-05-27,44986.01505468876
Nifty FMCG TRI,2022-05-30,45424.1049923588
Nifty FMCG TRI,2022-05-31,45547.19808418403
Nifty FMCG TRI,2022-06-01,45220.911421830606
Nifty FMCG TRI,2022-06-02,45296.58752171167
Nifty FMCG TRI,2022-06-03,45035.564212427766
Nifty FMCG TRI,2022-06-06,44999.35491307437
Nifty FMCG TRI,2022-06-07,44307.31708083264
Nifty FMCG TRI,2022-06-08,43844.83416907967
Nifty FMCG TRI,2022-06-09,44065.884112656124
Nifty FMCG TRI,2022-06-10,44053.61615572566
Nifty FMCG TRI,2022-06-13,43646.299475810694
Nifty FMCG TRI,2022-06-14,43555.13559763897
Nifty FMCG TRI,2022-06-15,43358.840280486955
Nifty FMCG TRI,2022-06-16,43113.671398375045
Nifty FMCG TRI,2022-06-17,42695.59329392181
Nifty FMCG TRI,2022-06-20,43467.58941126279
Nifty FMCG TRI,2022-06-21,43942.72791293196
Nifty FMCG TRI,2022-06-22,43527.12797704785
Nifty FMCG TRI,2022-06-23,43944.83848508773
Nifty FMCG TRI,2022-06-24,44491.128730059354
Nifty FMCG TRI,2022-06-27,44878.59196243823
Nifty FMCG TRI,2022-06-28,44962.756894703874
Nifty FMCG TRI,2022-06-29,44393.59644922661
Nifty FMCG TRI,2022-06-30,44367.36970268599
Nifty FMCG TRI,2022-07-01,45619.400106829635
Nifty FMCG TRI,2022-07-04,46838.23747493073
Nifty FMCG TRI,2022-07-05,46763.508475036615
Nifty FMCG TRI,2022-07-06,48002.04236396193
Nifty FMCG TRI,2022-07-07,47966.94257795213
Nifty FMCG TRI,2022-07-08,48224.06944533681
Nifty FMCG TRI,2022-07-11,48368.90909096165
Nifty FMCG TRI,2022-07-12,47818.91560741649
Nifty FMCG TRI,2022-07-13,48268.25310814245
Nifty FMCG TRI,2022-07-14,48202.923494289294
Nifty FMCG TRI,2022-07-15,48913.86529253151
Nifty FMCG TRI,2022-07-18,48874.46247229524
Nifty FMCG TRI,2022-07-19,48899.50267303311
Nifty FMCG TRI,2022-07-20,49455.939172897924
Nifty FMCG TRI,2022-07-21,49850.37709328431
Nifty FMCG TRI,2022-07-22,50111.49833477403
Nifty FMCG TRI,2022-07-25,49981.07888606903
Nifty FMCG TRI,2022-07-26,49289.86055333962
Nifty FMCG TRI,2022-07-27,49571.648774512374
Nifty FMCG TRI,2022-07-28,49851.21644145331
Nifty FMCG TRI,2022-07-29,50107.69423907212
Nifty FMCG TRI,2022-08-01,50160.23731188272
Nifty FMCG TRI,2022-08-02,50482.82380519674
Nifty FMCG TRI,2022-08-03,50279.21749785182
Nifty FMCG TRI,2022-08-04,50524.393272262016
Nifty FMCG TRI,2022-08-05,50645.186867917655
Nifty FMCG TRI,2022-08-08,50707.54255933816
Nifty FMCG TRI,2022-08-10,50526.54731580756
Nifty FMCG TRI,2022-08-11,50123.754191511325
Nifty FMCG TRI,2022-08-12,50100.78175696022
Nifty FMCG TRI,2022-08-16,50707.08778440766
Nifty FMCG TRI,2022-08-17,51077.10334249508
Nifty FMCG TRI,2022-08-18,51370.07341758163
Nifty FMCG TRI,2022-08-19,50691.1572226351
Nifty FMCG TRI,2022-08-22,50632.77903298707
Nifty FMCG TRI,2022-08-23,50690.32917445895
Nifty FMCG TRI,2022-08-24,50765.652948867006
Nifty FMCG TRI,2022-08-25,50567.42641057146
Nifty FMCG TRI,2022-08-26,50497.345040885375
Nifty FMCG TRI,2022-08-29,50698.30019842817
Nifty FMCG TRI,2022-08-30,51748.114711574766
Nifty FMCG TRI,2022-09-01,51369.93284079783
Nifty FMCG TRI,2022-09-02,51571.85757954942
Nifty FMCG TRI,2022-09-05,51683.64512301755
Nifty FMCG TRI,2022-09-06,51417.667954081786
Nifty FMCG TRI,2022-09-07,51521.41388655008
Nifty FMCG TRI,2022-09-08,51726.111655003966
Nifty FMCG TRI,2022-09-09,51788.76567223677
Nifty FMCG TRI,2022-09-12,51894.52686510769
Nifty FMCG TRI,2022-09-13,52286.20423059023
Nifty FMCG TRI,2022-09-14,52206.919501782046
Nifty FMCG TRI,2022-09-15,52042.37762266596
Nifty FMCG TRI,2022-09-16,51041.280771022575
Nifty FMCG TRI,2022-09-19,51594.72258229575
Nifty FMCG TRI,2022-09-20,51981.655859887476
Nifty FMCG TRI,2022-09-21,52597.088438164756
Nifty FMCG TRI,2022-09-22,53285.148753606
Nifty FMCG TRI,2022-09-23,53020.41315719109
Nifty FMCG TRI,2022-09-26,51942.529866467325
Nifty FMCG TRI,2022-09-27,52276.5617342982
Nifty FMCG TRI,2022-09-28,51978.98209853533
Nifty FMCG TRI,2022-09-29,52444.106594307246
Nifty FMCG TRI,2022-09-30,52504.65246681648
Nifty FMCG TRI,2022-10-03,51413.27331659314
Nifty FMCG TRI,2022-10-04,52372.96294198795
Nifty FMCG TRI,2022-10-06,52152.69996331784
Nifty FMCG TRI,2022-10-07,51819.05233641339
Nifty FMCG TRI,2022-10-10,51252.760924530085
Nifty FMCG TRI,2022-10-11,50350.449989201734
Nifty FMCG TRI,2022-10-12,51100.3768209243
Nifty FMCG TRI,2022-10-13,50912.93739334529
Nifty FMCG TRI,2022-10-14,51052.72395047413
Nifty FMCG TRI,2022-10-17,51094.283427086906
Nifty FMCG TRI,2022-10-18,51726.86531500399
Nifty FMCG TRI,2022-10-19,51935.81616174742
Nifty FMCG TRI,2022-10-20,52400.14743553116
Nifty FMCG TRI,2022-10-21,52388.142757746704
Nifty FMCG TRI,2022-10-24,52324.604929084155
Nifty FMCG TRI,2022-10-25,51785.54026926187
Nifty FMCG TRI,2022-10-27,52028.57151282496
Nifty FMCG TRI,2022-10-28,52018.26314677405
Nifty FMCG TRI,2022-10-31,52441.58703258633
Nifty FMCG TRI,2022-11-01,52761.725597703604
Nifty FMCG TRI,2022-11-02,52726.52553914965
Nifty FMCG TRI,2022-11-03,52880.82228768874
Nifty FMCG TRI,2022-11-04,52702.64236801282
Nifty FMCG TRI,2022-11-07,52945.81135514698
Nifty FMCG TRI,2022-11-09,53088.81325536607
Nifty FMCG TRI,2022-11-10,52807.1416094404
Nifty FMCG TRI,2022-11-11,52730.65105947344
Nifty FMCG TRI,2022-11-14,52024.76419418116
Nifty FMCG TRI,2022-11-15,52017.29238059244
Nifty FMCG TRI,2022-11-16,52018.52430358043
Nifty FMCG TRI,2022-11-17,51943.403087560975
Nifty FMCG TRI,2022-11-18,51829.294581593764
Nifty FMCG TRI,2022-11-21,51674.48727256242
Nifty FMCG TRI,2022-11-22,51964.71099955532
Nifty FMCG TRI,2022-11-23,51966.88944521198
Nifty FMCG TRI,2022-11-24,52428.27122566429
Nifty FMCG TRI,2022-11-25,52265.50511871616
Nifty FMCG TRI,2022-11-28,52447.84401596478
Nifty FMCG TRI,2022-11-29,53430.80298524338
Nifty FMCG TRI,2022-11-30,53975.86238654056
Nifty FMCG TRI,2022-12-01,53781.40551487196
Nifty FMCG TRI,2022-12-02,53527.01306270709
Nifty FMCG TRI,2022-12-05,53529.94227449002
Nifty FMCG TRI,2022-12-06,53694.20236808939
Nifty FMCG TRI,2022-12-07,54214.23197284777
Nifty FMCG TRI,2022-12-08,54266.77470628764
Nifty FMCG TRI,2022-12-09,54734.33953508772
Nifty FMCG TRI,2022-12-12,54807.08760453409
Nifty FMCG TRI,2022-12-13,54726.72156373243
Nifty FMCG TRI,2022-12-14,54496.25875047504
Nifty FMCG TRI,2022-12-15,54018.364030971476
Nifty FMCG TRI,2022-12-16,53755.11505229155
Nifty FMCG TRI,2022-12-19,54545.44279165578
Nifty FMCG TRI,2022-12-20,54207.495528581305
Nifty FMCG TRI,2022-12-21,53723.30352812941
Nifty FMCG TRI,2022-12-22,53489.22498226997
Nifty FMCG TRI,2022-12-23,52577.07084382594
Nifty FMCG TRI,2022-12-27,52875.77674658429
Nifty FMCG TRI,2022-12-28,52913.236008856795
Nifty FMCG TRI,2022-12-29,52819.091453889065
Nifty FMCG TRI,2022-12-30,52421.83251081043
Nifty FMCG TRI,2023-01-02,52453.64648393263
Nifty FMCG TRI,2023-01-03,52243.075158271975
Nifty FMCG TRI,2023-01-04,51900.852239724045
Nifty FMCG TRI,2023-01-05,52707.74189971215
Nifty FMCG TRI,2023-01-06,52723.366120830804
Nifty FMCG TRI,2023-01-09,53185.48247938099
Nifty FMCG TRI,2023-01-10,52985.09766925401
Nifty FMCG TRI,2023-01-11,52389.95437084741
Nifty FMCG TRI,2023-01-12,52206.0840595679
Nifty FMCG TRI,2023-01-13,52195.446991595854
Nifty FMCG TRI,2023-01-16,52262.5743475719
Nifty FMCG TRI,2023-01-17,52893.39020304383
Nifty FMCG TRI,2023-01-18,53103.8068138263
Nifty FMCG TRI,2023-01-19,52648.2149743701
Nifty FMCG TRI,2023-01-20,52143.82589854516
Nifty FMCG TRI,2023-01-23,52580.59073249887
Nifty FMCG TRI,2023-01-24,52656.92785461826
Nifty FMCG TRI,2023-01-25,52611.31144718835
Nifty FMCG TRI,2023-01-27,52856.19837553026
Nifty FMCG TRI,2023-01-30,52546.22681373768
Nifty FMCG TRI,2023-01-31,52829.46452819634
Nifty FMCG TRI,2023-02-01,53427.473766399526
Nifty FMCG TRI,2023-02-02,54645.709435838864
Nifty FMCG TRI,2023-02-03,54714.073786342575
Nifty FMCG TRI,2023-02-06,55025.530209245015
Nifty FMCG TRI,2023-02-07,54391.240951831074
Nifty FMCG TRI,2023-02-08,54409.50582311853
Nifty FMCG TRI,2023-02-09,54292.42922644155
Nifty FMCG TRI,2023-02-10,54076.912872219014
Nifty FMCG TRI,2023-02-13,54107.65842502763
Nifty FMCG TRI,2023-02-14,54666.974823538134
Nifty FMCG TRI,2023-02-15,54457.848405026685
Nifty FMCG TRI,2023-02-16,54411.314989312545
Nifty FMCG TRI,2023-02-17,54245.98309041766
Nifty FMCG TRI,2023-02-20,54114.53766056565
Nifty FMCG TRI,2023-02-21,54177.10295791805
Nifty FMCG TRI,2023-02-22,54013.86920141707
Nifty FMCG TRI,2023-02-23,54155.53338200771
Nifty FMCG TRI,2023-02-24,53970.27498940142
Nifty FMCG TRI,2023-02-27,53582.21274086781
Nifty FMCG TRI,2023-02-28,53465.07040593131
Nifty FMCG TRI,2023-03-01,53612.51840527845
Nifty FMCG TRI,2023-03-02,53339.924150995954
Nifty FMCG TRI,2023-03-03,54030.2957635197
Nifty FMCG TRI,2023-03-06,54206.00118671887
Nifty FMCG TRI,2023-03-08,54412.61243879958
Nifty FMCG TRI,2023-03-09,53865.52802456829
Nifty FMCG TRI,2023-03-10,53956.15449569973
Nifty FMCG TRI,2023-03-13,53509.065398212915
Nifty FMCG TRI,2023-03-14,53227.16294503544
Nifty FMCG TRI,2023-03-15,52931.01754466125
Nifty FMCG TRI,2023-03-16,53536.55869878206
Nifty FMCG TRI,2023-03-17,53404.33412696131
Nifty FMCG TRI,2023-03-20,53833.25094949934
Nifty FMCG TRI,2023-03-21,53478.64758077435
Nifty FMCG TRI,2023-03-22,53714.33636628599
Nifty FMCG TRI,2023-03-23,53904.61235426696
Nifty FMCG TRI,2023-03-24,53659.76848909599
Nifty FMCG TRI,2023-03-27,53818.77849063098
Nifty FMCG TRI,2023-03-28,53649.75952243566
Nifty FMCG TRI,2023-03-29,54101.46358448694
Nifty FMCG TRI,2023-03-31,54681.51763516487
Nifty FMCG TRI,2023-04-03,54489.907842823115
Nifty FMCG TRI,2023-04-05,55236.37646542107
Nifty FMCG TRI,2023-04-06,54938.25344607016
Nifty FMCG TRI,2023-04-10,54709.472361875334
Nifty FMCG TRI,2023-04-11,55140.78424553005
Nifty FMCG TRI,2023-04-12,54955.807056537444
Nifty FMCG TRI,2023-04-13,55076.452050862084
Nifty FMCG TRI,2023-04-17,55653.61080252051
Nifty FMCG TRI,2023-04-18,55474.38744635806
Nifty FMCG TRI,2023-04-19,55339.672060104844
Nifty FMCG TRI,2023-04-20,55144.74603088996
Nifty FMCG TRI,2023-04-21,55640.15033937711
Nifty FMCG TRI,2023-04-24,55972.8876216319
Nifty FMCG TRI,2023-04-25,56104.90396988615
Nifty FMCG TRI,2023-04-26,56507.43649117493
Nifty FMCG TRI,2023-04-27,56477.12311676217
Nifty FMCG TRI,2023-04-28,57020.78789832869
Nifty FMCG TRI,2023-05-02,56953.86668907008
Nifty FMCG TRI,2023-05-03,57398.0582295288
Nifty FMCG TRI,2023-05-04,57324.89472304827
Nifty FMCG TRI,2023-05-05,57480.87225908713
Nifty FMCG TRI,2023-05-08,57908.21012126115
Nifty FMCG TRI,2023-05-09,57708.52426005545
Nifty FMCG TRI,2023-05-10,58038.09399194433
Nifty FMCG TRI,2023-05-11,58304.92716379201
Nifty FMCG TRI,2023-05-12,58409.62356724949
Nifty FMCG TRI,2023-05-15,59080.047460257076
Nifty FMCG TRI,2023-05-16,58962.576964844644
Nifty FMCG TRI,2023-05-17,58998.27660010371
Nifty FMCG TRI,2023-05-18,58350.569815526025
Nifty FMCG TRI,2023-05-19,58334.984190759256
Nifty FMCG TRI,2023-05-22,58554.600291575865
Nifty FMCG TRI,2023-05-23,58636.43335664935
Nifty FMCG TRI,2023-05-24,58921.100515175116
Nifty FMCG TRI,2023-05-25,59283.75109738876
Nifty FMCG TRI,2023-05-26,60158.918561121594
Nifty FMCG TRI,2023-05-29,60450.937694630404
Nifty FMCG TRI,2023-05-30,60812.59059980546
Nifty FMCG TRI,2023-05-31,60953.055311747106
Nifty FMCG TRI,2023-06-01,60903.23283950969
Nifty FMCG TRI,2023-06-02,61251.690020187474
Nifty FMCG TRI,2023-06-05,60984.17016327018
Nifty FMCG TRI,2023-06-06,60962.767118202195
Nifty FMCG TRI,2023-06-07,61647.31039809761
Nifty FMCG TRI,2023-06-08,61093.28604461223
Nifty FMCG TRI,2023-06-09,60535.93128397249
Nifty FMCG TRI,2023-06-12,60648.112451348585
Nifty FMCG TRI,2023-06-13,61487.11499388629
Nifty FMCG TRI,2023-06-14,61854.28525069508
Nifty FMCG TRI,2023-06-15,62189.643459017854
Nifty FMCG TRI,2023-06-16,62662.6846050075
Nifty FMCG TRI,2023-06-19,62292.286543876144
Nifty FMCG TRI,2023-06-20,62343.644099925725
Nifty FMCG TRI,2023-06-21,62070.75724320677
Nifty FMCG TRI,2023-06-22,61623.344697377855
Nifty FMCG TRI,2023-06-23,61298.2900757114
Nifty FMCG TRI,2023-06-26,61725.67901696661
Nifty FMCG TRI,2023-06-27,61684.68186793374
Nifty FMCG TRI,2023-06-28,62039.63212642932
Nifty FMCG TRI,2023-06-30,62404.9915548919
Nifty FMCG TRI,2023-07-03,63066.40760856928
Nifty FMCG TRI,2023-07-04,63156.63246126563
Nifty FMCG TRI,2023-07-05,64308.90669779125
Nifty FMCG TRI,2023-07-06,64298.91037085836
Nifty FMCG TRI,2023-07-07,63317.01860277897
Nifty FMCG TRI,2023-07-10,62838.78335774808
Nifty FMCG TRI,2023-07-11,63616.751981789625
Nifty FMCG TRI,2023-07-12,63733.10602069563
Nifty FMCG TRI,2023-07-13,63437.17841299716
Nifty FMCG TRI,2023-07-14,63946.69675608717
Nifty FMCG TRI,2023-07-17,63975.936378546474
Nifty FMCG TRI,2023-07-18,63821.8594118263
Nifty FMCG TRI,2023-07-19,64035.83341782613
Nifty FMCG TRI,2023-07-20,64902.860883831054
Nifty FMCG TRI,2023-07-21,64256.62739149089
Nifty FMCG TRI,2023-07-24,63156.55882696906
Nifty FMCG TRI,2023-07-25,62613.674758625515
Nifty FMCG TRI,2023-07-26,63273.73831273439
Nifty FMCG TRI,2023-07-27,62838.954803178174
Nifty FMCG TRI,2023-07-28,63397.09908088142
Nifty FMCG TRI,2023-07-31,63013.15229518436
Nifty FMCG TRI,2023-08-01,62853.26004044943
Nifty FMCG TRI,2023-08-02,62697.25031169009
Nifty FMCG TRI,2023-08-03,62333.02326952117
Nifty FMCG TRI,2023-08-04,62321.55174364665
Nifty FMCG TRI,2023-08-07,62355.34003797171
Nifty FMCG TRI,2023-08-08,62180.52722324525
Nifty FMCG TRI,2023-08-09,62520.5378722728
Nifty FMCG TRI,2023-08-10,61951.163001584515
Nifty FMCG TRI,2023-08-11,61502.22876570135
Nifty FMCG TRI,2023-08-14,61812.43672926383
Nifty FMCG TRI,2023-08-16,62070.235450355816
Nifty FMCG TRI,2023-08-17,61519.72937695954
Nifty FMCG TRI,2023-08-18,61655.216105550135
Nifty FMCG TRI,2023-08-21,62063.23964976933
Nifty FMCG TRI,2023-08-22,62476.332304943746
Nifty FMCG TRI,2023-08-23,62175.30451482668
Nifty FMCG TRI,2023-08-24,62355.72595705559
Nifty FMCG TRI,2023-08-25,61723.20286688345
Nifty FMCG TRI,2023-08-28,61591.7256964523
Nifty FMCG TRI,2023-08-29,61393.18031483962
Nifty FMCG TRI,2023-08-30,61743.87471664212
Nifty FMCG TRI,2023-08-31,61241.87969062364
Nifty FMCG TRI,2023-09-01,61421.60469580487
Nifty FMCG TRI,2023-09-04,61346.69611474144
Nifty FMCG TRI,2023-09-05,61800.817000384144
Nifty FMCG TRI,2023-09-06,62422.47003437493
Nifty FMCG TRI,2023-09-07,62171.12937032735
Nifty FMCG TRI,2023-09-08,62083.97496527664
Nifty FMCG TRI,2023-09-11,62644.09034142593
Nifty FMCG TRI,2023-09-12,62438.99443332047
Nifty FMCG TRI,2023-09-13,62630.725938867865
Nifty FMCG TRI,2023-09-14,62536.79400145109
Nifty FMCG TRI,2023-09-15,62241.8368768616
Nifty FMCG TRI,2023-09-18,62613.44794385919
Nifty FMCG TRI,2023-09-20,62289.31294414137
Nifty FMCG TRI,2023-09-21,61990.135034425584
Nifty FMCG TRI,2023-09-22,61915.70187328006
Nifty FMCG TRI,2023-09-25,61964.00841463157
Nifty FMCG TRI,2023-09-26,62290.994041472455
Nifty FMCG TRI,2023-09-27,62793.49621555481
Nifty FMCG TRI,2023-09-28,61595.565242260804
Nifty FMCG TRI,2023-09-29,61926.34916084429
Nifty FMCG TRI,2023-10-03,61598.218438660355
Nifty FMCG TRI,2023-10-04,61738.642697082934
Nifty FMCG TRI,2023-10-05,61679.702150364865
Nifty FMCG TRI,2023-10-06,61914.3117243771
Nifty FMCG TRI,2023-10-09,61831.78600883685
Nifty FMCG TRI,2023-10-10,62195.80424308664
Nifty FMCG TRI,2023-10-11,62739.231768205376
Nifty FMCG TRI,2023-10-12,62873.265628972236
Nifty FMCG TRI,2023-10-13,63064.04558486389
Nifty FMCG TRI,2023-10-16,62929.15197308019
Nifty FMCG TRI,2023-10-17,63247.98722380727
Nifty FMCG TRI,2023-10-18,62982.44414470625
Nifty FMCG TRI,2023-10-19,63074.249763481275
Nifty FMCG TRI,2023-10-20,62244.46610684799
Nifty FMCG TRI,2023-10-23,61769.538071496296
Nifty FMCG TRI,2023-10-25,61528.5446284326
Nifty FMCG TRI,2023-10-26,61199.77140393051
Nifty FMCG TRI,2023-10-27,61747.59420601843
Nifty FMCG TRI,2023-10-30,61497.646392982206
Nifty FMCG TRI,2023-10-31,61598.5693970457
Nifty FMCG TRI,2023-11-01,61391.02633022052
Nifty FMCG TRI,2023-11-02,61995.832889191246
Nifty FMCG TRI,2023-11-03,62373.91468883802
Nifty FMCG TRI,2023-11-06,62590.916594749615
Nifty FMCG TRI,2023-11-07,62658.73597930968
Nifty FMCG TRI,2023-11-08,63052.18606427841
Nifty FMCG TRI,2023-11-09,62487.14037074316
Nifty FMCG TRI,2023-11-10,62601.545570250164
Nifty FMCG TRI,2023-11-13,62548.54816245952
Nifty FMCG TRI,2023-11-15,62983.91038613455
Nifty FMCG TRI,2023-11-16,62893.0513809392
Nifty FMCG TRI,2023-11-17,63437.14523997504
Nifty FMCG TRI,2023-11-20,63197.16611838544
Nifty FMCG TRI,2023-11-21,63098.83653162175
Nifty FMCG TRI,2023-11-22,63372.01750241678
Nifty FMCG TRI,2023-11-23,63533.185895604045
Nifty FMCG TRI,2023-11-24,63239.70272004426
Nifty FMCG TRI,2023-11-28,63144.874539630044
Nifty FMCG TRI,2023-11-29,63431.30706188494
Nifty FMCG TRI,2023-11-30,63780.80799641871
Nifty FMCG TRI,2023-12-01,64791.22233686203
Nifty FMCG TRI,2023-12-04,65263.9184892456
Nifty FMCG TRI,2023-12-05,65113.99399675473
Nifty FMCG TRI,2023-12-06,65780.50256171389
Nifty FMCG TRI,2023-12-07,65194.21690605124
Nifty FMCG TRI,2023-12-08,64550.84447036934
Nifty FMCG TRI,2023-12-11,64968.63385482138
Nifty FMCG TRI,2023-12-12,64802.88830429625
Nifty FMCG TRI,2023-12-13,65260.96526568246
Nifty FMCG TRI,2023-12-14,65439.4957027857
Nifty FMCG TRI,2023-12-15,65231.191337970005
Nifty FMCG TRI,2023-12-18,65035.51729338462
Nifty FMCG TRI,2023-12-19,65952.62942544541
Nifty FMCG TRI,2023-12-20,65740.20628229735
Nifty FMCG TRI,2023-12-21,65990.21690987799
Nifty FMCG TRI,2023-12-22,66351.4507894711
Nifty FMCG TRI,2023-12-26,66823.96428725062
Nifty FMCG TRI,2023-12-27,67147.00834802233
Nifty FMCG TRI,2023-12-28,68058.09628963978
Nifty FMCG TRI,2023-12-29,68642.29204775848
Nifty FMCG TRI,2024-01-02,68921.29484471136
Nifty FMCG TRI,2024-01-03,68928.68338182737
Nifty FMCG TRI,2024-01-04,69522.57301073105
Nifty FMCG TRI,2024-01-05,69481.3729530166
Nifty FMCG TRI,2024-01-08,68291.48546641102
Nifty FMCG TRI,2024-01-09,68174.06439458771
Nifty FMCG TRI,2024-01-10,67906.71505524097
Nifty FMCG TRI,2024-01-11,67764.38383369899
Nifty FMCG TRI,2024-01-12,68077.12492666472
Nifty FMCG TRI,2024-01-15,68292.23028064477
Nifty FMCG TRI,2024-01-16,68413.80775995026
Nifty FMCG TRI,2024-01-17,67818.26733149763
Nifty FMCG TRI,2024-01-18,67452.27017139687
Nifty FMCG TRI,2024-01-19,68283.11208993701
Nifty FMCG TRI,2024-01-23,66284.74287305091
Nifty FMCG TRI,2024-01-24,67354.33634436343
Nifty FMCG TRI,2024-01-25,66579.79537379445
Nifty FMCG TRI,2024-01-29,66500.19885215908
Nifty FMCG TRI,2024-01-30,65821.76836160758
Nifty FMCG TRI,2024-01-31,66423.96091698037
Nifty FMCG TRI,2024-02-01,66600.84552009263
Nifty FMCG TRI,2024-02-02,66486.0697159304
Nifty FMCG TRI,2024-02-05,65987.51752815644
Nifty FMCG TRI,2024-02-06,65882.11343282586
Nifty FMCG TRI,2024-02-07,66082.4225125065
Nifty FMCG TRI,2024-02-08,64726.071279882046
Nifty FMCG TRI,2024-02-09,64995.24724704586
Nifty FMCG TRI,2024-02-12,64310.347457899814
Nifty FMCG TRI,2024-02-13,64480.83423544893
Nifty FMCG TRI,2024-02-14,64974.642981944155
Nifty FMCG TRI,2024-02-15,64352.49057827637
Nifty FMCG TRI,2024-02-16,64593.180669345136
Nifty FMCG TRI,2024-02-20,65042.9849117868
Nifty FMCG TRI,2024-02-21,65057.52886530347
Nifty FMCG TRI,2024-02-22,65696.20437845781
Nifty FMCG TRI,2024-02-23,65600.55087300342
Nifty FMCG TRI,2024-02-26,65583.88272121611
Nifty FMCG TRI,2024-02-27,65573.45321320287
Nifty FMCG TRI,2024-02-28,64994.64400220125
Nifty FMCG TRI,2024-02-29,65227.580653655525
Nifty FMCG TRI,2024-03-01,65483.292248847436
Nifty FMCG TRI,2024-03-04,65487.196067535995
Nifty FMCG TRI,2024-03-05,64803.043213961864
Nifty FMCG TRI,2024-03-06,65079.26616482164
Nifty FMCG TRI,2024-03-07,65718.12633333297
Nifty FMCG TRI,2024-03-11,65343.634591961745
Nifty FMCG TRI,2024-03-12,64800.998004719164
Nifty FMCG TRI,2024-03-13,64837.52602531938
Nifty FMCG TRI,2024-03-14,65422.129626391026
Nifty FMCG TRI,2024-03-15,65436.45475272557
Nifty FMCG TRI,2024-03-18,65145.246580251725
Nifty FMCG TRI,2024-03-19,63737.63358088727
Nifty FMCG TRI,2024-03-20,64045.51442523946
Nifty FMCG TRI,2024-03-21,64464.9139295355
Nifty FMCG TRI,2024-03-22,64996.143171832526
Nifty FMCG TRI,2024-03-26,64900.36295492795
Nifty FMCG TRI,2024-03-27,64728.747620315815
Nifty FMCG TRI,2024-03-28,65221.79419937385
Nifty FMCG TRI,2024-04-01,65159.819428268835
Nifty FMCG TRI,2024-04-02,65413.74719358466
Nifty FMCG TRI,2024-04-03,65137.98525402746
Nifty FMCG TRI,2024-04-04,64859.78213698215
Nifty FMCG TRI,2024-04-05,65214.94943478445
Nifty FMCG TRI,2024-04-08,65271.427414264464
Nifty FMCG TRI,2024-04-09,64866.836997373946
Nifty FMCG TRI,2024-04-10,65669.6811203623
Nifty FMCG TRI,2024-04-12,64961.92416655837
Nifty FMCG TRI,2024-04-15,64332.95168512114
Nifty FMCG TRI,2024-04-16,64610.58193846677
Nifty FMCG TRI,2024-04-18,63917.99149731494
Nifty FMCG TRI,2024-04-19,64198.84316441028
Nifty FMCG TRI,2024-04-22,64744.01476397921
Nifty FMCG TRI,2024-04-23,65237.82781940772
Nifty FMCG TRI,2024-04-24,65273.40581033551
Nifty FMCG TRI,2024-04-25,65710.75434586786
Nifty FMCG TRI,2024-04-26,65724.44928847646
Nifty FMCG TRI,2024-04-29,65770.49575259381
Nifty FMCG TRI,2024-04-30,65662.3523775623
Nifty FMCG TRI,2024-05-02,65970.31286963119
Nifty FMCG TRI,2024-05-03,65710.69592864443
Nifty FMCG TRI,2024-05-06,66186.43130125811
Nifty FMCG TRI,2024-05-07,67527.68436757229
Nifty FMCG TRI,2024-05-08,67825.00561581622
Nifty FMCG TRI,2024-05-09,66152.0831669812
Nifty FMCG TRI,2024-05-10,66943.66837109697
Nifty FMCG TRI,2024-05-13,67029.61451262956
Nifty FMCG TRI,2024-05-14,66685.44198881825
Nifty FMCG TRI,2024-05-15,66084.49906366179
Nifty FMCG TRI,2024-05-16,66621.46659338484
Nifty FMCG TRI,2024-05-17,66706.19416492226
Nifty FMCG TRI,2024-05-21,66601.42412091847
Nifty FMCG TRI,2024-05-22,67554.86755543933
Nifty FMCG TRI,2024-05-23,67733.44252070341
Nifty FMCG TRI,2024-05-24,67191.09120011001
Nifty FMCG TRI,2024-05-27,66970.68370062139
Nifty FMCG TRI,2024-05-28,66987.28964285097
Nifty FMCG TRI,2024-05-29,66629.20658433996
Nifty FMCG TRI,2024-05-30,65790.5751839555
Nifty FMCG TRI,2024-05-31,65583.86567065067
Nifty FMCG TRI,2024-06-03,66254.08038705456
Nifty FMCG TRI,2024-06-04,66885.8438081323
Nifty FMCG TRI,2024-06-05,69792.03368358304
Nifty FMCG TRI,2024-06-06,69559.91877421821
Nifty FMCG TRI,2024-06-07,70265.67350101247
Nifty FMCG TRI,2024-06-10,70320.82867000594
Nifty FMCG TRI,2024-06-11,70082.50101352307
Nifty FMCG TRI,2024-06-12,69724.82134435285
Nifty FMCG TRI,2024-06-13,69268.57655332834
Nifty FMCG TRI,2024-06-14,69403.41518133409
Nifty FMCG TRI,2024-06-18,69343.82900366899
Nifty FMCG TRI,2024-06-19,68714.84380164594
Nifty FMCG TRI,2024-06-20,68745.66451835862
Nifty FMCG TRI,2024-06-21,67924.07835299475
Nifty FMCG TRI,2024-06-24,68420.85401154277
Nifty FMCG TRI,2024-06-25,68246.07330320863
Nifty FMCG TRI,2024-06-26,68514.40318713975
Nifty FMCG TRI,2024-06-27,68766.43973845216
Nifty FMCG TRI,2024-06-28,68873.90647336234
Nifty FMCG TRI,2024-07-01,69365.17290603138
Nifty FMCG TRI,2024-07-02,68778.75472132211
Nifty FMCG TRI,2024-07-03,69398.56398272212
Nifty FMCG TRI,2024-07-04,69256.76730197581
Nifty FMCG TRI,2024-07-05,70005.61652515615
Nifty FMCG TRI,2024-07-08,71153.13804383404
Nifty FMCG TRI,2024-07-09,71849.79777112097
Nifty FMCG TRI,2024-07-10,72055.42180418022
Nifty FMCG TRI,2024-07-11,72261.23796209277
Nifty FMCG TRI,2024-07-12,72518.00956459554
Nifty FMCG TRI,2024-07-15,72945.76102792761
Nifty FMCG TRI,2024-07-16,73646.3349582068
Nifty FMCG TRI,2024-07-18,74356.98454127694
Nifty FMCG TRI,2024-07-19,74193.07468186264
Nifty FMCG TRI,2024-07-22,73951.74414327367
Nifty FMCG TRI,2024-07-23,75934.15775395694
Nifty FMCG TRI,2024-07-24,75537.71472048321
Nifty FMCG TRI,2024-07-25,75488.7366807597
Nifty FMCG TRI,2024-07-26,76207.74150459212
Nifty FMCG TRI,2024-07-29,75955.89272179251
Nifty FMCG TRI,2024-07-30,75114.69252228334
Nifty FMCG TRI,2024-07-31,75437.57417398346
Nifty FMCG TRI,2024-08-01,75551.23008061631
Nifty FMCG TRI,2024-08-02,75034.13261237818
Nifty FMCG TRI,2024-08-05,74806.67704754771
Nifty FMCG TRI,2024-08-06,74874.9936130396
Nifty FMCG TRI,2024-08-07,75751.36158511085
Nifty FMCG TRI,2024-08-08,75413.98507526016
Nifty FMCG TRI,2024-08-09,75556.6076009003
Nifty FMCG TRI,2024-08-12,74971.48019391745
Nifty FMCG TRI,2024-08-13,74764.57409425527
Nifty FMCG TRI,2024-08-14,74536.07023722405
Nifty FMCG TRI,2024-08-16,75645.83384074952
Nifty FMCG TRI,2024-08-19,75792.562172827
Nifty FMCG TRI,2024-08-20,75691.73566722585
Nifty FMCG TRI,2024-08-21,76730.13832673611
Nifty FMCG TRI,2024-08-22,77209.66104927615
Nifty FMCG TRI,2024-08-23,77122.3772791585
Nifty FMCG TRI,2024-08-26,77434.32988474412
Nifty FMCG TRI,2024-08-27,76614.18384908565
Nifty FMCG TRI,2024-08-28,76291.8330050051
Nifty FMCG TRI,2024-08-29,76841.6019223423
Nifty FMCG TRI,2024-08-30,76719.1809676973
Nifty FMCG TRI,2024-09-02,77359.88108618827
Nifty FMCG TRI,2024-09-03,77250.05190970254
Nifty FMCG TRI,2024-09-04,77566.1142710647
Nifty FMCG TRI,2024-09-05,77517.5575354005
Nifty FMCG TRI,2024-09-06,76882.18045511193
Nifty FMCG TRI,2024-09-09,78461.83621771354
Nifty FMCG TRI,2024-09-10,78609.99510146907
Nifty FMCG TRI,2024-09-11,78836.19075206187
Nifty FMCG TRI,2024-09-12,79746.32178685996
Nifty FMCG TRI,2024-09-13,79201.30007699113
Nifty FMCG TRI,2024-09-16,78643.89490893959
Nifty FMCG TRI,2024-09-17,78756.0054940612
Nifty FMCG TRI,2024-09-18,78672.28445371582
Nifty FMCG TRI,2024-09-19,79114.74176945454
Nifty FMCG TRI,2024-09-20,80207.76128712892
Nifty FMCG TRI,2024-09-23,80746.59104815034
Nifty FMCG TRI,2024-09-24,80130.53854860835
Nifty FMCG TRI,2024-09-25,79798.94402747789
Nifty FMCG TRI,2024-09-26,80575.83823094293
Nifty FMCG TRI,2024-09-27,80199.78230749787
Nifty FMCG TRI,2024-09-30,79837.93116562598
Nifty FMCG TRI,2024-10-01,79756.6397891611
Nifty FMCG TRI,2024-10-03,78582.73500004022
Nifty FMCG TRI,2024-10-04,77218.9519702702
Nifty FMCG TRI,2024-10-07,76799.85112112729
Nifty FMCG TRI,2024-10-08,77166.35139776819
Nifty FMCG TRI,2024-10-09,75960.40673631863
Nifty FMCG TRI,2024-10-10,75624.65770834894
Nifty FMCG TRI,2024-10-11,75656.86536445747
Nifty FMCG TRI,2024-10-14,76022.14431000818
Nifty FMCG TRI,2024-10-15,76312.16906737638
Nifty FMCG TRI,2024-10-16,76029.49935800278
Nifty FMCG TRI,2024-10-17,74788.61552885962
Nifty FMCG TRI,2024-10-18,74412.9702607994
Nifty FMCG TRI,2024-10-21,73493.22697088747
Nifty FMCG TRI,2024-10-22,73155.6875309875
Nifty FMCG TRI,2024-10-23,73276.57419371874
Nifty FMCG TRI,2024-10-24,71205.76603166696
Nifty FMCG TRI,2024-10-25,71832.51112048616
Nifty FMCG TRI,2024-10-28,72260.9988651517
Nifty FMCG TRI,2024-10-29,72204.43229926308
Nifty FMCG TRI,2024-10-30,72872.13649347464
Nifty FMCG TRI,2024-10-31,72209.28040692241
Nifty FMCG TRI,2024-11-01,72493.00694604148
Nifty FMCG TRI,2024-11-04,71660.75946403146
Nifty FMCG TRI,2024-11-05,71417.86307653246
Nifty FMCG TRI,2024-11-06,71680.14566036577
Nifty FMCG TRI,2024-11-07,70982.09403271359
Nifty FMCG TRI,2024-11-08,71203.5642643799
Nifty FMCG TRI,2024-11-11,70583.302180026
Nifty FMCG TRI,2024-11-12,69437.40378508481
Nifty FMCG TRI,2024-11-13,69129.41566606982
Nifty FMCG TRI,2024-11-14,68076.41399709496
Nifty FMCG TRI,2024-11-18,68736.44161328011
Nifty FMCG TRI,2024-11-19,68817.60734509559
Nifty FMCG TRI,2024-11-21,67987.19633260621
Nifty FMCG TRI,2024-11-22,69531.5125256375
Nifty FMCG TRI,2024-11-25,70030.52582871595
Nifty FMCG TRI,2024-11-26,70619.51432310448
Nifty FMCG TRI,2024-11-27,70854.81850814828
Nifty FMCG TRI,2024-11-28,70463.84571043275
Nifty FMCG TRI,2024-11-29,70756.9182373684
Nifty FMCG TRI,2024-12-02,70732.96425306426
Nifty FMCG TRI,2024-12-03,70457.62735060617
Nifty FMCG TRI,2024-12-04,69948.92683465297
Nifty FMCG TRI,2024-12-05,70360.7714877295
Nifty FMCG TRI,2024-12-06,70533.5495235435
Nifty FMCG TRI,2024-12-09,68973.96989083674
Nifty FMCG TRI,2024-12-10,69061.8696157232
Nifty FMCG TRI,2024-12-11,69353.68594097055
Nifty FMCG TRI,2024-12-12,68598.88567665518
Nifty FMCG TRI,2024-12-13,69484.697094409
Nifty FMCG TRI,2024-12-16,69282.77100515275
Nifty FMCG TRI,2024-12-17,69004.83416681038
Nifty FMCG TRI,2024-12-18,69008.076691275
Nifty FMCG TRI,2024-12-19,68632.14932851719
Nifty FMCG TRI,2024-12-20,67954.07453440243
Nifty FMCG TRI,2024-12-23,68615.4134776322
Nifty FMCG TRI,2024-12-24,68990.1187773561
Nifty FMCG TRI,2024-12-26,68774.10744389326
Nifty FMCG TRI,2024-12-27,69004.60653675969
Nifty FMCG TRI,2024-12-30,69225.972678969
Nifty FMCG TRI,2024-12-31,69450.41368997711
Nifty FMCG TRI,2025-01-02,70522.01698417334
Nifty FMCG TRI,2025-01-03,70703.00164575533
Nifty FMCG TRI,2025-01-06,69363.13882823038
Nifty FMCG TRI,2025-01-07,69372.26802472021
Nifty FMCG TRI,2025-01-08,69678.49298164432
Nifty FMCG TRI,2025-01-09,70327.16961215535
Nifty FMCG TRI,2025-01-10,69867.77694529376
Nifty FMCG TRI,2025-01-13,69022.9558341092
Nifty FMCG TRI,2025-01-14,68055.6562741484
Nifty FMCG TRI,2025-01-15,67963.79762541443
Nifty FMCG TRI,2025-01-16,67587.45730082404
Nifty FMCG TRI,2025-01-17,68276.4556448384
Nifty FMCG TRI,2025-01-20,68207.95479072869
Nifty FMCG TRI,2025-01-21,68069.50889405188
Nifty FMCG TRI,2025-01-22,68039.73282744762
Nifty FMCG TRI,2025-01-23,68269.84078676981
Nifty FMCG TRI,2025-01-24,68624.56370112287
Nifty FMCG TRI,2025-01-27,68125.14777703468
Nifty FMCG TRI,2025-01-28,67867.73661497465
Nifty FMCG TRI,2025-01-29,67529.08338515974
Nifty FMCG TRI,2025-01-30,68016.5038058226
Nifty FMCG TRI,2025-01-31,69406.37679611928
Nifty FMCG TRI,2025-02-03,70305.75620676027
Nifty FMCG TRI,2025-02-04,70131.25546755044
Nifty FMCG TRI,2025-02-05,69043.12758566058
Nifty FMCG TRI,2025-02-06,68382.28638263118
Nifty FMCG TRI,2025-02-07,67492.9370771865
Nifty FMCG TRI,2025-02-10,67186.85075037133
Nifty FMCG TRI,2025-02-11,65888.34133220988
Nifty FMCG TRI,2025-02-12,65823.35304677412
Nifty FMCG TRI,2025-02-13,65306.363459034896
Nifty FMCG TRI,2025-02-14,65093.18664050992
Nifty FMCG TRI,2025-02-17,64864.024168341035
Nifty FMCG TRI,2025-02-18,64297.5764225977
Nifty FMCG TRI,2025-02-19,64153.10871731975
Nifty FMCG TRI,2025-02-20,64127.360728895925
Nifty FMCG TRI,2025-02-21,63836.93649045605
Nifty FMCG TRI,2025-02-24,64074.70589412643
Nifty FMCG TRI,2025-02-25,64282.65471965091
Nifty FMCG TRI,2025-02-27,63799.849757865144
Nifty FMCG TRI,2025-02-28,62128.00287804948
Nifty FMCG TRI,2025-03-03,62255.300305223114
Nifty FMCG TRI,2025-03-04,61936.17163644543
Nifty FMCG TRI,2025-03-05,62864.08412397357
Nifty FMCG TRI,2025-03-06,63615.958676531765
Nifty FMCG TRI,2025-03-07,63620.3909241033
Nifty FMCG TRI,2025-03-10,63768.68764827141
Nifty FMCG TRI,2025-03-11,63703.907259193256
Nifty FMCG TRI,2025-03-12,63713.617385785474
Nifty FMCG TRI,2025-03-13,63620.561624480535
Nifty FMCG TRI,2025-03-17,63500.80019430591
Nifty FMCG TRI,2025-03-18,64364.25876187003
Nifty FMCG TRI,2025-03-19,64010.060652492175
Nifty FMCG TRI,2025-03-20,64839.196322689444
Nifty FMCG TRI,2025-03-21,64999.046442553685
Nifty FMCG TRI,2025-03-24,65309.66342574822
Nifty FMCG TRI,2025-03-25,65187.8556091468
Nifty FMCG TRI,2025-03-26,65015.30062611424
Nifty FMCG TRI,2025-03-27,65371.45727379342
Nifty FMCG TRI,2025-03-28,65758.43943218069
Nifty FMCG TRI,2025-04-01,65170.19214810367
Nifty FMCG TRI,2025-04-02,65910.28596224419
Nifty FMCG TRI,2025-04-03,66040.80139311083
Nifty FMCG TRI,2025-04-04,66072.88921150457
Nifty FMCG TRI,2025-04-07,65357.2546013486
Nifty FMCG TRI,2025-04-08,66660.0934614089
Nifty FMCG TRI,2025-04-09,67846.89888970413
Nifty FMCG TRI,2025-04-11,68437.28077577768
Nifty FMCG TRI,2025-04-15,68639.81682438149
Nifty FMCG TRI,2025-04-16,69193.56923083258
Nifty FMCG TRI,2025-04-17,69599.93100913394
Nifty FMCG TRI,2025-04-21,68943.10081508197
Nifty FMCG TRI,2025-04-22,70252.35548683556
Nifty FMCG TRI,2025-04-23,70628.7640389369
Nifty FMCG TRI,2025-04-24,69881.87906265122
Nifty FMCG TRI,2025-04-25,69448.37562924165
Nifty FMCG TRI,2025-04-28,69564.92519003635
Nifty FMCG TRI,2025-04-29,69388.61961595458
Nifty FMCG TRI,2025-04-30,69355.6328279875
Nifty FMCG TRI,2025-05-02,69123.99987822752
Nifty FMCG TRI,2025-05-05,69973.00805896058
Nifty FMCG TRI,2025-05-06,69910.96707341686
Nifty FMCG TRI,2025-05-07,69553.51623500661
Nifty FMCG TRI,2025-05-08,68856.30378924137
Nifty FMCG TRI,2025-05-09,68382.56135082056
Nifty FMCG TRI,2025-05-12,70196.06017029032
Nifty FMCG TRI,2025-05-13,69255.6851269873
Nifty FMCG TRI,2025-05-14,69280.08557752578
Nifty FMCG TRI,2025-05-15,69693.8611363544
Nifty FMCG TRI,2025-05-16,70158.82040942421
Nifty FMCG TRI,2025-05-19,70036.93023386339
Nifty FMCG TRI,2025-05-20,69118.16956906187
Nifty FMCG TRI,2025-05-21,69375.42540370591
Nifty FMCG TRI,2025-05-22,68375.82660014291
Nifty FMCG TRI,2025-05-23,69490.42021524995
Nifty FMCG TRI,2025-05-26,70172.53971738076
Nifty FMCG TRI,2025-05-27,69557.7825056834
Nifty FMCG TRI,2025-05-28,68522.69997120571
Nifty FMCG TRI,2025-05-29,68435.19546696139
Nifty FMCG TRI,2025-05-30,68010.54432049805
Nifty FMCG TRI,2025-06-02,68571.97810225103
Nifty FMCG TRI,2025-06-03,68240.4051096578
Nifty FMCG TRI,2025-06-04,68329.01254048689
Nifty FMCG TRI,2025-06-05,68457.18657661689
Nifty FMCG TRI,2025-06-06,68669.48276621314
Nifty FMCG TRI,2025-06-09,68952.82802567823
Nifty FMCG TRI,2025-06-10,69168.1930245226
Nifty FMCG TRI,2025-06-11,68705.51468596606
Nifty FMCG TRI,2025-06-12,67826.39173490078
Nifty FMCG TRI,2025-06-13,67118.96908976662
Nifty FMCG TRI,2025-06-16,67553.31802723672
Nifty FMCG TRI,2025-06-17,67353.48862741019
Nifty FMCG TRI,2025-06-18,67040.61967992896
Nifty FMCG TRI,2025-06-19,66835.39990537934
Nifty FMCG TRI,2025-06-20,67265.93122639543
Nifty FMCG TRI,2025-06-23,66776.5398338899
Nifty FMCG TRI,2025-06-24,66926.36116511331
Nifty FMCG TRI,2025-06-25,67422.87024064297
Nifty FMCG TRI,2025-06-26,67883.21315607005
Nifty FMCG TRI,2025-06-27,67873.90938397711
Nifty FMCG TRI,2025-06-30,67604.93429236302
Nifty FMCG TRI,2025-07-01,67138.42503964882
Nifty FMCG TRI,2025-07-02,67063.24535578523
Nifty FMCG TRI,2025-07-03,67159.66844843807
Nifty FMCG TRI,2025-07-04,67433.25922107308
Nifty FMCG TRI,2025-07-07,68571.67943947841
Nifty FMCG TRI,2025-07-08,68391.06236654968
Nifty FMCG TRI,2025-07-09,68938.74262320329
Nifty FMCG TRI,2025-07-10,68549.68680781203
Nifty FMCG TRI,2025-07-11,68900.06170596964
Nifty FMCG TRI,2025-07-14,69050.65685315238
Nifty FMCG TRI,2025-07-15,69550.73658024348
Nifty FMCG TRI,2025-07-16,69869.7296376305
Nifty FMCG TRI,2025-07-17,70066.71774920536
Nifty FMCG TRI,2025-07-18,69655.20398371707
Nifty FMCG TRI,2025-07-21,69313.35158089371
Nifty FMCG TRI,2025-07-22,69046.48323885987
Nifty FMCG TRI,2025-07-23,68687.31063773872
Nifty FMCG TRI,2025-07-24,67920.11052164562
Nifty FMCG TRI,2025-07-25,67299.08301190463
Nifty FMCG TRI,2025-07-28,67495.99110610998
Nifty FMCG TRI,2025-07-29,67693.83974597842
Nifty FMCG TRI,2025-07-30,67856.00167727139
Nifty FMCG TRI,2025-07-31,68835.2633772928
Nifty FMCG TRI,2025-08-01,69312.8035273301
Nifty FMCG TRI,2025-08-04,69250.4721406978
Nifty FMCG TRI,2025-08-05,68752.52024490958
Nifty FMCG TRI,2025-08-06,68134.92719944922
Nifty FMCG TRI,2025-08-07,68221.22449768487
Nifty FMCG TRI,2025-08-08,67733.5308967869
Nifty FMCG TRI,2025-08-11,68246.41339206658
Nifty FMCG TRI,2025-08-12,67909.30706019035
Nifty FMCG TRI,2025-08-13,67882.08831810838
Nifty FMCG TRI,2025-08-14,67448.19242855707
Nifty FMCG TRI,2025-08-18,68258.91802664791
Nifty FMCG TRI,2025-08-19,68980.55136871683
Nifty FMCG TRI,2025-08-20,69942.9453809625
Nifty FMCG TRI,2025-08-21,69500.18007012519
Nifty FMCG TRI,2025-08-22,68804.80919295741
Nifty FMCG TRI,2025-08-25,68744.33232415888
Nifty FMCG TRI,2025-08-26,69371.06496938434
Nifty FMCG TRI,2025-08-28,68667.91332920468
Nifty FMCG TRI,2025-08-29,69323.79960153799
Nifty FMCG TRI,2025-09-01,69373.460243843
Nifty FMCG TRI,2025-09-02,70156.06912092684
Nifty FMCG TRI,2025-09-03,70359.74498822859
Nifty FMCG TRI,2025-09-04,70529.16816554144
Nifty FMCG TRI,2025-09-05,69529.16447028116
Nifty FMCG TRI,2025-09-08,69388.44232114617
Nifty FMCG TRI,2025-09-09,69793.93252915604
Nifty FMCG TRI,2025-09-10,70241.02983047317
Nifty FMCG TRI,2025-09-11,70372.07122223903
Nifty FMCG TRI,2025-09-12,69876.4726814214
Nifty FMCG TRI,2025-09-15,69877.8553590289
Nifty FMCG TRI,2025-09-16,69692.00804596159
Nifty FMCG TRI,2025-09-17,69598.89458686307
Nifty FMCG TRI,2025-09-18,69850.56280903069
Nifty FMCG TRI,2025-09-19,69545.3106454762
Nifty FMCG TRI,2025-09-22,69224.66644660367
Nifty FMCG TRI,2025-09-23,68331.10133431447
Nifty FMCG TRI,2025-09-24,68454.28160416489
Nifty FMCG TRI,2025-09-25,68122.1362937928
Nifty FMCG TRI,2025-09-26,67802.9439676746
Nifty FMCG TRI,2025-09-29,67932.70821138911
Nifty FMCG TRI,2025-09-30,67644.79572966178
Nifty FMCG TRI,2025-10-01,68135.52474009774
Nifty FMCG TRI,2025-10-03,68221.76530336584
Nifty FMCG TRI,2025-10-06,68090.41813341698
Nifty FMCG TRI,2025-10-07,67729.8370081696
Nifty FMCG TRI,2025-10-08,67393.46016098325
Nifty FMCG TRI,2025-10-09,67665.59700015027
Nifty FMCG TRI,2025-10-10,67988.71576328455
Nifty FMCG TRI,2025-10-13,67387.65554166817
Nifty FMCG TRI,2025-10-14,67068.62704080659
Nifty FMCG TRI,2025-10-15,67733.18152063733
Nifty FMCG TRI,2025-10-16,69103.3122414994
Nifty FMCG TRI,2025-10-17,70049.54446344306
Nifty FMCG TRI,2025-10-20,70034.29095069338
Nifty FMCG TRI,2025-10-21,70051.99541560675
Nifty FMCG TRI,2025-10-23,70259.80260457823
Nifty FMCG TRI,2025-10-24,69737.48589118879
Nifty FMCG TRI,2025-10-27,69846.08533720272
Nifty FMCG TRI,2025-10-28,69454.19336736326
Nifty FMCG TRI,2025-10-29,70082.5219350338
Nifty FMCG TRI,2025-10-30,69748.84777343267
Nifty FMCG TRI,2025-10-31,69584.56473227739
Nifty FMCG TRI,2025-11-03,69525.22449284188
Nifty FMCG TRI,2025-11-04,69109.43481648299
Nifty FMCG TRI,2025-11-06,68986.4724309681
Nifty FMCG TRI,2025-11-07,68649.30131735897
Nifty FMCG TRI,2025-11-10,68530.443330803
Nifty FMCG TRI,2025-11-11,68766.82510156084
Nifty FMCG TRI,2025-11-12,68777.24360631453
Nifty FMCG TRI,2025-11-13,68426.17202948156
Nifty FMCG TRI,2025-11-14,68821.99513154312
Nifty FMCG TRI,2025-11-17,68974.54679694495
Nifty FMCG TRI,2025-11-18,68588.72246428953
Nifty FMCG TRI,2025-11-19,68613.01578609047
Nifty FMCG TRI,2025-11-20,68672.68003742227
Nifty FMCG TRI,2025-11-21,68772.1239169023
Nifty FMCG TRI,2025-11-24,68326.31060555583
Nifty FMCG TRI,2025-11-25,68222.4635778628
Nifty FMCG TRI,2025-11-26,68709.18537194347
Nifty FMCG TRI,2025-11-27,68746.62466771208
Nifty FMCG TRI,2025-11-28,68904.66013292767
Nifty FMCG TRI,2025-12-01,68794.95798458807
Nifty FMCG TRI,2025-12-02,68661.96446616731
Nifty FMCG TRI,2025-12-03,68117.03193011992
Nifty FMCG TRI,2025-12-04,68442.37479307993
Nifty FMCG TRI,2025-12-05,68437.16939989805
Nifty FMCG TRI,2025-12-08,67624.29500043862
Nifty FMCG TRI,2025-12-09,67603.11976467435
Nifty FMCG TRI,2025-12-10,67587.02859672361
Nifty FMCG TRI,2025-12-11,67730.71263860671
Nifty FMCG TRI,2025-12-12,67573.69044122063
Nifty FMCG TRI,2025-12-15,68050.26810773245
Nifty FMCG TRI,2025-12-16,68046.90358865609
Nifty FMCG TRI,2025-12-17,67727.12439752708
Nifty FMCG TRI,2025-12-18,67659.24556758013
Nifty FMCG TRI,2025-12-19,67953.38761633722
Nifty FMCG TRI,2025-12-22,68310.67469864993
Nifty FMCG TRI,2025-12-23,68668.28510925702
Nifty FMCG TRI,2025-12-24,68379.64571784606
Nifty FMCG TRI,2025-12-26,68407.9282724787
Nifty FMCG TRI,2025-12-29,68491.24591365858
Nifty FMCG TRI,2025-12-30,68296.34499449389
Nifty FMCG TRI,2025-12-31,68848.29555726479
Nifty FMCG TRI,2026-01-02,65879.04792491857
Nifty FMCG TRI,2026-01-05,66336.8312774661
Nifty FMCG TRI,2026-01-06,66489.550604377
Nifty FMCG TRI,2026-01-07,66407.66090781224
Nifty FMCG TRI,2026-01-08,65809.93330230855
Nifty FMCG TRI,2026-01-09,65102.47237903878
Nifty FMCG TRI,2026-01-12,65492.0607690508
Nifty FMCG TRI,2026-01-13,65285.68627537389
Nifty FMCG TRI,2026-01-14,64892.846102137984
Nifty FMCG TRI,2026-01-16,64753.89617705401
Nifty FMCG TRI,2026-01-19,65193.35277393192
Nifty FMCG TRI,2026-01-20,64230.987653694225
Nifty FMCG TRI,2026-01-21,63847.928556259074
Nifty FMCG TRI,2026-01-22,64565.8937347163
Nifty FMCG TRI,2026-01-23,64175.552778909114
Nifty FMCG TRI,2026-01-27,63798.008479368335
Nifty FMCG TRI,2026-01-28,63347.975721415176
Nifty FMCG TRI,2026-01-29,62777.07087310319
Nifty FMCG TRI,2026-01-30,63638.621550530865
Nifty FMCG TRI,2026-02-02,62910.71113954878
Nifty FMCG TRI,2026-02-03,63141.261817161845
Nifty FMCG TRI,2026-02-04,63288.12975222558
Nifty FMCG TRI,2026-02-05,63053.193888760965
Nifty FMCG TRI,2026-02-06,64486.50002583261
Nifty FMCG TRI,2026-02-09,64698.93617291016
Nifty FMCG TRI,2026-02-10,64804.937873526585
Nifty FMCG TRI,2026-02-11,64834.49733856699
Nifty FMCG TRI,2026-02-12,64506.00355108613
Nifty FMCG TRI,2026-02-13,63285.73866638669
Nifty FMCG TRI,2026-02-16,63811.62121746508
Nifty FMCG TRI,2026-02-17,64385.54062504278
Nifty FMCG TRI,2026-02-18,65169.35336508219
Nifty FMCG TRI,2026-02-19,64024.305972558934
Nifty FMCG TRI,2026-02-20,64386.448400302455
Nifty FMCG TRI,2026-02-23,64846.62944425532
Nifty FMCG TRI,2026-02-24,64972.28664807303
Nifty FMCG TRI,2026-02-25,64813.292545919205
Nifty FMCG TRI,2026-02-26,64713.5572318033
Nifty FMCG TRI,2026-02-27,63620.486076430076
Nifty FMCG TRI,2026-03-02,63142.36514023871
Nifty FMCG TRI,2026-03-04,61960.31811531413
Nifty FMCG TRI,2026-03-05,62215.810247987196
Nifty FMCG TRI,2026-03-06,62180.76808305384
Nifty FMCG TRI,2026-03-09,61219.89938569906
Nifty FMCG TRI,2026-03-10,61734.094542473715
Nifty FMCG TRI,2026-03-11,61059.73304552865
Nifty FMCG TRI,2026-03-12,59978.689835512705
Nifty FMCG TRI,2026-03-13,59651.288725248414
Nifty FMCG TRI,2026-03-16,60336.6598771356
Nifty FMCG TRI,2026-03-17,59885.47309038431
Nifty FMCG TRI,2026-03-18,59856.231086554675
Nifty FMCG TRI,2026-03-19,58343.43482097534
Nifty FMCG TRI,2026-03-20,58527.0954030168
Nifty FMCG TRI,2026-03-23,57076.7352005587
Nifty FMCG TRI,2026-03-24,57790.41682988565
Nifty FMCG TRI,2026-03-25,58882.48303711266
Nifty FMCG TRI,2026-03-27,57821.0207124516
Nifty FMCG TRI,2026-03-30,56721.344277099284
Nifty FMCG TRI,2026-04-01,57470.00627938971
Nifty FMCG TRI,2026-04-02,57592.18599416695
Nifty FMCG TRI,2026-04-06,58059.95427283479
Nifty FMCG TRI,2026-04-07,58535.853333812294
Nifty FMCG TRI,2026-04-08,59440.54434219782
Nifty FMCG TRI,2026-04-09,59363.77845598677
Nifty FMCG TRI,2026-04-10,60055.742765387346
Nifty FMCG TRI,2026-04-13,59285.844406052645
Nifty FMCG TRI,2026-04-15,60188.06977211773
Nifty FMCG TRI,2026-04-16,60299.58573988349
Nifty FMCG TRI,2026-04-17,61897.35211179906
Nifty FMCG TRI,2026-04-20,61777.76547626723
Nifty FMCG TRI,2026-04-21,63356.52866434182
Nifty FMCG TRI,2026-04-22,63831.496593714495
Nifty FMCG TRI,2026-04-23,63761.16172800538
Nifty FMCG TRI,2026-04-24,63297.132898264266
Nifty FMCG TRI,2026-04-27,63654.34209421282
Nifty FMCG TRI,2026-04-28,63452.734366536795
Nifty FMCG TRI,2026-04-29,64564.04643451436
Nifty FMCG TRI,2026-04-30,63694.05548775213
Nifty FMCG TRI,2026-05-04,63946.299635909905
Nifty FMCG TRI,2026-05-05,64357.491233688736
Nifty FMCG TRI,2026-05-06,64194.20449953144
Nifty FMCG TRI,2026-05-07,63707.67623349417
Nifty FMCG TRI,2026-05-08,63831.84563690014
Nifty FMCG TRI,2026-05-11,63889.248052703326
Nifty FMCG TRI,2026-05-12,62953.85628075905
Nifty FMCG TRI,2026-05-13,63144.78196157975
Nifty FMCG TRI,2026-05-14,63364.85264429289
Nifty FMCG TRI,2026-05-15,63707.11863599397
Nifty FMCG TRI,2026-05-18,63526.14139014218
Nifty FMCG TRI,2026-05-19,63507.825167889874
Nifty FMCG TRI,2026-05-20,63057.58162455145
Nifty FMCG TRI,2026-05-21,62739.36264264922
Nifty FMCG TRI,2026-05-22,62724.756568181016
Nifty FMCG TRI,2026-05-25,62617.51029629478
Nifty FMCG TRI,2026-05-26,62706.95774413807
Nifty FMCG TRI,2026-05-27,62602.82454861364
Nifty FMCG TRI,2026-05-29,61660.79545326524
Nifty FMCG TRI,2026-06-01,60250.17030375137
Nifty FMCG TRI,2026-06-02,60708.571957657005
Nifty FMCG TRI,2026-06-03,60100.5348283246
Nifty FMCG TRI,2026-06-04,60217.948848268694
Nifty FMCG TRI,2026-06-05,60328.37614960192
Nifty FMCG TRI,2026-06-08,60081.18159098743
Nifty FMCG TRI,2026-06-09,60519.28051059194
Nifty FMCG TRI,2026-06-10,61158.35499386367
Nifty FMCG TRI,2026-06-11,60617.1637098881
Nifty FMCG TRI,2026-06-12,61001.68010321362
Nifty FMCG TRI,2026-06-15,61278.77436357697
Nifty FMCG TRI,2026-06-16,62029.7416907411
Nifty FMCG TRI,2026-06-17,61924.37173167793
Nifty FMCG TRI,2026-06-18,62049.92142535873
Nifty FMCG TRI,2026-06-19,61932.73006981704
Nifty FMCG TRI,2026-06-22,61685.84026957131
Nifty FMCG TRI,2026-06-23,61318.32445573016
Nifty FMCG TRI,2026-06-24,61353.38590236735
Nifty FMCG TRI,2026-06-25,61773.569099852946
Nifty FMCG TRI,2026-06-30,61004.69420736373
