index_name,date,tri
Nifty 50 TRI,2011-06-30,5647.39990234375
Nifty 50 TRI,2011-07-01,5627.399191809356
Nifty 50 TRI,2011-07-04,5651.299324220373
Nifty 50 TRI,2011-07-05,5633.096016960214
Nifty 50 TRI,2011-07-06,5626.643908508558
Nifty 50 TRI,2011-07-07,5730.368508778882
Nifty 50 TRI,2011-07-08,5662.251535687148
Nifty 50 TRI,2011-07-11,5618.285127544234
Nifty 50 TRI,2011-07-12,5528.49543478356
Nifty 50 TRI,2011-07-13,5588.018501226216
Nifty 50 TRI,2011-07-15,5584.061324282158
Nifty 50 TRI,2011-07-18,5570.594518892794
Nifty 50 TRI,2011-07-19,5617.322767066378
Nifty 50 TRI,2011-07-20,5570.988515323283
Nifty 50 TRI,2011-07-21,5545.71691056175
Nifty 50 TRI,2011-07-22,5638.334997618452
Nifty 50 TRI,2011-07-25,5685.323793226997
Nifty 50 TRI,2011-07-26,5579.97813991304
Nifty 50 TRI,2011-07-27,5552.098378503868
Nifty 50 TRI,2011-07-28,5493.18641701675
Nifty 50 TRI,2011-07-29,5487.624774586662
Nifty 50 TRI,2011-08-01,5523.046183769384
Nifty 50 TRI,2011-08-02,5462.921146110291
Nifty 50 TRI,2011-08-03,5411.302075067894
Nifty 50 TRI,2011-08-04,5338.403029060723
Nifty 50 TRI,2011-08-05,5217.888443529193
Nifty 50 TRI,2011-08-08,5125.564024759808
Nifty 50 TRI,2011-08-09,5080.0307615531265
Nifty 50 TRI,2011-08-10,5168.488209311898
Nifty 50 TRI,2011-08-11,5145.937048780554
Nifty 50 TRI,2011-08-12,5080.669970894864
Nifty 50 TRI,2011-08-16,5044.176498853703
Nifty 50 TRI,2011-08-17,5065.19050726048
Nifty 50 TRI,2011-08-18,4952.724414431599
Nifty 50 TRI,2011-08-19,4854.22524387735
Nifty 50 TRI,2011-08-22,4907.9898572115435
Nifty 50 TRI,2011-08-23,4958.359279529262
Nifty 50 TRI,2011-08-24,4898.417813128799
Nifty 50 TRI,2011-08-25,4849.193507091338
Nifty 50 TRI,2011-08-26,4757.379471661331
Nifty 50 TRI,2011-08-29,4930.049399008858
Nifty 50 TRI,2011-08-30,5011.799423529106
Nifty 50 TRI,2011-09-02,5051.419509224187
Nifty 50 TRI,2011-09-05,5029.101544785231
Nifty 50 TRI,2011-09-06,5076.492394893481
Nifty 50 TRI,2011-09-07,5137.169449804243
Nifty 50 TRI,2011-09-08,5166.02209890069
Nifty 50 TRI,2011-09-09,5072.16917801902
Nifty 50 TRI,2011-09-12,4959.761738642919
Nifty 50 TRI,2011-09-13,4954.071987983884
Nifty 50 TRI,2011-09-14,5026.039477224629
Nifty 50 TRI,2011-09-15,5089.53979357612
Nifty 50 TRI,2011-09-16,5098.293196700477
Nifty 50 TRI,2011-09-19,5046.384267712079
Nifty 50 TRI,2011-09-20,5155.127077162512
Nifty 50 TRI,2011-09-21,5148.338754760788
Nifty 50 TRI,2011-09-22,4938.297183744601
Nifty 50 TRI,2011-09-23,4882.403637653162
Nifty 50 TRI,2011-09-26,4850.470704728316
Nifty 50 TRI,2011-09-27,4986.9205629810485
Nifty 50 TRI,2011-09-28,4961.666010576559
Nifty 50 TRI,2011-09-29,5031.615938268122
Nifty 50 TRI,2011-09-30,4959.358401284031
Nifty 50 TRI,2011-10-03,4865.819079419654
Nifty 50 TRI,2011-10-04,4788.378017489074
Nifty 50 TRI,2011-10-05,4767.625610364667
Nifty 50 TRI,2011-10-07,4905.192402539958
Nifty 50 TRI,2011-10-10,4997.593923351083
Nifty 50 TRI,2011-10-11,4992.501497631846
Nifty 50 TRI,2011-10-12,5118.18859872296
Nifty 50 TRI,2011-10-13,5096.739625234867
Nifty 50 TRI,2011-10-14,5151.574054708333
Nifty 50 TRI,2011-10-17,5138.016539720049
Nifty 50 TRI,2011-10-18,5057.133516177721
Nifty 50 TRI,2011-10-19,5159.36204192273
Nifty 50 TRI,2011-10-20,5112.106983628761
Nifty 50 TRI,2011-10-21,5070.17009192359
Nifty 50 TRI,2011-10-24,5119.306855172155
Nifty 50 TRI,2011-10-25,5213.124505989482
Nifty 50 TRI,2011-10-28,5383.496788380515
Nifty 50 TRI,2011-10-31,5349.81920069847
Nifty 50 TRI,2011-11-01,5281.056796701345
Nifty 50 TRI,2011-11-02,5281.745767478113
Nifty 50 TRI,2011-11-03,5289.26495055516
Nifty 50 TRI,2011-11-04,5307.985239179002
Nifty 50 TRI,2011-11-08,5313.909925668694
Nifty 50 TRI,2011-11-09,5245.477987649661
Nifty 50 TRI,2011-11-11,5193.401341650472
Nifty 50 TRI,2011-11-14,5173.352771815804
Nifty 50 TRI,2011-11-15,5093.294996094205
Nifty 50 TRI,2011-11-16,5055.23781624217
Nifty 50 TRI,2011-11-17,4959.241425794792
Nifty 50 TRI,2011-11-18,4930.3218955277125
Nifty 50 TRI,2011-11-21,4802.744606420236
Nifty 50 TRI,2011-11-22,4837.089233258903
Nifty 50 TRI,2011-11-23,4730.812216284907
Nifty 50 TRI,2011-11-25,4734.765314641043
Nifty 50 TRI,2011-11-28,4877.273902969391
Nifty 50 TRI,2011-11-29,4830.997674518299
Nifty 50 TRI,2011-11-30,4858.264428040912
Nifty 50 TRI,2011-12-01,4963.808809499858
Nifty 50 TRI,2011-12-02,5077.906876991846
Nifty 50 TRI,2011-12-05,5067.38397863519
Nifty 50 TRI,2011-12-07,5091.325637369767
Nifty 50 TRI,2011-12-08,4971.876326351569
Nifty 50 TRI,2011-12-09,4894.660350107406
Nifty 50 TRI,2011-12-12,4792.482065517256
Nifty 50 TRI,2011-12-13,4828.8634925713895
Nifty 50 TRI,2011-12-14,4791.462933348593
Nifty 50 TRI,2011-12-15,4774.63177303467
Nifty 50 TRI,2011-12-16,4679.482670418018
Nifty 50 TRI,2011-12-19,4641.244248752211
Nifty 50 TRI,2011-12-20,4572.085672093219
Nifty 50 TRI,2011-12-21,4722.116392569786
Nifty 50 TRI,2011-12-22,4763.236230591844
Nifty 50 TRI,2011-12-23,4743.430647811351
Nifty 50 TRI,2011-12-27,4780.834731207085
Nifty 50 TRI,2011-12-28,4736.016574267284
Nifty 50 TRI,2011-12-29,4676.249751674454
Nifty 50 TRI,2011-12-30,4654.322415560243
Nifty 50 TRI,2012-01-03,4796.916317686071
Nifty 50 TRI,2012-01-04,4781.331660145067
Nifty 50 TRI,2012-01-05,4781.803050633641
Nifty 50 TRI,2012-01-06,4786.150030134281
Nifty 50 TRI,2012-01-09,4775.28012933339
Nifty 50 TRI,2012-01-10,4882.933860716769
Nifty 50 TRI,2012-01-11,4894.585813752519
Nifty 50 TRI,2012-01-12,4864.852137519915
Nifty 50 TRI,2012-01-13,4900.017104238223
Nifty 50 TRI,2012-01-16,4908.492938042803
Nifty 50 TRI,2012-01-17,5002.732663365802
Nifty 50 TRI,2012-01-18,4991.327134968735
Nifty 50 TRI,2012-01-19,5054.554742168482
Nifty 50 TRI,2012-01-20,5085.152334974826
Nifty 50 TRI,2012-01-23,5083.324474030707
Nifty 50 TRI,2012-01-24,5165.203061169644
Nifty 50 TRI,2012-01-25,5196.5650175401215
Nifty 50 TRI,2012-01-27,5243.680463020224
Nifty 50 TRI,2012-01-30,5125.94458255148
Nifty 50 TRI,2012-01-31,5238.930447262254
Nifty 50 TRI,2012-02-01,5275.8453936878195
Nifty 50 TRI,2012-02-02,5310.4951201361955
Nifty 50 TRI,2012-02-03,5367.066102898262
Nifty 50 TRI,2012-02-06,5403.716196778252
Nifty 50 TRI,2012-02-07,5377.198432641675
Nifty 50 TRI,2012-02-08,5410.649851126634
Nifty 50 TRI,2012-02-09,5455.392895902803
Nifty 50 TRI,2012-02-10,5424.590175118325
Nifty 50 TRI,2012-02-13,5433.835407977088
Nifty 50 TRI,2012-02-14,5460.087357338975
Nifty 50 TRI,2012-02-15,5577.127345366691
Nifty 50 TRI,2012-02-16,5567.242548734499
Nifty 50 TRI,2012-02-17,5610.13790581516
Nifty 50 TRI,2012-02-21,5654.140724060456
Nifty 50 TRI,2012-02-22,5551.684103313075
Nifty 50 TRI,2012-02-23,5529.643770819217
Nifty 50 TRI,2012-02-24,5475.380992341429
Nifty 50 TRI,2012-02-27,5326.589445120638
Nifty 50 TRI,2012-02-28,5421.891438345129
Nifty 50 TRI,2012-02-29,5431.867430007712
Nifty 50 TRI,2012-03-01,5386.213838667519
Nifty 50 TRI,2012-03-02,5406.175660162708
Nifty 50 TRI,2012-03-05,5327.050530244531
Nifty 50 TRI,2012-03-06,5268.774127022243
Nifty 50 TRI,2012-03-07,5266.993358648574
Nifty 50 TRI,2012-03-09,5381.481906756943
Nifty 50 TRI,2012-03-12,5408.289290932226
Nifty 50 TRI,2012-03-13,5479.069361178363
Nifty 50 TRI,2012-03-14,5513.978307824251
Nifty 50 TRI,2012-03-15,5430.006034733105
Nifty 50 TRI,2012-03-16,5367.01974188727
Nifty 50 TRI,2012-03-19,5306.170481854722
Nifty 50 TRI,2012-03-20,5324.325375889309
Nifty 50 TRI,2012-03-21,5415.462066327599
Nifty 50 TRI,2012-03-22,5277.863533012983
Nifty 50 TRI,2012-03-23,5328.272131917365
Nifty 50 TRI,2012-03-26,5233.985907035949
Nifty 50 TRI,2012-03-27,5293.638068746746
Nifty 50 TRI,2012-03-28,5244.957578994804
Nifty 50 TRI,2012-03-29,5229.088914534758
Nifty 50 TRI,2012-03-30,5347.109783087322
Nifty 50 TRI,2012-04-02,5370.2471809296685
Nifty 50 TRI,2012-04-03,5411.43828937221
Nifty 50 TRI,2012-04-04,5375.676582334176
Nifty 50 TRI,2012-04-09,5287.233874333349
Nifty 50 TRI,2012-04-10,5296.714235587034
Nifty 50 TRI,2012-04-11,5279.9812804461135
Nifty 50 TRI,2012-04-12,5330.678036674338
Nifty 50 TRI,2012-04-13,5260.756233067061
Nifty 50 TRI,2012-04-16,5280.258310167303
Nifty 50 TRI,2012-04-17,5344.604129789618
Nifty 50 TRI,2012-04-18,5355.200211286198
Nifty 50 TRI,2012-04-19,5388.128098336244
Nifty 50 TRI,2012-04-20,5346.333119632319
Nifty 50 TRI,2012-04-23,5255.69424109835
Nifty 50 TRI,2012-04-24,5278.164283944335
Nifty 50 TRI,2012-04-25,5257.480797991997
Nifty 50 TRI,2012-04-26,5244.527606687625
Nifty 50 TRI,2012-04-27,5246.330348138054
Nifty 50 TRI,2012-04-30,5305.060825452725
Nifty 50 TRI,2012-05-02,5296.337801814653
Nifty 50 TRI,2012-05-03,5245.2193224142975
Nifty 50 TRI,2012-05-04,5142.739279214454
Nifty 50 TRI,2012-05-07,5170.887567140297
Nifty 50 TRI,2012-05-08,5055.599676328662
Nifty 50 TRI,2012-05-09,5030.347245181007
Nifty 50 TRI,2012-05-10,5021.323596123213
Nifty 50 TRI,2012-05-11,4984.287338586066
Nifty 50 TRI,2012-05-14,4963.476671032599
Nifty 50 TRI,2012-05-15,4999.050507681698
Nifty 50 TRI,2012-05-16,4913.712257190676
Nifty 50 TRI,2012-05-17,4925.973069717367
Nifty 50 TRI,2012-05-18,4947.641380697344
Nifty 50 TRI,2012-05-22,4917.031109642069
Nifty 50 TRI,2012-05-23,4892.06498103851
Nifty 50 TRI,2012-05-24,4978.991450321173
Nifty 50 TRI,2012-05-25,4978.155785956296
Nifty 50 TRI,2012-05-28,5044.706848440185
Nifty 50 TRI,2012-05-29,5049.388314867095
Nifty 50 TRI,2012-05-30,5009.747847158195
Nifty 50 TRI,2012-05-31,4983.108260980421
Nifty 50 TRI,2012-06-01,4899.643727716785
Nifty 50 TRI,2012-06-04,4906.7925795369465
Nifty 50 TRI,2012-06-05,4922.299796120506
Nifty 50 TRI,2012-06-06,5057.902169176989
Nifty 50 TRI,2012-06-07,5111.272117273531
Nifty 50 TRI,2012-06-08,5130.381936958107
Nifty 50 TRI,2012-06-11,5116.500301323892
Nifty 50 TRI,2012-06-12,5179.246263206958
Nifty 50 TRI,2012-06-13,5185.048635365422
Nifty 50 TRI,2012-06-14,5117.701126008264
Nifty 50 TRI,2012-06-15,5203.234785445148
Nifty 50 TRI,2012-06-18,5128.044752317619
Nifty 50 TRI,2012-06-19,5168.326458226969
Nifty 50 TRI,2012-06-20,5185.420497981227
Nifty 50 TRI,2012-06-21,5230.618784863478
Nifty 50 TRI,2012-06-22,5211.612130043934
Nifty 50 TRI,2012-06-25,5180.361728415077
Nifty 50 TRI,2012-06-26,5186.774058345257
Nifty 50 TRI,2012-06-27,5208.330178227
Nifty 50 TRI,2012-06-28,5215.8582874548
Nifty 50 TRI,2012-06-29,5347.478325550624
Nifty 50 TRI,2012-07-02,5347.741927735101
Nifty 50 TRI,2012-07-03,5357.403946704563
Nifty 50 TRI,2012-07-04,5372.385291032968
Nifty 50 TRI,2012-07-05,5397.65212492354
Nifty 50 TRI,2012-07-06,5387.356346693469
Nifty 50 TRI,2012-07-09,5345.569612548617
Nifty 50 TRI,2012-07-10,5416.898486101723
Nifty 50 TRI,2012-07-11,5377.515658649152
Nifty 50 TRI,2012-07-12,5305.699915019379
Nifty 50 TRI,2012-07-13,5297.779600774509
Nifty 50 TRI,2012-07-16,5267.933655825988
Nifty 50 TRI,2012-07-17,5263.660047843483
Nifty 50 TRI,2012-07-18,5287.616497268503
Nifty 50 TRI,2012-07-19,5314.565765266872
Nifty 50 TRI,2012-07-20,5276.636848070244
Nifty 50 TRI,2012-07-23,5188.839638289659
Nifty 50 TRI,2012-07-24,5199.415474576995
Nifty 50 TRI,2012-07-25,5180.740279210354
Nifty 50 TRI,2012-07-26,5113.393738767972
Nifty 50 TRI,2012-07-27,5171.220255112064
Nifty 50 TRI,2012-07-30,5273.128100730371
Nifty 50 TRI,2012-07-31,5302.927603745033
Nifty 50 TRI,2012-08-01,5314.778132317231
Nifty 50 TRI,2012-08-02,5302.034906497524
Nifty 50 TRI,2012-08-03,5290.0009427563755
Nifty 50 TRI,2012-08-06,5358.371293763396
Nifty 50 TRI,2012-08-07,5413.490347962972
Nifty 50 TRI,2012-08-08,5415.000341264455
Nifty 50 TRI,2012-08-09,5399.924396531486
Nifty 50 TRI,2012-08-10,5397.528092024806
Nifty 50 TRI,2012-08-13,5426.002354715214
Nifty 50 TRI,2012-08-14,5459.119508908627
Nifty 50 TRI,2012-08-16,5441.849731845032
Nifty 50 TRI,2012-08-17,5445.441182641108
Nifty 50 TRI,2012-08-21,5501.726256649636
Nifty 50 TRI,2012-08-22,5493.649257706348
Nifty 50 TRI,2012-08-23,5496.380939340633
Nifty 50 TRI,2012-08-24,5467.495685416408
Nifty 50 TRI,2012-08-27,5431.074912911029
Nifty 50 TRI,2012-08-29,5368.060942638849
Nifty 50 TRI,2012-08-30,5395.91536889731
Nifty 50 TRI,2012-08-31,5338.693977265981
Nifty 50 TRI,2012-09-03,5334.437428366728
Nifty 50 TRI,2012-09-04,5355.187799699229
Nifty 50 TRI,2012-09-05,5306.332112149373
Nifty 50 TRI,2012-09-06,5319.41587968034
Nifty 50 TRI,2012-09-07,5424.911716249992
Nifty 50 TRI,2012-09-10,5447.170625946601
Nifty 50 TRI,2012-09-11,5474.328441699565
Nifty 50 TRI,2012-09-12,5516.164964113175
Nifty 50 TRI,2012-09-13,5520.778502983035
Nifty 50 TRI,2012-09-14,5665.515204444593
Nifty 50 TRI,2012-09-17,5698.979478364995
Nifty 50 TRI,2012-09-18,5689.072641700158
Nifty 50 TRI,2012-09-20,5642.943852281639
Nifty 50 TRI,2012-09-21,5782.234332497461
Nifty 50 TRI,2012-09-24,5760.950768225169
Nifty 50 TRI,2012-09-25,5765.523733805445
Nifty 50 TRI,2012-09-26,5755.108794354853
Nifty 50 TRI,2012-09-27,5741.135844287911
Nifty 50 TRI,2012-09-28,5796.013249934425
Nifty 50 TRI,2012-10-01,5812.381811367273
Nifty 50 TRI,2012-10-03,5825.447733255291
Nifty 50 TRI,2012-10-04,5882.932023049799
Nifty 50 TRI,2012-10-05,5841.8191243421725
Nifty 50 TRI,2012-10-08,5770.309833192474
Nifty 50 TRI,2012-10-09,5799.590222585718
Nifty 50 TRI,2012-10-10,5746.469860145363
Nifty 50 TRI,2012-10-11,5803.50781326749
Nifty 50 TRI,2012-10-12,5771.176745189059
Nifty 50 TRI,2012-10-15,5783.178142359506
Nifty 50 TRI,2012-10-16,5743.46920463412
Nifty 50 TRI,2012-10-17,5756.1298173630785
Nifty 50 TRI,2012-10-18,5815.77576711809
Nifty 50 TRI,2012-10-19,5780.94520211084
Nifty 50 TRI,2012-10-22,5815.0216389871
Nifty 50 TRI,2012-10-23,5789.035537717117
Nifty 50 TRI,2012-10-25,5803.584338359982
Nifty 50 TRI,2012-10-29,5764.015996065505
Nifty 50 TRI,2012-10-30,5695.341194554883
Nifty 50 TRI,2012-10-31,5717.723150499742
Nifty 50 TRI,2012-11-01,5743.718036228367
Nifty 50 TRI,2012-11-02,5797.493699555316
Nifty 50 TRI,2012-11-05,5804.723324460392
Nifty 50 TRI,2012-11-06,5825.485005100201
Nifty 50 TRI,2012-11-07,5862.022910498004
Nifty 50 TRI,2012-11-08,5840.5015631022015
Nifty 50 TRI,2012-11-09,5787.27535589814
Nifty 50 TRI,2012-11-12,5785.293968085903
Nifty 50 TRI,2012-11-15,5732.259871000098
Nifty 50 TRI,2012-11-16,5674.486226210348
Nifty 50 TRI,2012-11-19,5672.390317558198
Nifty 50 TRI,2012-11-20,5672.743537085354
Nifty 50 TRI,2012-11-21,5716.981233077428
Nifty 50 TRI,2012-11-22,5730.369741407909
Nifty 50 TRI,2012-11-23,5729.401474569705
Nifty 50 TRI,2012-11-26,5739.480050490951
Nifty 50 TRI,2012-11-27,5832.9191770031
Nifty 50 TRI,2012-11-29,5932.684903693213
Nifty 50 TRI,2012-11-30,5988.760772475184
Nifty 50 TRI,2012-12-03,5980.330428143202
Nifty 50 TRI,2012-12-04,5999.183315556443
Nifty 50 TRI,2012-12-05,6010.85587311572
Nifty 50 TRI,2012-12-06,6042.037997746138
Nifty 50 TRI,2012-12-07,6018.310455287684
Nifty 50 TRI,2012-12-10,6020.477284637391
Nifty 50 TRI,2012-12-11,6010.3990076413575
Nifty 50 TRI,2012-12-12,5999.607040335536
Nifty 50 TRI,2012-12-13,5962.626033646117
Nifty 50 TRI,2012-12-14,5991.4716520571965
Nifty 50 TRI,2012-12-17,5969.99187709656
Nifty 50 TRI,2012-12-18,6009.848656813961
Nifty 50 TRI,2012-12-19,6043.491481829884
Nifty 50 TRI,2012-12-20,6030.250989075353
Nifty 50 TRI,2012-12-21,5960.440046152573
Nifty 50 TRI,2012-12-24,5969.278281587916
Nifty 50 TRI,2012-12-26,6020.520636046511
Nifty 50 TRI,2012-12-27,5984.541446498075
Nifty 50 TRI,2012-12-28,6023.750166955333
Nifty 50 TRI,2012-12-31,6021.075419483937
Nifty 50 TRI,2013-01-02,6111.388788411086
Nifty 50 TRI,2013-01-03,6128.175812985145
Nifty 50 TRI,2013-01-04,6135.173990295394
Nifty 50 TRI,2013-01-07,6107.522882712871
Nifty 50 TRI,2013-01-08,6121.30421095245
Nifty 50 TRI,2013-01-09,6090.717555803182
Nifty 50 TRI,2013-01-10,6088.025842799664
Nifty 50 TRI,2013-01-11,6070.54340163151
Nifty 50 TRI,2013-01-14,6145.402981131334
Nifty 50 TRI,2013-01-15,6178.827488834543
Nifty 50 TRI,2013-01-16,6123.18911547302
Nifty 50 TRI,2013-01-17,6161.512201493612
Nifty 50 TRI,2013-01-18,6187.441079283032
Nifty 50 TRI,2013-01-21,6206.362540659411
Nifty 50 TRI,2013-01-22,6172.091567818042
Nifty 50 TRI,2013-01-23,6178.22835733409
Nifty 50 TRI,2013-01-24,6142.780468359068
Nifty 50 TRI,2013-01-25,6199.433453400639
Nifty 50 TRI,2013-01-28,6200.24417217911
Nifty 50 TRI,2013-01-29,6175.048450379944
Nifty 50 TRI,2013-01-30,6181.238144854378
Nifty 50 TRI,2013-01-31,6160.020810857461
Nifty 50 TRI,2013-02-01,6123.643072848077
Nifty 50 TRI,2013-02-04,6112.399336852908
Nifty 50 TRI,2013-02-05,6081.629901039459
Nifty 50 TRI,2013-02-06,6084.193508943003
Nifty 50 TRI,2013-02-07,6063.5796439830065
Nifty 50 TRI,2013-02-08,6027.751310561141
Nifty 50 TRI,2013-02-11,6022.621388916648
Nifty 50 TRI,2013-02-12,6048.006639489913
Nifty 50 TRI,2013-02-13,6058.892545078388
Nifty 50 TRI,2013-02-14,6022.3413136060835
Nifty 50 TRI,2013-02-15,6012.800570936824
Nifty 50 TRI,2013-02-18,6024.469999034492
Nifty 50 TRI,2013-02-19,6067.07298328619
Nifty 50 TRI,2013-02-20,6070.709095585556
Nifty 50 TRI,2013-02-21,5978.1702721477495
Nifty 50 TRI,2013-02-22,5976.389452861851
Nifty 50 TRI,2013-02-25,5981.570101519691
Nifty 50 TRI,2013-02-26,5886.355211838368
Nifty 50 TRI,2013-02-27,5922.885792947874
Nifty 50 TRI,2013-02-28,5816.9843883300255
Nifty 50 TRI,2013-03-01,5844.421614256959
Nifty 50 TRI,2013-03-04,5823.376894423783
Nifty 50 TRI,2013-03-05,5911.215052217307
Nifty 50 TRI,2013-03-06,5946.529420661498
Nifty 50 TRI,2013-03-07,5992.423812122951
Nifty 50 TRI,2013-03-08,6076.853748289201
Nifty 50 TRI,2013-03-11,6074.074105076619
Nifty 50 TRI,2013-03-12,6045.4116659302335
Nifty 50 TRI,2013-03-13,5981.326700612801
Nifty 50 TRI,2013-03-14,6040.57462652408
Nifty 50 TRI,2013-03-15,6003.627115355539
Nifty 50 TRI,2013-03-18,5966.076573923156
Nifty 50 TRI,2013-03-19,5874.982415051782
Nifty 50 TRI,2013-03-20,5822.480393250164
Nifty 50 TRI,2013-03-21,5786.233253677886
Nifty 50 TRI,2013-03-22,5778.870995351507
Nifty 50 TRI,2013-03-25,5761.5873168660055
Nifty 50 TRI,2013-03-26,5769.717063055208
Nifty 50 TRI,2013-03-28,5812.007752556496
Nifty 50 TRI,2013-04-01,5835.180964409126
Nifty 50 TRI,2013-04-02,5880.090977845648
Nifty 50 TRI,2013-04-03,5803.369215486893
Nifty 50 TRI,2013-04-04,5703.163668840141
Nifty 50 TRI,2013-04-05,5681.369324022396
Nifty 50 TRI,2013-04-08,5671.433531648372
Nifty 50 TRI,2013-04-09,5622.6731175179075
Nifty 50 TRI,2013-04-10,5687.950878604728
Nifty 50 TRI,2013-04-11,5724.273895181188
Nifty 50 TRI,2013-04-12,5657.4995469967635
Nifty 50 TRI,2013-04-15,5698.883673271675
Nifty 50 TRI,2013-04-16,5822.464703896449
Nifty 50 TRI,2013-04-17,5822.414729273259
Nifty 50 TRI,2013-04-18,5919.242845160902
Nifty 50 TRI,2013-04-22,5972.595091829233
Nifty 50 TRI,2013-04-23,5975.3656088224325
Nifty 50 TRI,2013-04-25,6057.077447335803
Nifty 50 TRI,2013-04-26,6011.3732215113805
Nifty 50 TRI,2013-04-29,6045.442521886471
Nifty 50 TRI,2013-04-30,6072.3821802409775
Nifty 50 TRI,2013-05-02,6143.62450977709
Nifty 50 TRI,2013-05-03,6087.15858868423
Nifty 50 TRI,2013-05-06,6115.508624084079
Nifty 50 TRI,2013-05-07,6189.981521867534
Nifty 50 TRI,2013-05-08,6216.575260461573
Nifty 50 TRI,2013-05-09,6197.1798185652715
Nifty 50 TRI,2013-05-10,6243.084550107498
Nifty 50 TRI,2013-05-13,6126.652837372735
Nifty 50 TRI,2013-05-14,6142.185216729922
Nifty 50 TRI,2013-05-15,6297.463508636154
Nifty 50 TRI,2013-05-16,6321.404566467531
Nifty 50 TRI,2013-05-17,6339.455907528676
Nifty 50 TRI,2013-05-20,6308.97769239281
Nifty 50 TRI,2013-05-21,6265.342271592978
Nifty 50 TRI,2013-05-22,6245.478186809791
Nifty 50 TRI,2013-05-23,6115.0869279745875
Nifty 50 TRI,2013-05-24,6132.2131258550135
Nifty 50 TRI,2013-05-27,6234.949240453167
Nifty 50 TRI,2013-05-28,6263.972056897926
Nifty 50 TRI,2013-05-29,6257.069436963242
Nifty 50 TRI,2013-05-30,6277.535698216721
Nifty 50 TRI,2013-05-31,6136.191913103887
Nifty 50 TRI,2013-06-03,6089.016579457594
Nifty 50 TRI,2013-06-04,6068.881213004056
Nifty 50 TRI,2013-06-05,6073.60696212077
Nifty 50 TRI,2013-06-06,6071.309519156769
Nifty 50 TRI,2013-06-07,6030.100066134286
Nifty 50 TRI,2013-06-10,6027.663437005069
Nifty 50 TRI,2013-06-11,5936.401983165741
Nifty 50 TRI,2013-06-12,5907.2820378418755
Nifty 50 TRI,2013-06-13,5844.828486090984
Nifty 50 TRI,2013-06-14,5957.13378938773
Nifty 50 TRI,2013-06-17,6000.486754235753
Nifty 50 TRI,2013-06-18,5963.310599822338
Nifty 50 TRI,2013-06-19,5972.394448720081
Nifty 50 TRI,2013-06-20,5801.959676470793
Nifty 50 TRI,2013-06-21,5814.218715063852
Nifty 50 TRI,2013-06-24,5735.425633092697
Nifty 50 TRI,2013-06-25,5754.968764752999
Nifty 50 TRI,2013-06-26,5734.2411229807185
Nifty 50 TRI,2013-06-27,5830.536035870696
Nifty 50 TRI,2013-06-28,5994.766737105656
Nifty 50 TRI,2013-07-01,6053.538201506086
Nifty 50 TRI,2013-07-02,6011.367447457086
Nifty 50 TRI,2013-07-03,5922.65157980289
Nifty 50 TRI,2013-07-04,5990.650574165636
Nifty 50 TRI,2013-07-05,6022.628231074872
Nifty 50 TRI,2013-07-08,5965.4250870095375
Nifty 50 TRI,2013-07-09,6014.344324321411
Nifty 50 TRI,2013-07-10,5971.134142965137
Nifty 50 TRI,2013-07-11,6092.893031387098
Nifty 50 TRI,2013-07-12,6168.975813719756
Nifty 50 TRI,2013-07-15,6192.012852090795
Nifty 50 TRI,2013-07-16,6114.659705787606
Nifty 50 TRI,2013-07-17,6133.409556427106
Nifty 50 TRI,2013-07-18,6200.114379753405
Nifty 50 TRI,2013-07-19,6191.246177294035
Nifty 50 TRI,2013-07-22,6194.572791565418
Nifty 50 TRI,2013-07-23,6242.034869986874
Nifty 50 TRI,2013-07-24,6152.59360753511
Nifty 50 TRI,2013-07-25,6067.562318277526
Nifty 50 TRI,2013-07-26,6045.899195933205
Nifty 50 TRI,2013-07-29,5990.504381777028
Nifty 50 TRI,2013-07-30,5912.026754563253
Nifty 50 TRI,2013-07-31,5898.829593226977
Nifty 50 TRI,2013-08-01,5884.501306833836
Nifty 50 TRI,2013-08-02,5833.391302368959
Nifty 50 TRI,2013-08-05,5841.716396335132
Nifty 50 TRI,2013-08-06,5694.832058535704
Nifty 50 TRI,2013-08-07,5671.245370011781
Nifty 50 TRI,2013-08-08,5719.2806608050305
Nifty 50 TRI,2013-08-12,5768.136968726499
Nifty 50 TRI,2013-08-13,5857.655373329435
Nifty 50 TRI,2013-08-14,5902.058841310878
Nifty 50 TRI,2013-08-16,5661.486803078586
Nifty 50 TRI,2013-08-19,5566.380254218592
Nifty 50 TRI,2013-08-20,5552.904374825481
Nifty 50 TRI,2013-08-21,5451.423636365203
Nifty 50 TRI,2013-08-22,5560.493905827725
Nifty 50 TRI,2013-08-23,5625.772149487035
Nifty 50 TRI,2013-08-26,5631.253232604397
Nifty 50 TRI,2013-08-27,5437.053582853771
Nifty 50 TRI,2013-08-28,5434.726244771368
Nifty 50 TRI,2013-08-29,5562.4871330134
Nifty 50 TRI,2013-08-30,5627.216138511199
Nifty 50 TRI,2013-09-02,5709.014394143216
Nifty 50 TRI,2013-09-03,5493.941257400523
Nifty 50 TRI,2013-09-04,5603.834031066512
Nifty 50 TRI,2013-09-05,5753.028107550378
Nifty 50 TRI,2013-09-06,5843.1873724563775
Nifty 50 TRI,2013-09-10,6066.595640793636
Nifty 50 TRI,2013-09-11,6083.683045476389
Nifty 50 TRI,2013-09-12,6019.645178201098
Nifty 50 TRI,2013-09-13,6019.755061135579
Nifty 50 TRI,2013-09-16,6010.051751057535
Nifty 50 TRI,2013-09-17,6020.19509777897
Nifty 50 TRI,2013-09-18,6071.090888825306
Nifty 50 TRI,2013-09-19,6293.700335061964
Nifty 50 TRI,2013-09-20,6187.455862112729
Nifty 50 TRI,2013-09-23,6062.180253072037
Nifty 50 TRI,2013-09-24,6065.173977308733
Nifty 50 TRI,2013-09-25,6046.242467736881
Nifty 50 TRI,2013-09-26,6055.103020868419
Nifty 50 TRI,2013-09-27,6004.824204809403
Nifty 50 TRI,2013-09-30,5904.6697776437195
Nifty 50 TRI,2013-10-01,5950.951734389607
Nifty 50 TRI,2013-10-03,6084.86590915488
Nifty 50 TRI,2013-10-04,6082.609463733527
Nifty 50 TRI,2013-10-07,6082.070637034437
Nifty 50 TRI,2013-10-08,6105.199268611161
Nifty 50 TRI,2013-10-09,6186.825813392224
Nifty 50 TRI,2013-10-10,6200.948186388478
Nifty 50 TRI,2013-10-11,6278.669832973823
Nifty 50 TRI,2013-10-14,6296.3316364129205
Nifty 50 TRI,2013-10-15,6272.192562847374
Nifty 50 TRI,2013-10-17,6228.133992810067
Nifty 50 TRI,2013-10-18,6376.186028913232
Nifty 50 TRI,2013-10-21,6392.935220055795
Nifty 50 TRI,2013-10-22,6390.945678330034
Nifty 50 TRI,2013-10-23,6365.97946695977
Nifty 50 TRI,2013-10-24,6351.778915165671
Nifty 50 TRI,2013-10-25,6331.961242405167
Nifty 50 TRI,2013-10-28,6287.495089180619
Nifty 50 TRI,2013-10-29,6411.181615914645
Nifty 50 TRI,2013-10-30,6443.151855738162
Nifty 50 TRI,2013-10-31,6492.284240137775
Nifty 50 TRI,2013-11-01,6500.811240315253
Nifty 50 TRI,2013-11-05,6446.013503972112
Nifty 50 TRI,2013-11-06,6407.068051157387
Nifty 50 TRI,2013-11-07,6378.532183443619
Nifty 50 TRI,2013-11-08,6330.818481629759
Nifty 50 TRI,2013-11-11,6267.615688121091
Nifty 50 TRI,2013-11-12,6205.198138223309
Nifty 50 TRI,2013-11-13,6176.082105894007
Nifty 50 TRI,2013-11-14,6244.924725666299
Nifty 50 TRI,2013-11-18,6382.818653340533
Nifty 50 TRI,2013-11-19,6397.844388801318
Nifty 50 TRI,2013-11-20,6315.095144864528
Nifty 50 TRI,2013-11-21,6187.576250457426
Nifty 50 TRI,2013-11-22,6184.0822015359045
Nifty 50 TRI,2013-11-25,6308.423670781735
Nifty 50 TRI,2013-11-26,6250.618783007784
Nifty 50 TRI,2013-11-27,6248.776535820639
Nifty 50 TRI,2013-11-28,6284.848441998833
Nifty 50 TRI,2013-11-29,6371.992926887582
Nifty 50 TRI,2013-12-02,6415.747746901598
Nifty 50 TRI,2013-12-03,6399.4648077467855
Nifty 50 TRI,2013-12-04,6357.4864916794195
Nifty 50 TRI,2013-12-05,6440.420948364213
Nifty 50 TRI,2013-12-06,6460.049599651173
Nifty 50 TRI,2013-12-09,6568.07158073791
Nifty 50 TRI,2013-12-10,6536.256747200976
Nifty 50 TRI,2013-12-11,6510.735402422561
Nifty 50 TRI,2013-12-12,6437.834719131923
Nifty 50 TRI,2013-12-13,6367.199976626867
Nifty 50 TRI,2013-12-16,6353.73276423032
Nifty 50 TRI,2013-12-17,6337.800384263168
Nifty 50 TRI,2013-12-18,6418.655934826006
Nifty 50 TRI,2013-12-19,6366.744304458391
Nifty 50 TRI,2013-12-20,6478.064869491924
Nifty 50 TRI,2013-12-23,6489.336238762682
Nifty 50 TRI,2013-12-24,6472.940273037355
Nifty 50 TRI,2013-12-26,6484.241476517573
Nifty 50 TRI,2013-12-27,6520.5133042969655
Nifty 50 TRI,2013-12-30,6497.759708327054
Nifty 50 TRI,2013-12-31,6511.31361979756
Nifty 50 TRI,2014-01-02,6426.193389199297
Nifty 50 TRI,2014-01-03,6416.0906844856445
Nifty 50 TRI,2014-01-06,6396.419521232093
Nifty 50 TRI,2014-01-07,6366.4777788530055
Nifty 50 TRI,2014-01-08,6379.462771441714
Nifty 50 TRI,2014-01-09,6373.230777775381
Nifty 50 TRI,2014-01-10,6376.659336526574
Nifty 50 TRI,2014-01-13,6482.015126109774
Nifty 50 TRI,2014-01-14,6450.312468966355
Nifty 50 TRI,2014-01-15,6532.233335126588
Nifty 50 TRI,2014-01-16,6530.397395363897
Nifty 50 TRI,2014-01-17,6471.460046646824
Nifty 50 TRI,2014-01-20,6515.868922004118
Nifty 50 TRI,2014-01-21,6526.280426674097
Nifty 50 TRI,2014-01-22,6552.50892291899
Nifty 50 TRI,2014-01-23,6559.666305940851
Nifty 50 TRI,2014-01-24,6478.334475335009
Nifty 50 TRI,2014-01-27,6343.687949570882
Nifty 50 TRI,2014-01-28,6333.986653514286
Nifty 50 TRI,2014-01-29,6328.006969345577
Nifty 50 TRI,2014-01-30,6280.0990701937335
Nifty 50 TRI,2014-01-31,6296.658452965155
Nifty 50 TRI,2014-02-03,6206.63320322529
Nifty 50 TRI,2014-02-04,6205.922042682088
Nifty 50 TRI,2014-02-05,6228.376843492716
Nifty 50 TRI,2014-02-06,6242.972912031461
Nifty 50 TRI,2014-02-07,6271.0160844913535
Nifty 50 TRI,2014-02-10,6261.596149276605
Nifty 50 TRI,2014-02-11,6271.38597678001
Nifty 50 TRI,2014-02-12,6293.641503794366
Nifty 50 TRI,2014-02-13,6208.104581251116
Nifty 50 TRI,2014-02-14,6257.205710485441
Nifty 50 TRI,2014-02-18,6339.57170120565
Nifty 50 TRI,2014-02-19,6366.336201068799
Nifty 50 TRI,2014-02-20,6303.1313303578445
Nifty 50 TRI,2014-02-21,6369.58060597662
Nifty 50 TRI,2014-02-24,6401.975867664425
Nifty 50 TRI,2014-02-25,6416.639282009596
Nifty 50 TRI,2014-02-26,6456.971287254023
Nifty 50 TRI,2014-02-28,6496.915281685791
Nifty 50 TRI,2014-03-03,6440.153565571153
Nifty 50 TRI,2014-03-04,6519.573324689339
Nifty 50 TRI,2014-03-05,6551.58502356208
Nifty 50 TRI,2014-03-06,6626.873272588098
Nifty 50 TRI,2014-03-07,6757.037714518071
Nifty 50 TRI,2014-03-10,6768.730034433559
Nifty 50 TRI,2014-03-11,6742.7207418622975
Nifty 50 TRI,2014-03-12,6748.136599983686
Nifty 50 TRI,2014-03-13,6723.730080845212
Nifty 50 TRI,2014-03-14,6735.462625454436
Nifty 50 TRI,2014-03-18,6749.309620183288
Nifty 50 TRI,2014-03-19,6757.212665475529
Nifty 50 TRI,2014-03-20,6715.036915459356
Nifty 50 TRI,2014-03-21,6725.7361861725285
Nifty 50 TRI,2014-03-24,6819.993310106063
Nifty 50 TRI,2014-03-25,6826.709229972561
Nifty 50 TRI,2014-03-26,6839.019890258812
Nifty 50 TRI,2014-03-27,6881.0657343064495
Nifty 50 TRI,2014-03-28,6937.412088815814
Nifty 50 TRI,2014-03-31,6946.748690518491
Nifty 50 TRI,2014-04-01,6964.454172496883
Nifty 50 TRI,2014-04-02,6997.342392784631
Nifty 50 TRI,2014-04-03,6980.543199511501
Nifty 50 TRI,2014-04-04,6937.523479015884
Nifty 50 TRI,2014-04-07,6938.984707626616
Nifty 50 TRI,2014-04-09,7044.3187188726015
Nifty 50 TRI,2014-04-10,7044.774834728563
Nifty 50 TRI,2014-04-11,7024.188567394474
Nifty 50 TRI,2014-04-15,6980.395853068652
Nifty 50 TRI,2014-04-16,6920.7173807726895
Nifty 50 TRI,2014-04-17,7028.89327753908
Nifty 50 TRI,2014-04-21,7069.550865024186
Nifty 50 TRI,2014-04-22,7067.416004807452
Nifty 50 TRI,2014-04-23,7094.057830525174
Nifty 50 TRI,2014-04-25,7034.356413531079
Nifty 50 TRI,2014-04-28,7012.802805483847
Nifty 50 TRI,2014-04-29,6965.337680861707
Nifty 50 TRI,2014-04-30,6946.031198584408
Nifty 50 TRI,2014-05-02,6944.862612577312
Nifty 50 TRI,2014-05-05,6950.320174267844
Nifty 50 TRI,2014-05-06,6967.113758478646
Nifty 50 TRI,2014-05-07,6902.2548029823465
Nifty 50 TRI,2014-05-08,6910.073468656455
Nifty 50 TRI,2014-05-09,7116.749761659185
Nifty 50 TRI,2014-05-12,7278.81837842141
Nifty 50 TRI,2014-05-13,7377.143666482951
Nifty 50 TRI,2014-05-14,7377.404546795627
Nifty 50 TRI,2014-05-15,7392.610069610922
Nifty 50 TRI,2014-05-16,7475.745157968914
Nifty 50 TRI,2014-05-19,7539.387507776306
Nifty 50 TRI,2014-05-20,7552.058575434634
Nifty 50 TRI,2014-05-21,7528.865632107181
Nifty 50 TRI,2014-05-22,7553.5268924290485
Nifty 50 TRI,2014-05-23,7647.951918170366
Nifty 50 TRI,2014-05-26,7640.405241427512
Nifty 50 TRI,2014-05-27,7598.0546798888145
Nifty 50 TRI,2014-05-28,7610.419535954332
Nifty 50 TRI,2014-05-29,7513.084449362961
Nifty 50 TRI,2014-05-30,7507.43167836399
Nifty 50 TRI,2014-06-02,7645.879764897426
Nifty 50 TRI,2014-06-03,7701.555630054313
Nifty 50 TRI,2014-06-04,7687.703423590453
Nifty 50 TRI,2014-06-05,7762.598782576028
Nifty 50 TRI,2014-06-06,7876.396062322372
Nifty 50 TRI,2014-06-09,7951.1906671071565
Nifty 50 TRI,2014-06-10,7953.341454940012
Nifty 50 TRI,2014-06-11,7922.925778147514
Nifty 50 TRI,2014-06-12,7947.1514081046125
Nifty 50 TRI,2014-06-13,7835.439913025201
Nifty 50 TRI,2014-06-16,7827.387416493311
Nifty 50 TRI,2014-06-17,7929.646461115875
Nifty 50 TRI,2014-06-18,7853.554693913908
Nifty 50 TRI,2014-06-19,7835.647924888386
Nifty 50 TRI,2014-06-20,7805.529857065351
Nifty 50 TRI,2014-06-23,7787.547247407652
Nifty 50 TRI,2014-06-24,7878.085760665
Nifty 50 TRI,2014-06-25,7866.983439063547
Nifty 50 TRI,2014-06-26,7788.217653063025
Nifty 50 TRI,2014-06-27,7804.707430851322
Nifty 50 TRI,2014-06-30,7912.138376430343
Nifty 50 TRI,2014-07-01,7936.691890154454
Nifty 50 TRI,2014-07-02,8031.003341638739
Nifty 50 TRI,2014-07-03,8020.527086306483
Nifty 50 TRI,2014-07-04,8059.0707115062705
Nifty 50 TRI,2014-07-07,8096.889552776867
Nifty 50 TRI,2014-07-08,7926.698929313852
Nifty 50 TRI,2014-07-09,7887.2567980883305
Nifty 50 TRI,2014-07-10,7869.597683269139
Nifty 50 TRI,2014-07-11,7757.408426144728
Nifty 50 TRI,2014-07-14,7752.563054626478
Nifty 50 TRI,2014-07-15,7828.242281367898
Nifty 50 TRI,2014-07-16,7930.189545536509
Nifty 50 TRI,2014-07-17,7947.164591259063
Nifty 50 TRI,2014-07-18,7971.8375522495435
Nifty 50 TRI,2014-07-21,7993.801518862592
Nifty 50 TRI,2014-07-22,8081.1074937948715
Nifty 50 TRI,2014-07-23,8110.419328606311
Nifty 50 TRI,2014-07-24,8146.964216632312
Nifty 50 TRI,2014-07-25,8105.478844384759
Nifty 50 TRI,2014-07-28,8062.895898205454
Nifty 50 TRI,2014-07-30,8107.900414894788
Nifty 50 TRI,2014-07-31,8035.2368693018725
Nifty 50 TRI,2014-08-01,7911.990785452076
Nifty 50 TRI,2014-08-04,7997.187303955991
Nifty 50 TRI,2014-08-05,8062.939008715256
Nifty 50 TRI,2014-08-06,7985.6786254582275
Nifty 50 TRI,2014-08-07,7962.228339245704
Nifty 50 TRI,2014-08-08,7878.504797840738
Nifty 50 TRI,2014-08-11,7939.098107075277
Nifty 50 TRI,2014-08-12,8044.633691279001
Nifty 50 TRI,2014-08-13,8057.932389927687
Nifty 50 TRI,2014-08-14,8112.514971397122
Nifty 50 TRI,2014-08-18,8199.623435642918
Nifty 50 TRI,2014-08-19,8224.124975575318
Nifty 50 TRI,2014-08-20,8201.296638949962
Nifty 50 TRI,2014-08-21,8218.041589616796
Nifty 50 TRI,2014-08-22,8241.348762499567
Nifty 50 TRI,2014-08-25,8235.035815906203
Nifty 50 TRI,2014-08-26,8233.712733039794
Nifty 50 TRI,2014-08-27,8266.607429450825
Nifty 50 TRI,2014-08-28,8285.962987215804
Nifty 50 TRI,2014-09-01,8363.553961520316
Nifty 50 TRI,2014-09-02,8421.517027026855
Nifty 50 TRI,2014-09-03,8454.687422842897
Nifty 50 TRI,2014-09-04,8435.554191575555
Nifty 50 TRI,2014-09-05,8426.370342472836
Nifty 50 TRI,2014-09-08,8517.978475095793
Nifty 50 TRI,2014-09-09,8496.447346601028
Nifty 50 TRI,2014-09-10,8435.416091691148
Nifty 50 TRI,2014-09-11,8426.959972901333
Nifty 50 TRI,2014-09-12,8447.894170248313
Nifty 50 TRI,2014-09-15,8382.60103739061
Nifty 50 TRI,2014-09-16,8269.172662644345
Nifty 50 TRI,2014-09-17,8313.87255880885
Nifty 50 TRI,2014-09-18,8459.329588498733
Nifty 50 TRI,2014-09-19,8466.613693653415
Nifty 50 TRI,2014-09-22,8493.420420111217
Nifty 50 TRI,2014-09-23,8359.479883975127
Nifty 50 TRI,2014-09-24,8343.978933488472
Nifty 50 TRI,2014-09-25,8249.855780954565
Nifty 50 TRI,2014-09-26,8309.584747560346
Nifty 50 TRI,2014-09-29,8300.08959257036
Nifty 50 TRI,2014-09-30,8306.536153870515
Nifty 50 TRI,2014-10-01,8286.753253403645
Nifty 50 TRI,2014-10-07,8191.341064856127
Nifty 50 TRI,2014-10-08,8181.511994675073
Nifty 50 TRI,2014-10-09,8304.74648767501
Nifty 50 TRI,2014-10-10,8200.087144297771
Nifty 50 TRI,2014-10-13,8226.311182997935
Nifty 50 TRI,2014-10-14,8205.472791572834
Nifty 50 TRI,2014-10-16,8085.216505522659
Nifty 50 TRI,2014-10-17,8118.37371445756
Nifty 50 TRI,2014-10-20,8223.285993115145
Nifty 50 TRI,2014-10-21,8274.038854629667
Nifty 50 TRI,2014-10-22,8345.460698192694
Nifty 50 TRI,2014-10-27,8342.552335822034
Nifty 50 TRI,2014-10-28,8380.324663654133
Nifty 50 TRI,2014-10-29,8446.23500691281
Nifty 50 TRI,2014-10-30,8528.749703134228
Nifty 50 TRI,2014-10-31,8688.79091768617
Nifty 50 TRI,2014-11-03,8691.749060756494
Nifty 50 TRI,2014-11-05,8707.139114141262
Nifty 50 TRI,2014-11-07,8706.397555064228
Nifty 50 TRI,2014-11-10,8714.893286959483
Nifty 50 TRI,2014-11-11,8734.41987182421
Nifty 50 TRI,2014-11-12,8756.29691579664
Nifty 50 TRI,2014-11-13,8730.023079829893
Nifty 50 TRI,2014-11-14,8763.810982855384
Nifty 50 TRI,2014-11-17,8807.415438897633
Nifty 50 TRI,2014-11-18,8802.660441065922
Nifty 50 TRI,2014-11-19,8757.419956586466
Nifty 50 TRI,2014-11-20,8778.208112985241
Nifty 50 TRI,2014-11-21,8857.349796189033
Nifty 50 TRI,2014-11-24,8913.462953210505
Nifty 50 TRI,2014-11-25,8843.711896477005
Nifty 50 TRI,2014-11-26,8857.244425592698
Nifty 50 TRI,2014-11-27,8876.838969615821
Nifty 50 TRI,2014-11-28,8975.4428320711
Nifty 50 TRI,2014-12-01,8942.58342356677
Nifty 50 TRI,2014-12-02,8910.28822491123
Nifty 50 TRI,2014-12-03,8924.139757695471
Nifty 50 TRI,2014-12-04,8952.41727468309
Nifty 50 TRI,2014-12-05,8925.449803607658
Nifty 50 TRI,2014-12-08,8821.799303794161
Nifty 50 TRI,2014-12-09,8720.12386559522
Nifty 50 TRI,2014-12-10,8736.063079940046
Nifty 50 TRI,2014-12-11,8670.762839327881
Nifty 50 TRI,2014-12-12,8599.131263096375
Nifty 50 TRI,2014-12-15,8595.337870773214
Nifty 50 TRI,2014-12-16,8436.688423595555
Nifty 50 TRI,2014-12-17,8397.455739175484
Nifty 50 TRI,2014-12-18,8533.186834123628
Nifty 50 TRI,2014-12-19,8602.41120517427
Nifty 50 TRI,2014-12-22,8706.66563344679
Nifty 50 TRI,2014-12-23,8647.351053954968
Nifty 50 TRI,2014-12-24,8550.479342782222
Nifty 50 TRI,2014-12-26,8578.910976478743
Nifty 50 TRI,2014-12-29,8627.528838719263
Nifty 50 TRI,2014-12-30,8629.874362415338
Nifty 50 TRI,2014-12-31,8666.224931361008
Nifty 50 TRI,2015-01-02,8784.81703025029
Nifty 50 TRI,2015-01-05,8767.906605496912
Nifty 50 TRI,2015-01-06,8505.485924392196
Nifty 50 TRI,2015-01-07,8479.360982167493
Nifty 50 TRI,2015-01-08,8618.334876583296
Nifty 50 TRI,2015-01-09,8670.867262973667
Nifty 50 TRI,2015-01-12,8712.087001252703
Nifty 50 TRI,2015-01-13,8687.691362475567
Nifty 50 TRI,2015-01-14,8665.124904368522
Nifty 50 TRI,2015-01-15,8892.181704756187
Nifty 50 TRI,2015-01-16,8913.067064304176
Nifty 50 TRI,2015-01-19,8952.647672372226
Nifty 50 TRI,2015-01-20,9104.680413423968
Nifty 50 TRI,2015-01-21,9140.498860562047
Nifty 50 TRI,2015-01-22,9174.22559236854
Nifty 50 TRI,2015-01-23,9252.248155477253
Nifty 50 TRI,2015-01-27,9332.00044906564
Nifty 50 TRI,2015-01-28,9336.310150202346
Nifty 50 TRI,2015-01-29,9376.492836416246
Nifty 50 TRI,2015-01-30,9226.57357045384
Nifty 50 TRI,2015-02-02,9215.505902626286
Nifty 50 TRI,2015-02-03,9173.03822817007
Nifty 50 TRI,2015-02-04,9138.949362591973
Nifty 50 TRI,2015-02-05,9126.70090022089
Nifty 50 TRI,2015-02-06,9073.958542527378
Nifty 50 TRI,2015-02-09,8933.784339208143
Nifty 50 TRI,2015-02-10,8975.175110960043
Nifty 50 TRI,2015-02-11,9040.303225350175
Nifty 50 TRI,2015-02-12,9128.80279939423
Nifty 50 TRI,2015-02-13,9227.579189249192
Nifty 50 TRI,2015-02-16,9232.592740405136
Nifty 50 TRI,2015-02-18,9295.870845997651
Nifty 50 TRI,2015-02-19,9323.661469640978
Nifty 50 TRI,2015-02-20,9259.317471098577
Nifty 50 TRI,2015-02-23,9177.851313175659
Nifty 50 TRI,2015-02-24,9185.670898529295
Nifty 50 TRI,2015-02-25,9191.395292519066
Nifty 50 TRI,2015-02-26,9104.282072951148
Nifty 50 TRI,2015-02-27,9273.142773657835
Nifty 50 TRI,2015-03-02,9391.723430818147
Nifty 50 TRI,2015-03-03,9433.475286455747
Nifty 50 TRI,2015-03-04,9356.629544218351
Nifty 50 TRI,2015-03-05,9372.795008636656
Nifty 50 TRI,2015-03-09,9184.28386541412
Nifty 50 TRI,2015-03-10,9137.724385714813
Nifty 50 TRI,2015-03-11,9125.3562756179
Nifty 50 TRI,2015-03-12,9205.450251749075
Nifty 50 TRI,2015-03-13,9071.245164371916
Nifty 50 TRI,2015-03-16,9056.891364425272
Nifty 50 TRI,2015-03-17,9151.789208964805
Nifty 50 TRI,2015-03-18,9112.874981891971
Nifty 50 TRI,2015-03-19,9059.426035183393
Nifty 50 TRI,2015-03-20,8992.857904185421
Nifty 50 TRI,2015-03-23,8972.825135391842
Nifty 50 TRI,2015-03-24,8964.79966965505
Nifty 50 TRI,2015-03-25,8952.365868949884
Nifty 50 TRI,2015-03-26,8754.703561639215
Nifty 50 TRI,2015-03-27,8754.226038671115
Nifty 50 TRI,2015-03-30,8913.539211200257
Nifty 50 TRI,2015-03-31,8912.490097053435
Nifty 50 TRI,2015-04-01,9012.786982621155
Nifty 50 TRI,2015-04-06,9091.703478876503
Nifty 50 TRI,2015-04-07,9092.444336341221
Nifty 50 TRI,2015-04-08,9149.568061538634
Nifty 50 TRI,2015-04-09,9216.984327805816
Nifty 50 TRI,2015-04-10,9219.462588213979
Nifty 50 TRI,2015-04-13,9276.78018560499
Nifty 50 TRI,2015-04-16,9144.069850454029
Nifty 50 TRI,2015-04-17,9038.630737731095
Nifty 50 TRI,2015-04-20,8873.733911445903
Nifty 50 TRI,2015-04-21,8800.151121747997
Nifty 50 TRI,2015-04-22,8855.033747040325
Nifty 50 TRI,2015-04-23,8822.360978142437
Nifty 50 TRI,2015-04-24,8724.92127646452
Nifty 50 TRI,2015-04-27,8629.76549257066
Nifty 50 TRI,2015-04-28,8705.509249127237
Nifty 50 TRI,2015-04-29,8657.64215888627
Nifty 50 TRI,2015-04-30,8596.741915163071
Nifty 50 TRI,2015-05-04,8756.066489019842
Nifty 50 TRI,2015-05-05,8748.861504196262
Nifty 50 TRI,2015-05-06,8509.758598736416
Nifty 50 TRI,2015-05-07,8468.33407504992
Nifty 50 TRI,2015-05-08,8609.684801733276
Nifty 50 TRI,2015-05-11,8751.191229663304
Nifty 50 TRI,2015-05-12,8543.047996175474
Nifty 50 TRI,2015-05-13,8657.40931275188
Nifty 50 TRI,2015-05-14,8645.888633920538
Nifty 50 TRI,2015-05-15,8686.301290354286
Nifty 50 TRI,2015-05-18,8804.247032668603
Nifty 50 TRI,2015-05-19,8796.146700155226
Nifty 50 TRI,2015-05-20,8857.023587726617
Nifty 50 TRI,2015-05-21,8854.97084919965
Nifty 50 TRI,2015-05-22,8895.191335954647
Nifty 50 TRI,2015-05-25,8802.850562513486
Nifty 50 TRI,2015-05-26,8770.663292389143
Nifty 50 TRI,2015-05-27,8765.97760408655
Nifty 50 TRI,2015-05-28,8749.880011901994
Nifty 50 TRI,2015-05-29,8870.78237301926
Nifty 50 TRI,2015-06-01,8871.460521452225
Nifty 50 TRI,2015-06-02,8664.586446127429
Nifty 50 TRI,2015-06-03,8558.270740048247
Nifty 50 TRI,2015-06-04,8553.891538350686
Nifty 50 TRI,2015-06-05,8537.413468666351
Nifty 50 TRI,2015-06-08,8464.08594084997
Nifty 50 TRI,2015-06-09,8441.499014811123
Nifty 50 TRI,2015-06-10,8549.182845648851
Nifty 50 TRI,2015-06-11,8382.061668399687
Nifty 50 TRI,2015-06-12,8400.82667119004
Nifty 50 TRI,2015-06-15,8434.344342505126
Nifty 50 TRI,2015-06-16,8469.79606018455
Nifty 50 TRI,2015-06-17,8516.670423869708
Nifty 50 TRI,2015-06-18,8604.388351676125
Nifty 50 TRI,2015-06-19,8657.691812942321
Nifty 50 TRI,2015-06-22,8793.516426066786
Nifty 50 TRI,2015-06-23,8823.778683799696
Nifty 50 TRI,2015-06-24,8802.297568440856
Nifty 50 TRI,2015-06-25,8841.722139534146
Nifty 50 TRI,2015-06-26,8824.240832421701
Nifty 50 TRI,2015-06-29,8759.155655769318
Nifty 50 TRI,2015-06-30,8812.221440390726
Nifty 50 TRI,2015-07-01,8901.569091791891
Nifty 50 TRI,2015-07-02,8893.301754950739
Nifty 50 TRI,2015-07-03,8935.74163307804
Nifty 50 TRI,2015-07-06,8975.923082581508
Nifty 50 TRI,2015-07-07,8964.28511601681
Nifty 50 TRI,2015-07-08,8808.973980557721
Nifty 50 TRI,2015-07-09,8772.944643822137
Nifty 50 TRI,2015-07-10,8806.96353260518
Nifty 50 TRI,2015-07-13,8912.301058932275
Nifty 50 TRI,2015-07-14,8906.768233710205
Nifty 50 TRI,2015-07-15,8980.51804509345
Nifty 50 TRI,2015-07-16,9069.603009006862
Nifty 50 TRI,2015-07-17,9071.820115400205
Nifty 50 TRI,2015-07-20,9066.039081845202
Nifty 50 TRI,2015-07-21,8988.37810976582
Nifty 50 TRI,2015-07-22,9098.34806096484
Nifty 50 TRI,2015-07-23,9052.615062999897
Nifty 50 TRI,2015-07-24,8981.005365029845
Nifty 50 TRI,2015-07-27,8812.734088917
Nifty 50 TRI,2015-07-28,8787.748152734135
Nifty 50 TRI,2015-07-29,8828.167340045868
Nifty 50 TRI,2015-07-30,8877.760603676423
Nifty 50 TRI,2015-07-31,8995.140791704373
Nifty 50 TRI,2015-08-03,9006.849080108903
Nifty 50 TRI,2015-08-04,8979.597560406688
Nifty 50 TRI,2015-08-05,9033.740196743514
Nifty 50 TRI,2015-08-06,9055.885977096435
Nifty 50 TRI,2015-08-07,9030.846146361933
Nifty 50 TRI,2015-08-10,8990.676786267391
Nifty 50 TRI,2015-08-11,8924.292037804922
Nifty 50 TRI,2015-08-12,8805.541056869853
Nifty 50 TRI,2015-08-13,8812.601672426408
Nifty 50 TRI,2015-08-14,8984.513186615994
Nifty 50 TRI,2015-08-17,8941.95540254878
Nifty 50 TRI,2015-08-18,8930.931992549102
Nifty 50 TRI,2015-08-19,8961.418187685395
Nifty 50 TRI,2015-08-20,8832.612025853503
Nifty 50 TRI,2015-08-21,8756.123424535466
Nifty 50 TRI,2015-08-24,8239.064155501146
Nifty 50 TRI,2015-08-25,8315.0071232755
Nifty 50 TRI,2015-08-26,8221.551210460599
Nifty 50 TRI,2015-08-27,8387.61159028002
Nifty 50 TRI,2015-08-28,8443.834977304314
Nifty 50 TRI,2015-08-31,8412.38441311801
Nifty 50 TRI,2015-09-01,8216.963584455445
Nifty 50 TRI,2015-09-02,8144.589169462728
Nifty 50 TRI,2015-09-03,8256.754470791679
Nifty 50 TRI,2015-09-04,8079.7778177747905
Nifty 50 TRI,2015-09-07,7979.0339783492755
Nifty 50 TRI,2015-09-08,8115.9680009312915
Nifty 50 TRI,2015-09-09,8253.861698341656
Nifty 50 TRI,2015-09-10,8221.954508171293
Nifty 50 TRI,2015-09-11,8223.511848121087
Nifty 50 TRI,2015-09-14,8311.967829762807
Nifty 50 TRI,2015-09-15,8266.70004433416
Nifty 50 TRI,2015-09-16,8340.960168461546
Nifty 50 TRI,2015-09-18,8428.934607876023
Nifty 50 TRI,2015-09-21,8424.759704354678
Nifty 50 TRI,2015-09-22,8250.68626622362
Nifty 50 TRI,2015-09-23,8286.83598925007
Nifty 50 TRI,2015-09-24,8310.946822570542
Nifty 50 TRI,2015-09-28,8235.218270736299
Nifty 50 TRI,2015-09-29,8285.794527572401
Nifty 50 TRI,2015-09-30,8397.649214493003
Nifty 50 TRI,2015-10-01,8400.059166524907
Nifty 50 TRI,2015-10-05,8579.185699953347
Nifty 50 TRI,2015-10-06,8614.99358739464
Nifty 50 TRI,2015-10-07,8641.18777959283
Nifty 50 TRI,2015-10-08,8590.716576746172
Nifty 50 TRI,2015-10-09,8654.797786014547
Nifty 50 TRI,2015-10-12,8606.992689392382
Nifty 50 TRI,2015-10-13,8594.719577923259
Nifty 50 TRI,2015-10-14,8569.867143440904
Nifty 50 TRI,2015-10-15,8645.852565400015
Nifty 50 TRI,2015-10-16,8708.15483478004
Nifty 50 TRI,2015-10-19,8748.087459564036
Nifty 50 TRI,2015-10-20,8734.23093751693
Nifty 50 TRI,2015-10-21,8724.020073425329
Nifty 50 TRI,2015-10-23,8770.894587021803
Nifty 50 TRI,2015-10-26,8734.92054169338
Nifty 50 TRI,2015-10-27,8705.991192916594
Nifty 50 TRI,2015-10-28,8641.051057419782
Nifty 50 TRI,2015-10-29,8578.485779066732
Nifty 50 TRI,2015-10-30,8530.193335923788
Nifty 50 TRI,2015-11-02,8515.233018337389
Nifty 50 TRI,2015-11-03,8526.00603830838
Nifty 50 TRI,2015-11-04,8504.623412022333
Nifty 50 TRI,2015-11-05,8415.27560957876
Nifty 50 TRI,2015-11-06,8414.356275393442
Nifty 50 TRI,2015-11-09,8373.883566267023
Nifty 50 TRI,2015-11-10,8234.683992259455
Nifty 50 TRI,2015-11-13,8213.231641007591
Nifty 50 TRI,2015-11-16,8261.034801228398
Nifty 50 TRI,2015-11-17,8294.079436146372
Nifty 50 TRI,2015-11-18,8182.458950498489
Nifty 50 TRI,2015-11-19,8300.169549775224
Nifty 50 TRI,2015-11-20,8315.068250553923
Nifty 50 TRI,2015-11-23,8308.22377664964
Nifty 50 TRI,2015-11-24,8289.83496700749
Nifty 50 TRI,2015-11-26,8345.679162453393
Nifty 50 TRI,2015-11-27,8408.327620247634
Nifty 50 TRI,2015-11-30,8401.331903780629
Nifty 50 TRI,2015-12-01,8422.43379021993
Nifty 50 TRI,2015-12-02,8397.79685471499
Nifty 50 TRI,2015-12-03,8326.939039355397
Nifty 50 TRI,2015-12-04,8240.140183515967
Nifty 50 TRI,2015-12-07,8223.540947929563
Nifty 50 TRI,2015-12-08,8156.3715283347265
Nifty 50 TRI,2015-12-09,8062.190478321601
Nifty 50 TRI,2015-12-10,8137.460371903955
Nifty 50 TRI,2015-12-11,8060.589654486089
Nifty 50 TRI,2015-12-14,8103.391111317415
Nifty 50 TRI,2015-12-15,8157.543049101564
Nifty 50 TRI,2015-12-16,8210.798268676444
Nifty 50 TRI,2015-12-17,8310.087177806077
Nifty 50 TRI,2015-12-18,8223.085789379515
Nifty 50 TRI,2015-12-21,8300.773563464883
Nifty 50 TRI,2015-12-22,8249.83729508692
Nifty 50 TRI,2015-12-23,8334.73796817493
Nifty 50 TRI,2015-12-24,8329.840088916559
Nifty 50 TRI,2015-12-28,8398.950722197002
Nifty 50 TRI,2015-12-29,8403.275370865622
Nifty 50 TRI,2015-12-30,8368.914928635673
Nifty 50 TRI,2015-12-31,8422.311819373783
Nifty 50 TRI,2016-01-04,8259.142674448045
Nifty 50 TRI,2016-01-05,8252.38528798089
Nifty 50 TRI,2016-01-06,8206.402906406418
Nifty 50 TRI,2016-01-07,8023.603394560764
Nifty 50 TRI,2016-01-08,8058.926950251713
Nifty 50 TRI,2016-01-11,8020.020354271636
Nifty 50 TRI,2016-01-12,7963.522089019044
Nifty 50 TRI,2016-01-13,8019.049829153938
Nifty 50 TRI,2016-01-14,7992.186508805096
Nifty 50 TRI,2016-01-15,7887.483672396367
Nifty 50 TRI,2016-01-18,7796.263062608511
Nifty 50 TRI,2016-01-19,7885.736107793541
Nifty 50 TRI,2016-01-20,7752.585298031047
Nifty 50 TRI,2016-01-21,7718.387215864692
Nifty 50 TRI,2016-01-22,7873.154707729543
Nifty 50 TRI,2016-01-25,7888.523119568033
Nifty 50 TRI,2016-01-27,7890.778616797507
Nifty 50 TRI,2016-01-28,7877.15915320518
Nifty 50 TRI,2016-01-29,8024.808345160631
Nifty 50 TRI,2016-02-01,8017.595804503416
Nifty 50 TRI,2016-02-02,7911.341016344184
Nifty 50 TRI,2016-02-03,7812.1359115145615
Nifty 50 TRI,2016-02-04,7857.1954243982545
Nifty 50 TRI,2016-02-05,7947.785509939309
Nifty 50 TRI,2016-02-08,7840.529135231702
Nifty 50 TRI,2016-02-09,7746.289189801541
Nifty 50 TRI,2016-02-10,7658.994759434655
Nifty 50 TRI,2016-02-11,7405.202117412318
Nifty 50 TRI,2016-02-12,7410.347038703548
Nifty 50 TRI,2016-02-15,7604.348510160496
Nifty 50 TRI,2016-02-16,7482.844820306174
Nifty 50 TRI,2016-02-17,7547.023835717667
Nifty 50 TRI,2016-02-18,7635.733045852649
Nifty 50 TRI,2016-02-19,7656.176750078161
Nifty 50 TRI,2016-02-22,7682.2616837561845
Nifty 50 TRI,2016-02-23,7549.7930045962075
Nifty 50 TRI,2016-02-24,7453.5813075033675
Nifty 50 TRI,2016-02-25,7402.762688048348
Nifty 50 TRI,2016-02-26,7465.843768021176
Nifty 50 TRI,2016-02-29,7421.281914374245
Nifty 50 TRI,2016-03-01,7671.423540404056
Nifty 50 TRI,2016-03-02,7827.363957061484
Nifty 50 TRI,2016-03-03,7941.037101360725
Nifty 50 TRI,2016-03-04,7951.675332088576
Nifty 50 TRI,2016-03-08,7952.746748702872
Nifty 50 TRI,2016-03-09,8002.4335940372885
Nifty 50 TRI,2016-03-10,7954.212478745132
Nifty 50 TRI,2016-03-11,7980.048678598721
Nifty 50 TRI,2016-03-14,8011.234449948473
Nifty 50 TRI,2016-03-15,7928.4669390165245
Nifty 50 TRI,2016-03-16,7969.291096861416
Nifty 50 TRI,2016-03-17,7984.239168477164
Nifty 50 TRI,2016-03-18,8082.089112408455
Nifty 50 TRI,2016-03-21,8189.133893400835
Nifty 50 TRI,2016-03-22,8200.744066041569
Nifty 50 TRI,2016-03-23,8202.73499521155
Nifty 50 TRI,2016-03-28,8096.377066264663
Nifty 50 TRI,2016-03-29,8077.41867041851
Nifty 50 TRI,2016-03-30,8224.649202761586
Nifty 50 TRI,2016-03-31,8228.34234423539
Nifty 50 TRI,2016-04-01,8201.677280452814
Nifty 50 TRI,2016-04-04,8251.200884913735
Nifty 50 TRI,2016-04-05,8086.01230807758
Nifty 50 TRI,2016-04-06,8098.1566098715275
Nifty 50 TRI,2016-04-07,8026.226254594582
Nifty 50 TRI,2016-04-08,8035.816711136607
Nifty 50 TRI,2016-04-11,8160.2740084790885
Nifty 50 TRI,2016-04-12,8200.507250046307
Nifty 50 TRI,2016-04-13,8351.325241456463
Nifty 50 TRI,2016-04-18,8421.163368690335
Nifty 50 TRI,2016-04-20,8421.811975305262
Nifty 50 TRI,2016-04-21,8419.236512430285
Nifty 50 TRI,2016-04-22,8405.966450640108
Nifty 50 TRI,2016-04-25,8359.765049000554
Nifty 50 TRI,2016-04-26,8474.578519171211
Nifty 50 TRI,2016-04-27,8493.237881511563
Nifty 50 TRI,2016-04-28,8352.350116658741
Nifty 50 TRI,2016-04-29,8355.359506208615
Nifty 50 TRI,2016-05-02,8309.513761577924
Nifty 50 TRI,2016-05-03,8247.105444331028
Nifty 50 TRI,2016-05-04,8204.334120093421
Nifty 50 TRI,2016-05-05,8235.445499548203
Nifty 50 TRI,2016-05-06,8233.554371492739
Nifty 50 TRI,2016-05-09,8375.617394293886
Nifty 50 TRI,2016-05-10,8399.07338143616
Nifty 50 TRI,2016-05-11,8357.894574055932
Nifty 50 TRI,2016-05-12,8413.085193419816
Nifty 50 TRI,2016-05-13,8322.331086575583
Nifty 50 TRI,2016-05-16,8372.046415503788
Nifty 50 TRI,2016-05-17,8404.29493562956
Nifty 50 TRI,2016-05-18,8382.65057254731
Nifty 50 TRI,2016-05-19,8290.544621870235
Nifty 50 TRI,2016-05-20,8254.941047350358
Nifty 50 TRI,2016-05-23,8235.948436274442
Nifty 50 TRI,2016-05-24,8255.203150096
Nifty 50 TRI,2016-05-25,8453.709426626194
Nifty 50 TRI,2016-05-26,8597.57384725582
Nifty 50 TRI,2016-05-27,8690.572784219747
Nifty 50 TRI,2016-05-30,8714.777643772457
Nifty 50 TRI,2016-05-31,8695.478719834437
Nifty 50 TRI,2016-06-01,8716.939417950281
Nifty 50 TRI,2016-06-02,8758.809380753875
Nifty 50 TRI,2016-06-03,8761.090291452947
Nifty 50 TRI,2016-06-06,8740.96953814717
Nifty 50 TRI,2016-06-07,8810.987167118592
Nifty 50 TRI,2016-06-08,8818.333347979687
Nifty 50 TRI,2016-06-09,8744.614860654992
Nifty 50 TRI,2016-06-10,8709.160469970595
Nifty 50 TRI,2016-06-13,8646.705165574196
Nifty 50 TRI,2016-06-14,8645.145202031508
Nifty 50 TRI,2016-06-15,8749.668980663819
Nifty 50 TRI,2016-06-16,8679.768726916785
Nifty 50 TRI,2016-06-17,8711.476946694816
Nifty 50 TRI,2016-06-20,8785.233580943219
Nifty 50 TRI,2016-06-21,8765.709614820496
Nifty 50 TRI,2016-06-22,8748.743084776357
Nifty 50 TRI,2016-06-23,8820.239767624596
Nifty 50 TRI,2016-06-24,8626.605988825771
Nifty 50 TRI,2016-06-27,8634.027747888622
Nifty 50 TRI,2016-06-28,8669.69291512078
Nifty 50 TRI,2016-06-29,8751.228809392001
Nifty 50 TRI,2016-06-30,8840.877790832728
Nifty 50 TRI,2016-07-01,8884.501208950544
Nifty 50 TRI,2016-07-04,8930.627270712004
Nifty 50 TRI,2016-07-05,8893.867303376865
Nifty 50 TRI,2016-07-07,8896.577215068755
Nifty 50 TRI,2016-07-08,8881.206098410526
Nifty 50 TRI,2016-07-11,9036.565938713742
Nifty 50 TRI,2016-07-12,9093.606193643669
Nifty 50 TRI,2016-07-13,9092.27377430112
Nifty 50 TRI,2016-07-14,9141.156031121465
Nifty 50 TRI,2016-07-15,9116.291278713343
Nifty 50 TRI,2016-07-18,9082.353629528356
Nifty 50 TRI,2016-07-19,9103.863423734912
Nifty 50 TRI,2016-07-20,9144.00272638016
Nifty 50 TRI,2016-07-21,9084.81113073408
Nifty 50 TRI,2016-07-22,9118.334471959675
Nifty 50 TRI,2016-07-25,9220.144822150447
Nifty 50 TRI,2016-07-26,9172.423402893275
Nifty 50 TRI,2016-07-27,9199.601293718548
Nifty 50 TRI,2016-07-28,9253.850379117968
Nifty 50 TRI,2016-07-29,9224.492023585248
Nifty 50 TRI,2016-08-01,9223.38797665044
Nifty 50 TRI,2016-08-02,9209.136763380482
Nifty 50 TRI,2016-08-03,9126.102340812531
Nifty 50 TRI,2016-08-04,9133.1004546213
Nifty 50 TRI,2016-08-05,9274.466777250736
Nifty 50 TRI,2016-08-08,9305.573500987746
Nifty 50 TRI,2016-08-09,9270.543906517894
Nifty 50 TRI,2016-08-10,9160.8912688042
Nifty 50 TRI,2016-08-11,9179.217146427665
Nifty 50 TRI,2016-08-16,9234.692821754143
Nifty 50 TRI,2016-08-17,9215.251167377744
Nifty 50 TRI,2016-08-18,9268.151906916986
Nifty 50 TRI,2016-08-19,9261.694287836623
Nifty 50 TRI,2016-08-22,9222.331900451984
Nifty 50 TRI,2016-08-23,9226.344486640202
Nifty 50 TRI,2016-08-24,9245.589033657787
Nifty 50 TRI,2016-08-25,9183.815931834539
Nifty 50 TRI,2016-08-26,9163.136541535092
Nifty 50 TRI,2016-08-29,9201.417425931846
Nifty 50 TRI,2016-08-30,9348.094313161804
Nifty 50 TRI,2016-08-31,9393.16659197385
Nifty 50 TRI,2016-09-01,9381.15064308406
Nifty 50 TRI,2016-09-02,9418.902900719138
Nifty 50 TRI,2016-09-06,9562.82719607971
Nifty 50 TRI,2016-09-07,9536.37844952089
Nifty 50 TRI,2016-09-08,9573.662705323168
Nifty 50 TRI,2016-09-09,9482.24505538635
Nifty 50 TRI,2016-09-12,9321.643613889999
Nifty 50 TRI,2016-09-14,9334.068637277256
Nifty 50 TRI,2016-09-15,9351.459831745726
Nifty 50 TRI,2016-09-16,9391.689640887296
Nifty 50 TRI,2016-09-19,9423.229675482029
Nifty 50 TRI,2016-09-20,9388.793171825891
Nifty 50 TRI,2016-09-21,9390.462535747127
Nifty 50 TRI,2016-09-22,9487.407623820705
Nifty 50 TRI,2016-09-23,9449.331447236866
Nifty 50 TRI,2016-09-26,9334.23188955728
Nifty 50 TRI,2016-09-27,9316.745390667773
Nifty 50 TRI,2016-09-28,9358.542820335286
Nifty 50 TRI,2016-09-29,9194.172847897737
Nifty 50 TRI,2016-09-30,9215.79571191219
Nifty 50 TRI,2016-10-03,9352.651019833369
Nifty 50 TRI,2016-10-04,9386.217521704459
Nifty 50 TRI,2016-10-05,9359.575014290996
Nifty 50 TRI,2016-10-06,9323.08232011383
Nifty 50 TRI,2016-10-07,9310.619552175478
Nifty 50 TRI,2016-10-10,9323.598224437683
Nifty 50 TRI,2016-10-13,9179.559702062548
Nifty 50 TRI,2016-10-14,9190.64616091563
Nifty 50 TRI,2016-10-17,9124.157042767807
Nifty 50 TRI,2016-10-18,9293.14613764546
Nifty 50 TRI,2016-10-19,9273.340343213262
Nifty 50 TRI,2016-10-20,9316.829357694545
Nifty 50 TRI,2016-10-21,9310.357280459308
Nifty 50 TRI,2016-10-24,9328.376360609074
Nifty 50 TRI,2016-10-25,9309.79979554306
Nifty 50 TRI,2016-10-26,9228.66439435167
Nifty 50 TRI,2016-10-27,9228.99075058948
Nifty 50 TRI,2016-10-28,9253.688664689433
Nifty 50 TRI,2016-11-01,9242.408416257622
Nifty 50 TRI,2016-11-02,9122.4631782202
Nifty 50 TRI,2016-11-03,9091.658794441948
Nifty 50 TRI,2016-11-04,9037.117147206558
Nifty 50 TRI,2016-11-07,9105.911522599221
Nifty 50 TRI,2016-11-08,9156.067288335693
Nifty 50 TRI,2016-11-09,9036.839642629773
Nifty 50 TRI,2016-11-10,9137.637592493287
Nifty 50 TRI,2016-11-11,8892.03434504011
Nifty 50 TRI,2016-11-15,8691.925163033366
Nifty 50 TRI,2016-11-16,8695.60922357315
Nifty 50 TRI,2016-11-17,8661.986935832078
Nifty 50 TRI,2016-11-18,8656.02152303939
Nifty 50 TRI,2016-11-21,8501.472852544357
Nifty 50 TRI,2016-11-22,8580.259994652426
Nifty 50 TRI,2016-11-23,8613.803548687996
Nifty 50 TRI,2016-11-24,8541.406424246707
Nifty 50 TRI,2016-11-25,8701.272164291484
Nifty 50 TRI,2016-11-28,8715.708311855295
Nifty 50 TRI,2016-11-29,8732.371996355596
Nifty 50 TRI,2016-11-30,8821.003557763785
Nifty 50 TRI,2016-12-01,8787.422844844426
Nifty 50 TRI,2016-12-02,8673.929737963124
Nifty 50 TRI,2016-12-05,8719.850687351256
Nifty 50 TRI,2016-12-06,8735.606620751078
Nifty 50 TRI,2016-12-07,8691.82363706187
Nifty 50 TRI,2016-12-08,8847.476742651748
Nifty 50 TRI,2016-12-09,8863.775786604736
Nifty 50 TRI,2016-12-12,8767.128176494209
Nifty 50 TRI,2016-12-13,8822.162272503536
Nifty 50 TRI,2016-12-14,8780.249810672049
Nifty 50 TRI,2016-12-15,8749.601364866
Nifty 50 TRI,2016-12-16,8734.726029356556
Nifty 50 TRI,2016-12-19,8697.981601706499
Nifty 50 TRI,2016-12-20,8674.730343910785
Nifty 50 TRI,2016-12-21,8652.389861320038
Nifty 50 TRI,2016-12-22,8564.465766478734
Nifty 50 TRI,2016-12-23,8571.906641780086
Nifty 50 TRI,2016-12-26,8489.618716311108
Nifty 50 TRI,2016-12-27,8623.683642486383
Nifty 50 TRI,2016-12-28,8626.135784860558
Nifty 50 TRI,2016-12-29,8700.252765470277
Nifty 50 TRI,2016-12-30,8788.8154713717
Nifty 50 TRI,2017-01-02,8782.983305380396
Nifty 50 TRI,2017-01-03,8796.9850796835
Nifty 50 TRI,2017-01-04,8795.416922444298
Nifty 50 TRI,2017-01-05,8885.183109428463
Nifty 50 TRI,2017-01-06,8853.27936284415
Nifty 50 TRI,2017-01-09,8845.894785157761
Nifty 50 TRI,2017-01-10,8902.650498878389
Nifty 50 TRI,2017-01-11,9001.839074744577
Nifty 50 TRI,2017-01-12,9030.67614150848
Nifty 50 TRI,2017-01-13,9023.636612254013
Nifty 50 TRI,2017-01-16,9037.969354061652
Nifty 50 TRI,2017-01-17,9022.388800927303
Nifty 50 TRI,2017-01-18,9043.121228779639
Nifty 50 TRI,2017-01-19,9062.887708866414
Nifty 50 TRI,2017-01-20,8971.072941771601
Nifty 50 TRI,2017-01-23,9017.318585158813
Nifty 50 TRI,2017-01-24,9108.22735933203
Nifty 50 TRI,2017-01-25,9244.976951167251
Nifty 50 TRI,2017-01-27,9287.007921949325
Nifty 50 TRI,2017-01-30,9278.857043627138
Nifty 50 TRI,2017-01-31,9202.384665958058
Nifty 50 TRI,2017-02-01,9369.43077314863
Nifty 50 TRI,2017-02-02,9388.949683194018
Nifty 50 TRI,2017-02-03,9396.48438919734
Nifty 50 TRI,2017-02-06,9462.094976753257
Nifty 50 TRI,2017-02-07,9427.218496481868
Nifty 50 TRI,2017-02-08,9428.358263639613
Nifty 50 TRI,2017-02-09,9438.745654930124
Nifty 50 TRI,2017-02-10,9455.369028014497
Nifty 50 TRI,2017-02-13,9468.73900698668
Nifty 50 TRI,2017-02-14,9455.362324528067
Nifty 50 TRI,2017-02-15,9382.996560242049
Nifty 50 TRI,2017-02-16,9440.651784549344
Nifty 50 TRI,2017-02-17,9487.986425278095
Nifty 50 TRI,2017-02-20,9550.842467783628
Nifty 50 TRI,2017-02-21,9581.99782596845
Nifty 50 TRI,2017-02-22,9602.829950925616
Nifty 50 TRI,2017-02-23,9616.723648351703
Nifty 50 TRI,2017-02-27,9572.035364050214
Nifty 50 TRI,2017-02-28,9553.974546619593
Nifty 50 TRI,2017-03-01,9625.542797377655
Nifty 50 TRI,2017-03-02,9576.332555804476
Nifty 50 TRI,2017-03-03,9574.30366303759
Nifty 50 TRI,2017-03-06,9646.239780341659
Nifty 50 TRI,2017-03-07,9628.769789812843
Nifty 50 TRI,2017-03-08,9604.786392389231
Nifty 50 TRI,2017-03-09,9608.03224016534
Nifty 50 TRI,2017-03-10,9616.498071487487
Nifty 50 TRI,2017-03-14,9781.967917173215
Nifty 50 TRI,2017-03-15,9779.945291470009
Nifty 50 TRI,2017-03-16,9854.46623690736
Nifty 50 TRI,2017-03-17,9861.650672169282
Nifty 50 TRI,2017-03-20,9826.95002263438
Nifty 50 TRI,2017-03-21,9821.537366490189
Nifty 50 TRI,2017-03-22,9723.843721458517
Nifty 50 TRI,2017-03-23,9784.32767786855
Nifty 50 TRI,2017-03-24,9808.041758623987
Nifty 50 TRI,2017-03-27,9741.448551768975
Nifty 50 TRI,2017-03-28,9801.674512155827
Nifty 50 TRI,2017-03-29,9848.334304153082
Nifty 50 TRI,2017-03-30,9880.941588059823
Nifty 50 TRI,2017-03-31,9881.291010986577
Nifty 50 TRI,2017-04-03,9951.390079326395
Nifty 50 TRI,2017-04-05,9981.505520375204
Nifty 50 TRI,2017-04-06,9978.410752326723
Nifty 50 TRI,2017-04-07,9910.18711399674
Nifty 50 TRI,2017-04-10,9893.082939400649
Nifty 50 TRI,2017-04-11,9953.290248577396
Nifty 50 TRI,2017-04-12,9917.489501537459
Nifty 50 TRI,2017-04-13,9861.102998757586
Nifty 50 TRI,2017-04-17,9850.103552386488
Nifty 50 TRI,2017-04-18,9813.645218260177
Nifty 50 TRI,2017-04-19,9812.213386756772
Nifty 50 TRI,2017-04-20,9848.02334067023
Nifty 50 TRI,2017-04-21,9830.04684247883
Nifty 50 TRI,2017-04-24,9937.33050283461
Nifty 50 TRI,2017-04-25,10033.25302413762
Nifty 50 TRI,2017-04-26,10082.392649832358
Nifty 50 TRI,2017-04-27,10072.291929550747
Nifty 50 TRI,2017-04-28,10031.568305809527
Nifty 50 TRI,2017-05-02,10043.50125554205
Nifty 50 TRI,2017-05-03,10041.861837220114
Nifty 50 TRI,2017-05-04,10093.927522083524
Nifty 50 TRI,2017-05-05,10013.830678765018
Nifty 50 TRI,2017-05-08,10045.902117184896
Nifty 50 TRI,2017-05-09,10049.277280050293
Nifty 50 TRI,2017-05-10,10147.196883565857
Nifty 50 TRI,2017-05-11,10163.844565979427
Nifty 50 TRI,2017-05-12,10141.011348449581
Nifty 50 TRI,2017-05-15,10190.095720118912
Nifty 50 TRI,2017-05-16,10262.578800035679
Nifty 50 TRI,2017-05-17,10277.507117561514
Nifty 50 TRI,2017-05-18,10173.967257227005
Nifty 50 TRI,2017-05-19,10172.654811428849
Nifty 50 TRI,2017-05-22,10184.902424933616
Nifty 50 TRI,2017-05-23,10129.039440865734
Nifty 50 TRI,2017-05-24,10101.769855580793
Nifty 50 TRI,2017-05-25,10263.147472856872
Nifty 50 TRI,2017-05-26,10355.624989468037
Nifty 50 TRI,2017-05-29,10367.302387803007
Nifty 50 TRI,2017-05-30,10388.878873045789
Nifty 50 TRI,2017-05-31,10385.684275248326
Nifty 50 TRI,2017-06-01,10380.491747889228
Nifty 50 TRI,2017-06-02,10421.233644577149
Nifty 50 TRI,2017-06-05,10445.659151552993
Nifty 50 TRI,2017-06-06,10405.05546559492
Nifty 50 TRI,2017-06-07,10434.305931273251
Nifty 50 TRI,2017-06-08,10416.696528514147
Nifty 50 TRI,2017-06-09,10439.740619907958
Nifty 50 TRI,2017-06-12,10384.855254368984
Nifty 50 TRI,2017-06-13,10374.962981351666
Nifty 50 TRI,2017-06-14,10387.479731009376
Nifty 50 TRI,2017-06-15,10344.537414006732
Nifty 50 TRI,2017-06-16,10355.703867512762
Nifty 50 TRI,2017-06-19,10431.874928742516
Nifty 50 TRI,2017-06-20,10427.869168998992
Nifty 50 TRI,2017-06-21,10406.740444274525
Nifty 50 TRI,2017-06-22,10403.219829043632
Nifty 50 TRI,2017-06-23,10344.115709822043
Nifty 50 TRI,2017-06-27,10276.914459373176
Nifty 50 TRI,2017-06-28,10255.50494375207
Nifty 50 TRI,2017-06-29,10269.752389791416
Nifty 50 TRI,2017-06-30,10288.270460989821
Nifty 50 TRI,2017-07-03,10391.056664467982
Nifty 50 TRI,2017-07-04,10389.586638397888
Nifty 50 TRI,2017-07-05,10416.217023876163
Nifty 50 TRI,2017-07-06,10456.52217343586
Nifty 50 TRI,2017-07-07,10447.434373303184
Nifty 50 TRI,2017-07-10,10562.315996341893
Nifty 50 TRI,2017-07-11,10578.904798436726
Nifty 50 TRI,2017-07-12,10611.764459236749
Nifty 50 TRI,2017-07-13,10693.871169047196
Nifty 50 TRI,2017-07-14,10688.464641683795
Nifty 50 TRI,2017-07-17,10721.60420362096
Nifty 50 TRI,2017-07-18,10625.965322703416
Nifty 50 TRI,2017-07-19,10704.682226623936
Nifty 50 TRI,2017-07-20,10676.621143934657
Nifty 50 TRI,2017-07-21,10722.36369818897
Nifty 50 TRI,2017-07-24,10778.821238243196
Nifty 50 TRI,2017-07-25,10777.200904145338
Nifty 50 TRI,2017-07-26,10838.259993013855
Nifty 50 TRI,2017-07-27,10838.534473060634
Nifty 50 TRI,2017-07-28,10832.37387366459
Nifty 50 TRI,2017-07-31,10901.242359159958
Nifty 50 TRI,2017-08-01,10942.251123876522
Nifty 50 TRI,2017-08-02,10906.773988745745
Nifty 50 TRI,2017-08-03,10833.75329817046
Nifty 50 TRI,2017-08-04,10891.208579544957
Nifty 50 TRI,2017-08-07,10882.625604498353
Nifty 50 TRI,2017-08-08,10797.68703496029
Nifty 50 TRI,2017-08-09,10721.778847866328
Nifty 50 TRI,2017-08-10,10627.144012195524
Nifty 50 TRI,2017-08-11,10509.07231736495
Nifty 50 TRI,2017-08-14,10600.399222213078
Nifty 50 TRI,2017-08-16,10712.79747680347
Nifty 50 TRI,2017-08-17,10720.591625787703
Nifty 50 TRI,2017-08-18,10648.71570008022
Nifty 50 TRI,2017-08-21,10559.935734709576
Nifty 50 TRI,2017-08-22,10572.434787951068
Nifty 50 TRI,2017-08-23,10666.946505741424
Nifty 50 TRI,2017-08-24,10672.249808096549
Nifty 50 TRI,2017-08-28,10734.128701042308
Nifty 50 TRI,2017-08-29,10608.08045793752
Nifty 50 TRI,2017-08-30,10704.13326972766
Nifty 50 TRI,2017-08-31,10740.79130764041
Nifty 50 TRI,2017-09-01,10802.361122019345
Nifty 50 TRI,2017-09-04,10736.840088789273
Nifty 50 TRI,2017-09-05,10779.842829646028
Nifty 50 TRI,2017-09-06,10741.228837852968
Nifty 50 TRI,2017-09-07,10756.449260837826
Nifty 50 TRI,2017-09-08,10762.137065682178
Nifty 50 TRI,2017-09-11,10840.470513807963
Nifty 50 TRI,2017-09-12,10935.11227303143
Nifty 50 TRI,2017-09-13,10920.601286545349
Nifty 50 TRI,2017-09-14,10928.896861571327
Nifty 50 TRI,2017-09-15,10927.983936344452
Nifty 50 TRI,2017-09-18,11002.50625105764
Nifty 50 TRI,2017-09-19,10996.881023125094
Nifty 50 TRI,2017-09-20,10990.334630905978
Nifty 50 TRI,2017-09-21,10969.860620663438
Nifty 50 TRI,2017-09-22,10799.547983294124
Nifty 50 TRI,2017-09-25,10701.188299600815
Nifty 50 TRI,2017-09-26,10700.374789508598
Nifty 50 TRI,2017-09-27,10553.599541368632
Nifty 50 TRI,2017-09-28,10589.963194843333
Nifty 50 TRI,2017-09-29,10611.639256415365
Nifty 50 TRI,2017-10-03,10690.013058531395
Nifty 50 TRI,2017-10-04,10750.460248802086
Nifty 50 TRI,2017-10-05,10722.431247967
Nifty 50 TRI,2017-10-06,10821.486263782459
Nifty 50 TRI,2017-10-09,10832.448550853982
Nifty 50 TRI,2017-10-10,10863.41482508523
Nifty 50 TRI,2017-10-11,10828.930556084373
Nifty 50 TRI,2017-10-12,10950.353259068334
Nifty 50 TRI,2017-10-13,11027.802417420957
Nifty 50 TRI,2017-10-16,11097.743857348294
Nifty 50 TRI,2017-10-17,11102.04212424077
Nifty 50 TRI,2017-10-18,11076.832575834382
Nifty 50 TRI,2017-10-19,11007.468746508961
Nifty 50 TRI,2017-10-23,11050.581232849454
Nifty 50 TRI,2017-10-24,11075.765824163602
Nifty 50 TRI,2017-10-25,11171.264007521939
Nifty 50 TRI,2017-10-26,11224.23319196366
Nifty 50 TRI,2017-10-27,11202.113143788432
Nifty 50 TRI,2017-10-30,11247.364236610594
Nifty 50 TRI,2017-10-31,11216.992837611773
Nifty 50 TRI,2017-11-01,11331.56825335133
Nifty 50 TRI,2017-11-02,11313.842822758446
Nifty 50 TRI,2017-11-03,11345.394799838645
Nifty 50 TRI,2017-11-06,11345.838385520223
Nifty 50 TRI,2017-11-07,11235.891286424556
Nifty 50 TRI,2017-11-08,11185.264673971918
Nifty 50 TRI,2017-11-09,11191.956805387448
Nifty 50 TRI,2017-11-10,11206.24924544703
Nifty 50 TRI,2017-11-13,11102.332161096467
Nifty 50 TRI,2017-11-14,11061.081932961972
Nifty 50 TRI,2017-11-15,10987.035902589447
Nifty 50 TRI,2017-11-16,11092.43342066831
Nifty 50 TRI,2017-11-17,11167.593714102099
Nifty 50 TRI,2017-11-20,11185.233012797973
Nifty 50 TRI,2017-11-21,11216.203125973507
Nifty 50 TRI,2017-11-22,11233.325896807355
Nifty 50 TRI,2017-11-23,11240.729294980962
Nifty 50 TRI,2017-11-24,11285.608151365801
Nifty 50 TRI,2017-11-27,11297.505563694876
Nifty 50 TRI,2017-11-28,11266.074240420417
Nifty 50 TRI,2017-11-29,11256.748952918795
Nifty 50 TRI,2017-11-30,11110.746423756962
Nifty 50 TRI,2017-12-01,10997.328533637286
Nifty 50 TRI,2017-12-04,11004.960850134816
Nifty 50 TRI,2017-12-05,10995.026818522461
Nifty 50 TRI,2017-12-06,10914.837044612746
Nifty 50 TRI,2017-12-07,11048.456747930239
Nifty 50 TRI,2017-12-08,11156.383393326867
Nifty 50 TRI,2017-12-11,11219.084202533802
Nifty 50 TRI,2017-12-12,11130.245072367015
Nifty 50 TRI,2017-12-13,11079.333928365812
Nifty 50 TRI,2017-12-14,11144.021078915668
Nifty 50 TRI,2017-12-15,11232.628673926298
Nifty 50 TRI,2017-12-18,11294.15735878516
Nifty 50 TRI,2017-12-19,11375.49834901374
Nifty 50 TRI,2017-12-20,11355.243262648568
Nifty 50 TRI,2017-12-21,11351.404051806074
Nifty 50 TRI,2017-12-22,11409.10673824664
Nifty 50 TRI,2017-12-26,11452.587900191274
Nifty 50 TRI,2017-12-27,11408.67732840282
Nifty 50 TRI,2017-12-28,11395.106349067988
Nifty 50 TRI,2017-12-29,11452.933099744027
Nifty 50 TRI,2018-01-02,11358.289180157486
Nifty 50 TRI,2018-01-03,11359.77861496808
Nifty 50 TRI,2018-01-04,11427.188785721812
Nifty 50 TRI,2018-01-05,11486.390693442216
Nifty 50 TRI,2018-01-08,11558.054757636659
Nifty 50 TRI,2018-01-09,11573.043097603448
Nifty 50 TRI,2018-01-10,11568.2299925104
Nifty 50 TRI,2018-01-11,11589.312522600567
Nifty 50 TRI,2018-01-12,11622.419978894608
Nifty 50 TRI,2018-01-15,11689.273080556357
Nifty 50 TRI,2018-01-16,11644.959056546819
Nifty 50 TRI,2018-01-17,11741.250249724391
Nifty 50 TRI,2018-01-18,11772.629090387134
Nifty 50 TRI,2018-01-19,11857.613028025393
Nifty 50 TRI,2018-01-22,11936.698729911332
Nifty 50 TRI,2018-01-23,12065.024015057517
Nifty 50 TRI,2018-01-24,12067.954186718609
Nifty 50 TRI,2018-01-25,12050.582526954022
Nifty 50 TRI,2018-01-29,12118.429901386326
Nifty 50 TRI,2018-01-30,12030.93727979528
Nifty 50 TRI,2018-01-31,12007.462361073392
Nifty 50 TRI,2018-02-01,11996.127249642093
Nifty 50 TRI,2018-02-02,11717.45976748146
Nifty 50 TRI,2018-02-05,11616.279096099875
Nifty 50 TRI,2018-02-06,11433.39850581666
Nifty 50 TRI,2018-02-07,11410.33261061875
Nifty 50 TRI,2018-02-08,11519.81421642917
Nifty 50 TRI,2018-02-09,11387.449710116098
Nifty 50 TRI,2018-02-12,11481.030928002498
Nifty 50 TRI,2018-02-14,11439.520785027433
Nifty 50 TRI,2018-02-15,11488.513177131937
Nifty 50 TRI,2018-02-16,11387.38139625713
Nifty 50 TRI,2018-02-19,11308.070395319148
Nifty 50 TRI,2018-02-20,11288.857199708626
Nifty 50 TRI,2018-02-21,11329.627895836866
Nifty 50 TRI,2018-02-22,11313.955577583032
Nifty 50 TRI,2018-02-23,11432.427661277545
Nifty 50 TRI,2018-02-26,11533.415862382382
Nifty 50 TRI,2018-02-27,11502.980170545992
Nifty 50 TRI,2018-02-28,11436.410898115617
Nifty 50 TRI,2018-03-01,11399.21161236229
Nifty 50 TRI,2018-03-05,11292.35751760205
Nifty 50 TRI,2018-03-06,11173.276236165386
Nifty 50 TRI,2018-03-07,11070.048628876886
Nifty 50 TRI,2018-03-08,11166.871389183738
Nifty 50 TRI,2018-03-09,11150.039150814311
Nifty 50 TRI,2018-03-12,11363.357709083813
Nifty 50 TRI,2018-03-13,11369.701521635265
Nifty 50 TRI,2018-03-14,11352.711544011665
Nifty 50 TRI,2018-03-15,11297.770011201326
Nifty 50 TRI,2018-03-16,11118.23026061371
Nifty 50 TRI,2018-03-19,11009.362140492914
Nifty 50 TRI,2018-03-20,11042.580971897414
Nifty 50 TRI,2018-03-21,11076.675578257435
Nifty 50 TRI,2018-03-22,11032.891000636777
Nifty 50 TRI,2018-03-23,10905.983296673074
Nifty 50 TRI,2018-03-26,11051.797884227262
Nifty 50 TRI,2018-03-27,11110.555359610995
Nifty 50 TRI,2018-03-28,11034.08682466372
Nifty 50 TRI,2018-04-02,11143.083958985297
Nifty 50 TRI,2018-04-03,11179.707245728017
Nifty 50 TRI,2018-04-04,11052.860469884172
Nifty 50 TRI,2018-04-05,11267.9670970256
Nifty 50 TRI,2018-04-06,11275.403932592884
Nifty 50 TRI,2018-04-09,11328.717732090738
Nifty 50 TRI,2018-04-10,11354.11425808923
Nifty 50 TRI,2018-04-11,11370.780212437045
Nifty 50 TRI,2018-04-12,11416.483007724219
Nifty 50 TRI,2018-04-13,11440.84696971546
Nifty 50 TRI,2018-04-16,11494.191224397557
Nifty 50 TRI,2018-04-17,11516.81597516831
Nifty 50 TRI,2018-04-18,11492.657423039032
Nifty 50 TRI,2018-04-19,11535.754869541459
Nifty 50 TRI,2018-04-20,11534.79794758114
Nifty 50 TRI,2018-04-23,11558.572098841889
Nifty 50 TRI,2018-04-24,11591.359376137578
Nifty 50 TRI,2018-04-25,11543.936186593133
Nifty 50 TRI,2018-04-26,11595.947247512753
Nifty 50 TRI,2018-04-27,11677.723386674865
Nifty 50 TRI,2018-04-30,11730.353779639336
Nifty 50 TRI,2018-05-02,11707.916492352886
Nifty 50 TRI,2018-05-03,11666.383243600025
Nifty 50 TRI,2018-05-04,11599.720031319588
Nifty 50 TRI,2018-05-07,11707.201008217975
Nifty 50 TRI,2018-05-08,11710.127750238831
Nifty 50 TRI,2018-05-09,11736.656036613043
Nifty 50 TRI,2018-05-10,11709.590152707375
Nifty 50 TRI,2018-05-11,11808.293075224721
Nifty 50 TRI,2018-05-14,11809.654715957891
Nifty 50 TRI,2018-05-15,11804.88127194277
Nifty 50 TRI,2018-05-16,11738.905296951469
Nifty 50 TRI,2018-05-17,11675.493677862263
Nifty 50 TRI,2018-05-18,11581.583175943893
Nifty 50 TRI,2018-05-21,11495.692478305327
Nifty 50 TRI,2018-05-22,11517.96156333911
Nifty 50 TRI,2018-05-23,11402.109966790409
Nifty 50 TRI,2018-05-24,11493.795823509658
Nifty 50 TRI,2018-05-25,11594.016307365571
Nifty 50 TRI,2018-05-28,11686.541912825222
Nifty 50 TRI,2018-05-29,11626.43493556498
Nifty 50 TRI,2018-05-30,11606.125235508182
Nifty 50 TRI,2018-05-31,11739.721887563119
Nifty 50 TRI,2018-06-01,11696.450921873999
Nifty 50 TRI,2018-06-04,11623.652836615534
Nifty 50 TRI,2018-06-05,11585.403105951764
Nifty 50 TRI,2018-06-06,11685.887081782736
Nifty 50 TRI,2018-06-07,11777.846071833848
Nifty 50 TRI,2018-06-08,11777.497780411519
Nifty 50 TRI,2018-06-11,11799.859381367254
Nifty 50 TRI,2018-06-12,11861.427270524398
Nifty 50 TRI,2018-06-13,11876.998976272058
Nifty 50 TRI,2018-06-14,11824.194612263474
Nifty 50 TRI,2018-06-15,11835.170823748715
Nifty 50 TRI,2018-06-18,11816.894846757683
Nifty 50 TRI,2018-06-19,11719.49092165906
Nifty 50 TRI,2018-06-20,11787.310706956056
Nifty 50 TRI,2018-06-21,11753.859110318386
Nifty 50 TRI,2018-06-22,11842.641666974292
Nifty 50 TRI,2018-06-25,11778.888820968898
Nifty 50 TRI,2018-06-26,11786.63860313062
Nifty 50 TRI,2018-06-27,11680.06604306637
Nifty 50 TRI,2018-06-28,11590.396014700116
Nifty 50 TRI,2018-06-29,11727.84975686978
Nifty 50 TRI,2018-07-02,11666.695310016821
Nifty 50 TRI,2018-07-03,11713.744990194065
Nifty 50 TRI,2018-07-04,11790.794627092768
Nifty 50 TRI,2018-07-05,11769.150333712036
Nifty 50 TRI,2018-07-06,11794.639454555949
Nifty 50 TRI,2018-07-09,11883.763339500525
Nifty 50 TRI,2018-07-10,11987.498651100053
Nifty 50 TRI,2018-07-11,11989.07217059294
Nifty 50 TRI,2018-07-12,12071.519650922963
Nifty 50 TRI,2018-07-13,12067.237652222973
Nifty 50 TRI,2018-07-16,11978.65129136827
Nifty 50 TRI,2018-07-17,12057.060102508955
Nifty 50 TRI,2018-07-18,12027.25570157762
Nifty 50 TRI,2018-07-19,12002.103440193754
Nifty 50 TRI,2018-07-20,12060.694842498591
Nifty 50 TRI,2018-07-23,12143.645749435645
Nifty 50 TRI,2018-07-24,12198.360270290857
Nifty 50 TRI,2018-07-25,12196.271967925324
Nifty 50 TRI,2018-07-26,12235.379269635005
Nifty 50 TRI,2018-07-27,12357.487250944738
Nifty 50 TRI,2018-07-30,12403.94541393214
Nifty 50 TRI,2018-07-31,12444.875458192624
Nifty 50 TRI,2018-08-01,12434.028241799684
Nifty 50 TRI,2018-08-02,12323.232605019275
Nifty 50 TRI,2018-08-03,12450.90816726894
Nifty 50 TRI,2018-08-06,12481.055551081608
Nifty 50 TRI,2018-08-07,12484.073419955484
Nifty 50 TRI,2018-08-08,12550.886402230659
Nifty 50 TRI,2018-08-09,12574.021508558686
Nifty 50 TRI,2018-08-10,12529.301491369702
Nifty 50 TRI,2018-08-13,12449.77561435862
Nifty 50 TRI,2018-08-14,12537.213195398486
Nifty 50 TRI,2018-08-16,12483.222445906198
Nifty 50 TRI,2018-08-17,12577.633832980184
Nifty 50 TRI,2018-08-20,12667.793856314272
Nifty 50 TRI,2018-08-21,12689.243132664877
Nifty 50 TRI,2018-08-23,12703.13642494325
Nifty 50 TRI,2018-08-24,12675.453131072954
Nifty 50 TRI,2018-08-27,12824.713370294929
Nifty 50 TRI,2018-08-28,12876.228437464175
Nifty 50 TRI,2018-08-29,12825.565801460152
Nifty 50 TRI,2018-08-30,12809.454007333292
Nifty 50 TRI,2018-08-31,12813.966251456137
Nifty 50 TRI,2018-09-03,12707.639484214214
Nifty 50 TRI,2018-09-04,12640.008171748728
Nifty 50 TRI,2018-09-05,12592.890534784734
Nifty 50 TRI,2018-09-06,12659.117530728832
Nifty 50 TRI,2018-09-07,12716.843964778407
Nifty 50 TRI,2018-09-10,12552.481634768159
Nifty 50 TRI,2018-09-11,12387.647579925626
Nifty 50 TRI,2018-09-12,12478.52047413196
Nifty 50 TRI,2018-09-14,12638.881568307705
Nifty 50 TRI,2018-09-17,12489.343547425238
Nifty 50 TRI,2018-09-18,12381.274268437706
Nifty 50 TRI,2018-09-19,12332.805309471998
Nifty 50 TRI,2018-09-21,12233.498389694647
Nifty 50 TRI,2018-09-24,12041.88370217019
Nifty 50 TRI,2018-09-25,12152.165176692473
Nifty 50 TRI,2018-09-26,12137.606129356065
Nifty 50 TRI,2018-09-27,12054.30621141602
Nifty 50 TRI,2018-09-28,12003.01118765935
Nifty 50 TRI,2018-10-01,12089.782379135679
Nifty 50 TRI,2018-10-03,11925.834740407612
Nifty 50 TRI,2018-10-04,11641.781499751989
Nifty 50 TRI,2018-10-05,11331.566500243804
Nifty 50 TRI,2018-10-08,11367.48133303205
Nifty 50 TRI,2018-10-09,11316.25132409741
Nifty 50 TRI,2018-10-10,11491.382356599523
Nifty 50 TRI,2018-10-11,11244.103250193308
Nifty 50 TRI,2018-10-12,11505.819052077777
Nifty 50 TRI,2018-10-15,11550.991200065673
Nifty 50 TRI,2018-10-16,11630.789800591094
Nifty 50 TRI,2018-10-17,11486.480495815433
Nifty 50 TRI,2018-10-19,11323.001117857088
Nifty 50 TRI,2018-10-22,11260.1275301945
Nifty 50 TRI,2018-10-23,11152.31939039097
Nifty 50 TRI,2018-10-24,11238.391645661393
Nifty 50 TRI,2018-10-25,11129.036883115794
Nifty 50 TRI,2018-10-26,11025.114621872122
Nifty 50 TRI,2018-10-29,11269.071015634905
Nifty 50 TRI,2018-10-30,11211.808465668517
Nifty 50 TRI,2018-10-31,11419.112715619012
Nifty 50 TRI,2018-11-01,11412.755578099452
Nifty 50 TRI,2018-11-02,11602.875257430715
Nifty 50 TRI,2018-11-05,11572.21777419788
Nifty 50 TRI,2018-11-06,11579.224855190649
Nifty 50 TRI,2018-11-07,11654.852902180448
Nifty 50 TRI,2018-11-09,11641.160203005875
Nifty 50 TRI,2018-11-12,11529.108149588974
Nifty 50 TRI,2018-11-13,11639.836988896366
Nifty 50 TRI,2018-11-14,11633.428691123941
Nifty 50 TRI,2018-11-15,11678.280174870568
Nifty 50 TRI,2018-11-16,11750.745150065783
Nifty 50 TRI,2018-11-19,11841.323991730502
Nifty 50 TRI,2018-11-20,11723.802583044384
Nifty 50 TRI,2018-11-21,11662.439115739335
Nifty 50 TRI,2018-11-22,11582.202413512243
Nifty 50 TRI,2018-11-26,11695.918136030343
Nifty 50 TRI,2018-11-27,11759.057871477575
Nifty 50 TRI,2018-11-28,11807.070219838144
Nifty 50 TRI,2018-11-29,11950.393032058922
Nifty 50 TRI,2018-11-30,11970.680804235306
Nifty 50 TRI,2018-12-03,11979.655661719182
Nifty 50 TRI,2018-12-04,11964.39388764995
Nifty 50 TRI,2018-12-05,11869.490756491323
Nifty 50 TRI,2018-12-06,11669.83852091235
Nifty 50 TRI,2018-12-07,11772.134437648368
Nifty 50 TRI,2018-12-10,11547.410440862071
Nifty 50 TRI,2018-12-11,11614.6499140166
Nifty 50 TRI,2018-12-12,11822.55120497314
Nifty 50 TRI,2018-12-13,11882.372836601233
Nifty 50 TRI,2018-12-14,11898.099037122403
Nifty 50 TRI,2018-12-17,11990.65325117445
Nifty 50 TRI,2018-12-18,12013.488890854738
Nifty 50 TRI,2018-12-19,12078.450348868717
Nifty 50 TRI,2018-12-20,12061.696793705349
Nifty 50 TRI,2018-12-21,11844.377771062636
Nifty 50 TRI,2018-12-24,11745.947765127316
Nifty 50 TRI,2018-12-26,11819.868433018419
Nifty 50 TRI,2018-12-27,11875.312880523605
Nifty 50 TRI,2018-12-28,11963.976877822415
Nifty 50 TRI,2018-12-31,11968.16525819247
Nifty 50 TRI,2019-01-02,11891.826646694588
Nifty 50 TRI,2019-01-03,11759.743801672297
Nifty 50 TRI,2019-01-04,11820.87602816807
Nifty 50 TRI,2019-01-07,11871.116712501787
Nifty 50 TRI,2019-01-08,11904.985714928198
Nifty 50 TRI,2019-01-09,11963.819765244369
Nifty 50 TRI,2019-01-10,11927.264113901889
Nifty 50 TRI,2019-01-11,11898.312624824604
Nifty 50 TRI,2019-01-14,11836.35580914822
Nifty 50 TRI,2019-01-15,12001.247738627297
Nifty 50 TRI,2019-01-16,12005.530563212418
Nifty 50 TRI,2019-01-17,12022.38197782419
Nifty 50 TRI,2019-01-18,12024.736475941432
Nifty 50 TRI,2019-01-21,12086.544363909412
Nifty 50 TRI,2019-01-22,12043.858998377686
Nifty 50 TRI,2019-01-23,11943.665468362075
Nifty 50 TRI,2019-01-24,11964.267356399905
Nifty 50 TRI,2019-01-25,11888.32454463511
Nifty 50 TRI,2019-01-28,11758.34384020341
Nifty 50 TRI,2019-01-29,11748.447850538962
Nifty 50 TRI,2019-01-30,11748.421703134354
Nifty 50 TRI,2019-01-31,11946.438398674874
Nifty 50 TRI,2019-02-01,12016.021048539928
Nifty 50 TRI,2019-02-04,12037.813972996144
Nifty 50 TRI,2019-02-05,12062.619646204072
Nifty 50 TRI,2019-02-06,12204.369970372736
Nifty 50 TRI,2019-02-07,12212.469456789422
Nifty 50 TRI,2019-02-08,12074.104966035768
Nifty 50 TRI,2019-02-11,12014.918755906543
Nifty 50 TRI,2019-02-12,11952.005745952112
Nifty 50 TRI,2019-02-14,11858.663556672056
Nifty 50 TRI,2019-02-15,11835.191144123599
Nifty 50 TRI,2019-02-18,11744.343378268872
Nifty 50 TRI,2019-02-19,11704.36145434754
Nifty 50 TRI,2019-02-20,11849.480406390081
Nifty 50 TRI,2019-02-21,11909.946071588836
Nifty 50 TRI,2019-02-22,11912.35503786291
Nifty 50 TRI,2019-02-25,12011.263824875696
Nifty 50 TRI,2019-02-26,11962.229357350492
Nifty 50 TRI,2019-02-27,11931.022155550196
Nifty 50 TRI,2019-02-28,11915.820863736633
Nifty 50 TRI,2019-03-01,11994.634945344837
Nifty 50 TRI,2019-03-05,12133.20727714792
Nifty 50 TRI,2019-03-06,12206.024160914776
Nifty 50 TRI,2019-03-07,12212.198677586937
Nifty 50 TRI,2019-03-08,12187.450531549779
Nifty 50 TRI,2019-03-11,12335.256550018901
Nifty 50 TRI,2019-03-12,12482.76430807827
Nifty 50 TRI,2019-03-13,12527.941681748292
Nifty 50 TRI,2019-03-14,12530.096672477031
Nifty 50 TRI,2019-03-15,12622.88969839063
Nifty 50 TRI,2019-03-18,12663.28375696691
Nifty 50 TRI,2019-03-19,12741.29054177293
Nifty 50 TRI,2019-03-20,12729.200255382584
Nifty 50 TRI,2019-03-22,12659.219134333642
Nifty 50 TRI,2019-03-25,12547.127358643997
Nifty 50 TRI,2019-03-26,12690.128846234438
Nifty 50 TRI,2019-03-27,12648.36111834476
Nifty 50 TRI,2019-03-28,12786.900516794574
Nifty 50 TRI,2019-04-01,12898.30361677121
Nifty 50 TRI,2019-04-02,12947.451193185223
Nifty 50 TRI,2019-04-03,12871.359294795002
Nifty 50 TRI,2019-04-04,12821.01878704101
Nifty 50 TRI,2019-04-05,12896.590437366463
Nifty 50 TRI,2019-04-08,12830.018905433024
Nifty 50 TRI,2019-04-09,12905.048677165263
Nifty 50 TRI,2019-04-10,12808.591284431988
Nifty 50 TRI,2019-04-11,12822.755654642084
Nifty 50 TRI,2019-04-12,12874.903558809247
Nifty 50 TRI,2019-04-15,12928.13467276194
Nifty 50 TRI,2019-04-16,13035.645777994054
Nifty 50 TRI,2019-04-18,12998.576073694298
Nifty 50 TRI,2019-04-22,12825.25569631886
Nifty 50 TRI,2019-04-23,12805.24465416598
Nifty 50 TRI,2019-04-24,12971.853894753347
Nifty 50 TRI,2019-04-25,12878.99792560935
Nifty 50 TRI,2019-04-26,13004.301235539773
Nifty 50 TRI,2019-04-30,12998.948794358557
Nifty 50 TRI,2019-05-02,12973.974575287844
Nifty 50 TRI,2019-05-03,12960.601064679635
Nifty 50 TRI,2019-05-06,12835.812020519354
Nifty 50 TRI,2019-05-07,12725.204848727348
Nifty 50 TRI,2019-05-08,12572.420842808824
Nifty 50 TRI,2019-05-09,12509.05684622422
Nifty 50 TRI,2019-05-10,12484.152784723407
Nifty 50 TRI,2019-05-13,12340.795234851805
Nifty 50 TRI,2019-05-14,12422.984316792377
Nifty 50 TRI,2019-05-15,12351.409938987186
Nifty 50 TRI,2019-05-16,12462.666393565003
Nifty 50 TRI,2019-05-17,12629.233295161603
Nifty 50 TRI,2019-05-20,13096.835938061286
Nifty 50 TRI,2019-05-21,12965.36508851382
Nifty 50 TRI,2019-05-22,12997.715522348662
Nifty 50 TRI,2019-05-23,12908.643813901821
Nifty 50 TRI,2019-05-24,13116.240597634094
Nifty 50 TRI,2019-05-27,13206.954443183578
Nifty 50 TRI,2019-05-28,13211.851740196935
Nifty 50 TRI,2019-05-29,13137.389181444725
Nifty 50 TRI,2019-05-30,13231.782682061305
Nifty 50 TRI,2019-05-31,13206.662514554671
Nifty 50 TRI,2019-06-03,13391.681314368436
Nifty 50 TRI,2019-06-04,13318.041175363389
Nifty 50 TRI,2019-06-06,13121.884379314135
Nifty 50 TRI,2019-06-07,13152.152849535973
Nifty 50 TRI,2019-06-10,13211.22319806106
Nifty 50 TRI,2019-06-11,13259.227757956052
Nifty 50 TRI,2019-06-12,13193.873101032534
Nifty 50 TRI,2019-06-13,13203.03854390615
Nifty 50 TRI,2019-06-14,13102.933589708928
Nifty 50 TRI,2019-06-17,12936.797666918437
Nifty 50 TRI,2019-06-18,12958.702002930808
Nifty 50 TRI,2019-06-19,12959.10506089186
Nifty 50 TRI,2019-06-20,13115.080760875919
Nifty 50 TRI,2019-06-21,12996.213643703904
Nifty 50 TRI,2019-06-24,12970.487523356926
Nifty 50 TRI,2019-06-25,13078.26437199556
Nifty 50 TRI,2019-06-26,13135.381010759205
Nifty 50 TRI,2019-06-27,13129.193084946284
Nifty 50 TRI,2019-06-28,13071.224526447284
Nifty 50 TRI,2019-07-01,13157.719089627246
Nifty 50 TRI,2019-07-02,13207.754022809231
Nifty 50 TRI,2019-07-03,13215.374196257104
Nifty 50 TRI,2019-07-04,13249.111953160404
Nifty 50 TRI,2019-07-05,13099.19331452259
Nifty 50 TRI,2019-07-08,12820.46110611022
Nifty 50 TRI,2019-07-09,12817.920479736365
Nifty 50 TRI,2019-07-10,12755.146557127342
Nifty 50 TRI,2019-07-11,12848.777852975756
Nifty 50 TRI,2019-07-12,12815.508233098832
Nifty 50 TRI,2019-07-15,12856.641061927618
Nifty 50 TRI,2019-07-16,12939.474948847968
Nifty 50 TRI,2019-07-17,12967.560109189235
Nifty 50 TRI,2019-07-18,12867.492702123083
Nifty 50 TRI,2019-07-19,12670.826451365478
Nifty 50 TRI,2019-07-22,12591.105913150755
Nifty 50 TRI,2019-07-23,12574.737889611839
Nifty 50 TRI,2019-07-24,12508.872111128545
Nifty 50 TRI,2019-07-25,12488.061723026438
Nifty 50 TRI,2019-07-26,12524.185238824904
Nifty 50 TRI,2019-07-29,12419.953905423497
Nifty 50 TRI,2019-07-30,12305.171799536794
Nifty 50 TRI,2019-07-31,12341.794907132691
Nifty 50 TRI,2019-08-01,12189.035821822838
Nifty 50 TRI,2019-08-02,12208.727566870108
Nifty 50 TRI,2019-08-05,12060.414009012356
Nifty 50 TRI,2019-08-06,12155.938892240074
Nifty 50 TRI,2019-08-07,12053.383978824091
Nifty 50 TRI,2019-08-08,12250.293490669837
Nifty 50 TRI,2019-08-09,12336.451855943491
Nifty 50 TRI,2019-08-13,12134.070822836868
Nifty 50 TRI,2019-08-14,12249.505803728318
Nifty 50 TRI,2019-08-16,12270.808443347592
Nifty 50 TRI,2019-08-19,12278.886948246141
Nifty 50 TRI,2019-08-20,12238.330051355275
Nifty 50 TRI,2019-08-21,12129.561786750057
Nifty 50 TRI,2019-08-22,11932.96535678431
Nifty 50 TRI,2019-08-23,12031.15328097204
Nifty 50 TRI,2019-08-26,12286.314781268271
Nifty 50 TRI,2019-08-27,12339.528116571439
Nifty 50 TRI,2019-08-28,12274.12748388128
Nifty 50 TRI,2019-08-29,12165.885193811879
Nifty 50 TRI,2019-08-30,12249.603942650472
Nifty 50 TRI,2019-09-03,12000.88124800875
Nifty 50 TRI,2019-09-04,12053.265836707411
Nifty 50 TRI,2019-09-05,12057.304414231907
Nifty 50 TRI,2019-09-06,12166.993656984294
Nifty 50 TRI,2019-09-09,12231.481060713351
Nifty 50 TRI,2019-09-11,12268.644365655182
Nifty 50 TRI,2019-09-12,12210.265552338498
Nifty 50 TRI,2019-09-13,12314.206753335475
Nifty 50 TRI,2019-09-16,12235.00978373616
Nifty 50 TRI,2019-09-17,12028.728814882477
Nifty 50 TRI,2019-09-18,12054.786624133369
Nifty 50 TRI,2019-09-19,11904.141935850936
Nifty 50 TRI,2019-09-20,12537.78005074305
Nifty 50 TRI,2019-09-23,12901.685833556656
Nifty 50 TRI,2019-09-24,12888.79526684832
Nifty 50 TRI,2019-09-25,12724.634540298226
Nifty 50 TRI,2019-09-26,12870.797541548196
Nifty 50 TRI,2019-09-27,12805.846589882914
Nifty 50 TRI,2019-09-30,12764.986739039457
Nifty 50 TRI,2019-10-01,12638.000372485596
Nifty 50 TRI,2019-10-03,12587.825986136992
Nifty 50 TRI,2019-10-04,12433.337709826083
Nifty 50 TRI,2019-10-07,12380.855981169489
Nifty 50 TRI,2019-10-09,12589.717911854485
Nifty 50 TRI,2019-10-10,12502.525092709715
Nifty 50 TRI,2019-10-11,12581.426904131147
Nifty 50 TRI,2019-10-14,12622.942437152871
Nifty 50 TRI,2019-10-15,12720.391414421027
Nifty 50 TRI,2019-10-16,12760.579139433532
Nifty 50 TRI,2019-10-17,12897.222570036927
Nifty 50 TRI,2019-10-18,12981.72365745697
Nifty 50 TRI,2019-10-22,12901.729847080067
Nifty 50 TRI,2019-10-23,12919.721761354973
Nifty 50 TRI,2019-10-24,12896.240222999346
Nifty 50 TRI,2019-10-25,12898.14463748637
Nifty 50 TRI,2019-10-29,13125.975882547975
Nifty 50 TRI,2019-10-30,13190.196595993455
Nifty 50 TRI,2019-10-31,13227.805281051782
Nifty 50 TRI,2019-11-01,13242.917957626252
Nifty 50 TRI,2019-11-04,13300.79526924422
Nifty 50 TRI,2019-11-05,13274.421373817173
Nifty 50 TRI,2019-11-06,13329.305699219394
Nifty 50 TRI,2019-11-07,13381.019520793085
Nifty 50 TRI,2019-11-08,13265.748171979001
Nifty 50 TRI,2019-11-11,13273.060223900067
Nifty 50 TRI,2019-11-13,13192.662198591515
Nifty 50 TRI,2019-11-14,13228.3938462744
Nifty 50 TRI,2019-11-15,13254.88077350815
Nifty 50 TRI,2019-11-18,13244.08413791517
Nifty 50 TRI,2019-11-19,13306.514876089135
Nifty 50 TRI,2019-11-20,13372.739675783938
Nifty 50 TRI,2019-11-21,13338.997748201324
Nifty 50 TRI,2019-11-22,13279.283358810655
Nifty 50 TRI,2019-11-25,13458.315339566083
Nifty 50 TRI,2019-11-26,13418.606009180845
Nifty 50 TRI,2019-11-27,13489.310069560035
Nifty 50 TRI,2019-11-28,13546.028667762313
Nifty 50 TRI,2019-11-29,13440.486395507416
Nifty 50 TRI,2019-12-02,13433.16041196366
Nifty 50 TRI,2019-12-03,13373.425936152007
Nifty 50 TRI,2019-12-04,13428.535358711257
Nifty 50 TRI,2019-12-05,13401.356720199175
Nifty 50 TRI,2019-12-06,13293.776105186078
Nifty 50 TRI,2019-12-09,13313.030133830012
Nifty 50 TRI,2019-12-10,13223.498654553236
Nifty 50 TRI,2019-12-11,13283.46853843435
Nifty 50 TRI,2019-12-12,13352.69871178416
Nifty 50 TRI,2019-12-13,13481.329127595238
Nifty 50 TRI,2019-12-16,13446.226664090129
Nifty 50 TRI,2019-12-17,13570.583021767401
Nifty 50 TRI,2019-12-18,13634.26111550422
Nifty 50 TRI,2019-12-19,13677.19247127238
Nifty 50 TRI,2019-12-20,13691.175211213724
Nifty 50 TRI,2019-12-23,13682.530168607385
Nifty 50 TRI,2019-12-24,13629.231316578627
Nifty 50 TRI,2019-12-26,13531.996233603753
Nifty 50 TRI,2019-12-27,13665.550347287497
Nifty 50 TRI,2019-12-30,13678.216322682534
Nifty 50 TRI,2019-12-31,13581.153926910536
Nifty 50 TRI,2020-01-01,13597.315681599603
Nifty 50 TRI,2020-01-02,13709.079349094072
Nifty 50 TRI,2020-01-03,13647.558676469971
Nifty 50 TRI,2020-01-06,13388.23068211104
Nifty 50 TRI,2020-01-07,13455.575249010959
Nifty 50 TRI,2020-01-08,13425.237473888477
Nifty 50 TRI,2020-01-09,13638.452823592597
Nifty 50 TRI,2020-01-10,13684.59892646642
Nifty 50 TRI,2020-01-13,13767.284068186214
Nifty 50 TRI,2020-01-14,13804.34115717633
Nifty 50 TRI,2020-01-15,13783.612256421118
Nifty 50 TRI,2020-01-16,13797.723981750003
Nifty 50 TRI,2020-01-17,13794.693663531749
Nifty 50 TRI,2020-01-20,13653.419475929164
Nifty 50 TRI,2020-01-21,13592.806303913745
Nifty 50 TRI,2020-01-22,13522.974963547089
Nifty 50 TRI,2020-01-23,13605.496233918937
Nifty 50 TRI,2020-01-24,13681.825042804261
Nifty 50 TRI,2020-01-27,13538.883440284957
Nifty 50 TRI,2020-01-28,13468.75488157122
Nifty 50 TRI,2020-01-29,13551.57204522022
Nifty 50 TRI,2020-01-30,13447.361892473551
Nifty 50 TRI,2020-01-31,13365.490748353974
Nifty 50 TRI,2020-02-03,13082.856789691661
Nifty 50 TRI,2020-02-04,13386.994050723264
Nifty 50 TRI,2020-02-05,13509.835611889925
Nifty 50 TRI,2020-02-06,13564.84992273354
Nifty 50 TRI,2020-02-07,13521.072148033407
Nifty 50 TRI,2020-02-10,13447.787838755396
Nifty 50 TRI,2020-02-11,13533.660278468744
Nifty 50 TRI,2020-02-12,13638.428839125165
Nifty 50 TRI,2020-02-13,13609.232876402304
Nifty 50 TRI,2020-02-14,13541.30009219094
Nifty 50 TRI,2020-02-17,13467.104164082075
Nifty 50 TRI,2020-02-18,13407.989559291062
Nifty 50 TRI,2020-02-19,13557.614787830633
Nifty 50 TRI,2020-02-20,13507.722487203762
Nifty 50 TRI,2020-02-24,13228.44556532486
Nifty 50 TRI,2020-02-25,13193.68666438278
Nifty 50 TRI,2020-02-26,13060.622100229697
Nifty 50 TRI,2020-02-27,13010.53265101876
Nifty 50 TRI,2020-02-28,12528.335936244493
Nifty 50 TRI,2020-03-02,12452.485486464075
Nifty 50 TRI,2020-03-03,12643.700280919718
Nifty 50 TRI,2020-03-04,12585.643564489481
Nifty 50 TRI,2020-03-05,12606.224586618318
Nifty 50 TRI,2020-03-06,12293.937023725644
Nifty 50 TRI,2020-03-09,11693.314965702883
Nifty 50 TRI,2020-03-11,11701.91859237078
Nifty 50 TRI,2020-03-12,10730.811936028835
Nifty 50 TRI,2020-03-13,11139.67503127056
Nifty 50 TRI,2020-03-16,10292.803702324087
Nifty 50 TRI,2020-03-17,10035.373410391403
Nifty 50 TRI,2020-03-18,9478.097665552514
Nifty 50 TRI,2020-03-19,9248.601871651046
Nifty 50 TRI,2020-03-20,9788.411066957522
Nifty 50 TRI,2020-03-23,8518.733377811615
Nifty 50 TRI,2020-03-24,8732.618957986655
Nifty 50 TRI,2020-03-25,9311.462133825842
Nifty 50 TRI,2020-03-26,9674.060670400751
Nifty 50 TRI,2020-03-27,9695.449809781556
Nifty 50 TRI,2020-03-30,9271.961408696525
Nifty 50 TRI,2020-03-31,9626.840523081457
Nifty 50 TRI,2020-04-01,9242.048713742453
Nifty 50 TRI,2020-04-03,9052.334379057247
Nifty 50 TRI,2020-04-07,9847.002260624073
Nifty 50 TRI,2020-04-08,9798.685838282234
Nifty 50 TRI,2020-04-09,10205.778736314178
Nifty 50 TRI,2020-04-13,10074.981040631958
Nifty 50 TRI,2020-04-15,9998.898161508627
Nifty 50 TRI,2020-04-16,10074.873808619792
Nifty 50 TRI,2020-04-17,10382.154663829157
Nifty 50 TRI,2020-04-20,10377.765330113634
Nifty 50 TRI,2020-04-21,10063.937820741348
Nifty 50 TRI,2020-04-22,10294.961467426001
Nifty 50 TRI,2020-04-23,10437.194663034565
Nifty 50 TRI,2020-04-24,10258.821087423608
Nifty 50 TRI,2020-04-27,10403.254362371907
Nifty 50 TRI,2020-04-28,10514.134011925646
Nifty 50 TRI,2020-04-29,10707.79412945184
Nifty 50 TRI,2020-04-30,11051.779890619819
Nifty 50 TRI,2020-05-04,10418.385758668866
Nifty 50 TRI,2020-05-05,10320.210843898509
Nifty 50 TRI,2020-05-06,10393.785769923557
Nifty 50 TRI,2020-05-07,10313.597398283599
Nifty 50 TRI,2020-05-08,10372.769208958496
Nifty 50 TRI,2020-05-11,10360.077707267452
Nifty 50 TRI,2020-05-12,10312.617749523773
Nifty 50 TRI,2020-05-13,10522.683658178355
Nifty 50 TRI,2020-05-14,10253.014071603027
Nifty 50 TRI,2020-05-15,10246.759504511994
Nifty 50 TRI,2020-05-18,9896.114806247897
Nifty 50 TRI,2020-05-19,9959.107634461772
Nifty 50 TRI,2020-05-20,10169.71793006762
Nifty 50 TRI,2020-05-21,10214.609837490512
Nifty 50 TRI,2020-05-22,10139.813551618265
Nifty 50 TRI,2020-05-26,10129.804210657845
Nifty 50 TRI,2020-05-27,10450.929010930098
Nifty 50 TRI,2020-05-28,10647.814812915987
Nifty 50 TRI,2020-05-29,10749.398821702085
Nifty 50 TRI,2020-06-01,11026.42065027737
Nifty 50 TRI,2020-06-02,11198.44870967891
Nifty 50 TRI,2020-06-03,11291.372804815586
Nifty 50 TRI,2020-06-04,11255.354235529676
Nifty 50 TRI,2020-06-05,11382.630211060094
Nifty 50 TRI,2020-06-08,11412.235056440908
Nifty 50 TRI,2020-06-09,11277.044702219191
Nifty 50 TRI,2020-06-10,11355.457788565847
Nifty 50 TRI,2020-06-11,11115.465369142692
Nifty 50 TRI,2020-06-12,11195.450319883872
Nifty 50 TRI,2020-06-15,11017.903024792824
Nifty 50 TRI,2020-06-16,11130.903859120499
Nifty 50 TRI,2020-06-17,11094.414413027209
Nifty 50 TRI,2020-06-18,11331.161497398074
Nifty 50 TRI,2020-06-19,11503.079851667377
Nifty 50 TRI,2020-06-22,11579.315384552092
Nifty 50 TRI,2020-06-23,11759.183876961883
Nifty 50 TRI,2020-06-24,11573.507850799919
Nifty 50 TRI,2020-06-25,11555.49889099338
Nifty 50 TRI,2020-06-26,11661.5948592839
Nifty 50 TRI,2020-06-29,11583.530204240256
Nifty 50 TRI,2020-06-30,11572.368948325184
Nifty 50 TRI,2020-07-01,11716.509976865775
Nifty 50 TRI,2020-07-02,11853.584101918834
Nifty 50 TRI,2020-07-03,11916.521013395113
Nifty 50 TRI,2020-07-06,12093.395515744956
Nifty 50 TRI,2020-07-07,12134.272061312231
Nifty 50 TRI,2020-07-08,12029.192829988362
Nifty 50 TRI,2020-07-09,12150.636575164686
Nifty 50 TRI,2020-07-10,12100.049875525256
Nifty 50 TRI,2020-07-13,12140.274364960209
Nifty 50 TRI,2020-07-14,11921.157318682106
Nifty 50 TRI,2020-07-15,11933.773842126635
Nifty 50 TRI,2020-07-16,12071.035279061194
Nifty 50 TRI,2020-07-17,12253.265508294644
Nifty 50 TRI,2020-07-20,12390.019158358567
Nifty 50 TRI,2020-07-21,12547.89240483243
Nifty 50 TRI,2020-07-22,12515.003875606595
Nifty 50 TRI,2020-07-23,12608.588400897072
Nifty 50 TRI,2020-07-24,12585.087854752659
Nifty 50 TRI,2020-07-27,12516.317612318217
Nifty 50 TRI,2020-07-28,12706.505225060955
Nifty 50 TRI,2020-07-29,12597.09514080933
Nifty 50 TRI,2020-07-30,12484.304917674976
Nifty 50 TRI,2020-07-31,12452.472056632385
Nifty 50 TRI,2020-08-03,12249.274309664695
Nifty 50 TRI,2020-08-04,12478.751684251707
Nifty 50 TRI,2020-08-05,12486.391704437443
Nifty 50 TRI,2020-08-06,12597.62337551391
Nifty 50 TRI,2020-08-07,12613.703103653508
Nifty 50 TRI,2020-08-10,12678.150671991074
Nifty 50 TRI,2020-08-11,12737.490836862034
Nifty 50 TRI,2020-08-12,12722.07905595262
Nifty 50 TRI,2020-08-13,12713.58457450063
Nifty 50 TRI,2020-08-14,12576.717039219517
Nifty 50 TRI,2020-08-17,12655.35241902674
Nifty 50 TRI,2020-08-18,12811.365780592694
Nifty 50 TRI,2020-08-19,12837.757644200878
Nifty 50 TRI,2020-08-20,12729.95469437881
Nifty 50 TRI,2020-08-21,12797.251155677692
Nifty 50 TRI,2020-08-24,12905.362143022514
Nifty 50 TRI,2020-08-25,12912.346366007008
Nifty 50 TRI,2020-08-26,12999.865271697148
Nifty 50 TRI,2020-08-27,13011.187549754286
Nifty 50 TRI,2020-08-28,13111.098237504173
Nifty 50 TRI,2020-08-31,12819.677552356257
Nifty 50 TRI,2020-09-01,12913.291454788514
Nifty 50 TRI,2020-09-02,12986.646713738262
Nifty 50 TRI,2020-09-03,12978.60573814744
Nifty 50 TRI,2020-09-04,12761.084623383907
Nifty 50 TRI,2020-09-07,12786.310894088145
Nifty 50 TRI,2020-09-08,12744.309396907463
Nifty 50 TRI,2020-09-09,12700.447465279669
Nifty 50 TRI,2020-09-10,12893.75246885716
Nifty 50 TRI,2020-09-11,12911.326978500809
Nifty 50 TRI,2020-09-14,12885.214019404346
Nifty 50 TRI,2020-09-15,12977.750007738652
Nifty 50 TRI,2020-09-16,13071.418929375091
Nifty 50 TRI,2020-09-17,12972.246943095499
Nifty 50 TRI,2020-09-18,12960.146044686913
Nifty 50 TRI,2020-09-21,12674.912578575377
Nifty 50 TRI,2020-09-22,12566.189693395287
Nifty 50 TRI,2020-09-23,12542.071494674381
Nifty 50 TRI,2020-09-24,12174.865410838938
Nifty 50 TRI,2020-09-25,12451.015131430717
Nifty 50 TRI,2020-09-28,12652.132197389501
Nifty 50 TRI,2020-09-29,12646.776627739873
Nifty 50 TRI,2020-09-30,12675.566305118184
Nifty 50 TRI,2020-10-01,12866.929185959752
Nifty 50 TRI,2020-10-05,12966.135465153358
Nifty 50 TRI,2020-10-06,13145.876284589993
Nifty 50 TRI,2020-10-07,13232.51789491129
Nifty 50 TRI,2020-10-08,13340.92302675839
Nifty 50 TRI,2020-10-09,13431.130232658283
Nifty 50 TRI,2020-10-12,13451.43982433664
Nifty 50 TRI,2020-10-13,13455.917848050552
Nifty 50 TRI,2020-10-14,13497.604348951103
Nifty 50 TRI,2020-10-15,13170.299641484808
Nifty 50 TRI,2020-10-16,13263.342030009542
Nifty 50 TRI,2020-10-19,13389.47456800604
Nifty 50 TRI,2020-10-20,13416.732359149366
Nifty 50 TRI,2020-10-21,13463.2780964706
Nifty 50 TRI,2020-10-22,13417.286993123054
Nifty 50 TRI,2020-10-23,13455.995924805808
Nifty 50 TRI,2020-10-26,13274.011309806428
Nifty 50 TRI,2020-10-27,13411.707105676194
Nifty 50 TRI,2020-10-28,13231.913503055115
Nifty 50 TRI,2020-10-29,13166.04826442594
Nifty 50 TRI,2020-10-30,13134.474814749172
Nifty 50 TRI,2020-11-02,13166.049745899782
Nifty 50 TRI,2020-11-03,13329.387639723596
Nifty 50 TRI,2020-11-04,13437.053035460507
Nifty 50 TRI,2020-11-05,13676.522701542108
Nifty 50 TRI,2020-11-06,13838.655086157343
Nifty 50 TRI,2020-11-09,14063.013421783222
Nifty 50 TRI,2020-11-10,14255.428535846333
Nifty 50 TRI,2020-11-11,14389.16919350773
Nifty 50 TRI,2020-11-12,14323.81905413568
Nifty 50 TRI,2020-11-13,14357.228142865266
Nifty 50 TRI,2020-11-17,14533.388403940196
Nifty 50 TRI,2020-11-18,14606.209260686257
Nifty 50 TRI,2020-11-19,14418.698244224475
Nifty 50 TRI,2020-11-20,14517.825563256401
Nifty 50 TRI,2020-11-23,14595.46870918376
Nifty 50 TRI,2020-11-24,14741.307511495892
Nifty 50 TRI,2020-11-25,14519.659421553904
Nifty 50 TRI,2020-11-26,14665.392236068536
Nifty 50 TRI,2020-11-27,14645.52763704708
Nifty 50 TRI,2020-12-01,14805.832949299845
Nifty 50 TRI,2020-12-02,14811.66529033352
Nifty 50 TRI,2020-12-03,14834.9492665539
Nifty 50 TRI,2020-12-04,14976.272353178922
Nifty 50 TRI,2020-12-07,15087.665938179767
Nifty 50 TRI,2020-12-08,15130.22513016033
Nifty 50 TRI,2020-12-09,15284.575745134902
Nifty 50 TRI,2020-12-10,15227.722866278787
Nifty 50 TRI,2020-12-11,15268.426799905556
Nifty 50 TRI,2020-12-14,15320.104588949072
Nifty 50 TRI,2020-12-15,15331.606430454473
Nifty 50 TRI,2020-12-16,15461.933819978585
Nifty 50 TRI,2020-12-17,15528.024968823838
Nifty 50 TRI,2020-12-18,15551.00643656794
Nifty 50 TRI,2020-12-21,15064.225867107649
Nifty 50 TRI,2020-12-22,15220.622857075403
Nifty 50 TRI,2020-12-23,15373.527354565678
Nifty 50 TRI,2020-12-24,15541.533549074595
Nifty 50 TRI,2020-12-28,15683.859610122374
Nifty 50 TRI,2020-12-29,15751.568541212959
Nifty 50 TRI,2020-12-30,15807.921088041974
Nifty 50 TRI,2020-12-31,15808.253760861538
Nifty 50 TRI,2021-01-01,15850.365093215172
Nifty 50 TRI,2021-01-04,15981.410082728195
Nifty 50 TRI,2021-01-05,16057.288392798424
Nifty 50 TRI,2021-01-06,15997.637150611134
Nifty 50 TRI,2021-01-07,15988.137297117164
Nifty 50 TRI,2021-01-08,16226.090534546274
Nifty 50 TRI,2021-01-11,16383.334797195046
Nifty 50 TRI,2021-01-12,16472.93311696356
Nifty 50 TRI,2021-01-13,16475.098608458327
Nifty 50 TRI,2021-01-14,16510.465460849668
Nifty 50 TRI,2021-01-15,16327.903084234542
Nifty 50 TRI,2021-01-18,16157.216465362952
Nifty 50 TRI,2021-01-19,16429.153535566234
Nifty 50 TRI,2021-01-20,16569.523070494193
Nifty 50 TRI,2021-01-21,16508.612706278058
Nifty 50 TRI,2021-01-22,16262.017981830943
Nifty 50 TRI,2021-01-25,16113.235845347132
Nifty 50 TRI,2021-01-27,15807.227639086379
Nifty 50 TRI,2021-01-28,15638.07976613339
Nifty 50 TRI,2021-01-29,15431.570677540487
Nifty 50 TRI,2021-02-01,16165.104775045831
Nifty 50 TRI,2021-02-02,16580.707076163053
Nifty 50 TRI,2021-02-03,16742.15058663165
Nifty 50 TRI,2021-02-04,16862.39897513681
Nifty 50 TRI,2021-02-05,16895.3721919675
Nifty 50 TRI,2021-02-08,17114.036460332063
Nifty 50 TRI,2021-02-09,17107.282140274034
Nifty 50 TRI,2021-02-10,17104.71696089556
Nifty 50 TRI,2021-02-11,17180.960284772584
Nifty 50 TRI,2021-02-12,17170.244306688674
Nifty 50 TRI,2021-02-15,17343.523199186613
Nifty 50 TRI,2021-02-16,17342.720879324766
Nifty 50 TRI,2021-02-17,17224.925706041944
Nifty 50 TRI,2021-02-18,17123.657634279683
Nifty 50 TRI,2021-02-19,16968.86534040674
Nifty 50 TRI,2021-02-22,16623.98591002183
Nifty 50 TRI,2021-02-23,16660.936096995898
Nifty 50 TRI,2021-02-24,16972.149138935234
Nifty 50 TRI,2021-02-25,17103.42614305159
Nifty 50 TRI,2021-02-26,16460.30891388219
Nifty 50 TRI,2021-03-01,16725.37222869481
Nifty 50 TRI,2021-03-02,16904.479658758824
Nifty 50 TRI,2021-03-03,17275.03998417989
Nifty 50 TRI,2021-03-04,17088.85047419455
Nifty 50 TRI,2021-03-05,16927.803853502573
Nifty 50 TRI,2021-03-08,16950.113485973063
Nifty 50 TRI,2021-03-09,17111.87647283493
Nifty 50 TRI,2021-03-10,17199.072471830652
Nifty 50 TRI,2021-03-12,17037.23867991054
Nifty 50 TRI,2021-03-15,16924.04254520603
Nifty 50 TRI,2021-03-16,16903.045462650243
Nifty 50 TRI,2021-03-17,16689.20765192686
Nifty 50 TRI,2021-03-18,16504.491461798476
Nifty 50 TRI,2021-03-19,16716.124567298022
Nifty 50 TRI,2021-03-22,16709.281012841675
Nifty 50 TRI,2021-03-23,16798.713952867645
Nifty 50 TRI,2021-03-24,16498.412632042367
Nifty 50 TRI,2021-03-25,16244.413440629758
Nifty 50 TRI,2021-03-26,16451.835846655318
Nifty 50 TRI,2021-03-30,16837.295295314598
Nifty 50 TRI,2021-03-31,16662.764883281463
Nifty 50 TRI,2021-04-01,16863.72387166853
Nifty 50 TRI,2021-04-05,16605.699049901224
Nifty 50 TRI,2021-04-06,16658.132225064583
Nifty 50 TRI,2021-04-07,16812.50524769387
Nifty 50 TRI,2021-04-08,16875.216948746183
Nifty 50 TRI,2021-04-09,16831.620819699434
Nifty 50 TRI,2021-04-12,16238.756542630948
Nifty 50 TRI,2021-04-13,16459.474342218728
Nifty 50 TRI,2021-04-15,16547.624476151155
Nifty 50 TRI,2021-04-16,16589.518655761673
Nifty 50 TRI,2021-04-19,16297.995021741905
Nifty 50 TRI,2021-04-20,16227.007230378385
Nifty 50 TRI,2021-04-22,16352.73454377309
Nifty 50 TRI,2021-04-23,16279.75345381983
Nifty 50 TRI,2021-04-26,16444.564381932625
Nifty 50 TRI,2021-04-27,16635.936634997255
Nifty 50 TRI,2021-04-28,16876.65412996597
Nifty 50 TRI,2021-04-29,16911.711083717673
Nifty 50 TRI,2021-04-30,16612.778409622166
Nifty 50 TRI,2021-05-03,16618.005276551456
Nifty 50 TRI,2021-05-04,16462.276673974222
Nifty 50 TRI,2021-05-05,16600.668753640846
Nifty 50 TRI,2021-05-06,16722.717418643573
Nifty 50 TRI,2021-05-07,16835.007912071374
Nifty 50 TRI,2021-05-10,16972.1857789709
Nifty 50 TRI,2021-05-11,16868.73937907192
Nifty 50 TRI,2021-05-12,16694.119506179137
Nifty 50 TRI,2021-05-14,16674.056727236988
Nifty 50 TRI,2021-05-17,16954.574848852008
Nifty 50 TRI,2021-05-18,17165.307412356018
Nifty 50 TRI,2021-05-19,17077.34805941312
Nifty 50 TRI,2021-05-20,16936.94314617938
Nifty 50 TRI,2021-05-21,17243.487213589015
Nifty 50 TRI,2021-05-24,17270.772599581673
Nifty 50 TRI,2021-05-25,17283.6001585469
Nifty 50 TRI,2021-05-26,17389.90468826408
Nifty 50 TRI,2021-05-27,17431.888589846374
Nifty 50 TRI,2021-05-28,17543.662252088565
Nifty 50 TRI,2021-05-31,17712.786544872455
Nifty 50 TRI,2021-06-01,17704.375714125203
Nifty 50 TRI,2021-06-02,17706.537103520863
Nifty 50 TRI,2021-06-03,17836.929337214726
Nifty 50 TRI,2021-06-04,17814.709887119585
Nifty 50 TRI,2021-06-07,17909.14969613746
Nifty 50 TRI,2021-06-08,17896.649670113937
Nifty 50 TRI,2021-06-09,17778.176552344572
Nifty 50 TRI,2021-06-10,17895.243744332984
Nifty 50 TRI,2021-06-11,17965.923378344658
Nifty 50 TRI,2021-06-14,17982.04509010723
Nifty 50 TRI,2021-06-15,18047.96196709712
Nifty 50 TRI,2021-06-16,17932.933352598393
Nifty 50 TRI,2021-06-17,17846.957319652443
Nifty 50 TRI,2021-06-18,17838.431391470935
Nifty 50 TRI,2021-06-21,17912.159575038844
Nifty 50 TRI,2021-06-22,17942.6542993762
Nifty 50 TRI,2021-06-23,17845.68181973428
Nifty 50 TRI,2021-06-24,17964.06003370753
Nifty 50 TRI,2021-06-25,18044.21942378158
Nifty 50 TRI,2021-06-28,17994.19324254624
Nifty 50 TRI,2021-06-29,17919.446708871314
Nifty 50 TRI,2021-06-30,17889.41391154998
Nifty 50 TRI,2021-07-01,17842.822234372154
Nifty 50 TRI,2021-07-02,17891.475997152513
Nifty 50 TRI,2021-07-05,18021.010977199476
Nifty 50 TRI,2021-07-06,18003.324709996217
Nifty 50 TRI,2021-07-07,18073.845852752245
Nifty 50 TRI,2021-07-08,17901.760603151528
Nifty 50 TRI,2021-07-09,17859.025407931666
Nifty 50 TRI,2021-07-12,17864.107373937983
Nifty 50 TRI,2021-07-13,18001.064673141653
Nifty 50 TRI,2021-07-14,18049.061784513677
Nifty 50 TRI,2021-07-15,18129.67958577303
Nifty 50 TRI,2021-07-16,18129.410102768266
Nifty 50 TRI,2021-07-19,17936.62271913885
Nifty 50 TRI,2021-07-20,17800.27052809048
Nifty 50 TRI,2021-07-22,18020.118634506216
Nifty 50 TRI,2021-07-23,18057.198149007894
Nifty 50 TRI,2021-07-26,18023.123796326694
Nifty 50 TRI,2021-07-27,17934.9205715664
Nifty 50 TRI,2021-07-28,17893.354263515535
Nifty 50 TRI,2021-07-29,17972.639066996202
Nifty 50 TRI,2021-07-30,17955.73201325692
Nifty 50 TRI,2021-08-02,18096.736862343092
Nifty 50 TRI,2021-08-03,18377.179567739284
Nifty 50 TRI,2021-08-04,18523.717112045375
Nifty 50 TRI,2021-08-05,18565.160478484762
Nifty 50 TRI,2021-08-06,18501.55637644827
Nifty 50 TRI,2021-08-09,18526.36613914738
Nifty 50 TRI,2021-08-10,18551.91992466993
Nifty 50 TRI,2021-08-11,18555.026537568727
Nifty 50 TRI,2021-08-12,18649.303462689953
Nifty 50 TRI,2021-08-13,18837.665186936847
Nifty 50 TRI,2021-08-16,18878.36087161715
Nifty 50 TRI,2021-08-17,18937.785269067863
Nifty 50 TRI,2021-08-18,18886.305998567215
Nifty 50 TRI,2021-08-20,18752.72928094231
Nifty 50 TRI,2021-08-23,18807.104146011843
Nifty 50 TRI,2021-08-24,18953.874789051966
Nifty 50 TRI,2021-08-25,18966.00446401185
Nifty 50 TRI,2021-08-26,18969.240594226347
Nifty 50 TRI,2021-08-27,19047.787858251093
Nifty 50 TRI,2021-08-30,19307.359008438645
Nifty 50 TRI,2021-08-31,19537.429931937004
Nifty 50 TRI,2021-09-01,19474.314519723837
Nifty 50 TRI,2021-09-02,19655.08433883974
Nifty 50 TRI,2021-09-03,19757.79744027489
Nifty 50 TRI,2021-09-06,19821.71733957994
Nifty 50 TRI,2021-09-07,19804.508371300275
Nifty 50 TRI,2021-09-08,19795.399020485755
Nifty 50 TRI,2021-09-09,19814.065949318436
Nifty 50 TRI,2021-09-13,19800.953965028115
Nifty 50 TRI,2021-09-14,19829.83494232536
Nifty 50 TRI,2021-09-15,19989.647398270794
Nifty 50 TRI,2021-09-16,20115.92640312107
Nifty 50 TRI,2021-09-17,20066.03139758321
Nifty 50 TRI,2021-09-20,19853.32952039547
Nifty 50 TRI,2021-09-21,20042.449811851326
Nifty 50 TRI,2021-09-22,20025.64037796803
Nifty 50 TRI,2021-09-23,20341.694016704394
Nifty 50 TRI,2021-09-24,20376.939527041362
Nifty 50 TRI,2021-09-27,20381.27065360839
Nifty 50 TRI,2021-09-28,20260.419295824875
Nifty 50 TRI,2021-09-29,20218.556828027617
Nifty 50 TRI,2021-09-30,20112.931069994196
Nifty 50 TRI,2021-10-01,20015.34729288553
Nifty 50 TRI,2021-10-04,20199.238790153762
Nifty 50 TRI,2021-10-05,20349.58750553608
Nifty 50 TRI,2021-10-06,20148.99894823746
Nifty 50 TRI,2021-10-07,20314.5422092644
Nifty 50 TRI,2021-10-08,20434.991081229226
Nifty 50 TRI,2021-10-11,20495.11799218681
Nifty 50 TRI,2021-10-12,20548.378788787457
Nifty 50 TRI,2021-10-13,20743.039641115985
Nifty 50 TRI,2021-10-14,20945.70941280936
Nifty 50 TRI,2021-10-18,21106.885081999335
Nifty 50 TRI,2021-10-19,21041.030418676513
Nifty 50 TRI,2021-10-20,20867.95628648997
Nifty 50 TRI,2021-10-21,20767.58733686641
Nifty 50 TRI,2021-10-22,20696.117186370302
Nifty 50 TRI,2021-10-25,20710.310346432598
Nifty 50 TRI,2021-10-26,20874.44210766074
Nifty 50 TRI,2021-10-27,20809.531223181224
Nifty 50 TRI,2021-10-28,20406.083066702427
Nifty 50 TRI,2021-10-29,20194.70624733068
Nifty 50 TRI,2021-11-01,20491.715804262112
Nifty 50 TRI,2021-11-02,20445.921630381938
Nifty 50 TRI,2021-11-03,20378.35183326135
Nifty 50 TRI,2021-11-04,20479.202528500588
Nifty 50 TRI,2021-11-08,20655.57685396992
Nifty 50 TRI,2021-11-09,20628.526193334983
Nifty 50 TRI,2021-11-10,20598.32963073429
Nifty 50 TRI,2021-11-11,20434.88066902728
Nifty 50 TRI,2021-11-12,20697.600146758105
Nifty 50 TRI,2021-11-15,20707.4563302693
Nifty 50 TRI,2021-11-16,20582.11753619141
Nifty 50 TRI,2021-11-17,20467.863551670336
Nifty 50 TRI,2021-11-18,20315.519262487447
Nifty 50 TRI,2021-11-22,19920.084091335233
Nifty 50 TRI,2021-11-23,20020.067724323915
Nifty 50 TRI,2021-11-24,19919.777258888036
Nifty 50 TRI,2021-11-25,20059.1173345489
Nifty 50 TRI,2021-11-26,19476.66237087639
Nifty 50 TRI,2021-11-29,19510.189482873364
Nifty 50 TRI,2021-11-30,19429.936609313347
Nifty 50 TRI,2021-12-01,19640.797800891403
Nifty 50 TRI,2021-12-02,19910.08134866357
Nifty 50 TRI,2021-12-03,19676.28245906687
Nifty 50 TRI,2021-12-06,19352.8716536943
Nifty 50 TRI,2021-12-07,19656.17885471873
Nifty 50 TRI,2021-12-08,19992.23887740975
Nifty 50 TRI,2021-12-09,20046.8481828741
Nifty 50 TRI,2021-12-10,20041.2066234339
Nifty 50 TRI,2021-12-13,19879.59777866206
Nifty 50 TRI,2021-12-14,19830.68132227199
Nifty 50 TRI,2021-12-15,19712.90872513631
Nifty 50 TRI,2021-12-16,19744.51316053836
Nifty 50 TRI,2021-12-17,19443.910247697724
Nifty 50 TRI,2021-12-20,19021.223556550034
Nifty 50 TRI,2021-12-21,19201.248066574808
Nifty 50 TRI,2021-12-22,19413.28598137488
Nifty 50 TRI,2021-12-23,19548.109580477038
Nifty 50 TRI,2021-12-24,19469.96534450903
Nifty 50 TRI,2021-12-27,19566.506766275837
Nifty 50 TRI,2021-12-28,19735.543319801764
Nifty 50 TRI,2021-12-29,19713.736782057425
Nifty 50 TRI,2021-12-30,19703.381502056596
Nifty 50 TRI,2021-12-31,19875.993047020344
Nifty 50 TRI,2022-01-03,20189.259969738705
Nifty 50 TRI,2022-01-04,20395.646654284268
Nifty 50 TRI,2022-01-05,20533.83097214209
Nifty 50 TRI,2022-01-06,20329.100300269096
Nifty 50 TRI,2022-01-07,20406.344377886035
Nifty 50 TRI,2022-01-10,20626.88692177706
Nifty 50 TRI,2022-01-11,20687.71102388455
Nifty 50 TRI,2022-01-12,20867.875867155693
Nifty 50 TRI,2022-01-13,20920.694032470925
Nifty 50 TRI,2022-01-14,20919.083887717108
Nifty 50 TRI,2022-01-17,20981.296536494512
Nifty 50 TRI,2022-01-18,20758.50235914129
Nifty 50 TRI,2022-01-19,20559.070899696668
Nifty 50 TRI,2022-01-20,20351.888909436555
Nifty 50 TRI,2022-01-21,20192.31665807768
Nifty 50 TRI,2022-01-24,19657.934465744966
Nifty 50 TRI,2022-01-25,19806.33457682449
Nifty 50 TRI,2022-01-27,19615.36800098938
Nifty 50 TRI,2022-01-28,19606.659369891968
Nifty 50 TRI,2022-01-31,19881.511156497232
Nifty 50 TRI,2022-02-01,20153.963116395495
Nifty 50 TRI,2022-02-02,20387.620317453766
Nifty 50 TRI,2022-02-03,20136.29554655567
Nifty 50 TRI,2022-02-04,20086.667476706927
Nifty 50 TRI,2022-02-07,19741.641749730104
Nifty 50 TRI,2022-02-08,19803.29825573072
Nifty 50 TRI,2022-02-09,20030.004814546013
Nifty 50 TRI,2022-02-10,20193.640981433666
Nifty 50 TRI,2022-02-11,19929.277994729146
Nifty 50 TRI,2022-02-14,19321.168414680003
Nifty 50 TRI,2022-02-15,19906.514027213398
Nifty 50 TRI,2022-02-16,19872.514336553468
Nifty 50 TRI,2022-02-17,19853.025613606533
Nifty 50 TRI,2022-02-18,19821.260174497344
Nifty 50 TRI,2022-02-21,19743.444068344572
Nifty 50 TRI,2022-02-22,19612.812795425692
Nifty 50 TRI,2022-02-23,19580.286789244114
Nifty 50 TRI,2022-02-24,18645.37969216122
Nifty 50 TRI,2022-02-25,19117.06895573377
Nifty 50 TRI,2022-02-28,19274.612548569712
Nifty 50 TRI,2022-03-02,19060.24615210845
Nifty 50 TRI,2022-03-03,18937.070384793828
Nifty 50 TRI,2022-03-04,18647.6700918421
Nifty 50 TRI,2022-03-07,18210.88409193829
Nifty 50 TRI,2022-03-08,18384.078247852947
Nifty 50 TRI,2022-03-09,18765.77558333604
Nifty 50 TRI,2022-03-10,19052.95369702179
Nifty 50 TRI,2022-03-11,19094.443272340854
Nifty 50 TRI,2022-03-14,19373.03492829422
Nifty 50 TRI,2022-03-15,19134.523231608066
Nifty 50 TRI,2022-03-16,19493.8911366966
Nifty 50 TRI,2022-03-17,19852.5397657174
Nifty 50 TRI,2022-03-21,19660.72197935807
Nifty 50 TRI,2022-03-22,19888.7272820713
Nifty 50 TRI,2022-03-23,19809.197934217555
Nifty 50 TRI,2022-03-24,19783.593013787813
Nifty 50 TRI,2022-03-25,19704.168697643207
Nifty 50 TRI,2022-03-28,19785.529977540988
Nifty 50 TRI,2022-03-29,19904.91117058849
Nifty 50 TRI,2022-03-30,20104.322191759617
Nifty 50 TRI,2022-03-31,20066.542520592582
Nifty 50 TRI,2022-04-01,20303.603538755662
Nifty 50 TRI,2022-04-04,20745.820781092636
Nifty 50 TRI,2022-04-05,20636.233420031294
Nifty 50 TRI,2022-04-06,20464.86782847728
Nifty 50 TRI,2022-04-07,20272.40164856137
Nifty 50 TRI,2022-04-08,20439.535700306373
Nifty 50 TRI,2022-04-11,20315.957104633864
Nifty 50 TRI,2022-04-12,20150.40771886756
Nifty 50 TRI,2022-04-13,20088.299556900736
Nifty 50 TRI,2022-04-18,19744.64068561384
Nifty 50 TRI,2022-04-19,19498.143493160318
Nifty 50 TRI,2022-04-20,19703.38053994858
Nifty 50 TRI,2022-04-21,19998.48930047982
Nifty 50 TRI,2022-04-22,19745.47765480196
Nifty 50 TRI,2022-04-25,19496.874672416325
Nifty 50 TRI,2022-04-26,19781.45105188416
Nifty 50 TRI,2022-04-27,19595.378530443093
Nifty 50 TRI,2022-04-28,19833.742615410356
Nifty 50 TRI,2022-04-29,19670.54722382288
Nifty 50 TRI,2022-05-02,19634.156103426223
Nifty 50 TRI,2022-05-04,19185.18032858967
Nifty 50 TRI,2022-05-05,19191.66918337357
Nifty 50 TRI,2022-05-06,18880.11865724605
Nifty 50 TRI,2022-05-09,18756.250046367688
Nifty 50 TRI,2022-05-10,18685.806454822723
Nifty 50 TRI,2022-05-11,18602.527760895315
Nifty 50 TRI,2022-05-12,18189.976260314543
Nifty 50 TRI,2022-05-13,18160.873794073126
Nifty 50 TRI,2022-05-16,18232.023169460426
Nifty 50 TRI,2022-05-17,18712.58703054635
Nifty 50 TRI,2022-05-18,18691.381178275653
Nifty 50 TRI,2022-05-19,18196.09134685307
Nifty 50 TRI,2022-05-20,18722.457392750646
Nifty 50 TRI,2022-05-23,18665.21789611369
Nifty 50 TRI,2022-05-24,18562.790903091638
Nifty 50 TRI,2022-05-25,18449.07387714772
Nifty 50 TRI,2022-05-26,18615.91012839509
Nifty 50 TRI,2022-05-27,18826.44879689424
Nifty 50 TRI,2022-05-30,19184.175859857925
Nifty 50 TRI,2022-05-31,19096.365402229065
Nifty 50 TRI,2022-06-01,19025.87737258126
Nifty 50 TRI,2022-06-02,19147.74941054128
Nifty 50 TRI,2022-06-03,19098.103512361693
Nifty 50 TRI,2022-06-06,19083.14213466664
Nifty 50 TRI,2022-06-07,18907.36903660572
Nifty 50 TRI,2022-06-08,18838.816082790065
Nifty 50 TRI,2022-06-09,18979.831299748508
Nifty 50 TRI,2022-06-10,18662.24314815457
Nifty 50 TRI,2022-06-13,18171.865572279967
Nifty 50 TRI,2022-06-14,18123.776620026907
Nifty 50 TRI,2022-06-15,18078.393399151613
Nifty 50 TRI,2022-06-16,17697.050811317873
Nifty 50 TRI,2022-06-17,17620.36798977457
Nifty 50 TRI,2022-06-20,17687.513931527144
Nifty 50 TRI,2022-06-21,18020.753170477317
Nifty 50 TRI,2022-06-22,17761.53523816767
Nifty 50 TRI,2022-06-23,17927.359413096936
Nifty 50 TRI,2022-06-24,18092.329844017102
Nifty 50 TRI,2022-06-27,18247.30840754098
Nifty 50 TRI,2022-06-28,18268.873756522422
Nifty 50 TRI,2022-06-29,18210.619402379354
Nifty 50 TRI,2022-06-30,18189.535873657987
Nifty 50 TRI,2022-07-01,18157.67224174383
Nifty 50 TRI,2022-07-04,18255.63003297769
Nifty 50 TRI,2022-07-05,18228.03002524498
Nifty 50 TRI,2022-07-06,18434.990226517573
Nifty 50 TRI,2022-07-07,18600.631781535907
Nifty 50 TRI,2022-07-08,18702.407062118695
Nifty 50 TRI,2022-07-11,18699.087341997038
Nifty 50 TRI,2022-07-12,18517.89401535797
Nifty 50 TRI,2022-07-13,18412.85809451857
Nifty 50 TRI,2022-07-14,18381.218287548632
Nifty 50 TRI,2022-07-15,18509.364169288565
Nifty 50 TRI,2022-07-18,18775.804868621748
Nifty 50 TRI,2022-07-19,18848.040316545197
Nifty 50 TRI,2022-07-20,19056.68137571666
Nifty 50 TRI,2022-07-21,19154.7139705392
Nifty 50 TRI,2022-07-22,19287.128640392188
Nifty 50 TRI,2022-07-25,19187.131303925595
Nifty 50 TRI,2022-07-26,19018.03688790243
Nifty 50 TRI,2022-07-27,19200.95007733421
Nifty 50 TRI,2022-07-28,19533.696897292266
Nifty 50 TRI,2022-07-29,19798.218211670555
Nifty 50 TRI,2022-08-01,20010.1135818926
Nifty 50 TRI,2022-08-02,20017.051128214964
Nifty 50 TRI,2022-08-03,20067.03888408131
Nifty 50 TRI,2022-08-04,20060.65032566755
Nifty 50 TRI,2022-08-05,20079.248994538553
Nifty 50 TRI,2022-08-08,20228.66343548622
Nifty 50 TRI,2022-08-10,20241.234092195104
Nifty 50 TRI,2022-08-11,20385.382916693994
Nifty 50 TRI,2022-08-12,20431.300251206798
Nifty 50 TRI,2022-08-16,20580.93901337241
Nifty 50 TRI,2022-08-17,20719.068450781266
Nifty 50 TRI,2022-08-18,20733.94593120987
Nifty 50 TRI,2022-08-19,20505.986511599927
Nifty 50 TRI,2022-08-22,20198.953739829394
Nifty 50 TRI,2022-08-23,20299.91257449321
Nifty 50 TRI,2022-08-24,20332.33213628074
Nifty 50 TRI,2022-08-25,20237.76677231846
Nifty 50 TRI,2022-08-26,20280.583662013134
Nifty 50 TRI,2022-08-29,19998.5744076024
Nifty 50 TRI,2022-08-30,20514.94837661938
Nifty 50 TRI,2022-09-01,20266.28813149034
Nifty 50 TRI,2022-09-02,20263.132791481814
Nifty 50 TRI,2022-09-05,20411.270639992003
Nifty 50 TRI,2022-09-06,20400.205481506553
Nifty 50 TRI,2022-09-07,20364.876412601807
Nifty 50 TRI,2022-09-08,20567.063510542135
Nifty 50 TRI,2022-09-09,20607.77327443245
Nifty 50 TRI,2022-09-12,20728.99648421495
Nifty 50 TRI,2022-09-13,20884.253120282072
Nifty 50 TRI,2022-09-14,20808.362582603335
Nifty 50 TRI,2022-09-15,20663.061001091115
Nifty 50 TRI,2022-09-16,20263.22714768816
Nifty 50 TRI,2022-09-19,20371.03431345766
Nifty 50 TRI,2022-09-20,20596.023475450427
Nifty 50 TRI,2022-09-21,20483.57255603581
Nifty 50 TRI,2022-09-22,20381.92505860295
Nifty 50 TRI,2022-09-23,20032.96773817491
Nifty 50 TRI,2022-09-26,19675.436707287674
Nifty 50 TRI,2022-09-27,19665.84087823662
Nifty 50 TRI,2022-09-28,19494.470291587997
Nifty 50 TRI,2022-09-29,19448.325780902855
Nifty 50 TRI,2022-09-30,19768.478288490172
Nifty 50 TRI,2022-10-03,19531.168471648205
Nifty 50 TRI,2022-10-04,19979.405752128965
Nifty 50 TRI,2022-10-06,20047.327888973858
Nifty 50 TRI,2022-10-07,20028.198632988246
Nifty 50 TRI,2022-10-10,19945.121596838973
Nifty 50 TRI,2022-10-11,19647.98819176397
Nifty 50 TRI,2022-10-12,19810.70890574423
Nifty 50 TRI,2022-10-13,19685.011026109023
Nifty 50 TRI,2022-10-14,19883.959705528177
Nifty 50 TRI,2022-10-17,20031.985031351738
Nifty 50 TRI,2022-10-18,20235.369915153486
Nifty 50 TRI,2022-10-19,20265.36384095006
Nifty 50 TRI,2022-10-20,20325.909498592926
Nifty 50 TRI,2022-10-21,20340.922662053337
Nifty 50 TRI,2022-10-24,20521.842606175072
Nifty 50 TRI,2022-10-25,20436.453125718897
Nifty 50 TRI,2022-10-27,20531.19567710534
Nifty 50 TRI,2022-10-28,20589.628855299692
Nifty 50 TRI,2022-10-31,20852.757487837815
Nifty 50 TRI,2022-11-01,21007.70761536874
Nifty 50 TRI,2022-11-02,20936.030236846917
Nifty 50 TRI,2022-11-03,20901.861736327315
Nifty 50 TRI,2022-11-04,20977.22669569918
Nifty 50 TRI,2022-11-07,21078.634417172965
Nifty 50 TRI,2022-11-09,21027.084734361255
Nifty 50 TRI,2022-11-10,20878.66267146077
Nifty 50 TRI,2022-11-11,21251.746985859863
Nifty 50 TRI,2022-11-14,21230.2004646037
Nifty 50 TRI,2022-11-15,21316.956210476492
Nifty 50 TRI,2022-11-16,21324.94978093881
Nifty 50 TRI,2022-11-17,21249.539227418136
Nifty 50 TRI,2022-11-18,21208.297265893765
Nifty 50 TRI,2022-11-21,21039.426373756614
Nifty 50 TRI,2022-11-22,21137.782694747762
Nifty 50 TRI,2022-11-23,21165.237844143674
Nifty 50 TRI,2022-11-24,21417.246680222557
Nifty 50 TRI,2022-11-25,21451.20201351226
Nifty 50 TRI,2022-11-28,21511.420290602477
Nifty 50 TRI,2022-11-29,21576.26851535032
Nifty 50 TRI,2022-11-30,21739.62814976347
Nifty 50 TRI,2022-12-01,21803.15570725914
Nifty 50 TRI,2022-12-02,21669.017206289383
Nifty 50 TRI,2022-12-05,21677.05523291838
Nifty 50 TRI,2022-12-06,21610.240900041037
Nifty 50 TRI,2022-12-07,21515.659457081805
Nifty 50 TRI,2022-12-08,21573.049654901177
Nifty 50 TRI,2022-12-09,21443.10151371395
Nifty 50 TRI,2022-12-12,21446.015080378736
Nifty 50 TRI,2022-12-13,21575.299575276877
Nifty 50 TRI,2022-12-14,21636.70554868069
Nifty 50 TRI,2022-12-15,21352.917737764314
Nifty 50 TRI,2022-12-16,21184.48870115227
Nifty 50 TRI,2022-12-19,21362.373368195476
Nifty 50 TRI,2022-12-20,21322.365387826045
Nifty 50 TRI,2022-12-21,21107.164842128976
Nifty 50 TRI,2022-12-22,21024.693263715242
Nifty 50 TRI,2022-12-23,20653.640598970585
Nifty 50 TRI,2022-12-26,20896.87779499057
Nifty 50 TRI,2022-12-27,21034.15458832918
Nifty 50 TRI,2022-12-28,21023.52874700042
Nifty 50 TRI,2022-12-29,21103.74041941729
Nifty 50 TRI,2022-12-30,21005.06183605595
Nifty 50 TRI,2023-01-02,21114.20869646841
Nifty 50 TRI,2023-01-03,21155.684585747076
Nifty 50 TRI,2023-01-04,20936.425507085874
Nifty 50 TRI,2023-01-05,20878.21856920979
Nifty 50 TRI,2023-01-06,20724.96406846644
Nifty 50 TRI,2023-01-09,21007.73095063823
Nifty 50 TRI,2023-01-10,20791.38268943
Nifty 50 TRI,2023-01-11,20770.702528102058
Nifty 50 TRI,2023-01-12,20727.911010874297
Nifty 50 TRI,2023-01-13,20842.860835483003
Nifty 50 TRI,2023-01-16,20773.38911684707
Nifty 50 TRI,2023-01-17,20958.06963477783
Nifty 50 TRI,2023-01-18,21088.892821351004
Nifty 50 TRI,2023-01-19,21022.88214653214
Nifty 50 TRI,2023-01-20,20930.51246695554
Nifty 50 TRI,2023-01-23,21038.28168242549
Nifty 50 TRI,2023-01-24,21038.73536922082
Nifty 50 TRI,2023-01-25,20776.633581735157
Nifty 50 TRI,2023-01-27,20444.110710338726
Nifty 50 TRI,2023-01-30,20498.079178256696
Nifty 50 TRI,2023-01-31,20514.136882642615
Nifty 50 TRI,2023-02-01,20461.607296421895
Nifty 50 TRI,2023-02-02,20455.477249022628
Nifty 50 TRI,2023-02-03,20739.224356475646
Nifty 50 TRI,2023-02-06,20637.507358456747
Nifty 50 TRI,2023-02-07,20588.16567993875
Nifty 50 TRI,2023-02-08,20763.395664774318
Nifty 50 TRI,2023-02-09,20789.400038599793
Nifty 50 TRI,2023-02-10,20747.204467562566
Nifty 50 TRI,2023-02-13,20649.938137970563
Nifty 50 TRI,2023-02-14,20835.375270708744
Nifty 50 TRI,2023-02-15,20936.0518818653
Nifty 50 TRI,2023-02-16,20960.03488679763
Nifty 50 TRI,2023-02-17,20854.262500686687
Nifty 50 TRI,2023-02-20,20740.710757018078
Nifty 50 TRI,2023-02-21,20720.637925269813
Nifty 50 TRI,2023-02-22,20404.740607365453
Nifty 50 TRI,2023-02-23,20355.419117584966
Nifty 50 TRI,2023-02-24,20303.30602474258
Nifty 50 TRI,2023-02-27,20220.473372985805
Nifty 50 TRI,2023-02-28,20118.005459673117
Nifty 50 TRI,2023-03-01,20289.572059919527
Nifty 50 TRI,2023-03-02,20140.300322755324
Nifty 50 TRI,2023-03-03,20457.802453104763
Nifty 50 TRI,2023-03-06,20596.144730321925
Nifty 50 TRI,2023-03-08,20647.551691232344
Nifty 50 TRI,2023-03-09,20456.61934506314
Nifty 50 TRI,2023-03-10,20251.835154402943
Nifty 50 TRI,2023-03-13,19953.191106548627
Nifty 50 TRI,2023-03-14,19824.78142678005
Nifty 50 TRI,2023-03-15,19742.7173775332
Nifty 50 TRI,2023-03-16,19759.06079436222
Nifty 50 TRI,2023-03-17,19892.90336148932
Nifty 50 TRI,2023-03-20,19765.114489164196
Nifty 50 TRI,2023-03-21,19904.384509932574
Nifty 50 TRI,2023-03-22,19956.74957880792
Nifty 50 TRI,2023-03-23,19870.187484547863
Nifty 50 TRI,2023-03-24,19717.468342293378
Nifty 50 TRI,2023-03-27,19766.864279031233
Nifty 50 TRI,2023-03-28,19727.9948885951
Nifty 50 TRI,2023-03-29,19878.825056940284
Nifty 50 TRI,2023-03-31,20205.01833405168
Nifty 50 TRI,2023-04-03,20251.74498009796
Nifty 50 TRI,2023-04-05,20438.270216062727
Nifty 50 TRI,2023-04-06,20488.00312711882
Nifty 50 TRI,2023-04-10,20519.893199064365
Nifty 50 TRI,2023-04-11,20635.016546586805
Nifty 50 TRI,2023-04-12,20740.65774223138
Nifty 50 TRI,2023-04-13,20759.555939613085
Nifty 50 TRI,2023-04-17,20621.400832129144
Nifty 50 TRI,2023-04-18,20567.74222999844
Nifty 50 TRI,2023-04-19,20520.25125981408
Nifty 50 TRI,2023-04-20,20527.614939631916
Nifty 50 TRI,2023-04-21,20527.876778266753
Nifty 50 TRI,2023-04-24,20669.083648438078
Nifty 50 TRI,2023-04-25,20699.927554311085
Nifty 50 TRI,2023-04-26,20752.32557789654
Nifty 50 TRI,2023-04-27,20871.251293925965
Nifty 50 TRI,2023-04-28,21046.688205691484
Nifty 50 TRI,2023-05-02,21145.971220394193
Nifty 50 TRI,2023-05-03,21079.366112322037
Nifty 50 TRI,2023-05-04,21273.494539228566
Nifty 50 TRI,2023-05-05,21056.56009125082
Nifty 50 TRI,2023-05-08,21286.52645173171
Nifty 50 TRI,2023-05-09,21289.084383440608
Nifty 50 TRI,2023-05-10,21347.12436669795
Nifty 50 TRI,2023-05-11,21326.78256572966
Nifty 50 TRI,2023-05-12,21348.28588078958
Nifty 50 TRI,2023-05-15,21448.531050691596
Nifty 50 TRI,2023-05-16,21318.312912904
Nifty 50 TRI,2023-05-17,21196.94543941673
Nifty 50 TRI,2023-05-18,21137.301663375252
Nifty 50 TRI,2023-05-19,21223.687252839693
Nifty 50 TRI,2023-05-22,21355.369673035137
Nifty 50 TRI,2023-05-23,21395.30482870091
Nifty 50 TRI,2023-05-24,21323.062468501445
Nifty 50 TRI,2023-05-25,21365.506965731387
Nifty 50 TRI,2023-05-26,21574.07978184917
Nifty 50 TRI,2023-05-29,21692.18625573227
Nifty 50 TRI,2023-05-30,21734.008762415957
Nifty 50 TRI,2023-05-31,21618.77841861358
Nifty 50 TRI,2023-06-01,21565.127351767682
Nifty 50 TRI,2023-06-02,21619.956609145294
Nifty 50 TRI,2023-06-05,21691.95589275399
Nifty 50 TRI,2023-06-06,21698.73175332517
Nifty 50 TRI,2023-06-07,21848.137441994655
Nifty 50 TRI,2023-06-08,21741.745109755637
Nifty 50 TRI,2023-06-09,21659.49676296712
Nifty 50 TRI,2023-06-12,21706.253467831524
Nifty 50 TRI,2023-06-13,21840.81235041354
Nifty 50 TRI,2023-06-14,21887.972618367792
Nifty 50 TRI,2023-06-15,21809.62092976671
Nifty 50 TRI,2023-06-16,21971.332128981143
Nifty 50 TRI,2023-06-19,21891.31644254745
Nifty 50 TRI,2023-06-20,21963.583977073235
Nifty 50 TRI,2023-06-21,22011.227438925725
Nifty 50 TRI,2023-06-22,21912.083565297016
Nifty 50 TRI,2023-06-23,21789.409836154744
Nifty 50 TRI,2023-06-26,21821.72504980663
Nifty 50 TRI,2023-06-27,21969.840128811877
Nifty 50 TRI,2023-06-28,22151.239097903606
Nifty 50 TRI,2023-06-30,22406.129229645085
Nifty 50 TRI,2023-07-03,22564.404429429072
Nifty 50 TRI,2023-07-04,22642.80290593055
Nifty 50 TRI,2023-07-05,22654.698284063867
Nifty 50 TRI,2023-07-06,22770.888817478102
Nifty 50 TRI,2023-07-07,22578.399860885445
Nifty 50 TRI,2023-07-10,22608.945191819916
Nifty 50 TRI,2023-07-11,22707.281576016576
Nifty 50 TRI,2023-07-12,22643.720116767425
Nifty 50 TRI,2023-07-13,22678.923118129354
Nifty 50 TRI,2023-07-14,22855.83579237949
Nifty 50 TRI,2023-07-17,23029.94935168484
Nifty 50 TRI,2023-07-18,23074.930020724347
Nifty 50 TRI,2023-07-19,23173.77831197779
Nifty 50 TRI,2023-07-20,23345.19558640702
Nifty 50 TRI,2023-07-21,23072.411919222963
Nifty 50 TRI,2023-07-24,22989.957373087786
Nifty 50 TRI,2023-07-25,23000.412021624954
Nifty 50 TRI,2023-07-26,23115.41127719725
Nifty 50 TRI,2023-07-27,22977.846224970286
Nifty 50 TRI,2023-07-28,22962.471256724886
Nifty 50 TRI,2023-07-31,23090.859908562285
Nifty 50 TRI,2023-08-01,23068.004757707145
Nifty 50 TRI,2023-08-02,22826.834375691877
Nifty 50 TRI,2023-08-03,22658.244861217994
Nifty 50 TRI,2023-08-04,22817.28307167421
Nifty 50 TRI,2023-08-07,22913.593274223524
Nifty 50 TRI,2023-08-08,22883.475191863046
Nifty 50 TRI,2023-08-09,22956.43189153461
Nifty 50 TRI,2023-08-10,22852.64434185917
Nifty 50 TRI,2023-08-11,22719.208195624586
Nifty 50 TRI,2023-08-14,22728.928006968836
Nifty 50 TRI,2023-08-16,22766.14880227344
Nifty 50 TRI,2023-08-17,22650.282753549145
Nifty 50 TRI,2023-08-18,22586.63500777357
Nifty 50 TRI,2023-08-21,22686.65027911151
Nifty 50 TRI,2023-08-22,22690.7861479427
Nifty 50 TRI,2023-08-23,22747.21745047927
Nifty 50 TRI,2023-08-24,22680.984250674297
Nifty 50 TRI,2023-08-25,22540.33921824376
Nifty 50 TRI,2023-08-28,22589.826749595846
Nifty 50 TRI,2023-08-29,22633.451970854825
Nifty 50 TRI,2023-08-30,22639.867825298596
Nifty 50 TRI,2023-08-31,22531.079673077274
Nifty 50 TRI,2023-09-01,22744.277916197963
Nifty 50 TRI,2023-09-04,22856.121488633635
Nifty 50 TRI,2023-09-05,22910.885734420437
Nifty 50 TRI,2023-09-06,22954.008632843783
Nifty 50 TRI,2023-09-07,23090.598868142388
Nifty 50 TRI,2023-09-08,23200.15729952956
Nifty 50 TRI,2023-09-11,23409.1253245903
Nifty 50 TRI,2023-09-12,23406.264951030367
Nifty 50 TRI,2023-09-13,23497.00739906061
Nifty 50 TRI,2023-09-14,23536.59115991372
Nifty 50 TRI,2023-09-15,23641.920563952004
Nifty 50 TRI,2023-09-18,23575.285021730233
Nifty 50 TRI,2023-09-20,23305.38722074621
Nifty 50 TRI,2023-09-21,23119.94955315306
Nifty 50 TRI,2023-09-22,23041.01396888748
Nifty 50 TRI,2023-09-25,23043.810765708375
Nifty 50 TRI,2023-09-26,23033.086624227202
Nifty 50 TRI,2023-09-27,23094.517607192425
Nifty 50 TRI,2023-09-28,22869.378108192075
Nifty 50 TRI,2023-09-29,23004.6067554745
Nifty 50 TRI,2023-10-03,22879.5133863483
Nifty 50 TRI,2023-10-04,22771.77120164366
Nifty 50 TRI,2023-10-05,22901.049892685187
Nifty 50 TRI,2023-10-06,23028.11100084413
Nifty 50 TRI,2023-10-09,22865.149925154947
Nifty 50 TRI,2023-10-10,23073.965632286287
Nifty 50 TRI,2023-10-11,23217.168977598554
Nifty 50 TRI,2023-10-12,23197.65707008947
Nifty 50 TRI,2023-10-13,23148.141128498555
Nifty 50 TRI,2023-10-16,23127.974173720057
Nifty 50 TRI,2023-10-17,23222.271912638975
Nifty 50 TRI,2023-10-18,23058.515417054077
Nifty 50 TRI,2023-10-19,23004.938257721198
Nifty 50 TRI,2023-10-20,22909.56713120151
Nifty 50 TRI,2023-10-23,22606.115479476648
Nifty 50 TRI,2023-10-25,22420.5849586957
Nifty 50 TRI,2023-10-26,22110.77302264344
Nifty 50 TRI,2023-10-27,22334.344334326317
Nifty 50 TRI,2023-10-30,22446.537699737415
Nifty 50 TRI,2023-10-31,22375.441503337614
Nifty 50 TRI,2023-11-01,22270.155454362994
Nifty 50 TRI,2023-11-02,22439.946569983502
Nifty 50 TRI,2023-11-03,22554.918176791136
Nifty 50 TRI,2023-11-06,22769.79880358232
Nifty 50 TRI,2023-11-07,22764.67929127152
Nifty 50 TRI,2023-11-08,22808.65434676286
Nifty 50 TRI,2023-11-09,22752.91771146771
Nifty 50 TRI,2023-11-10,22788.974306955133
Nifty 50 TRI,2023-11-13,22812.747161710908
Nifty 50 TRI,2023-11-15,23086.461915362634
Nifty 50 TRI,2023-11-16,23192.591463874243
Nifty 50 TRI,2023-11-17,23154.220338226103
Nifty 50 TRI,2023-11-20,23112.314940230364
Nifty 50 TRI,2023-11-21,23218.053719350544
Nifty 50 TRI,2023-11-22,23252.26433745621
Nifty 50 TRI,2023-11-23,23241.526168666765
Nifty 50 TRI,2023-11-24,23233.778866229884
Nifty 50 TRI,2023-11-28,23348.586361988135
Nifty 50 TRI,2023-11-29,23592.301715255006
Nifty 50 TRI,2023-11-30,23636.046140060243
Nifty 50 TRI,2023-12-01,23795.08226019722
Nifty 50 TRI,2023-12-04,24289.459727580605
Nifty 50 TRI,2023-12-05,24487.934168572785
Nifty 50 TRI,2023-12-06,24585.791544139127
Nifty 50 TRI,2023-12-07,24543.742527068156
Nifty 50 TRI,2023-12-08,24624.75772245315
Nifty 50 TRI,2023-12-11,24659.90141444898
Nifty 50 TRI,2023-12-12,24554.248620444254
Nifty 50 TRI,2023-12-13,24578.547822200504
Nifty 50 TRI,2023-12-14,24880.517005123038
Nifty 50 TRI,2023-12-15,25203.182474714184
Nifty 50 TRI,2023-12-18,25161.216482748736
Nifty 50 TRI,2023-12-19,25202.576366026962
Nifty 50 TRI,2023-12-20,24847.557699517638
Nifty 50 TRI,2023-12-21,24971.67951934739
Nifty 50 TRI,2023-12-22,25083.41397222641
Nifty 50 TRI,2023-12-26,25195.00872605519
Nifty 50 TRI,2023-12-27,25446.668194075628
Nifty 50 TRI,2023-12-28,25593.226932037527
Nifty 50 TRI,2023-12-29,25538.546834982644
Nifty 50 TRI,2024-01-01,25553.597129393704
Nifty 50 TRI,2024-01-02,25465.056560017947
Nifty 50 TRI,2024-01-03,25291.467753930116
Nifty 50 TRI,2024-01-04,25458.393101506284
Nifty 50 TRI,2024-01-05,25520.654931372195
Nifty 50 TRI,2024-01-08,25290.826592062425
Nifty 50 TRI,2024-01-09,25329.16489748463
Nifty 50 TRI,2024-01-10,25416.884855769003
Nifty 50 TRI,2024-01-11,25451.292026412997
Nifty 50 TRI,2024-01-12,25743.021353954216
Nifty 50 TRI,2024-01-15,25984.340338597187
Nifty 50 TRI,2024-01-16,25908.648622440316
Nifty 50 TRI,2024-01-17,25368.200194885165
Nifty 50 TRI,2024-01-18,25240.08855104141
Nifty 50 TRI,2024-01-19,25429.32824493454
Nifty 50 TRI,2024-01-23,24981.72396108359
Nifty 50 TRI,2024-01-24,25235.680488073795
Nifty 50 TRI,2024-01-25,25117.353978580402
Nifty 50 TRI,2024-01-29,25573.85191225432
Nifty 50 TRI,2024-01-30,25321.215875744125
Nifty 50 TRI,2024-01-31,25561.65913480613
Nifty 50 TRI,2024-02-01,25529.32399298395
Nifty 50 TRI,2024-02-02,25714.197307098802
Nifty 50 TRI,2024-02-05,25620.31066001575
Nifty 50 TRI,2024-02-06,25806.80145407021
Nifty 50 TRI,2024-02-07,25809.008148588066
Nifty 50 TRI,2024-02-08,25559.770646453835
Nifty 50 TRI,2024-02-09,25636.64677682217
Nifty 50 TRI,2024-02-12,25443.445509430654
Nifty 50 TRI,2024-02-13,25594.072015378817
Nifty 50 TRI,2024-02-14,25708.925747422054
Nifty 50 TRI,2024-02-15,25793.061137426877
Nifty 50 TRI,2024-02-16,25946.953272133065
Nifty 50 TRI,2024-02-19,26045.720222002117
Nifty 50 TRI,2024-02-20,26134.591821667258
Nifty 50 TRI,2024-02-21,25968.43951409349
Nifty 50 TRI,2024-02-22,26160.578584659714
Nifty 50 TRI,2024-02-23,26155.91048688516
Nifty 50 TRI,2024-02-26,26051.93373946407
Nifty 50 TRI,2024-02-27,26142.711172144336
Nifty 50 TRI,2024-02-28,25852.502025819736
Nifty 50 TRI,2024-02-29,25890.693150977564
Nifty 50 TRI,2024-03-01,26310.850028419827
Nifty 50 TRI,2024-03-04,26392.38607654344
Nifty 50 TRI,2024-03-05,26335.246428888346
Nifty 50 TRI,2024-03-06,26474.889629341902
Nifty 50 TRI,2024-03-07,26498.798078980322
Nifty 50 TRI,2024-03-11,26312.969165339553
Nifty 50 TRI,2024-03-12,26317.492023127987
Nifty 50 TRI,2024-03-13,25920.153236867365
Nifty 50 TRI,2024-03-14,26096.58702135997
Nifty 50 TRI,2024-03-15,25952.212815863357
Nifty 50 TRI,2024-03-18,25993.090856352206
Nifty 50 TRI,2024-03-19,25713.21765029358
Nifty 50 TRI,2024-03-20,25739.644186183017
Nifty 50 TRI,2024-03-21,25944.282823545484
Nifty 50 TRI,2024-03-22,26045.1538854038
Nifty 50 TRI,2024-03-26,25940.323838016007
Nifty 50 TRI,2024-03-27,26081.47217685132
Nifty 50 TRI,2024-03-28,26322.013490813155
Nifty 50 TRI,2024-04-01,26485.033510337984
Nifty 50 TRI,2024-04-02,26475.712462978463
Nifty 50 TRI,2024-04-03,26454.656427043592
Nifty 50 TRI,2024-04-04,26549.93027732512
Nifty 50 TRI,2024-04-05,26549.747481886978
Nifty 50 TRI,2024-04-08,26732.54189841571
Nifty 50 TRI,2024-04-09,26705.710573158
Nifty 50 TRI,2024-04-10,26837.63707382769
Nifty 50 TRI,2024-04-12,26563.045280033315
Nifty 50 TRI,2024-04-15,26274.59805671398
Nifty 50 TRI,2024-04-16,26128.53336816843
Nifty 50 TRI,2024-04-18,25950.989891996178
Nifty 50 TRI,2024-04-19,26130.243111319407
Nifty 50 TRI,2024-04-22,26356.504024460468
Nifty 50 TRI,2024-04-23,26394.72430126181
Nifty 50 TRI,2024-04-24,26436.252347685953
Nifty 50 TRI,2024-04-25,26635.384953009336
Nifty 50 TRI,2024-04-26,26458.832322330745
Nifty 50 TRI,2024-04-29,26725.372611113857
Nifty 50 TRI,2024-04-30,26680.81569040891
Nifty 50 TRI,2024-05-02,26733.872528932767
Nifty 50 TRI,2024-05-03,26531.369724748954
Nifty 50 TRI,2024-05-06,26495.048370417528
Nifty 50 TRI,2024-05-07,26330.46528470402
Nifty 50 TRI,2024-05-08,26331.396417446842
Nifty 50 TRI,2024-05-09,25924.9897054727
Nifty 50 TRI,2024-05-10,26041.263020274724
Nifty 50 TRI,2024-05-13,26101.712520917223
Nifty 50 TRI,2024-05-14,26237.020404681316
Nifty 50 TRI,2024-05-15,26217.519354104163
Nifty 50 TRI,2024-05-16,26458.53870932221
Nifty 50 TRI,2024-05-17,26532.993088187544
Nifty 50 TRI,2024-05-21,26611.10380116436
Nifty 50 TRI,2024-05-22,26693.254586127026
Nifty 50 TRI,2024-05-23,27131.09234169844
Nifty 50 TRI,2024-05-24,27119.587981077213
Nifty 50 TRI,2024-05-27,27093.34220994538
Nifty 50 TRI,2024-05-28,27041.962005458056
Nifty 50 TRI,2024-05-29,26826.1661820233
Nifty 50 TRI,2024-05-30,26571.838759553673
Nifty 50 TRI,2024-05-31,26622.463677002037
Nifty 50 TRI,2024-06-03,27491.736739023312
Nifty 50 TRI,2024-06-04,25862.567267530787
Nifty 50 TRI,2024-06-05,26733.121691137567
Nifty 50 TRI,2024-06-06,26971.68076770488
Nifty 50 TRI,2024-06-07,27526.650641627195
Nifty 50 TRI,2024-06-10,27492.985946221368
Nifty 50 TRI,2024-06-11,27500.63733625293
Nifty 50 TRI,2024-06-12,27570.289975606156
Nifty 50 TRI,2024-06-13,27661.0507624998
Nifty 50 TRI,2024-06-14,27740.880334878846
Nifty 50 TRI,2024-06-18,27853.937405272874
Nifty 50 TRI,2024-06-19,27805.379282697333
Nifty 50 TRI,2024-06-20,27866.66723783635
Nifty 50 TRI,2024-06-21,27789.726392120505
Nifty 50 TRI,2024-06-24,27836.13568652676
Nifty 50 TRI,2024-06-25,28054.0792340419
Nifty 50 TRI,2024-06-26,28229.51887858684
Nifty 50 TRI,2024-06-27,28438.32315963689
Nifty 50 TRI,2024-06-28,28399.23216428847
Nifty 50 TRI,2024-07-01,28557.61918201763
Nifty 50 TRI,2024-07-02,28537.21820870247
Nifty 50 TRI,2024-07-03,28730.640858595147
Nifty 50 TRI,2024-07-04,28750.1717503529
Nifty 50 TRI,2024-07-05,28776.86018542508
Nifty 50 TRI,2024-07-08,28776.010065037426
Nifty 50 TRI,2024-07-09,28910.317721094714
Nifty 50 TRI,2024-07-10,28782.65827866078
Nifty 50 TRI,2024-07-11,28773.61788502651
Nifty 50 TRI,2024-07-12,28994.979305549034
Nifty 50 TRI,2024-07-15,29098.11820242967
Nifty 50 TRI,2024-07-16,29130.27502685222
Nifty 50 TRI,2024-07-18,29354.677113038062
Nifty 50 TRI,2024-07-19,29036.187735976255
Nifty 50 TRI,2024-07-22,29013.638923987128
Nifty 50 TRI,2024-07-23,28978.91434998873
Nifty 50 TRI,2024-07-24,28902.335737346948
Nifty 50 TRI,2024-07-25,28894.596432289974
Nifty 50 TRI,2024-07-26,29403.237095500914
Nifty 50 TRI,2024-07-29,29407.836689669548
Nifty 50 TRI,2024-07-30,29433.98134118727
Nifty 50 TRI,2024-07-31,29546.15518152435
Nifty 50 TRI,2024-08-01,29617.956096066948
Nifty 50 TRI,2024-08-02,29271.781818213047
Nifty 50 TRI,2024-08-05,28490.71683252138
Nifty 50 TRI,2024-08-06,28417.048613527928
Nifty 50 TRI,2024-08-07,28779.251612595668
Nifty 50 TRI,2024-08-08,28566.46797960758
Nifty 50 TRI,2024-08-09,28864.20469664459
Nifty 50 TRI,2024-08-12,28842.98142327089
Nifty 50 TRI,2024-08-13,28597.582862855932
Nifty 50 TRI,2024-08-14,28604.22171397057
Nifty 50 TRI,2024-08-16,29077.096826040128
Nifty 50 TRI,2024-08-19,29117.50783525658
Nifty 50 TRI,2024-08-20,29268.083328153967
Nifty 50 TRI,2024-08-21,29353.670467448206
Nifty 50 TRI,2024-08-22,29403.653308678044
Nifty 50 TRI,2024-08-23,29418.500271931847
Nifty 50 TRI,2024-08-26,29643.79544360515
Nifty 50 TRI,2024-08-27,29653.3190418314
Nifty 50 TRI,2024-08-28,29695.379744681493
Nifty 50 TRI,2024-08-29,29814.492762735237
Nifty 50 TRI,2024-08-30,29915.06424495616
Nifty 50 TRI,2024-09-02,29968.977884609136
Nifty 50 TRI,2024-09-03,29971.401572710398
Nifty 50 TRI,2024-09-04,29876.247401515266
Nifty 50 TRI,2024-09-05,29813.75255640428
Nifty 50 TRI,2024-09-06,29467.453925632424
Nifty 50 TRI,2024-09-09,29570.48693951586
Nifty 50 TRI,2024-09-10,29695.693167234225
Nifty 50 TRI,2024-09-11,29551.289742333243
Nifty 50 TRI,2024-09-12,30110.272003855163
Nifty 50 TRI,2024-09-13,30072.909811026035
Nifty 50 TRI,2024-09-16,30108.42239504198
Nifty 50 TRI,2024-09-17,30150.766832456873
Nifty 50 TRI,2024-09-18,30103.19830222921
Nifty 50 TRI,2024-09-19,30149.637129739825
Nifty 50 TRI,2024-09-20,30595.741009957972
Nifty 50 TRI,2024-09-23,30774.698193102937
Nifty 50 TRI,2024-09-24,30777.387753527415
Nifty 50 TRI,2024-09-25,30854.115988816615
Nifty 50 TRI,2024-09-26,31106.637358340195
Nifty 50 TRI,2024-09-27,31063.71300166365
Nifty 50 TRI,2024-09-30,30630.17853790636
Nifty 50 TRI,2024-10-01,30614.707359929016
Nifty 50 TRI,2024-10-03,29967.905951259956
Nifty 50 TRI,2024-10-04,29689.45428691563
Nifty 50 TRI,2024-10-07,29432.82726441524
Nifty 50 TRI,2024-10-08,29691.93388132502
Nifty 50 TRI,2024-10-09,29655.945133980233
Nifty 50 TRI,2024-10-10,29676.58162566647
Nifty 50 TRI,2024-10-11,29637.03049779345
Nifty 50 TRI,2024-10-14,29834.535675000378
Nifty 50 TRI,2024-10-15,29751.76450127873
Nifty 50 TRI,2024-10-16,29650.64320659829
Nifty 50 TRI,2024-10-17,29388.7338089025
Nifty 50 TRI,2024-10-18,29513.509148993948
Nifty 50 TRI,2024-10-21,29430.00362436801
Nifty 50 TRI,2024-10-22,29064.06336734058
Nifty 50 TRI,2024-10-23,29021.62244357573
Nifty 50 TRI,2024-10-24,28979.772344147816
Nifty 50 TRI,2024-10-25,28721.151811688247
Nifty 50 TRI,2024-10-28,28912.301305073637
Nifty 50 TRI,2024-10-29,29065.022085943452
Nifty 50 TRI,2024-10-30,28916.36484378526
Nifty 50 TRI,2024-10-31,28756.4108724645
Nifty 50 TRI,2024-11-01,28875.045817067854
Nifty 50 TRI,2024-11-04,28510.95953287144
Nifty 50 TRI,2024-11-05,28770.943655471976
Nifty 50 TRI,2024-11-06,29093.685442066988
Nifty 50 TRI,2024-11-07,28756.40020576207
Nifty 50 TRI,2024-11-08,28696.632307239364
Nifty 50 TRI,2024-11-11,28691.478177563607
Nifty 50 TRI,2024-11-12,28386.030274126362
Nifty 50 TRI,2024-11-13,28001.465438671934
Nifty 50 TRI,2024-11-14,27971.134008537945
Nifty 50 TRI,2024-11-18,27881.29831617625
Nifty 50 TRI,2024-11-19,27959.199842549166
Nifty 50 TRI,2024-11-21,27760.729028011938
Nifty 50 TRI,2024-11-22,28424.367897799413
Nifty 50 TRI,2024-11-25,28801.52475029777
Nifty 50 TRI,2024-11-26,28769.96114496721
Nifty 50 TRI,2024-11-27,28866.586966228493
Nifty 50 TRI,2024-11-28,28438.605426639395
Nifty 50 TRI,2024-11-29,28697.615317402524
Nifty 50 TRI,2024-12-02,28873.05965253687
Nifty 50 TRI,2024-12-03,29089.481663676095
Nifty 50 TRI,2024-12-04,29102.760285656783
Nifty 50 TRI,2024-12-05,29390.39849774382
Nifty 50 TRI,2024-12-06,29355.038619277206
Nifty 50 TRI,2024-12-09,29288.20016115916
Nifty 50 TRI,2024-12-10,29278.588999475447
Nifty 50 TRI,2024-12-11,29317.398713393333
Nifty 50 TRI,2024-12-12,29207.664667261877
Nifty 50 TRI,2024-12-13,29469.98534767147
Nifty 50 TRI,2024-12-16,29354.056208387567
Nifty 50 TRI,2024-12-17,28959.718425166382
Nifty 50 TRI,2024-12-18,28797.528485765117
Nifty 50 TRI,2024-12-19,28504.418330279408
Nifty 50 TRI,2024-12-20,28071.98510982079
Nifty 50 TRI,2024-12-23,28272.484017166033
Nifty 50 TRI,2024-12-24,28242.775749055698
Nifty 50 TRI,2024-12-26,28271.614835329427
Nifty 50 TRI,2024-12-27,28347.850293030995
Nifty 50 TRI,2024-12-30,28150.251463125478
Nifty 50 TRI,2024-12-31,28151.128356197278
Nifty 50 TRI,2025-01-01,28268.92385772678
Nifty 50 TRI,2025-01-02,28800.664023686742
Nifty 50 TRI,2025-01-03,28582.71036571131
Nifty 50 TRI,2025-01-06,28122.865427169287
Nifty 50 TRI,2025-01-07,28233.241720015572
Nifty 50 TRI,2025-01-08,28211.670789737353
Nifty 50 TRI,2025-01-09,28019.197395223473
Nifty 50 TRI,2025-01-10,27907.042735340074
Nifty 50 TRI,2025-01-13,27498.406992052183
Nifty 50 TRI,2025-01-14,27606.70605380956
Nifty 50 TRI,2025-01-15,27651.934131489066
Nifty 50 TRI,2025-01-16,27770.371907459026
Nifty 50 TRI,2025-01-17,27641.976892173425
Nifty 50 TRI,2025-01-20,27813.556903110548
Nifty 50 TRI,2025-01-21,27433.15179621461
Nifty 50 TRI,2025-01-22,27589.851467460867
Nifty 50 TRI,2025-01-23,27650.404788104483
Nifty 50 TRI,2025-01-24,27516.553138924253
Nifty 50 TRI,2025-01-27,27205.991503538222
Nifty 50 TRI,2025-01-28,27359.61806706258
Nifty 50 TRI,2025-01-29,27605.918369413346
Nifty 50 TRI,2025-01-30,27709.870741654642
Nifty 50 TRI,2025-01-31,28019.43148699375
Nifty 50 TRI,2025-02-01,27989.13412364827
Nifty 50 TRI,2025-02-03,27846.760988151433
Nifty 50 TRI,2025-02-04,28298.58144223121
Nifty 50 TRI,2025-02-05,28248.382370175874
Nifty 50 TRI,2025-02-06,28138.570229220943
Nifty 50 TRI,2025-02-07,28087.82399692751
Nifty 50 TRI,2025-02-10,27878.15560640457
Nifty 50 TRI,2025-02-11,27509.751629846625
Nifty 50 TRI,2025-02-12,27479.06541898559
Nifty 50 TRI,2025-02-13,27463.522366326255
Nifty 50 TRI,2025-02-14,27342.68122898273
Nifty 50 TRI,2025-02-17,27381.658474943175
Nifty 50 TRI,2025-02-18,27365.692096049486
Nifty 50 TRI,2025-02-19,27351.870000258594
Nifty 50 TRI,2025-02-20,27329.280767756143
Nifty 50 TRI,2025-02-21,27190.394280188415
Nifty 50 TRI,2025-02-24,26903.93965732882
Nifty 50 TRI,2025-02-25,26897.97339076209
Nifty 50 TRI,2025-02-27,26896.893256010077
Nifty 50 TRI,2025-02-28,26396.335195204938
Nifty 50 TRI,2025-03-03,26392.694278501516
Nifty 50 TRI,2025-03-04,26349.8949111129
Nifty 50 TRI,2025-03-05,26654.696429635205
Nifty 50 TRI,2025-03-06,26903.13257904125
Nifty 50 TRI,2025-03-07,26913.39315254634
Nifty 50 TRI,2025-03-10,26806.209382124696
Nifty 50 TRI,2025-03-11,26852.033792294576
Nifty 50 TRI,2025-03-12,26820.278884970157
Nifty 50 TRI,2025-03-13,26733.73409609549
Nifty 50 TRI,2025-03-17,26870.68389630504
Nifty 50 TRI,2025-03-18,27260.286611918007
Nifty 50 TRI,2025-03-19,27348.76010345576
Nifty 50 TRI,2025-03-20,27687.6658256528
Nifty 50 TRI,2025-03-21,27879.379622739514
Nifty 50 TRI,2025-03-24,28250.054657720637
Nifty 50 TRI,2025-03-25,28263.354105664534
Nifty 50 TRI,2025-03-26,28047.252849670116
Nifty 50 TRI,2025-03-27,28173.755760982218
Nifty 50 TRI,2025-03-28,28088.049789774635
Nifty 50 TRI,2025-04-01,27669.61542272
Nifty 50 TRI,2025-04-02,27869.651805604495
Nifty 50 TRI,2025-04-03,27772.389230268946
Nifty 50 TRI,2025-04-04,27360.47520243856
Nifty 50 TRI,2025-04-07,26475.913954334963
Nifty 50 TRI,2025-04-08,26923.97324401267
Nifty 50 TRI,2025-04-09,26761.602644875868
Nifty 50 TRI,2025-04-11,27276.562012674058
Nifty 50 TRI,2025-04-15,27877.927199949234
Nifty 50 TRI,2025-04-16,28008.753969530393
Nifty 50 TRI,2025-04-17,28505.054122195055
Nifty 50 TRI,2025-04-21,28836.470520490253
Nifty 50 TRI,2025-04-22,28887.333729336904
Nifty 50 TRI,2025-04-23,29081.64266333387
Nifty 50 TRI,2025-04-24,28984.3499602211
Nifty 50 TRI,2025-04-25,28737.501774189383
Nifty 50 TRI,2025-04-28,29086.248075415104
Nifty 50 TRI,2025-04-29,29096.18298510624
Nifty 50 TRI,2025-04-30,29095.11954004567
Nifty 50 TRI,2025-05-02,29112.12402493099
Nifty 50 TRI,2025-05-05,29252.08007071939
Nifty 50 TRI,2025-05-06,29155.587859593863
Nifty 50 TRI,2025-05-07,29198.238659355287
Nifty 50 TRI,2025-05-08,29031.116098455266
Nifty 50 TRI,2025-05-09,28714.237587576397
Nifty 50 TRI,2025-05-12,29813.79814132241
Nifty 50 TRI,2025-05-13,29400.550064465904
Nifty 50 TRI,2025-05-14,29507.517697511837
Nifty 50 TRI,2025-05-15,29981.330768995715
Nifty 50 TRI,2025-05-16,29931.78790562812
Nifty 50 TRI,2025-05-19,29846.005485541675
Nifty 50 TRI,2025-05-20,29534.11953908459
Nifty 50 TRI,2025-05-21,29690.173740076538
Nifty 50 TRI,2025-05-22,29447.42094661545
Nifty 50 TRI,2025-05-23,29739.78088638491
Nifty 50 TRI,2025-05-26,29920.054663761093
Nifty 50 TRI,2025-05-27,29711.733021569344
Nifty 50 TRI,2025-05-28,29624.517384808933
Nifty 50 TRI,2025-05-29,29722.69180569293
Nifty 50 TRI,2025-05-30,29624.518060879298
Nifty 50 TRI,2025-06-02,29586.84232401115
Nifty 50 TRI,2025-06-03,29379.47645560222
Nifty 50 TRI,2025-06-04,29473.531326513646
Nifty 50 TRI,2025-06-05,29631.04518199543
Nifty 50 TRI,2025-06-06,29933.97069181859
Nifty 50 TRI,2025-06-09,30057.05820295063
Nifty 50 TRI,2025-06-10,30059.37930704986
Nifty 50 TRI,2025-06-11,30104.92709198972
Nifty 50 TRI,2025-06-12,29802.791710953305
Nifty 50 TRI,2025-06-13,29600.748557095314
Nifty 50 TRI,2025-06-16,29876.83076202698
Nifty 50 TRI,2025-06-17,29766.383903269256
Nifty 50 TRI,2025-06-18,29717.911251058384
Nifty 50 TRI,2025-06-19,29696.443290602754
Nifty 50 TRI,2025-06-20,30079.77357759832
Nifty 50 TRI,2025-06-23,29914.65531252661
Nifty 50 TRI,2025-06-24,30002.50554936001
Nifty 50 TRI,2025-06-25,30243.649692054863
Nifty 50 TRI,2025-06-26,30609.228890966122
Nifty 50 TRI,2025-06-27,30716.703740223096
Nifty 50 TRI,2025-06-30,30575.276408653266
Nifty 50 TRI,2025-07-01,30606.014874495522
Nifty 50 TRI,2025-07-02,30501.16578007491
Nifty 50 TRI,2025-07-03,30444.603929533438
Nifty 50 TRI,2025-07-04,30512.430425691196
Nifty 50 TRI,2025-07-07,30516.02809705809
Nifty 50 TRI,2025-07-08,30590.45868699036
Nifty 50 TRI,2025-07-09,30535.924464610143
Nifty 50 TRI,2025-07-10,30392.147564360526
Nifty 50 TRI,2025-07-11,30147.00982187797
Nifty 50 TRI,2025-07-14,30069.229168184986
Nifty 50 TRI,2025-07-15,30206.36369349624
Nifty 50 TRI,2025-07-16,30226.914136061594
Nifty 50 TRI,2025-07-17,30107.36683766835
Nifty 50 TRI,2025-07-18,29936.917106253888
Nifty 50 TRI,2025-07-21,30086.744122215456
Nifty 50 TRI,2025-07-22,30052.074473026365
Nifty 50 TRI,2025-07-23,30243.81068336864
Nifty 50 TRI,2025-07-24,30055.6381520561
Nifty 50 TRI,2025-07-25,29786.741528105693
Nifty 50 TRI,2025-07-28,29602.67330425276
Nifty 50 TRI,2025-07-29,29771.883322715414
Nifty 50 TRI,2025-07-30,29813.66062326874
Nifty 50 TRI,2025-07-31,29710.713105068473
Nifty 50 TRI,2025-08-01,29468.247830210537
Nifty 50 TRI,2025-08-04,29660.209552803797
Nifty 50 TRI,2025-08-05,29573.437261754116
Nifty 50 TRI,2025-08-06,29484.076418655044
Nifty 50 TRI,2025-08-07,29511.456978243383
Nifty 50 TRI,2025-08-08,29233.108333624907
Nifty 50 TRI,2025-08-11,29502.3120477791
Nifty 50 TRI,2025-08-12,29386.16973749139
Nifty 50 TRI,2025-08-13,29545.560539402828
Nifty 50 TRI,2025-08-14,29560.948418461576
Nifty 50 TRI,2025-08-18,29859.983746456295
Nifty 50 TRI,2025-08-19,29985.517370097827
Nifty 50 TRI,2025-08-20,30070.48564096857
Nifty 50 TRI,2025-08-21,30111.402525631707
Nifty 50 TRI,2025-08-22,29855.984964312935
Nifty 50 TRI,2025-08-25,29976.39199127129
Nifty 50 TRI,2025-08-26,29670.447577485273
Nifty 50 TRI,2025-08-28,29419.0111096129
Nifty 50 TRI,2025-08-29,29331.13318873687
Nifty 50 TRI,2025-09-01,29572.26516052654
Nifty 50 TRI,2025-09-02,29518.72661464037
Nifty 50 TRI,2025-09-03,29682.445541300414
Nifty 50 TRI,2025-09-04,29706.61502138964
Nifty 50 TRI,2025-09-05,29715.711787207183
Nifty 50 TRI,2025-09-08,29757.483454656056
Nifty 50 TRI,2025-09-09,29873.19333870832
Nifty 50 TRI,2025-09-10,29999.783927636563
Nifty 50 TRI,2025-09-11,30039.768265564395
Nifty 50 TRI,2025-09-12,30171.179099590336
Nifty 50 TRI,2025-09-15,30120.552095754076
Nifty 50 TRI,2025-09-16,30325.759181635967
Nifty 50 TRI,2025-09-17,30436.356211460585
Nifty 50 TRI,2025-09-18,30549.603659220546
Nifty 50 TRI,2025-09-19,30434.664517402074
Nifty 50 TRI,2025-09-22,30288.028344817405
Nifty 50 TRI,2025-09-23,30249.619576078025
Nifty 50 TRI,2025-09-24,30115.35821595586
Nifty 50 TRI,2025-09-25,29916.843218234848
Nifty 50 TRI,2025-09-26,29634.056946886238
Nifty 50 TRI,2025-09-29,29613.400933985544
Nifty 50 TRI,2025-09-30,29585.836436950347
Nifty 50 TRI,2025-10-01,29857.614220506533
Nifty 50 TRI,2025-10-03,29929.396096163797
Nifty 50 TRI,2025-10-06,30153.090022448367
Nifty 50 TRI,2025-10-07,30191.011330540965
Nifty 50 TRI,2025-10-08,30117.344755927592
Nifty 50 TRI,2025-10-09,30281.531642055845
Nifty 50 TRI,2025-10-10,30407.12607831174
Nifty 50 TRI,2025-10-13,30340.596258496636
Nifty 50 TRI,2025-10-14,30243.22629022287
Nifty 50 TRI,2025-10-15,30458.450232109117
Nifty 50 TRI,2025-10-16,30774.36396995866
Nifty 50 TRI,2025-10-17,30925.266654813833
Nifty 50 TRI,2025-10-20,31088.9063898048
Nifty 50 TRI,2025-10-21,31120.62189226214
Nifty 50 TRI,2025-10-23,31150.254882236597
Nifty 50 TRI,2025-10-24,31035.55283230268
Nifty 50 TRI,2025-10-27,31244.48690888258
Nifty 50 TRI,2025-10-28,31209.67069348506
Nifty 50 TRI,2025-10-29,31352.412114115425
Nifty 50 TRI,2025-10-30,31141.65959209461
Nifty 50 TRI,2025-10-31,30955.323149470158
Nifty 50 TRI,2025-11-03,31008.25499413636
Nifty 50 TRI,2025-11-04,30809.912213594656
Nifty 50 TRI,2025-11-06,30706.223822614156
Nifty 50 TRI,2025-11-07,30686.36632126085
Nifty 50 TRI,2025-11-10,30788.39873715051
Nifty 50 TRI,2025-11-11,30934.67987692735
Nifty 50 TRI,2025-11-12,31153.512459743633
Nifty 50 TRI,2025-11-13,31158.647100566814
Nifty 50 TRI,2025-11-14,31196.95453898011
Nifty 50 TRI,2025-11-17,31324.77426891053
Nifty 50 TRI,2025-11-18,31201.367684960973
Nifty 50 TRI,2025-11-19,31374.198257938264
Nifty 50 TRI,2025-11-20,31543.308144049413
Nifty 50 TRI,2025-11-21,31395.08465911402
Nifty 50 TRI,2025-11-24,31267.548884387128
Nifty 50 TRI,2025-11-25,31178.678142752524
Nifty 50 TRI,2025-11-26,31565.842019865388
Nifty 50 TRI,2025-11-27,31579.305463645094
Nifty 50 TRI,2025-11-28,31565.24180834632
Nifty 50 TRI,2025-12-01,31535.82181353319
Nifty 50 TRI,2025-12-02,31363.98488614193
Nifty 50 TRI,2025-12-03,31309.430539356723
Nifty 50 TRI,2025-12-04,31368.071731513803
Nifty 50 TRI,2025-12-05,31553.174843118213
Nifty 50 TRI,2025-12-08,31284.29885079946
Nifty 50 TRI,2025-12-09,31139.706498161533
Nifty 50 TRI,2025-12-10,31042.406249823678
Nifty 50 TRI,2025-12-11,31212.89560891854
Nifty 50 TRI,2025-12-12,31392.855305659836
Nifty 50 TRI,2025-12-15,31372.50227243068
Nifty 50 TRI,2025-12-16,31172.065467057175
Nifty 50 TRI,2025-12-17,31123.08260208212
Nifty 50 TRI,2025-12-18,31120.566726964582
Nifty 50 TRI,2025-12-19,31303.52242253933
Nifty 50 TRI,2025-12-22,31555.211022679377
Nifty 50 TRI,2025-12-23,31562.05404266328
Nifty 50 TRI,2025-12-24,31520.90760707638
Nifty 50 TRI,2025-12-26,31402.795795606464
Nifty 50 TRI,2025-12-29,31285.28823578284
Nifty 50 TRI,2025-12-30,31282.475059659602
Nifty 50 TRI,2025-12-31,31513.63558283715
Nifty 50 TRI,2026-01-01,31535.194714253812
Nifty 50 TRI,2026-01-02,31755.826751097728
Nifty 50 TRI,2026-01-05,31664.805648655514
Nifty 50 TRI,2026-01-06,31579.551944878127
Nifty 50 TRI,2026-01-07,31534.888670120494
Nifty 50 TRI,2026-01-08,31217.636405613815
Nifty 50 TRI,2026-01-09,30985.236259776288
Nifty 50 TRI,2026-01-12,31117.564582132632
Nifty 50 TRI,2026-01-13,31048.743139682545
Nifty 50 TRI,2026-01-14,30969.356260042303
Nifty 50 TRI,2026-01-16,31006.240254329885
Nifty 50 TRI,2026-01-19,30878.163382805706
Nifty 50 TRI,2026-01-20,30453.218045280366
Nifty 50 TRI,2026-01-21,30363.773933008062
Nifty 50 TRI,2026-01-22,30524.65362743816
Nifty 50 TRI,2026-01-23,30234.536476757494
Nifty 50 TRI,2026-01-27,30391.82649692447
Nifty 50 TRI,2026-01-28,30594.933398303616
Nifty 50 TRI,2026-01-29,30687.950841813865
Nifty 50 TRI,2026-01-30,30570.415761705546
Nifty 50 TRI,2026-02-02,30293.226629021203
Nifty 50 TRI,2026-02-03,31066.07338141788
Nifty 50 TRI,2026-02-04,31125.676586588288
Nifty 50 TRI,2026-02-05,30965.927572576868
Nifty 50 TRI,2026-02-06,31028.489124885804
Nifty 50 TRI,2026-02-09,31241.449798048852
Nifty 50 TRI,2026-02-10,31324.503433046837
Nifty 50 TRI,2026-02-11,31348.19690741581
Nifty 50 TRI,2026-02-12,31172.168451580976
Nifty 50 TRI,2026-02-13,30767.286253878217
Nifty 50 TRI,2026-02-16,31026.236291176076
Nifty 50 TRI,2026-02-17,31078.85942422448
Nifty 50 TRI,2026-02-18,31193.46255260455
Nifty 50 TRI,2026-02-19,30753.577923583416
Nifty 50 TRI,2026-02-20,30895.907832135254
Nifty 50 TRI,2026-02-23,31070.470225275785
Nifty 50 TRI,2026-02-24,30723.127539120946
Nifty 50 TRI,2026-02-25,30794.12190556312
Nifty 50 TRI,2026-02-26,30812.19104193497
Nifty 50 TRI,2026-02-27,30429.089325380715
Nifty 50 TRI,2026-03-02,30054.067463493906
Nifty 50 TRI,2026-03-04,29590.586989342006
Nifty 50 TRI,2026-03-05,29936.620798116168
Nifty 50 TRI,2026-03-06,29556.35368522556
Nifty 50 TRI,2026-03-09,29048.82878458207
Nifty 50 TRI,2026-03-10,29332.216023491736
Nifty 50 TRI,2026-03-11,28855.98462304001
Nifty 50 TRI,2026-03-12,28581.697783982978
Nifty 50 TRI,2026-03-13,27992.593697232325
Nifty 50 TRI,2026-03-16,28307.189750030888
Nifty 50 TRI,2026-03-17,28516.612638840532
Nifty 50 TRI,2026-03-18,28755.43820326936
Nifty 50 TRI,2026-03-19,27818.397117222572
Nifty 50 TRI,2026-03-20,27955.25931956368
Nifty 50 TRI,2026-03-23,27230.255874143462
Nifty 50 TRI,2026-03-24,27714.754951139046
Nifty 50 TRI,2026-03-25,28192.391900747294
Nifty 50 TRI,2026-03-27,27605.43192090956
Nifty 50 TRI,2026-03-30,27017.711402225614
Nifty 50 TRI,2026-04-01,27440.6809250697
Nifty 50 TRI,2026-04-02,27482.426744651548
Nifty 50 TRI,2026-04-06,27795.085315416894
Nifty 50 TRI,2026-04-07,27984.133064632497
Nifty 50 TRI,2026-04-08,29042.50675762677
Nifty 50 TRI,2026-04-09,28774.548867936122
Nifty 50 TRI,2026-04-10,29109.010609839064
Nifty 50 TRI,2026-04-13,28860.386323758168
Nifty 50 TRI,2026-04-15,29332.903514531754
Nifty 50 TRI,2026-04-16,29292.114320558805
Nifty 50 TRI,2026-04-17,29482.976871818104
Nifty 50 TRI,2026-04-20,29499.784906718676
Nifty 50 TRI,2026-04-21,29757.21387177484
Nifty 50 TRI,2026-04-22,29517.914960106587
Nifty 50 TRI,2026-04-23,29270.66923992299
Nifty 50 TRI,2026-04-24,28938.577525286826
Nifty 50 TRI,2026-04-27,29177.500010153377
Nifty 50 TRI,2026-04-28,29061.055671862454
Nifty 50 TRI,2026-04-29,29282.451195672988
Nifty 50 TRI,2026-04-30,29065.353674667273
Nifty 50 TRI,2026-05-04,29216.947308275525
Nifty 50 TRI,2026-05-05,29113.194920314476
Nifty 50 TRI,2026-05-06,29475.41251301243
Nifty 50 TRI,2026-05-07,29471.246917860368
Nifty 50 TRI,2026-05-08,29289.95495300087
Nifty 50 TRI,2026-05-11,28856.503547381344
Nifty 50 TRI,2026-05-12,28328.863301579
Nifty 50 TRI,2026-05-13,28369.911589870644
Nifty 50 TRI,2026-05-14,28706.57784374866
Nifty 50 TRI,2026-05-15,28651.72845365467
Nifty 50 TRI,2026-05-18,28662.584360522927
Nifty 50 TRI,2026-05-19,28624.875701409128
Nifty 50 TRI,2026-05-20,28675.58148584041
Nifty 50 TRI,2026-05-21,28671.382659686777
Nifty 50 TRI,2026-05-22,28750.701591831305
Nifty 50 TRI,2026-05-25,29132.457254961882
Nifty 50 TRI,2026-05-26,28990.436770180153
Nifty 50 TRI,2026-05-27,28983.522581820547
Nifty 50 TRI,2026-05-29,28549.827322896926
Nifty 50 TRI,2026-06-01,28352.602949578533
Nifty 50 TRI,2026-06-02,28476.018401318866
Nifty 50 TRI,2026-06-03,28382.49892331559
Nifty 50 TRI,2026-06-04,28396.78288993711
Nifty 50 TRI,2026-06-05,28337.33096368133
Nifty 50 TRI,2026-06-08,28044.7664012341
Nifty 50 TRI,2026-06-09,28190.213411487162
Nifty 50 TRI,2026-06-10,28158.278588711502
Nifty 50 TRI,2026-06-11,28094.562337748634
Nifty 50 TRI,2026-06-12,28655.124368401965
Nifty 50 TRI,2026-06-15,28938.402566534674
Nifty 50 TRI,2026-06-16,29103.51051002778
Nifty 50 TRI,2026-06-17,29221.676377236163
Nifty 50 TRI,2026-06-18,29322.563687755257
Nifty 50 TRI,2026-06-19,29135.656357939748
Nifty 50 TRI,2026-06-22,29247.716419634024
Nifty 50 TRI,2026-06-23,28910.42734344427
Nifty 50 TRI,2026-06-24,29151.1850882183
Nifty 50 TRI,2026-06-25,29193.902000660706
Nifty 50 TRI,2026-06-29,29064.82244882018
Nifty 50 TRI,2026-06-30,28968.139740488597
