index_name,date,tri
Nifty 100 TRI,2011-06-30,5553.5
Nifty 100 TRI,2011-07-01,5541.796067049223
Nifty 100 TRI,2011-07-04,5571.788078087196
Nifty 100 TRI,2011-07-05,5555.232153139704
Nifty 100 TRI,2011-07-06,5551.477571068661
Nifty 100 TRI,2011-07-07,5647.0978986161035
Nifty 100 TRI,2011-07-08,5575.977131974103
Nifty 100 TRI,2011-07-11,5533.602290857537
Nifty 100 TRI,2011-07-12,5450.162396337445
Nifty 100 TRI,2011-07-13,5509.132146658701
Nifty 100 TRI,2011-07-14,5529.937266708583
Nifty 100 TRI,2011-07-15,5514.774581536059
Nifty 100 TRI,2011-07-18,5505.853615540578
Nifty 100 TRI,2011-07-19,5544.324029295266
Nifty 100 TRI,2011-07-20,5492.983658553677
Nifty 100 TRI,2011-07-21,5463.0056082290785
Nifty 100 TRI,2011-07-22,5550.366195697266
Nifty 100 TRI,2011-07-25,5593.542981625031
Nifty 100 TRI,2011-07-26,5498.15294193513
Nifty 100 TRI,2011-07-27,5475.725688520062
Nifty 100 TRI,2011-07-28,5418.312512209702
Nifty 100 TRI,2011-07-29,5396.78166107084
Nifty 100 TRI,2011-08-01,5423.683808271663
Nifty 100 TRI,2011-08-02,5367.259772675077
Nifty 100 TRI,2011-08-03,5320.343168633714
Nifty 100 TRI,2011-08-04,5257.252847377582
Nifty 100 TRI,2011-08-05,5145.49653844916
Nifty 100 TRI,2011-08-08,5059.472938380175
Nifty 100 TRI,2011-08-09,5010.982966633181
Nifty 100 TRI,2011-08-10,5100.53966644482
Nifty 100 TRI,2011-08-11,5077.786099164062
Nifty 100 TRI,2011-08-12,5016.822959161173
Nifty 100 TRI,2011-08-16,4977.916560860692
Nifty 100 TRI,2011-08-17,4989.211551597901
Nifty 100 TRI,2011-08-18,4878.996674017851
Nifty 100 TRI,2011-08-19,4791.965354916816
Nifty 100 TRI,2011-08-22,4844.370732454757
Nifty 100 TRI,2011-08-23,4891.081026184931
Nifty 100 TRI,2011-08-24,4834.493800365607
Nifty 100 TRI,2011-08-25,4784.014266672028
Nifty 100 TRI,2011-08-26,4690.845593796768
Nifty 100 TRI,2011-08-29,4855.0902291421935
Nifty 100 TRI,2011-08-30,4931.776893354674
Nifty 100 TRI,2011-09-02,4974.59593539892
Nifty 100 TRI,2011-09-05,4959.336348059122
Nifty 100 TRI,2011-09-06,4998.455358150156
Nifty 100 TRI,2011-09-07,5063.138935959534
Nifty 100 TRI,2011-09-08,5087.126848685355
Nifty 100 TRI,2011-09-09,4998.885313581392
Nifty 100 TRI,2011-09-12,4886.119573802747
Nifty 100 TRI,2011-09-13,4880.126128448519
Nifty 100 TRI,2011-09-14,4944.3705743910605
Nifty 100 TRI,2011-09-15,5009.02055075762
Nifty 100 TRI,2011-09-16,5017.871480589789
Nifty 100 TRI,2011-09-19,4970.918414234618
Nifty 100 TRI,2011-09-20,5068.676560834879
Nifty 100 TRI,2011-09-21,5070.911635995397
Nifty 100 TRI,2011-09-22,4870.295682584388
Nifty 100 TRI,2011-09-23,4818.662525727036
Nifty 100 TRI,2011-09-26,4780.453350492863
Nifty 100 TRI,2011-09-27,4907.771949369735
Nifty 100 TRI,2011-09-28,4882.966228413116
Nifty 100 TRI,2011-09-29,4942.930616493101
Nifty 100 TRI,2011-09-30,4875.9375411708625
Nifty 100 TRI,2011-10-03,4782.138527600713
Nifty 100 TRI,2011-10-04,4703.991930059572
Nifty 100 TRI,2011-10-05,4681.781850434505
Nifty 100 TRI,2011-10-07,4806.7487536767785
Nifty 100 TRI,2011-10-10,4891.963601614952
Nifty 100 TRI,2011-10-11,4893.591594714003
Nifty 100 TRI,2011-10-12,5010.493448800642
Nifty 100 TRI,2011-10-13,4994.862046729721
Nifty 100 TRI,2011-10-14,5040.107204684091
Nifty 100 TRI,2011-10-17,5029.749927974191
Nifty 100 TRI,2011-10-18,4953.280126605518
Nifty 100 TRI,2011-10-19,5044.662699718128
Nifty 100 TRI,2011-10-20,4998.709038424162
Nifty 100 TRI,2011-10-21,4956.165145919624
Nifty 100 TRI,2011-10-24,4994.847162838569
Nifty 100 TRI,2011-10-25,5075.204953920151
Nifty 100 TRI,2011-10-28,5239.68762848114
Nifty 100 TRI,2011-10-31,5216.038374401195
Nifty 100 TRI,2011-11-01,5155.205858744342
Nifty 100 TRI,2011-11-02,5156.5936762764295
Nifty 100 TRI,2011-11-03,5168.729073601901
Nifty 100 TRI,2011-11-04,5192.417086143643
Nifty 100 TRI,2011-11-08,5194.106216907427
Nifty 100 TRI,2011-11-09,5126.323475895747
Nifty 100 TRI,2011-11-11,5073.785578077035
Nifty 100 TRI,2011-11-14,5051.413344200756
Nifty 100 TRI,2011-11-15,4961.452972167652
Nifty 100 TRI,2011-11-16,4926.355862388976
Nifty 100 TRI,2011-11-17,4835.681022146519
Nifty 100 TRI,2011-11-18,4808.265110982722
Nifty 100 TRI,2011-11-21,4688.665164418682
Nifty 100 TRI,2011-11-22,4718.532684331853
Nifty 100 TRI,2011-11-23,4616.3222425154945
Nifty 100 TRI,2011-11-24,4668.605823660207
Nifty 100 TRI,2011-11-25,4632.481391807515
Nifty 100 TRI,2011-11-28,4764.47347317621
Nifty 100 TRI,2011-11-29,4716.483897038635
Nifty 100 TRI,2011-11-30,4734.798415272396
Nifty 100 TRI,2011-12-01,4828.473699604011
Nifty 100 TRI,2011-12-02,4941.7627805688335
Nifty 100 TRI,2011-12-05,4934.594306245385
Nifty 100 TRI,2011-12-07,4953.095540234504
Nifty 100 TRI,2011-12-08,4841.787687177611
Nifty 100 TRI,2011-12-09,4769.746600117789
Nifty 100 TRI,2011-12-12,4670.0696927156005
Nifty 100 TRI,2011-12-13,4698.70175202668
Nifty 100 TRI,2011-12-14,4661.95034159535
Nifty 100 TRI,2011-12-15,4647.025824417193
Nifty 100 TRI,2011-12-16,4555.091587120036
Nifty 100 TRI,2011-12-19,4508.891378071369
Nifty 100 TRI,2011-12-20,4435.452040857307
Nifty 100 TRI,2011-12-21,4571.190580775081
Nifty 100 TRI,2011-12-22,4612.858299247128
Nifty 100 TRI,2011-12-23,4590.481674865376
Nifty 100 TRI,2011-12-26,4649.2362628179
Nifty 100 TRI,2011-12-27,4619.863160001241
Nifty 100 TRI,2011-12-28,4576.297828458616
Nifty 100 TRI,2011-12-29,4524.526394114072
Nifty 100 TRI,2011-12-30,4506.418658389858
Nifty 100 TRI,2012-01-02,4515.502987161524
Nifty 100 TRI,2012-01-03,4642.649544174305
Nifty 100 TRI,2012-01-04,4631.841115340665
Nifty 100 TRI,2012-01-05,4633.766648018628
Nifty 100 TRI,2012-01-06,4633.527915104871
Nifty 100 TRI,2012-01-09,4630.042255709557
Nifty 100 TRI,2012-01-10,4736.583671968708
Nifty 100 TRI,2012-01-11,4754.271475253221
Nifty 100 TRI,2012-01-12,4736.566147923678
Nifty 100 TRI,2012-01-13,4771.27323549713
Nifty 100 TRI,2012-01-16,4781.296706727781
Nifty 100 TRI,2012-01-17,4868.9354080625235
Nifty 100 TRI,2012-01-18,4853.949403702938
Nifty 100 TRI,2012-01-19,4918.179357225341
Nifty 100 TRI,2012-01-20,4949.225090288274
Nifty 100 TRI,2012-01-23,4947.231804650483
Nifty 100 TRI,2012-01-24,5031.120344217997
Nifty 100 TRI,2012-01-25,5068.371053730365
Nifty 100 TRI,2012-01-27,5112.102244323712
Nifty 100 TRI,2012-01-30,4997.4258682148575
Nifty 100 TRI,2012-01-31,5108.391924164842
Nifty 100 TRI,2012-02-01,5147.417962631689
Nifty 100 TRI,2012-02-02,5182.2146965769925
Nifty 100 TRI,2012-02-03,5232.079285853844
Nifty 100 TRI,2012-02-06,5278.592242334658
Nifty 100 TRI,2012-02-07,5245.216656629348
Nifty 100 TRI,2012-02-08,5283.199034556678
Nifty 100 TRI,2012-02-09,5328.894832015125
Nifty 100 TRI,2012-02-10,5305.748447696056
Nifty 100 TRI,2012-02-13,5314.98057995983
Nifty 100 TRI,2012-02-14,5342.438772494905
Nifty 100 TRI,2012-02-15,5458.3650261099265
Nifty 100 TRI,2012-02-16,5458.053950914863
Nifty 100 TRI,2012-02-17,5496.862772486212
Nifty 100 TRI,2012-02-21,5537.672774210209
Nifty 100 TRI,2012-02-22,5416.253515190748
Nifty 100 TRI,2012-02-23,5396.9821283861575
Nifty 100 TRI,2012-02-24,5345.891295695007
Nifty 100 TRI,2012-02-27,5199.405580778469
Nifty 100 TRI,2012-02-28,5306.957834333856
Nifty 100 TRI,2012-02-29,5318.79589185214
Nifty 100 TRI,2012-03-01,5275.458610896405
Nifty 100 TRI,2012-03-02,5292.641995948844
Nifty 100 TRI,2012-03-05,5216.077669072505
Nifty 100 TRI,2012-03-06,5162.135820486172
Nifty 100 TRI,2012-03-07,5155.911658518053
Nifty 100 TRI,2012-03-09,5271.654076351328
Nifty 100 TRI,2012-03-12,5302.334426019651
Nifty 100 TRI,2012-03-13,5368.115360553573
Nifty 100 TRI,2012-03-14,5405.392020556829
Nifty 100 TRI,2012-03-15,5319.296486817803
Nifty 100 TRI,2012-03-16,5256.71036782709
Nifty 100 TRI,2012-03-19,5194.38565905517
Nifty 100 TRI,2012-03-20,5216.624389700694
Nifty 100 TRI,2012-03-21,5309.57402161304
Nifty 100 TRI,2012-03-22,5172.930919218307
Nifty 100 TRI,2012-03-23,5222.7807869168755
Nifty 100 TRI,2012-03-26,5132.875201059536
Nifty 100 TRI,2012-03-27,5187.576701903204
Nifty 100 TRI,2012-03-28,5138.336849884695
Nifty 100 TRI,2012-03-29,5130.542021095464
Nifty 100 TRI,2012-03-30,5250.7810221574755
Nifty 100 TRI,2012-04-02,5276.735564967676
Nifty 100 TRI,2012-04-03,5321.609327393821
Nifty 100 TRI,2012-04-04,5290.59124156678
Nifty 100 TRI,2012-04-09,5204.052567210096
Nifty 100 TRI,2012-04-10,5212.923810654967
Nifty 100 TRI,2012-04-11,5193.409938523857
Nifty 100 TRI,2012-04-12,5240.366186406633
Nifty 100 TRI,2012-04-13,5177.41172223166
Nifty 100 TRI,2012-04-16,5198.268526298077
Nifty 100 TRI,2012-04-17,5258.519607243408
Nifty 100 TRI,2012-04-18,5265.980752282608
Nifty 100 TRI,2012-04-19,5290.720733545968
Nifty 100 TRI,2012-04-20,5251.498853660088
Nifty 100 TRI,2012-04-23,5163.4267306272595
Nifty 100 TRI,2012-04-24,5178.162786749449
Nifty 100 TRI,2012-04-25,5158.68826665718
Nifty 100 TRI,2012-04-26,5142.800647456133
Nifty 100 TRI,2012-04-27,5140.7083562554635
Nifty 100 TRI,2012-04-30,5199.124571971386
Nifty 100 TRI,2012-05-02,5191.101400362817
Nifty 100 TRI,2012-05-03,5138.260878520285
Nifty 100 TRI,2012-05-04,5042.85346821279
Nifty 100 TRI,2012-05-07,5075.086386818615
Nifty 100 TRI,2012-05-08,4965.609105699562
Nifty 100 TRI,2012-05-09,4933.123755720472
Nifty 100 TRI,2012-05-10,4927.129779332796
Nifty 100 TRI,2012-05-11,4889.382620953094
Nifty 100 TRI,2012-05-14,4869.01718718871
Nifty 100 TRI,2012-05-15,4901.45230563965
Nifty 100 TRI,2012-05-16,4817.830208660393
Nifty 100 TRI,2012-05-17,4828.115101793613
Nifty 100 TRI,2012-05-18,4844.67164330904
Nifty 100 TRI,2012-05-21,4863.495599850704
Nifty 100 TRI,2012-05-22,4818.29585267676
Nifty 100 TRI,2012-05-23,4791.707961258884
Nifty 100 TRI,2012-05-24,4869.62633618911
Nifty 100 TRI,2012-05-25,4873.39050883031
Nifty 100 TRI,2012-05-28,4938.867722282142
Nifty 100 TRI,2012-05-29,4941.420396616712
Nifty 100 TRI,2012-05-30,4898.8925427720305
Nifty 100 TRI,2012-05-31,4881.103622823646
Nifty 100 TRI,2012-06-01,4802.290234230986
Nifty 100 TRI,2012-06-04,4804.368772205372
Nifty 100 TRI,2012-06-05,4818.657611046171
Nifty 100 TRI,2012-06-06,4946.665062936611
Nifty 100 TRI,2012-06-07,4997.652300799193
Nifty 100 TRI,2012-06-08,5016.758102509525
Nifty 100 TRI,2012-06-11,5000.333545970316
Nifty 100 TRI,2012-06-12,5059.22854498492
Nifty 100 TRI,2012-06-13,5065.583305109333
Nifty 100 TRI,2012-06-14,4998.839142246877
Nifty 100 TRI,2012-06-15,5076.623151312
Nifty 100 TRI,2012-06-18,5002.938581102217
Nifty 100 TRI,2012-06-19,5038.608086536883
Nifty 100 TRI,2012-06-20,5060.052311095324
Nifty 100 TRI,2012-06-21,5105.549778100528
Nifty 100 TRI,2012-06-22,5088.36192970403
Nifty 100 TRI,2012-06-25,5059.934227926412
Nifty 100 TRI,2012-06-26,5071.2548834361005
Nifty 100 TRI,2012-06-27,5092.097676758209
Nifty 100 TRI,2012-06-28,5100.179097755403
Nifty 100 TRI,2012-06-29,5226.17264797936
Nifty 100 TRI,2012-07-02,5231.337007133299
Nifty 100 TRI,2012-07-03,5248.947618474572
Nifty 100 TRI,2012-07-04,5265.293500811745
Nifty 100 TRI,2012-07-05,5291.0121934429935
Nifty 100 TRI,2012-07-06,5277.72338277288
Nifty 100 TRI,2012-07-09,5234.152150733222
Nifty 100 TRI,2012-07-10,5301.271139909899
Nifty 100 TRI,2012-07-11,5265.7355201939135
Nifty 100 TRI,2012-07-12,5201.668669492999
Nifty 100 TRI,2012-07-13,5192.021540857324
Nifty 100 TRI,2012-07-16,5165.3571172983275
Nifty 100 TRI,2012-07-17,5157.78556471446
Nifty 100 TRI,2012-07-18,5177.430659477854
Nifty 100 TRI,2012-07-19,5201.435882513965
Nifty 100 TRI,2012-07-20,5169.788372910186
Nifty 100 TRI,2012-07-23,5085.781273906647
Nifty 100 TRI,2012-07-24,5098.9896709014965
Nifty 100 TRI,2012-07-25,5078.739541763348
Nifty 100 TRI,2012-07-26,5010.27394064336
Nifty 100 TRI,2012-07-27,5055.979872407167
Nifty 100 TRI,2012-07-30,5155.8472874679455
Nifty 100 TRI,2012-07-31,5184.526992206071
Nifty 100 TRI,2012-08-01,5198.45219207882
Nifty 100 TRI,2012-08-02,5192.196191023374
Nifty 100 TRI,2012-08-03,5178.941050212626
Nifty 100 TRI,2012-08-06,5240.402214824508
Nifty 100 TRI,2012-08-07,5289.481284156133
Nifty 100 TRI,2012-08-08,5286.421979845334
Nifty 100 TRI,2012-08-09,5271.13839785427
Nifty 100 TRI,2012-08-10,5267.114740630031
Nifty 100 TRI,2012-08-13,5300.648188893004
Nifty 100 TRI,2012-08-14,5330.665960273189
Nifty 100 TRI,2012-08-16,5314.249702223717
Nifty 100 TRI,2012-08-17,5315.95975352442
Nifty 100 TRI,2012-08-21,5364.919094716328
Nifty 100 TRI,2012-08-22,5354.299444032913
Nifty 100 TRI,2012-08-23,5353.8291629049045
Nifty 100 TRI,2012-08-24,5327.577964577658
Nifty 100 TRI,2012-08-27,5289.264301053548
Nifty 100 TRI,2012-08-28,5269.859292101095
Nifty 100 TRI,2012-08-29,5227.611386689904
Nifty 100 TRI,2012-08-30,5252.465765271198
Nifty 100 TRI,2012-08-31,5204.477682408467
Nifty 100 TRI,2012-09-03,5199.699214971235
Nifty 100 TRI,2012-09-04,5224.861884443455
Nifty 100 TRI,2012-09-05,5179.45395055855
Nifty 100 TRI,2012-09-06,5193.955280024318
Nifty 100 TRI,2012-09-07,5289.13894098247
Nifty 100 TRI,2012-09-10,5315.039739189178
Nifty 100 TRI,2012-09-11,5338.282548569615
Nifty 100 TRI,2012-09-12,5373.665080649889
Nifty 100 TRI,2012-09-13,5373.601182006294
Nifty 100 TRI,2012-09-14,5501.115465277204
Nifty 100 TRI,2012-09-17,5540.860833219443
Nifty 100 TRI,2012-09-18,5543.5454259883645
Nifty 100 TRI,2012-09-20,5504.21353209591
Nifty 100 TRI,2012-09-21,5634.2533655034085
Nifty 100 TRI,2012-09-24,5621.793981272896
Nifty 100 TRI,2012-09-25,5630.071364030655
Nifty 100 TRI,2012-09-26,5621.734613738898
Nifty 100 TRI,2012-09-27,5616.801207380853
Nifty 100 TRI,2012-09-28,5674.520030969095
Nifty 100 TRI,2012-10-01,5693.670703526006
Nifty 100 TRI,2012-10-03,5710.234634986001
Nifty 100 TRI,2012-10-04,5765.071924637156
Nifty 100 TRI,2012-10-05,5726.292627177883
Nifty 100 TRI,2012-10-08,5660.210568231038
Nifty 100 TRI,2012-10-09,5689.791861032452
Nifty 100 TRI,2012-10-10,5636.21040426323
Nifty 100 TRI,2012-10-11,5693.447505056742
Nifty 100 TRI,2012-10-12,5666.501667346699
Nifty 100 TRI,2012-10-15,5673.051620175576
Nifty 100 TRI,2012-10-16,5632.32188482265
Nifty 100 TRI,2012-10-17,5643.910482975362
Nifty 100 TRI,2012-10-18,5701.416717234308
Nifty 100 TRI,2012-10-19,5667.3960149233935
Nifty 100 TRI,2012-10-22,5697.18830659998
Nifty 100 TRI,2012-10-23,5672.062719384089
Nifty 100 TRI,2012-10-25,5684.111338937322
Nifty 100 TRI,2012-10-29,5635.471098536231
Nifty 100 TRI,2012-10-30,5571.4719216965495
Nifty 100 TRI,2012-10-31,5599.191071584066
Nifty 100 TRI,2012-11-01,5628.285373802763
Nifty 100 TRI,2012-11-02,5679.563348467831
Nifty 100 TRI,2012-11-05,5684.541990002735
Nifty 100 TRI,2012-11-06,5704.231077823304
Nifty 100 TRI,2012-11-07,5744.835473780485
Nifty 100 TRI,2012-11-08,5727.584152664536
Nifty 100 TRI,2012-11-09,5677.051431393142
Nifty 100 TRI,2012-11-12,5689.10481996106
Nifty 100 TRI,2012-11-15,5646.444138884435
Nifty 100 TRI,2012-11-16,5588.871261911539
Nifty 100 TRI,2012-11-19,5578.62076029276
Nifty 100 TRI,2012-11-20,5575.101844863571
Nifty 100 TRI,2012-11-21,5616.078150739711
Nifty 100 TRI,2012-11-22,5633.077624739847
Nifty 100 TRI,2012-11-23,5635.923934888117
Nifty 100 TRI,2012-11-26,5656.329534380542
Nifty 100 TRI,2012-11-27,5748.28882026483
Nifty 100 TRI,2012-11-29,5840.562584677493
Nifty 100 TRI,2012-11-30,5893.324996946751
Nifty 100 TRI,2012-12-03,5893.440926341971
Nifty 100 TRI,2012-12-04,5913.615306301148
Nifty 100 TRI,2012-12-05,5925.080898365846
Nifty 100 TRI,2012-12-06,5958.246729389335
Nifty 100 TRI,2012-12-07,5933.803379866709
Nifty 100 TRI,2012-12-10,5939.221370442705
Nifty 100 TRI,2012-12-11,5926.491428666761
Nifty 100 TRI,2012-12-12,5918.243384073662
Nifty 100 TRI,2012-12-13,5879.0687688834105
Nifty 100 TRI,2012-12-14,5909.89823667265
Nifty 100 TRI,2012-12-17,5896.920183195559
Nifty 100 TRI,2012-12-18,5942.736630026231
Nifty 100 TRI,2012-12-19,5977.446552639547
Nifty 100 TRI,2012-12-20,5967.465501963235
Nifty 100 TRI,2012-12-21,5896.836616641095
Nifty 100 TRI,2012-12-24,5905.51579332618
Nifty 100 TRI,2012-12-26,5953.389122691506
Nifty 100 TRI,2012-12-27,5920.05834736964
Nifty 100 TRI,2012-12-28,5959.87660606858
Nifty 100 TRI,2012-12-31,5962.344064143225
Nifty 100 TRI,2013-01-01,6012.92680305976
Nifty 100 TRI,2013-01-02,6055.253843402717
Nifty 100 TRI,2013-01-03,6074.179955391851
Nifty 100 TRI,2013-01-04,6079.187943006593
Nifty 100 TRI,2013-01-07,6057.395276316701
Nifty 100 TRI,2013-01-08,6068.471623325726
Nifty 100 TRI,2013-01-09,6041.096386198697
Nifty 100 TRI,2013-01-10,6037.23001746824
Nifty 100 TRI,2013-01-11,6010.769657457271
Nifty 100 TRI,2013-01-14,6087.101806403103
Nifty 100 TRI,2013-01-15,6117.871682523222
Nifty 100 TRI,2013-01-16,6058.456151638442
Nifty 100 TRI,2013-01-17,6091.573558480792
Nifty 100 TRI,2013-01-18,6109.49109217347
Nifty 100 TRI,2013-01-21,6127.588164970239
Nifty 100 TRI,2013-01-22,6089.43646043716
Nifty 100 TRI,2013-01-23,6090.57012604837
Nifty 100 TRI,2013-01-24,6045.1692076107665
Nifty 100 TRI,2013-01-25,6106.9214492239835
Nifty 100 TRI,2013-01-28,6108.998165508651
Nifty 100 TRI,2013-01-29,6080.992330302653
Nifty 100 TRI,2013-01-30,6084.984245702879
Nifty 100 TRI,2013-01-31,6074.481469406565
Nifty 100 TRI,2013-02-01,6046.624438876568
Nifty 100 TRI,2013-02-04,6033.177192219932
Nifty 100 TRI,2013-02-05,6003.170658905784
Nifty 100 TRI,2013-02-06,6009.253556338996
Nifty 100 TRI,2013-02-07,5985.064001460792
Nifty 100 TRI,2013-02-08,5948.875425282772
Nifty 100 TRI,2013-02-11,5944.145497834101
Nifty 100 TRI,2013-02-12,5967.89396711857
Nifty 100 TRI,2013-02-13,5970.607218780973
Nifty 100 TRI,2013-02-14,5927.465514764199
Nifty 100 TRI,2013-02-15,5921.598694808826
Nifty 100 TRI,2013-02-18,5935.352134260505
Nifty 100 TRI,2013-02-19,5979.381889295661
Nifty 100 TRI,2013-02-20,5981.074187475334
Nifty 100 TRI,2013-02-21,5884.854634885775
Nifty 100 TRI,2013-02-22,5886.544193809878
Nifty 100 TRI,2013-02-25,5886.147058120018
Nifty 100 TRI,2013-02-26,5795.424161828625
Nifty 100 TRI,2013-02-27,5836.089846602993
Nifty 100 TRI,2013-02-28,5727.068676412036
Nifty 100 TRI,2013-03-01,5757.925372193521
Nifty 100 TRI,2013-03-04,5732.835214765084
Nifty 100 TRI,2013-03-05,5818.881757972603
Nifty 100 TRI,2013-03-06,5852.966278071902
Nifty 100 TRI,2013-03-07,5894.616566658753
Nifty 100 TRI,2013-03-08,5974.801101792191
Nifty 100 TRI,2013-03-11,5973.901740184774
Nifty 100 TRI,2013-03-12,5941.862188788627
Nifty 100 TRI,2013-03-13,5874.451283943268
Nifty 100 TRI,2013-03-14,5932.417586091951
Nifty 100 TRI,2013-03-15,5897.409041483511
Nifty 100 TRI,2013-03-18,5865.674725706098
Nifty 100 TRI,2013-03-19,5771.662916266089
Nifty 100 TRI,2013-03-20,5710.875452041156
Nifty 100 TRI,2013-03-21,5674.572939752495
Nifty 100 TRI,2013-03-22,5668.178368910573
Nifty 100 TRI,2013-03-25,5648.632865926211
Nifty 100 TRI,2013-03-26,5656.860988477788
Nifty 100 TRI,2013-03-28,5705.996532826108
Nifty 100 TRI,2013-04-01,5733.451238702767
Nifty 100 TRI,2013-04-02,5783.113830977596
Nifty 100 TRI,2013-04-03,5708.946635441442
Nifty 100 TRI,2013-04-04,5611.346288818005
Nifty 100 TRI,2013-04-05,5592.771270939685
Nifty 100 TRI,2013-04-08,5587.327969163326
Nifty 100 TRI,2013-04-09,5539.792639560244
Nifty 100 TRI,2013-04-10,5602.457877435133
Nifty 100 TRI,2013-04-11,5635.145397633565
Nifty 100 TRI,2013-04-12,5584.5876881976
Nifty 100 TRI,2013-04-15,5617.162456077699
Nifty 100 TRI,2013-04-16,5732.706264430306
Nifty 100 TRI,2013-04-17,5735.467755191252
Nifty 100 TRI,2013-04-18,5827.63588251182
Nifty 100 TRI,2013-04-22,5885.78669580873
Nifty 100 TRI,2013-04-23,5884.151836411483
Nifty 100 TRI,2013-04-25,5959.049087596005
Nifty 100 TRI,2013-04-26,5917.180761730223
Nifty 100 TRI,2013-04-29,5955.64280962712
Nifty 100 TRI,2013-04-30,5986.368203251898
Nifty 100 TRI,2013-05-02,6059.652545880779
Nifty 100 TRI,2013-05-03,6010.147230210607
Nifty 100 TRI,2013-05-06,6040.128404426778
Nifty 100 TRI,2013-05-07,6111.782005605338
Nifty 100 TRI,2013-05-08,6132.022331772846
Nifty 100 TRI,2013-05-09,6113.033520519899
Nifty 100 TRI,2013-05-10,6158.73020868618
Nifty 100 TRI,2013-05-13,6050.536142831676
Nifty 100 TRI,2013-05-14,6066.578572180338
Nifty 100 TRI,2013-05-15,6213.760088352441
Nifty 100 TRI,2013-05-16,6240.413658310316
Nifty 100 TRI,2013-05-17,6262.663061213579
Nifty 100 TRI,2013-05-20,6226.797021824496
Nifty 100 TRI,2013-05-21,6183.619526106511
Nifty 100 TRI,2013-05-22,6162.112814686244
Nifty 100 TRI,2013-05-23,6036.996774945155
Nifty 100 TRI,2013-05-24,6058.526846089341
Nifty 100 TRI,2013-05-27,6155.823086660335
Nifty 100 TRI,2013-05-28,6181.357737486677
Nifty 100 TRI,2013-05-29,6170.506244175764
Nifty 100 TRI,2013-05-30,6186.817639577333
Nifty 100 TRI,2013-05-31,6061.00079701072
Nifty 100 TRI,2013-06-03,6026.017859537649
Nifty 100 TRI,2013-06-04,6015.10696126654
Nifty 100 TRI,2013-06-05,6020.49714083421
Nifty 100 TRI,2013-06-06,6015.122370621933
Nifty 100 TRI,2013-06-07,5969.809519265595
Nifty 100 TRI,2013-06-10,5955.932195988308
Nifty 100 TRI,2013-06-11,5862.4639859089275
Nifty 100 TRI,2013-06-12,5825.290381878977
Nifty 100 TRI,2013-06-13,5759.193355943104
Nifty 100 TRI,2013-06-14,5866.11119578242
Nifty 100 TRI,2013-06-17,5912.942337071388
Nifty 100 TRI,2013-06-18,5885.814752961137
Nifty 100 TRI,2013-06-19,5899.666176458909
Nifty 100 TRI,2013-06-20,5733.485903049885
Nifty 100 TRI,2013-06-21,5733.175727863795
Nifty 100 TRI,2013-06-24,5646.9868674251675
Nifty 100 TRI,2013-06-25,5662.0636465341
Nifty 100 TRI,2013-06-26,5643.384803327128
Nifty 100 TRI,2013-06-27,5729.570032952637
Nifty 100 TRI,2013-06-28,5886.100803392084
Nifty 100 TRI,2013-07-01,5961.33192578003
Nifty 100 TRI,2013-07-02,5919.773767065978
Nifty 100 TRI,2013-07-03,5830.900816176685
Nifty 100 TRI,2013-07-04,5892.32763823595
Nifty 100 TRI,2013-07-05,5919.888633584961
Nifty 100 TRI,2013-07-08,5872.221130925141
Nifty 100 TRI,2013-07-09,5924.88374734133
Nifty 100 TRI,2013-07-10,5884.5956691388055
Nifty 100 TRI,2013-07-11,5993.211391882753
Nifty 100 TRI,2013-07-12,6062.207052756725
Nifty 100 TRI,2013-07-15,6089.339690111881
Nifty 100 TRI,2013-07-16,6012.9585430171455
Nifty 100 TRI,2013-07-17,6022.360778322703
Nifty 100 TRI,2013-07-18,6092.1938391035865
Nifty 100 TRI,2013-07-19,6078.494796997016
Nifty 100 TRI,2013-07-22,6079.293634702014
Nifty 100 TRI,2013-07-23,6123.978977617656
Nifty 100 TRI,2013-07-24,6031.914240389568
Nifty 100 TRI,2013-07-25,5954.222310768883
Nifty 100 TRI,2013-07-26,5928.087059817708
Nifty 100 TRI,2013-07-29,5871.087725077233
Nifty 100 TRI,2013-07-30,5787.418329793116
Nifty 100 TRI,2013-07-31,5777.401030002563
Nifty 100 TRI,2013-08-01,5751.5624412099705
Nifty 100 TRI,2013-08-02,5697.725264680339
Nifty 100 TRI,2013-08-05,5711.019413372305
Nifty 100 TRI,2013-08-06,5568.24007479562
Nifty 100 TRI,2013-08-07,5560.011237555209
Nifty 100 TRI,2013-08-08,5606.141428131958
Nifty 100 TRI,2013-08-12,5657.140104022985
Nifty 100 TRI,2013-08-13,5748.761843955204
Nifty 100 TRI,2013-08-14,5792.236522178821
Nifty 100 TRI,2013-08-16,5557.309632277268
Nifty 100 TRI,2013-08-19,5457.771817953506
Nifty 100 TRI,2013-08-20,5438.483272825525
Nifty 100 TRI,2013-08-21,5342.6022044690235
Nifty 100 TRI,2013-08-22,5442.260996939259
Nifty 100 TRI,2013-08-23,5508.152049060388
Nifty 100 TRI,2013-08-26,5517.065417096944
Nifty 100 TRI,2013-08-27,5329.133921321847
Nifty 100 TRI,2013-08-28,5317.39364396467
Nifty 100 TRI,2013-08-29,5438.311844272428
Nifty 100 TRI,2013-08-30,5500.3112906100405
Nifty 100 TRI,2013-09-02,5580.604538784982
Nifty 100 TRI,2013-09-03,5376.943851232113
Nifty 100 TRI,2013-09-04,5480.352100646915
Nifty 100 TRI,2013-09-05,5621.878882526447
Nifty 100 TRI,2013-09-06,5702.210028974416
Nifty 100 TRI,2013-09-10,5911.092128067986
Nifty 100 TRI,2013-09-11,5935.7361054921
Nifty 100 TRI,2013-09-12,5870.200935128409
Nifty 100 TRI,2013-09-13,5873.649498558556
Nifty 100 TRI,2013-09-16,5864.496950934531
Nifty 100 TRI,2013-09-17,5870.312403451211
Nifty 100 TRI,2013-09-18,5917.601063907781
Nifty 100 TRI,2013-09-19,6133.61924846364
Nifty 100 TRI,2013-09-20,6039.718617670683
Nifty 100 TRI,2013-09-23,5923.845615098763
Nifty 100 TRI,2013-09-24,5926.988743753184
Nifty 100 TRI,2013-09-25,5915.00045409679
Nifty 100 TRI,2013-09-26,5922.826980546843
Nifty 100 TRI,2013-09-27,5882.63162062536
Nifty 100 TRI,2013-09-30,5787.663663499026
Nifty 100 TRI,2013-10-01,5832.603245788274
Nifty 100 TRI,2013-10-03,5959.558474746972
Nifty 100 TRI,2013-10-04,5961.365022443059
Nifty 100 TRI,2013-10-07,5966.116629939133
Nifty 100 TRI,2013-10-08,5984.9674984283565
Nifty 100 TRI,2013-10-09,6063.036577201065
Nifty 100 TRI,2013-10-10,6081.428537434286
Nifty 100 TRI,2013-10-11,6147.611024101329
Nifty 100 TRI,2013-10-14,6164.588994033813
Nifty 100 TRI,2013-10-15,6136.067935648005
Nifty 100 TRI,2013-10-17,6094.832650991182
Nifty 100 TRI,2013-10-18,6231.908082556522
Nifty 100 TRI,2013-10-21,6260.5935006562295
Nifty 100 TRI,2013-10-22,6262.669293148169
Nifty 100 TRI,2013-10-23,6241.201698956796
Nifty 100 TRI,2013-10-24,6227.0480536193945
Nifty 100 TRI,2013-10-25,6202.435019724146
Nifty 100 TRI,2013-10-28,6154.296366447193
Nifty 100 TRI,2013-10-29,6273.08289225428
Nifty 100 TRI,2013-10-30,6305.254071294451
Nifty 100 TRI,2013-10-31,6355.773574587507
Nifty 100 TRI,2013-11-01,6369.397394635168
Nifty 100 TRI,2013-11-05,6325.508100953003
Nifty 100 TRI,2013-11-06,6288.516956258575
Nifty 100 TRI,2013-11-07,6249.667740770306
Nifty 100 TRI,2013-11-08,6211.640329983724
Nifty 100 TRI,2013-11-11,6151.879048719168
Nifty 100 TRI,2013-11-12,6095.489429030454
Nifty 100 TRI,2013-11-13,6066.730011254933
Nifty 100 TRI,2013-11-14,6141.910866977515
Nifty 100 TRI,2013-11-18,6272.364541029189
Nifty 100 TRI,2013-11-19,6284.498783205815
Nifty 100 TRI,2013-11-20,6205.819721267165
Nifty 100 TRI,2013-11-21,6083.350849443222
Nifty 100 TRI,2013-11-22,6083.101617348779
Nifty 100 TRI,2013-11-25,6200.9855521519075
Nifty 100 TRI,2013-11-26,6149.675796677869
Nifty 100 TRI,2013-11-27,6148.294421517731
Nifty 100 TRI,2013-11-28,6184.207619103821
Nifty 100 TRI,2013-11-29,6268.666481513902
Nifty 100 TRI,2013-12-02,6312.255162081905
Nifty 100 TRI,2013-12-03,6295.297952362511
Nifty 100 TRI,2013-12-04,6253.625321162647
Nifty 100 TRI,2013-12-05,6329.539136188771
Nifty 100 TRI,2013-12-06,6348.235191129344
Nifty 100 TRI,2013-12-09,6448.814615673409
Nifty 100 TRI,2013-12-10,6415.704911736785
Nifty 100 TRI,2013-12-11,6388.166902445189
Nifty 100 TRI,2013-12-12,6319.752021985528
Nifty 100 TRI,2013-12-13,6249.21642736668
Nifty 100 TRI,2013-12-16,6247.660003444688
Nifty 100 TRI,2013-12-17,6236.989084748229
Nifty 100 TRI,2013-12-18,6318.150592041586
Nifty 100 TRI,2013-12-19,6275.16648449269
Nifty 100 TRI,2013-12-20,6382.301946968056
Nifty 100 TRI,2013-12-23,6397.228662989572
Nifty 100 TRI,2013-12-24,6385.166689382863
Nifty 100 TRI,2013-12-26,6397.029974259448
Nifty 100 TRI,2013-12-27,6435.364197853408
Nifty 100 TRI,2013-12-30,6414.770148630581
Nifty 100 TRI,2013-12-31,6430.1806227965835
Nifty 100 TRI,2014-01-01,6432.576749261173
Nifty 100 TRI,2014-01-02,6342.627099077849
Nifty 100 TRI,2014-01-03,6339.339311195702
Nifty 100 TRI,2014-01-06,6324.670161867693
Nifty 100 TRI,2014-01-07,6289.715548252804
Nifty 100 TRI,2014-01-08,6303.317329662813
Nifty 100 TRI,2014-01-09,6289.9535618356285
Nifty 100 TRI,2014-01-10,6290.17599549371
Nifty 100 TRI,2014-01-13,6377.128986011709
Nifty 100 TRI,2014-01-14,6350.899424815516
Nifty 100 TRI,2014-01-15,6423.154570496866
Nifty 100 TRI,2014-01-16,6412.219929122186
Nifty 100 TRI,2014-01-17,6351.263365068335
Nifty 100 TRI,2014-01-20,6398.759834061451
Nifty 100 TRI,2014-01-21,6408.495928332673
Nifty 100 TRI,2014-01-22,6432.290482335666
Nifty 100 TRI,2014-01-23,6436.032518565791
Nifty 100 TRI,2014-01-24,6352.00843102406
Nifty 100 TRI,2014-01-27,6211.972667676485
Nifty 100 TRI,2014-01-28,6202.525191046878
Nifty 100 TRI,2014-01-29,6202.8480285015885
Nifty 100 TRI,2014-01-30,6144.957369309378
Nifty 100 TRI,2014-01-31,6179.297301078868
Nifty 100 TRI,2014-02-03,6094.637271079858
Nifty 100 TRI,2014-02-04,6097.80026961021
Nifty 100 TRI,2014-02-05,6121.647520307365
Nifty 100 TRI,2014-02-06,6137.532612513637
Nifty 100 TRI,2014-02-07,6162.468726384324
Nifty 100 TRI,2014-02-10,6149.675524763273
Nifty 100 TRI,2014-02-11,6158.168367806148
Nifty 100 TRI,2014-02-12,6175.247601865352
Nifty 100 TRI,2014-02-13,6090.534391133052
Nifty 100 TRI,2014-02-14,6133.061989778993
Nifty 100 TRI,2014-02-17,6155.595220242027
Nifty 100 TRI,2014-02-18,6210.650802170367
Nifty 100 TRI,2014-02-19,6236.789813551209
Nifty 100 TRI,2014-02-20,6181.599678272673
Nifty 100 TRI,2014-02-21,6243.90550763147
Nifty 100 TRI,2014-02-24,6270.543960265865
Nifty 100 TRI,2014-02-25,6284.4265266125385
Nifty 100 TRI,2014-02-26,6317.095178670909
Nifty 100 TRI,2014-02-28,6361.686469444511
Nifty 100 TRI,2014-03-03,6313.450419622189
Nifty 100 TRI,2014-03-04,6388.777001964417
Nifty 100 TRI,2014-03-05,6420.991322903579
Nifty 100 TRI,2014-03-06,6495.084502420351
Nifty 100 TRI,2014-03-07,6613.597163910881
Nifty 100 TRI,2014-03-10,6628.690914443175
Nifty 100 TRI,2014-03-11,6598.586961255051
Nifty 100 TRI,2014-03-12,6603.790423559877
Nifty 100 TRI,2014-03-13,6577.0488815701165
Nifty 100 TRI,2014-03-14,6588.516844437289
Nifty 100 TRI,2014-03-18,6615.289837192438
Nifty 100 TRI,2014-03-19,6626.4506197285245
Nifty 100 TRI,2014-03-20,6583.648679019928
Nifty 100 TRI,2014-03-21,6598.123916901209
Nifty 100 TRI,2014-03-24,6685.478721007218
Nifty 100 TRI,2014-03-25,6696.023133733672
Nifty 100 TRI,2014-03-26,6707.500578553276
Nifty 100 TRI,2014-03-27,6747.98721772124
Nifty 100 TRI,2014-03-28,6815.570312351859
Nifty 100 TRI,2014-03-31,6835.7217500814795
Nifty 100 TRI,2014-04-01,6847.465574167492
Nifty 100 TRI,2014-04-02,6887.292747301792
Nifty 100 TRI,2014-04-03,6865.46305578613
Nifty 100 TRI,2014-04-04,6829.331232845444
Nifty 100 TRI,2014-04-07,6831.247581168334
Nifty 100 TRI,2014-04-09,6936.210587118269
Nifty 100 TRI,2014-04-10,6948.428273843685
Nifty 100 TRI,2014-04-11,6926.283726781647
Nifty 100 TRI,2014-04-15,6872.213146977509
Nifty 100 TRI,2014-04-16,6814.448965527719
Nifty 100 TRI,2014-04-17,6919.251498796572
Nifty 100 TRI,2014-04-21,6964.248961897018
Nifty 100 TRI,2014-04-22,6964.235994624238
Nifty 100 TRI,2014-04-23,6986.622787677923
Nifty 100 TRI,2014-04-25,6939.825301497687
Nifty 100 TRI,2014-04-28,6923.24004606842
Nifty 100 TRI,2014-04-29,6873.593445235373
Nifty 100 TRI,2014-04-30,6844.533402601979
Nifty 100 TRI,2014-05-02,6848.596568359313
Nifty 100 TRI,2014-05-05,6852.798759972786
Nifty 100 TRI,2014-05-06,6869.485550920973
Nifty 100 TRI,2014-05-07,6808.254516277797
Nifty 100 TRI,2014-05-08,6813.216028375937
Nifty 100 TRI,2014-05-09,7010.187660949145
Nifty 100 TRI,2014-05-12,7158.910185530883
Nifty 100 TRI,2014-05-13,7263.717204461046
Nifty 100 TRI,2014-05-14,7282.342689656728
Nifty 100 TRI,2014-05-15,7289.761134817066
Nifty 100 TRI,2014-05-16,7384.828039283461
Nifty 100 TRI,2014-05-19,7481.987659512811
Nifty 100 TRI,2014-05-20,7495.48690443454
Nifty 100 TRI,2014-05-21,7475.977338679948
Nifty 100 TRI,2014-05-22,7514.962108996208
Nifty 100 TRI,2014-05-23,7614.524172891862
Nifty 100 TRI,2014-05-26,7588.182345594906
Nifty 100 TRI,2014-05-27,7537.627204299229
Nifty 100 TRI,2014-05-28,7553.8840779667535
Nifty 100 TRI,2014-05-29,7458.311870527227
Nifty 100 TRI,2014-05-30,7456.91411269947
Nifty 100 TRI,2014-06-02,7592.761122682614
Nifty 100 TRI,2014-06-03,7649.629313255593
Nifty 100 TRI,2014-06-04,7647.459104948941
Nifty 100 TRI,2014-06-05,7727.493805438752
Nifty 100 TRI,2014-06-06,7846.690956504057
Nifty 100 TRI,2014-06-09,7918.158217411735
Nifty 100 TRI,2014-06-10,7914.387075810867
Nifty 100 TRI,2014-06-11,7872.179310991347
Nifty 100 TRI,2014-06-12,7891.624810381937
Nifty 100 TRI,2014-06-13,7765.106609886463
Nifty 100 TRI,2014-06-16,7760.631417721421
Nifty 100 TRI,2014-06-17,7863.56337656071
Nifty 100 TRI,2014-06-18,7790.742264648151
Nifty 100 TRI,2014-06-19,7767.118146795948
Nifty 100 TRI,2014-06-20,7738.3483486784235
Nifty 100 TRI,2014-06-23,7727.685706693887
Nifty 100 TRI,2014-06-24,7819.0533383398715
Nifty 100 TRI,2014-06-25,7809.040534980871
Nifty 100 TRI,2014-06-26,7737.02861374531
Nifty 100 TRI,2014-06-27,7755.699439859678
Nifty 100 TRI,2014-06-30,7870.193707999307
Nifty 100 TRI,2014-07-01,7899.891231845142
Nifty 100 TRI,2014-07-02,8003.869891266359
Nifty 100 TRI,2014-07-03,7990.949955127658
Nifty 100 TRI,2014-07-04,8026.528878704255
Nifty 100 TRI,2014-07-07,8058.833659149558
Nifty 100 TRI,2014-07-08,7865.141825633522
Nifty 100 TRI,2014-07-09,7817.431020401882
Nifty 100 TRI,2014-07-10,7809.804235178494
Nifty 100 TRI,2014-07-11,7680.66181680469
Nifty 100 TRI,2014-07-14,7684.129076036705
Nifty 100 TRI,2014-07-15,7773.4309004546885
Nifty 100 TRI,2014-07-16,7871.579430504874
Nifty 100 TRI,2014-07-17,7898.797918609293
Nifty 100 TRI,2014-07-18,7914.419905491093
Nifty 100 TRI,2014-07-21,7932.840385921811
Nifty 100 TRI,2014-07-22,8012.393562556914
Nifty 100 TRI,2014-07-23,8032.392012485928
Nifty 100 TRI,2014-07-24,8065.136779137714
Nifty 100 TRI,2014-07-25,8013.347772581728
Nifty 100 TRI,2014-07-28,7976.738203918636
Nifty 100 TRI,2014-07-30,8024.546508900968
Nifty 100 TRI,2014-07-31,7961.402448126105
Nifty 100 TRI,2014-08-01,7849.393060071742
Nifty 100 TRI,2014-08-04,7935.988126807312
Nifty 100 TRI,2014-08-05,7996.741826189114
Nifty 100 TRI,2014-08-06,7925.411809635408
Nifty 100 TRI,2014-08-07,7903.156344180541
Nifty 100 TRI,2014-08-08,7811.415680484246
Nifty 100 TRI,2014-08-11,7873.823224710493
Nifty 100 TRI,2014-08-12,7972.173518686568
Nifty 100 TRI,2014-08-13,7973.912931489555
Nifty 100 TRI,2014-08-14,8032.708584354299
Nifty 100 TRI,2014-08-18,8125.325066543944
Nifty 100 TRI,2014-08-19,8159.1962012335225
Nifty 100 TRI,2014-08-20,8142.56207125089
Nifty 100 TRI,2014-08-21,8165.188932127769
Nifty 100 TRI,2014-08-22,8186.879654667353
Nifty 100 TRI,2014-08-25,8167.85397063757
Nifty 100 TRI,2014-08-26,8166.059581433741
Nifty 100 TRI,2014-08-27,8196.035461390029
Nifty 100 TRI,2014-08-28,8208.92984513204
Nifty 100 TRI,2014-09-01,8301.407985875976
Nifty 100 TRI,2014-09-02,8359.213183111826
Nifty 100 TRI,2014-09-03,8396.496617068595
Nifty 100 TRI,2014-09-04,8378.403275372983
Nifty 100 TRI,2014-09-05,8371.353269400752
Nifty 100 TRI,2014-09-08,8464.310593581653
Nifty 100 TRI,2014-09-09,8452.15675195982
Nifty 100 TRI,2014-09-10,8387.94501156439
Nifty 100 TRI,2014-09-11,8386.938880488304
Nifty 100 TRI,2014-09-12,8407.246724360994
Nifty 100 TRI,2014-09-15,8348.09905866007
Nifty 100 TRI,2014-09-16,8213.82167103621
Nifty 100 TRI,2014-09-17,8259.666380756305
Nifty 100 TRI,2014-09-18,8408.196964067536
Nifty 100 TRI,2014-09-19,8405.470647958158
Nifty 100 TRI,2014-09-22,8428.257243088012
Nifty 100 TRI,2014-09-23,8288.68420679273
Nifty 100 TRI,2014-09-24,8270.417740439143
Nifty 100 TRI,2014-09-25,8170.504577022302
Nifty 100 TRI,2014-09-26,8240.032563890702
Nifty 100 TRI,2014-09-29,8239.290536410212
Nifty 100 TRI,2014-09-30,8244.900826681982
Nifty 100 TRI,2014-10-01,8222.821068921274
Nifty 100 TRI,2014-10-07,8125.517313193428
Nifty 100 TRI,2014-10-08,8116.676650506735
Nifty 100 TRI,2014-10-09,8244.134778844522
Nifty 100 TRI,2014-10-10,8133.525913097161
Nifty 100 TRI,2014-10-13,8161.7776953460825
Nifty 100 TRI,2014-10-14,8148.032598980683
Nifty 100 TRI,2014-10-16,8012.484625166791
Nifty 100 TRI,2014-10-17,8055.918163803695
Nifty 100 TRI,2014-10-20,8163.693836468484
Nifty 100 TRI,2014-10-21,8216.531951800782
Nifty 100 TRI,2014-10-22,8290.196162067048
Nifty 100 TRI,2014-10-27,8287.747477415616
Nifty 100 TRI,2014-10-28,8323.48198225906
Nifty 100 TRI,2014-10-29,8386.049388596886
Nifty 100 TRI,2014-10-30,8464.855914865611
Nifty 100 TRI,2014-10-31,8620.561655684152
Nifty 100 TRI,2014-11-03,8630.873687668358
Nifty 100 TRI,2014-11-05,8640.517166276444
Nifty 100 TRI,2014-11-07,8648.699526406761
Nifty 100 TRI,2014-11-10,8658.181538946863
Nifty 100 TRI,2014-11-11,8682.510207627594
Nifty 100 TRI,2014-11-12,8715.30057044909
Nifty 100 TRI,2014-11-13,8688.503019809432
Nifty 100 TRI,2014-11-14,8724.117446359929
Nifty 100 TRI,2014-11-17,8770.851723882786
Nifty 100 TRI,2014-11-18,8781.243793505902
Nifty 100 TRI,2014-11-19,8732.241854513746
Nifty 100 TRI,2014-11-20,8754.543247478323
Nifty 100 TRI,2014-11-21,8821.46045345621
Nifty 100 TRI,2014-11-24,8873.389037589566
Nifty 100 TRI,2014-11-25,8794.232825799476
Nifty 100 TRI,2014-11-26,8805.151079900023
Nifty 100 TRI,2014-11-27,8828.714756459322
Nifty 100 TRI,2014-11-28,8925.6441702971
Nifty 100 TRI,2014-12-01,8897.744154226044
Nifty 100 TRI,2014-12-02,8878.042209648233
Nifty 100 TRI,2014-12-03,8908.564843954828
Nifty 100 TRI,2014-12-04,8935.796504376593
Nifty 100 TRI,2014-12-05,8903.341416937174
Nifty 100 TRI,2014-12-08,8800.471640853058
Nifty 100 TRI,2014-12-09,8691.94768903644
Nifty 100 TRI,2014-12-10,8720.222928426021
Nifty 100 TRI,2014-12-11,8653.563097922985
Nifty 100 TRI,2014-12-12,8576.703926818509
Nifty 100 TRI,2014-12-15,8568.410774480108
Nifty 100 TRI,2014-12-16,8398.465974560424
Nifty 100 TRI,2014-12-17,8361.951595973002
Nifty 100 TRI,2014-12-18,8519.068217941087
Nifty 100 TRI,2014-12-19,8580.186671573967
Nifty 100 TRI,2014-12-22,8680.412160794429
Nifty 100 TRI,2014-12-23,8619.47452275146
Nifty 100 TRI,2014-12-24,8535.363783265877
Nifty 100 TRI,2014-12-26,8566.096014712193
Nifty 100 TRI,2014-12-29,8618.479559523785
Nifty 100 TRI,2014-12-30,8632.855815558514
Nifty 100 TRI,2014-12-31,8674.333789780881
Nifty 100 TRI,2015-01-01,8679.976475016018
Nifty 100 TRI,2015-01-02,8789.473618123446
Nifty 100 TRI,2015-01-05,8773.08591010722
Nifty 100 TRI,2015-01-06,8512.340467497595
Nifty 100 TRI,2015-01-07,8490.08825645683
Nifty 100 TRI,2015-01-08,8633.196806042099
Nifty 100 TRI,2015-01-09,8675.525003676063
Nifty 100 TRI,2015-01-12,8716.326127862769
Nifty 100 TRI,2015-01-13,8693.866783130334
Nifty 100 TRI,2015-01-14,8674.44203302169
Nifty 100 TRI,2015-01-15,8883.858967571658
Nifty 100 TRI,2015-01-16,8911.182855108476
Nifty 100 TRI,2015-01-19,8950.134445262069
Nifty 100 TRI,2015-01-20,9081.121910444923
Nifty 100 TRI,2015-01-21,9114.845361268413
Nifty 100 TRI,2015-01-22,9146.161994966655
Nifty 100 TRI,2015-01-23,9227.169595469883
Nifty 100 TRI,2015-01-27,9301.104987167044
Nifty 100 TRI,2015-01-28,9314.315992786735
Nifty 100 TRI,2015-01-29,9347.11409181943
Nifty 100 TRI,2015-01-30,9211.961927948498
Nifty 100 TRI,2015-02-02,9216.343718855096
Nifty 100 TRI,2015-02-03,9167.538522033286
Nifty 100 TRI,2015-02-04,9128.735261431877
Nifty 100 TRI,2015-02-05,9102.343336120566
Nifty 100 TRI,2015-02-06,9049.547937975845
Nifty 100 TRI,2015-02-09,8906.595127563744
Nifty 100 TRI,2015-02-10,8956.471890097888
Nifty 100 TRI,2015-02-11,9036.58250558136
Nifty 100 TRI,2015-02-12,9132.156272953165
Nifty 100 TRI,2015-02-13,9222.02534591929
Nifty 100 TRI,2015-02-16,9218.968158461252
Nifty 100 TRI,2015-02-18,9280.358891122823
Nifty 100 TRI,2015-02-19,9302.226475625226
Nifty 100 TRI,2015-02-20,9251.718071687921
Nifty 100 TRI,2015-02-23,9171.77135339521
Nifty 100 TRI,2015-02-24,9177.389616518794
Nifty 100 TRI,2015-02-25,9179.60103582046
Nifty 100 TRI,2015-02-26,9090.758127986233
Nifty 100 TRI,2015-02-27,9264.493040344685
Nifty 100 TRI,2015-03-02,9383.072779822613
Nifty 100 TRI,2015-03-03,9428.389982002445
Nifty 100 TRI,2015-03-04,9346.509778668646
Nifty 100 TRI,2015-03-05,9368.442597735268
Nifty 100 TRI,2015-03-09,9191.153453504796
Nifty 100 TRI,2015-03-10,9154.033960691027
Nifty 100 TRI,2015-03-11,9139.883096690175
Nifty 100 TRI,2015-03-12,9233.561494776352
Nifty 100 TRI,2015-03-13,9098.676184522066
Nifty 100 TRI,2015-03-16,9075.721584789739
Nifty 100 TRI,2015-03-17,9177.807182668006
Nifty 100 TRI,2015-03-18,9148.388543474279
Nifty 100 TRI,2015-03-19,9097.878391782859
Nifty 100 TRI,2015-03-20,9019.507767222387
Nifty 100 TRI,2015-03-23,8990.19155257624
Nifty 100 TRI,2015-03-24,8978.49387154982
Nifty 100 TRI,2015-03-25,8968.63183159649
Nifty 100 TRI,2015-03-26,8784.875365743825
Nifty 100 TRI,2015-03-27,8784.345615277596
Nifty 100 TRI,2015-03-30,8940.881151648235
Nifty 100 TRI,2015-03-31,8942.40482650415
Nifty 100 TRI,2015-04-01,9041.232812478092
Nifty 100 TRI,2015-04-06,9121.624556193801
Nifty 100 TRI,2015-04-07,9137.012774692143
Nifty 100 TRI,2015-04-08,9196.39482450601
Nifty 100 TRI,2015-04-09,9255.518569350186
Nifty 100 TRI,2015-04-10,9267.291403953834
Nifty 100 TRI,2015-04-13,9327.500886430616
Nifty 100 TRI,2015-04-15,9241.571690373272
Nifty 100 TRI,2015-04-16,9193.64108561898
Nifty 100 TRI,2015-04-17,9082.68980405754
Nifty 100 TRI,2015-04-20,8914.594191440056
Nifty 100 TRI,2015-04-21,8843.166001305766
Nifty 100 TRI,2015-04-22,8890.643608431985
Nifty 100 TRI,2015-04-23,8867.321903035398
Nifty 100 TRI,2015-04-24,8764.47417303371
Nifty 100 TRI,2015-04-27,8658.658155733725
Nifty 100 TRI,2015-04-28,8745.278081981645
Nifty 100 TRI,2015-04-29,8707.709215624933
Nifty 100 TRI,2015-04-30,8657.73796590243
Nifty 100 TRI,2015-05-04,8816.966488577376
Nifty 100 TRI,2015-05-05,8821.113599444823
Nifty 100 TRI,2015-05-06,8572.554458471443
Nifty 100 TRI,2015-05-07,8502.01937839493
Nifty 100 TRI,2015-05-08,8650.202615018725
Nifty 100 TRI,2015-05-11,8800.38543288017
Nifty 100 TRI,2015-05-12,8597.97318300111
Nifty 100 TRI,2015-05-13,8723.689595350086
Nifty 100 TRI,2015-05-14,8731.041835777993
Nifty 100 TRI,2015-05-15,8770.301471779465
Nifty 100 TRI,2015-05-18,8887.203676394352
Nifty 100 TRI,2015-05-19,8879.842504861841
Nifty 100 TRI,2015-05-20,8933.415268303968
Nifty 100 TRI,2015-05-21,8927.000952889257
Nifty 100 TRI,2015-05-22,8962.702434604547
Nifty 100 TRI,2015-05-25,8884.197840360255
Nifty 100 TRI,2015-05-26,8855.06384665095
Nifty 100 TRI,2015-05-27,8841.599378794826
Nifty 100 TRI,2015-05-28,8817.66838499107
Nifty 100 TRI,2015-05-29,8940.412821946562
Nifty 100 TRI,2015-06-01,8936.838192112777
Nifty 100 TRI,2015-06-02,8732.333385281148
Nifty 100 TRI,2015-06-03,8624.337770979528
Nifty 100 TRI,2015-06-04,8623.221865422554
Nifty 100 TRI,2015-06-05,8612.690466154487
Nifty 100 TRI,2015-06-08,8532.32146685317
Nifty 100 TRI,2015-06-09,8510.157747537163
Nifty 100 TRI,2015-06-10,8615.160388361592
Nifty 100 TRI,2015-06-11,8452.56680940385
Nifty 100 TRI,2015-06-12,8471.38723143427
Nifty 100 TRI,2015-06-15,8502.070529345558
Nifty 100 TRI,2015-06-16,8540.524374440954
Nifty 100 TRI,2015-06-17,8601.558092250809
Nifty 100 TRI,2015-06-18,8682.331917189647
Nifty 100 TRI,2015-06-19,8735.322042432148
Nifty 100 TRI,2015-06-22,8871.787143441605
Nifty 100 TRI,2015-06-23,8899.420263625334
Nifty 100 TRI,2015-06-24,8873.624728732457
Nifty 100 TRI,2015-06-25,8914.631077157715
Nifty 100 TRI,2015-06-26,8897.784689591565
Nifty 100 TRI,2015-06-29,8826.809979251684
Nifty 100 TRI,2015-06-30,8888.513149119088
Nifty 100 TRI,2015-07-01,8981.390838281062
Nifty 100 TRI,2015-07-02,8989.501781450828
Nifty 100 TRI,2015-07-03,9024.257385110675
Nifty 100 TRI,2015-07-06,9068.134587512766
Nifty 100 TRI,2015-07-07,9064.71631613178
Nifty 100 TRI,2015-07-08,8916.360237819661
Nifty 100 TRI,2015-07-09,8883.705649983161
Nifty 100 TRI,2015-07-10,8911.93478171516
Nifty 100 TRI,2015-07-13,9018.494360614355
Nifty 100 TRI,2015-07-14,9016.811138880443
Nifty 100 TRI,2015-07-15,9079.81810435629
Nifty 100 TRI,2015-07-16,9173.542914090238
Nifty 100 TRI,2015-07-17,9183.666116505834
Nifty 100 TRI,2015-07-20,9179.476571790816
Nifty 100 TRI,2015-07-21,9090.281268686264
Nifty 100 TRI,2015-07-22,9199.253467443948
Nifty 100 TRI,2015-07-23,9161.323158783063
Nifty 100 TRI,2015-07-24,9089.66481509057
Nifty 100 TRI,2015-07-27,8928.308749283464
Nifty 100 TRI,2015-07-28,8903.431895059022
Nifty 100 TRI,2015-07-29,8944.593251497015
Nifty 100 TRI,2015-07-30,8997.353053958146
Nifty 100 TRI,2015-07-31,9114.262885259826
Nifty 100 TRI,2015-08-03,9136.52670837762
Nifty 100 TRI,2015-08-04,9135.110784632947
Nifty 100 TRI,2015-08-05,9194.74182035237
Nifty 100 TRI,2015-08-06,9220.214041214122
Nifty 100 TRI,2015-08-07,9193.756941174295
Nifty 100 TRI,2015-08-10,9160.090763450735
Nifty 100 TRI,2015-08-11,9094.450423577824
Nifty 100 TRI,2015-08-12,8957.195962824802
Nifty 100 TRI,2015-08-13,8958.25118881196
Nifty 100 TRI,2015-08-14,9135.757556852255
Nifty 100 TRI,2015-08-17,9107.772014930362
Nifty 100 TRI,2015-08-18,9105.562046248811
Nifty 100 TRI,2015-08-19,9132.889757834266
Nifty 100 TRI,2015-08-20,9003.878469036239
Nifty 100 TRI,2015-08-21,8927.502038505882
Nifty 100 TRI,2015-08-24,8366.042280191972
Nifty 100 TRI,2015-08-25,8460.82304317091
Nifty 100 TRI,2015-08-26,8370.379560329979
Nifty 100 TRI,2015-08-27,8549.318664123357
Nifty 100 TRI,2015-08-28,8603.806240926544
Nifty 100 TRI,2015-08-31,8568.837691730285
Nifty 100 TRI,2015-09-01,8378.541050170676
Nifty 100 TRI,2015-09-02,8305.43335684851
Nifty 100 TRI,2015-09-03,8415.493454056845
Nifty 100 TRI,2015-09-04,8237.731317417967
Nifty 100 TRI,2015-09-07,8119.745148694333
Nifty 100 TRI,2015-09-08,8241.271806980854
Nifty 100 TRI,2015-09-09,8385.609110283016
Nifty 100 TRI,2015-09-10,8365.53070764102
Nifty 100 TRI,2015-09-11,8367.0931249223
Nifty 100 TRI,2015-09-14,8464.01119315775
Nifty 100 TRI,2015-09-15,8413.416210298026
Nifty 100 TRI,2015-09-16,8465.877158741338
Nifty 100 TRI,2015-09-18,8551.85360926948
Nifty 100 TRI,2015-09-21,8550.33204190271
Nifty 100 TRI,2015-09-22,8383.28637493614
Nifty 100 TRI,2015-09-23,8411.043848213121
Nifty 100 TRI,2015-09-24,8431.832567893665
Nifty 100 TRI,2015-09-28,8356.860272852407
Nifty 100 TRI,2015-09-29,8401.947772929841
Nifty 100 TRI,2015-09-30,8523.473020782745
Nifty 100 TRI,2015-10-01,8535.659969903645
Nifty 100 TRI,2015-10-05,8716.02071958183
Nifty 100 TRI,2015-10-06,8750.142657261553
Nifty 100 TRI,2015-10-07,8772.749414187823
Nifty 100 TRI,2015-10-08,8712.506864886132
Nifty 100 TRI,2015-10-09,8766.236556074506
Nifty 100 TRI,2015-10-12,8725.365272404682
Nifty 100 TRI,2015-10-13,8712.19784472758
Nifty 100 TRI,2015-10-14,8692.42336595809
Nifty 100 TRI,2015-10-15,8760.11545249991
Nifty 100 TRI,2015-10-16,8815.920478773402
Nifty 100 TRI,2015-10-19,8859.406656743908
Nifty 100 TRI,2015-10-20,8848.197075593685
Nifty 100 TRI,2015-10-21,8832.704046232218
Nifty 100 TRI,2015-10-23,8865.417827885425
Nifty 100 TRI,2015-10-26,8829.084124819195
Nifty 100 TRI,2015-10-27,8808.565146887242
Nifty 100 TRI,2015-10-28,8749.497561856359
Nifty 100 TRI,2015-10-29,8688.310711687323
Nifty 100 TRI,2015-10-30,8646.57984419702
Nifty 100 TRI,2015-11-02,8636.497341820734
Nifty 100 TRI,2015-11-03,8653.620485066036
Nifty 100 TRI,2015-11-04,8636.526103762344
Nifty 100 TRI,2015-11-05,8541.893965589252
Nifty 100 TRI,2015-11-06,8536.325244066784
Nifty 100 TRI,2015-11-09,8510.623563264317
Nifty 100 TRI,2015-11-10,8366.191582058013
Nifty 100 TRI,2015-11-13,8345.123621036346
Nifty 100 TRI,2015-11-16,8378.337660732213
Nifty 100 TRI,2015-11-17,8414.402556933843
Nifty 100 TRI,2015-11-18,8313.104619177488
Nifty 100 TRI,2015-11-19,8428.385383556975
Nifty 100 TRI,2015-11-20,8450.856315178004
Nifty 100 TRI,2015-11-23,8448.25962503653
Nifty 100 TRI,2015-11-24,8434.850976037356
Nifty 100 TRI,2015-11-26,8483.771897394507
Nifty 100 TRI,2015-11-27,8540.866949290805
Nifty 100 TRI,2015-11-30,8530.44492057924
Nifty 100 TRI,2015-12-01,8562.827202682281
Nifty 100 TRI,2015-12-02,8543.594751966295
Nifty 100 TRI,2015-12-03,8473.218780890647
Nifty 100 TRI,2015-12-04,8388.278147437284
Nifty 100 TRI,2015-12-07,8375.242374205802
Nifty 100 TRI,2015-12-08,8304.953958624668
Nifty 100 TRI,2015-12-09,8199.605153469349
Nifty 100 TRI,2015-12-10,8274.350351444635
Nifty 100 TRI,2015-12-11,8197.960781010233
Nifty 100 TRI,2015-12-14,8241.200929795094
Nifty 100 TRI,2015-12-15,8296.417038366999
Nifty 100 TRI,2015-12-16,8347.081591740653
Nifty 100 TRI,2015-12-17,8451.7782224681
Nifty 100 TRI,2015-12-18,8378.342082712843
Nifty 100 TRI,2015-12-21,8453.821228518987
Nifty 100 TRI,2015-12-22,8406.598831100437
Nifty 100 TRI,2015-12-23,8485.942163053962
Nifty 100 TRI,2015-12-24,8482.957283534852
Nifty 100 TRI,2015-12-28,8546.419626531298
Nifty 100 TRI,2015-12-29,8554.617736769787
Nifty 100 TRI,2015-12-30,8521.057541072205
Nifty 100 TRI,2015-12-31,8575.519708976683
Nifty 100 TRI,2016-01-01,8604.706179690415
Nifty 100 TRI,2016-01-04,8435.74658016505
Nifty 100 TRI,2016-01-05,8438.112267663426
Nifty 100 TRI,2016-01-06,8394.839557564375
Nifty 100 TRI,2016-01-07,8196.780519130374
Nifty 100 TRI,2016-01-08,8240.432329578307
Nifty 100 TRI,2016-01-11,8191.949398402613
Nifty 100 TRI,2016-01-12,8135.722817570561
Nifty 100 TRI,2016-01-13,8178.160798123277
Nifty 100 TRI,2016-01-14,8143.508900978906
Nifty 100 TRI,2016-01-15,8019.299069020409
Nifty 100 TRI,2016-01-18,7907.4107766955385
Nifty 100 TRI,2016-01-19,7999.804427933267
Nifty 100 TRI,2016-01-20,7862.309414524914
Nifty 100 TRI,2016-01-21,7817.402197682055
Nifty 100 TRI,2016-01-22,7976.840263365415
Nifty 100 TRI,2016-01-25,7991.265028287886
Nifty 100 TRI,2016-01-27,7994.1110851773565
Nifty 100 TRI,2016-01-28,7977.206754867075
Nifty 100 TRI,2016-01-29,8126.769049533158
Nifty 100 TRI,2016-02-01,8125.562420484331
Nifty 100 TRI,2016-02-02,8009.177823286594
Nifty 100 TRI,2016-02-03,7907.906685607775
Nifty 100 TRI,2016-02-04,7946.071723262835
Nifty 100 TRI,2016-02-05,8052.424574341211
Nifty 100 TRI,2016-02-08,7957.915617079927
Nifty 100 TRI,2016-02-09,7849.828278521439
Nifty 100 TRI,2016-02-10,7758.609993843238
Nifty 100 TRI,2016-02-11,7503.3883016307345
Nifty 100 TRI,2016-02-12,7508.058808376003
Nifty 100 TRI,2016-02-15,7713.96102487376
Nifty 100 TRI,2016-02-16,7578.977922421678
Nifty 100 TRI,2016-02-17,7638.27642521538
Nifty 100 TRI,2016-02-18,7720.512693280381
Nifty 100 TRI,2016-02-19,7738.729569454588
Nifty 100 TRI,2016-02-22,7769.920621738169
Nifty 100 TRI,2016-02-23,7643.136433149778
Nifty 100 TRI,2016-02-24,7545.546658880775
Nifty 100 TRI,2016-02-25,7496.484003009441
Nifty 100 TRI,2016-02-26,7558.82476502927
Nifty 100 TRI,2016-02-29,7524.204483490421
Nifty 100 TRI,2016-03-01,7776.0488314006125
Nifty 100 TRI,2016-03-02,7925.088496780198
Nifty 100 TRI,2016-03-03,8030.904470600774
Nifty 100 TRI,2016-03-04,8050.681230502108
Nifty 100 TRI,2016-03-08,8053.732805119358
Nifty 100 TRI,2016-03-09,8099.226193523368
Nifty 100 TRI,2016-03-10,8052.920836463899
Nifty 100 TRI,2016-03-11,8078.760526973004
Nifty 100 TRI,2016-03-14,8109.266136634959
Nifty 100 TRI,2016-03-15,8026.502092429189
Nifty 100 TRI,2016-03-16,8056.064471064803
Nifty 100 TRI,2016-03-17,8079.039963382444
Nifty 100 TRI,2016-03-18,8169.506422363776
Nifty 100 TRI,2016-03-21,8279.483555073168
Nifty 100 TRI,2016-03-22,8294.49864970285
Nifty 100 TRI,2016-03-23,8298.193298907954
Nifty 100 TRI,2016-03-28,8188.662648727909
Nifty 100 TRI,2016-03-29,8172.0998017835145
Nifty 100 TRI,2016-03-30,8317.89815654485
Nifty 100 TRI,2016-03-31,8328.027951661601
Nifty 100 TRI,2016-04-01,8305.513896382568
Nifty 100 TRI,2016-04-04,8351.485810466433
Nifty 100 TRI,2016-04-05,8190.767173382414
Nifty 100 TRI,2016-04-06,8208.871100683124
Nifty 100 TRI,2016-04-07,8141.783725482314
Nifty 100 TRI,2016-04-08,8156.217504489756
Nifty 100 TRI,2016-04-11,8274.305733933163
Nifty 100 TRI,2016-04-12,8317.99972312338
Nifty 100 TRI,2016-04-13,8462.120124131845
Nifty 100 TRI,2016-04-18,8535.648297568725
Nifty 100 TRI,2016-04-20,8538.008129648544
Nifty 100 TRI,2016-04-21,8535.436775855678
Nifty 100 TRI,2016-04-22,8526.054832940395
Nifty 100 TRI,2016-04-25,8478.269791520966
Nifty 100 TRI,2016-04-26,8584.839195321656
Nifty 100 TRI,2016-04-27,8604.832867938987
Nifty 100 TRI,2016-04-28,8468.313056099736
Nifty 100 TRI,2016-04-29,8476.54202288463
Nifty 100 TRI,2016-05-02,8457.854320467766
Nifty 100 TRI,2016-05-03,8391.086470708435
Nifty 100 TRI,2016-05-04,8333.788656233712
Nifty 100 TRI,2016-05-05,8362.40262912239
Nifty 100 TRI,2016-05-06,8367.702497440056
Nifty 100 TRI,2016-05-09,8499.930531772508
Nifty 100 TRI,2016-05-10,8520.62280347007
Nifty 100 TRI,2016-05-11,8486.422372897174
Nifty 100 TRI,2016-05-12,8547.261785424535
Nifty 100 TRI,2016-05-13,8457.151486254936
Nifty 100 TRI,2016-05-16,8498.99989550167
Nifty 100 TRI,2016-05-17,8527.578164574732
Nifty 100 TRI,2016-05-18,8509.293183784086
Nifty 100 TRI,2016-05-19,8414.955297520262
Nifty 100 TRI,2016-05-20,8376.0003425799
Nifty 100 TRI,2016-05-23,8356.914460480813
Nifty 100 TRI,2016-05-24,8370.420169816221
Nifty 100 TRI,2016-05-25,8554.86777405994
Nifty 100 TRI,2016-05-26,8692.822373727164
Nifty 100 TRI,2016-05-27,8792.058236096602
Nifty 100 TRI,2016-05-30,8818.77701943085
Nifty 100 TRI,2016-05-31,8796.391610290437
Nifty 100 TRI,2016-06-01,8815.670988462069
Nifty 100 TRI,2016-06-02,8860.529192436727
Nifty 100 TRI,2016-06-03,8862.97397494037
Nifty 100 TRI,2016-06-06,8838.387313828916
Nifty 100 TRI,2016-06-07,8904.517534525037
Nifty 100 TRI,2016-06-08,8917.676445116218
Nifty 100 TRI,2016-06-09,8850.464381443533
Nifty 100 TRI,2016-06-10,8812.987943740001
Nifty 100 TRI,2016-06-13,8749.956987832411
Nifty 100 TRI,2016-06-14,8751.59908664886
Nifty 100 TRI,2016-06-15,8850.79627687394
Nifty 100 TRI,2016-06-16,8789.482401029663
Nifty 100 TRI,2016-06-17,8816.716041887665
Nifty 100 TRI,2016-06-20,8887.390971389104
Nifty 100 TRI,2016-06-21,8873.682711369553
Nifty 100 TRI,2016-06-22,8859.386096275508
Nifty 100 TRI,2016-06-23,8922.51422737352
Nifty 100 TRI,2016-06-24,8737.78956215952
Nifty 100 TRI,2016-06-27,8757.276317429556
Nifty 100 TRI,2016-06-28,8798.332813697989
Nifty 100 TRI,2016-06-29,8882.113436907455
Nifty 100 TRI,2016-06-30,8977.900804191771
Nifty 100 TRI,2016-07-01,9035.450314119154
Nifty 100 TRI,2016-07-04,9086.286087251285
Nifty 100 TRI,2016-07-05,9053.426332278512
Nifty 100 TRI,2016-07-07,9054.17294572682
Nifty 100 TRI,2016-07-08,9044.303086475938
Nifty 100 TRI,2016-07-11,9201.227814157264
Nifty 100 TRI,2016-07-12,9261.796463299732
Nifty 100 TRI,2016-07-13,9254.706527899729
Nifty 100 TRI,2016-07-14,9303.06089455441
Nifty 100 TRI,2016-07-15,9285.671970129844
Nifty 100 TRI,2016-07-18,9246.575722919111
Nifty 100 TRI,2016-07-19,9270.173074941968
Nifty 100 TRI,2016-07-20,9316.136315792593
Nifty 100 TRI,2016-07-21,9267.092369706179
Nifty 100 TRI,2016-07-22,9314.873807890432
Nifty 100 TRI,2016-07-25,9418.626632144738
Nifty 100 TRI,2016-07-26,9376.19766256687
Nifty 100 TRI,2016-07-27,9408.828958145072
Nifty 100 TRI,2016-07-28,9461.216797487818
Nifty 100 TRI,2016-07-29,9438.592926604157
Nifty 100 TRI,2016-08-01,9442.210983758658
Nifty 100 TRI,2016-08-02,9419.583193045555
Nifty 100 TRI,2016-08-03,9321.658115614586
Nifty 100 TRI,2016-08-04,9336.833189743344
Nifty 100 TRI,2016-08-05,9486.751511368524
Nifty 100 TRI,2016-08-08,9529.52469189991
Nifty 100 TRI,2016-08-09,9489.962952950642
Nifty 100 TRI,2016-08-10,9370.38320336493
Nifty 100 TRI,2016-08-11,9390.264727303287
Nifty 100 TRI,2016-08-12,9477.988741896268
Nifty 100 TRI,2016-08-16,9459.615198009924
Nifty 100 TRI,2016-08-17,9453.324486379457
Nifty 100 TRI,2016-08-18,9504.9511277628
Nifty 100 TRI,2016-08-19,9503.31070965401
Nifty 100 TRI,2016-08-22,9460.447317749187
Nifty 100 TRI,2016-08-23,9455.010044439656
Nifty 100 TRI,2016-08-24,9485.271286020214
Nifty 100 TRI,2016-08-25,9423.773873901771
Nifty 100 TRI,2016-08-26,9410.425511119183
Nifty 100 TRI,2016-08-29,9444.830341196523
Nifty 100 TRI,2016-08-30,9581.35991850136
Nifty 100 TRI,2016-08-31,9622.270609787041
Nifty 100 TRI,2016-09-01,9609.032857621269
Nifty 100 TRI,2016-09-02,9646.205346178824
Nifty 100 TRI,2016-09-06,9795.348569391486
Nifty 100 TRI,2016-09-07,9776.55324616198
Nifty 100 TRI,2016-09-08,9814.702338218096
Nifty 100 TRI,2016-09-09,9721.848865807442
Nifty 100 TRI,2016-09-12,9539.134294479101
Nifty 100 TRI,2016-09-14,9566.12099496101
Nifty 100 TRI,2016-09-15,9574.000101461379
Nifty 100 TRI,2016-09-16,9612.473423839348
Nifty 100 TRI,2016-09-19,9644.303287563434
Nifty 100 TRI,2016-09-20,9614.956333089467
Nifty 100 TRI,2016-09-21,9615.45724921384
Nifty 100 TRI,2016-09-22,9718.99068185365
Nifty 100 TRI,2016-09-23,9688.144868577294
Nifty 100 TRI,2016-09-26,9583.932227108286
Nifty 100 TRI,2016-09-27,9567.256090698316
Nifty 100 TRI,2016-09-28,9613.931311189153
Nifty 100 TRI,2016-09-29,9417.5193538303
Nifty 100 TRI,2016-09-30,9465.209471197973
Nifty 100 TRI,2016-10-03,9624.996722568665
Nifty 100 TRI,2016-10-04,9664.566497892978
Nifty 100 TRI,2016-10-05,9644.356268631287
Nifty 100 TRI,2016-10-06,9611.781182745735
Nifty 100 TRI,2016-10-07,9597.187661140988
Nifty 100 TRI,2016-10-10,9605.325737966095
Nifty 100 TRI,2016-10-13,9456.819919601388
Nifty 100 TRI,2016-10-14,9473.21554208658
Nifty 100 TRI,2016-10-17,9406.917450099345
Nifty 100 TRI,2016-10-18,9579.82469453059
Nifty 100 TRI,2016-10-19,9567.634355994122
Nifty 100 TRI,2016-10-20,9606.955515888125
Nifty 100 TRI,2016-10-21,9604.349967825252
Nifty 100 TRI,2016-10-24,9615.597965871917
Nifty 100 TRI,2016-10-25,9601.31725644472
Nifty 100 TRI,2016-10-26,9515.639560039705
Nifty 100 TRI,2016-10-27,9497.765003733313
Nifty 100 TRI,2016-10-28,9540.844191340155
Nifty 100 TRI,2016-11-01,9540.42661782816
Nifty 100 TRI,2016-11-02,9408.651380174679
Nifty 100 TRI,2016-11-03,9360.82082984672
Nifty 100 TRI,2016-11-04,9294.393957275675
Nifty 100 TRI,2016-11-07,9364.127163357058
Nifty 100 TRI,2016-11-08,9412.577769394038
Nifty 100 TRI,2016-11-09,9281.35559311382
Nifty 100 TRI,2016-11-10,9392.504136175668
Nifty 100 TRI,2016-11-11,9130.136746075024
Nifty 100 TRI,2016-11-15,8893.024229565764
Nifty 100 TRI,2016-11-16,8907.221284188505
Nifty 100 TRI,2016-11-17,8878.537944036703
Nifty 100 TRI,2016-11-18,8880.298797877942
Nifty 100 TRI,2016-11-21,8711.085282984439
Nifty 100 TRI,2016-11-22,8801.191594219652
Nifty 100 TRI,2016-11-23,8850.0771479873
Nifty 100 TRI,2016-11-24,8787.069957648004
Nifty 100 TRI,2016-11-25,8947.641823764887
Nifty 100 TRI,2016-11-28,8971.16601299605
Nifty 100 TRI,2016-11-29,8986.980949031275
Nifty 100 TRI,2016-11-30,9080.448412323645
Nifty 100 TRI,2016-12-01,9037.33062172789
Nifty 100 TRI,2016-12-02,8920.145660863602
Nifty 100 TRI,2016-12-05,8973.280147586438
Nifty 100 TRI,2016-12-06,8990.6546997406
Nifty 100 TRI,2016-12-07,8951.70778080782
Nifty 100 TRI,2016-12-08,9111.9840886463
Nifty 100 TRI,2016-12-09,9121.210922163425
Nifty 100 TRI,2016-12-12,9019.8690805681
Nifty 100 TRI,2016-12-13,9060.266009024772
Nifty 100 TRI,2016-12-14,9010.796064790222
Nifty 100 TRI,2016-12-15,8982.087660311105
Nifty 100 TRI,2016-12-16,8966.844844364074
Nifty 100 TRI,2016-12-19,8925.724619395121
Nifty 100 TRI,2016-12-20,8893.681304918397
Nifty 100 TRI,2016-12-21,8873.763021000761
Nifty 100 TRI,2016-12-22,8773.180764259014
Nifty 100 TRI,2016-12-23,8773.169202633326
Nifty 100 TRI,2016-12-26,8677.26878977648
Nifty 100 TRI,2016-12-27,8818.640821145682
Nifty 100 TRI,2016-12-28,8827.058073405991
Nifty 100 TRI,2016-12-29,8907.677399599599
Nifty 100 TRI,2016-12-30,9000.005796206467
Nifty 100 TRI,2017-01-02,9008.20865513326
Nifty 100 TRI,2017-01-03,9032.097728999359
Nifty 100 TRI,2017-01-04,9028.873619184316
Nifty 100 TRI,2017-01-05,9129.870462934197
Nifty 100 TRI,2017-01-06,9099.10278802182
Nifty 100 TRI,2017-01-09,9093.730855856778
Nifty 100 TRI,2017-01-10,9157.853437205602
Nifty 100 TRI,2017-01-11,9262.313605225829
Nifty 100 TRI,2017-01-12,9292.556081125405
Nifty 100 TRI,2017-01-13,9288.265856283922
Nifty 100 TRI,2017-01-16,9310.468939257675
Nifty 100 TRI,2017-01-17,9296.454990346918
Nifty 100 TRI,2017-01-18,9323.858523640694
Nifty 100 TRI,2017-01-19,9345.301130743932
Nifty 100 TRI,2017-01-20,9243.504048319455
Nifty 100 TRI,2017-01-23,9296.815819456584
Nifty 100 TRI,2017-01-24,9391.550202783468
Nifty 100 TRI,2017-01-25,9529.975317167555
Nifty 100 TRI,2017-01-27,9574.659742929762
Nifty 100 TRI,2017-01-30,9576.857462421338
Nifty 100 TRI,2017-01-31,9485.831185658866
Nifty 100 TRI,2017-02-01,9661.862476333088
Nifty 100 TRI,2017-02-02,9689.562036454307
Nifty 100 TRI,2017-02-03,9697.912570127979
Nifty 100 TRI,2017-02-06,9772.372297651138
Nifty 100 TRI,2017-02-07,9737.345097662874
Nifty 100 TRI,2017-02-08,9746.559725799036
Nifty 100 TRI,2017-02-09,9756.09735063459
Nifty 100 TRI,2017-02-10,9766.55024049279
Nifty 100 TRI,2017-02-13,9778.393728641222
Nifty 100 TRI,2017-02-14,9751.209346753383
Nifty 100 TRI,2017-02-15,9668.529074938966
Nifty 100 TRI,2017-02-16,9746.19809170768
Nifty 100 TRI,2017-02-17,9798.27628132503
Nifty 100 TRI,2017-02-20,9862.99404546885
Nifty 100 TRI,2017-02-21,9904.056910693404
Nifty 100 TRI,2017-02-22,9911.561097831882
Nifty 100 TRI,2017-02-23,9917.666479676316
Nifty 100 TRI,2017-02-27,9877.754133972736
Nifty 100 TRI,2017-02-28,9867.452203793542
Nifty 100 TRI,2017-03-01,9931.068833839154
Nifty 100 TRI,2017-03-02,9864.599443352432
Nifty 100 TRI,2017-03-03,9862.149900044691
Nifty 100 TRI,2017-03-06,9933.363023432788
Nifty 100 TRI,2017-03-07,9916.817547121795
Nifty 100 TRI,2017-03-08,9890.800089781686
Nifty 100 TRI,2017-03-09,9891.2581208797
Nifty 100 TRI,2017-03-10,9895.320396244082
Nifty 100 TRI,2017-03-14,10063.736388871255
Nifty 100 TRI,2017-03-15,10072.811646656619
Nifty 100 TRI,2017-03-16,10160.42351860462
Nifty 100 TRI,2017-03-17,10165.896644373475
Nifty 100 TRI,2017-03-20,10136.611812348227
Nifty 100 TRI,2017-03-21,10122.59508848028
Nifty 100 TRI,2017-03-22,10023.027717958848
Nifty 100 TRI,2017-03-23,10091.868676720707
Nifty 100 TRI,2017-03-24,10112.9004312854
Nifty 100 TRI,2017-03-27,10048.871088770442
Nifty 100 TRI,2017-03-28,10113.631583199489
Nifty 100 TRI,2017-03-29,10155.0244387807
Nifty 100 TRI,2017-03-30,10190.01237356904
Nifty 100 TRI,2017-03-31,10197.265705979748
Nifty 100 TRI,2017-04-03,10264.597891524141
Nifty 100 TRI,2017-04-05,10307.716946486004
Nifty 100 TRI,2017-04-06,10310.45185359845
Nifty 100 TRI,2017-04-07,10250.805444969194
Nifty 100 TRI,2017-04-10,10247.74395519943
Nifty 100 TRI,2017-04-11,10309.149738086184
Nifty 100 TRI,2017-04-12,10280.90466252752
Nifty 100 TRI,2017-04-13,10229.272968970801
Nifty 100 TRI,2017-04-17,10216.116377156699
Nifty 100 TRI,2017-04-18,10166.78986361287
Nifty 100 TRI,2017-04-19,10175.664836250078
Nifty 100 TRI,2017-04-20,10212.78026743279
Nifty 100 TRI,2017-04-21,10201.068433650049
Nifty 100 TRI,2017-04-24,10308.337765559356
Nifty 100 TRI,2017-04-25,10417.427238574546
Nifty 100 TRI,2017-04-26,10456.661558446454
Nifty 100 TRI,2017-04-27,10439.780850853442
Nifty 100 TRI,2017-04-28,10407.211427857797
Nifty 100 TRI,2017-05-02,10426.476353670447
Nifty 100 TRI,2017-05-03,10424.095398917592
Nifty 100 TRI,2017-05-04,10474.071466253943
Nifty 100 TRI,2017-05-05,10380.561020069526
Nifty 100 TRI,2017-05-08,10415.907091549068
Nifty 100 TRI,2017-05-09,10432.400911136016
Nifty 100 TRI,2017-05-10,10539.556321771272
Nifty 100 TRI,2017-05-11,10556.810947873415
Nifty 100 TRI,2017-05-12,10529.083626743575
Nifty 100 TRI,2017-05-15,10586.300486295695
Nifty 100 TRI,2017-05-16,10648.76420158449
Nifty 100 TRI,2017-05-17,10652.647262127743
Nifty 100 TRI,2017-05-18,10527.379271604932
Nifty 100 TRI,2017-05-19,10516.475849074219
Nifty 100 TRI,2017-05-22,10513.167654918367
Nifty 100 TRI,2017-05-23,10442.369456112114
Nifty 100 TRI,2017-05-24,10393.851839488154
Nifty 100 TRI,2017-05-25,10550.653085077072
Nifty 100 TRI,2017-05-26,10667.6939760104
Nifty 100 TRI,2017-05-29,10661.863563034112
Nifty 100 TRI,2017-05-30,10692.787822241893
Nifty 100 TRI,2017-05-31,10696.944039193751
Nifty 100 TRI,2017-06-01,10696.782573242817
Nifty 100 TRI,2017-06-02,10742.39353573183
Nifty 100 TRI,2017-06-05,10776.678504910995
Nifty 100 TRI,2017-06-06,10729.121312312873
Nifty 100 TRI,2017-06-07,10764.700232322448
Nifty 100 TRI,2017-06-08,10754.714597263304
Nifty 100 TRI,2017-06-09,10781.172422253443
Nifty 100 TRI,2017-06-12,10730.426730847626
Nifty 100 TRI,2017-06-13,10723.570324807475
Nifty 100 TRI,2017-06-14,10729.61947891628
Nifty 100 TRI,2017-06-15,10690.254188819847
Nifty 100 TRI,2017-06-16,10704.726851138435
Nifty 100 TRI,2017-06-19,10777.531958186706
Nifty 100 TRI,2017-06-20,10776.346562745579
Nifty 100 TRI,2017-06-21,10758.20191646912
Nifty 100 TRI,2017-06-22,10743.188189591803
Nifty 100 TRI,2017-06-23,10670.32187227759
Nifty 100 TRI,2017-06-27,10599.979128838811
Nifty 100 TRI,2017-06-28,10585.928376784712
Nifty 100 TRI,2017-06-29,10599.26945356342
Nifty 100 TRI,2017-06-30,10628.118681980282
Nifty 100 TRI,2017-07-03,10738.938640474093
Nifty 100 TRI,2017-07-04,10735.210705601472
Nifty 100 TRI,2017-07-05,10771.635303363702
Nifty 100 TRI,2017-07-06,10813.952130886622
Nifty 100 TRI,2017-07-07,10806.22805316511
Nifty 100 TRI,2017-07-10,10921.525662937624
Nifty 100 TRI,2017-07-11,10924.777006733777
Nifty 100 TRI,2017-07-12,10969.053840288685
Nifty 100 TRI,2017-07-13,11055.17344901681
Nifty 100 TRI,2017-07-14,11051.023424448458
Nifty 100 TRI,2017-07-17,11082.578523252405
Nifty 100 TRI,2017-07-18,10988.196309470603
Nifty 100 TRI,2017-07-19,11080.010686334286
Nifty 100 TRI,2017-07-20,11048.718787492126
Nifty 100 TRI,2017-07-21,11093.121692742892
Nifty 100 TRI,2017-07-24,11144.427502444376
Nifty 100 TRI,2017-07-25,11147.903613479799
Nifty 100 TRI,2017-07-26,11202.756654933406
Nifty 100 TRI,2017-07-27,11193.47201545712
Nifty 100 TRI,2017-07-28,11199.276198657855
Nifty 100 TRI,2017-07-31,11269.80628577426
Nifty 100 TRI,2017-08-01,11302.49784358798
Nifty 100 TRI,2017-08-02,11262.489423678076
Nifty 100 TRI,2017-08-03,11202.464094335834
Nifty 100 TRI,2017-08-04,11273.61828056068
Nifty 100 TRI,2017-08-07,11290.288523070889
Nifty 100 TRI,2017-08-08,11193.894640582499
Nifty 100 TRI,2017-08-09,11096.736225354283
Nifty 100 TRI,2017-08-10,10966.510954075453
Nifty 100 TRI,2017-08-11,10862.250426008079
Nifty 100 TRI,2017-08-14,10979.264925653479
Nifty 100 TRI,2017-08-16,11094.504840370651
Nifty 100 TRI,2017-08-17,11100.363260489137
Nifty 100 TRI,2017-08-18,11033.859215217815
Nifty 100 TRI,2017-08-21,10928.882357750434
Nifty 100 TRI,2017-08-22,10930.783880915813
Nifty 100 TRI,2017-08-23,11036.459498283577
Nifty 100 TRI,2017-08-24,11056.12167239792
Nifty 100 TRI,2017-08-28,11127.368059004446
Nifty 100 TRI,2017-08-29,10998.409697701554
Nifty 100 TRI,2017-08-30,11108.770168904075
Nifty 100 TRI,2017-08-31,11140.027664750032
Nifty 100 TRI,2017-09-01,11211.738362175176
Nifty 100 TRI,2017-09-04,11144.961859322942
Nifty 100 TRI,2017-09-05,11192.36456858053
Nifty 100 TRI,2017-09-06,11161.130713903556
Nifty 100 TRI,2017-09-07,11187.523129807927
Nifty 100 TRI,2017-09-08,11179.52336343837
Nifty 100 TRI,2017-09-11,11261.639006320223
Nifty 100 TRI,2017-09-12,11360.683339082027
Nifty 100 TRI,2017-09-13,11341.85352921644
Nifty 100 TRI,2017-09-14,11355.365679106904
Nifty 100 TRI,2017-09-15,11350.18656318703
Nifty 100 TRI,2017-09-18,11422.31649457953
Nifty 100 TRI,2017-09-19,11422.286523062166
Nifty 100 TRI,2017-09-20,11411.582154143916
Nifty 100 TRI,2017-09-21,11381.695046510293
Nifty 100 TRI,2017-09-22,11185.981343376645
Nifty 100 TRI,2017-09-25,11077.420383953937
Nifty 100 TRI,2017-09-26,11080.847012688208
Nifty 100 TRI,2017-09-27,10920.318146878748
Nifty 100 TRI,2017-09-28,10957.399820220611
Nifty 100 TRI,2017-09-29,10996.814242481456
Nifty 100 TRI,2017-10-03,11082.777116592453
Nifty 100 TRI,2017-10-04,11139.876314233286
Nifty 100 TRI,2017-10-05,11120.21049470072
Nifty 100 TRI,2017-10-06,11220.47299749221
Nifty 100 TRI,2017-10-09,11232.833195648165
Nifty 100 TRI,2017-10-10,11270.157549062646
Nifty 100 TRI,2017-10-11,11229.23548873318
Nifty 100 TRI,2017-10-12,11354.792480582924
Nifty 100 TRI,2017-10-13,11426.019386098096
Nifty 100 TRI,2017-10-16,11492.913067307129
Nifty 100 TRI,2017-10-17,11504.871678093097
Nifty 100 TRI,2017-10-18,11479.839520344101
Nifty 100 TRI,2017-10-19,11409.676306351897
Nifty 100 TRI,2017-10-23,11455.396079514538
Nifty 100 TRI,2017-10-24,11474.029645077013
Nifty 100 TRI,2017-10-25,11579.959303151008
Nifty 100 TRI,2017-10-26,11632.942940416388
Nifty 100 TRI,2017-10-27,11626.354855718193
Nifty 100 TRI,2017-10-30,11686.029732462053
Nifty 100 TRI,2017-10-31,11657.139649067725
Nifty 100 TRI,2017-11-01,11773.739158270555
Nifty 100 TRI,2017-11-02,11764.929738705232
Nifty 100 TRI,2017-11-03,11794.706294054444
Nifty 100 TRI,2017-11-06,11808.658658967219
Nifty 100 TRI,2017-11-07,11683.420646676568
Nifty 100 TRI,2017-11-08,11624.287138829275
Nifty 100 TRI,2017-11-09,11642.177883692168
Nifty 100 TRI,2017-11-10,11648.994540922386
Nifty 100 TRI,2017-11-13,11545.016272416477
Nifty 100 TRI,2017-11-14,11503.238775891623
Nifty 100 TRI,2017-11-15,11417.969898747378
Nifty 100 TRI,2017-11-16,11530.820805422192
Nifty 100 TRI,2017-11-17,11621.200063312597
Nifty 100 TRI,2017-11-20,11638.83339507997
Nifty 100 TRI,2017-11-21,11669.221337203786
Nifty 100 TRI,2017-11-22,11682.016574667492
Nifty 100 TRI,2017-11-23,11687.80549132393
Nifty 100 TRI,2017-11-24,11734.710320503242
Nifty 100 TRI,2017-11-27,11750.131897969452
Nifty 100 TRI,2017-11-28,11724.908121438842
Nifty 100 TRI,2017-11-29,11716.414937641735
Nifty 100 TRI,2017-11-30,11571.623346379
Nifty 100 TRI,2017-12-01,11453.92986990564
Nifty 100 TRI,2017-12-04,11462.208054729155
Nifty 100 TRI,2017-12-05,11454.735162169805
Nifty 100 TRI,2017-12-06,11366.466642841677
Nifty 100 TRI,2017-12-07,11513.467821131155
Nifty 100 TRI,2017-12-08,11626.355494356692
Nifty 100 TRI,2017-12-11,11686.824133663706
Nifty 100 TRI,2017-12-12,11590.447223921998
Nifty 100 TRI,2017-12-13,11527.922726363837
Nifty 100 TRI,2017-12-14,11585.669584407115
Nifty 100 TRI,2017-12-15,11678.749226078324
Nifty 100 TRI,2017-12-18,11749.782620465981
Nifty 100 TRI,2017-12-19,11847.71938771217
Nifty 100 TRI,2017-12-20,11831.123856752167
Nifty 100 TRI,2017-12-21,11836.379737845633
Nifty 100 TRI,2017-12-22,11895.839902075712
Nifty 100 TRI,2017-12-26,11942.542915298107
Nifty 100 TRI,2017-12-27,11894.897586917637
Nifty 100 TRI,2017-12-28,11883.573040776866
Nifty 100 TRI,2017-12-29,11947.18206586657
Nifty 100 TRI,2018-01-01,11853.384965606827
Nifty 100 TRI,2018-01-02,11855.489908960684
Nifty 100 TRI,2018-01-03,11867.602664090948
Nifty 100 TRI,2018-01-04,11946.453823028727
Nifty 100 TRI,2018-01-05,12022.04594695587
Nifty 100 TRI,2018-01-08,12098.716847741352
Nifty 100 TRI,2018-01-09,12103.986505672498
Nifty 100 TRI,2018-01-10,12096.2000740313
Nifty 100 TRI,2018-01-11,12112.894780670158
Nifty 100 TRI,2018-01-12,12142.37493237917
Nifty 100 TRI,2018-01-15,12196.605960104
Nifty 100 TRI,2018-01-16,12126.354044218264
Nifty 100 TRI,2018-01-17,12224.67626606205
Nifty 100 TRI,2018-01-18,12227.013175182978
Nifty 100 TRI,2018-01-19,12315.87673056015
Nifty 100 TRI,2018-01-22,12399.310835276763
Nifty 100 TRI,2018-01-23,12525.421190522142
Nifty 100 TRI,2018-01-24,12515.849018682136
Nifty 100 TRI,2018-01-25,12474.48839656322
Nifty 100 TRI,2018-01-29,12526.772333655188
Nifty 100 TRI,2018-01-30,12439.184633731184
Nifty 100 TRI,2018-01-31,12405.816082754274
Nifty 100 TRI,2018-02-01,12397.108805528711
Nifty 100 TRI,2018-02-02,12099.236658111135
Nifty 100 TRI,2018-02-05,12005.392195296019
Nifty 100 TRI,2018-02-06,11818.27860470237
Nifty 100 TRI,2018-02-07,11811.12697548818
Nifty 100 TRI,2018-02-08,11935.98045917192
Nifty 100 TRI,2018-02-09,11813.486582465346
Nifty 100 TRI,2018-02-12,11922.636698821532
Nifty 100 TRI,2018-02-14,11883.172725946866
Nifty 100 TRI,2018-02-15,11909.629532427572
Nifty 100 TRI,2018-02-16,11800.341680099886
Nifty 100 TRI,2018-02-19,11711.158698994275
Nifty 100 TRI,2018-02-20,11702.474977181513
Nifty 100 TRI,2018-02-21,11730.675004110075
Nifty 100 TRI,2018-02-22,11700.414556542139
Nifty 100 TRI,2018-02-23,11832.140970367635
Nifty 100 TRI,2018-02-26,11937.967331658792
Nifty 100 TRI,2018-02-27,11904.548760499361
Nifty 100 TRI,2018-02-28,11838.103319917856
Nifty 100 TRI,2018-03-01,11793.397070527924
Nifty 100 TRI,2018-03-05,11680.166621737631
Nifty 100 TRI,2018-03-06,11559.02733323162
Nifty 100 TRI,2018-03-07,11448.564215741051
Nifty 100 TRI,2018-03-08,11532.480466472094
Nifty 100 TRI,2018-03-09,11518.223933302976
Nifty 100 TRI,2018-03-12,11719.096411525728
Nifty 100 TRI,2018-03-13,11746.11657823917
Nifty 100 TRI,2018-03-14,11733.392082356879
Nifty 100 TRI,2018-03-15,11685.879215758623
Nifty 100 TRI,2018-03-16,11511.969902527822
Nifty 100 TRI,2018-03-19,11390.87366700339
Nifty 100 TRI,2018-03-20,11428.469836428128
Nifty 100 TRI,2018-03-21,11465.522218532047
Nifty 100 TRI,2018-03-22,11420.824661290724
Nifty 100 TRI,2018-03-23,11298.184199933778
Nifty 100 TRI,2018-03-26,11452.058283284425
Nifty 100 TRI,2018-03-27,11516.884557908683
Nifty 100 TRI,2018-03-28,11431.976176961809
Nifty 100 TRI,2018-04-02,11562.32200862475
Nifty 100 TRI,2018-04-03,11615.001495351644
Nifty 100 TRI,2018-04-04,11484.131120153306
Nifty 100 TRI,2018-04-05,11705.69216930842
Nifty 100 TRI,2018-04-06,11732.407259791982
Nifty 100 TRI,2018-04-09,11779.766475892364
Nifty 100 TRI,2018-04-10,11799.667062314515
Nifty 100 TRI,2018-04-11,11817.221795067178
Nifty 100 TRI,2018-04-12,11854.970970682258
Nifty 100 TRI,2018-04-13,11876.131008721515
Nifty 100 TRI,2018-04-16,11931.541797869317
Nifty 100 TRI,2018-04-17,11954.99978049928
Nifty 100 TRI,2018-04-18,11931.839783495765
Nifty 100 TRI,2018-04-19,11982.81431619486
Nifty 100 TRI,2018-04-20,11974.611697638797
Nifty 100 TRI,2018-04-23,12004.76594064868
Nifty 100 TRI,2018-04-24,12036.914195745841
Nifty 100 TRI,2018-04-25,11991.69093199004
Nifty 100 TRI,2018-04-26,12033.83432386082
Nifty 100 TRI,2018-04-27,12117.537231639975
Nifty 100 TRI,2018-04-30,12174.42019584839
Nifty 100 TRI,2018-05-02,12131.587062504597
Nifty 100 TRI,2018-05-03,12072.152045290144
Nifty 100 TRI,2018-05-04,12002.00825221601
Nifty 100 TRI,2018-05-07,12110.952008733513
Nifty 100 TRI,2018-05-08,12108.26684634225
Nifty 100 TRI,2018-05-09,12122.680428471349
Nifty 100 TRI,2018-05-10,12076.670898892184
Nifty 100 TRI,2018-05-11,12163.913422944996
Nifty 100 TRI,2018-05-14,12156.62467023137
Nifty 100 TRI,2018-05-15,12145.689492266712
Nifty 100 TRI,2018-05-16,12086.009721653249
Nifty 100 TRI,2018-05-17,12029.823319388075
Nifty 100 TRI,2018-05-18,11922.207678382701
Nifty 100 TRI,2018-05-21,11821.32314095902
Nifty 100 TRI,2018-05-22,11863.49888370317
Nifty 100 TRI,2018-05-23,11752.142130147555
Nifty 100 TRI,2018-05-24,11836.406782833248
Nifty 100 TRI,2018-05-25,11953.529147196205
Nifty 100 TRI,2018-05-28,12063.641107844787
Nifty 100 TRI,2018-05-29,12009.124439499956
Nifty 100 TRI,2018-05-30,11985.821320181194
Nifty 100 TRI,2018-05-31,12098.381988159617
Nifty 100 TRI,2018-06-01,12043.805189193368
Nifty 100 TRI,2018-06-04,11964.37323657817
Nifty 100 TRI,2018-06-05,11913.174933191225
Nifty 100 TRI,2018-06-06,12027.725288133044
Nifty 100 TRI,2018-06-07,12131.783121445327
Nifty 100 TRI,2018-06-08,12139.102775407366
Nifty 100 TRI,2018-06-11,12160.026400864892
Nifty 100 TRI,2018-06-12,12226.639791861571
Nifty 100 TRI,2018-06-13,12237.136984356988
Nifty 100 TRI,2018-06-14,12187.29941669676
Nifty 100 TRI,2018-06-15,12183.736667990417
Nifty 100 TRI,2018-06-18,12159.426298354505
Nifty 100 TRI,2018-06-19,12060.337604620578
Nifty 100 TRI,2018-06-20,12119.962571725131
Nifty 100 TRI,2018-06-21,12080.887795452223
Nifty 100 TRI,2018-06-22,12168.533087368225
Nifty 100 TRI,2018-06-25,12088.616204217189
Nifty 100 TRI,2018-06-26,12098.510323723774
Nifty 100 TRI,2018-06-27,11981.38731138071
Nifty 100 TRI,2018-06-28,11881.439723938498
Nifty 100 TRI,2018-06-29,12033.40718017328
Nifty 100 TRI,2018-07-02,11965.059397202871
Nifty 100 TRI,2018-07-03,12014.035445774813
Nifty 100 TRI,2018-07-04,12078.83382412279
Nifty 100 TRI,2018-07-05,12052.546688655826
Nifty 100 TRI,2018-07-06,12084.286797681249
Nifty 100 TRI,2018-07-09,12175.740453201164
Nifty 100 TRI,2018-07-10,12284.68852221154
Nifty 100 TRI,2018-07-11,12272.20035701363
Nifty 100 TRI,2018-07-12,12341.462094245171
Nifty 100 TRI,2018-07-13,12329.851990272777
Nifty 100 TRI,2018-07-16,12213.309911614428
Nifty 100 TRI,2018-07-17,12300.9279255333
Nifty 100 TRI,2018-07-18,12255.796408950922
Nifty 100 TRI,2018-07-19,12224.902594631332
Nifty 100 TRI,2018-07-20,12285.910924351898
Nifty 100 TRI,2018-07-23,12387.072119658736
Nifty 100 TRI,2018-07-24,12477.620470970256
Nifty 100 TRI,2018-07-25,12474.007769566455
Nifty 100 TRI,2018-07-26,12524.465444979347
Nifty 100 TRI,2018-07-27,12646.747359670007
Nifty 100 TRI,2018-07-30,12705.50936828182
Nifty 100 TRI,2018-07-31,12748.80548478975
Nifty 100 TRI,2018-08-01,12744.654501956395
Nifty 100 TRI,2018-08-02,12642.033558525389
Nifty 100 TRI,2018-08-03,12766.597355303398
Nifty 100 TRI,2018-08-06,12795.79241119959
Nifty 100 TRI,2018-08-07,12797.615048589358
Nifty 100 TRI,2018-08-08,12859.725899508256
Nifty 100 TRI,2018-08-09,12886.928029901508
Nifty 100 TRI,2018-08-10,12833.887127234673
Nifty 100 TRI,2018-08-13,12744.582168385841
Nifty 100 TRI,2018-08-14,12831.372775107391
Nifty 100 TRI,2018-08-16,12771.26202684143
Nifty 100 TRI,2018-08-17,12880.760422758227
Nifty 100 TRI,2018-08-20,12981.864114829681
Nifty 100 TRI,2018-08-21,13008.587138923427
Nifty 100 TRI,2018-08-23,13030.674933110306
Nifty 100 TRI,2018-08-24,13003.496981750837
Nifty 100 TRI,2018-08-27,13150.926036114728
Nifty 100 TRI,2018-08-28,13194.116454356346
Nifty 100 TRI,2018-08-29,13162.003068278525
Nifty 100 TRI,2018-08-30,13154.296724524369
Nifty 100 TRI,2018-08-31,13167.870665416513
Nifty 100 TRI,2018-09-03,13060.923580439814
Nifty 100 TRI,2018-09-04,12945.741813604807
Nifty 100 TRI,2018-09-05,12893.641720225653
Nifty 100 TRI,2018-09-06,12964.707777063359
Nifty 100 TRI,2018-09-07,13035.942797702437
Nifty 100 TRI,2018-09-10,12859.597279886371
Nifty 100 TRI,2018-09-11,12681.439444962924
Nifty 100 TRI,2018-09-12,12769.688288346573
Nifty 100 TRI,2018-09-14,12942.363113948539
Nifty 100 TRI,2018-09-17,12795.327113055066
Nifty 100 TRI,2018-09-18,12674.644671016164
Nifty 100 TRI,2018-09-19,12624.264977678547
Nifty 100 TRI,2018-09-21,12501.869056344709
Nifty 100 TRI,2018-09-24,12281.405355458484
Nifty 100 TRI,2018-09-25,12393.891319211973
Nifty 100 TRI,2018-09-26,12385.435846053137
Nifty 100 TRI,2018-09-27,12283.971564585674
Nifty 100 TRI,2018-09-28,12218.189185320289
Nifty 100 TRI,2018-10-01,12297.075645539104
Nifty 100 TRI,2018-10-03,12131.824469535128
Nifty 100 TRI,2018-10-04,11856.016205768092
Nifty 100 TRI,2018-10-05,11544.215890927706
Nifty 100 TRI,2018-10-08,11560.545232219643
Nifty 100 TRI,2018-10-09,11505.751752735132
Nifty 100 TRI,2018-10-10,11708.574221032073
Nifty 100 TRI,2018-10-11,11460.972347674113
Nifty 100 TRI,2018-10-12,11724.234385601078
Nifty 100 TRI,2018-10-15,11770.857913694896
Nifty 100 TRI,2018-10-16,11863.026072687993
Nifty 100 TRI,2018-10-17,11701.473673682523
Nifty 100 TRI,2018-10-19,11543.338939982965
Nifty 100 TRI,2018-10-22,11480.59820529464
Nifty 100 TRI,2018-10-23,11366.368572703139
Nifty 100 TRI,2018-10-24,11447.942368881235
Nifty 100 TRI,2018-10-25,11329.965849338243
Nifty 100 TRI,2018-10-26,11239.790866369522
Nifty 100 TRI,2018-10-29,11491.081012788365
Nifty 100 TRI,2018-10-30,11448.39188367243
Nifty 100 TRI,2018-10-31,11658.783701853818
Nifty 100 TRI,2018-11-01,11662.494336402484
Nifty 100 TRI,2018-11-02,11854.987171610786
Nifty 100 TRI,2018-11-05,11832.823590663567
Nifty 100 TRI,2018-11-06,11830.438167606191
Nifty 100 TRI,2018-11-07,11906.95462785108
Nifty 100 TRI,2018-11-09,11903.012189351388
Nifty 100 TRI,2018-11-12,11785.213573932464
Nifty 100 TRI,2018-11-13,11887.097379323792
Nifty 100 TRI,2018-11-14,11882.953587711492
Nifty 100 TRI,2018-11-15,11928.967597529994
Nifty 100 TRI,2018-11-16,11999.352024619606
Nifty 100 TRI,2018-11-19,12088.58205800661
Nifty 100 TRI,2018-11-20,11964.523071431351
Nifty 100 TRI,2018-11-21,11922.367256819862
Nifty 100 TRI,2018-11-22,11840.379754156646
Nifty 100 TRI,2018-11-26,11947.088884074536
Nifty 100 TRI,2018-11-27,12001.433834537305
Nifty 100 TRI,2018-11-28,12039.71578273517
Nifty 100 TRI,2018-11-29,12178.42435493978
Nifty 100 TRI,2018-11-30,12207.854749882003
Nifty 100 TRI,2018-12-03,12221.202718086774
Nifty 100 TRI,2018-12-04,12203.14283726333
Nifty 100 TRI,2018-12-05,12096.524521048286
Nifty 100 TRI,2018-12-06,11895.173200654457
Nifty 100 TRI,2018-12-07,11992.743656205274
Nifty 100 TRI,2018-12-10,11765.180987255068
Nifty 100 TRI,2018-12-11,11848.722796031983
Nifty 100 TRI,2018-12-12,12067.91912323711
Nifty 100 TRI,2018-12-13,12137.273139287909
Nifty 100 TRI,2018-12-14,12156.696676338346
Nifty 100 TRI,2018-12-17,12252.087340618713
Nifty 100 TRI,2018-12-18,12280.218134820932
Nifty 100 TRI,2018-12-19,12360.497732148984
Nifty 100 TRI,2018-12-20,12336.649128360832
Nifty 100 TRI,2018-12-21,12121.763108140194
Nifty 100 TRI,2018-12-24,12011.632099077626
Nifty 100 TRI,2018-12-26,12083.147850562458
Nifty 100 TRI,2018-12-27,12135.29672907197
Nifty 100 TRI,2018-12-28,12230.304496509452
Nifty 100 TRI,2018-12-31,12240.96720467897
Nifty 100 TRI,2019-01-01,12283.98483269325
Nifty 100 TRI,2019-01-02,12155.722174318711
Nifty 100 TRI,2019-01-03,12027.009238882882
Nifty 100 TRI,2019-01-04,12084.019724735856
Nifty 100 TRI,2019-01-07,12128.22594778891
Nifty 100 TRI,2019-01-08,12157.529921622989
Nifty 100 TRI,2019-01-09,12209.429679927836
Nifty 100 TRI,2019-01-10,12183.905510534913
Nifty 100 TRI,2019-01-11,12152.81249408731
Nifty 100 TRI,2019-01-14,12087.080509129439
Nifty 100 TRI,2019-01-15,12244.815920224764
Nifty 100 TRI,2019-01-16,12249.548751170274
Nifty 100 TRI,2019-01-17,12263.486885536184
Nifty 100 TRI,2019-01-18,12248.044365040196
Nifty 100 TRI,2019-01-21,12297.692420867714
Nifty 100 TRI,2019-01-22,12266.150753607872
Nifty 100 TRI,2019-01-23,12167.839853901552
Nifty 100 TRI,2019-01-24,12183.983877780582
Nifty 100 TRI,2019-01-25,12095.367132786294
Nifty 100 TRI,2019-01-28,11951.457687044793
Nifty 100 TRI,2019-01-29,11944.490599186538
Nifty 100 TRI,2019-01-30,11944.416452335505
Nifty 100 TRI,2019-01-31,12129.368991662017
Nifty 100 TRI,2019-02-01,12206.900140580572
Nifty 100 TRI,2019-02-04,12212.33201663183
Nifty 100 TRI,2019-02-05,12222.913410454328
Nifty 100 TRI,2019-02-06,12362.73768228554
Nifty 100 TRI,2019-02-07,12388.604886372752
Nifty 100 TRI,2019-02-08,12240.15204946814
Nifty 100 TRI,2019-02-11,12170.721866022268
Nifty 100 TRI,2019-02-12,12106.489999519323
Nifty 100 TRI,2019-02-14,12015.752695137762
Nifty 100 TRI,2019-02-15,11969.219590083827
Nifty 100 TRI,2019-02-18,11877.062474337845
Nifty 100 TRI,2019-02-19,11844.259502694325
Nifty 100 TRI,2019-02-20,11992.583691644419
Nifty 100 TRI,2019-02-21,12059.181426420942
Nifty 100 TRI,2019-02-22,12073.18500915229
Nifty 100 TRI,2019-02-25,12167.64108921871
Nifty 100 TRI,2019-02-26,12123.690145242643
Nifty 100 TRI,2019-02-27,12102.314001745774
Nifty 100 TRI,2019-02-28,12100.644868110694
Nifty 100 TRI,2019-03-01,12190.11962103602
Nifty 100 TRI,2019-03-05,12342.744161494484
Nifty 100 TRI,2019-03-06,12419.378567128277
Nifty 100 TRI,2019-03-07,12417.442959093209
Nifty 100 TRI,2019-03-08,12396.8435556599
Nifty 100 TRI,2019-03-11,12564.60911254024
Nifty 100 TRI,2019-03-12,12702.294036191537
Nifty 100 TRI,2019-03-13,12732.843340401269
Nifty 100 TRI,2019-03-14,12728.543921879054
Nifty 100 TRI,2019-03-15,12808.695286567405
Nifty 100 TRI,2019-03-18,12848.390515183355
Nifty 100 TRI,2019-03-19,12922.591982064409
Nifty 100 TRI,2019-03-20,12906.254809915898
Nifty 100 TRI,2019-03-22,12832.307770201058
Nifty 100 TRI,2019-03-25,12713.438886704056
Nifty 100 TRI,2019-03-26,12855.231078329796
Nifty 100 TRI,2019-03-27,12814.795570625749
Nifty 100 TRI,2019-03-28,12951.958303942392
Nifty 100 TRI,2019-04-01,13079.025654858608
Nifty 100 TRI,2019-04-02,13111.267636482846
Nifty 100 TRI,2019-04-03,13037.888926356754
Nifty 100 TRI,2019-04-04,12992.916391919856
Nifty 100 TRI,2019-04-05,13067.001061965468
Nifty 100 TRI,2019-04-08,13002.050955927163
Nifty 100 TRI,2019-04-09,13074.986731132818
Nifty 100 TRI,2019-04-10,12985.059323803873
Nifty 100 TRI,2019-04-11,13003.320251354256
Nifty 100 TRI,2019-04-12,13056.690448921214
Nifty 100 TRI,2019-04-15,13111.822142852878
Nifty 100 TRI,2019-04-16,13215.799503770766
Nifty 100 TRI,2019-04-18,13176.143877496663
Nifty 100 TRI,2019-04-22,12992.783043232259
Nifty 100 TRI,2019-04-23,12973.054473859911
Nifty 100 TRI,2019-04-24,13130.487051061762
Nifty 100 TRI,2019-04-25,13040.071786671755
Nifty 100 TRI,2019-04-26,13150.389411809143
Nifty 100 TRI,2019-04-30,13138.473937530225
Nifty 100 TRI,2019-05-02,13107.700220565117
Nifty 100 TRI,2019-05-03,13088.743400432588
Nifty 100 TRI,2019-05-06,12958.21288232871
Nifty 100 TRI,2019-05-07,12849.380393301128
Nifty 100 TRI,2019-05-08,12695.660447338501
Nifty 100 TRI,2019-05-09,12635.345644499315
Nifty 100 TRI,2019-05-10,12609.171647817739
Nifty 100 TRI,2019-05-13,12453.318743822825
Nifty 100 TRI,2019-05-14,12529.202680844053
Nifty 100 TRI,2019-05-15,12458.627759890782
Nifty 100 TRI,2019-05-16,12556.215828748042
Nifty 100 TRI,2019-05-17,12716.36380187935
Nifty 100 TRI,2019-05-20,13180.65501852433
Nifty 100 TRI,2019-05-21,13050.848067608962
Nifty 100 TRI,2019-05-22,13078.992809746112
Nifty 100 TRI,2019-05-23,13006.590728918003
Nifty 100 TRI,2019-05-24,13227.591251770029
Nifty 100 TRI,2019-05-27,13316.599382480013
Nifty 100 TRI,2019-05-28,13327.425590617973
Nifty 100 TRI,2019-05-29,13249.533982384592
Nifty 100 TRI,2019-05-30,13334.017835317743
Nifty 100 TRI,2019-05-31,13323.467725109203
Nifty 100 TRI,2019-06-03,13505.008918177944
Nifty 100 TRI,2019-06-04,13429.876556384093
Nifty 100 TRI,2019-06-06,13220.710734944985
Nifty 100 TRI,2019-06-07,13247.87955889621
Nifty 100 TRI,2019-06-10,13304.466898980658
Nifty 100 TRI,2019-06-11,13356.741637810926
Nifty 100 TRI,2019-06-12,13285.849672014168
Nifty 100 TRI,2019-06-13,13292.968647677695
Nifty 100 TRI,2019-06-14,13187.214252196702
Nifty 100 TRI,2019-06-17,13015.323648043626
Nifty 100 TRI,2019-06-18,13036.455756298517
Nifty 100 TRI,2019-06-19,13027.38365732471
Nifty 100 TRI,2019-06-20,13192.008664853201
Nifty 100 TRI,2019-06-21,13083.065597191138
Nifty 100 TRI,2019-06-24,13062.835503110495
Nifty 100 TRI,2019-06-25,13161.91306163337
Nifty 100 TRI,2019-06-26,13225.518121661926
Nifty 100 TRI,2019-06-27,13228.757668482971
Nifty 100 TRI,2019-06-28,13174.618133752436
Nifty 100 TRI,2019-07-01,13259.62708954959
Nifty 100 TRI,2019-07-02,13308.999615482593
Nifty 100 TRI,2019-07-03,13324.5529715733
Nifty 100 TRI,2019-07-04,13357.850550627514
Nifty 100 TRI,2019-07-05,13202.223700502307
Nifty 100 TRI,2019-07-08,12922.227526458542
Nifty 100 TRI,2019-07-09,12928.78515446034
Nifty 100 TRI,2019-07-10,12860.41366036615
Nifty 100 TRI,2019-07-11,12954.935892927244
Nifty 100 TRI,2019-07-12,12929.04748967531
Nifty 100 TRI,2019-07-15,12972.357082949718
Nifty 100 TRI,2019-07-16,13062.129340876489
Nifty 100 TRI,2019-07-17,13090.661998116817
Nifty 100 TRI,2019-07-18,12983.44204566137
Nifty 100 TRI,2019-07-19,12781.786684755285
Nifty 100 TRI,2019-07-22,12713.230388542466
Nifty 100 TRI,2019-07-23,12691.817495669631
Nifty 100 TRI,2019-07-24,12607.47836202685
Nifty 100 TRI,2019-07-25,12599.26660253032
Nifty 100 TRI,2019-07-26,12646.716097323699
Nifty 100 TRI,2019-07-29,12532.840592220198
Nifty 100 TRI,2019-07-30,12409.68085415286
Nifty 100 TRI,2019-07-31,12456.354688111547
Nifty 100 TRI,2019-08-01,12301.046611965281
Nifty 100 TRI,2019-08-02,12323.184868893368
Nifty 100 TRI,2019-08-05,12179.712693251768
Nifty 100 TRI,2019-08-06,12278.795000461936
Nifty 100 TRI,2019-08-07,12181.129312764228
Nifty 100 TRI,2019-08-08,12374.323978124443
Nifty 100 TRI,2019-08-09,12461.430158419585
Nifty 100 TRI,2019-08-13,12246.851468357065
Nifty 100 TRI,2019-08-14,12365.398880449184
Nifty 100 TRI,2019-08-16,12389.375834546297
Nifty 100 TRI,2019-08-19,12395.578308771439
Nifty 100 TRI,2019-08-20,12347.860283039576
Nifty 100 TRI,2019-08-21,12233.208349564795
Nifty 100 TRI,2019-08-22,12039.059863807735
Nifty 100 TRI,2019-08-23,12138.418933159566
Nifty 100 TRI,2019-08-26,12391.647398467203
Nifty 100 TRI,2019-08-27,12459.920103195083
Nifty 100 TRI,2019-08-28,12394.634411212235
Nifty 100 TRI,2019-08-29,12300.341879755113
Nifty 100 TRI,2019-08-30,12396.122028953234
Nifty 100 TRI,2019-09-03,12142.363368021248
Nifty 100 TRI,2019-09-04,12186.249948039236
Nifty 100 TRI,2019-09-05,12198.57402641315
Nifty 100 TRI,2019-09-06,12302.544553766775
Nifty 100 TRI,2019-09-09,12364.767684252674
Nifty 100 TRI,2019-09-11,12408.666124739417
Nifty 100 TRI,2019-09-12,12355.573135185177
Nifty 100 TRI,2019-09-13,12457.850686193842
Nifty 100 TRI,2019-09-16,12386.619617399245
Nifty 100 TRI,2019-09-17,12177.675959563097
Nifty 100 TRI,2019-09-18,12210.632557831388
Nifty 100 TRI,2019-09-19,12064.33076255657
Nifty 100 TRI,2019-09-20,12713.26560261791
Nifty 100 TRI,2019-09-23,13064.121710904
Nifty 100 TRI,2019-09-24,13054.796255885016
Nifty 100 TRI,2019-09-25,12881.909398905584
Nifty 100 TRI,2019-09-26,13030.580666388561
Nifty 100 TRI,2019-09-27,12973.92260807137
Nifty 100 TRI,2019-09-30,12919.45282606093
Nifty 100 TRI,2019-10-01,12791.081284706468
Nifty 100 TRI,2019-10-03,12733.352341133188
Nifty 100 TRI,2019-10-04,12576.477713239285
Nifty 100 TRI,2019-10-07,12506.206150398171
Nifty 100 TRI,2019-10-09,12712.518754433177
Nifty 100 TRI,2019-10-10,12625.441129613397
Nifty 100 TRI,2019-10-11,12701.50960177771
Nifty 100 TRI,2019-10-14,12750.438814588506
Nifty 100 TRI,2019-10-15,12849.673849860976
Nifty 100 TRI,2019-10-16,12899.32749727823
Nifty 100 TRI,2019-10-17,13044.156974456018
Nifty 100 TRI,2019-10-18,13142.411668295848
Nifty 100 TRI,2019-10-22,13081.590190142726
Nifty 100 TRI,2019-10-23,13096.025445391535
Nifty 100 TRI,2019-10-24,13069.543703737725
Nifty 100 TRI,2019-10-25,13065.662979201808
Nifty 100 TRI,2019-10-29,13298.808665535069
Nifty 100 TRI,2019-10-30,13367.100753084966
Nifty 100 TRI,2019-10-31,13405.772830112992
Nifty 100 TRI,2019-11-01,13417.99653716272
Nifty 100 TRI,2019-11-04,13465.478377964137
Nifty 100 TRI,2019-11-05,13429.196271639048
Nifty 100 TRI,2019-11-06,13483.19514637729
Nifty 100 TRI,2019-11-07,13537.977817511497
Nifty 100 TRI,2019-11-08,13418.03188958064
Nifty 100 TRI,2019-11-11,13428.870023504016
Nifty 100 TRI,2019-11-13,13348.87364211134
Nifty 100 TRI,2019-11-14,13372.131084194967
Nifty 100 TRI,2019-11-15,13396.784094618573
Nifty 100 TRI,2019-11-18,13384.94470491444
Nifty 100 TRI,2019-11-19,13434.230259668393
Nifty 100 TRI,2019-11-20,13503.245772291419
Nifty 100 TRI,2019-11-21,13466.386938701726
Nifty 100 TRI,2019-11-22,13409.463447765824
Nifty 100 TRI,2019-11-25,13590.850711843033
Nifty 100 TRI,2019-11-26,13544.568813905613
Nifty 100 TRI,2019-11-27,13619.513178145773
Nifty 100 TRI,2019-11-28,13687.941717001491
Nifty 100 TRI,2019-11-29,13581.568338250814
Nifty 100 TRI,2019-12-02,13574.703738794036
Nifty 100 TRI,2019-12-03,13509.008412962517
Nifty 100 TRI,2019-12-04,13559.718041972212
Nifty 100 TRI,2019-12-05,13521.895342600092
Nifty 100 TRI,2019-12-06,13409.134385144316
Nifty 100 TRI,2019-12-09,13419.868725379309
Nifty 100 TRI,2019-12-10,13322.757425860986
Nifty 100 TRI,2019-12-11,13383.622847255077
Nifty 100 TRI,2019-12-12,13457.59678278286
Nifty 100 TRI,2019-12-13,13588.406127548547
Nifty 100 TRI,2019-12-16,13547.625301492219
Nifty 100 TRI,2019-12-17,13664.233091243921
Nifty 100 TRI,2019-12-18,13726.407806520785
Nifty 100 TRI,2019-12-19,13771.071417261423
Nifty 100 TRI,2019-12-20,13793.370463049654
Nifty 100 TRI,2019-12-23,13785.405294816008
Nifty 100 TRI,2019-12-24,13738.079278577423
Nifty 100 TRI,2019-12-26,13646.488052367826
Nifty 100 TRI,2019-12-27,13775.80477956577
Nifty 100 TRI,2019-12-30,13788.036683743072
Nifty 100 TRI,2019-12-31,13691.982003676843
Nifty 100 TRI,2020-01-01,13705.078306129275
Nifty 100 TRI,2020-01-02,13818.79908994113
Nifty 100 TRI,2020-01-03,13761.355824540693
Nifty 100 TRI,2020-01-06,13497.128694661664
Nifty 100 TRI,2020-01-07,13569.445185678655
Nifty 100 TRI,2020-01-08,13543.689378290423
Nifty 100 TRI,2020-01-09,13754.340207580686
Nifty 100 TRI,2020-01-10,13799.4862214797
Nifty 100 TRI,2020-01-13,13886.64998730314
Nifty 100 TRI,2020-01-14,13922.985039877982
Nifty 100 TRI,2020-01-15,13912.64531316603
Nifty 100 TRI,2020-01-16,13926.258856143066
Nifty 100 TRI,2020-01-17,13927.366429131598
Nifty 100 TRI,2020-01-20,13785.938348204101
Nifty 100 TRI,2020-01-21,13723.9337065515
Nifty 100 TRI,2020-01-22,13661.421810206983
Nifty 100 TRI,2020-01-23,13753.555954118743
Nifty 100 TRI,2020-01-24,13836.759160385825
Nifty 100 TRI,2020-01-27,13699.364164340017
Nifty 100 TRI,2020-01-28,13633.430785529417
Nifty 100 TRI,2020-01-29,13716.30941649349
Nifty 100 TRI,2020-01-30,13592.162072674242
Nifty 100 TRI,2020-01-31,13504.933132354601
Nifty 100 TRI,2020-02-03,13208.456204476777
Nifty 100 TRI,2020-02-04,13511.424773628167
Nifty 100 TRI,2020-02-05,13647.122184892458
Nifty 100 TRI,2020-02-06,13716.558271126847
Nifty 100 TRI,2020-02-07,13689.717883582824
Nifty 100 TRI,2020-02-10,13619.74785254839
Nifty 100 TRI,2020-02-11,13688.245509007016
Nifty 100 TRI,2020-02-12,13779.829784977373
Nifty 100 TRI,2020-02-13,13751.309086148425
Nifty 100 TRI,2020-02-14,13672.091244607567
Nifty 100 TRI,2020-02-17,13585.83510064992
Nifty 100 TRI,2020-02-18,13526.948519191374
Nifty 100 TRI,2020-02-19,13694.354624639946
Nifty 100 TRI,2020-02-20,13653.580195366552
Nifty 100 TRI,2020-02-24,13371.136186238464
Nifty 100 TRI,2020-02-25,13327.211987100653
Nifty 100 TRI,2020-02-26,13185.429252225254
Nifty 100 TRI,2020-02-27,13137.525289926618
Nifty 100 TRI,2020-02-28,12656.451492702743
Nifty 100 TRI,2020-03-02,12585.36845281703
Nifty 100 TRI,2020-03-03,12786.375564175481
Nifty 100 TRI,2020-03-04,12721.947515433043
Nifty 100 TRI,2020-03-05,12750.42081286036
Nifty 100 TRI,2020-03-06,12439.59244535278
Nifty 100 TRI,2020-03-09,11840.551536037927
Nifty 100 TRI,2020-03-11,11835.738759921465
Nifty 100 TRI,2020-03-12,10846.957787525278
Nifty 100 TRI,2020-03-13,11246.033910572964
Nifty 100 TRI,2020-03-16,10426.591796789768
Nifty 100 TRI,2020-03-17,10190.206919925773
Nifty 100 TRI,2020-03-18,9633.831774630582
Nifty 100 TRI,2020-03-19,9388.783921163658
Nifty 100 TRI,2020-03-20,9907.723483452544
Nifty 100 TRI,2020-03-23,8640.577595817902
Nifty 100 TRI,2020-03-24,8840.474786428009
Nifty 100 TRI,2020-03-25,9390.216481140704
Nifty 100 TRI,2020-03-26,9775.54224022483
Nifty 100 TRI,2020-03-27,9792.625197310379
Nifty 100 TRI,2020-03-30,9411.022580788498
Nifty 100 TRI,2020-03-31,9776.20800716318
Nifty 100 TRI,2020-04-01,9410.401166219546
Nifty 100 TRI,2020-04-03,9227.473381402619
Nifty 100 TRI,2020-04-07,10006.485361672268
Nifty 100 TRI,2020-04-08,9991.943312503097
Nifty 100 TRI,2020-04-09,10397.25030941251
Nifty 100 TRI,2020-04-13,10280.931912403106
Nifty 100 TRI,2020-04-15,10226.260645592603
Nifty 100 TRI,2020-04-16,10303.75633642602
Nifty 100 TRI,2020-04-17,10591.383075458918
Nifty 100 TRI,2020-04-20,10580.293028416934
Nifty 100 TRI,2020-04-21,10281.543958714574
Nifty 100 TRI,2020-04-22,10502.265888960397
Nifty 100 TRI,2020-04-23,10630.834827049326
Nifty 100 TRI,2020-04-24,10448.545846262374
Nifty 100 TRI,2020-04-27,10604.824170727437
Nifty 100 TRI,2020-04-28,10698.113040117545
Nifty 100 TRI,2020-04-29,10884.159252603406
Nifty 100 TRI,2020-04-30,11216.549470388172
Nifty 100 TRI,2020-05-04,10598.368520676002
Nifty 100 TRI,2020-05-05,10492.07323767709
Nifty 100 TRI,2020-05-06,10570.529577696163
Nifty 100 TRI,2020-05-07,10484.462466482977
Nifty 100 TRI,2020-05-08,10548.966013049812
Nifty 100 TRI,2020-05-11,10553.504991742824
Nifty 100 TRI,2020-05-12,10509.640436428697
Nifty 100 TRI,2020-05-13,10712.312530968484
Nifty 100 TRI,2020-05-14,10466.479081960524
Nifty 100 TRI,2020-05-15,10452.830758768185
Nifty 100 TRI,2020-05-18,10099.292213985596
Nifty 100 TRI,2020-05-19,10162.180501880484
Nifty 100 TRI,2020-05-20,10374.536355251736
Nifty 100 TRI,2020-05-21,10431.717399769748
Nifty 100 TRI,2020-05-22,10350.198268400483
Nifty 100 TRI,2020-05-26,10343.584426252775
Nifty 100 TRI,2020-05-27,10626.682168128385
Nifty 100 TRI,2020-05-28,10825.20238840708
Nifty 100 TRI,2020-05-29,10950.411215588716
Nifty 100 TRI,2020-06-01,11217.466791551655
Nifty 100 TRI,2020-06-02,11378.729018526998
Nifty 100 TRI,2020-06-03,11469.470921333943
Nifty 100 TRI,2020-06-04,11444.906019941775
Nifty 100 TRI,2020-06-05,11586.890512734171
Nifty 100 TRI,2020-06-08,11613.430350695719
Nifty 100 TRI,2020-06-09,11484.251877346598
Nifty 100 TRI,2020-06-10,11552.513814815446
Nifty 100 TRI,2020-06-11,11317.635735836688
Nifty 100 TRI,2020-06-12,11403.57732889556
Nifty 100 TRI,2020-06-15,11233.574466254353
Nifty 100 TRI,2020-06-16,11336.758899927481
Nifty 100 TRI,2020-06-17,11306.171358506606
Nifty 100 TRI,2020-06-18,11518.111928327531
Nifty 100 TRI,2020-06-19,11686.499430044933
Nifty 100 TRI,2020-06-22,11784.989291348093
Nifty 100 TRI,2020-06-23,11972.333605080665
Nifty 100 TRI,2020-06-24,11792.056699625595
Nifty 100 TRI,2020-06-25,11777.479617630192
Nifty 100 TRI,2020-06-26,11872.689825233785
Nifty 100 TRI,2020-06-29,11790.715051182537
Nifty 100 TRI,2020-06-30,11779.956032866436
Nifty 100 TRI,2020-07-01,11906.18688270828
Nifty 100 TRI,2020-07-02,12038.2673515208
Nifty 100 TRI,2020-07-03,12106.323237965822
Nifty 100 TRI,2020-07-06,12268.217955156984
Nifty 100 TRI,2020-07-07,12312.190528249526
Nifty 100 TRI,2020-07-08,12214.815042814722
Nifty 100 TRI,2020-07-09,12318.342762929758
Nifty 100 TRI,2020-07-10,12270.459311169452
Nifty 100 TRI,2020-07-13,12310.026930385991
Nifty 100 TRI,2020-07-14,12102.379460727705
Nifty 100 TRI,2020-07-15,12103.931339067592
Nifty 100 TRI,2020-07-16,12228.33058436587
Nifty 100 TRI,2020-07-17,12415.28620339066
Nifty 100 TRI,2020-07-20,12544.301434070445
Nifty 100 TRI,2020-07-21,12684.644046532656
Nifty 100 TRI,2020-07-22,12646.364526953763
Nifty 100 TRI,2020-07-23,12742.201031698381
Nifty 100 TRI,2020-07-24,12701.560310473316
Nifty 100 TRI,2020-07-27,12628.192926667765
Nifty 100 TRI,2020-07-28,12805.285722340519
Nifty 100 TRI,2020-07-29,12718.536231482269
Nifty 100 TRI,2020-07-30,12629.532698633233
Nifty 100 TRI,2020-07-31,12620.589900631412
Nifty 100 TRI,2020-08-03,12434.167764584603
Nifty 100 TRI,2020-08-04,12646.161820453099
Nifty 100 TRI,2020-08-05,12651.446261026038
Nifty 100 TRI,2020-08-06,12761.052628885454
Nifty 100 TRI,2020-08-07,12779.444880757805
Nifty 100 TRI,2020-08-10,12861.345377737734
Nifty 100 TRI,2020-08-11,12904.830360993916
Nifty 100 TRI,2020-08-12,12890.661570819428
Nifty 100 TRI,2020-08-13,12891.849150171007
Nifty 100 TRI,2020-08-14,12755.774603600581
Nifty 100 TRI,2020-08-17,12830.603924545589
Nifty 100 TRI,2020-08-18,12987.580605497891
Nifty 100 TRI,2020-08-19,13013.414956785862
Nifty 100 TRI,2020-08-20,12917.659466221778
Nifty 100 TRI,2020-08-21,12982.037044330773
Nifty 100 TRI,2020-08-24,13077.224514222948
Nifty 100 TRI,2020-08-25,13084.945748982613
Nifty 100 TRI,2020-08-26,13162.79130911153
Nifty 100 TRI,2020-08-27,13180.25413376455
Nifty 100 TRI,2020-08-28,13273.079437165348
Nifty 100 TRI,2020-08-31,12941.87939599753
Nifty 100 TRI,2020-09-01,13044.278697133725
Nifty 100 TRI,2020-09-02,13128.052674235589
Nifty 100 TRI,2020-09-03,13131.613114911443
Nifty 100 TRI,2020-09-04,12908.69428197156
Nifty 100 TRI,2020-09-07,12925.209354939785
Nifty 100 TRI,2020-09-08,12876.681690580992
Nifty 100 TRI,2020-09-09,12835.526482305422
Nifty 100 TRI,2020-09-10,13021.46009744335
Nifty 100 TRI,2020-09-11,13052.32812830848
Nifty 100 TRI,2020-09-14,13027.581938525826
Nifty 100 TRI,2020-09-15,13125.359897914443
Nifty 100 TRI,2020-09-16,13215.768126027753
Nifty 100 TRI,2020-09-17,13118.741928962423
Nifty 100 TRI,2020-09-18,13112.503049522802
Nifty 100 TRI,2020-09-21,12806.387466395732
Nifty 100 TRI,2020-09-22,12691.133817084792
Nifty 100 TRI,2020-09-23,12665.725010922146
Nifty 100 TRI,2020-09-24,12306.35424731924
Nifty 100 TRI,2020-09-25,12593.04341363953
Nifty 100 TRI,2020-09-28,12807.304172130842
Nifty 100 TRI,2020-09-29,12794.685219005029
Nifty 100 TRI,2020-09-30,12830.693126834096
Nifty 100 TRI,2020-10-01,13012.25635330457
Nifty 100 TRI,2020-10-05,13103.930986844114
Nifty 100 TRI,2020-10-06,13268.008136749038
Nifty 100 TRI,2020-10-07,13339.663075714308
Nifty 100 TRI,2020-10-08,13443.28105097631
Nifty 100 TRI,2020-10-09,13517.37030299071
Nifty 100 TRI,2020-10-12,13528.218101219274
Nifty 100 TRI,2020-10-13,13524.919884198665
Nifty 100 TRI,2020-10-14,13574.275744585033
Nifty 100 TRI,2020-10-15,13258.08087906344
Nifty 100 TRI,2020-10-16,13354.564231244954
Nifty 100 TRI,2020-10-19,13479.52366299328
Nifty 100 TRI,2020-10-20,13507.00930946597
Nifty 100 TRI,2020-10-21,13543.746161932171
Nifty 100 TRI,2020-10-22,13502.269262388758
Nifty 100 TRI,2020-10-23,13541.43279167709
Nifty 100 TRI,2020-10-26,13358.555062031819
Nifty 100 TRI,2020-10-27,13504.770321638773
Nifty 100 TRI,2020-10-28,13332.820378534512
Nifty 100 TRI,2020-10-29,13282.922029506553
Nifty 100 TRI,2020-10-30,13254.679899545203
Nifty 100 TRI,2020-11-02,13288.69272105183
Nifty 100 TRI,2020-11-03,13442.049776180562
Nifty 100 TRI,2020-11-04,13548.308708336821
Nifty 100 TRI,2020-11-05,13786.655012686902
Nifty 100 TRI,2020-11-06,13935.250036463594
Nifty 100 TRI,2020-11-09,14158.264130573154
Nifty 100 TRI,2020-11-10,14314.397759748672
Nifty 100 TRI,2020-11-11,14452.879898499677
Nifty 100 TRI,2020-11-12,14406.49467441675
Nifty 100 TRI,2020-11-13,14452.378792805974
Nifty 100 TRI,2020-11-17,14631.262259718269
Nifty 100 TRI,2020-11-18,14701.602739907015
Nifty 100 TRI,2020-11-19,14523.859912009822
Nifty 100 TRI,2020-11-20,14634.564269231325
Nifty 100 TRI,2020-11-23,14719.897572338534
Nifty 100 TRI,2020-11-24,14857.779339611932
Nifty 100 TRI,2020-11-25,14634.159274802063
Nifty 100 TRI,2020-11-26,14779.162796458457
Nifty 100 TRI,2020-11-27,14771.272108027113
Nifty 100 TRI,2020-12-01,14937.58210143494
Nifty 100 TRI,2020-12-02,14959.174408710094
Nifty 100 TRI,2020-12-03,15000.535855677654
Nifty 100 TRI,2020-12-04,15132.094801833435
Nifty 100 TRI,2020-12-07,15248.192410762425
Nifty 100 TRI,2020-12-08,15284.882537583351
Nifty 100 TRI,2020-12-09,15420.711292249396
Nifty 100 TRI,2020-12-10,15379.171736361803
Nifty 100 TRI,2020-12-11,15419.882129078813
Nifty 100 TRI,2020-12-14,15472.704838461003
Nifty 100 TRI,2020-12-15,15478.336983613173
Nifty 100 TRI,2020-12-16,15603.583299748696
Nifty 100 TRI,2020-12-17,15654.423442150595
Nifty 100 TRI,2020-12-18,15677.86186729427
Nifty 100 TRI,2020-12-21,15180.526396023395
Nifty 100 TRI,2020-12-22,15346.139682039597
Nifty 100 TRI,2020-12-23,15514.195281194126
Nifty 100 TRI,2020-12-24,15669.093669815838
Nifty 100 TRI,2020-12-28,15812.173051915735
Nifty 100 TRI,2020-12-29,15870.334215068535
Nifty 100 TRI,2020-12-30,15928.329441122854
Nifty 100 TRI,2020-12-31,15931.492959097373
Nifty 100 TRI,2021-01-04,16133.105540789491
Nifty 100 TRI,2021-01-05,16234.151393397879
Nifty 100 TRI,2021-01-06,16177.899029970287
Nifty 100 TRI,2021-01-07,16178.301055258478
Nifty 100 TRI,2021-01-08,16415.072631464223
Nifty 100 TRI,2021-01-11,16561.25263241683
Nifty 100 TRI,2021-01-12,16633.607744233414
Nifty 100 TRI,2021-01-13,16622.262502341506
Nifty 100 TRI,2021-01-14,16663.799791190013
Nifty 100 TRI,2021-01-15,16469.42010829009
Nifty 100 TRI,2021-01-18,16280.251295150048
Nifty 100 TRI,2021-01-19,16554.794703257983
Nifty 100 TRI,2021-01-20,16690.133575542983
Nifty 100 TRI,2021-01-21,16617.460801711077
Nifty 100 TRI,2021-01-22,16383.881241687943
Nifty 100 TRI,2021-01-25,16237.2062216624
Nifty 100 TRI,2021-01-27,15941.165653504677
Nifty 100 TRI,2021-01-28,15784.868598353984
Nifty 100 TRI,2021-01-29,15554.597007222654
Nifty 100 TRI,2021-02-01,16256.167558188268
Nifty 100 TRI,2021-02-02,16663.000428088573
Nifty 100 TRI,2021-02-03,16814.654649252654
Nifty 100 TRI,2021-02-04,16954.65983521571
Nifty 100 TRI,2021-02-05,16968.617673696746
Nifty 100 TRI,2021-02-08,17184.402836238307
Nifty 100 TRI,2021-02-09,17177.424336375487
Nifty 100 TRI,2021-02-10,17183.86344731509
Nifty 100 TRI,2021-02-11,17267.413225240158
Nifty 100 TRI,2021-02-12,17263.607229989324
Nifty 100 TRI,2021-02-15,17439.217381354138
Nifty 100 TRI,2021-02-16,17447.53497475459
Nifty 100 TRI,2021-02-17,17349.053360271257
Nifty 100 TRI,2021-02-18,17271.517778721718
Nifty 100 TRI,2021-02-19,17105.801442538883
Nifty 100 TRI,2021-02-22,16767.56271971765
Nifty 100 TRI,2021-02-23,16815.50632603856
Nifty 100 TRI,2021-02-24,17099.989240429233
Nifty 100 TRI,2021-02-25,17229.912199167808
Nifty 100 TRI,2021-02-26,16617.16026776322
Nifty 100 TRI,2021-03-01,16870.514846568054
Nifty 100 TRI,2021-03-02,17065.94304558811
Nifty 100 TRI,2021-03-03,17426.764721888583
Nifty 100 TRI,2021-03-04,17267.88920734262
Nifty 100 TRI,2021-03-05,17093.53385787482
Nifty 100 TRI,2021-03-08,17109.513834922804
Nifty 100 TRI,2021-03-09,17233.825234062217
Nifty 100 TRI,2021-03-10,17323.802589571413
Nifty 100 TRI,2021-03-12,17161.014606731995
Nifty 100 TRI,2021-03-15,17050.268174092096
Nifty 100 TRI,2021-03-16,17042.312386528054
Nifty 100 TRI,2021-03-17,16811.134455073843
Nifty 100 TRI,2021-03-18,16623.135459702662
Nifty 100 TRI,2021-03-19,16833.185057095467
Nifty 100 TRI,2021-03-22,16849.087955564446
Nifty 100 TRI,2021-03-23,16954.457168205652
Nifty 100 TRI,2021-03-24,16657.903195732768
Nifty 100 TRI,2021-03-25,16386.899669151106
Nifty 100 TRI,2021-03-26,16594.951721080568
Nifty 100 TRI,2021-03-30,16940.450904636073
Nifty 100 TRI,2021-03-31,16795.187284818447
Nifty 100 TRI,2021-04-01,17006.30297554782
Nifty 100 TRI,2021-04-05,16762.13870723615
Nifty 100 TRI,2021-04-06,16831.4239945595
Nifty 100 TRI,2021-04-07,16988.24280607827
Nifty 100 TRI,2021-04-08,17059.413414708295
Nifty 100 TRI,2021-04-09,17023.709491274374
Nifty 100 TRI,2021-04-12,16396.76635895307
Nifty 100 TRI,2021-04-13,16612.213774718162
Nifty 100 TRI,2021-04-15,16704.005315526705
Nifty 100 TRI,2021-04-16,16765.82307210625
Nifty 100 TRI,2021-04-19,16472.103560211217
Nifty 100 TRI,2021-04-20,16420.417630793418
Nifty 100 TRI,2021-04-22,16532.19684796131
Nifty 100 TRI,2021-04-23,16472.277574623702
Nifty 100 TRI,2021-04-26,16627.231750431827
Nifty 100 TRI,2021-04-27,16811.571242191258
Nifty 100 TRI,2021-04-28,17035.719097512258
Nifty 100 TRI,2021-04-29,17065.047005334513
Nifty 100 TRI,2021-04-30,16793.88155477722
Nifty 100 TRI,2021-05-03,16819.056551136833
Nifty 100 TRI,2021-05-04,16674.8618778963
Nifty 100 TRI,2021-05-05,16833.873851969962
Nifty 100 TRI,2021-05-06,16954.169566650293
Nifty 100 TRI,2021-05-07,17060.449129524022
Nifty 100 TRI,2021-05-10,17204.23969986085
Nifty 100 TRI,2021-05-11,17119.372776936914
Nifty 100 TRI,2021-05-12,16970.717206295125
Nifty 100 TRI,2021-05-14,16918.752688494293
Nifty 100 TRI,2021-05-17,17194.297373886344
Nifty 100 TRI,2021-05-18,17411.74223733082
Nifty 100 TRI,2021-05-19,17352.763744270484
Nifty 100 TRI,2021-05-20,17230.549620215843
Nifty 100 TRI,2021-05-21,17508.526022992122
Nifty 100 TRI,2021-05-24,17552.033327419616
Nifty 100 TRI,2021-05-25,17553.10793861993
Nifty 100 TRI,2021-05-26,17640.954079479106
Nifty 100 TRI,2021-05-27,17689.312079198287
Nifty 100 TRI,2021-05-28,17787.68245753614
Nifty 100 TRI,2021-05-31,17958.197997373103
Nifty 100 TRI,2021-06-01,17948.261705725574
Nifty 100 TRI,2021-06-02,17997.54989493744
Nifty 100 TRI,2021-06-03,18135.115204115806
Nifty 100 TRI,2021-06-04,18128.025059884483
Nifty 100 TRI,2021-06-07,18212.662877378843
Nifty 100 TRI,2021-06-08,18211.71578995939
Nifty 100 TRI,2021-06-09,18084.498305772464
Nifty 100 TRI,2021-06-10,18217.893132743302
Nifty 100 TRI,2021-06-11,18284.60421972521
Nifty 100 TRI,2021-06-14,18286.658492886116
Nifty 100 TRI,2021-06-15,18352.07413874902
Nifty 100 TRI,2021-06-16,18226.36491693662
Nifty 100 TRI,2021-06-17,18125.385729950824
Nifty 100 TRI,2021-06-18,18102.53869994362
Nifty 100 TRI,2021-06-21,18190.57071757787
Nifty 100 TRI,2021-06-22,18231.82557434893
Nifty 100 TRI,2021-06-23,18125.76241505715
Nifty 100 TRI,2021-06-24,18215.594765593825
Nifty 100 TRI,2021-06-25,18302.305900428353
Nifty 100 TRI,2021-06-28,18267.83760009878
Nifty 100 TRI,2021-06-29,18196.68431871817
Nifty 100 TRI,2021-06-30,18160.119541267883
Nifty 100 TRI,2021-07-01,18125.143486061905
Nifty 100 TRI,2021-07-02,18158.78573600811
Nifty 100 TRI,2021-07-05,18285.6761061784
Nifty 100 TRI,2021-07-06,18272.665112706334
Nifty 100 TRI,2021-07-07,18344.447329849547
Nifty 100 TRI,2021-07-08,18190.9243613035
Nifty 100 TRI,2021-07-09,18157.932379006874
Nifty 100 TRI,2021-07-12,18163.899840532646
Nifty 100 TRI,2021-07-13,18277.98487095625
Nifty 100 TRI,2021-07-14,18319.502340266874
Nifty 100 TRI,2021-07-15,18398.36525474006
Nifty 100 TRI,2021-07-16,18412.507122799623
Nifty 100 TRI,2021-07-19,18226.411600123465
Nifty 100 TRI,2021-07-20,18089.67155680653
Nifty 100 TRI,2021-07-22,18327.81733583081
Nifty 100 TRI,2021-07-23,18356.76471853871
Nifty 100 TRI,2021-07-26,18330.353278808132
Nifty 100 TRI,2021-07-27,18236.294717392662
Nifty 100 TRI,2021-07-28,18206.015830679247
Nifty 100 TRI,2021-07-29,18276.483957449735
Nifty 100 TRI,2021-07-30,18271.378028682855
Nifty 100 TRI,2021-08-02,18417.769826330583
Nifty 100 TRI,2021-08-03,18683.868493081496
Nifty 100 TRI,2021-08-04,18792.309163807597
Nifty 100 TRI,2021-08-05,18822.538818833338
Nifty 100 TRI,2021-08-06,18773.12938023197
Nifty 100 TRI,2021-08-09,18782.981899196122
Nifty 100 TRI,2021-08-10,18795.49784980834
Nifty 100 TRI,2021-08-11,18791.946942624403
Nifty 100 TRI,2021-08-12,18882.81336669954
Nifty 100 TRI,2021-08-13,19050.840742376295
Nifty 100 TRI,2021-08-16,19089.163708642725
Nifty 100 TRI,2021-08-17,19154.98037836977
Nifty 100 TRI,2021-08-18,19125.62267837735
Nifty 100 TRI,2021-08-20,18971.200931772222
Nifty 100 TRI,2021-08-23,19008.78294523932
Nifty 100 TRI,2021-08-24,19162.971436300493
Nifty 100 TRI,2021-08-25,19188.84598266434
Nifty 100 TRI,2021-08-26,19202.636758099936
Nifty 100 TRI,2021-08-27,19305.081453764295
Nifty 100 TRI,2021-08-30,19573.230314551205
Nifty 100 TRI,2021-08-31,19812.150908638065
Nifty 100 TRI,2021-09-01,19778.867973017183
Nifty 100 TRI,2021-09-02,19963.524388590973
Nifty 100 TRI,2021-09-03,20070.126588554303
Nifty 100 TRI,2021-09-06,20121.931422117344
Nifty 100 TRI,2021-09-07,20097.205062730125
Nifty 100 TRI,2021-09-08,20106.47112972775
Nifty 100 TRI,2021-09-09,20137.64166769394
Nifty 100 TRI,2021-09-13,20135.58352097186
Nifty 100 TRI,2021-09-14,20170.352706794776
Nifty 100 TRI,2021-09-15,20320.594608561812
Nifty 100 TRI,2021-09-16,20453.1610248636
Nifty 100 TRI,2021-09-17,20384.849086726612
Nifty 100 TRI,2021-09-20,20146.845073601933
Nifty 100 TRI,2021-09-21,20334.549195246123
Nifty 100 TRI,2021-09-22,20334.982972484016
Nifty 100 TRI,2021-09-23,20641.69184481708
Nifty 100 TRI,2021-09-24,20647.442007226364
Nifty 100 TRI,2021-09-27,20644.326464507336
Nifty 100 TRI,2021-09-28,20516.74898275561
Nifty 100 TRI,2021-09-29,20463.70737526554
Nifty 100 TRI,2021-09-30,20372.016949720637
Nifty 100 TRI,2021-10-01,20296.762352039525
Nifty 100 TRI,2021-10-04,20502.377228578738
Nifty 100 TRI,2021-10-05,20647.027640244676
Nifty 100 TRI,2021-10-06,20445.706956057747
Nifty 100 TRI,2021-10-07,20620.16830864203
Nifty 100 TRI,2021-10-08,20716.475810175143
Nifty 100 TRI,2021-10-11,20784.000126569736
Nifty 100 TRI,2021-10-12,20853.202366197424
Nifty 100 TRI,2021-10-13,21053.06934117689
Nifty 100 TRI,2021-10-14,21256.14938925881
Nifty 100 TRI,2021-10-18,21401.434365754045
Nifty 100 TRI,2021-10-19,21300.805839720804
Nifty 100 TRI,2021-10-20,21097.752616859994
Nifty 100 TRI,2021-10-21,20991.507724887968
Nifty 100 TRI,2021-10-22,20890.62634043681
Nifty 100 TRI,2021-10-25,20878.274394415796
Nifty 100 TRI,2021-10-26,21053.55296194522
Nifty 100 TRI,2021-10-27,21014.189394053887
Nifty 100 TRI,2021-10-28,20601.318689254607
Nifty 100 TRI,2021-10-29,20433.71791895288
Nifty 100 TRI,2021-11-01,20725.951333312165
Nifty 100 TRI,2021-11-02,20688.282073249902
Nifty 100 TRI,2021-11-03,20650.09444429588
Nifty 100 TRI,2021-11-04,20752.78312948811
Nifty 100 TRI,2021-11-08,20943.771680403082
Nifty 100 TRI,2021-11-09,20931.251430018754
Nifty 100 TRI,2021-11-10,20912.212350456775
Nifty 100 TRI,2021-11-11,20758.664477497445
Nifty 100 TRI,2021-11-12,21025.452922832617
Nifty 100 TRI,2021-11-15,21041.577094140477
Nifty 100 TRI,2021-11-16,20927.740969195776
Nifty 100 TRI,2021-11-17,20825.448330545132
Nifty 100 TRI,2021-11-18,20652.532197722532
Nifty 100 TRI,2021-11-22,20254.05748409977
Nifty 100 TRI,2021-11-23,20386.25092041618
Nifty 100 TRI,2021-11-24,20283.455648155577
Nifty 100 TRI,2021-11-25,20431.331725667576
Nifty 100 TRI,2021-11-26,19835.907035170832
Nifty 100 TRI,2021-11-29,19836.467509894872
Nifty 100 TRI,2021-11-30,19758.342253709474
Nifty 100 TRI,2021-12-01,19958.343792831478
Nifty 100 TRI,2021-12-02,20222.834038041452
Nifty 100 TRI,2021-12-03,20016.106736738202
Nifty 100 TRI,2021-12-06,19679.286331765892
Nifty 100 TRI,2021-12-07,19986.038129933135
Nifty 100 TRI,2021-12-08,20315.129474512138
Nifty 100 TRI,2021-12-09,20368.37777380947
Nifty 100 TRI,2021-12-10,20374.590195365246
Nifty 100 TRI,2021-12-13,20219.08396383807
Nifty 100 TRI,2021-12-14,20188.721699917314
Nifty 100 TRI,2021-12-15,20061.976511649937
Nifty 100 TRI,2021-12-16,20077.51137840342
Nifty 100 TRI,2021-12-17,19745.89779861413
Nifty 100 TRI,2021-12-20,19298.283921607548
Nifty 100 TRI,2021-12-21,19506.82713554407
Nifty 100 TRI,2021-12-22,19730.842014879407
Nifty 100 TRI,2021-12-23,19877.927438650495
Nifty 100 TRI,2021-12-24,19779.01195198904
Nifty 100 TRI,2021-12-27,19870.60515873281
Nifty 100 TRI,2021-12-28,20043.029915851075
Nifty 100 TRI,2021-12-29,20017.456295423446
Nifty 100 TRI,2021-12-30,19984.37834624598
Nifty 100 TRI,2021-12-31,20179.21730431502
Nifty 100 TRI,2022-01-03,20473.674730318115
Nifty 100 TRI,2022-01-04,20654.181722074554
Nifty 100 TRI,2022-01-05,20788.424014557593
Nifty 100 TRI,2022-01-06,20603.691577837584
Nifty 100 TRI,2022-01-07,20682.721951026826
Nifty 100 TRI,2022-01-10,20885.59097562783
Nifty 100 TRI,2022-01-11,20939.093097726807
Nifty 100 TRI,2022-01-12,21117.548117057297
Nifty 100 TRI,2022-01-13,21178.10735854011
Nifty 100 TRI,2022-01-14,21182.58042973517
Nifty 100 TRI,2022-01-17,21250.723441807233
Nifty 100 TRI,2022-01-18,21009.08488996292
Nifty 100 TRI,2022-01-19,20835.62174076432
Nifty 100 TRI,2022-01-20,20654.582264790813
Nifty 100 TRI,2022-01-21,20466.252202378237
Nifty 100 TRI,2022-01-24,19892.17948855644
Nifty 100 TRI,2022-01-25,20048.44207582293
Nifty 100 TRI,2022-01-27,19835.708460845864
Nifty 100 TRI,2022-01-28,19850.56822072467
Nifty 100 TRI,2022-01-31,20119.48456837334
Nifty 100 TRI,2022-02-01,20405.531940083933
Nifty 100 TRI,2022-02-02,20638.452260335827
Nifty 100 TRI,2022-02-03,20405.196898234266
Nifty 100 TRI,2022-02-04,20360.738673981174
Nifty 100 TRI,2022-02-07,20044.47184020896
Nifty 100 TRI,2022-02-08,20082.05407905486
Nifty 100 TRI,2022-02-09,20309.915199665407
Nifty 100 TRI,2022-02-10,20465.534612081396
Nifty 100 TRI,2022-02-11,20195.21536465986
Nifty 100 TRI,2022-02-14,19571.12995391046
Nifty 100 TRI,2022-02-15,20145.24555270405
Nifty 100 TRI,2022-02-16,20111.655386096034
Nifty 100 TRI,2022-02-17,20105.25219062012
Nifty 100 TRI,2022-02-18,20046.820730369098
Nifty 100 TRI,2022-02-21,19941.317647903983
Nifty 100 TRI,2022-02-22,19824.292703566574
Nifty 100 TRI,2022-02-23,19821.492947859857
Nifty 100 TRI,2022-02-24,18852.054612210777
Nifty 100 TRI,2022-02-25,19362.59564929139
Nifty 100 TRI,2022-02-28,19530.15175704806
Nifty 100 TRI,2022-03-02,19346.90826420947
Nifty 100 TRI,2022-03-03,19239.581437414974
Nifty 100 TRI,2022-03-04,18920.29098048439
Nifty 100 TRI,2022-03-07,18467.806090570484
Nifty 100 TRI,2022-03-08,18657.541553753177
Nifty 100 TRI,2022-03-09,19025.472716131488
Nifty 100 TRI,2022-03-10,19329.191162088653
Nifty 100 TRI,2022-03-11,19378.326229258426
Nifty 100 TRI,2022-03-14,19608.776168378306
Nifty 100 TRI,2022-03-15,19376.187125579476
Nifty 100 TRI,2022-03-16,19749.574970977672
Nifty 100 TRI,2022-03-17,20103.293602088823
Nifty 100 TRI,2022-03-21,19897.3852508583
Nifty 100 TRI,2022-03-22,20099.72573222569
Nifty 100 TRI,2022-03-23,20039.387629246
Nifty 100 TRI,2022-03-24,20021.60059193444
Nifty 100 TRI,2022-03-25,19954.017510780115
Nifty 100 TRI,2022-03-28,20015.473163798535
Nifty 100 TRI,2022-03-29,20132.73524180644
Nifty 100 TRI,2022-03-30,20318.082130626564
Nifty 100 TRI,2022-03-31,20291.28137334082
Nifty 100 TRI,2022-04-01,20543.805931429604
Nifty 100 TRI,2022-04-04,20978.74984562713
Nifty 100 TRI,2022-04-05,20909.391920436785
Nifty 100 TRI,2022-04-06,20772.225216593444
Nifty 100 TRI,2022-04-07,20595.63056943153
Nifty 100 TRI,2022-04-08,20790.01578539779
Nifty 100 TRI,2022-04-11,20726.81897387816
Nifty 100 TRI,2022-04-12,20549.55826212925
Nifty 100 TRI,2022-04-13,20501.601746133267
Nifty 100 TRI,2022-04-18,20195.66881455164
Nifty 100 TRI,2022-04-19,19925.561635325063
Nifty 100 TRI,2022-04-20,20117.41833123886
Nifty 100 TRI,2022-04-21,20409.66716477602
Nifty 100 TRI,2022-04-22,20169.951935298228
Nifty 100 TRI,2022-04-25,19895.231710965345
Nifty 100 TRI,2022-04-26,20215.012671566983
Nifty 100 TRI,2022-04-27,20009.57722693968
Nifty 100 TRI,2022-04-28,20259.68620486316
Nifty 100 TRI,2022-04-29,20078.447128750915
Nifty 100 TRI,2022-05-02,20037.154450068072
Nifty 100 TRI,2022-05-04,19560.715462397577
Nifty 100 TRI,2022-05-05,19575.843327183342
Nifty 100 TRI,2022-05-06,19246.30383623571
Nifty 100 TRI,2022-05-09,19078.350562952106
Nifty 100 TRI,2022-05-10,18946.07247127499
Nifty 100 TRI,2022-05-11,18870.166409454316
Nifty 100 TRI,2022-05-12,18438.40888810183
Nifty 100 TRI,2022-05-13,18396.02346467391
Nifty 100 TRI,2022-05-16,18504.42828098826
Nifty 100 TRI,2022-05-17,18987.878988150722
Nifty 100 TRI,2022-05-18,18973.934603258862
Nifty 100 TRI,2022-05-19,18469.9629430747
Nifty 100 TRI,2022-05-20,18964.800625107324
Nifty 100 TRI,2022-05-23,18889.745458216817
Nifty 100 TRI,2022-05-24,18778.231711811048
Nifty 100 TRI,2022-05-25,18634.822414903152
Nifty 100 TRI,2022-05-26,18813.637576026347
Nifty 100 TRI,2022-05-27,19015.664348932973
Nifty 100 TRI,2022-05-30,19387.688350028788
Nifty 100 TRI,2022-05-31,19307.023211257703
Nifty 100 TRI,2022-06-01,19217.2550763749
Nifty 100 TRI,2022-06-02,19339.768126815503
Nifty 100 TRI,2022-06-03,19256.099011603063
Nifty 100 TRI,2022-06-06,19234.76156465518
Nifty 100 TRI,2022-06-07,19062.10487647394
Nifty 100 TRI,2022-06-08,18995.399794131616
Nifty 100 TRI,2022-06-09,19139.129128926274
Nifty 100 TRI,2022-06-10,18836.98089116293
Nifty 100 TRI,2022-06-13,18358.08320017328
Nifty 100 TRI,2022-06-14,18323.65300789956
Nifty 100 TRI,2022-06-15,18288.9334660929
Nifty 100 TRI,2022-06-16,17907.598323655508
Nifty 100 TRI,2022-06-17,17795.839830972764
Nifty 100 TRI,2022-06-20,17839.382859339505
Nifty 100 TRI,2022-06-21,18198.61297082239
Nifty 100 TRI,2022-06-22,17925.169115129745
Nifty 100 TRI,2022-06-23,18098.085612249597
Nifty 100 TRI,2022-06-24,18275.62404775504
Nifty 100 TRI,2022-06-27,18429.700238738882
Nifty 100 TRI,2022-06-28,18451.7324006619
Nifty 100 TRI,2022-06-29,18387.722455963398
Nifty 100 TRI,2022-06-30,18361.45814237005
Nifty 100 TRI,2022-07-01,18358.130362104792
Nifty 100 TRI,2022-07-04,18466.370150156003
Nifty 100 TRI,2022-07-05,18447.942099119482
Nifty 100 TRI,2022-07-06,18673.011176081487
Nifty 100 TRI,2022-07-07,18838.371781705864
Nifty 100 TRI,2022-07-08,18936.928411123827
Nifty 100 TRI,2022-07-11,18986.330518647286
Nifty 100 TRI,2022-07-12,18823.714006850194
Nifty 100 TRI,2022-07-13,18724.915544638454
Nifty 100 TRI,2022-07-14,18697.668890594985
Nifty 100 TRI,2022-07-15,18818.445589982548
Nifty 100 TRI,2022-07-18,19086.82266001055
Nifty 100 TRI,2022-07-19,19163.510572716485
Nifty 100 TRI,2022-07-20,19348.341584226728
Nifty 100 TRI,2022-07-21,19473.607435710474
Nifty 100 TRI,2022-07-22,19576.964208986406
Nifty 100 TRI,2022-07-25,19488.361084965927
Nifty 100 TRI,2022-07-26,19305.838081244496
Nifty 100 TRI,2022-07-27,19486.798672939276
Nifty 100 TRI,2022-07-28,19810.72843394434
Nifty 100 TRI,2022-07-29,20078.02925978619
Nifty 100 TRI,2022-08-01,20308.70653035809
Nifty 100 TRI,2022-08-02,20331.869563715347
Nifty 100 TRI,2022-08-03,20364.613842966133
Nifty 100 TRI,2022-08-04,20373.354130371066
Nifty 100 TRI,2022-08-05,20377.01857296022
Nifty 100 TRI,2022-08-08,20528.428213818806
Nifty 100 TRI,2022-08-10,20529.995130413194
Nifty 100 TRI,2022-08-11,20679.693888353246
Nifty 100 TRI,2022-08-12,20729.894379650334
Nifty 100 TRI,2022-08-16,20906.534716196828
Nifty 100 TRI,2022-08-17,21055.41468015752
Nifty 100 TRI,2022-08-18,21089.471231319418
Nifty 100 TRI,2022-08-19,20867.009290899456
Nifty 100 TRI,2022-08-22,20547.426617600893
Nifty 100 TRI,2022-08-23,20647.41657809545
Nifty 100 TRI,2022-08-24,20693.073631931995
Nifty 100 TRI,2022-08-25,20613.361838300934
Nifty 100 TRI,2022-08-26,20667.394637610305
Nifty 100 TRI,2022-08-29,20406.967708923945
Nifty 100 TRI,2022-08-30,20922.837197657904
Nifty 100 TRI,2022-09-01,20707.01530034853
Nifty 100 TRI,2022-09-02,20698.157767924535
Nifty 100 TRI,2022-09-05,20822.42339632772
Nifty 100 TRI,2022-09-06,20834.310313710783
Nifty 100 TRI,2022-09-07,20808.23828570202
Nifty 100 TRI,2022-09-08,20994.72624928741
Nifty 100 TRI,2022-09-09,21029.269261809815
Nifty 100 TRI,2022-09-12,21172.150089422914
Nifty 100 TRI,2022-09-13,21327.650384348668
Nifty 100 TRI,2022-09-14,21272.812065380673
Nifty 100 TRI,2022-09-15,21171.043991433595
Nifty 100 TRI,2022-09-16,20733.95158145907
Nifty 100 TRI,2022-09-19,20836.895757275757
Nifty 100 TRI,2022-09-20,21065.195612246323
Nifty 100 TRI,2022-09-21,20915.421723694726
Nifty 100 TRI,2022-09-22,20845.060820492592
Nifty 100 TRI,2022-09-23,20485.136479133602
Nifty 100 TRI,2022-09-26,20089.95947285461
Nifty 100 TRI,2022-09-27,20080.956458109642
Nifty 100 TRI,2022-09-28,19911.85679223886
Nifty 100 TRI,2022-09-29,19852.65890201865
Nifty 100 TRI,2022-09-30,20166.5805156191
Nifty 100 TRI,2022-10-03,19882.24200215668
Nifty 100 TRI,2022-10-04,20343.733830678564
Nifty 100 TRI,2022-10-06,20430.188597736964
Nifty 100 TRI,2022-10-07,20406.213302360906
Nifty 100 TRI,2022-10-10,20306.230436089387
Nifty 100 TRI,2022-10-11,19997.712691774967
Nifty 100 TRI,2022-10-12,20157.55572198296
Nifty 100 TRI,2022-10-13,20017.98652516115
Nifty 100 TRI,2022-10-14,20169.56848172749
Nifty 100 TRI,2022-10-17,20319.762085296625
Nifty 100 TRI,2022-10-18,20529.580342402358
Nifty 100 TRI,2022-10-19,20547.72326233748
Nifty 100 TRI,2022-10-20,20633.159815971176
Nifty 100 TRI,2022-10-21,20609.993189338147
Nifty 100 TRI,2022-10-24,20777.111470689062
Nifty 100 TRI,2022-10-25,20703.88430855916
Nifty 100 TRI,2022-10-27,20822.954076285994
Nifty 100 TRI,2022-10-28,20856.33327141744
Nifty 100 TRI,2022-10-31,21120.419526740574
Nifty 100 TRI,2022-11-01,21283.017509059944
Nifty 100 TRI,2022-11-02,21213.378249347676
Nifty 100 TRI,2022-11-03,21185.18280644941
Nifty 100 TRI,2022-11-04,21260.09192497517
Nifty 100 TRI,2022-11-07,21365.06242635146
Nifty 100 TRI,2022-11-09,21315.73378817188
Nifty 100 TRI,2022-11-10,21155.335932468002
Nifty 100 TRI,2022-11-11,21510.768207853223
Nifty 100 TRI,2022-11-14,21507.31780790153
Nifty 100 TRI,2022-11-15,21585.685561349597
Nifty 100 TRI,2022-11-16,21563.39714355593
Nifty 100 TRI,2022-11-17,21467.953830321974
Nifty 100 TRI,2022-11-18,21411.659884914545
Nifty 100 TRI,2022-11-21,21241.82850598714
Nifty 100 TRI,2022-11-22,21326.983458593706
Nifty 100 TRI,2022-11-23,21358.210891443305
Nifty 100 TRI,2022-11-24,21583.112872959955
Nifty 100 TRI,2022-11-25,21612.6134299271
Nifty 100 TRI,2022-11-28,21666.70602784188
Nifty 100 TRI,2022-11-29,21738.859391461934
Nifty 100 TRI,2022-11-30,21926.44914451224
Nifty 100 TRI,2022-12-01,21989.229524269947
Nifty 100 TRI,2022-12-02,21870.859723701033
Nifty 100 TRI,2022-12-05,21870.166784587196
Nifty 100 TRI,2022-12-06,21817.502594583315
Nifty 100 TRI,2022-12-07,21739.968075111778
Nifty 100 TRI,2022-12-08,21796.381288205303
Nifty 100 TRI,2022-12-09,21664.586618172918
Nifty 100 TRI,2022-12-12,21670.537729000866
Nifty 100 TRI,2022-12-13,21776.640890791612
Nifty 100 TRI,2022-12-14,21841.87899084781
Nifty 100 TRI,2022-12-15,21572.708257853323
Nifty 100 TRI,2022-12-16,21390.084321990635
Nifty 100 TRI,2022-12-19,21575.818841814464
Nifty 100 TRI,2022-12-20,21537.034788734767
Nifty 100 TRI,2022-12-21,21295.109994694518
Nifty 100 TRI,2022-12-22,21199.24808857241
Nifty 100 TRI,2022-12-23,20747.88034025153
Nifty 100 TRI,2022-12-27,21186.409551613982
Nifty 100 TRI,2022-12-28,21195.74154423371
Nifty 100 TRI,2022-12-29,21280.77425726867
Nifty 100 TRI,2022-12-30,21183.087617979232
Nifty 100 TRI,2023-01-02,21272.99537125608
Nifty 100 TRI,2023-01-03,21322.712463786578
Nifty 100 TRI,2023-01-04,21087.853275104833
Nifty 100 TRI,2023-01-05,21061.388372376445
Nifty 100 TRI,2023-01-06,20904.25330126184
Nifty 100 TRI,2023-01-09,21178.742934029346
Nifty 100 TRI,2023-01-10,20985.030392751334
Nifty 100 TRI,2023-01-11,20954.783956545387
Nifty 100 TRI,2023-01-12,20925.34693412286
Nifty 100 TRI,2023-01-13,21039.78004955492
Nifty 100 TRI,2023-01-16,20981.588643796407
Nifty 100 TRI,2023-01-17,21147.411905873014
Nifty 100 TRI,2023-01-18,21253.805347968402
Nifty 100 TRI,2023-01-19,21181.82099570579
Nifty 100 TRI,2023-01-20,21095.144134175658
Nifty 100 TRI,2023-01-23,21190.15821068914
Nifty 100 TRI,2023-01-24,21186.2628170849
Nifty 100 TRI,2023-01-25,20872.319227948225
Nifty 100 TRI,2023-01-27,20432.672258536513
Nifty 100 TRI,2023-01-30,20408.533116449093
Nifty 100 TRI,2023-01-31,20443.112264690422
Nifty 100 TRI,2023-02-01,20345.281060340985
Nifty 100 TRI,2023-02-02,20315.974752049606
Nifty 100 TRI,2023-02-03,20545.584658327494
Nifty 100 TRI,2023-02-06,20459.589342685314
Nifty 100 TRI,2023-02-07,20411.809297312047
Nifty 100 TRI,2023-02-08,20586.97631693264
Nifty 100 TRI,2023-02-09,20592.351717586735
Nifty 100 TRI,2023-02-10,20548.463083028637
Nifty 100 TRI,2023-02-13,20422.474964937406
Nifty 100 TRI,2023-02-14,20571.00897777521
Nifty 100 TRI,2023-02-15,20669.992116381454
Nifty 100 TRI,2023-02-16,20703.262767185177
Nifty 100 TRI,2023-02-17,20594.92542827052
Nifty 100 TRI,2023-02-20,20487.67977694776
Nifty 100 TRI,2023-02-21,20462.251699515513
Nifty 100 TRI,2023-02-22,20149.830109239636
Nifty 100 TRI,2023-02-23,20093.933750873304
Nifty 100 TRI,2023-02-24,20043.32124761817
Nifty 100 TRI,2023-02-27,19945.465496384564
Nifty 100 TRI,2023-02-28,19862.055363450894
Nifty 100 TRI,2023-03-01,20042.562263033178
Nifty 100 TRI,2023-03-02,19916.769841126108
Nifty 100 TRI,2023-03-03,20215.48522528951
Nifty 100 TRI,2023-03-06,20357.583398735555
Nifty 100 TRI,2023-03-08,20413.273236706515
Nifty 100 TRI,2023-03-09,20234.13973239339
Nifty 100 TRI,2023-03-10,20055.74768938778
Nifty 100 TRI,2023-03-13,19770.575035880673
Nifty 100 TRI,2023-03-14,19643.031298815273
Nifty 100 TRI,2023-03-15,19571.604940547
Nifty 100 TRI,2023-03-16,19603.937448755343
Nifty 100 TRI,2023-03-17,19735.56375975015
Nifty 100 TRI,2023-03-20,19607.467332769193
Nifty 100 TRI,2023-03-21,19744.986545422227
Nifty 100 TRI,2023-03-22,19810.492502230958
Nifty 100 TRI,2023-03-23,19732.013418422524
Nifty 100 TRI,2023-03-24,19585.68925714389
Nifty 100 TRI,2023-03-27,19608.132550227383
Nifty 100 TRI,2023-03-28,19546.0388348225
Nifty 100 TRI,2023-03-29,19689.531879100236
Nifty 100 TRI,2023-03-31,20002.96569560896
Nifty 100 TRI,2023-04-03,20050.018748185295
Nifty 100 TRI,2023-04-05,20225.120567070717
Nifty 100 TRI,2023-04-06,20273.21795322957
Nifty 100 TRI,2023-04-10,20312.93674725851
Nifty 100 TRI,2023-04-11,20423.686451841546
Nifty 100 TRI,2023-04-12,20524.662596893813
Nifty 100 TRI,2023-04-13,20534.99500996574
Nifty 100 TRI,2023-04-17,20431.104702352306
Nifty 100 TRI,2023-04-18,20393.860359484046
Nifty 100 TRI,2023-04-19,20330.057684096508
Nifty 100 TRI,2023-04-20,20335.901862047103
Nifty 100 TRI,2023-04-21,20331.263543285517
Nifty 100 TRI,2023-04-24,20460.568601061634
Nifty 100 TRI,2023-04-25,20502.822354577216
Nifty 100 TRI,2023-04-26,20556.553579496023
Nifty 100 TRI,2023-04-27,20667.255851349742
Nifty 100 TRI,2023-04-28,20859.055458486848
Nifty 100 TRI,2023-05-02,20961.45938494831
Nifty 100 TRI,2023-05-03,20906.033786353837
Nifty 100 TRI,2023-05-04,21091.648479308045
Nifty 100 TRI,2023-05-05,20905.356999112915
Nifty 100 TRI,2023-05-08,21116.48459665109
Nifty 100 TRI,2023-05-09,21112.045751890553
Nifty 100 TRI,2023-05-10,21178.99409410473
Nifty 100 TRI,2023-05-11,21183.706511734832
Nifty 100 TRI,2023-05-12,21193.43008029061
Nifty 100 TRI,2023-05-15,21284.451186489292
Nifty 100 TRI,2023-05-16,21173.462866179456
Nifty 100 TRI,2023-05-17,21051.156690406722
Nifty 100 TRI,2023-05-18,20969.18302445543
Nifty 100 TRI,2023-05-19,21056.901653590445
Nifty 100 TRI,2023-05-22,21199.70299596448
Nifty 100 TRI,2023-05-23,21245.81380167031
Nifty 100 TRI,2023-05-24,21188.491188375254
Nifty 100 TRI,2023-05-25,21240.084876126002
Nifty 100 TRI,2023-05-26,21450.11329399364
Nifty 100 TRI,2023-05-29,21565.755497895298
Nifty 100 TRI,2023-05-30,21597.65936776938
Nifty 100 TRI,2023-05-31,21506.68651828729
Nifty 100 TRI,2023-06-01,21469.41881249339
Nifty 100 TRI,2023-06-02,21530.0202084352
Nifty 100 TRI,2023-06-05,21598.626296792037
Nifty 100 TRI,2023-06-06,21615.72335285653
Nifty 100 TRI,2023-06-07,21770.260052649544
Nifty 100 TRI,2023-06-08,21658.204436325417
Nifty 100 TRI,2023-06-09,21587.971932111115
Nifty 100 TRI,2023-06-12,21641.25756104187
Nifty 100 TRI,2023-06-13,21784.62325039613
Nifty 100 TRI,2023-06-14,21828.864053061923
Nifty 100 TRI,2023-06-15,21769.358306075454
Nifty 100 TRI,2023-06-16,21939.296863824587
Nifty 100 TRI,2023-06-19,21864.88123929217
Nifty 100 TRI,2023-06-20,21937.788452538058
Nifty 100 TRI,2023-06-21,21977.319316628575
Nifty 100 TRI,2023-06-22,21855.40919486828
Nifty 100 TRI,2023-06-23,21707.986282750237
Nifty 100 TRI,2023-06-26,21753.486368809692
Nifty 100 TRI,2023-06-27,21892.66699009984
Nifty 100 TRI,2023-06-28,22068.457985786048
Nifty 100 TRI,2023-06-30,22301.624395668998
Nifty 100 TRI,2023-07-03,22449.143603616816
Nifty 100 TRI,2023-07-04,22504.475900178953
Nifty 100 TRI,2023-07-05,22537.269224525982
Nifty 100 TRI,2023-07-06,22653.863913890378
Nifty 100 TRI,2023-07-07,22463.706700610805
Nifty 100 TRI,2023-07-10,22473.333329174537
Nifty 100 TRI,2023-07-11,22583.695041322586
Nifty 100 TRI,2023-07-12,22537.88413916145
Nifty 100 TRI,2023-07-13,22551.706913814443
Nifty 100 TRI,2023-07-14,22726.74637762021
Nifty 100 TRI,2023-07-17,22881.9791507764
Nifty 100 TRI,2023-07-18,22907.38168452847
Nifty 100 TRI,2023-07-19,23007.3331526211
Nifty 100 TRI,2023-07-20,23149.76765851782
Nifty 100 TRI,2023-07-21,22906.01432641677
Nifty 100 TRI,2023-07-24,22835.81288002137
Nifty 100 TRI,2023-07-25,22867.533505233554
Nifty 100 TRI,2023-07-26,22979.487548450965
Nifty 100 TRI,2023-07-27,22868.91575468408
Nifty 100 TRI,2023-07-28,22886.030723885662
Nifty 100 TRI,2023-07-31,23003.831513428035
Nifty 100 TRI,2023-08-01,22981.850015344382
Nifty 100 TRI,2023-08-02,22733.95474929689
Nifty 100 TRI,2023-08-03,22575.534112049463
Nifty 100 TRI,2023-08-04,22737.49214224644
Nifty 100 TRI,2023-08-07,22825.37411161
Nifty 100 TRI,2023-08-08,22797.650812673313
Nifty 100 TRI,2023-08-09,22865.459080320514
Nifty 100 TRI,2023-08-10,22759.096666009853
Nifty 100 TRI,2023-08-11,22638.168742145583
Nifty 100 TRI,2023-08-14,22607.591202878768
Nifty 100 TRI,2023-08-16,22641.061628970107
Nifty 100 TRI,2023-08-17,22532.558489369163
Nifty 100 TRI,2023-08-18,22468.73067204672
Nifty 100 TRI,2023-08-21,22581.135151829974
Nifty 100 TRI,2023-08-22,22607.727346904696
Nifty 100 TRI,2023-08-23,22651.93134216422
Nifty 100 TRI,2023-08-24,22606.869958379968
Nifty 100 TRI,2023-08-25,22456.218178427498
Nifty 100 TRI,2023-08-28,22516.81264488341
Nifty 100 TRI,2023-08-29,22573.3067348608
Nifty 100 TRI,2023-08-30,22593.120317552333
Nifty 100 TRI,2023-08-31,22473.7391554037
Nifty 100 TRI,2023-09-01,22683.013184550695
Nifty 100 TRI,2023-09-04,22805.443112224933
Nifty 100 TRI,2023-09-05,22859.736940030256
Nifty 100 TRI,2023-09-06,22915.616533186563
Nifty 100 TRI,2023-09-07,23047.816019478403
Nifty 100 TRI,2023-09-08,23164.281901306433
Nifty 100 TRI,2023-09-11,23379.216079595197
Nifty 100 TRI,2023-09-12,23303.242353538368
Nifty 100 TRI,2023-09-13,23389.064911509224
Nifty 100 TRI,2023-09-14,23444.91935100426
Nifty 100 TRI,2023-09-15,23543.62983506269
Nifty 100 TRI,2023-09-18,23484.94501895155
Nifty 100 TRI,2023-09-20,23224.81857649761
Nifty 100 TRI,2023-09-21,23040.84420199045
Nifty 100 TRI,2023-09-22,22970.6869734684
Nifty 100 TRI,2023-09-25,22964.515791675676
Nifty 100 TRI,2023-09-26,22964.39223300941
Nifty 100 TRI,2023-09-27,23022.48065890198
Nifty 100 TRI,2023-09-28,22785.155866154575
Nifty 100 TRI,2023-09-29,22932.85756599686
Nifty 100 TRI,2023-10-03,22837.276974279033
Nifty 100 TRI,2023-10-04,22701.65005395527
Nifty 100 TRI,2023-10-05,22819.38583343574
Nifty 100 TRI,2023-10-06,22947.203831366933
Nifty 100 TRI,2023-10-09,22767.361655876546
Nifty 100 TRI,2023-10-10,22988.068854271394
Nifty 100 TRI,2023-10-11,23129.80427131721
Nifty 100 TRI,2023-10-12,23120.424845046342
Nifty 100 TRI,2023-10-13,23078.58136886029
Nifty 100 TRI,2023-10-16,23068.079311586076
Nifty 100 TRI,2023-10-17,23160.616690601026
Nifty 100 TRI,2023-10-18,22988.476307724755
Nifty 100 TRI,2023-10-19,22931.792056290793
Nifty 100 TRI,2023-10-20,22822.524927329934
Nifty 100 TRI,2023-10-23,22497.491239991778
Nifty 100 TRI,2023-10-25,22317.69870950638
Nifty 100 TRI,2023-10-26,22020.897808112884
Nifty 100 TRI,2023-10-27,22274.366624312846
Nifty 100 TRI,2023-10-30,22376.116136607237
Nifty 100 TRI,2023-10-31,22323.54768445285
Nifty 100 TRI,2023-11-01,22215.21102229022
Nifty 100 TRI,2023-11-02,22409.453129986658
Nifty 100 TRI,2023-11-03,22544.94881502411
Nifty 100 TRI,2023-11-06,22754.960015254735
Nifty 100 TRI,2023-11-07,22776.528747382585
Nifty 100 TRI,2023-11-08,22839.85764328835
Nifty 100 TRI,2023-11-09,22774.620338429242
Nifty 100 TRI,2023-11-10,22811.793574819716
Nifty 100 TRI,2023-11-13,22850.466310058997
Nifty 100 TRI,2023-11-15,23113.391992003537
Nifty 100 TRI,2023-11-16,23216.822743712837
Nifty 100 TRI,2023-11-17,23203.092567847143
Nifty 100 TRI,2023-11-20,23155.384093363828
Nifty 100 TRI,2023-11-21,23245.04681583552
Nifty 100 TRI,2023-11-22,23260.539517847898
Nifty 100 TRI,2023-11-23,23261.948935763823
Nifty 100 TRI,2023-11-24,23254.202355543846
Nifty 100 TRI,2023-11-28,23405.75683525409
Nifty 100 TRI,2023-11-29,23638.789476883365
Nifty 100 TRI,2023-11-30,23715.700663403957
Nifty 100 TRI,2023-12-01,23879.082586725497
Nifty 100 TRI,2023-12-04,24372.99884634579
Nifty 100 TRI,2023-12-05,24598.48499838201
Nifty 100 TRI,2023-12-06,24746.017366118078
Nifty 100 TRI,2023-12-07,24749.47495976106
Nifty 100 TRI,2023-12-08,24786.577454720416
Nifty 100 TRI,2023-12-11,24853.214310780244
Nifty 100 TRI,2023-12-12,24732.593672286992
Nifty 100 TRI,2023-12-13,24782.034502375653
Nifty 100 TRI,2023-12-14,25093.820357886445
Nifty 100 TRI,2023-12-15,25366.276526111407
Nifty 100 TRI,2023-12-18,25356.926705427406
Nifty 100 TRI,2023-12-19,25402.111530127102
Nifty 100 TRI,2023-12-20,24985.245342226783
Nifty 100 TRI,2023-12-21,25144.500762662137
Nifty 100 TRI,2023-12-22,25270.750885126814
Nifty 100 TRI,2023-12-26,25401.469263251656
Nifty 100 TRI,2023-12-27,25635.50711849537
Nifty 100 TRI,2023-12-28,25773.084477123808
Nifty 100 TRI,2023-12-29,25758.77809329287
Nifty 100 TRI,2024-01-02,25699.480650205078
Nifty 100 TRI,2024-01-03,25590.078747314063
Nifty 100 TRI,2024-01-04,25782.580483580878
Nifty 100 TRI,2024-01-05,25830.74569825412
Nifty 100 TRI,2024-01-08,25593.839214853488
Nifty 100 TRI,2024-01-09,25646.94353991344
Nifty 100 TRI,2024-01-10,25730.91344695133
Nifty 100 TRI,2024-01-11,25798.075383144947
Nifty 100 TRI,2024-01-12,26054.247544833263
Nifty 100 TRI,2024-01-15,26268.085379117485
Nifty 100 TRI,2024-01-16,26193.577339683594
Nifty 100 TRI,2024-01-17,25683.36307531323
Nifty 100 TRI,2024-01-18,25555.085713919805
Nifty 100 TRI,2024-01-19,25774.620197007473
Nifty 100 TRI,2024-01-23,25296.953718663925
Nifty 100 TRI,2024-01-24,25579.21165460961
Nifty 100 TRI,2024-01-25,25486.599286860386
Nifty 100 TRI,2024-01-29,25931.501842376885
Nifty 100 TRI,2024-01-30,25702.526078892424
Nifty 100 TRI,2024-01-31,25945.044106001005
Nifty 100 TRI,2024-02-01,25931.899802173695
Nifty 100 TRI,2024-02-02,26120.37474552451
Nifty 100 TRI,2024-02-05,26022.414790169703
Nifty 100 TRI,2024-02-06,26242.105008595274
Nifty 100 TRI,2024-02-07,26318.82060916492
Nifty 100 TRI,2024-02-08,26130.330815517755
Nifty 100 TRI,2024-02-09,26183.982602011725
Nifty 100 TRI,2024-02-12,25944.93166212595
Nifty 100 TRI,2024-02-13,26110.055204196356
Nifty 100 TRI,2024-02-14,26266.127288841573
Nifty 100 TRI,2024-02-15,26375.53443485521
Nifty 100 TRI,2024-02-16,26535.80466493579
Nifty 100 TRI,2024-02-20,26709.986463690177
Nifty 100 TRI,2024-02-21,26548.38487798155
Nifty 100 TRI,2024-02-22,26758.680392755286
Nifty 100 TRI,2024-02-23,26770.10706174596
Nifty 100 TRI,2024-02-26,26694.573973370494
Nifty 100 TRI,2024-02-27,26759.761736518267
Nifty 100 TRI,2024-02-28,26449.02166342698
Nifty 100 TRI,2024-02-29,26530.811390121984
Nifty 100 TRI,2024-03-01,26927.200020036355
Nifty 100 TRI,2024-03-04,27027.531118370178
Nifty 100 TRI,2024-03-05,26976.478681336066
Nifty 100 TRI,2024-03-06,27080.744125428962
Nifty 100 TRI,2024-03-07,27137.89672986251
Nifty 100 TRI,2024-03-11,26976.07488506904
Nifty 100 TRI,2024-03-12,26912.755582181202
Nifty 100 TRI,2024-03-13,26393.01076804083
Nifty 100 TRI,2024-03-14,26658.719264250834
Nifty 100 TRI,2024-03-15,26507.649004732957
Nifty 100 TRI,2024-03-18,26565.20495220197
Nifty 100 TRI,2024-03-19,26252.057600120894
Nifty 100 TRI,2024-03-20,26291.99728306733
Nifty 100 TRI,2024-03-21,26565.371401456534
Nifty 100 TRI,2024-03-22,26678.168706222816
Nifty 100 TRI,2024-03-26,26643.687433084062
Nifty 100 TRI,2024-03-27,26759.15980199754
Nifty 100 TRI,2024-03-28,27022.065020191512
Nifty 100 TRI,2024-04-01,27245.732901082833
Nifty 100 TRI,2024-04-02,27283.722035468854
Nifty 100 TRI,2024-04-03,27282.38608130301
Nifty 100 TRI,2024-04-04,27365.189835332967
Nifty 100 TRI,2024-04-05,27406.902285888194
Nifty 100 TRI,2024-04-08,27574.630561214097
Nifty 100 TRI,2024-04-09,27538.570890617397
Nifty 100 TRI,2024-04-10,27687.921860036124
Nifty 100 TRI,2024-04-12,27430.613663940996
Nifty 100 TRI,2024-04-15,27094.008789531523
Nifty 100 TRI,2024-04-16,26980.770482238753
Nifty 100 TRI,2024-04-18,26829.183257201257
Nifty 100 TRI,2024-04-19,26971.24449769232
Nifty 100 TRI,2024-04-22,27232.63911766804
Nifty 100 TRI,2024-04-23,27277.380496600857
Nifty 100 TRI,2024-04-24,27339.473320472764
Nifty 100 TRI,2024-04-25,27531.617163231836
Nifty 100 TRI,2024-04-26,27417.289043012843
Nifty 100 TRI,2024-04-29,27670.06282144069
Nifty 100 TRI,2024-04-30,27662.42411402433
Nifty 100 TRI,2024-05-02,27788.087175168268
Nifty 100 TRI,2024-05-03,27601.91032656695
Nifty 100 TRI,2024-05-06,27504.490754667593
Nifty 100 TRI,2024-05-07,27276.425841115593
Nifty 100 TRI,2024-05-08,27350.885748529246
Nifty 100 TRI,2024-05-09,26908.148930058782
Nifty 100 TRI,2024-05-10,27049.489898881955
Nifty 100 TRI,2024-05-13,27108.155150541665
Nifty 100 TRI,2024-05-14,27300.241710426002
Nifty 100 TRI,2024-05-15,27319.689310634953
Nifty 100 TRI,2024-05-16,27568.308693711235
Nifty 100 TRI,2024-05-17,27688.271725044724
Nifty 100 TRI,2024-05-21,27840.545612336075
Nifty 100 TRI,2024-05-22,27917.129020518063
Nifty 100 TRI,2024-05-23,28329.730327506197
Nifty 100 TRI,2024-05-24,28328.074200011964
Nifty 100 TRI,2024-05-27,28307.155444821125
Nifty 100 TRI,2024-05-28,28206.608933756765
Nifty 100 TRI,2024-05-29,27987.605102788737
Nifty 100 TRI,2024-05-30,27726.9978327603
Nifty 100 TRI,2024-05-31,27789.12658674487
Nifty 100 TRI,2024-06-03,28768.362347094444
Nifty 100 TRI,2024-06-04,26873.10308822124
Nifty 100 TRI,2024-06-05,27832.68501768101
Nifty 100 TRI,2024-06-06,28136.46066368764
Nifty 100 TRI,2024-06-07,28680.068230745692
Nifty 100 TRI,2024-06-10,28689.138878442427
Nifty 100 TRI,2024-06-11,28690.035676652966
Nifty 100 TRI,2024-06-12,28782.959299060163
Nifty 100 TRI,2024-06-13,28903.018916594247
Nifty 100 TRI,2024-06-14,29048.44642642236
Nifty 100 TRI,2024-06-18,29184.862275520103
Nifty 100 TRI,2024-06-19,29086.985910779997
Nifty 100 TRI,2024-06-20,29147.076697380384
Nifty 100 TRI,2024-06-21,29036.540322117417
Nifty 100 TRI,2024-06-24,29117.791086273126
Nifty 100 TRI,2024-06-25,29279.899579824476
Nifty 100 TRI,2024-06-26,29410.26228516051
Nifty 100 TRI,2024-06-27,29599.831091860946
Nifty 100 TRI,2024-06-28,29578.049282164062
Nifty 100 TRI,2024-07-01,29756.788569023294
Nifty 100 TRI,2024-07-02,29715.728442383053
Nifty 100 TRI,2024-07-03,29937.762393399138
Nifty 100 TRI,2024-07-04,29980.996571976175
Nifty 100 TRI,2024-07-05,30039.6714713099
Nifty 100 TRI,2024-07-08,30045.580769973498
Nifty 100 TRI,2024-07-09,30190.46461285101
Nifty 100 TRI,2024-07-10,30085.68868815129
Nifty 100 TRI,2024-07-11,30096.337070772734
Nifty 100 TRI,2024-07-12,30267.274301275313
Nifty 100 TRI,2024-07-15,30411.024933279416
Nifty 100 TRI,2024-07-16,30392.038112502625
Nifty 100 TRI,2024-07-18,30519.29725308632
Nifty 100 TRI,2024-07-19,30125.09265988187
Nifty 100 TRI,2024-07-22,30175.10829427478
Nifty 100 TRI,2024-07-23,30092.35964555116
Nifty 100 TRI,2024-07-24,30057.197945214808
Nifty 100 TRI,2024-07-25,30080.163180658576
Nifty 100 TRI,2024-07-26,30595.53555327476
Nifty 100 TRI,2024-07-29,30669.883941099335
Nifty 100 TRI,2024-07-30,30685.356028332833
Nifty 100 TRI,2024-07-31,30818.475008660782
Nifty 100 TRI,2024-08-01,30857.69754168516
Nifty 100 TRI,2024-08-02,30520.21301007015
Nifty 100 TRI,2024-08-05,29660.22381553867
Nifty 100 TRI,2024-08-06,29540.106496793316
Nifty 100 TRI,2024-08-07,30024.704151772305
Nifty 100 TRI,2024-08-08,29803.37697275371
Nifty 100 TRI,2024-08-09,30117.326823397856
Nifty 100 TRI,2024-08-12,30073.90607030867
Nifty 100 TRI,2024-08-13,29801.42084276487
Nifty 100 TRI,2024-08-14,29808.990825416007
Nifty 100 TRI,2024-08-16,30306.180000795226
Nifty 100 TRI,2024-08-19,30380.136239541993
Nifty 100 TRI,2024-08-20,30552.028482992995
Nifty 100 TRI,2024-08-21,30637.068506983658
Nifty 100 TRI,2024-08-22,30705.997859872758
Nifty 100 TRI,2024-08-23,30701.750669982583
Nifty 100 TRI,2024-08-26,30907.509626169063
Nifty 100 TRI,2024-08-27,30916.128754555164
Nifty 100 TRI,2024-08-28,30957.10897412952
Nifty 100 TRI,2024-08-29,31043.668797574315
Nifty 100 TRI,2024-08-30,31146.059557711927
Nifty 100 TRI,2024-09-02,31221.267588238195
Nifty 100 TRI,2024-09-03,31230.314166897726
Nifty 100 TRI,2024-09-04,31153.227428352402
Nifty 100 TRI,2024-09-05,31110.873896283396
Nifty 100 TRI,2024-09-06,30743.75309563263
Nifty 100 TRI,2024-09-09,30845.082544257453
Nifty 100 TRI,2024-09-10,30969.44443729046
Nifty 100 TRI,2024-09-11,30819.455252250937
Nifty 100 TRI,2024-09-12,31381.85957252374
Nifty 100 TRI,2024-09-13,31334.10690211808
Nifty 100 TRI,2024-09-16,31377.16660249593
Nifty 100 TRI,2024-09-17,31399.509141018498
Nifty 100 TRI,2024-09-18,31339.944238091204
Nifty 100 TRI,2024-09-19,31347.101963059748
Nifty 100 TRI,2024-09-20,31817.68777364352
Nifty 100 TRI,2024-09-23,32062.025570343136
Nifty 100 TRI,2024-09-24,32067.19383595529
Nifty 100 TRI,2024-09-25,32096.98245485341
Nifty 100 TRI,2024-09-26,32340.88503920093
Nifty 100 TRI,2024-09-27,32339.180437760595
Nifty 100 TRI,2024-09-30,31911.003312220706
Nifty 100 TRI,2024-10-01,31906.316207960135
Nifty 100 TRI,2024-10-03,31220.20388908452
Nifty 100 TRI,2024-10-04,30925.476840730535
Nifty 100 TRI,2024-10-07,30565.117492568203
Nifty 100 TRI,2024-10-08,30931.45364104616
Nifty 100 TRI,2024-10-09,30955.399057331426
Nifty 100 TRI,2024-10-10,30959.87661955288
Nifty 100 TRI,2024-10-11,30930.876942651805
Nifty 100 TRI,2024-10-14,31104.893877730025
Nifty 100 TRI,2024-10-15,31048.050397458202
Nifty 100 TRI,2024-10-16,30941.095977656158
Nifty 100 TRI,2024-10-17,30594.56978988704
Nifty 100 TRI,2024-10-18,30700.685075823803
Nifty 100 TRI,2024-10-21,30568.198757525817
Nifty 100 TRI,2024-10-22,30104.378696733824
Nifty 100 TRI,2024-10-23,30072.90031562673
Nifty 100 TRI,2024-10-24,30020.337555751936
Nifty 100 TRI,2024-10-25,29720.53692205619
Nifty 100 TRI,2024-10-28,29905.437681510768
Nifty 100 TRI,2024-10-29,30080.054367516444
Nifty 100 TRI,2024-10-30,29931.136026070242
Nifty 100 TRI,2024-10-31,29771.157611349667
Nifty 100 TRI,2024-11-01,29920.836364397277
Nifty 100 TRI,2024-11-04,29535.652360378124
Nifty 100 TRI,2024-11-05,29777.96764481977
Nifty 100 TRI,2024-11-06,30185.824776525504
Nifty 100 TRI,2024-11-07,29839.368736635297
Nifty 100 TRI,2024-11-08,29712.37870896557
Nifty 100 TRI,2024-11-11,29727.833641485715
Nifty 100 TRI,2024-11-12,29375.002173785215
Nifty 100 TRI,2024-11-13,28937.99437700321
Nifty 100 TRI,2024-11-14,28961.661615007313
Nifty 100 TRI,2024-11-18,28888.427794741783
Nifty 100 TRI,2024-11-19,28977.064292325544
Nifty 100 TRI,2024-11-21,28694.253470517793
Nifty 100 TRI,2024-11-22,29313.816015883884
Nifty 100 TRI,2024-11-25,29719.189193119335
Nifty 100 TRI,2024-11-26,29707.69410579116
Nifty 100 TRI,2024-11-27,29865.77334014008
Nifty 100 TRI,2024-11-28,29535.162340714593
Nifty 100 TRI,2024-11-29,29795.102937708478
Nifty 100 TRI,2024-12-02,29969.771686424552
Nifty 100 TRI,2024-12-03,30202.88416508634
Nifty 100 TRI,2024-12-04,30245.761803766312
Nifty 100 TRI,2024-12-05,30519.758976418183
Nifty 100 TRI,2024-12-06,30528.03585562944
Nifty 100 TRI,2024-12-09,30448.354103876412
Nifty 100 TRI,2024-12-10,30456.569061675174
Nifty 100 TRI,2024-12-11,30499.110493736716
Nifty 100 TRI,2024-12-12,30394.714172679338
Nifty 100 TRI,2024-12-13,30607.815217461062
Nifty 100 TRI,2024-12-16,30525.683392170373
Nifty 100 TRI,2024-12-17,30132.637466017597
Nifty 100 TRI,2024-12-18,29914.675800715937
Nifty 100 TRI,2024-12-19,29615.059715835418
Nifty 100 TRI,2024-12-20,29097.095588198106
Nifty 100 TRI,2024-12-23,29279.791422977174
Nifty 100 TRI,2024-12-24,29248.391461797448
Nifty 100 TRI,2024-12-26,29296.705696033576
Nifty 100 TRI,2024-12-27,29322.324278091604
Nifty 100 TRI,2024-12-30,29169.176530286106
Nifty 100 TRI,2024-12-31,29164.01794112567
Nifty 100 TRI,2025-01-02,29801.004627193004
Nifty 100 TRI,2025-01-03,29624.700749944128
Nifty 100 TRI,2025-01-06,29061.898493346394
Nifty 100 TRI,2025-01-07,29150.455828276918
Nifty 100 TRI,2025-01-08,29089.440158227768
Nifty 100 TRI,2025-01-09,28859.780202336588
Nifty 100 TRI,2025-01-10,28661.246896924014
Nifty 100 TRI,2025-01-13,28094.98718798558
Nifty 100 TRI,2025-01-14,28314.917081115505
Nifty 100 TRI,2025-01-15,28397.69583382733
Nifty 100 TRI,2025-01-16,28571.790805812416
Nifty 100 TRI,2025-01-17,28503.04963928031
Nifty 100 TRI,2025-01-20,28652.381755249735
Nifty 100 TRI,2025-01-21,28195.810488128212
Nifty 100 TRI,2025-01-22,28284.562828940878
Nifty 100 TRI,2025-01-23,28386.66587475524
Nifty 100 TRI,2025-01-24,28193.37919757953
Nifty 100 TRI,2025-01-27,27790.887065547337
Nifty 100 TRI,2025-01-28,27935.002530684287
Nifty 100 TRI,2025-01-29,28241.330141171977
Nifty 100 TRI,2025-01-30,28333.207260628616
Nifty 100 TRI,2025-01-31,28669.069830860186
Nifty 100 TRI,2025-02-03,28484.608620376883
Nifty 100 TRI,2025-02-04,28942.770473709254
Nifty 100 TRI,2025-02-05,28933.89861713582
Nifty 100 TRI,2025-02-06,28803.369291203293
Nifty 100 TRI,2025-02-07,28762.065297601996
Nifty 100 TRI,2025-02-10,28492.673540570388
Nifty 100 TRI,2025-02-11,28057.04206971386
Nifty 100 TRI,2025-02-12,28031.263570948457
Nifty 100 TRI,2025-02-13,28028.08131575744
Nifty 100 TRI,2025-02-14,27814.78468545379
Nifty 100 TRI,2025-02-17,27839.202583912112
Nifty 100 TRI,2025-02-18,27826.173443811782
Nifty 100 TRI,2025-02-19,27871.46641619245
Nifty 100 TRI,2025-02-20,27923.560205999864
Nifty 100 TRI,2025-02-21,27760.7204100423
Nifty 100 TRI,2025-02-24,27462.634921996767
Nifty 100 TRI,2025-02-25,27422.3912625866
Nifty 100 TRI,2025-02-27,27377.982090571782
Nifty 100 TRI,2025-02-28,26819.577103170093
Nifty 100 TRI,2025-03-03,26863.886104819565
Nifty 100 TRI,2025-03-04,26853.74037030384
Nifty 100 TRI,2025-03-05,27229.261658288186
Nifty 100 TRI,2025-03-06,27492.755874276587
Nifty 100 TRI,2025-03-07,27480.479879073406
Nifty 100 TRI,2025-03-10,27319.947465980502
Nifty 100 TRI,2025-03-11,27382.91680609628
Nifty 100 TRI,2025-03-12,27356.67299313762
Nifty 100 TRI,2025-03-13,27259.703002174043
Nifty 100 TRI,2025-03-17,27410.336860065643
Nifty 100 TRI,2025-03-18,27864.483803586383
Nifty 100 TRI,2025-03-19,28018.22427646045
Nifty 100 TRI,2025-03-20,28332.438233101326
Nifty 100 TRI,2025-03-21,28538.08489972806
Nifty 100 TRI,2025-03-24,28913.785733877106
Nifty 100 TRI,2025-03-25,28849.968571435136
Nifty 100 TRI,2025-03-26,28648.577263938525
Nifty 100 TRI,2025-03-27,28834.2755081385
Nifty 100 TRI,2025-03-28,28730.557811377206
Nifty 100 TRI,2025-04-01,28324.27986016085
Nifty 100 TRI,2025-04-02,28549.89905755354
Nifty 100 TRI,2025-04-03,28469.026673419106
Nifty 100 TRI,2025-04-04,27992.15337658897
Nifty 100 TRI,2025-04-07,27092.725705285844
Nifty 100 TRI,2025-04-08,27571.272102977888
Nifty 100 TRI,2025-04-09,27422.661797742407
Nifty 100 TRI,2025-04-11,27922.6133503942
Nifty 100 TRI,2025-04-15,28581.61028321512
Nifty 100 TRI,2025-04-16,28725.847959490176
Nifty 100 TRI,2025-04-17,29182.315093109828
Nifty 100 TRI,2025-04-21,29553.929433112327
Nifty 100 TRI,2025-04-22,29608.343241685496
Nifty 100 TRI,2025-04-23,29808.47699483247
Nifty 100 TRI,2025-04-24,29718.562132813917
Nifty 100 TRI,2025-04-25,29385.36966647246
Nifty 100 TRI,2025-04-28,29738.427549083393
Nifty 100 TRI,2025-04-29,29735.17548766695
Nifty 100 TRI,2025-04-30,29704.42327120388
Nifty 100 TRI,2025-05-02,29712.979286298894
Nifty 100 TRI,2025-05-05,29908.66490121872
Nifty 100 TRI,2025-05-06,29703.130671063183
Nifty 100 TRI,2025-05-07,29763.679251816375
Nifty 100 TRI,2025-05-08,29514.532542059773
Nifty 100 TRI,2025-05-09,29227.99230220242
Nifty 100 TRI,2025-05-12,30360.083431655778
Nifty 100 TRI,2025-05-13,30009.115329547483
Nifty 100 TRI,2025-05-14,30137.218575869774
Nifty 100 TRI,2025-05-15,30592.572298219387
Nifty 100 TRI,2025-05-16,30617.63904729038
Nifty 100 TRI,2025-05-19,30571.115495912167
Nifty 100 TRI,2025-05-20,30209.839086876673
Nifty 100 TRI,2025-05-21,30402.89059899018
Nifty 100 TRI,2025-05-22,30179.967307786705
Nifty 100 TRI,2025-05-23,30457.573024090132
Nifty 100 TRI,2025-05-26,30632.53759267577
Nifty 100 TRI,2025-05-27,30441.95456492845
Nifty 100 TRI,2025-05-28,30352.969503586843
Nifty 100 TRI,2025-05-29,30444.049219211345
Nifty 100 TRI,2025-05-30,30334.94873129321
Nifty 100 TRI,2025-06-02,30325.478886454268
Nifty 100 TRI,2025-06-03,30121.131853006085
Nifty 100 TRI,2025-06-04,30216.290834198833
Nifty 100 TRI,2025-06-05,30371.91361291508
Nifty 100 TRI,2025-06-06,30695.098685111105
Nifty 100 TRI,2025-06-09,30866.7592068993
Nifty 100 TRI,2025-06-10,30875.095855161344
Nifty 100 TRI,2025-06-11,30902.051601137442
Nifty 100 TRI,2025-06-12,30549.234497616995
Nifty 100 TRI,2025-06-13,30334.522272637074
Nifty 100 TRI,2025-06-16,30607.688235922193
Nifty 100 TRI,2025-06-17,30476.9651681971
Nifty 100 TRI,2025-06-18,30419.775685669334
Nifty 100 TRI,2025-06-19,30327.903131586063
Nifty 100 TRI,2025-06-20,30722.27696421041
Nifty 100 TRI,2025-06-23,30586.75403326143
Nifty 100 TRI,2025-06-24,30706.01638748001
Nifty 100 TRI,2025-06-25,30935.624072795617
Nifty 100 TRI,2025-06-26,31294.63841352245
Nifty 100 TRI,2025-06-27,31418.550564309702
Nifty 100 TRI,2025-06-30,31321.113264047857
Nifty 100 TRI,2025-07-01,31342.111723421724
Nifty 100 TRI,2025-07-02,31237.70994209367
Nifty 100 TRI,2025-07-03,31160.86059346812
Nifty 100 TRI,2025-07-04,31238.241093231278
Nifty 100 TRI,2025-07-07,31251.02409711721
Nifty 100 TRI,2025-07-08,31313.855503106686
Nifty 100 TRI,2025-07-09,31264.5603505878
Nifty 100 TRI,2025-07-10,31130.637235827773
Nifty 100 TRI,2025-07-11,30879.35420028482
Nifty 100 TRI,2025-07-14,30838.692989073155
Nifty 100 TRI,2025-07-15,30989.64167267726
Nifty 100 TRI,2025-07-16,31018.37097987406
Nifty 100 TRI,2025-07-17,30904.66844987877
Nifty 100 TRI,2025-07-18,30722.376422644953
Nifty 100 TRI,2025-07-21,30871.74810399066
Nifty 100 TRI,2025-07-22,30823.135511734483
Nifty 100 TRI,2025-07-23,30994.63196979638
Nifty 100 TRI,2025-07-24,30822.917074028766
Nifty 100 TRI,2025-07-25,30512.4308490064
Nifty 100 TRI,2025-07-28,30327.240199970536
Nifty 100 TRI,2025-07-29,30518.60725975001
Nifty 100 TRI,2025-07-30,30558.550803135786
Nifty 100 TRI,2025-07-31,30445.0141352078
Nifty 100 TRI,2025-08-01,30169.105911555733
Nifty 100 TRI,2025-08-04,30388.974399789346
Nifty 100 TRI,2025-08-05,30303.36671082309
Nifty 100 TRI,2025-08-06,30182.539324874233
Nifty 100 TRI,2025-08-07,30218.163023056426
Nifty 100 TRI,2025-08-08,29917.941506733252
Nifty 100 TRI,2025-08-11,30206.896169879103
Nifty 100 TRI,2025-08-12,30103.80122236504
Nifty 100 TRI,2025-08-13,30270.298431917483
Nifty 100 TRI,2025-08-14,30274.96930283406
Nifty 100 TRI,2025-08-18,30598.653327683536
Nifty 100 TRI,2025-08-19,30744.919106267374
Nifty 100 TRI,2025-08-20,30837.23615559379
Nifty 100 TRI,2025-08-21,30857.2921233607
Nifty 100 TRI,2025-08-22,30606.883388062637
Nifty 100 TRI,2025-08-25,30723.106996825052
Nifty 100 TRI,2025-08-26,30392.57572756909
Nifty 100 TRI,2025-08-28,30112.55334904885
Nifty 100 TRI,2025-08-29,30023.020746323724
Nifty 100 TRI,2025-09-01,30300.189845012366
Nifty 100 TRI,2025-09-02,30281.86798869174
Nifty 100 TRI,2025-09-03,30455.70031371462
Nifty 100 TRI,2025-09-04,30452.27346934805
Nifty 100 TRI,2025-09-05,30455.391246261046
Nifty 100 TRI,2025-09-08,30512.856976044157
Nifty 100 TRI,2025-09-09,30618.683330424512
Nifty 100 TRI,2025-09-10,30749.204455217554
Nifty 100 TRI,2025-09-11,30800.50823293832
Nifty 100 TRI,2025-09-12,30929.362556790886
Nifty 100 TRI,2025-09-15,30918.76809274573
Nifty 100 TRI,2025-09-16,31124.12309073328
Nifty 100 TRI,2025-09-17,31229.6392857454
Nifty 100 TRI,2025-09-18,31340.5725588907
Nifty 100 TRI,2025-09-19,31274.387550408464
Nifty 100 TRI,2025-09-22,31167.92216930709
Nifty 100 TRI,2025-09-23,31110.735308462852
Nifty 100 TRI,2025-09-24,30931.973850500322
Nifty 100 TRI,2025-09-25,30723.513192433827
Nifty 100 TRI,2025-09-26,30394.17934881609
Nifty 100 TRI,2025-09-29,30430.76201563444
Nifty 100 TRI,2025-09-30,30408.157050407266
Nifty 100 TRI,2025-10-01,30659.04322730151
Nifty 100 TRI,2025-10-03,30740.983599987212
Nifty 100 TRI,2025-10-06,30950.633211889854
Nifty 100 TRI,2025-10-07,30989.36477392309
Nifty 100 TRI,2025-10-08,30886.627500265688
Nifty 100 TRI,2025-10-09,31055.8301554467
Nifty 100 TRI,2025-10-10,31176.042806480982
Nifty 100 TRI,2025-10-13,31110.79725053886
Nifty 100 TRI,2025-10-14,31000.525180576973
Nifty 100 TRI,2025-10-15,31252.88094019148
Nifty 100 TRI,2025-10-16,31548.854176063032
Nifty 100 TRI,2025-10-17,31670.979118888597
Nifty 100 TRI,2025-10-20,31818.63624808062
Nifty 100 TRI,2025-10-21,31851.159993645386
Nifty 100 TRI,2025-10-23,31870.49835968371
Nifty 100 TRI,2025-10-24,31766.65017099723
Nifty 100 TRI,2025-10-27,31965.191847110345
Nifty 100 TRI,2025-10-28,31909.103210084246
Nifty 100 TRI,2025-10-29,32104.937393423737
Nifty 100 TRI,2025-10-30,31913.045317719232
Nifty 100 TRI,2025-10-31,31734.43871947541
Nifty 100 TRI,2025-11-03,31829.698414901686
Nifty 100 TRI,2025-11-04,31636.558850298497
Nifty 100 TRI,2025-11-06,31482.91627796772
Nifty 100 TRI,2025-11-07,31471.089302094977
Nifty 100 TRI,2025-11-10,31578.68590925315
Nifty 100 TRI,2025-11-11,31711.269830557983
Nifty 100 TRI,2025-11-12,31905.0253618209
Nifty 100 TRI,2025-11-13,31912.895591681427
Nifty 100 TRI,2025-11-14,31940.995291640185
Nifty 100 TRI,2025-11-17,32078.529720464085
Nifty 100 TRI,2025-11-18,31934.67572191156
Nifty 100 TRI,2025-11-19,32082.122784381823
Nifty 100 TRI,2025-11-20,32221.752260180707
Nifty 100 TRI,2025-11-21,32027.42535694432
Nifty 100 TRI,2025-11-24,31868.280408726507
Nifty 100 TRI,2025-11-25,31805.629151974044
Nifty 100 TRI,2025-11-26,32213.593850225145
Nifty 100 TRI,2025-11-27,32216.297600927235
Nifty 100 TRI,2025-11-28,32209.54786568904
Nifty 100 TRI,2025-12-01,32191.21801293768
Nifty 100 TRI,2025-12-02,32039.464903416338
Nifty 100 TRI,2025-12-03,31936.076525398174
Nifty 100 TRI,2025-12-04,31998.5357842728
Nifty 100 TRI,2025-12-05,32168.23933469938
Nifty 100 TRI,2025-12-08,31832.606014890698
Nifty 100 TRI,2025-12-09,31739.490448870954
Nifty 100 TRI,2025-12-10,31646.490655939222
Nifty 100 TRI,2025-12-11,31820.19327047617
Nifty 100 TRI,2025-12-12,32017.351483805433
Nifty 100 TRI,2025-12-15,32008.995975697835
Nifty 100 TRI,2025-12-16,31816.237926321184
Nifty 100 TRI,2025-12-17,31754.860720555866
Nifty 100 TRI,2025-12-18,31734.2847335443
Nifty 100 TRI,2025-12-19,31932.33137649635
Nifty 100 TRI,2025-12-22,32183.121213436476
Nifty 100 TRI,2025-12-23,32208.314644540184
Nifty 100 TRI,2025-12-24,32162.85082409495
Nifty 100 TRI,2025-12-26,32062.448058443533
Nifty 100 TRI,2025-12-29,31938.137419952374
Nifty 100 TRI,2025-12-30,31938.18333528568
Nifty 100 TRI,2025-12-31,32188.66386606531
Nifty 100 TRI,2026-01-02,32475.588722471144
Nifty 100 TRI,2026-01-05,32398.033046880933
Nifty 100 TRI,2026-01-06,32339.586704746744
Nifty 100 TRI,2026-01-07,32308.220155200783
Nifty 100 TRI,2026-01-08,31924.280792415968
Nifty 100 TRI,2026-01-09,31672.480145259873
Nifty 100 TRI,2026-01-12,31801.86732863781
Nifty 100 TRI,2026-01-13,31729.810835779634
Nifty 100 TRI,2026-01-14,31682.124919783226
Nifty 100 TRI,2026-01-16,31719.361010149623
Nifty 100 TRI,2026-01-19,31597.995179179015
Nifty 100 TRI,2026-01-20,31115.143880824104
Nifty 100 TRI,2026-01-21,31020.232981125417
Nifty 100 TRI,2026-01-22,31213.05982927399
Nifty 100 TRI,2026-01-23,30864.425944013394
Nifty 100 TRI,2026-01-27,31032.549649802284
Nifty 100 TRI,2026-01-28,31320.549545775462
Nifty 100 TRI,2026-01-29,31415.70304669782
Nifty 100 TRI,2026-01-30,31272.29738746659
Nifty 100 TRI,2026-02-02,30977.794831988744
Nifty 100 TRI,2026-02-03,31773.245140198243
Nifty 100 TRI,2026-02-04,31858.293116234017
Nifty 100 TRI,2026-02-05,31697.121848317027
Nifty 100 TRI,2026-02-06,31757.416647479666
Nifty 100 TRI,2026-02-09,31990.863885108945
Nifty 100 TRI,2026-02-10,32069.655384343627
Nifty 100 TRI,2026-02-11,32119.34621100422
Nifty 100 TRI,2026-02-12,31946.244425086654
Nifty 100 TRI,2026-02-13,31517.773640745534
Nifty 100 TRI,2026-02-16,31790.452933014447
Nifty 100 TRI,2026-02-17,31863.761131523785
Nifty 100 TRI,2026-02-18,31997.179581773453
Nifty 100 TRI,2026-02-19,31522.40633990045
Nifty 100 TRI,2026-02-20,31676.48466715032
Nifty 100 TRI,2026-02-23,31846.71890141702
Nifty 100 TRI,2026-02-24,31553.961002366777
Nifty 100 TRI,2026-02-25,31661.783223259357
Nifty 100 TRI,2026-02-26,31694.74598840391
Nifty 100 TRI,2026-02-27,31297.90015769301
Nifty 100 TRI,2026-03-02,30897.468309425174
Nifty 100 TRI,2026-03-04,30361.4616386528
Nifty 100 TRI,2026-03-05,30727.40625833534
Nifty 100 TRI,2026-03-06,30383.73647624157
Nifty 100 TRI,2026-03-09,29843.837028715163
Nifty 100 TRI,2026-03-10,30173.921578691592
Nifty 100 TRI,2026-03-11,29711.623907971472
Nifty 100 TRI,2026-03-12,29471.52156390245
Nifty 100 TRI,2026-03-13,28836.745402942914
Nifty 100 TRI,2026-03-16,29089.093018204054
Nifty 100 TRI,2026-03-17,29310.697936563793
Nifty 100 TRI,2026-03-18,29564.061296764434
Nifty 100 TRI,2026-03-19,28604.252419449207
Nifty 100 TRI,2026-03-20,28743.320322510077
Nifty 100 TRI,2026-03-23,27938.569952068297
Nifty 100 TRI,2026-03-24,28424.667497602535
Nifty 100 TRI,2026-03-25,28928.700629154464
Nifty 100 TRI,2026-03-27,28307.618005805827
Nifty 100 TRI,2026-03-30,27675.991938287687
Nifty 100 TRI,2026-04-01,28158.597493737212
Nifty 100 TRI,2026-04-02,28197.646243215073
Nifty 100 TRI,2026-04-06,28534.729582170887
Nifty 100 TRI,2026-04-07,28718.23706200941
Nifty 100 TRI,2026-04-08,29852.579156034208
Nifty 100 TRI,2026-04-09,29635.543170422075
Nifty 100 TRI,2026-04-10,30027.88977817785
Nifty 100 TRI,2026-04-13,29776.69856627947
Nifty 100 TRI,2026-04-15,30292.13170958758
Nifty 100 TRI,2026-04-16,30315.721629317744
Nifty 100 TRI,2026-04-17,30554.801768776168
Nifty 100 TRI,2026-04-20,30574.993966208967
Nifty 100 TRI,2026-04-21,30831.673464779382
Nifty 100 TRI,2026-04-22,30670.45007459668
Nifty 100 TRI,2026-04-23,30386.977830057385
Nifty 100 TRI,2026-04-24,30063.95075264945
Nifty 100 TRI,2026-04-27,30339.565442318646
Nifty 100 TRI,2026-04-28,30222.85942493599
Nifty 100 TRI,2026-04-29,30406.93055973268
Nifty 100 TRI,2026-04-30,30153.53740390437
Nifty 100 TRI,2026-05-04,30333.569553440066
Nifty 100 TRI,2026-05-05,30273.104844668753
Nifty 100 TRI,2026-05-06,30664.620132784785
Nifty 100 TRI,2026-05-07,30674.0642198868
Nifty 100 TRI,2026-05-08,30492.32970831347
Nifty 100 TRI,2026-05-11,30030.534429632284
Nifty 100 TRI,2026-05-12,29447.86278552073
Nifty 100 TRI,2026-05-13,29528.87879722239
Nifty 100 TRI,2026-05-14,29875.70392385776
Nifty 100 TRI,2026-05-15,29777.088016349186
Nifty 100 TRI,2026-05-18,29734.313754451585
Nifty 100 TRI,2026-05-19,29732.27372686401
Nifty 100 TRI,2026-05-20,29804.714606885675
Nifty 100 TRI,2026-05-21,29812.79961029852
Nifty 100 TRI,2026-05-22,29902.218104233332
Nifty 100 TRI,2026-05-25,30308.34096089913
Nifty 100 TRI,2026-05-26,30198.367097393944
Nifty 100 TRI,2026-05-27,30273.084483727314
Nifty 100 TRI,2026-05-29,29835.843164616163
Nifty 100 TRI,2026-06-01,29577.826891942143
Nifty 100 TRI,2026-06-02,29698.010246216592
Nifty 100 TRI,2026-06-03,29598.411585503927
Nifty 100 TRI,2026-06-04,29622.982380947455
Nifty 100 TRI,2026-06-05,29587.165067114096
Nifty 100 TRI,2026-06-08,29243.184544471245
Nifty 100 TRI,2026-06-09,29443.73981617653
Nifty 100 TRI,2026-06-10,29353.993159087877
Nifty 100 TRI,2026-06-11,29238.523515437228
Nifty 100 TRI,2026-06-12,29843.098088509752
Nifty 100 TRI,2026-06-15,30217.002974745446
Nifty 100 TRI,2026-06-16,30366.142911346527
Nifty 100 TRI,2026-06-17,30502.97852257077
Nifty 100 TRI,2026-06-18,30615.49655137586
Nifty 100 TRI,2026-06-19,30438.22067300577
Nifty 100 TRI,2026-06-22,30590.58372091809
Nifty 100 TRI,2026-06-23,30225.493369241478
Nifty 100 TRI,2026-06-24,30430.616758281994
Nifty 100 TRI,2026-06-25,30477.991471189103
Nifty 100 TRI,2026-06-29,30315.5328350182
Nifty 100 TRI,2026-06-30,30242.44246262691
