index_name,date,tri
Nifty Midcap 50 TRI,2011-06-30,2419.050048828125
Nifty Midcap 50 TRI,2011-07-01,2427.2094421168485
Nifty Midcap 50 TRI,2011-07-04,2463.5417639732877
Nifty Midcap 50 TRI,2011-07-05,2458.3014975350234
Nifty Midcap 50 TRI,2011-07-06,2467.1631456172736
Nifty Midcap 50 TRI,2011-07-07,2507.730621920098
Nifty Midcap 50 TRI,2011-07-08,2487.7381544919626
Nifty Midcap 50 TRI,2011-07-11,2471.5169089205956
Nifty Midcap 50 TRI,2011-07-12,2432.7160015918716
Nifty Midcap 50 TRI,2011-07-13,2469.637528771667
Nifty Midcap 50 TRI,2011-07-14,2484.1530253118276
Nifty Midcap 50 TRI,2011-07-15,2482.2632946123267
Nifty Midcap 50 TRI,2011-07-18,2490.849586450376
Nifty Midcap 50 TRI,2011-07-19,2503.616560546286
Nifty Midcap 50 TRI,2011-07-20,2467.0601619751674
Nifty Midcap 50 TRI,2011-07-21,2442.908015784605
Nifty Midcap 50 TRI,2011-07-22,2485.3909768444755
Nifty Midcap 50 TRI,2011-07-25,2497.4810890662843
Nifty Midcap 50 TRI,2011-07-26,2476.5289562255793
Nifty Midcap 50 TRI,2011-07-27,2478.6411143729915
Nifty Midcap 50 TRI,2011-07-28,2442.277004979335
Nifty Midcap 50 TRI,2011-07-29,2411.36469525478
Nifty Midcap 50 TRI,2011-08-01,2397.2809669892367
Nifty Midcap 50 TRI,2011-08-02,2361.8110250161426
Nifty Midcap 50 TRI,2011-08-03,2358.416132227078
Nifty Midcap 50 TRI,2011-08-04,2331.8512848787686
Nifty Midcap 50 TRI,2011-08-05,2286.7685439589422
Nifty Midcap 50 TRI,2011-08-08,2251.7031938126515
Nifty Midcap 50 TRI,2011-08-09,2221.2284879309154
Nifty Midcap 50 TRI,2011-08-10,2280.1920477026397
Nifty Midcap 50 TRI,2011-08-11,2267.034424688608
Nifty Midcap 50 TRI,2011-08-12,2253.525687632969
Nifty Midcap 50 TRI,2011-08-16,2199.884950452382
Nifty Midcap 50 TRI,2011-08-17,2176.8617099053845
Nifty Midcap 50 TRI,2011-08-18,2112.888245251858
Nifty Midcap 50 TRI,2011-08-19,2097.1206361343175
Nifty Midcap 50 TRI,2011-08-22,2136.7762455810716
Nifty Midcap 50 TRI,2011-08-23,2163.764221009713
Nifty Midcap 50 TRI,2011-08-24,2156.757977218929
Nifty Midcap 50 TRI,2011-08-25,2122.5138023741056
Nifty Midcap 50 TRI,2011-08-26,2069.7420607254103
Nifty Midcap 50 TRI,2011-08-29,2126.4274782053553
Nifty Midcap 50 TRI,2011-08-30,2155.122322164078
Nifty Midcap 50 TRI,2011-09-02,2190.9369581118394
Nifty Midcap 50 TRI,2011-09-05,2204.369992753429
Nifty Midcap 50 TRI,2011-09-06,2210.6343693235667
Nifty Midcap 50 TRI,2011-09-07,2244.3957487633324
Nifty Midcap 50 TRI,2011-09-08,2255.72013975512
Nifty Midcap 50 TRI,2011-09-09,2215.405175225026
Nifty Midcap 50 TRI,2011-09-12,2153.004799246544
Nifty Midcap 50 TRI,2011-09-13,2152.9573320548484
Nifty Midcap 50 TRI,2011-09-14,2171.494525422032
Nifty Midcap 50 TRI,2011-09-15,2202.0054156477568
Nifty Midcap 50 TRI,2011-09-16,2199.304165645539
Nifty Midcap 50 TRI,2011-09-19,2197.211546148219
Nifty Midcap 50 TRI,2011-09-20,2225.922885259257
Nifty Midcap 50 TRI,2011-09-21,2254.936536664571
Nifty Midcap 50 TRI,2011-09-22,2163.353024029511
Nifty Midcap 50 TRI,2011-09-23,2150.3789582614627
Nifty Midcap 50 TRI,2011-09-26,2109.2983855879374
Nifty Midcap 50 TRI,2011-09-27,2138.1629640468054
Nifty Midcap 50 TRI,2011-09-28,2111.45645194117
Nifty Midcap 50 TRI,2011-09-29,2119.8767609805354
Nifty Midcap 50 TRI,2011-09-30,2107.1499564239098
Nifty Midcap 50 TRI,2011-10-03,2048.217542223416
Nifty Midcap 50 TRI,2011-10-04,2014.3380029430866
Nifty Midcap 50 TRI,2011-10-05,1999.8028273015793
Nifty Midcap 50 TRI,2011-10-07,2027.5178551956149
Nifty Midcap 50 TRI,2011-10-10,2061.2511161943507
Nifty Midcap 50 TRI,2011-10-11,2065.5624319760736
Nifty Midcap 50 TRI,2011-10-12,2111.8307137485904
Nifty Midcap 50 TRI,2011-10-13,2108.022736161971
Nifty Midcap 50 TRI,2011-10-14,2117.3485308999
Nifty Midcap 50 TRI,2011-10-17,2111.3377422174426
Nifty Midcap 50 TRI,2011-10-18,2079.8044221484643
Nifty Midcap 50 TRI,2011-10-19,2111.692010471972
Nifty Midcap 50 TRI,2011-10-20,2085.572152755747
Nifty Midcap 50 TRI,2011-10-21,2069.9799132093613
Nifty Midcap 50 TRI,2011-10-24,2063.413208099968
Nifty Midcap 50 TRI,2011-10-25,2069.079773666276
Nifty Midcap 50 TRI,2011-10-28,2155.0844913516944
Nifty Midcap 50 TRI,2011-10-31,2166.276332466925
Nifty Midcap 50 TRI,2011-11-01,2135.8369600664832
Nifty Midcap 50 TRI,2011-11-02,2136.842222200448
Nifty Midcap 50 TRI,2011-11-03,2142.762602930408
Nifty Midcap 50 TRI,2011-11-04,2167.8432119604126
Nifty Midcap 50 TRI,2011-11-08,2171.8679698950937
Nifty Midcap 50 TRI,2011-11-09,2136.9081554230734
Nifty Midcap 50 TRI,2011-11-11,2103.3022710386467
Nifty Midcap 50 TRI,2011-11-14,2066.0316936160557
Nifty Midcap 50 TRI,2011-11-15,2001.0123746882298
Nifty Midcap 50 TRI,2011-11-16,1985.7593738535957
Nifty Midcap 50 TRI,2011-11-17,1951.1894003091993
Nifty Midcap 50 TRI,2011-11-18,1933.626408537257
Nifty Midcap 50 TRI,2011-11-21,1896.8385638235682
Nifty Midcap 50 TRI,2011-11-22,1900.3975660316814
Nifty Midcap 50 TRI,2011-11-23,1868.680603768108
Nifty Midcap 50 TRI,2011-11-25,1898.881398192279
Nifty Midcap 50 TRI,2011-11-28,1953.8739731989867
Nifty Midcap 50 TRI,2011-11-29,1929.581315202631
Nifty Midcap 50 TRI,2011-11-30,1923.8067910313507
Nifty Midcap 50 TRI,2011-12-01,1952.8633895625717
Nifty Midcap 50 TRI,2011-12-02,1985.3845061012944
Nifty Midcap 50 TRI,2011-12-05,1983.5228518552917
Nifty Midcap 50 TRI,2011-12-07,1986.230367802194
Nifty Midcap 50 TRI,2011-12-08,1942.1552211722437
Nifty Midcap 50 TRI,2011-12-09,1926.641145195495
Nifty Midcap 50 TRI,2011-12-12,1876.8311621772052
Nifty Midcap 50 TRI,2011-12-13,1875.471465216997
Nifty Midcap 50 TRI,2011-12-14,1856.6403717349774
Nifty Midcap 50 TRI,2011-12-15,1849.0544333442638
Nifty Midcap 50 TRI,2011-12-16,1805.1680436349027
Nifty Midcap 50 TRI,2011-12-19,1780.1450516315458
Nifty Midcap 50 TRI,2011-12-20,1734.7462814791088
Nifty Midcap 50 TRI,2011-12-21,1766.8754505446454
Nifty Midcap 50 TRI,2011-12-22,1803.7264880793166
Nifty Midcap 50 TRI,2011-12-23,1792.723141229912
Nifty Midcap 50 TRI,2011-12-27,1791.3924171126444
Nifty Midcap 50 TRI,2011-12-28,1774.7122462592476
Nifty Midcap 50 TRI,2011-12-29,1760.1909007155855
Nifty Midcap 50 TRI,2011-12-30,1761.2888526600036
Nifty Midcap 50 TRI,2012-01-03,1842.633104758147
Nifty Midcap 50 TRI,2012-01-04,1837.956629808913
Nifty Midcap 50 TRI,2012-01-05,1833.2799243161182
Nifty Midcap 50 TRI,2012-01-06,1829.3062093777226
Nifty Midcap 50 TRI,2012-01-09,1860.186026155804
Nifty Midcap 50 TRI,2012-01-10,1925.0393387517906
Nifty Midcap 50 TRI,2012-01-11,1946.2374203024356
Nifty Midcap 50 TRI,2012-01-12,1956.735310707673
Nifty Midcap 50 TRI,2012-01-13,1975.021257464163
Nifty Midcap 50 TRI,2012-01-16,1975.6690662746485
Nifty Midcap 50 TRI,2012-01-17,2008.7801733125898
Nifty Midcap 50 TRI,2012-01-18,1980.3888224067186
Nifty Midcap 50 TRI,2012-01-19,2016.8181903391787
Nifty Midcap 50 TRI,2012-01-20,2032.4454240092589
Nifty Midcap 50 TRI,2012-01-23,2035.107726608604
Nifty Midcap 50 TRI,2012-01-24,2072.1960034320696
Nifty Midcap 50 TRI,2012-01-25,2107.627961147574
Nifty Midcap 50 TRI,2012-01-27,2121.753707956893
Nifty Midcap 50 TRI,2012-01-30,2067.273696936016
Nifty Midcap 50 TRI,2012-01-31,2120.8056799054953
Nifty Midcap 50 TRI,2012-02-01,2151.369041513778
Nifty Midcap 50 TRI,2012-02-02,2157.7051742874305
Nifty Midcap 50 TRI,2012-02-03,2192.543726342415
Nifty Midcap 50 TRI,2012-02-06,2237.949702073898
Nifty Midcap 50 TRI,2012-02-07,2202.913877996068
Nifty Midcap 50 TRI,2012-02-08,2238.8636923637555
Nifty Midcap 50 TRI,2012-02-09,2282.0551371250253
Nifty Midcap 50 TRI,2012-02-10,2268.8881902326457
Nifty Midcap 50 TRI,2012-02-13,2284.089211929504
Nifty Midcap 50 TRI,2012-02-14,2318.0853654232646
Nifty Midcap 50 TRI,2012-02-15,2388.1358754983767
Nifty Midcap 50 TRI,2012-02-16,2411.2748251517783
Nifty Midcap 50 TRI,2012-02-17,2438.0355530413767
Nifty Midcap 50 TRI,2012-02-21,2473.3775648386404
Nifty Midcap 50 TRI,2012-02-22,2348.7653336474973
Nifty Midcap 50 TRI,2012-02-23,2332.0755577514883
Nifty Midcap 50 TRI,2012-02-24,2323.4820991050833
Nifty Midcap 50 TRI,2012-02-27,2229.8478810744546
Nifty Midcap 50 TRI,2012-02-28,2325.319758552268
Nifty Midcap 50 TRI,2012-02-29,2361.4922232621516
Nifty Midcap 50 TRI,2012-03-01,2342.888528518384
Nifty Midcap 50 TRI,2012-03-02,2327.301832204181
Nifty Midcap 50 TRI,2012-03-05,2284.2096565468296
Nifty Midcap 50 TRI,2012-03-06,2253.728895074879
Nifty Midcap 50 TRI,2012-03-07,2262.8397659029492
Nifty Midcap 50 TRI,2012-03-09,2348.932705220623
Nifty Midcap 50 TRI,2012-03-12,2381.6090972236884
Nifty Midcap 50 TRI,2012-03-13,2403.40422161552
Nifty Midcap 50 TRI,2012-03-14,2405.928684609688
Nifty Midcap 50 TRI,2012-03-15,2342.0326118700796
Nifty Midcap 50 TRI,2012-03-16,2315.3200164203777
Nifty Midcap 50 TRI,2012-03-19,2281.723213283222
Nifty Midcap 50 TRI,2012-03-20,2310.9676000734776
Nifty Midcap 50 TRI,2012-03-21,2364.0175611164227
Nifty Midcap 50 TRI,2012-03-22,2293.063652386009
Nifty Midcap 50 TRI,2012-03-23,2325.0785360431905
Nifty Midcap 50 TRI,2012-03-26,2279.497672740373
Nifty Midcap 50 TRI,2012-03-27,2294.7040215420457
Nifty Midcap 50 TRI,2012-03-28,2254.140087402568
Nifty Midcap 50 TRI,2012-03-29,2253.2894340757707
Nifty Midcap 50 TRI,2012-03-30,2316.517893547779
Nifty Midcap 50 TRI,2012-04-02,2335.4654340489396
Nifty Midcap 50 TRI,2012-04-03,2362.1035212540237
Nifty Midcap 50 TRI,2012-04-04,2362.16146539153
Nifty Midcap 50 TRI,2012-04-09,2313.7630958054497
Nifty Midcap 50 TRI,2012-04-10,2312.359730566991
Nifty Midcap 50 TRI,2012-04-11,2292.3260482010496
Nifty Midcap 50 TRI,2012-04-12,2320.328336492288
Nifty Midcap 50 TRI,2012-04-13,2294.805027929103
Nifty Midcap 50 TRI,2012-04-16,2306.5562966365237
Nifty Midcap 50 TRI,2012-04-17,2325.2458672938906
Nifty Midcap 50 TRI,2012-04-18,2332.35340044849
Nifty Midcap 50 TRI,2012-04-19,2333.0150559666936
Nifty Midcap 50 TRI,2012-04-20,2308.7971565072235
Nifty Midcap 50 TRI,2012-04-23,2264.7450806630773
Nifty Midcap 50 TRI,2012-04-24,2248.028164858998
Nifty Midcap 50 TRI,2012-04-25,2214.9905731183803
Nifty Midcap 50 TRI,2012-04-26,2195.6522469602573
Nifty Midcap 50 TRI,2012-04-27,2184.5738942504654
Nifty Midcap 50 TRI,2012-04-30,2223.2214925460707
Nifty Midcap 50 TRI,2012-05-02,2219.4011856372113
Nifty Midcap 50 TRI,2012-05-03,2186.7091495771083
Nifty Midcap 50 TRI,2012-05-04,2139.8081271278934
Nifty Midcap 50 TRI,2012-05-07,2164.4019135149133
Nifty Midcap 50 TRI,2012-05-08,2120.317612797999
Nifty Midcap 50 TRI,2012-05-09,2079.3547244150386
Nifty Midcap 50 TRI,2012-05-10,2076.7857118903717
Nifty Midcap 50 TRI,2012-05-11,2048.921028989186
Nifty Midcap 50 TRI,2012-05-14,2024.1273836431083
Nifty Midcap 50 TRI,2012-05-15,2039.345689659119
Nifty Midcap 50 TRI,2012-05-16,2016.667401380311
Nifty Midcap 50 TRI,2012-05-17,2001.144401227724
Nifty Midcap 50 TRI,2012-05-18,1993.684153664163
Nifty Midcap 50 TRI,2012-05-22,1986.924314861686
Nifty Midcap 50 TRI,2012-05-23,1972.3559182178406
Nifty Midcap 50 TRI,2012-05-24,1992.7174819370314
Nifty Midcap 50 TRI,2012-05-25,2005.6704510697039
Nifty Midcap 50 TRI,2012-05-28,2046.9022915402995
Nifty Midcap 50 TRI,2012-05-29,2032.6860694260763
Nifty Midcap 50 TRI,2012-05-30,1992.4058705648365
Nifty Midcap 50 TRI,2012-05-31,2000.9747542188293
Nifty Midcap 50 TRI,2012-06-01,1962.002516255788
Nifty Midcap 50 TRI,2012-06-04,1958.6175946048918
Nifty Midcap 50 TRI,2012-06-05,1964.917794555506
Nifty Midcap 50 TRI,2012-06-06,2019.8242005524323
Nifty Midcap 50 TRI,2012-06-07,2039.6898043614465
Nifty Midcap 50 TRI,2012-06-08,2050.278468433053
Nifty Midcap 50 TRI,2012-06-11,2046.1933795401821
Nifty Midcap 50 TRI,2012-06-12,2068.129685003257
Nifty Midcap 50 TRI,2012-06-13,2064.801516375777
Nifty Midcap 50 TRI,2012-06-14,2031.0129526283263
Nifty Midcap 50 TRI,2012-06-15,2053.4043384513297
Nifty Midcap 50 TRI,2012-06-18,2020.519824731836
Nifty Midcap 50 TRI,2012-06-19,2025.1591114977327
Nifty Midcap 50 TRI,2012-06-20,2051.4873259607575
Nifty Midcap 50 TRI,2012-06-21,2078.4725728199537
Nifty Midcap 50 TRI,2012-06-22,2086.392162689915
Nifty Midcap 50 TRI,2012-06-25,2082.2579057068606
Nifty Midcap 50 TRI,2012-06-26,2094.668249657271
Nifty Midcap 50 TRI,2012-06-27,2109.0970898470414
Nifty Midcap 50 TRI,2012-06-28,2105.8194267120543
Nifty Midcap 50 TRI,2012-06-29,2156.2197767072016
Nifty Midcap 50 TRI,2012-07-02,2177.9221633692323
Nifty Midcap 50 TRI,2012-07-03,2196.441790943896
Nifty Midcap 50 TRI,2012-07-04,2218.8982785375756
Nifty Midcap 50 TRI,2012-07-05,2234.7456886525433
Nifty Midcap 50 TRI,2012-07-06,2210.42922206968
Nifty Midcap 50 TRI,2012-07-09,2166.3365645318945
Nifty Midcap 50 TRI,2012-07-10,2202.723286342812
Nifty Midcap 50 TRI,2012-07-11,2190.262212558536
Nifty Midcap 50 TRI,2012-07-12,2175.781648420651
Nifty Midcap 50 TRI,2012-07-13,2167.8108151568467
Nifty Midcap 50 TRI,2012-07-16,2152.627299388977
Nifty Midcap 50 TRI,2012-07-17,2132.188435210343
Nifty Midcap 50 TRI,2012-07-18,2140.0135643490703
Nifty Midcap 50 TRI,2012-07-19,2148.596192833197
Nifty Midcap 50 TRI,2012-07-20,2145.0653229494555
Nifty Midcap 50 TRI,2012-07-23,2103.375566611777
Nifty Midcap 50 TRI,2012-07-24,2109.081094116316
Nifty Midcap 50 TRI,2012-07-25,2087.425624210798
Nifty Midcap 50 TRI,2012-07-26,2034.2171433333149
Nifty Midcap 50 TRI,2012-07-27,2021.59542202315
Nifty Midcap 50 TRI,2012-07-30,2066.72911842914
Nifty Midcap 50 TRI,2012-07-31,2079.200235852114
Nifty Midcap 50 TRI,2012-08-01,2101.618453599958
Nifty Midcap 50 TRI,2012-08-02,2114.646495198446
Nifty Midcap 50 TRI,2012-08-03,2106.0640126946323
Nifty Midcap 50 TRI,2012-08-06,2121.2669361543362
Nifty Midcap 50 TRI,2012-08-07,2130.509703066573
Nifty Midcap 50 TRI,2012-08-08,2123.3909785893024
Nifty Midcap 50 TRI,2012-08-09,2110.5654507029512
Nifty Midcap 50 TRI,2012-08-10,2109.152724600709
Nifty Midcap 50 TRI,2012-08-13,2132.237352993598
Nifty Midcap 50 TRI,2012-08-14,2140.3204130139125
Nifty Midcap 50 TRI,2012-08-16,2135.222833397465
Nifty Midcap 50 TRI,2012-08-17,2115.879280321936
Nifty Midcap 50 TRI,2012-08-21,2123.2601788737115
Nifty Midcap 50 TRI,2012-08-22,2103.1056389098485
Nifty Midcap 50 TRI,2012-08-23,2098.509493191321
Nifty Midcap 50 TRI,2012-08-24,2089.164380176385
Nifty Midcap 50 TRI,2012-08-27,2061.379143065725
Nifty Midcap 50 TRI,2012-08-29,2019.2411304222633
Nifty Midcap 50 TRI,2012-08-30,2022.625460734779
Nifty Midcap 50 TRI,2012-08-31,2015.3485583017527
Nifty Midcap 50 TRI,2012-09-03,2014.4862471842798
Nifty Midcap 50 TRI,2012-09-04,2027.9268228435026
Nifty Midcap 50 TRI,2012-09-05,2011.2497943545036
Nifty Midcap 50 TRI,2012-09-06,2023.7308290426738
Nifty Midcap 50 TRI,2012-09-07,2055.5172292073717
Nifty Midcap 50 TRI,2012-09-10,2068.9605773406342
Nifty Midcap 50 TRI,2012-09-11,2076.289359288825
Nifty Midcap 50 TRI,2012-09-12,2080.181578583262
Nifty Midcap 50 TRI,2012-09-13,2055.769318069253
Nifty Midcap 50 TRI,2012-09-14,2086.045725478745
Nifty Midcap 50 TRI,2012-09-17,2139.3260757605094
Nifty Midcap 50 TRI,2012-09-18,2179.515231083021
Nifty Midcap 50 TRI,2012-09-20,2157.631819840227
Nifty Midcap 50 TRI,2012-09-21,2215.922522594355
Nifty Midcap 50 TRI,2012-09-24,2222.9108600366208
Nifty Midcap 50 TRI,2012-09-25,2228.0212609648966
Nifty Midcap 50 TRI,2012-09-26,2235.659908936018
Nifty Midcap 50 TRI,2012-09-27,2241.7820945275125
Nifty Midcap 50 TRI,2012-09-28,2277.787026837274
Nifty Midcap 50 TRI,2012-10-01,2295.349366196007
Nifty Midcap 50 TRI,2012-10-03,2312.756552965654
Nifty Midcap 50 TRI,2012-10-04,2324.1915087237253
Nifty Midcap 50 TRI,2012-10-05,2301.5421408458697
Nifty Midcap 50 TRI,2012-10-08,2281.8354609014573
Nifty Midcap 50 TRI,2012-10-09,2297.8229009065803
Nifty Midcap 50 TRI,2012-10-10,2264.801750486213
Nifty Midcap 50 TRI,2012-10-11,2313.8175024074717
Nifty Midcap 50 TRI,2012-10-12,2312.5591378291365
Nifty Midcap 50 TRI,2012-10-15,2313.7409988063746
Nifty Midcap 50 TRI,2012-10-16,2280.3611779260114
Nifty Midcap 50 TRI,2012-10-17,2277.7865457896714
Nifty Midcap 50 TRI,2012-10-18,2308.093742981954
Nifty Midcap 50 TRI,2012-10-19,2284.7783823700443
Nifty Midcap 50 TRI,2012-10-22,2285.553733713905
Nifty Midcap 50 TRI,2012-10-23,2266.1819641823777
Nifty Midcap 50 TRI,2012-10-25,2255.3643767433746
Nifty Midcap 50 TRI,2012-10-29,2214.3966061522624
Nifty Midcap 50 TRI,2012-10-30,2188.036511287509
Nifty Midcap 50 TRI,2012-10-31,2200.639725034789
Nifty Midcap 50 TRI,2012-11-01,2233.789328893802
Nifty Midcap 50 TRI,2012-11-02,2253.4284463043
Nifty Midcap 50 TRI,2012-11-05,2235.4254925541077
Nifty Midcap 50 TRI,2012-11-06,2241.4018950610966
Nifty Midcap 50 TRI,2012-11-07,2266.206131493446
Nifty Midcap 50 TRI,2012-11-08,2269.804655061896
Nifty Midcap 50 TRI,2012-11-09,2247.0837857711226
Nifty Midcap 50 TRI,2012-11-12,2257.3221457451814
Nifty Midcap 50 TRI,2012-11-15,2261.4873600254205
Nifty Midcap 50 TRI,2012-11-16,2227.473490386287
Nifty Midcap 50 TRI,2012-11-19,2206.120956243363
Nifty Midcap 50 TRI,2012-11-20,2179.1396575309886
Nifty Midcap 50 TRI,2012-11-21,2195.2931813265
Nifty Midcap 50 TRI,2012-11-22,2204.2580856465997
Nifty Midcap 50 TRI,2012-11-23,2203.603360014826
Nifty Midcap 50 TRI,2012-11-26,2223.513441566911
Nifty Midcap 50 TRI,2012-11-27,2254.557625096421
Nifty Midcap 50 TRI,2012-11-29,2277.0002596770014
Nifty Midcap 50 TRI,2012-11-30,2317.771136600596
Nifty Midcap 50 TRI,2012-12-03,2345.391053274162
Nifty Midcap 50 TRI,2012-12-04,2362.161636556882
Nifty Midcap 50 TRI,2012-12-05,2374.172287176985
Nifty Midcap 50 TRI,2012-12-06,2400.314292770093
Nifty Midcap 50 TRI,2012-12-07,2390.749801433841
Nifty Midcap 50 TRI,2012-12-10,2409.008739641375
Nifty Midcap 50 TRI,2012-12-11,2381.6133518558977
Nifty Midcap 50 TRI,2012-12-12,2392.8159940926444
Nifty Midcap 50 TRI,2012-12-13,2353.666141512027
Nifty Midcap 50 TRI,2012-12-14,2378.749142630161
Nifty Midcap 50 TRI,2012-12-17,2394.933121517917
Nifty Midcap 50 TRI,2012-12-18,2419.9181656384085
Nifty Midcap 50 TRI,2012-12-19,2423.422597526731
Nifty Midcap 50 TRI,2012-12-20,2411.0185344641463
Nifty Midcap 50 TRI,2012-12-21,2356.357612413907
Nifty Midcap 50 TRI,2012-12-24,2358.659036956761
Nifty Midcap 50 TRI,2012-12-26,2376.6624548689347
Nifty Midcap 50 TRI,2012-12-27,2365.4709879518696
Nifty Midcap 50 TRI,2012-12-28,2389.093089070995
Nifty Midcap 50 TRI,2012-12-31,2401.6853057705234
Nifty Midcap 50 TRI,2013-01-02,2458.009031795168
Nifty Midcap 50 TRI,2013-01-03,2472.463219221119
Nifty Midcap 50 TRI,2013-01-04,2479.8730695789786
Nifty Midcap 50 TRI,2013-01-07,2489.939706321806
Nifty Midcap 50 TRI,2013-01-08,2499.27704102045
Nifty Midcap 50 TRI,2013-01-09,2480.633661199649
Nifty Midcap 50 TRI,2013-01-10,2471.1136041583736
Nifty Midcap 50 TRI,2013-01-11,2428.389519143903
Nifty Midcap 50 TRI,2013-01-14,2480.0759943389626
Nifty Midcap 50 TRI,2013-01-15,2484.0911625366307
Nifty Midcap 50 TRI,2013-01-16,2437.610467502412
Nifty Midcap 50 TRI,2013-01-17,2451.3593439816996
Nifty Midcap 50 TRI,2013-01-18,2446.5013291863934
Nifty Midcap 50 TRI,2013-01-21,2462.603030422562
Nifty Midcap 50 TRI,2013-01-22,2429.0956275548906
Nifty Midcap 50 TRI,2013-01-23,2396.3471956741473
Nifty Midcap 50 TRI,2013-01-24,2311.417888352667
Nifty Midcap 50 TRI,2013-01-25,2382.0631047393335
Nifty Midcap 50 TRI,2013-01-28,2376.7613996170235
Nifty Midcap 50 TRI,2013-01-29,2348.165602175225
Nifty Midcap 50 TRI,2013-01-30,2337.217631934277
Nifty Midcap 50 TRI,2013-01-31,2358.221529024505
Nifty Midcap 50 TRI,2013-02-01,2349.1499659245687
Nifty Midcap 50 TRI,2013-02-04,2313.3602652146233
Nifty Midcap 50 TRI,2013-02-05,2289.019000259917
Nifty Midcap 50 TRI,2013-02-06,2298.7634621999196
Nifty Midcap 50 TRI,2013-02-07,2281.4715651538377
Nifty Midcap 50 TRI,2013-02-08,2259.207358527118
Nifty Midcap 50 TRI,2013-02-11,2258.3082137470196
Nifty Midcap 50 TRI,2013-02-12,2235.58470445947
Nifty Midcap 50 TRI,2013-02-13,2210.830723456102
Nifty Midcap 50 TRI,2013-02-14,2171.260768934273
Nifty Midcap 50 TRI,2013-02-15,2183.947339837377
Nifty Midcap 50 TRI,2013-02-18,2201.156792033557
Nifty Midcap 50 TRI,2013-02-19,2235.055123422849
Nifty Midcap 50 TRI,2013-02-20,2232.9281182711593
Nifty Midcap 50 TRI,2013-02-21,2170.466377648241
Nifty Midcap 50 TRI,2013-02-22,2177.37020788929
Nifty Midcap 50 TRI,2013-02-25,2151.8009441132376
Nifty Midcap 50 TRI,2013-02-26,2110.644574145186
Nifty Midcap 50 TRI,2013-02-27,2133.838998571147
Nifty Midcap 50 TRI,2013-02-28,2041.826250746535
Nifty Midcap 50 TRI,2013-03-01,2074.257166069744
Nifty Midcap 50 TRI,2013-03-04,2030.2000767085603
Nifty Midcap 50 TRI,2013-03-05,2077.1509461296696
Nifty Midcap 50 TRI,2013-03-06,2103.292629661167
Nifty Midcap 50 TRI,2013-03-07,2118.5726073648784
Nifty Midcap 50 TRI,2013-03-08,2142.4829618334834
Nifty Midcap 50 TRI,2013-03-11,2144.5188384819835
Nifty Midcap 50 TRI,2013-03-12,2125.5844493150066
Nifty Midcap 50 TRI,2013-03-13,2099.1354546060493
Nifty Midcap 50 TRI,2013-03-14,2135.538063714297
Nifty Midcap 50 TRI,2013-03-15,2110.7633646382305
Nifty Midcap 50 TRI,2013-03-18,2095.6353875362047
Nifty Midcap 50 TRI,2013-03-19,2045.9769260239452
Nifty Midcap 50 TRI,2013-03-20,1987.5823277888467
Nifty Midcap 50 TRI,2013-03-21,1946.500329249528
Nifty Midcap 50 TRI,2013-03-22,1941.9270527486606
Nifty Midcap 50 TRI,2013-03-25,1927.6474477044678
Nifty Midcap 50 TRI,2013-03-26,1909.7167915638456
Nifty Midcap 50 TRI,2013-03-28,1963.4420624148834
Nifty Midcap 50 TRI,2013-04-01,1995.3799870165205
Nifty Midcap 50 TRI,2013-04-02,2044.7496286698808
Nifty Midcap 50 TRI,2013-04-03,2019.0466713025771
Nifty Midcap 50 TRI,2013-04-04,1978.4085565837613
Nifty Midcap 50 TRI,2013-04-05,1978.0506844127367
Nifty Midcap 50 TRI,2013-04-08,1977.7390964817066
Nifty Midcap 50 TRI,2013-04-09,1956.4506111282449
Nifty Midcap 50 TRI,2013-04-10,1983.0688030190308
Nifty Midcap 50 TRI,2013-04-11,1982.2030606305639
Nifty Midcap 50 TRI,2013-04-12,1998.5096444058854
Nifty Midcap 50 TRI,2013-04-15,1999.9777046950744
Nifty Midcap 50 TRI,2013-04-16,2044.4357474948024
Nifty Midcap 50 TRI,2013-04-17,2052.463413673281
Nifty Midcap 50 TRI,2013-04-18,2076.446893189663
Nifty Midcap 50 TRI,2013-04-22,2122.0317939284932
Nifty Midcap 50 TRI,2013-04-23,2110.598517134645
Nifty Midcap 50 TRI,2013-04-25,2120.2565654849623
Nifty Midcap 50 TRI,2013-04-26,2094.591799555264
Nifty Midcap 50 TRI,2013-04-29,2130.0203026963236
Nifty Midcap 50 TRI,2013-04-30,2123.820491897886
Nifty Midcap 50 TRI,2013-05-02,2158.4898073332247
Nifty Midcap 50 TRI,2013-05-03,2152.849687948834
Nifty Midcap 50 TRI,2013-05-06,2184.780650673321
Nifty Midcap 50 TRI,2013-05-07,2203.1863074971448
Nifty Midcap 50 TRI,2013-05-08,2192.716925365855
Nifty Midcap 50 TRI,2013-05-09,2172.129712928927
Nifty Midcap 50 TRI,2013-05-10,2176.453593720255
Nifty Midcap 50 TRI,2013-05-13,2132.1245927302894
Nifty Midcap 50 TRI,2013-05-14,2138.5326476434248
Nifty Midcap 50 TRI,2013-05-15,2187.4493796218107
Nifty Midcap 50 TRI,2013-05-16,2192.282749952033
Nifty Midcap 50 TRI,2013-05-17,2208.8118010330604
Nifty Midcap 50 TRI,2013-05-20,2197.5832213860203
Nifty Midcap 50 TRI,2013-05-21,2172.616741561368
Nifty Midcap 50 TRI,2013-05-22,2138.342238932015
Nifty Midcap 50 TRI,2013-05-23,2081.434455099305
Nifty Midcap 50 TRI,2013-05-24,2100.04898829402
Nifty Midcap 50 TRI,2013-05-27,2128.5336556472935
Nifty Midcap 50 TRI,2013-05-28,2137.6903840142263
Nifty Midcap 50 TRI,2013-05-29,2112.1579626886623
Nifty Midcap 50 TRI,2013-05-30,2109.2596480468005
Nifty Midcap 50 TRI,2013-05-31,2058.8510014819976
Nifty Midcap 50 TRI,2013-06-03,2070.194134042445
Nifty Midcap 50 TRI,2013-06-04,2077.6723109570166
Nifty Midcap 50 TRI,2013-06-05,2094.86748681269
Nifty Midcap 50 TRI,2013-06-06,2102.9063049228866
Nifty Midcap 50 TRI,2013-06-07,2070.855109033617
Nifty Midcap 50 TRI,2013-06-10,2033.9671848301844
Nifty Midcap 50 TRI,2013-06-11,1992.7016452580692
Nifty Midcap 50 TRI,2013-06-12,1984.6603071932652
Nifty Midcap 50 TRI,2013-06-13,1938.0488929758383
Nifty Midcap 50 TRI,2013-06-14,1964.5055437536523
Nifty Midcap 50 TRI,2013-06-17,1977.7284247729829
Nifty Midcap 50 TRI,2013-06-18,1994.1635201221068
Nifty Midcap 50 TRI,2013-06-19,2011.617115172709
Nifty Midcap 50 TRI,2013-06-20,1956.2447935267453
Nifty Midcap 50 TRI,2013-06-21,1920.0058603505306
Nifty Midcap 50 TRI,2013-06-24,1870.2679223172452
Nifty Midcap 50 TRI,2013-06-25,1867.9724238264196
Nifty Midcap 50 TRI,2013-06-26,1859.2125771156234
Nifty Midcap 50 TRI,2013-06-27,1866.2315872981358
Nifty Midcap 50 TRI,2013-06-28,1925.7820867934402
Nifty Midcap 50 TRI,2013-07-01,1988.4363112263366
Nifty Midcap 50 TRI,2013-07-02,1968.3767561546538
Nifty Midcap 50 TRI,2013-07-03,1912.9856972434045
Nifty Midcap 50 TRI,2013-07-04,1929.2728833205383
Nifty Midcap 50 TRI,2013-07-05,1935.1749654090772
Nifty Midcap 50 TRI,2013-07-08,1944.3292535523342
Nifty Midcap 50 TRI,2013-07-09,1969.7839407520355
Nifty Midcap 50 TRI,2013-07-10,1956.135593872204
Nifty Midcap 50 TRI,2013-07-11,1976.4491321794283
Nifty Midcap 50 TRI,2013-07-12,1982.5570058785627
Nifty Midcap 50 TRI,2013-07-15,2008.4192315000714
Nifty Midcap 50 TRI,2013-07-16,1968.2889943112336
Nifty Midcap 50 TRI,2013-07-17,1942.9251757397267
Nifty Midcap 50 TRI,2013-07-18,1974.0893792740737
Nifty Midcap 50 TRI,2013-07-19,1963.952124050124
Nifty Midcap 50 TRI,2013-07-22,1970.3613389140285
Nifty Midcap 50 TRI,2013-07-23,1978.0496837586593
Nifty Midcap 50 TRI,2013-07-24,1946.2640490804529
Nifty Midcap 50 TRI,2013-07-25,1927.6692025789025
Nifty Midcap 50 TRI,2013-07-26,1916.0519318259255
Nifty Midcap 50 TRI,2013-07-29,1897.599513299336
Nifty Midcap 50 TRI,2013-07-30,1841.8134171515412
Nifty Midcap 50 TRI,2013-07-31,1864.5284108353464
Nifty Midcap 50 TRI,2013-08-01,1818.825829517708
Nifty Midcap 50 TRI,2013-08-02,1779.387375244914
Nifty Midcap 50 TRI,2013-08-05,1793.0709836004548
Nifty Midcap 50 TRI,2013-08-06,1745.1701244234555
Nifty Midcap 50 TRI,2013-08-07,1778.7394727308315
Nifty Midcap 50 TRI,2013-08-08,1803.1897341594606
Nifty Midcap 50 TRI,2013-08-12,1836.6935414838174
Nifty Midcap 50 TRI,2013-08-13,1875.9775254431443
Nifty Midcap 50 TRI,2013-08-14,1886.92912685077
Nifty Midcap 50 TRI,2013-08-16,1802.3205613345597
Nifty Midcap 50 TRI,2013-08-19,1784.9714445672666
Nifty Midcap 50 TRI,2013-08-20,1797.2476468966395
Nifty Midcap 50 TRI,2013-08-21,1745.5575410681124
Nifty Midcap 50 TRI,2013-08-22,1795.2969876236662
Nifty Midcap 50 TRI,2013-08-23,1818.125553552854
Nifty Midcap 50 TRI,2013-08-26,1828.6585151479387
Nifty Midcap 50 TRI,2013-08-27,1776.8086085720208
Nifty Midcap 50 TRI,2013-08-28,1773.0798430444888
Nifty Midcap 50 TRI,2013-08-29,1800.550291389741
Nifty Midcap 50 TRI,2013-08-30,1804.2651847951486
Nifty Midcap 50 TRI,2013-09-02,1842.7893133972543
Nifty Midcap 50 TRI,2013-09-03,1791.5427721347842
Nifty Midcap 50 TRI,2013-09-04,1818.405889478424
Nifty Midcap 50 TRI,2013-09-05,1853.0716993342612
Nifty Midcap 50 TRI,2013-09-06,1857.9611740329676
Nifty Midcap 50 TRI,2013-09-10,1880.3770869402301
Nifty Midcap 50 TRI,2013-09-11,1914.335495538348
Nifty Midcap 50 TRI,2013-09-12,1896.584495478689
Nifty Midcap 50 TRI,2013-09-13,1914.5824369508591
Nifty Midcap 50 TRI,2013-09-16,1901.4627752649844
Nifty Midcap 50 TRI,2013-09-17,1906.099727201216
Nifty Midcap 50 TRI,2013-09-18,1912.2161156195132
Nifty Midcap 50 TRI,2013-09-19,1984.6914311165235
Nifty Midcap 50 TRI,2013-09-20,1970.815134213059
Nifty Midcap 50 TRI,2013-09-23,1944.434493012289
Nifty Midcap 50 TRI,2013-09-24,1954.8376882798007
Nifty Midcap 50 TRI,2013-09-25,1961.0581920038683
Nifty Midcap 50 TRI,2013-09-26,1953.862238573972
Nifty Midcap 50 TRI,2013-09-27,1949.3698001882085
Nifty Midcap 50 TRI,2013-09-30,1922.7788720637734
Nifty Midcap 50 TRI,2013-10-01,1947.1120552259617
Nifty Midcap 50 TRI,2013-10-03,1993.3327249618362
Nifty Midcap 50 TRI,2013-10-04,1992.7182769681458
Nifty Midcap 50 TRI,2013-10-07,2015.6236664088897
Nifty Midcap 50 TRI,2013-10-08,2017.9183680636263
Nifty Midcap 50 TRI,2013-10-09,2037.6147851487892
Nifty Midcap 50 TRI,2013-10-10,2040.4715404839756
Nifty Midcap 50 TRI,2013-10-11,2044.9105216763844
Nifty Midcap 50 TRI,2013-10-14,2057.258858257003
Nifty Midcap 50 TRI,2013-10-15,2027.2477199172868
Nifty Midcap 50 TRI,2013-10-17,2022.4471982856128
Nifty Midcap 50 TRI,2013-10-18,2064.402521522084
Nifty Midcap 50 TRI,2013-10-21,2096.5603750616806
Nifty Midcap 50 TRI,2013-10-22,2109.9860291404116
Nifty Midcap 50 TRI,2013-10-23,2097.479812919554
Nifty Midcap 50 TRI,2013-10-24,2096.6635697680786
Nifty Midcap 50 TRI,2013-10-25,2069.964212214074
Nifty Midcap 50 TRI,2013-10-28,2049.3372946213467
Nifty Midcap 50 TRI,2013-10-29,2086.249968521746
Nifty Midcap 50 TRI,2013-10-30,2089.7730634013656
Nifty Midcap 50 TRI,2013-10-31,2128.577677265456
Nifty Midcap 50 TRI,2013-11-01,2170.3458088073066
Nifty Midcap 50 TRI,2013-11-05,2202.1166998726408
Nifty Midcap 50 TRI,2013-11-06,2192.7746227875746
Nifty Midcap 50 TRI,2013-11-07,2152.536389954608
Nifty Midcap 50 TRI,2013-11-08,2160.6579195112845
Nifty Midcap 50 TRI,2013-11-11,2142.992756090607
Nifty Midcap 50 TRI,2013-11-12,2112.503454000454
Nifty Midcap 50 TRI,2013-11-13,2102.901941761915
Nifty Midcap 50 TRI,2013-11-14,2142.690833082533
Nifty Midcap 50 TRI,2013-11-18,2178.8620957479015
Nifty Midcap 50 TRI,2013-11-19,2184.7388772558074
Nifty Midcap 50 TRI,2013-11-20,2168.1903154628844
Nifty Midcap 50 TRI,2013-11-21,2131.5135763476455
Nifty Midcap 50 TRI,2013-11-22,2129.5224215341136
Nifty Midcap 50 TRI,2013-11-25,2177.8567419950773
Nifty Midcap 50 TRI,2013-11-26,2163.809229808794
Nifty Midcap 50 TRI,2013-11-27,2173.723028856757
Nifty Midcap 50 TRI,2013-11-28,2196.666175832955
Nifty Midcap 50 TRI,2013-11-29,2225.588642398386
Nifty Midcap 50 TRI,2013-12-02,2240.366680016597
Nifty Midcap 50 TRI,2013-12-03,2234.7495049510103
Nifty Midcap 50 TRI,2013-12-04,2213.035455834177
Nifty Midcap 50 TRI,2013-12-05,2241.7579641813923
Nifty Midcap 50 TRI,2013-12-06,2256.2754268078347
Nifty Midcap 50 TRI,2013-12-09,2283.630445467211
Nifty Midcap 50 TRI,2013-12-10,2279.955635005539
Nifty Midcap 50 TRI,2013-12-11,2260.0787123931095
Nifty Midcap 50 TRI,2013-12-12,2239.9452575693
Nifty Midcap 50 TRI,2013-12-13,2200.7459944073507
Nifty Midcap 50 TRI,2013-12-16,2213.5334942028517
Nifty Midcap 50 TRI,2013-12-17,2205.7157642907396
Nifty Midcap 50 TRI,2013-12-18,2256.1217452162696
Nifty Midcap 50 TRI,2013-12-19,2242.5791443946123
Nifty Midcap 50 TRI,2013-12-20,2287.518685528657
Nifty Midcap 50 TRI,2013-12-23,2320.7135338152857
Nifty Midcap 50 TRI,2013-12-24,2330.8935954989397
Nifty Midcap 50 TRI,2013-12-26,2335.5583570574972
Nifty Midcap 50 TRI,2013-12-27,2349.3695538969673
Nifty Midcap 50 TRI,2013-12-30,2342.9974393604784
Nifty Midcap 50 TRI,2013-12-31,2355.020444814166
Nifty Midcap 50 TRI,2014-01-02,2314.584076505849
Nifty Midcap 50 TRI,2014-01-03,2323.232060074832
Nifty Midcap 50 TRI,2014-01-06,2336.853409379243
Nifty Midcap 50 TRI,2014-01-07,2312.8731771133544
Nifty Midcap 50 TRI,2014-01-08,2320.65285746704
Nifty Midcap 50 TRI,2014-01-09,2292.42600980859
Nifty Midcap 50 TRI,2014-01-10,2267.1642311313726
Nifty Midcap 50 TRI,2014-01-13,2266.410208193849
Nifty Midcap 50 TRI,2014-01-14,2273.576205151132
Nifty Midcap 50 TRI,2014-01-15,2280.7423025446474
Nifty Midcap 50 TRI,2014-01-16,2277.3195588725553
Nifty Midcap 50 TRI,2014-01-17,2247.5002023538746
Nifty Midcap 50 TRI,2014-01-20,2278.003664690805
Nifty Midcap 50 TRI,2014-01-21,2285.2221285539736
Nifty Midcap 50 TRI,2014-01-22,2295.152460970807
Nifty Midcap 50 TRI,2014-01-23,2284.4131477171063
Nifty Midcap 50 TRI,2014-01-24,2234.6344572802695
Nifty Midcap 50 TRI,2014-01-27,2144.8951681779563
Nifty Midcap 50 TRI,2014-01-28,2141.2636873788965
Nifty Midcap 50 TRI,2014-01-29,2156.00224067222
Nifty Midcap 50 TRI,2014-01-30,2123.8676124749973
Nifty Midcap 50 TRI,2014-01-31,2181.2344323923694
Nifty Midcap 50 TRI,2014-02-03,2148.0272978427574
Nifty Midcap 50 TRI,2014-02-04,2156.626713313
Nifty Midcap 50 TRI,2014-02-05,2166.659743084634
Nifty Midcap 50 TRI,2014-02-06,2171.0633109494074
Nifty Midcap 50 TRI,2014-02-07,2194.6093528068845
Nifty Midcap 50 TRI,2014-02-10,2182.639833291843
Nifty Midcap 50 TRI,2014-02-11,2182.283723750059
Nifty Midcap 50 TRI,2014-02-12,2176.962419854469
Nifty Midcap 50 TRI,2014-02-13,2135.9614489498526
Nifty Midcap 50 TRI,2014-02-14,2142.7709650341208
Nifty Midcap 50 TRI,2014-02-18,2167.4020380962284
Nifty Midcap 50 TRI,2014-02-19,2176.773289937288
Nifty Midcap 50 TRI,2014-02-20,2175.5977125229924
Nifty Midcap 50 TRI,2014-02-21,2192.598406171544
Nifty Midcap 50 TRI,2014-02-24,2197.3168737056694
Nifty Midcap 50 TRI,2014-02-25,2197.319770276374
Nifty Midcap 50 TRI,2014-02-26,2198.858610805848
Nifty Midcap 50 TRI,2014-02-28,2220.9351100759045
Nifty Midcap 50 TRI,2014-03-03,2207.8857586685863
Nifty Midcap 50 TRI,2014-03-04,2245.479713186552
Nifty Midcap 50 TRI,2014-03-05,2264.5357225000284
Nifty Midcap 50 TRI,2014-03-06,2308.9448604091094
Nifty Midcap 50 TRI,2014-03-07,2333.483514625772
Nifty Midcap 50 TRI,2014-03-10,2354.2464207751223
Nifty Midcap 50 TRI,2014-03-11,2340.9862343375876
Nifty Midcap 50 TRI,2014-03-12,2336.791910550103
Nifty Midcap 50 TRI,2014-03-13,2306.575001354359
Nifty Midcap 50 TRI,2014-03-14,2320.7701770377803
Nifty Midcap 50 TRI,2014-03-18,2348.560675515432
Nifty Midcap 50 TRI,2014-03-19,2363.3219770460296
Nifty Midcap 50 TRI,2014-03-20,2340.1709822135495
Nifty Midcap 50 TRI,2014-03-21,2362.054720703256
Nifty Midcap 50 TRI,2014-03-24,2380.5207892097296
Nifty Midcap 50 TRI,2014-03-25,2404.303655319536
Nifty Midcap 50 TRI,2014-03-26,2413.4835552305467
Nifty Midcap 50 TRI,2014-03-27,2414.7212474337575
Nifty Midcap 50 TRI,2014-03-28,2494.1579530884273
Nifty Midcap 50 TRI,2014-03-31,2526.6787798150076
Nifty Midcap 50 TRI,2014-04-01,2513.928453226887
Nifty Midcap 50 TRI,2014-04-02,2567.3419305200423
Nifty Midcap 50 TRI,2014-04-03,2544.3929254460086
Nifty Midcap 50 TRI,2014-04-04,2552.860783741228
Nifty Midcap 50 TRI,2014-04-07,2548.127958549036
Nifty Midcap 50 TRI,2014-04-09,2606.381209884029
Nifty Midcap 50 TRI,2014-04-10,2655.347658353998
Nifty Midcap 50 TRI,2014-04-11,2648.389828619608
Nifty Midcap 50 TRI,2014-04-15,2619.1199590441324
Nifty Midcap 50 TRI,2014-04-16,2578.5800289470817
Nifty Midcap 50 TRI,2014-04-17,2635.962316704864
Nifty Midcap 50 TRI,2014-04-21,2667.344624014964
Nifty Midcap 50 TRI,2014-04-22,2652.437469264825
Nifty Midcap 50 TRI,2014-04-23,2638.70910039033
Nifty Midcap 50 TRI,2014-04-25,2636.530987373019
Nifty Midcap 50 TRI,2014-04-28,2675.4951591431
Nifty Midcap 50 TRI,2014-04-29,2645.559391122301
Nifty Midcap 50 TRI,2014-04-30,2590.2870659489463
Nifty Midcap 50 TRI,2014-05-02,2605.031293069217
Nifty Midcap 50 TRI,2014-05-05,2604.043141667437
Nifty Midcap 50 TRI,2014-05-06,2605.5433820690337
Nifty Midcap 50 TRI,2014-05-07,2599.0414504758273
Nifty Midcap 50 TRI,2014-05-08,2583.614035290126
Nifty Midcap 50 TRI,2014-05-09,2649.388703285286
Nifty Midcap 50 TRI,2014-05-12,2684.930134882023
Nifty Midcap 50 TRI,2014-05-13,2759.024770127219
Nifty Midcap 50 TRI,2014-05-14,2829.737220353136
Nifty Midcap 50 TRI,2014-05-15,2801.3837000027097
Nifty Midcap 50 TRI,2014-05-16,2900.678105724347
Nifty Midcap 50 TRI,2014-05-19,3096.7915729137326
Nifty Midcap 50 TRI,2014-05-20,3111.95288506718
Nifty Midcap 50 TRI,2014-05-21,3121.1115705023044
Nifty Midcap 50 TRI,2014-05-22,3173.271221569104
Nifty Midcap 50 TRI,2014-05-23,3277.415065811183
Nifty Midcap 50 TRI,2014-05-26,3193.5967884369256
Nifty Midcap 50 TRI,2014-05-27,3155.852424451683
Nifty Midcap 50 TRI,2014-05-28,3175.483168126609
Nifty Midcap 50 TRI,2014-05-29,3135.8891054528
Nifty Midcap 50 TRI,2014-05-30,3130.012459871195
Nifty Midcap 50 TRI,2014-06-02,3229.0477376193912
Nifty Midcap 50 TRI,2014-06-03,3250.5307802400494
Nifty Midcap 50 TRI,2014-06-04,3320.7270113171653
Nifty Midcap 50 TRI,2014-06-05,3396.3164406789588
Nifty Midcap 50 TRI,2014-06-06,3460.308433045308
Nifty Midcap 50 TRI,2014-06-09,3526.376006643494
Nifty Midcap 50 TRI,2014-06-10,3497.4569318118656
Nifty Midcap 50 TRI,2014-06-11,3419.0972445908983
Nifty Midcap 50 TRI,2014-06-12,3425.7013759202387
Nifty Midcap 50 TRI,2014-06-13,3302.669334230318
Nifty Midcap 50 TRI,2014-06-16,3327.4553869290494
Nifty Midcap 50 TRI,2014-06-17,3383.709622211665
Nifty Midcap 50 TRI,2014-06-18,3338.4015894981094
Nifty Midcap 50 TRI,2014-06-19,3300.3312900810424
Nifty Midcap 50 TRI,2014-06-20,3272.683301727004
Nifty Midcap 50 TRI,2014-06-23,3305.5337400626468
Nifty Midcap 50 TRI,2014-06-24,3382.390466012688
Nifty Midcap 50 TRI,2014-06-25,3392.590710658298
Nifty Midcap 50 TRI,2014-06-26,3352.8719004289223
Nifty Midcap 50 TRI,2014-06-27,3370.262138380447
Nifty Midcap 50 TRI,2014-06-30,3472.3619095239537
Nifty Midcap 50 TRI,2014-07-01,3476.761594913963
Nifty Midcap 50 TRI,2014-07-02,3526.1573029647643
Nifty Midcap 50 TRI,2014-07-03,3511.5018299212225
Nifty Midcap 50 TRI,2014-07-04,3529.617776043165
Nifty Midcap 50 TRI,2014-07-07,3531.1106471714947
Nifty Midcap 50 TRI,2014-07-08,3317.2816358740633
Nifty Midcap 50 TRI,2014-07-09,3240.661965187185
Nifty Midcap 50 TRI,2014-07-10,3256.82176772703
Nifty Midcap 50 TRI,2014-07-11,3112.071743697325
Nifty Midcap 50 TRI,2014-07-14,3142.974819678308
Nifty Midcap 50 TRI,2014-07-15,3233.6372342023424
Nifty Midcap 50 TRI,2014-07-16,3283.352261792181
Nifty Midcap 50 TRI,2014-07-17,3334.713861588399
Nifty Midcap 50 TRI,2014-07-18,3302.7827944034116
Nifty Midcap 50 TRI,2014-07-21,3296.1912271893366
Nifty Midcap 50 TRI,2014-07-22,3294.4219868028185
Nifty Midcap 50 TRI,2014-07-23,3286.1772799140317
Nifty Midcap 50 TRI,2014-07-24,3291.088760479155
Nifty Midcap 50 TRI,2014-07-25,3213.46190119791
Nifty Midcap 50 TRI,2014-07-28,3196.7885693795365
Nifty Midcap 50 TRI,2014-07-30,3232.6686284639068
Nifty Midcap 50 TRI,2014-07-31,3238.7617618381437
Nifty Midcap 50 TRI,2014-08-01,3213.242699370652
Nifty Midcap 50 TRI,2014-08-04,3268.8439522373446
Nifty Midcap 50 TRI,2014-08-05,3294.114000325543
Nifty Midcap 50 TRI,2014-08-06,3258.414246364287
Nifty Midcap 50 TRI,2014-08-07,3245.8471686525477
Nifty Midcap 50 TRI,2014-08-08,3165.827270436053
Nifty Midcap 50 TRI,2014-08-11,3200.920079641181
Nifty Midcap 50 TRI,2014-08-12,3219.817165771138
Nifty Midcap 50 TRI,2014-08-13,3143.5916835238836
Nifty Midcap 50 TRI,2014-08-14,3191.128898297214
Nifty Midcap 50 TRI,2014-08-18,3260.4532602919885
Nifty Midcap 50 TRI,2014-08-19,3285.6290544775475
Nifty Midcap 50 TRI,2014-08-20,3287.8694282617744
Nifty Midcap 50 TRI,2014-08-21,3296.692852378246
Nifty Midcap 50 TRI,2014-08-22,3312.3569578937795
Nifty Midcap 50 TRI,2014-08-25,3259.3674619841727
Nifty Midcap 50 TRI,2014-08-26,3243.245590587774
Nifty Midcap 50 TRI,2014-08-27,3246.5654940326713
Nifty Midcap 50 TRI,2014-08-28,3221.389570479526
Nifty Midcap 50 TRI,2014-09-01,3317.7993676680676
Nifty Midcap 50 TRI,2014-09-02,3334.4968092450063
Nifty Midcap 50 TRI,2014-09-03,3357.985837640218
Nifty Midcap 50 TRI,2014-09-04,3356.2676111244155
Nifty Midcap 50 TRI,2014-09-05,3362.6265757502983
Nifty Midcap 50 TRI,2014-09-08,3415.148080867241
Nifty Midcap 50 TRI,2014-09-09,3434.886383762762
Nifty Midcap 50 TRI,2014-09-10,3429.8768178385067
Nifty Midcap 50 TRI,2014-09-11,3457.952185514912
Nifty Midcap 50 TRI,2014-09-12,3458.5000637747207
Nifty Midcap 50 TRI,2014-09-15,3465.5473575470573
Nifty Midcap 50 TRI,2014-09-16,3309.139810444581
Nifty Midcap 50 TRI,2014-09-17,3328.8796216103915
Nifty Midcap 50 TRI,2014-09-18,3413.87588481489
Nifty Midcap 50 TRI,2014-09-19,3379.1694703673743
Nifty Midcap 50 TRI,2014-09-22,3370.9258634371226
Nifty Midcap 50 TRI,2014-09-23,3280.370347890655
Nifty Midcap 50 TRI,2014-09-24,3245.0904114807568
Nifty Midcap 50 TRI,2014-09-25,3147.06388831936
Nifty Midcap 50 TRI,2014-09-26,3208.0341337119717
Nifty Midcap 50 TRI,2014-09-29,3227.6772625964686
Nifty Midcap 50 TRI,2014-09-30,3219.9831289916165
Nifty Midcap 50 TRI,2014-10-01,3220.6799758140587
Nifty Midcap 50 TRI,2014-10-07,3193.5567487912235
Nifty Midcap 50 TRI,2014-10-08,3204.8079754111855
Nifty Midcap 50 TRI,2014-10-09,3270.4849427693653
Nifty Midcap 50 TRI,2014-10-10,3207.797224653189
Nifty Midcap 50 TRI,2014-10-13,3225.3356582305873
Nifty Midcap 50 TRI,2014-10-14,3226.1356750090645
Nifty Midcap 50 TRI,2014-10-16,3127.6738384615
Nifty Midcap 50 TRI,2014-10-17,3171.989280226164
Nifty Midcap 50 TRI,2014-10-20,3229.0828747562814
Nifty Midcap 50 TRI,2014-10-21,3260.786150857911
Nifty Midcap 50 TRI,2014-10-22,3295.014740596975
Nifty Midcap 50 TRI,2014-10-27,3280.8409256687783
Nifty Midcap 50 TRI,2014-10-28,3291.1210621675136
Nifty Midcap 50 TRI,2014-10-29,3300.062507570623
Nifty Midcap 50 TRI,2014-10-30,3323.1198452683384
Nifty Midcap 50 TRI,2014-10-31,3393.2654475938552
Nifty Midcap 50 TRI,2014-11-03,3434.6292280146026
Nifty Midcap 50 TRI,2014-11-05,3426.6570422886084
Nifty Midcap 50 TRI,2014-11-07,3417.3956505451747
Nifty Midcap 50 TRI,2014-11-10,3418.9869897674607
Nifty Midcap 50 TRI,2014-11-11,3444.836665926911
Nifty Midcap 50 TRI,2014-11-12,3469.3477031538014
Nifty Midcap 50 TRI,2014-11-13,3448.4069803248963
Nifty Midcap 50 TRI,2014-11-14,3488.2254192541373
Nifty Midcap 50 TRI,2014-11-17,3518.9931853318567
Nifty Midcap 50 TRI,2014-11-18,3550.9832556338934
Nifty Midcap 50 TRI,2014-11-19,3480.355015784296
Nifty Midcap 50 TRI,2014-11-20,3465.4929243894476
Nifty Midcap 50 TRI,2014-11-21,3466.557225975773
Nifty Midcap 50 TRI,2014-11-24,3490.524445734686
Nifty Midcap 50 TRI,2014-11-25,3416.5338603680525
Nifty Midcap 50 TRI,2014-11-26,3444.094027136575
Nifty Midcap 50 TRI,2014-11-27,3465.881888803331
Nifty Midcap 50 TRI,2014-11-28,3524.531288021594
Nifty Midcap 50 TRI,2014-12-01,3509.8391714671943
Nifty Midcap 50 TRI,2014-12-02,3551.01697652093
Nifty Midcap 50 TRI,2014-12-03,3588.278484480969
Nifty Midcap 50 TRI,2014-12-04,3597.389629064374
Nifty Midcap 50 TRI,2014-12-05,3565.04545385537
Nifty Midcap 50 TRI,2014-12-08,3514.051511137215
Nifty Midcap 50 TRI,2014-12-09,3428.2270101545328
Nifty Midcap 50 TRI,2014-12-10,3474.206879418959
Nifty Midcap 50 TRI,2014-12-11,3434.53193199386
Nifty Midcap 50 TRI,2014-12-12,3373.659381228495
Nifty Midcap 50 TRI,2014-12-15,3348.790978937742
Nifty Midcap 50 TRI,2014-12-16,3249.6411959709912
Nifty Midcap 50 TRI,2014-12-17,3228.1098892511086
Nifty Midcap 50 TRI,2014-12-18,3350.99730853407
Nifty Midcap 50 TRI,2014-12-19,3372.63996401459
Nifty Midcap 50 TRI,2014-12-22,3406.6753401332344
Nifty Midcap 50 TRI,2014-12-23,3367.347972365313
Nifty Midcap 50 TRI,2014-12-24,3371.093232014218
Nifty Midcap 50 TRI,2014-12-26,3397.3108311606697
Nifty Midcap 50 TRI,2014-12-29,3432.385671582975
Nifty Midcap 50 TRI,2014-12-30,3450.991918802669
Nifty Midcap 50 TRI,2014-12-31,3470.734264392481
Nifty Midcap 50 TRI,2015-01-02,3503.2045601836376
Nifty Midcap 50 TRI,2015-01-05,3514.0406177468108
Nifty Midcap 50 TRI,2015-01-06,3374.4905406592866
Nifty Midcap 50 TRI,2015-01-07,3365.800687764539
Nifty Midcap 50 TRI,2015-01-08,3448.967273309431
Nifty Midcap 50 TRI,2015-01-12,3487.858513126565
Nifty Midcap 50 TRI,2015-01-13,3467.712338067185
Nifty Midcap 50 TRI,2015-01-14,3450.5071902180093
Nifty Midcap 50 TRI,2015-01-15,3511.4445046176975
Nifty Midcap 50 TRI,2015-01-16,3536.512557548607
Nifty Midcap 50 TRI,2015-01-19,3546.786841451719
Nifty Midcap 50 TRI,2015-01-20,3554.1006711448176
Nifty Midcap 50 TRI,2015-01-21,3560.6405359221467
Nifty Midcap 50 TRI,2015-01-22,3553.0361481403183
Nifty Midcap 50 TRI,2015-01-27,3567.7730550008437
Nifty Midcap 50 TRI,2015-01-28,3577.205710799846
Nifty Midcap 50 TRI,2015-01-29,3601.973252835523
Nifty Midcap 50 TRI,2015-02-02,3631.6047768693597
Nifty Midcap 50 TRI,2015-02-03,3585.064935393728
Nifty Midcap 50 TRI,2015-02-04,3565.271798541286
Nifty Midcap 50 TRI,2015-02-05,3486.5042067989616
Nifty Midcap 50 TRI,2015-02-09,3364.343084766806
Nifty Midcap 50 TRI,2015-02-10,3385.1360208762503
Nifty Midcap 50 TRI,2015-02-11,3475.7582255827683
Nifty Midcap 50 TRI,2015-02-12,3517.7308744034317
Nifty Midcap 50 TRI,2015-02-13,3549.3240168357743
Nifty Midcap 50 TRI,2015-02-18,3542.1142541955674
Nifty Midcap 50 TRI,2015-02-19,3552.842779617793
Nifty Midcap 50 TRI,2015-02-20,3564.811605460003
Nifty Midcap 50 TRI,2015-02-23,3514.3405464811112
Nifty Midcap 50 TRI,2015-02-24,3506.1604338219054
Nifty Midcap 50 TRI,2015-02-25,3509.44982178618
Nifty Midcap 50 TRI,2015-02-26,3464.998815414083
Nifty Midcap 50 TRI,2015-02-27,3555.348461283508
Nifty Midcap 50 TRI,2015-03-02,3616.6864049031683
Nifty Midcap 50 TRI,2015-03-03,3657.235536606408
Nifty Midcap 50 TRI,2015-03-04,3575.2657518260544
Nifty Midcap 50 TRI,2015-03-05,3594.525272530351
Nifty Midcap 50 TRI,2015-03-09,3544.334082812871
Nifty Midcap 50 TRI,2015-03-10,3548.400410435788
Nifty Midcap 50 TRI,2015-03-11,3533.6544346458413
Nifty Midcap 50 TRI,2015-03-12,3610.6997259465043
Nifty Midcap 50 TRI,2015-03-13,3529.4344877797876
Nifty Midcap 50 TRI,2015-03-16,3521.7340441571378
Nifty Midcap 50 TRI,2015-03-17,3562.8114030970773
Nifty Midcap 50 TRI,2015-03-18,3574.788053921206
Nifty Midcap 50 TRI,2015-03-19,3545.823802620768
Nifty Midcap 50 TRI,2015-03-20,3484.497298858168
Nifty Midcap 50 TRI,2015-03-23,3469.864600136301
Nifty Midcap 50 TRI,2015-03-24,3457.489965403587
Nifty Midcap 50 TRI,2015-03-25,3451.2671231681425
Nifty Midcap 50 TRI,2015-03-26,3418.2621550823283
Nifty Midcap 50 TRI,2015-03-30,3492.9532872675723
Nifty Midcap 50 TRI,2015-03-31,3488.9537677616427
Nifty Midcap 50 TRI,2015-04-06,3542.166634624521
Nifty Midcap 50 TRI,2015-04-07,3578.507480535133
Nifty Midcap 50 TRI,2015-04-08,3602.0241394861237
Nifty Midcap 50 TRI,2015-04-09,3620.266377791613
Nifty Midcap 50 TRI,2015-04-15,3647.025160718284
Nifty Midcap 50 TRI,2015-04-16,3609.2490108147254
Nifty Midcap 50 TRI,2015-04-20,3485.5960419547823
Nifty Midcap 50 TRI,2015-04-21,3464.7286552635246
Nifty Midcap 50 TRI,2015-04-22,3479.5068489256228
Nifty Midcap 50 TRI,2015-04-23,3465.519599943036
Nifty Midcap 50 TRI,2015-04-27,3305.507440784379
Nifty Midcap 50 TRI,2015-04-28,3359.8168285349166
Nifty Midcap 50 TRI,2015-04-29,3368.1267609998686
Nifty Midcap 50 TRI,2015-05-04,3478.047248934455
Nifty Midcap 50 TRI,2015-05-05,3477.3044645958435
Nifty Midcap 50 TRI,2015-05-06,3328.8023355708156
Nifty Midcap 50 TRI,2015-05-07,3253.4758824135865
Nifty Midcap 50 TRI,2015-05-11,3397.690495957187
Nifty Midcap 50 TRI,2015-05-12,3307.552193216351
Nifty Midcap 50 TRI,2015-05-13,3356.912245669659
Nifty Midcap 50 TRI,2015-05-14,3418.853446236649
Nifty Midcap 50 TRI,2015-05-18,3460.190464451149
Nifty Midcap 50 TRI,2015-05-19,3460.275345469389
Nifty Midcap 50 TRI,2015-05-20,3465.848148229372
Nifty Midcap 50 TRI,2015-05-21,3458.684861232008
Nifty Midcap 50 TRI,2015-05-25,3452.0859547720156
Nifty Midcap 50 TRI,2015-05-26,3450.669068400917
Nifty Midcap 50 TRI,2015-05-27,3460.5921515961277
Nifty Midcap 50 TRI,2015-05-28,3463.9910726024796
Nifty Midcap 50 TRI,2015-05-29,3492.2463732834217
Nifty Midcap 50 TRI,2015-06-01,3488.4640506615747
Nifty Midcap 50 TRI,2015-06-02,3390.6168354697643
Nifty Midcap 50 TRI,2015-06-03,3314.5685142343696
Nifty Midcap 50 TRI,2015-06-04,3299.26767504889
Nifty Midcap 50 TRI,2015-06-05,3305.2531756599737
Nifty Midcap 50 TRI,2015-06-08,3232.307836608526
Nifty Midcap 50 TRI,2015-06-09,3232.9051050602475
Nifty Midcap 50 TRI,2015-06-10,3268.104302553799
Nifty Midcap 50 TRI,2015-06-11,3194.110046120476
Nifty Midcap 50 TRI,2015-06-12,3199.8347203374183
Nifty Midcap 50 TRI,2015-06-15,3210.9493389183003
Nifty Midcap 50 TRI,2015-06-16,3231.957942407944
Nifty Midcap 50 TRI,2015-06-17,3262.552040280243
Nifty Midcap 50 TRI,2015-06-18,3287.2414397853818
Nifty Midcap 50 TRI,2015-06-19,3319.962670541859
Nifty Midcap 50 TRI,2015-06-22,3378.601791201533
Nifty Midcap 50 TRI,2015-06-23,3402.623302143092
Nifty Midcap 50 TRI,2015-06-24,3344.7238011019003
Nifty Midcap 50 TRI,2015-06-25,3368.0205058300285
Nifty Midcap 50 TRI,2015-06-26,3365.512157787726
Nifty Midcap 50 TRI,2015-06-29,3304.6084929889885
Nifty Midcap 50 TRI,2015-06-30,3329.6687886712725
Nifty Midcap 50 TRI,2015-07-01,3397.072024214092
Nifty Midcap 50 TRI,2015-07-02,3419.7519745947156
Nifty Midcap 50 TRI,2015-07-06,3469.7428221472446
Nifty Midcap 50 TRI,2015-07-07,3497.2477268150683
Nifty Midcap 50 TRI,2015-07-08,3435.4946665345283
Nifty Midcap 50 TRI,2015-07-09,3445.5315336530243
Nifty Midcap 50 TRI,2015-07-10,3447.4822434753123
Nifty Midcap 50 TRI,2015-07-13,3493.148702563856
Nifty Midcap 50 TRI,2015-07-14,3508.9943845483604
Nifty Midcap 50 TRI,2015-07-15,3510.6876624732836
Nifty Midcap 50 TRI,2015-07-16,3548.6204793188076
Nifty Midcap 50 TRI,2015-07-17,3563.8983245913473
Nifty Midcap 50 TRI,2015-07-20,3576.500775838853
Nifty Midcap 50 TRI,2015-07-21,3510.0635861055166
Nifty Midcap 50 TRI,2015-07-22,3567.0318984850874
Nifty Midcap 50 TRI,2015-07-23,3586.253362750595
Nifty Midcap 50 TRI,2015-07-24,3546.3092013539735
Nifty Midcap 50 TRI,2015-07-27,3477.75373675446
Nifty Midcap 50 TRI,2015-07-28,3470.8379413106636
Nifty Midcap 50 TRI,2015-07-29,3494.9866882555566
Nifty Midcap 50 TRI,2015-07-30,3544.0825783868586
Nifty Midcap 50 TRI,2015-07-31,3572.020263949853
Nifty Midcap 50 TRI,2015-08-03,3610.6652320411245
Nifty Midcap 50 TRI,2015-08-04,3659.095776250893
Nifty Midcap 50 TRI,2015-08-05,3669.1447224706085
Nifty Midcap 50 TRI,2015-08-06,3677.326481400722
Nifty Midcap 50 TRI,2015-08-07,3672.488775096327
Nifty Midcap 50 TRI,2015-08-10,3640.2845026604095
Nifty Midcap 50 TRI,2015-08-11,3584.760626509193
Nifty Midcap 50 TRI,2015-08-12,3488.716618517875
Nifty Midcap 50 TRI,2015-08-13,3465.5596225196796
Nifty Midcap 50 TRI,2015-08-14,3546.839472497185
Nifty Midcap 50 TRI,2015-08-17,3571.901921244445
Nifty Midcap 50 TRI,2015-08-18,3594.041422475653
Nifty Midcap 50 TRI,2015-08-19,3574.7751926876904
Nifty Midcap 50 TRI,2015-08-20,3491.217449851706
Nifty Midcap 50 TRI,2015-08-21,3470.1835186049234
Nifty Midcap 50 TRI,2015-08-24,3092.3361558391407
Nifty Midcap 50 TRI,2015-08-25,3172.746687885367
Nifty Midcap 50 TRI,2015-08-26,3171.3193031466517
Nifty Midcap 50 TRI,2015-08-27,3270.2115355900187
Nifty Midcap 50 TRI,2015-08-28,3266.6068406955555
Nifty Midcap 50 TRI,2015-08-31,3256.259015743044
Nifty Midcap 50 TRI,2015-09-01,3164.2082319285923
Nifty Midcap 50 TRI,2015-09-02,3142.381473046527
Nifty Midcap 50 TRI,2015-09-03,3184.8667968181253
Nifty Midcap 50 TRI,2015-09-04,3096.5966945882465
Nifty Midcap 50 TRI,2015-09-07,3049.5324856288667
Nifty Midcap 50 TRI,2015-09-08,3105.2067148563856
Nifty Midcap 50 TRI,2015-09-09,3180.195821777931
Nifty Midcap 50 TRI,2015-09-10,3179.4950934381473
Nifty Midcap 50 TRI,2015-09-11,3180.1961981826244
Nifty Midcap 50 TRI,2015-09-14,3243.254837000114
Nifty Midcap 50 TRI,2015-09-15,3215.5558980352603
Nifty Midcap 50 TRI,2015-09-18,3238.224784286928
Nifty Midcap 50 TRI,2015-09-21,3297.3517463915505
Nifty Midcap 50 TRI,2015-09-22,3238.7502147854602
Nifty Midcap 50 TRI,2015-09-23,3271.079869794714
Nifty Midcap 50 TRI,2015-09-28,3276.5710187799054
Nifty Midcap 50 TRI,2015-09-29,3276.1839838476176
Nifty Midcap 50 TRI,2015-09-30,3325.6608021436336
Nifty Midcap 50 TRI,2015-10-05,3403.678848637886
Nifty Midcap 50 TRI,2015-10-06,3435.2435978424796
Nifty Midcap 50 TRI,2015-10-07,3443.847690851419
Nifty Midcap 50 TRI,2015-10-08,3424.294264902301
Nifty Midcap 50 TRI,2015-10-09,3428.794270718637
Nifty Midcap 50 TRI,2015-10-12,3433.0473866549614
Nifty Midcap 50 TRI,2015-10-13,3451.7325009348724
Nifty Midcap 50 TRI,2015-10-14,3450.7262305275067
Nifty Midcap 50 TRI,2015-10-15,3479.440995307324
Nifty Midcap 50 TRI,2015-10-16,3499.3238931013666
Nifty Midcap 50 TRI,2015-10-19,3518.1853131594808
Nifty Midcap 50 TRI,2015-10-20,3532.822383787656
Nifty Midcap 50 TRI,2015-10-21,3513.628756609629
Nifty Midcap 50 TRI,2015-10-23,3514.476662057002
Nifty Midcap 50 TRI,2015-10-26,3489.1118937089864
Nifty Midcap 50 TRI,2015-10-27,3500.4243399365155
Nifty Midcap 50 TRI,2015-10-28,3480.7068348088405
Nifty Midcap 50 TRI,2015-10-29,3459.1170834783693
Nifty Midcap 50 TRI,2015-10-30,3438.2541907122713
Nifty Midcap 50 TRI,2015-11-02,3431.7493576956062
Nifty Midcap 50 TRI,2015-11-03,3437.6556947030444
Nifty Midcap 50 TRI,2015-11-04,3431.657795684818
Nifty Midcap 50 TRI,2015-11-05,3362.026788790581
Nifty Midcap 50 TRI,2015-11-06,3338.1944595484465
Nifty Midcap 50 TRI,2015-11-09,3382.8937408864685
Nifty Midcap 50 TRI,2015-11-10,3332.9585867050732
Nifty Midcap 50 TRI,2015-11-13,3348.7513665127467
Nifty Midcap 50 TRI,2015-11-16,3385.3467809138147
Nifty Midcap 50 TRI,2015-11-17,3411.4832448558755
Nifty Midcap 50 TRI,2015-11-18,3364.5551061015067
Nifty Midcap 50 TRI,2015-11-19,3406.5539492902462
Nifty Midcap 50 TRI,2015-11-20,3445.122367373697
Nifty Midcap 50 TRI,2015-11-23,3457.0261832513124
Nifty Midcap 50 TRI,2015-11-24,3459.1396445998225
Nifty Midcap 50 TRI,2015-11-26,3491.9221162493427
Nifty Midcap 50 TRI,2015-11-27,3523.2170689605537
Nifty Midcap 50 TRI,2015-11-30,3543.711820096749
Nifty Midcap 50 TRI,2015-12-01,3562.7344489839893
Nifty Midcap 50 TRI,2015-12-02,3549.608087538993
Nifty Midcap 50 TRI,2015-12-03,3528.209704694296
Nifty Midcap 50 TRI,2015-12-04,3491.879159346915
Nifty Midcap 50 TRI,2015-12-07,3488.8063835546104
Nifty Midcap 50 TRI,2015-12-08,3425.363864117113
Nifty Midcap 50 TRI,2015-12-09,3352.0844591120476
Nifty Midcap 50 TRI,2015-12-10,3399.203636794703
Nifty Midcap 50 TRI,2015-12-11,3345.640581567072
Nifty Midcap 50 TRI,2015-12-14,3354.004652314796
Nifty Midcap 50 TRI,2015-12-15,3370.947339132704
Nifty Midcap 50 TRI,2015-12-16,3390.9093124156916
Nifty Midcap 50 TRI,2015-12-17,3456.6162638110823
Nifty Midcap 50 TRI,2015-12-18,3451.3405487173854
Nifty Midcap 50 TRI,2015-12-21,3481.260835652621
Nifty Midcap 50 TRI,2015-12-22,3455.218592395991
Nifty Midcap 50 TRI,2015-12-23,3473.8327303759415
Nifty Midcap 50 TRI,2015-12-24,3504.7313646817156
Nifty Midcap 50 TRI,2015-12-28,3514.861775434366
Nifty Midcap 50 TRI,2015-12-29,3528.2742161619944
Nifty Midcap 50 TRI,2015-12-30,3530.3912175674755
Nifty Midcap 50 TRI,2015-12-31,3555.830347402175
Nifty Midcap 50 TRI,2016-01-04,3566.644183223067
Nifty Midcap 50 TRI,2016-01-05,3607.342590263196
Nifty Midcap 50 TRI,2016-01-06,3587.7500259275735
Nifty Midcap 50 TRI,2016-01-07,3452.4616791106805
Nifty Midcap 50 TRI,2016-01-08,3501.0746255872687
Nifty Midcap 50 TRI,2016-01-11,3480.9717137797143
Nifty Midcap 50 TRI,2016-01-12,3439.710227747466
Nifty Midcap 50 TRI,2016-01-13,3380.7410474319986
Nifty Midcap 50 TRI,2016-01-14,3320.3627973998773
Nifty Midcap 50 TRI,2016-01-15,3173.8966705052676
Nifty Midcap 50 TRI,2016-01-18,3075.5912293271635
Nifty Midcap 50 TRI,2016-01-19,3134.3644975538436
Nifty Midcap 50 TRI,2016-01-20,3051.0020168941137
Nifty Midcap 50 TRI,2016-01-21,3067.7964253173573
Nifty Midcap 50 TRI,2016-01-22,3168.868306903109
Nifty Midcap 50 TRI,2016-01-25,3176.133778028461
Nifty Midcap 50 TRI,2016-01-27,3204.4721756220433
Nifty Midcap 50 TRI,2016-01-28,3191.0583179558935
Nifty Midcap 50 TRI,2016-01-29,3222.9151182958344
Nifty Midcap 50 TRI,2016-02-01,3215.7540363757635
Nifty Midcap 50 TRI,2016-02-02,3172.380697533241
Nifty Midcap 50 TRI,2016-02-03,3090.3452006365123
Nifty Midcap 50 TRI,2016-02-04,3065.4634332668343
Nifty Midcap 50 TRI,2016-02-05,3150.5217462808464
Nifty Midcap 50 TRI,2016-02-08,3139.3418475656067
Nifty Midcap 50 TRI,2016-02-09,3075.5841130746408
Nifty Midcap 50 TRI,2016-02-10,3039.754942452605
Nifty Midcap 50 TRI,2016-02-11,2866.0341475384157
Nifty Midcap 50 TRI,2016-02-12,2838.5881981333027
Nifty Midcap 50 TRI,2016-02-15,2966.6418887408013
Nifty Midcap 50 TRI,2016-02-16,2873.734262008198
Nifty Midcap 50 TRI,2016-02-17,2899.8648683500755
Nifty Midcap 50 TRI,2016-02-18,2916.354277172839
Nifty Midcap 50 TRI,2016-02-19,2926.2772265474528
Nifty Midcap 50 TRI,2016-02-22,2942.9643900999026
Nifty Midcap 50 TRI,2016-02-23,2899.1972272741336
Nifty Midcap 50 TRI,2016-02-24,2877.113447959997
Nifty Midcap 50 TRI,2016-02-25,2822.759629824524
Nifty Midcap 50 TRI,2016-02-26,2830.127316550409
Nifty Midcap 50 TRI,2016-02-29,2836.95691590041
Nifty Midcap 50 TRI,2016-03-01,2941.3523895320877
Nifty Midcap 50 TRI,2016-03-02,3030.1634800422116
Nifty Midcap 50 TRI,2016-03-03,3072.0015261492667
Nifty Midcap 50 TRI,2016-03-04,3112.9551296109753
Nifty Midcap 50 TRI,2016-03-08,3121.030521059064
Nifty Midcap 50 TRI,2016-03-09,3155.263419067712
Nifty Midcap 50 TRI,2016-03-10,3134.3248788112674
Nifty Midcap 50 TRI,2016-03-11,3138.8344853011017
Nifty Midcap 50 TRI,2016-03-14,3145.793232132182
Nifty Midcap 50 TRI,2016-03-15,3137.8908251287435
Nifty Midcap 50 TRI,2016-03-16,3126.389058431688
Nifty Midcap 50 TRI,2016-03-17,3132.672675121266
Nifty Midcap 50 TRI,2016-03-18,3175.675942153208
Nifty Midcap 50 TRI,2016-03-21,3234.331576371724
Nifty Midcap 50 TRI,2016-03-22,3260.9621949973384
Nifty Midcap 50 TRI,2016-03-23,3270.3796712243006
Nifty Midcap 50 TRI,2016-03-28,3220.6962811604885
Nifty Midcap 50 TRI,2016-03-29,3216.497281183558
Nifty Midcap 50 TRI,2016-03-30,3291.237156279557
Nifty Midcap 50 TRI,2016-03-31,3339.8408556460854
Nifty Midcap 50 TRI,2016-04-01,3365.1761637144155
Nifty Midcap 50 TRI,2016-04-04,3357.8054386649383
Nifty Midcap 50 TRI,2016-04-05,3281.6503975852693
Nifty Midcap 50 TRI,2016-04-06,3307.665906464366
Nifty Midcap 50 TRI,2016-04-07,3277.4279812550817
Nifty Midcap 50 TRI,2016-04-08,3308.2978056703764
Nifty Midcap 50 TRI,2016-04-11,3362.1397993836263
Nifty Midcap 50 TRI,2016-04-12,3399.3818221505157
Nifty Midcap 50 TRI,2016-04-13,3448.316852803605
Nifty Midcap 50 TRI,2016-04-18,3483.660415208309
Nifty Midcap 50 TRI,2016-04-20,3504.5551633969985
Nifty Midcap 50 TRI,2016-04-21,3480.1583925323353
Nifty Midcap 50 TRI,2016-04-22,3495.6437645803153
Nifty Midcap 50 TRI,2016-04-25,3493.9692533418556
Nifty Midcap 50 TRI,2016-04-26,3536.0305592143054
Nifty Midcap 50 TRI,2016-04-27,3536.6916594007303
Nifty Midcap 50 TRI,2016-04-28,3466.5022552067358
Nifty Midcap 50 TRI,2016-04-29,3464.916648546055
Nifty Midcap 50 TRI,2016-05-02,3489.191098215813
Nifty Midcap 50 TRI,2016-05-03,3449.0169609508866
Nifty Midcap 50 TRI,2016-05-04,3404.5067952423174
Nifty Midcap 50 TRI,2016-05-05,3404.6945973987554
Nifty Midcap 50 TRI,2016-05-06,3434.8053789321157
Nifty Midcap 50 TRI,2016-05-09,3481.9042378916206
Nifty Midcap 50 TRI,2016-05-10,3470.4475552693884
Nifty Midcap 50 TRI,2016-05-11,3462.1239722967334
Nifty Midcap 50 TRI,2016-05-12,3485.711955977548
Nifty Midcap 50 TRI,2016-05-13,3472.844452443929
Nifty Midcap 50 TRI,2016-05-16,3478.898073184419
Nifty Midcap 50 TRI,2016-05-17,3488.8035696798747
Nifty Midcap 50 TRI,2016-05-18,3494.6351895321004
Nifty Midcap 50 TRI,2016-05-19,3430.102431228167
Nifty Midcap 50 TRI,2016-05-20,3425.4850405635825
Nifty Midcap 50 TRI,2016-05-23,3396.167741417386
Nifty Midcap 50 TRI,2016-05-24,3374.882893018959
Nifty Midcap 50 TRI,2016-05-25,3429.9805248352
Nifty Midcap 50 TRI,2016-05-26,3482.520553077708
Nifty Midcap 50 TRI,2016-05-27,3522.471281729952
Nifty Midcap 50 TRI,2016-05-30,3540.391870083012
Nifty Midcap 50 TRI,2016-05-31,3528.4604456759257
Nifty Midcap 50 TRI,2016-06-01,3500.1725777540078
Nifty Midcap 50 TRI,2016-06-02,3521.5790095530065
Nifty Midcap 50 TRI,2016-06-03,3484.667141785348
Nifty Midcap 50 TRI,2016-06-06,3502.37898775592
Nifty Midcap 50 TRI,2016-06-07,3534.7629236942525
Nifty Midcap 50 TRI,2016-06-08,3568.559666024308
Nifty Midcap 50 TRI,2016-06-09,3551.6611137116997
Nifty Midcap 50 TRI,2016-06-10,3538.0023354049385
Nifty Midcap 50 TRI,2016-06-13,3514.061535958949
Nifty Midcap 50 TRI,2016-06-14,3547.967377073472
Nifty Midcap 50 TRI,2016-06-15,3572.0998030047863
Nifty Midcap 50 TRI,2016-06-16,3549.500619453467
Nifty Midcap 50 TRI,2016-06-17,3552.671874423088
Nifty Midcap 50 TRI,2016-06-20,3576.824680715591
Nifty Midcap 50 TRI,2016-06-21,3579.474361031698
Nifty Midcap 50 TRI,2016-06-22,3555.4079819819754
Nifty Midcap 50 TRI,2016-06-23,3558.8412500839318
Nifty Midcap 50 TRI,2016-06-24,3501.050169788706
Nifty Midcap 50 TRI,2016-06-27,3537.595633252236
Nifty Midcap 50 TRI,2016-06-28,3569.89265000669
Nifty Midcap 50 TRI,2016-06-29,3610.871275458752
Nifty Midcap 50 TRI,2016-06-30,3653.002431586942
Nifty Midcap 50 TRI,2016-07-01,3700.6266845457144
Nifty Midcap 50 TRI,2016-07-04,3745.1420518868376
Nifty Midcap 50 TRI,2016-07-05,3743.6128817562108
Nifty Midcap 50 TRI,2016-07-07,3717.123139009671
Nifty Midcap 50 TRI,2016-07-08,3696.659447733537
Nifty Midcap 50 TRI,2016-07-11,3741.391548947407
Nifty Midcap 50 TRI,2016-07-12,3762.092322954425
Nifty Midcap 50 TRI,2016-07-13,3723.6333938145967
Nifty Midcap 50 TRI,2016-07-14,3747.368608953308
Nifty Midcap 50 TRI,2016-07-15,3711.627449760456
Nifty Midcap 50 TRI,2016-07-18,3677.059069200892
Nifty Midcap 50 TRI,2016-07-19,3671.969761415825
Nifty Midcap 50 TRI,2016-07-20,3726.6271321607005
Nifty Midcap 50 TRI,2016-07-21,3688.7350689959426
Nifty Midcap 50 TRI,2016-07-22,3739.314410532389
Nifty Midcap 50 TRI,2016-07-25,3789.506557443565
Nifty Midcap 50 TRI,2016-07-26,3761.553163834551
Nifty Midcap 50 TRI,2016-07-27,3783.256424430433
Nifty Midcap 50 TRI,2016-07-28,3809.303849208602
Nifty Midcap 50 TRI,2016-07-29,3854.81879955057
Nifty Midcap 50 TRI,2016-08-01,3878.8615730083743
Nifty Midcap 50 TRI,2016-08-02,3857.918538991827
Nifty Midcap 50 TRI,2016-08-03,3780.975277843043
Nifty Midcap 50 TRI,2016-08-04,3805.3522257828245
Nifty Midcap 50 TRI,2016-08-05,3871.8103457891393
Nifty Midcap 50 TRI,2016-08-08,3898.1090483860135
Nifty Midcap 50 TRI,2016-08-09,3881.2455381662257
Nifty Midcap 50 TRI,2016-08-10,3825.6987030075647
Nifty Midcap 50 TRI,2016-08-11,3833.3826812195034
Nifty Midcap 50 TRI,2016-08-12,3839.3394292556877
Nifty Midcap 50 TRI,2016-08-16,3864.269278471839
Nifty Midcap 50 TRI,2016-08-17,3891.37849596148
Nifty Midcap 50 TRI,2016-08-18,3915.8713051286823
Nifty Midcap 50 TRI,2016-08-19,3962.3024284075204
Nifty Midcap 50 TRI,2016-08-22,3925.7851524509306
Nifty Midcap 50 TRI,2016-08-23,3948.1870968560274
Nifty Midcap 50 TRI,2016-08-24,3977.3975091018247
Nifty Midcap 50 TRI,2016-08-25,3961.209912312047
Nifty Midcap 50 TRI,2016-08-26,3974.764989846628
Nifty Midcap 50 TRI,2016-08-29,4001.451357675437
Nifty Midcap 50 TRI,2016-08-30,4052.7676606833434
Nifty Midcap 50 TRI,2016-08-31,4073.8156455198705
Nifty Midcap 50 TRI,2016-09-01,4049.5622721489826
Nifty Midcap 50 TRI,2016-09-02,4099.783364072668
Nifty Midcap 50 TRI,2016-09-06,4141.722463159657
Nifty Midcap 50 TRI,2016-09-07,4163.561933758408
Nifty Midcap 50 TRI,2016-09-08,4194.307361868308
Nifty Midcap 50 TRI,2016-09-09,4165.337696205119
Nifty Midcap 50 TRI,2016-09-12,4012.6746753437283
Nifty Midcap 50 TRI,2016-09-14,4112.935313730597
Nifty Midcap 50 TRI,2016-09-15,4113.140834957168
Nifty Midcap 50 TRI,2016-09-16,4108.997931963249
Nifty Midcap 50 TRI,2016-09-19,4152.422254106754
Nifty Midcap 50 TRI,2016-09-20,4122.290876173385
Nifty Midcap 50 TRI,2016-09-21,4106.305842430726
Nifty Midcap 50 TRI,2016-09-22,4182.962314877655
Nifty Midcap 50 TRI,2016-09-23,4192.6020058079175
Nifty Midcap 50 TRI,2016-09-26,4165.869612061073
Nifty Midcap 50 TRI,2016-09-27,4158.215800965848
Nifty Midcap 50 TRI,2016-09-28,4236.457293274039
Nifty Midcap 50 TRI,2016-09-29,4043.8543684396323
Nifty Midcap 50 TRI,2016-09-30,4150.502941238807
Nifty Midcap 50 TRI,2016-10-03,4272.198876525659
Nifty Midcap 50 TRI,2016-10-04,4309.6758083067625
Nifty Midcap 50 TRI,2016-10-05,4352.13387846435
Nifty Midcap 50 TRI,2016-10-06,4321.052115115958
Nifty Midcap 50 TRI,2016-10-07,4332.113884011314
Nifty Midcap 50 TRI,2016-10-10,4335.840185711643
Nifty Midcap 50 TRI,2016-10-13,4251.43743995636
Nifty Midcap 50 TRI,2016-10-14,4295.161909023913
Nifty Midcap 50 TRI,2016-10-17,4221.968473434589
Nifty Midcap 50 TRI,2016-10-18,4304.129874657
Nifty Midcap 50 TRI,2016-10-19,4300.9844225162005
Nifty Midcap 50 TRI,2016-10-20,4323.270636516765
Nifty Midcap 50 TRI,2016-10-21,4349.228017776418
Nifty Midcap 50 TRI,2016-10-24,4346.663848824145
Nifty Midcap 50 TRI,2016-10-25,4353.0635306265585
Nifty Midcap 50 TRI,2016-10-26,4306.495678739882
Nifty Midcap 50 TRI,2016-10-27,4253.055232969182
Nifty Midcap 50 TRI,2016-10-28,4300.046221955177
Nifty Midcap 50 TRI,2016-11-01,4314.944477739549
Nifty Midcap 50 TRI,2016-11-02,4210.827527726384
Nifty Midcap 50 TRI,2016-11-03,4149.717503961819
Nifty Midcap 50 TRI,2016-11-04,4080.578712314286
Nifty Midcap 50 TRI,2016-11-07,4125.10172718331
Nifty Midcap 50 TRI,2016-11-08,4141.045982975845
Nifty Midcap 50 TRI,2016-11-09,4045.0906464438553
Nifty Midcap 50 TRI,2016-11-10,4155.30905546364
Nifty Midcap 50 TRI,2016-11-11,3977.3482291322803
Nifty Midcap 50 TRI,2016-11-15,3823.321660893273
Nifty Midcap 50 TRI,2016-11-16,3827.9804799875474
Nifty Midcap 50 TRI,2016-11-17,3821.4103721536485
Nifty Midcap 50 TRI,2016-11-18,3830.791939040123
Nifty Midcap 50 TRI,2016-11-21,3696.7330763118125
Nifty Midcap 50 TRI,2016-11-22,3748.2523536156714
Nifty Midcap 50 TRI,2016-11-23,3783.348192775173
Nifty Midcap 50 TRI,2016-11-24,3742.5060304846756
Nifty Midcap 50 TRI,2016-11-25,3819.693871477398
Nifty Midcap 50 TRI,2016-11-28,3842.858873579189
Nifty Midcap 50 TRI,2016-11-29,3872.975648526993
Nifty Midcap 50 TRI,2016-11-30,3936.7393068152387
Nifty Midcap 50 TRI,2016-12-01,3883.6636135318013
Nifty Midcap 50 TRI,2016-12-02,3815.5730839253856
Nifty Midcap 50 TRI,2016-12-05,3849.2932376384356
Nifty Midcap 50 TRI,2016-12-06,3875.793140810221
Nifty Midcap 50 TRI,2016-12-07,3858.564051737678
Nifty Midcap 50 TRI,2016-12-08,3930.1621159403826
Nifty Midcap 50 TRI,2016-12-09,3973.6759097160634
Nifty Midcap 50 TRI,2016-12-12,3909.4410950736224
Nifty Midcap 50 TRI,2016-12-13,3912.949834369781
Nifty Midcap 50 TRI,2016-12-14,3889.1553710669477
Nifty Midcap 50 TRI,2016-12-15,3911.4091578343237
Nifty Midcap 50 TRI,2016-12-16,3894.6496475775084
Nifty Midcap 50 TRI,2016-12-19,3893.2557542837762
Nifty Midcap 50 TRI,2016-12-20,3828.0761933064114
Nifty Midcap 50 TRI,2016-12-21,3832.79136045555
Nifty Midcap 50 TRI,2016-12-22,3781.786647128866
Nifty Midcap 50 TRI,2016-12-23,3780.6713474662647
Nifty Midcap 50 TRI,2016-12-27,3744.328643753248
Nifty Midcap 50 TRI,2016-12-28,3756.8689088497194
Nifty Midcap 50 TRI,2016-12-29,3826.0850835799893
Nifty Midcap 50 TRI,2016-12-30,3847.39983636522
Nifty Midcap 50 TRI,2017-01-03,3907.3488907210526
Nifty Midcap 50 TRI,2017-01-04,3909.2834147813073
Nifty Midcap 50 TRI,2017-01-05,3970.687560623767
Nifty Midcap 50 TRI,2017-01-06,3957.7558533618017
Nifty Midcap 50 TRI,2017-01-09,3972.075398902693
Nifty Midcap 50 TRI,2017-01-10,3986.726615546506
Nifty Midcap 50 TRI,2017-01-11,4051.7670707630596
Nifty Midcap 50 TRI,2017-01-12,4048.1357988676336
Nifty Midcap 50 TRI,2017-01-13,4033.049608530348
Nifty Midcap 50 TRI,2017-01-16,4049.5316648823555
Nifty Midcap 50 TRI,2017-01-17,4059.983257204098
Nifty Midcap 50 TRI,2017-01-18,4079.789695943207
Nifty Midcap 50 TRI,2017-01-19,4090.5055593960856
Nifty Midcap 50 TRI,2017-01-20,4008.884178644515
Nifty Midcap 50 TRI,2017-01-23,4025.2620173081573
Nifty Midcap 50 TRI,2017-01-24,4070.614129342506
Nifty Midcap 50 TRI,2017-01-25,4116.862353659099
Nifty Midcap 50 TRI,2017-01-27,4148.497019382878
Nifty Midcap 50 TRI,2017-01-30,4143.072566091038
Nifty Midcap 50 TRI,2017-01-31,4065.11020473543
Nifty Midcap 50 TRI,2017-02-01,4157.312029215377
Nifty Midcap 50 TRI,2017-02-02,4199.418129052707
Nifty Midcap 50 TRI,2017-02-03,4270.598624294337
Nifty Midcap 50 TRI,2017-02-06,4297.516464544184
Nifty Midcap 50 TRI,2017-02-07,4272.6476333460305
Nifty Midcap 50 TRI,2017-02-08,4312.712485389979
Nifty Midcap 50 TRI,2017-02-09,4331.957074247602
Nifty Midcap 50 TRI,2017-02-10,4332.3791358930985
Nifty Midcap 50 TRI,2017-02-13,4292.207179592677
Nifty Midcap 50 TRI,2017-02-14,4290.4719465038315
Nifty Midcap 50 TRI,2017-02-15,4214.482957904168
Nifty Midcap 50 TRI,2017-02-16,4280.164649443457
Nifty Midcap 50 TRI,2017-02-17,4306.407113227862
Nifty Midcap 50 TRI,2017-02-20,4360.790972020533
Nifty Midcap 50 TRI,2017-02-21,4393.244136787884
Nifty Midcap 50 TRI,2017-02-22,4358.532772744192
Nifty Midcap 50 TRI,2017-02-23,4366.424094033734
Nifty Midcap 50 TRI,2017-02-27,4372.060475969757
Nifty Midcap 50 TRI,2017-02-28,4405.360937883186
Nifty Midcap 50 TRI,2017-03-01,4418.199700234959
Nifty Midcap 50 TRI,2017-03-02,4327.929279506253
Nifty Midcap 50 TRI,2017-03-03,4367.018018693355
Nifty Midcap 50 TRI,2017-03-06,4403.852483100577
Nifty Midcap 50 TRI,2017-03-07,4401.855972888718
Nifty Midcap 50 TRI,2017-03-08,4354.873717058711
Nifty Midcap 50 TRI,2017-03-09,4359.031572425623
Nifty Midcap 50 TRI,2017-03-10,4348.08885479211
Nifty Midcap 50 TRI,2017-03-14,4421.503075266244
Nifty Midcap 50 TRI,2017-03-15,4479.44532713279
Nifty Midcap 50 TRI,2017-03-16,4554.493067793677
Nifty Midcap 50 TRI,2017-03-17,4547.237095915257
Nifty Midcap 50 TRI,2017-03-20,4565.413615758088
Nifty Midcap 50 TRI,2017-03-21,4562.788664236059
Nifty Midcap 50 TRI,2017-03-22,4492.162334818582
Nifty Midcap 50 TRI,2017-03-23,4537.379588791553
Nifty Midcap 50 TRI,2017-03-24,4556.808204863684
Nifty Midcap 50 TRI,2017-03-27,4556.459350344597
Nifty Midcap 50 TRI,2017-03-28,4576.5221201213435
Nifty Midcap 50 TRI,2017-03-29,4599.586048523873
Nifty Midcap 50 TRI,2017-03-30,4595.382035211406
Nifty Midcap 50 TRI,2017-03-31,4615.499666904764
Nifty Midcap 50 TRI,2017-04-03,4657.747741064489
Nifty Midcap 50 TRI,2017-04-05,4682.037328294405
Nifty Midcap 50 TRI,2017-04-06,4680.256907434073
Nifty Midcap 50 TRI,2017-04-07,4639.407379016245
Nifty Midcap 50 TRI,2017-04-10,4671.6065377981895
Nifty Midcap 50 TRI,2017-04-11,4712.794914226912
Nifty Midcap 50 TRI,2017-04-12,4663.515562177943
Nifty Midcap 50 TRI,2017-04-13,4645.303426910415
Nifty Midcap 50 TRI,2017-04-17,4669.2487959741175
Nifty Midcap 50 TRI,2017-04-18,4651.877545753003
Nifty Midcap 50 TRI,2017-04-19,4688.491191396809
Nifty Midcap 50 TRI,2017-04-20,4750.125031283468
Nifty Midcap 50 TRI,2017-04-21,4746.186252922598
Nifty Midcap 50 TRI,2017-04-24,4790.677497922385
Nifty Midcap 50 TRI,2017-04-25,4835.306894038294
Nifty Midcap 50 TRI,2017-04-26,4828.577358569675
Nifty Midcap 50 TRI,2017-04-27,4854.297771408971
Nifty Midcap 50 TRI,2017-04-28,4908.098643657012
Nifty Midcap 50 TRI,2017-05-02,4937.451987060203
Nifty Midcap 50 TRI,2017-05-03,4912.810161717904
Nifty Midcap 50 TRI,2017-05-04,4941.961783989158
Nifty Midcap 50 TRI,2017-05-05,4895.927041460008
Nifty Midcap 50 TRI,2017-05-08,4928.219455362952
Nifty Midcap 50 TRI,2017-05-09,4931.607533166664
Nifty Midcap 50 TRI,2017-05-10,4950.699128228405
Nifty Midcap 50 TRI,2017-05-11,4952.981477025651
Nifty Midcap 50 TRI,2017-05-12,4912.366432194782
Nifty Midcap 50 TRI,2017-05-15,4965.009062727231
Nifty Midcap 50 TRI,2017-05-16,4983.893762633035
Nifty Midcap 50 TRI,2017-05-17,4975.793699079003
Nifty Midcap 50 TRI,2017-05-18,4829.497186955564
Nifty Midcap 50 TRI,2017-05-19,4810.588348385468
Nifty Midcap 50 TRI,2017-05-22,4740.624794037902
Nifty Midcap 50 TRI,2017-05-23,4644.592419264309
Nifty Midcap 50 TRI,2017-05-24,4567.321917187424
Nifty Midcap 50 TRI,2017-05-25,4654.99480706195
Nifty Midcap 50 TRI,2017-05-26,4735.1330740366275
Nifty Midcap 50 TRI,2017-05-29,4637.842655757743
Nifty Midcap 50 TRI,2017-05-30,4689.518461662942
Nifty Midcap 50 TRI,2017-05-31,4731.7596352481205
Nifty Midcap 50 TRI,2017-06-01,4782.227711685858
Nifty Midcap 50 TRI,2017-06-02,4817.249674501229
Nifty Midcap 50 TRI,2017-06-05,4833.159481528002
Nifty Midcap 50 TRI,2017-06-06,4798.106310775008
Nifty Midcap 50 TRI,2017-06-07,4830.0215286187895
Nifty Midcap 50 TRI,2017-06-08,4840.211936556164
Nifty Midcap 50 TRI,2017-06-09,4866.381945880366
Nifty Midcap 50 TRI,2017-06-12,4823.916042010163
Nifty Midcap 50 TRI,2017-06-13,4829.677673452339
Nifty Midcap 50 TRI,2017-06-14,4847.833819937606
Nifty Midcap 50 TRI,2017-06-15,4864.619234512132
Nifty Midcap 50 TRI,2017-06-16,4865.424136371682
Nifty Midcap 50 TRI,2017-06-19,4860.349272199714
Nifty Midcap 50 TRI,2017-06-20,4863.844654347682
Nifty Midcap 50 TRI,2017-06-21,4864.965918144481
Nifty Midcap 50 TRI,2017-06-22,4831.429728091082
Nifty Midcap 50 TRI,2017-06-23,4765.818125090315
Nifty Midcap 50 TRI,2017-06-27,4701.02372210734
Nifty Midcap 50 TRI,2017-06-28,4720.6600724334085
Nifty Midcap 50 TRI,2017-06-29,4747.420096288384
Nifty Midcap 50 TRI,2017-06-30,4769.432838392206
Nifty Midcap 50 TRI,2017-07-03,4830.5703913383695
Nifty Midcap 50 TRI,2017-07-04,4822.8263537047915
Nifty Midcap 50 TRI,2017-07-05,4895.237647103018
Nifty Midcap 50 TRI,2017-07-06,4898.101868611105
Nifty Midcap 50 TRI,2017-07-07,4905.451778999168
Nifty Midcap 50 TRI,2017-07-10,4922.911606094256
Nifty Midcap 50 TRI,2017-07-11,4873.8452041646015
Nifty Midcap 50 TRI,2017-07-12,4935.081195810423
Nifty Midcap 50 TRI,2017-07-13,4947.869207232616
Nifty Midcap 50 TRI,2017-07-14,4971.583458764258
Nifty Midcap 50 TRI,2017-07-17,4981.080890388152
Nifty Midcap 50 TRI,2017-07-18,4961.67246967549
Nifty Midcap 50 TRI,2017-07-19,5003.020411590452
Nifty Midcap 50 TRI,2017-07-20,4978.121925772543
Nifty Midcap 50 TRI,2017-07-21,4970.536493038636
Nifty Midcap 50 TRI,2017-07-24,4984.628527516797
Nifty Midcap 50 TRI,2017-07-25,5026.616737880828
Nifty Midcap 50 TRI,2017-07-26,5037.352308238719
Nifty Midcap 50 TRI,2017-07-27,5011.7635931465575
Nifty Midcap 50 TRI,2017-07-28,5058.613104621847
Nifty Midcap 50 TRI,2017-07-31,5061.255782694937
Nifty Midcap 50 TRI,2017-08-01,5067.082620828459
Nifty Midcap 50 TRI,2017-08-02,5072.434807457199
Nifty Midcap 50 TRI,2017-08-03,4991.9772519388325
Nifty Midcap 50 TRI,2017-08-04,5003.189273367955
Nifty Midcap 50 TRI,2017-08-07,5068.884688890117
Nifty Midcap 50 TRI,2017-08-08,5021.530785579977
Nifty Midcap 50 TRI,2017-08-09,4928.3842618230865
Nifty Midcap 50 TRI,2017-08-10,4769.16204304049
Nifty Midcap 50 TRI,2017-08-11,4743.398939900875
Nifty Midcap 50 TRI,2017-08-14,4889.05675553127
Nifty Midcap 50 TRI,2017-08-16,4951.99762366431
Nifty Midcap 50 TRI,2017-08-17,4939.916378607666
Nifty Midcap 50 TRI,2017-08-18,4917.79819184523
Nifty Midcap 50 TRI,2017-08-21,4837.014242849394
Nifty Midcap 50 TRI,2017-08-22,4802.05305911099
Nifty Midcap 50 TRI,2017-08-23,4864.61846503975
Nifty Midcap 50 TRI,2017-08-24,4881.96126812669
Nifty Midcap 50 TRI,2017-08-28,4948.646916562458
Nifty Midcap 50 TRI,2017-08-29,4886.100460829444
Nifty Midcap 50 TRI,2017-08-30,4957.608495727659
Nifty Midcap 50 TRI,2017-08-31,4975.32705398582
Nifty Midcap 50 TRI,2017-09-01,5042.34906277155
Nifty Midcap 50 TRI,2017-09-05,5053.413634909218
Nifty Midcap 50 TRI,2017-09-06,5070.819722530984
Nifty Midcap 50 TRI,2017-09-07,5092.665878401097
Nifty Midcap 50 TRI,2017-09-08,5096.59631067293
Nifty Midcap 50 TRI,2017-09-11,5137.723697345657
Nifty Midcap 50 TRI,2017-09-12,5211.005400532022
Nifty Midcap 50 TRI,2017-09-13,5161.762445796667
Nifty Midcap 50 TRI,2017-09-14,5209.358288582058
Nifty Midcap 50 TRI,2017-09-15,5211.124589906894
Nifty Midcap 50 TRI,2017-09-18,5263.052228081683
Nifty Midcap 50 TRI,2017-09-19,5269.313708444239
Nifty Midcap 50 TRI,2017-09-20,5254.375483511936
Nifty Midcap 50 TRI,2017-09-21,5217.02009409307
Nifty Midcap 50 TRI,2017-09-22,5052.983732823322
Nifty Midcap 50 TRI,2017-09-25,4982.080402923243
Nifty Midcap 50 TRI,2017-09-26,5021.542163217845
Nifty Midcap 50 TRI,2017-09-27,4908.771994605066
Nifty Midcap 50 TRI,2017-09-28,4926.8711836175735
Nifty Midcap 50 TRI,2017-09-29,4957.503930867608
Nifty Midcap 50 TRI,2017-10-03,4996.226312268912
Nifty Midcap 50 TRI,2017-10-04,5003.752987321859
Nifty Midcap 50 TRI,2017-10-05,5037.089184197528
Nifty Midcap 50 TRI,2017-10-06,5104.646379401631
Nifty Midcap 50 TRI,2017-10-09,5112.321700140333
Nifty Midcap 50 TRI,2017-10-10,5165.975740398693
Nifty Midcap 50 TRI,2017-10-11,5103.474372965581
Nifty Midcap 50 TRI,2017-10-12,5169.720699739701
Nifty Midcap 50 TRI,2017-10-13,5161.066104740085
Nifty Midcap 50 TRI,2017-10-16,5199.270928679113
Nifty Midcap 50 TRI,2017-10-17,5217.1211083319495
Nifty Midcap 50 TRI,2017-10-18,5206.774062086637
Nifty Midcap 50 TRI,2017-10-19,5166.85184903461
Nifty Midcap 50 TRI,2017-10-23,5205.3494972972385
Nifty Midcap 50 TRI,2017-10-24,5243.679586352018
Nifty Midcap 50 TRI,2017-10-25,5317.834801351203
Nifty Midcap 50 TRI,2017-10-26,5348.3387127251635
Nifty Midcap 50 TRI,2017-10-27,5347.6229393495805
Nifty Midcap 50 TRI,2017-10-30,5415.1192907544055
Nifty Midcap 50 TRI,2017-10-31,5423.031701426546
Nifty Midcap 50 TRI,2017-11-01,5449.944012616977
Nifty Midcap 50 TRI,2017-11-02,5456.058030932061
Nifty Midcap 50 TRI,2017-11-03,5471.381583126236
Nifty Midcap 50 TRI,2017-11-06,5475.859391060715
Nifty Midcap 50 TRI,2017-11-07,5376.48408504898
Nifty Midcap 50 TRI,2017-11-08,5337.234910375085
Nifty Midcap 50 TRI,2017-11-09,5407.23773020008
Nifty Midcap 50 TRI,2017-11-10,5412.1344833250705
Nifty Midcap 50 TRI,2017-11-13,5387.810425955299
Nifty Midcap 50 TRI,2017-11-14,5379.207534910793
Nifty Midcap 50 TRI,2017-11-15,5319.092686046453
Nifty Midcap 50 TRI,2017-11-16,5399.060116814903
Nifty Midcap 50 TRI,2017-11-17,5443.40050038133
Nifty Midcap 50 TRI,2017-11-20,5491.401145403615
Nifty Midcap 50 TRI,2017-11-21,5488.72915150806
Nifty Midcap 50 TRI,2017-11-22,5493.894056949912
Nifty Midcap 50 TRI,2017-11-23,5505.254633738459
Nifty Midcap 50 TRI,2017-11-24,5535.307976051056
Nifty Midcap 50 TRI,2017-11-27,5591.373070414301
Nifty Midcap 50 TRI,2017-11-28,5600.883370690568
Nifty Midcap 50 TRI,2017-11-29,5573.587987524784
Nifty Midcap 50 TRI,2017-11-30,5520.817454897422
Nifty Midcap 50 TRI,2017-12-01,5453.214501193915
Nifty Midcap 50 TRI,2017-12-04,5445.618207626691
Nifty Midcap 50 TRI,2017-12-05,5461.90673490972
Nifty Midcap 50 TRI,2017-12-06,5417.335247873823
Nifty Midcap 50 TRI,2017-12-07,5504.550405362676
Nifty Midcap 50 TRI,2017-12-08,5539.0104899432035
Nifty Midcap 50 TRI,2017-12-11,5590.538829450968
Nifty Midcap 50 TRI,2017-12-12,5539.395189064768
Nifty Midcap 50 TRI,2017-12-13,5470.607141632301
Nifty Midcap 50 TRI,2017-12-14,5468.51612998582
Nifty Midcap 50 TRI,2017-12-15,5541.127355846313
Nifty Midcap 50 TRI,2017-12-18,5592.611335617639
Nifty Midcap 50 TRI,2017-12-19,5688.0691391859145
Nifty Midcap 50 TRI,2017-12-20,5705.588145779555
Nifty Midcap 50 TRI,2017-12-21,5762.372291148702
Nifty Midcap 50 TRI,2017-12-22,5779.9467552542155
Nifty Midcap 50 TRI,2017-12-26,5806.904987486115
Nifty Midcap 50 TRI,2017-12-27,5822.840542798127
Nifty Midcap 50 TRI,2017-12-28,5829.02471928324
Nifty Midcap 50 TRI,2017-12-29,5872.361255823379
Nifty Midcap 50 TRI,2018-01-02,5807.425474251961
Nifty Midcap 50 TRI,2018-01-03,5844.352897718521
Nifty Midcap 50 TRI,2018-01-04,5895.276442657104
Nifty Midcap 50 TRI,2018-01-05,5974.666997869829
Nifty Midcap 50 TRI,2018-01-08,6046.141730480495
Nifty Midcap 50 TRI,2018-01-09,6013.422285018748
Nifty Midcap 50 TRI,2018-01-10,5964.2136221883975
Nifty Midcap 50 TRI,2018-01-11,6002.319065209495
Nifty Midcap 50 TRI,2018-01-12,5988.469764436232
Nifty Midcap 50 TRI,2018-01-15,5981.805549688109
Nifty Midcap 50 TRI,2018-01-16,5837.945767636175
Nifty Midcap 50 TRI,2018-01-17,5890.740636079436
Nifty Midcap 50 TRI,2018-01-18,5756.0446420779335
Nifty Midcap 50 TRI,2018-01-19,5800.514973670542
Nifty Midcap 50 TRI,2018-01-22,5844.691134232168
Nifty Midcap 50 TRI,2018-01-23,5911.229083823432
Nifty Midcap 50 TRI,2018-01-24,5866.35020884558
Nifty Midcap 50 TRI,2018-01-25,5800.414275077668
Nifty Midcap 50 TRI,2018-01-29,5767.781534787749
Nifty Midcap 50 TRI,2018-01-30,5739.546711074672
Nifty Midcap 50 TRI,2018-01-31,5679.592002950187
Nifty Midcap 50 TRI,2018-02-01,5675.593603034838
Nifty Midcap 50 TRI,2018-02-02,5374.2325320998625
Nifty Midcap 50 TRI,2018-02-05,5394.096631643355
Nifty Midcap 50 TRI,2018-02-06,5314.8674228651
Nifty Midcap 50 TRI,2018-02-07,5349.427616434503
Nifty Midcap 50 TRI,2018-02-08,5487.599067989203
Nifty Midcap 50 TRI,2018-02-09,5487.839374051638
Nifty Midcap 50 TRI,2018-02-12,5578.811224964806
Nifty Midcap 50 TRI,2018-02-14,5576.272890838909
Nifty Midcap 50 TRI,2018-02-15,5518.732643810871
Nifty Midcap 50 TRI,2018-02-16,5445.4834381280225
Nifty Midcap 50 TRI,2018-02-19,5382.682957529735
Nifty Midcap 50 TRI,2018-02-20,5376.075365130718
Nifty Midcap 50 TRI,2018-02-21,5389.209018519587
Nifty Midcap 50 TRI,2018-02-22,5363.177927634585
Nifty Midcap 50 TRI,2018-02-23,5504.159799674815
Nifty Midcap 50 TRI,2018-02-26,5555.410596141221
Nifty Midcap 50 TRI,2018-02-27,5515.368546755723
Nifty Midcap 50 TRI,2018-02-28,5512.5845759113
Nifty Midcap 50 TRI,2018-03-01,5480.607080111559
Nifty Midcap 50 TRI,2018-03-05,5421.05357923268
Nifty Midcap 50 TRI,2018-03-06,5357.430694166323
Nifty Midcap 50 TRI,2018-03-07,5259.405128301801
Nifty Midcap 50 TRI,2018-03-08,5305.296102506477
Nifty Midcap 50 TRI,2018-03-09,5266.299328037065
Nifty Midcap 50 TRI,2018-03-12,5316.859976158374
Nifty Midcap 50 TRI,2018-03-13,5369.97861871514
Nifty Midcap 50 TRI,2018-03-14,5395.383746984139
Nifty Midcap 50 TRI,2018-03-15,5406.241820393053
Nifty Midcap 50 TRI,2018-03-16,5349.134450500396
Nifty Midcap 50 TRI,2018-03-19,5248.84631599052
Nifty Midcap 50 TRI,2018-03-20,5274.3585038447445
Nifty Midcap 50 TRI,2018-03-21,5278.577071013557
Nifty Midcap 50 TRI,2018-03-22,5228.521169187721
Nifty Midcap 50 TRI,2018-03-23,5143.783173308507
Nifty Midcap 50 TRI,2018-03-26,5237.797614063058
Nifty Midcap 50 TRI,2018-03-27,5325.615037197523
Nifty Midcap 50 TRI,2018-03-28,5285.166337653023
Nifty Midcap 50 TRI,2018-04-02,5395.030804992112
Nifty Midcap 50 TRI,2018-04-03,5462.362310686375
Nifty Midcap 50 TRI,2018-04-04,5401.7766268871665
Nifty Midcap 50 TRI,2018-04-05,5535.994995425369
Nifty Midcap 50 TRI,2018-04-06,5574.594067051569
Nifty Midcap 50 TRI,2018-04-09,5606.935057596592
Nifty Midcap 50 TRI,2018-04-10,5621.630698475969
Nifty Midcap 50 TRI,2018-04-11,5619.69623424893
Nifty Midcap 50 TRI,2018-04-12,5611.439085124007
Nifty Midcap 50 TRI,2018-04-13,5663.27689130357
Nifty Midcap 50 TRI,2018-04-16,5713.27208045002
Nifty Midcap 50 TRI,2018-04-17,5713.94363235281
Nifty Midcap 50 TRI,2018-04-18,5698.832628075411
Nifty Midcap 50 TRI,2018-04-19,5740.795330587136
Nifty Midcap 50 TRI,2018-04-20,5710.9632382321415
Nifty Midcap 50 TRI,2018-04-23,5725.148534772295
Nifty Midcap 50 TRI,2018-04-24,5712.79890569145
Nifty Midcap 50 TRI,2018-04-25,5688.436852201917
Nifty Midcap 50 TRI,2018-04-26,5710.5280026211885
Nifty Midcap 50 TRI,2018-04-27,5766.585304279236
Nifty Midcap 50 TRI,2018-04-30,5806.08013123266
Nifty Midcap 50 TRI,2018-05-02,5704.457797751519
Nifty Midcap 50 TRI,2018-05-03,5628.3652065633105
Nifty Midcap 50 TRI,2018-05-04,5620.794744130588
Nifty Midcap 50 TRI,2018-05-07,5683.1999718316765
Nifty Midcap 50 TRI,2018-05-08,5679.936457539263
Nifty Midcap 50 TRI,2018-05-09,5630.788728988218
Nifty Midcap 50 TRI,2018-05-10,5524.320798717347
Nifty Midcap 50 TRI,2018-05-11,5562.845655454753
Nifty Midcap 50 TRI,2018-05-14,5495.403545746278
Nifty Midcap 50 TRI,2018-05-15,5436.512297844177
Nifty Midcap 50 TRI,2018-05-16,5417.448634537177
Nifty Midcap 50 TRI,2018-05-17,5427.579120731838
Nifty Midcap 50 TRI,2018-05-18,5333.263314582372
Nifty Midcap 50 TRI,2018-05-21,5250.635087994215
Nifty Midcap 50 TRI,2018-05-22,5272.99543261161
Nifty Midcap 50 TRI,2018-05-23,5238.446714770692
Nifty Midcap 50 TRI,2018-05-24,5208.204868099748
Nifty Midcap 50 TRI,2018-05-25,5338.913272627716
Nifty Midcap 50 TRI,2018-05-28,5410.585589785028
Nifty Midcap 50 TRI,2018-05-29,5369.8647432100415
Nifty Midcap 50 TRI,2018-05-30,5363.985403729709
Nifty Midcap 50 TRI,2018-05-31,5333.634402772742
Nifty Midcap 50 TRI,2018-06-01,5270.299169568943
Nifty Midcap 50 TRI,2018-06-04,5221.368006017732
Nifty Midcap 50 TRI,2018-06-05,5173.293450453751
Nifty Midcap 50 TRI,2018-06-06,5240.406074651101
Nifty Midcap 50 TRI,2018-06-07,5313.480715947896
Nifty Midcap 50 TRI,2018-06-08,5340.640589806585
Nifty Midcap 50 TRI,2018-06-11,5328.528842559551
Nifty Midcap 50 TRI,2018-06-12,5378.201321309437
Nifty Midcap 50 TRI,2018-06-13,5362.421918808277
Nifty Midcap 50 TRI,2018-06-14,5369.897135725087
Nifty Midcap 50 TRI,2018-06-15,5349.5402879928815
Nifty Midcap 50 TRI,2018-06-18,5335.457767526685
Nifty Midcap 50 TRI,2018-06-19,5263.738544412597
Nifty Midcap 50 TRI,2018-06-20,5298.356980412247
Nifty Midcap 50 TRI,2018-06-21,5262.2404762050155
Nifty Midcap 50 TRI,2018-06-22,5282.276376077075
Nifty Midcap 50 TRI,2018-06-25,5260.468049907208
Nifty Midcap 50 TRI,2018-06-26,5261.555155018064
Nifty Midcap 50 TRI,2018-06-27,5171.135531557956
Nifty Midcap 50 TRI,2018-06-28,5061.919432564983
Nifty Midcap 50 TRI,2018-06-29,5164.575216357096
Nifty Midcap 50 TRI,2018-07-02,5133.064764077254
Nifty Midcap 50 TRI,2018-07-03,5200.326847450756
Nifty Midcap 50 TRI,2018-07-04,5216.6931910443245
Nifty Midcap 50 TRI,2018-07-05,5157.987431255953
Nifty Midcap 50 TRI,2018-07-06,5194.373776867473
Nifty Midcap 50 TRI,2018-07-09,5291.614612629795
Nifty Midcap 50 TRI,2018-07-10,5324.759249056989
Nifty Midcap 50 TRI,2018-07-11,5278.082525251311
Nifty Midcap 50 TRI,2018-07-12,5251.532267586207
Nifty Midcap 50 TRI,2018-07-13,5181.100014004815
Nifty Midcap 50 TRI,2018-07-16,5037.473174812759
Nifty Midcap 50 TRI,2018-07-17,5200.941803033018
Nifty Midcap 50 TRI,2018-07-18,5114.84095378645
Nifty Midcap 50 TRI,2018-07-19,5071.611370191909
Nifty Midcap 50 TRI,2018-07-20,5111.203818953609
Nifty Midcap 50 TRI,2018-07-23,5161.064432922068
Nifty Midcap 50 TRI,2018-07-24,5219.200114092327
Nifty Midcap 50 TRI,2018-07-25,5210.858114670333
Nifty Midcap 50 TRI,2018-07-26,5255.786851541955
Nifty Midcap 50 TRI,2018-07-27,5309.187715112651
Nifty Midcap 50 TRI,2018-07-30,5323.696541314379
Nifty Midcap 50 TRI,2018-07-31,5339.330581723192
Nifty Midcap 50 TRI,2018-08-01,5324.650248949959
Nifty Midcap 50 TRI,2018-08-02,5325.633134839031
Nifty Midcap 50 TRI,2018-08-03,5370.093742094751
Nifty Midcap 50 TRI,2018-08-06,5381.78547390939
Nifty Midcap 50 TRI,2018-08-07,5349.998784141826
Nifty Midcap 50 TRI,2018-08-08,5356.364779045029
Nifty Midcap 50 TRI,2018-08-09,5398.967552835563
Nifty Midcap 50 TRI,2018-08-10,5369.150778248198
Nifty Midcap 50 TRI,2018-08-13,5352.545392358359
Nifty Midcap 50 TRI,2018-08-14,5430.807634152778
Nifty Midcap 50 TRI,2018-08-16,5439.068792436585
Nifty Midcap 50 TRI,2018-08-17,5503.587769510194
Nifty Midcap 50 TRI,2018-08-20,5569.076451150951
Nifty Midcap 50 TRI,2018-08-21,5574.649718968166
Nifty Midcap 50 TRI,2018-08-23,5568.633073805962
Nifty Midcap 50 TRI,2018-08-24,5565.51806390567
Nifty Midcap 50 TRI,2018-08-27,5630.5955637254265
Nifty Midcap 50 TRI,2018-08-28,5621.990020046151
Nifty Midcap 50 TRI,2018-08-29,5674.216865542548
Nifty Midcap 50 TRI,2018-08-30,5684.006636240562
Nifty Midcap 50 TRI,2018-08-31,5700.141376802687
Nifty Midcap 50 TRI,2018-09-03,5664.141792650234
Nifty Midcap 50 TRI,2018-09-04,5489.648161447752
Nifty Midcap 50 TRI,2018-09-05,5481.411338688229
Nifty Midcap 50 TRI,2018-09-06,5497.9163260195955
Nifty Midcap 50 TRI,2018-09-07,5582.147738115633
Nifty Midcap 50 TRI,2018-09-10,5461.2310422180635
Nifty Midcap 50 TRI,2018-09-11,5388.780256005841
Nifty Midcap 50 TRI,2018-09-12,5422.565607196276
Nifty Midcap 50 TRI,2018-09-14,5528.863525570276
Nifty Midcap 50 TRI,2018-09-17,5498.0665569751045
Nifty Midcap 50 TRI,2018-09-18,5416.269492575198
Nifty Midcap 50 TRI,2018-09-19,5380.289348245796
Nifty Midcap 50 TRI,2018-09-21,5219.984368457965
Nifty Midcap 50 TRI,2018-09-24,5100.599818056718
Nifty Midcap 50 TRI,2018-09-25,5130.1213225264955
Nifty Midcap 50 TRI,2018-09-26,5161.830962935448
Nifty Midcap 50 TRI,2018-09-27,5046.555113828591
Nifty Midcap 50 TRI,2018-09-28,4932.981048661244
Nifty Midcap 50 TRI,2018-10-01,5028.161806033896
Nifty Midcap 50 TRI,2018-10-03,4963.041431468968
Nifty Midcap 50 TRI,2018-10-04,4859.480046512335
Nifty Midcap 50 TRI,2018-10-05,4703.991528547432
Nifty Midcap 50 TRI,2018-10-08,4661.21694632265
Nifty Midcap 50 TRI,2018-10-09,4662.878669723945
Nifty Midcap 50 TRI,2018-10-10,4883.198127579971
Nifty Midcap 50 TRI,2018-10-11,4733.557613575654
Nifty Midcap 50 TRI,2018-10-12,4869.080255344624
Nifty Midcap 50 TRI,2018-10-15,4902.42521305742
Nifty Midcap 50 TRI,2018-10-16,4963.2362382984165
Nifty Midcap 50 TRI,2018-10-17,4845.389959542739
Nifty Midcap 50 TRI,2018-10-19,4793.954188608931
Nifty Midcap 50 TRI,2018-10-22,4747.914572393147
Nifty Midcap 50 TRI,2018-10-23,4711.247673164928
Nifty Midcap 50 TRI,2018-10-24,4785.573072353641
Nifty Midcap 50 TRI,2018-10-25,4764.868492455236
Nifty Midcap 50 TRI,2018-10-26,4745.817805868752
Nifty Midcap 50 TRI,2018-10-29,4927.763487250615
Nifty Midcap 50 TRI,2018-10-30,4969.479714910522
Nifty Midcap 50 TRI,2018-10-31,5052.367798102385
Nifty Midcap 50 TRI,2018-11-01,5081.968002696281
Nifty Midcap 50 TRI,2018-11-02,5106.656738003737
Nifty Midcap 50 TRI,2018-11-05,5090.744311730931
Nifty Midcap 50 TRI,2018-11-06,5068.6527561091
Nifty Midcap 50 TRI,2018-11-07,5098.2039792640135
Nifty Midcap 50 TRI,2018-11-09,5159.9817537519375
Nifty Midcap 50 TRI,2018-11-12,5109.244908146219
Nifty Midcap 50 TRI,2018-11-13,5136.451530604758
Nifty Midcap 50 TRI,2018-11-14,5129.686674935244
Nifty Midcap 50 TRI,2018-11-15,5163.999508904805
Nifty Midcap 50 TRI,2018-11-16,5135.601021603259
Nifty Midcap 50 TRI,2018-11-19,5172.03910968812
Nifty Midcap 50 TRI,2018-11-20,5114.46834652648
Nifty Midcap 50 TRI,2018-11-21,5166.843401351113
Nifty Midcap 50 TRI,2018-11-22,5107.666889195535
Nifty Midcap 50 TRI,2018-11-26,5120.99167134628
Nifty Midcap 50 TRI,2018-11-27,5144.253639741196
Nifty Midcap 50 TRI,2018-11-28,5066.526064600754
Nifty Midcap 50 TRI,2018-11-29,5088.398716882211
Nifty Midcap 50 TRI,2018-11-30,5108.562355819287
Nifty Midcap 50 TRI,2018-12-03,5147.30868918923
Nifty Midcap 50 TRI,2018-12-04,5125.630688811825
Nifty Midcap 50 TRI,2018-12-05,5030.680408233748
Nifty Midcap 50 TRI,2018-12-06,4939.306888064692
Nifty Midcap 50 TRI,2018-12-07,4950.010260731262
Nifty Midcap 50 TRI,2018-12-10,4866.778614028209
Nifty Midcap 50 TRI,2018-12-11,4954.344583714187
Nifty Midcap 50 TRI,2018-12-12,5081.736494446677
Nifty Midcap 50 TRI,2018-12-13,5102.333887968795
Nifty Midcap 50 TRI,2018-12-14,5123.146318578693
Nifty Midcap 50 TRI,2018-12-17,5158.432061216029
Nifty Midcap 50 TRI,2018-12-18,5182.402273002113
Nifty Midcap 50 TRI,2018-12-19,5270.5804960712585
Nifty Midcap 50 TRI,2018-12-20,5287.604429954857
Nifty Midcap 50 TRI,2018-12-21,5180.377769716119
Nifty Midcap 50 TRI,2018-12-24,5149.960952414962
Nifty Midcap 50 TRI,2018-12-26,5160.9615918512445
Nifty Midcap 50 TRI,2018-12-27,5190.978867820704
Nifty Midcap 50 TRI,2018-12-28,5253.135536586712
Nifty Midcap 50 TRI,2018-12-31,5273.897375186029
Nifty Midcap 50 TRI,2019-01-02,5198.320896123175
Nifty Midcap 50 TRI,2019-01-03,5140.635196215335
Nifty Midcap 50 TRI,2019-01-04,5185.366116728143
Nifty Midcap 50 TRI,2019-01-07,5187.298528934168
Nifty Midcap 50 TRI,2019-01-08,5201.707175388866
Nifty Midcap 50 TRI,2019-01-09,5202.476753208244
Nifty Midcap 50 TRI,2019-01-10,5221.3793709725915
Nifty Midcap 50 TRI,2019-01-11,5216.212067816179
Nifty Midcap 50 TRI,2019-01-14,5198.835218261831
Nifty Midcap 50 TRI,2019-01-15,5237.480716879785
Nifty Midcap 50 TRI,2019-01-16,5232.312636724433
Nifty Midcap 50 TRI,2019-01-17,5216.8727559280715
Nifty Midcap 50 TRI,2019-01-18,5193.138919343135
Nifty Midcap 50 TRI,2019-01-21,5166.768577610877
Nifty Midcap 50 TRI,2019-01-22,5153.679668394245
Nifty Midcap 50 TRI,2019-01-23,5132.295901529803
Nifty Midcap 50 TRI,2019-01-24,5127.338446571695
Nifty Midcap 50 TRI,2019-01-25,5043.453050452405
Nifty Midcap 50 TRI,2019-01-28,4938.401166323957
Nifty Midcap 50 TRI,2019-01-29,4972.344242563004
Nifty Midcap 50 TRI,2019-01-30,4989.270199908615
Nifty Midcap 50 TRI,2019-01-31,5019.041870023447
Nifty Midcap 50 TRI,2019-02-01,5052.079477656241
Nifty Midcap 50 TRI,2019-02-04,5010.542539685779
Nifty Midcap 50 TRI,2019-02-05,4958.532143720762
Nifty Midcap 50 TRI,2019-02-06,4948.590986274765
Nifty Midcap 50 TRI,2019-02-07,4986.877288061348
Nifty Midcap 50 TRI,2019-02-08,4891.183279794305
Nifty Midcap 50 TRI,2019-02-11,4809.477838200313
Nifty Midcap 50 TRI,2019-02-12,4822.176292760565
Nifty Midcap 50 TRI,2019-02-14,4825.785577485667
Nifty Midcap 50 TRI,2019-02-15,4759.784683232696
Nifty Midcap 50 TRI,2019-02-18,4717.408711878552
Nifty Midcap 50 TRI,2019-02-19,4743.117943722444
Nifty Midcap 50 TRI,2019-02-20,4784.784572865426
Nifty Midcap 50 TRI,2019-02-21,4832.664864631998
Nifty Midcap 50 TRI,2019-02-22,4863.091367633814
Nifty Midcap 50 TRI,2019-02-25,4888.885991141922
Nifty Midcap 50 TRI,2019-02-26,4889.594785469008
Nifty Midcap 50 TRI,2019-02-27,4908.779616032971
Nifty Midcap 50 TRI,2019-02-28,4936.588045585145
Nifty Midcap 50 TRI,2019-03-01,5031.343165764573
Nifty Midcap 50 TRI,2019-03-05,5154.921139488052
Nifty Midcap 50 TRI,2019-03-06,5192.648806598294
Nifty Midcap 50 TRI,2019-03-07,5164.066012785234
Nifty Midcap 50 TRI,2019-03-08,5137.46331709208
Nifty Midcap 50 TRI,2019-03-11,5262.765355130662
Nifty Midcap 50 TRI,2019-03-12,5269.162333121542
Nifty Midcap 50 TRI,2019-03-13,5233.558940355185
Nifty Midcap 50 TRI,2019-03-14,5239.580391355963
Nifty Midcap 50 TRI,2019-03-15,5285.461367147283
Nifty Midcap 50 TRI,2019-03-18,5275.349148766503
Nifty Midcap 50 TRI,2019-03-19,5318.28911936748
Nifty Midcap 50 TRI,2019-03-20,5287.663745226748
Nifty Midcap 50 TRI,2019-03-22,5248.485657736813
Nifty Midcap 50 TRI,2019-03-25,5235.207025119898
Nifty Midcap 50 TRI,2019-03-26,5312.235832128142
Nifty Midcap 50 TRI,2019-03-27,5331.283463016783
Nifty Midcap 50 TRI,2019-03-28,5385.8098661566955
Nifty Midcap 50 TRI,2019-04-01,5463.571432548055
Nifty Midcap 50 TRI,2019-04-02,5470.0838674456445
Nifty Midcap 50 TRI,2019-04-03,5398.715930180832
Nifty Midcap 50 TRI,2019-04-04,5388.503486028088
Nifty Midcap 50 TRI,2019-04-05,5445.186059238953
Nifty Midcap 50 TRI,2019-04-08,5400.986321325653
Nifty Midcap 50 TRI,2019-04-09,5432.211175705805
Nifty Midcap 50 TRI,2019-04-10,5403.074214866884
Nifty Midcap 50 TRI,2019-04-11,5393.932304214919
Nifty Midcap 50 TRI,2019-04-12,5427.8398472514555
Nifty Midcap 50 TRI,2019-04-15,5451.240002725432
Nifty Midcap 50 TRI,2019-04-16,5455.98507862922
Nifty Midcap 50 TRI,2019-04-18,5398.397260651932
Nifty Midcap 50 TRI,2019-04-22,5284.759956136393
Nifty Midcap 50 TRI,2019-04-23,5286.713086551318
Nifty Midcap 50 TRI,2019-04-24,5300.785859389791
Nifty Midcap 50 TRI,2019-04-25,5271.47359776227
Nifty Midcap 50 TRI,2019-04-26,5274.230984717614
Nifty Midcap 50 TRI,2019-04-30,5215.964615283683
Nifty Midcap 50 TRI,2019-05-02,5174.597290999001
Nifty Midcap 50 TRI,2019-05-03,5194.356450438211
Nifty Midcap 50 TRI,2019-05-06,5158.797886039572
Nifty Midcap 50 TRI,2019-05-07,5087.577439545781
Nifty Midcap 50 TRI,2019-05-08,5038.348221915457
Nifty Midcap 50 TRI,2019-05-09,5038.042221271662
Nifty Midcap 50 TRI,2019-05-10,5051.953527449637
Nifty Midcap 50 TRI,2019-05-13,4924.150401278089
Nifty Midcap 50 TRI,2019-05-14,4959.789438364708
Nifty Midcap 50 TRI,2019-05-15,4920.153044724564
Nifty Midcap 50 TRI,2019-05-16,4939.42910867392
Nifty Midcap 50 TRI,2019-05-17,5015.904820393446
Nifty Midcap 50 TRI,2019-05-20,5239.720520309248
Nifty Midcap 50 TRI,2019-05-21,5156.778646207548
Nifty Midcap 50 TRI,2019-05-22,5144.616381316081
Nifty Midcap 50 TRI,2019-05-23,5139.590388117617
Nifty Midcap 50 TRI,2019-05-24,5269.64394083396
Nifty Midcap 50 TRI,2019-05-27,5368.356550135187
Nifty Midcap 50 TRI,2019-05-28,5358.665844738023
Nifty Midcap 50 TRI,2019-05-29,5299.166452744088
Nifty Midcap 50 TRI,2019-05-30,5331.232851404271
Nifty Midcap 50 TRI,2019-05-31,5327.659780319123
Nifty Midcap 50 TRI,2019-06-03,5373.19697392953
Nifty Midcap 50 TRI,2019-06-04,5380.575746564585
Nifty Midcap 50 TRI,2019-06-06,5279.80661876558
Nifty Midcap 50 TRI,2019-06-07,5283.372196677893
Nifty Midcap 50 TRI,2019-06-10,5285.85458223756
Nifty Midcap 50 TRI,2019-06-11,5325.285751096617
Nifty Midcap 50 TRI,2019-06-12,5281.442629965745
Nifty Midcap 50 TRI,2019-06-13,5259.182597462027
Nifty Midcap 50 TRI,2019-06-14,5212.489999750543
Nifty Midcap 50 TRI,2019-06-17,5146.3951709445655
Nifty Midcap 50 TRI,2019-06-18,5152.535357602001
Nifty Midcap 50 TRI,2019-06-19,5105.834925054392
Nifty Midcap 50 TRI,2019-06-20,5197.254066766716
Nifty Midcap 50 TRI,2019-06-21,5169.777695627684
Nifty Midcap 50 TRI,2019-06-24,5159.0946129693675
Nifty Midcap 50 TRI,2019-06-25,5198.106081180562
Nifty Midcap 50 TRI,2019-06-26,5248.775201747147
Nifty Midcap 50 TRI,2019-06-27,5269.367834129886
Nifty Midcap 50 TRI,2019-06-28,5233.778064270835
Nifty Midcap 50 TRI,2019-07-01,5255.596444853669
Nifty Midcap 50 TRI,2019-07-02,5279.19975840744
Nifty Midcap 50 TRI,2019-07-03,5306.565110638237
Nifty Midcap 50 TRI,2019-07-04,5295.736569365546
Nifty Midcap 50 TRI,2019-07-05,5198.092341125481
Nifty Midcap 50 TRI,2019-07-08,5055.45615490102
Nifty Midcap 50 TRI,2019-07-09,5086.097184403997
Nifty Midcap 50 TRI,2019-07-10,5023.735643725323
Nifty Midcap 50 TRI,2019-07-11,5059.266608859542
Nifty Midcap 50 TRI,2019-07-12,5092.220842461722
Nifty Midcap 50 TRI,2019-07-15,5043.857638215804
Nifty Midcap 50 TRI,2019-07-16,5093.526572811301
Nifty Midcap 50 TRI,2019-07-17,5085.375678982886
Nifty Midcap 50 TRI,2019-07-18,4965.662038835571
Nifty Midcap 50 TRI,2019-07-19,4841.052346199043
Nifty Midcap 50 TRI,2019-07-22,4827.703781174974
Nifty Midcap 50 TRI,2019-07-23,4787.72754214171
Nifty Midcap 50 TRI,2019-07-24,4697.657463874832
Nifty Midcap 50 TRI,2019-07-25,4714.165967756817
Nifty Midcap 50 TRI,2019-07-26,4752.659130119309
Nifty Midcap 50 TRI,2019-07-29,4700.2226686396125
Nifty Midcap 50 TRI,2019-07-30,4594.064211193048
Nifty Midcap 50 TRI,2019-07-31,4682.444901617121
Nifty Midcap 50 TRI,2019-08-01,4625.200252028764
Nifty Midcap 50 TRI,2019-08-02,4617.142243941246
Nifty Midcap 50 TRI,2019-08-05,4545.170908987206
Nifty Midcap 50 TRI,2019-08-06,4642.434492095547
Nifty Midcap 50 TRI,2019-08-07,4578.298531550547
Nifty Midcap 50 TRI,2019-08-08,4617.660661378928
Nifty Midcap 50 TRI,2019-08-09,4662.670380274477
Nifty Midcap 50 TRI,2019-08-13,4527.77997590576
Nifty Midcap 50 TRI,2019-08-14,4594.249348986141
Nifty Midcap 50 TRI,2019-08-16,4634.592505274563
Nifty Midcap 50 TRI,2019-08-19,4644.883140302704
Nifty Midcap 50 TRI,2019-08-20,4600.034949546834
Nifty Midcap 50 TRI,2019-08-21,4519.740672079874
Nifty Midcap 50 TRI,2019-08-22,4432.289106531128
Nifty Midcap 50 TRI,2019-08-23,4524.1576747713025
Nifty Midcap 50 TRI,2019-08-26,4604.369701874312
Nifty Midcap 50 TRI,2019-08-27,4628.25879441561
Nifty Midcap 50 TRI,2019-08-28,4558.7100537181495
Nifty Midcap 50 TRI,2019-08-29,4541.123254498209
Nifty Midcap 50 TRI,2019-08-30,4585.078311708713
Nifty Midcap 50 TRI,2019-09-03,4491.645169166754
Nifty Midcap 50 TRI,2019-09-04,4516.397318121569
Nifty Midcap 50 TRI,2019-09-05,4527.16116002201
Nifty Midcap 50 TRI,2019-09-06,4578.817433872074
Nifty Midcap 50 TRI,2019-09-09,4643.564005180559
Nifty Midcap 50 TRI,2019-09-11,4697.8726267142765
Nifty Midcap 50 TRI,2019-09-12,4677.323443740469
Nifty Midcap 50 TRI,2019-09-13,4700.094351254933
Nifty Midcap 50 TRI,2019-09-16,4673.47694613277
Nifty Midcap 50 TRI,2019-09-17,4572.5183723001755
Nifty Midcap 50 TRI,2019-09-18,4580.972791584143
Nifty Midcap 50 TRI,2019-09-19,4503.311940990721
Nifty Midcap 50 TRI,2019-09-20,4793.423978040994
Nifty Midcap 50 TRI,2019-09-23,4932.329153202427
Nifty Midcap 50 TRI,2019-09-24,4903.759446689697
Nifty Midcap 50 TRI,2019-09-25,4800.471564791515
Nifty Midcap 50 TRI,2019-09-26,4849.306871193102
Nifty Midcap 50 TRI,2019-09-27,4803.129564782783
Nifty Midcap 50 TRI,2019-09-30,4731.180293812507
Nifty Midcap 50 TRI,2019-10-01,4635.625860880296
Nifty Midcap 50 TRI,2019-10-03,4634.238070646155
Nifty Midcap 50 TRI,2019-10-04,4562.849536183753
Nifty Midcap 50 TRI,2019-10-07,4546.76228276429
Nifty Midcap 50 TRI,2019-10-09,4637.989681932329
Nifty Midcap 50 TRI,2019-10-10,4582.799364818495
Nifty Midcap 50 TRI,2019-10-11,4582.319629707761
Nifty Midcap 50 TRI,2019-10-14,4597.897810926677
Nifty Midcap 50 TRI,2019-10-15,4621.599703673148
Nifty Midcap 50 TRI,2019-10-16,4605.2863969062655
Nifty Midcap 50 TRI,2019-10-17,4705.200512060392
Nifty Midcap 50 TRI,2019-10-18,4809.751853829967
Nifty Midcap 50 TRI,2019-10-22,4802.19759044612
Nifty Midcap 50 TRI,2019-10-23,4805.440110880553
Nifty Midcap 50 TRI,2019-10-24,4789.72043332634
Nifty Midcap 50 TRI,2019-10-25,4791.507683689214
Nifty Midcap 50 TRI,2019-10-29,4890.838736958626
Nifty Midcap 50 TRI,2019-10-30,4933.844690744482
Nifty Midcap 50 TRI,2019-10-31,4999.535087165663
Nifty Midcap 50 TRI,2019-11-01,5018.784811139846
Nifty Midcap 50 TRI,2019-11-04,5016.460010225572
Nifty Midcap 50 TRI,2019-11-05,4954.292396707479
Nifty Midcap 50 TRI,2019-11-06,4956.892987642124
Nifty Midcap 50 TRI,2019-11-07,4990.586100827118
Nifty Midcap 50 TRI,2019-11-08,4953.040352288011
Nifty Midcap 50 TRI,2019-11-11,4985.632369568449
Nifty Midcap 50 TRI,2019-11-13,4902.339777965615
Nifty Midcap 50 TRI,2019-11-14,4928.546049858729
Nifty Midcap 50 TRI,2019-11-15,4955.023092570326
Nifty Midcap 50 TRI,2019-11-18,5001.149875296998
Nifty Midcap 50 TRI,2019-11-19,5011.352504544437
Nifty Midcap 50 TRI,2019-11-20,5033.468253640617
Nifty Midcap 50 TRI,2019-11-21,4977.476268187542
Nifty Midcap 50 TRI,2019-11-22,4979.754643973588
Nifty Midcap 50 TRI,2019-11-25,5045.245305053881
Nifty Midcap 50 TRI,2019-11-26,5001.592293103792
Nifty Midcap 50 TRI,2019-11-27,5052.124087739339
Nifty Midcap 50 TRI,2019-11-28,5123.846769823969
Nifty Midcap 50 TRI,2019-11-29,5092.701110174446
Nifty Midcap 50 TRI,2019-12-02,5057.111623055719
Nifty Midcap 50 TRI,2019-12-03,4982.446571643607
Nifty Midcap 50 TRI,2019-12-04,5017.780236279703
Nifty Midcap 50 TRI,2019-12-05,5008.358662327555
Nifty Midcap 50 TRI,2019-12-06,4914.058387871891
Nifty Midcap 50 TRI,2019-12-09,4924.882011162753
Nifty Midcap 50 TRI,2019-12-10,4857.967100340908
Nifty Midcap 50 TRI,2019-12-11,4899.50593777738
Nifty Midcap 50 TRI,2019-12-12,4958.090055202465
Nifty Midcap 50 TRI,2019-12-13,5006.968808260528
Nifty Midcap 50 TRI,2019-12-16,4970.659035216972
Nifty Midcap 50 TRI,2019-12-17,5007.675568540666
Nifty Midcap 50 TRI,2019-12-18,4985.035094251475
Nifty Midcap 50 TRI,2019-12-19,5001.556136252759
Nifty Midcap 50 TRI,2019-12-20,5007.396671267024
Nifty Midcap 50 TRI,2019-12-23,4994.547956434343
Nifty Midcap 50 TRI,2019-12-24,4990.462544307322
Nifty Midcap 50 TRI,2019-12-26,4982.614610039174
Nifty Midcap 50 TRI,2019-12-27,5044.51321482904
Nifty Midcap 50 TRI,2019-12-30,5073.536017672198
Nifty Midcap 50 TRI,2019-12-31,5073.282660619342
Nifty Midcap 50 TRI,2020-01-02,5176.705313622193
Nifty Midcap 50 TRI,2020-01-03,5132.636858221082
Nifty Midcap 50 TRI,2020-01-06,5007.272866452954
Nifty Midcap 50 TRI,2020-01-07,5045.604744986976
Nifty Midcap 50 TRI,2020-01-08,5058.897177003979
Nifty Midcap 50 TRI,2020-01-09,5144.564322025262
Nifty Midcap 50 TRI,2020-01-10,5168.00640191929
Nifty Midcap 50 TRI,2020-01-13,5210.865168663706
Nifty Midcap 50 TRI,2020-01-14,5252.609575487895
Nifty Midcap 50 TRI,2020-01-15,5315.568874600119
Nifty Midcap 50 TRI,2020-01-16,5364.389014261797
Nifty Midcap 50 TRI,2020-01-17,5383.5757832076315
Nifty Midcap 50 TRI,2020-01-20,5338.948857324211
Nifty Midcap 50 TRI,2020-01-21,5334.490993082682
Nifty Midcap 50 TRI,2020-01-22,5314.160344559443
Nifty Midcap 50 TRI,2020-01-23,5392.7364919863985
Nifty Midcap 50 TRI,2020-01-24,5440.0026800335545
Nifty Midcap 50 TRI,2020-01-27,5413.297831710064
Nifty Midcap 50 TRI,2020-01-28,5393.830349543433
Nifty Midcap 50 TRI,2020-01-29,5416.69513181311
Nifty Midcap 50 TRI,2020-01-30,5374.709422415816
Nifty Midcap 50 TRI,2020-01-31,5308.9080767260275
Nifty Midcap 50 TRI,2020-02-03,5224.405197553543
Nifty Midcap 50 TRI,2020-02-04,5299.870064876265
Nifty Midcap 50 TRI,2020-02-05,5365.455614437406
Nifty Midcap 50 TRI,2020-02-06,5399.017533544811
Nifty Midcap 50 TRI,2020-02-07,5417.567287089787
Nifty Midcap 50 TRI,2020-02-10,5355.148727678612
Nifty Midcap 50 TRI,2020-02-11,5347.880585988222
Nifty Midcap 50 TRI,2020-02-12,5342.393959971126
Nifty Midcap 50 TRI,2020-02-13,5326.211853850401
Nifty Midcap 50 TRI,2020-02-14,5280.319018461096
Nifty Midcap 50 TRI,2020-02-17,5237.436180248744
Nifty Midcap 50 TRI,2020-02-18,5211.363329280341
Nifty Midcap 50 TRI,2020-02-19,5295.715861664382
Nifty Midcap 50 TRI,2020-02-20,5324.5333694940255
Nifty Midcap 50 TRI,2020-02-24,5201.918278961208
Nifty Midcap 50 TRI,2020-02-25,5195.670140287959
Nifty Midcap 50 TRI,2020-02-26,5128.201318749325
Nifty Midcap 50 TRI,2020-02-27,5082.450947308325
Nifty Midcap 50 TRI,2020-02-28,4883.072343479132
Nifty Midcap 50 TRI,2020-03-02,4830.418101069742
Nifty Midcap 50 TRI,2020-03-03,4931.000726334462
Nifty Midcap 50 TRI,2020-03-04,4864.108068645448
Nifty Midcap 50 TRI,2020-03-05,4872.009489727262
Nifty Midcap 50 TRI,2020-03-06,4734.636570081083
Nifty Midcap 50 TRI,2020-03-09,4493.597975459726
Nifty Midcap 50 TRI,2020-03-11,4457.8735137857275
Nifty Midcap 50 TRI,2020-03-12,4080.7952256260705
Nifty Midcap 50 TRI,2020-03-13,4238.195885696494
Nifty Midcap 50 TRI,2020-03-16,3942.804231565345
Nifty Midcap 50 TRI,2020-03-17,3849.2142489399585
Nifty Midcap 50 TRI,2020-03-18,3644.4144358910967
Nifty Midcap 50 TRI,2020-03-19,3496.532943214034
Nifty Midcap 50 TRI,2020-03-20,3691.034553644431
Nifty Midcap 50 TRI,2020-03-23,3141.538184268491
Nifty Midcap 50 TRI,2020-03-24,3217.3129146523565
Nifty Midcap 50 TRI,2020-03-25,3363.7623782584496
Nifty Midcap 50 TRI,2020-03-26,3482.1552307107954
Nifty Midcap 50 TRI,2020-03-27,3467.7489936354555
Nifty Midcap 50 TRI,2020-03-30,3376.072074785783
Nifty Midcap 50 TRI,2020-03-31,3440.076431270011
Nifty Midcap 50 TRI,2020-04-01,3348.061784523242
Nifty Midcap 50 TRI,2020-04-03,3285.003041975358
Nifty Midcap 50 TRI,2020-04-07,3496.378171682269
Nifty Midcap 50 TRI,2020-04-08,3556.7197693991848
Nifty Midcap 50 TRI,2020-04-09,3700.851212073263
Nifty Midcap 50 TRI,2020-04-13,3648.0378113908996
Nifty Midcap 50 TRI,2020-04-15,3699.881288184509
Nifty Midcap 50 TRI,2020-04-16,3786.4783379601013
Nifty Midcap 50 TRI,2020-04-17,3888.7690990785027
Nifty Midcap 50 TRI,2020-04-20,3896.4137015947463
Nifty Midcap 50 TRI,2020-04-21,3757.8872687059657
Nifty Midcap 50 TRI,2020-04-22,3811.05968823732
Nifty Midcap 50 TRI,2020-04-23,3864.667485076282
Nifty Midcap 50 TRI,2020-04-24,3755.6749369488616
Nifty Midcap 50 TRI,2020-04-27,3821.863145902986
Nifty Midcap 50 TRI,2020-04-28,3893.9856192302427
Nifty Midcap 50 TRI,2020-04-29,3949.6596877531197
Nifty Midcap 50 TRI,2020-04-30,4029.040704148529
Nifty Midcap 50 TRI,2020-05-04,3841.354571258635
Nifty Midcap 50 TRI,2020-05-05,3809.1360392935458
Nifty Midcap 50 TRI,2020-05-06,3862.111229530896
Nifty Midcap 50 TRI,2020-05-07,3834.9796148998535
Nifty Midcap 50 TRI,2020-05-08,3829.6607417268947
Nifty Midcap 50 TRI,2020-05-11,3862.0436202832298
Nifty Midcap 50 TRI,2020-05-12,3840.863491535884
Nifty Midcap 50 TRI,2020-05-13,3949.338328626315
Nifty Midcap 50 TRI,2020-05-14,3926.1561061818243
Nifty Midcap 50 TRI,2020-05-15,3918.0232179907066
Nifty Midcap 50 TRI,2020-05-18,3715.0596918461442
Nifty Midcap 50 TRI,2020-05-19,3737.891342137161
Nifty Midcap 50 TRI,2020-05-20,3795.91863115664
Nifty Midcap 50 TRI,2020-05-21,3821.8395864976756
Nifty Midcap 50 TRI,2020-05-22,3786.9538953175447
Nifty Midcap 50 TRI,2020-05-26,3863.5191521788297
Nifty Midcap 50 TRI,2020-05-27,3903.0387182522622
Nifty Midcap 50 TRI,2020-05-28,3967.6883076863655
Nifty Midcap 50 TRI,2020-05-29,4022.3222172246647
Nifty Midcap 50 TRI,2020-06-01,4158.4006006436275
Nifty Midcap 50 TRI,2020-06-02,4205.841008513693
Nifty Midcap 50 TRI,2020-06-03,4203.506800223703
Nifty Midcap 50 TRI,2020-06-04,4204.259740772557
Nifty Midcap 50 TRI,2020-06-05,4275.3212149019055
Nifty Midcap 50 TRI,2020-06-08,4285.549242157297
Nifty Midcap 50 TRI,2020-06-09,4269.4027736256685
Nifty Midcap 50 TRI,2020-06-10,4325.847754105624
Nifty Midcap 50 TRI,2020-06-11,4273.8919834400085
Nifty Midcap 50 TRI,2020-06-12,4355.802546037189
Nifty Midcap 50 TRI,2020-06-15,4283.359260509251
Nifty Midcap 50 TRI,2020-06-16,4307.954383455038
Nifty Midcap 50 TRI,2020-06-17,4317.867167752505
Nifty Midcap 50 TRI,2020-06-18,4373.294952484761
Nifty Midcap 50 TRI,2020-06-19,4430.350747739274
Nifty Midcap 50 TRI,2020-06-22,4517.054695635742
Nifty Midcap 50 TRI,2020-06-23,4562.306161796014
Nifty Midcap 50 TRI,2020-06-24,4478.529086070727
Nifty Midcap 50 TRI,2020-06-25,4518.579481236352
Nifty Midcap 50 TRI,2020-06-26,4521.725010251385
Nifty Midcap 50 TRI,2020-06-29,4439.89269537999
Nifty Midcap 50 TRI,2020-06-30,4438.1588655220185
Nifty Midcap 50 TRI,2020-07-01,4461.628255327398
Nifty Midcap 50 TRI,2020-07-02,4521.4150383056485
Nifty Midcap 50 TRI,2020-07-03,4562.612394278123
Nifty Midcap 50 TRI,2020-07-06,4650.54789518748
Nifty Midcap 50 TRI,2020-07-07,4675.706736656191
Nifty Midcap 50 TRI,2020-07-08,4645.897112282585
Nifty Midcap 50 TRI,2020-07-09,4671.003068309234
Nifty Midcap 50 TRI,2020-07-10,4625.5240344783415
Nifty Midcap 50 TRI,2020-07-13,4615.292093785264
Nifty Midcap 50 TRI,2020-07-14,4532.830614014748
Nifty Midcap 50 TRI,2020-07-15,4490.92142584446
Nifty Midcap 50 TRI,2020-07-16,4524.37761566895
Nifty Midcap 50 TRI,2020-07-17,4606.90681364634
Nifty Midcap 50 TRI,2020-07-20,4644.66213811262
Nifty Midcap 50 TRI,2020-07-21,4645.264337375131
Nifty Midcap 50 TRI,2020-07-22,4651.560095457881
Nifty Midcap 50 TRI,2020-07-23,4685.134519202796
Nifty Midcap 50 TRI,2020-07-24,4648.968679729305
Nifty Midcap 50 TRI,2020-07-27,4582.8719483441455
Nifty Midcap 50 TRI,2020-07-28,4643.404226584395
Nifty Midcap 50 TRI,2020-07-29,4670.85453408305
Nifty Midcap 50 TRI,2020-07-30,4617.922693403524
Nifty Midcap 50 TRI,2020-07-31,4609.465451783601
Nifty Midcap 50 TRI,2020-08-03,4590.547661780919
Nifty Midcap 50 TRI,2020-08-04,4652.881060889033
Nifty Midcap 50 TRI,2020-08-05,4685.435269259759
Nifty Midcap 50 TRI,2020-08-06,4726.61689337995
Nifty Midcap 50 TRI,2020-08-07,4814.998424006849
Nifty Midcap 50 TRI,2020-08-10,4859.570147266411
Nifty Midcap 50 TRI,2020-08-11,4861.479690553392
Nifty Midcap 50 TRI,2020-08-12,4889.2700679156
Nifty Midcap 50 TRI,2020-08-13,4996.767654808228
Nifty Midcap 50 TRI,2020-08-14,4924.39886747827
Nifty Midcap 50 TRI,2020-08-17,4957.754061644577
Nifty Midcap 50 TRI,2020-08-18,5028.90836075945
Nifty Midcap 50 TRI,2020-08-19,5057.630232279385
Nifty Midcap 50 TRI,2020-08-20,5104.42456466755
Nifty Midcap 50 TRI,2020-08-21,5113.286890046676
Nifty Midcap 50 TRI,2020-08-24,5146.281633491201
Nifty Midcap 50 TRI,2020-08-25,5163.015631934555
Nifty Midcap 50 TRI,2020-08-26,5197.119214425264
Nifty Midcap 50 TRI,2020-08-27,5197.680814128158
Nifty Midcap 50 TRI,2020-08-28,5242.804793233837
Nifty Midcap 50 TRI,2020-08-31,5034.09526966672
Nifty Midcap 50 TRI,2020-09-01,5084.539350459692
Nifty Midcap 50 TRI,2020-09-02,5161.314686587032
Nifty Midcap 50 TRI,2020-09-03,5228.919174372745
Nifty Midcap 50 TRI,2020-09-04,5124.869623482556
Nifty Midcap 50 TRI,2020-09-07,5066.340270155608
Nifty Midcap 50 TRI,2020-09-08,4980.84430703768
Nifty Midcap 50 TRI,2020-09-09,4959.791682317698
Nifty Midcap 50 TRI,2020-09-10,4998.517389251639
Nifty Midcap 50 TRI,2020-09-11,5044.032653954954
Nifty Midcap 50 TRI,2020-09-14,5147.847346694232
Nifty Midcap 50 TRI,2020-09-15,5180.500430148488
Nifty Midcap 50 TRI,2020-09-16,5195.506938823795
Nifty Midcap 50 TRI,2020-09-17,5201.010799196651
Nifty Midcap 50 TRI,2020-09-18,5178.383803129943
Nifty Midcap 50 TRI,2020-09-21,4967.06320257389
Nifty Midcap 50 TRI,2020-09-22,4884.305079271922
Nifty Midcap 50 TRI,2020-09-23,4873.45408711643
Nifty Midcap 50 TRI,2020-09-24,4731.10663960827
Nifty Midcap 50 TRI,2020-09-25,4926.37941281311
Nifty Midcap 50 TRI,2020-09-28,5105.72535027146
Nifty Midcap 50 TRI,2020-09-29,5083.035767143644
Nifty Midcap 50 TRI,2020-09-30,5069.95970057668
Nifty Midcap 50 TRI,2020-10-01,5130.492119456996
Nifty Midcap 50 TRI,2020-10-05,5115.457669389107
Nifty Midcap 50 TRI,2020-10-06,5149.050440561697
Nifty Midcap 50 TRI,2020-10-07,5125.868775706867
Nifty Midcap 50 TRI,2020-10-08,5145.39098019569
Nifty Midcap 50 TRI,2020-10-09,5141.225105026746
Nifty Midcap 50 TRI,2020-10-12,5095.469996926767
Nifty Midcap 50 TRI,2020-10-13,5046.852190726818
Nifty Midcap 50 TRI,2020-10-14,5053.11695307676
Nifty Midcap 50 TRI,2020-10-15,4945.262556018498
Nifty Midcap 50 TRI,2020-10-16,5014.345681145489
Nifty Midcap 50 TRI,2020-10-19,5061.725451459274
Nifty Midcap 50 TRI,2020-10-20,5098.48106750708
Nifty Midcap 50 TRI,2020-10-21,5110.182654950145
Nifty Midcap 50 TRI,2020-10-22,5136.396818447441
Nifty Midcap 50 TRI,2020-10-23,5171.580512358693
Nifty Midcap 50 TRI,2020-10-26,5055.74591888077
Nifty Midcap 50 TRI,2020-10-27,5123.980843823616
Nifty Midcap 50 TRI,2020-10-28,5054.145522749222
Nifty Midcap 50 TRI,2020-10-29,5028.611530342583
Nifty Midcap 50 TRI,2020-10-30,5073.148499795344
Nifty Midcap 50 TRI,2020-11-02,5128.812536382603
Nifty Midcap 50 TRI,2020-11-03,5163.244676309651
Nifty Midcap 50 TRI,2020-11-04,5190.229310052911
Nifty Midcap 50 TRI,2020-11-05,5309.210534201687
Nifty Midcap 50 TRI,2020-11-06,5357.24201416484
Nifty Midcap 50 TRI,2020-11-09,5415.11148069359
Nifty Midcap 50 TRI,2020-11-10,5459.506892377035
Nifty Midcap 50 TRI,2020-11-11,5490.636479370655
Nifty Midcap 50 TRI,2020-11-12,5513.230404316756
Nifty Midcap 50 TRI,2020-11-13,5553.063793262893
Nifty Midcap 50 TRI,2020-11-17,5643.182601767794
Nifty Midcap 50 TRI,2020-11-18,5738.935019545493
Nifty Midcap 50 TRI,2020-11-19,5706.278792521394
Nifty Midcap 50 TRI,2020-11-20,5756.077595121353
Nifty Midcap 50 TRI,2020-11-23,5837.113228329372
Nifty Midcap 50 TRI,2020-11-24,5886.21254421751
Nifty Midcap 50 TRI,2020-11-25,5803.565080739436
Nifty Midcap 50 TRI,2020-11-26,5887.644018428917
Nifty Midcap 50 TRI,2020-11-27,6046.961756641101
Nifty Midcap 50 TRI,2020-12-01,6083.353533001548
Nifty Midcap 50 TRI,2020-12-02,6108.312386898373
Nifty Midcap 50 TRI,2020-12-03,6165.155165642286
Nifty Midcap 50 TRI,2020-12-04,6198.278068371597
Nifty Midcap 50 TRI,2020-12-07,6263.648882383155
Nifty Midcap 50 TRI,2020-12-08,6266.686390214438
Nifty Midcap 50 TRI,2020-12-09,6294.592131715843
Nifty Midcap 50 TRI,2020-12-10,6230.153928660489
Nifty Midcap 50 TRI,2020-12-11,6250.223675470195
Nifty Midcap 50 TRI,2020-12-14,6302.0038624069075
Nifty Midcap 50 TRI,2020-12-15,6350.97664323813
Nifty Midcap 50 TRI,2020-12-16,6428.579192189347
Nifty Midcap 50 TRI,2020-12-17,6404.027625266569
Nifty Midcap 50 TRI,2020-12-18,6380.562873033061
Nifty Midcap 50 TRI,2020-12-21,6027.389347327142
Nifty Midcap 50 TRI,2020-12-22,6094.8710194225305
Nifty Midcap 50 TRI,2020-12-23,6268.0677229932835
Nifty Midcap 50 TRI,2020-12-24,6250.802045824834
Nifty Midcap 50 TRI,2020-12-28,6339.990633385441
Nifty Midcap 50 TRI,2020-12-29,6330.7277258316535
Nifty Midcap 50 TRI,2020-12-30,6348.74046845238
Nifty Midcap 50 TRI,2020-12-31,6394.684847651273
Nifty Midcap 50 TRI,2021-01-04,6627.978928916329
Nifty Midcap 50 TRI,2021-01-05,6688.2017123979085
Nifty Midcap 50 TRI,2021-01-06,6743.145920814876
Nifty Midcap 50 TRI,2021-01-07,6883.8037903352215
Nifty Midcap 50 TRI,2021-01-08,6959.121625716036
Nifty Midcap 50 TRI,2021-01-11,6927.012152398593
Nifty Midcap 50 TRI,2021-01-12,7001.194951054012
Nifty Midcap 50 TRI,2021-01-13,6955.018826914279
Nifty Midcap 50 TRI,2021-01-14,6961.452774647559
Nifty Midcap 50 TRI,2021-01-15,6893.433098358224
Nifty Midcap 50 TRI,2021-01-18,6715.390693386452
Nifty Midcap 50 TRI,2021-01-19,6914.80830649553
Nifty Midcap 50 TRI,2021-01-20,7012.863877286119
Nifty Midcap 50 TRI,2021-01-21,6898.2066262422595
Nifty Midcap 50 TRI,2021-01-22,6802.7731309632245
Nifty Midcap 50 TRI,2021-01-25,6737.463865369499
Nifty Midcap 50 TRI,2021-01-27,6613.086825829189
Nifty Midcap 50 TRI,2021-01-28,6588.350441336334
Nifty Midcap 50 TRI,2021-01-29,6540.947776590326
Nifty Midcap 50 TRI,2021-02-01,6843.074180453461
Nifty Midcap 50 TRI,2021-02-02,7049.483598613877
Nifty Midcap 50 TRI,2021-02-03,7175.965442630679
Nifty Midcap 50 TRI,2021-02-04,7300.11044445546
Nifty Midcap 50 TRI,2021-02-05,7172.829733240119
Nifty Midcap 50 TRI,2021-02-08,7298.156203354692
Nifty Midcap 50 TRI,2021-02-09,7274.628368053926
Nifty Midcap 50 TRI,2021-02-10,7357.4289511463985
Nifty Midcap 50 TRI,2021-02-11,7366.874640461673
Nifty Midcap 50 TRI,2021-02-12,7345.962762127477
Nifty Midcap 50 TRI,2021-02-15,7477.91848612039
Nifty Midcap 50 TRI,2021-02-16,7506.28261461896
Nifty Midcap 50 TRI,2021-02-17,7530.559937579939
Nifty Midcap 50 TRI,2021-02-18,7552.058088528498
Nifty Midcap 50 TRI,2021-02-19,7378.459485635711
Nifty Midcap 50 TRI,2021-02-22,7267.899155418635
Nifty Midcap 50 TRI,2021-02-23,7373.950064591843
Nifty Midcap 50 TRI,2021-02-24,7431.320640490443
Nifty Midcap 50 TRI,2021-02-25,7588.738636319793
Nifty Midcap 50 TRI,2021-02-26,7411.076302717141
Nifty Midcap 50 TRI,2021-03-01,7539.756128531447
Nifty Midcap 50 TRI,2021-03-02,7669.768754740038
Nifty Midcap 50 TRI,2021-03-03,7798.6428809022655
Nifty Midcap 50 TRI,2021-03-04,7814.048073856138
Nifty Midcap 50 TRI,2021-03-05,7595.953739434109
Nifty Midcap 50 TRI,2021-03-08,7610.41909100129
Nifty Midcap 50 TRI,2021-03-09,7560.486997627273
Nifty Midcap 50 TRI,2021-03-10,7631.898524095122
Nifty Midcap 50 TRI,2021-03-12,7597.148989250789
Nifty Midcap 50 TRI,2021-03-15,7556.473034234
Nifty Midcap 50 TRI,2021-03-16,7567.676134559756
Nifty Midcap 50 TRI,2021-03-17,7354.91182633089
Nifty Midcap 50 TRI,2021-03-18,7255.432898238642
Nifty Midcap 50 TRI,2021-03-19,7367.709821960239
Nifty Midcap 50 TRI,2021-03-22,7416.095460617695
Nifty Midcap 50 TRI,2021-03-23,7487.853277553538
Nifty Midcap 50 TRI,2021-03-24,7304.673740220982
Nifty Midcap 50 TRI,2021-03-25,7148.055301114345
Nifty Midcap 50 TRI,2021-03-26,7290.35614358211
Nifty Midcap 50 TRI,2021-03-30,7379.028400013721
Nifty Midcap 50 TRI,2021-03-31,7390.450209991321
Nifty Midcap 50 TRI,2021-04-01,7549.147947164799
Nifty Midcap 50 TRI,2021-04-05,7386.554480701314
Nifty Midcap 50 TRI,2021-04-06,7439.889903988464
Nifty Midcap 50 TRI,2021-04-07,7540.708543282813
Nifty Midcap 50 TRI,2021-04-08,7577.131754783244
Nifty Midcap 50 TRI,2021-04-09,7539.004668756724
Nifty Midcap 50 TRI,2021-04-12,7005.6976391637645
Nifty Midcap 50 TRI,2021-04-13,7202.258399210282
Nifty Midcap 50 TRI,2021-04-15,7164.456808783194
Nifty Midcap 50 TRI,2021-04-16,7220.256232394159
Nifty Midcap 50 TRI,2021-04-19,7033.15923627208
Nifty Midcap 50 TRI,2021-04-20,7063.411854035534
Nifty Midcap 50 TRI,2021-04-22,7104.923151578793
Nifty Midcap 50 TRI,2021-04-23,7111.594070625962
Nifty Midcap 50 TRI,2021-04-26,7169.065380935023
Nifty Midcap 50 TRI,2021-04-27,7272.820538634943
Nifty Midcap 50 TRI,2021-04-28,7397.111265094583
Nifty Midcap 50 TRI,2021-04-29,7388.501650031742
Nifty Midcap 50 TRI,2021-04-30,7344.671000124185
Nifty Midcap 50 TRI,2021-05-03,7304.090059136575
Nifty Midcap 50 TRI,2021-05-04,7302.412781456835
Nifty Midcap 50 TRI,2021-05-05,7367.416811920333
Nifty Midcap 50 TRI,2021-05-06,7460.986849723779
Nifty Midcap 50 TRI,2021-05-07,7448.00734518008
Nifty Midcap 50 TRI,2021-05-10,7557.192859229691
Nifty Midcap 50 TRI,2021-05-11,7627.947816113426
Nifty Midcap 50 TRI,2021-05-12,7543.361996543975
Nifty Midcap 50 TRI,2021-05-14,7412.633649539226
Nifty Midcap 50 TRI,2021-05-17,7551.498314578735
Nifty Midcap 50 TRI,2021-05-18,7702.789123108939
Nifty Midcap 50 TRI,2021-05-19,7699.263273481821
Nifty Midcap 50 TRI,2021-05-20,7677.489814454851
Nifty Midcap 50 TRI,2021-05-21,7750.341010511102
Nifty Midcap 50 TRI,2021-05-24,7815.001364682785
Nifty Midcap 50 TRI,2021-05-25,7794.266407076971
Nifty Midcap 50 TRI,2021-05-26,7785.551322492154
Nifty Midcap 50 TRI,2021-05-27,7840.657288895593
Nifty Midcap 50 TRI,2021-05-28,7868.6082204857985
Nifty Midcap 50 TRI,2021-05-31,7875.581124356262
Nifty Midcap 50 TRI,2021-06-01,7830.033438195468
Nifty Midcap 50 TRI,2021-06-02,7957.450177608402
Nifty Midcap 50 TRI,2021-06-03,8030.823490747098
Nifty Midcap 50 TRI,2021-06-04,8104.418688656129
Nifty Midcap 50 TRI,2021-06-07,8213.289474955067
Nifty Midcap 50 TRI,2021-06-08,8222.400611060897
Nifty Midcap 50 TRI,2021-06-09,8165.756744554801
Nifty Midcap 50 TRI,2021-06-10,8296.70464330722
Nifty Midcap 50 TRI,2021-06-11,8313.798902556402
Nifty Midcap 50 TRI,2021-06-14,8278.604580916935
Nifty Midcap 50 TRI,2021-06-15,8335.442713991295
Nifty Midcap 50 TRI,2021-06-16,8242.656136370204
Nifty Midcap 50 TRI,2021-06-17,8126.575291995398
Nifty Midcap 50 TRI,2021-06-18,8034.05238471242
Nifty Midcap 50 TRI,2021-06-21,8103.042219805287
Nifty Midcap 50 TRI,2021-06-22,8085.416624484791
Nifty Midcap 50 TRI,2021-06-23,8075.280614907439
Nifty Midcap 50 TRI,2021-06-24,8040.593410701373
Nifty Midcap 50 TRI,2021-06-25,8177.273359337862
Nifty Midcap 50 TRI,2021-06-28,8224.849512671111
Nifty Midcap 50 TRI,2021-06-29,8174.6856608081625
Nifty Midcap 50 TRI,2021-06-30,8175.542012990308
Nifty Midcap 50 TRI,2021-07-01,8137.187027385425
Nifty Midcap 50 TRI,2021-07-02,8136.566287858915
Nifty Midcap 50 TRI,2021-07-05,8223.144278940143
Nifty Midcap 50 TRI,2021-07-06,8216.892046694044
Nifty Midcap 50 TRI,2021-07-07,8290.551249216129
Nifty Midcap 50 TRI,2021-07-08,8230.532230877501
Nifty Midcap 50 TRI,2021-07-09,8296.591936259783
Nifty Midcap 50 TRI,2021-07-12,8340.090245854173
Nifty Midcap 50 TRI,2021-07-13,8360.098081287291
Nifty Midcap 50 TRI,2021-07-14,8374.964301643602
Nifty Midcap 50 TRI,2021-07-15,8394.53641107658
Nifty Midcap 50 TRI,2021-07-16,8433.859150596934
Nifty Midcap 50 TRI,2021-07-19,8349.783899081236
Nifty Midcap 50 TRI,2021-07-20,8210.850618972749
Nifty Midcap 50 TRI,2021-07-22,8304.108121823181
Nifty Midcap 50 TRI,2021-07-23,8289.100267275348
Nifty Midcap 50 TRI,2021-07-26,8262.020513940859
Nifty Midcap 50 TRI,2021-07-27,8204.107154880172
Nifty Midcap 50 TRI,2021-07-28,8176.890892358923
Nifty Midcap 50 TRI,2021-07-29,8267.882592905655
Nifty Midcap 50 TRI,2021-07-30,8382.520658876354
Nifty Midcap 50 TRI,2021-08-02,8514.986325602922
Nifty Midcap 50 TRI,2021-08-03,8514.866485814544
Nifty Midcap 50 TRI,2021-08-04,8413.816837899109
Nifty Midcap 50 TRI,2021-08-05,8422.83600019701
Nifty Midcap 50 TRI,2021-08-06,8410.89089263662
Nifty Midcap 50 TRI,2021-08-09,8303.177130252448
Nifty Midcap 50 TRI,2021-08-10,8165.813284709974
Nifty Midcap 50 TRI,2021-08-11,8187.582844191979
Nifty Midcap 50 TRI,2021-08-12,8278.167604080336
Nifty Midcap 50 TRI,2021-08-13,8228.003964953143
Nifty Midcap 50 TRI,2021-08-16,8196.854234926093
Nifty Midcap 50 TRI,2021-08-17,8171.81494638096
Nifty Midcap 50 TRI,2021-08-18,8174.7530638970875
Nifty Midcap 50 TRI,2021-08-20,7926.891014555903
Nifty Midcap 50 TRI,2021-08-23,7870.962110354925
Nifty Midcap 50 TRI,2021-08-24,8012.056178420621
Nifty Midcap 50 TRI,2021-08-25,8006.119208584583
Nifty Midcap 50 TRI,2021-08-26,7986.271702282863
Nifty Midcap 50 TRI,2021-08-27,8059.196260774632
Nifty Midcap 50 TRI,2021-08-30,8216.593646443309
Nifty Midcap 50 TRI,2021-08-31,8218.821824741233
Nifty Midcap 50 TRI,2021-09-01,8309.068194369665
Nifty Midcap 50 TRI,2021-09-02,8424.13171411044
Nifty Midcap 50 TRI,2021-09-03,8472.320727716118
Nifty Midcap 50 TRI,2021-09-06,8499.1834332768
Nifty Midcap 50 TRI,2021-09-07,8517.9625607233
Nifty Midcap 50 TRI,2021-09-08,8554.710245348235
Nifty Midcap 50 TRI,2021-09-09,8577.874261560117
Nifty Midcap 50 TRI,2021-09-13,8617.231884905897
Nifty Midcap 50 TRI,2021-09-14,8785.15398877902
Nifty Midcap 50 TRI,2021-09-15,8902.566605130334
Nifty Midcap 50 TRI,2021-09-16,8973.850454865153
Nifty Midcap 50 TRI,2021-09-17,8867.333064181334
Nifty Midcap 50 TRI,2021-09-20,8643.644555793859
Nifty Midcap 50 TRI,2021-09-21,8712.410239061366
Nifty Midcap 50 TRI,2021-09-22,8951.442981531187
Nifty Midcap 50 TRI,2021-09-23,9065.978840607782
Nifty Midcap 50 TRI,2021-09-24,8970.241114504277
Nifty Midcap 50 TRI,2021-09-27,9000.770489686029
Nifty Midcap 50 TRI,2021-09-28,8950.952010583529
Nifty Midcap 50 TRI,2021-09-29,9052.295254850229
Nifty Midcap 50 TRI,2021-09-30,9075.098986051384
Nifty Midcap 50 TRI,2021-10-01,9056.904897387814
Nifty Midcap 50 TRI,2021-10-04,9223.884301541002
Nifty Midcap 50 TRI,2021-10-05,9286.985981100286
Nifty Midcap 50 TRI,2021-10-06,9163.59697522356
Nifty Midcap 50 TRI,2021-10-07,9378.060061533866
Nifty Midcap 50 TRI,2021-10-08,9420.722306363019
Nifty Midcap 50 TRI,2021-10-11,9490.879366550364
Nifty Midcap 50 TRI,2021-10-12,9571.982096841197
Nifty Midcap 50 TRI,2021-10-13,9705.943596026878
Nifty Midcap 50 TRI,2021-10-14,9799.337647587627
Nifty Midcap 50 TRI,2021-10-18,9957.839906388972
Nifty Midcap 50 TRI,2021-10-19,9737.20350351403
Nifty Midcap 50 TRI,2021-10-20,9551.816345218505
Nifty Midcap 50 TRI,2021-10-21,9524.191934189108
Nifty Midcap 50 TRI,2021-10-22,9471.010698690727
Nifty Midcap 50 TRI,2021-10-25,9278.10646132319
Nifty Midcap 50 TRI,2021-10-26,9479.180356707844
Nifty Midcap 50 TRI,2021-10-27,9499.815631533174
Nifty Midcap 50 TRI,2021-10-28,9340.110417742384
Nifty Midcap 50 TRI,2021-10-29,9339.297174641584
Nifty Midcap 50 TRI,2021-11-01,9522.922461734966
Nifty Midcap 50 TRI,2021-11-02,9614.599438988542
Nifty Midcap 50 TRI,2021-11-03,9573.748514362049
Nifty Midcap 50 TRI,2021-11-04,9643.213734346771
Nifty Midcap 50 TRI,2021-11-08,9797.55779756224
Nifty Midcap 50 TRI,2021-11-09,9895.18303466464
Nifty Midcap 50 TRI,2021-11-10,9841.547712892701
Nifty Midcap 50 TRI,2021-11-11,9748.2401791212
Nifty Midcap 50 TRI,2021-11-12,9795.775759758952
Nifty Midcap 50 TRI,2021-11-15,9838.694072179467
Nifty Midcap 50 TRI,2021-11-16,9812.32145894866
Nifty Midcap 50 TRI,2021-11-17,9751.156265872876
Nifty Midcap 50 TRI,2021-11-18,9586.984658450247
Nifty Midcap 50 TRI,2021-11-22,9304.129604740792
Nifty Midcap 50 TRI,2021-11-23,9480.53411841878
Nifty Midcap 50 TRI,2021-11-24,9431.205169923265
Nifty Midcap 50 TRI,2021-11-25,9473.918710115435
Nifty Midcap 50 TRI,2021-11-26,9114.362800272766
Nifty Midcap 50 TRI,2021-11-29,8976.157678827822
Nifty Midcap 50 TRI,2021-11-30,8987.411149210942
Nifty Midcap 50 TRI,2021-12-01,9115.590125083048
Nifty Midcap 50 TRI,2021-12-02,9224.617644929662
Nifty Midcap 50 TRI,2021-12-03,9225.063734190197
Nifty Midcap 50 TRI,2021-12-06,9114.073632128964
Nifty Midcap 50 TRI,2021-12-07,9233.874049532327
Nifty Midcap 50 TRI,2021-12-08,9393.706476891803
Nifty Midcap 50 TRI,2021-12-09,9435.664803048914
Nifty Midcap 50 TRI,2021-12-10,9499.367928711325
Nifty Midcap 50 TRI,2021-12-13,9476.895219840275
Nifty Midcap 50 TRI,2021-12-14,9437.316600030148
Nifty Midcap 50 TRI,2021-12-15,9357.758792497001
Nifty Midcap 50 TRI,2021-12-16,9320.262478860872
Nifty Midcap 50 TRI,2021-12-17,9080.398169201984
Nifty Midcap 50 TRI,2021-12-20,8732.380068403707
Nifty Midcap 50 TRI,2021-12-21,8858.364022982403
Nifty Midcap 50 TRI,2021-12-22,9009.618027794295
Nifty Midcap 50 TRI,2021-12-23,9096.344308300047
Nifty Midcap 50 TRI,2021-12-24,8996.274015817242
Nifty Midcap 50 TRI,2021-12-27,9013.250754063174
Nifty Midcap 50 TRI,2021-12-28,9119.432349778712
Nifty Midcap 50 TRI,2021-12-29,9126.687789525962
Nifty Midcap 50 TRI,2021-12-30,9116.639555087235
Nifty Midcap 50 TRI,2021-12-31,9240.85051525253
Nifty Midcap 50 TRI,2022-01-03,9366.296391370257
Nifty Midcap 50 TRI,2022-01-04,9404.820081709651
Nifty Midcap 50 TRI,2022-01-05,9417.851513929123
Nifty Midcap 50 TRI,2022-01-06,9445.993935366998
Nifty Midcap 50 TRI,2022-01-07,9502.15819714921
Nifty Midcap 50 TRI,2022-01-10,9589.786253275026
Nifty Midcap 50 TRI,2022-01-11,9600.351375731621
Nifty Midcap 50 TRI,2022-01-12,9715.434328217925
Nifty Midcap 50 TRI,2022-01-13,9778.26351703619
Nifty Midcap 50 TRI,2022-01-14,9770.260340768273
Nifty Midcap 50 TRI,2022-01-17,9783.455409172444
Nifty Midcap 50 TRI,2022-01-18,9560.561779847705
Nifty Midcap 50 TRI,2022-01-19,9540.570462277283
Nifty Midcap 50 TRI,2022-01-20,9514.038572572934
Nifty Midcap 50 TRI,2022-01-21,9274.24760774512
Nifty Midcap 50 TRI,2022-01-24,8909.72897698045
Nifty Midcap 50 TRI,2022-01-25,9029.613981463955
Nifty Midcap 50 TRI,2022-01-27,8954.471653938675
Nifty Midcap 50 TRI,2022-01-28,9078.654310685997
Nifty Midcap 50 TRI,2022-01-31,9231.002961065167
Nifty Midcap 50 TRI,2022-02-01,9315.784767921625
Nifty Midcap 50 TRI,2022-02-02,9422.783633151876
Nifty Midcap 50 TRI,2022-02-03,9313.603395343918
Nifty Midcap 50 TRI,2022-02-04,9217.668229175193
Nifty Midcap 50 TRI,2022-02-07,9115.027702777552
Nifty Midcap 50 TRI,2022-02-08,9058.834505382307
Nifty Midcap 50 TRI,2022-02-09,9199.167259346805
Nifty Midcap 50 TRI,2022-02-10,9230.462292869026
Nifty Midcap 50 TRI,2022-02-11,9020.89658365847
Nifty Midcap 50 TRI,2022-02-14,8667.555292042473
Nifty Midcap 50 TRI,2022-02-15,8935.987329456202
Nifty Midcap 50 TRI,2022-02-16,8907.167629702588
Nifty Midcap 50 TRI,2022-02-17,8876.311422424164
Nifty Midcap 50 TRI,2022-02-18,8796.777961400436
Nifty Midcap 50 TRI,2022-02-21,8726.63396654083
Nifty Midcap 50 TRI,2022-02-22,8656.000124320171
Nifty Midcap 50 TRI,2022-02-23,8684.871194786789
Nifty Midcap 50 TRI,2022-02-24,8149.737268289408
Nifty Midcap 50 TRI,2022-02-25,8511.13497632375
Nifty Midcap 50 TRI,2022-02-28,8593.732687034644
Nifty Midcap 50 TRI,2022-03-02,8575.228242660834
Nifty Midcap 50 TRI,2022-03-03,8506.99552925668
Nifty Midcap 50 TRI,2022-03-04,8310.45390135811
Nifty Midcap 50 TRI,2022-03-07,8128.496736072685
Nifty Midcap 50 TRI,2022-03-08,8257.730042453095
Nifty Midcap 50 TRI,2022-03-09,8442.931712441508
Nifty Midcap 50 TRI,2022-03-10,8501.19317438432
Nifty Midcap 50 TRI,2022-03-11,8560.612887259495
Nifty Midcap 50 TRI,2022-03-14,8591.896508240288
Nifty Midcap 50 TRI,2022-03-15,8519.46164114078
Nifty Midcap 50 TRI,2022-03-16,8692.483419303022
Nifty Midcap 50 TRI,2022-03-17,8815.815133460601
Nifty Midcap 50 TRI,2022-03-21,8755.912875322747
Nifty Midcap 50 TRI,2022-03-22,8791.520862399608
Nifty Midcap 50 TRI,2022-03-23,8837.5892117575
Nifty Midcap 50 TRI,2022-03-24,8904.247504956713
Nifty Midcap 50 TRI,2022-03-25,8869.675443642682
Nifty Midcap 50 TRI,2022-03-28,8824.965571648972
Nifty Midcap 50 TRI,2022-03-29,8858.049085895635
Nifty Midcap 50 TRI,2022-03-30,8954.22683147819
Nifty Midcap 50 TRI,2022-03-31,9011.319406262
Nifty Midcap 50 TRI,2022-04-01,9149.129431459187
Nifty Midcap 50 TRI,2022-04-04,9277.325150428615
Nifty Midcap 50 TRI,2022-04-05,9378.813669628016
Nifty Midcap 50 TRI,2022-04-06,9431.354803577138
Nifty Midcap 50 TRI,2022-04-07,9373.601623639457
Nifty Midcap 50 TRI,2022-04-08,9457.753857991627
Nifty Midcap 50 TRI,2022-04-11,9492.098078000516
Nifty Midcap 50 TRI,2022-04-12,9326.56305096323
Nifty Midcap 50 TRI,2022-04-13,9313.409566268945
Nifty Midcap 50 TRI,2022-04-18,9200.920464918361
Nifty Midcap 50 TRI,2022-04-19,9092.138991286434
Nifty Midcap 50 TRI,2022-04-20,9137.254829984919
Nifty Midcap 50 TRI,2022-04-21,9239.551063340421
Nifty Midcap 50 TRI,2022-04-22,9143.983129854349
Nifty Midcap 50 TRI,2022-04-25,8948.095242089159
Nifty Midcap 50 TRI,2022-04-26,9114.029269226492
Nifty Midcap 50 TRI,2022-04-27,9029.575867735004
Nifty Midcap 50 TRI,2022-04-28,9084.946251885809
Nifty Midcap 50 TRI,2022-04-29,9001.313874818668
Nifty Midcap 50 TRI,2022-05-02,8948.309277636785
Nifty Midcap 50 TRI,2022-05-04,8743.272844871226
Nifty Midcap 50 TRI,2022-05-05,8785.806676814944
Nifty Midcap 50 TRI,2022-05-06,8620.652323067681
Nifty Midcap 50 TRI,2022-05-09,8452.543817462316
Nifty Midcap 50 TRI,2022-05-10,8303.622577248123
Nifty Midcap 50 TRI,2022-05-11,8266.185172958612
Nifty Midcap 50 TRI,2022-05-12,8065.280661978481
Nifty Midcap 50 TRI,2022-05-13,8103.948706672247
Nifty Midcap 50 TRI,2022-05-16,8233.522013208772
Nifty Midcap 50 TRI,2022-05-17,8446.70613640186
Nifty Midcap 50 TRI,2022-05-18,8430.928238879178
Nifty Midcap 50 TRI,2022-05-19,8183.194645966851
Nifty Midcap 50 TRI,2022-05-20,8369.548376227473
Nifty Midcap 50 TRI,2022-05-23,8345.467177890843
Nifty Midcap 50 TRI,2022-05-24,8306.41983380093
Nifty Midcap 50 TRI,2022-05-25,8154.5737705580395
Nifty Midcap 50 TRI,2022-05-26,8257.15323719718
Nifty Midcap 50 TRI,2022-05-27,8373.797238609019
Nifty Midcap 50 TRI,2022-05-30,8554.492138845842
Nifty Midcap 50 TRI,2022-05-31,8583.318607591988
Nifty Midcap 50 TRI,2022-06-01,8599.354442573807
Nifty Midcap 50 TRI,2022-06-02,8643.513135047986
Nifty Midcap 50 TRI,2022-06-03,8505.09625893679
Nifty Midcap 50 TRI,2022-06-06,8466.126934250204
Nifty Midcap 50 TRI,2022-06-07,8405.230639735562
Nifty Midcap 50 TRI,2022-06-08,8387.954345474329
Nifty Midcap 50 TRI,2022-06-09,8426.710729040798
Nifty Midcap 50 TRI,2022-06-10,8367.297647837617
Nifty Midcap 50 TRI,2022-06-13,8113.808680326843
Nifty Midcap 50 TRI,2022-06-14,8102.755899094923
Nifty Midcap 50 TRI,2022-06-15,8137.75972395605
Nifty Midcap 50 TRI,2022-06-16,7938.830790565999
Nifty Midcap 50 TRI,2022-06-17,7897.047759595144
Nifty Midcap 50 TRI,2022-06-20,7758.83176535687
Nifty Midcap 50 TRI,2022-06-21,7978.8627156902685
Nifty Midcap 50 TRI,2022-06-22,7855.647197322516
Nifty Midcap 50 TRI,2022-06-23,7958.731463680165
Nifty Midcap 50 TRI,2022-06-24,8070.868518506376
Nifty Midcap 50 TRI,2022-06-27,8155.990926296603
Nifty Midcap 50 TRI,2022-06-28,8165.516043667656
Nifty Midcap 50 TRI,2022-06-29,8122.1258413952155
Nifty Midcap 50 TRI,2022-06-30,8053.571461309129
Nifty Midcap 50 TRI,2022-07-01,8117.668008835766
Nifty Midcap 50 TRI,2022-07-04,8191.606005208315
Nifty Midcap 50 TRI,2022-07-05,8167.856020206815
Nifty Midcap 50 TRI,2022-07-06,8345.759600147183
Nifty Midcap 50 TRI,2022-07-07,8444.973049764876
Nifty Midcap 50 TRI,2022-07-08,8463.227462661496
Nifty Midcap 50 TRI,2022-07-11,8490.398453739377
Nifty Midcap 50 TRI,2022-07-12,8418.135201559002
Nifty Midcap 50 TRI,2022-07-13,8457.089974083128
Nifty Midcap 50 TRI,2022-07-14,8445.264340451038
Nifty Midcap 50 TRI,2022-07-15,8519.217851510597
Nifty Midcap 50 TRI,2022-07-18,8659.785895094205
Nifty Midcap 50 TRI,2022-07-19,8713.381607045312
Nifty Midcap 50 TRI,2022-07-20,8729.936198992273
Nifty Midcap 50 TRI,2022-07-21,8860.881945262265
Nifty Midcap 50 TRI,2022-07-22,8875.67470057387
Nifty Midcap 50 TRI,2022-07-25,8877.597689677235
Nifty Midcap 50 TRI,2022-07-26,8768.104310609326
Nifty Midcap 50 TRI,2022-07-27,8839.106124632848
Nifty Midcap 50 TRI,2022-07-28,8910.38750245987
Nifty Midcap 50 TRI,2022-07-29,9023.582874738431
Nifty Midcap 50 TRI,2022-08-01,9167.494450020149
Nifty Midcap 50 TRI,2022-08-02,9188.538313578663
Nifty Midcap 50 TRI,2022-08-03,9077.982073683144
Nifty Midcap 50 TRI,2022-08-04,9077.707508066285
Nifty Midcap 50 TRI,2022-08-05,9085.994336346757
Nifty Midcap 50 TRI,2022-08-08,9122.50773350157
Nifty Midcap 50 TRI,2022-08-10,9111.356007967353
Nifty Midcap 50 TRI,2022-08-11,9194.433653504744
Nifty Midcap 50 TRI,2022-08-12,9233.988908946385
Nifty Midcap 50 TRI,2022-08-16,9342.8397858902
Nifty Midcap 50 TRI,2022-08-17,9399.030722020267
Nifty Midcap 50 TRI,2022-08-18,9427.436531473499
Nifty Midcap 50 TRI,2022-08-19,9314.411582214045
Nifty Midcap 50 TRI,2022-08-22,9126.80231293966
Nifty Midcap 50 TRI,2022-08-23,9236.646006124214
Nifty Midcap 50 TRI,2022-08-24,9304.66953613754
Nifty Midcap 50 TRI,2022-08-25,9317.882726635204
Nifty Midcap 50 TRI,2022-08-26,9369.60985265564
Nifty Midcap 50 TRI,2022-08-29,9277.793129957518
Nifty Midcap 50 TRI,2022-08-30,9456.406378292266
Nifty Midcap 50 TRI,2022-09-01,9504.50794222805
Nifty Midcap 50 TRI,2022-09-02,9492.141115243534
Nifty Midcap 50 TRI,2022-09-05,9540.260671742242
Nifty Midcap 50 TRI,2022-09-06,9564.096207767177
Nifty Midcap 50 TRI,2022-09-07,9617.502715830187
Nifty Midcap 50 TRI,2022-09-08,9633.270430579203
Nifty Midcap 50 TRI,2022-09-09,9657.275163571407
Nifty Midcap 50 TRI,2022-09-12,9752.458706971314
Nifty Midcap 50 TRI,2022-09-13,9761.487808832542
Nifty Midcap 50 TRI,2022-09-14,9724.909549675695
Nifty Midcap 50 TRI,2022-09-15,9766.665828195768
Nifty Midcap 50 TRI,2022-09-16,9479.645329804685
Nifty Midcap 50 TRI,2022-09-19,9479.73501235206
Nifty Midcap 50 TRI,2022-09-20,9599.062035544906
Nifty Midcap 50 TRI,2022-09-21,9541.076023839729
Nifty Midcap 50 TRI,2022-09-22,9578.024860954643
Nifty Midcap 50 TRI,2022-09-23,9321.251079940152
Nifty Midcap 50 TRI,2022-09-26,9040.68934159066
Nifty Midcap 50 TRI,2022-09-27,9049.426963318345
Nifty Midcap 50 TRI,2022-09-28,9003.804608050259
Nifty Midcap 50 TRI,2022-09-29,9047.050734232655
Nifty Midcap 50 TRI,2022-09-30,9216.613257738836
Nifty Midcap 50 TRI,2022-10-03,9099.153977192422
Nifty Midcap 50 TRI,2022-10-04,9381.731204110714
Nifty Midcap 50 TRI,2022-10-06,9490.98980588202
Nifty Midcap 50 TRI,2022-10-07,9468.32267205472
Nifty Midcap 50 TRI,2022-10-10,9385.324831387337
Nifty Midcap 50 TRI,2022-10-11,9228.116873311681
Nifty Midcap 50 TRI,2022-10-12,9300.536058890324
Nifty Midcap 50 TRI,2022-10-13,9214.518822095602
Nifty Midcap 50 TRI,2022-10-14,9212.752373016267
Nifty Midcap 50 TRI,2022-10-17,9278.384430485763
Nifty Midcap 50 TRI,2022-10-18,9426.615254756127
Nifty Midcap 50 TRI,2022-10-19,9428.229738147056
Nifty Midcap 50 TRI,2022-10-20,9388.954454738316
Nifty Midcap 50 TRI,2022-10-21,9359.914809370799
Nifty Midcap 50 TRI,2022-10-24,9403.54451211068
Nifty Midcap 50 TRI,2022-10-25,9448.43236626547
Nifty Midcap 50 TRI,2022-10-27,9522.388572097747
Nifty Midcap 50 TRI,2022-10-28,9498.050152403872
Nifty Midcap 50 TRI,2022-10-31,9619.51358868245
Nifty Midcap 50 TRI,2022-11-01,9699.561032761181
Nifty Midcap 50 TRI,2022-11-02,9678.212989531432
Nifty Midcap 50 TRI,2022-11-03,9714.039821268265
Nifty Midcap 50 TRI,2022-11-04,9683.171068593125
Nifty Midcap 50 TRI,2022-11-07,9770.016567263661
Nifty Midcap 50 TRI,2022-11-09,9699.083861225323
Nifty Midcap 50 TRI,2022-11-10,9604.933786390859
Nifty Midcap 50 TRI,2022-11-11,9611.314244920319
Nifty Midcap 50 TRI,2022-11-14,9609.751832877033
Nifty Midcap 50 TRI,2022-11-15,9606.555287779136
Nifty Midcap 50 TRI,2022-11-16,9520.36221200478
Nifty Midcap 50 TRI,2022-11-17,9505.036188717104
Nifty Midcap 50 TRI,2022-11-18,9457.097109644374
Nifty Midcap 50 TRI,2022-11-21,9454.02828025992
Nifty Midcap 50 TRI,2022-11-22,9506.645512834097
Nifty Midcap 50 TRI,2022-11-23,9556.33097919543
Nifty Midcap 50 TRI,2022-11-24,9606.461256880888
Nifty Midcap 50 TRI,2022-11-25,9700.897912067298
Nifty Midcap 50 TRI,2022-11-28,9756.441980631189
Nifty Midcap 50 TRI,2022-11-29,9708.329479711514
Nifty Midcap 50 TRI,2022-11-30,9809.648355325278
Nifty Midcap 50 TRI,2022-12-01,9894.68897283875
Nifty Midcap 50 TRI,2022-12-02,9963.614571442002
Nifty Midcap 50 TRI,2022-12-05,9987.114342376497
Nifty Midcap 50 TRI,2022-12-06,9936.063918765332
Nifty Midcap 50 TRI,2022-12-07,9882.683694580997
Nifty Midcap 50 TRI,2022-12-08,9945.026581370636
Nifty Midcap 50 TRI,2022-12-09,9880.176801079344
Nifty Midcap 50 TRI,2022-12-12,9928.882707924971
Nifty Midcap 50 TRI,2022-12-13,9968.685202335591
Nifty Midcap 50 TRI,2022-12-14,10050.708370937711
Nifty Midcap 50 TRI,2022-12-15,9953.438459188756
Nifty Midcap 50 TRI,2022-12-16,9786.682450633814
Nifty Midcap 50 TRI,2022-12-19,9853.121721959373
Nifty Midcap 50 TRI,2022-12-20,9819.22869421971
Nifty Midcap 50 TRI,2022-12-21,9685.031336734333
Nifty Midcap 50 TRI,2022-12-22,9633.510682715547
Nifty Midcap 50 TRI,2022-12-23,9310.604034769369
Nifty Midcap 50 TRI,2022-12-27,9619.61651366939
Nifty Midcap 50 TRI,2022-12-28,9642.133890218902
Nifty Midcap 50 TRI,2022-12-29,9641.372315811985
Nifty Midcap 50 TRI,2022-12-30,9701.74763333456
Nifty Midcap 50 TRI,2023-01-02,9780.121011052728
Nifty Midcap 50 TRI,2023-01-03,9804.252292860616
Nifty Midcap 50 TRI,2023-01-04,9696.230316492558
Nifty Midcap 50 TRI,2023-01-05,9766.205546281955
Nifty Midcap 50 TRI,2023-01-06,9704.02328334679
Nifty Midcap 50 TRI,2023-01-09,9787.511393016412
Nifty Midcap 50 TRI,2023-01-10,9742.676358579261
Nifty Midcap 50 TRI,2023-01-11,9741.918015098132
Nifty Midcap 50 TRI,2023-01-12,9701.682031424954
Nifty Midcap 50 TRI,2023-01-13,9700.25662549649
Nifty Midcap 50 TRI,2023-01-16,9656.553716139386
Nifty Midcap 50 TRI,2023-01-17,9643.815708247974
Nifty Midcap 50 TRI,2023-01-18,9708.876333380389
Nifty Midcap 50 TRI,2023-01-19,9710.50086606808
Nifty Midcap 50 TRI,2023-01-20,9635.097909798274
Nifty Midcap 50 TRI,2023-01-23,9748.224212825311
Nifty Midcap 50 TRI,2023-01-24,9687.400477341462
Nifty Midcap 50 TRI,2023-01-25,9544.155112701319
Nifty Midcap 50 TRI,2023-01-27,9388.100003123645
Nifty Midcap 50 TRI,2023-01-30,9404.267156728069
Nifty Midcap 50 TRI,2023-01-31,9583.169720166325
Nifty Midcap 50 TRI,2023-02-01,9490.988068372772
Nifty Midcap 50 TRI,2023-02-02,9520.01196673768
Nifty Midcap 50 TRI,2023-02-03,9546.207187420148
Nifty Midcap 50 TRI,2023-02-06,9617.090873041518
Nifty Midcap 50 TRI,2023-02-07,9608.672042252383
Nifty Midcap 50 TRI,2023-02-08,9698.733139401473
Nifty Midcap 50 TRI,2023-02-09,9719.055558237022
Nifty Midcap 50 TRI,2023-02-10,9733.94212695362
Nifty Midcap 50 TRI,2023-02-13,9576.793161224547
Nifty Midcap 50 TRI,2023-02-14,9574.641581252676
Nifty Midcap 50 TRI,2023-02-15,9643.130892594449
Nifty Midcap 50 TRI,2023-02-16,9710.902802598106
Nifty Midcap 50 TRI,2023-02-17,9610.307523106247
Nifty Midcap 50 TRI,2023-02-20,9598.194912207315
Nifty Midcap 50 TRI,2023-02-21,9556.972609383985
Nifty Midcap 50 TRI,2023-02-22,9457.083131521498
Nifty Midcap 50 TRI,2023-02-23,9443.66177070724
Nifty Midcap 50 TRI,2023-02-24,9410.036194607235
Nifty Midcap 50 TRI,2023-02-27,9345.284862347653
Nifty Midcap 50 TRI,2023-02-28,9388.478378641008
Nifty Midcap 50 TRI,2023-03-01,9511.94193666026
Nifty Midcap 50 TRI,2023-03-02,9491.413628287162
Nifty Midcap 50 TRI,2023-03-03,9574.638689482537
Nifty Midcap 50 TRI,2023-03-06,9638.52242695267
Nifty Midcap 50 TRI,2023-03-08,9710.559733656512
Nifty Midcap 50 TRI,2023-03-09,9650.668949504105
Nifty Midcap 50 TRI,2023-03-10,9580.947047245352
Nifty Midcap 50 TRI,2023-03-13,9390.195250444625
Nifty Midcap 50 TRI,2023-03-14,9354.832253250994
Nifty Midcap 50 TRI,2023-03-15,9341.62401912709
Nifty Midcap 50 TRI,2023-03-16,9390.331003564594
Nifty Midcap 50 TRI,2023-03-17,9426.824358294582
Nifty Midcap 50 TRI,2023-03-20,9321.443683787093
Nifty Midcap 50 TRI,2023-03-21,9367.656922315637
Nifty Midcap 50 TRI,2023-03-22,9387.992514461133
Nifty Midcap 50 TRI,2023-03-23,9330.683130817402
Nifty Midcap 50 TRI,2023-03-24,9201.887980300276
Nifty Midcap 50 TRI,2023-03-27,9171.570144066749
Nifty Midcap 50 TRI,2023-03-28,9144.299239826365
Nifty Midcap 50 TRI,2023-03-29,9302.726443834683
Nifty Midcap 50 TRI,2023-03-31,9406.841437713309
Nifty Midcap 50 TRI,2023-04-03,9441.922751817217
Nifty Midcap 50 TRI,2023-04-05,9439.941216342982
Nifty Midcap 50 TRI,2023-04-06,9501.400023279766
Nifty Midcap 50 TRI,2023-04-10,9537.115816045056
Nifty Midcap 50 TRI,2023-04-11,9566.13247699988
Nifty Midcap 50 TRI,2023-04-12,9609.21070194365
Nifty Midcap 50 TRI,2023-04-13,9643.842801327164
Nifty Midcap 50 TRI,2023-04-17,9669.075830687163
Nifty Midcap 50 TRI,2023-04-18,9749.898037041494
Nifty Midcap 50 TRI,2023-04-19,9729.851517717492
Nifty Midcap 50 TRI,2023-04-20,9745.262504712982
Nifty Midcap 50 TRI,2023-04-21,9705.706526263792
Nifty Midcap 50 TRI,2023-04-24,9772.009991951718
Nifty Midcap 50 TRI,2023-04-25,9799.819856538314
Nifty Midcap 50 TRI,2023-04-26,9821.295055131523
Nifty Midcap 50 TRI,2023-04-27,9855.945257448566
Nifty Midcap 50 TRI,2023-04-28,9964.80806174333
Nifty Midcap 50 TRI,2023-05-02,10076.253717290478
Nifty Midcap 50 TRI,2023-05-03,10080.558775555082
Nifty Midcap 50 TRI,2023-05-04,10144.24389293742
Nifty Midcap 50 TRI,2023-05-05,10048.750515130805
Nifty Midcap 50 TRI,2023-05-08,10174.430964471256
Nifty Midcap 50 TRI,2023-05-09,10178.73902838935
Nifty Midcap 50 TRI,2023-05-10,10184.77194849193
Nifty Midcap 50 TRI,2023-05-11,10225.782328633339
Nifty Midcap 50 TRI,2023-05-12,10175.92895485843
Nifty Midcap 50 TRI,2023-05-15,10276.39183884815
Nifty Midcap 50 TRI,2023-05-16,10310.513105587164
Nifty Midcap 50 TRI,2023-05-17,10282.902920165983
Nifty Midcap 50 TRI,2023-05-18,10207.40445070053
Nifty Midcap 50 TRI,2023-05-19,10207.154065215902
Nifty Midcap 50 TRI,2023-05-22,10274.430325010078
Nifty Midcap 50 TRI,2023-05-23,10330.584092057912
Nifty Midcap 50 TRI,2023-05-24,10310.199774336963
Nifty Midcap 50 TRI,2023-05-25,10382.099849915588
Nifty Midcap 50 TRI,2023-05-26,10489.826818509438
Nifty Midcap 50 TRI,2023-05-29,10537.051357532015
Nifty Midcap 50 TRI,2023-05-30,10577.42221806893
Nifty Midcap 50 TRI,2023-05-31,10614.956822777693
Nifty Midcap 50 TRI,2023-06-01,10637.026050198392
Nifty Midcap 50 TRI,2023-06-02,10715.346489179316
Nifty Midcap 50 TRI,2023-06-05,10725.594104131344
Nifty Midcap 50 TRI,2023-06-06,10714.728667738518
Nifty Midcap 50 TRI,2023-06-07,10800.237804522698
Nifty Midcap 50 TRI,2023-06-08,10694.609024806545
Nifty Midcap 50 TRI,2023-06-09,10682.907307175079
Nifty Midcap 50 TRI,2023-06-12,10769.174166024033
Nifty Midcap 50 TRI,2023-06-13,10902.8364004579
Nifty Midcap 50 TRI,2023-06-14,10929.984996104413
Nifty Midcap 50 TRI,2023-06-15,10912.108716626695
Nifty Midcap 50 TRI,2023-06-16,11002.373395725841
Nifty Midcap 50 TRI,2023-06-19,11011.364757688134
Nifty Midcap 50 TRI,2023-06-20,11085.108487507752
Nifty Midcap 50 TRI,2023-06-21,11168.708866213748
Nifty Midcap 50 TRI,2023-06-22,11034.330057516414
Nifty Midcap 50 TRI,2023-06-23,10918.592733937301
Nifty Midcap 50 TRI,2023-06-26,11004.626861742785
Nifty Midcap 50 TRI,2023-06-27,11073.149715924847
Nifty Midcap 50 TRI,2023-06-28,11179.144122576428
Nifty Midcap 50 TRI,2023-06-30,11276.345016870211
Nifty Midcap 50 TRI,2023-07-03,11295.104365968768
Nifty Midcap 50 TRI,2023-07-04,11269.377788434269
Nifty Midcap 50 TRI,2023-07-05,11352.67743311274
Nifty Midcap 50 TRI,2023-07-06,11434.532512106296
Nifty Midcap 50 TRI,2023-07-07,11326.28263981561
Nifty Midcap 50 TRI,2023-07-10,11295.818235509987
Nifty Midcap 50 TRI,2023-07-11,11415.718978565104
Nifty Midcap 50 TRI,2023-07-12,11456.932542740175
Nifty Midcap 50 TRI,2023-07-13,11354.682550138397
Nifty Midcap 50 TRI,2023-07-14,11529.842156234194
Nifty Midcap 50 TRI,2023-07-17,11556.089076055463
Nifty Midcap 50 TRI,2023-07-18,11550.635012792918
Nifty Midcap 50 TRI,2023-07-19,11647.059912295239
Nifty Midcap 50 TRI,2023-07-20,11671.130285941319
Nifty Midcap 50 TRI,2023-07-21,11638.328091737323
Nifty Midcap 50 TRI,2023-07-24,11655.507561701177
Nifty Midcap 50 TRI,2023-07-25,11702.868123832157
Nifty Midcap 50 TRI,2023-07-26,11768.560140601445
Nifty Midcap 50 TRI,2023-07-27,11838.321723482451
Nifty Midcap 50 TRI,2023-07-28,11907.474088404535
Nifty Midcap 50 TRI,2023-07-31,12060.126015315906
Nifty Midcap 50 TRI,2023-08-01,12028.606410846167
Nifty Midcap 50 TRI,2023-08-02,11860.903958215677
Nifty Midcap 50 TRI,2023-08-03,11877.186675912915
Nifty Midcap 50 TRI,2023-08-04,11971.483901103906
Nifty Midcap 50 TRI,2023-08-07,12023.522036488363
Nifty Midcap 50 TRI,2023-08-08,12041.205012654978
Nifty Midcap 50 TRI,2023-08-09,12100.017039601695
Nifty Midcap 50 TRI,2023-08-10,12113.968081239565
Nifty Midcap 50 TRI,2023-08-11,12062.655733132924
Nifty Midcap 50 TRI,2023-08-14,12069.786666870343
Nifty Midcap 50 TRI,2023-08-16,12081.637821730224
Nifty Midcap 50 TRI,2023-08-17,12121.17612989011
Nifty Midcap 50 TRI,2023-08-18,12067.458823892981
Nifty Midcap 50 TRI,2023-08-21,12157.207131472145
Nifty Midcap 50 TRI,2023-08-22,12274.799188150377
Nifty Midcap 50 TRI,2023-08-23,12355.936758041731
Nifty Midcap 50 TRI,2023-08-24,12411.26531460952
Nifty Midcap 50 TRI,2023-08-25,12289.528386988677
Nifty Midcap 50 TRI,2023-08-28,12347.806088976602
Nifty Midcap 50 TRI,2023-08-29,12388.588708747868
Nifty Midcap 50 TRI,2023-08-30,12495.949614393765
Nifty Midcap 50 TRI,2023-08-31,12470.94187865887
Nifty Midcap 50 TRI,2023-09-01,12558.179250893832
Nifty Midcap 50 TRI,2023-09-04,12633.216285315464
Nifty Midcap 50 TRI,2023-09-05,12756.883586100996
Nifty Midcap 50 TRI,2023-09-06,12792.888318212872
Nifty Midcap 50 TRI,2023-09-07,12850.253988891041
Nifty Midcap 50 TRI,2023-09-08,12991.503610039417
Nifty Midcap 50 TRI,2023-09-11,13080.026884539942
Nifty Midcap 50 TRI,2023-09-12,12702.0143584402
Nifty Midcap 50 TRI,2023-09-13,12778.686260154205
Nifty Midcap 50 TRI,2023-09-14,12921.627162184039
Nifty Midcap 50 TRI,2023-09-15,12981.183944505277
Nifty Midcap 50 TRI,2023-09-18,12937.06468687373
Nifty Midcap 50 TRI,2023-09-20,12936.80702261248
Nifty Midcap 50 TRI,2023-09-21,12834.249319286793
Nifty Midcap 50 TRI,2023-09-22,12826.084459403375
Nifty Midcap 50 TRI,2023-09-25,12945.033602598525
Nifty Midcap 50 TRI,2023-09-26,12894.074596547081
Nifty Midcap 50 TRI,2023-09-27,13006.319798196471
Nifty Midcap 50 TRI,2023-09-28,12781.938582324825
Nifty Midcap 50 TRI,2023-09-29,12958.579833293215
Nifty Midcap 50 TRI,2023-10-03,12955.330306280013
Nifty Midcap 50 TRI,2023-10-04,12778.518358638945
Nifty Midcap 50 TRI,2023-10-05,12784.412636960853
Nifty Midcap 50 TRI,2023-10-06,12884.959869824585
Nifty Midcap 50 TRI,2023-10-09,12742.969727222937
Nifty Midcap 50 TRI,2023-10-10,12913.852633735914
Nifty Midcap 50 TRI,2023-10-11,12957.817356560654
Nifty Midcap 50 TRI,2023-10-12,13001.393940747104
Nifty Midcap 50 TRI,2023-10-13,12979.83223449129
Nifty Midcap 50 TRI,2023-10-16,13005.573182250359
Nifty Midcap 50 TRI,2023-10-17,13032.40887931671
Nifty Midcap 50 TRI,2023-10-18,12887.692401647142
Nifty Midcap 50 TRI,2023-10-19,12882.537035860965
Nifty Midcap 50 TRI,2023-10-20,12669.141607780331
Nifty Midcap 50 TRI,2023-10-23,12439.930664879961
Nifty Midcap 50 TRI,2023-10-25,12358.12800595306
Nifty Midcap 50 TRI,2023-10-26,12164.62158495499
Nifty Midcap 50 TRI,2023-10-27,12321.378317509068
Nifty Midcap 50 TRI,2023-10-30,12309.999779287693
Nifty Midcap 50 TRI,2023-10-31,12362.515634507989
Nifty Midcap 50 TRI,2023-11-01,12340.704457109425
Nifty Midcap 50 TRI,2023-11-02,12538.200828955743
Nifty Midcap 50 TRI,2023-11-03,12634.287435020044
Nifty Midcap 50 TRI,2023-11-06,12712.851444747168
Nifty Midcap 50 TRI,2023-11-07,12738.018025007277
Nifty Midcap 50 TRI,2023-11-08,12847.750042031523
Nifty Midcap 50 TRI,2023-11-09,12907.831184703482
Nifty Midcap 50 TRI,2023-11-10,12974.283231878037
Nifty Midcap 50 TRI,2023-11-13,13041.881309216817
Nifty Midcap 50 TRI,2023-11-15,13155.9812968161
Nifty Midcap 50 TRI,2023-11-16,13268.481585527137
Nifty Midcap 50 TRI,2023-11-17,13302.439669818541
Nifty Midcap 50 TRI,2023-11-20,13319.453226994281
Nifty Midcap 50 TRI,2023-11-21,13358.611349524472
Nifty Midcap 50 TRI,2023-11-22,13344.803611951325
Nifty Midcap 50 TRI,2023-11-23,13365.748060254482
Nifty Midcap 50 TRI,2023-11-24,13360.376954154235
Nifty Midcap 50 TRI,2023-11-28,13447.019482071824
Nifty Midcap 50 TRI,2023-11-29,13539.221980975683
Nifty Midcap 50 TRI,2023-11-30,13636.569963613625
Nifty Midcap 50 TRI,2023-12-01,13786.568175173055
Nifty Midcap 50 TRI,2023-12-04,13932.841941344435
Nifty Midcap 50 TRI,2023-12-05,13981.920841226929
Nifty Midcap 50 TRI,2023-12-06,14028.488044522206
Nifty Midcap 50 TRI,2023-12-07,14120.275246319809
Nifty Midcap 50 TRI,2023-12-08,14112.796214602156
Nifty Midcap 50 TRI,2023-12-11,14181.473731332388
Nifty Midcap 50 TRI,2023-12-12,14143.416773268673
Nifty Midcap 50 TRI,2023-12-13,14328.466326868433
Nifty Midcap 50 TRI,2023-12-14,14535.830877416773
Nifty Midcap 50 TRI,2023-12-15,14568.22059233263
Nifty Midcap 50 TRI,2023-12-18,14580.195081853046
Nifty Midcap 50 TRI,2023-12-19,14511.839137083252
Nifty Midcap 50 TRI,2023-12-20,14045.159582874869
Nifty Midcap 50 TRI,2023-12-21,14274.58183058084
Nifty Midcap 50 TRI,2023-12-22,14356.959960729218
Nifty Midcap 50 TRI,2023-12-26,14433.748924133706
Nifty Midcap 50 TRI,2023-12-27,14479.847513946132
Nifty Midcap 50 TRI,2023-12-28,14614.138858245276
Nifty Midcap 50 TRI,2023-12-29,14702.52290026272
Nifty Midcap 50 TRI,2024-01-02,14763.698291534918
Nifty Midcap 50 TRI,2024-01-03,14795.10241872198
Nifty Midcap 50 TRI,2024-01-04,15051.750266015992
Nifty Midcap 50 TRI,2024-01-05,15059.222704035168
Nifty Midcap 50 TRI,2024-01-08,14869.581284247799
Nifty Midcap 50 TRI,2024-01-09,14827.43187610307
Nifty Midcap 50 TRI,2024-01-10,14808.5516574902
Nifty Midcap 50 TRI,2024-01-11,14848.970584570245
Nifty Midcap 50 TRI,2024-01-12,14941.249871693133
Nifty Midcap 50 TRI,2024-01-15,15080.820587980912
Nifty Midcap 50 TRI,2024-01-16,15006.55394197605
Nifty Midcap 50 TRI,2024-01-17,14812.326267861123
Nifty Midcap 50 TRI,2024-01-18,14874.852132607277
Nifty Midcap 50 TRI,2024-01-19,15081.909180123877
Nifty Midcap 50 TRI,2024-01-23,14604.212517767824
Nifty Midcap 50 TRI,2024-01-24,14948.335234234351
Nifty Midcap 50 TRI,2024-01-25,14818.64681803899
Nifty Midcap 50 TRI,2024-01-29,15160.157096403713
Nifty Midcap 50 TRI,2024-01-30,15085.027232206674
Nifty Midcap 50 TRI,2024-01-31,15246.870424244047
Nifty Midcap 50 TRI,2024-02-01,15145.09687830034
Nifty Midcap 50 TRI,2024-02-02,15289.150822393874
Nifty Midcap 50 TRI,2024-02-05,15337.687890423997
Nifty Midcap 50 TRI,2024-02-06,15520.385569580985
Nifty Midcap 50 TRI,2024-02-07,15596.785809120165
Nifty Midcap 50 TRI,2024-02-08,15617.097384058943
Nifty Midcap 50 TRI,2024-02-09,15496.895585973381
Nifty Midcap 50 TRI,2024-02-12,15205.114708364228
Nifty Midcap 50 TRI,2024-02-13,15271.72164165378
Nifty Midcap 50 TRI,2024-02-14,15426.513602798195
Nifty Midcap 50 TRI,2024-02-15,15581.482651542097
Nifty Midcap 50 TRI,2024-02-16,15717.420965939991
Nifty Midcap 50 TRI,2024-02-20,15661.341759694125
Nifty Midcap 50 TRI,2024-02-21,15470.82604075138
Nifty Midcap 50 TRI,2024-02-22,15637.41430882306
Nifty Midcap 50 TRI,2024-02-23,15750.080876472626
Nifty Midcap 50 TRI,2024-02-26,15656.814760484678
Nifty Midcap 50 TRI,2024-02-27,15605.728203294559
Nifty Midcap 50 TRI,2024-02-28,15254.714412805975
Nifty Midcap 50 TRI,2024-02-29,15398.025001605403
Nifty Midcap 50 TRI,2024-03-01,15568.95652139677
Nifty Midcap 50 TRI,2024-03-04,15747.839035880432
Nifty Midcap 50 TRI,2024-03-05,15672.378653964714
Nifty Midcap 50 TRI,2024-03-06,15590.696784659045
Nifty Midcap 50 TRI,2024-03-07,15627.604504008837
Nifty Midcap 50 TRI,2024-03-11,15548.462217467188
Nifty Midcap 50 TRI,2024-03-12,15372.808610881053
Nifty Midcap 50 TRI,2024-03-13,14779.013139681456
Nifty Midcap 50 TRI,2024-03-14,15023.830483201313
Nifty Midcap 50 TRI,2024-03-15,14955.113184983466
Nifty Midcap 50 TRI,2024-03-18,14794.386925161301
Nifty Midcap 50 TRI,2024-03-19,14549.032703552493
Nifty Midcap 50 TRI,2024-03-20,14541.824578662658
Nifty Midcap 50 TRI,2024-03-21,14912.316152699133
Nifty Midcap 50 TRI,2024-03-22,14940.197363963276
Nifty Midcap 50 TRI,2024-03-26,15103.241793951018
Nifty Midcap 50 TRI,2024-03-27,15087.863346367585
Nifty Midcap 50 TRI,2024-03-28,15162.721750324958
Nifty Midcap 50 TRI,2024-04-01,15440.105528646536
Nifty Midcap 50 TRI,2024-04-02,15608.649534809789
Nifty Midcap 50 TRI,2024-04-03,15646.309971089437
Nifty Midcap 50 TRI,2024-04-04,15630.21365953405
Nifty Midcap 50 TRI,2024-04-05,15672.304255243558
Nifty Midcap 50 TRI,2024-04-08,15649.630726076992
Nifty Midcap 50 TRI,2024-04-09,15632.634563176181
Nifty Midcap 50 TRI,2024-04-10,15808.337346549853
Nifty Midcap 50 TRI,2024-04-12,15754.333027264924
Nifty Midcap 50 TRI,2024-04-15,15522.453442571097
Nifty Midcap 50 TRI,2024-04-16,15437.825743790543
Nifty Midcap 50 TRI,2024-04-18,15350.597985075792
Nifty Midcap 50 TRI,2024-04-19,15248.23923892771
Nifty Midcap 50 TRI,2024-04-22,15345.598924889819
Nifty Midcap 50 TRI,2024-04-23,15457.470727500473
Nifty Midcap 50 TRI,2024-04-24,15593.744037995406
Nifty Midcap 50 TRI,2024-04-25,15664.290829398016
Nifty Midcap 50 TRI,2024-04-26,15798.053011828031
Nifty Midcap 50 TRI,2024-04-29,15877.520176469452
Nifty Midcap 50 TRI,2024-04-30,15887.838887877624
Nifty Midcap 50 TRI,2024-05-02,15980.27893735184
Nifty Midcap 50 TRI,2024-05-03,15919.74903411539
Nifty Midcap 50 TRI,2024-05-06,15885.745207919435
Nifty Midcap 50 TRI,2024-05-07,15568.310095503322
Nifty Midcap 50 TRI,2024-05-08,15720.96011980626
Nifty Midcap 50 TRI,2024-05-09,15435.485782345893
Nifty Midcap 50 TRI,2024-05-10,15608.955630157127
Nifty Midcap 50 TRI,2024-05-13,15783.93709009673
Nifty Midcap 50 TRI,2024-05-14,15894.698944910308
Nifty Midcap 50 TRI,2024-05-15,16006.64330826122
Nifty Midcap 50 TRI,2024-05-16,16157.81928647302
Nifty Midcap 50 TRI,2024-05-17,16290.988239851611
Nifty Midcap 50 TRI,2024-05-21,16404.045886616736
Nifty Midcap 50 TRI,2024-05-22,16409.05000945829
Nifty Midcap 50 TRI,2024-05-23,16475.5126180568
Nifty Midcap 50 TRI,2024-05-24,16459.30351082021
Nifty Midcap 50 TRI,2024-05-27,16596.463084301322
Nifty Midcap 50 TRI,2024-05-28,16463.21980398839
Nifty Midcap 50 TRI,2024-05-29,16433.423388737217
Nifty Midcap 50 TRI,2024-05-30,16156.576056954122
Nifty Midcap 50 TRI,2024-05-31,16216.02840356094
Nifty Midcap 50 TRI,2024-06-03,16751.734347764883
Nifty Midcap 50 TRI,2024-06-04,15452.743817255157
Nifty Midcap 50 TRI,2024-06-05,16232.501732927294
Nifty Midcap 50 TRI,2024-06-06,16533.7227741021
Nifty Midcap 50 TRI,2024-06-07,16790.322585265716
Nifty Midcap 50 TRI,2024-06-10,16741.69657635313
Nifty Midcap 50 TRI,2024-06-11,16881.250918895857
Nifty Midcap 50 TRI,2024-06-12,17119.191359786284
Nifty Midcap 50 TRI,2024-06-13,17271.17054567823
Nifty Midcap 50 TRI,2024-06-14,17434.726098731557
Nifty Midcap 50 TRI,2024-06-18,17512.760011423212
Nifty Midcap 50 TRI,2024-06-19,17346.27527936327
Nifty Midcap 50 TRI,2024-06-20,17541.757077028276
Nifty Midcap 50 TRI,2024-06-21,17550.275396778656
Nifty Midcap 50 TRI,2024-06-24,17645.763614738513
Nifty Midcap 50 TRI,2024-06-25,17592.496404978556
Nifty Midcap 50 TRI,2024-06-26,17520.578975079217
Nifty Midcap 50 TRI,2024-06-27,17573.081128755504
Nifty Midcap 50 TRI,2024-06-28,17651.427371554888
Nifty Midcap 50 TRI,2024-07-01,17797.949060566476
Nifty Midcap 50 TRI,2024-07-02,17653.496307957805
Nifty Midcap 50 TRI,2024-07-03,17823.429204636595
Nifty Midcap 50 TRI,2024-07-04,17951.682999790264
Nifty Midcap 50 TRI,2024-07-05,18088.42671465991
Nifty Midcap 50 TRI,2024-07-08,17967.94164008374
Nifty Midcap 50 TRI,2024-07-09,18011.648707340915
Nifty Midcap 50 TRI,2024-07-10,17922.521268814427
Nifty Midcap 50 TRI,2024-07-11,17943.640295160993
Nifty Midcap 50 TRI,2024-07-12,17931.43678530553
Nifty Midcap 50 TRI,2024-07-15,18082.86179495702
Nifty Midcap 50 TRI,2024-07-16,18101.45720920371
Nifty Midcap 50 TRI,2024-07-18,17987.861439819735
Nifty Midcap 50 TRI,2024-07-19,17531.534966403367
Nifty Midcap 50 TRI,2024-07-22,17837.13399473354
Nifty Midcap 50 TRI,2024-07-23,17811.097191561268
Nifty Midcap 50 TRI,2024-07-24,17966.2265605103
Nifty Midcap 50 TRI,2024-07-25,17919.111005272665
Nifty Midcap 50 TRI,2024-07-26,18321.42065958729
Nifty Midcap 50 TRI,2024-07-29,18502.216163445137
Nifty Midcap 50 TRI,2024-07-30,18604.595438654476
Nifty Midcap 50 TRI,2024-07-31,18734.47058989078
Nifty Midcap 50 TRI,2024-08-01,18559.85443169223
Nifty Midcap 50 TRI,2024-08-02,18294.038477055263
Nifty Midcap 50 TRI,2024-08-05,17695.777421823965
Nifty Midcap 50 TRI,2024-08-06,17604.784015241123
Nifty Midcap 50 TRI,2024-08-07,18080.977576999077
Nifty Midcap 50 TRI,2024-08-08,18053.192311624687
Nifty Midcap 50 TRI,2024-08-09,18193.03636702025
Nifty Midcap 50 TRI,2024-08-12,18217.095186592538
Nifty Midcap 50 TRI,2024-08-13,18058.499815244828
Nifty Midcap 50 TRI,2024-08-14,17910.020886294118
Nifty Midcap 50 TRI,2024-08-16,18274.56274618834
Nifty Midcap 50 TRI,2024-08-19,18291.43147045951
Nifty Midcap 50 TRI,2024-08-20,18443.63640638811
Nifty Midcap 50 TRI,2024-08-21,18499.663591716628
Nifty Midcap 50 TRI,2024-08-22,18647.494187249205
Nifty Midcap 50 TRI,2024-08-23,18521.665746533046
Nifty Midcap 50 TRI,2024-08-26,18629.80353933143
Nifty Midcap 50 TRI,2024-08-27,18656.139029406033
Nifty Midcap 50 TRI,2024-08-28,18662.446731131935
Nifty Midcap 50 TRI,2024-08-29,18582.452246811998
Nifty Midcap 50 TRI,2024-08-30,18700.0467499147
Nifty Midcap 50 TRI,2024-09-02,18667.6062992977
Nifty Midcap 50 TRI,2024-09-03,18738.79171307909
Nifty Midcap 50 TRI,2024-09-04,18712.635891471804
Nifty Midcap 50 TRI,2024-09-05,18799.977129092294
Nifty Midcap 50 TRI,2024-09-06,18472.712453046803
Nifty Midcap 50 TRI,2024-09-09,18378.348586353517
Nifty Midcap 50 TRI,2024-09-10,18642.1181785037
Nifty Midcap 50 TRI,2024-09-11,18623.44086640961
Nifty Midcap 50 TRI,2024-09-12,18865.11323991566
Nifty Midcap 50 TRI,2024-09-13,18998.23000154597
Nifty Midcap 50 TRI,2024-09-16,19013.079438072065
Nifty Midcap 50 TRI,2024-09-17,19003.47142652751
Nifty Midcap 50 TRI,2024-09-18,18786.384669869116
Nifty Midcap 50 TRI,2024-09-19,18670.665214999208
Nifty Midcap 50 TRI,2024-09-20,18877.032883213607
Nifty Midcap 50 TRI,2024-09-23,19051.643144834852
Nifty Midcap 50 TRI,2024-09-24,19129.85427671102
Nifty Midcap 50 TRI,2024-09-25,19043.23157405059
Nifty Midcap 50 TRI,2024-09-26,19082.32071013414
Nifty Midcap 50 TRI,2024-09-27,19128.50428062127
Nifty Midcap 50 TRI,2024-09-30,19012.178389990488
Nifty Midcap 50 TRI,2024-10-01,19090.010402555752
Nifty Midcap 50 TRI,2024-10-03,18653.595836706718
Nifty Midcap 50 TRI,2024-10-04,18455.729879726532
Nifty Midcap 50 TRI,2024-10-07,18170.50607561747
Nifty Midcap 50 TRI,2024-10-08,18480.91183923326
Nifty Midcap 50 TRI,2024-10-09,18640.0096072067
Nifty Midcap 50 TRI,2024-10-10,18565.169686657675
Nifty Midcap 50 TRI,2024-10-11,18609.048485251915
Nifty Midcap 50 TRI,2024-10-14,18719.17805563149
Nifty Midcap 50 TRI,2024-10-15,18766.387202396458
Nifty Midcap 50 TRI,2024-10-16,18766.961969139673
Nifty Midcap 50 TRI,2024-10-17,18474.683927700913
Nifty Midcap 50 TRI,2024-10-18,18544.31005387302
Nifty Midcap 50 TRI,2024-10-21,18179.05682793697
Nifty Midcap 50 TRI,2024-10-22,17733.66803269382
Nifty Midcap 50 TRI,2024-10-23,17760.581112388954
Nifty Midcap 50 TRI,2024-10-24,17641.017535492818
Nifty Midcap 50 TRI,2024-10-25,17374.51536977681
Nifty Midcap 50 TRI,2024-10-28,17516.70927258946
Nifty Midcap 50 TRI,2024-10-29,17666.78998054354
Nifty Midcap 50 TRI,2024-10-30,17633.471902638776
Nifty Midcap 50 TRI,2024-10-31,17512.306434324768
Nifty Midcap 50 TRI,2024-11-01,17636.365371728167
Nifty Midcap 50 TRI,2024-11-04,17477.50884863427
Nifty Midcap 50 TRI,2024-11-05,17573.232427861276
Nifty Midcap 50 TRI,2024-11-06,17986.919919672044
Nifty Midcap 50 TRI,2024-11-07,17872.61735736929
Nifty Midcap 50 TRI,2024-11-08,17647.96116497056
Nifty Midcap 50 TRI,2024-11-11,17505.30974924862
Nifty Midcap 50 TRI,2024-11-12,17294.036416740648
Nifty Midcap 50 TRI,2024-11-13,16871.832998310852
Nifty Midcap 50 TRI,2024-11-14,16964.236904813493
Nifty Midcap 50 TRI,2024-11-18,17000.909588555867
Nifty Midcap 50 TRI,2024-11-19,17120.66915178136
Nifty Midcap 50 TRI,2024-11-21,17101.833547570917
Nifty Midcap 50 TRI,2024-11-22,17312.147950970448
Nifty Midcap 50 TRI,2024-11-25,17595.72585598035
Nifty Midcap 50 TRI,2024-11-26,17631.45321977229
Nifty Midcap 50 TRI,2024-11-27,17739.073902410495
Nifty Midcap 50 TRI,2024-11-28,17662.202872363014
Nifty Midcap 50 TRI,2024-11-29,17703.122770895316
Nifty Midcap 50 TRI,2024-12-02,17959.089872095366
Nifty Midcap 50 TRI,2024-12-03,18108.57752433376
Nifty Midcap 50 TRI,2024-12-04,18291.005930390143
Nifty Midcap 50 TRI,2024-12-05,18352.249684280632
Nifty Midcap 50 TRI,2024-12-06,18410.56311988784
Nifty Midcap 50 TRI,2024-12-09,18510.338272345623
Nifty Midcap 50 TRI,2024-12-10,18594.437945169087
Nifty Midcap 50 TRI,2024-12-11,18655.019479831903
Nifty Midcap 50 TRI,2024-12-12,18573.01279227703
Nifty Midcap 50 TRI,2024-12-13,18564.895005813472
Nifty Midcap 50 TRI,2024-12-16,18697.86851011089
Nifty Midcap 50 TRI,2024-12-17,18604.852349179582
Nifty Midcap 50 TRI,2024-12-18,18482.663946989032
Nifty Midcap 50 TRI,2024-12-19,18416.999255928768
Nifty Midcap 50 TRI,2024-12-20,17919.12358473716
Nifty Midcap 50 TRI,2024-12-23,18004.114604024875
Nifty Midcap 50 TRI,2024-12-24,17972.45189493444
Nifty Midcap 50 TRI,2024-12-26,18014.129240506518
Nifty Midcap 50 TRI,2024-12-27,17965.42414402065
Nifty Midcap 50 TRI,2024-12-30,18091.96435363902
Nifty Midcap 50 TRI,2024-12-31,18028.922463276347
Nifty Midcap 50 TRI,2025-01-02,18332.127286012565
Nifty Midcap 50 TRI,2025-01-03,18264.45821084749
Nifty Midcap 50 TRI,2025-01-06,17776.693205304673
Nifty Midcap 50 TRI,2025-01-07,17912.306490766256
Nifty Midcap 50 TRI,2025-01-08,17714.23697667858
Nifty Midcap 50 TRI,2025-01-09,17582.083890167432
Nifty Midcap 50 TRI,2025-01-10,17234.471980688988
Nifty Midcap 50 TRI,2025-01-13,16539.88383110426
Nifty Midcap 50 TRI,2025-01-14,16901.576711590078
Nifty Midcap 50 TRI,2025-01-15,16979.106318397033
Nifty Midcap 50 TRI,2025-01-16,17084.639523072743
Nifty Midcap 50 TRI,2025-01-17,17094.261272059593
Nifty Midcap 50 TRI,2025-01-20,17274.834222614205
Nifty Midcap 50 TRI,2025-01-21,16896.46218796861
Nifty Midcap 50 TRI,2025-01-22,16684.29650399189
Nifty Midcap 50 TRI,2025-01-23,16948.334460960494
Nifty Midcap 50 TRI,2025-01-24,16744.120959437103
Nifty Midcap 50 TRI,2025-01-27,16293.656504731052
Nifty Midcap 50 TRI,2025-01-28,16197.322884216064
Nifty Midcap 50 TRI,2025-01-29,16570.264845346563
Nifty Midcap 50 TRI,2025-01-30,16573.833609053818
Nifty Midcap 50 TRI,2025-01-31,16883.77758143886
Nifty Midcap 50 TRI,2025-02-03,16749.923233521324
Nifty Midcap 50 TRI,2025-02-04,17023.133507128507
Nifty Midcap 50 TRI,2025-02-05,17120.64317022589
Nifty Midcap 50 TRI,2025-02-06,16901.852946445913
Nifty Midcap 50 TRI,2025-02-07,16956.717602459557
Nifty Midcap 50 TRI,2025-02-10,16575.087005121706
Nifty Midcap 50 TRI,2025-02-11,16103.689269917084
Nifty Midcap 50 TRI,2025-02-12,16064.427861703149
Nifty Midcap 50 TRI,2025-02-13,16108.377565538616
Nifty Midcap 50 TRI,2025-02-14,15736.25065954712
Nifty Midcap 50 TRI,2025-02-17,15815.94127672666
Nifty Midcap 50 TRI,2025-02-18,15816.21669559898
Nifty Midcap 50 TRI,2025-02-19,16004.187966347241
Nifty Midcap 50 TRI,2025-02-20,16185.726958129848
Nifty Midcap 50 TRI,2025-02-21,15982.089141297212
Nifty Midcap 50 TRI,2025-02-24,15847.137526032804
Nifty Midcap 50 TRI,2025-02-25,15757.281346608144
Nifty Midcap 50 TRI,2025-02-27,15624.968485001033
Nifty Midcap 50 TRI,2025-02-28,15304.016433029987
Nifty Midcap 50 TRI,2025-03-03,15376.01493508347
Nifty Midcap 50 TRI,2025-03-04,15367.010185004061
Nifty Midcap 50 TRI,2025-03-05,15754.156670054701
Nifty Midcap 50 TRI,2025-03-06,15807.108390126477
Nifty Midcap 50 TRI,2025-03-07,15738.424173505779
Nifty Midcap 50 TRI,2025-03-10,15497.985501362487
Nifty Midcap 50 TRI,2025-03-11,15642.34387849439
Nifty Midcap 50 TRI,2025-03-12,15538.599587649844
Nifty Midcap 50 TRI,2025-03-13,15413.7060952348
Nifty Midcap 50 TRI,2025-03-17,15550.34210869776
Nifty Midcap 50 TRI,2025-03-18,15877.459345404655
Nifty Midcap 50 TRI,2025-03-19,16271.87499707055
Nifty Midcap 50 TRI,2025-03-20,16374.048315036378
Nifty Midcap 50 TRI,2025-03-21,16544.53052073405
Nifty Midcap 50 TRI,2025-03-24,16771.538595122478
Nifty Midcap 50 TRI,2025-03-25,16579.008223233308
Nifty Midcap 50 TRI,2025-03-26,16475.193709931173
Nifty Midcap 50 TRI,2025-03-27,16503.477897990124
Nifty Midcap 50 TRI,2025-03-28,16469.837596009853
Nifty Midcap 50 TRI,2025-04-01,16313.205538323933
Nifty Midcap 50 TRI,2025-04-02,16589.897561065463
Nifty Midcap 50 TRI,2025-04-03,16583.460909460617
Nifty Midcap 50 TRI,2025-04-04,16107.445488725698
Nifty Midcap 50 TRI,2025-04-07,15563.162886509892
Nifty Midcap 50 TRI,2025-04-08,15911.605282765478
Nifty Midcap 50 TRI,2025-04-09,15875.055643326275
Nifty Midcap 50 TRI,2025-04-11,16143.193339485553
Nifty Midcap 50 TRI,2025-04-15,16589.47476755445
Nifty Midcap 50 TRI,2025-04-16,16675.881281480055
Nifty Midcap 50 TRI,2025-04-17,16780.793258011367
Nifty Midcap 50 TRI,2025-04-21,17192.85569153788
Nifty Midcap 50 TRI,2025-04-22,17374.695104711525
Nifty Midcap 50 TRI,2025-04-23,17587.837242471836
Nifty Midcap 50 TRI,2025-04-24,17558.44521657297
Nifty Midcap 50 TRI,2025-04-25,17132.97115214163
Nifty Midcap 50 TRI,2025-04-28,17436.96060467085
Nifty Midcap 50 TRI,2025-04-29,17479.66564240341
Nifty Midcap 50 TRI,2025-04-30,17334.976699743976
Nifty Midcap 50 TRI,2025-05-02,17179.891793095194
Nifty Midcap 50 TRI,2025-05-05,17489.711062558767
Nifty Midcap 50 TRI,2025-05-06,17118.57531018677
Nifty Midcap 50 TRI,2025-05-07,17443.584659642293
Nifty Midcap 50 TRI,2025-05-08,17094.67629868652
Nifty Midcap 50 TRI,2025-05-09,17093.623989474534
Nifty Midcap 50 TRI,2025-05-12,17803.24646880004
Nifty Midcap 50 TRI,2025-05-13,17810.53352790447
Nifty Midcap 50 TRI,2025-05-14,17946.172440316306
Nifty Midcap 50 TRI,2025-05-15,18040.8831791615
Nifty Midcap 50 TRI,2025-05-16,18167.929636382698
Nifty Midcap 50 TRI,2025-05-19,18169.775422776776
Nifty Midcap 50 TRI,2025-05-20,17891.055614454704
Nifty Midcap 50 TRI,2025-05-21,17993.87701732012
Nifty Midcap 50 TRI,2025-05-22,17848.499657988476
Nifty Midcap 50 TRI,2025-05-23,17987.964230068752
Nifty Midcap 50 TRI,2025-05-26,18089.47416173476
Nifty Midcap 50 TRI,2025-05-27,18093.42887406273
Nifty Midcap 50 TRI,2025-05-28,18044.315360857414
Nifty Midcap 50 TRI,2025-05-29,18171.231924546446
Nifty Midcap 50 TRI,2025-05-30,18123.477464001735
Nifty Midcap 50 TRI,2025-06-02,18255.60118817775
Nifty Midcap 50 TRI,2025-06-03,18186.035620299288
Nifty Midcap 50 TRI,2025-06-04,18348.322043123888
Nifty Midcap 50 TRI,2025-06-05,18463.484536735636
Nifty Midcap 50 TRI,2025-06-06,18773.18612014096
Nifty Midcap 50 TRI,2025-06-09,18984.92317919666
Nifty Midcap 50 TRI,2025-06-10,18978.477420445593
Nifty Midcap 50 TRI,2025-06-11,18904.326894320147
Nifty Midcap 50 TRI,2025-06-12,18626.884001072733
Nifty Midcap 50 TRI,2025-06-13,18575.04403452947
Nifty Midcap 50 TRI,2025-06-16,18750.706288820646
Nifty Midcap 50 TRI,2025-06-17,18639.76463913074
Nifty Midcap 50 TRI,2025-06-18,18550.065133320848
Nifty Midcap 50 TRI,2025-06-19,18249.21923576178
Nifty Midcap 50 TRI,2025-06-20,18538.96186446043
Nifty Midcap 50 TRI,2025-06-23,18612.35863579559
Nifty Midcap 50 TRI,2025-06-24,18767.7624225373
Nifty Midcap 50 TRI,2025-06-25,18855.220309220393
Nifty Midcap 50 TRI,2025-06-26,18981.28059266615
Nifty Midcap 50 TRI,2025-06-27,18999.76826526334
Nifty Midcap 50 TRI,2025-06-30,19097.81078925685
Nifty Midcap 50 TRI,2025-07-01,19104.346257442394
Nifty Midcap 50 TRI,2025-07-02,19091.9454920478
Nifty Midcap 50 TRI,2025-07-03,19115.77065477995
Nifty Midcap 50 TRI,2025-07-04,19093.960590894396
Nifty Midcap 50 TRI,2025-07-07,19061.35024322703
Nifty Midcap 50 TRI,2025-07-08,19022.074471872762
Nifty Midcap 50 TRI,2025-07-09,18996.518811665268
Nifty Midcap 50 TRI,2025-07-10,18909.104842096884
Nifty Midcap 50 TRI,2025-07-11,18690.99734945816
Nifty Midcap 50 TRI,2025-07-14,18848.191305345917
Nifty Midcap 50 TRI,2025-07-15,19034.074790684022
Nifty Midcap 50 TRI,2025-07-16,19025.97835457283
Nifty Midcap 50 TRI,2025-07-17,18993.78125151115
Nifty Midcap 50 TRI,2025-07-18,18878.50772669264
Nifty Midcap 50 TRI,2025-07-21,19001.48683048516
Nifty Midcap 50 TRI,2025-07-22,18852.85418845651
Nifty Midcap 50 TRI,2025-07-23,18936.12032468547
Nifty Midcap 50 TRI,2025-07-24,18792.184438627017
Nifty Midcap 50 TRI,2025-07-25,18529.13558643803
Nifty Midcap 50 TRI,2025-07-28,18439.631349826075
Nifty Midcap 50 TRI,2025-07-29,18589.49277823444
Nifty Midcap 50 TRI,2025-07-30,18569.073704898066
Nifty Midcap 50 TRI,2025-07-31,18393.33858326594
Nifty Midcap 50 TRI,2025-08-01,18110.947392930924
Nifty Midcap 50 TRI,2025-08-04,18355.771551846523
Nifty Midcap 50 TRI,2025-08-05,18250.414925667283
Nifty Midcap 50 TRI,2025-08-06,18104.658728612278
Nifty Midcap 50 TRI,2025-08-07,18194.063776544048
Nifty Midcap 50 TRI,2025-08-08,17912.583213412676
Nifty Midcap 50 TRI,2025-08-11,18068.975824509685
Nifty Midcap 50 TRI,2025-08-12,17994.2915550404
Nifty Midcap 50 TRI,2025-08-13,18154.240300485682
Nifty Midcap 50 TRI,2025-08-14,18074.73218155979
Nifty Midcap 50 TRI,2025-08-18,18315.76787410437
Nifty Midcap 50 TRI,2025-08-19,18500.548345044863
Nifty Midcap 50 TRI,2025-08-20,18606.564254351943
Nifty Midcap 50 TRI,2025-08-21,18521.036563334113
Nifty Midcap 50 TRI,2025-08-22,18510.423363050963
Nifty Midcap 50 TRI,2025-08-25,18541.131600765428
Nifty Midcap 50 TRI,2025-08-26,18187.05020649728
Nifty Midcap 50 TRI,2025-08-28,17957.41917787148
Nifty Midcap 50 TRI,2025-08-29,17841.375608362607
Nifty Midcap 50 TRI,2025-09-01,18204.65720085462
Nifty Midcap 50 TRI,2025-09-02,18245.242177609984
Nifty Midcap 50 TRI,2025-09-03,18344.815705203266
Nifty Midcap 50 TRI,2025-09-04,18246.363538683996
Nifty Midcap 50 TRI,2025-09-05,18272.701917052407
Nifty Midcap 50 TRI,2025-09-08,18355.184786931426
Nifty Midcap 50 TRI,2025-09-09,18406.398075129702
Nifty Midcap 50 TRI,2025-09-10,18581.3443496049
Nifty Midcap 50 TRI,2025-09-11,18599.175980950717
Nifty Midcap 50 TRI,2025-09-12,18659.88289010766
Nifty Midcap 50 TRI,2025-09-15,18748.71276670945
Nifty Midcap 50 TRI,2025-09-16,18855.257259412225
Nifty Midcap 50 TRI,2025-09-17,18852.824691036956
Nifty Midcap 50 TRI,2025-09-18,18922.57608016333
Nifty Midcap 50 TRI,2025-09-19,18894.642471775234
Nifty Midcap 50 TRI,2025-09-22,18756.929046103454
Nifty Midcap 50 TRI,2025-09-23,18732.851510289805
Nifty Midcap 50 TRI,2025-09-24,18533.2528939553
Nifty Midcap 50 TRI,2025-09-25,18410.556129264263
Nifty Midcap 50 TRI,2025-09-26,18066.71081241199
Nifty Midcap 50 TRI,2025-09-29,18120.645807877765
Nifty Midcap 50 TRI,2025-09-30,18117.4553098471
Nifty Midcap 50 TRI,2025-10-01,18275.439606766573
Nifty Midcap 50 TRI,2025-10-03,18407.91977498448
Nifty Midcap 50 TRI,2025-10-06,18639.78984606624
Nifty Midcap 50 TRI,2025-10-07,18721.274256659126
Nifty Midcap 50 TRI,2025-10-08,18584.110909261206
Nifty Midcap 50 TRI,2025-10-09,18777.19831193806
Nifty Midcap 50 TRI,2025-10-10,18883.069029726466
Nifty Midcap 50 TRI,2025-10-13,18928.501211390332
Nifty Midcap 50 TRI,2025-10-14,18754.32519406614
Nifty Midcap 50 TRI,2025-10-15,18956.99331633043
Nifty Midcap 50 TRI,2025-10-16,19057.995415735728
Nifty Midcap 50 TRI,2025-10-17,18947.238035069822
Nifty Midcap 50 TRI,2025-10-20,19112.157200219986
Nifty Midcap 50 TRI,2025-10-21,19114.50220572675
Nifty Midcap 50 TRI,2025-10-23,19098.10289532213
Nifty Midcap 50 TRI,2025-10-24,19027.85787792571
Nifty Midcap 50 TRI,2025-10-27,19229.875870559492
Nifty Midcap 50 TRI,2025-10-28,19250.81357477377
Nifty Midcap 50 TRI,2025-10-29,19368.62609375399
Nifty Midcap 50 TRI,2025-10-30,19389.341683092913
Nifty Midcap 50 TRI,2025-10-31,19337.56925930004
Nifty Midcap 50 TRI,2025-11-03,19486.084407239803
Nifty Midcap 50 TRI,2025-11-04,19387.79754227437
Nifty Midcap 50 TRI,2025-11-06,19255.177402197496
Nifty Midcap 50 TRI,2025-11-07,19368.866649416814
Nifty Midcap 50 TRI,2025-11-10,19445.982163531975
Nifty Midcap 50 TRI,2025-11-11,19559.231800825022
Nifty Midcap 50 TRI,2025-11-12,19722.420050739744
Nifty Midcap 50 TRI,2025-11-13,19656.534367222685
Nifty Midcap 50 TRI,2025-11-14,19677.94428611323
Nifty Midcap 50 TRI,2025-11-17,19844.111594932427
Nifty Midcap 50 TRI,2025-11-18,19723.04789198626
Nifty Midcap 50 TRI,2025-11-19,19768.069695443333
Nifty Midcap 50 TRI,2025-11-20,19768.041349282143
Nifty Midcap 50 TRI,2025-11-21,19572.8472851683
Nifty Midcap 50 TRI,2025-11-24,19447.088359659916
Nifty Midcap 50 TRI,2025-11-25,19557.24564209046
Nifty Midcap 50 TRI,2025-11-26,19825.28141138803
Nifty Midcap 50 TRI,2025-11-27,19857.171569162303
Nifty Midcap 50 TRI,2025-11-28,19825.060657131056
Nifty Midcap 50 TRI,2025-12-01,19826.119603178824
Nifty Midcap 50 TRI,2025-12-02,19780.40458914534
Nifty Midcap 50 TRI,2025-12-03,19591.127737005172
Nifty Midcap 50 TRI,2025-12-04,19633.7154833789
Nifty Midcap 50 TRI,2025-12-05,19782.885006428463
Nifty Midcap 50 TRI,2025-12-08,19445.914512369105
Nifty Midcap 50 TRI,2025-12-09,19474.39009659485
Nifty Midcap 50 TRI,2025-12-10,19256.90272736798
Nifty Midcap 50 TRI,2025-12-11,19452.01190061773
Nifty Midcap 50 TRI,2025-12-12,19664.715781211566
Nifty Midcap 50 TRI,2025-12-15,19650.795416586083
Nifty Midcap 50 TRI,2025-12-16,19482.572447907118
Nifty Midcap 50 TRI,2025-12-17,19360.50177160517
Nifty Midcap 50 TRI,2025-12-18,19457.74259371466
Nifty Midcap 50 TRI,2025-12-19,19656.310244315366
Nifty Midcap 50 TRI,2025-12-22,19808.101135333916
Nifty Midcap 50 TRI,2025-12-23,19798.795854785123
Nifty Midcap 50 TRI,2025-12-24,19638.62472559011
Nifty Midcap 50 TRI,2025-12-26,19565.691909072662
Nifty Midcap 50 TRI,2025-12-29,19468.745151629
Nifty Midcap 50 TRI,2025-12-30,19426.063381997013
Nifty Midcap 50 TRI,2025-12-31,19648.660897045753
Nifty Midcap 50 TRI,2026-01-02,19936.21252428091
Nifty Midcap 50 TRI,2026-01-05,19911.030643090406
Nifty Midcap 50 TRI,2026-01-06,19899.046205166636
Nifty Midcap 50 TRI,2026-01-07,19971.290143145532
Nifty Midcap 50 TRI,2026-01-08,19608.54967422147
Nifty Midcap 50 TRI,2026-01-09,19473.5431454475
Nifty Midcap 50 TRI,2026-01-12,19462.3324873274
Nifty Midcap 50 TRI,2026-01-13,19404.257229713014
Nifty Midcap 50 TRI,2026-01-14,19427.80155541342
Nifty Midcap 50 TRI,2026-01-16,19533.506255846045
Nifty Midcap 50 TRI,2026-01-19,19485.72623201519
Nifty Midcap 50 TRI,2026-01-20,18953.90350074806
Nifty Midcap 50 TRI,2026-01-21,18746.717875766884
Nifty Midcap 50 TRI,2026-01-22,18996.07881276752
Nifty Midcap 50 TRI,2026-01-23,18627.541464838163
Nifty Midcap 50 TRI,2026-01-27,18724.17814897485
Nifty Midcap 50 TRI,2026-01-28,19034.259382487133
Nifty Midcap 50 TRI,2026-01-29,19072.5599967081
Nifty Midcap 50 TRI,2026-01-30,19024.024039711094
Nifty Midcap 50 TRI,2026-02-02,18861.364073629396
Nifty Midcap 50 TRI,2026-02-03,19390.548306792163
Nifty Midcap 50 TRI,2026-02-04,19516.62724770232
Nifty Midcap 50 TRI,2026-02-05,19473.279686536363
Nifty Midcap 50 TRI,2026-02-06,19403.489292440987
Nifty Midcap 50 TRI,2026-02-09,19662.36399521712
Nifty Midcap 50 TRI,2026-02-10,19725.31322653576
Nifty Midcap 50 TRI,2026-02-11,19755.551820790606
Nifty Midcap 50 TRI,2026-02-12,19666.48955214785
Nifty Midcap 50 TRI,2026-02-13,19335.169675012756
Nifty Midcap 50 TRI,2026-02-16,19410.98409300386
Nifty Midcap 50 TRI,2026-02-17,19437.96821268633
Nifty Midcap 50 TRI,2026-02-18,19523.386589352347
Nifty Midcap 50 TRI,2026-02-19,19205.527312627903
Nifty Midcap 50 TRI,2026-02-20,19283.646359226575
Nifty Midcap 50 TRI,2026-02-23,19125.482143769375
Nifty Midcap 50 TRI,2026-02-24,19064.77253992675
Nifty Midcap 50 TRI,2026-02-25,19190.620894197367
Nifty Midcap 50 TRI,2026-02-26,19323.776508320603
Nifty Midcap 50 TRI,2026-02-27,19119.60320448398
Nifty Midcap 50 TRI,2026-03-02,18841.30495070353
Nifty Midcap 50 TRI,2026-03-04,18475.658320329432
Nifty Midcap 50 TRI,2026-03-05,18752.81561411483
Nifty Midcap 50 TRI,2026-03-06,18592.791511457955
Nifty Midcap 50 TRI,2026-03-09,18257.201692425562
Nifty Midcap 50 TRI,2026-03-10,18550.58482285231
Nifty Midcap 50 TRI,2026-03-11,18242.355404759783
Nifty Midcap 50 TRI,2026-03-12,18163.576169601987
Nifty Midcap 50 TRI,2026-03-13,17709.413542351616
Nifty Midcap 50 TRI,2026-03-16,17680.255065366928
Nifty Midcap 50 TRI,2026-03-17,17862.94921459031
Nifty Midcap 50 TRI,2026-03-18,18236.132206328683
Nifty Midcap 50 TRI,2026-03-19,17637.058536872137
Nifty Midcap 50 TRI,2026-03-20,17768.248697594336
Nifty Midcap 50 TRI,2026-03-23,17116.7458535597
Nifty Midcap 50 TRI,2026-03-24,17586.445724634283
Nifty Midcap 50 TRI,2026-03-25,17951.698003813028
Nifty Midcap 50 TRI,2026-03-27,17569.879907392147
Nifty Midcap 50 TRI,2026-03-30,17100.111974255644
Nifty Midcap 50 TRI,2026-04-01,17457.160797344284
Nifty Midcap 50 TRI,2026-04-02,17429.111921835025
Nifty Midcap 50 TRI,2026-04-06,17701.00842292775
Nifty Midcap 50 TRI,2026-04-07,17777.46598249002
Nifty Midcap 50 TRI,2026-04-08,18504.540420483343
Nifty Midcap 50 TRI,2026-04-09,18546.090305385922
Nifty Midcap 50 TRI,2026-04-10,18781.769180684627
Nifty Midcap 50 TRI,2026-04-13,18639.18661456969
Nifty Midcap 50 TRI,2026-04-15,19066.078362891243
Nifty Midcap 50 TRI,2026-04-16,19186.88699961762
Nifty Midcap 50 TRI,2026-04-17,19426.901427383065
Nifty Midcap 50 TRI,2026-04-20,19390.879383213516
Nifty Midcap 50 TRI,2026-04-21,19482.077354850444
Nifty Midcap 50 TRI,2026-04-22,19477.929602908793
Nifty Midcap 50 TRI,2026-04-23,19340.06238758609
Nifty Midcap 50 TRI,2026-04-24,19118.65029105168
Nifty Midcap 50 TRI,2026-04-27,19410.653193475147
Nifty Midcap 50 TRI,2026-04-28,19460.981872091364
Nifty Midcap 50 TRI,2026-04-29,19449.411294769718
Nifty Midcap 50 TRI,2026-04-30,19282.220989810692
Nifty Midcap 50 TRI,2026-05-04,19401.080403748707
Nifty Midcap 50 TRI,2026-05-05,19416.06242324917
Nifty Midcap 50 TRI,2026-05-06,19845.304562198584
Nifty Midcap 50 TRI,2026-05-07,20125.209201169393
Nifty Midcap 50 TRI,2026-05-08,20137.867307488606
Nifty Midcap 50 TRI,2026-05-11,19971.23949187657
Nifty Midcap 50 TRI,2026-05-12,19485.546667790804
Nifty Midcap 50 TRI,2026-05-13,19601.875298015206
Nifty Midcap 50 TRI,2026-05-14,19831.54818557756
Nifty Midcap 50 TRI,2026-05-15,19735.659937967535
Nifty Midcap 50 TRI,2026-05-18,19723.62823784312
Nifty Midcap 50 TRI,2026-05-19,19898.256184088455
Nifty Midcap 50 TRI,2026-05-20,19997.074788528524
Nifty Midcap 50 TRI,2026-05-21,19945.341184383436
Nifty Midcap 50 TRI,2026-05-22,19973.42853596233
Nifty Midcap 50 TRI,2026-05-25,20171.867032915226
Nifty Midcap 50 TRI,2026-05-26,20275.849743209732
Nifty Midcap 50 TRI,2026-05-27,20292.11779476576
Nifty Midcap 50 TRI,2026-05-29,19990.917771833003
Nifty Midcap 50 TRI,2026-06-01,19750.805816719956
Nifty Midcap 50 TRI,2026-06-02,19760.55095096868
Nifty Midcap 50 TRI,2026-06-03,19650.3831545956
Nifty Midcap 50 TRI,2026-06-04,19735.62824988518
Nifty Midcap 50 TRI,2026-06-05,19660.950162956076
Nifty Midcap 50 TRI,2026-06-08,19479.765186577075
Nifty Midcap 50 TRI,2026-06-09,19719.127107762255
Nifty Midcap 50 TRI,2026-06-10,19441.904807874635
Nifty Midcap 50 TRI,2026-06-11,19282.660843001406
Nifty Midcap 50 TRI,2026-06-12,19740.930803160965
Nifty Midcap 50 TRI,2026-06-15,20012.233577704068
Nifty Midcap 50 TRI,2026-06-16,20133.07366637073
Nifty Midcap 50 TRI,2026-06-17,20193.600672518227
Nifty Midcap 50 TRI,2026-06-18,20259.5042687902
Nifty Midcap 50 TRI,2026-06-19,20281.10098058116
Nifty Midcap 50 TRI,2026-06-22,20357.0991511311
Nifty Midcap 50 TRI,2026-06-23,20173.87190434996
Nifty Midcap 50 TRI,2026-06-24,20232.122851658984
Nifty Midcap 50 TRI,2026-06-25,20115.444468652106
Nifty Midcap 50 TRI,2026-06-29,20040.95408771508
Nifty Midcap 50 TRI,2026-06-30,20125.976879170223
