index_name,date,tri
Nifty Auto TRI,2011-07-12,3719.530029296875
Nifty Auto TRI,2011-07-13,3774.3828516009944
Nifty Auto TRI,2011-07-14,3783.856060285004
Nifty Auto TRI,2011-07-15,3783.959143467903
Nifty Auto TRI,2011-07-18,3759.80445049632
Nifty Auto TRI,2011-07-19,3721.2496049517713
Nifty Auto TRI,2011-07-20,3663.448227873879
Nifty Auto TRI,2011-07-21,3650.675001895336
Nifty Auto TRI,2011-07-22,3711.981070200826
Nifty Auto TRI,2011-07-25,3759.991287689023
Nifty Auto TRI,2011-07-26,3680.5633940175812
Nifty Auto TRI,2011-07-27,3675.541697561354
Nifty Auto TRI,2011-07-28,3661.4855143483264
Nifty Auto TRI,2011-07-29,3672.8605039473537
Nifty Auto TRI,2011-08-01,3673.160690153904
Nifty Auto TRI,2011-08-02,3700.2163599211804
Nifty Auto TRI,2011-08-03,3682.4864127572464
Nifty Auto TRI,2011-08-04,3627.912350584058
Nifty Auto TRI,2011-08-05,3561.8881329472692
Nifty Auto TRI,2011-08-08,3487.9444903434196
Nifty Auto TRI,2011-08-09,3477.8918818958196
Nifty Auto TRI,2011-08-10,3477.9866297295785
Nifty Auto TRI,2011-08-11,3611.0200614292694
Nifty Auto TRI,2011-08-12,3611.1184360596776
Nifty Auto TRI,2011-08-16,3557.310158747009
Nifty Auto TRI,2011-08-17,3509.5303049807617
Nifty Auto TRI,2011-08-18,3458.824734302644
Nifty Auto TRI,2011-08-19,3427.536394115049
Nifty Auto TRI,2011-08-22,3427.81652976051
Nifty Auto TRI,2011-08-23,3473.6321200580455
Nifty Auto TRI,2011-08-24,3484.03887351137
Nifty Auto TRI,2011-08-25,3407.4119969081166
Nifty Auto TRI,2011-08-26,3398.8039791709734
Nifty Auto TRI,2011-08-29,3370.925098692064
Nifty Auto TRI,2011-08-30,3473.934252720516
Nifty Auto TRI,2011-09-02,3518.1602680960273
Nifty Auto TRI,2011-09-05,3633.5503196944755
Nifty Auto TRI,2011-09-06,3684.2462143434254
Nifty Auto TRI,2011-09-07,3690.9268623084777
Nifty Auto TRI,2011-09-08,3700.4123481273878
Nifty Auto TRI,2011-09-09,3700.513158062229
Nifty Auto TRI,2011-09-12,3668.6211358972278
Nifty Auto TRI,2011-09-13,3581.882226479196
Nifty Auto TRI,2011-09-14,3557.0763179529986
Nifty Auto TRI,2011-09-15,3659.845104158737
Nifty Auto TRI,2011-09-16,3692.57324657342
Nifty Auto TRI,2011-09-19,3703.5552572730544
Nifty Auto TRI,2011-09-20,3753.40082670446
Nifty Auto TRI,2011-09-21,3718.5055210384285
Nifty Auto TRI,2011-09-22,3581.538183693629
Nifty Auto TRI,2011-09-23,3522.2678071948612
Nifty Auto TRI,2011-09-26,3484.998024731356
Nifty Auto TRI,2011-09-27,3582.95795195115
Nifty Auto TRI,2011-09-28,3543.281193196019
Nifty Auto TRI,2011-09-29,3612.9672705677676
Nifty Auto TRI,2011-09-30,3557.364601384884
Nifty Auto TRI,2011-10-03,3542.60132784473
Nifty Auto TRI,2011-10-04,3468.628387414911
Nifty Auto TRI,2011-10-05,3467.369900006762
Nifty Auto TRI,2011-10-07,3544.1400174040914
Nifty Auto TRI,2011-10-10,3624.8265119952257
Nifty Auto TRI,2011-10-11,3661.5158610406284
Nifty Auto TRI,2011-10-12,3715.1996927616383
Nifty Auto TRI,2011-10-13,3668.5828390775755
Nifty Auto TRI,2011-10-14,3702.8700701058465
Nifty Auto TRI,2011-10-17,3762.2287064181846
Nifty Auto TRI,2011-10-18,3699.1627803626698
Nifty Auto TRI,2011-10-19,3764.4892824849517
Nifty Auto TRI,2011-10-20,3709.1911179247995
Nifty Auto TRI,2011-10-21,3702.3228219479447
Nifty Auto TRI,2011-10-24,3770.567639117066
Nifty Auto TRI,2011-10-25,3875.1188510873585
Nifty Auto TRI,2011-10-28,3995.588610692054
Nifty Auto TRI,2011-10-31,3955.994590621329
Nifty Auto TRI,2011-11-01,3879.970279541183
Nifty Auto TRI,2011-11-02,3871.650180667161
Nifty Auto TRI,2011-11-03,3860.470662772845
Nifty Auto TRI,2011-11-04,3873.7170363353403
Nifty Auto TRI,2011-11-08,3871.6310608073377
Nifty Auto TRI,2011-11-09,3803.7144784094858
Nifty Auto TRI,2011-11-11,3831.7138971451013
Nifty Auto TRI,2011-11-14,3751.6037633189603
Nifty Auto TRI,2011-11-15,3690.8974994522805
Nifty Auto TRI,2011-11-16,3688.0880973724393
Nifty Auto TRI,2011-11-17,3621.456278446321
Nifty Auto TRI,2011-11-18,3575.844531091635
Nifty Auto TRI,2011-11-21,3488.6227003021236
Nifty Auto TRI,2011-11-22,3528.260657656882
Nifty Auto TRI,2011-11-23,3478.0234686689287
Nifty Auto TRI,2011-11-24,3552.9427043908026
Nifty Auto TRI,2011-11-25,3505.9655088541404
Nifty Auto TRI,2011-11-28,3560.858344121594
Nifty Auto TRI,2011-11-29,3568.985922084432
Nifty Auto TRI,2011-11-30,3541.377077759141
Nifty Auto TRI,2011-12-01,3618.8722422693972
Nifty Auto TRI,2011-12-02,3701.1906563855027
Nifty Auto TRI,2011-12-05,3699.9369317591454
Nifty Auto TRI,2011-12-07,3720.319831168344
Nifty Auto TRI,2011-12-08,3658.21901282663
Nifty Auto TRI,2011-12-09,3575.8826423215783
Nifty Auto TRI,2011-12-12,3480.7781060246193
Nifty Auto TRI,2011-12-13,3518.4803292854567
Nifty Auto TRI,2011-12-14,3469.971475441082
Nifty Auto TRI,2011-12-15,3419.1498863096626
Nifty Auto TRI,2011-12-16,3393.5334533233436
Nifty Auto TRI,2011-12-19,3396.773647370838
Nifty Auto TRI,2011-12-20,3319.326887957628
Nifty Auto TRI,2011-12-21,3402.081381367669
Nifty Auto TRI,2011-12-22,3449.885458128138
Nifty Auto TRI,2011-12-23,3462.0832039134907
Nifty Auto TRI,2011-12-26,3496.5714755796466
Nifty Auto TRI,2011-12-27,3472.154901922451
Nifty Auto TRI,2011-12-28,3428.850191767347
Nifty Auto TRI,2011-12-29,3416.2850166407447
Nifty Auto TRI,2011-12-30,3406.3816752617304
Nifty Auto TRI,2012-01-02,3372.046443479337
Nifty Auto TRI,2012-01-03,3430.365191539411
Nifty Auto TRI,2012-01-04,3402.3743604761416
Nifty Auto TRI,2012-01-05,3443.3134375042982
Nifty Auto TRI,2012-01-06,3432.6049881623403
Nifty Auto TRI,2012-01-09,3412.6360332824606
Nifty Auto TRI,2012-01-10,3510.914567326688
Nifty Auto TRI,2012-01-11,3521.4620940718396
Nifty Auto TRI,2012-01-12,3547.588328994737
Nifty Auto TRI,2012-01-13,3549.5441756244154
Nifty Auto TRI,2012-01-16,3576.0683977326753
Nifty Auto TRI,2012-01-17,3661.9562594138347
Nifty Auto TRI,2012-01-18,3618.832873277023
Nifty Auto TRI,2012-01-19,3656.476409471721
Nifty Auto TRI,2012-01-20,3683.415995318417
Nifty Auto TRI,2012-01-23,3697.540282604222
Nifty Auto TRI,2012-01-24,3750.42208957614
Nifty Auto TRI,2012-01-25,3795.716097932429
Nifty Auto TRI,2012-01-27,3839.3076232805984
Nifty Auto TRI,2012-01-30,3770.4417149559786
Nifty Auto TRI,2012-01-31,3857.77550930806
Nifty Auto TRI,2012-02-01,3931.7902177812657
Nifty Auto TRI,2012-02-02,3944.467335373971
Nifty Auto TRI,2012-02-03,3966.5979432829345
Nifty Auto TRI,2012-02-06,4008.0558202411785
Nifty Auto TRI,2012-02-07,3963.560462684309
Nifty Auto TRI,2012-02-08,3992.0309576534983
Nifty Auto TRI,2012-02-09,4064.204865164855
Nifty Auto TRI,2012-02-10,4054.6596201951697
Nifty Auto TRI,2012-02-13,4092.6619819193547
Nifty Auto TRI,2012-02-14,4178.831010094488
Nifty Auto TRI,2012-02-15,4319.527279955067
Nifty Auto TRI,2012-02-16,4322.159916233348
Nifty Auto TRI,2012-02-17,4303.666454381511
Nifty Auto TRI,2012-02-21,4316.71196310529
Nifty Auto TRI,2012-02-22,4255.303195657196
Nifty Auto TRI,2012-02-23,4215.121978076533
Nifty Auto TRI,2012-02-24,4195.716566119589
Nifty Auto TRI,2012-02-27,4059.456235860829
Nifty Auto TRI,2012-02-28,4186.311637725022
Nifty Auto TRI,2012-02-29,4185.771662055314
Nifty Auto TRI,2012-03-01,4141.907721120508
Nifty Auto TRI,2012-03-02,4140.913425762342
Nifty Auto TRI,2012-03-05,4116.291178548274
Nifty Auto TRI,2012-03-06,4093.354211214988
Nifty Auto TRI,2012-03-07,4098.548762804747
Nifty Auto TRI,2012-03-09,4192.435052401036
Nifty Auto TRI,2012-03-12,4221.870348848778
Nifty Auto TRI,2012-03-13,4222.438574961759
Nifty Auto TRI,2012-03-14,4265.741974834149
Nifty Auto TRI,2012-03-15,4237.417453490549
Nifty Auto TRI,2012-03-16,4243.976180404025
Nifty Auto TRI,2012-03-19,4225.847041147905
Nifty Auto TRI,2012-03-20,4160.565037140594
Nifty Auto TRI,2012-03-21,4221.194142802621
Nifty Auto TRI,2012-03-22,4147.348936535795
Nifty Auto TRI,2012-03-23,4176.664082133169
Nifty Auto TRI,2012-03-26,4121.869274907702
Nifty Auto TRI,2012-03-27,4136.030539899729
Nifty Auto TRI,2012-03-28,4112.979482865599
Nifty Auto TRI,2012-03-29,4135.2487622017725
Nifty Auto TRI,2012-03-30,4237.135050203559
Nifty Auto TRI,2012-04-02,4246.848540476408
Nifty Auto TRI,2012-04-03,4240.568447908223
Nifty Auto TRI,2012-04-04,4219.379179046036
Nifty Auto TRI,2012-04-09,4170.136462214967
Nifty Auto TRI,2012-04-10,4215.334124544921
Nifty Auto TRI,2012-04-11,4199.530287682181
Nifty Auto TRI,2012-04-12,4246.595217327756
Nifty Auto TRI,2012-04-13,4261.6730822760965
Nifty Auto TRI,2012-04-16,4317.642744590693
Nifty Auto TRI,2012-04-17,4359.07430963969
Nifty Auto TRI,2012-04-18,4423.332084977576
Nifty Auto TRI,2012-04-19,4505.782362568051
Nifty Auto TRI,2012-04-20,4507.01372489562
Nifty Auto TRI,2012-04-23,4430.686750354714
Nifty Auto TRI,2012-04-24,4430.152451487544
Nifty Auto TRI,2012-04-25,4451.237272402022
Nifty Auto TRI,2012-04-26,4411.646719249583
Nifty Auto TRI,2012-04-27,4419.175301111647
Nifty Auto TRI,2012-04-30,4468.67716681336
Nifty Auto TRI,2012-05-02,4392.0553940984955
Nifty Auto TRI,2012-05-03,4284.812781264835
Nifty Auto TRI,2012-05-04,4208.564130349299
Nifty Auto TRI,2012-05-07,4263.60328886063
Nifty Auto TRI,2012-05-08,4176.356089152711
Nifty Auto TRI,2012-05-09,4139.315342293949
Nifty Auto TRI,2012-05-10,4106.507583386427
Nifty Auto TRI,2012-05-11,4128.147104049237
Nifty Auto TRI,2012-05-14,4107.71139314158
Nifty Auto TRI,2012-05-15,4110.3948346125035
Nifty Auto TRI,2012-05-16,4007.3924463981725
Nifty Auto TRI,2012-05-17,3986.0713993262943
Nifty Auto TRI,2012-05-18,3908.8274451270577
Nifty Auto TRI,2012-05-21,3936.631017595111
Nifty Auto TRI,2012-05-22,3911.47232464785
Nifty Auto TRI,2012-05-23,3887.0182607958045
Nifty Auto TRI,2012-05-24,3927.067714647709
Nifty Auto TRI,2012-05-25,3917.9449396616324
Nifty Auto TRI,2012-05-28,3981.566302463983
Nifty Auto TRI,2012-05-29,3993.7302564973825
Nifty Auto TRI,2012-05-30,3847.859978139815
Nifty Auto TRI,2012-05-31,3772.9052994379776
Nifty Auto TRI,2012-06-01,3703.4449522140267
Nifty Auto TRI,2012-06-04,3728.41704197816
Nifty Auto TRI,2012-06-05,3718.680834855468
Nifty Auto TRI,2012-06-06,3856.060799935717
Nifty Auto TRI,2012-06-07,3906.517748468481
Nifty Auto TRI,2012-06-08,3907.9360337872276
Nifty Auto TRI,2012-06-11,3881.9665568435457
Nifty Auto TRI,2012-06-12,3950.294027761428
Nifty Auto TRI,2012-06-13,3887.2241867267785
Nifty Auto TRI,2012-06-14,3813.9071123763174
Nifty Auto TRI,2012-06-15,3912.667937842258
Nifty Auto TRI,2012-06-18,3886.0378481948183
Nifty Auto TRI,2012-06-19,3886.547371723291
Nifty Auto TRI,2012-06-20,3926.121496225206
Nifty Auto TRI,2012-06-21,3954.8462620779023
Nifty Auto TRI,2012-06-22,3957.931892142508
Nifty Auto TRI,2012-06-25,3932.5623034173454
Nifty Auto TRI,2012-06-26,3944.481480157825
Nifty Auto TRI,2012-06-27,3918.187542460862
Nifty Auto TRI,2012-06-28,3924.3520981783645
Nifty Auto TRI,2012-06-29,4004.7272172320027
Nifty Auto TRI,2012-07-02,3982.385789611462
Nifty Auto TRI,2012-07-03,3988.048032967982
Nifty Auto TRI,2012-07-04,4008.7567577920713
Nifty Auto TRI,2012-07-05,4038.453732442777
Nifty Auto TRI,2012-07-06,4022.9109904712755
Nifty Auto TRI,2012-07-09,3984.2563241602834
Nifty Auto TRI,2012-07-10,4046.427204055416
Nifty Auto TRI,2012-07-11,4000.4816554728704
Nifty Auto TRI,2012-07-12,3960.846476072608
Nifty Auto TRI,2012-07-13,3958.732324370021
Nifty Auto TRI,2012-07-16,3928.1963327948824
Nifty Auto TRI,2012-07-17,3875.674006140321
Nifty Auto TRI,2012-07-18,3900.8828050732654
Nifty Auto TRI,2012-07-19,3885.179090851329
Nifty Auto TRI,2012-07-20,3896.145022799768
Nifty Auto TRI,2012-07-23,3802.048790304987
Nifty Auto TRI,2012-07-24,3797.4543362018244
Nifty Auto TRI,2012-07-25,3774.6222494646495
Nifty Auto TRI,2012-07-26,3739.66379807969
Nifty Auto TRI,2012-07-27,3774.120414752798
Nifty Auto TRI,2012-07-30,3858.3522832401322
Nifty Auto TRI,2012-07-31,3870.1292234505645
Nifty Auto TRI,2012-08-01,3863.9185876105935
Nifty Auto TRI,2012-08-02,3844.418337247683
Nifty Auto TRI,2012-08-03,3818.8530178414494
Nifty Auto TRI,2012-08-06,3893.3007222812785
Nifty Auto TRI,2012-08-07,3952.5348601976125
Nifty Auto TRI,2012-08-08,3993.7299895977612
Nifty Auto TRI,2012-08-09,4012.0836238391257
Nifty Auto TRI,2012-08-10,3972.72039714273
Nifty Auto TRI,2012-08-13,3967.434538391665
Nifty Auto TRI,2012-08-14,3998.173822556317
Nifty Auto TRI,2012-08-16,4032.2596378003195
Nifty Auto TRI,2012-08-17,4058.5548388406637
Nifty Auto TRI,2012-08-21,4112.940326941385
Nifty Auto TRI,2012-08-22,4123.16386935688
Nifty Auto TRI,2012-08-23,4087.430022791576
Nifty Auto TRI,2012-08-24,4085.367385290065
Nifty Auto TRI,2012-08-27,4070.026335336816
Nifty Auto TRI,2012-08-28,4029.583396651101
Nifty Auto TRI,2012-08-29,3971.7432141519303
Nifty Auto TRI,2012-08-30,3975.8968951108177
Nifty Auto TRI,2012-08-31,3933.5771406245035
Nifty Auto TRI,2012-09-03,3950.132939013446
Nifty Auto TRI,2012-09-04,3976.236247149638
Nifty Auto TRI,2012-09-05,3938.0074889191505
Nifty Auto TRI,2012-09-06,3961.077195095572
Nifty Auto TRI,2012-09-07,4041.151364062061
Nifty Auto TRI,2012-09-10,4083.364810978191
Nifty Auto TRI,2012-09-11,4077.152925659267
Nifty Auto TRI,2012-09-12,4137.56308905153
Nifty Auto TRI,2012-09-13,4126.748798334508
Nifty Auto TRI,2012-09-14,4240.585798866551
Nifty Auto TRI,2012-09-17,4314.848989142477
Nifty Auto TRI,2012-09-18,4318.153903579958
Nifty Auto TRI,2012-09-20,4299.313855614509
Nifty Auto TRI,2012-09-21,4369.763322261056
Nifty Auto TRI,2012-09-24,4404.733076885488
Nifty Auto TRI,2012-09-25,4370.189115038054
Nifty Auto TRI,2012-09-26,4354.772123175634
Nifty Auto TRI,2012-09-27,4349.779642597999
Nifty Auto TRI,2012-09-28,4422.723415399042
Nifty Auto TRI,2012-10-01,4453.85774033472
Nifty Auto TRI,2012-10-03,4444.6856638286945
Nifty Auto TRI,2012-10-04,4437.265153840072
Nifty Auto TRI,2012-10-05,4461.429639186694
Nifty Auto TRI,2012-10-08,4410.108666799323
Nifty Auto TRI,2012-10-09,4401.875912889805
Nifty Auto TRI,2012-10-10,4368.330205376149
Nifty Auto TRI,2012-10-11,4392.19318256965
Nifty Auto TRI,2012-10-12,4368.821359325851
Nifty Auto TRI,2012-10-15,4357.5330900971
Nifty Auto TRI,2012-10-16,4312.284581597374
Nifty Auto TRI,2012-10-17,4332.706360974693
Nifty Auto TRI,2012-10-18,4389.587691664939
Nifty Auto TRI,2012-10-19,4352.184653715813
Nifty Auto TRI,2012-10-22,4350.514699456163
Nifty Auto TRI,2012-10-23,4318.272680891469
Nifty Auto TRI,2012-10-25,4341.956826459154
Nifty Auto TRI,2012-10-29,4380.468859658137
Nifty Auto TRI,2012-10-30,4319.349506829359
Nifty Auto TRI,2012-10-31,4386.026203463459
Nifty Auto TRI,2012-11-01,4485.683462073804
Nifty Auto TRI,2012-11-02,4547.65783406961
Nifty Auto TRI,2012-11-05,4522.850964828106
Nifty Auto TRI,2012-11-06,4503.874411530673
Nifty Auto TRI,2012-11-07,4537.435108888539
Nifty Auto TRI,2012-11-08,4575.050832665321
Nifty Auto TRI,2012-11-09,4555.162244249349
Nifty Auto TRI,2012-11-12,4551.0756335693395
Nifty Auto TRI,2012-11-15,4500.975321500626
Nifty Auto TRI,2012-11-16,4433.24299648363
Nifty Auto TRI,2012-11-19,4473.744146587984
Nifty Auto TRI,2012-11-20,4500.321413325472
Nifty Auto TRI,2012-11-21,4498.062311886113
Nifty Auto TRI,2012-11-22,4489.568513999838
Nifty Auto TRI,2012-11-23,4504.440170125283
Nifty Auto TRI,2012-11-26,4495.684146349511
Nifty Auto TRI,2012-11-27,4542.594542986113
Nifty Auto TRI,2012-11-29,4630.340208283984
Nifty Auto TRI,2012-11-30,4619.363863879703
Nifty Auto TRI,2012-12-03,4632.365790318194
Nifty Auto TRI,2012-12-04,4614.442166978321
Nifty Auto TRI,2012-12-05,4618.370549855606
Nifty Auto TRI,2012-12-06,4656.727137616954
Nifty Auto TRI,2012-12-07,4683.271137282328
Nifty Auto TRI,2012-12-10,4669.607357327245
Nifty Auto TRI,2012-12-11,4670.444717190977
Nifty Auto TRI,2012-12-12,4713.575600675584
Nifty Auto TRI,2012-12-13,4752.398196279095
Nifty Auto TRI,2012-12-14,4781.688633876468
Nifty Auto TRI,2012-12-17,4812.815379724025
Nifty Auto TRI,2012-12-18,4838.103542870362
Nifty Auto TRI,2012-12-19,4917.259557134117
Nifty Auto TRI,2012-12-20,4883.8152757777825
Nifty Auto TRI,2012-12-21,4821.759913452297
Nifty Auto TRI,2012-12-24,4843.511015232247
Nifty Auto TRI,2012-12-26,4862.697600774621
Nifty Auto TRI,2012-12-27,4853.647160241381
Nifty Auto TRI,2012-12-28,4871.99311834447
Nifty Auto TRI,2012-12-31,4901.870018633626
Nifty Auto TRI,2013-01-01,4941.5299084673015
Nifty Auto TRI,2013-01-02,4984.083795294712
Nifty Auto TRI,2013-01-03,4978.1815317575265
Nifty Auto TRI,2013-01-04,4965.681759925204
Nifty Auto TRI,2013-01-07,4986.691553130617
Nifty Auto TRI,2013-01-08,4988.958478294049
Nifty Auto TRI,2013-01-09,5026.091822881241
Nifty Auto TRI,2013-01-10,5045.666682159176
Nifty Auto TRI,2013-01-11,4982.311801359158
Nifty Auto TRI,2013-01-14,4956.071283081791
Nifty Auto TRI,2013-01-15,4977.677240999768
Nifty Auto TRI,2013-01-16,4856.799995923815
Nifty Auto TRI,2013-01-17,4879.826144127819
Nifty Auto TRI,2013-01-18,4851.176303987621
Nifty Auto TRI,2013-01-21,4838.221105903422
Nifty Auto TRI,2013-01-22,4812.155997951954
Nifty Auto TRI,2013-01-23,4771.975995112131
Nifty Auto TRI,2013-01-24,4650.559055653889
Nifty Auto TRI,2013-01-25,4751.368090080526
Nifty Auto TRI,2013-01-28,4796.643435103404
Nifty Auto TRI,2013-01-29,4753.663116515498
Nifty Auto TRI,2013-01-30,4731.1956515358315
Nifty Auto TRI,2013-01-31,4722.539513963088
Nifty Auto TRI,2013-02-01,4662.897101657791
Nifty Auto TRI,2013-02-04,4700.96197703846
Nifty Auto TRI,2013-02-05,4684.635028674711
Nifty Auto TRI,2013-02-06,4678.21062210309
Nifty Auto TRI,2013-02-07,4688.089997643177
Nifty Auto TRI,2013-02-08,4638.3903117825275
Nifty Auto TRI,2013-02-11,4644.001828145523
Nifty Auto TRI,2013-02-12,4685.325073547717
Nifty Auto TRI,2013-02-13,4701.962414844125
Nifty Auto TRI,2013-02-14,4640.266251750001
Nifty Auto TRI,2013-02-15,4658.884735400245
Nifty Auto TRI,2013-02-18,4660.129311408441
Nifty Auto TRI,2013-02-19,4702.629323531544
Nifty Auto TRI,2013-02-20,4694.3739907708905
Nifty Auto TRI,2013-02-21,4624.536206446042
Nifty Auto TRI,2013-02-22,4600.272656858381
Nifty Auto TRI,2013-02-25,4638.099900250927
Nifty Auto TRI,2013-02-26,4508.5409957214415
Nifty Auto TRI,2013-02-27,4542.71218531546
Nifty Auto TRI,2013-02-28,4497.352186906068
Nifty Auto TRI,2013-03-01,4555.207914326984
Nifty Auto TRI,2013-03-04,4527.778635554452
Nifty Auto TRI,2013-03-05,4605.971691377565
Nifty Auto TRI,2013-03-06,4621.90502242787
Nifty Auto TRI,2013-03-07,4653.9517821572435
Nifty Auto TRI,2013-03-08,4677.714944697814
Nifty Auto TRI,2013-03-11,4655.323246775957
Nifty Auto TRI,2013-03-12,4661.296263485644
Nifty Auto TRI,2013-03-13,4596.605005704977
Nifty Auto TRI,2013-03-14,4610.863435542011
Nifty Auto TRI,2013-03-15,4574.231387664877
Nifty Auto TRI,2013-03-18,4513.540383740628
Nifty Auto TRI,2013-03-19,4449.495902102118
Nifty Auto TRI,2013-03-20,4447.328980174628
Nifty Auto TRI,2013-03-21,4355.820285108623
Nifty Auto TRI,2013-03-22,4357.820510863644
Nifty Auto TRI,2013-03-25,4320.493225655419
Nifty Auto TRI,2013-03-26,4331.544935436843
Nifty Auto TRI,2013-03-28,4297.146426286225
Nifty Auto TRI,2013-04-01,4267.503030102972
Nifty Auto TRI,2013-04-02,4283.7437665807065
Nifty Auto TRI,2013-04-03,4182.78777594203
Nifty Auto TRI,2013-04-04,4163.978613810795
Nifty Auto TRI,2013-04-05,4188.05198083106
Nifty Auto TRI,2013-04-08,4206.352647557054
Nifty Auto TRI,2013-04-09,4212.62294687908
Nifty Auto TRI,2013-04-10,4247.690056885839
Nifty Auto TRI,2013-04-11,4280.774632955874
Nifty Auto TRI,2013-04-12,4254.077707984889
Nifty Auto TRI,2013-04-15,4216.313906964505
Nifty Auto TRI,2013-04-16,4320.182885099052
Nifty Auto TRI,2013-04-17,4374.393151660317
Nifty Auto TRI,2013-04-18,4475.829578271635
Nifty Auto TRI,2013-04-22,4502.629255034316
Nifty Auto TRI,2013-04-23,4503.46414662171
Nifty Auto TRI,2013-04-25,4623.624160927817
Nifty Auto TRI,2013-04-26,4656.9869476726635
Nifty Auto TRI,2013-04-29,4688.316475937297
Nifty Auto TRI,2013-04-30,4716.238278240928
Nifty Auto TRI,2013-05-02,4732.021925530082
Nifty Auto TRI,2013-05-03,4672.740496311908
Nifty Auto TRI,2013-05-06,4743.229265587747
Nifty Auto TRI,2013-05-07,4791.726850030668
Nifty Auto TRI,2013-05-08,4772.916741588383
Nifty Auto TRI,2013-05-09,4761.386613768192
Nifty Auto TRI,2013-05-10,4864.473087899631
Nifty Auto TRI,2013-05-13,4761.243599110141
Nifty Auto TRI,2013-05-14,4762.289837712668
Nifty Auto TRI,2013-05-15,4876.899250008063
Nifty Auto TRI,2013-05-16,4853.402488484101
Nifty Auto TRI,2013-05-17,4849.358518594629
Nifty Auto TRI,2013-05-20,4892.385130852039
Nifty Auto TRI,2013-05-21,4818.104285253412
Nifty Auto TRI,2013-05-22,4799.950221502627
Nifty Auto TRI,2013-05-23,4724.4406312162055
Nifty Auto TRI,2013-05-24,4732.108011876359
Nifty Auto TRI,2013-05-27,4757.303535566669
Nifty Auto TRI,2013-05-28,4825.493060491266
Nifty Auto TRI,2013-05-29,4842.028779113891
Nifty Auto TRI,2013-05-30,4947.262147671529
Nifty Auto TRI,2013-05-31,4859.410721124413
Nifty Auto TRI,2013-06-03,4816.652335513678
Nifty Auto TRI,2013-06-04,4796.453140868713
Nifty Auto TRI,2013-06-05,4803.258625469434
Nifty Auto TRI,2013-06-06,4803.236712560137
Nifty Auto TRI,2013-06-07,4735.034315215752
Nifty Auto TRI,2013-06-10,4708.4118516792
Nifty Auto TRI,2013-06-11,4652.429959712777
Nifty Auto TRI,2013-06-12,4622.896040341459
Nifty Auto TRI,2013-06-13,4504.680189429331
Nifty Auto TRI,2013-06-14,4631.047780343627
Nifty Auto TRI,2013-06-17,4715.7832329142
Nifty Auto TRI,2013-06-18,4707.704856331397
Nifty Auto TRI,2013-06-19,4680.460106816723
Nifty Auto TRI,2013-06-20,4600.70997873459
Nifty Auto TRI,2013-06-21,4593.647326932497
Nifty Auto TRI,2013-06-24,4526.830320739128
Nifty Auto TRI,2013-06-25,4544.593244640752
Nifty Auto TRI,2013-06-26,4466.049662157934
Nifty Auto TRI,2013-06-27,4491.306764774382
Nifty Auto TRI,2013-06-28,4628.99040866297
Nifty Auto TRI,2013-07-01,4721.865049345434
Nifty Auto TRI,2013-07-02,4680.384575840287
Nifty Auto TRI,2013-07-03,4647.264423200889
Nifty Auto TRI,2013-07-04,4679.51761338531
Nifty Auto TRI,2013-07-05,4684.693897115217
Nifty Auto TRI,2013-07-08,4615.104493853218
Nifty Auto TRI,2013-07-09,4625.9405431824425
Nifty Auto TRI,2013-07-10,4560.3236095046495
Nifty Auto TRI,2013-07-11,4579.982395203181
Nifty Auto TRI,2013-07-12,4583.320924421721
Nifty Auto TRI,2013-07-15,4606.1906739264405
Nifty Auto TRI,2013-07-16,4576.270332511692
Nifty Auto TRI,2013-07-17,4539.87015033953
Nifty Auto TRI,2013-07-18,4552.798152437045
Nifty Auto TRI,2013-07-19,4628.629269873848
Nifty Auto TRI,2013-07-22,4678.0885189680685
Nifty Auto TRI,2013-07-23,4694.032467990092
Nifty Auto TRI,2013-07-24,4629.106823007166
Nifty Auto TRI,2013-07-25,4640.661956933409
Nifty Auto TRI,2013-07-26,4620.582621191471
Nifty Auto TRI,2013-07-29,4628.767652202122
Nifty Auto TRI,2013-07-30,4532.956014063696
Nifty Auto TRI,2013-07-31,4566.3525354251315
Nifty Auto TRI,2013-08-01,4502.735904213778
Nifty Auto TRI,2013-08-02,4481.2200803593705
Nifty Auto TRI,2013-08-05,4460.252109541467
Nifty Auto TRI,2013-08-06,4419.847307254648
Nifty Auto TRI,2013-08-07,4357.696677769289
Nifty Auto TRI,2013-08-08,4435.401097092385
Nifty Auto TRI,2013-08-12,4476.315189408639
Nifty Auto TRI,2013-08-13,4574.708731569386
Nifty Auto TRI,2013-08-14,4719.666762695077
Nifty Auto TRI,2013-08-16,4607.757411465582
Nifty Auto TRI,2013-08-19,4461.034100829979
Nifty Auto TRI,2013-08-20,4364.805971638803
Nifty Auto TRI,2013-08-21,4299.566409897306
Nifty Auto TRI,2013-08-22,4372.754062547789
Nifty Auto TRI,2013-08-23,4448.141854422695
Nifty Auto TRI,2013-08-26,4450.854345625609
Nifty Auto TRI,2013-08-27,4335.1497267060495
Nifty Auto TRI,2013-08-28,4340.4258046907935
Nifty Auto TRI,2013-08-29,4440.237544334216
Nifty Auto TRI,2013-08-30,4438.928541847985
Nifty Auto TRI,2013-09-02,4448.4340024157
Nifty Auto TRI,2013-09-03,4384.042017400703
Nifty Auto TRI,2013-09-04,4494.036517621787
Nifty Auto TRI,2013-09-05,4539.162145553726
Nifty Auto TRI,2013-09-06,4528.915941034926
Nifty Auto TRI,2013-09-10,4800.284174411268
Nifty Auto TRI,2013-09-11,4808.742604015374
Nifty Auto TRI,2013-09-12,4728.812472738964
Nifty Auto TRI,2013-09-13,4763.991110286655
Nifty Auto TRI,2013-09-16,4785.892816512071
Nifty Auto TRI,2013-09-17,4817.040316738819
Nifty Auto TRI,2013-09-18,4820.543965054876
Nifty Auto TRI,2013-09-19,4954.0506285963575
Nifty Auto TRI,2013-09-20,4878.757682857799
Nifty Auto TRI,2013-09-23,4818.798488959661
Nifty Auto TRI,2013-09-24,4875.50711270099
Nifty Auto TRI,2013-09-25,4875.026515604744
Nifty Auto TRI,2013-09-26,4872.603755028875
Nifty Auto TRI,2013-09-27,4854.438216141355
Nifty Auto TRI,2013-09-30,4786.5428909951215
Nifty Auto TRI,2013-10-01,4832.833078943261
Nifty Auto TRI,2013-10-03,4952.157275348379
Nifty Auto TRI,2013-10-04,4997.331451122661
Nifty Auto TRI,2013-10-07,4998.353508113272
Nifty Auto TRI,2013-10-08,5000.023521305252
Nifty Auto TRI,2013-10-09,5028.076250458769
Nifty Auto TRI,2013-10-10,5119.532826981084
Nifty Auto TRI,2013-10-11,5214.932169029196
Nifty Auto TRI,2013-10-14,5232.335301128632
Nifty Auto TRI,2013-10-15,5201.641809057864
Nifty Auto TRI,2013-10-17,5139.585067466568
Nifty Auto TRI,2013-10-18,5208.255431654117
Nifty Auto TRI,2013-10-21,5240.289377261224
Nifty Auto TRI,2013-10-22,5216.955179020884
Nifty Auto TRI,2013-10-23,5176.024743470758
Nifty Auto TRI,2013-10-24,5211.9710404478
Nifty Auto TRI,2013-10-25,5155.4369311107985
Nifty Auto TRI,2013-10-28,5151.254251040837
Nifty Auto TRI,2013-10-29,5272.84190157904
Nifty Auto TRI,2013-10-30,5275.339152295366
Nifty Auto TRI,2013-10-31,5283.719454564427
Nifty Auto TRI,2013-11-01,5350.322463454193
Nifty Auto TRI,2013-11-05,5370.553400138199
Nifty Auto TRI,2013-11-06,5338.668410644229
Nifty Auto TRI,2013-11-07,5288.769767267039
Nifty Auto TRI,2013-11-08,5257.750317078966
Nifty Auto TRI,2013-11-11,5203.012950143537
Nifty Auto TRI,2013-11-12,5121.322643700271
Nifty Auto TRI,2013-11-13,5145.771849689338
Nifty Auto TRI,2013-11-14,5300.065335413116
Nifty Auto TRI,2013-11-18,5357.867934651238
Nifty Auto TRI,2013-11-19,5375.007967268461
Nifty Auto TRI,2013-11-20,5302.672322641975
Nifty Auto TRI,2013-11-21,5254.237802290574
Nifty Auto TRI,2013-11-22,5192.389039745507
Nifty Auto TRI,2013-11-25,5299.1965709809965
Nifty Auto TRI,2013-11-26,5325.553600992934
Nifty Auto TRI,2013-11-27,5379.200395852064
Nifty Auto TRI,2013-11-28,5402.489081354277
Nifty Auto TRI,2013-11-29,5410.008847109551
Nifty Auto TRI,2013-12-02,5438.9211720578105
Nifty Auto TRI,2013-12-03,5414.848421211219
Nifty Auto TRI,2013-12-04,5356.312257382775
Nifty Auto TRI,2013-12-05,5372.742531010007
Nifty Auto TRI,2013-12-06,5401.157121161489
Nifty Auto TRI,2013-12-09,5481.698318484613
Nifty Auto TRI,2013-12-10,5477.54531636
Nifty Auto TRI,2013-12-11,5422.738434474388
Nifty Auto TRI,2013-12-12,5307.182841836524
Nifty Auto TRI,2013-12-13,5306.6106431319595
Nifty Auto TRI,2013-12-16,5276.822010076885
Nifty Auto TRI,2013-12-17,5266.874200522374
Nifty Auto TRI,2013-12-18,5357.228422869622
Nifty Auto TRI,2013-12-19,5344.51621492637
Nifty Auto TRI,2013-12-20,5451.424625184957
Nifty Auto TRI,2013-12-23,5464.986401379256
Nifty Auto TRI,2013-12-24,5463.649254291519
Nifty Auto TRI,2013-12-26,5443.503178509798
Nifty Auto TRI,2013-12-27,5440.679174124572
Nifty Auto TRI,2013-12-30,5410.172856002512
Nifty Auto TRI,2013-12-31,5416.623310869263
Nifty Auto TRI,2014-01-01,5424.611512670399
Nifty Auto TRI,2014-01-02,5384.683222847127
Nifty Auto TRI,2014-01-03,5324.714421855934
Nifty Auto TRI,2014-01-06,5335.297734336172
Nifty Auto TRI,2014-01-07,5340.466476346627
Nifty Auto TRI,2014-01-08,5383.564748686872
Nifty Auto TRI,2014-01-09,5350.393829795063
Nifty Auto TRI,2014-01-10,5295.743287807298
Nifty Auto TRI,2014-01-13,5342.3131786517915
Nifty Auto TRI,2014-01-14,5315.1346793336015
Nifty Auto TRI,2014-01-15,5372.64655555461
Nifty Auto TRI,2014-01-16,5332.23995369323
Nifty Auto TRI,2014-01-17,5329.770701009414
Nifty Auto TRI,2014-01-20,5372.8656957633475
Nifty Auto TRI,2014-01-21,5423.51752856451
Nifty Auto TRI,2014-01-22,5446.431513746557
Nifty Auto TRI,2014-01-23,5390.3285121148265
Nifty Auto TRI,2014-01-24,5300.430040785571
Nifty Auto TRI,2014-01-27,5126.962929754302
Nifty Auto TRI,2014-01-28,5138.898005383784
Nifty Auto TRI,2014-01-29,5139.755703897225
Nifty Auto TRI,2014-01-30,5150.512266397459
Nifty Auto TRI,2014-01-31,5138.9588921402565
Nifty Auto TRI,2014-02-03,5039.409150664889
Nifty Auto TRI,2014-02-04,5066.4247677914955
Nifty Auto TRI,2014-02-05,5151.969859461979
Nifty Auto TRI,2014-02-06,5193.25045490909
Nifty Auto TRI,2014-02-07,5224.27312857478
Nifty Auto TRI,2014-02-10,5248.658491892719
Nifty Auto TRI,2014-02-11,5300.926565183834
Nifty Auto TRI,2014-02-12,5308.715169664571
Nifty Auto TRI,2014-02-13,5306.859133094791
Nifty Auto TRI,2014-02-14,5334.915020896996
Nifty Auto TRI,2014-02-17,5373.63033065554
Nifty Auto TRI,2014-02-18,5414.006368547898
Nifty Auto TRI,2014-02-19,5414.102747085896
Nifty Auto TRI,2014-02-20,5398.136660921229
Nifty Auto TRI,2014-02-21,5425.071765644615
Nifty Auto TRI,2014-02-24,5454.512144740633
Nifty Auto TRI,2014-02-25,5487.507776377469
Nifty Auto TRI,2014-02-26,5539.341536746723
Nifty Auto TRI,2014-02-28,5612.42591589568
Nifty Auto TRI,2014-03-03,5548.463112771681
Nifty Auto TRI,2014-03-04,5582.853667182961
Nifty Auto TRI,2014-03-05,5579.720140295839
Nifty Auto TRI,2014-03-06,5625.356213281677
Nifty Auto TRI,2014-03-07,5678.232650855767
Nifty Auto TRI,2014-03-10,5701.8521326997225
Nifty Auto TRI,2014-03-11,5665.143243388422
Nifty Auto TRI,2014-03-12,5629.818249270164
Nifty Auto TRI,2014-03-13,5657.647245163011
Nifty Auto TRI,2014-03-14,5705.297597532026
Nifty Auto TRI,2014-03-18,5699.603036402495
Nifty Auto TRI,2014-03-19,5690.925276825762
Nifty Auto TRI,2014-03-20,5642.600370104729
Nifty Auto TRI,2014-03-21,5692.827223806477
Nifty Auto TRI,2014-03-24,5769.204341089934
Nifty Auto TRI,2014-03-25,5798.433075220109
Nifty Auto TRI,2014-03-26,5849.698276419696
Nifty Auto TRI,2014-03-27,5875.745527316058
Nifty Auto TRI,2014-03-28,5895.6818384229455
Nifty Auto TRI,2014-03-31,5962.330014520429
Nifty Auto TRI,2014-04-01,5972.715262530958
Nifty Auto TRI,2014-04-02,6040.588612279546
Nifty Auto TRI,2014-04-03,6030.426950637855
Nifty Auto TRI,2014-04-04,5971.0454982778465
Nifty Auto TRI,2014-04-07,5985.047082069766
Nifty Auto TRI,2014-04-09,6091.839706068993
Nifty Auto TRI,2014-04-10,6121.03821807178
Nifty Auto TRI,2014-04-11,6050.857225471748
Nifty Auto TRI,2014-04-15,5984.80984493062
Nifty Auto TRI,2014-04-16,5945.708092813898
Nifty Auto TRI,2014-04-17,6080.318795102037
Nifty Auto TRI,2014-04-21,6165.99794868097
Nifty Auto TRI,2014-04-22,6132.446515474541
Nifty Auto TRI,2014-04-23,6147.006491153308
Nifty Auto TRI,2014-04-25,6129.040564773591
Nifty Auto TRI,2014-04-28,6074.172554332317
Nifty Auto TRI,2014-04-29,6009.25108027958
Nifty Auto TRI,2014-04-30,6032.293598585908
Nifty Auto TRI,2014-05-02,6014.677943043442
Nifty Auto TRI,2014-05-05,6028.898783847055
Nifty Auto TRI,2014-05-06,6043.872308010817
Nifty Auto TRI,2014-05-07,6004.493083268246
Nifty Auto TRI,2014-05-08,6043.276081379175
Nifty Auto TRI,2014-05-09,6182.5988574272105
Nifty Auto TRI,2014-05-12,6356.782415646921
Nifty Auto TRI,2014-05-13,6396.249280200706
Nifty Auto TRI,2014-05-14,6391.229034152776
Nifty Auto TRI,2014-05-15,6370.160478060391
Nifty Auto TRI,2014-05-16,6425.524679294552
Nifty Auto TRI,2014-05-19,6431.193810476456
Nifty Auto TRI,2014-05-20,6445.977978350068
Nifty Auto TRI,2014-05-21,6506.341281450615
Nifty Auto TRI,2014-05-22,6516.344614877973
Nifty Auto TRI,2014-05-23,6619.618174927719
Nifty Auto TRI,2014-05-26,6690.490745801459
Nifty Auto TRI,2014-05-27,6622.397589962249
Nifty Auto TRI,2014-05-28,6559.909219221382
Nifty Auto TRI,2014-05-29,6560.602466999661
Nifty Auto TRI,2014-05-30,6570.917949931003
Nifty Auto TRI,2014-06-02,6659.398630711585
Nifty Auto TRI,2014-06-03,6699.462092127188
Nifty Auto TRI,2014-06-04,6750.129225396203
Nifty Auto TRI,2014-06-05,6811.966291960594
Nifty Auto TRI,2014-06-06,6921.926406948476
Nifty Auto TRI,2014-06-09,7033.408072469339
Nifty Auto TRI,2014-06-10,7036.842224532334
Nifty Auto TRI,2014-06-11,7007.746711264093
Nifty Auto TRI,2014-06-12,7060.903362877557
Nifty Auto TRI,2014-06-13,6937.350801721775
Nifty Auto TRI,2014-06-16,6865.95036088724
Nifty Auto TRI,2014-06-17,6902.327978961002
Nifty Auto TRI,2014-06-18,6840.06878035717
Nifty Auto TRI,2014-06-19,6856.420525574129
Nifty Auto TRI,2014-06-20,6800.231748370848
Nifty Auto TRI,2014-06-23,6849.95928699265
Nifty Auto TRI,2014-06-24,6927.690360781421
Nifty Auto TRI,2014-06-25,6994.303188558899
Nifty Auto TRI,2014-06-26,6999.230682828106
Nifty Auto TRI,2014-06-27,6952.149645708399
Nifty Auto TRI,2014-06-30,6978.209639710523
Nifty Auto TRI,2014-07-01,7198.871401074445
Nifty Auto TRI,2014-07-02,7313.606261305459
Nifty Auto TRI,2014-07-03,7364.175115238501
Nifty Auto TRI,2014-07-04,7368.393464678311
Nifty Auto TRI,2014-07-07,7419.113247435905
Nifty Auto TRI,2014-07-08,7246.912006106089
Nifty Auto TRI,2014-07-09,7059.093586547181
Nifty Auto TRI,2014-07-10,7002.106917212273
Nifty Auto TRI,2014-07-11,6926.056958614377
Nifty Auto TRI,2014-07-14,6988.18728976263
Nifty Auto TRI,2014-07-15,7094.508067373794
Nifty Auto TRI,2014-07-16,7202.1226581393385
Nifty Auto TRI,2014-07-17,7194.178423317114
Nifty Auto TRI,2014-07-18,7199.629944020684
Nifty Auto TRI,2014-07-21,7201.248936940861
Nifty Auto TRI,2014-07-22,7234.114480826635
Nifty Auto TRI,2014-07-23,7248.328048335705
Nifty Auto TRI,2014-07-24,7247.288538589405
Nifty Auto TRI,2014-07-25,7158.126931311927
Nifty Auto TRI,2014-07-28,7120.316265571199
Nifty Auto TRI,2014-07-30,7172.090373948287
Nifty Auto TRI,2014-07-31,7120.176425099442
Nifty Auto TRI,2014-08-01,7058.518227274142
Nifty Auto TRI,2014-08-04,7151.365490338138
Nifty Auto TRI,2014-08-05,7291.4647558559545
Nifty Auto TRI,2014-08-06,7240.47385257895
Nifty Auto TRI,2014-08-07,7233.659743236681
Nifty Auto TRI,2014-08-08,7133.585627237937
Nifty Auto TRI,2014-08-11,7314.258979492336
Nifty Auto TRI,2014-08-12,7448.924320052625
Nifty Auto TRI,2014-08-13,7456.551635636561
Nifty Auto TRI,2014-08-14,7497.746352346374
Nifty Auto TRI,2014-08-18,7619.3856346964685
Nifty Auto TRI,2014-08-19,7807.303487996849
Nifty Auto TRI,2014-08-20,7760.690574330857
Nifty Auto TRI,2014-08-21,7811.545378316865
Nifty Auto TRI,2014-08-22,7820.680210968785
Nifty Auto TRI,2014-08-25,7837.153699645007
Nifty Auto TRI,2014-08-26,7835.458697698264
Nifty Auto TRI,2014-08-27,7907.213716431777
Nifty Auto TRI,2014-08-28,7926.617514589845
Nifty Auto TRI,2014-09-01,8036.587882599245
Nifty Auto TRI,2014-09-02,8045.21563580453
Nifty Auto TRI,2014-09-03,8100.481265744299
Nifty Auto TRI,2014-09-04,8106.170416271481
Nifty Auto TRI,2014-09-05,8054.231288000483
Nifty Auto TRI,2014-09-08,8115.773865864428
Nifty Auto TRI,2014-09-09,8151.494471025766
Nifty Auto TRI,2014-09-10,8134.843347044044
Nifty Auto TRI,2014-09-11,8186.253335843361
Nifty Auto TRI,2014-09-12,8266.511606899114
Nifty Auto TRI,2014-09-15,8241.229165406272
Nifty Auto TRI,2014-09-16,8082.55261451492
Nifty Auto TRI,2014-09-17,8155.490311065573
Nifty Auto TRI,2014-09-18,8381.974970084031
Nifty Auto TRI,2014-09-19,8319.184365435689
Nifty Auto TRI,2014-09-22,8417.110073220505
Nifty Auto TRI,2014-09-23,8249.684373419092
Nifty Auto TRI,2014-09-24,8203.967890152888
Nifty Auto TRI,2014-09-25,8122.114374954986
Nifty Auto TRI,2014-09-26,8191.354587566979
Nifty Auto TRI,2014-09-29,8161.409222022227
Nifty Auto TRI,2014-09-30,8156.5207131132765
Nifty Auto TRI,2014-10-01,8152.457797356733
Nifty Auto TRI,2014-10-07,8084.647462579859
Nifty Auto TRI,2014-10-08,8128.760903437024
Nifty Auto TRI,2014-10-09,8218.681927030395
Nifty Auto TRI,2014-10-10,7986.25923639141
Nifty Auto TRI,2014-10-13,7974.878524011346
Nifty Auto TRI,2014-10-14,7943.951942566649
Nifty Auto TRI,2014-10-16,7772.699471456372
Nifty Auto TRI,2014-10-17,7818.829291223368
Nifty Auto TRI,2014-10-20,7981.616507069454
Nifty Auto TRI,2014-10-21,8022.798119418887
Nifty Auto TRI,2014-10-22,8256.204472458774
Nifty Auto TRI,2014-10-27,8204.113389906814
Nifty Auto TRI,2014-10-28,8238.695576534292
Nifty Auto TRI,2014-10-29,8374.136849074532
Nifty Auto TRI,2014-10-30,8400.40636576915
Nifty Auto TRI,2014-10-31,8522.580261286053
Nifty Auto TRI,2014-11-03,8446.74489648696
Nifty Auto TRI,2014-11-05,8458.67784796489
Nifty Auto TRI,2014-11-07,8391.38428464972
Nifty Auto TRI,2014-11-10,8379.562129673217
Nifty Auto TRI,2014-11-11,8448.53399236086
Nifty Auto TRI,2014-11-12,8565.01136537345
Nifty Auto TRI,2014-11-13,8530.095692897734
Nifty Auto TRI,2014-11-14,8565.271076670817
Nifty Auto TRI,2014-11-17,8686.059827833516
Nifty Auto TRI,2014-11-18,8728.170836136242
Nifty Auto TRI,2014-11-19,8663.268925680548
Nifty Auto TRI,2014-11-20,8617.492315608151
Nifty Auto TRI,2014-11-21,8663.84395516858
Nifty Auto TRI,2014-11-24,8679.960615469898
Nifty Auto TRI,2014-11-25,8585.211418507342
Nifty Auto TRI,2014-11-26,8618.43542980506
Nifty Auto TRI,2014-11-27,8665.208713181062
Nifty Auto TRI,2014-11-28,8832.470806483787
Nifty Auto TRI,2014-12-01,8849.585965765575
Nifty Auto TRI,2014-12-02,8772.822023714696
Nifty Auto TRI,2014-12-03,8890.202038703499
Nifty Auto TRI,2014-12-04,8882.996452627825
Nifty Auto TRI,2014-12-05,8881.428226410373
Nifty Auto TRI,2014-12-08,8741.875486876372
Nifty Auto TRI,2014-12-09,8640.212745213306
Nifty Auto TRI,2014-12-10,8679.451056770939
Nifty Auto TRI,2014-12-11,8606.439219715285
Nifty Auto TRI,2014-12-12,8571.082647291823
Nifty Auto TRI,2014-12-15,8547.364748862698
Nifty Auto TRI,2014-12-16,8391.095574616336
Nifty Auto TRI,2014-12-17,8254.788397808927
Nifty Auto TRI,2014-12-18,8439.773650411902
Nifty Auto TRI,2014-12-19,8452.731519509498
Nifty Auto TRI,2014-12-22,8575.850550026786
Nifty Auto TRI,2014-12-23,8547.934114115915
Nifty Auto TRI,2014-12-24,8470.390616247609
Nifty Auto TRI,2014-12-26,8490.413652310048
Nifty Auto TRI,2014-12-29,8615.16279457959
Nifty Auto TRI,2014-12-30,8593.91877989402
Nifty Auto TRI,2014-12-31,8572.260149019688
Nifty Auto TRI,2015-01-01,8611.415868120537
Nifty Auto TRI,2015-01-02,8659.891556507779
Nifty Auto TRI,2015-01-05,8766.76792801462
Nifty Auto TRI,2015-01-06,8539.496005919753
Nifty Auto TRI,2015-01-07,8546.458385691445
Nifty Auto TRI,2015-01-08,8694.334958289672
Nifty Auto TRI,2015-01-09,8694.261399075282
Nifty Auto TRI,2015-01-12,8707.96713006116
Nifty Auto TRI,2015-01-13,8697.072587578707
Nifty Auto TRI,2015-01-14,8727.237087831505
Nifty Auto TRI,2015-01-15,8921.126463004688
Nifty Auto TRI,2015-01-16,8930.585719009301
Nifty Auto TRI,2015-01-19,9005.160631780407
Nifty Auto TRI,2015-01-20,9073.762899430038
Nifty Auto TRI,2015-01-21,9093.740729080359
Nifty Auto TRI,2015-01-22,9158.257649884881
Nifty Auto TRI,2015-01-23,9304.657540993985
Nifty Auto TRI,2015-01-27,9426.354895428647
Nifty Auto TRI,2015-01-28,9368.133863664249
Nifty Auto TRI,2015-01-29,9375.174448431007
Nifty Auto TRI,2015-01-30,9252.301430304076
Nifty Auto TRI,2015-02-02,9299.940162950834
Nifty Auto TRI,2015-02-03,9241.757730952068
Nifty Auto TRI,2015-02-04,9130.935677570944
Nifty Auto TRI,2015-02-05,9066.062005181293
Nifty Auto TRI,2015-02-06,8803.789393850944
Nifty Auto TRI,2015-02-09,8595.337092446172
Nifty Auto TRI,2015-02-10,8742.311484599215
Nifty Auto TRI,2015-02-11,8823.487798764296
Nifty Auto TRI,2015-02-12,8968.973476795645
Nifty Auto TRI,2015-02-13,9077.727908336969
Nifty Auto TRI,2015-02-16,9113.24331680076
Nifty Auto TRI,2015-02-18,9209.411363608426
Nifty Auto TRI,2015-02-19,9195.98049835542
Nifty Auto TRI,2015-02-20,9199.340782283449
Nifty Auto TRI,2015-02-23,9127.00734755172
Nifty Auto TRI,2015-02-24,9099.835096326677
Nifty Auto TRI,2015-02-25,9103.814816109305
Nifty Auto TRI,2015-02-26,8958.295380644717
Nifty Auto TRI,2015-02-27,9167.036281392011
Nifty Auto TRI,2015-03-02,9248.402053345393
Nifty Auto TRI,2015-03-03,9164.924577684014
Nifty Auto TRI,2015-03-04,9101.973463261862
Nifty Auto TRI,2015-03-05,9151.78861232671
Nifty Auto TRI,2015-03-09,9050.530578014137
Nifty Auto TRI,2015-03-10,9081.216477900853
Nifty Auto TRI,2015-03-11,9086.75279846354
Nifty Auto TRI,2015-03-12,9180.499934830501
Nifty Auto TRI,2015-03-13,9046.02002023096
Nifty Auto TRI,2015-03-16,9021.96833917097
Nifty Auto TRI,2015-03-17,9135.850326909838
Nifty Auto TRI,2015-03-18,9075.259946470871
Nifty Auto TRI,2015-03-19,9045.216388995064
Nifty Auto TRI,2015-03-20,8906.869608270197
Nifty Auto TRI,2015-03-23,8919.891094918274
Nifty Auto TRI,2015-03-24,8798.747730730642
Nifty Auto TRI,2015-03-25,8835.145564761666
Nifty Auto TRI,2015-03-26,8700.193094217555
Nifty Auto TRI,2015-03-27,8751.946122565121
Nifty Auto TRI,2015-03-30,8897.363305569193
Nifty Auto TRI,2015-03-31,8946.688144148668
Nifty Auto TRI,2015-04-01,9039.288642634112
Nifty Auto TRI,2015-04-06,9124.845939299681
Nifty Auto TRI,2015-04-07,9127.68924172591
Nifty Auto TRI,2015-04-08,9173.865617149244
Nifty Auto TRI,2015-04-09,9183.872606076431
Nifty Auto TRI,2015-04-10,9216.143798753044
Nifty Auto TRI,2015-04-13,9153.419527643797
Nifty Auto TRI,2015-04-15,9012.891113287464
Nifty Auto TRI,2015-04-16,8996.942062742019
Nifty Auto TRI,2015-04-17,8884.857090152705
Nifty Auto TRI,2015-04-20,8719.877354211292
Nifty Auto TRI,2015-04-21,8602.063055168932
Nifty Auto TRI,2015-04-22,8597.52056448629
Nifty Auto TRI,2015-04-23,8544.280348664919
Nifty Auto TRI,2015-04-24,8477.694616925142
Nifty Auto TRI,2015-04-27,8430.82611266537
Nifty Auto TRI,2015-04-28,8635.37724569172
Nifty Auto TRI,2015-04-29,8597.291135630227
Nifty Auto TRI,2015-04-30,8503.745697391623
Nifty Auto TRI,2015-05-04,8652.160671749962
Nifty Auto TRI,2015-05-05,8649.280347377546
Nifty Auto TRI,2015-05-06,8402.978917821925
Nifty Auto TRI,2015-05-07,8295.594825152744
Nifty Auto TRI,2015-05-08,8517.077335145143
Nifty Auto TRI,2015-05-11,8754.942210656043
Nifty Auto TRI,2015-05-12,8599.297553184937
Nifty Auto TRI,2015-05-13,8740.719347406823
Nifty Auto TRI,2015-05-14,8815.864117596648
Nifty Auto TRI,2015-05-15,8872.259930957927
Nifty Auto TRI,2015-05-18,8935.847351793185
Nifty Auto TRI,2015-05-19,8864.654431520215
Nifty Auto TRI,2015-05-20,8816.57765878113
Nifty Auto TRI,2015-05-21,8884.15332867577
Nifty Auto TRI,2015-05-22,8917.701223916505
Nifty Auto TRI,2015-05-25,8901.229772888646
Nifty Auto TRI,2015-05-26,8883.857411615534
Nifty Auto TRI,2015-05-27,8698.84406819418
Nifty Auto TRI,2015-05-28,8708.850134434833
Nifty Auto TRI,2015-05-29,8872.734416770561
Nifty Auto TRI,2015-06-01,8844.978466587192
Nifty Auto TRI,2015-06-02,8653.645185981106
Nifty Auto TRI,2015-06-03,8515.160099465322
Nifty Auto TRI,2015-06-04,8451.825083094292
Nifty Auto TRI,2015-06-05,8412.395881610477
Nifty Auto TRI,2015-06-08,8323.518498055448
Nifty Auto TRI,2015-06-09,8269.162636260184
Nifty Auto TRI,2015-06-10,8425.758276679064
Nifty Auto TRI,2015-06-11,8223.189548956425
Nifty Auto TRI,2015-06-12,8219.514495308924
Nifty Auto TRI,2015-06-15,8314.759832624064
Nifty Auto TRI,2015-06-16,8413.40968016953
Nifty Auto TRI,2015-06-17,8486.535664294213
Nifty Auto TRI,2015-06-18,8588.3676267063
Nifty Auto TRI,2015-06-19,8637.16655370815
Nifty Auto TRI,2015-06-22,8737.04063268082
Nifty Auto TRI,2015-06-23,8742.582582836703
Nifty Auto TRI,2015-06-24,8660.809761583609
Nifty Auto TRI,2015-06-25,8732.814138481735
Nifty Auto TRI,2015-06-26,8786.359760259294
Nifty Auto TRI,2015-06-29,8660.012699526278
Nifty Auto TRI,2015-06-30,8720.792184397582
Nifty Auto TRI,2015-07-01,8824.226955531807
Nifty Auto TRI,2015-07-02,8872.477537362094
Nifty Auto TRI,2015-07-03,8836.203409196061
Nifty Auto TRI,2015-07-06,8862.364412925357
Nifty Auto TRI,2015-07-07,8832.380623453708
Nifty Auto TRI,2015-07-08,8622.857724096213
Nifty Auto TRI,2015-07-09,8582.772525691495
Nifty Auto TRI,2015-07-10,8567.970233316571
Nifty Auto TRI,2015-07-13,8710.87331962584
Nifty Auto TRI,2015-07-14,8643.41585314922
Nifty Auto TRI,2015-07-15,8745.11850809769
Nifty Auto TRI,2015-07-16,8777.982834719853
Nifty Auto TRI,2015-07-17,8819.175927947808
Nifty Auto TRI,2015-07-20,8822.445949532477
Nifty Auto TRI,2015-07-21,8785.320063815772
Nifty Auto TRI,2015-07-22,8887.930283852038
Nifty Auto TRI,2015-07-23,8932.463184687049
Nifty Auto TRI,2015-07-24,8818.931527632734
Nifty Auto TRI,2015-07-27,8646.425636830012
Nifty Auto TRI,2015-07-28,8598.615971521584
Nifty Auto TRI,2015-07-29,8712.745443137648
Nifty Auto TRI,2015-07-30,8732.34712488797
Nifty Auto TRI,2015-07-31,8896.40842811637
Nifty Auto TRI,2015-08-03,8964.607918907019
Nifty Auto TRI,2015-08-04,9062.677350445994
Nifty Auto TRI,2015-08-05,9158.56684469137
Nifty Auto TRI,2015-08-06,9160.378319993459
Nifty Auto TRI,2015-08-07,9166.927786892904
Nifty Auto TRI,2015-08-10,9107.898723347114
Nifty Auto TRI,2015-08-11,8976.55943942368
Nifty Auto TRI,2015-08-12,8755.905809059672
Nifty Auto TRI,2015-08-13,8791.971732770915
Nifty Auto TRI,2015-08-14,9001.09188244311
Nifty Auto TRI,2015-08-17,8974.068852212044
Nifty Auto TRI,2015-08-18,9023.37480192379
Nifty Auto TRI,2015-08-19,9066.069158814375
Nifty Auto TRI,2015-08-20,8910.320042919313
Nifty Auto TRI,2015-08-21,8731.540418601717
Nifty Auto TRI,2015-08-24,8098.5647792021055
Nifty Auto TRI,2015-08-25,8251.833379225245
Nifty Auto TRI,2015-08-26,8212.206254568853
Nifty Auto TRI,2015-08-27,8285.624076694356
Nifty Auto TRI,2015-08-28,8359.774943773356
Nifty Auto TRI,2015-08-31,8282.567020610135
Nifty Auto TRI,2015-09-01,8071.100143973594
Nifty Auto TRI,2015-09-02,7960.1304802547065
Nifty Auto TRI,2015-09-03,8064.453782212869
Nifty Auto TRI,2015-09-04,7877.97492488248
Nifty Auto TRI,2015-09-07,7779.45105031851
Nifty Auto TRI,2015-09-08,7909.631705385556
Nifty Auto TRI,2015-09-09,8145.245758186795
Nifty Auto TRI,2015-09-10,8209.048343849792
Nifty Auto TRI,2015-09-11,8190.093125068325
Nifty Auto TRI,2015-09-14,8225.474888112052
Nifty Auto TRI,2015-09-15,8095.86224087734
Nifty Auto TRI,2015-09-16,8130.380177393812
Nifty Auto TRI,2015-09-18,8176.120949004517
Nifty Auto TRI,2015-09-21,8183.253630417281
Nifty Auto TRI,2015-09-22,8038.652983071251
Nifty Auto TRI,2015-09-23,8034.38816900998
Nifty Auto TRI,2015-09-24,8050.977704304265
Nifty Auto TRI,2015-09-28,7908.989062415754
Nifty Auto TRI,2015-09-29,7975.894729430873
Nifty Auto TRI,2015-09-30,8092.288119655428
Nifty Auto TRI,2015-10-01,8063.254848242336
Nifty Auto TRI,2015-10-05,8229.869269357532
Nifty Auto TRI,2015-10-06,8289.755334888989
Nifty Auto TRI,2015-10-07,8411.394798556086
Nifty Auto TRI,2015-10-08,8367.500951680566
Nifty Auto TRI,2015-10-09,8398.449291887528
Nifty Auto TRI,2015-10-12,8411.028257953953
Nifty Auto TRI,2015-10-13,8427.532103530297
Nifty Auto TRI,2015-10-14,8357.183921986909
Nifty Auto TRI,2015-10-15,8548.179725936498
Nifty Auto TRI,2015-10-16,8624.836455605971
Nifty Auto TRI,2015-10-19,8603.52471781554
Nifty Auto TRI,2015-10-20,8624.472052545787
Nifty Auto TRI,2015-10-21,8645.315563696882
Nifty Auto TRI,2015-10-23,8586.461437298653
Nifty Auto TRI,2015-10-26,8591.285692963409
Nifty Auto TRI,2015-10-27,8633.369370682869
Nifty Auto TRI,2015-10-28,8564.514418383358
Nifty Auto TRI,2015-10-29,8554.04982979375
Nifty Auto TRI,2015-10-30,8445.787237038217
Nifty Auto TRI,2015-11-02,8451.853050506104
Nifty Auto TRI,2015-11-03,8458.137376092413
Nifty Auto TRI,2015-11-04,8597.045928025338
Nifty Auto TRI,2015-11-05,8553.854401623139
Nifty Auto TRI,2015-11-06,8502.204102457215
Nifty Auto TRI,2015-11-09,8609.127157035253
Nifty Auto TRI,2015-11-10,8621.36815294464
Nifty Auto TRI,2015-11-13,8539.168837206083
Nifty Auto TRI,2015-11-16,8552.449793962875
Nifty Auto TRI,2015-11-17,8617.164034229021
Nifty Auto TRI,2015-11-18,8543.151784865322
Nifty Auto TRI,2015-11-19,8662.486265213325
Nifty Auto TRI,2015-11-20,8709.038651946068
Nifty Auto TRI,2015-11-23,8768.184354898582
Nifty Auto TRI,2015-11-24,8703.198880505926
Nifty Auto TRI,2015-11-26,8820.342367013984
Nifty Auto TRI,2015-11-27,8819.59117736874
Nifty Auto TRI,2015-11-30,8860.215252881251
Nifty Auto TRI,2015-12-01,8794.80158337239
Nifty Auto TRI,2015-12-02,8792.325456255745
Nifty Auto TRI,2015-12-03,8707.161230753407
Nifty Auto TRI,2015-12-04,8609.246537528797
Nifty Auto TRI,2015-12-07,8589.889659754512
Nifty Auto TRI,2015-12-08,8578.47333755178
Nifty Auto TRI,2015-12-09,8429.866325184496
Nifty Auto TRI,2015-12-10,8447.963759617387
Nifty Auto TRI,2015-12-11,8300.076221208563
Nifty Auto TRI,2015-12-14,8322.490542610287
Nifty Auto TRI,2015-12-15,8446.345314296379
Nifty Auto TRI,2015-12-16,8397.718661898485
Nifty Auto TRI,2015-12-17,8516.460856342423
Nifty Auto TRI,2015-12-18,8443.743611929422
Nifty Auto TRI,2015-12-21,8523.555563500662
Nifty Auto TRI,2015-12-22,8466.038529481984
Nifty Auto TRI,2015-12-23,8478.13301272827
Nifty Auto TRI,2015-12-24,8505.123560669384
Nifty Auto TRI,2015-12-28,8602.01899062096
Nifty Auto TRI,2015-12-29,8644.488274198016
Nifty Auto TRI,2015-12-30,8614.82394328793
Nifty Auto TRI,2015-12-31,8630.270332029522
Nifty Auto TRI,2016-01-01,8707.403230450738
Nifty Auto TRI,2016-01-04,8514.207687169082
Nifty Auto TRI,2016-01-05,8495.095412720137
Nifty Auto TRI,2016-01-06,8391.858352016192
Nifty Auto TRI,2016-01-07,8078.118303083502
Nifty Auto TRI,2016-01-08,8098.311715205525
Nifty Auto TRI,2016-01-11,8106.712450712684
Nifty Auto TRI,2016-01-12,8074.930701065897
Nifty Auto TRI,2016-01-13,8153.015297330927
Nifty Auto TRI,2016-01-14,8037.300373193108
Nifty Auto TRI,2016-01-15,7890.620352085127
Nifty Auto TRI,2016-01-18,7773.328283527963
Nifty Auto TRI,2016-01-19,7872.4422407198335
Nifty Auto TRI,2016-01-20,7742.474186221738
Nifty Auto TRI,2016-01-21,7594.036173971876
Nifty Auto TRI,2016-01-22,7891.915790348725
Nifty Auto TRI,2016-01-25,7833.240848944483
Nifty Auto TRI,2016-01-27,7837.852697895039
Nifty Auto TRI,2016-01-28,7803.224997024449
Nifty Auto TRI,2016-01-29,7957.2983962761755
Nifty Auto TRI,2016-02-01,7921.167781775131
Nifty Auto TRI,2016-02-02,7817.263618496906
Nifty Auto TRI,2016-02-03,7684.471382821089
Nifty Auto TRI,2016-02-04,7720.522970184774
Nifty Auto TRI,2016-02-05,7844.641353423513
Nifty Auto TRI,2016-02-08,7769.142148959168
Nifty Auto TRI,2016-02-09,7635.960436985189
Nifty Auto TRI,2016-02-10,7538.567433383916
Nifty Auto TRI,2016-02-11,7273.908524461533
Nifty Auto TRI,2016-02-12,7404.998425666607
Nifty Auto TRI,2016-02-15,7737.073523477835
Nifty Auto TRI,2016-02-16,7588.163544878155
Nifty Auto TRI,2016-02-17,7663.95321368124
Nifty Auto TRI,2016-02-18,7719.12362010387
Nifty Auto TRI,2016-02-19,7790.629026251865
Nifty Auto TRI,2016-02-22,7815.66070469139
Nifty Auto TRI,2016-02-23,7697.350071639973
Nifty Auto TRI,2016-02-24,7602.853069768564
Nifty Auto TRI,2016-02-25,7513.639012702576
Nifty Auto TRI,2016-02-26,7502.430242194206
Nifty Auto TRI,2016-02-29,7427.068630233664
Nifty Auto TRI,2016-03-01,7745.367156393532
Nifty Auto TRI,2016-03-02,7786.5260835215895
Nifty Auto TRI,2016-03-03,7938.7518631581415
Nifty Auto TRI,2016-03-04,7950.960108762866
Nifty Auto TRI,2016-03-08,7956.958877395494
Nifty Auto TRI,2016-03-09,8054.746306623381
Nifty Auto TRI,2016-03-10,8053.394510628429
Nifty Auto TRI,2016-03-11,8090.53883294567
Nifty Auto TRI,2016-03-14,8147.351606869391
Nifty Auto TRI,2016-03-15,8078.37782428934
Nifty Auto TRI,2016-03-16,8037.320268552918
Nifty Auto TRI,2016-03-17,8028.005175972228
Nifty Auto TRI,2016-03-18,8137.710138020401
Nifty Auto TRI,2016-03-21,8243.679240803978
Nifty Auto TRI,2016-03-22,8327.258458037837
Nifty Auto TRI,2016-03-23,8373.172031691223
Nifty Auto TRI,2016-03-28,8254.788350856305
Nifty Auto TRI,2016-03-29,8337.07373105606
Nifty Auto TRI,2016-03-30,8472.500330414994
Nifty Auto TRI,2016-03-31,8476.504359527176
Nifty Auto TRI,2016-04-01,8416.415956517749
Nifty Auto TRI,2016-04-04,8516.158804081313
Nifty Auto TRI,2016-04-05,8263.296161765173
Nifty Auto TRI,2016-04-06,8302.149680675946
Nifty Auto TRI,2016-04-07,8212.904511038438
Nifty Auto TRI,2016-04-08,8199.185358616183
Nifty Auto TRI,2016-04-11,8379.394089886868
Nifty Auto TRI,2016-04-12,8509.575369379028
Nifty Auto TRI,2016-04-13,8806.363055220849
Nifty Auto TRI,2016-04-18,8793.721966453404
Nifty Auto TRI,2016-04-20,8747.273674143154
Nifty Auto TRI,2016-04-21,8725.384080635826
Nifty Auto TRI,2016-04-22,8810.673172432047
Nifty Auto TRI,2016-04-25,8728.538033952269
Nifty Auto TRI,2016-04-26,8870.000050168837
Nifty Auto TRI,2016-04-27,8893.946492909303
Nifty Auto TRI,2016-04-28,8724.269215511931
Nifty Auto TRI,2016-04-29,8694.402829197808
Nifty Auto TRI,2016-05-02,8705.70792652584
Nifty Auto TRI,2016-05-03,8668.180046080384
Nifty Auto TRI,2016-05-04,8484.044297999717
Nifty Auto TRI,2016-05-05,8533.162951927281
Nifty Auto TRI,2016-05-06,8599.384643465315
Nifty Auto TRI,2016-05-09,8725.10014326501
Nifty Auto TRI,2016-05-10,8639.720122042692
Nifty Auto TRI,2016-05-11,8595.782149813116
Nifty Auto TRI,2016-05-12,8640.086351623175
Nifty Auto TRI,2016-05-13,8562.829720088494
Nifty Auto TRI,2016-05-16,8605.29602416379
Nifty Auto TRI,2016-05-17,8652.59695207017
Nifty Auto TRI,2016-05-18,8548.202028418049
Nifty Auto TRI,2016-05-19,8505.825652070413
Nifty Auto TRI,2016-05-20,8480.869013351054
Nifty Auto TRI,2016-05-23,8424.72637828001
Nifty Auto TRI,2016-05-24,8451.353970502638
Nifty Auto TRI,2016-05-25,8619.739634563688
Nifty Auto TRI,2016-05-26,8725.678111514526
Nifty Auto TRI,2016-05-27,8811.257468451086
Nifty Auto TRI,2016-05-30,8920.159412317722
Nifty Auto TRI,2016-05-31,9154.934774193602
Nifty Auto TRI,2016-06-01,9103.110597382578
Nifty Auto TRI,2016-06-02,9148.399147918584
Nifty Auto TRI,2016-06-03,9185.972665610023
Nifty Auto TRI,2016-06-06,9201.738256261235
Nifty Auto TRI,2016-06-07,9239.212701699105
Nifty Auto TRI,2016-06-08,9284.458999480248
Nifty Auto TRI,2016-06-09,9224.175030791965
Nifty Auto TRI,2016-06-10,9123.719820492743
Nifty Auto TRI,2016-06-13,9030.787331200958
Nifty Auto TRI,2016-06-14,9045.78990954946
Nifty Auto TRI,2016-06-15,9126.381135452057
Nifty Auto TRI,2016-06-16,9045.914567251939
Nifty Auto TRI,2016-06-17,9111.701129651921
Nifty Auto TRI,2016-06-20,9242.537688928613
Nifty Auto TRI,2016-06-21,9305.185458987222
Nifty Auto TRI,2016-06-22,9221.139622359708
Nifty Auto TRI,2016-06-23,9318.035696027891
Nifty Auto TRI,2016-06-24,9067.68909731318
Nifty Auto TRI,2016-06-27,9040.851902058546
Nifty Auto TRI,2016-06-28,9055.22836369262
Nifty Auto TRI,2016-06-29,9187.701150960727
Nifty Auto TRI,2016-06-30,9313.03565022623
Nifty Auto TRI,2016-07-01,9345.96624043108
Nifty Auto TRI,2016-07-04,9411.933209977191
Nifty Auto TRI,2016-07-05,9302.377766813823
Nifty Auto TRI,2016-07-07,9249.341653341937
Nifty Auto TRI,2016-07-08,9322.159245731104
Nifty Auto TRI,2016-07-11,9520.824793531949
Nifty Auto TRI,2016-07-12,9587.351500672305
Nifty Auto TRI,2016-07-13,9533.063281533226
Nifty Auto TRI,2016-07-14,9580.83240841546
Nifty Auto TRI,2016-07-15,9674.957998863423
Nifty Auto TRI,2016-07-18,9698.401968475264
Nifty Auto TRI,2016-07-19,9734.460424349869
Nifty Auto TRI,2016-07-20,9755.48801628123
Nifty Auto TRI,2016-07-21,9680.955169787323
Nifty Auto TRI,2016-07-22,9767.268865707554
Nifty Auto TRI,2016-07-25,9860.905905023099
Nifty Auto TRI,2016-07-26,9731.42839520699
Nifty Auto TRI,2016-07-27,9810.920690878955
Nifty Auto TRI,2016-07-28,9888.577203469098
Nifty Auto TRI,2016-07-29,9958.77257010652
Nifty Auto TRI,2016-08-01,10021.841691634001
Nifty Auto TRI,2016-08-02,9958.543296295868
Nifty Auto TRI,2016-08-03,9782.293601404093
Nifty Auto TRI,2016-08-04,9927.693358569164
Nifty Auto TRI,2016-08-05,10242.32301817986
Nifty Auto TRI,2016-08-08,10305.110824399944
Nifty Auto TRI,2016-08-09,10252.852274302268
Nifty Auto TRI,2016-08-10,10055.11853208061
Nifty Auto TRI,2016-08-11,10006.900704931995
Nifty Auto TRI,2016-08-12,10117.887850756564
Nifty Auto TRI,2016-08-16,10055.973201476892
Nifty Auto TRI,2016-08-17,10149.24991854998
Nifty Auto TRI,2016-08-18,10182.772092958394
Nifty Auto TRI,2016-08-19,10140.912295316364
Nifty Auto TRI,2016-08-22,10036.994207203516
Nifty Auto TRI,2016-08-23,10023.904056631274
Nifty Auto TRI,2016-08-24,10027.018453615441
Nifty Auto TRI,2016-08-25,9966.100420725605
Nifty Auto TRI,2016-08-26,10037.457017495824
Nifty Auto TRI,2016-08-29,10205.188694571465
Nifty Auto TRI,2016-08-30,10383.38072339432
Nifty Auto TRI,2016-08-31,10416.553101008554
Nifty Auto TRI,2016-09-01,10461.726107497985
Nifty Auto TRI,2016-09-02,10580.946042693247
Nifty Auto TRI,2016-09-06,10893.257956335907
Nifty Auto TRI,2016-09-07,10905.44962749575
Nifty Auto TRI,2016-09-08,11009.753667313365
Nifty Auto TRI,2016-09-09,10842.196842058867
Nifty Auto TRI,2016-09-12,10542.29546054561
Nifty Auto TRI,2016-09-14,10619.465847374133
Nifty Auto TRI,2016-09-15,10596.3806931927
Nifty Auto TRI,2016-09-16,10653.422329480883
Nifty Auto TRI,2016-09-19,10684.197883109242
Nifty Auto TRI,2016-09-20,10609.355120930657
Nifty Auto TRI,2016-09-21,10631.706097560413
Nifty Auto TRI,2016-09-22,10794.593003224143
Nifty Auto TRI,2016-09-23,10768.13835183365
Nifty Auto TRI,2016-09-26,10583.337747553305
Nifty Auto TRI,2016-09-27,10524.486311712653
Nifty Auto TRI,2016-09-28,10654.799077302168
Nifty Auto TRI,2016-09-29,10421.151697761641
Nifty Auto TRI,2016-09-30,10564.108628591903
Nifty Auto TRI,2016-10-03,10824.321970548403
Nifty Auto TRI,2016-10-04,10839.57590203221
Nifty Auto TRI,2016-10-05,10897.074317030576
Nifty Auto TRI,2016-10-06,10819.253983562052
Nifty Auto TRI,2016-10-07,10897.983912652471
Nifty Auto TRI,2016-10-10,10889.918915836586
Nifty Auto TRI,2016-10-13,10750.878103859091
Nifty Auto TRI,2016-10-14,10772.719900620332
Nifty Auto TRI,2016-10-17,10546.978176547944
Nifty Auto TRI,2016-10-18,10696.541506965676
Nifty Auto TRI,2016-10-19,10636.23538712367
Nifty Auto TRI,2016-10-20,10632.468050610856
Nifty Auto TRI,2016-10-21,10646.352755900176
Nifty Auto TRI,2016-10-24,10738.501083174673
Nifty Auto TRI,2016-10-25,10691.888750118875
Nifty Auto TRI,2016-10-26,10600.317330246065
Nifty Auto TRI,2016-10-27,10449.131781045833
Nifty Auto TRI,2016-10-28,10601.053435749962
Nifty Auto TRI,2016-11-01,10653.708069266313
Nifty Auto TRI,2016-11-02,10515.097969739132
Nifty Auto TRI,2016-11-03,10488.447253644443
Nifty Auto TRI,2016-11-04,10407.022456609206
Nifty Auto TRI,2016-11-07,10430.911601483309
Nifty Auto TRI,2016-11-08,10628.482925497661
Nifty Auto TRI,2016-11-09,10354.714511601922
Nifty Auto TRI,2016-11-10,10289.9871856604
Nifty Auto TRI,2016-11-11,9815.886337336178
Nifty Auto TRI,2016-11-15,9311.04240536951
Nifty Auto TRI,2016-11-16,9406.27029908519
Nifty Auto TRI,2016-11-17,9403.308885219945
Nifty Auto TRI,2016-11-18,9475.55049344734
Nifty Auto TRI,2016-11-21,9157.506243280654
Nifty Auto TRI,2016-11-22,9338.451764739457
Nifty Auto TRI,2016-11-23,9379.055152331712
Nifty Auto TRI,2016-11-24,9235.157612745637
Nifty Auto TRI,2016-11-25,9262.732376774757
Nifty Auto TRI,2016-11-28,9312.284058001731
Nifty Auto TRI,2016-11-29,9514.368182597107
Nifty Auto TRI,2016-11-30,9615.756052445427
Nifty Auto TRI,2016-12-01,9539.206557389902
Nifty Auto TRI,2016-12-02,9378.769731875196
Nifty Auto TRI,2016-12-05,9545.78600838351
Nifty Auto TRI,2016-12-06,9512.014283676943
Nifty Auto TRI,2016-12-07,9553.69306918641
Nifty Auto TRI,2016-12-08,9813.347464711662
Nifty Auto TRI,2016-12-09,9764.27788695684
Nifty Auto TRI,2016-12-12,9595.892073500769
Nifty Auto TRI,2016-12-13,9705.920317299571
Nifty Auto TRI,2016-12-14,9653.463353253896
Nifty Auto TRI,2016-12-15,9624.383432551596
Nifty Auto TRI,2016-12-16,9661.853289975577
Nifty Auto TRI,2016-12-19,9604.108473582339
Nifty Auto TRI,2016-12-20,9525.196253176275
Nifty Auto TRI,2016-12-21,9514.846366441789
Nifty Auto TRI,2016-12-22,9460.525214809943
Nifty Auto TRI,2016-12-23,9488.17954900488
Nifty Auto TRI,2016-12-26,9349.058334953423
Nifty Auto TRI,2016-12-27,9494.017457318741
Nifty Auto TRI,2016-12-28,9483.03158129143
Nifty Auto TRI,2016-12-29,9618.340245470301
Nifty Auto TRI,2016-12-30,9653.131693208272
Nifty Auto TRI,2017-01-02,9849.444176853885
Nifty Auto TRI,2017-01-03,9821.620843203062
Nifty Auto TRI,2017-01-04,9854.205170810934
Nifty Auto TRI,2017-01-05,10056.61279978457
Nifty Auto TRI,2017-01-06,10040.358790527307
Nifty Auto TRI,2017-01-09,10029.877564528817
Nifty Auto TRI,2017-01-10,10157.587429644767
Nifty Auto TRI,2017-01-11,10249.814533976367
Nifty Auto TRI,2017-01-12,10221.890000443263
Nifty Auto TRI,2017-01-13,10141.62240032836
Nifty Auto TRI,2017-01-16,10195.272698757242
Nifty Auto TRI,2017-01-17,10186.200183389368
Nifty Auto TRI,2017-01-18,10189.594524547158
Nifty Auto TRI,2017-01-19,10257.700564312376
Nifty Auto TRI,2017-01-20,10143.87332495119
Nifty Auto TRI,2017-01-23,10212.326697968057
Nifty Auto TRI,2017-01-24,10385.051793453582
Nifty Auto TRI,2017-01-25,10532.742596101729
Nifty Auto TRI,2017-01-27,10583.141392184696
Nifty Auto TRI,2017-01-30,10492.908330943494
Nifty Auto TRI,2017-01-31,10397.125194537599
Nifty Auto TRI,2017-02-01,10771.758685088747
Nifty Auto TRI,2017-02-02,10631.323139823278
Nifty Auto TRI,2017-02-03,10543.146143322792
Nifty Auto TRI,2017-02-06,10603.201683078858
Nifty Auto TRI,2017-02-07,10498.41923790168
Nifty Auto TRI,2017-02-08,10564.826045234362
Nifty Auto TRI,2017-02-09,10600.844285147852
Nifty Auto TRI,2017-02-10,10558.05430063653
Nifty Auto TRI,2017-02-13,10544.115937926039
Nifty Auto TRI,2017-02-14,10382.958888041667
Nifty Auto TRI,2017-02-15,10068.961692348306
Nifty Auto TRI,2017-02-16,10241.579296759262
Nifty Auto TRI,2017-02-17,10238.950595480577
Nifty Auto TRI,2017-02-20,10303.604320077156
Nifty Auto TRI,2017-02-21,10319.69432639194
Nifty Auto TRI,2017-02-22,10330.074322793034
Nifty Auto TRI,2017-02-23,10323.270136684916
Nifty Auto TRI,2017-02-27,10224.024891739022
Nifty Auto TRI,2017-02-28,10211.400718204977
Nifty Auto TRI,2017-03-01,10228.548320938247
Nifty Auto TRI,2017-03-02,10265.741962996117
Nifty Auto TRI,2017-03-03,10239.577806781523
Nifty Auto TRI,2017-03-06,10366.826509777613
Nifty Auto TRI,2017-03-07,10317.970744898481
Nifty Auto TRI,2017-03-08,10262.924025716762
Nifty Auto TRI,2017-03-09,10319.379069378692
Nifty Auto TRI,2017-03-10,10346.003684875015
Nifty Auto TRI,2017-03-14,10485.897446400455
Nifty Auto TRI,2017-03-15,10567.921247616337
Nifty Auto TRI,2017-03-16,10641.060824496108
Nifty Auto TRI,2017-03-17,10591.511960544849
Nifty Auto TRI,2017-03-20,10592.271170022905
Nifty Auto TRI,2017-03-21,10544.355660269153
Nifty Auto TRI,2017-03-22,10375.526684769213
Nifty Auto TRI,2017-03-23,10475.292313633583
Nifty Auto TRI,2017-03-24,10454.833248183033
Nifty Auto TRI,2017-03-27,10381.438448933332
Nifty Auto TRI,2017-03-28,10465.97535686333
Nifty Auto TRI,2017-03-29,10421.750658329773
Nifty Auto TRI,2017-03-30,10437.436000674821
Nifty Auto TRI,2017-03-31,10458.78610691504
Nifty Auto TRI,2017-04-03,10502.938940944692
Nifty Auto TRI,2017-04-05,10622.562719368447
Nifty Auto TRI,2017-04-06,10624.704891767933
Nifty Auto TRI,2017-04-07,10581.002984122475
Nifty Auto TRI,2017-04-10,10620.780463569652
Nifty Auto TRI,2017-04-11,10631.181876746883
Nifty Auto TRI,2017-04-12,10575.455980651706
Nifty Auto TRI,2017-04-13,10491.294012521825
Nifty Auto TRI,2017-04-17,10473.427148735069
Nifty Auto TRI,2017-04-18,10393.48721449273
Nifty Auto TRI,2017-04-19,10412.463002328781
Nifty Auto TRI,2017-04-20,10495.942711025315
Nifty Auto TRI,2017-04-21,10442.104652329688
Nifty Auto TRI,2017-04-24,10569.43325427651
Nifty Auto TRI,2017-04-25,10688.518976945292
Nifty Auto TRI,2017-04-26,10794.05325119428
Nifty Auto TRI,2017-04-27,10776.761663507334
Nifty Auto TRI,2017-04-28,10863.977218167607
Nifty Auto TRI,2017-05-02,10907.116258144913
Nifty Auto TRI,2017-05-03,10884.36900881047
Nifty Auto TRI,2017-05-04,10819.821409371547
Nifty Auto TRI,2017-05-05,10710.08024755197
Nifty Auto TRI,2017-05-08,10773.580880030624
Nifty Auto TRI,2017-05-09,10764.072293452165
Nifty Auto TRI,2017-05-10,10919.19041560119
Nifty Auto TRI,2017-05-11,11032.72102784178
Nifty Auto TRI,2017-05-12,11052.574591887575
Nifty Auto TRI,2017-05-15,11108.696149896616
Nifty Auto TRI,2017-05-16,11232.10513156127
Nifty Auto TRI,2017-05-17,11308.990085580122
Nifty Auto TRI,2017-05-18,11061.959327093466
Nifty Auto TRI,2017-05-19,11034.118580506929
Nifty Auto TRI,2017-05-22,10960.975578203215
Nifty Auto TRI,2017-05-23,11004.420042696533
Nifty Auto TRI,2017-05-24,11010.708883458505
Nifty Auto TRI,2017-05-25,11224.946387478405
Nifty Auto TRI,2017-05-26,11356.131157846328
Nifty Auto TRI,2017-05-29,11401.537542184955
Nifty Auto TRI,2017-05-30,11453.325114117353
Nifty Auto TRI,2017-05-31,11526.534184742828
Nifty Auto TRI,2017-06-01,11548.850455026262
Nifty Auto TRI,2017-06-02,11602.873663580613
Nifty Auto TRI,2017-06-05,11631.128954550975
Nifty Auto TRI,2017-06-06,11505.51215281794
Nifty Auto TRI,2017-06-07,11594.061311285097
Nifty Auto TRI,2017-06-08,11602.06616776676
Nifty Auto TRI,2017-06-09,11716.71263562088
Nifty Auto TRI,2017-06-12,11628.99783717079
Nifty Auto TRI,2017-06-13,11572.408910053593
Nifty Auto TRI,2017-06-14,11567.473379078716
Nifty Auto TRI,2017-06-15,11497.938268217937
Nifty Auto TRI,2017-06-16,11529.862631089143
Nifty Auto TRI,2017-06-19,11556.371522160096
Nifty Auto TRI,2017-06-20,11564.537415088273
Nifty Auto TRI,2017-06-21,11495.679787159415
Nifty Auto TRI,2017-06-22,11480.343855974099
Nifty Auto TRI,2017-06-23,11286.17821668495
Nifty Auto TRI,2017-06-27,11222.415708424938
Nifty Auto TRI,2017-06-28,11229.565934095934
Nifty Auto TRI,2017-06-29,11214.485058349952
Nifty Auto TRI,2017-06-30,11185.183023672418
Nifty Auto TRI,2017-07-03,11335.41871019547
Nifty Auto TRI,2017-07-04,11281.176116410623
Nifty Auto TRI,2017-07-05,11361.348696106841
Nifty Auto TRI,2017-07-06,11405.970038482954
Nifty Auto TRI,2017-07-07,11387.653582452673
Nifty Auto TRI,2017-07-10,11458.854275408588
Nifty Auto TRI,2017-07-11,11545.095540789564
Nifty Auto TRI,2017-07-12,11575.34450925973
Nifty Auto TRI,2017-07-13,11609.949186462982
Nifty Auto TRI,2017-07-14,11563.130355625173
Nifty Auto TRI,2017-07-17,11611.001849339926
Nifty Auto TRI,2017-07-18,11630.376035043268
Nifty Auto TRI,2017-07-19,11692.008195420054
Nifty Auto TRI,2017-07-20,11637.698652173904
Nifty Auto TRI,2017-07-21,11632.388391093673
Nifty Auto TRI,2017-07-24,11647.567709196845
Nifty Auto TRI,2017-07-25,11609.337874456469
Nifty Auto TRI,2017-07-26,11685.104744118715
Nifty Auto TRI,2017-07-27,11595.633852450104
Nifty Auto TRI,2017-07-28,11612.781995204736
Nifty Auto TRI,2017-07-31,11685.741257616959
Nifty Auto TRI,2017-08-01,11864.76014767267
Nifty Auto TRI,2017-08-02,11826.155455918048
Nifty Auto TRI,2017-08-03,11746.336623986304
Nifty Auto TRI,2017-08-04,11830.304874435107
Nifty Auto TRI,2017-08-07,11853.898276600688
Nifty Auto TRI,2017-08-08,11810.61335878898
Nifty Auto TRI,2017-08-09,11606.806212513873
Nifty Auto TRI,2017-08-10,11268.065469628908
Nifty Auto TRI,2017-08-11,11110.34006784622
Nifty Auto TRI,2017-08-14,11262.547026166325
Nifty Auto TRI,2017-08-16,11452.931207635611
Nifty Auto TRI,2017-08-17,11363.880975232869
Nifty Auto TRI,2017-08-18,11344.744055850602
Nifty Auto TRI,2017-08-21,11235.576796400266
Nifty Auto TRI,2017-08-22,11140.39782409987
Nifty Auto TRI,2017-08-23,11214.986915921654
Nifty Auto TRI,2017-08-24,11235.113685309043
Nifty Auto TRI,2017-08-28,11258.551919072963
Nifty Auto TRI,2017-08-29,11164.418285792432
Nifty Auto TRI,2017-08-30,11237.906306837802
Nifty Auto TRI,2017-08-31,11280.9445253946
Nifty Auto TRI,2017-09-01,11505.60000889495
Nifty Auto TRI,2017-09-04,11415.965305862539
Nifty Auto TRI,2017-09-05,11451.146646100691
Nifty Auto TRI,2017-09-06,11424.772787404288
Nifty Auto TRI,2017-09-07,11522.578236152229
Nifty Auto TRI,2017-09-08,11460.375414200462
Nifty Auto TRI,2017-09-11,11525.907563818266
Nifty Auto TRI,2017-09-12,11660.360943635425
Nifty Auto TRI,2017-09-13,11607.616622841531
Nifty Auto TRI,2017-09-14,11643.024619966232
Nifty Auto TRI,2017-09-15,11667.215706582288
Nifty Auto TRI,2017-09-18,11810.039944547594
Nifty Auto TRI,2017-09-19,11880.448851132696
Nifty Auto TRI,2017-09-20,11809.19507057599
Nifty Auto TRI,2017-09-21,11754.68893882197
Nifty Auto TRI,2017-09-22,11622.215738577694
Nifty Auto TRI,2017-09-25,11497.010547142187
Nifty Auto TRI,2017-09-26,11505.354748348656
Nifty Auto TRI,2017-09-27,11324.881338776662
Nifty Auto TRI,2017-09-28,11365.189089411431
Nifty Auto TRI,2017-09-29,11501.241938492225
Nifty Auto TRI,2017-10-03,11600.90952540405
Nifty Auto TRI,2017-10-04,11642.667273725712
Nifty Auto TRI,2017-10-05,11631.280502464033
Nifty Auto TRI,2017-10-06,11711.718212921998
Nifty Auto TRI,2017-10-09,11711.39828058058
Nifty Auto TRI,2017-10-10,11737.309704183528
Nifty Auto TRI,2017-10-11,11663.616682081092
Nifty Auto TRI,2017-10-12,11783.071660831774
Nifty Auto TRI,2017-10-13,11789.831034153225
Nifty Auto TRI,2017-10-16,11938.25518766862
Nifty Auto TRI,2017-10-17,11943.956186213049
Nifty Auto TRI,2017-10-18,11886.751411845347
Nifty Auto TRI,2017-10-19,11823.052118199133
Nifty Auto TRI,2017-10-23,11826.735711622096
Nifty Auto TRI,2017-10-24,11795.174532373107
Nifty Auto TRI,2017-10-25,11870.335312497187
Nifty Auto TRI,2017-10-26,11936.983343530226
Nifty Auto TRI,2017-10-27,12049.415274908863
Nifty Auto TRI,2017-10-30,12166.028310306654
Nifty Auto TRI,2017-10-31,12106.201403400222
Nifty Auto TRI,2017-11-01,12099.610151281231
Nifty Auto TRI,2017-11-02,12014.062640591445
Nifty Auto TRI,2017-11-03,12047.187734100258
Nifty Auto TRI,2017-11-06,12207.431465577552
Nifty Auto TRI,2017-11-07,12067.775813463473
Nifty Auto TRI,2017-11-08,11985.408341930606
Nifty Auto TRI,2017-11-09,11973.381152712509
Nifty Auto TRI,2017-11-10,11913.000086874039
Nifty Auto TRI,2017-11-13,11859.172774780205
Nifty Auto TRI,2017-11-14,11883.622044080286
Nifty Auto TRI,2017-11-15,11827.383859289279
Nifty Auto TRI,2017-11-16,11883.950185318587
Nifty Auto TRI,2017-11-17,11986.216831496278
Nifty Auto TRI,2017-11-20,12022.193182363802
Nifty Auto TRI,2017-11-21,12066.14735153926
Nifty Auto TRI,2017-11-22,12096.998804429959
Nifty Auto TRI,2017-11-23,12067.709982118311
Nifty Auto TRI,2017-11-24,12116.197101796015
Nifty Auto TRI,2017-11-27,12149.95250701348
Nifty Auto TRI,2017-11-28,12154.226294209617
Nifty Auto TRI,2017-11-29,12177.520688058075
Nifty Auto TRI,2017-11-30,12033.94066427678
Nifty Auto TRI,2017-12-01,11922.694840599257
Nifty Auto TRI,2017-12-04,11893.721483220315
Nifty Auto TRI,2017-12-05,11830.579394635632
Nifty Auto TRI,2017-12-06,11745.85152415385
Nifty Auto TRI,2017-12-07,11975.217346570747
Nifty Auto TRI,2017-12-08,12105.044638146419
Nifty Auto TRI,2017-12-11,12177.930773676115
Nifty Auto TRI,2017-12-12,12078.594487307975
Nifty Auto TRI,2017-12-13,12008.08884392525
Nifty Auto TRI,2017-12-14,12042.048907280634
Nifty Auto TRI,2017-12-15,12204.630831191731
Nifty Auto TRI,2017-12-18,12355.580670587822
Nifty Auto TRI,2017-12-19,12785.425178238478
Nifty Auto TRI,2017-12-20,12745.470267934514
Nifty Auto TRI,2017-12-21,12663.451237705023
Nifty Auto TRI,2017-12-22,12721.748021010646
Nifty Auto TRI,2017-12-26,12752.939777853457
Nifty Auto TRI,2017-12-27,12696.074207410347
Nifty Auto TRI,2017-12-28,12645.39167466416
Nifty Auto TRI,2017-12-29,12807.891544120108
Nifty Auto TRI,2018-01-01,12681.805449788346
Nifty Auto TRI,2018-01-02,12721.241455299738
Nifty Auto TRI,2018-01-03,12657.21763132981
Nifty Auto TRI,2018-01-04,12632.443368026807
Nifty Auto TRI,2018-01-05,12724.89367127203
Nifty Auto TRI,2018-01-08,12773.831305377735
Nifty Auto TRI,2018-01-09,12739.775586720845
Nifty Auto TRI,2018-01-10,12649.123892327776
Nifty Auto TRI,2018-01-11,12665.25751436102
Nifty Auto TRI,2018-01-12,12704.7037197517
Nifty Auto TRI,2018-01-15,12583.788155048744
Nifty Auto TRI,2018-01-16,12426.377613218572
Nifty Auto TRI,2018-01-17,12476.17184307937
Nifty Auto TRI,2018-01-18,12443.966905111356
Nifty Auto TRI,2018-01-19,12460.792393469726
Nifty Auto TRI,2018-01-22,12476.00384118554
Nifty Auto TRI,2018-01-23,12513.64218048353
Nifty Auto TRI,2018-01-24,12438.051162181568
Nifty Auto TRI,2018-01-25,12281.611017728754
Nifty Auto TRI,2018-01-29,12465.095374077055
Nifty Auto TRI,2018-01-30,12411.531646853628
Nifty Auto TRI,2018-01-31,12394.791030391829
Nifty Auto TRI,2018-02-01,12482.338571003116
Nifty Auto TRI,2018-02-02,12064.600879794556
Nifty Auto TRI,2018-02-05,12155.74315623824
Nifty Auto TRI,2018-02-06,11937.537225654101
Nifty Auto TRI,2018-02-07,11973.14723573715
Nifty Auto TRI,2018-02-08,12111.681446061753
Nifty Auto TRI,2018-02-09,11995.153273951133
Nifty Auto TRI,2018-02-12,12134.943802367017
Nifty Auto TRI,2018-02-14,12104.531598393216
Nifty Auto TRI,2018-02-15,12074.053040992245
Nifty Auto TRI,2018-02-16,11869.080740724365
Nifty Auto TRI,2018-02-19,11722.777815157026
Nifty Auto TRI,2018-02-20,11708.412134237467
Nifty Auto TRI,2018-02-21,11686.62262919612
Nifty Auto TRI,2018-02-22,11586.276225272391
Nifty Auto TRI,2018-02-23,11671.024209411687
Nifty Auto TRI,2018-02-26,11933.30819249335
Nifty Auto TRI,2018-02-27,11926.796349318896
Nifty Auto TRI,2018-02-28,11918.522179112215
Nifty Auto TRI,2018-03-01,11907.630091244113
Nifty Auto TRI,2018-03-05,11721.853519189717
Nifty Auto TRI,2018-03-06,11561.644170103056
Nifty Auto TRI,2018-03-07,11526.914530423464
Nifty Auto TRI,2018-03-08,11640.700149140674
Nifty Auto TRI,2018-03-09,11634.178471668001
Nifty Auto TRI,2018-03-12,11803.378293456772
Nifty Auto TRI,2018-03-13,11823.469216547179
Nifty Auto TRI,2018-03-14,11819.837132625087
Nifty Auto TRI,2018-03-15,11810.701804597024
Nifty Auto TRI,2018-03-16,11607.596618902808
Nifty Auto TRI,2018-03-19,11529.026998778772
Nifty Auto TRI,2018-03-20,11595.179861631645
Nifty Auto TRI,2018-03-21,11579.463039270537
Nifty Auto TRI,2018-03-22,11476.68620763962
Nifty Auto TRI,2018-03-23,11370.69600725277
Nifty Auto TRI,2018-03-26,11546.191666517889
Nifty Auto TRI,2018-03-27,11592.206907074902
Nifty Auto TRI,2018-03-28,11568.575550397094
Nifty Auto TRI,2018-04-02,11823.65861091919
Nifty Auto TRI,2018-04-03,11925.557176568997
Nifty Auto TRI,2018-04-04,11973.570417259329
Nifty Auto TRI,2018-04-05,12196.41525978055
Nifty Auto TRI,2018-04-06,12237.381428178302
Nifty Auto TRI,2018-04-09,12268.537862621273
Nifty Auto TRI,2018-04-10,12177.222798108663
Nifty Auto TRI,2018-04-11,12249.15397836126
Nifty Auto TRI,2018-04-12,12255.851343405015
Nifty Auto TRI,2018-04-13,12262.334951945708
Nifty Auto TRI,2018-04-16,12305.747403004736
Nifty Auto TRI,2018-04-17,12271.211961225898
Nifty Auto TRI,2018-04-18,12206.778387432509
Nifty Auto TRI,2018-04-19,12228.34494831632
Nifty Auto TRI,2018-04-20,12237.716391710313
Nifty Auto TRI,2018-04-23,12299.803287450773
Nifty Auto TRI,2018-04-24,12327.31162073351
Nifty Auto TRI,2018-04-25,12307.213413264179
Nifty Auto TRI,2018-04-26,12341.036233355837
Nifty Auto TRI,2018-04-27,12391.658921038628
Nifty Auto TRI,2018-04-30,12439.698965199246
Nifty Auto TRI,2018-05-02,12314.590135937067
Nifty Auto TRI,2018-05-03,12254.411672084081
Nifty Auto TRI,2018-05-04,12117.822277031548
Nifty Auto TRI,2018-05-07,12296.36099551516
Nifty Auto TRI,2018-05-08,12240.615729951673
Nifty Auto TRI,2018-05-09,12222.272692303988
Nifty Auto TRI,2018-05-10,12144.099272039934
Nifty Auto TRI,2018-05-11,12173.114835674685
Nifty Auto TRI,2018-05-14,12067.656200309935
Nifty Auto TRI,2018-05-15,11974.909127220184
Nifty Auto TRI,2018-05-16,11951.578188481162
Nifty Auto TRI,2018-05-17,11941.305334092534
Nifty Auto TRI,2018-05-18,11736.034146568836
Nifty Auto TRI,2018-05-21,11490.910623559565
Nifty Auto TRI,2018-05-22,11684.53005550545
Nifty Auto TRI,2018-05-23,11628.262138530501
Nifty Auto TRI,2018-05-24,11436.921402255832
Nifty Auto TRI,2018-05-25,11652.880752077739
Nifty Auto TRI,2018-05-28,11786.777004257912
Nifty Auto TRI,2018-05-29,11834.215874374346
Nifty Auto TRI,2018-05-30,11805.62431146464
Nifty Auto TRI,2018-05-31,11774.139497886992
Nifty Auto TRI,2018-06-01,11862.384491338767
Nifty Auto TRI,2018-06-04,11806.268147471335
Nifty Auto TRI,2018-06-05,11767.710424536606
Nifty Auto TRI,2018-06-06,11948.937769211705
Nifty Auto TRI,2018-06-07,12035.11404863983
Nifty Auto TRI,2018-06-08,12024.83711607883
Nifty Auto TRI,2018-06-11,12040.389375811985
Nifty Auto TRI,2018-06-12,12044.68128714507
Nifty Auto TRI,2018-06-13,12037.295878947401
Nifty Auto TRI,2018-06-14,12044.90861144845
Nifty Auto TRI,2018-06-15,11970.295304855103
Nifty Auto TRI,2018-06-18,12003.845900021577
Nifty Auto TRI,2018-06-19,11872.274201310238
Nifty Auto TRI,2018-06-20,11933.673151983745
Nifty Auto TRI,2018-06-21,11822.399093906311
Nifty Auto TRI,2018-06-22,11881.978154626724
Nifty Auto TRI,2018-06-25,11692.142876555688
Nifty Auto TRI,2018-06-26,11629.928515069927
Nifty Auto TRI,2018-06-27,11484.601317303124
Nifty Auto TRI,2018-06-28,11395.316615583315
Nifty Auto TRI,2018-06-29,11477.563549095761
Nifty Auto TRI,2018-07-02,11432.144081627042
Nifty Auto TRI,2018-07-03,11553.953731432388
Nifty Auto TRI,2018-07-04,11699.189756158594
Nifty Auto TRI,2018-07-05,11711.728990340722
Nifty Auto TRI,2018-07-06,11864.374203520749
Nifty Auto TRI,2018-07-09,11938.030058390827
Nifty Auto TRI,2018-07-10,12049.369398507748
Nifty Auto TRI,2018-07-11,11929.83558424953
Nifty Auto TRI,2018-07-12,11834.310615397046
Nifty Auto TRI,2018-07-13,11797.160400249353
Nifty Auto TRI,2018-07-16,11618.092852413374
Nifty Auto TRI,2018-07-17,11758.343038650944
Nifty Auto TRI,2018-07-18,11590.255003532058
Nifty Auto TRI,2018-07-19,11580.276642050918
Nifty Auto TRI,2018-07-20,11530.941307071955
Nifty Auto TRI,2018-07-23,11551.08021832226
Nifty Auto TRI,2018-07-24,11648.670246390837
Nifty Auto TRI,2018-07-25,11593.913982361826
Nifty Auto TRI,2018-07-26,11551.381186522342
Nifty Auto TRI,2018-07-27,11664.102144363653
Nifty Auto TRI,2018-07-30,11718.957055329534
Nifty Auto TRI,2018-07-31,11771.516903414016
Nifty Auto TRI,2018-08-01,11682.103563456161
Nifty Auto TRI,2018-08-02,11514.58994916188
Nifty Auto TRI,2018-08-03,11559.584524042964
Nifty Auto TRI,2018-08-06,11611.490771552975
Nifty Auto TRI,2018-08-07,11647.05257226183
Nifty Auto TRI,2018-08-08,11610.407169977701
Nifty Auto TRI,2018-08-09,11602.783142104628
Nifty Auto TRI,2018-08-10,11630.621848546349
Nifty Auto TRI,2018-08-13,11542.77524899417
Nifty Auto TRI,2018-08-14,11592.935734860914
Nifty Auto TRI,2018-08-16,11623.401182652278
Nifty Auto TRI,2018-08-17,11674.962882404192
Nifty Auto TRI,2018-08-20,11803.852555352078
Nifty Auto TRI,2018-08-21,11784.15644572856
Nifty Auto TRI,2018-08-23,11763.706381995635
Nifty Auto TRI,2018-08-24,11703.272876694524
Nifty Auto TRI,2018-08-27,11801.433439214139
Nifty Auto TRI,2018-08-28,11856.075498344464
Nifty Auto TRI,2018-08-29,11870.354584266048
Nifty Auto TRI,2018-08-30,11817.48149722012
Nifty Auto TRI,2018-08-31,11819.575305641909
Nifty Auto TRI,2018-09-03,11741.518033933853
Nifty Auto TRI,2018-09-04,11546.903013248477
Nifty Auto TRI,2018-09-05,11584.048058129365
Nifty Auto TRI,2018-09-06,11595.261874296017
Nifty Auto TRI,2018-09-07,11851.25226624397
Nifty Auto TRI,2018-09-10,11645.227318007017
Nifty Auto TRI,2018-09-11,11471.031622699
Nifty Auto TRI,2018-09-12,11483.533097332149
Nifty Auto TRI,2018-09-14,11628.02312507124
Nifty Auto TRI,2018-09-17,11525.966753114093
Nifty Auto TRI,2018-09-18,11348.888709625973
Nifty Auto TRI,2018-09-19,11308.648350241996
Nifty Auto TRI,2018-09-21,11179.821199651231
Nifty Auto TRI,2018-09-24,10744.136470527732
Nifty Auto TRI,2018-09-25,10851.272045558913
Nifty Auto TRI,2018-09-26,10746.011328744748
Nifty Auto TRI,2018-09-27,10545.607487996167
Nifty Auto TRI,2018-09-28,10303.987957393409
Nifty Auto TRI,2018-10-01,10379.29352125285
Nifty Auto TRI,2018-10-03,10074.412629889757
Nifty Auto TRI,2018-10-04,9893.832296933802
Nifty Auto TRI,2018-10-05,9580.41744230661
Nifty Auto TRI,2018-10-08,9639.235124093188
Nifty Auto TRI,2018-10-09,9385.643722564262
Nifty Auto TRI,2018-10-10,9632.076323985113
Nifty Auto TRI,2018-10-11,9393.24839937087
Nifty Auto TRI,2018-10-12,9764.268203022004
Nifty Auto TRI,2018-10-15,9711.48080403091
Nifty Auto TRI,2018-10-16,9785.16531673246
Nifty Auto TRI,2018-10-17,9497.122163918306
Nifty Auto TRI,2018-10-19,9342.350160420488
Nifty Auto TRI,2018-10-22,9354.080214320484
Nifty Auto TRI,2018-10-23,9299.179790171482
Nifty Auto TRI,2018-10-24,9315.292099273664
Nifty Auto TRI,2018-10-25,9226.356674191307
Nifty Auto TRI,2018-10-26,9223.489401643306
Nifty Auto TRI,2018-10-29,9381.080908502196
Nifty Auto TRI,2018-10-30,9403.595595158204
Nifty Auto TRI,2018-10-31,9485.527829064167
Nifty Auto TRI,2018-11-01,9478.957752149969
Nifty Auto TRI,2018-11-02,9872.830038033846
Nifty Auto TRI,2018-11-05,9845.08167927277
Nifty Auto TRI,2018-11-06,9820.396559802459
Nifty Auto TRI,2018-11-07,9896.278195120254
Nifty Auto TRI,2018-11-09,9979.64271563165
Nifty Auto TRI,2018-11-12,9737.071903553015
Nifty Auto TRI,2018-11-13,9818.45068954827
Nifty Auto TRI,2018-11-14,9737.49528302903
Nifty Auto TRI,2018-11-15,9798.921028575784
Nifty Auto TRI,2018-11-16,9803.598579026788
Nifty Auto TRI,2018-11-19,9906.938369315336
Nifty Auto TRI,2018-11-20,9827.586059654324
Nifty Auto TRI,2018-11-21,9812.41248882464
Nifty Auto TRI,2018-11-22,9751.723092071346
Nifty Auto TRI,2018-11-26,9856.257142671875
Nifty Auto TRI,2018-11-27,9863.198187556402
Nifty Auto TRI,2018-11-28,9789.692887547879
Nifty Auto TRI,2018-11-29,9903.663666365048
Nifty Auto TRI,2018-11-30,9977.228012387666
Nifty Auto TRI,2018-12-03,9967.709803828942
Nifty Auto TRI,2018-12-04,9915.884893100121
Nifty Auto TRI,2018-12-05,9680.097322734106
Nifty Auto TRI,2018-12-06,9463.457405479649
Nifty Auto TRI,2018-12-07,9548.11015963872
Nifty Auto TRI,2018-12-10,9456.790855689627
Nifty Auto TRI,2018-12-11,9524.389071244093
Nifty Auto TRI,2018-12-12,9868.468021407525
Nifty Auto TRI,2018-12-13,9963.535699311404
Nifty Auto TRI,2018-12-14,9982.433478958992
Nifty Auto TRI,2018-12-17,10052.485288573895
Nifty Auto TRI,2018-12-18,10125.981328233918
Nifty Auto TRI,2018-12-19,10238.139843007413
Nifty Auto TRI,2018-12-20,10256.56335321115
Nifty Auto TRI,2018-12-21,10055.142461700527
Nifty Auto TRI,2018-12-24,9915.419327165519
Nifty Auto TRI,2018-12-26,9937.769471406928
Nifty Auto TRI,2018-12-27,9891.833874997214
Nifty Auto TRI,2018-12-28,9934.864047053195
Nifty Auto TRI,2018-12-31,9948.332876266768
Nifty Auto TRI,2019-01-01,9891.404597968638
Nifty Auto TRI,2019-01-02,9590.26339770085
Nifty Auto TRI,2019-01-03,9444.769701058362
Nifty Auto TRI,2019-01-04,9490.273418364106
Nifty Auto TRI,2019-01-07,9502.523623503628
Nifty Auto TRI,2019-01-08,9545.502345324667
Nifty Auto TRI,2019-01-09,9596.88618939747
Nifty Auto TRI,2019-01-10,9625.431268099663
Nifty Auto TRI,2019-01-11,9549.190918863138
Nifty Auto TRI,2019-01-14,9536.340512085279
Nifty Auto TRI,2019-01-15,9578.304354516245
Nifty Auto TRI,2019-01-16,9555.23379899239
Nifty Auto TRI,2019-01-17,9567.833725360199
Nifty Auto TRI,2019-01-18,9532.098561532728
Nifty Auto TRI,2019-01-21,9427.307435198605
Nifty Auto TRI,2019-01-22,9350.28512497134
Nifty Auto TRI,2019-01-23,9282.74245743966
Nifty Auto TRI,2019-01-24,9202.154143142456
Nifty Auto TRI,2019-01-25,8903.337921538037
Nifty Auto TRI,2019-01-28,8778.155389997753
Nifty Auto TRI,2019-01-29,8754.085176797651
Nifty Auto TRI,2019-01-30,8752.11332679948
Nifty Auto TRI,2019-01-31,8860.161113752616
Nifty Auto TRI,2019-02-01,9100.66058663209
Nifty Auto TRI,2019-02-04,9052.130177913483
Nifty Auto TRI,2019-02-05,9130.818390252918
Nifty Auto TRI,2019-02-06,9237.923784899418
Nifty Auto TRI,2019-02-07,9420.73039680965
Nifty Auto TRI,2019-02-08,9079.858849313827
Nifty Auto TRI,2019-02-11,8972.70610510594
Nifty Auto TRI,2019-02-12,8927.44013634522
Nifty Auto TRI,2019-02-14,8868.87871212693
Nifty Auto TRI,2019-02-15,8771.190111266531
Nifty Auto TRI,2019-02-18,8701.959093328167
Nifty Auto TRI,2019-02-19,8708.344128606383
Nifty Auto TRI,2019-02-20,8760.465782019324
Nifty Auto TRI,2019-02-21,8798.728801441841
Nifty Auto TRI,2019-02-22,8930.79008390743
Nifty Auto TRI,2019-02-25,9031.31111193037
Nifty Auto TRI,2019-02-26,9061.386781133795
Nifty Auto TRI,2019-02-27,9084.236418794648
Nifty Auto TRI,2019-02-28,9014.463211451119
Nifty Auto TRI,2019-03-01,9077.826801308987
Nifty Auto TRI,2019-03-05,9362.5535030832
Nifty Auto TRI,2019-03-06,9335.993667887858
Nifty Auto TRI,2019-03-07,9318.928394905235
Nifty Auto TRI,2019-03-08,9261.878978735203
Nifty Auto TRI,2019-03-11,9478.591378102641
Nifty Auto TRI,2019-03-12,9500.650940095022
Nifty Auto TRI,2019-03-13,9462.756121364826
Nifty Auto TRI,2019-03-14,9417.628613218181
Nifty Auto TRI,2019-03-15,9442.22435164136
Nifty Auto TRI,2019-03-18,9312.383816679185
Nifty Auto TRI,2019-03-19,9247.869340348218
Nifty Auto TRI,2019-03-20,9116.476171117367
Nifty Auto TRI,2019-03-22,8999.840878264733
Nifty Auto TRI,2019-03-25,8894.717363704132
Nifty Auto TRI,2019-03-26,8947.540085128127
Nifty Auto TRI,2019-03-27,8870.15264305217
Nifty Auto TRI,2019-03-28,8890.801690629134
Nifty Auto TRI,2019-04-01,9086.251481674431
Nifty Auto TRI,2019-04-02,9183.634553673532
Nifty Auto TRI,2019-04-03,9158.345486068047
Nifty Auto TRI,2019-04-04,9218.746809398948
Nifty Auto TRI,2019-04-05,9249.507095533121
Nifty Auto TRI,2019-04-08,9208.897061280806
Nifty Auto TRI,2019-04-09,9313.376360494127
Nifty Auto TRI,2019-04-10,9337.068827188235
Nifty Auto TRI,2019-04-11,9386.523641072714
Nifty Auto TRI,2019-04-12,9481.18712243825
Nifty Auto TRI,2019-04-15,9626.878789213042
Nifty Auto TRI,2019-04-16,9704.868364765922
Nifty Auto TRI,2019-04-18,9693.621944157352
Nifty Auto TRI,2019-04-22,9523.153726150722
Nifty Auto TRI,2019-04-23,9381.86775666534
Nifty Auto TRI,2019-04-24,9342.305228995083
Nifty Auto TRI,2019-04-25,9279.725916059748
Nifty Auto TRI,2019-04-26,9178.294795762875
Nifty Auto TRI,2019-04-30,9024.537790616665
Nifty Auto TRI,2019-05-02,9006.926705183218
Nifty Auto TRI,2019-05-03,9058.618492888074
Nifty Auto TRI,2019-05-06,8937.219193102277
Nifty Auto TRI,2019-05-07,8870.229764150114
Nifty Auto TRI,2019-05-08,8751.18947891402
Nifty Auto TRI,2019-05-09,8759.643366976792
Nifty Auto TRI,2019-05-10,8748.747918030103
Nifty Auto TRI,2019-05-13,8582.380468226358
Nifty Auto TRI,2019-05-14,8600.83121454343
Nifty Auto TRI,2019-05-15,8494.410473054257
Nifty Auto TRI,2019-05-16,8532.536911394398
Nifty Auto TRI,2019-05-17,8742.361247050034
Nifty Auto TRI,2019-05-20,9106.768699442306
Nifty Auto TRI,2019-05-21,8877.073920654377
Nifty Auto TRI,2019-05-22,8917.433541483897
Nifty Auto TRI,2019-05-23,8885.614114068576
Nifty Auto TRI,2019-05-24,9149.017416054025
Nifty Auto TRI,2019-05-27,9151.874310848003
Nifty Auto TRI,2019-05-28,9082.905712428901
Nifty Auto TRI,2019-05-29,8957.36799909467
Nifty Auto TRI,2019-05-30,8907.64240254287
Nifty Auto TRI,2019-05-31,8842.771432057614
Nifty Auto TRI,2019-06-03,9008.671003425989
Nifty Auto TRI,2019-06-04,8978.627809411342
Nifty Auto TRI,2019-06-06,8899.334625048492
Nifty Auto TRI,2019-06-07,8862.307996227435
Nifty Auto TRI,2019-06-10,8889.701901820536
Nifty Auto TRI,2019-06-11,8915.477505726421
Nifty Auto TRI,2019-06-12,8814.772605866052
Nifty Auto TRI,2019-06-13,8782.552699241722
Nifty Auto TRI,2019-06-14,8690.440507499787
Nifty Auto TRI,2019-06-17,8544.523597809894
Nifty Auto TRI,2019-06-18,8504.987401686325
Nifty Auto TRI,2019-06-19,8410.907358173758
Nifty Auto TRI,2019-06-20,8620.273173382295
Nifty Auto TRI,2019-06-21,8515.314329055916
Nifty Auto TRI,2019-06-24,8477.100468035012
Nifty Auto TRI,2019-06-25,8527.06584739877
Nifty Auto TRI,2019-06-26,8533.034577437908
Nifty Auto TRI,2019-06-27,8628.411681752114
Nifty Auto TRI,2019-06-28,8581.668261416356
Nifty Auto TRI,2019-07-01,8691.813765816652
Nifty Auto TRI,2019-07-02,8709.912824810044
Nifty Auto TRI,2019-07-03,8703.492277619562
Nifty Auto TRI,2019-07-04,8744.544399019169
Nifty Auto TRI,2019-07-05,8497.83000317331
Nifty Auto TRI,2019-07-08,8221.559658483297
Nifty Auto TRI,2019-07-09,8221.783637547114
Nifty Auto TRI,2019-07-10,8133.055896763732
Nifty Auto TRI,2019-07-11,8284.657025402026
Nifty Auto TRI,2019-07-12,8287.806119282632
Nifty Auto TRI,2019-07-15,8310.79226621399
Nifty Auto TRI,2019-07-16,8368.253995470066
Nifty Auto TRI,2019-07-17,8282.978576660149
Nifty Auto TRI,2019-07-18,8056.363133892474
Nifty Auto TRI,2019-07-19,7790.203001158321
Nifty Auto TRI,2019-07-22,7820.626374426451
Nifty Auto TRI,2019-07-23,7773.612622564613
Nifty Auto TRI,2019-07-24,7622.229369676465
Nifty Auto TRI,2019-07-25,7594.109865041996
Nifty Auto TRI,2019-07-26,7757.8365355540745
Nifty Auto TRI,2019-07-29,7481.3477445268045
Nifty Auto TRI,2019-07-30,7327.764443827674
Nifty Auto TRI,2019-07-31,7423.196352226826
Nifty Auto TRI,2019-08-01,7428.2201317087165
Nifty Auto TRI,2019-08-02,7512.554332817591
Nifty Auto TRI,2019-08-05,7416.568632882798
Nifty Auto TRI,2019-08-06,7522.800504463341
Nifty Auto TRI,2019-08-07,7360.624289468833
Nifty Auto TRI,2019-08-08,7583.894991273823
Nifty Auto TRI,2019-08-09,7734.679035768681
Nifty Auto TRI,2019-08-13,7430.269453781244
Nifty Auto TRI,2019-08-14,7499.078143320281
Nifty Auto TRI,2019-08-16,7585.548006754629
Nifty Auto TRI,2019-08-19,7543.567316609238
Nifty Auto TRI,2019-08-20,7631.956966171751
Nifty Auto TRI,2019-08-21,7590.266945477224
Nifty Auto TRI,2019-08-22,7460.656718504152
Nifty Auto TRI,2019-08-23,7576.045211304412
Nifty Auto TRI,2019-08-26,7613.960266729263
Nifty Auto TRI,2019-08-27,7755.332638494761
Nifty Auto TRI,2019-08-28,7609.821088068586
Nifty Auto TRI,2019-08-29,7557.549664298228
Nifty Auto TRI,2019-08-30,7600.205916572699
Nifty Auto TRI,2019-09-03,7480.06717017158
Nifty Auto TRI,2019-09-04,7354.79977203566
Nifty Auto TRI,2019-09-05,7506.502262838537
Nifty Auto TRI,2019-09-06,7702.677921852462
Nifty Auto TRI,2019-09-09,7771.528614081209
Nifty Auto TRI,2019-09-11,8052.064905141364
Nifty Auto TRI,2019-09-12,7900.861822688876
Nifty Auto TRI,2019-09-13,7984.166476708832
Nifty Auto TRI,2019-09-16,7919.7847318244385
Nifty Auto TRI,2019-09-17,7616.355280914769
Nifty Auto TRI,2019-09-18,7607.178800068133
Nifty Auto TRI,2019-09-19,7508.118231247767
Nifty Auto TRI,2019-09-20,8251.7667108075
Nifty Auto TRI,2019-09-23,8465.971349757649
Nifty Auto TRI,2019-09-24,8434.301861734672
Nifty Auto TRI,2019-09-25,8105.972213854705
Nifty Auto TRI,2019-09-26,8311.602453036026
Nifty Auto TRI,2019-09-27,8197.347609969387
Nifty Auto TRI,2019-09-30,8131.7105838962925
Nifty Auto TRI,2019-10-01,8100.405848853828
Nifty Auto TRI,2019-10-03,8133.026486707416
Nifty Auto TRI,2019-10-04,8036.815709071041
Nifty Auto TRI,2019-10-07,7983.798556329326
Nifty Auto TRI,2019-10-09,8098.534963076927
Nifty Auto TRI,2019-10-10,7989.009924123977
Nifty Auto TRI,2019-10-11,8029.826826630184
Nifty Auto TRI,2019-10-14,8164.342007607074
Nifty Auto TRI,2019-10-15,8346.847107867878
Nifty Auto TRI,2019-10-16,8331.386033071885
Nifty Auto TRI,2019-10-17,8592.403632208228
Nifty Auto TRI,2019-10-18,8647.73960495987
Nifty Auto TRI,2019-10-22,8618.168951994905
Nifty Auto TRI,2019-10-23,8726.939597608156
Nifty Auto TRI,2019-10-24,8700.89765007331
Nifty Auto TRI,2019-10-25,8672.845677913461
Nifty Auto TRI,2019-10-29,9177.078765862316
Nifty Auto TRI,2019-10-30,9154.6838788337
Nifty Auto TRI,2019-10-31,9177.307258975752
Nifty Auto TRI,2019-11-01,9116.080719737645
Nifty Auto TRI,2019-11-04,8994.566993068494
Nifty Auto TRI,2019-11-05,8968.5248047962
Nifty Auto TRI,2019-11-06,8971.701331610939
Nifty Auto TRI,2019-11-07,8951.36039031509
Nifty Auto TRI,2019-11-08,8875.286026557438
Nifty Auto TRI,2019-11-11,8864.44070109949
Nifty Auto TRI,2019-11-13,8855.362522330423
Nifty Auto TRI,2019-11-14,8899.826053397594
Nifty Auto TRI,2019-11-15,8859.865048165904
Nifty Auto TRI,2019-11-18,8822.664535581845
Nifty Auto TRI,2019-11-19,8763.082351868246
Nifty Auto TRI,2019-11-20,8784.89221138894
Nifty Auto TRI,2019-11-21,8699.114772861454
Nifty Auto TRI,2019-11-22,8732.281735140828
Nifty Auto TRI,2019-11-25,8884.940500661645
Nifty Auto TRI,2019-11-26,8803.827552692264
Nifty Auto TRI,2019-11-27,8915.96706847113
Nifty Auto TRI,2019-11-28,8891.101499593544
Nifty Auto TRI,2019-11-29,8789.437979294633
Nifty Auto TRI,2019-12-02,8710.527489170903
Nifty Auto TRI,2019-12-03,8658.039808037143
Nifty Auto TRI,2019-12-04,8693.390172646796
Nifty Auto TRI,2019-12-05,8634.104325308816
Nifty Auto TRI,2019-12-06,8487.350169920199
Nifty Auto TRI,2019-12-09,8549.69291405423
Nifty Auto TRI,2019-12-10,8482.566655784607
Nifty Auto TRI,2019-12-11,8523.083849215669
Nifty Auto TRI,2019-12-12,8635.642672498358
Nifty Auto TRI,2019-12-13,8775.066311211775
Nifty Auto TRI,2019-12-16,8689.979481632534
Nifty Auto TRI,2019-12-17,8743.613938628198
Nifty Auto TRI,2019-12-18,8790.019161395283
Nifty Auto TRI,2019-12-19,8880.691377015868
Nifty Auto TRI,2019-12-20,8846.183750074199
Nifty Auto TRI,2019-12-23,8897.974741750346
Nifty Auto TRI,2019-12-24,8867.869444696391
Nifty Auto TRI,2019-12-26,8843.387530464224
Nifty Auto TRI,2019-12-27,8926.575562718976
Nifty Auto TRI,2019-12-30,9057.3107349749
Nifty Auto TRI,2019-12-31,8973.676472840245
Nifty Auto TRI,2020-01-01,8932.360190942944
Nifty Auto TRI,2020-01-02,8995.001077662177
Nifty Auto TRI,2020-01-03,8887.204282115294
Nifty Auto TRI,2020-01-06,8681.840741477256
Nifty Auto TRI,2020-01-07,8707.920823760858
Nifty Auto TRI,2020-01-08,8643.13931560866
Nifty Auto TRI,2020-01-09,8874.619265660502
Nifty Auto TRI,2020-01-10,8951.309825114231
Nifty Auto TRI,2020-01-13,8963.30519274375
Nifty Auto TRI,2020-01-14,9021.72230451026
Nifty Auto TRI,2020-01-15,9126.507463523672
Nifty Auto TRI,2020-01-16,9138.239744438559
Nifty Auto TRI,2020-01-17,9172.991601360547
Nifty Auto TRI,2020-01-20,9092.210647436506
Nifty Auto TRI,2020-01-21,8976.199800083774
Nifty Auto TRI,2020-01-22,8892.894154810892
Nifty Auto TRI,2020-01-23,8972.170665269392
Nifty Auto TRI,2020-01-24,9008.44911926301
Nifty Auto TRI,2020-01-27,8991.00422881318
Nifty Auto TRI,2020-01-28,8880.084833314555
Nifty Auto TRI,2020-01-29,8950.391826107481
Nifty Auto TRI,2020-01-30,8908.225438465719
Nifty Auto TRI,2020-01-31,8805.134719493542
Nifty Auto TRI,2020-02-03,8698.919727744376
Nifty Auto TRI,2020-02-04,8821.612238797026
Nifty Auto TRI,2020-02-05,8855.50340159637
Nifty Auto TRI,2020-02-06,8867.12479732994
Nifty Auto TRI,2020-02-07,8782.909243674101
Nifty Auto TRI,2020-02-10,8561.38398463387
Nifty Auto TRI,2020-02-11,8596.307968500874
Nifty Auto TRI,2020-02-12,8641.635665761754
Nifty Auto TRI,2020-02-13,8621.284418756877
Nifty Auto TRI,2020-02-14,8520.54361855426
Nifty Auto TRI,2020-02-17,8464.91956822634
Nifty Auto TRI,2020-02-18,8379.95921164594
Nifty Auto TRI,2020-02-19,8374.795168949668
Nifty Auto TRI,2020-02-20,8386.51686187199
Nifty Auto TRI,2020-02-24,8094.55354055903
Nifty Auto TRI,2020-02-25,8026.0199673295365
Nifty Auto TRI,2020-02-26,7854.0222948411665
Nifty Auto TRI,2020-02-27,7822.5269629158565
Nifty Auto TRI,2020-02-28,7523.183672535476
Nifty Auto TRI,2020-03-02,7472.524001089669
Nifty Auto TRI,2020-03-03,7614.130601362581
Nifty Auto TRI,2020-03-04,7562.2438418308
Nifty Auto TRI,2020-03-05,7578.688827180098
Nifty Auto TRI,2020-03-06,7514.86364082124
Nifty Auto TRI,2020-03-09,7228.97398193985
Nifty Auto TRI,2020-03-11,7159.932066526711
Nifty Auto TRI,2020-03-12,6576.880238848277
Nifty Auto TRI,2020-03-13,6739.049614419347
Nifty Auto TRI,2020-03-16,6370.786831369011
Nifty Auto TRI,2020-03-17,6327.514733129043
Nifty Auto TRI,2020-03-18,6014.40171112973
Nifty Auto TRI,2020-03-19,5648.229291736881
Nifty Auto TRI,2020-03-20,5855.161530051041
Nifty Auto TRI,2020-03-23,5044.7602603452015
Nifty Auto TRI,2020-03-24,5117.793382851932
Nifty Auto TRI,2020-03-25,5382.697432876406
Nifty Auto TRI,2020-03-26,5519.319347052732
Nifty Auto TRI,2020-03-27,5385.77187345665
Nifty Auto TRI,2020-03-30,5092.236926215174
Nifty Auto TRI,2020-03-31,5160.159009372786
Nifty Auto TRI,2020-04-01,5079.862474553456
Nifty Auto TRI,2020-04-03,4927.6551186875395
Nifty Auto TRI,2020-04-07,5401.403066614272
Nifty Auto TRI,2020-04-08,5501.9661063334015
Nifty Auto TRI,2020-04-09,6074.680446155826
Nifty Auto TRI,2020-04-13,5926.580486078422
Nifty Auto TRI,2020-04-15,5818.7764013733295
Nifty Auto TRI,2020-04-16,5885.65671094704
Nifty Auto TRI,2020-04-17,6185.610026138351
Nifty Auto TRI,2020-04-20,6101.1082948581925
Nifty Auto TRI,2020-04-21,5777.222520212529
Nifty Auto TRI,2020-04-22,5922.304450683364
Nifty Auto TRI,2020-04-23,5963.826962430871
Nifty Auto TRI,2020-04-24,5868.495756572625
Nifty Auto TRI,2020-04-27,5930.041983753184
Nifty Auto TRI,2020-04-28,5945.374934617601
Nifty Auto TRI,2020-04-29,6051.030753917847
Nifty Auto TRI,2020-04-30,6441.582887347921
Nifty Auto TRI,2020-05-04,5978.114044482665
Nifty Auto TRI,2020-05-05,5951.748678895988
Nifty Auto TRI,2020-05-06,6061.627993427118
Nifty Auto TRI,2020-05-07,6025.3290237113315
Nifty Auto TRI,2020-05-08,5947.704370875787
Nifty Auto TRI,2020-05-11,6201.448055268519
Nifty Auto TRI,2020-05-12,6233.554830293991
Nifty Auto TRI,2020-05-13,6381.84367594425
Nifty Auto TRI,2020-05-14,6337.738598602225
Nifty Auto TRI,2020-05-15,6274.194600710812
Nifty Auto TRI,2020-05-18,5929.995042129415
Nifty Auto TRI,2020-05-19,5991.423500737262
Nifty Auto TRI,2020-05-20,6120.0756657875245
Nifty Auto TRI,2020-05-21,6279.806983139015
Nifty Auto TRI,2020-05-22,6298.654603702811
Nifty Auto TRI,2020-05-26,6394.699292741149
Nifty Auto TRI,2020-05-27,6441.462140597158
Nifty Auto TRI,2020-05-28,6676.8785712911595
Nifty Auto TRI,2020-05-29,6793.400792817439
Nifty Auto TRI,2020-06-01,7013.218315956843
Nifty Auto TRI,2020-06-02,7070.0015152415845
Nifty Auto TRI,2020-06-03,7100.075368267719
Nifty Auto TRI,2020-06-04,7114.144723213449
Nifty Auto TRI,2020-06-05,7242.610341011348
Nifty Auto TRI,2020-06-08,7223.315022842516
Nifty Auto TRI,2020-06-09,7187.616223535705
Nifty Auto TRI,2020-06-10,7105.800483381869
Nifty Auto TRI,2020-06-11,6964.970458626038
Nifty Auto TRI,2020-06-12,7168.204855280654
Nifty Auto TRI,2020-06-15,7041.576865423939
Nifty Auto TRI,2020-06-16,7050.566597253537
Nifty Auto TRI,2020-06-17,7108.0847973086275
Nifty Auto TRI,2020-06-18,7143.691300919902
Nifty Auto TRI,2020-06-19,7251.65804496627
Nifty Auto TRI,2020-06-22,7355.659219579091
Nifty Auto TRI,2020-06-23,7421.557529153133
Nifty Auto TRI,2020-06-24,7371.036132283204
Nifty Auto TRI,2020-06-25,7365.825914884588
Nifty Auto TRI,2020-06-26,7359.030009664963
Nifty Auto TRI,2020-06-29,7266.043141279599
Nifty Auto TRI,2020-06-30,7346.383440526423
Nifty Auto TRI,2020-07-01,7345.982431854053
Nifty Auto TRI,2020-07-02,7552.2902872470995
Nifty Auto TRI,2020-07-03,7622.421168753856
Nifty Auto TRI,2020-07-06,7842.515612196496
Nifty Auto TRI,2020-07-07,7873.129981953911
Nifty Auto TRI,2020-07-08,7720.0236893166975
Nifty Auto TRI,2020-07-09,7748.941483799968
Nifty Auto TRI,2020-07-10,7700.485250047755
Nifty Auto TRI,2020-07-13,7748.528241401634
Nifty Auto TRI,2020-07-14,7564.494033351614
Nifty Auto TRI,2020-07-15,7581.161543395853
Nifty Auto TRI,2020-07-16,7674.179387545319
Nifty Auto TRI,2020-07-17,7807.182539519571
Nifty Auto TRI,2020-07-20,7849.992566692028
Nifty Auto TRI,2020-07-21,7981.3740159818935
Nifty Auto TRI,2020-07-22,7881.161950085535
Nifty Auto TRI,2020-07-23,7987.607067361078
Nifty Auto TRI,2020-07-24,7897.673805457601
Nifty Auto TRI,2020-07-27,7863.087830597402
Nifty Auto TRI,2020-07-28,8115.456529453906
Nifty Auto TRI,2020-07-29,8020.864059425178
Nifty Auto TRI,2020-07-30,7974.686729386134
Nifty Auto TRI,2020-07-31,7966.040257649229
Nifty Auto TRI,2020-08-03,7923.4639784432675
Nifty Auto TRI,2020-08-04,8048.112548787632
Nifty Auto TRI,2020-08-05,8196.24295628489
Nifty Auto TRI,2020-08-06,8206.480381490419
Nifty Auto TRI,2020-08-07,8268.214084095513
Nifty Auto TRI,2020-08-10,8342.061565046242
Nifty Auto TRI,2020-08-11,8352.19529431121
Nifty Auto TRI,2020-08-12,8521.762030157042
Nifty Auto TRI,2020-08-13,8625.658844124782
Nifty Auto TRI,2020-08-14,8404.656611825187
Nifty Auto TRI,2020-08-17,8611.052733243947
Nifty Auto TRI,2020-08-18,8694.821692966523
Nifty Auto TRI,2020-08-19,8694.511144842629
Nifty Auto TRI,2020-08-20,8662.175618379051
Nifty Auto TRI,2020-08-21,8687.703899929846
Nifty Auto TRI,2020-08-24,8703.414990126206
Nifty Auto TRI,2020-08-25,8742.19699309291
Nifty Auto TRI,2020-08-26,8870.446304110172
Nifty Auto TRI,2020-08-27,8961.031983531375
Nifty Auto TRI,2020-08-28,8883.359216849614
Nifty Auto TRI,2020-08-31,8586.738895759561
Nifty Auto TRI,2020-09-01,8636.915337974175
Nifty Auto TRI,2020-09-02,8736.819117376826
Nifty Auto TRI,2020-09-03,8816.574608254354
Nifty Auto TRI,2020-09-04,8758.762956386614
Nifty Auto TRI,2020-09-07,8717.086877434835
Nifty Auto TRI,2020-09-08,8640.807966603403
Nifty Auto TRI,2020-09-09,8657.585025253478
Nifty Auto TRI,2020-09-10,8703.722091931282
Nifty Auto TRI,2020-09-11,8716.886206953044
Nifty Auto TRI,2020-09-14,8803.659618240716
Nifty Auto TRI,2020-09-15,8801.872403233936
Nifty Auto TRI,2020-09-16,8936.551836318904
Nifty Auto TRI,2020-09-17,8906.6082799523
Nifty Auto TRI,2020-09-18,8943.065303683032
Nifty Auto TRI,2020-09-21,8582.721846096772
Nifty Auto TRI,2020-09-22,8432.878109391291
Nifty Auto TRI,2020-09-23,8428.340639289721
Nifty Auto TRI,2020-09-24,8130.42687184312
Nifty Auto TRI,2020-09-25,8405.346763847472
Nifty Auto TRI,2020-09-28,8661.464279762355
Nifty Auto TRI,2020-09-29,8686.526520546475
Nifty Auto TRI,2020-09-30,8668.019854836219
Nifty Auto TRI,2020-10-01,8731.831171790634
Nifty Auto TRI,2020-10-05,8723.84845733048
Nifty Auto TRI,2020-10-06,8833.877756423371
Nifty Auto TRI,2020-10-07,8956.8492040427
Nifty Auto TRI,2020-10-08,8972.058584887218
Nifty Auto TRI,2020-10-09,8950.156270600082
Nifty Auto TRI,2020-10-12,8884.004188961168
Nifty Auto TRI,2020-10-13,8829.805985745232
Nifty Auto TRI,2020-10-14,8806.142252980024
Nifty Auto TRI,2020-10-15,8701.443424597679
Nifty Auto TRI,2020-10-16,8728.107962536338
Nifty Auto TRI,2020-10-19,8631.108686173591
Nifty Auto TRI,2020-10-20,8660.241743189816
Nifty Auto TRI,2020-10-21,8640.023396421995
Nifty Auto TRI,2020-10-22,8625.014044251127
Nifty Auto TRI,2020-10-23,8878.002375681477
Nifty Auto TRI,2020-10-26,8592.499413999387
Nifty Auto TRI,2020-10-27,8699.132834699927
Nifty Auto TRI,2020-10-28,8690.704182341387
Nifty Auto TRI,2020-10-29,8607.571971685351
Nifty Auto TRI,2020-10-30,8510.887291137511
Nifty Auto TRI,2020-11-02,8482.894367109428
Nifty Auto TRI,2020-11-03,8611.048548583412
Nifty Auto TRI,2020-11-04,8669.321708612402
Nifty Auto TRI,2020-11-05,8772.417512271199
Nifty Auto TRI,2020-11-06,8784.286917355219
Nifty Auto TRI,2020-11-09,8852.542783275323
Nifty Auto TRI,2020-11-10,8918.184260098307
Nifty Auto TRI,2020-11-11,9058.833197645734
Nifty Auto TRI,2020-11-12,9090.73893024602
Nifty Auto TRI,2020-11-13,9118.25783225942
Nifty Auto TRI,2020-11-17,9247.277511331236
Nifty Auto TRI,2020-11-18,9534.046730534732
Nifty Auto TRI,2020-11-19,9470.317306404475
Nifty Auto TRI,2020-11-20,9532.536043483884
Nifty Auto TRI,2020-11-23,9592.426265949061
Nifty Auto TRI,2020-11-24,9756.635314878828
Nifty Auto TRI,2020-11-25,9592.784902066078
Nifty Auto TRI,2020-11-26,9625.211481087901
Nifty Auto TRI,2020-11-27,9761.43915921266
Nifty Auto TRI,2020-12-01,9867.412592062923
Nifty Auto TRI,2020-12-02,9984.670608070757
Nifty Auto TRI,2020-12-03,10151.399987468154
Nifty Auto TRI,2020-12-04,10214.1552461313
Nifty Auto TRI,2020-12-07,10224.762738305217
Nifty Auto TRI,2020-12-08,10210.490721439812
Nifty Auto TRI,2020-12-09,10205.772352627433
Nifty Auto TRI,2020-12-10,10104.520105189911
Nifty Auto TRI,2020-12-11,10091.72689880788
Nifty Auto TRI,2020-12-14,9987.27558791113
Nifty Auto TRI,2020-12-15,10049.77050961226
Nifty Auto TRI,2020-12-16,10148.185503958532
Nifty Auto TRI,2020-12-17,10089.257482763876
Nifty Auto TRI,2020-12-18,10071.353121731407
Nifty Auto TRI,2020-12-21,9606.777187817455
Nifty Auto TRI,2020-12-22,9687.893599536252
Nifty Auto TRI,2020-12-23,9817.079464936314
Nifty Auto TRI,2020-12-24,9863.599011470149
Nifty Auto TRI,2020-12-28,9962.243104944553
Nifty Auto TRI,2020-12-29,9937.298257662209
Nifty Auto TRI,2020-12-30,10070.4150088595
Nifty Auto TRI,2020-12-31,10102.22640628362
Nifty Auto TRI,2021-01-04,10349.99003445252
Nifty Auto TRI,2021-01-05,10348.183479970727
Nifty Auto TRI,2021-01-06,10308.351015805978
Nifty Auto TRI,2021-01-07,10363.695095088073
Nifty Auto TRI,2021-01-08,10706.451562719683
Nifty Auto TRI,2021-01-11,10986.901032940346
Nifty Auto TRI,2021-01-12,11123.776411026682
Nifty Auto TRI,2021-01-13,11221.58169634519
Nifty Auto TRI,2021-01-14,11254.59049735614
Nifty Auto TRI,2021-01-15,11188.93949097538
Nifty Auto TRI,2021-01-18,10951.067681180088
Nifty Auto TRI,2021-01-19,11144.533162531274
Nifty Auto TRI,2021-01-20,11400.402584949741
Nifty Auto TRI,2021-01-21,11399.063954989644
Nifty Auto TRI,2021-01-25,11472.604424800154
Nifty Auto TRI,2021-01-27,11227.73199595114
Nifty Auto TRI,2021-01-28,11112.955621238894
Nifty Auto TRI,2021-01-29,10791.648188433011
Nifty Auto TRI,2021-02-01,11248.728182973775
Nifty Auto TRI,2021-02-02,11700.680306851431
Nifty Auto TRI,2021-02-03,11822.589749812423
Nifty Auto TRI,2021-02-04,11952.643313671115
Nifty Auto TRI,2021-02-05,11795.515656198875
Nifty Auto TRI,2021-02-08,12167.404158347743
Nifty Auto TRI,2021-02-09,11998.82324688657
Nifty Auto TRI,2021-02-10,12112.73261287192
Nifty Auto TRI,2021-02-11,12062.898356885871
Nifty Auto TRI,2021-02-12,12004.919967026757
Nifty Auto TRI,2021-02-16,12042.151882995215
Nifty Auto TRI,2021-02-18,11913.080773475034
Nifty Auto TRI,2021-02-19,11597.991790304923
Nifty Auto TRI,2021-02-22,11334.45126446607
Nifty Auto TRI,2021-02-23,11422.301596047477
Nifty Auto TRI,2021-02-24,11451.170758041284
Nifty Auto TRI,2021-02-25,11553.226204227409
Nifty Auto TRI,2021-02-26,11192.505051871001
Nifty Auto TRI,2021-03-01,11459.664487915115
Nifty Auto TRI,2021-03-02,11825.674959671156
Nifty Auto TRI,2021-03-03,11747.902103265691
Nifty Auto TRI,2021-03-04,11696.10292044303
Nifty Auto TRI,2021-03-05,11584.859759930947
Nifty Auto TRI,2021-03-08,11567.036215343658
Nifty Auto TRI,2021-03-09,11519.903753641156
Nifty Auto TRI,2021-03-10,11624.859052386886
Nifty Auto TRI,2021-03-12,11432.38262305907
Nifty Auto TRI,2021-03-15,11379.584321522698
Nifty Auto TRI,2021-03-16,11397.181691999705
Nifty Auto TRI,2021-03-17,11186.40690392322
Nifty Auto TRI,2021-03-18,11170.029848195358
Nifty Auto TRI,2021-03-19,11217.189226056948
Nifty Auto TRI,2021-03-22,11167.392662030907
Nifty Auto TRI,2021-03-23,11219.678558079277
Nifty Auto TRI,2021-03-24,10930.99429758315
Nifty Auto TRI,2021-03-25,10629.62863784736
Nifty Auto TRI,2021-03-26,10762.250885892376
Nifty Auto TRI,2021-03-30,10866.415077577327
Nifty Auto TRI,2021-03-31,10863.902393383296
Nifty Auto TRI,2021-04-01,11040.61445763853
Nifty Auto TRI,2021-04-05,10761.382141257098
Nifty Auto TRI,2021-04-06,10776.327999776851
Nifty Auto TRI,2021-04-07,10948.10970861657
Nifty Auto TRI,2021-04-08,10973.03236462957
Nifty Auto TRI,2021-04-09,10933.22598913555
Nifty Auto TRI,2021-04-12,10375.124855896034
Nifty Auto TRI,2021-04-13,10819.099822832706
Nifty Auto TRI,2021-04-15,10679.902044152725
Nifty Auto TRI,2021-04-16,10809.680600801488
Nifty Auto TRI,2021-04-19,10505.49963259144
Nifty Auto TRI,2021-04-20,10614.401737852564
Nifty Auto TRI,2021-04-22,10630.245151293007
Nifty Auto TRI,2021-04-23,10578.068920842665
Nifty Auto TRI,2021-04-26,10627.986824179938
Nifty Auto TRI,2021-04-27,10701.858388126702
Nifty Auto TRI,2021-04-28,10882.16878356411
Nifty Auto TRI,2021-04-29,10774.649515638219
Nifty Auto TRI,2021-04-30,10628.482908409387
Nifty Auto TRI,2021-05-03,10653.718201763597
Nifty Auto TRI,2021-05-04,10560.014969839456
Nifty Auto TRI,2021-05-06,10822.352348620196
Nifty Auto TRI,2021-05-07,10827.44436661527
Nifty Auto TRI,2021-05-10,10997.710187088722
Nifty Auto TRI,2021-05-12,11043.083862785134
Nifty Auto TRI,2021-05-14,10819.583563731867
Nifty Auto TRI,2021-05-17,11031.407665790482
Nifty Auto TRI,2021-05-18,11387.199492381827
Nifty Auto TRI,2021-05-19,11304.893582669056
Nifty Auto TRI,2021-05-21,11375.334957484114
Nifty Auto TRI,2021-05-24,11379.959841000506
Nifty Auto TRI,2021-05-26,11515.228132741795
Nifty Auto TRI,2021-05-27,11568.718887388442
Nifty Auto TRI,2021-05-28,11595.788685191714
Nifty Auto TRI,2021-06-01,11539.233545219415
Nifty Auto TRI,2021-06-02,11749.090474581883
Nifty Auto TRI,2021-06-03,11749.300638411867
Nifty Auto TRI,2021-06-04,11846.838133574918
Nifty Auto TRI,2021-06-07,11925.939947414485
Nifty Auto TRI,2021-06-08,12000.593926396019
Nifty Auto TRI,2021-06-09,11846.96244314923
Nifty Auto TRI,2021-06-10,11834.371980145866
Nifty Auto TRI,2021-06-11,11881.93272738262
Nifty Auto TRI,2021-06-14,11869.216360716935
Nifty Auto TRI,2021-06-15,11870.97554730639
Nifty Auto TRI,2021-06-16,11777.526246767411
Nifty Auto TRI,2021-06-17,11616.182912081693
Nifty Auto TRI,2021-06-18,11529.014093002928
Nifty Auto TRI,2021-06-21,11482.926171058742
Nifty Auto TRI,2021-06-22,11637.030925042072
Nifty Auto TRI,2021-06-23,11690.398085503579
Nifty Auto TRI,2021-06-24,11723.78444548569
Nifty Auto TRI,2021-06-25,11821.652910247396
Nifty Auto TRI,2021-06-28,11826.04282106054
Nifty Auto TRI,2021-06-29,11718.534940416464
Nifty Auto TRI,2021-06-30,11705.712870090623
Nifty Auto TRI,2021-07-01,11802.493560956673
Nifty Auto TRI,2021-07-02,11800.385339506203
Nifty Auto TRI,2021-07-06,11662.73087047064
Nifty Auto TRI,2021-07-07,11655.096076911386
Nifty Auto TRI,2021-07-08,11548.827723657725
Nifty Auto TRI,2021-07-09,11509.70980719917
Nifty Auto TRI,2021-07-12,11530.423943053198
Nifty Auto TRI,2021-07-13,11596.575802655609
Nifty Auto TRI,2021-07-14,11563.861923149061
Nifty Auto TRI,2021-07-15,11517.888444300788
Nifty Auto TRI,2021-07-16,11520.909096666981
Nifty Auto TRI,2021-07-19,11391.976062742606
Nifty Auto TRI,2021-07-20,11294.2835237865
Nifty Auto TRI,2021-07-22,11309.925637206914
Nifty Auto TRI,2021-07-23,11272.167380417946
Nifty Auto TRI,2021-07-26,11203.02859990783
Nifty Auto TRI,2021-07-27,11155.151289692647
Nifty Auto TRI,2021-07-28,11051.630143544604
Nifty Auto TRI,2021-07-29,11003.580958717013
Nifty Auto TRI,2021-07-30,11105.39098573738
Nifty Auto TRI,2021-08-02,11255.45494833353
Nifty Auto TRI,2021-08-03,11431.669334302025
Nifty Auto TRI,2021-08-04,11326.09041294081
Nifty Auto TRI,2021-08-05,11302.192239903357
Nifty Auto TRI,2021-08-06,11329.692300504663
Nifty Auto TRI,2021-08-09,11319.010745438509
Nifty Auto TRI,2021-08-10,11230.601913144306
Nifty Auto TRI,2021-08-11,11210.62163394625
Nifty Auto TRI,2021-08-12,11255.315049557474
Nifty Auto TRI,2021-08-13,11253.134075607799
Nifty Auto TRI,2021-08-16,11155.094465943039
Nifty Auto TRI,2021-08-17,11154.845502452032
Nifty Auto TRI,2021-08-18,11132.64778816845
Nifty Auto TRI,2021-08-20,10952.73065210164
Nifty Auto TRI,2021-08-23,10792.662036880803
Nifty Auto TRI,2021-08-24,10874.407299100318
Nifty Auto TRI,2021-08-25,10847.995213628525
Nifty Auto TRI,2021-08-26,10797.91193599902
Nifty Auto TRI,2021-08-27,10832.216288759588
Nifty Auto TRI,2021-08-30,11014.560271194592
Nifty Auto TRI,2021-08-31,11099.535358962923
Nifty Auto TRI,2021-09-01,11110.29129318231
Nifty Auto TRI,2021-09-02,11086.865696627527
Nifty Auto TRI,2021-09-03,11200.335181169765
Nifty Auto TRI,2021-09-06,11248.269350726707
Nifty Auto TRI,2021-09-07,11232.47855424943
Nifty Auto TRI,2021-09-08,11174.920894884748
Nifty Auto TRI,2021-09-09,11188.722719592928
Nifty Auto TRI,2021-09-13,11198.297223288911
Nifty Auto TRI,2021-09-14,11297.58365507175
Nifty Auto TRI,2021-09-15,11394.608265373094
Nifty Auto TRI,2021-09-16,11455.174640464118
Nifty Auto TRI,2021-09-17,11455.48671255243
Nifty Auto TRI,2021-09-20,11291.739436011134
Nifty Auto TRI,2021-09-21,11240.360407301916
Nifty Auto TRI,2021-09-22,11383.056570804605
Nifty Auto TRI,2021-09-23,11481.15630094043
Nifty Auto TRI,2021-09-24,11543.563848326918
Nifty Auto TRI,2021-09-27,11916.556134142393
Nifty Auto TRI,2021-09-28,11840.27706387319
Nifty Auto TRI,2021-09-29,11795.820569884349
Nifty Auto TRI,2021-09-30,11732.985093029565
Nifty Auto TRI,2021-10-01,11731.644117371416
Nifty Auto TRI,2021-10-04,11781.539992086247
Nifty Auto TRI,2021-10-05,11838.161543620736
Nifty Auto TRI,2021-10-06,11700.689282063368
Nifty Auto TRI,2021-10-07,12215.052744074383
Nifty Auto TRI,2021-10-08,12268.036871327862
Nifty Auto TRI,2021-10-11,12597.0454373915
Nifty Auto TRI,2021-10-12,12708.738397071724
Nifty Auto TRI,2021-10-13,13145.305423676275
Nifty Auto TRI,2021-10-14,13068.472695987455
Nifty Auto TRI,2021-10-18,13085.956904579403
Nifty Auto TRI,2021-10-19,12878.13593149909
Nifty Auto TRI,2021-10-20,12730.56024990691
Nifty Auto TRI,2021-10-21,12801.91005296143
Nifty Auto TRI,2021-10-22,12665.511682516018
Nifty Auto TRI,2021-10-25,12438.616693558555
Nifty Auto TRI,2021-10-26,12687.165022432473
Nifty Auto TRI,2021-10-27,12624.25217969332
Nifty Auto TRI,2021-10-28,12475.861598135421
Nifty Auto TRI,2021-10-29,12516.695816518988
Nifty Auto TRI,2021-11-01,12654.613575773623
Nifty Auto TRI,2021-11-02,12766.039627960194
Nifty Auto TRI,2021-11-03,12633.36345039585
Nifty Auto TRI,2021-11-04,12820.533404160034
Nifty Auto TRI,2021-11-08,12906.100368842614
Nifty Auto TRI,2021-11-09,13039.996605845898
Nifty Auto TRI,2021-11-10,13110.063377593498
Nifty Auto TRI,2021-11-11,12956.364798948249
Nifty Auto TRI,2021-11-12,12974.83877285015
Nifty Auto TRI,2021-11-15,12955.005643500352
Nifty Auto TRI,2021-11-16,13276.424991146197
Nifty Auto TRI,2021-11-17,13370.45457552351
Nifty Auto TRI,2021-11-18,13022.354106774126
Nifty Auto TRI,2021-11-22,12616.123581099255
Nifty Auto TRI,2021-11-23,12700.671516751318
Nifty Auto TRI,2021-11-24,12538.203214847217
Nifty Auto TRI,2021-11-25,12470.801368220104
Nifty Auto TRI,2021-11-26,11929.895757282455
Nifty Auto TRI,2021-11-29,11869.385474746368
Nifty Auto TRI,2021-11-30,11758.1540024251
Nifty Auto TRI,2021-12-01,11929.913804421998
Nifty Auto TRI,2021-12-02,12057.767930798858
Nifty Auto TRI,2021-12-03,11964.498150929634
Nifty Auto TRI,2021-12-06,11744.826381313469
Nifty Auto TRI,2021-12-07,11932.806271083455
Nifty Auto TRI,2021-12-08,12208.972241820988
Nifty Auto TRI,2021-12-09,12265.927269921845
Nifty Auto TRI,2021-12-10,12289.886972169663
Nifty Auto TRI,2021-12-13,12254.396732760515
Nifty Auto TRI,2021-12-14,12171.53221813542
Nifty Auto TRI,2021-12-15,12231.601422293696
Nifty Auto TRI,2021-12-16,12142.907550957056
Nifty Auto TRI,2021-12-17,11846.91748345203
Nifty Auto TRI,2021-12-20,11544.605235218012
Nifty Auto TRI,2021-12-21,11632.128903744497
Nifty Auto TRI,2021-12-22,11819.571302794067
Nifty Auto TRI,2021-12-23,11906.995605420978
Nifty Auto TRI,2021-12-24,11784.929810923004
Nifty Auto TRI,2021-12-27,11809.086259314878
Nifty Auto TRI,2021-12-28,11967.211370574181
Nifty Auto TRI,2021-12-29,12018.25386304648
Nifty Auto TRI,2021-12-30,11936.568067649907
Nifty Auto TRI,2021-12-31,12138.049095520984
Nifty Auto TRI,2022-01-03,12336.217083041405
Nifty Auto TRI,2022-01-04,12364.135972574222
Nifty Auto TRI,2022-01-05,12494.838681732535
Nifty Auto TRI,2022-01-06,12561.50198073282
Nifty Auto TRI,2022-01-07,12533.31710889438
Nifty Auto TRI,2022-01-10,12768.356174045484
Nifty Auto TRI,2022-01-11,12744.280545885153
Nifty Auto TRI,2022-01-12,12929.141233207773
Nifty Auto TRI,2022-01-13,12974.179752952083
Nifty Auto TRI,2022-01-14,12926.680837892422
Nifty Auto TRI,2022-01-17,13192.220417583745
Nifty Auto TRI,2022-01-18,12878.900376002674
Nifty Auto TRI,2022-01-19,12971.026222792962
Nifty Auto TRI,2022-01-20,12862.335130063097
Nifty Auto TRI,2022-01-21,12838.865944037485
Nifty Auto TRI,2022-01-24,12506.13933146397
Nifty Auto TRI,2022-01-25,12796.952396049692
Nifty Auto TRI,2022-01-27,12840.797663882648
Nifty Auto TRI,2022-01-28,12765.40050677954
Nifty Auto TRI,2022-01-31,12999.814705739109
Nifty Auto TRI,2022-02-01,12903.08509391162
Nifty Auto TRI,2022-02-02,12921.543902411431
Nifty Auto TRI,2022-02-03,12978.549465324133
Nifty Auto TRI,2022-02-04,12842.485610435786
Nifty Auto TRI,2022-02-07,12673.16768148038
Nifty Auto TRI,2022-02-08,12698.565883249976
Nifty Auto TRI,2022-02-09,12977.06018421671
Nifty Auto TRI,2022-02-10,12970.635565477129
Nifty Auto TRI,2022-02-11,12836.380305346267
Nifty Auto TRI,2022-02-14,12342.117956071857
Nifty Auto TRI,2022-02-15,12837.11178171408
Nifty Auto TRI,2022-02-16,12790.122802582635
Nifty Auto TRI,2022-02-17,12771.74556494393
Nifty Auto TRI,2022-02-18,12691.63547010765
Nifty Auto TRI,2022-02-21,12627.266308003067
Nifty Auto TRI,2022-02-22,12606.993521985989
Nifty Auto TRI,2022-02-23,12580.273375785757
Nifty Auto TRI,2022-02-24,11792.680778254238
Nifty Auto TRI,2022-02-25,12110.340934109508
Nifty Auto TRI,2022-02-28,12028.23783106772
Nifty Auto TRI,2022-03-02,11673.047702279682
Nifty Auto TRI,2022-03-03,11407.27931636789
Nifty Auto TRI,2022-03-04,11002.420320945677
Nifty Auto TRI,2022-03-07,10540.578775840051
Nifty Auto TRI,2022-03-08,10629.313611794336
Nifty Auto TRI,2022-03-09,10932.424134334287
Nifty Auto TRI,2022-03-10,11140.649783939456
Nifty Auto TRI,2022-03-11,11096.865368866742
Nifty Auto TRI,2022-03-14,11202.970368363061
Nifty Auto TRI,2022-03-15,11266.663271041638
Nifty Auto TRI,2022-03-16,11510.296427107362
Nifty Auto TRI,2022-03-17,11761.839592245184
Nifty Auto TRI,2022-03-21,11621.19910325298
Nifty Auto TRI,2022-03-22,11759.994187890708
Nifty Auto TRI,2022-03-23,11638.572310040125
Nifty Auto TRI,2022-03-24,11582.10475971903
Nifty Auto TRI,2022-03-25,11517.624857711482
Nifty Auto TRI,2022-03-28,11593.60068370565
Nifty Auto TRI,2022-03-29,11587.96514451492
Nifty Auto TRI,2022-03-30,11728.347468901025
Nifty Auto TRI,2022-03-31,11739.735984030398
Nifty Auto TRI,2022-04-01,11878.850173146056
Nifty Auto TRI,2022-04-04,12021.130260615872
Nifty Auto TRI,2022-04-05,12169.058016081794
Nifty Auto TRI,2022-04-06,12136.341189500274
Nifty Auto TRI,2022-04-07,12040.863449316183
Nifty Auto TRI,2022-04-08,12123.092553267748
Nifty Auto TRI,2022-04-11,12110.505991997588
Nifty Auto TRI,2022-04-12,12007.001301991646
Nifty Auto TRI,2022-04-13,11906.60698887564
Nifty Auto TRI,2022-04-18,11961.045526222337
Nifty Auto TRI,2022-04-19,11815.9975872878
Nifty Auto TRI,2022-04-20,12076.296880727488
Nifty Auto TRI,2022-04-21,12345.849577984185
Nifty Auto TRI,2022-04-22,12276.721841116565
Nifty Auto TRI,2022-04-25,12153.423984210696
Nifty Auto TRI,2022-04-26,12493.60152554604
Nifty Auto TRI,2022-04-27,12423.910579866078
Nifty Auto TRI,2022-04-28,12461.214098597758
Nifty Auto TRI,2022-04-29,12334.678118395621
Nifty Auto TRI,2022-05-02,12180.016354600739
Nifty Auto TRI,2022-05-04,11871.884279413509
Nifty Auto TRI,2022-05-05,11921.986336571907
Nifty Auto TRI,2022-05-06,11713.781770794285
Nifty Auto TRI,2022-05-09,11675.813982628913
Nifty Auto TRI,2022-05-10,11663.825204424484
Nifty Auto TRI,2022-05-11,11558.277142387506
Nifty Auto TRI,2022-05-12,11321.29106466306
Nifty Auto TRI,2022-05-13,11597.835233055146
Nifty Auto TRI,2022-05-16,11862.509575814922
Nifty Auto TRI,2022-05-17,12154.750813328863
Nifty Auto TRI,2022-05-18,12153.187916904342
Nifty Auto TRI,2022-05-19,11828.83302857947
Nifty Auto TRI,2022-05-20,12159.586890237306
Nifty Auto TRI,2022-05-23,12384.081309127627
Nifty Auto TRI,2022-05-24,12385.64385849601
Nifty Auto TRI,2022-05-25,12269.211451010537
Nifty Auto TRI,2022-05-26,12364.981506198426
Nifty Auto TRI,2022-05-27,12558.199572590103
Nifty Auto TRI,2022-05-30,12805.669276800945
Nifty Auto TRI,2022-05-31,12912.108162443126
Nifty Auto TRI,2022-06-01,12886.159801282107
Nifty Auto TRI,2022-06-02,12806.71589571784
Nifty Auto TRI,2022-06-03,12573.85750088188
Nifty Auto TRI,2022-06-06,12598.291401991646
Nifty Auto TRI,2022-06-07,12664.452276245747
Nifty Auto TRI,2022-06-08,12687.256696567576
Nifty Auto TRI,2022-06-09,12728.734217997868
Nifty Auto TRI,2022-06-10,12700.934715428548
Nifty Auto TRI,2022-06-13,12447.40980068603
Nifty Auto TRI,2022-06-14,12379.187151717622
Nifty Auto TRI,2022-06-15,12493.908147037922
Nifty Auto TRI,2022-06-16,12215.359352473266
Nifty Auto TRI,2022-06-17,12075.548019000726
Nifty Auto TRI,2022-06-20,11991.571176599979
Nifty Auto TRI,2022-06-21,12236.648671358596
Nifty Auto TRI,2022-06-22,12133.503918716824
Nifty Auto TRI,2022-06-23,12666.962681191673
Nifty Auto TRI,2022-06-24,12916.817877482012
Nifty Auto TRI,2022-06-27,13032.517992309438
Nifty Auto TRI,2022-06-28,13196.257235899215
Nifty Auto TRI,2022-06-29,13216.636250012383
Nifty Auto TRI,2022-06-30,13050.425005589323
Nifty Auto TRI,2022-07-01,13062.826009032786
Nifty Auto TRI,2022-07-04,13041.7516505312
Nifty Auto TRI,2022-07-05,12994.923069706078
Nifty Auto TRI,2022-07-06,13332.602788481277
Nifty Auto TRI,2022-07-07,13513.568686899816
Nifty Auto TRI,2022-07-08,13525.650156547708
Nifty Auto TRI,2022-07-11,13669.447122011698
Nifty Auto TRI,2022-07-12,13507.878718045042
Nifty Auto TRI,2022-07-13,13499.321061014656
Nifty Auto TRI,2022-07-14,13517.485040394684
Nifty Auto TRI,2022-07-15,13792.723182101843
Nifty Auto TRI,2022-07-18,13846.351389979895
Nifty Auto TRI,2022-07-19,13992.017534211229
Nifty Auto TRI,2022-07-20,13961.598695605593
Nifty Auto TRI,2022-07-21,14040.151096065994
Nifty Auto TRI,2022-07-22,14099.51378330713
Nifty Auto TRI,2022-07-25,13865.733175428299
Nifty Auto TRI,2022-07-26,13701.820553454676
Nifty Auto TRI,2022-07-27,13757.832572176718
Nifty Auto TRI,2022-07-28,13822.219940232966
Nifty Auto TRI,2022-07-29,14000.62924266863
Nifty Auto TRI,2022-08-01,14459.952507328788
Nifty Auto TRI,2022-08-02,14538.48844611967
Nifty Auto TRI,2022-08-03,14422.50557018513
Nifty Auto TRI,2022-08-04,14452.25893125035
Nifty Auto TRI,2022-08-05,14294.84806187163
Nifty Auto TRI,2022-08-08,14434.016061314147
Nifty Auto TRI,2022-08-10,14461.26515662168
Nifty Auto TRI,2022-08-11,14430.282342534034
Nifty Auto TRI,2022-08-12,14430.89900696077
Nifty Auto TRI,2022-08-16,14796.808131023801
Nifty Auto TRI,2022-08-17,14734.95127460398
Nifty Auto TRI,2022-08-18,14665.720585981651
Nifty Auto TRI,2022-08-19,14459.00350124621
Nifty Auto TRI,2022-08-22,14180.172487527012
Nifty Auto TRI,2022-08-23,14437.458036197846
Nifty Auto TRI,2022-08-24,14424.00032078685
Nifty Auto TRI,2022-08-25,14384.795995972947
Nifty Auto TRI,2022-08-26,14442.436410349697
Nifty Auto TRI,2022-08-29,14395.85924814465
Nifty Auto TRI,2022-08-30,14765.976726338873
Nifty Auto TRI,2022-09-01,14821.302828803853
Nifty Auto TRI,2022-09-02,14770.871385706996
Nifty Auto TRI,2022-09-05,14800.514277886943
Nifty Auto TRI,2022-09-06,14777.676215536057
Nifty Auto TRI,2022-09-07,14607.50686025962
Nifty Auto TRI,2022-09-08,14695.90322520254
Nifty Auto TRI,2022-09-09,14772.514207555829
Nifty Auto TRI,2022-09-12,14814.512589828402
Nifty Auto TRI,2022-09-13,14823.913671939301
Nifty Auto TRI,2022-09-14,14777.48868437516
Nifty Auto TRI,2022-09-15,14882.112435567627
Nifty Auto TRI,2022-09-16,14478.978370581122
Nifty Auto TRI,2022-09-19,14613.791544418124
Nifty Auto TRI,2022-09-20,14857.144264447827
Nifty Auto TRI,2022-09-21,14781.648606946783
Nifty Auto TRI,2022-09-22,14890.819488876285
Nifty Auto TRI,2022-09-23,14637.183086878085
Nifty Auto TRI,2022-09-26,14080.335116004859
Nifty Auto TRI,2022-09-27,14008.550814656926
Nifty Auto TRI,2022-09-28,14017.37350106789
Nifty Auto TRI,2022-09-29,13973.032189145424
Nifty Auto TRI,2022-09-30,14199.215408572547
Nifty Auto TRI,2022-10-03,13911.600389300249
Nifty Auto TRI,2022-10-04,14190.978253023199
Nifty Auto TRI,2022-10-06,14296.871000711892
Nifty Auto TRI,2022-10-07,14271.986818099085
Nifty Auto TRI,2022-10-10,14196.708977293292
Nifty Auto TRI,2022-10-11,13967.534856449043
Nifty Auto TRI,2022-10-12,14090.891992413925
Nifty Auto TRI,2022-10-13,14051.513193728157
Nifty Auto TRI,2022-10-14,13957.379652695561
Nifty Auto TRI,2022-10-17,14052.820527649319
Nifty Auto TRI,2022-10-18,14243.487836775415
Nifty Auto TRI,2022-10-19,14230.898422754553
Nifty Auto TRI,2022-10-20,14240.850946567618
Nifty Auto TRI,2022-10-21,14203.258221804186
Nifty Auto TRI,2022-10-24,14315.184364046107
Nifty Auto TRI,2022-10-25,14492.523281012103
Nifty Auto TRI,2022-10-27,14523.077197142888
Nifty Auto TRI,2022-10-28,14760.133588240062
Nifty Auto TRI,2022-10-31,14974.799643866421
Nifty Auto TRI,2022-11-01,15014.655355855457
Nifty Auto TRI,2022-11-02,14904.663193666178
Nifty Auto TRI,2022-11-03,14842.845146736136
Nifty Auto TRI,2022-11-04,14853.377839456998
Nifty Auto TRI,2022-11-07,15047.330019897305
Nifty Auto TRI,2022-11-09,14933.418656485335
Nifty Auto TRI,2022-11-10,14642.063951792588
Nifty Auto TRI,2022-11-11,14597.855583322744
Nifty Auto TRI,2022-11-14,14633.192869552659
Nifty Auto TRI,2022-11-15,14727.797811283634
Nifty Auto TRI,2022-11-16,14672.670161167673
Nifty Auto TRI,2022-11-17,14473.170320647268
Nifty Auto TRI,2022-11-18,14302.825055639632
Nifty Auto TRI,2022-11-21,14215.761185687872
Nifty Auto TRI,2022-11-22,14271.463348938705
Nifty Auto TRI,2022-11-23,14304.605012574253
Nifty Auto TRI,2022-11-24,14384.331159256039
Nifty Auto TRI,2022-11-25,14510.590917625846
Nifty Auto TRI,2022-11-28,14599.578160550465
Nifty Auto TRI,2022-11-29,14567.77764312861
Nifty Auto TRI,2022-11-30,14819.27084683649
Nifty Auto TRI,2022-12-01,14774.762995031095
Nifty Auto TRI,2022-12-02,14612.312595332456
Nifty Auto TRI,2022-12-05,14570.046347141473
Nifty Auto TRI,2022-12-06,14532.638120493266
Nifty Auto TRI,2022-12-07,14417.487779334824
Nifty Auto TRI,2022-12-08,14459.888571981262
Nifty Auto TRI,2022-12-09,14416.873032733649
Nifty Auto TRI,2022-12-12,14423.59612425747
Nifty Auto TRI,2022-12-13,14487.458260433954
Nifty Auto TRI,2022-12-14,14569.753519976448
Nifty Auto TRI,2022-12-15,14467.968332150595
Nifty Auto TRI,2022-12-16,14314.131000760659
Nifty Auto TRI,2022-12-19,14543.388553947641
Nifty Auto TRI,2022-12-20,14432.399752756959
Nifty Auto TRI,2022-12-21,14226.656389562997
Nifty Auto TRI,2022-12-22,14069.313722322342
Nifty Auto TRI,2022-12-23,13712.538726519444
Nifty Auto TRI,2022-12-27,14035.420689583907
Nifty Auto TRI,2022-12-28,14128.49544720509
Nifty Auto TRI,2022-12-29,14161.552611244162
Nifty Auto TRI,2022-12-30,14136.27079368587
Nifty Auto TRI,2023-01-02,14200.256707171418
Nifty Auto TRI,2023-01-03,14141.230162366204
Nifty Auto TRI,2023-01-04,14026.484578240268
Nifty Auto TRI,2023-01-05,14188.973882954771
Nifty Auto TRI,2023-01-06,14157.016063273895
Nifty Auto TRI,2023-01-09,14332.18216213911
Nifty Auto TRI,2023-01-10,14373.04826526002
Nifty Auto TRI,2023-01-11,14299.381359482364
Nifty Auto TRI,2023-01-12,14318.104541028837
Nifty Auto TRI,2023-01-13,14389.137326348384
Nifty Auto TRI,2023-01-16,14296.563278411377
Nifty Auto TRI,2023-01-17,14378.873379897504
Nifty Auto TRI,2023-01-18,14374.498872586712
Nifty Auto TRI,2023-01-19,14313.657215876045
Nifty Auto TRI,2023-01-20,14234.082516081415
Nifty Auto TRI,2023-01-23,14353.407952548847
Nifty Auto TRI,2023-01-24,14537.524879088549
Nifty Auto TRI,2023-01-25,14533.77158501374
Nifty Auto TRI,2023-01-27,14683.24999586918
Nifty Auto TRI,2023-01-30,14670.033867209973
Nifty Auto TRI,2023-01-31,14947.59064796283
Nifty Auto TRI,2023-02-01,14816.679347457155
Nifty Auto TRI,2023-02-02,14824.263749212905
Nifty Auto TRI,2023-02-03,15009.453759082042
Nifty Auto TRI,2023-02-06,14990.70828900493
Nifty Auto TRI,2023-02-07,14840.64550402404
Nifty Auto TRI,2023-02-08,14876.171552014268
Nifty Auto TRI,2023-02-09,14798.588225469333
Nifty Auto TRI,2023-02-10,14851.957961228774
Nifty Auto TRI,2023-02-13,14762.605194517755
Nifty Auto TRI,2023-02-14,14709.362082909694
Nifty Auto TRI,2023-02-15,14854.14990954454
Nifty Auto TRI,2023-02-16,14821.837577754302
Nifty Auto TRI,2023-02-17,14748.108211702496
Nifty Auto TRI,2023-02-20,14791.294568854679
Nifty Auto TRI,2023-02-21,14759.537320420228
Nifty Auto TRI,2023-02-22,14581.68098560436
Nifty Auto TRI,2023-02-23,14573.434254248868
Nifty Auto TRI,2023-02-24,14446.809019291142
Nifty Auto TRI,2023-02-27,14230.412963539799
Nifty Auto TRI,2023-02-28,14294.234267854863
Nifty Auto TRI,2023-03-01,14426.54676717897
Nifty Auto TRI,2023-03-02,14302.872572640206
Nifty Auto TRI,2023-03-03,14357.437846206798
Nifty Auto TRI,2023-03-06,14496.11093353908
Nifty Auto TRI,2023-03-08,14620.426790866977
Nifty Auto TRI,2023-03-09,14353.21575649417
Nifty Auto TRI,2023-03-10,14309.134333347094
Nifty Auto TRI,2023-03-13,13989.54212923246
Nifty Auto TRI,2023-03-14,13865.871401950471
Nifty Auto TRI,2023-03-15,13794.87140992889
Nifty Auto TRI,2023-03-16,13820.969136320153
Nifty Auto TRI,2023-03-17,13755.130493157341
Nifty Auto TRI,2023-03-20,13627.914152797777
Nifty Auto TRI,2023-03-21,13639.799872381493
Nifty Auto TRI,2023-03-22,13706.900295084475
Nifty Auto TRI,2023-03-23,13712.161257902617
Nifty Auto TRI,2023-03-24,13608.84029172607
Nifty Auto TRI,2023-03-27,13521.978089609825
Nifty Auto TRI,2023-03-28,13390.720222765449
Nifty Auto TRI,2023-03-29,13619.569945715584
Nifty Auto TRI,2023-03-31,13757.961311477951
Nifty Auto TRI,2023-04-03,13963.665950882472
Nifty Auto TRI,2023-04-05,13887.783090011437
Nifty Auto TRI,2023-04-06,14013.69474538234
Nifty Auto TRI,2023-04-10,14180.896074984861
Nifty Auto TRI,2023-04-11,14322.119934303037
Nifty Auto TRI,2023-04-12,14457.563356089648
Nifty Auto TRI,2023-04-13,14521.410946534425
Nifty Auto TRI,2023-04-17,14610.118012253743
Nifty Auto TRI,2023-04-18,14620.57691370098
Nifty Auto TRI,2023-04-19,14618.108604153897
Nifty Auto TRI,2023-04-20,14652.010168467574
Nifty Auto TRI,2023-04-21,14502.201869265316
Nifty Auto TRI,2023-04-24,14497.314934436024
Nifty Auto TRI,2023-04-25,14510.303754266248
Nifty Auto TRI,2023-04-26,14587.387707405498
Nifty Auto TRI,2023-04-27,14699.166063649045
Nifty Auto TRI,2023-04-28,14831.642199842097
Nifty Auto TRI,2023-05-02,14938.86334312605
Nifty Auto TRI,2023-05-03,14934.152156282986
Nifty Auto TRI,2023-05-04,14950.248914443346
Nifty Auto TRI,2023-05-05,15010.54858236642
Nifty Auto TRI,2023-05-08,15279.991688120595
Nifty Auto TRI,2023-05-09,15352.680349105505
Nifty Auto TRI,2023-05-10,15468.230933339315
Nifty Auto TRI,2023-05-11,15528.161219344747
Nifty Auto TRI,2023-05-12,15648.673094532132
Nifty Auto TRI,2023-05-15,15759.474861190502
Nifty Auto TRI,2023-05-16,15613.476131041583
Nifty Auto TRI,2023-05-17,15627.628015824588
Nifty Auto TRI,2023-05-18,15490.561682950112
Nifty Auto TRI,2023-05-19,15598.830659610525
Nifty Auto TRI,2023-05-22,15630.431557512336
Nifty Auto TRI,2023-05-23,15734.496255376582
Nifty Auto TRI,2023-05-24,15742.802161536703
Nifty Auto TRI,2023-05-25,15788.133045758454
Nifty Auto TRI,2023-05-26,15902.17081081057
Nifty Auto TRI,2023-05-29,16003.805959484493
Nifty Auto TRI,2023-05-30,15957.252081956793
Nifty Auto TRI,2023-05-31,15981.49233966206
Nifty Auto TRI,2023-06-01,16047.210615450791
Nifty Auto TRI,2023-06-02,16195.776018242444
Nifty Auto TRI,2023-06-05,16401.581704238833
Nifty Auto TRI,2023-06-06,16581.29951399978
Nifty Auto TRI,2023-06-07,16683.01277037222
Nifty Auto TRI,2023-06-08,16539.98615404929
Nifty Auto TRI,2023-06-09,16466.13312835086
Nifty Auto TRI,2023-06-12,16521.35300983254
Nifty Auto TRI,2023-06-13,16504.2950275584
Nifty Auto TRI,2023-06-14,16532.218658282363
Nifty Auto TRI,2023-06-15,16560.98719596789
Nifty Auto TRI,2023-06-16,16629.676271823057
Nifty Auto TRI,2023-06-19,16527.71399299552
Nifty Auto TRI,2023-06-20,16650.858505786742
Nifty Auto TRI,2023-06-21,16642.358767875085
Nifty Auto TRI,2023-06-22,16557.669923754733
Nifty Auto TRI,2023-06-23,16387.045513690133
Nifty Auto TRI,2023-06-26,16577.214072884577
Nifty Auto TRI,2023-06-27,16591.239258277186
Nifty Auto TRI,2023-06-28,16716.326236692425
Nifty Auto TRI,2023-06-30,17063.17256989468
Nifty Auto TRI,2023-07-03,17018.603087816082
Nifty Auto TRI,2023-07-04,16938.178537411786
Nifty Auto TRI,2023-07-05,17216.744362413294
Nifty Auto TRI,2023-07-06,17410.77007600086
Nifty Auto TRI,2023-07-07,17462.112956184166
Nifty Auto TRI,2023-07-10,17355.76586881216
Nifty Auto TRI,2023-07-11,17597.654375915714
Nifty Auto TRI,2023-07-12,17595.260603173723
Nifty Auto TRI,2023-07-13,17488.46306355767
Nifty Auto TRI,2023-07-14,17552.495234065278
Nifty Auto TRI,2023-07-17,17498.369994020162
Nifty Auto TRI,2023-07-18,17484.19558023159
Nifty Auto TRI,2023-07-19,17483.93998470586
Nifty Auto TRI,2023-07-20,17556.379317730505
Nifty Auto TRI,2023-07-21,17571.903966922066
Nifty Auto TRI,2023-07-24,17604.00001679972
Nifty Auto TRI,2023-07-25,17771.364918737203
Nifty Auto TRI,2023-07-26,17769.200453487585
Nifty Auto TRI,2023-07-27,17554.09116928235
Nifty Auto TRI,2023-07-28,17516.12834809029
Nifty Auto TRI,2023-07-31,17709.387841646025
Nifty Auto TRI,2023-08-01,17688.05478947282
Nifty Auto TRI,2023-08-02,17395.620212988855
Nifty Auto TRI,2023-08-03,17340.733180933974
Nifty Auto TRI,2023-08-04,17283.251144752427
Nifty Auto TRI,2023-08-07,17355.140186060064
Nifty Auto TRI,2023-08-08,17302.33133078833
Nifty Auto TRI,2023-08-09,17463.55395709336
Nifty Auto TRI,2023-08-10,17417.34184800399
Nifty Auto TRI,2023-08-11,17342.595446083542
Nifty Auto TRI,2023-08-14,17286.888512642556
Nifty Auto TRI,2023-08-16,17397.856835659917
Nifty Auto TRI,2023-08-17,17369.28658848105
Nifty Auto TRI,2023-08-18,17361.300067491742
Nifty Auto TRI,2023-08-21,17403.159303199052
Nifty Auto TRI,2023-08-22,17494.219468850755
Nifty Auto TRI,2023-08-23,17483.639653006627
Nifty Auto TRI,2023-08-24,17440.34412127966
Nifty Auto TRI,2023-08-25,17332.852532199304
Nifty Auto TRI,2023-08-28,17460.24080736219
Nifty Auto TRI,2023-08-29,17577.66515630965
Nifty Auto TRI,2023-08-30,17690.073498538877
Nifty Auto TRI,2023-08-31,17681.698234584426
Nifty Auto TRI,2023-09-01,17973.36119130462
Nifty Auto TRI,2023-09-04,17992.09575388755
Nifty Auto TRI,2023-09-05,17991.627113977396
Nifty Auto TRI,2023-09-06,17967.853531725377
Nifty Auto TRI,2023-09-07,18052.53436796209
Nifty Auto TRI,2023-09-08,18173.84442111593
Nifty Auto TRI,2023-09-11,18482.392165806403
Nifty Auto TRI,2023-09-12,18138.74549624185
Nifty Auto TRI,2023-09-13,18055.59892587899
Nifty Auto TRI,2023-09-14,18252.162097060987
Nifty Auto TRI,2023-09-15,18541.807570564157
Nifty Auto TRI,2023-09-18,18699.225646699066
Nifty Auto TRI,2023-09-20,18605.183407986704
Nifty Auto TRI,2023-09-21,18290.360028313087
Nifty Auto TRI,2023-09-22,18329.188249074956
Nifty Auto TRI,2023-09-25,18316.233670555015
Nifty Auto TRI,2023-09-26,18380.756276420467
Nifty Auto TRI,2023-09-27,18387.072797270357
Nifty Auto TRI,2023-09-28,18171.66625019875
Nifty Auto TRI,2023-09-29,18276.278622907223
Nifty Auto TRI,2023-10-03,18059.396384764972
Nifty Auto TRI,2023-10-04,17824.971806861162
Nifty Auto TRI,2023-10-05,17976.237296294737
Nifty Auto TRI,2023-10-06,18060.929751346608
Nifty Auto TRI,2023-10-09,17884.160369557776
Nifty Auto TRI,2023-10-10,18105.878684153588
Nifty Auto TRI,2023-10-11,18272.538891638054
Nifty Auto TRI,2023-10-12,18415.260410596293
Nifty Auto TRI,2023-10-13,18577.58815690914
Nifty Auto TRI,2023-10-16,18663.162284700957
Nifty Auto TRI,2023-10-17,18667.512507094958
Nifty Auto TRI,2023-10-18,18682.313948704315
Nifty Auto TRI,2023-10-19,18776.14958010269
Nifty Auto TRI,2023-10-20,18640.9032940142
Nifty Auto TRI,2023-10-23,18393.828741816535
Nifty Auto TRI,2023-10-25,18318.66605516164
Nifty Auto TRI,2023-10-26,18028.281129564664
Nifty Auto TRI,2023-10-27,18272.990669158036
Nifty Auto TRI,2023-10-30,18109.812781943325
Nifty Auto TRI,2023-10-31,17989.088161326992
Nifty Auto TRI,2023-11-01,17898.535336709865
Nifty Auto TRI,2023-11-02,18026.74675401214
Nifty Auto TRI,2023-11-03,18136.597281374186
Nifty Auto TRI,2023-11-06,18282.03844961377
Nifty Auto TRI,2023-11-07,18249.75336328699
Nifty Auto TRI,2023-11-08,18337.354108197098
Nifty Auto TRI,2023-11-09,18489.907906580633
Nifty Auto TRI,2023-11-10,18412.85664114922
Nifty Auto TRI,2023-11-13,18503.229242827845
Nifty Auto TRI,2023-11-15,18824.45175802148
Nifty Auto TRI,2023-11-16,18983.71957638752
Nifty Auto TRI,2023-11-17,19116.0830592209
Nifty Auto TRI,2023-11-20,18972.670886680302
Nifty Auto TRI,2023-11-21,19066.82366031912
Nifty Auto TRI,2023-11-22,19194.118249054492
Nifty Auto TRI,2023-11-23,19264.026457762597
Nifty Auto TRI,2023-11-24,19272.240582639744
Nifty Auto TRI,2023-11-28,19458.031889472262
Nifty Auto TRI,2023-11-29,19774.938409825387
Nifty Auto TRI,2023-11-30,19853.980200808368
Nifty Auto TRI,2023-12-01,19783.483515688433
Nifty Auto TRI,2023-12-04,20009.320236595147
Nifty Auto TRI,2023-12-05,20128.48336785124
Nifty Auto TRI,2023-12-06,20124.84662733132
Nifty Auto TRI,2023-12-07,20214.716251317506
Nifty Auto TRI,2023-12-08,20104.106096964373
Nifty Auto TRI,2023-12-11,20199.891410635675
Nifty Auto TRI,2023-12-12,20058.094160114866
Nifty Auto TRI,2023-12-13,20275.22208293363
Nifty Auto TRI,2023-12-14,20419.65695743986
Nifty Auto TRI,2023-12-15,20412.517320407846
Nifty Auto TRI,2023-12-18,20448.13714971418
Nifty Auto TRI,2023-12-19,20295.284977444535
Nifty Auto TRI,2023-12-20,19832.77260130385
Nifty Auto TRI,2023-12-21,19849.4964460924
Nifty Auto TRI,2023-12-22,20122.868085699833
Nifty Auto TRI,2023-12-26,20322.75881103858
Nifty Auto TRI,2023-12-27,20630.421117969516
Nifty Auto TRI,2023-12-28,20838.992721587827
Nifty Auto TRI,2023-12-29,21076.83887216618
Nifty Auto TRI,2024-01-02,20763.428046833695
Nifty Auto TRI,2024-01-03,20739.255358006973
Nifty Auto TRI,2024-01-04,20750.293582453985
Nifty Auto TRI,2024-01-05,20841.66617966551
Nifty Auto TRI,2024-01-08,20779.107921795254
Nifty Auto TRI,2024-01-09,20971.72996764359
Nifty Auto TRI,2024-01-10,21016.804307399118
Nifty Auto TRI,2024-01-11,21239.33838090123
Nifty Auto TRI,2024-01-12,21194.73030586958
Nifty Auto TRI,2024-01-15,21253.149090138286
Nifty Auto TRI,2024-01-16,21194.208495831568
Nifty Auto TRI,2024-01-17,20894.12699847258
Nifty Auto TRI,2024-01-18,20950.197176558377
Nifty Auto TRI,2024-01-19,21175.4392259569
Nifty Auto TRI,2024-01-23,20799.83620265664
Nifty Auto TRI,2024-01-24,21064.017985310827
Nifty Auto TRI,2024-01-25,21088.610398234017
Nifty Auto TRI,2024-01-29,21444.804457561193
Nifty Auto TRI,2024-01-30,21389.982429331096
Nifty Auto TRI,2024-01-31,21785.78221468481
Nifty Auto TRI,2024-02-01,21901.441183416973
Nifty Auto TRI,2024-02-02,21960.73515311811
Nifty Auto TRI,2024-02-05,22228.612901360964
Nifty Auto TRI,2024-02-06,22556.219063680768
Nifty Auto TRI,2024-02-07,22556.77822390067
Nifty Auto TRI,2024-02-08,22269.18835417799
Nifty Auto TRI,2024-02-09,22186.493678326187
Nifty Auto TRI,2024-02-12,22011.035858168212
Nifty Auto TRI,2024-02-13,22026.882072836346
Nifty Auto TRI,2024-02-14,22348.206822213786
Nifty Auto TRI,2024-02-15,22649.995549484473
Nifty Auto TRI,2024-02-16,23151.366215812577
Nifty Auto TRI,2024-02-20,23075.438598995377
Nifty Auto TRI,2024-02-21,22960.76856791393
Nifty Auto TRI,2024-02-22,23338.13894259915
Nifty Auto TRI,2024-02-23,23380.15785986084
Nifty Auto TRI,2024-02-26,23405.937732572685
Nifty Auto TRI,2024-02-27,23572.29642159013
Nifty Auto TRI,2024-02-28,23100.992056395524
Nifty Auto TRI,2024-02-29,23147.037755267258
Nifty Auto TRI,2024-03-01,23668.796860552033
Nifty Auto TRI,2024-03-04,23634.723880211233
Nifty Auto TRI,2024-03-05,23954.056570891196
Nifty Auto TRI,2024-03-06,24022.87362333935
Nifty Auto TRI,2024-03-07,23961.714956218315
Nifty Auto TRI,2024-03-11,23821.799804322196
Nifty Auto TRI,2024-03-12,23743.83811815632
Nifty Auto TRI,2024-03-13,23071.122735568293
Nifty Auto TRI,2024-03-14,23271.406009802526
Nifty Auto TRI,2024-03-15,22906.810206347905
Nifty Auto TRI,2024-03-18,23197.19093423505
Nifty Auto TRI,2024-03-19,23092.87641473434
Nifty Auto TRI,2024-03-20,23152.9007401521
Nifty Auto TRI,2024-03-21,23486.883246186033
Nifty Auto TRI,2024-03-22,23880.282377248015
Nifty Auto TRI,2024-03-26,23873.693538227923
Nifty Auto TRI,2024-03-27,23996.787484883076
Nifty Auto TRI,2024-03-28,24307.13806719151
Nifty Auto TRI,2024-04-01,24271.369064003913
Nifty Auto TRI,2024-04-02,24531.942839834443
Nifty Auto TRI,2024-04-03,24465.758025573992
Nifty Auto TRI,2024-04-04,24575.9569803679
Nifty Auto TRI,2024-04-05,24518.7949552988
Nifty Auto TRI,2024-04-08,25050.980982783458
Nifty Auto TRI,2024-04-09,24973.788771083076
Nifty Auto TRI,2024-04-10,24958.349655033595
Nifty Auto TRI,2024-04-12,24807.750280226304
Nifty Auto TRI,2024-04-15,24615.625919631093
Nifty Auto TRI,2024-04-16,24642.127377320605
Nifty Auto TRI,2024-04-18,24436.470394679774
Nifty Auto TRI,2024-04-19,24538.13929387615
Nifty Auto TRI,2024-04-22,24770.673218753116
Nifty Auto TRI,2024-04-23,24886.730722276377
Nifty Auto TRI,2024-04-24,24867.647611354645
Nifty Auto TRI,2024-04-25,25183.084970339867
Nifty Auto TRI,2024-04-26,25112.787802991206
Nifty Auto TRI,2024-04-29,25077.58436407017
Nifty Auto TRI,2024-04-30,25533.916389895825
Nifty Auto TRI,2024-05-02,25823.375826614254
Nifty Auto TRI,2024-05-03,25605.806431877976
Nifty Auto TRI,2024-05-06,25591.142611595445
Nifty Auto TRI,2024-05-07,25123.096911782948
Nifty Auto TRI,2024-05-08,25515.339674042505
Nifty Auto TRI,2024-05-09,25714.461020795407
Nifty Auto TRI,2024-05-10,25957.84593249795
Nifty Auto TRI,2024-05-13,25523.360452637346
Nifty Auto TRI,2024-05-14,25992.377613847526
Nifty Auto TRI,2024-05-15,25862.464445476096
Nifty Auto TRI,2024-05-16,26007.48554142694
Nifty Auto TRI,2024-05-17,26461.383917928593
Nifty Auto TRI,2024-05-21,26541.663148555734
Nifty Auto TRI,2024-05-22,26508.68747293366
Nifty Auto TRI,2024-05-23,27106.278424214233
Nifty Auto TRI,2024-05-24,27154.98043770132
Nifty Auto TRI,2024-05-27,27140.946486826295
Nifty Auto TRI,2024-05-28,27070.185617026553
Nifty Auto TRI,2024-05-29,27006.92299819728
Nifty Auto TRI,2024-05-30,26681.459437628622
Nifty Auto TRI,2024-05-31,26623.75357950305
Nifty Auto TRI,2024-06-03,27277.49107919462
Nifty Auto TRI,2024-06-04,26369.366978797083
Nifty Auto TRI,2024-06-05,27609.893318699556
Nifty Auto TRI,2024-06-06,27739.068854893918
Nifty Auto TRI,2024-06-07,28448.763918630568
Nifty Auto TRI,2024-06-10,28453.876350133367
Nifty Auto TRI,2024-06-11,28691.35093577416
Nifty Auto TRI,2024-06-12,28677.12037329441
Nifty Auto TRI,2024-06-13,28877.59661180832
Nifty Auto TRI,2024-06-14,29252.42486947294
Nifty Auto TRI,2024-06-18,29247.87988118751
Nifty Auto TRI,2024-06-19,28869.237046974624
Nifty Auto TRI,2024-06-20,28740.527040761757
Nifty Auto TRI,2024-06-21,28541.6292606516
Nifty Auto TRI,2024-06-24,28791.380984492178
Nifty Auto TRI,2024-06-25,28724.420997446512
Nifty Auto TRI,2024-06-26,28462.015461683754
Nifty Auto TRI,2024-06-27,28659.035741958916
Nifty Auto TRI,2024-06-28,28670.282287576618
Nifty Auto TRI,2024-07-01,28812.856369515674
Nifty Auto TRI,2024-07-02,28594.044655797465
Nifty Auto TRI,2024-07-03,28653.9356329356
Nifty Auto TRI,2024-07-04,28863.68402475535
Nifty Auto TRI,2024-07-05,28900.714232624752
Nifty Auto TRI,2024-07-08,28746.260055767805
Nifty Auto TRI,2024-07-09,29387.808220388673
Nifty Auto TRI,2024-07-10,28795.96693516334
Nifty Auto TRI,2024-07-11,28744.91073559731
Nifty Auto TRI,2024-07-12,28618.451512440504
Nifty Auto TRI,2024-07-15,28933.060093749624
Nifty Auto TRI,2024-07-16,29005.67084879215
Nifty Auto TRI,2024-07-18,29114.022715129635
Nifty Auto TRI,2024-07-19,28416.61940198982
Nifty Auto TRI,2024-07-22,28746.126175529957
Nifty Auto TRI,2024-07-23,28827.68198342589
Nifty Auto TRI,2024-07-24,28814.067230238972
Nifty Auto TRI,2024-07-25,29177.24168634683
Nifty Auto TRI,2024-07-26,29887.751686132156
Nifty Auto TRI,2024-07-29,30090.426720573974
Nifty Auto TRI,2024-07-30,30267.05607518928
Nifty Auto TRI,2024-07-31,30386.648540291033
Nifty Auto TRI,2024-08-01,30162.233330557232
Nifty Auto TRI,2024-08-02,29282.787505374643
Nifty Auto TRI,2024-08-05,28137.266858303617
Nifty Auto TRI,2024-08-06,27925.687888769462
Nifty Auto TRI,2024-08-07,28402.0046099961
Nifty Auto TRI,2024-08-08,28379.71454462284
Nifty Auto TRI,2024-08-09,28869.454844686163
Nifty Auto TRI,2024-08-12,28794.697449072224
Nifty Auto TRI,2024-08-13,28570.963934978932
Nifty Auto TRI,2024-08-14,28585.013718563954
Nifty Auto TRI,2024-08-16,29160.557816428474
Nifty Auto TRI,2024-08-19,28902.49866539273
Nifty Auto TRI,2024-08-20,29052.82264016783
Nifty Auto TRI,2024-08-21,29152.453378973583
Nifty Auto TRI,2024-08-22,29126.92814785991
Nifty Auto TRI,2024-08-23,29454.790680757378
Nifty Auto TRI,2024-08-26,29560.608817852066
Nifty Auto TRI,2024-08-27,29527.741954416168
Nifty Auto TRI,2024-08-28,29491.510197430405
Nifty Auto TRI,2024-08-29,29652.99804297613
Nifty Auto TRI,2024-08-30,29827.486970134316
Nifty Auto TRI,2024-09-02,29714.3557359461
Nifty Auto TRI,2024-09-03,29673.279024384276
Nifty Auto TRI,2024-09-04,29559.65184377502
Nifty Auto TRI,2024-09-05,29447.672529296684
Nifty Auto TRI,2024-09-06,29097.228268000243
Nifty Auto TRI,2024-09-09,29063.241646279406
Nifty Auto TRI,2024-09-10,29133.799198376262
Nifty Auto TRI,2024-09-11,28774.521356890116
Nifty Auto TRI,2024-09-12,29390.016420104756
Nifty Auto TRI,2024-09-13,29437.61568970988
Nifty Auto TRI,2024-09-16,29450.055992881513
Nifty Auto TRI,2024-09-17,29526.966365700206
Nifty Auto TRI,2024-09-18,29422.925571589607
Nifty Auto TRI,2024-09-19,29541.403088941417
Nifty Auto TRI,2024-09-20,30097.4150253007
Nifty Auto TRI,2024-09-23,30568.400480468248
Nifty Auto TRI,2024-09-24,30700.436457846256
Nifty Auto TRI,2024-09-25,30664.665010030265
Nifty Auto TRI,2024-09-26,31358.795825640762
Nifty Auto TRI,2024-09-27,31490.238117020897
Nifty Auto TRI,2024-09-30,30827.214024583453
Nifty Auto TRI,2024-10-01,30892.214325349927
Nifty Auto TRI,2024-10-03,30002.617603072
Nifty Auto TRI,2024-10-04,29574.752237505418
Nifty Auto TRI,2024-10-07,29441.2405957985
Nifty Auto TRI,2024-10-08,29931.40863087486
Nifty Auto TRI,2024-10-09,30176.543805678637
Nifty Auto TRI,2024-10-10,30266.642142568184
Nifty Auto TRI,2024-10-11,30162.6137235248
Nifty Auto TRI,2024-10-14,30195.831164969124
Nifty Auto TRI,2024-10-15,29944.533952333055
Nifty Auto TRI,2024-10-16,29564.680239481328
Nifty Auto TRI,2024-10-17,28518.15748581865
Nifty Auto TRI,2024-10-18,28696.614212041586
Nifty Auto TRI,2024-10-21,28818.733156633152
Nifty Auto TRI,2024-10-22,28106.673059747365
Nifty Auto TRI,2024-10-23,27906.625363282743
Nifty Auto TRI,2024-10-24,27763.061126356573
Nifty Auto TRI,2024-10-25,27163.968265918465
Nifty Auto TRI,2024-10-28,27354.700392273102
Nifty Auto TRI,2024-10-29,26926.412863531183
Nifty Auto TRI,2024-10-30,26933.311136780074
Nifty Auto TRI,2024-10-31,26843.51801526664
Nifty Auto TRI,2024-11-01,27176.33957174012
Nifty Auto TRI,2024-11-04,26913.232046642956
Nifty Auto TRI,2024-11-05,27218.119581066894
Nifty Auto TRI,2024-11-06,27559.445976177074
Nifty Auto TRI,2024-11-07,27188.660781954353
Nifty Auto TRI,2024-11-08,27181.065359079337
Nifty Auto TRI,2024-11-11,27096.787553737482
Nifty Auto TRI,2024-11-12,26571.835696615115
Nifty Auto TRI,2024-11-13,25997.1216325412
Nifty Auto TRI,2024-11-14,26168.331180250647
Nifty Auto TRI,2024-11-18,26318.916095376102
Nifty Auto TRI,2024-11-19,26680.154565868113
Nifty Auto TRI,2024-11-21,26437.63125883185
Nifty Auto TRI,2024-11-22,26904.61611531989
Nifty Auto TRI,2024-11-25,27092.27367833901
Nifty Auto TRI,2024-11-26,26746.359805272714
Nifty Auto TRI,2024-11-27,26866.297791532375
Nifty Auto TRI,2024-11-28,26429.87672935877
Nifty Auto TRI,2024-11-29,26697.764108486357
Nifty Auto TRI,2024-12-02,26963.93304037475
Nifty Auto TRI,2024-12-03,27139.256267656034
Nifty Auto TRI,2024-12-04,26947.577767453156
Nifty Auto TRI,2024-12-05,27122.280710435352
Nifty Auto TRI,2024-12-06,27378.980688451316
Nifty Auto TRI,2024-12-09,27169.577022262813
Nifty Auto TRI,2024-12-10,27161.174736469446
Nifty Auto TRI,2024-12-11,27258.826100988328
Nifty Auto TRI,2024-12-12,27040.65325810912
Nifty Auto TRI,2024-12-13,27170.30785770044
Nifty Auto TRI,2024-12-16,27192.417066977574
Nifty Auto TRI,2024-12-17,26767.15300409912
Nifty Auto TRI,2024-12-18,26566.07460402353
Nifty Auto TRI,2024-12-19,26372.07371448743
Nifty Auto TRI,2024-12-20,25811.63444108092
Nifty Auto TRI,2024-12-23,25788.30756543899
Nifty Auto TRI,2024-12-24,25935.117577262652
Nifty Auto TRI,2024-12-26,26154.38634693413
Nifty Auto TRI,2024-12-27,26410.00726777772
Nifty Auto TRI,2024-12-30,26033.917984343596
Nifty Auto TRI,2024-12-31,26109.8098458556
Nifty Auto TRI,2025-01-02,27463.105940951715
Nifty Auto TRI,2025-01-03,27451.04718839807
Nifty Auto TRI,2025-01-06,26855.390271909622
Nifty Auto TRI,2025-01-07,26856.007969161627
Nifty Auto TRI,2025-01-08,26728.702032601366
Nifty Auto TRI,2025-01-09,26655.142795262065
Nifty Auto TRI,2025-01-10,26327.092163392077
Nifty Auto TRI,2025-01-13,25602.316442313495
Nifty Auto TRI,2025-01-14,26118.684094201668
Nifty Auto TRI,2025-01-15,25981.780055026407
Nifty Auto TRI,2025-01-16,26152.366001752158
Nifty Auto TRI,2025-01-17,26072.827008687786
Nifty Auto TRI,2025-01-20,25938.469950126568
Nifty Auto TRI,2025-01-21,25517.45353702905
Nifty Auto TRI,2025-01-22,25485.140499016055
Nifty Auto TRI,2025-01-23,25765.700433551527
Nifty Auto TRI,2025-01-24,25368.333564407592
Nifty Auto TRI,2025-01-27,25140.85790794264
Nifty Auto TRI,2025-01-28,25477.635198566844
Nifty Auto TRI,2025-01-29,25847.043006490294
Nifty Auto TRI,2025-01-30,25744.00713398277
Nifty Auto TRI,2025-01-31,26170.321702209967
Nifty Auto TRI,2025-02-03,26698.254274927785
Nifty Auto TRI,2025-02-04,26937.10670296276
Nifty Auto TRI,2025-02-05,26917.29392508603
Nifty Auto TRI,2025-02-06,26668.214985293987
Nifty Auto TRI,2025-02-07,26853.34357298074
Nifty Auto TRI,2025-02-10,26457.97151893966
Nifty Auto TRI,2025-02-11,25841.94692479309
Nifty Auto TRI,2025-02-12,25652.097265643533
Nifty Auto TRI,2025-02-13,25580.50166304046
Nifty Auto TRI,2025-02-14,25266.360790137518
Nifty Auto TRI,2025-02-17,25133.94915595775
Nifty Auto TRI,2025-02-18,24982.40843870304
Nifty Auto TRI,2025-02-19,24971.925081532852
Nifty Auto TRI,2025-02-20,25276.902886297747
Nifty Auto TRI,2025-02-21,24626.039318072522
Nifty Auto TRI,2025-02-24,24681.4168046989
Nifty Auto TRI,2025-02-25,24808.234274624112
Nifty Auto TRI,2025-02-27,24434.73818749691
Nifty Auto TRI,2025-02-28,23477.07298915605
Nifty Auto TRI,2025-03-03,23524.29305533173
Nifty Auto TRI,2025-03-04,23216.870227695515
Nifty Auto TRI,2025-03-05,23821.78962922178
Nifty Auto TRI,2025-03-06,24009.095064856458
Nifty Auto TRI,2025-03-07,24067.02512890892
Nifty Auto TRI,2025-03-10,23774.685866032352
Nifty Auto TRI,2025-03-11,23694.966143033424
Nifty Auto TRI,2025-03-12,23811.380857636355
Nifty Auto TRI,2025-03-13,23548.91972759813
Nifty Auto TRI,2025-03-17,23765.870686406925
Nifty Auto TRI,2025-03-18,24332.34397565533
Nifty Auto TRI,2025-03-19,24429.893115736748
Nifty Auto TRI,2025-03-20,24778.40523688401
Nifty Auto TRI,2025-03-21,24931.434322477362
Nifty Auto TRI,2025-03-24,25142.85449955882
Nifty Auto TRI,2025-03-25,24913.062901919326
Nifty Auto TRI,2025-03-26,24919.70273557646
Nifty Auto TRI,2025-03-27,24661.294863729046
Nifty Auto TRI,2025-03-28,24408.375430569507
Nifty Auto TRI,2025-04-01,24341.970772738146
Nifty Auto TRI,2025-04-02,24541.6366021416
Nifty Auto TRI,2025-04-03,24261.61874464411
Nifty Auto TRI,2025-04-04,23607.861212836284
Nifty Auto TRI,2025-04-07,22718.282427335915
Nifty Auto TRI,2025-04-08,23088.76785340707
Nifty Auto TRI,2025-04-09,23091.97659578062
Nifty Auto TRI,2025-04-11,23561.339349581267
Nifty Auto TRI,2025-04-15,24363.81233573701
Nifty Auto TRI,2025-04-16,24260.809978569676
Nifty Auto TRI,2025-04-17,24510.669194681883
Nifty Auto TRI,2025-04-21,25032.78300805569
Nifty Auto TRI,2025-04-22,25122.582570416227
Nifty Auto TRI,2025-04-23,25720.560669942195
Nifty Auto TRI,2025-04-24,25655.99780368384
Nifty Auto TRI,2025-04-25,25228.78888826802
Nifty Auto TRI,2025-04-28,25642.04360266482
Nifty Auto TRI,2025-04-29,25580.911231732312
Nifty Auto TRI,2025-04-30,25592.33405908795
Nifty Auto TRI,2025-05-02,25568.60286479808
Nifty Auto TRI,2025-05-05,26044.208184837975
Nifty Auto TRI,2025-05-06,26088.978069873403
Nifty Auto TRI,2025-05-07,26521.694298033926
Nifty Auto TRI,2025-05-08,26017.59436844803
Nifty Auto TRI,2025-05-09,25965.11756759026
Nifty Auto TRI,2025-05-12,26853.91657349553
Nifty Auto TRI,2025-05-13,26587.02581219946
Nifty Auto TRI,2025-05-14,26805.342930083447
Nifty Auto TRI,2025-05-15,27320.23160068317
Nifty Auto TRI,2025-05-16,27491.181623841207
Nifty Auto TRI,2025-05-19,27607.57632654394
Nifty Auto TRI,2025-05-20,27009.84871045361
Nifty Auto TRI,2025-05-21,27204.458985700116
Nifty Auto TRI,2025-05-22,26929.47689238203
Nifty Auto TRI,2025-05-23,26993.74773987895
Nifty Auto TRI,2025-05-26,27280.548323638337
Nifty Auto TRI,2025-05-27,27090.428165171536
Nifty Auto TRI,2025-05-28,26907.64579805844
Nifty Auto TRI,2025-05-29,27044.658936824475
Nifty Auto TRI,2025-05-30,26781.149895240254
Nifty Auto TRI,2025-06-02,26785.005033434518
Nifty Auto TRI,2025-06-03,26718.73143045976
Nifty Auto TRI,2025-06-04,26792.83617752587
Nifty Auto TRI,2025-06-05,26763.249683805905
Nifty Auto TRI,2025-06-06,27171.764317288806
Nifty Auto TRI,2025-06-09,27307.03337800528
Nifty Auto TRI,2025-06-10,27286.93179062064
Nifty Auto TRI,2025-06-11,27340.73586989196
Nifty Auto TRI,2025-06-12,26889.642618788952
Nifty Auto TRI,2025-06-13,26793.434393009436
Nifty Auto TRI,2025-06-16,26842.54720923016
Nifty Auto TRI,2025-06-17,26681.369086684055
Nifty Auto TRI,2025-06-18,26779.794832375424
Nifty Auto TRI,2025-06-19,26921.019841716115
Nifty Auto TRI,2025-06-20,27202.863991327227
Nifty Auto TRI,2025-06-23,26954.399305917126
Nifty Auto TRI,2025-06-24,27112.65097395928
Nifty Auto TRI,2025-06-25,27377.133724609223
Nifty Auto TRI,2025-06-26,27531.727380654294
Nifty Auto TRI,2025-06-27,27585.61961070868
Nifty Auto TRI,2025-06-30,27432.2859476235
Nifty Auto TRI,2025-07-01,27377.241372715718
Nifty Auto TRI,2025-07-02,27465.151816548492
Nifty Auto TRI,2025-07-03,27586.681365984256
Nifty Auto TRI,2025-07-04,27559.220427009102
Nifty Auto TRI,2025-07-07,27519.52220130846
Nifty Auto TRI,2025-07-08,27415.67973249849
Nifty Auto TRI,2025-07-09,27521.596342453122
Nifty Auto TRI,2025-07-10,27490.678491820203
Nifty Auto TRI,2025-07-11,27005.150322293997
Nifty Auto TRI,2025-07-14,27074.26053517106
Nifty Auto TRI,2025-07-15,27481.088600563697
Nifty Auto TRI,2025-07-16,27603.581957025082
Nifty Auto TRI,2025-07-17,27594.389067506057
Nifty Auto TRI,2025-07-18,27470.802717906405
Nifty Auto TRI,2025-07-21,27657.759210619366
Nifty Auto TRI,2025-07-22,27452.525020038935
Nifty Auto TRI,2025-07-23,27687.322594057307
Nifty Auto TRI,2025-07-24,27697.161265094917
Nifty Auto TRI,2025-07-25,27346.33479658099
Nifty Auto TRI,2025-07-28,27246.73723398414
Nifty Auto TRI,2025-07-29,27472.135930552347
Nifty Auto TRI,2025-07-30,27308.94554678377
Nifty Auto TRI,2025-07-31,27206.238027067575
Nifty Auto TRI,2025-08-01,26925.3152624236
Nifty Auto TRI,2025-08-04,27360.628495406436
Nifty Auto TRI,2025-08-05,27463.516237553365
Nifty Auto TRI,2025-08-06,27317.660779767913
Nifty Auto TRI,2025-08-07,27386.560524541124
Nifty Auto TRI,2025-08-08,27003.728077621134
Nifty Auto TRI,2025-08-11,27292.506706761375
Nifty Auto TRI,2025-08-12,27446.088534106595
Nifty Auto TRI,2025-08-13,27752.925643485785
Nifty Auto TRI,2025-08-14,27749.252646509885
Nifty Auto TRI,2025-08-18,28912.5894141663
Nifty Auto TRI,2025-08-19,29292.526287260498
Nifty Auto TRI,2025-08-20,29307.766632540486
Nifty Auto TRI,2025-08-21,29202.984376540087
Nifty Auto TRI,2025-08-22,29148.484336384015
Nifty Auto TRI,2025-08-25,29258.99211792831
Nifty Auto TRI,2025-08-26,29141.131886362975
Nifty Auto TRI,2025-08-28,28985.267100037945
Nifty Auto TRI,2025-08-29,28729.787484642842
Nifty Auto TRI,2025-09-01,29536.919252926677
Nifty Auto TRI,2025-09-02,29451.331513401856
Nifty Auto TRI,2025-09-03,29671.428073489795
Nifty Auto TRI,2025-09-04,29924.80621695153
Nifty Auto TRI,2025-09-05,30300.629248517263
Nifty Auto TRI,2025-09-08,31303.131057468207
Nifty Auto TRI,2025-09-09,31296.270773870714
Nifty Auto TRI,2025-09-10,30895.81235472877
Nifty Auto TRI,2025-09-11,30793.603596207355
Nifty Auto TRI,2025-09-12,30935.148970019694
Nifty Auto TRI,2025-09-15,30815.615449892866
Nifty Auto TRI,2025-09-16,31260.668655449615
Nifty Auto TRI,2025-09-17,31432.243487924887
Nifty Auto TRI,2025-09-18,31473.06015131629
Nifty Auto TRI,2025-09-19,31347.46745845888
Nifty Auto TRI,2025-09-22,31274.878038973176
Nifty Auto TRI,2025-09-23,31468.823862686495
Nifty Auto TRI,2025-09-24,31107.610292360216
Nifty Auto TRI,2025-09-25,30821.53463618798
Nifty Auto TRI,2025-09-26,30506.819793757288
Nifty Auto TRI,2025-09-29,30454.01875554397
Nifty Auto TRI,2025-09-30,30576.72842862393
Nifty Auto TRI,2025-10-01,30838.266532059533
Nifty Auto TRI,2025-10-03,30822.03087209508
Nifty Auto TRI,2025-10-06,30944.49210933416
Nifty Auto TRI,2025-10-07,31033.30873379163
Nifty Auto TRI,2025-10-08,30560.406586917612
Nifty Auto TRI,2025-10-09,30635.675997228187
Nifty Auto TRI,2025-10-10,30791.14992868636
Nifty Auto TRI,2025-10-13,30767.104912627226
Nifty Auto TRI,2025-10-14,30701.563161946295
Nifty Auto TRI,2025-10-15,30780.882226121183
Nifty Auto TRI,2025-10-16,31173.685601606227
Nifty Auto TRI,2025-10-17,31381.81719274061
Nifty Auto TRI,2025-10-20,31334.645810386028
Nifty Auto TRI,2025-10-21,31386.677879645566
Nifty Auto TRI,2025-10-23,31375.593290704208
Nifty Auto TRI,2025-10-24,31249.586877096506
Nifty Auto TRI,2025-10-27,31430.77568972351
Nifty Auto TRI,2025-10-28,31298.70435104483
Nifty Auto TRI,2025-10-29,31069.610362793283
Nifty Auto TRI,2025-10-30,30932.85388753081
Nifty Auto TRI,2025-10-31,30910.98170619315
Nifty Auto TRI,2025-11-03,30950.349877192566
Nifty Auto TRI,2025-11-04,30683.96288407362
Nifty Auto TRI,2025-11-06,30704.603320674316
Nifty Auto TRI,2025-11-07,30881.9365842929
Nifty Auto TRI,2025-11-10,30977.068045959477
Nifty Auto TRI,2025-11-11,31310.52892519207
Nifty Auto TRI,2025-11-12,31699.94533201623
Nifty Auto TRI,2025-11-13,31582.760989240378
Nifty Auto TRI,2025-11-14,31418.683633676337
Nifty Auto TRI,2025-11-17,31689.84474341982
Nifty Auto TRI,2025-11-18,31570.27839350591
Nifty Auto TRI,2025-11-19,31647.503762096476
Nifty Auto TRI,2025-11-20,31786.279648879223
Nifty Auto TRI,2025-11-21,31768.514009526993
Nifty Auto TRI,2025-11-24,31660.756214795765
Nifty Auto TRI,2025-11-25,31588.355200621765
Nifty Auto TRI,2025-11-26,31955.77557175543
Nifty Auto TRI,2025-11-27,31849.629383261774
Nifty Auto TRI,2025-11-28,32047.74697050963
Nifty Auto TRI,2025-12-01,32302.388347092907
Nifty Auto TRI,2025-12-02,32287.689672805554
Nifty Auto TRI,2025-12-03,31901.16966946724
Nifty Auto TRI,2025-12-04,32004.631060266805
Nifty Auto TRI,2025-12-05,32243.703657037946
Nifty Auto TRI,2025-12-08,31851.26953830982
Nifty Auto TRI,2025-12-09,31624.124793007864
Nifty Auto TRI,2025-12-10,31577.66297045413
Nifty Auto TRI,2025-12-11,31927.97533715088
Nifty Auto TRI,2025-12-12,32113.3581233795
Nifty Auto TRI,2025-12-15,31824.21186572873
Nifty Auto TRI,2025-12-16,31795.179001814682
Nifty Auto TRI,2025-12-17,31734.918058631425
Nifty Auto TRI,2025-12-18,31542.58087352663
Nifty Auto TRI,2025-12-19,31930.605066787037
Nifty Auto TRI,2025-12-22,32196.52348529109
Nifty Auto TRI,2025-12-23,32205.194411599718
Nifty Auto TRI,2025-12-24,32198.68144495044
Nifty Auto TRI,2025-12-26,32032.075100455488
Nifty Auto TRI,2025-12-29,31864.529985173962
Nifty Auto TRI,2025-12-30,32208.564343585043
Nifty Auto TRI,2025-12-31,32555.849758275162
Nifty Auto TRI,2026-01-02,33266.82255534826
Nifty Auto TRI,2026-01-05,33374.07314679011
Nifty Auto TRI,2026-01-06,33407.55463553489
Nifty Auto TRI,2026-01-07,33142.84835439449
Nifty Auto TRI,2026-01-08,32823.25619993917
Nifty Auto TRI,2026-01-09,32446.063996712837
Nifty Auto TRI,2026-01-12,32361.030679654006
Nifty Auto TRI,2026-01-13,32250.252307039587
Nifty Auto TRI,2026-01-14,32027.86352099738
Nifty Auto TRI,2026-01-16,31884.49179994895
Nifty Auto TRI,2026-01-19,31928.925461329673
Nifty Auto TRI,2026-01-20,31139.01693531262
Nifty Auto TRI,2026-01-21,31051.061718168527
Nifty Auto TRI,2026-01-22,31328.03283110083
Nifty Auto TRI,2026-01-23,30975.675128783867
Nifty Auto TRI,2026-01-27,30689.479555952246
Nifty Auto TRI,2026-01-28,30902.514540068816
Nifty Auto TRI,2026-01-29,30692.770292613845
Nifty Auto TRI,2026-01-30,30918.93518071009
Nifty Auto TRI,2026-02-02,30920.07600339237
Nifty Auto TRI,2026-02-03,31789.217332001674
Nifty Auto TRI,2026-02-04,32165.895385709187
Nifty Auto TRI,2026-02-05,31980.767305630863
Nifty Auto TRI,2026-02-06,31814.06952089026
Nifty Auto TRI,2026-02-09,32131.024509881572
Nifty Auto TRI,2026-02-10,32573.27132096128
Nifty Auto TRI,2026-02-11,32996.753777991195
Nifty Auto TRI,2026-02-12,32957.59071413378
Nifty Auto TRI,2026-02-13,32646.583702840373
Nifty Auto TRI,2026-02-16,32410.922612906863
Nifty Auto TRI,2026-02-17,32581.04650618654
Nifty Auto TRI,2026-02-18,32758.92457274773
Nifty Auto TRI,2026-02-19,32073.341115306706
Nifty Auto TRI,2026-02-20,32204.668354444806
Nifty Auto TRI,2026-02-23,32473.546330512647
Nifty Auto TRI,2026-02-24,32327.540212886528
Nifty Auto TRI,2026-02-25,32925.831620540914
Nifty Auto TRI,2026-02-26,33189.18053556989
Nifty Auto TRI,2026-02-27,32571.761833823348
Nifty Auto TRI,2026-03-02,31858.648092438063
Nifty Auto TRI,2026-03-04,31081.867512635792
Nifty Auto TRI,2026-03-05,31660.76181773498
Nifty Auto TRI,2026-03-06,31325.64981668408
Nifty Auto TRI,2026-03-09,30043.384666513084
Nifty Auto TRI,2026-03-10,30975.1767184535
Nifty Auto TRI,2026-03-11,29998.796659364536
Nifty Auto TRI,2026-03-12,29041.51469556581
Nifty Auto TRI,2026-03-13,27997.509101154497
Nifty Auto TRI,2026-03-16,28467.32666909494
Nifty Auto TRI,2026-03-17,29067.574424964605
Nifty Auto TRI,2026-03-18,29625.902238970535
Nifty Auto TRI,2026-03-19,28366.419029162502
Nifty Auto TRI,2026-03-20,28605.611447799907
Nifty Auto TRI,2026-03-23,27703.790123987972
Nifty Auto TRI,2026-03-24,28376.47534506478
Nifty Auto TRI,2026-03-25,29006.19433738722
Nifty Auto TRI,2026-03-27,28189.757987462308
Nifty Auto TRI,2026-03-30,27517.880354308407
Nifty Auto TRI,2026-04-01,28062.65637823924
Nifty Auto TRI,2026-04-02,27890.679995438102
Nifty Auto TRI,2026-04-06,28195.645226175588
Nifty Auto TRI,2026-04-07,28222.93073955556
Nifty Auto TRI,2026-04-08,30110.793544545206
Nifty Auto TRI,2026-04-09,29994.59853469904
Nifty Auto TRI,2026-04-10,30851.206633627524
Nifty Auto TRI,2026-04-13,30209.400824044813
Nifty Auto TRI,2026-04-15,30672.64486152309
Nifty Auto TRI,2026-04-16,30557.25269653569
Nifty Auto TRI,2026-04-17,30618.604251754536
Nifty Auto TRI,2026-04-20,30722.232009015264
Nifty Auto TRI,2026-04-21,30842.265108278647
Nifty Auto TRI,2026-04-22,30640.44104750015
Nifty Auto TRI,2026-04-23,29920.54604583888
Nifty Auto TRI,2026-04-24,29718.337382948008
Nifty Auto TRI,2026-04-27,30184.54501764719
Nifty Auto TRI,2026-04-28,29880.88445759114
Nifty Auto TRI,2026-04-29,30223.960839403793
Nifty Auto TRI,2026-04-30,30029.95336106527
Nifty Auto TRI,2026-05-04,30160.80895722524
Nifty Auto TRI,2026-05-05,30352.14242599222
Nifty Auto TRI,2026-05-06,31084.09435825125
Nifty Auto TRI,2026-05-07,31684.029127932183
Nifty Auto TRI,2026-05-08,31592.063023697297
Nifty Auto TRI,2026-05-11,31007.661520920938
Nifty Auto TRI,2026-05-12,30300.55812665247
Nifty Auto TRI,2026-05-13,30007.382319988534
Nifty Auto TRI,2026-05-14,30194.527112172465
Nifty Auto TRI,2026-05-15,30219.691720121013
Nifty Auto TRI,2026-05-18,29704.679290430544
Nifty Auto TRI,2026-05-19,29791.854162406013
Nifty Auto TRI,2026-05-20,30042.55192122571
Nifty Auto TRI,2026-05-21,30126.726889684327
Nifty Auto TRI,2026-05-22,30163.313584922846
Nifty Auto TRI,2026-05-25,30682.841277775053
Nifty Auto TRI,2026-05-26,30703.90938445576
Nifty Auto TRI,2026-05-27,31149.653874173633
Nifty Auto TRI,2026-05-29,30541.698735983613
Nifty Auto TRI,2026-06-01,30026.340816129235
Nifty Auto TRI,2026-06-02,30244.661528437733
Nifty Auto TRI,2026-06-03,30260.969875364117
Nifty Auto TRI,2026-06-04,30321.579345938964
Nifty Auto TRI,2026-06-05,30347.456776322164
Nifty Auto TRI,2026-06-08,29788.372355415308
Nifty Auto TRI,2026-06-09,30188.026595336487
Nifty Auto TRI,2026-06-10,29966.02014088234
Nifty Auto TRI,2026-06-11,29916.723280368737
Nifty Auto TRI,2026-06-12,30501.61260380404
Nifty Auto TRI,2026-06-15,31297.224222060675
Nifty Auto TRI,2026-06-16,31198.36244794647
Nifty Auto TRI,2026-06-17,31005.28676608128
Nifty Auto TRI,2026-06-18,31031.65623664617
Nifty Auto TRI,2026-06-19,30843.322017221195
Nifty Auto TRI,2026-06-22,30985.1997880837
Nifty Auto TRI,2026-06-23,30745.90498987639
Nifty Auto TRI,2026-06-24,30616.602420522766
Nifty Auto TRI,2026-06-25,31306.041646294365
Nifty Auto TRI,2026-06-30,30732.387651047506
