index_name,date,tri
Nifty India Consumption TRI,2011-07-12,1850.8900146484375
Nifty India Consumption TRI,2011-07-13,1870.3061281348264
Nifty India Consumption TRI,2011-07-14,1868.9322251238577
Nifty India Consumption TRI,2011-07-15,1868.998316777389
Nifty India Consumption TRI,2011-07-18,1861.5749936914222
Nifty India Consumption TRI,2011-07-19,1858.0898974567847
Nifty India Consumption TRI,2011-07-20,1854.9046861293814
Nifty India Consumption TRI,2011-07-21,1854.020028167009
Nifty India Consumption TRI,2011-07-22,1854.0855924757063
Nifty India Consumption TRI,2011-07-25,1915.520405861376
Nifty India Consumption TRI,2011-07-26,1885.973511523976
Nifty India Consumption TRI,2011-07-27,1893.9243916790504
Nifty India Consumption TRI,2011-07-28,1892.040190226644
Nifty India Consumption TRI,2011-07-29,1897.5704654647375
Nifty India Consumption TRI,2011-08-01,1897.7717857745304
Nifty India Consumption TRI,2011-08-02,1906.5252771871121
Nifty India Consumption TRI,2011-08-03,1888.1183702621422
Nifty India Consumption TRI,2011-08-04,1878.3171322471276
Nifty India Consumption TRI,2011-08-05,1857.0954766219443
Nifty India Consumption TRI,2011-08-08,1820.9277204013363
Nifty India Consumption TRI,2011-08-09,1810.7620193809112
Nifty India Consumption TRI,2011-08-10,1810.826053942681
Nifty India Consumption TRI,2011-08-11,1820.9708479405165
Nifty India Consumption TRI,2011-08-12,1821.0352435203856
Nifty India Consumption TRI,2011-08-16,1807.5057754541822
Nifty India Consumption TRI,2011-08-17,1811.895144193849
Nifty India Consumption TRI,2011-08-18,1794.9970983589478
Nifty India Consumption TRI,2011-08-19,1781.7727118828363
Nifty India Consumption TRI,2011-08-22,1781.9617467781754
Nifty India Consumption TRI,2011-08-23,1809.8960836091444
Nifty India Consumption TRI,2011-08-24,1821.1471295382296
Nifty India Consumption TRI,2011-08-25,1799.097193056067
Nifty India Consumption TRI,2011-08-26,1800.1122791637313
Nifty India Consumption TRI,2011-08-29,1779.147384932182
Nifty India Consumption TRI,2011-08-30,1811.1255408006361
Nifty India Consumption TRI,2011-09-02,1828.4290824489417
Nifty India Consumption TRI,2011-09-05,1857.859929928145
Nifty India Consumption TRI,2011-09-06,1855.2402637190205
Nifty India Consumption TRI,2011-09-07,1865.3561381324287
Nifty India Consumption TRI,2011-09-08,1863.5482688423049
Nifty India Consumption TRI,2011-09-09,1863.6141701012527
Nifty India Consumption TRI,2011-09-12,1854.5215216337247
Nifty India Consumption TRI,2011-09-13,1837.2184960416216
Nifty India Consumption TRI,2011-09-14,1830.9090705408744
Nifty India Consumption TRI,2011-09-15,1847.0907771258096
Nifty India Consumption TRI,2011-09-16,1837.2831047259504
Nifty India Consumption TRI,2011-09-19,1830.1100973092762
Nifty India Consumption TRI,2011-09-20,1851.7481720174344
Nifty India Consumption TRI,2011-09-21,1846.9915053563611
Nifty India Consumption TRI,2011-09-22,1789.4001977254934
Nifty India Consumption TRI,2011-09-23,1785.0321303210558
Nifty India Consumption TRI,2011-09-26,1766.5012226306867
Nifty India Consumption TRI,2011-09-27,1802.6718880190049
Nifty India Consumption TRI,2011-09-28,1791.5146649584601
Nifty India Consumption TRI,2011-09-29,1808.3248115520216
Nifty India Consumption TRI,2011-09-30,1792.1027614543373
Nifty India Consumption TRI,2011-10-03,1779.24464071271
Nifty India Consumption TRI,2011-10-04,1754.574165824063
Nifty India Consumption TRI,2011-10-05,1752.5198762478738
Nifty India Consumption TRI,2011-10-07,1767.4292367419937
Nifty India Consumption TRI,2011-10-10,1786.8177774020724
Nifty India Consumption TRI,2011-10-11,1794.6860710161443
Nifty India Consumption TRI,2011-10-12,1809.1362320600165
Nifty India Consumption TRI,2011-10-13,1794.8329683922052
Nifty India Consumption TRI,2011-10-14,1813.2975931462538
Nifty India Consumption TRI,2011-10-17,1817.4133194803228
Nifty India Consumption TRI,2011-10-18,1799.314778583989
Nifty India Consumption TRI,2011-10-19,1824.9979725250355
Nifty India Consumption TRI,2011-10-20,1815.4486171835883
Nifty India Consumption TRI,2011-10-21,1803.419653355339
Nifty India Consumption TRI,2011-10-24,1823.624517329244
Nifty India Consumption TRI,2011-10-25,1858.909506728053
Nifty India Consumption TRI,2011-10-28,1891.9217539588844
Nifty India Consumption TRI,2011-10-31,1905.8362337058609
Nifty India Consumption TRI,2011-11-01,1894.4282168058467
Nifty India Consumption TRI,2011-11-02,1894.4952100823618
Nifty India Consumption TRI,2011-11-03,1901.8515421892782
Nifty India Consumption TRI,2011-11-04,1912.8231602357
Nifty India Consumption TRI,2011-11-08,1911.5371642929988
Nifty India Consumption TRI,2011-11-09,1900.979814855647
Nifty India Consumption TRI,2011-11-11,1906.647977232741
Nifty India Consumption TRI,2011-11-14,1898.7948340300993
Nifty India Consumption TRI,2011-11-15,1854.5750033176862
Nifty India Consumption TRI,2011-11-16,1855.2834827105344
Nifty India Consumption TRI,2011-11-17,1833.2895053358861
Nifty India Consumption TRI,2011-11-18,1828.4821858575494
Nifty India Consumption TRI,2011-11-21,1800.7158871859626
Nifty India Consumption TRI,2011-11-22,1788.5522717463618
Nifty India Consumption TRI,2011-11-23,1758.4730255058562
Nifty India Consumption TRI,2011-11-24,1784.7600847817823
Nifty India Consumption TRI,2011-11-25,1771.207827431525
Nifty India Consumption TRI,2011-11-28,1796.2878156435263
Nifty India Consumption TRI,2011-11-29,1795.3564347409788
Nifty India Consumption TRI,2011-11-30,1808.525145405352
Nifty India Consumption TRI,2011-12-01,1810.910665912456
Nifty India Consumption TRI,2011-12-02,1846.9562491095749
Nifty India Consumption TRI,2011-12-05,1839.693747214092
Nifty India Consumption TRI,2011-12-07,1838.2456804589247
Nifty India Consumption TRI,2011-12-08,1810.705533742896
Nifty India Consumption TRI,2011-12-09,1779.1624116388998
Nifty India Consumption TRI,2011-12-12,1741.9292747521752
Nifty India Consumption TRI,2011-12-13,1754.4786186389092
Nifty India Consumption TRI,2011-12-14,1742.5953622653678
Nifty India Consumption TRI,2011-12-15,1735.346872964993
Nifty India Consumption TRI,2011-12-16,1715.5382192665948
Nifty India Consumption TRI,2011-12-19,1705.5628207960635
Nifty India Consumption TRI,2011-12-20,1679.8469151409827
Nifty India Consumption TRI,2011-12-21,1722.1274838658755
Nifty India Consumption TRI,2011-12-22,1731.27049100692
Nifty India Consumption TRI,2011-12-23,1728.0427982141102
Nifty India Consumption TRI,2011-12-26,1752.2073036599015
Nifty India Consumption TRI,2011-12-27,1752.2994757622682
Nifty India Consumption TRI,2011-12-28,1738.4484646592698
Nifty India Consumption TRI,2011-12-29,1721.8098724380377
Nifty India Consumption TRI,2011-12-30,1719.9491421672185
Nifty India Consumption TRI,2012-01-02,1703.5499217660113
Nifty India Consumption TRI,2012-01-03,1729.6407522085185
Nifty India Consumption TRI,2012-01-04,1705.2904471493666
Nifty India Consumption TRI,2012-01-05,1709.6173642861436
Nifty India Consumption TRI,2012-01-06,1703.4890866726405
Nifty India Consumption TRI,2012-01-09,1699.4226254343585
Nifty India Consumption TRI,2012-01-10,1731.0653409144984
Nifty India Consumption TRI,2012-01-11,1731.1265571369033
Nifty India Consumption TRI,2012-01-12,1732.9391243297248
Nifty India Consumption TRI,2012-01-13,1752.950565091479
Nifty India Consumption TRI,2012-01-16,1758.2201536009918
Nifty India Consumption TRI,2012-01-17,1758.2823301078024
Nifty India Consumption TRI,2012-01-18,1779.5263900368445
Nifty India Consumption TRI,2012-01-19,1792.9190394621833
Nifty India Consumption TRI,2012-01-23,1801.4395603535431
Nifty India Consumption TRI,2012-01-25,1828.161510208832
Nifty India Consumption TRI,2012-01-27,1838.9556872743105
Nifty India Consumption TRI,2012-01-30,1810.2449694813615
Nifty India Consumption TRI,2012-01-31,1840.847493707482
Nifty India Consumption TRI,2012-02-01,1859.959413460283
Nifty India Consumption TRI,2012-02-02,1881.2786803393801
Nifty India Consumption TRI,2012-02-03,1900.7662002452719
Nifty India Consumption TRI,2012-02-06,1898.5701994074523
Nifty India Consumption TRI,2012-02-07,1881.8431628722817
Nifty India Consumption TRI,2012-02-08,1881.869372166986
Nifty India Consumption TRI,2012-02-09,1895.8497784995805
Nifty India Consumption TRI,2012-02-10,1888.9042389793117
Nifty India Consumption TRI,2012-02-13,1889.7697349075463
Nifty India Consumption TRI,2012-02-14,1898.502786566301
Nifty India Consumption TRI,2012-02-15,1929.8400902648016
Nifty India Consumption TRI,2012-02-16,1940.5303183813164
Nifty India Consumption TRI,2012-02-17,1939.9337528458075
Nifty India Consumption TRI,2012-02-21,1951.3762490406532
Nifty India Consumption TRI,2012-02-22,1918.1816408085358
Nifty India Consumption TRI,2012-02-23,1907.030162146856
Nifty India Consumption TRI,2012-02-24,1912.2689519338653
Nifty India Consumption TRI,2012-02-27,1870.451517251047
Nifty India Consumption TRI,2012-02-28,1897.537408785197
Nifty India Consumption TRI,2012-02-29,1904.5109169584348
Nifty India Consumption TRI,2012-03-01,1897.5203519658824
Nifty India Consumption TRI,2012-03-02,1904.4440064020675
Nifty India Consumption TRI,2012-03-05,1894.9148152154107
Nifty India Consumption TRI,2012-03-06,1875.2161942792657
Nifty India Consumption TRI,2012-03-07,1874.4253184002332
Nifty India Consumption TRI,2012-03-09,1896.3427386476585
Nifty India Consumption TRI,2012-03-12,1898.4604184078428
Nifty India Consumption TRI,2012-03-13,1911.5398282626722
Nifty India Consumption TRI,2012-03-14,1924.3678533763289
Nifty India Consumption TRI,2012-03-15,1906.2779942242194
Nifty India Consumption TRI,2012-03-16,1893.584077316401
Nifty India Consumption TRI,2012-03-19,1885.259564437407
Nifty India Consumption TRI,2012-03-20,1890.3709896024407
Nifty India Consumption TRI,2012-03-21,1918.2858533291774
Nifty India Consumption TRI,2012-03-22,1882.8361445499436
Nifty India Consumption TRI,2012-03-23,1903.3361578171418
Nifty India Consumption TRI,2012-03-26,1882.7996931747725
Nifty India Consumption TRI,2012-03-27,1899.568601222263
Nifty India Consumption TRI,2012-03-28,1892.0159899249218
Nifty India Consumption TRI,2012-03-29,1896.37230554924
Nifty India Consumption TRI,2012-03-30,1929.645628047485
Nifty India Consumption TRI,2012-04-02,1935.6544885076016
Nifty India Consumption TRI,2012-04-03,1939.0036549689191
Nifty India Consumption TRI,2012-04-04,1924.1822978943705
Nifty India Consumption TRI,2012-04-09,1907.004885187244
Nifty India Consumption TRI,2012-04-10,1921.7635186746854
Nifty India Consumption TRI,2012-04-11,1913.2991314650183
Nifty India Consumption TRI,2012-04-12,1931.2902482884506
Nifty India Consumption TRI,2012-04-13,1935.3977766875628
Nifty India Consumption TRI,2012-04-16,1935.249664635272
Nifty India Consumption TRI,2012-04-17,1956.880525090909
Nifty India Consumption TRI,2012-04-18,1969.170538313322
Nifty India Consumption TRI,2012-04-19,1985.1480238976762
Nifty India Consumption TRI,2012-04-20,1983.0971284242416
Nifty India Consumption TRI,2012-04-23,1952.042963660841
Nifty India Consumption TRI,2012-04-24,1951.9098802427477
Nifty India Consumption TRI,2012-04-25,1958.0403252317283
Nifty India Consumption TRI,2012-04-26,1946.895571063354
Nifty India Consumption TRI,2012-04-27,1944.3882084924826
Nifty India Consumption TRI,2012-04-30,1960.3569472960585
Nifty India Consumption TRI,2012-05-02,1964.689143273456
Nifty India Consumption TRI,2012-05-03,1943.1334186146626
Nifty India Consumption TRI,2012-05-04,1912.834814971894
Nifty India Consumption TRI,2012-05-07,1920.0113698549203
Nifty India Consumption TRI,2012-05-08,1890.7183537772385
Nifty India Consumption TRI,2012-05-09,1887.8541779485943
Nifty India Consumption TRI,2012-05-10,1884.7369806697611
Nifty India Consumption TRI,2012-05-11,1870.6017259395448
Nifty India Consumption TRI,2012-05-14,1879.746762460138
Nifty India Consumption TRI,2012-05-15,1882.947284125847
Nifty India Consumption TRI,2012-05-16,1859.6094978502874
Nifty India Consumption TRI,2012-05-17,1855.1256574736346
Nifty India Consumption TRI,2012-05-18,1847.8104844846616
Nifty India Consumption TRI,2012-05-21,1854.8825021413904
Nifty India Consumption TRI,2012-05-22,1830.9825468120723
Nifty India Consumption TRI,2012-05-23,1815.474341055689
Nifty India Consumption TRI,2012-05-24,1833.943662252521
Nifty India Consumption TRI,2012-05-25,1829.0025873932484
Nifty India Consumption TRI,2012-05-28,1853.3693790483608
Nifty India Consumption TRI,2012-05-29,1854.2947532076575
Nifty India Consumption TRI,2012-05-30,1850.2637529282683
Nifty India Consumption TRI,2012-05-31,1850.0256779909882
Nifty India Consumption TRI,2012-06-01,1821.514554393798
Nifty India Consumption TRI,2012-06-04,1804.5601079801093
Nifty India Consumption TRI,2012-06-05,1802.954589777246
Nifty India Consumption TRI,2012-06-06,1853.7063996791173
Nifty India Consumption TRI,2012-06-07,1878.4087443434494
Nifty India Consumption TRI,2012-06-08,1880.9034153600767
Nifty India Consumption TRI,2012-06-11,1879.8887164688456
Nifty India Consumption TRI,2012-06-12,1899.2329446157053
Nifty India Consumption TRI,2012-06-13,1896.517139367421
Nifty India Consumption TRI,2012-06-14,1884.0350803705385
Nifty India Consumption TRI,2012-06-15,1907.1260733402387
Nifty India Consumption TRI,2012-06-18,1890.5769863694227
Nifty India Consumption TRI,2012-06-19,1899.1970351772143
Nifty India Consumption TRI,2012-06-20,1905.793089604165
Nifty India Consumption TRI,2012-06-21,1921.1458103893674
Nifty India Consumption TRI,2012-06-22,1921.466826152072
Nifty India Consumption TRI,2012-06-25,1911.3946137602995
Nifty India Consumption TRI,2012-06-26,1913.4365661975157
Nifty India Consumption TRI,2012-06-27,1921.2498022844186
Nifty India Consumption TRI,2012-06-28,1924.8615831860718
Nifty India Consumption TRI,2012-06-29,1968.6215726258224
Nifty India Consumption TRI,2012-07-02,1968.273537398681
Nifty India Consumption TRI,2012-07-03,1981.6095464243197
Nifty India Consumption TRI,2012-07-04,1989.730858822471
Nifty India Consumption TRI,2012-07-05,1992.8395507210616
Nifty India Consumption TRI,2012-07-06,1983.7441501843005
Nifty India Consumption TRI,2012-07-09,1957.0109815964577
Nifty India Consumption TRI,2012-07-10,1977.4911368290007
Nifty India Consumption TRI,2012-07-11,1962.5688742223883
Nifty India Consumption TRI,2012-07-12,1952.9132439862765
Nifty India Consumption TRI,2012-07-13,1950.2976646231307
Nifty India Consumption TRI,2012-07-16,1953.1895046457234
Nifty India Consumption TRI,2012-07-17,1949.2563380079337
Nifty India Consumption TRI,2012-07-18,1965.537139471332
Nifty India Consumption TRI,2012-07-19,1953.6500452017265
Nifty India Consumption TRI,2012-07-20,1961.825640715746
Nifty India Consumption TRI,2012-07-23,1927.4254261768283
Nifty India Consumption TRI,2012-07-24,1944.7223526029084
Nifty India Consumption TRI,2012-07-25,1932.8318613605136
Nifty India Consumption TRI,2012-07-26,1918.1534470076713
Nifty India Consumption TRI,2012-07-27,1927.9514723993502
Nifty India Consumption TRI,2012-07-30,1955.981259909264
Nifty India Consumption TRI,2012-07-31,1954.225830220502
Nifty India Consumption TRI,2012-08-01,1955.7140801639023
Nifty India Consumption TRI,2012-08-02,1962.6262519131694
Nifty India Consumption TRI,2012-08-03,1959.3501407031476
Nifty India Consumption TRI,2012-08-06,1966.554107848359
Nifty India Consumption TRI,2012-08-07,1973.4678729806726
Nifty India Consumption TRI,2012-08-08,1965.476330344015
Nifty India Consumption TRI,2012-08-09,1970.7173664934796
Nifty India Consumption TRI,2012-08-10,1968.1505100436427
Nifty India Consumption TRI,2012-08-13,1987.5272292355105
Nifty India Consumption TRI,2012-08-14,1990.4879877667888
Nifty India Consumption TRI,2012-08-16,1985.2023897402662
Nifty India Consumption TRI,2012-08-17,1989.0255176849614
Nifty India Consumption TRI,2012-08-21,2003.9659199020837
Nifty India Consumption TRI,2012-08-22,1995.7178396312952
Nifty India Consumption TRI,2012-08-23,1995.636334035941
Nifty India Consumption TRI,2012-08-24,1989.7209277812615
Nifty India Consumption TRI,2012-08-27,1987.24310828446
Nifty India Consumption TRI,2012-08-28,1984.4214794764216
Nifty India Consumption TRI,2012-08-29,1974.3441767260701
Nifty India Consumption TRI,2012-08-30,1980.1982138281294
Nifty India Consumption TRI,2012-08-31,1965.1474031066396
Nifty India Consumption TRI,2012-09-03,1968.6544065837784
Nifty India Consumption TRI,2012-09-04,1983.1365761956233
Nifty India Consumption TRI,2012-09-05,1988.4846520948997
Nifty India Consumption TRI,2012-09-06,1981.8049642334431
Nifty India Consumption TRI,2012-09-07,2001.8720176937584
Nifty India Consumption TRI,2012-09-10,2015.7893141790264
Nifty India Consumption TRI,2012-09-11,2017.7895314293933
Nifty India Consumption TRI,2012-09-12,2019.3837627002597
Nifty India Consumption TRI,2012-09-13,2022.1455842464295
Nifty India Consumption TRI,2012-09-14,2038.7160791133444
Nifty India Consumption TRI,2012-09-17,2043.3495932190353
Nifty India Consumption TRI,2012-09-18,2053.7287314221608
Nifty India Consumption TRI,2012-09-20,2052.6553917907813
Nifty India Consumption TRI,2012-09-21,2087.6130301495436
Nifty India Consumption TRI,2012-09-24,2099.9210206783264
Nifty India Consumption TRI,2012-09-25,2105.7339837697054
Nifty India Consumption TRI,2012-09-26,2104.691269897208
Nifty India Consumption TRI,2012-09-27,2122.6942758663904
Nifty India Consumption TRI,2012-09-28,2147.0982992603917
Nifty India Consumption TRI,2012-10-01,2151.085242392053
Nifty India Consumption TRI,2012-10-03,2148.189370403424
Nifty India Consumption TRI,2012-10-04,2158.222336005112
Nifty India Consumption TRI,2012-10-05,2152.456218423082
Nifty India Consumption TRI,2012-10-08,2143.081689124624
Nifty India Consumption TRI,2012-10-09,2150.7791268810074
Nifty India Consumption TRI,2012-10-10,2131.6480444209355
Nifty India Consumption TRI,2012-10-11,2146.7645984540636
Nifty India Consumption TRI,2012-10-12,2144.2488292001935
Nifty India Consumption TRI,2012-10-15,2145.8483599861333
Nifty India Consumption TRI,2012-10-16,2143.7389293079204
Nifty India Consumption TRI,2012-10-17,2153.928941019241
Nifty India Consumption TRI,2012-10-18,2166.457770778967
Nifty India Consumption TRI,2012-10-19,2160.0283737896602
Nifty India Consumption TRI,2012-10-22,2168.035098926923
Nifty India Consumption TRI,2012-10-23,2156.5721061791633
Nifty India Consumption TRI,2012-10-25,2160.4867289939775
Nifty India Consumption TRI,2012-10-29,2150.4702718368944
Nifty India Consumption TRI,2012-10-30,2141.2410966576294
Nifty India Consumption TRI,2012-10-31,2156.368631623931
Nifty India Consumption TRI,2012-11-01,2179.8878719099853
Nifty India Consumption TRI,2012-11-02,2193.6446767553234
Nifty India Consumption TRI,2012-11-05,2197.1323699305026
Nifty India Consumption TRI,2012-11-06,2202.296202247969
Nifty India Consumption TRI,2012-11-07,2214.988042828999
Nifty India Consumption TRI,2012-11-08,2219.339225941495
Nifty India Consumption TRI,2012-11-09,2207.0060258360936
Nifty India Consumption TRI,2012-11-12,2229.4204766723574
Nifty India Consumption TRI,2012-11-15,2241.358837024572
Nifty India Consumption TRI,2012-11-16,2219.6618436476297
Nifty India Consumption TRI,2012-11-19,2228.293316488555
Nifty India Consumption TRI,2012-11-20,2230.9673791048253
Nifty India Consumption TRI,2012-11-21,2245.091253886498
Nifty India Consumption TRI,2012-11-22,2253.0079265542245
Nifty India Consumption TRI,2012-11-23,2266.065042412766
Nifty India Consumption TRI,2012-11-26,2289.5144407858425
Nifty India Consumption TRI,2012-11-27,2333.928596403201
Nifty India Consumption TRI,2012-11-29,2359.5450345924937
Nifty India Consumption TRI,2012-11-30,2364.006315129082
Nifty India Consumption TRI,2012-12-03,2368.0753660583723
Nifty India Consumption TRI,2012-12-04,2383.330705098841
Nifty India Consumption TRI,2012-12-05,2372.315937459086
Nifty India Consumption TRI,2012-12-06,2376.829563641627
Nifty India Consumption TRI,2012-12-07,2370.650659928786
Nifty India Consumption TRI,2012-12-10,2368.2543485397546
Nifty India Consumption TRI,2012-12-11,2371.546231459167
Nifty India Consumption TRI,2012-12-12,2380.847777343752
Nifty India Consumption TRI,2012-12-13,2362.750599515712
Nifty India Consumption TRI,2012-12-14,2359.2180931868
Nifty India Consumption TRI,2012-12-17,2354.8334926348516
Nifty India Consumption TRI,2012-12-18,2376.717678740676
Nifty India Consumption TRI,2012-12-19,2394.7830040054664
Nifty India Consumption TRI,2012-12-20,2401.4899621985187
Nifty India Consumption TRI,2012-12-21,2370.092616939902
Nifty India Consumption TRI,2012-12-24,2377.782490136643
Nifty India Consumption TRI,2012-12-26,2396.649663126888
Nifty India Consumption TRI,2012-12-27,2381.295710102927
Nifty India Consumption TRI,2012-12-28,2390.1950286907436
Nifty India Consumption TRI,2012-12-31,2395.2898478687875
Nifty India Consumption TRI,2013-01-01,2415.810431306122
Nifty India Consumption TRI,2013-01-02,2426.7513367617535
Nifty India Consumption TRI,2013-01-03,2431.322042942565
Nifty India Consumption TRI,2013-01-04,2430.694526333681
Nifty India Consumption TRI,2013-01-07,2425.956906447568
Nifty India Consumption TRI,2013-01-08,2433.1283901517836
Nifty India Consumption TRI,2013-01-09,2416.799873865293
Nifty India Consumption TRI,2013-01-10,2412.603205193171
Nifty India Consumption TRI,2013-01-11,2377.716062717282
Nifty India Consumption TRI,2013-01-14,2390.0520099332807
Nifty India Consumption TRI,2013-01-15,2404.158065587561
Nifty India Consumption TRI,2013-01-16,2370.386053437421
Nifty India Consumption TRI,2013-01-17,2373.9884568969806
Nifty India Consumption TRI,2013-01-18,2367.6472650125665
Nifty India Consumption TRI,2013-01-21,2385.3396997542454
Nifty India Consumption TRI,2013-01-22,2370.124045897329
Nifty India Consumption TRI,2013-01-23,2378.9292237841096
Nifty India Consumption TRI,2013-01-24,2352.28749738514
Nifty India Consumption TRI,2013-01-25,2382.3109723052908
Nifty India Consumption TRI,2013-01-28,2384.604154410232
Nifty India Consumption TRI,2013-01-29,2368.874560219451
Nifty India Consumption TRI,2013-01-30,2366.305480214315
Nifty India Consumption TRI,2013-01-31,2366.593175853116
Nifty India Consumption TRI,2013-02-01,2372.442057017409
Nifty India Consumption TRI,2013-02-04,2372.84672899224
Nifty India Consumption TRI,2013-02-05,2360.939699965642
Nifty India Consumption TRI,2013-02-06,2367.2994223451483
Nifty India Consumption TRI,2013-02-07,2347.839173178379
Nifty India Consumption TRI,2013-02-08,2329.4489899144974
Nifty India Consumption TRI,2013-02-11,2324.2354158541766
Nifty India Consumption TRI,2013-02-12,2333.045141366311
Nifty India Consumption TRI,2013-02-13,2310.6701700915683
Nifty India Consumption TRI,2013-02-14,2297.991502569989
Nifty India Consumption TRI,2013-02-15,2301.6966440131364
Nifty India Consumption TRI,2013-02-18,2301.8899902393823
Nifty India Consumption TRI,2013-02-19,2315.1423342944204
Nifty India Consumption TRI,2013-02-20,2309.5062421801736
Nifty India Consumption TRI,2013-02-21,2276.8112939314215
Nifty India Consumption TRI,2013-02-22,2278.9340480943783
Nifty India Consumption TRI,2013-02-25,2276.2141190239972
Nifty India Consumption TRI,2013-02-26,2247.801455366464
Nifty India Consumption TRI,2013-02-27,2270.2473118272496
Nifty India Consumption TRI,2013-02-28,2241.4748545782604
Nifty India Consumption TRI,2013-03-01,2272.3486381973185
Nifty India Consumption TRI,2013-03-04,2255.5310467417503
Nifty India Consumption TRI,2013-03-05,2280.6888417796545
Nifty India Consumption TRI,2013-03-06,2269.736925077497
Nifty India Consumption TRI,2013-03-07,2285.24303185536
Nifty India Consumption TRI,2013-03-08,2315.1043621128947
Nifty India Consumption TRI,2013-03-11,2316.780307018817
Nifty India Consumption TRI,2013-03-12,2305.6739104426442
Nifty India Consumption TRI,2013-03-13,2290.1729115350236
Nifty India Consumption TRI,2013-03-14,2303.3844160927133
Nifty India Consumption TRI,2013-03-15,2307.962283678964
Nifty India Consumption TRI,2013-03-18,2299.31591332081
Nifty India Consumption TRI,2013-03-19,2263.0642781006277
Nifty India Consumption TRI,2013-03-20,2246.024826781974
Nifty India Consumption TRI,2013-03-21,2230.3129405044556
Nifty India Consumption TRI,2013-03-22,2231.7203822415163
Nifty India Consumption TRI,2013-03-25,2220.559285565896
Nifty India Consumption TRI,2013-03-26,2230.5538337165212
Nifty India Consumption TRI,2013-03-28,2237.101269456258
Nifty India Consumption TRI,2013-04-01,2245.5464959128963
Nifty India Consumption TRI,2013-04-02,2248.4890356782093
Nifty India Consumption TRI,2013-04-03,2224.282638608839
Nifty India Consumption TRI,2013-04-04,2195.882013042503
Nifty India Consumption TRI,2013-04-05,2196.266258093814
Nifty India Consumption TRI,2013-04-08,2212.505385005883
Nifty India Consumption TRI,2013-04-09,2191.0028335284906
Nifty India Consumption TRI,2013-04-10,2204.7350326412006
Nifty India Consumption TRI,2013-04-11,2205.1199055432057
Nifty India Consumption TRI,2013-04-12,2216.909928480058
Nifty India Consumption TRI,2013-04-15,2217.2472787179527
Nifty India Consumption TRI,2013-04-16,2258.9122054724
Nifty India Consumption TRI,2013-04-17,2279.1977414068706
Nifty India Consumption TRI,2013-04-18,2307.413790292358
Nifty India Consumption TRI,2013-04-22,2326.9261731601437
Nifty India Consumption TRI,2013-04-23,2323.68277452324
Nifty India Consumption TRI,2013-04-25,2351.068363700595
Nifty India Consumption TRI,2013-04-26,2360.822804096815
Nifty India Consumption TRI,2013-04-29,2397.151833957208
Nifty India Consumption TRI,2013-04-30,2452.814707779537
Nifty India Consumption TRI,2013-05-02,2475.303022660602
Nifty India Consumption TRI,2013-05-03,2469.91417965623
Nifty India Consumption TRI,2013-05-06,2487.3241798675235
Nifty India Consumption TRI,2013-05-07,2516.897232493342
Nifty India Consumption TRI,2013-05-08,2509.000555849881
Nifty India Consumption TRI,2013-05-09,2495.779007667984
Nifty India Consumption TRI,2013-05-10,2522.0790462694645
Nifty India Consumption TRI,2013-05-13,2489.373482505583
Nifty India Consumption TRI,2013-05-14,2497.2443824137986
Nifty India Consumption TRI,2013-05-15,2536.7599486000654
Nifty India Consumption TRI,2013-05-16,2534.1868428497924
Nifty India Consumption TRI,2013-05-17,2535.9152113089076
Nifty India Consumption TRI,2013-05-20,2522.715012757302
Nifty India Consumption TRI,2013-05-21,2507.3884312843047
Nifty India Consumption TRI,2013-05-22,2512.086622258075
Nifty India Consumption TRI,2013-05-23,2471.7639414740206
Nifty India Consumption TRI,2013-05-24,2486.2443693018754
Nifty India Consumption TRI,2013-05-27,2513.350497725282
Nifty India Consumption TRI,2013-05-28,2530.9080985875644
Nifty India Consumption TRI,2013-05-29,2532.0221915885486
Nifty India Consumption TRI,2013-05-30,2547.6860265677165
Nifty India Consumption TRI,2013-05-31,2518.4708766703416
Nifty India Consumption TRI,2013-06-03,2507.8240895571303
Nifty India Consumption TRI,2013-06-04,2525.437110204446
Nifty India Consumption TRI,2013-06-05,2520.7096950018035
Nifty India Consumption TRI,2013-06-06,2509.217623768822
Nifty India Consumption TRI,2013-06-07,2480.9161843672773
Nifty India Consumption TRI,2013-06-10,2467.0852787788135
Nifty India Consumption TRI,2013-06-11,2421.71088740742
Nifty India Consumption TRI,2013-06-12,2388.7370824948625
Nifty India Consumption TRI,2013-06-13,2368.011259326496
Nifty India Consumption TRI,2013-06-14,2407.1028280723563
Nifty India Consumption TRI,2013-06-17,2446.216230814413
Nifty India Consumption TRI,2013-06-18,2451.8395968939276
Nifty India Consumption TRI,2013-06-19,2465.614612336822
Nifty India Consumption TRI,2013-06-20,2418.021211406185
Nifty India Consumption TRI,2013-06-21,2418.465719687176
Nifty India Consumption TRI,2013-06-24,2371.0349655216223
Nifty India Consumption TRI,2013-06-25,2379.169641154115
Nifty India Consumption TRI,2013-06-26,2368.4335758558464
Nifty India Consumption TRI,2013-06-27,2389.7480906742285
Nifty India Consumption TRI,2013-06-28,2439.6293766851154
Nifty India Consumption TRI,2013-07-01,2505.179514971593
Nifty India Consumption TRI,2013-07-02,2495.266319314507
Nifty India Consumption TRI,2013-07-03,2477.709808037161
Nifty India Consumption TRI,2013-07-04,2507.599782409192
Nifty India Consumption TRI,2013-07-05,2508.3038690791823
Nifty India Consumption TRI,2013-07-08,2508.775393166469
Nifty India Consumption TRI,2013-07-09,2520.6640120636075
Nifty India Consumption TRI,2013-07-10,2503.103780113937
Nifty India Consumption TRI,2013-07-11,2526.742660748643
Nifty India Consumption TRI,2013-07-12,2530.5261381637206
Nifty India Consumption TRI,2013-07-15,2563.3795096105873
Nifty India Consumption TRI,2013-07-16,2573.9386986702175
Nifty India Consumption TRI,2013-07-17,2605.3339641166876
Nifty India Consumption TRI,2013-07-18,2640.1186331128138
Nifty India Consumption TRI,2013-07-19,2642.3676232320486
Nifty India Consumption TRI,2013-07-22,2645.676234501222
Nifty India Consumption TRI,2013-07-23,2656.087037830682
Nifty India Consumption TRI,2013-07-24,2641.500211133455
Nifty India Consumption TRI,2013-07-25,2625.218462336477
Nifty India Consumption TRI,2013-07-26,2612.8881852406953
Nifty India Consumption TRI,2013-07-29,2578.305442513141
Nifty India Consumption TRI,2013-07-30,2527.516620591027
Nifty India Consumption TRI,2013-07-31,2540.236637520923
Nifty India Consumption TRI,2013-08-01,2518.9152287283637
Nifty India Consumption TRI,2013-08-02,2493.79289651513
Nifty India Consumption TRI,2013-08-05,2490.5139200521944
Nifty India Consumption TRI,2013-08-06,2418.191812038464
Nifty India Consumption TRI,2013-08-07,2411.036253795001
Nifty India Consumption TRI,2013-08-08,2438.084660514655
Nifty India Consumption TRI,2013-08-12,2468.272787549498
Nifty India Consumption TRI,2013-08-13,2513.1011747911916
Nifty India Consumption TRI,2013-08-14,2528.7550852783065
Nifty India Consumption TRI,2013-08-16,2438.5688038079998
Nifty India Consumption TRI,2013-08-19,2378.9717403614286
Nifty India Consumption TRI,2013-08-20,2356.0890836546223
Nifty India Consumption TRI,2013-08-21,2311.6241205267934
Nifty India Consumption TRI,2013-08-22,2341.7653920469675
Nifty India Consumption TRI,2013-08-23,2359.679115223115
Nifty India Consumption TRI,2013-08-26,2374.9355047901777
Nifty India Consumption TRI,2013-08-27,2304.9710827339104
Nifty India Consumption TRI,2013-08-28,2278.789848871558
Nifty India Consumption TRI,2013-08-29,2333.453643492234
Nifty India Consumption TRI,2013-08-30,2370.4915196623747
Nifty India Consumption TRI,2013-09-02,2403.5385345793507
Nifty India Consumption TRI,2013-09-03,2323.739259970603
Nifty India Consumption TRI,2013-09-04,2359.2925621112063
Nifty India Consumption TRI,2013-09-05,2391.1470606419416
Nifty India Consumption TRI,2013-09-06,2400.4341502218867
Nifty India Consumption TRI,2013-09-10,2514.665338480705
Nifty India Consumption TRI,2013-09-11,2519.17644914955
Nifty India Consumption TRI,2013-09-12,2491.9604162678725
Nifty India Consumption TRI,2013-09-13,2493.59125409401
Nifty India Consumption TRI,2013-09-16,2505.9931616733206
Nifty India Consumption TRI,2013-09-17,2506.441648721881
Nifty India Consumption TRI,2013-09-18,2522.5774461538113
Nifty India Consumption TRI,2013-09-19,2608.768300904418
Nifty India Consumption TRI,2013-09-20,2578.8731619192786
Nifty India Consumption TRI,2013-09-23,2551.728036922435
Nifty India Consumption TRI,2013-09-24,2564.31926895959
Nifty India Consumption TRI,2013-09-25,2563.0208195729883
Nifty India Consumption TRI,2013-09-26,2562.0310100256934
Nifty India Consumption TRI,2013-09-27,2556.6679402296368
Nifty India Consumption TRI,2013-09-30,2524.6257244183307
Nifty India Consumption TRI,2013-10-01,2529.397598719306
Nifty India Consumption TRI,2013-10-03,2565.1355300657856
Nifty India Consumption TRI,2013-10-04,2569.0858915216204
Nifty India Consumption TRI,2013-10-07,2570.4390709392214
Nifty India Consumption TRI,2013-10-08,2577.118188372554
Nifty India Consumption TRI,2013-10-09,2593.4227192369135
Nifty India Consumption TRI,2013-10-10,2600.874957837179
Nifty India Consumption TRI,2013-10-11,2603.077447901347
Nifty India Consumption TRI,2013-10-14,2591.87363444173
Nifty India Consumption TRI,2013-10-15,2587.17731314835
Nifty India Consumption TRI,2013-10-17,2601.879355386258
Nifty India Consumption TRI,2013-10-18,2637.0343910093093
Nifty India Consumption TRI,2013-10-21,2656.8814821496594
Nifty India Consumption TRI,2013-10-22,2658.1597173032233
Nifty India Consumption TRI,2013-10-23,2654.597410837349
Nifty India Consumption TRI,2013-10-24,2651.704479250942
Nifty India Consumption TRI,2013-10-25,2624.7606330188764
Nifty India Consumption TRI,2013-10-28,2591.6632649009925
Nifty India Consumption TRI,2013-10-29,2642.129412877745
Nifty India Consumption TRI,2013-10-30,2670.140755476723
Nifty India Consumption TRI,2013-10-31,2684.7098655380933
Nifty India Consumption TRI,2013-11-01,2692.7893172579625
Nifty India Consumption TRI,2013-11-05,2672.8713075859027
Nifty India Consumption TRI,2013-11-06,2658.1788898440464
Nifty India Consumption TRI,2013-11-07,2633.438519109028
Nifty India Consumption TRI,2013-11-08,2611.890839564071
Nifty India Consumption TRI,2013-11-11,2582.94965557554
Nifty India Consumption TRI,2013-11-12,2571.9098148148146
Nifty India Consumption TRI,2013-11-13,2562.7760798004238
Nifty India Consumption TRI,2013-11-14,2593.4794360978976
Nifty India Consumption TRI,2013-11-18,2628.329418532764
Nifty India Consumption TRI,2013-11-19,2637.803545407963
Nifty India Consumption TRI,2013-11-20,2603.3083370343024
Nifty India Consumption TRI,2013-11-21,2566.284814255864
Nifty India Consumption TRI,2013-11-22,2561.0142873988434
Nifty India Consumption TRI,2013-11-25,2598.3038673583246
Nifty India Consumption TRI,2013-11-26,2585.763910149641
Nifty India Consumption TRI,2013-11-27,2588.5879498098398
Nifty India Consumption TRI,2013-11-28,2600.95119017027
Nifty India Consumption TRI,2013-11-29,2617.750108548093
Nifty India Consumption TRI,2013-12-02,2629.218261231442
Nifty India Consumption TRI,2013-12-03,2619.2032134620017
Nifty India Consumption TRI,2013-12-04,2601.6579790932833
Nifty India Consumption TRI,2013-12-05,2605.927603687226
Nifty India Consumption TRI,2013-12-06,2617.572904942359
Nifty India Consumption TRI,2013-12-09,2642.1459011903817
Nifty India Consumption TRI,2013-12-10,2641.6202266581226
Nifty India Consumption TRI,2013-12-11,2630.158453197903
Nifty India Consumption TRI,2013-12-12,2612.711640060112
Nifty India Consumption TRI,2013-12-13,2587.731466051674
Nifty India Consumption TRI,2013-12-16,2584.136381901176
Nifty India Consumption TRI,2013-12-17,2600.429123136717
Nifty India Consumption TRI,2013-12-18,2635.29853298589
Nifty India Consumption TRI,2013-12-19,2620.427583793363
Nifty India Consumption TRI,2013-12-20,2652.1526209602316
Nifty India Consumption TRI,2013-12-23,2649.9566726090316
Nifty India Consumption TRI,2013-12-24,2646.5410308971063
Nifty India Consumption TRI,2013-12-26,2646.882954163253
Nifty India Consumption TRI,2013-12-27,2655.1835576619155
Nifty India Consumption TRI,2013-12-30,2652.1099191743424
Nifty India Consumption TRI,2013-12-31,2658.2433751561884
Nifty India Consumption TRI,2014-01-01,2674.1344402891314
Nifty India Consumption TRI,2014-01-02,2627.4040851001387
Nifty India Consumption TRI,2014-01-03,2629.8719311969626
Nifty India Consumption TRI,2014-01-06,2627.775759769978
Nifty India Consumption TRI,2014-01-07,2626.577807362727
Nifty India Consumption TRI,2014-01-08,2633.3835015665163
Nifty India Consumption TRI,2014-01-09,2617.7267855493496
Nifty India Consumption TRI,2014-01-10,2615.082503490354
Nifty India Consumption TRI,2014-01-13,2614.7917894722736
Nifty India Consumption TRI,2014-01-14,2603.470008732321
Nifty India Consumption TRI,2014-01-15,2622.879296054581
Nifty India Consumption TRI,2014-01-16,2594.976777455017
Nifty India Consumption TRI,2014-01-17,2591.401100170915
Nifty India Consumption TRI,2014-01-20,2606.192236979037
Nifty India Consumption TRI,2014-01-21,2599.981689252991
Nifty India Consumption TRI,2014-01-22,2608.133044341131
Nifty India Consumption TRI,2014-01-23,2604.402161800883
Nifty India Consumption TRI,2014-01-24,2579.6427587720173
Nifty India Consumption TRI,2014-01-27,2534.497065593102
Nifty India Consumption TRI,2014-01-28,2525.9056415536716
Nifty India Consumption TRI,2014-01-29,2533.436167102999
Nifty India Consumption TRI,2014-01-30,2512.027998096284
Nifty India Consumption TRI,2014-01-31,2538.421399005287
Nifty India Consumption TRI,2014-02-03,2515.949531325465
Nifty India Consumption TRI,2014-02-04,2531.38944276633
Nifty India Consumption TRI,2014-02-05,2534.425034316867
Nifty India Consumption TRI,2014-02-06,2558.8606907933436
Nifty India Consumption TRI,2014-02-07,2561.58751326507
Nifty India Consumption TRI,2014-02-10,2544.592436729324
Nifty India Consumption TRI,2014-02-11,2536.772305194369
Nifty India Consumption TRI,2014-02-12,2531.795421969814
Nifty India Consumption TRI,2014-02-13,2510.8935770058984
Nifty India Consumption TRI,2014-02-14,2509.689755429259
Nifty India Consumption TRI,2014-02-17,2520.9704184588018
Nifty India Consumption TRI,2014-02-18,2531.76378404981
Nifty India Consumption TRI,2014-02-19,2525.285821196417
Nifty India Consumption TRI,2014-02-20,2511.7737756123097
Nifty India Consumption TRI,2014-02-21,2515.4310507292357
Nifty India Consumption TRI,2014-02-24,2527.387346279369
Nifty India Consumption TRI,2014-02-25,2535.4940548700197
Nifty India Consumption TRI,2014-02-26,2543.9635205407935
Nifty India Consumption TRI,2014-02-28,2545.2813627687724
Nifty India Consumption TRI,2014-03-03,2529.9273721960953
Nifty India Consumption TRI,2014-03-04,2546.9348584580707
Nifty India Consumption TRI,2014-03-05,2537.763632302386
Nifty India Consumption TRI,2014-03-06,2554.87617568527
Nifty India Consumption TRI,2014-03-07,2589.686138612503
Nifty India Consumption TRI,2014-03-10,2609.9358616057466
Nifty India Consumption TRI,2014-03-11,2597.3493254773216
Nifty India Consumption TRI,2014-03-12,2611.7766272462904
Nifty India Consumption TRI,2014-03-13,2610.57513846049
Nifty India Consumption TRI,2014-03-14,2609.6323405593294
Nifty India Consumption TRI,2014-03-18,2641.42157982838
Nifty India Consumption TRI,2014-03-19,2653.8867683570115
Nifty India Consumption TRI,2014-03-20,2647.5615849555948
Nifty India Consumption TRI,2014-03-21,2649.7259570819556
Nifty India Consumption TRI,2014-03-24,2674.185696717407
Nifty India Consumption TRI,2014-03-25,2686.136909549279
Nifty India Consumption TRI,2014-03-26,2684.264445270758
Nifty India Consumption TRI,2014-03-27,2717.6535668960746
Nifty India Consumption TRI,2014-03-28,2735.1482916456857
Nifty India Consumption TRI,2014-03-31,2752.476329288441
Nifty India Consumption TRI,2014-04-01,2750.398436080248
Nifty India Consumption TRI,2014-04-02,2755.8302840322654
Nifty India Consumption TRI,2014-04-03,2758.72448069593
Nifty India Consumption TRI,2014-04-04,2741.988899104274
Nifty India Consumption TRI,2014-04-07,2744.4036480496247
Nifty India Consumption TRI,2014-04-09,2763.6094622245537
Nifty India Consumption TRI,2014-04-10,2765.6759444930685
Nifty India Consumption TRI,2014-04-11,2750.127903408581
Nifty India Consumption TRI,2014-04-15,2751.2941550771448
Nifty India Consumption TRI,2014-04-16,2737.5047939540386
Nifty India Consumption TRI,2014-04-17,2763.614130948291
Nifty India Consumption TRI,2014-04-21,2781.7294691839274
Nifty India Consumption TRI,2014-04-22,2773.639235527327
Nifty India Consumption TRI,2014-04-23,2773.8408269567567
Nifty India Consumption TRI,2014-04-25,2763.774231180996
Nifty India Consumption TRI,2014-04-28,2748.3086724868735
Nifty India Consumption TRI,2014-04-29,2720.7749448935087
Nifty India Consumption TRI,2014-04-30,2707.962573643354
Nifty India Consumption TRI,2014-05-02,2707.013398020843
Nifty India Consumption TRI,2014-05-05,2702.4785455175484
Nifty India Consumption TRI,2014-05-06,2695.8332347288747
Nifty India Consumption TRI,2014-05-07,2675.601404197407
Nifty India Consumption TRI,2014-05-08,2670.4068025066526
Nifty India Consumption TRI,2014-05-09,2718.159074122941
Nifty India Consumption TRI,2014-05-12,2780.6841597210946
Nifty India Consumption TRI,2014-05-13,2823.2085808468764
Nifty India Consumption TRI,2014-05-14,2837.675842585111
Nifty India Consumption TRI,2014-05-15,2831.033167099541
Nifty India Consumption TRI,2014-05-16,2843.582383848052
Nifty India Consumption TRI,2014-05-19,2841.549615810187
Nifty India Consumption TRI,2014-05-20,2866.603757842626
Nifty India Consumption TRI,2014-05-21,2876.873745562016
Nifty India Consumption TRI,2014-05-22,2889.997727323031
Nifty India Consumption TRI,2014-05-23,2923.461555622207
Nifty India Consumption TRI,2014-05-26,2899.124154306419
Nifty India Consumption TRI,2014-05-27,2887.6030451568495
Nifty India Consumption TRI,2014-05-28,2886.0964182016623
Nifty India Consumption TRI,2014-05-29,2869.384515247917
Nifty India Consumption TRI,2014-05-30,2914.3768436737087
Nifty India Consumption TRI,2014-06-02,2947.2287254579023
Nifty India Consumption TRI,2014-06-03,2954.807115815007
Nifty India Consumption TRI,2014-06-04,2961.399872853522
Nifty India Consumption TRI,2014-06-05,2999.1378669796973
Nifty India Consumption TRI,2014-06-06,3041.7062893253606
Nifty India Consumption TRI,2014-06-09,3074.891279042218
Nifty India Consumption TRI,2014-06-10,3093.742154333087
Nifty India Consumption TRI,2014-06-11,3069.1900474931613
Nifty India Consumption TRI,2014-06-12,3069.2466127392436
Nifty India Consumption TRI,2014-06-13,3018.3152934451273
Nifty India Consumption TRI,2014-06-16,3015.5718074220035
Nifty India Consumption TRI,2014-06-17,3025.389203947436
Nifty India Consumption TRI,2014-06-18,3011.941934499604
Nifty India Consumption TRI,2014-06-19,3004.8297184260873
Nifty India Consumption TRI,2014-06-20,3000.9370979300625
Nifty India Consumption TRI,2014-06-23,2994.710860663712
Nifty India Consumption TRI,2014-06-24,3017.8793363650084
Nifty India Consumption TRI,2014-06-25,3043.4909484860855
Nifty India Consumption TRI,2014-06-26,3037.3649940954247
Nifty India Consumption TRI,2014-06-27,3022.9268655856276
Nifty India Consumption TRI,2014-06-30,3046.263041160568
Nifty India Consumption TRI,2014-07-01,3074.063310221937
Nifty India Consumption TRI,2014-07-02,3113.919539337065
Nifty India Consumption TRI,2014-07-03,3103.4817515336254
Nifty India Consumption TRI,2014-07-04,3110.918083351704
Nifty India Consumption TRI,2014-07-07,3132.450456615057
Nifty India Consumption TRI,2014-07-08,3071.6022019020174
Nifty India Consumption TRI,2014-07-09,3036.994694515025
Nifty India Consumption TRI,2014-07-10,3019.535322185861
Nifty India Consumption TRI,2014-07-11,3007.0645275634315
Nifty India Consumption TRI,2014-07-14,3006.084068338239
Nifty India Consumption TRI,2014-07-15,3029.84192577875
Nifty India Consumption TRI,2014-07-16,3052.197809902258
Nifty India Consumption TRI,2014-07-17,3058.1799616784842
Nifty India Consumption TRI,2014-07-18,3039.780958465812
Nifty India Consumption TRI,2014-07-21,3058.4046551638016
Nifty India Consumption TRI,2014-07-22,3087.6816650981987
Nifty India Consumption TRI,2014-07-23,3093.6663182024076
Nifty India Consumption TRI,2014-07-24,3105.0593837708766
Nifty India Consumption TRI,2014-07-25,3108.8091763150733
Nifty India Consumption TRI,2014-07-28,3106.0186812969596
Nifty India Consumption TRI,2014-07-30,3150.341905788358
Nifty India Consumption TRI,2014-07-31,3131.6255358449826
Nifty India Consumption TRI,2014-08-01,3114.5200285095916
Nifty India Consumption TRI,2014-08-04,3143.928588534172
Nifty India Consumption TRI,2014-08-05,3164.119558505985
Nifty India Consumption TRI,2014-08-06,3145.763681377886
Nifty India Consumption TRI,2014-08-07,3141.6609531361723
Nifty India Consumption TRI,2014-08-08,3117.2679587673747
Nifty India Consumption TRI,2014-08-11,3138.879599916094
Nifty India Consumption TRI,2014-08-12,3138.7822661594746
Nifty India Consumption TRI,2014-08-13,3140.4024754893862
Nifty India Consumption TRI,2014-08-14,3149.359754092981
Nifty India Consumption TRI,2014-08-18,3180.0947032001236
Nifty India Consumption TRI,2014-08-19,3216.222964523588
Nifty India Consumption TRI,2014-08-20,3206.7078853929797
Nifty India Consumption TRI,2014-08-21,3227.380834468704
Nifty India Consumption TRI,2014-08-22,3215.627109105812
Nifty India Consumption TRI,2014-08-25,3221.538452072856
Nifty India Consumption TRI,2014-08-26,3229.617255124597
Nifty India Consumption TRI,2014-08-27,3244.881132099937
Nifty India Consumption TRI,2014-08-28,3252.909464956597
Nifty India Consumption TRI,2014-09-01,3300.3363791877573
Nifty India Consumption TRI,2014-09-02,3319.7195760296395
Nifty India Consumption TRI,2014-09-03,3332.3345943822883
Nifty India Consumption TRI,2014-09-04,3333.4939421390936
Nifty India Consumption TRI,2014-09-05,3322.779888768637
Nifty India Consumption TRI,2014-09-08,3352.3508229661543
Nifty India Consumption TRI,2014-09-09,3368.8759828774837
Nifty India Consumption TRI,2014-09-10,3343.472822220638
Nifty India Consumption TRI,2014-09-11,3348.383016545617
Nifty India Consumption TRI,2014-09-12,3374.3902586835334
Nifty India Consumption TRI,2014-09-15,3364.745817303049
Nifty India Consumption TRI,2014-09-16,3328.292605066106
Nifty India Consumption TRI,2014-09-17,3339.611635117812
Nifty India Consumption TRI,2014-09-18,3403.345173106411
Nifty India Consumption TRI,2014-09-19,3399.19298739902
Nifty India Consumption TRI,2014-09-22,3403.7744537074627
Nifty India Consumption TRI,2014-09-23,3362.050125157585
Nifty India Consumption TRI,2014-09-24,3372.643603444599
Nifty India Consumption TRI,2014-09-25,3355.4090267752513
Nifty India Consumption TRI,2014-09-26,3360.7392647769116
Nifty India Consumption TRI,2014-09-29,3354.5806524764116
Nifty India Consumption TRI,2014-09-30,3381.125575184742
Nifty India Consumption TRI,2014-10-01,3367.796991864077
Nifty India Consumption TRI,2014-10-07,3341.713743724786
Nifty India Consumption TRI,2014-10-08,3335.836057481208
Nifty India Consumption TRI,2014-10-09,3373.1817613196004
Nifty India Consumption TRI,2014-10-10,3313.8074275491044
Nifty India Consumption TRI,2014-10-13,3302.165160530628
Nifty India Consumption TRI,2014-10-14,3305.9845645445503
Nifty India Consumption TRI,2014-10-16,3236.125254972993
Nifty India Consumption TRI,2014-10-17,3277.1809872888557
Nifty India Consumption TRI,2014-10-20,3323.272882780692
Nifty India Consumption TRI,2014-10-21,3352.392466610751
Nifty India Consumption TRI,2014-10-22,3397.528474268933
Nifty India Consumption TRI,2014-10-27,3378.251307975828
Nifty India Consumption TRI,2014-10-28,3376.3360077695997
Nifty India Consumption TRI,2014-10-29,3410.631111266297
Nifty India Consumption TRI,2014-10-30,3433.344908527947
Nifty India Consumption TRI,2014-10-31,3462.0610470094553
Nifty India Consumption TRI,2014-11-03,3445.2592479467066
Nifty India Consumption TRI,2014-11-05,3434.80406280183
Nifty India Consumption TRI,2014-11-07,3445.798861285315
Nifty India Consumption TRI,2014-11-10,3471.6895986329573
Nifty India Consumption TRI,2014-11-11,3481.78274248604
Nifty India Consumption TRI,2014-11-12,3499.498209904278
Nifty India Consumption TRI,2014-11-13,3495.027829555125
Nifty India Consumption TRI,2014-11-14,3510.8655362070785
Nifty India Consumption TRI,2014-11-17,3534.4722313800467
Nifty India Consumption TRI,2014-11-18,3559.1898617455086
Nifty India Consumption TRI,2014-11-19,3547.7760698023208
Nifty India Consumption TRI,2014-11-20,3542.470987211788
Nifty India Consumption TRI,2014-11-21,3551.7346038930273
Nifty India Consumption TRI,2014-11-24,3559.109471892408
Nifty India Consumption TRI,2014-11-25,3532.7043786137156
Nifty India Consumption TRI,2014-11-26,3531.001314966654
Nifty India Consumption TRI,2014-11-27,3544.6014684849006
Nifty India Consumption TRI,2014-11-28,3569.902758566768
Nifty India Consumption TRI,2014-12-01,3607.21331389136
Nifty India Consumption TRI,2014-12-02,3610.161754620131
Nifty India Consumption TRI,2014-12-03,3630.245688207225
Nifty India Consumption TRI,2014-12-04,3635.1282402467073
Nifty India Consumption TRI,2014-12-05,3632.1743886898257
Nifty India Consumption TRI,2014-12-08,3613.017846453579
Nifty India Consumption TRI,2014-12-09,3565.1257532366635
Nifty India Consumption TRI,2014-12-10,3561.1761023116374
Nifty India Consumption TRI,2014-12-11,3534.233250924885
Nifty India Consumption TRI,2014-12-12,3522.757133162714
Nifty India Consumption TRI,2014-12-15,3504.107034068699
Nifty India Consumption TRI,2014-12-16,3438.2720538130325
Nifty India Consumption TRI,2014-12-17,3392.8689147050477
Nifty India Consumption TRI,2014-12-18,3457.5934154048305
Nifty India Consumption TRI,2014-12-19,3443.968560073551
Nifty India Consumption TRI,2014-12-22,3490.5985397071377
Nifty India Consumption TRI,2014-12-23,3494.69492002799
Nifty India Consumption TRI,2014-12-24,3465.5939919064667
Nifty India Consumption TRI,2014-12-26,3460.872147458839
Nifty India Consumption TRI,2014-12-29,3489.1617711023882
Nifty India Consumption TRI,2014-12-30,3481.8076241278836
Nifty India Consumption TRI,2014-12-31,3492.494044637234
Nifty India Consumption TRI,2015-01-01,3502.867140974838
Nifty India Consumption TRI,2015-01-02,3520.615110377643
Nifty India Consumption TRI,2015-01-05,3519.837873501179
Nifty India Consumption TRI,2015-01-06,3460.806594936454
Nifty India Consumption TRI,2015-01-07,3480.5437179549313
Nifty India Consumption TRI,2015-01-08,3533.7068759963768
Nifty India Consumption TRI,2015-01-09,3535.6103171696773
Nifty India Consumption TRI,2015-01-12,3538.33960792352
Nifty India Consumption TRI,2015-01-13,3541.917712793094
Nifty India Consumption TRI,2015-01-14,3557.738641499599
Nifty India Consumption TRI,2015-01-15,3606.627255520882
Nifty India Consumption TRI,2015-01-16,3636.3170759773625
Nifty India Consumption TRI,2015-01-19,3630.318983282181
Nifty India Consumption TRI,2015-01-20,3644.524087098876
Nifty India Consumption TRI,2015-01-21,3674.796176841799
Nifty India Consumption TRI,2015-01-22,3680.5780692779963
Nifty India Consumption TRI,2015-01-23,3725.3506209858942
Nifty India Consumption TRI,2015-01-27,3742.6273634309678
Nifty India Consumption TRI,2015-01-28,3738.78145742073
Nifty India Consumption TRI,2015-01-29,3731.5851386297795
Nifty India Consumption TRI,2015-01-30,3695.387273720343
Nifty India Consumption TRI,2015-02-02,3649.0793893188306
Nifty India Consumption TRI,2015-02-03,3626.800196421727
Nifty India Consumption TRI,2015-02-04,3611.482906117648
Nifty India Consumption TRI,2015-02-05,3581.084799766589
Nifty India Consumption TRI,2015-02-06,3564.4033506066817
Nifty India Consumption TRI,2015-02-09,3505.5021738978576
Nifty India Consumption TRI,2015-02-10,3519.0847922661997
Nifty India Consumption TRI,2015-02-11,3555.973604268251
Nifty India Consumption TRI,2015-02-12,3572.5442997114164
Nifty India Consumption TRI,2015-02-13,3622.321768172296
Nifty India Consumption TRI,2015-02-16,3635.5913506181123
Nifty India Consumption TRI,2015-02-18,3629.614877930938
Nifty India Consumption TRI,2015-02-19,3625.971626100763
Nifty India Consumption TRI,2015-02-20,3613.317118444806
Nifty India Consumption TRI,2015-02-23,3580.064333116416
Nifty India Consumption TRI,2015-02-24,3594.5470673625287
Nifty India Consumption TRI,2015-02-25,3593.416713356463
Nifty India Consumption TRI,2015-02-26,3558.593865188115
Nifty India Consumption TRI,2015-02-27,3611.224997200483
Nifty India Consumption TRI,2015-03-02,3580.4265884897404
Nifty India Consumption TRI,2015-03-03,3592.2924997972714
Nifty India Consumption TRI,2015-03-04,3579.1075349963367
Nifty India Consumption TRI,2015-03-05,3598.8359556265355
Nifty India Consumption TRI,2015-03-09,3571.5630229307167
Nifty India Consumption TRI,2015-03-10,3593.181841937445
Nifty India Consumption TRI,2015-03-11,3620.9357351506083
Nifty India Consumption TRI,2015-03-12,3661.0110836260865
Nifty India Consumption TRI,2015-03-13,3625.2809879648007
Nifty India Consumption TRI,2015-03-16,3609.41171975513
Nifty India Consumption TRI,2015-03-17,3646.61012431481
Nifty India Consumption TRI,2015-03-18,3630.3265827733003
Nifty India Consumption TRI,2015-03-19,3623.5856048882415
Nifty India Consumption TRI,2015-03-20,3553.707264000776
Nifty India Consumption TRI,2015-03-23,3553.2453768628593
Nifty India Consumption TRI,2015-03-24,3560.1366085270993
Nifty India Consumption TRI,2015-03-25,3570.7522239556083
Nifty India Consumption TRI,2015-03-26,3541.0864936956286
Nifty India Consumption TRI,2015-03-27,3503.3938181738763
Nifty India Consumption TRI,2015-03-30,3564.8264043941126
Nifty India Consumption TRI,2015-03-31,3577.857609710623
Nifty India Consumption TRI,2015-04-01,3609.7756414474716
Nifty India Consumption TRI,2015-04-06,3660.418826047198
Nifty India Consumption TRI,2015-04-07,3695.495141921085
Nifty India Consumption TRI,2015-04-08,3726.4282389552177
Nifty India Consumption TRI,2015-04-09,3725.825399289305
Nifty India Consumption TRI,2015-04-10,3752.4586831120314
Nifty India Consumption TRI,2015-04-13,3780.2534610589814
Nifty India Consumption TRI,2015-04-15,3740.0528785103543
Nifty India Consumption TRI,2015-04-16,3728.952457660745
Nifty India Consumption TRI,2015-04-17,3688.8234254606314
Nifty India Consumption TRI,2015-04-20,3605.7448254435167
Nifty India Consumption TRI,2015-04-21,3552.586168961583
Nifty India Consumption TRI,2015-04-22,3575.759487679338
Nifty India Consumption TRI,2015-04-23,3577.828629775295
Nifty India Consumption TRI,2015-04-24,3550.86290576128
Nifty India Consumption TRI,2015-04-27,3497.2596299625916
Nifty India Consumption TRI,2015-04-28,3538.7098464366836
Nifty India Consumption TRI,2015-04-29,3496.036450772264
Nifty India Consumption TRI,2015-04-30,3454.988061171504
Nifty India Consumption TRI,2015-05-04,3546.3938718359054
Nifty India Consumption TRI,2015-05-05,3553.5575405576765
Nifty India Consumption TRI,2015-05-06,3470.638691795465
Nifty India Consumption TRI,2015-05-07,3463.197386863943
Nifty India Consumption TRI,2015-05-08,3496.361337509133
Nifty India Consumption TRI,2015-05-11,3530.827982068455
Nifty India Consumption TRI,2015-05-12,3484.1419689444538
Nifty India Consumption TRI,2015-05-13,3512.4261712459966
Nifty India Consumption TRI,2015-05-14,3548.2262008959547
Nifty India Consumption TRI,2015-05-15,3572.1536730667945
Nifty India Consumption TRI,2015-05-18,3609.947530431134
Nifty India Consumption TRI,2015-05-19,3617.011727940535
Nifty India Consumption TRI,2015-05-20,3614.3018509382046
Nifty India Consumption TRI,2015-05-21,3610.5932952524267
Nifty India Consumption TRI,2015-05-22,3613.6115726894745
Nifty India Consumption TRI,2015-05-25,3591.9713353532443
Nifty India Consumption TRI,2015-05-26,3593.4650670528445
Nifty India Consumption TRI,2015-05-27,3591.121716425741
Nifty India Consumption TRI,2015-05-28,3578.895366118066
Nifty India Consumption TRI,2015-05-29,3655.5102323751817
Nifty India Consumption TRI,2015-06-01,3675.4557525001806
Nifty India Consumption TRI,2015-06-02,3596.6680237334326
Nifty India Consumption TRI,2015-06-03,3542.271383234995
Nifty India Consumption TRI,2015-06-04,3531.354758022221
Nifty India Consumption TRI,2015-06-05,3553.4063018765514
Nifty India Consumption TRI,2015-06-08,3513.764128719935
Nifty India Consumption TRI,2015-06-09,3497.427646151734
Nifty India Consumption TRI,2015-06-10,3527.844136410982
Nifty India Consumption TRI,2015-06-11,3471.0626727784074
Nifty India Consumption TRI,2015-06-12,3490.5406506746303
Nifty India Consumption TRI,2015-06-15,3515.47543845871
Nifty India Consumption TRI,2015-06-16,3536.325447918719
Nifty India Consumption TRI,2015-06-17,3579.217952769285
Nifty India Consumption TRI,2015-06-18,3596.283913348994
Nifty India Consumption TRI,2015-06-19,3634.394153534939
Nifty India Consumption TRI,2015-06-22,3668.610642232212
Nifty India Consumption TRI,2015-06-23,3677.106233634049
Nifty India Consumption TRI,2015-06-24,3676.2365845998866
Nifty India Consumption TRI,2015-06-25,3682.838684055841
Nifty India Consumption TRI,2015-06-26,3686.283964314435
Nifty India Consumption TRI,2015-06-29,3664.6770969796394
Nifty India Consumption TRI,2015-06-30,3719.856471400426
Nifty India Consumption TRI,2015-07-01,3724.3035781471153
Nifty India Consumption TRI,2015-07-02,3739.856765993559
Nifty India Consumption TRI,2015-07-03,3757.3056815188647
Nifty India Consumption TRI,2015-07-06,3777.970696773631
Nifty India Consumption TRI,2015-07-07,3785.790057282876
Nifty India Consumption TRI,2015-07-08,3745.809337896258
Nifty India Consumption TRI,2015-07-09,3735.7286158123693
Nifty India Consumption TRI,2015-07-10,3699.6394033915635
Nifty India Consumption TRI,2015-07-13,3752.7900663948094
Nifty India Consumption TRI,2015-07-14,3770.404295453966
Nifty India Consumption TRI,2015-07-15,3795.9707256693146
Nifty India Consumption TRI,2015-07-16,3817.589822351871
Nifty India Consumption TRI,2015-07-17,3825.4130451662254
Nifty India Consumption TRI,2015-07-20,3836.088774882117
Nifty India Consumption TRI,2015-07-21,3803.4124326004853
Nifty India Consumption TRI,2015-07-22,3851.4764182176023
Nifty India Consumption TRI,2015-07-23,3835.5477734249503
Nifty India Consumption TRI,2015-07-24,3833.049736728616
Nifty India Consumption TRI,2015-07-27,3785.5184395903043
Nifty India Consumption TRI,2015-07-28,3759.259105995506
Nifty India Consumption TRI,2015-07-29,3774.0904963136595
Nifty India Consumption TRI,2015-07-30,3822.588637927899
Nifty India Consumption TRI,2015-07-31,3879.414573541746
Nifty India Consumption TRI,2015-08-03,3876.190193076652
Nifty India Consumption TRI,2015-08-04,3873.1656291435534
Nifty India Consumption TRI,2015-08-05,3925.2607518482255
Nifty India Consumption TRI,2015-08-06,3921.3944847973635
Nifty India Consumption TRI,2015-08-07,3905.143797260066
Nifty India Consumption TRI,2015-08-10,3897.177781660097
Nifty India Consumption TRI,2015-08-11,3863.688618496247
Nifty India Consumption TRI,2015-08-12,3789.7164992095
Nifty India Consumption TRI,2015-08-13,3782.1546944843317
Nifty India Consumption TRI,2015-08-14,3843.804173302069
Nifty India Consumption TRI,2015-08-17,3829.5036472823663
Nifty India Consumption TRI,2015-08-18,3829.955443194653
Nifty India Consumption TRI,2015-08-19,3839.7388952052625
Nifty India Consumption TRI,2015-08-20,3809.6640441336367
Nifty India Consumption TRI,2015-08-21,3779.1651013452592
Nifty India Consumption TRI,2015-08-24,3553.4542374727835
Nifty India Consumption TRI,2015-08-25,3575.886166886518
Nifty India Consumption TRI,2015-08-26,3547.0611627668436
Nifty India Consumption TRI,2015-08-27,3596.0207224910328
Nifty India Consumption TRI,2015-08-28,3635.227334421985
Nifty India Consumption TRI,2015-08-31,3612.3527136891157
Nifty India Consumption TRI,2015-09-01,3547.233585000577
Nifty India Consumption TRI,2015-09-02,3514.760578772972
Nifty India Consumption TRI,2015-09-03,3541.945732468679
Nifty India Consumption TRI,2015-09-04,3494.6471898583673
Nifty India Consumption TRI,2015-09-07,3450.068563111813
Nifty India Consumption TRI,2015-09-08,3460.2676355648346
Nifty India Consumption TRI,2015-09-09,3526.658003791778
Nifty India Consumption TRI,2015-09-10,3528.840422542485
Nifty India Consumption TRI,2015-09-11,3538.990533377032
Nifty India Consumption TRI,2015-09-14,3567.7563898179683
Nifty India Consumption TRI,2015-09-15,3559.544636792831
Nifty India Consumption TRI,2015-09-16,3576.0305064598842
Nifty India Consumption TRI,2015-09-18,3583.5138494497346
Nifty India Consumption TRI,2015-09-21,3574.498677706074
Nifty India Consumption TRI,2015-09-22,3532.8718066537654
Nifty India Consumption TRI,2015-09-23,3533.260676910397
Nifty India Consumption TRI,2015-09-24,3561.5223701568493
Nifty India Consumption TRI,2015-09-28,3545.817536312783
Nifty India Consumption TRI,2015-09-29,3565.3726493450204
Nifty India Consumption TRI,2015-09-30,3643.009731715813
Nifty India Consumption TRI,2015-10-01,3644.5640645362005
Nifty India Consumption TRI,2015-10-05,3682.521867987697
Nifty India Consumption TRI,2015-10-06,3716.292869297245
Nifty India Consumption TRI,2015-10-07,3728.9411626393326
Nifty India Consumption TRI,2015-10-08,3707.0489713077695
Nifty India Consumption TRI,2015-10-09,3709.715440882877
Nifty India Consumption TRI,2015-10-12,3696.850465767262
Nifty India Consumption TRI,2015-10-13,3698.724306693554
Nifty India Consumption TRI,2015-10-14,3687.867307585682
Nifty India Consumption TRI,2015-10-15,3716.683396036193
Nifty India Consumption TRI,2015-10-16,3732.980918714646
Nifty India Consumption TRI,2015-10-19,3761.115754617879
Nifty India Consumption TRI,2015-10-20,3750.8925273933364
Nifty India Consumption TRI,2015-10-21,3758.6340117861873
Nifty India Consumption TRI,2015-10-23,3741.9900073250064
Nifty India Consumption TRI,2015-10-26,3734.935524575249
Nifty India Consumption TRI,2015-10-27,3750.6056702695328
Nifty India Consumption TRI,2015-10-28,3752.74660006392
Nifty India Consumption TRI,2015-10-29,3729.570433206278
Nifty India Consumption TRI,2015-10-30,3682.5546163725294
Nifty India Consumption TRI,2015-11-02,3693.834926626033
Nifty India Consumption TRI,2015-11-03,3697.19003968499
Nifty India Consumption TRI,2015-11-04,3709.955891917059
Nifty India Consumption TRI,2015-11-05,3687.0367790865384
Nifty India Consumption TRI,2015-11-06,3682.408916005715
Nifty India Consumption TRI,2015-11-09,3708.0208365553726
Nifty India Consumption TRI,2015-11-10,3684.4102827513384
Nifty India Consumption TRI,2015-11-13,3641.543376107657
Nifty India Consumption TRI,2015-11-16,3646.3722724449517
Nifty India Consumption TRI,2015-11-17,3677.864888448441
Nifty India Consumption TRI,2015-11-18,3663.97860367007
Nifty India Consumption TRI,2015-11-19,3716.102878723129
Nifty India Consumption TRI,2015-11-20,3738.8735118492355
Nifty India Consumption TRI,2015-11-23,3750.1149341091937
Nifty India Consumption TRI,2015-11-24,3747.07336484872
Nifty India Consumption TRI,2015-11-26,3773.2627381565926
Nifty India Consumption TRI,2015-11-27,3771.650289201468
Nifty India Consumption TRI,2015-11-30,3753.583390771305
Nifty India Consumption TRI,2015-12-01,3769.3791165590505
Nifty India Consumption TRI,2015-12-02,3785.3351224485054
Nifty India Consumption TRI,2015-12-03,3750.435883307658
Nifty India Consumption TRI,2015-12-04,3712.994027720542
Nifty India Consumption TRI,2015-12-07,3706.401429943633
Nifty India Consumption TRI,2015-12-08,3687.63689770288
Nifty India Consumption TRI,2015-12-09,3638.012008935961
Nifty India Consumption TRI,2015-12-10,3669.2651838712736
Nifty India Consumption TRI,2015-12-11,3644.9918962976517
Nifty India Consumption TRI,2015-12-14,3680.2666202043047
Nifty India Consumption TRI,2015-12-15,3715.550467054367
Nifty India Consumption TRI,2015-12-16,3697.416088131104
Nifty India Consumption TRI,2015-12-17,3746.73375548372
Nifty India Consumption TRI,2015-12-18,3730.823107432304
Nifty India Consumption TRI,2015-12-21,3765.5857798171446
Nifty India Consumption TRI,2015-12-22,3750.41485431076
Nifty India Consumption TRI,2015-12-23,3771.094840417552
Nifty India Consumption TRI,2015-12-24,3783.5148483183902
Nifty India Consumption TRI,2015-12-28,3785.2681989450516
Nifty India Consumption TRI,2015-12-29,3796.2606246457003
Nifty India Consumption TRI,2015-12-30,3787.125037640227
Nifty India Consumption TRI,2015-12-31,3820.5785264202714
Nifty India Consumption TRI,2016-01-01,3827.3884400470643
Nifty India Consumption TRI,2016-01-04,3774.9207104126085
Nifty India Consumption TRI,2016-01-05,3781.1471028999485
Nifty India Consumption TRI,2016-01-06,3736.668520582799
Nifty India Consumption TRI,2016-01-07,3645.8244966293328
Nifty India Consumption TRI,2016-01-08,3646.8012744315897
Nifty India Consumption TRI,2016-01-11,3623.394384964155
Nifty India Consumption TRI,2016-01-12,3616.951211214181
Nifty India Consumption TRI,2016-01-13,3621.4246943196013
Nifty India Consumption TRI,2016-01-14,3610.0522204929853
Nifty India Consumption TRI,2016-01-15,3545.5723660263875
Nifty India Consumption TRI,2016-01-18,3499.2501116353924
Nifty India Consumption TRI,2016-01-19,3526.407918800329
Nifty India Consumption TRI,2016-01-20,3480.1490148714042
Nifty India Consumption TRI,2016-01-21,3428.7445950034225
Nifty India Consumption TRI,2016-01-22,3485.6965173517738
Nifty India Consumption TRI,2016-01-25,3479.0676881889544
Nifty India Consumption TRI,2016-01-27,3462.0282176186656
Nifty India Consumption TRI,2016-01-28,3475.3009616195873
Nifty India Consumption TRI,2016-01-29,3540.010292885307
Nifty India Consumption TRI,2016-02-01,3535.188800105776
Nifty India Consumption TRI,2016-02-02,3502.2205181507024
Nifty India Consumption TRI,2016-02-03,3490.1460676422894
Nifty India Consumption TRI,2016-02-04,3494.4594382737055
Nifty India Consumption TRI,2016-02-05,3540.939783182151
Nifty India Consumption TRI,2016-02-08,3515.5353053262043
Nifty India Consumption TRI,2016-02-09,3484.892166799464
Nifty India Consumption TRI,2016-02-10,3453.5042193163786
Nifty India Consumption TRI,2016-02-11,3347.8956160769885
Nifty India Consumption TRI,2016-02-12,3382.710600680848
Nifty India Consumption TRI,2016-02-15,3440.372773686536
Nifty India Consumption TRI,2016-02-16,3379.474888225227
Nifty India Consumption TRI,2016-02-17,3406.6561978842415
Nifty India Consumption TRI,2016-02-18,3433.786309709531
Nifty India Consumption TRI,2016-02-19,3452.6399716884866
Nifty India Consumption TRI,2016-02-22,3481.8775069648095
Nifty India Consumption TRI,2016-02-23,3429.3515098772623
Nifty India Consumption TRI,2016-02-24,3407.977209711743
Nifty India Consumption TRI,2016-02-25,3391.378356543889
Nifty India Consumption TRI,2016-02-26,3395.6383643026948
Nifty India Consumption TRI,2016-02-29,3360.750314888466
Nifty India Consumption TRI,2016-03-01,3484.402138939445
Nifty India Consumption TRI,2016-03-02,3498.646986354548
Nifty India Consumption TRI,2016-03-03,3516.608913176473
Nifty India Consumption TRI,2016-03-04,3505.743304069726
Nifty India Consumption TRI,2016-03-08,3498.6457887292063
Nifty India Consumption TRI,2016-03-09,3526.0640311950515
Nifty India Consumption TRI,2016-03-10,3522.2588469397538
Nifty India Consumption TRI,2016-03-11,3548.2990593179006
Nifty India Consumption TRI,2016-03-14,3561.953302287708
Nifty India Consumption TRI,2016-03-15,3517.0924152627595
Nifty India Consumption TRI,2016-03-16,3517.269958126458
Nifty India Consumption TRI,2016-03-17,3531.948291163919
Nifty India Consumption TRI,2016-03-18,3556.6672952180584
Nifty India Consumption TRI,2016-03-21,3597.047138155754
Nifty India Consumption TRI,2016-03-22,3600.0962821583985
Nifty India Consumption TRI,2016-03-23,3614.3025318014284
Nifty India Consumption TRI,2016-03-28,3569.4559250412262
Nifty India Consumption TRI,2016-03-29,3574.5242674135675
Nifty India Consumption TRI,2016-03-30,3612.5934549794374
Nifty India Consumption TRI,2016-03-31,3620.5862834566537
Nifty India Consumption TRI,2016-04-01,3613.4865501809695
Nifty India Consumption TRI,2016-04-04,3658.0381345166606
Nifty India Consumption TRI,2016-04-05,3586.6773846120464
Nifty India Consumption TRI,2016-04-06,3602.4315566667924
Nifty India Consumption TRI,2016-04-07,3560.51255840207
Nifty India Consumption TRI,2016-04-08,3571.642048683038
Nifty India Consumption TRI,2016-04-11,3622.0481437811645
Nifty India Consumption TRI,2016-04-12,3651.8425643696655
Nifty India Consumption TRI,2016-04-13,3740.9211515053325
Nifty India Consumption TRI,2016-04-18,3764.4487390606714
Nifty India Consumption TRI,2016-04-20,3751.473048216867
Nifty India Consumption TRI,2016-04-21,3728.9498814478684
Nifty India Consumption TRI,2016-04-22,3729.1349859055376
Nifty India Consumption TRI,2016-04-25,3714.052251511145
Nifty India Consumption TRI,2016-04-26,3756.417976841054
Nifty India Consumption TRI,2016-04-27,3788.6798593737085
Nifty India Consumption TRI,2016-04-28,3723.8617805213103
Nifty India Consumption TRI,2016-04-29,3711.3857865972936
Nifty India Consumption TRI,2016-05-02,3721.568891453319
Nifty India Consumption TRI,2016-05-03,3714.890342743152
Nifty India Consumption TRI,2016-05-04,3691.2913239633035
Nifty India Consumption TRI,2016-05-05,3685.4623576903973
Nifty India Consumption TRI,2016-05-06,3704.908363592788
Nifty India Consumption TRI,2016-05-09,3754.9522691596826
Nifty India Consumption TRI,2016-05-10,3763.706529443584
Nifty India Consumption TRI,2016-05-11,3767.618053461381
Nifty India Consumption TRI,2016-05-12,3772.3817147040454
Nifty India Consumption TRI,2016-05-13,3742.124178802302
Nifty India Consumption TRI,2016-05-16,3759.9273838889017
Nifty India Consumption TRI,2016-05-17,3772.1437421603637
Nifty India Consumption TRI,2016-05-18,3748.907734408662
Nifty India Consumption TRI,2016-05-19,3704.695435788563
Nifty India Consumption TRI,2016-05-20,3702.377485313368
Nifty India Consumption TRI,2016-05-23,3713.0993348448055
Nifty India Consumption TRI,2016-05-24,3713.0710123305125
Nifty India Consumption TRI,2016-05-25,3787.481273233878
Nifty India Consumption TRI,2016-05-26,3832.343905167594
Nifty India Consumption TRI,2016-05-27,3855.2704660870004
Nifty India Consumption TRI,2016-05-30,3859.0878166452503
Nifty India Consumption TRI,2016-05-31,3840.4243658548417
Nifty India Consumption TRI,2016-06-01,3883.434270345215
Nifty India Consumption TRI,2016-06-02,3908.2316311959385
Nifty India Consumption TRI,2016-06-03,3907.997150717896
Nifty India Consumption TRI,2016-06-06,3887.3704455353513
Nifty India Consumption TRI,2016-06-07,3915.6349241934167
Nifty India Consumption TRI,2016-06-08,3923.2316042539105
Nifty India Consumption TRI,2016-06-09,3882.0290351475837
Nifty India Consumption TRI,2016-06-10,3862.0278288532472
Nifty India Consumption TRI,2016-06-13,3842.8828391634106
Nifty India Consumption TRI,2016-06-14,3835.1861099134926
Nifty India Consumption TRI,2016-06-15,3875.71250877219
Nifty India Consumption TRI,2016-06-16,3850.7508653363557
Nifty India Consumption TRI,2016-06-17,3869.645185185162
Nifty India Consumption TRI,2016-06-20,3884.7653516786772
Nifty India Consumption TRI,2016-06-21,3878.773525900878
Nifty India Consumption TRI,2016-06-22,3873.420707062035
Nifty India Consumption TRI,2016-06-23,3892.0533030675506
Nifty India Consumption TRI,2016-06-24,3858.1303226112445
Nifty India Consumption TRI,2016-06-27,3858.806189687892
Nifty India Consumption TRI,2016-06-28,3898.925615503011
Nifty India Consumption TRI,2016-06-29,3929.131695816732
Nifty India Consumption TRI,2016-06-30,3981.0389690410702
Nifty India Consumption TRI,2016-07-01,4011.2500798164388
Nifty India Consumption TRI,2016-07-04,4009.8093805957324
Nifty India Consumption TRI,2016-07-05,3996.566850162876
Nifty India Consumption TRI,2016-07-07,3998.395966971058
Nifty India Consumption TRI,2016-07-08,3999.710716174119
Nifty India Consumption TRI,2016-07-11,4050.003410782433
Nifty India Consumption TRI,2016-07-12,4052.3868913844994
Nifty India Consumption TRI,2016-07-13,4040.528943305669
Nifty India Consumption TRI,2016-07-14,4062.6480801393604
Nifty India Consumption TRI,2016-07-15,4085.8358903741323
Nifty India Consumption TRI,2016-07-18,4056.2875015873606
Nifty India Consumption TRI,2016-07-19,4046.0276515426226
Nifty India Consumption TRI,2016-07-20,4067.298220783129
Nifty India Consumption TRI,2016-07-21,4057.1979820985403
Nifty India Consumption TRI,2016-07-22,4068.3862305040525
Nifty India Consumption TRI,2016-07-25,4111.667077720976
Nifty India Consumption TRI,2016-07-26,4075.5253456568553
Nifty India Consumption TRI,2016-07-27,4087.943493343967
Nifty India Consumption TRI,2016-07-28,4139.373994690543
Nifty India Consumption TRI,2016-07-29,4145.604401339027
Nifty India Consumption TRI,2016-08-01,4163.444446644394
Nifty India Consumption TRI,2016-08-02,4181.90002511421
Nifty India Consumption TRI,2016-08-03,4124.879451640103
Nifty India Consumption TRI,2016-08-04,4129.829558805589
Nifty India Consumption TRI,2016-08-05,4192.539510527136
Nifty India Consumption TRI,2016-08-08,4209.000703751367
Nifty India Consumption TRI,2016-08-09,4183.736183983293
Nifty India Consumption TRI,2016-08-10,4122.10977994385
Nifty India Consumption TRI,2016-08-11,4144.467355536056
Nifty India Consumption TRI,2016-08-12,4166.719611916141
Nifty India Consumption TRI,2016-08-16,4152.302722862826
Nifty India Consumption TRI,2016-08-17,4168.791533392309
Nifty India Consumption TRI,2016-08-18,4172.837551681499
Nifty India Consumption TRI,2016-08-19,4176.563607095873
Nifty India Consumption TRI,2016-08-22,4167.338654235529
Nifty India Consumption TRI,2016-08-23,4156.642621210779
Nifty India Consumption TRI,2016-08-24,4175.699599583111
Nifty India Consumption TRI,2016-08-25,4151.0604035434735
Nifty India Consumption TRI,2016-08-26,4152.435799668206
Nifty India Consumption TRI,2016-08-29,4163.1880365106845
Nifty India Consumption TRI,2016-08-30,4220.504848430783
Nifty India Consumption TRI,2016-08-31,4230.752583951934
Nifty India Consumption TRI,2016-09-01,4213.8570268298445
Nifty India Consumption TRI,2016-09-02,4246.387559107027
Nifty India Consumption TRI,2016-09-06,4309.14232987904
Nifty India Consumption TRI,2016-09-07,4295.3456125765915
Nifty India Consumption TRI,2016-09-08,4347.340643092661
Nifty India Consumption TRI,2016-09-09,4282.287308652385
Nifty India Consumption TRI,2016-09-12,4193.31304549448
Nifty India Consumption TRI,2016-09-14,4214.458198991077
Nifty India Consumption TRI,2016-09-15,4226.849469164908
Nifty India Consumption TRI,2016-09-16,4247.474652495774
Nifty India Consumption TRI,2016-09-19,4242.73910920627
Nifty India Consumption TRI,2016-09-20,4212.037305846594
Nifty India Consumption TRI,2016-09-21,4212.025948603636
Nifty India Consumption TRI,2016-09-22,4252.172595973175
Nifty India Consumption TRI,2016-09-23,4241.307088104207
Nifty India Consumption TRI,2016-09-26,4194.159365969565
Nifty India Consumption TRI,2016-09-27,4187.6759136853625
Nifty India Consumption TRI,2016-09-28,4209.271277322363
Nifty India Consumption TRI,2016-09-29,4132.399954604341
Nifty India Consumption TRI,2016-09-30,4149.822649954544
Nifty India Consumption TRI,2016-10-03,4245.588975999135
Nifty India Consumption TRI,2016-10-04,4244.241078041192
Nifty India Consumption TRI,2016-10-05,4240.378849752253
Nifty India Consumption TRI,2016-10-06,4228.009978671209
Nifty India Consumption TRI,2016-10-07,4220.508904139959
Nifty India Consumption TRI,2016-10-10,4231.764939627162
Nifty India Consumption TRI,2016-10-13,4179.7714376071635
Nifty India Consumption TRI,2016-10-14,4153.055069522423
Nifty India Consumption TRI,2016-10-17,4097.673863255182
Nifty India Consumption TRI,2016-10-18,4144.22260756746
Nifty India Consumption TRI,2016-10-19,4120.604523824998
Nifty India Consumption TRI,2016-10-20,4130.545389735215
Nifty India Consumption TRI,2016-10-21,4144.394644255323
Nifty India Consumption TRI,2016-10-24,4129.89853310504
Nifty India Consumption TRI,2016-10-25,4120.675879234199
Nifty India Consumption TRI,2016-10-26,4130.565236576426
Nifty India Consumption TRI,2016-10-27,4096.71390262686
Nifty India Consumption TRI,2016-10-28,4119.292711513452
Nifty India Consumption TRI,2016-11-01,4110.932694631519
Nifty India Consumption TRI,2016-11-02,4082.8568103164416
Nifty India Consumption TRI,2016-11-03,4069.7738894388294
Nifty India Consumption TRI,2016-11-04,4065.7940192247133
Nifty India Consumption TRI,2016-11-07,4081.008000508549
Nifty India Consumption TRI,2016-11-08,4089.7222295421475
Nifty India Consumption TRI,2016-11-09,3985.256784578802
Nifty India Consumption TRI,2016-11-10,3970.988325280773
Nifty India Consumption TRI,2016-11-11,3810.1580349122505
Nifty India Consumption TRI,2016-11-15,3686.777680116249
Nifty India Consumption TRI,2016-11-16,3727.144510377241
Nifty India Consumption TRI,2016-11-17,3688.7530705837225
Nifty India Consumption TRI,2016-11-18,3688.668984295919
Nifty India Consumption TRI,2016-11-21,3624.54214754979
Nifty India Consumption TRI,2016-11-22,3687.2618108297456
Nifty India Consumption TRI,2016-11-23,3705.4519999532804
Nifty India Consumption TRI,2016-11-24,3681.144915049489
Nifty India Consumption TRI,2016-11-25,3706.946901315901
Nifty India Consumption TRI,2016-11-28,3749.4694493676852
Nifty India Consumption TRI,2016-11-29,3790.3930155213534
Nifty India Consumption TRI,2016-11-30,3829.497000291777
Nifty India Consumption TRI,2016-12-01,3805.616991405612
Nifty India Consumption TRI,2016-12-02,3743.406244151717
Nifty India Consumption TRI,2016-12-05,3811.8920443772786
Nifty India Consumption TRI,2016-12-06,3794.1731536444736
Nifty India Consumption TRI,2016-12-07,3782.5116100241517
Nifty India Consumption TRI,2016-12-08,3852.564231046221
Nifty India Consumption TRI,2016-12-09,3850.180193216199
Nifty India Consumption TRI,2016-12-12,3786.398051137152
Nifty India Consumption TRI,2016-12-13,3795.702176857647
Nifty India Consumption TRI,2016-12-14,3777.0658443275543
Nifty India Consumption TRI,2016-12-15,3763.0942839200775
Nifty India Consumption TRI,2016-12-16,3747.8879922345013
Nifty India Consumption TRI,2016-12-19,3722.592275741756
Nifty India Consumption TRI,2016-12-20,3702.608335838317
Nifty India Consumption TRI,2016-12-21,3691.527843296048
Nifty India Consumption TRI,2016-12-22,3656.037928650196
Nifty India Consumption TRI,2016-12-23,3665.1261512220126
Nifty India Consumption TRI,2016-12-26,3637.883735176271
Nifty India Consumption TRI,2016-12-27,3689.413871995772
Nifty India Consumption TRI,2016-12-28,3701.5633976003614
Nifty India Consumption TRI,2016-12-29,3738.772462868522
Nifty India Consumption TRI,2016-12-30,3774.696092908965
Nifty India Consumption TRI,2017-01-02,3806.008359892556
Nifty India Consumption TRI,2017-01-03,3814.139450217756
Nifty India Consumption TRI,2017-01-04,3837.352437840101
Nifty India Consumption TRI,2017-01-05,3883.9143451366403
Nifty India Consumption TRI,2017-01-06,3868.0032758228463
Nifty India Consumption TRI,2017-01-09,3863.0456960147294
Nifty India Consumption TRI,2017-01-10,3889.808335417595
Nifty India Consumption TRI,2017-01-11,3920.330694051333
Nifty India Consumption TRI,2017-01-12,3905.9205878812977
Nifty India Consumption TRI,2017-01-13,3899.9919146033467
Nifty India Consumption TRI,2017-01-16,3901.9629800770444
Nifty India Consumption TRI,2017-01-17,3924.276770539446
Nifty India Consumption TRI,2017-01-18,3939.5043412558134
Nifty India Consumption TRI,2017-01-19,3949.14813107701
Nifty India Consumption TRI,2017-01-20,3926.5726253626176
Nifty India Consumption TRI,2017-01-23,3952.6606155917107
Nifty India Consumption TRI,2017-01-24,3986.4754081697674
Nifty India Consumption TRI,2017-01-25,4034.901519397962
Nifty India Consumption TRI,2017-01-27,4037.7653137889374
Nifty India Consumption TRI,2017-01-30,4067.0408475615104
Nifty India Consumption TRI,2017-01-31,4065.7878657819824
Nifty India Consumption TRI,2017-02-01,4163.331935913431
Nifty India Consumption TRI,2017-02-02,4155.151777138453
Nifty India Consumption TRI,2017-02-03,4152.988299399401
Nifty India Consumption TRI,2017-02-06,4191.310447620258
Nifty India Consumption TRI,2017-02-07,4183.076281050246
Nifty India Consumption TRI,2017-02-08,4194.240187835533
Nifty India Consumption TRI,2017-02-09,4213.7343286088435
Nifty India Consumption TRI,2017-02-10,4202.812789044581
Nifty India Consumption TRI,2017-02-13,4197.56155402149
Nifty India Consumption TRI,2017-02-14,4189.540209908206
Nifty India Consumption TRI,2017-02-15,4166.146063829891
Nifty India Consumption TRI,2017-02-16,4183.977645694514
Nifty India Consumption TRI,2017-02-17,4182.190423328707
Nifty India Consumption TRI,2017-02-20,4214.674718283474
Nifty India Consumption TRI,2017-02-21,4224.608405420327
Nifty India Consumption TRI,2017-02-22,4227.177140875058
Nifty India Consumption TRI,2017-02-23,4222.810420745722
Nifty India Consumption TRI,2017-02-27,4194.854478881651
Nifty India Consumption TRI,2017-02-28,4212.533363437087
Nifty India Consumption TRI,2017-03-01,4238.8712842333
Nifty India Consumption TRI,2017-03-02,4213.315259300522
Nifty India Consumption TRI,2017-03-03,4207.118033983177
Nifty India Consumption TRI,2017-03-06,4236.5013621453345
Nifty India Consumption TRI,2017-03-07,4227.991287984147
Nifty India Consumption TRI,2017-03-08,4212.487943262177
Nifty India Consumption TRI,2017-03-09,4223.126276819386
Nifty India Consumption TRI,2017-03-10,4226.449385903224
Nifty India Consumption TRI,2017-03-14,4299.78649883364
Nifty India Consumption TRI,2017-03-15,4319.307646155139
Nifty India Consumption TRI,2017-03-16,4342.058465021269
Nifty India Consumption TRI,2017-03-17,4339.306497804217
Nifty India Consumption TRI,2017-03-20,4331.425925893954
Nifty India Consumption TRI,2017-03-21,4328.350232393763
Nifty India Consumption TRI,2017-03-22,4269.73573252872
Nifty India Consumption TRI,2017-03-23,4284.848357986149
Nifty India Consumption TRI,2017-03-24,4280.747881486848
Nifty India Consumption TRI,2017-03-27,4257.895544833896
Nifty India Consumption TRI,2017-03-28,4283.399052621425
Nifty India Consumption TRI,2017-03-29,4294.154816752998
Nifty India Consumption TRI,2017-03-30,4305.611304520549
Nifty India Consumption TRI,2017-03-31,4304.417728105491
Nifty India Consumption TRI,2017-04-03,4306.866555234659
Nifty India Consumption TRI,2017-04-05,4346.261244927825
Nifty India Consumption TRI,2017-04-06,4334.138146191231
Nifty India Consumption TRI,2017-04-07,4324.814586964039
Nifty India Consumption TRI,2017-04-10,4322.257628595132
Nifty India Consumption TRI,2017-04-11,4338.135813839863
Nifty India Consumption TRI,2017-04-12,4329.349283551298
Nifty India Consumption TRI,2017-04-13,4305.319823920747
Nifty India Consumption TRI,2017-04-17,4295.04811236266
Nifty India Consumption TRI,2017-04-18,4270.7440877593635
Nifty India Consumption TRI,2017-04-19,4282.907946187991
Nifty India Consumption TRI,2017-04-20,4317.698720206007
Nifty India Consumption TRI,2017-04-21,4298.618734571063
Nifty India Consumption TRI,2017-04-24,4321.757984155682
Nifty India Consumption TRI,2017-04-25,4394.703970114692
Nifty India Consumption TRI,2017-04-26,4446.371849362926
Nifty India Consumption TRI,2017-04-27,4430.147864758181
Nifty India Consumption TRI,2017-04-28,4426.047260593773
Nifty India Consumption TRI,2017-05-02,4445.644320296775
Nifty India Consumption TRI,2017-05-03,4439.54976766012
Nifty India Consumption TRI,2017-05-04,4459.649117439262
Nifty India Consumption TRI,2017-05-05,4421.8609049732895
Nifty India Consumption TRI,2017-05-08,4430.793364246347
Nifty India Consumption TRI,2017-05-09,4428.362583627258
Nifty India Consumption TRI,2017-05-10,4528.89912822684
Nifty India Consumption TRI,2017-05-11,4567.659775640585
Nifty India Consumption TRI,2017-05-12,4553.103023016582
Nifty India Consumption TRI,2017-05-15,4566.526691470973
Nifty India Consumption TRI,2017-05-16,4603.5699138378
Nifty India Consumption TRI,2017-05-17,4608.693735782018
Nifty India Consumption TRI,2017-05-18,4528.346883571453
Nifty India Consumption TRI,2017-05-19,4533.953421912298
Nifty India Consumption TRI,2017-05-22,4549.373872799201
Nifty India Consumption TRI,2017-05-23,4527.043971917984
Nifty India Consumption TRI,2017-05-24,4491.066686382254
Nifty India Consumption TRI,2017-05-25,4534.538374274084
Nifty India Consumption TRI,2017-05-26,4577.149245169897
Nifty India Consumption TRI,2017-05-29,4610.002404492164
Nifty India Consumption TRI,2017-05-30,4620.793257094852
Nifty India Consumption TRI,2017-05-31,4648.47102924563
Nifty India Consumption TRI,2017-06-01,4672.15864762522
Nifty India Consumption TRI,2017-06-02,4697.843795453649
Nifty India Consumption TRI,2017-06-05,4736.868814254348
Nifty India Consumption TRI,2017-06-06,4694.353239576138
Nifty India Consumption TRI,2017-06-07,4734.074089041154
Nifty India Consumption TRI,2017-06-08,4715.515540886593
Nifty India Consumption TRI,2017-06-09,4725.936009965765
Nifty India Consumption TRI,2017-06-12,4703.823184310675
Nifty India Consumption TRI,2017-06-13,4698.753890982371
Nifty India Consumption TRI,2017-06-14,4696.059407984011
Nifty India Consumption TRI,2017-06-15,4673.338440297076
Nifty India Consumption TRI,2017-06-16,4674.7451458511105
Nifty India Consumption TRI,2017-06-19,4694.136205870269
Nifty India Consumption TRI,2017-06-20,4691.872750352844
Nifty India Consumption TRI,2017-06-21,4717.468189878292
Nifty India Consumption TRI,2017-06-22,4709.536256556791
Nifty India Consumption TRI,2017-06-23,4680.060085535732
Nifty India Consumption TRI,2017-06-27,4669.003749105416
Nifty India Consumption TRI,2017-06-28,4653.237922063648
Nifty India Consumption TRI,2017-06-29,4668.36199175497
Nifty India Consumption TRI,2017-06-30,4695.69249655929
Nifty India Consumption TRI,2017-07-03,4779.640349110962
Nifty India Consumption TRI,2017-07-04,4752.9101874259995
Nifty India Consumption TRI,2017-07-05,4768.851204514457
Nifty India Consumption TRI,2017-07-06,4781.930470175029
Nifty India Consumption TRI,2017-07-07,4770.917252722702
Nifty India Consumption TRI,2017-07-10,4803.190659946149
Nifty India Consumption TRI,2017-07-11,4799.254598768839
Nifty India Consumption TRI,2017-07-12,4811.472883848753
Nifty India Consumption TRI,2017-07-13,4850.654123574284
Nifty India Consumption TRI,2017-07-14,4854.499847965365
Nifty India Consumption TRI,2017-07-17,4850.205155287681
Nifty India Consumption TRI,2017-07-18,4792.7144071253115
Nifty India Consumption TRI,2017-07-19,4838.334625398849
Nifty India Consumption TRI,2017-07-20,4817.968544747511
Nifty India Consumption TRI,2017-07-21,4820.786916438431
Nifty India Consumption TRI,2017-07-24,4841.784615389891
Nifty India Consumption TRI,2017-07-25,4840.225978832724
Nifty India Consumption TRI,2017-07-26,4852.506052669288
Nifty India Consumption TRI,2017-07-27,4848.677106498897
Nifty India Consumption TRI,2017-07-28,4845.280789821673
Nifty India Consumption TRI,2017-07-31,4851.580036779295
Nifty India Consumption TRI,2017-08-01,4868.404489441956
Nifty India Consumption TRI,2017-08-02,4847.597573846687
Nifty India Consumption TRI,2017-08-03,4864.26095318595
Nifty India Consumption TRI,2017-08-04,4903.528283964558
Nifty India Consumption TRI,2017-08-07,4911.5652683057215
Nifty India Consumption TRI,2017-08-08,4879.993518532681
Nifty India Consumption TRI,2017-08-09,4845.444411834531
Nifty India Consumption TRI,2017-08-10,4794.505096762275
Nifty India Consumption TRI,2017-08-11,4733.285590884021
Nifty India Consumption TRI,2017-08-14,4796.806121620291
Nifty India Consumption TRI,2017-08-16,4852.8107187291025
Nifty India Consumption TRI,2017-08-17,4840.269123796917
Nifty India Consumption TRI,2017-08-18,4855.69678469194
Nifty India Consumption TRI,2017-08-21,4819.798439628737
Nifty India Consumption TRI,2017-08-22,4808.714459448493
Nifty India Consumption TRI,2017-08-23,4824.305927265435
Nifty India Consumption TRI,2017-08-24,4824.638761497433
Nifty India Consumption TRI,2017-08-28,4863.421808473389
Nifty India Consumption TRI,2017-08-29,4824.626162134752
Nifty India Consumption TRI,2017-08-30,4855.809509252232
Nifty India Consumption TRI,2017-08-31,4885.479646408424
Nifty India Consumption TRI,2017-09-01,4925.327731709291
Nifty India Consumption TRI,2017-09-04,4890.71762161865
Nifty India Consumption TRI,2017-09-05,4900.093542602411
Nifty India Consumption TRI,2017-09-06,4874.064822858595
Nifty India Consumption TRI,2017-09-07,4885.064974062076
Nifty India Consumption TRI,2017-09-08,4873.868146659971
Nifty India Consumption TRI,2017-09-11,4910.934187731812
Nifty India Consumption TRI,2017-09-12,4957.513236700078
Nifty India Consumption TRI,2017-09-13,4944.908732405465
Nifty India Consumption TRI,2017-09-14,4928.892367392171
Nifty India Consumption TRI,2017-09-15,4930.203697293132
Nifty India Consumption TRI,2017-09-18,4983.153539000675
Nifty India Consumption TRI,2017-09-19,4980.513234282135
Nifty India Consumption TRI,2017-09-20,4954.419902004164
Nifty India Consumption TRI,2017-09-21,4932.766415296434
Nifty India Consumption TRI,2017-09-22,4860.464623688848
Nifty India Consumption TRI,2017-09-25,4827.338811019418
Nifty India Consumption TRI,2017-09-26,4795.546078191062
Nifty India Consumption TRI,2017-09-27,4739.208375984912
Nifty India Consumption TRI,2017-09-28,4738.88867515834
Nifty India Consumption TRI,2017-09-29,4757.802698571115
Nifty India Consumption TRI,2017-10-03,4793.481984830946
Nifty India Consumption TRI,2017-10-04,4813.972994482962
Nifty India Consumption TRI,2017-10-05,4805.7973646477
Nifty India Consumption TRI,2017-10-06,4826.181752281872
Nifty India Consumption TRI,2017-10-09,4841.761340446309
Nifty India Consumption TRI,2017-10-10,4848.924851030929
Nifty India Consumption TRI,2017-10-11,4855.1672871119945
Nifty India Consumption TRI,2017-10-12,4901.359549286186
Nifty India Consumption TRI,2017-10-13,4929.341957042228
Nifty India Consumption TRI,2017-10-16,4987.710478116608
Nifty India Consumption TRI,2017-10-17,5010.332319765286
Nifty India Consumption TRI,2017-10-18,4988.442876721125
Nifty India Consumption TRI,2017-10-19,4983.9566272505235
Nifty India Consumption TRI,2017-10-23,5012.642622654974
Nifty India Consumption TRI,2017-10-24,5040.476674645174
Nifty India Consumption TRI,2017-10-25,5060.99151553635
Nifty India Consumption TRI,2017-10-26,5069.251392850576
Nifty India Consumption TRI,2017-10-27,5079.464087174819
Nifty India Consumption TRI,2017-10-30,5097.9563813535
Nifty India Consumption TRI,2017-10-31,5095.153328815245
Nifty India Consumption TRI,2017-11-01,5159.992869936811
Nifty India Consumption TRI,2017-11-02,5150.302419424656
Nifty India Consumption TRI,2017-11-03,5139.526313549009
Nifty India Consumption TRI,2017-11-06,5177.398714273864
Nifty India Consumption TRI,2017-11-07,5125.984172216148
Nifty India Consumption TRI,2017-11-08,5114.66269093561
Nifty India Consumption TRI,2017-11-09,5156.1895508401085
Nifty India Consumption TRI,2017-11-10,5183.01465784685
Nifty India Consumption TRI,2017-11-13,5147.15082401177
Nifty India Consumption TRI,2017-11-14,5150.3722421977
Nifty India Consumption TRI,2017-11-15,5112.618594206169
Nifty India Consumption TRI,2017-11-16,5150.84463942452
Nifty India Consumption TRI,2017-11-17,5179.358467601023
Nifty India Consumption TRI,2017-11-20,5195.215256296536
Nifty India Consumption TRI,2017-11-21,5220.314956149906
Nifty India Consumption TRI,2017-11-22,5239.98743080052
Nifty India Consumption TRI,2017-11-23,5227.849579544523
Nifty India Consumption TRI,2017-11-24,5258.653367015956
Nifty India Consumption TRI,2017-11-27,5268.16982623649
Nifty India Consumption TRI,2017-11-28,5279.758319223606
Nifty India Consumption TRI,2017-11-29,5278.098682293855
Nifty India Consumption TRI,2017-11-30,5241.741541217849
Nifty India Consumption TRI,2017-12-01,5192.783671178587
Nifty India Consumption TRI,2017-12-04,5193.497409882251
Nifty India Consumption TRI,2017-12-05,5183.851243898697
Nifty India Consumption TRI,2017-12-06,5164.3195865039415
Nifty India Consumption TRI,2017-12-07,5276.496634203357
Nifty India Consumption TRI,2017-12-08,5333.062467404602
Nifty India Consumption TRI,2017-12-11,5369.805927986104
Nifty India Consumption TRI,2017-12-12,5322.463158137665
Nifty India Consumption TRI,2017-12-13,5292.392266151133
Nifty India Consumption TRI,2017-12-14,5317.624435844589
Nifty India Consumption TRI,2017-12-15,5354.158138891708
Nifty India Consumption TRI,2017-12-18,5406.996145720695
Nifty India Consumption TRI,2017-12-19,5514.828266744214
Nifty India Consumption TRI,2017-12-20,5507.415911316804
Nifty India Consumption TRI,2017-12-21,5487.667662236279
Nifty India Consumption TRI,2017-12-22,5505.414167626664
Nifty India Consumption TRI,2017-12-26,5524.346061956039
Nifty India Consumption TRI,2017-12-27,5510.08350599556
Nifty India Consumption TRI,2017-12-28,5501.908195760829
Nifty India Consumption TRI,2017-12-29,5549.065777832724
Nifty India Consumption TRI,2018-01-01,5511.982100520248
Nifty India Consumption TRI,2018-01-02,5484.56052110253
Nifty India Consumption TRI,2018-01-03,5494.703221359897
Nifty India Consumption TRI,2018-01-04,5524.092849500497
Nifty India Consumption TRI,2018-01-05,5587.79128228008
Nifty India Consumption TRI,2018-01-08,5590.613271843856
Nifty India Consumption TRI,2018-01-09,5572.975470792535
Nifty India Consumption TRI,2018-01-10,5549.191719078782
Nifty India Consumption TRI,2018-01-11,5564.016048070214
Nifty India Consumption TRI,2018-01-12,5557.795766212992
Nifty India Consumption TRI,2018-01-15,5545.6041398632915
Nifty India Consumption TRI,2018-01-16,5493.09634795547
Nifty India Consumption TRI,2018-01-17,5496.445246068739
Nifty India Consumption TRI,2018-01-18,5501.100046689406
Nifty India Consumption TRI,2018-01-19,5522.509059757778
Nifty India Consumption TRI,2018-01-22,5534.192624602429
Nifty India Consumption TRI,2018-01-23,5558.5980172328855
Nifty India Consumption TRI,2018-01-24,5509.5574194156125
Nifty India Consumption TRI,2018-01-25,5463.505766084521
Nifty India Consumption TRI,2018-01-29,5494.370209912575
Nifty India Consumption TRI,2018-01-30,5476.770491632408
Nifty India Consumption TRI,2018-01-31,5426.952729404198
Nifty India Consumption TRI,2018-02-01,5460.6678322638645
Nifty India Consumption TRI,2018-02-02,5326.272895217652
Nifty India Consumption TRI,2018-02-05,5321.830423146999
Nifty India Consumption TRI,2018-02-06,5237.596774683147
Nifty India Consumption TRI,2018-02-07,5228.854825859523
Nifty India Consumption TRI,2018-02-08,5273.730842611612
Nifty India Consumption TRI,2018-02-09,5246.481129366871
Nifty India Consumption TRI,2018-02-12,5296.580220908561
Nifty India Consumption TRI,2018-02-14,5289.060148261111
Nifty India Consumption TRI,2018-02-15,5282.005702186614
Nifty India Consumption TRI,2018-02-16,5235.14749665262
Nifty India Consumption TRI,2018-02-19,5186.856525142835
Nifty India Consumption TRI,2018-02-20,5198.312264313114
Nifty India Consumption TRI,2018-02-21,5205.521596025703
Nifty India Consumption TRI,2018-02-22,5176.350701263816
Nifty India Consumption TRI,2018-02-23,5210.6281989625995
Nifty India Consumption TRI,2018-02-26,5258.187859626463
Nifty India Consumption TRI,2018-02-27,5274.933253223101
Nifty India Consumption TRI,2018-02-28,5235.517749439289
Nifty India Consumption TRI,2018-03-01,5230.745349049968
Nifty India Consumption TRI,2018-03-05,5179.672438069504
Nifty India Consumption TRI,2018-03-06,5125.480034916515
Nifty India Consumption TRI,2018-03-07,5115.581272351502
Nifty India Consumption TRI,2018-03-08,5131.400483052619
Nifty India Consumption TRI,2018-03-09,5137.4668064132275
Nifty India Consumption TRI,2018-03-12,5224.933315710997
Nifty India Consumption TRI,2018-03-13,5232.311947376492
Nifty India Consumption TRI,2018-03-14,5217.999642614872
Nifty India Consumption TRI,2018-03-15,5214.151340317748
Nifty India Consumption TRI,2018-03-16,5157.978463906521
Nifty India Consumption TRI,2018-03-19,5116.4989253557815
Nifty India Consumption TRI,2018-03-20,5139.629045099836
Nifty India Consumption TRI,2018-03-21,5157.364271551935
Nifty India Consumption TRI,2018-03-22,5125.927671438579
Nifty India Consumption TRI,2018-03-23,5109.481130170049
Nifty India Consumption TRI,2018-03-26,5187.773080554419
Nifty India Consumption TRI,2018-03-27,5203.605354969917
Nifty India Consumption TRI,2018-03-28,5168.892057365058
Nifty India Consumption TRI,2018-04-02,5249.648003524021
Nifty India Consumption TRI,2018-04-03,5272.139626292991
Nifty India Consumption TRI,2018-04-04,5231.748214842302
Nifty India Consumption TRI,2018-04-05,5302.183836733646
Nifty India Consumption TRI,2018-04-06,5310.934918551871
Nifty India Consumption TRI,2018-04-09,5351.101605558039
Nifty India Consumption TRI,2018-04-10,5339.1801596855
Nifty India Consumption TRI,2018-04-11,5359.171986445224
Nifty India Consumption TRI,2018-04-12,5347.195626529919
Nifty India Consumption TRI,2018-04-13,5346.0756508734175
Nifty India Consumption TRI,2018-04-16,5392.3122284571
Nifty India Consumption TRI,2018-04-17,5419.404201323403
Nifty India Consumption TRI,2018-04-18,5440.658715031165
Nifty India Consumption TRI,2018-04-19,5454.329885695764
Nifty India Consumption TRI,2018-04-20,5445.845699830486
Nifty India Consumption TRI,2018-04-23,5463.888177248712
Nifty India Consumption TRI,2018-04-24,5479.472822745246
Nifty India Consumption TRI,2018-04-25,5481.467663841508
Nifty India Consumption TRI,2018-04-26,5495.580171978709
Nifty India Consumption TRI,2018-04-27,5508.383952877897
Nifty India Consumption TRI,2018-04-30,5561.429828655005
Nifty India Consumption TRI,2018-05-02,5524.644478897642
Nifty India Consumption TRI,2018-05-03,5472.044913033759
Nifty India Consumption TRI,2018-05-04,5429.214954945039
Nifty India Consumption TRI,2018-05-07,5499.302047918824
Nifty India Consumption TRI,2018-05-08,5483.114671042974
Nifty India Consumption TRI,2018-05-09,5464.1957374467065
Nifty India Consumption TRI,2018-05-10,5432.715151926396
Nifty India Consumption TRI,2018-05-11,5449.782046929042
Nifty India Consumption TRI,2018-05-14,5433.101237164667
Nifty India Consumption TRI,2018-05-15,5437.717350970621
Nifty India Consumption TRI,2018-05-16,5473.577990393478
Nifty India Consumption TRI,2018-05-17,5438.757538567473
Nifty India Consumption TRI,2018-05-18,5428.516617451439
Nifty India Consumption TRI,2018-05-21,5367.195418517168
Nifty India Consumption TRI,2018-05-22,5395.35699668175
Nifty India Consumption TRI,2018-05-23,5372.765367374584
Nifty India Consumption TRI,2018-05-24,5387.161005272554
Nifty India Consumption TRI,2018-05-25,5454.011099852226
Nifty India Consumption TRI,2018-05-28,5498.852026057898
Nifty India Consumption TRI,2018-05-29,5504.128523336045
Nifty India Consumption TRI,2018-05-30,5501.8090087099645
Nifty India Consumption TRI,2018-05-31,5511.294172922079
Nifty India Consumption TRI,2018-06-01,5514.823195303948
Nifty India Consumption TRI,2018-06-04,5479.005514897754
Nifty India Consumption TRI,2018-06-05,5437.220295046248
Nifty India Consumption TRI,2018-06-06,5494.862862110044
Nifty India Consumption TRI,2018-06-07,5546.441460555011
Nifty India Consumption TRI,2018-06-08,5540.842678197598
Nifty India Consumption TRI,2018-06-11,5569.5865359683185
Nifty India Consumption TRI,2018-06-12,5595.972456823301
Nifty India Consumption TRI,2018-06-13,5581.134523454387
Nifty India Consumption TRI,2018-06-14,5574.004870518184
Nifty India Consumption TRI,2018-06-15,5558.727766875253
Nifty India Consumption TRI,2018-06-18,5549.419669644703
Nifty India Consumption TRI,2018-06-19,5501.873448017065
Nifty India Consumption TRI,2018-06-20,5506.552639114418
Nifty India Consumption TRI,2018-06-21,5463.3228773184355
Nifty India Consumption TRI,2018-06-22,5514.763117246956
Nifty India Consumption TRI,2018-06-25,5482.091352746375
Nifty India Consumption TRI,2018-06-26,5519.5913180978505
Nifty India Consumption TRI,2018-06-27,5475.094210898373
Nifty India Consumption TRI,2018-06-28,5436.611470975201
Nifty India Consumption TRI,2018-06-29,5505.07808382435
Nifty India Consumption TRI,2018-07-02,5478.469929731519
Nifty India Consumption TRI,2018-07-03,5515.103251677486
Nifty India Consumption TRI,2018-07-04,5557.539411158238
Nifty India Consumption TRI,2018-07-05,5573.002558753525
Nifty India Consumption TRI,2018-07-06,5590.053358734467
Nifty India Consumption TRI,2018-07-09,5628.516943024357
Nifty India Consumption TRI,2018-07-10,5658.214034880776
Nifty India Consumption TRI,2018-07-11,5643.5825407648745
Nifty India Consumption TRI,2018-07-12,5628.128492811184
Nifty India Consumption TRI,2018-07-13,5615.246473129036
Nifty India Consumption TRI,2018-07-16,5572.65247985906
Nifty India Consumption TRI,2018-07-17,5581.608188514424
Nifty India Consumption TRI,2018-07-18,5544.306314264452
Nifty India Consumption TRI,2018-07-19,5567.331309292539
Nifty India Consumption TRI,2018-07-20,5532.435373633267
Nifty India Consumption TRI,2018-07-23,5601.134894780894
Nifty India Consumption TRI,2018-07-24,5625.5893539359895
Nifty India Consumption TRI,2018-07-25,5599.286228333883
Nifty India Consumption TRI,2018-07-26,5583.494522544466
Nifty India Consumption TRI,2018-07-27,5638.836275164349
Nifty India Consumption TRI,2018-07-30,5689.162557347795
Nifty India Consumption TRI,2018-07-31,5748.787692511436
Nifty India Consumption TRI,2018-08-01,5734.805201835505
Nifty India Consumption TRI,2018-08-02,5690.368425189958
Nifty India Consumption TRI,2018-08-03,5730.993609681684
Nifty India Consumption TRI,2018-08-06,5737.1887883179115
Nifty India Consumption TRI,2018-08-07,5750.922978405976
Nifty India Consumption TRI,2018-08-08,5759.617887434201
Nifty India Consumption TRI,2018-08-09,5749.7958267252425
Nifty India Consumption TRI,2018-08-10,5751.040344365608
Nifty India Consumption TRI,2018-08-13,5741.842189583816
Nifty India Consumption TRI,2018-08-14,5769.991065877712
Nifty India Consumption TRI,2018-08-16,5776.153124488007
Nifty India Consumption TRI,2018-08-17,5838.502560339106
Nifty India Consumption TRI,2018-08-20,5868.388800142328
Nifty India Consumption TRI,2018-08-21,5858.4020097272405
Nifty India Consumption TRI,2018-08-23,5893.7870632694
Nifty India Consumption TRI,2018-08-24,5860.777740204392
Nifty India Consumption TRI,2018-08-27,5908.435785217605
Nifty India Consumption TRI,2018-08-28,5910.563527641388
Nifty India Consumption TRI,2018-08-29,5892.515990088963
Nifty India Consumption TRI,2018-08-30,5906.540281445811
Nifty India Consumption TRI,2018-08-31,5898.798996598396
Nifty India Consumption TRI,2018-09-03,5822.656515370045
Nifty India Consumption TRI,2018-09-04,5691.419896095753
Nifty India Consumption TRI,2018-09-05,5638.976315784635
Nifty India Consumption TRI,2018-09-06,5626.397505159505
Nifty India Consumption TRI,2018-09-07,5720.760743825766
Nifty India Consumption TRI,2018-09-10,5619.953901738766
Nifty India Consumption TRI,2018-09-11,5531.350245685302
Nifty India Consumption TRI,2018-09-12,5580.144474433151
Nifty India Consumption TRI,2018-09-14,5647.134349177708
Nifty India Consumption TRI,2018-09-17,5593.036293601291
Nifty India Consumption TRI,2018-09-18,5576.884836607637
Nifty India Consumption TRI,2018-09-19,5528.964868799417
Nifty India Consumption TRI,2018-09-21,5506.640302611047
Nifty India Consumption TRI,2018-09-24,5344.025341573553
Nifty India Consumption TRI,2018-09-25,5402.109750589118
Nifty India Consumption TRI,2018-09-26,5374.422300259607
Nifty India Consumption TRI,2018-09-27,5336.854293614536
Nifty India Consumption TRI,2018-09-28,5261.304477461691
Nifty India Consumption TRI,2018-10-01,5275.474990569688
Nifty India Consumption TRI,2018-10-03,5153.766515520369
Nifty India Consumption TRI,2018-10-04,5047.178676038152
Nifty India Consumption TRI,2018-10-05,4922.357516071514
Nifty India Consumption TRI,2018-10-08,4926.5036283893105
Nifty India Consumption TRI,2018-10-09,4838.007309797625
Nifty India Consumption TRI,2018-10-10,4960.564215088606
Nifty India Consumption TRI,2018-10-11,4885.955043204187
Nifty India Consumption TRI,2018-10-12,5048.1675586433985
Nifty India Consumption TRI,2018-10-15,5023.33183485672
Nifty India Consumption TRI,2018-10-16,5068.267605308192
Nifty India Consumption TRI,2018-10-17,5009.188594998889
Nifty India Consumption TRI,2018-10-19,4968.51471655031
Nifty India Consumption TRI,2018-10-22,4953.441622967697
Nifty India Consumption TRI,2018-10-23,4906.210976737075
Nifty India Consumption TRI,2018-10-24,4950.166573851207
Nifty India Consumption TRI,2018-10-25,4918.094423140298
Nifty India Consumption TRI,2018-10-26,4901.897113361604
Nifty India Consumption TRI,2018-10-29,4979.502378669067
Nifty India Consumption TRI,2018-10-30,4988.24969837347
Nifty India Consumption TRI,2018-10-31,5046.505278593413
Nifty India Consumption TRI,2018-11-01,5041.188836696138
Nifty India Consumption TRI,2018-11-02,5160.225959544691
Nifty India Consumption TRI,2018-11-05,5152.035617280629
Nifty India Consumption TRI,2018-11-06,5125.617561900566
Nifty India Consumption TRI,2018-11-07,5163.172090673508
Nifty India Consumption TRI,2018-11-09,5200.253501918041
Nifty India Consumption TRI,2018-11-12,5145.23034669214
Nifty India Consumption TRI,2018-11-13,5176.196817162674
Nifty India Consumption TRI,2018-11-14,5223.767816608771
Nifty India Consumption TRI,2018-11-15,5236.761903337325
Nifty India Consumption TRI,2018-11-16,5274.167431834982
Nifty India Consumption TRI,2018-11-19,5323.71753374514
Nifty India Consumption TRI,2018-11-20,5286.570651323401
Nifty India Consumption TRI,2018-11-21,5292.58610543566
Nifty India Consumption TRI,2018-11-22,5250.870894130614
Nifty India Consumption TRI,2018-11-26,5351.269501384018
Nifty India Consumption TRI,2018-11-27,5335.838645642438
Nifty India Consumption TRI,2018-11-28,5310.342058056982
Nifty India Consumption TRI,2018-11-29,5380.1092338309945
Nifty India Consumption TRI,2018-11-30,5415.887563597017
Nifty India Consumption TRI,2018-12-03,5435.716091632505
Nifty India Consumption TRI,2018-12-04,5400.534941497522
Nifty India Consumption TRI,2018-12-05,5357.594376818652
Nifty India Consumption TRI,2018-12-06,5251.875954118533
Nifty India Consumption TRI,2018-12-07,5309.886462174171
Nifty India Consumption TRI,2018-12-10,5230.773909432785
Nifty India Consumption TRI,2018-12-11,5289.947736659622
Nifty India Consumption TRI,2018-12-12,5419.067078580073
Nifty India Consumption TRI,2018-12-13,5470.106762562712
Nifty India Consumption TRI,2018-12-14,5494.899905641676
Nifty India Consumption TRI,2018-12-17,5513.315565242514
Nifty India Consumption TRI,2018-12-18,5528.646653948789
Nifty India Consumption TRI,2018-12-19,5598.08537322679
Nifty India Consumption TRI,2018-12-20,5582.100092790955
Nifty India Consumption TRI,2018-12-21,5467.471181513083
Nifty India Consumption TRI,2018-12-24,5402.869327574807
Nifty India Consumption TRI,2018-12-26,5428.962724399287
Nifty India Consumption TRI,2018-12-27,5456.628845132371
Nifty India Consumption TRI,2018-12-28,5497.786054090412
Nifty India Consumption TRI,2018-12-31,5494.29479230023
Nifty India Consumption TRI,2019-01-01,5469.928576077844
Nifty India Consumption TRI,2019-01-02,5397.045031347979
Nifty India Consumption TRI,2019-01-03,5377.29986725003
Nifty India Consumption TRI,2019-01-04,5382.72201208535
Nifty India Consumption TRI,2019-01-07,5400.147159006854
Nifty India Consumption TRI,2019-01-08,5395.380807007849
Nifty India Consumption TRI,2019-01-09,5424.2703129119855
Nifty India Consumption TRI,2019-01-10,5428.648394649237
Nifty India Consumption TRI,2019-01-11,5418.92467952172
Nifty India Consumption TRI,2019-01-14,5401.31889942987
Nifty India Consumption TRI,2019-01-15,5441.398874486927
Nifty India Consumption TRI,2019-01-16,5414.042846110241
Nifty India Consumption TRI,2019-01-17,5409.550901805476
Nifty India Consumption TRI,2019-01-18,5376.350790491832
Nifty India Consumption TRI,2019-01-21,5349.533074181215
Nifty India Consumption TRI,2019-01-22,5334.347274910305
Nifty India Consumption TRI,2019-01-23,5291.439358231624
Nifty India Consumption TRI,2019-01-24,5297.30296074662
Nifty India Consumption TRI,2019-01-25,5174.916084208551
Nifty India Consumption TRI,2019-01-28,5140.794229999328
Nifty India Consumption TRI,2019-01-29,5166.277350581618
Nifty India Consumption TRI,2019-01-30,5141.3230924731415
Nifty India Consumption TRI,2019-01-31,5199.2769959153775
Nifty India Consumption TRI,2019-02-01,5297.699226295441
Nifty India Consumption TRI,2019-02-04,5276.869417795016
Nifty India Consumption TRI,2019-02-05,5305.2302498124
Nifty India Consumption TRI,2019-02-06,5360.280010904235
Nifty India Consumption TRI,2019-02-07,5411.143250228356
Nifty India Consumption TRI,2019-02-08,5329.173414372633
Nifty India Consumption TRI,2019-02-11,5287.826638035874
Nifty India Consumption TRI,2019-02-12,5266.064223990471
Nifty India Consumption TRI,2019-02-14,5213.048258942447
Nifty India Consumption TRI,2019-02-15,5160.007657414609
Nifty India Consumption TRI,2019-02-18,5111.737402158053
Nifty India Consumption TRI,2019-02-19,5111.256104118239
Nifty India Consumption TRI,2019-02-20,5137.529860484041
Nifty India Consumption TRI,2019-02-21,5161.102604311045
Nifty India Consumption TRI,2019-02-22,5195.103635317783
Nifty India Consumption TRI,2019-02-25,5212.979398121845
Nifty India Consumption TRI,2019-02-26,5204.501412018943
Nifty India Consumption TRI,2019-02-27,5204.1886357292415
Nifty India Consumption TRI,2019-02-28,5195.598717932618
Nifty India Consumption TRI,2019-03-01,5217.359212122841
Nifty India Consumption TRI,2019-03-05,5280.186587738097
Nifty India Consumption TRI,2019-03-06,5282.360025709818
Nifty India Consumption TRI,2019-03-07,5284.69962524541
Nifty India Consumption TRI,2019-03-08,5284.113545057064
Nifty India Consumption TRI,2019-03-11,5391.2699693518025
Nifty India Consumption TRI,2019-03-12,5446.443763800122
Nifty India Consumption TRI,2019-03-13,5416.770069758056
Nifty India Consumption TRI,2019-03-14,5413.869648891453
Nifty India Consumption TRI,2019-03-15,5381.376655494351
Nifty India Consumption TRI,2019-03-18,5369.855629861461
Nifty India Consumption TRI,2019-03-19,5383.076720447276
Nifty India Consumption TRI,2019-03-20,5346.325365882432
Nifty India Consumption TRI,2019-03-22,5324.669028728381
Nifty India Consumption TRI,2019-03-25,5264.812590931657
Nifty India Consumption TRI,2019-03-26,5302.8879121535265
Nifty India Consumption TRI,2019-03-27,5273.083776892954
Nifty India Consumption TRI,2019-03-28,5321.877417702515
Nifty India Consumption TRI,2019-04-01,5358.538354694599
Nifty India Consumption TRI,2019-04-02,5354.58446159148
Nifty India Consumption TRI,2019-04-03,5333.282465006367
Nifty India Consumption TRI,2019-04-04,5359.327534604503
Nifty India Consumption TRI,2019-04-05,5345.483616414873
Nifty India Consumption TRI,2019-04-08,5338.314771637614
Nifty India Consumption TRI,2019-04-09,5351.875764923255
Nifty India Consumption TRI,2019-04-10,5333.828955922139
Nifty India Consumption TRI,2019-04-11,5359.77035232021
Nifty India Consumption TRI,2019-04-12,5406.16098497023
Nifty India Consumption TRI,2019-04-15,5425.305785854152
Nifty India Consumption TRI,2019-04-16,5475.40863995046
Nifty India Consumption TRI,2019-04-18,5454.293148693236
Nifty India Consumption TRI,2019-04-22,5401.051877058462
Nifty India Consumption TRI,2019-04-23,5371.3883143977655
Nifty India Consumption TRI,2019-04-24,5407.018312295749
Nifty India Consumption TRI,2019-04-25,5376.191432259466
Nifty India Consumption TRI,2019-04-26,5352.827337437143
Nifty India Consumption TRI,2019-04-30,5323.999099328628
Nifty India Consumption TRI,2019-05-02,5288.15164987081
Nifty India Consumption TRI,2019-05-03,5273.129567062499
Nifty India Consumption TRI,2019-05-06,5210.79956197004
Nifty India Consumption TRI,2019-05-07,5187.973590246211
Nifty India Consumption TRI,2019-05-08,5134.998477543633
Nifty India Consumption TRI,2019-05-09,5142.37134517127
Nifty India Consumption TRI,2019-05-10,5149.136429737982
Nifty India Consumption TRI,2019-05-13,5095.021392133328
Nifty India Consumption TRI,2019-05-14,5123.695127117744
Nifty India Consumption TRI,2019-05-15,5085.699132855907
Nifty India Consumption TRI,2019-05-16,5081.396827822198
Nifty India Consumption TRI,2019-05-17,5201.539261585454
Nifty India Consumption TRI,2019-05-20,5356.708059202067
Nifty India Consumption TRI,2019-05-21,5302.608190641009
Nifty India Consumption TRI,2019-05-22,5301.522928689269
Nifty India Consumption TRI,2019-05-23,5277.5245749221
Nifty India Consumption TRI,2019-05-24,5367.8157954154385
Nifty India Consumption TRI,2019-05-27,5373.311896858193
Nifty India Consumption TRI,2019-05-28,5356.397097921178
Nifty India Consumption TRI,2019-05-29,5315.788556614531
Nifty India Consumption TRI,2019-05-30,5319.464024900036
Nifty India Consumption TRI,2019-05-31,5325.077907007499
Nifty India Consumption TRI,2019-06-03,5438.700705465441
Nifty India Consumption TRI,2019-06-04,5395.428842378565
Nifty India Consumption TRI,2019-06-06,5367.127698377269
Nifty India Consumption TRI,2019-06-07,5368.701854690209
Nifty India Consumption TRI,2019-06-10,5409.366884165965
Nifty India Consumption TRI,2019-06-11,5414.653439368833
Nifty India Consumption TRI,2019-06-12,5388.924744148379
Nifty India Consumption TRI,2019-06-13,5389.44795510562
Nifty India Consumption TRI,2019-06-14,5323.339020383273
Nifty India Consumption TRI,2019-06-17,5252.8887577309215
Nifty India Consumption TRI,2019-06-18,5231.2488896401555
Nifty India Consumption TRI,2019-06-19,5208.332902800273
Nifty India Consumption TRI,2019-06-20,5276.215672340036
Nifty India Consumption TRI,2019-06-21,5228.867169629019
Nifty India Consumption TRI,2019-06-24,5235.073600250573
Nifty India Consumption TRI,2019-06-25,5257.090302008458
Nifty India Consumption TRI,2019-06-26,5246.304843050435
Nifty India Consumption TRI,2019-06-27,5268.655750332415
Nifty India Consumption TRI,2019-06-28,5270.559728777158
Nifty India Consumption TRI,2019-07-01,5296.05848261378
Nifty India Consumption TRI,2019-07-02,5313.260814834171
Nifty India Consumption TRI,2019-07-03,5328.85680950182
Nifty India Consumption TRI,2019-07-04,5332.038539275324
Nifty India Consumption TRI,2019-07-05,5276.797967828642
Nifty India Consumption TRI,2019-07-08,5171.08877911571
Nifty India Consumption TRI,2019-07-09,5116.943414323831
Nifty India Consumption TRI,2019-07-10,5070.721872474905
Nifty India Consumption TRI,2019-07-11,5115.75308827211
Nifty India Consumption TRI,2019-07-12,5115.268575781694
Nifty India Consumption TRI,2019-07-15,5110.654649620813
Nifty India Consumption TRI,2019-07-16,5149.928119748731
Nifty India Consumption TRI,2019-07-17,5160.479451864625
Nifty India Consumption TRI,2019-07-18,5102.379357180794
Nifty India Consumption TRI,2019-07-19,5012.498094043245
Nifty India Consumption TRI,2019-07-22,5016.690736091198
Nifty India Consumption TRI,2019-07-23,5031.73250011461
Nifty India Consumption TRI,2019-07-24,5016.7682241479315
Nifty India Consumption TRI,2019-07-25,5020.60632793008
Nifty India Consumption TRI,2019-07-26,5069.376188019493
Nifty India Consumption TRI,2019-07-29,4995.187476701103
Nifty India Consumption TRI,2019-07-30,4963.242054785706
Nifty India Consumption TRI,2019-07-31,4980.117411720501
Nifty India Consumption TRI,2019-08-01,4954.938106910708
Nifty India Consumption TRI,2019-08-02,5005.8812272147925
Nifty India Consumption TRI,2019-08-05,4982.718012485383
Nifty India Consumption TRI,2019-08-06,5036.055339712368
Nifty India Consumption TRI,2019-08-07,5005.1568743095695
Nifty India Consumption TRI,2019-08-08,5080.53070170201
Nifty India Consumption TRI,2019-08-09,5130.991677152345
Nifty India Consumption TRI,2019-08-13,5011.658405167507
Nifty India Consumption TRI,2019-08-14,5063.513526026249
Nifty India Consumption TRI,2019-08-16,5100.398127056826
Nifty India Consumption TRI,2019-08-19,5097.164172104293
Nifty India Consumption TRI,2019-08-20,5108.1148570638725
Nifty India Consumption TRI,2019-08-21,5069.26410870257
Nifty India Consumption TRI,2019-08-22,5040.960032386161
Nifty India Consumption TRI,2019-08-23,5075.397490957083
Nifty India Consumption TRI,2019-08-26,5145.73872307301
Nifty India Consumption TRI,2019-08-27,5171.077085675559
Nifty India Consumption TRI,2019-08-28,5133.440238730487
Nifty India Consumption TRI,2019-08-29,5126.569003815549
Nifty India Consumption TRI,2019-08-30,5190.453101996983
Nifty India Consumption TRI,2019-09-03,5082.148965381366
Nifty India Consumption TRI,2019-09-04,5042.278200037577
Nifty India Consumption TRI,2019-09-05,5071.953764790042
Nifty India Consumption TRI,2019-09-06,5115.630824974714
Nifty India Consumption TRI,2019-09-09,5168.454575798157
Nifty India Consumption TRI,2019-09-11,5214.881182007971
Nifty India Consumption TRI,2019-09-12,5161.946110795307
Nifty India Consumption TRI,2019-09-13,5183.299277103959
Nifty India Consumption TRI,2019-09-16,5180.459493047379
Nifty India Consumption TRI,2019-09-17,5110.229857063455
Nifty India Consumption TRI,2019-09-18,5123.5822715800405
Nifty India Consumption TRI,2019-09-19,5078.967565938407
Nifty India Consumption TRI,2019-09-20,5418.464694351619
Nifty India Consumption TRI,2019-09-23,5579.183074871222
Nifty India Consumption TRI,2019-09-24,5576.100456650033
Nifty India Consumption TRI,2019-09-25,5468.842104041763
Nifty India Consumption TRI,2019-09-26,5541.639055640666
Nifty India Consumption TRI,2019-09-27,5512.314273277434
Nifty India Consumption TRI,2019-09-30,5511.231097503258
Nifty India Consumption TRI,2019-10-01,5462.218320662868
Nifty India Consumption TRI,2019-10-03,5441.363119190476
Nifty India Consumption TRI,2019-10-04,5367.152431335077
Nifty India Consumption TRI,2019-10-07,5362.827956558502
Nifty India Consumption TRI,2019-10-09,5414.598157780963
Nifty India Consumption TRI,2019-10-10,5406.835600279999
Nifty India Consumption TRI,2019-10-11,5441.734871788942
Nifty India Consumption TRI,2019-10-14,5487.425855603696
Nifty India Consumption TRI,2019-10-15,5543.527479995325
Nifty India Consumption TRI,2019-10-16,5536.60280816644
Nifty India Consumption TRI,2019-10-17,5626.14610010649
Nifty India Consumption TRI,2019-10-18,5661.0611765094945
Nifty India Consumption TRI,2019-10-22,5666.925851575479
Nifty India Consumption TRI,2019-10-23,5686.657487942063
Nifty India Consumption TRI,2019-10-24,5685.46740876291
Nifty India Consumption TRI,2019-10-25,5656.452688699382
Nifty India Consumption TRI,2019-10-29,5705.396135227629
Nifty India Consumption TRI,2019-10-30,5738.325244760633
Nifty India Consumption TRI,2019-10-31,5755.059569358986
Nifty India Consumption TRI,2019-11-01,5753.370332163363
Nifty India Consumption TRI,2019-11-04,5714.177549703948
Nifty India Consumption TRI,2019-11-05,5717.38605999133
Nifty India Consumption TRI,2019-11-06,5679.842250984365
Nifty India Consumption TRI,2019-11-07,5704.706887041985
Nifty India Consumption TRI,2019-11-08,5643.998144562516
Nifty India Consumption TRI,2019-11-11,5611.911707507831
Nifty India Consumption TRI,2019-11-13,5598.164037205119
Nifty India Consumption TRI,2019-11-14,5583.3815906086775
Nifty India Consumption TRI,2019-11-15,5588.0342727741545
Nifty India Consumption TRI,2019-11-18,5572.0857476204155
Nifty India Consumption TRI,2019-11-19,5568.049396522792
Nifty India Consumption TRI,2019-11-20,5587.351391311304
Nifty India Consumption TRI,2019-11-21,5553.069607337664
Nifty India Consumption TRI,2019-11-22,5525.023830060581
Nifty India Consumption TRI,2019-11-25,5620.317234355708
Nifty India Consumption TRI,2019-11-26,5563.077022013109
Nifty India Consumption TRI,2019-11-27,5605.114805761059
Nifty India Consumption TRI,2019-11-28,5606.984502688795
Nifty India Consumption TRI,2019-11-29,5566.00695102633
Nifty India Consumption TRI,2019-12-02,5575.84796825694
Nifty India Consumption TRI,2019-12-03,5542.219418421733
Nifty India Consumption TRI,2019-12-04,5549.715543129174
Nifty India Consumption TRI,2019-12-05,5534.642149422912
Nifty India Consumption TRI,2019-12-06,5472.418242749471
Nifty India Consumption TRI,2019-12-09,5471.270635886
Nifty India Consumption TRI,2019-12-10,5426.036265649372
Nifty India Consumption TRI,2019-12-11,5438.658975659211
Nifty India Consumption TRI,2019-12-12,5460.535253554014
Nifty India Consumption TRI,2019-12-13,5476.1699990749285
Nifty India Consumption TRI,2019-12-16,5420.330334874498
Nifty India Consumption TRI,2019-12-17,5457.096635707987
Nifty India Consumption TRI,2019-12-18,5486.059220189507
Nifty India Consumption TRI,2019-12-19,5520.32080299257
Nifty India Consumption TRI,2019-12-20,5538.526745227004
Nifty India Consumption TRI,2019-12-23,5546.753762216884
Nifty India Consumption TRI,2019-12-24,5546.281141958277
Nifty India Consumption TRI,2019-12-26,5519.735472674987
Nifty India Consumption TRI,2019-12-27,5552.8368658609725
Nifty India Consumption TRI,2019-12-30,5575.347621804494
Nifty India Consumption TRI,2019-12-31,5529.692607384676
Nifty India Consumption TRI,2020-01-01,5526.262255646476
Nifty India Consumption TRI,2020-01-02,5533.542492980048
Nifty India Consumption TRI,2020-01-03,5490.7260558188755
Nifty India Consumption TRI,2020-01-06,5407.675294745544
Nifty India Consumption TRI,2020-01-07,5422.763334433501
Nifty India Consumption TRI,2020-01-08,5428.702616717223
Nifty India Consumption TRI,2020-01-09,5509.021540017108
Nifty India Consumption TRI,2020-01-10,5537.228485061951
Nifty India Consumption TRI,2020-01-13,5590.218165512003
Nifty India Consumption TRI,2020-01-14,5640.476392037189
Nifty India Consumption TRI,2020-01-15,5685.324419128126
Nifty India Consumption TRI,2020-01-16,5713.208884933643
Nifty India Consumption TRI,2020-01-17,5761.522714156741
Nifty India Consumption TRI,2020-01-20,5750.467803408075
Nifty India Consumption TRI,2020-01-21,5702.440262692626
Nifty India Consumption TRI,2020-01-22,5694.212635713147
Nifty India Consumption TRI,2020-01-23,5728.189029984551
Nifty India Consumption TRI,2020-01-24,5770.5977005720315
Nifty India Consumption TRI,2020-01-27,5739.6634945072265
Nifty India Consumption TRI,2020-01-28,5675.8782127049935
Nifty India Consumption TRI,2020-01-29,5718.404282413143
Nifty India Consumption TRI,2020-01-30,5665.111592932269
Nifty India Consumption TRI,2020-01-31,5653.752467380667
Nifty India Consumption TRI,2020-02-03,5660.607403913501
Nifty India Consumption TRI,2020-02-04,5741.064410579329
Nifty India Consumption TRI,2020-02-05,5758.916498942899
Nifty India Consumption TRI,2020-02-06,5762.695036368327
Nifty India Consumption TRI,2020-02-07,5765.133068934364
Nifty India Consumption TRI,2020-02-10,5707.64819277035
Nifty India Consumption TRI,2020-02-11,5705.279962181201
Nifty India Consumption TRI,2020-02-12,5773.1357610943005
Nifty India Consumption TRI,2020-02-13,5779.54104430824
Nifty India Consumption TRI,2020-02-14,5754.268953090231
Nifty India Consumption TRI,2020-02-17,5735.434206032592
Nifty India Consumption TRI,2020-02-18,5701.272155545774
Nifty India Consumption TRI,2020-02-19,5763.053443067197
Nifty India Consumption TRI,2020-02-20,5743.196006155129
Nifty India Consumption TRI,2020-02-24,5625.130938087315
Nifty India Consumption TRI,2020-02-25,5614.319091607329
Nifty India Consumption TRI,2020-02-26,5572.317923151988
Nifty India Consumption TRI,2020-02-27,5566.8135152488285
Nifty India Consumption TRI,2020-02-28,5441.296983136281
Nifty India Consumption TRI,2020-03-02,5396.648089551773
Nifty India Consumption TRI,2020-03-03,5454.086399151148
Nifty India Consumption TRI,2020-03-04,5447.234602137998
Nifty India Consumption TRI,2020-03-05,5491.707643510781
Nifty India Consumption TRI,2020-03-06,5414.352562816214
Nifty India Consumption TRI,2020-03-09,5233.139812489721
Nifty India Consumption TRI,2020-03-11,5228.756628116762
Nifty India Consumption TRI,2020-03-12,4885.6281096471575
Nifty India Consumption TRI,2020-03-13,4934.959428858307
Nifty India Consumption TRI,2020-03-16,4653.142297870447
Nifty India Consumption TRI,2020-03-17,4650.565903160796
Nifty India Consumption TRI,2020-03-18,4446.17530796553
Nifty India Consumption TRI,2020-03-19,4348.107112229582
Nifty India Consumption TRI,2020-03-20,4600.769798991927
Nifty India Consumption TRI,2020-03-23,4078.8429683856916
Nifty India Consumption TRI,2020-03-24,4148.585555117504
Nifty India Consumption TRI,2020-03-25,4308.0189751386915
Nifty India Consumption TRI,2020-03-26,4507.412901750322
Nifty India Consumption TRI,2020-03-27,4461.467095616235
Nifty India Consumption TRI,2020-03-30,4391.711985767207
Nifty India Consumption TRI,2020-03-31,4561.932405695834
Nifty India Consumption TRI,2020-04-01,4428.230419763702
Nifty India Consumption TRI,2020-04-03,4387.967663730915
Nifty India Consumption TRI,2020-04-07,4772.239559503589
Nifty India Consumption TRI,2020-04-08,4798.829448431707
Nifty India Consumption TRI,2020-04-09,4993.2452788445835
Nifty India Consumption TRI,2020-04-13,4933.373984290341
Nifty India Consumption TRI,2020-04-15,5001.02370975868
Nifty India Consumption TRI,2020-04-16,4989.553670609613
Nifty India Consumption TRI,2020-04-17,5007.872570704349
Nifty India Consumption TRI,2020-04-20,4926.698940034869
Nifty India Consumption TRI,2020-04-21,4867.790557640162
Nifty India Consumption TRI,2020-04-22,4985.908401628198
Nifty India Consumption TRI,2020-04-23,4956.457098679399
Nifty India Consumption TRI,2020-04-24,4926.387832749463
Nifty India Consumption TRI,2020-04-27,4986.005635652886
Nifty India Consumption TRI,2020-04-28,4948.707357188922
Nifty India Consumption TRI,2020-04-29,4954.259899474198
Nifty India Consumption TRI,2020-04-30,5051.966217441574
Nifty India Consumption TRI,2020-05-04,4854.340966588837
Nifty India Consumption TRI,2020-05-05,4787.500727840318
Nifty India Consumption TRI,2020-05-06,4777.4162493943195
Nifty India Consumption TRI,2020-05-07,4697.736507759872
Nifty India Consumption TRI,2020-05-08,4725.5283467684685
Nifty India Consumption TRI,2020-05-11,4778.373229348571
Nifty India Consumption TRI,2020-05-12,4814.746461870515
Nifty India Consumption TRI,2020-05-13,4846.862979597584
Nifty India Consumption TRI,2020-05-14,4831.621170154178
Nifty India Consumption TRI,2020-05-15,4841.488576437338
Nifty India Consumption TRI,2020-05-18,4709.486249890637
Nifty India Consumption TRI,2020-05-19,4805.960240822023
Nifty India Consumption TRI,2020-05-20,4876.148722076362
Nifty India Consumption TRI,2020-05-21,4972.635965849349
Nifty India Consumption TRI,2020-05-22,4979.315007826959
Nifty India Consumption TRI,2020-05-26,4978.617589990062
Nifty India Consumption TRI,2020-05-27,4993.48509836873
Nifty India Consumption TRI,2020-05-28,5082.429556400336
Nifty India Consumption TRI,2020-05-29,5171.548422733508
Nifty India Consumption TRI,2020-06-01,5276.6932408411385
Nifty India Consumption TRI,2020-06-02,5289.723688801195
Nifty India Consumption TRI,2020-06-03,5301.5768815736365
Nifty India Consumption TRI,2020-06-04,5321.059430694163
Nifty India Consumption TRI,2020-06-05,5356.528926396667
Nifty India Consumption TRI,2020-06-08,5333.424466988123
Nifty India Consumption TRI,2020-06-09,5297.372407789378
Nifty India Consumption TRI,2020-06-10,5272.3140301763815
Nifty India Consumption TRI,2020-06-11,5183.239928111127
Nifty India Consumption TRI,2020-06-12,5245.139325736082
Nifty India Consumption TRI,2020-06-15,5168.149601083451
Nifty India Consumption TRI,2020-06-16,5163.787391085438
Nifty India Consumption TRI,2020-06-17,5169.188628642034
Nifty India Consumption TRI,2020-06-18,5194.5119371847995
Nifty India Consumption TRI,2020-06-19,5238.9176386792515
Nifty India Consumption TRI,2020-06-22,5296.328365736878
Nifty India Consumption TRI,2020-06-23,5359.547142263447
Nifty India Consumption TRI,2020-06-24,5348.061328274114
Nifty India Consumption TRI,2020-06-25,5385.91491481096
Nifty India Consumption TRI,2020-06-26,5355.287961281461
Nifty India Consumption TRI,2020-06-29,5363.379007224666
Nifty India Consumption TRI,2020-06-30,5382.263607569718
Nifty India Consumption TRI,2020-07-01,5382.622262407838
Nifty India Consumption TRI,2020-07-02,5443.786670847759
Nifty India Consumption TRI,2020-07-03,5492.602460304197
Nifty India Consumption TRI,2020-07-06,5549.170024709142
Nifty India Consumption TRI,2020-07-07,5548.35557842845
Nifty India Consumption TRI,2020-07-08,5500.480932777555
Nifty India Consumption TRI,2020-07-09,5511.008949404197
Nifty India Consumption TRI,2020-07-10,5506.991752457937
Nifty India Consumption TRI,2020-07-13,5551.554727921601
Nifty India Consumption TRI,2020-07-14,5487.943203273703
Nifty India Consumption TRI,2020-07-15,5480.722585808842
Nifty India Consumption TRI,2020-07-16,5502.262159260086
Nifty India Consumption TRI,2020-07-17,5561.159644835073
Nifty India Consumption TRI,2020-07-20,5601.806585611189
Nifty India Consumption TRI,2020-07-21,5583.295862338587
Nifty India Consumption TRI,2020-07-22,5563.210204913976
Nifty India Consumption TRI,2020-07-23,5604.648380158201
Nifty India Consumption TRI,2020-07-24,5555.2878259672425
Nifty India Consumption TRI,2020-07-27,5544.750726787273
Nifty India Consumption TRI,2020-07-28,5602.323609366577
Nifty India Consumption TRI,2020-07-29,5577.120274160657
Nifty India Consumption TRI,2020-07-30,5547.980540269839
Nifty India Consumption TRI,2020-07-31,5559.07975865115
Nifty India Consumption TRI,2020-08-03,5523.358869391352
Nifty India Consumption TRI,2020-08-04,5584.2058657375
Nifty India Consumption TRI,2020-08-05,5621.053639842534
Nifty India Consumption TRI,2020-08-06,5649.6974244984
Nifty India Consumption TRI,2020-08-07,5686.831739607452
Nifty India Consumption TRI,2020-08-10,5699.578966189436
Nifty India Consumption TRI,2020-08-11,5701.017575792516
Nifty India Consumption TRI,2020-08-12,5704.929925524451
Nifty India Consumption TRI,2020-08-13,5727.6797057765525
Nifty India Consumption TRI,2020-08-14,5658.043640587195
Nifty India Consumption TRI,2020-08-17,5731.020596978308
Nifty India Consumption TRI,2020-08-18,5790.442437630589
Nifty India Consumption TRI,2020-08-19,5809.37522476162
Nifty India Consumption TRI,2020-08-20,5788.489683865795
Nifty India Consumption TRI,2020-08-21,5820.359984874159
Nifty India Consumption TRI,2020-08-24,5835.827858376613
Nifty India Consumption TRI,2020-08-25,5840.70308507694
Nifty India Consumption TRI,2020-08-26,5839.390649099887
Nifty India Consumption TRI,2020-08-27,5849.273383511828
Nifty India Consumption TRI,2020-08-28,5835.471640538843
Nifty India Consumption TRI,2020-08-31,5683.67056122817
Nifty India Consumption TRI,2020-09-01,5773.8979295891795
Nifty India Consumption TRI,2020-09-02,5804.149149262033
Nifty India Consumption TRI,2020-09-03,5856.461182554856
Nifty India Consumption TRI,2020-09-04,5775.410643346787
Nifty India Consumption TRI,2020-09-07,5785.084534163665
Nifty India Consumption TRI,2020-09-08,5737.619493251188
Nifty India Consumption TRI,2020-09-09,5744.576283073141
Nifty India Consumption TRI,2020-09-10,5773.709279496153
Nifty India Consumption TRI,2020-09-11,5786.409144482666
Nifty India Consumption TRI,2020-09-14,5763.042722049963
Nifty India Consumption TRI,2020-09-15,5762.40210717767
Nifty India Consumption TRI,2020-09-16,5793.963055216769
Nifty India Consumption TRI,2020-09-17,5782.175965080831
Nifty India Consumption TRI,2020-09-18,5794.597721429051
Nifty India Consumption TRI,2020-09-21,5604.559603462954
Nifty India Consumption TRI,2020-09-22,5533.5278197377165
Nifty India Consumption TRI,2020-09-23,5508.383879694259
Nifty India Consumption TRI,2020-09-24,5412.340790493204
Nifty India Consumption TRI,2020-09-25,5540.083983681409
Nifty India Consumption TRI,2020-09-28,5630.277572177294
Nifty India Consumption TRI,2020-09-29,5598.485213987208
Nifty India Consumption TRI,2020-09-30,5638.110146370764
Nifty India Consumption TRI,2020-10-01,5686.074593126609
Nifty India Consumption TRI,2020-10-05,5670.090925208253
Nifty India Consumption TRI,2020-10-06,5706.346586067508
Nifty India Consumption TRI,2020-10-07,5744.858330491816
Nifty India Consumption TRI,2020-10-08,5752.216797199658
Nifty India Consumption TRI,2020-10-09,5728.531475329894
Nifty India Consumption TRI,2020-10-12,5721.419433694649
Nifty India Consumption TRI,2020-10-13,5684.54349632182
Nifty India Consumption TRI,2020-10-14,5682.208675809405
Nifty India Consumption TRI,2020-10-15,5616.757090187086
Nifty India Consumption TRI,2020-10-16,5622.985379118795
Nifty India Consumption TRI,2020-10-19,5645.901653579448
Nifty India Consumption TRI,2020-10-20,5670.73251827148
Nifty India Consumption TRI,2020-10-21,5647.259309418788
Nifty India Consumption TRI,2020-10-22,5649.488044968816
Nifty India Consumption TRI,2020-10-23,5711.300179483422
Nifty India Consumption TRI,2020-10-26,5643.7478272167145
Nifty India Consumption TRI,2020-10-27,5740.748028513456
Nifty India Consumption TRI,2020-10-28,5739.259640032215
Nifty India Consumption TRI,2020-10-29,5711.497343923096
Nifty India Consumption TRI,2020-10-30,5654.074762096964
Nifty India Consumption TRI,2020-11-02,5670.125699588779
Nifty India Consumption TRI,2020-11-03,5691.75516545741
Nifty India Consumption TRI,2020-11-04,5727.145952635179
Nifty India Consumption TRI,2020-11-05,5826.380129954319
Nifty India Consumption TRI,2020-11-06,5811.414898528151
Nifty India Consumption TRI,2020-11-09,5886.089720974003
Nifty India Consumption TRI,2020-11-10,5870.617131996449
Nifty India Consumption TRI,2020-11-11,5931.407076868421
Nifty India Consumption TRI,2020-11-12,5962.247311714674
Nifty India Consumption TRI,2020-11-13,5969.50964691276
Nifty India Consumption TRI,2020-11-17,6011.540627426269
Nifty India Consumption TRI,2020-11-18,6009.32718406953
Nifty India Consumption TRI,2020-11-19,5990.580935152167
Nifty India Consumption TRI,2020-11-20,6070.692170662233
Nifty India Consumption TRI,2020-11-23,6080.478306927206
Nifty India Consumption TRI,2020-11-24,6120.761380898541
Nifty India Consumption TRI,2020-11-25,6021.932886198619
Nifty India Consumption TRI,2020-11-26,6059.90244070762
Nifty India Consumption TRI,2020-11-27,6084.668077127201
Nifty India Consumption TRI,2020-12-01,6141.525188429458
Nifty India Consumption TRI,2020-12-02,6214.280414982498
Nifty India Consumption TRI,2020-12-03,6280.605049969661
Nifty India Consumption TRI,2020-12-04,6365.564683498447
Nifty India Consumption TRI,2020-12-07,6432.071959467793
Nifty India Consumption TRI,2020-12-08,6425.637034826287
Nifty India Consumption TRI,2020-12-09,6460.758793009275
Nifty India Consumption TRI,2020-12-10,6530.4970098675285
Nifty India Consumption TRI,2020-12-11,6552.806641828438
Nifty India Consumption TRI,2020-12-14,6553.10642657778
Nifty India Consumption TRI,2020-12-15,6536.903930518592
Nifty India Consumption TRI,2020-12-16,6615.977874132428
Nifty India Consumption TRI,2020-12-17,6589.270867328327
Nifty India Consumption TRI,2020-12-18,6608.933841036728
Nifty India Consumption TRI,2020-12-21,6404.866808953082
Nifty India Consumption TRI,2020-12-22,6469.152933518328
Nifty India Consumption TRI,2020-12-23,6561.519567225113
Nifty India Consumption TRI,2020-12-24,6589.942217208552
Nifty India Consumption TRI,2020-12-28,6634.945811231289
Nifty India Consumption TRI,2020-12-29,6630.377625223239
Nifty India Consumption TRI,2020-12-30,6669.770478578328
Nifty India Consumption TRI,2020-12-31,6682.268637681783
Nifty India Consumption TRI,2021-01-04,6753.067164991766
Nifty India Consumption TRI,2021-01-05,6777.495462601122
Nifty India Consumption TRI,2021-01-06,6757.331728790704
Nifty India Consumption TRI,2021-01-07,6754.970358921168
Nifty India Consumption TRI,2021-01-08,6864.356922641331
Nifty India Consumption TRI,2021-01-11,6940.665564911985
Nifty India Consumption TRI,2021-01-12,6904.560657949089
Nifty India Consumption TRI,2021-01-13,6926.1750220981285
Nifty India Consumption TRI,2021-01-14,6938.970447406825
Nifty India Consumption TRI,2021-01-15,6890.367556397787
Nifty India Consumption TRI,2021-01-18,6834.215249111939
Nifty India Consumption TRI,2021-01-19,6908.475521394585
Nifty India Consumption TRI,2021-01-20,6954.353962644942
Nifty India Consumption TRI,2021-01-21,6936.447094719109
Nifty India Consumption TRI,2021-01-25,6885.7348900150255
Nifty India Consumption TRI,2021-01-27,6813.483178374004
Nifty India Consumption TRI,2021-01-28,6759.988575439831
Nifty India Consumption TRI,2021-01-29,6582.1587999884805
Nifty India Consumption TRI,2021-02-01,6765.810349803332
Nifty India Consumption TRI,2021-02-02,6860.131629323681
Nifty India Consumption TRI,2021-02-03,6884.532177831074
Nifty India Consumption TRI,2021-02-04,6961.890987776009
Nifty India Consumption TRI,2021-02-05,6909.857281275138
Nifty India Consumption TRI,2021-02-08,6983.07704360202
Nifty India Consumption TRI,2021-02-09,6979.6457849683575
Nifty India Consumption TRI,2021-02-10,6985.947821824571
Nifty India Consumption TRI,2021-02-11,7011.54786053772
Nifty India Consumption TRI,2021-02-12,6919.661299569976
Nifty India Consumption TRI,2021-02-16,6949.1671130488785
Nifty India Consumption TRI,2021-02-18,6880.033530712241
Nifty India Consumption TRI,2021-02-19,6795.817943464102
Nifty India Consumption TRI,2021-02-22,6676.291630937612
Nifty India Consumption TRI,2021-02-23,6688.926248147186
Nifty India Consumption TRI,2021-02-24,6724.662242951443
Nifty India Consumption TRI,2021-02-25,6739.904288888714
Nifty India Consumption TRI,2021-02-26,6553.856997522387
Nifty India Consumption TRI,2021-03-01,6627.545751904355
Nifty India Consumption TRI,2021-03-02,6771.166847276447
Nifty India Consumption TRI,2021-03-03,6798.023237878469
Nifty India Consumption TRI,2021-03-04,6793.562591616488
Nifty India Consumption TRI,2021-03-05,6752.0626983838465
Nifty India Consumption TRI,2021-03-08,6723.55154882626
Nifty India Consumption TRI,2021-03-09,6727.811357907494
Nifty India Consumption TRI,2021-03-10,6770.136999472795
Nifty India Consumption TRI,2021-03-12,6696.517991974278
Nifty India Consumption TRI,2021-03-15,6658.022510025782
Nifty India Consumption TRI,2021-03-16,6715.312502218912
Nifty India Consumption TRI,2021-03-17,6633.33623185656
Nifty India Consumption TRI,2021-03-18,6635.327657531041
Nifty India Consumption TRI,2021-03-19,6705.371710476309
Nifty India Consumption TRI,2021-03-22,6751.532438418284
Nifty India Consumption TRI,2021-03-23,6762.765756030768
Nifty India Consumption TRI,2021-03-24,6665.9227021756815
Nifty India Consumption TRI,2021-03-25,6503.611616419449
Nifty India Consumption TRI,2021-03-26,6635.958044002594
Nifty India Consumption TRI,2021-03-30,6739.044845440458
Nifty India Consumption TRI,2021-03-31,6756.96933880322
Nifty India Consumption TRI,2021-04-01,6785.496765839599
Nifty India Consumption TRI,2021-04-05,6675.158755926005
Nifty India Consumption TRI,2021-04-06,6734.24921546494
Nifty India Consumption TRI,2021-04-07,6814.3235573308
Nifty India Consumption TRI,2021-04-08,6856.015437986831
Nifty India Consumption TRI,2021-04-09,6873.609683501831
Nifty India Consumption TRI,2021-04-12,6656.905095305196
Nifty India Consumption TRI,2021-04-13,6739.659309807291
Nifty India Consumption TRI,2021-04-15,6736.449323937752
Nifty India Consumption TRI,2021-04-16,6796.300569857931
Nifty India Consumption TRI,2021-04-19,6679.825388154633
Nifty India Consumption TRI,2021-04-20,6694.130595031561
Nifty India Consumption TRI,2021-04-22,6652.055051039057
Nifty India Consumption TRI,2021-04-23,6602.590961189077
Nifty India Consumption TRI,2021-04-26,6652.882465146409
Nifty India Consumption TRI,2021-04-27,6694.085596562217
Nifty India Consumption TRI,2021-04-28,6753.39265205333
Nifty India Consumption TRI,2021-04-29,6716.2356039955
Nifty India Consumption TRI,2021-04-30,6624.71194348256
Nifty India Consumption TRI,2021-05-03,6686.935874151528
Nifty India Consumption TRI,2021-05-04,6630.8701971103
Nifty India Consumption TRI,2021-05-06,6713.24445436317
Nifty India Consumption TRI,2021-05-07,6722.393064593538
Nifty India Consumption TRI,2021-05-10,6742.9751140357575
Nifty India Consumption TRI,2021-05-12,6710.3539803511985
Nifty India Consumption TRI,2021-05-14,6791.450738461796
Nifty India Consumption TRI,2021-05-17,6808.297631019785
Nifty India Consumption TRI,2021-05-18,6892.862921342534
Nifty India Consumption TRI,2021-05-19,6878.569075724617
Nifty India Consumption TRI,2021-05-21,6891.379170502778
Nifty India Consumption TRI,2021-05-24,6882.454941360438
Nifty India Consumption TRI,2021-05-26,6982.910179466735
Nifty India Consumption TRI,2021-05-27,6984.122867872107
Nifty India Consumption TRI,2021-05-28,6996.526186782878
Nifty India Consumption TRI,2021-06-01,7039.215825312654
Nifty India Consumption TRI,2021-06-02,7035.7152320915275
Nifty India Consumption TRI,2021-06-03,7125.336015359622
Nifty India Consumption TRI,2021-06-04,7100.815416722716
Nifty India Consumption TRI,2021-06-07,7131.912648118174
Nifty India Consumption TRI,2021-06-08,7173.705271050061
Nifty India Consumption TRI,2021-06-09,7147.931111928585
Nifty India Consumption TRI,2021-06-10,7172.336805057666
Nifty India Consumption TRI,2021-06-11,7161.906061342703
Nifty India Consumption TRI,2021-06-14,7161.927105946472
Nifty India Consumption TRI,2021-06-15,7227.148894041644
Nifty India Consumption TRI,2021-06-16,7206.65697364218
Nifty India Consumption TRI,2021-06-17,7181.90025992806
Nifty India Consumption TRI,2021-06-18,7193.921567393809
Nifty India Consumption TRI,2021-06-21,7202.41651620591
Nifty India Consumption TRI,2021-06-22,7207.447219167583
Nifty India Consumption TRI,2021-06-23,7204.404530853842
Nifty India Consumption TRI,2021-06-24,7222.342086056436
Nifty India Consumption TRI,2021-06-25,7228.625043505156
Nifty India Consumption TRI,2021-06-28,7224.671584631309
Nifty India Consumption TRI,2021-06-29,7211.108115941753
Nifty India Consumption TRI,2021-06-30,7200.046207658184
Nifty India Consumption TRI,2021-07-01,7245.571204934591
Nifty India Consumption TRI,2021-07-02,7254.756859871692
Nifty India Consumption TRI,2021-07-06,7274.440528911159
Nifty India Consumption TRI,2021-07-07,7301.718002065765
Nifty India Consumption TRI,2021-07-08,7259.595627040862
Nifty India Consumption TRI,2021-07-09,7260.8762360804585
Nifty India Consumption TRI,2021-07-12,7259.655253460842
Nifty India Consumption TRI,2021-07-13,7253.198273079599
Nifty India Consumption TRI,2021-07-14,7244.294291104345
Nifty India Consumption TRI,2021-07-15,7236.811634107094
Nifty India Consumption TRI,2021-07-16,7258.747848584217
Nifty India Consumption TRI,2021-07-19,7231.973861098827
Nifty India Consumption TRI,2021-07-20,7251.4653606518095
Nifty India Consumption TRI,2021-07-22,7306.901086902772
Nifty India Consumption TRI,2021-07-23,7323.38079353676
Nifty India Consumption TRI,2021-07-26,7316.017892312091
Nifty India Consumption TRI,2021-07-27,7292.937389769266
Nifty India Consumption TRI,2021-07-28,7295.07377019914
Nifty India Consumption TRI,2021-07-29,7250.927162531373
Nifty India Consumption TRI,2021-07-30,7255.681348365911
Nifty India Consumption TRI,2021-08-02,7315.437649776884
Nifty India Consumption TRI,2021-08-03,7438.229236113077
Nifty India Consumption TRI,2021-08-04,7376.027848584067
Nifty India Consumption TRI,2021-08-05,7407.322651644609
Nifty India Consumption TRI,2021-08-06,7414.873456108545
Nifty India Consumption TRI,2021-08-09,7408.3704973934055
Nifty India Consumption TRI,2021-08-10,7418.713295309668
Nifty India Consumption TRI,2021-08-11,7392.662262901276
Nifty India Consumption TRI,2021-08-12,7407.846575836081
Nifty India Consumption TRI,2021-08-13,7451.5115342006975
Nifty India Consumption TRI,2021-08-16,7449.567874224317
Nifty India Consumption TRI,2021-08-17,7534.256289150086
Nifty India Consumption TRI,2021-08-18,7550.24656774194
Nifty India Consumption TRI,2021-08-20,7611.058181596221
Nifty India Consumption TRI,2021-08-23,7580.2989082326485
Nifty India Consumption TRI,2021-08-24,7580.795120662259
Nifty India Consumption TRI,2021-08-25,7568.697707263702
Nifty India Consumption TRI,2021-08-26,7555.687885734704
Nifty India Consumption TRI,2021-08-27,7591.913886359949
Nifty India Consumption TRI,2021-08-30,7723.804192202281
Nifty India Consumption TRI,2021-08-31,7871.980470234631
Nifty India Consumption TRI,2021-09-01,7924.468842936067
Nifty India Consumption TRI,2021-09-02,7983.857630164148
Nifty India Consumption TRI,2021-09-03,8003.121346078858
Nifty India Consumption TRI,2021-09-06,8001.461873274691
Nifty India Consumption TRI,2021-09-07,8033.955221362111
Nifty India Consumption TRI,2021-09-08,8043.0761198210785
Nifty India Consumption TRI,2021-09-09,8086.634073308772
Nifty India Consumption TRI,2021-09-13,8101.063945003048
Nifty India Consumption TRI,2021-09-14,8152.842673105474
Nifty India Consumption TRI,2021-09-15,8207.362730878804
Nifty India Consumption TRI,2021-09-16,8260.517190326562
Nifty India Consumption TRI,2021-09-17,8274.154482974021
Nifty India Consumption TRI,2021-09-20,8257.807409802346
Nifty India Consumption TRI,2021-09-21,8297.284493133995
Nifty India Consumption TRI,2021-09-22,8337.049557158767
Nifty India Consumption TRI,2021-09-23,8370.086044652671
Nifty India Consumption TRI,2021-09-24,8361.825465410702
Nifty India Consumption TRI,2021-09-27,8362.028449795507
Nifty India Consumption TRI,2021-09-28,8300.365470513512
Nifty India Consumption TRI,2021-09-29,8251.079486408882
Nifty India Consumption TRI,2021-09-30,8210.518894237603
Nifty India Consumption TRI,2021-10-01,8178.400444553038
Nifty India Consumption TRI,2021-10-04,8221.095920398502
Nifty India Consumption TRI,2021-10-05,8261.67558715809
Nifty India Consumption TRI,2021-10-06,8176.707882047887
Nifty India Consumption TRI,2021-10-07,8330.173279863267
Nifty India Consumption TRI,2021-10-08,8315.286357417512
Nifty India Consumption TRI,2021-10-11,8400.872717667515
Nifty India Consumption TRI,2021-10-12,8488.958949746555
Nifty India Consumption TRI,2021-10-13,8592.634720128233
Nifty India Consumption TRI,2021-10-14,8626.789949377606
Nifty India Consumption TRI,2021-10-18,8587.417373477636
Nifty India Consumption TRI,2021-10-19,8413.754686077664
Nifty India Consumption TRI,2021-10-20,8317.559487702936
Nifty India Consumption TRI,2021-10-21,8189.896527809655
Nifty India Consumption TRI,2021-10-22,8094.0864021878815
Nifty India Consumption TRI,2021-10-25,7990.554764191258
Nifty India Consumption TRI,2021-10-26,8098.772231021558
Nifty India Consumption TRI,2021-10-27,8157.596820454316
Nifty India Consumption TRI,2021-10-28,8041.375904589729
Nifty India Consumption TRI,2021-10-29,8044.9728019831255
Nifty India Consumption TRI,2021-11-01,8158.239410602344
Nifty India Consumption TRI,2021-11-02,8159.1560379486
Nifty India Consumption TRI,2021-11-03,8126.712306920145
Nifty India Consumption TRI,2021-11-04,8197.037226234668
Nifty India Consumption TRI,2021-11-08,8252.01719774593
Nifty India Consumption TRI,2021-11-09,8271.507279040563
Nifty India Consumption TRI,2021-11-10,8301.454442876022
Nifty India Consumption TRI,2021-11-11,8266.092528601122
Nifty India Consumption TRI,2021-11-12,8362.098954047095
Nifty India Consumption TRI,2021-11-15,8420.191859907036
Nifty India Consumption TRI,2021-11-16,8450.551299984461
Nifty India Consumption TRI,2021-11-17,8477.254312575309
Nifty India Consumption TRI,2021-11-18,8390.907525839479
Nifty India Consumption TRI,2021-11-22,8266.850682955535
Nifty India Consumption TRI,2021-11-23,8303.270849471937
Nifty India Consumption TRI,2021-11-24,8240.166606673038
Nifty India Consumption TRI,2021-11-25,8264.41149369685
Nifty India Consumption TRI,2021-11-26,8054.829054219843
Nifty India Consumption TRI,2021-11-29,8026.866132089036
Nifty India Consumption TRI,2021-11-30,8012.39788328992
Nifty India Consumption TRI,2021-12-01,8028.806426604377
Nifty India Consumption TRI,2021-12-02,8116.123264044627
Nifty India Consumption TRI,2021-12-03,8029.946139216624
Nifty India Consumption TRI,2021-12-06,7871.634874700597
Nifty India Consumption TRI,2021-12-07,7954.386080626284
Nifty India Consumption TRI,2021-12-08,8087.760424241963
Nifty India Consumption TRI,2021-12-09,8146.101731536822
Nifty India Consumption TRI,2021-12-10,8158.401670328782
Nifty India Consumption TRI,2021-12-13,8089.5911255281735
Nifty India Consumption TRI,2021-12-14,8058.527628765797
Nifty India Consumption TRI,2021-12-15,8032.439260876117
Nifty India Consumption TRI,2021-12-16,8014.70169291456
Nifty India Consumption TRI,2021-12-17,7828.926638462127
Nifty India Consumption TRI,2021-12-20,7711.541228846166
Nifty India Consumption TRI,2021-12-21,7785.572818704954
Nifty India Consumption TRI,2021-12-22,7854.459507534984
Nifty India Consumption TRI,2021-12-23,7914.652087622914
Nifty India Consumption TRI,2021-12-24,7879.164672903624
Nifty India Consumption TRI,2021-12-27,7880.172751203061
Nifty India Consumption TRI,2021-12-28,7963.729480863486
Nifty India Consumption TRI,2021-12-29,7965.899840555777
Nifty India Consumption TRI,2021-12-30,7963.548173736688
Nifty India Consumption TRI,2021-12-31,8072.875520875485
Nifty India Consumption TRI,2022-01-03,8118.557575435355
Nifty India Consumption TRI,2022-01-04,8166.24752163442
Nifty India Consumption TRI,2022-01-05,8212.39491548962
Nifty India Consumption TRI,2022-01-06,8213.429523230609
Nifty India Consumption TRI,2022-01-07,8253.971409682974
Nifty India Consumption TRI,2022-01-10,8293.55605922844
Nifty India Consumption TRI,2022-01-11,8273.405942946049
Nifty India Consumption TRI,2022-01-12,8321.515752224077
Nifty India Consumption TRI,2022-01-13,8317.171530297022
Nifty India Consumption TRI,2022-01-14,8259.221748878947
Nifty India Consumption TRI,2022-01-17,8313.99475148737
Nifty India Consumption TRI,2022-01-18,8178.596803725113
Nifty India Consumption TRI,2022-01-19,8104.363986279419
Nifty India Consumption TRI,2022-01-20,8072.744761161521
Nifty India Consumption TRI,2022-01-21,8018.724202972081
Nifty India Consumption TRI,2022-01-24,7787.090385289314
Nifty India Consumption TRI,2022-01-25,7901.778958837028
Nifty India Consumption TRI,2022-01-27,7809.173896151649
Nifty India Consumption TRI,2022-01-28,7832.827754740303
Nifty India Consumption TRI,2022-01-31,7941.506209665903
Nifty India Consumption TRI,2022-02-01,8029.5804103594255
Nifty India Consumption TRI,2022-02-02,8085.9127107956065
Nifty India Consumption TRI,2022-02-03,8064.191115992407
Nifty India Consumption TRI,2022-02-04,8042.926924494327
Nifty India Consumption TRI,2022-02-07,7910.054961719794
Nifty India Consumption TRI,2022-02-08,7923.117685385372
Nifty India Consumption TRI,2022-02-09,8017.120780582758
Nifty India Consumption TRI,2022-02-10,8036.034887156648
Nifty India Consumption TRI,2022-02-11,7939.83739112482
Nifty India Consumption TRI,2022-02-14,7712.207691179609
Nifty India Consumption TRI,2022-02-15,7958.906883221442
Nifty India Consumption TRI,2022-02-16,7960.162618868179
Nifty India Consumption TRI,2022-02-17,7970.134648243013
Nifty India Consumption TRI,2022-02-18,7933.947766610019
Nifty India Consumption TRI,2022-02-21,7885.929574208662
Nifty India Consumption TRI,2022-02-22,7857.189396720927
Nifty India Consumption TRI,2022-02-23,7887.863423745163
Nifty India Consumption TRI,2022-02-24,7556.411250666073
Nifty India Consumption TRI,2022-02-25,7719.223116405259
Nifty India Consumption TRI,2022-02-28,7778.895217026218
Nifty India Consumption TRI,2022-03-02,7658.805943387531
Nifty India Consumption TRI,2022-03-03,7550.939060796093
Nifty India Consumption TRI,2022-03-04,7347.544286708329
Nifty India Consumption TRI,2022-03-07,7187.270371913293
Nifty India Consumption TRI,2022-03-08,7258.615093439687
Nifty India Consumption TRI,2022-03-09,7413.2230832886835
Nifty India Consumption TRI,2022-03-10,7566.465174506347
Nifty India Consumption TRI,2022-03-11,7583.718108058627
Nifty India Consumption TRI,2022-03-14,7618.267790427938
Nifty India Consumption TRI,2022-03-15,7641.608830158489
Nifty India Consumption TRI,2022-03-16,7770.039465338227
Nifty India Consumption TRI,2022-03-17,7915.812848612221
Nifty India Consumption TRI,2022-03-21,7799.197204590845
Nifty India Consumption TRI,2022-03-22,7797.0046620817075
Nifty India Consumption TRI,2022-03-23,7747.966624875101
Nifty India Consumption TRI,2022-03-24,7734.51993871986
Nifty India Consumption TRI,2022-03-25,7686.050325393144
Nifty India Consumption TRI,2022-03-28,7726.254449712029
Nifty India Consumption TRI,2022-03-29,7756.673313389782
Nifty India Consumption TRI,2022-03-30,7806.732855105522
Nifty India Consumption TRI,2022-03-31,7843.416172469055
Nifty India Consumption TRI,2022-04-01,7936.035006983646
Nifty India Consumption TRI,2022-04-04,8028.079583632746
Nifty India Consumption TRI,2022-04-05,8113.768663708771
Nifty India Consumption TRI,2022-04-06,8123.302647079132
Nifty India Consumption TRI,2022-04-07,8077.351889422794
Nifty India Consumption TRI,2022-04-08,8180.858349935051
Nifty India Consumption TRI,2022-04-11,8194.077320651933
Nifty India Consumption TRI,2022-04-12,8102.79420449589
Nifty India Consumption TRI,2022-04-13,8100.035408789254
Nifty India Consumption TRI,2022-04-18,8088.82633572574
Nifty India Consumption TRI,2022-04-19,7941.375442534503
Nifty India Consumption TRI,2022-04-20,8063.654255428008
Nifty India Consumption TRI,2022-04-21,8170.081043795746
Nifty India Consumption TRI,2022-04-22,8132.842809987408
Nifty India Consumption TRI,2022-04-25,8013.1802296914
Nifty India Consumption TRI,2022-04-26,8189.171347914343
Nifty India Consumption TRI,2022-04-27,8118.531414147449
Nifty India Consumption TRI,2022-04-28,8232.574052650094
Nifty India Consumption TRI,2022-04-29,8149.859155958151
Nifty India Consumption TRI,2022-05-02,8114.850792334771
Nifty India Consumption TRI,2022-05-04,7903.274063106188
Nifty India Consumption TRI,2022-05-05,7878.025348668299
Nifty India Consumption TRI,2022-05-06,7770.03630983254
Nifty India Consumption TRI,2022-05-09,7662.178906051629
Nifty India Consumption TRI,2022-05-10,7640.252364509047
Nifty India Consumption TRI,2022-05-11,7588.59326115232
Nifty India Consumption TRI,2022-05-12,7447.962914575327
Nifty India Consumption TRI,2022-05-13,7518.563007094487
Nifty India Consumption TRI,2022-05-16,7580.96259163819
Nifty India Consumption TRI,2022-05-17,7753.330167264263
Nifty India Consumption TRI,2022-05-18,7789.037603405248
Nifty India Consumption TRI,2022-05-19,7639.46325647727
Nifty India Consumption TRI,2022-05-20,7799.540382152002
Nifty India Consumption TRI,2022-05-23,7839.489658614808
Nifty India Consumption TRI,2022-05-24,7761.693023530488
Nifty India Consumption TRI,2022-05-25,7655.525681844636
Nifty India Consumption TRI,2022-05-26,7692.506198500603
Nifty India Consumption TRI,2022-05-27,7777.131923148312
Nifty India Consumption TRI,2022-05-30,7926.023528758294
Nifty India Consumption TRI,2022-05-31,7962.962216951362
Nifty India Consumption TRI,2022-06-01,7885.608148428403
Nifty India Consumption TRI,2022-06-02,7883.872675777038
Nifty India Consumption TRI,2022-06-03,7794.9421029590785
Nifty India Consumption TRI,2022-06-06,7772.744881285518
Nifty India Consumption TRI,2022-06-07,7689.554016563689
Nifty India Consumption TRI,2022-06-08,7639.687393134638
Nifty India Consumption TRI,2022-06-09,7696.430213712468
Nifty India Consumption TRI,2022-06-10,7674.250598782978
Nifty India Consumption TRI,2022-06-13,7578.281790761249
Nifty India Consumption TRI,2022-06-14,7563.061392756688
Nifty India Consumption TRI,2022-06-15,7568.568861608577
Nifty India Consumption TRI,2022-06-16,7478.203951783573
Nifty India Consumption TRI,2022-06-17,7347.525149113867
Nifty India Consumption TRI,2022-06-20,7414.128840428342
Nifty India Consumption TRI,2022-06-21,7552.954943946495
Nifty India Consumption TRI,2022-06-22,7463.261479745262
Nifty India Consumption TRI,2022-06-23,7617.419769535246
Nifty India Consumption TRI,2022-06-24,7733.747486248113
Nifty India Consumption TRI,2022-06-27,7790.1551742257
Nifty India Consumption TRI,2022-06-28,7785.937556102499
Nifty India Consumption TRI,2022-06-29,7745.772402505405
Nifty India Consumption TRI,2022-06-30,7711.365339708638
Nifty India Consumption TRI,2022-07-01,7801.627236784928
Nifty India Consumption TRI,2022-07-04,7926.966830197237
Nifty India Consumption TRI,2022-07-05,7931.798764857943
Nifty India Consumption TRI,2022-07-06,8139.863221995941
Nifty India Consumption TRI,2022-07-07,8174.8400768751
Nifty India Consumption TRI,2022-07-08,8221.517865297494
Nifty India Consumption TRI,2022-07-11,8253.742055541514
Nifty India Consumption TRI,2022-07-12,8177.496275509413
Nifty India Consumption TRI,2022-07-13,8197.323692302418
Nifty India Consumption TRI,2022-07-14,8225.856168014649
Nifty India Consumption TRI,2022-07-15,8351.456601791047
Nifty India Consumption TRI,2022-07-18,8399.843245976654
Nifty India Consumption TRI,2022-07-19,8438.130074278353
Nifty India Consumption TRI,2022-07-20,8467.253560462741
Nifty India Consumption TRI,2022-07-21,8556.10712371823
Nifty India Consumption TRI,2022-07-22,8572.149193524338
Nifty India Consumption TRI,2022-07-25,8530.505407258595
Nifty India Consumption TRI,2022-07-26,8440.795722164983
Nifty India Consumption TRI,2022-07-27,8488.609943987647
Nifty India Consumption TRI,2022-07-28,8561.22356169206
Nifty India Consumption TRI,2022-07-29,8667.40606048041
Nifty India Consumption TRI,2022-08-01,8783.616887079024
Nifty India Consumption TRI,2022-08-02,8850.94792032476
Nifty India Consumption TRI,2022-08-03,8845.147200227942
Nifty India Consumption TRI,2022-08-04,8877.299886107014
Nifty India Consumption TRI,2022-08-05,8842.196352642623
Nifty India Consumption TRI,2022-08-08,8891.189211330186
Nifty India Consumption TRI,2022-08-10,8877.337348897954
Nifty India Consumption TRI,2022-08-11,8868.82405263605
Nifty India Consumption TRI,2022-08-12,8869.36813397534
Nifty India Consumption TRI,2022-08-16,8987.879966270708
Nifty India Consumption TRI,2022-08-17,9064.486947930494
Nifty India Consumption TRI,2022-08-18,9095.450923585984
Nifty India Consumption TRI,2022-08-19,8990.737886191546
Nifty India Consumption TRI,2022-08-22,8856.171200349068
Nifty India Consumption TRI,2022-08-23,8949.124226510052
Nifty India Consumption TRI,2022-08-24,8974.434024006694
Nifty India Consumption TRI,2022-08-25,8976.194480074622
Nifty India Consumption TRI,2022-08-26,8985.170755896777
Nifty India Consumption TRI,2022-08-29,8992.705674073244
Nifty India Consumption TRI,2022-08-30,9182.852365685367
Nifty India Consumption TRI,2022-09-01,9161.215245251837
Nifty India Consumption TRI,2022-09-02,9148.085358488244
Nifty India Consumption TRI,2022-09-05,9160.83633647822
Nifty India Consumption TRI,2022-09-06,9171.150604466133
Nifty India Consumption TRI,2022-09-07,9139.596729606443
Nifty India Consumption TRI,2022-09-08,9189.240536395677
Nifty India Consumption TRI,2022-09-09,9184.772009564316
Nifty India Consumption TRI,2022-09-12,9238.135219930224
Nifty India Consumption TRI,2022-09-13,9297.379566688858
Nifty India Consumption TRI,2022-09-14,9276.855047965659
Nifty India Consumption TRI,2022-09-15,9275.392572756638
Nifty India Consumption TRI,2022-09-16,9095.078257555659
Nifty India Consumption TRI,2022-09-19,9149.484752959917
Nifty India Consumption TRI,2022-09-20,9263.859755760677
Nifty India Consumption TRI,2022-09-21,9252.573489157217
Nifty India Consumption TRI,2022-09-22,9376.147011837838
Nifty India Consumption TRI,2022-09-23,9243.17402907592
Nifty India Consumption TRI,2022-09-26,9044.60891448494
Nifty India Consumption TRI,2022-09-27,9061.052679840474
Nifty India Consumption TRI,2022-09-28,9062.644668860332
Nifty India Consumption TRI,2022-09-29,9019.503126871108
Nifty India Consumption TRI,2022-09-30,9100.391529135997
Nifty India Consumption TRI,2022-10-03,8931.704412597655
Nifty India Consumption TRI,2022-10-04,9096.013504916164
Nifty India Consumption TRI,2022-10-06,9071.683634558565
Nifty India Consumption TRI,2022-10-07,9069.402924118047
Nifty India Consumption TRI,2022-10-10,8990.402959166287
Nifty India Consumption TRI,2022-10-11,8843.974782834805
Nifty India Consumption TRI,2022-10-12,8891.585551763474
Nifty India Consumption TRI,2022-10-13,8836.50497790394
Nifty India Consumption TRI,2022-10-14,8819.9322300985
Nifty India Consumption TRI,2022-10-17,8835.55749771912
Nifty India Consumption TRI,2022-10-18,8973.919689489403
Nifty India Consumption TRI,2022-10-19,8962.959019229129
Nifty India Consumption TRI,2022-10-20,9008.736448346717
Nifty India Consumption TRI,2022-10-21,8999.511414044453
Nifty India Consumption TRI,2022-10-24,9029.100082712921
Nifty India Consumption TRI,2022-10-25,8986.20661711134
Nifty India Consumption TRI,2022-10-27,9053.604034327716
Nifty India Consumption TRI,2022-10-28,9099.455725001924
Nifty India Consumption TRI,2022-10-31,9217.241205629225
Nifty India Consumption TRI,2022-11-01,9251.185657847045
Nifty India Consumption TRI,2022-11-02,9162.227800173481
Nifty India Consumption TRI,2022-11-03,9164.577140645888
Nifty India Consumption TRI,2022-11-04,9154.484860555374
Nifty India Consumption TRI,2022-11-07,9188.386551092271
Nifty India Consumption TRI,2022-11-09,9149.158165452147
Nifty India Consumption TRI,2022-11-10,9076.609302678213
Nifty India Consumption TRI,2022-11-11,9075.077911131537
Nifty India Consumption TRI,2022-11-14,9035.92362449113
Nifty India Consumption TRI,2022-11-15,9064.436310204812
Nifty India Consumption TRI,2022-11-16,9040.557579107706
Nifty India Consumption TRI,2022-11-17,8957.623344393647
Nifty India Consumption TRI,2022-11-18,8906.816843339335
Nifty India Consumption TRI,2022-11-21,8895.891578800456
Nifty India Consumption TRI,2022-11-22,8912.825178481864
Nifty India Consumption TRI,2022-11-23,8915.167132180748
Nifty India Consumption TRI,2022-11-24,8972.928902428377
Nifty India Consumption TRI,2022-11-25,8970.871495474425
Nifty India Consumption TRI,2022-11-28,8967.827255869515
Nifty India Consumption TRI,2022-11-29,9049.521854060155
Nifty India Consumption TRI,2022-11-30,9170.78279971001
Nifty India Consumption TRI,2022-12-01,9148.806368602574
Nifty India Consumption TRI,2022-12-02,9071.914589842912
Nifty India Consumption TRI,2022-12-05,9059.900024994418
Nifty India Consumption TRI,2022-12-06,9065.318513468836
Nifty India Consumption TRI,2022-12-07,9077.86399046083
Nifty India Consumption TRI,2022-12-08,9067.408142910284
Nifty India Consumption TRI,2022-12-09,9080.939658239768
Nifty India Consumption TRI,2022-12-12,9072.979095794311
Nifty India Consumption TRI,2022-12-13,9080.543519807328
Nifty India Consumption TRI,2022-12-14,9072.056028164508
Nifty India Consumption TRI,2022-12-15,8997.03835547744
Nifty India Consumption TRI,2022-12-16,8889.966510667768
Nifty India Consumption TRI,2022-12-19,9033.377418016213
Nifty India Consumption TRI,2022-12-20,8980.892862802264
Nifty India Consumption TRI,2022-12-21,8883.597199784874
Nifty India Consumption TRI,2022-12-22,8825.538438358157
Nifty India Consumption TRI,2022-12-23,8644.929258980012
Nifty India Consumption TRI,2022-12-27,8774.745677461011
Nifty India Consumption TRI,2022-12-28,8801.494897207369
Nifty India Consumption TRI,2022-12-29,8828.419262543692
Nifty India Consumption TRI,2022-12-30,8760.543173153223
Nifty India Consumption TRI,2023-01-02,8757.29724835429
Nifty India Consumption TRI,2023-01-03,8759.694407855686
Nifty India Consumption TRI,2023-01-04,8685.772260470574
Nifty India Consumption TRI,2023-01-05,8739.783811252408
Nifty India Consumption TRI,2023-01-06,8701.756000877882
Nifty India Consumption TRI,2023-01-09,8783.884721223882
Nifty India Consumption TRI,2023-01-10,8727.813976427049
Nifty India Consumption TRI,2023-01-11,8630.379066096442
Nifty India Consumption TRI,2023-01-12,8625.114955880372
Nifty India Consumption TRI,2023-01-13,8651.467649306634
Nifty India Consumption TRI,2023-01-16,8616.124076991835
Nifty India Consumption TRI,2023-01-17,8685.994835823525
Nifty India Consumption TRI,2023-01-18,8722.450413348872
Nifty India Consumption TRI,2023-01-19,8649.067807406696
Nifty India Consumption TRI,2023-01-20,8558.85231277193
Nifty India Consumption TRI,2023-01-23,8618.083182067128
Nifty India Consumption TRI,2023-01-24,8649.146346512958
Nifty India Consumption TRI,2023-01-25,8580.213889027262
Nifty India Consumption TRI,2023-01-27,8493.179028505692
Nifty India Consumption TRI,2023-01-30,8462.154233531044
Nifty India Consumption TRI,2023-01-31,8532.635054354798
Nifty India Consumption TRI,2023-02-01,8530.266671089745
Nifty India Consumption TRI,2023-02-02,8566.967226899465
Nifty India Consumption TRI,2023-02-03,8624.687046406185
Nifty India Consumption TRI,2023-02-06,8615.789467582481
Nifty India Consumption TRI,2023-02-07,8545.895771802165
Nifty India Consumption TRI,2023-02-08,8568.553204362219
Nifty India Consumption TRI,2023-02-09,8564.791487448701
Nifty India Consumption TRI,2023-02-10,8552.260641393581
Nifty India Consumption TRI,2023-02-13,8513.908983798021
Nifty India Consumption TRI,2023-02-14,8534.014377505448
Nifty India Consumption TRI,2023-02-15,8580.373971238529
Nifty India Consumption TRI,2023-02-16,8582.013172928355
Nifty India Consumption TRI,2023-02-17,8533.177263049125
Nifty India Consumption TRI,2023-02-20,8503.87569880879
Nifty India Consumption TRI,2023-02-21,8494.707507411591
Nifty India Consumption TRI,2023-02-22,8424.249208527
Nifty India Consumption TRI,2023-02-23,8375.107378028828
Nifty India Consumption TRI,2023-02-24,8340.254034117776
Nifty India Consumption TRI,2023-02-27,8272.459206876834
Nifty India Consumption TRI,2023-02-28,8270.136951907616
Nifty India Consumption TRI,2023-03-01,8317.613745696295
Nifty India Consumption TRI,2023-03-02,8262.063159823152
Nifty India Consumption TRI,2023-03-03,8358.590398558359
Nifty India Consumption TRI,2023-03-06,8399.57924839349
Nifty India Consumption TRI,2023-03-08,8425.224132797906
Nifty India Consumption TRI,2023-03-09,8354.376742413979
Nifty India Consumption TRI,2023-03-10,8345.430305767763
Nifty India Consumption TRI,2023-03-13,8251.442027977315
Nifty India Consumption TRI,2023-03-14,8208.655747393917
Nifty India Consumption TRI,2023-03-15,8194.469587635831
Nifty India Consumption TRI,2023-03-16,8279.70092101234
Nifty India Consumption TRI,2023-03-17,8286.331373029632
Nifty India Consumption TRI,2023-03-20,8293.25808890681
Nifty India Consumption TRI,2023-03-21,8275.52494097229
Nifty India Consumption TRI,2023-03-22,8299.194166249117
Nifty India Consumption TRI,2023-03-23,8321.876893738692
Nifty India Consumption TRI,2023-03-24,8266.399989048292
Nifty India Consumption TRI,2023-03-27,8262.216786078694
Nifty India Consumption TRI,2023-03-28,8201.436603307413
Nifty India Consumption TRI,2023-03-29,8264.953418715648
Nifty India Consumption TRI,2023-03-31,8331.735698102786
Nifty India Consumption TRI,2023-04-03,8374.914069769127
Nifty India Consumption TRI,2023-04-05,8426.181495209217
Nifty India Consumption TRI,2023-04-06,8419.148683966689
Nifty India Consumption TRI,2023-04-10,8426.27524884048
Nifty India Consumption TRI,2023-04-11,8483.020398605026
Nifty India Consumption TRI,2023-04-12,8502.117262670474
Nifty India Consumption TRI,2023-04-13,8519.236538961322
Nifty India Consumption TRI,2023-04-17,8559.206751684786
Nifty India Consumption TRI,2023-04-18,8554.56180771909
Nifty India Consumption TRI,2023-04-19,8525.35203449932
Nifty India Consumption TRI,2023-04-20,8544.630234719278
Nifty India Consumption TRI,2023-04-21,8550.462687501484
Nifty India Consumption TRI,2023-04-24,8574.483178749371
Nifty India Consumption TRI,2023-04-25,8599.18155193808
Nifty India Consumption TRI,2023-04-26,8630.926517651453
Nifty India Consumption TRI,2023-04-27,8663.081412795673
Nifty India Consumption TRI,2023-04-28,8736.579848309377
Nifty India Consumption TRI,2023-05-02,8761.809155243742
Nifty India Consumption TRI,2023-05-03,8778.658891834055
Nifty India Consumption TRI,2023-05-04,8811.46731217572
Nifty India Consumption TRI,2023-05-05,8843.986830133634
Nifty India Consumption TRI,2023-05-08,8916.221569614356
Nifty India Consumption TRI,2023-05-09,8901.624380385161
Nifty India Consumption TRI,2023-05-10,8931.415361693449
Nifty India Consumption TRI,2023-05-11,8989.403384910418
Nifty India Consumption TRI,2023-05-12,9028.636699371082
Nifty India Consumption TRI,2023-05-15,9084.76972429688
Nifty India Consumption TRI,2023-05-16,9039.11965797391
Nifty India Consumption TRI,2023-05-17,9010.305767515498
Nifty India Consumption TRI,2023-05-18,8938.021271014148
Nifty India Consumption TRI,2023-05-19,8951.856383360244
Nifty India Consumption TRI,2023-05-22,8988.93810143063
Nifty India Consumption TRI,2023-05-23,9006.040348421075
Nifty India Consumption TRI,2023-05-24,9033.6925198885
Nifty India Consumption TRI,2023-05-25,9102.553805463678
Nifty India Consumption TRI,2023-05-26,9171.594123939034
Nifty India Consumption TRI,2023-05-29,9238.903717396519
Nifty India Consumption TRI,2023-05-30,9246.98340790828
Nifty India Consumption TRI,2023-05-31,9292.081581111208
Nifty India Consumption TRI,2023-06-01,9316.953411506247
Nifty India Consumption TRI,2023-06-02,9392.840115208368
Nifty India Consumption TRI,2023-06-05,9402.174316404655
Nifty India Consumption TRI,2023-06-06,9419.649679946233
Nifty India Consumption TRI,2023-06-07,9517.069562283501
Nifty India Consumption TRI,2023-06-08,9437.86772733035
Nifty India Consumption TRI,2023-06-09,9376.50485683282
Nifty India Consumption TRI,2023-06-12,9398.26158104564
Nifty India Consumption TRI,2023-06-13,9491.443862088876
Nifty India Consumption TRI,2023-06-14,9521.58326094602
Nifty India Consumption TRI,2023-06-15,9561.873883183653
Nifty India Consumption TRI,2023-06-16,9632.09054236696
Nifty India Consumption TRI,2023-06-19,9571.393430696548
Nifty India Consumption TRI,2023-06-20,9587.191261269512
Nifty India Consumption TRI,2023-06-21,9556.260686618674
Nifty India Consumption TRI,2023-06-22,9491.897884740612
Nifty India Consumption TRI,2023-06-23,9462.24539677278
Nifty India Consumption TRI,2023-06-26,9531.226524932856
Nifty India Consumption TRI,2023-06-27,9558.113571757762
Nifty India Consumption TRI,2023-06-28,9625.325251413507
Nifty India Consumption TRI,2023-06-30,9709.282182609295
Nifty India Consumption TRI,2023-07-03,9730.855952265005
Nifty India Consumption TRI,2023-07-04,9708.67099085302
Nifty India Consumption TRI,2023-07-05,9829.778228568268
Nifty India Consumption TRI,2023-07-06,9890.947137418732
Nifty India Consumption TRI,2023-07-07,9803.564081078963
Nifty India Consumption TRI,2023-07-10,9747.68517933024
Nifty India Consumption TRI,2023-07-11,9860.938051882033
Nifty India Consumption TRI,2023-07-12,9855.448508535934
Nifty India Consumption TRI,2023-07-13,9802.607698420692
Nifty India Consumption TRI,2023-07-14,9852.408585643363
Nifty India Consumption TRI,2023-07-17,9855.555781076628
Nifty India Consumption TRI,2023-07-18,9838.443979892232
Nifty India Consumption TRI,2023-07-19,9850.413139545855
Nifty India Consumption TRI,2023-07-20,9927.848305018313
Nifty India Consumption TRI,2023-07-21,9862.206061387165
Nifty India Consumption TRI,2023-07-24,9810.802105971874
Nifty India Consumption TRI,2023-07-25,9790.121652171298
Nifty India Consumption TRI,2023-07-26,9813.307672540439
Nifty India Consumption TRI,2023-07-27,9751.56062720793
Nifty India Consumption TRI,2023-07-28,9827.787607926492
Nifty India Consumption TRI,2023-07-31,9817.43801786865
Nifty India Consumption TRI,2023-08-01,9786.23629194115
Nifty India Consumption TRI,2023-08-02,9713.724507979321
Nifty India Consumption TRI,2023-08-03,9646.233306518201
Nifty India Consumption TRI,2023-08-04,9673.978371307097
Nifty India Consumption TRI,2023-08-07,9712.40394667453
Nifty India Consumption TRI,2023-08-08,9691.533828788526
Nifty India Consumption TRI,2023-08-09,9725.539151723628
Nifty India Consumption TRI,2023-08-10,9692.219290586463
Nifty India Consumption TRI,2023-08-11,9622.662575814804
Nifty India Consumption TRI,2023-08-14,9613.45459701501
Nifty India Consumption TRI,2023-08-16,9635.938668332929
Nifty India Consumption TRI,2023-08-17,9618.157769383337
Nifty India Consumption TRI,2023-08-18,9607.156619662923
Nifty India Consumption TRI,2023-08-21,9676.521960758811
Nifty India Consumption TRI,2023-08-22,9731.062882647737
Nifty India Consumption TRI,2023-08-23,9708.603953013995
Nifty India Consumption TRI,2023-08-24,9736.020011645816
Nifty India Consumption TRI,2023-08-25,9666.897334342199
Nifty India Consumption TRI,2023-08-28,9674.121551639228
Nifty India Consumption TRI,2023-08-29,9688.616934910213
Nifty India Consumption TRI,2023-08-30,9754.28554923738
Nifty India Consumption TRI,2023-08-31,9706.84796292822
Nifty India Consumption TRI,2023-09-01,9777.669241219895
Nifty India Consumption TRI,2023-09-04,9761.392541179068
Nifty India Consumption TRI,2023-09-05,9808.767807797034
Nifty India Consumption TRI,2023-09-06,9884.226748592147
Nifty India Consumption TRI,2023-09-07,9883.757053747482
Nifty India Consumption TRI,2023-09-08,9913.417221053849
Nifty India Consumption TRI,2023-09-11,10005.273960644921
Nifty India Consumption TRI,2023-09-12,9924.473851764787
Nifty India Consumption TRI,2023-09-13,9967.714011905842
Nifty India Consumption TRI,2023-09-14,9981.935213461618
Nifty India Consumption TRI,2023-09-15,10026.116481547342
Nifty India Consumption TRI,2023-09-18,10071.42460402214
Nifty India Consumption TRI,2023-09-20,10001.377215557917
Nifty India Consumption TRI,2023-09-21,9955.082313941546
Nifty India Consumption TRI,2023-09-22,9953.971073056915
Nifty India Consumption TRI,2023-09-25,9973.408173485714
Nifty India Consumption TRI,2023-09-26,9986.288592275723
Nifty India Consumption TRI,2023-09-27,10017.259547357944
Nifty India Consumption TRI,2023-09-28,9869.497857411829
Nifty India Consumption TRI,2023-09-29,9905.852614943231
Nifty India Consumption TRI,2023-10-03,9875.049095000302
Nifty India Consumption TRI,2023-10-04,9844.363486357413
Nifty India Consumption TRI,2023-10-05,9894.251743433158
Nifty India Consumption TRI,2023-10-06,9938.404138773776
Nifty India Consumption TRI,2023-10-09,9880.189574470365
Nifty India Consumption TRI,2023-10-10,9952.343962992805
Nifty India Consumption TRI,2023-10-11,10040.20086551611
Nifty India Consumption TRI,2023-10-12,10052.797872359335
Nifty India Consumption TRI,2023-10-13,10077.75483468855
Nifty India Consumption TRI,2023-10-16,10061.308036299122
Nifty India Consumption TRI,2023-10-17,10095.114613407462
Nifty India Consumption TRI,2023-10-18,10050.126384498157
Nifty India Consumption TRI,2023-10-19,10070.460988396873
Nifty India Consumption TRI,2023-10-20,9989.14324574163
Nifty India Consumption TRI,2023-10-23,9883.324378866206
Nifty India Consumption TRI,2023-10-25,9825.189006432149
Nifty India Consumption TRI,2023-10-26,9681.024540687105
Nifty India Consumption TRI,2023-10-27,9778.591019153913
Nifty India Consumption TRI,2023-10-30,9771.01208981526
Nifty India Consumption TRI,2023-10-31,9766.903326569205
Nifty India Consumption TRI,2023-11-01,9727.625693283988
Nifty India Consumption TRI,2023-11-02,9814.487200290798
Nifty India Consumption TRI,2023-11-03,9898.365527891154
Nifty India Consumption TRI,2023-11-06,9966.013048227047
Nifty India Consumption TRI,2023-11-07,9984.071435000762
Nifty India Consumption TRI,2023-11-08,10052.961789248657
Nifty India Consumption TRI,2023-11-09,10049.623092951178
Nifty India Consumption TRI,2023-11-10,10044.349948147214
Nifty India Consumption TRI,2023-11-13,10065.352904008812
Nifty India Consumption TRI,2023-11-15,10161.888193891373
Nifty India Consumption TRI,2023-11-16,10203.767792633598
Nifty India Consumption TRI,2023-11-17,10274.270755542473
Nifty India Consumption TRI,2023-11-20,10266.739159249548
Nifty India Consumption TRI,2023-11-21,10286.165343537356
Nifty India Consumption TRI,2023-11-22,10311.165382101448
Nifty India Consumption TRI,2023-11-23,10341.739866199416
Nifty India Consumption TRI,2023-11-24,10311.131605208704
Nifty India Consumption TRI,2023-11-28,10372.727252748055
Nifty India Consumption TRI,2023-11-29,10442.855713882458
Nifty India Consumption TRI,2023-11-30,10546.257059484085
Nifty India Consumption TRI,2023-12-01,10613.932636946058
Nifty India Consumption TRI,2023-12-04,10741.578422934388
Nifty India Consumption TRI,2023-12-05,10796.47668453063
Nifty India Consumption TRI,2023-12-06,10843.456087989365
Nifty India Consumption TRI,2023-12-07,10822.418083503806
Nifty India Consumption TRI,2023-12-08,10760.528709861526
Nifty India Consumption TRI,2023-12-11,10796.301710541917
Nifty India Consumption TRI,2023-12-12,10739.921716448951
Nifty India Consumption TRI,2023-12-13,10821.486009549726
Nifty India Consumption TRI,2023-12-14,10884.739885814164
Nifty India Consumption TRI,2023-12-15,10868.804204544724
Nifty India Consumption TRI,2023-12-18,10872.247305154213
Nifty India Consumption TRI,2023-12-19,10918.605191598455
Nifty India Consumption TRI,2023-12-20,10757.287403841003
Nifty India Consumption TRI,2023-12-21,10798.770423097823
Nifty India Consumption TRI,2023-12-22,10897.27333581507
Nifty India Consumption TRI,2023-12-26,11000.94377478298
Nifty India Consumption TRI,2023-12-27,11100.41064575304
Nifty India Consumption TRI,2023-12-28,11208.108241360385
Nifty India Consumption TRI,2023-12-29,11251.14570351946
Nifty India Consumption TRI,2024-01-02,11185.652184230361
Nifty India Consumption TRI,2024-01-03,11214.363528375317
Nifty India Consumption TRI,2024-01-04,11297.945749128552
Nifty India Consumption TRI,2024-01-05,11285.655692312102
Nifty India Consumption TRI,2024-01-08,11161.057956365956
Nifty India Consumption TRI,2024-01-09,11215.274264850366
Nifty India Consumption TRI,2024-01-10,11227.010779077073
Nifty India Consumption TRI,2024-01-11,11257.317702433249
Nifty India Consumption TRI,2024-01-12,11298.14568844469
Nifty India Consumption TRI,2024-01-15,11368.868503380325
Nifty India Consumption TRI,2024-01-16,11350.875590739657
Nifty India Consumption TRI,2024-01-17,11252.184094704213
Nifty India Consumption TRI,2024-01-18,11169.472265332925
Nifty India Consumption TRI,2024-01-19,11332.56477768914
Nifty India Consumption TRI,2024-01-23,11135.76321613284
Nifty India Consumption TRI,2024-01-24,11274.370046824333
Nifty India Consumption TRI,2024-01-25,11208.510906294105
Nifty India Consumption TRI,2024-01-29,11297.06048817992
Nifty India Consumption TRI,2024-01-30,11194.440879587073
Nifty India Consumption TRI,2024-01-31,11323.086309540226
Nifty India Consumption TRI,2024-02-01,11333.425054042447
Nifty India Consumption TRI,2024-02-02,11329.94363681317
Nifty India Consumption TRI,2024-02-05,11237.573462105946
Nifty India Consumption TRI,2024-02-06,11323.900341042041
Nifty India Consumption TRI,2024-02-07,11438.348661031707
Nifty India Consumption TRI,2024-02-08,11373.75723423279
Nifty India Consumption TRI,2024-02-09,11369.689211818222
Nifty India Consumption TRI,2024-02-12,11298.713769064138
Nifty India Consumption TRI,2024-02-13,11340.941401753707
Nifty India Consumption TRI,2024-02-14,11417.471710842558
Nifty India Consumption TRI,2024-02-15,11450.292997065315
Nifty India Consumption TRI,2024-02-16,11554.838494225682
Nifty India Consumption TRI,2024-02-20,11630.853116894845
Nifty India Consumption TRI,2024-02-21,11616.552700496568
Nifty India Consumption TRI,2024-02-22,11726.12833801774
Nifty India Consumption TRI,2024-02-23,11713.595781843562
Nifty India Consumption TRI,2024-02-26,11644.444277659735
Nifty India Consumption TRI,2024-02-27,11699.536653453973
Nifty India Consumption TRI,2024-02-28,11539.082716454472
Nifty India Consumption TRI,2024-02-29,11544.49417751477
Nifty India Consumption TRI,2024-03-01,11636.202775691221
Nifty India Consumption TRI,2024-03-04,11639.02638415418
Nifty India Consumption TRI,2024-03-05,11640.43952583023
Nifty India Consumption TRI,2024-03-06,11729.988558484842
Nifty India Consumption TRI,2024-03-07,11800.351025823518
Nifty India Consumption TRI,2024-03-11,11755.322905855011
Nifty India Consumption TRI,2024-03-12,11695.083434999118
Nifty India Consumption TRI,2024-03-13,11488.261893341389
Nifty India Consumption TRI,2024-03-14,11654.745535266067
Nifty India Consumption TRI,2024-03-15,11612.28183300044
Nifty India Consumption TRI,2024-03-18,11638.252250960497
Nifty India Consumption TRI,2024-03-19,11506.073166926682
Nifty India Consumption TRI,2024-03-20,11568.212002938786
Nifty India Consumption TRI,2024-03-21,11648.794804923933
Nifty India Consumption TRI,2024-03-22,11775.44879324853
Nifty India Consumption TRI,2024-03-26,11748.892756772748
Nifty India Consumption TRI,2024-03-27,11803.986241304587
Nifty India Consumption TRI,2024-03-28,11935.682014281498
Nifty India Consumption TRI,2024-04-01,11943.027513036212
Nifty India Consumption TRI,2024-04-02,11975.449390333191
Nifty India Consumption TRI,2024-04-03,11942.221595899402
Nifty India Consumption TRI,2024-04-04,11994.213296184493
Nifty India Consumption TRI,2024-04-05,11975.718415880905
Nifty India Consumption TRI,2024-04-08,12085.21134223931
Nifty India Consumption TRI,2024-04-09,12060.6450165111
Nifty India Consumption TRI,2024-04-10,12158.926769179718
Nifty India Consumption TRI,2024-04-12,12052.079865736454
Nifty India Consumption TRI,2024-04-15,11933.907065290343
Nifty India Consumption TRI,2024-04-16,11925.248793728495
Nifty India Consumption TRI,2024-04-18,11872.492259118599
Nifty India Consumption TRI,2024-04-19,11970.503668321815
Nifty India Consumption TRI,2024-04-22,12071.144794819627
Nifty India Consumption TRI,2024-04-23,12166.228231884068
Nifty India Consumption TRI,2024-04-24,12170.020915055058
Nifty India Consumption TRI,2024-04-25,12209.908134311663
Nifty India Consumption TRI,2024-04-26,12180.790011512612
Nifty India Consumption TRI,2024-04-29,12213.228740154182
Nifty India Consumption TRI,2024-04-30,12276.3670115514
Nifty India Consumption TRI,2024-05-02,12345.139256915118
Nifty India Consumption TRI,2024-05-03,12257.020538549621
Nifty India Consumption TRI,2024-05-06,12259.500994836651
Nifty India Consumption TRI,2024-05-07,12262.059642686123
Nifty India Consumption TRI,2024-05-08,12305.449923503436
Nifty India Consumption TRI,2024-05-09,12139.419716634111
Nifty India Consumption TRI,2024-05-10,12280.827748338668
Nifty India Consumption TRI,2024-05-13,12266.372229116925
Nifty India Consumption TRI,2024-05-14,12319.6287866313
Nifty India Consumption TRI,2024-05-15,12302.417808617221
Nifty India Consumption TRI,2024-05-16,12435.243088203999
Nifty India Consumption TRI,2024-05-17,12524.575953606854
Nifty India Consumption TRI,2024-05-21,12532.606266840256
Nifty India Consumption TRI,2024-05-22,12604.069754505692
Nifty India Consumption TRI,2024-05-23,12748.452167220144
Nifty India Consumption TRI,2024-05-24,12683.604169018845
Nifty India Consumption TRI,2024-05-27,12640.36933321413
Nifty India Consumption TRI,2024-05-28,12594.816866781479
Nifty India Consumption TRI,2024-05-29,12554.5169483081
Nifty India Consumption TRI,2024-05-30,12406.559597484842
Nifty India Consumption TRI,2024-05-31,12367.25477286678
Nifty India Consumption TRI,2024-06-03,12552.95677808346
Nifty India Consumption TRI,2024-06-04,12328.840932494266
Nifty India Consumption TRI,2024-06-05,12879.06067317678
Nifty India Consumption TRI,2024-06-06,12897.41415059286
Nifty India Consumption TRI,2024-06-07,13136.335274416735
Nifty India Consumption TRI,2024-06-10,13121.660680761215
Nifty India Consumption TRI,2024-06-11,13118.461157419286
Nifty India Consumption TRI,2024-06-12,13115.26254529078
Nifty India Consumption TRI,2024-06-13,13148.51713747765
Nifty India Consumption TRI,2024-06-14,13260.829720479232
Nifty India Consumption TRI,2024-06-18,13295.383320870715
Nifty India Consumption TRI,2024-06-19,13139.961448324166
Nifty India Consumption TRI,2024-06-20,13106.917351910903
Nifty India Consumption TRI,2024-06-21,13038.412520245094
Nifty India Consumption TRI,2024-06-24,13149.495384983129
Nifty India Consumption TRI,2024-06-25,13107.225147728526
Nifty India Consumption TRI,2024-06-26,13112.063009767518
Nifty India Consumption TRI,2024-06-27,13169.569551475151
Nifty India Consumption TRI,2024-06-28,13160.635936903942
Nifty India Consumption TRI,2024-07-01,13232.089551126772
Nifty India Consumption TRI,2024-07-02,13131.814142457426
Nifty India Consumption TRI,2024-07-03,13200.152543080512
Nifty India Consumption TRI,2024-07-04,13207.951249111922
Nifty India Consumption TRI,2024-07-05,13268.966133579019
Nifty India Consumption TRI,2024-07-08,13293.377542445905
Nifty India Consumption TRI,2024-07-09,13454.639830598902
Nifty India Consumption TRI,2024-07-10,13400.885677830182
Nifty India Consumption TRI,2024-07-11,13405.973040805608
Nifty India Consumption TRI,2024-07-12,13422.533590145344
Nifty India Consumption TRI,2024-07-15,13515.876044266344
Nifty India Consumption TRI,2024-07-16,13576.214863879244
Nifty India Consumption TRI,2024-07-18,13636.86339433904
Nifty India Consumption TRI,2024-07-19,13481.228044899237
Nifty India Consumption TRI,2024-07-22,13551.76239039097
Nifty India Consumption TRI,2024-07-23,13706.606320251747
Nifty India Consumption TRI,2024-07-24,13688.097103810871
Nifty India Consumption TRI,2024-07-25,13653.730762763393
Nifty India Consumption TRI,2024-07-26,13918.181532913337
Nifty India Consumption TRI,2024-07-29,13907.822425256272
Nifty India Consumption TRI,2024-07-30,13869.431779962748
Nifty India Consumption TRI,2024-07-31,13974.321084447487
Nifty India Consumption TRI,2024-08-01,14006.716195618543
Nifty India Consumption TRI,2024-08-02,13907.126418807611
Nifty India Consumption TRI,2024-08-05,13661.528614293298
Nifty India Consumption TRI,2024-08-06,13573.810524728751
Nifty India Consumption TRI,2024-08-07,13774.0232508149
Nifty India Consumption TRI,2024-08-08,13701.871709421703
Nifty India Consumption TRI,2024-08-09,13870.904246427906
Nifty India Consumption TRI,2024-08-12,13808.786236966782
Nifty India Consumption TRI,2024-08-13,13757.939871168772
Nifty India Consumption TRI,2024-08-14,13785.899928389148
Nifty India Consumption TRI,2024-08-16,13994.547505867627
Nifty India Consumption TRI,2024-08-19,13970.033260407845
Nifty India Consumption TRI,2024-08-20,13991.434088157659
Nifty India Consumption TRI,2024-08-21,14099.661584058695
Nifty India Consumption TRI,2024-08-22,14182.42942830283
Nifty India Consumption TRI,2024-08-23,14200.819433618017
Nifty India Consumption TRI,2024-08-26,14261.267186467448
Nifty India Consumption TRI,2024-08-27,14197.910958440805
Nifty India Consumption TRI,2024-08-28,14231.825487605913
Nifty India Consumption TRI,2024-08-29,14267.40052439479
Nifty India Consumption TRI,2024-08-30,14311.036400600786
Nifty India Consumption TRI,2024-09-02,14341.291925410691
Nifty India Consumption TRI,2024-09-03,14322.718572229993
Nifty India Consumption TRI,2024-09-04,14341.476436857369
Nifty India Consumption TRI,2024-09-05,14372.797901241673
Nifty India Consumption TRI,2024-09-06,14298.934408182844
Nifty India Consumption TRI,2024-09-09,14430.779043464567
Nifty India Consumption TRI,2024-09-10,14532.697966750264
Nifty India Consumption TRI,2024-09-11,14565.86989687438
Nifty India Consumption TRI,2024-09-12,14855.459836231823
Nifty India Consumption TRI,2024-09-13,14762.330611538504
Nifty India Consumption TRI,2024-09-16,14755.004602811805
Nifty India Consumption TRI,2024-09-17,14821.09362532076
Nifty India Consumption TRI,2024-09-18,14788.239536666475
Nifty India Consumption TRI,2024-09-19,14880.777575917165
Nifty India Consumption TRI,2024-09-20,15198.20733440476
Nifty India Consumption TRI,2024-09-23,15396.089544997165
Nifty India Consumption TRI,2024-09-24,15355.184397083298
Nifty India Consumption TRI,2024-09-25,15288.421681801847
Nifty India Consumption TRI,2024-09-26,15464.438056231005
Nifty India Consumption TRI,2024-09-27,15417.125590048974
Nifty India Consumption TRI,2024-09-30,15215.384680430838
Nifty India Consumption TRI,2024-10-01,15197.832348415797
Nifty India Consumption TRI,2024-10-03,14887.553372205884
Nifty India Consumption TRI,2024-10-04,14653.531991588992
Nifty India Consumption TRI,2024-10-07,14545.15626835751
Nifty India Consumption TRI,2024-10-08,14774.971290467427
Nifty India Consumption TRI,2024-10-09,14778.935360785876
Nifty India Consumption TRI,2024-10-10,14738.81580433335
Nifty India Consumption TRI,2024-10-11,14742.0661390455
Nifty India Consumption TRI,2024-10-14,14763.50909826307
Nifty India Consumption TRI,2024-10-15,14793.643151613001
Nifty India Consumption TRI,2024-10-16,14678.859957838684
Nifty India Consumption TRI,2024-10-17,14321.699056860332
Nifty India Consumption TRI,2024-10-18,14275.55787005183
Nifty India Consumption TRI,2024-10-21,14243.061683782502
Nifty India Consumption TRI,2024-10-22,14031.364644070673
Nifty India Consumption TRI,2024-10-23,14012.213261059864
Nifty India Consumption TRI,2024-10-24,13825.008464563492
Nifty India Consumption TRI,2024-10-25,13727.844993191742
Nifty India Consumption TRI,2024-10-28,13767.061323253058
Nifty India Consumption TRI,2024-10-29,13716.66606659488
Nifty India Consumption TRI,2024-10-30,13726.59177413322
Nifty India Consumption TRI,2024-10-31,13633.61954627575
Nifty India Consumption TRI,2024-11-01,13739.082159825126
Nifty India Consumption TRI,2024-11-04,13578.301627216657
Nifty India Consumption TRI,2024-11-05,13581.39502756286
Nifty India Consumption TRI,2024-11-06,13742.640240056864
Nifty India Consumption TRI,2024-11-07,13580.930008529125
Nifty India Consumption TRI,2024-11-08,13571.373864212916
Nifty India Consumption TRI,2024-11-11,13494.110238166055
Nifty India Consumption TRI,2024-11-12,13322.146038998077
Nifty India Consumption TRI,2024-11-13,13154.803561834771
Nifty India Consumption TRI,2024-11-14,13173.505673978598
Nifty India Consumption TRI,2024-11-18,13205.433391064093
Nifty India Consumption TRI,2024-11-19,13276.5446547977
Nifty India Consumption TRI,2024-11-21,13163.517102449892
Nifty India Consumption TRI,2024-11-22,13434.173752719858
Nifty India Consumption TRI,2024-11-25,13533.24012105746
Nifty India Consumption TRI,2024-11-26,13539.126631674066
Nifty India Consumption TRI,2024-11-27,13631.666529785527
Nifty India Consumption TRI,2024-11-28,13491.169118623186
Nifty India Consumption TRI,2024-11-29,13607.90524985505
Nifty India Consumption TRI,2024-12-02,13719.55529589619
Nifty India Consumption TRI,2024-12-03,13725.212882626416
Nifty India Consumption TRI,2024-12-04,13667.85568929459
Nifty India Consumption TRI,2024-12-05,13823.621230234086
Nifty India Consumption TRI,2024-12-06,13862.336617641848
Nifty India Consumption TRI,2024-12-09,13728.660706312437
Nifty India Consumption TRI,2024-12-10,13704.826912518382
Nifty India Consumption TRI,2024-12-11,13756.269935043581
Nifty India Consumption TRI,2024-12-12,13688.729363617578
Nifty India Consumption TRI,2024-12-13,13849.17723702364
Nifty India Consumption TRI,2024-12-16,13829.177242381806
Nifty India Consumption TRI,2024-12-17,13698.52500073937
Nifty India Consumption TRI,2024-12-18,13671.709429812816
Nifty India Consumption TRI,2024-12-19,13589.75564270322
Nifty India Consumption TRI,2024-12-20,13364.209118598708
Nifty India Consumption TRI,2024-12-23,13412.146607786744
Nifty India Consumption TRI,2024-12-24,13451.943055027303
Nifty India Consumption TRI,2024-12-26,13506.913827478631
Nifty India Consumption TRI,2024-12-27,13533.748466845142
Nifty India Consumption TRI,2024-12-30,13523.462912122828
Nifty India Consumption TRI,2024-12-31,13522.393114036333
Nifty India Consumption TRI,2025-01-02,13905.15485436788
Nifty India Consumption TRI,2025-01-03,13887.912061014957
Nifty India Consumption TRI,2025-01-06,13608.348631067252
Nifty India Consumption TRI,2025-01-07,13572.463017999342
Nifty India Consumption TRI,2025-01-08,13531.81434878752
Nifty India Consumption TRI,2025-01-09,13539.494917035106
Nifty India Consumption TRI,2025-01-10,13398.185623041298
Nifty India Consumption TRI,2025-01-13,13022.714534152716
Nifty India Consumption TRI,2025-01-14,13061.633420535789
Nifty India Consumption TRI,2025-01-15,13113.8319315887
Nifty India Consumption TRI,2025-01-16,13129.537082395267
Nifty India Consumption TRI,2025-01-17,13182.337051378861
Nifty India Consumption TRI,2025-01-20,13145.44703418467
Nifty India Consumption TRI,2025-01-21,12919.926620198641
Nifty India Consumption TRI,2025-01-22,12910.557717287791
Nifty India Consumption TRI,2025-01-23,13033.096646803775
Nifty India Consumption TRI,2025-01-24,12954.231436669977
Nifty India Consumption TRI,2025-01-27,12795.803708647774
Nifty India Consumption TRI,2025-01-28,12844.561494769843
Nifty India Consumption TRI,2025-01-29,12955.210993719122
Nifty India Consumption TRI,2025-01-30,13031.796375991074
Nifty India Consumption TRI,2025-01-31,13242.953107445013
Nifty India Consumption TRI,2025-02-03,13642.38324882824
Nifty India Consumption TRI,2025-02-04,13619.034628102278
Nifty India Consumption TRI,2025-02-05,13514.297457649333
Nifty India Consumption TRI,2025-02-06,13312.376236075555
Nifty India Consumption TRI,2025-02-07,13368.915291433408
Nifty India Consumption TRI,2025-02-10,13204.434037783369
Nifty India Consumption TRI,2025-02-11,12941.920421277422
Nifty India Consumption TRI,2025-02-12,12878.671327870388
Nifty India Consumption TRI,2025-02-13,12854.632783991086
Nifty India Consumption TRI,2025-02-14,12733.684067693688
Nifty India Consumption TRI,2025-02-17,12677.993467424789
Nifty India Consumption TRI,2025-02-18,12637.968312522355
Nifty India Consumption TRI,2025-02-19,12649.44294665626
Nifty India Consumption TRI,2025-02-20,12706.700374869206
Nifty India Consumption TRI,2025-02-21,12568.965216801182
Nifty India Consumption TRI,2025-02-24,12513.183632230397
Nifty India Consumption TRI,2025-02-25,12594.83071779717
Nifty India Consumption TRI,2025-02-27,12503.658548293788
Nifty India Consumption TRI,2025-02-28,12117.292810860432
Nifty India Consumption TRI,2025-03-03,12181.850418246531
Nifty India Consumption TRI,2025-03-04,12118.11238264824
Nifty India Consumption TRI,2025-03-05,12357.453643602214
Nifty India Consumption TRI,2025-03-06,12451.288045232066
Nifty India Consumption TRI,2025-03-07,12399.064294750891
Nifty India Consumption TRI,2025-03-10,12304.16492714434
Nifty India Consumption TRI,2025-03-11,12362.402518184706
Nifty India Consumption TRI,2025-03-12,12331.043887821947
Nifty India Consumption TRI,2025-03-13,12272.302010390275
Nifty India Consumption TRI,2025-03-17,12335.432646140984
Nifty India Consumption TRI,2025-03-18,12565.643187627345
Nifty India Consumption TRI,2025-03-19,12637.092844507437
Nifty India Consumption TRI,2025-03-20,12838.449586685745
Nifty India Consumption TRI,2025-03-21,12898.51669197052
Nifty India Consumption TRI,2025-03-24,12896.244965923
Nifty India Consumption TRI,2025-03-25,12847.045748735332
Nifty India Consumption TRI,2025-03-26,12785.012337849143
Nifty India Consumption TRI,2025-03-27,12858.161494507207
Nifty India Consumption TRI,2025-03-28,12797.436711545228
Nifty India Consumption TRI,2025-04-01,12729.999975950594
Nifty India Consumption TRI,2025-04-02,12927.631489788006
Nifty India Consumption TRI,2025-04-03,12930.417185949285
Nifty India Consumption TRI,2025-04-04,12827.410269872038
Nifty India Consumption TRI,2025-04-07,12480.07401431208
Nifty India Consumption TRI,2025-04-08,12724.254433778806
Nifty India Consumption TRI,2025-04-09,12808.42106245133
Nifty India Consumption TRI,2025-04-11,12974.325139002221
Nifty India Consumption TRI,2025-04-15,13196.786034497589
Nifty India Consumption TRI,2025-04-16,13268.864965367966
Nifty India Consumption TRI,2025-04-17,13459.095634266578
Nifty India Consumption TRI,2025-04-21,13540.690275294155
Nifty India Consumption TRI,2025-04-22,13635.85717525653
Nifty India Consumption TRI,2025-04-23,13773.566776711668
Nifty India Consumption TRI,2025-04-24,13663.885089306294
Nifty India Consumption TRI,2025-04-25,13439.54314901112
Nifty India Consumption TRI,2025-04-28,13532.569304440303
Nifty India Consumption TRI,2025-04-29,13515.360647521917
Nifty India Consumption TRI,2025-04-30,13524.861669381242
Nifty India Consumption TRI,2025-05-02,13484.28420095287
Nifty India Consumption TRI,2025-05-05,13685.458712358093
Nifty India Consumption TRI,2025-05-06,13645.2385884166
Nifty India Consumption TRI,2025-05-07,13638.369898997933
Nifty India Consumption TRI,2025-05-08,13421.813366169486
Nifty India Consumption TRI,2025-05-09,13327.543009586272
Nifty India Consumption TRI,2025-05-12,13793.943511743832
Nifty India Consumption TRI,2025-05-13,13626.735847844982
Nifty India Consumption TRI,2025-05-14,13695.135070804017
Nifty India Consumption TRI,2025-05-15,13904.281965194157
Nifty India Consumption TRI,2025-05-16,13936.702199178193
Nifty India Consumption TRI,2025-05-19,13926.221362723818
Nifty India Consumption TRI,2025-05-20,13680.340807375827
Nifty India Consumption TRI,2025-05-21,13759.762430435794
Nifty India Consumption TRI,2025-05-22,13638.847897506848
Nifty India Consumption TRI,2025-05-23,13790.1606974058
Nifty India Consumption TRI,2025-05-26,13859.2708503084
Nifty India Consumption TRI,2025-05-27,13769.38211246776
Nifty India Consumption TRI,2025-05-28,13647.185083744687
Nifty India Consumption TRI,2025-05-29,13685.473569512626
Nifty India Consumption TRI,2025-05-30,13618.899064766994
Nifty India Consumption TRI,2025-06-02,13694.88787457416
Nifty India Consumption TRI,2025-06-03,13617.834160429866
Nifty India Consumption TRI,2025-06-04,13671.565329575014
Nifty India Consumption TRI,2025-06-05,13744.984444820033
Nifty India Consumption TRI,2025-06-06,13901.521286266945
Nifty India Consumption TRI,2025-06-09,13952.963876392105
Nifty India Consumption TRI,2025-06-10,13926.3476340069
Nifty India Consumption TRI,2025-06-11,13902.124493379317
Nifty India Consumption TRI,2025-06-12,13706.37449994631
Nifty India Consumption TRI,2025-06-13,13614.510103097562
Nifty India Consumption TRI,2025-06-16,13748.476827172839
Nifty India Consumption TRI,2025-06-17,13674.798079242208
Nifty India Consumption TRI,2025-06-18,13697.370474245412
Nifty India Consumption TRI,2025-06-19,13709.288410836647
Nifty India Consumption TRI,2025-06-20,13913.733531591126
Nifty India Consumption TRI,2025-06-23,13866.892913879257
Nifty India Consumption TRI,2025-06-24,13910.852272825769
Nifty India Consumption TRI,2025-06-25,14081.210408203431
Nifty India Consumption TRI,2025-06-26,14197.511827792036
Nifty India Consumption TRI,2025-06-27,14216.217558969602
Nifty India Consumption TRI,2025-06-30,14184.428234243167
Nifty India Consumption TRI,2025-07-01,14170.677162092232
Nifty India Consumption TRI,2025-07-02,14189.145368179534
Nifty India Consumption TRI,2025-07-03,14176.770278057145
Nifty India Consumption TRI,2025-07-04,14107.254693252664
Nifty India Consumption TRI,2025-07-07,14169.969605412825
Nifty India Consumption TRI,2025-07-08,14123.147341973872
Nifty India Consumption TRI,2025-07-09,14143.655322977545
Nifty India Consumption TRI,2025-07-10,14049.981799991743
Nifty India Consumption TRI,2025-07-11,13924.548511948806
Nifty India Consumption TRI,2025-07-14,13979.051213156477
Nifty India Consumption TRI,2025-07-15,14080.687304282214
Nifty India Consumption TRI,2025-07-16,14134.932959724507
Nifty India Consumption TRI,2025-07-17,14108.288828684508
Nifty India Consumption TRI,2025-07-18,14021.23875873813
Nifty India Consumption TRI,2025-07-21,14080.198768657838
Nifty India Consumption TRI,2025-07-22,14145.903885025813
Nifty India Consumption TRI,2025-07-23,14191.474611163268
Nifty India Consumption TRI,2025-07-24,14122.989341388089
Nifty India Consumption TRI,2025-07-25,14011.103132306658
Nifty India Consumption TRI,2025-07-28,13921.892980379504
Nifty India Consumption TRI,2025-07-29,13999.656682240964
Nifty India Consumption TRI,2025-07-30,14028.328073122715
Nifty India Consumption TRI,2025-07-31,14075.586510504203
Nifty India Consumption TRI,2025-08-01,14025.783926900553
Nifty India Consumption TRI,2025-08-04,14129.443236170095
Nifty India Consumption TRI,2025-08-05,14139.117605301799
Nifty India Consumption TRI,2025-08-06,14088.94765015113
Nifty India Consumption TRI,2025-08-07,14119.66926859662
Nifty India Consumption TRI,2025-08-08,13969.226685393884
Nifty India Consumption TRI,2025-08-11,14102.115014664474
Nifty India Consumption TRI,2025-08-12,14091.21804893481
Nifty India Consumption TRI,2025-08-13,14208.85522470043
Nifty India Consumption TRI,2025-08-14,14203.480221005113
Nifty India Consumption TRI,2025-08-18,14505.498725848578
Nifty India Consumption TRI,2025-08-19,14625.695776716575
Nifty India Consumption TRI,2025-08-20,14752.80063733365
Nifty India Consumption TRI,2025-08-21,14709.76528969432
Nifty India Consumption TRI,2025-08-22,14635.16678979488
Nifty India Consumption TRI,2025-08-25,14656.401517316219
Nifty India Consumption TRI,2025-08-26,14601.292738769149
Nifty India Consumption TRI,2025-08-28,14479.302660389349
Nifty India Consumption TRI,2025-08-29,14474.413504797512
Nifty India Consumption TRI,2025-09-01,14655.047899133908
Nifty India Consumption TRI,2025-09-02,14660.90831895311
Nifty India Consumption TRI,2025-09-03,14762.147274704068
Nifty India Consumption TRI,2025-09-04,14836.861186946018
Nifty India Consumption TRI,2025-09-05,14851.612058429655
Nifty India Consumption TRI,2025-09-08,14926.369973156456
Nifty India Consumption TRI,2025-09-09,14941.726388334446
Nifty India Consumption TRI,2025-09-10,14897.525934832163
Nifty India Consumption TRI,2025-09-11,14903.81761944244
Nifty India Consumption TRI,2025-09-12,14861.233352652798
Nifty India Consumption TRI,2025-09-15,14829.001793421932
Nifty India Consumption TRI,2025-09-16,14917.14150366397
Nifty India Consumption TRI,2025-09-17,14945.293669532564
Nifty India Consumption TRI,2025-09-18,14996.028517343066
Nifty India Consumption TRI,2025-09-19,14969.593801218969
Nifty India Consumption TRI,2025-09-22,15007.821141814531
Nifty India Consumption TRI,2025-09-23,14889.480382483873
Nifty India Consumption TRI,2025-09-24,14798.762719739136
Nifty India Consumption TRI,2025-09-25,14709.240033624263
Nifty India Consumption TRI,2025-09-26,14513.743702725013
Nifty India Consumption TRI,2025-09-29,14549.167175366889
Nifty India Consumption TRI,2025-09-30,14495.488915983284
Nifty India Consumption TRI,2025-10-01,14578.375517819572
Nifty India Consumption TRI,2025-10-03,14594.068216657368
Nifty India Consumption TRI,2025-10-06,14675.300887573505
Nifty India Consumption TRI,2025-10-07,14694.57053206905
Nifty India Consumption TRI,2025-10-08,14644.54666240386
Nifty India Consumption TRI,2025-10-09,14697.4727231958
Nifty India Consumption TRI,2025-10-10,14767.350928224592
Nifty India Consumption TRI,2025-10-13,14744.512531661261
Nifty India Consumption TRI,2025-10-14,14701.273883258673
Nifty India Consumption TRI,2025-10-15,14847.026712616398
Nifty India Consumption TRI,2025-10-16,15008.780239582995
Nifty India Consumption TRI,2025-10-17,15174.573753350813
Nifty India Consumption TRI,2025-10-20,15198.128830911883
Nifty India Consumption TRI,2025-10-21,15192.474031728165
Nifty India Consumption TRI,2025-10-23,15113.213838418522
Nifty India Consumption TRI,2025-10-24,15057.404885230564
Nifty India Consumption TRI,2025-10-27,15156.908467570907
Nifty India Consumption TRI,2025-10-28,15095.438452737742
Nifty India Consumption TRI,2025-10-29,15127.847982001644
Nifty India Consumption TRI,2025-10-30,15037.444235255529
Nifty India Consumption TRI,2025-10-31,14935.184393611455
Nifty India Consumption TRI,2025-11-03,14973.402623218864
Nifty India Consumption TRI,2025-11-04,14899.699886211378
Nifty India Consumption TRI,2025-11-06,14830.36667981435
Nifty India Consumption TRI,2025-11-07,14743.536401765976
Nifty India Consumption TRI,2025-11-10,14710.262879637177
Nifty India Consumption TRI,2025-11-11,14826.129449212774
Nifty India Consumption TRI,2025-11-12,14910.173818803563
Nifty India Consumption TRI,2025-11-13,14871.768499507647
Nifty India Consumption TRI,2025-11-14,14910.746498879738
Nifty India Consumption TRI,2025-11-17,15019.635660914535
Nifty India Consumption TRI,2025-11-18,14963.592538727578
Nifty India Consumption TRI,2025-11-19,15024.128186465201
Nifty India Consumption TRI,2025-11-20,15046.568756032426
Nifty India Consumption TRI,2025-11-21,15048.244731550929
Nifty India Consumption TRI,2025-11-24,14955.872161549503
Nifty India Consumption TRI,2025-11-25,14935.691916012569
Nifty India Consumption TRI,2025-11-26,15048.07665607438
Nifty India Consumption TRI,2025-11-27,14991.353340501084
Nifty India Consumption TRI,2025-11-28,15018.13453635603
Nifty India Consumption TRI,2025-12-01,15008.046296438088
Nifty India Consumption TRI,2025-12-02,15005.566271142367
Nifty India Consumption TRI,2025-12-03,14843.811232250882
Nifty India Consumption TRI,2025-12-04,14873.783706252336
Nifty India Consumption TRI,2025-12-05,14906.227131167834
Nifty India Consumption TRI,2025-12-08,14660.090472140217
Nifty India Consumption TRI,2025-12-09,14645.912521716458
Nifty India Consumption TRI,2025-12-10,14546.203782170014
Nifty India Consumption TRI,2025-12-11,14624.601683648316
Nifty India Consumption TRI,2025-12-12,14712.040585422194
Nifty India Consumption TRI,2025-12-15,14705.347459757277
Nifty India Consumption TRI,2025-12-16,14691.288667415862
Nifty India Consumption TRI,2025-12-17,14624.210200099846
Nifty India Consumption TRI,2025-12-18,14584.541566231148
Nifty India Consumption TRI,2025-12-19,14690.798537796225
Nifty India Consumption TRI,2025-12-22,14802.930195146528
Nifty India Consumption TRI,2025-12-23,14803.212400846623
Nifty India Consumption TRI,2025-12-24,14791.080859438978
Nifty India Consumption TRI,2025-12-26,14743.00995047645
Nifty India Consumption TRI,2025-12-29,14686.532173875301
Nifty India Consumption TRI,2025-12-30,14685.544667314125
Nifty India Consumption TRI,2025-12-31,14815.418154321449
Nifty India Consumption TRI,2026-01-02,14776.740444819327
Nifty India Consumption TRI,2026-01-05,14810.501997200692
Nifty India Consumption TRI,2026-01-06,14800.71643098103
Nifty India Consumption TRI,2026-01-07,14771.395343082757
Nifty India Consumption TRI,2026-01-08,14659.408103006695
Nifty India Consumption TRI,2026-01-09,14504.603825096958
Nifty India Consumption TRI,2026-01-12,14570.24476612674
Nifty India Consumption TRI,2026-01-13,14524.445542516945
Nifty India Consumption TRI,2026-01-14,14461.033939340796
Nifty India Consumption TRI,2026-01-16,14362.061654692505
Nifty India Consumption TRI,2026-01-19,14385.479921360135
Nifty India Consumption TRI,2026-01-20,14074.136187338385
Nifty India Consumption TRI,2026-01-21,14069.44646014165
Nifty India Consumption TRI,2026-01-22,14106.319779207219
Nifty India Consumption TRI,2026-01-23,13914.558883874539
Nifty India Consumption TRI,2026-01-27,13810.338428838968
Nifty India Consumption TRI,2026-01-28,13826.69582920208
Nifty India Consumption TRI,2026-01-29,13741.74524813299
Nifty India Consumption TRI,2026-01-30,13841.00887825427
Nifty India Consumption TRI,2026-02-02,13756.602558341916
Nifty India Consumption TRI,2026-02-03,14028.601644894576
Nifty India Consumption TRI,2026-02-04,14227.47425049936
Nifty India Consumption TRI,2026-02-05,14143.482114495795
Nifty India Consumption TRI,2026-02-06,14243.80998441619
Nifty India Consumption TRI,2026-02-09,14334.115049178326
Nifty India Consumption TRI,2026-02-10,14421.968815921082
Nifty India Consumption TRI,2026-02-11,14502.947932705769
Nifty India Consumption TRI,2026-02-12,14460.115604226803
Nifty India Consumption TRI,2026-02-13,14225.36227571379
Nifty India Consumption TRI,2026-02-16,14274.991688716382
Nifty India Consumption TRI,2026-02-17,14319.693733330509
Nifty India Consumption TRI,2026-02-18,14386.921698129787
Nifty India Consumption TRI,2026-02-19,14100.608133879381
Nifty India Consumption TRI,2026-02-20,14143.196377711207
Nifty India Consumption TRI,2026-02-23,14210.946643850619
Nifty India Consumption TRI,2026-02-24,14088.848706805155
Nifty India Consumption TRI,2026-02-25,14137.24180192886
Nifty India Consumption TRI,2026-02-26,14145.955715214983
Nifty India Consumption TRI,2026-02-27,13936.985745034375
Nifty India Consumption TRI,2026-03-02,13715.864052083016
Nifty India Consumption TRI,2026-03-04,13518.926587272657
Nifty India Consumption TRI,2026-03-05,13665.605455301633
Nifty India Consumption TRI,2026-03-06,13526.408118767224
Nifty India Consumption TRI,2026-03-09,13259.689445714104
Nifty India Consumption TRI,2026-03-10,13456.114615508757
Nifty India Consumption TRI,2026-03-11,13207.512259625046
Nifty India Consumption TRI,2026-03-12,12998.292399294432
Nifty India Consumption TRI,2026-03-13,12781.08135204333
Nifty India Consumption TRI,2026-03-16,12926.761506408864
Nifty India Consumption TRI,2026-03-17,13072.332906569258
Nifty India Consumption TRI,2026-03-18,13226.31616739144
Nifty India Consumption TRI,2026-03-19,12803.981835257622
Nifty India Consumption TRI,2026-03-20,12901.08738587252
Nifty India Consumption TRI,2026-03-23,12499.059319325033
Nifty India Consumption TRI,2026-03-24,12735.756642164673
Nifty India Consumption TRI,2026-03-25,13016.724225088643
Nifty India Consumption TRI,2026-03-27,12768.123389835162
Nifty India Consumption TRI,2026-03-30,12497.739143213626
Nifty India Consumption TRI,2026-04-01,12753.449212734578
Nifty India Consumption TRI,2026-04-02,12732.371923035076
Nifty India Consumption TRI,2026-04-06,12889.793595248415
Nifty India Consumption TRI,2026-04-07,12948.918991465787
Nifty India Consumption TRI,2026-04-08,13419.415180840097
Nifty India Consumption TRI,2026-04-09,13365.752643913811
Nifty India Consumption TRI,2026-04-10,13573.283608403297
Nifty India Consumption TRI,2026-04-13,13406.421668259305
Nifty India Consumption TRI,2026-04-15,13636.12470186978
Nifty India Consumption TRI,2026-04-16,13652.640307257114
Nifty India Consumption TRI,2026-04-17,13812.252537288345
Nifty India Consumption TRI,2026-04-20,13850.99302759845
Nifty India Consumption TRI,2026-04-21,14026.127323622448
Nifty India Consumption TRI,2026-04-22,13988.255836536326
Nifty India Consumption TRI,2026-04-23,13828.255201034515
Nifty India Consumption TRI,2026-04-24,13722.530798043956
Nifty India Consumption TRI,2026-04-27,13855.209433715518
Nifty India Consumption TRI,2026-04-28,13805.400015582782
Nifty India Consumption TRI,2026-04-29,13946.32052728789
Nifty India Consumption TRI,2026-04-30,13822.5383626258
Nifty India Consumption TRI,2026-05-04,13857.126014543368
Nifty India Consumption TRI,2026-05-05,13874.023239151924
Nifty India Consumption TRI,2026-05-06,14058.211133707908
Nifty India Consumption TRI,2026-05-07,14069.60697160447
Nifty India Consumption TRI,2026-05-08,14094.204065732489
Nifty India Consumption TRI,2026-05-11,13848.263101190943
Nifty India Consumption TRI,2026-05-12,13561.642838167763
Nifty India Consumption TRI,2026-05-13,13596.642273756182
Nifty India Consumption TRI,2026-05-14,13792.258705238199
Nifty India Consumption TRI,2026-05-15,13787.598384194493
Nifty India Consumption TRI,2026-05-18,13719.34201510388
Nifty India Consumption TRI,2026-05-19,13712.316947983889
Nifty India Consumption TRI,2026-05-20,13704.98730304536
Nifty India Consumption TRI,2026-05-21,13705.471956935058
Nifty India Consumption TRI,2026-05-22,13703.59375496752
Nifty India Consumption TRI,2026-05-25,13830.94756063968
Nifty India Consumption TRI,2026-05-26,13813.259972176786
Nifty India Consumption TRI,2026-05-27,13903.967703333718
Nifty India Consumption TRI,2026-05-29,13647.299861195574
Nifty India Consumption TRI,2026-06-01,13434.217219200096
Nifty India Consumption TRI,2026-06-02,13534.931532421422
Nifty India Consumption TRI,2026-06-03,13497.349048047108
Nifty India Consumption TRI,2026-06-04,13559.162644182894
Nifty India Consumption TRI,2026-06-05,13568.672146587927
Nifty India Consumption TRI,2026-06-08,13436.936953455537
Nifty India Consumption TRI,2026-06-09,13513.306633561264
Nifty India Consumption TRI,2026-06-10,13465.469936827254
Nifty India Consumption TRI,2026-06-11,13395.077269191102
Nifty India Consumption TRI,2026-06-12,13615.257737274067
Nifty India Consumption TRI,2026-06-15,13851.833042046672
Nifty India Consumption TRI,2026-06-16,13928.66014772138
Nifty India Consumption TRI,2026-06-17,14013.31615358531
Nifty India Consumption TRI,2026-06-18,14087.426830363012
Nifty India Consumption TRI,2026-06-19,14094.776666892634
Nifty India Consumption TRI,2026-06-22,14079.594145855588
Nifty India Consumption TRI,2026-06-23,13961.341993654942
Nifty India Consumption TRI,2026-06-24,13960.92594575726
Nifty India Consumption TRI,2026-06-25,14062.953513115495
Nifty India Consumption TRI,2026-06-30,13970.80437199021
