index_name,date,tri
Nifty Private Bank TRI,2016-03-14,8581.400390625
Nifty Private Bank TRI,2016-03-15,8596.417189204534
Nifty Private Bank TRI,2016-03-16,8690.78714935436
Nifty Private Bank TRI,2016-03-17,8694.905987983631
Nifty Private Bank TRI,2016-03-18,8804.230879044699
Nifty Private Bank TRI,2016-03-21,8939.904293639862
Nifty Private Bank TRI,2016-03-22,8933.876284289569
Nifty Private Bank TRI,2016-03-23,8916.095687841707
Nifty Private Bank TRI,2016-03-28,8768.576536913239
Nifty Private Bank TRI,2016-03-29,8800.952880262685
Nifty Private Bank TRI,2016-03-30,9070.381892155134
Nifty Private Bank TRI,2016-03-31,9088.859619876835
Nifty Private Bank TRI,2016-04-01,9102.637476617596
Nifty Private Bank TRI,2016-04-04,9124.215676412452
Nifty Private Bank TRI,2016-04-05,8853.008770430553
Nifty Private Bank TRI,2016-04-06,8810.5664900375
Nifty Private Bank TRI,2016-04-07,8752.117804440028
Nifty Private Bank TRI,2016-04-08,8767.342081627512
Nifty Private Bank TRI,2016-04-11,8893.149592836568
Nifty Private Bank TRI,2016-04-12,8955.145137528298
Nifty Private Bank TRI,2016-04-13,9190.113608218617
Nifty Private Bank TRI,2016-04-18,9183.088020462392
Nifty Private Bank TRI,2016-04-20,9245.120023147909
Nifty Private Bank TRI,2016-04-21,9405.37914281907
Nifty Private Bank TRI,2016-04-22,9412.66177509097
Nifty Private Bank TRI,2016-04-25,9421.701752820924
Nifty Private Bank TRI,2016-04-26,9603.887470998474
Nifty Private Bank TRI,2016-04-27,9525.921901206837
Nifty Private Bank TRI,2016-04-28,9453.056944301228
Nifty Private Bank TRI,2016-04-29,9511.472628494039
Nifty Private Bank TRI,2016-05-02,9375.471244385722
Nifty Private Bank TRI,2016-05-03,9281.735399624618
Nifty Private Bank TRI,2016-05-04,9220.069125486405
Nifty Private Bank TRI,2016-05-05,9213.790090773424
Nifty Private Bank TRI,2016-05-06,9219.970091920048
Nifty Private Bank TRI,2016-05-09,9441.316511967649
Nifty Private Bank TRI,2016-05-10,9503.294337583471
Nifty Private Bank TRI,2016-05-11,9525.441538192446
Nifty Private Bank TRI,2016-05-12,9610.640118503328
Nifty Private Bank TRI,2016-05-13,9499.980423971643
Nifty Private Bank TRI,2016-05-16,9557.368811928161
Nifty Private Bank TRI,2016-05-17,9591.478221004203
Nifty Private Bank TRI,2016-05-18,9564.685894757647
Nifty Private Bank TRI,2016-05-19,9499.357144206204
Nifty Private Bank TRI,2016-05-20,9450.592538112613
Nifty Private Bank TRI,2016-05-23,9433.41310579567
Nifty Private Bank TRI,2016-05-24,9461.919029375646
Nifty Private Bank TRI,2016-05-25,9768.549624448853
Nifty Private Bank TRI,2016-05-26,9969.282293231085
Nifty Private Bank TRI,2016-05-27,10006.906483288114
Nifty Private Bank TRI,2016-05-30,10006.966451781751
Nifty Private Bank TRI,2016-05-31,10028.675868926754
Nifty Private Bank TRI,2016-06-01,9940.567278145887
Nifty Private Bank TRI,2016-06-02,10029.75043758283
Nifty Private Bank TRI,2016-06-03,10146.466464462674
Nifty Private Bank TRI,2016-06-06,10125.657600802797
Nifty Private Bank TRI,2016-06-07,10260.052194210439
Nifty Private Bank TRI,2016-06-08,10268.201697919661
Nifty Private Bank TRI,2016-06-09,10230.245900306976
Nifty Private Bank TRI,2016-06-10,10208.108843902877
Nifty Private Bank TRI,2016-06-13,10072.80868604203
Nifty Private Bank TRI,2016-06-14,10082.15799317393
Nifty Private Bank TRI,2016-06-15,10188.68068304574
Nifty Private Bank TRI,2016-06-16,10008.638487168775
Nifty Private Bank TRI,2016-06-17,10030.153458223002
Nifty Private Bank TRI,2016-06-20,10026.257815796327
Nifty Private Bank TRI,2016-06-21,9972.12218871442
Nifty Private Bank TRI,2016-06-22,9979.768608767003
Nifty Private Bank TRI,2016-06-23,10118.645905073157
Nifty Private Bank TRI,2016-06-24,9848.307026759798
Nifty Private Bank TRI,2016-06-27,9876.500291403005
Nifty Private Bank TRI,2016-06-28,9902.222948749117
Nifty Private Bank TRI,2016-06-29,9992.53963862195
Nifty Private Bank TRI,2016-06-30,10156.567024126642
Nifty Private Bank TRI,2016-07-01,10193.861562427765
Nifty Private Bank TRI,2016-07-04,10249.212726177935
Nifty Private Bank TRI,2016-07-05,10189.51041432488
Nifty Private Bank TRI,2016-07-07,10235.81110609996
Nifty Private Bank TRI,2016-07-08,10214.266166584717
Nifty Private Bank TRI,2016-07-11,10392.423386571587
Nifty Private Bank TRI,2016-07-12,10588.336023515352
Nifty Private Bank TRI,2016-07-13,10553.573371738961
Nifty Private Bank TRI,2016-07-14,10687.94090364266
Nifty Private Bank TRI,2016-07-15,10718.137279837752
Nifty Private Bank TRI,2016-07-18,10722.633140539116
Nifty Private Bank TRI,2016-07-19,10717.870664371301
Nifty Private Bank TRI,2016-07-20,10737.551132486942
Nifty Private Bank TRI,2016-07-21,10571.605635612055
Nifty Private Bank TRI,2016-07-22,10601.101856378169
Nifty Private Bank TRI,2016-07-25,10745.497555288415
Nifty Private Bank TRI,2016-07-26,10676.61770837105
Nifty Private Bank TRI,2016-07-27,10780.204011312695
Nifty Private Bank TRI,2016-07-28,10804.496602272868
Nifty Private Bank TRI,2016-07-29,10736.216443777981
Nifty Private Bank TRI,2016-08-01,10603.90272133979
Nifty Private Bank TRI,2016-08-02,10560.162324718101
Nifty Private Bank TRI,2016-08-03,10500.440556773687
Nifty Private Bank TRI,2016-08-04,10469.974425651504
Nifty Private Bank TRI,2016-08-05,10676.07177893529
Nifty Private Bank TRI,2016-08-08,10688.182937814267
Nifty Private Bank TRI,2016-08-09,10676.455306299888
Nifty Private Bank TRI,2016-08-10,10519.431054228688
Nifty Private Bank TRI,2016-08-11,10564.917478839143
Nifty Private Bank TRI,2016-08-12,10694.178285809048
Nifty Private Bank TRI,2016-08-16,10711.196584917318
Nifty Private Bank TRI,2016-08-17,10721.815328924702
Nifty Private Bank TRI,2016-08-18,10915.375946236712
Nifty Private Bank TRI,2016-08-19,10903.95024784973
Nifty Private Bank TRI,2016-08-22,10860.50073851406
Nifty Private Bank TRI,2016-08-23,10860.498317555643
Nifty Private Bank TRI,2016-08-24,10854.883807703683
Nifty Private Bank TRI,2016-08-25,10849.169309797137
Nifty Private Bank TRI,2016-08-26,10798.803382072581
Nifty Private Bank TRI,2016-08-29,10822.95047721556
Nifty Private Bank TRI,2016-08-30,10981.161831717422
Nifty Private Bank TRI,2016-08-31,11135.269346702184
Nifty Private Bank TRI,2016-09-01,11155.768662170218
Nifty Private Bank TRI,2016-09-02,11199.22277504581
Nifty Private Bank TRI,2016-09-06,11528.874333501954
Nifty Private Bank TRI,2016-09-07,11473.998519831865
Nifty Private Bank TRI,2016-09-08,11468.24142929714
Nifty Private Bank TRI,2016-09-09,11367.952619564863
Nifty Private Bank TRI,2016-09-12,11137.796078369767
Nifty Private Bank TRI,2016-09-14,11189.228559941175
Nifty Private Bank TRI,2016-09-15,11142.011837590633
Nifty Private Bank TRI,2016-09-16,11144.169070580623
Nifty Private Bank TRI,2016-09-19,11181.721219400139
Nifty Private Bank TRI,2016-09-20,11151.645191763964
Nifty Private Bank TRI,2016-09-21,11155.155827132527
Nifty Private Bank TRI,2016-09-22,11285.75028302658
Nifty Private Bank TRI,2016-09-23,11146.68739128229
Nifty Private Bank TRI,2016-09-26,10960.846282634568
Nifty Private Bank TRI,2016-09-27,10924.247819559127
Nifty Private Bank TRI,2016-09-28,10984.157960742965
Nifty Private Bank TRI,2016-09-29,10726.057336514417
Nifty Private Bank TRI,2016-09-30,10771.42674942926
Nifty Private Bank TRI,2016-10-03,10942.64054430437
Nifty Private Bank TRI,2016-10-04,10969.815342433432
Nifty Private Bank TRI,2016-10-05,10862.414491846002
Nifty Private Bank TRI,2016-10-06,10792.61634053882
Nifty Private Bank TRI,2016-10-07,10788.501686172616
Nifty Private Bank TRI,2016-10-10,10786.436471632582
Nifty Private Bank TRI,2016-10-13,10573.558607606095
Nifty Private Bank TRI,2016-10-14,10613.920931349896
Nifty Private Bank TRI,2016-10-17,10689.578311191257
Nifty Private Bank TRI,2016-10-18,10937.1599518276
Nifty Private Bank TRI,2016-10-19,10886.708010091677
Nifty Private Bank TRI,2016-10-20,11036.004252639752
Nifty Private Bank TRI,2016-10-21,11061.732021699085
Nifty Private Bank TRI,2016-10-24,11116.29966830792
Nifty Private Bank TRI,2016-10-25,11168.712370349302
Nifty Private Bank TRI,2016-10-26,10950.84250224408
Nifty Private Bank TRI,2016-10-27,10973.66278866541
Nifty Private Bank TRI,2016-10-28,10982.088361991293
Nifty Private Bank TRI,2016-11-01,10909.30572833423
Nifty Private Bank TRI,2016-11-02,10822.478213330452
Nifty Private Bank TRI,2016-11-03,10808.38133471109
Nifty Private Bank TRI,2016-11-04,10755.65934602305
Nifty Private Bank TRI,2016-11-07,10888.42873979468
Nifty Private Bank TRI,2016-11-08,10985.242971285365
Nifty Private Bank TRI,2016-11-09,10947.668963366936
Nifty Private Bank TRI,2016-11-10,11247.403322643324
Nifty Private Bank TRI,2016-11-11,10973.050701726486
Nifty Private Bank TRI,2016-11-15,10610.532934240096
Nifty Private Bank TRI,2016-11-16,10500.155288212933
Nifty Private Bank TRI,2016-11-17,10496.636876664335
Nifty Private Bank TRI,2016-11-18,10436.374978496204
Nifty Private Bank TRI,2016-11-21,10211.47868467493
Nifty Private Bank TRI,2016-11-22,10286.525880079975
Nifty Private Bank TRI,2016-11-23,10291.082024503728
Nifty Private Bank TRI,2016-11-24,10075.723475487746
Nifty Private Bank TRI,2016-11-25,10236.672230805032
Nifty Private Bank TRI,2016-11-28,10146.621800711253
Nifty Private Bank TRI,2016-11-29,10109.176962788679
Nifty Private Bank TRI,2016-11-30,10327.391627374427
Nifty Private Bank TRI,2016-12-01,10208.908819016644
Nifty Private Bank TRI,2016-12-02,10097.949756107184
Nifty Private Bank TRI,2016-12-05,10185.52907555085
Nifty Private Bank TRI,2016-12-06,10191.23921728297
Nifty Private Bank TRI,2016-12-07,10101.349319449895
Nifty Private Bank TRI,2016-12-08,10257.258586014297
Nifty Private Bank TRI,2016-12-09,10343.013527377234
Nifty Private Bank TRI,2016-12-12,10167.933622165987
Nifty Private Bank TRI,2016-12-13,10204.810251600426
Nifty Private Bank TRI,2016-12-14,10149.441745759586
Nifty Private Bank TRI,2016-12-15,10174.222841850156
Nifty Private Bank TRI,2016-12-16,10109.416387675945
Nifty Private Bank TRI,2016-12-19,10093.719245158823
Nifty Private Bank TRI,2016-12-20,9999.39472479074
Nifty Private Bank TRI,2016-12-21,10002.944778827467
Nifty Private Bank TRI,2016-12-22,9906.70967071287
Nifty Private Bank TRI,2016-12-23,9890.581806551667
Nifty Private Bank TRI,2016-12-26,9781.408974020262
Nifty Private Bank TRI,2016-12-27,9908.390021986548
Nifty Private Bank TRI,2016-12-28,9908.475321785465
Nifty Private Bank TRI,2016-12-29,9998.21475436051
Nifty Private Bank TRI,2016-12-30,10082.785738739178
Nifty Private Bank TRI,2017-01-02,9989.423662699335
Nifty Private Bank TRI,2017-01-03,10038.656861919442
Nifty Private Bank TRI,2017-01-04,9953.048651735327
Nifty Private Bank TRI,2017-01-05,10098.722828233467
Nifty Private Bank TRI,2017-01-06,10190.081760041272
Nifty Private Bank TRI,2017-01-09,10201.34349508487
Nifty Private Bank TRI,2017-01-10,10259.320429036163
Nifty Private Bank TRI,2017-01-11,10502.765902186518
Nifty Private Bank TRI,2017-01-12,10533.335165521738
Nifty Private Bank TRI,2017-01-13,10574.750139474898
Nifty Private Bank TRI,2017-01-16,10657.83001640652
Nifty Private Bank TRI,2017-01-17,10645.975807331635
Nifty Private Bank TRI,2017-01-18,10698.090707627947
Nifty Private Bank TRI,2017-01-19,10671.42296712573
Nifty Private Bank TRI,2017-01-20,10509.27814935452
Nifty Private Bank TRI,2017-01-23,10499.314452546403
Nifty Private Bank TRI,2017-01-24,10590.299156684565
Nifty Private Bank TRI,2017-01-25,10859.455327608472
Nifty Private Bank TRI,2017-01-27,10971.337501199429
Nifty Private Bank TRI,2017-01-30,10889.374606716654
Nifty Private Bank TRI,2017-01-31,10865.618295496211
Nifty Private Bank TRI,2017-02-01,11135.407189915726
Nifty Private Bank TRI,2017-02-02,11159.716019574156
Nifty Private Bank TRI,2017-02-03,11192.061203042547
Nifty Private Bank TRI,2017-02-06,11324.561769490205
Nifty Private Bank TRI,2017-02-07,11286.79591626217
Nifty Private Bank TRI,2017-02-08,11233.05758979513
Nifty Private Bank TRI,2017-02-09,11186.248557223345
Nifty Private Bank TRI,2017-02-10,11225.83019065379
Nifty Private Bank TRI,2017-02-13,11308.466046076464
Nifty Private Bank TRI,2017-02-14,11310.629690644455
Nifty Private Bank TRI,2017-02-15,11254.926339819067
Nifty Private Bank TRI,2017-02-16,11287.580715501006
Nifty Private Bank TRI,2017-02-17,11454.507338298277
Nifty Private Bank TRI,2017-02-20,11497.374899348044
Nifty Private Bank TRI,2017-02-21,11613.826898306923
Nifty Private Bank TRI,2017-02-22,11637.997758295178
Nifty Private Bank TRI,2017-02-23,11662.120216867423
Nifty Private Bank TRI,2017-02-27,11488.123810468172
Nifty Private Bank TRI,2017-02-28,11475.620539831461
Nifty Private Bank TRI,2017-03-01,11588.819287534792
Nifty Private Bank TRI,2017-03-02,11470.407371161455
Nifty Private Bank TRI,2017-03-03,11443.985639303099
Nifty Private Bank TRI,2017-03-06,11530.924768590987
Nifty Private Bank TRI,2017-03-07,11507.467064121392
Nifty Private Bank TRI,2017-03-08,11524.707743268118
Nifty Private Bank TRI,2017-03-09,11532.80443928312
Nifty Private Bank TRI,2017-03-10,11537.232924596816
Nifty Private Bank TRI,2017-03-14,11780.770979188046
Nifty Private Bank TRI,2017-03-15,11796.810814748153
Nifty Private Bank TRI,2017-03-16,11845.916768889952
Nifty Private Bank TRI,2017-03-17,11818.338897182564
Nifty Private Bank TRI,2017-03-20,11757.061736502292
Nifty Private Bank TRI,2017-03-21,11701.94218692022
Nifty Private Bank TRI,2017-03-22,11576.262466873097
Nifty Private Bank TRI,2017-03-23,11655.472649401478
Nifty Private Bank TRI,2017-03-24,11768.15673424788
Nifty Private Bank TRI,2017-03-27,11706.820569949246
Nifty Private Bank TRI,2017-03-28,11795.538144113289
Nifty Private Bank TRI,2017-03-29,11869.380357574788
Nifty Private Bank TRI,2017-03-30,11965.791884785729
Nifty Private Bank TRI,2017-03-31,11864.87961105269
Nifty Private Bank TRI,2017-04-03,11959.911219120495
Nifty Private Bank TRI,2017-04-05,12011.960657861264
Nifty Private Bank TRI,2017-04-06,12004.735049905075
Nifty Private Bank TRI,2017-04-07,11893.860526120463
Nifty Private Bank TRI,2017-04-10,11960.75306017672
Nifty Private Bank TRI,2017-04-11,12079.248933234181
Nifty Private Bank TRI,2017-04-12,12047.643800806807
Nifty Private Bank TRI,2017-04-13,12056.655711398887
Nifty Private Bank TRI,2017-04-17,12039.215931986408
Nifty Private Bank TRI,2017-04-18,12040.888545844507
Nifty Private Bank TRI,2017-04-19,11991.231097651744
Nifty Private Bank TRI,2017-04-20,11906.178337586218
Nifty Private Bank TRI,2017-04-21,11928.261019491027
Nifty Private Bank TRI,2017-04-24,12078.679169379033
Nifty Private Bank TRI,2017-04-25,12207.9090232691
Nifty Private Bank TRI,2017-04-26,12316.327542107456
Nifty Private Bank TRI,2017-04-27,12382.965529947367
Nifty Private Bank TRI,2017-04-28,12377.955315766578
Nifty Private Bank TRI,2017-05-02,12376.16832134499
Nifty Private Bank TRI,2017-05-03,12331.684604058273
Nifty Private Bank TRI,2017-05-04,12580.61168326261
Nifty Private Bank TRI,2017-05-05,12529.593402495568
Nifty Private Bank TRI,2017-05-08,12624.797620660487
Nifty Private Bank TRI,2017-05-09,12611.493348603999
Nifty Private Bank TRI,2017-05-10,12697.558507866117
Nifty Private Bank TRI,2017-05-11,12670.425209768988
Nifty Private Bank TRI,2017-05-12,12561.367044114437
Nifty Private Bank TRI,2017-05-15,12646.976947930167
Nifty Private Bank TRI,2017-05-16,12670.032994842175
Nifty Private Bank TRI,2017-05-17,12694.90004805564
Nifty Private Bank TRI,2017-05-18,12559.4296633115
Nifty Private Bank TRI,2017-05-19,12581.529648140622
Nifty Private Bank TRI,2017-05-22,12564.139461064504
Nifty Private Bank TRI,2017-05-23,12555.257408394216
Nifty Private Bank TRI,2017-05-24,12567.39932365548
Nifty Private Bank TRI,2017-05-25,12932.090238648729
Nifty Private Bank TRI,2017-05-26,13068.378280702138
Nifty Private Bank TRI,2017-05-29,12968.208441271312
Nifty Private Bank TRI,2017-05-30,13032.672757623099
Nifty Private Bank TRI,2017-05-31,13113.286019988875
Nifty Private Bank TRI,2017-06-01,13043.743847393662
Nifty Private Bank TRI,2017-06-02,13083.36010232924
Nifty Private Bank TRI,2017-06-05,13140.944200985401
Nifty Private Bank TRI,2017-06-06,13112.901332886873
Nifty Private Bank TRI,2017-06-07,13200.918290055326
Nifty Private Bank TRI,2017-06-08,13185.50280090826
Nifty Private Bank TRI,2017-06-09,13269.80102698022
Nifty Private Bank TRI,2017-06-12,13138.12530663887
Nifty Private Bank TRI,2017-06-13,13136.845457380286
Nifty Private Bank TRI,2017-06-14,13149.401644520742
Nifty Private Bank TRI,2017-06-15,13094.186034632665
Nifty Private Bank TRI,2017-06-16,13164.503266792908
Nifty Private Bank TRI,2017-06-19,13292.141675369565
Nifty Private Bank TRI,2017-06-20,13267.416209313287
Nifty Private Bank TRI,2017-06-21,13249.029912401988
Nifty Private Bank TRI,2017-06-22,13252.532637765778
Nifty Private Bank TRI,2017-06-23,13177.888394944246
Nifty Private Bank TRI,2017-06-27,13026.63597639514
Nifty Private Bank TRI,2017-06-28,13063.902215179296
Nifty Private Bank TRI,2017-06-29,13085.618389470828
Nifty Private Bank TRI,2017-06-30,13074.927291579816
Nifty Private Bank TRI,2017-07-03,13101.632469097583
Nifty Private Bank TRI,2017-07-04,13083.492245729358
Nifty Private Bank TRI,2017-07-05,13183.923725034603
Nifty Private Bank TRI,2017-07-06,13203.127191427517
Nifty Private Bank TRI,2017-07-07,13182.67267533146
Nifty Private Bank TRI,2017-07-10,13282.364517697657
Nifty Private Bank TRI,2017-07-11,13227.835891095288
Nifty Private Bank TRI,2017-07-12,13281.267436403348
Nifty Private Bank TRI,2017-07-13,13419.210596711906
Nifty Private Bank TRI,2017-07-14,13438.671022312723
Nifty Private Bank TRI,2017-07-17,13483.920025250409
Nifty Private Bank TRI,2017-07-18,13498.298611686852
Nifty Private Bank TRI,2017-07-19,13563.87095547361
Nifty Private Bank TRI,2017-07-20,13609.56168229016
Nifty Private Bank TRI,2017-07-21,13657.165924554036
Nifty Private Bank TRI,2017-07-24,13700.716378054032
Nifty Private Bank TRI,2017-07-25,13755.976903198984
Nifty Private Bank TRI,2017-07-26,13872.051310988558
Nifty Private Bank TRI,2017-07-27,13992.811136401051
Nifty Private Bank TRI,2017-07-28,13908.375431692288
Nifty Private Bank TRI,2017-07-31,14023.682333319106
Nifty Private Bank TRI,2017-08-01,14052.269161647911
Nifty Private Bank TRI,2017-08-02,14016.664761996784
Nifty Private Bank TRI,2017-08-03,13810.230405147531
Nifty Private Bank TRI,2017-08-04,13876.475230711389
Nifty Private Bank TRI,2017-08-07,13901.211750502016
Nifty Private Bank TRI,2017-08-08,13739.070410077973
Nifty Private Bank TRI,2017-08-09,13595.052156610558
Nifty Private Bank TRI,2017-08-10,13530.9374869944
Nifty Private Bank TRI,2017-08-11,13495.069804637618
Nifty Private Bank TRI,2017-08-14,13595.27523469657
Nifty Private Bank TRI,2017-08-16,13761.368908154405
Nifty Private Bank TRI,2017-08-17,13648.353927535376
Nifty Private Bank TRI,2017-08-18,13565.249495579228
Nifty Private Bank TRI,2017-08-21,13511.466862002433
Nifty Private Bank TRI,2017-08-22,13542.169583995275
Nifty Private Bank TRI,2017-08-23,13724.158115606444
Nifty Private Bank TRI,2017-08-24,13697.45212511487
Nifty Private Bank TRI,2017-08-28,13782.812751256439
Nifty Private Bank TRI,2017-08-29,13641.424474034538
Nifty Private Bank TRI,2017-08-30,13747.832683219931
Nifty Private Bank TRI,2017-08-31,13736.637755433452
Nifty Private Bank TRI,2017-09-01,13842.999011480642
Nifty Private Bank TRI,2017-09-04,13722.931481351943
Nifty Private Bank TRI,2017-09-05,13792.227172260853
Nifty Private Bank TRI,2017-09-06,13767.884368042116
Nifty Private Bank TRI,2017-09-07,13775.326054056031
Nifty Private Bank TRI,2017-09-08,13814.200337287093
Nifty Private Bank TRI,2017-09-11,13995.054651671602
Nifty Private Bank TRI,2017-09-12,14036.452791791236
Nifty Private Bank TRI,2017-09-13,14055.183060448586
Nifty Private Bank TRI,2017-09-14,14107.816458699323
Nifty Private Bank TRI,2017-09-15,14059.797791791994
Nifty Private Bank TRI,2017-09-18,14206.020227808118
Nifty Private Bank TRI,2017-09-19,14239.817068578634
Nifty Private Bank TRI,2017-09-20,14171.090777217592
Nifty Private Bank TRI,2017-09-21,14076.115255982299
Nifty Private Bank TRI,2017-09-22,13818.856748178297
Nifty Private Bank TRI,2017-09-25,13715.632207354496
Nifty Private Bank TRI,2017-09-26,13758.595148819866
Nifty Private Bank TRI,2017-09-27,13547.266606745334
Nifty Private Bank TRI,2017-09-28,13656.335274103398
Nifty Private Bank TRI,2017-09-29,13673.804738920944
Nifty Private Bank TRI,2017-10-03,13724.285489620543
Nifty Private Bank TRI,2017-10-04,13743.520712433372
Nifty Private Bank TRI,2017-10-05,13702.840746450114
Nifty Private Bank TRI,2017-10-06,13764.354759786329
Nifty Private Bank TRI,2017-10-09,13822.1151913801
Nifty Private Bank TRI,2017-10-10,13877.485508740388
Nifty Private Bank TRI,2017-10-11,13761.817123778052
Nifty Private Bank TRI,2017-10-12,13915.91311982014
Nifty Private Bank TRI,2017-10-13,14109.574334913861
Nifty Private Bank TRI,2017-10-16,14115.242378939867
Nifty Private Bank TRI,2017-10-17,14083.381591947553
Nifty Private Bank TRI,2017-10-18,13855.968359787268
Nifty Private Bank TRI,2017-10-19,13665.94752988594
Nifty Private Bank TRI,2017-10-23,13675.211324734542
Nifty Private Bank TRI,2017-10-24,13697.727324912068
Nifty Private Bank TRI,2017-10-25,13785.063868184847
Nifty Private Bank TRI,2017-10-26,13799.768196749917
Nifty Private Bank TRI,2017-10-27,13772.233429144144
Nifty Private Bank TRI,2017-10-30,13828.952218525494
Nifty Private Bank TRI,2017-10-31,13922.447147622643
Nifty Private Bank TRI,2017-11-01,14167.62632392998
Nifty Private Bank TRI,2017-11-02,14161.569738805414
Nifty Private Bank TRI,2017-11-03,14236.823786688958
Nifty Private Bank TRI,2017-11-06,14157.906560383472
Nifty Private Bank TRI,2017-11-07,14061.81029165106
Nifty Private Bank TRI,2017-11-08,14022.175177388006
Nifty Private Bank TRI,2017-11-09,14068.445958535442
Nifty Private Bank TRI,2017-11-10,14106.04594952787
Nifty Private Bank TRI,2017-11-13,14029.031041664679
Nifty Private Bank TRI,2017-11-14,14005.980008343187
Nifty Private Bank TRI,2017-11-15,13989.331150514972
Nifty Private Bank TRI,2017-11-16,14070.949829344696
Nifty Private Bank TRI,2017-11-17,14229.965874772543
Nifty Private Bank TRI,2017-11-20,14275.17260520067
Nifty Private Bank TRI,2017-11-21,14275.821540407873
Nifty Private Bank TRI,2017-11-22,14230.030432912934
Nifty Private Bank TRI,2017-11-23,14239.09924794029
Nifty Private Bank TRI,2017-11-24,14280.793942783328
Nifty Private Bank TRI,2017-11-27,14341.437538768087
Nifty Private Bank TRI,2017-11-28,14327.211203307606
Nifty Private Bank TRI,2017-11-29,14305.520657363257
Nifty Private Bank TRI,2017-11-30,14047.11447622265
Nifty Private Bank TRI,2017-12-01,14005.95375308127
Nifty Private Bank TRI,2017-12-04,13923.86929201575
Nifty Private Bank TRI,2017-12-05,13943.425772346509
Nifty Private Bank TRI,2017-12-06,13817.634206202578
Nifty Private Bank TRI,2017-12-07,13935.03085333565
Nifty Private Bank TRI,2017-12-08,14116.281882106588
Nifty Private Bank TRI,2017-12-11,14136.026162636539
Nifty Private Bank TRI,2017-12-12,13963.11808028288
Nifty Private Bank TRI,2017-12-13,13910.298408438643
Nifty Private Bank TRI,2017-12-14,14001.22809825674
Nifty Private Bank TRI,2017-12-15,14164.13713876552
Nifty Private Bank TRI,2017-12-18,14212.434980011287
Nifty Private Bank TRI,2017-12-19,14295.85888787516
Nifty Private Bank TRI,2017-12-20,14255.951906488952
Nifty Private Bank TRI,2017-12-21,14224.367043233226
Nifty Private Bank TRI,2017-12-22,14259.822105920704
Nifty Private Bank TRI,2017-12-26,14315.840630971896
Nifty Private Bank TRI,2017-12-27,14213.879253075527
Nifty Private Bank TRI,2017-12-28,14224.76803972248
Nifty Private Bank TRI,2017-12-29,14266.684371744625
Nifty Private Bank TRI,2018-01-01,14147.143541964422
Nifty Private Bank TRI,2018-01-02,14173.471237908027
Nifty Private Bank TRI,2018-01-03,14193.997594742374
Nifty Private Bank TRI,2018-01-04,14227.99515857495
Nifty Private Bank TRI,2018-01-05,14363.456514258323
Nifty Private Bank TRI,2018-01-08,14436.29767436402
Nifty Private Bank TRI,2018-01-09,14453.599854435615
Nifty Private Bank TRI,2018-01-10,14413.078430212254
Nifty Private Bank TRI,2018-01-11,14424.426302309446
Nifty Private Bank TRI,2018-01-12,14500.059262925197
Nifty Private Bank TRI,2018-01-15,14692.807885078544
Nifty Private Bank TRI,2018-01-16,14680.444365574722
Nifty Private Bank TRI,2018-01-17,14831.980487318613
Nifty Private Bank TRI,2018-01-18,14992.150704895732
Nifty Private Bank TRI,2018-01-19,15189.467351507328
Nifty Private Bank TRI,2018-01-22,15296.32000688143
Nifty Private Bank TRI,2018-01-23,15476.895139461583
Nifty Private Bank TRI,2018-01-24,15357.85325224588
Nifty Private Bank TRI,2018-01-25,15518.348551896564
Nifty Private Bank TRI,2018-01-29,15547.611522569476
Nifty Private Bank TRI,2018-01-30,15374.20269028122
Nifty Private Bank TRI,2018-01-31,15453.754140426823
Nifty Private Bank TRI,2018-02-01,15419.744321126074
Nifty Private Bank TRI,2018-02-02,14952.925761073066
Nifty Private Bank TRI,2018-02-05,14721.048847363776
Nifty Private Bank TRI,2018-02-06,14569.6195078586
Nifty Private Bank TRI,2018-02-07,14506.672211042627
Nifty Private Bank TRI,2018-02-08,14623.876473904415
Nifty Private Bank TRI,2018-02-09,14359.570641441285
Nifty Private Bank TRI,2018-02-12,14520.383319825076
Nifty Private Bank TRI,2018-02-14,14352.928560536
Nifty Private Bank TRI,2018-02-15,14440.458914037452
Nifty Private Bank TRI,2018-02-16,14305.462290159885
Nifty Private Bank TRI,2018-02-19,14275.909153007236
Nifty Private Bank TRI,2018-02-20,14146.810320379449
Nifty Private Bank TRI,2018-02-21,14176.840778834294
Nifty Private Bank TRI,2018-02-22,14209.901281705761
Nifty Private Bank TRI,2018-02-23,14419.216399401153
Nifty Private Bank TRI,2018-02-26,14687.30185563503
Nifty Private Bank TRI,2018-02-27,14542.948526047876
Nifty Private Bank TRI,2018-02-28,14349.664045017093
Nifty Private Bank TRI,2018-03-01,14251.198542687125
Nifty Private Bank TRI,2018-03-05,14186.182971312703
Nifty Private Bank TRI,2018-03-06,13994.089852255565
Nifty Private Bank TRI,2018-03-07,13840.52038660481
Nifty Private Bank TRI,2018-03-08,14004.218310800034
Nifty Private Bank TRI,2018-03-09,13903.212439980278
Nifty Private Bank TRI,2018-03-12,14166.732640252443
Nifty Private Bank TRI,2018-03-13,14198.741226186761
Nifty Private Bank TRI,2018-03-14,14255.24362267129
Nifty Private Bank TRI,2018-03-15,14211.553184615583
Nifty Private Bank TRI,2018-03-16,14025.24191586443
Nifty Private Bank TRI,2018-03-19,13892.889414415775
Nifty Private Bank TRI,2018-03-20,13838.43207679207
Nifty Private Bank TRI,2018-03-21,13877.56076642635
Nifty Private Bank TRI,2018-03-22,13820.122637287652
Nifty Private Bank TRI,2018-03-23,13554.441719717137
Nifty Private Bank TRI,2018-03-26,13813.958157787305
Nifty Private Bank TRI,2018-03-27,13908.145462847642
Nifty Private Bank TRI,2018-03-28,13827.670411401597
Nifty Private Bank TRI,2018-04-02,13828.361967769957
Nifty Private Bank TRI,2018-04-03,13966.708499177801
Nifty Private Bank TRI,2018-04-04,13754.784902933454
Nifty Private Bank TRI,2018-04-05,14111.413981181584
Nifty Private Bank TRI,2018-04-06,14162.07312488201
Nifty Private Bank TRI,2018-04-09,14293.194166725354
Nifty Private Bank TRI,2018-04-10,14410.998212279672
Nifty Private Bank TRI,2018-04-11,14363.807625798932
Nifty Private Bank TRI,2018-04-12,14446.80674497326
Nifty Private Bank TRI,2018-04-13,14472.972317942535
Nifty Private Bank TRI,2018-04-16,14556.424035606187
Nifty Private Bank TRI,2018-04-17,14571.881754916561
Nifty Private Bank TRI,2018-04-18,14438.795269057438
Nifty Private Bank TRI,2018-04-19,14445.560780022803
Nifty Private Bank TRI,2018-04-20,14312.520245008547
Nifty Private Bank TRI,2018-04-23,14349.183132692044
Nifty Private Bank TRI,2018-04-24,14432.246940221805
Nifty Private Bank TRI,2018-04-25,14312.23422911113
Nifty Private Bank TRI,2018-04-26,14475.441076490251
Nifty Private Bank TRI,2018-04-27,14714.752253497247
Nifty Private Bank TRI,2018-04-30,14749.010060213084
Nifty Private Bank TRI,2018-05-02,14781.149056091883
Nifty Private Bank TRI,2018-05-03,14811.066104340123
Nifty Private Bank TRI,2018-05-04,14812.834774255569
Nifty Private Bank TRI,2018-05-07,14954.99878172536
Nifty Private Bank TRI,2018-05-08,15137.547551644955
Nifty Private Bank TRI,2018-05-09,15182.279393492747
Nifty Private Bank TRI,2018-05-10,15149.88826436362
Nifty Private Bank TRI,2018-05-11,15320.418032263882
Nifty Private Bank TRI,2018-05-14,15333.529375889268
Nifty Private Bank TRI,2018-05-15,15351.833790591194
Nifty Private Bank TRI,2018-05-16,15211.02463537771
Nifty Private Bank TRI,2018-05-17,15124.193162112877
Nifty Private Bank TRI,2018-05-18,15026.745694552683
Nifty Private Bank TRI,2018-05-21,14911.404388731316
Nifty Private Bank TRI,2018-05-22,14867.530101843437
Nifty Private Bank TRI,2018-05-23,14768.049506571477
Nifty Private Bank TRI,2018-05-24,14954.629205864068
Nifty Private Bank TRI,2018-05-25,15121.397577994034
Nifty Private Bank TRI,2018-05-28,15284.594174975402
Nifty Private Bank TRI,2018-05-29,15082.488810852316
Nifty Private Bank TRI,2018-05-30,15095.737113675266
Nifty Private Bank TRI,2018-05-31,15424.49858812947
Nifty Private Bank TRI,2018-06-01,15286.895355593715
Nifty Private Bank TRI,2018-06-04,15087.769181562971
Nifty Private Bank TRI,2018-06-05,15055.617977141774
Nifty Private Bank TRI,2018-06-06,15109.415961655055
Nifty Private Bank TRI,2018-06-07,15219.942838310546
Nifty Private Bank TRI,2018-06-08,15158.517533614158
Nifty Private Bank TRI,2018-06-11,15163.133142098293
Nifty Private Bank TRI,2018-06-12,15223.81335726151
Nifty Private Bank TRI,2018-06-13,15237.26952335194
Nifty Private Bank TRI,2018-06-14,15198.593379995118
Nifty Private Bank TRI,2018-06-15,15139.336585633642
Nifty Private Bank TRI,2018-06-18,15158.261701042476
Nifty Private Bank TRI,2018-06-19,15071.845584966975
Nifty Private Bank TRI,2018-06-20,15246.715298069674
Nifty Private Bank TRI,2018-06-21,15236.708907922992
Nifty Private Bank TRI,2018-06-22,15379.877715007675
Nifty Private Bank TRI,2018-06-25,15278.504475277918
Nifty Private Bank TRI,2018-06-26,15278.257755270191
Nifty Private Bank TRI,2018-06-27,15152.235462435001
Nifty Private Bank TRI,2018-06-28,15082.245185769993
Nifty Private Bank TRI,2018-06-29,15133.734127441967
Nifty Private Bank TRI,2018-07-02,15085.497091605243
Nifty Private Bank TRI,2018-07-03,15081.656886971648
Nifty Private Bank TRI,2018-07-04,15206.740601908778
Nifty Private Bank TRI,2018-07-05,15233.805446491875
Nifty Private Bank TRI,2018-07-06,15231.181208794758
Nifty Private Bank TRI,2018-07-09,15387.191614988596
Nifty Private Bank TRI,2018-07-10,15445.217744265638
Nifty Private Bank TRI,2018-07-11,15419.327016495687
Nifty Private Bank TRI,2018-07-12,15524.094722793814
Nifty Private Bank TRI,2018-07-13,15465.779946560899
Nifty Private Bank TRI,2018-07-16,15331.449365588469
Nifty Private Bank TRI,2018-07-17,15510.737331898417
Nifty Private Bank TRI,2018-07-18,15417.361576621757
Nifty Private Bank TRI,2018-07-19,15321.048736612174
Nifty Private Bank TRI,2018-07-20,15374.984326389425
Nifty Private Bank TRI,2018-07-23,15476.94800983803
Nifty Private Bank TRI,2018-07-24,15430.766869551999
Nifty Private Bank TRI,2018-07-25,15425.260209425593
Nifty Private Bank TRI,2018-07-26,15563.74299103639
Nifty Private Bank TRI,2018-07-27,15732.99016360184
Nifty Private Bank TRI,2018-07-30,15853.24420385698
Nifty Private Bank TRI,2018-07-31,15799.828022429778
Nifty Private Bank TRI,2018-08-01,15693.586348625224
Nifty Private Bank TRI,2018-08-02,15571.505116675784
Nifty Private Bank TRI,2018-08-03,15808.368516824448
Nifty Private Bank TRI,2018-08-06,15916.087636303186
Nifty Private Bank TRI,2018-08-07,15918.784654579542
Nifty Private Bank TRI,2018-08-08,16026.126867820758
Nifty Private Bank TRI,2018-08-09,16187.871296938945
Nifty Private Bank TRI,2018-08-10,16135.109616671092
Nifty Private Bank TRI,2018-08-13,15991.746609432026
Nifty Private Bank TRI,2018-08-14,16169.644288116033
Nifty Private Bank TRI,2018-08-16,16057.58510992551
Nifty Private Bank TRI,2018-08-17,16222.636185176294
Nifty Private Bank TRI,2018-08-20,16258.677822322612
Nifty Private Bank TRI,2018-08-21,16251.207306906514
Nifty Private Bank TRI,2018-08-23,16128.003810120117
Nifty Private Bank TRI,2018-08-24,16008.523268724219
Nifty Private Bank TRI,2018-08-27,16275.66972875105
Nifty Private Bank TRI,2018-08-28,16287.17978478023
Nifty Private Bank TRI,2018-08-29,16243.415914515646
Nifty Private Bank TRI,2018-08-30,16170.79882443522
Nifty Private Bank TRI,2018-08-31,16130.221510314062
Nifty Private Bank TRI,2018-09-03,15943.687868412238
Nifty Private Bank TRI,2018-09-04,15756.506896926852
Nifty Private Bank TRI,2018-09-05,15725.033051155544
Nifty Private Bank TRI,2018-09-06,15784.880398054258
Nifty Private Bank TRI,2018-09-07,15812.938655684562
Nifty Private Bank TRI,2018-09-10,15669.456945623191
Nifty Private Bank TRI,2018-09-11,15454.915353717099
Nifty Private Bank TRI,2018-09-12,15439.887995061088
Nifty Private Bank TRI,2018-09-14,15642.264761384638
Nifty Private Bank TRI,2018-09-17,15469.650017851858
Nifty Private Bank TRI,2018-09-18,15294.47626153988
Nifty Private Bank TRI,2018-09-19,15222.788512752302
Nifty Private Bank TRI,2018-09-21,14697.332296271465
Nifty Private Bank TRI,2018-09-24,14334.274201652295
Nifty Private Bank TRI,2018-09-25,14529.315954023466
Nifty Private Bank TRI,2018-09-26,14585.214227291182
Nifty Private Bank TRI,2018-09-27,14313.087539781902
Nifty Private Bank TRI,2018-09-28,14331.512535261452
Nifty Private Bank TRI,2018-10-01,14408.616039780543
Nifty Private Bank TRI,2018-10-03,14195.659239904771
Nifty Private Bank TRI,2018-10-04,14132.39854010248
Nifty Private Bank TRI,2018-10-05,13912.296773961689
Nifty Private Bank TRI,2018-10-08,14043.276413050151
Nifty Private Bank TRI,2018-10-09,14005.180576091463
Nifty Private Bank TRI,2018-10-10,14474.454013667695
Nifty Private Bank TRI,2018-10-11,14212.606845154824
Nifty Private Bank TRI,2018-10-12,14599.13802111904
Nifty Private Bank TRI,2018-10-15,14546.098195293727
Nifty Private Bank TRI,2018-10-16,14685.230385575007
Nifty Private Bank TRI,2018-10-17,14467.379352284554
Nifty Private Bank TRI,2018-10-19,14394.885819939509
Nifty Private Bank TRI,2018-10-22,14336.919435000798
Nifty Private Bank TRI,2018-10-23,14311.027925376447
Nifty Private Bank TRI,2018-10-24,14366.79215587411
Nifty Private Bank TRI,2018-10-25,14258.533390644428
Nifty Private Bank TRI,2018-10-26,13966.183948847345
Nifty Private Bank TRI,2018-10-29,14309.667534826145
Nifty Private Bank TRI,2018-10-30,14173.487253550293
Nifty Private Bank TRI,2018-10-31,14394.307071514822
Nifty Private Bank TRI,2018-11-01,14503.779324093492
Nifty Private Bank TRI,2018-11-02,14745.280103104196
Nifty Private Bank TRI,2018-11-05,14692.028027315035
Nifty Private Bank TRI,2018-11-06,14657.979575736243
Nifty Private Bank TRI,2018-11-07,14759.257000065547
Nifty Private Bank TRI,2018-11-09,14817.673433754591
Nifty Private Bank TRI,2018-11-12,14717.347703600808
Nifty Private Bank TRI,2018-11-13,14888.203767616456
Nifty Private Bank TRI,2018-11-14,14917.694806030286
Nifty Private Bank TRI,2018-11-15,15051.466624192955
Nifty Private Bank TRI,2018-11-16,15027.603181994913
Nifty Private Bank TRI,2018-11-19,15071.747626444403
Nifty Private Bank TRI,2018-11-20,14967.05765226407
Nifty Private Bank TRI,2018-11-21,15046.01016281165
Nifty Private Bank TRI,2018-11-22,14895.202108157015
Nifty Private Bank TRI,2018-11-26,15085.452130819482
Nifty Private Bank TRI,2018-11-27,15102.027882801362
Nifty Private Bank TRI,2018-11-28,15110.24092335475
Nifty Private Bank TRI,2018-11-29,15405.25643090202
Nifty Private Bank TRI,2018-11-30,15360.91781074689
Nifty Private Bank TRI,2018-12-03,15367.629084778036
Nifty Private Bank TRI,2018-12-04,15316.648114126794
Nifty Private Bank TRI,2018-12-05,15169.618295640052
Nifty Private Bank TRI,2018-12-06,14952.790119062878
Nifty Private Bank TRI,2018-12-07,15248.089113915028
Nifty Private Bank TRI,2018-12-10,14902.716778640997
Nifty Private Bank TRI,2018-12-11,14949.40153474467
Nifty Private Bank TRI,2018-12-12,15249.231206774488
Nifty Private Bank TRI,2018-12-13,15334.700963778534
Nifty Private Bank TRI,2018-12-14,15348.241475674902
Nifty Private Bank TRI,2018-12-17,15433.933448275582
Nifty Private Bank TRI,2018-12-18,15526.000735882839
Nifty Private Bank TRI,2018-12-19,15586.48854156004
Nifty Private Bank TRI,2018-12-20,15588.323224446522
Nifty Private Bank TRI,2018-12-21,15327.402494514208
Nifty Private Bank TRI,2018-12-24,15251.73017697059
Nifty Private Bank TRI,2018-12-26,15379.09772645831
Nifty Private Bank TRI,2018-12-27,15339.761809524205
Nifty Private Bank TRI,2018-12-28,15481.983439261183
Nifty Private Bank TRI,2018-12-31,15506.904455184602
Nifty Private Bank TRI,2019-01-01,15607.965390543795
Nifty Private Bank TRI,2019-01-02,15515.998154226312
Nifty Private Bank TRI,2019-01-03,15392.896481148462
Nifty Private Bank TRI,2019-01-04,15518.653143790554
Nifty Private Bank TRI,2019-01-07,15609.091698361595
Nifty Private Bank TRI,2019-01-08,15740.33505350305
Nifty Private Bank TRI,2019-01-09,15887.65631553887
Nifty Private Bank TRI,2019-01-10,15747.66123910868
Nifty Private Bank TRI,2019-01-11,15704.011879778378
Nifty Private Bank TRI,2019-01-14,15572.397965123793
Nifty Private Bank TRI,2019-01-15,15649.998535121571
Nifty Private Bank TRI,2019-01-16,15706.555015939464
Nifty Private Bank TRI,2019-01-17,15759.816599764723
Nifty Private Bank TRI,2019-01-18,15727.574118415703
Nifty Private Bank TRI,2019-01-21,15775.537972623739
Nifty Private Bank TRI,2019-01-22,15780.774661916395
Nifty Private Bank TRI,2019-01-23,15681.83529666554
Nifty Private Bank TRI,2019-01-24,15689.048103331603
Nifty Private Bank TRI,2019-01-25,15606.335171567815
Nifty Private Bank TRI,2019-01-28,15289.961635444535
Nifty Private Bank TRI,2019-01-29,15271.45352997627
Nifty Private Bank TRI,2019-01-30,15462.737874673596
Nifty Private Bank TRI,2019-01-31,15719.511112627808
Nifty Private Bank TRI,2019-02-01,15605.087651247368
Nifty Private Bank TRI,2019-02-04,15665.737261598852
Nifty Private Bank TRI,2019-02-05,15716.425143322167
Nifty Private Bank TRI,2019-02-06,15768.12897229564
Nifty Private Bank TRI,2019-02-07,15779.605728363917
Nifty Private Bank TRI,2019-02-08,15719.605470600532
Nifty Private Bank TRI,2019-02-11,15675.351839574088
Nifty Private Bank TRI,2019-02-12,15555.634181579358
Nifty Private Bank TRI,2019-02-14,15612.221966100544
Nifty Private Bank TRI,2019-02-15,15523.801340161377
Nifty Private Bank TRI,2019-02-18,15457.820723112987
Nifty Private Bank TRI,2019-02-19,15464.525583021301
Nifty Private Bank TRI,2019-02-20,15602.997782487393
Nifty Private Bank TRI,2019-02-21,15658.211777493072
Nifty Private Bank TRI,2019-02-22,15536.854243801783
Nifty Private Bank TRI,2019-02-25,15711.077053933725
Nifty Private Bank TRI,2019-02-26,15606.458510818997
Nifty Private Bank TRI,2019-02-27,15511.680426061957
Nifty Private Bank TRI,2019-02-28,15518.74261894221
Nifty Private Bank TRI,2019-03-01,15667.483480223813
Nifty Private Bank TRI,2019-03-05,15992.155675942338
Nifty Private Bank TRI,2019-03-06,16043.1722945143
Nifty Private Bank TRI,2019-03-07,16079.829105032477
Nifty Private Bank TRI,2019-03-08,16082.78932739187
Nifty Private Bank TRI,2019-03-11,16200.02319132855
Nifty Private Bank TRI,2019-03-12,16502.370568417606
Nifty Private Bank TRI,2019-03-13,16711.036211561383
Nifty Private Bank TRI,2019-03-14,16755.67348663989
Nifty Private Bank TRI,2019-03-15,17022.207760982303
Nifty Private Bank TRI,2019-03-18,17171.316856451187
Nifty Private Bank TRI,2019-03-19,17259.207762331636
Nifty Private Bank TRI,2019-03-20,17243.50442929325
Nifty Private Bank TRI,2019-03-22,17135.25044822624
Nifty Private Bank TRI,2019-03-25,16917.934519681196
Nifty Private Bank TRI,2019-03-26,17271.46595157162
Nifty Private Bank TRI,2019-03-27,17369.36955016821
Nifty Private Bank TRI,2019-03-28,17601.287997988577
Nifty Private Bank TRI,2019-04-01,17489.04187729194
Nifty Private Bank TRI,2019-04-02,17490.752126864147
Nifty Private Bank TRI,2019-04-03,17363.870944046634
Nifty Private Bank TRI,2019-04-04,17222.05937193172
Nifty Private Bank TRI,2019-04-05,17374.804264165217
Nifty Private Bank TRI,2019-04-08,17233.5091868682
Nifty Private Bank TRI,2019-04-09,17410.53162419385
Nifty Private Bank TRI,2019-04-10,17252.817032939554
Nifty Private Bank TRI,2019-04-11,17208.828856814238
Nifty Private Bank TRI,2019-04-12,17295.632389921677
Nifty Private Bank TRI,2019-04-15,17386.417710297796
Nifty Private Bank TRI,2019-04-16,17681.257731276957
Nifty Private Bank TRI,2019-04-18,17498.840464294153
Nifty Private Bank TRI,2019-04-22,17140.42469660328
Nifty Private Bank TRI,2019-04-23,17022.74376380325
Nifty Private Bank TRI,2019-04-24,17239.510398331367
Nifty Private Bank TRI,2019-04-25,17080.289220747032
Nifty Private Bank TRI,2019-04-26,17329.206635946826
Nifty Private Bank TRI,2019-04-30,17071.552194754957
Nifty Private Bank TRI,2019-05-02,17018.487523719978
Nifty Private Bank TRI,2019-05-03,17159.86068086579
Nifty Private Bank TRI,2019-05-06,16958.977031306586
Nifty Private Bank TRI,2019-05-07,16770.166116197444
Nifty Private Bank TRI,2019-05-08,16615.227487148786
Nifty Private Bank TRI,2019-05-09,16553.79360274735
Nifty Private Bank TRI,2019-05-10,16581.396150193257
Nifty Private Bank TRI,2019-05-13,16336.990344143416
Nifty Private Bank TRI,2019-05-14,16403.60378218993
Nifty Private Bank TRI,2019-05-15,16253.166377379288
Nifty Private Bank TRI,2019-05-16,16359.90905621414
Nifty Private Bank TRI,2019-05-17,16700.222457560674
Nifty Private Bank TRI,2019-05-20,17404.48233178929
Nifty Private Bank TRI,2019-05-21,17144.41961381303
Nifty Private Bank TRI,2019-05-22,17282.578654292294
Nifty Private Bank TRI,2019-05-23,17260.866698670226
Nifty Private Bank TRI,2019-05-24,17684.286944711563
Nifty Private Bank TRI,2019-05-27,17912.718973792962
Nifty Private Bank TRI,2019-05-28,17901.32798522283
Nifty Private Bank TRI,2019-05-29,17775.319683495884
Nifty Private Bank TRI,2019-05-30,17896.075336353933
Nifty Private Bank TRI,2019-05-31,17805.120567448856
Nifty Private Bank TRI,2019-06-03,17975.5533861851
Nifty Private Bank TRI,2019-06-04,17951.409999694442
Nifty Private Bank TRI,2019-06-06,17541.496293496923
Nifty Private Bank TRI,2019-06-07,17650.829178788616
Nifty Private Bank TRI,2019-06-10,17625.74021088067
Nifty Private Bank TRI,2019-06-11,17764.755345048605
Nifty Private Bank TRI,2019-06-12,17583.12951445162
Nifty Private Bank TRI,2019-06-13,17524.77797629222
Nifty Private Bank TRI,2019-06-14,17286.939465451465
Nifty Private Bank TRI,2019-06-17,17099.261572588097
Nifty Private Bank TRI,2019-06-18,17131.05297935533
Nifty Private Bank TRI,2019-06-19,17123.308485524303
Nifty Private Bank TRI,2019-06-20,17382.27383227254
Nifty Private Bank TRI,2019-06-21,17263.38348045102
Nifty Private Bank TRI,2019-06-24,17231.259599560803
Nifty Private Bank TRI,2019-06-25,17366.07901998372
Nifty Private Bank TRI,2019-06-26,17538.207142291834
Nifty Private Bank TRI,2019-06-27,17600.40280140623
Nifty Private Bank TRI,2019-06-28,17481.353148780123
Nifty Private Bank TRI,2019-07-01,17646.653457459888
Nifty Private Bank TRI,2019-07-02,17545.844927034937
Nifty Private Bank TRI,2019-07-03,17618.670474620703
Nifty Private Bank TRI,2019-07-04,17666.082549514074
Nifty Private Bank TRI,2019-07-05,17642.127143109166
Nifty Private Bank TRI,2019-07-08,17208.527595453623
Nifty Private Bank TRI,2019-07-09,17184.616248031038
Nifty Private Bank TRI,2019-07-10,17185.053454077995
Nifty Private Bank TRI,2019-07-11,17274.1494529688
Nifty Private Bank TRI,2019-07-12,17196.14681712427
Nifty Private Bank TRI,2019-07-15,17093.19226526222
Nifty Private Bank TRI,2019-07-16,17151.382417951336
Nifty Private Bank TRI,2019-07-17,17174.748797213684
Nifty Private Bank TRI,2019-07-18,16988.753679219575
Nifty Private Bank TRI,2019-07-19,16572.595178040963
Nifty Private Bank TRI,2019-07-22,16332.887039182555
Nifty Private Bank TRI,2019-07-23,16307.839951966886
Nifty Private Bank TRI,2019-07-24,16168.443015540375
Nifty Private Bank TRI,2019-07-25,16233.033997408347
Nifty Private Bank TRI,2019-07-26,16434.860803576215
Nifty Private Bank TRI,2019-07-29,16425.313774477043
Nifty Private Bank TRI,2019-07-30,16122.072029632538
Nifty Private Bank TRI,2019-07-31,16187.531699388028
Nifty Private Bank TRI,2019-08-01,15954.197658191755
Nifty Private Bank TRI,2019-08-02,15902.547445930342
Nifty Private Bank TRI,2019-08-05,15604.48741326334
Nifty Private Bank TRI,2019-08-06,15852.409289986128
Nifty Private Bank TRI,2019-08-07,15726.760817342463
Nifty Private Bank TRI,2019-08-08,15928.209262686536
Nifty Private Bank TRI,2019-08-09,16124.120707128797
Nifty Private Bank TRI,2019-08-13,15712.944744161196
Nifty Private Bank TRI,2019-08-14,15880.943617513083
Nifty Private Bank TRI,2019-08-16,16031.874559194055
Nifty Private Bank TRI,2019-08-19,16049.519717732921
Nifty Private Bank TRI,2019-08-20,15908.541861686796
Nifty Private Bank TRI,2019-08-21,15742.890993877874
Nifty Private Bank TRI,2019-08-22,15349.25834600134
Nifty Private Bank TRI,2019-08-23,15283.64761511227
Nifty Private Bank TRI,2019-08-26,15842.14058249054
Nifty Private Bank TRI,2019-08-27,15926.645472049633
Nifty Private Bank TRI,2019-08-28,15702.27584821218
Nifty Private Bank TRI,2019-08-29,15455.263032183586
Nifty Private Bank TRI,2019-08-30,15575.732128596437
Nifty Private Bank TRI,2019-09-03,15212.075894846686
Nifty Private Bank TRI,2019-09-04,15326.800725485264
Nifty Private Bank TRI,2019-09-05,15212.083951937093
Nifty Private Bank TRI,2019-09-06,15426.527613243175
Nifty Private Bank TRI,2019-09-09,15577.655454028067
Nifty Private Bank TRI,2019-09-11,15735.50019615664
Nifty Private Bank TRI,2019-09-12,15737.241453965382
Nifty Private Bank TRI,2019-09-13,15896.049603862508
Nifty Private Bank TRI,2019-09-16,15773.1074850933
Nifty Private Bank TRI,2019-09-17,15374.044358740608
Nifty Private Bank TRI,2019-09-18,15363.314300353934
Nifty Private Bank TRI,2019-09-19,15087.120477206068
Nifty Private Bank TRI,2019-09-20,16334.87574051671
Nifty Private Bank TRI,2019-09-23,17261.538356797944
Nifty Private Bank TRI,2019-09-24,17097.81376371575
Nifty Private Bank TRI,2019-09-25,16871.440083656464
Nifty Private Bank TRI,2019-09-26,17134.412087225242
Nifty Private Bank TRI,2019-09-27,17008.9478859527
Nifty Private Bank TRI,2019-09-30,16542.252035824822
Nifty Private Bank TRI,2019-10-01,16316.209048061932
Nifty Private Bank TRI,2019-10-03,16151.248766734192
Nifty Private Bank TRI,2019-10-04,15795.409393889222
Nifty Private Bank TRI,2019-10-07,15833.923964802196
Nifty Private Bank TRI,2019-10-09,16384.15932303229
Nifty Private Bank TRI,2019-10-10,15921.761985313058
Nifty Private Bank TRI,2019-10-11,15921.063803009492
Nifty Private Bank TRI,2019-10-14,16006.467467585906
Nifty Private Bank TRI,2019-10-15,16215.233019024126
Nifty Private Bank TRI,2019-10-16,16219.98502149285
Nifty Private Bank TRI,2019-10-17,16497.12345206556
Nifty Private Bank TRI,2019-10-18,16548.86372594192
Nifty Private Bank TRI,2019-10-22,16700.046680275846
Nifty Private Bank TRI,2019-10-23,16674.922131429365
Nifty Private Bank TRI,2019-10-24,16513.20940563683
Nifty Private Bank TRI,2019-10-25,16576.56256693059
Nifty Private Bank TRI,2019-10-29,16908.245118925835
Nifty Private Bank TRI,2019-10-30,16899.361405009793
Nifty Private Bank TRI,2019-10-31,16863.596665020174
Nifty Private Bank TRI,2019-11-01,17036.0703394589
Nifty Private Bank TRI,2019-11-04,17016.30026357144
Nifty Private Bank TRI,2019-11-05,16888.372798080723
Nifty Private Bank TRI,2019-11-06,17142.683003640705
Nifty Private Bank TRI,2019-11-07,17186.19777267143
Nifty Private Bank TRI,2019-11-08,17308.69011528589
Nifty Private Bank TRI,2019-11-11,17537.271693104754
Nifty Private Bank TRI,2019-11-13,17227.785051845713
Nifty Private Bank TRI,2019-11-14,17328.593851015125
Nifty Private Bank TRI,2019-11-15,17381.077319512955
Nifty Private Bank TRI,2019-11-18,17372.572927335925
Nifty Private Bank TRI,2019-11-19,17485.662734156886
Nifty Private Bank TRI,2019-11-20,17617.447606093716
Nifty Private Bank TRI,2019-11-21,17576.131971949984
Nifty Private Bank TRI,2019-11-22,17461.11952598696
Nifty Private Bank TRI,2019-11-25,17713.992861347197
Nifty Private Bank TRI,2019-11-26,17822.516257978124
Nifty Private Bank TRI,2019-11-27,17883.826728705644
Nifty Private Bank TRI,2019-11-28,18029.078928258677
Nifty Private Bank TRI,2019-11-29,17970.902519169857
Nifty Private Bank TRI,2019-12-02,17960.22988902519
Nifty Private Bank TRI,2019-12-03,17793.65800467281
Nifty Private Bank TRI,2019-12-04,17998.057779023224
Nifty Private Bank TRI,2019-12-05,17856.644392428185
Nifty Private Bank TRI,2019-12-06,17684.10483952819
Nifty Private Bank TRI,2019-12-09,17684.0134441824
Nifty Private Bank TRI,2019-12-10,17561.589626729103
Nifty Private Bank TRI,2019-12-11,17629.9883650592
Nifty Private Bank TRI,2019-12-12,17827.837384044917
Nifty Private Bank TRI,2019-12-13,18001.543396801902
Nifty Private Bank TRI,2019-12-16,17979.864800884294
Nifty Private Bank TRI,2019-12-17,18067.63640753366
Nifty Private Bank TRI,2019-12-18,18174.66676828808
Nifty Private Bank TRI,2019-12-19,18161.975038128083
Nifty Private Bank TRI,2019-12-20,18172.207727807803
Nifty Private Bank TRI,2019-12-23,18179.728982357396
Nifty Private Bank TRI,2019-12-24,18180.078735098898
Nifty Private Bank TRI,2019-12-26,18026.189079166088
Nifty Private Bank TRI,2019-12-27,18229.434076762092
Nifty Private Bank TRI,2019-12-30,18226.20595621198
Nifty Private Bank TRI,2019-12-31,18107.31929238014
Nifty Private Bank TRI,2020-01-02,18256.661178577775
Nifty Private Bank TRI,2020-01-03,18071.014943766713
Nifty Private Bank TRI,2020-01-06,17631.10293309143
Nifty Private Bank TRI,2020-01-07,17718.588318179365
Nifty Private Bank TRI,2020-01-08,17705.42697715683
Nifty Private Bank TRI,2020-01-09,18102.30850724352
Nifty Private Bank TRI,2020-01-10,18070.703843858624
Nifty Private Bank TRI,2020-01-13,18154.823760034
Nifty Private Bank TRI,2020-01-14,18069.652273051026
Nifty Private Bank TRI,2020-01-15,17911.954794961246
Nifty Private Bank TRI,2020-01-16,17924.941172748215
Nifty Private Bank TRI,2020-01-17,17782.016087445085
Nifty Private Bank TRI,2020-01-20,17494.10145511393
Nifty Private Bank TRI,2020-01-21,17431.54493179493
Nifty Private Bank TRI,2020-01-22,17260.825955847176
Nifty Private Bank TRI,2020-01-23,17407.80929163884
Nifty Private Bank TRI,2020-01-24,17536.8546422923
Nifty Private Bank TRI,2020-01-27,17341.218533105286
Nifty Private Bank TRI,2020-01-28,17297.106650571423
Nifty Private Bank TRI,2020-01-29,17338.88844272909
Nifty Private Bank TRI,2020-01-30,17199.398755311515
Nifty Private Bank TRI,2020-01-31,17267.48358627011
Nifty Private Bank TRI,2020-02-03,16930.502419712862
Nifty Private Bank TRI,2020-02-04,17264.24678005323
Nifty Private Bank TRI,2020-02-05,17421.605769398397
Nifty Private Bank TRI,2020-02-06,17589.217183519853
Nifty Private Bank TRI,2020-02-07,17519.101578285587
Nifty Private Bank TRI,2020-02-10,17417.595257427518
Nifty Private Bank TRI,2020-02-11,17540.707530643827
Nifty Private Bank TRI,2020-02-12,17660.45729432809
Nifty Private Bank TRI,2020-02-13,17420.09332356526
Nifty Private Bank TRI,2020-02-14,17204.60300878567
Nifty Private Bank TRI,2020-02-17,17141.469463191548
Nifty Private Bank TRI,2020-02-18,17019.88894571814
Nifty Private Bank TRI,2020-02-19,17172.378724111753
Nifty Private Bank TRI,2020-02-20,17230.03045143602
Nifty Private Bank TRI,2020-02-24,16962.078286183787
Nifty Private Bank TRI,2020-02-25,16919.424316588404
Nifty Private Bank TRI,2020-02-26,16823.679881343447
Nifty Private Bank TRI,2020-02-27,16798.921385507703
Nifty Private Bank TRI,2020-02-28,16271.73939263941
Nifty Private Bank TRI,2020-03-02,16178.516716933027
Nifty Private Bank TRI,2020-03-03,16376.005510581652
Nifty Private Bank TRI,2020-03-04,16077.008243560353
Nifty Private Bank TRI,2020-03-05,16170.917685305603
Nifty Private Bank TRI,2020-03-06,15565.286101567404
Nifty Private Bank TRI,2020-03-09,14771.179160391479
Nifty Private Bank TRI,2020-03-11,14840.541521425217
Nifty Private Bank TRI,2020-03-12,13498.568615329355
Nifty Private Bank TRI,2020-03-13,14017.237353406963
Nifty Private Bank TRI,2020-03-16,12810.481306070042
Nifty Private Bank TRI,2020-03-17,12296.428510515078
Nifty Private Bank TRI,2020-03-18,11293.32621889727
Nifty Private Bank TRI,2020-03-19,11007.920412178768
Nifty Private Bank TRI,2020-03-20,11149.016465439418
Nifty Private Bank TRI,2020-03-23,9156.261640045823
Nifty Private Bank TRI,2020-03-24,9234.13295401303
Nifty Private Bank TRI,2020-03-25,9974.335971507191
Nifty Private Bank TRI,2020-03-26,10770.677671267065
Nifty Private Bank TRI,2020-03-27,10956.474283268582
Nifty Private Bank TRI,2020-03-30,10294.955879562236
Nifty Private Bank TRI,2020-03-31,10381.11491337376
Nifty Private Bank TRI,2020-04-01,9882.68800818682
Nifty Private Bank TRI,2020-04-03,9344.171322524066
Nifty Private Bank TRI,2020-04-07,10377.719364483713
Nifty Private Bank TRI,2020-04-08,10366.635587714247
Nifty Private Bank TRI,2020-04-09,10914.383891096892
Nifty Private Bank TRI,2020-04-13,10716.888111052796
Nifty Private Bank TRI,2020-04-15,10490.659233211363
Nifty Private Bank TRI,2020-04-16,10657.876591791537
Nifty Private Bank TRI,2020-04-17,11443.340652406338
Nifty Private Bank TRI,2020-04-20,11311.940186888602
Nifty Private Bank TRI,2020-04-21,10646.406965629543
Nifty Private Bank TRI,2020-04-22,10799.605598571372
Nifty Private Bank TRI,2020-04-23,11141.58753564571
Nifty Private Bank TRI,2020-04-24,10761.061280907204
Nifty Private Bank TRI,2020-04-27,11082.991822364884
Nifty Private Bank TRI,2020-04-28,11477.163300205324
Nifty Private Bank TRI,2020-04-29,11693.88133818574
Nifty Private Bank TRI,2020-04-30,11987.77778483132
Nifty Private Bank TRI,2020-05-04,10957.567148265047
Nifty Private Bank TRI,2020-05-05,10746.701686945948
Nifty Private Bank TRI,2020-05-06,11012.432130105439
Nifty Private Bank TRI,2020-05-07,10916.107172626009
Nifty Private Bank TRI,2020-05-08,10835.45125586615
Nifty Private Bank TRI,2020-05-11,10596.786398653494
Nifty Private Bank TRI,2020-05-12,10526.99446899533
Nifty Private Bank TRI,2020-05-13,10943.854322223888
Nifty Private Bank TRI,2020-05-14,10664.096048993775
Nifty Private Bank TRI,2020-05-15,10531.866735156136
Nifty Private Bank TRI,2020-05-18,9805.408753353327
Nifty Private Bank TRI,2020-05-19,9770.468284936429
Nifty Private Bank TRI,2020-05-20,9970.734217565016
Nifty Private Bank TRI,2020-05-21,9902.048949855081
Nifty Private Bank TRI,2020-05-22,9620.458925159812
Nifty Private Bank TRI,2020-05-26,9712.532517432308
Nifty Private Bank TRI,2020-05-27,10436.93838141777
Nifty Private Bank TRI,2020-05-28,10728.070845372426
Nifty Private Bank TRI,2020-05-29,10807.616398037691
Nifty Private Bank TRI,2020-06-01,11157.684228128615
Nifty Private Bank TRI,2020-06-02,11514.819756814279
Nifty Private Bank TRI,2020-06-03,11729.496549588206
Nifty Private Bank TRI,2020-06-04,11365.66834032962
Nifty Private Bank TRI,2020-06-05,11642.597838824637
Nifty Private Bank TRI,2020-06-08,11792.089044002361
Nifty Private Bank TRI,2020-06-09,11554.579659061073
Nifty Private Bank TRI,2020-06-10,11793.177126586597
Nifty Private Bank TRI,2020-06-11,11555.25231016581
Nifty Private Bank TRI,2020-06-12,11627.163801030967
Nifty Private Bank TRI,2020-06-15,11181.063363894684
Nifty Private Bank TRI,2020-06-16,11394.395110309488
Nifty Private Bank TRI,2020-06-17,11353.231850820135
Nifty Private Bank TRI,2020-06-18,11761.16536509111
Nifty Private Bank TRI,2020-06-19,11931.406155368588
Nifty Private Bank TRI,2020-06-22,12158.831446410812
Nifty Private Bank TRI,2020-06-23,12493.710499766203
Nifty Private Bank TRI,2020-06-24,11992.698093059918
Nifty Private Bank TRI,2020-06-25,12036.94270781158
Nifty Private Bank TRI,2020-06-26,12110.662295377268
Nifty Private Bank TRI,2020-06-29,11972.317856889125
Nifty Private Bank TRI,2020-06-30,11975.086365205043
Nifty Private Bank TRI,2020-07-01,12303.256852776625
Nifty Private Bank TRI,2020-07-02,12304.651077003253
Nifty Private Bank TRI,2020-07-03,12247.75766927767
Nifty Private Bank TRI,2020-07-06,12440.346495113135
Nifty Private Bank TRI,2020-07-07,12770.900044967917
Nifty Private Bank TRI,2020-07-08,12731.3791587746
Nifty Private Bank TRI,2020-07-09,12881.141243447853
Nifty Private Bank TRI,2020-07-10,12574.778458091412
Nifty Private Bank TRI,2020-07-13,12408.683201535456
Nifty Private Bank TRI,2020-07-14,11996.689276406127
Nifty Private Bank TRI,2020-07-15,11969.109050154375
Nifty Private Bank TRI,2020-07-16,12115.1457643086
Nifty Private Bank TRI,2020-07-17,12321.784536204172
Nifty Private Bank TRI,2020-07-20,12513.851255100964
Nifty Private Bank TRI,2020-07-21,12763.582302897132
Nifty Private Bank TRI,2020-07-22,12847.50666405394
Nifty Private Bank TRI,2020-07-23,12920.906153290376
Nifty Private Bank TRI,2020-07-24,12731.758766227744
Nifty Private Bank TRI,2020-07-27,12268.891254508799
Nifty Private Bank TRI,2020-07-28,12423.694267633804
Nifty Private Bank TRI,2020-07-29,12415.381011625317
Nifty Private Bank TRI,2020-07-30,12169.79248662044
Nifty Private Bank TRI,2020-07-31,12137.04721382597
Nifty Private Bank TRI,2020-08-03,11747.346096401036
Nifty Private Bank TRI,2020-08-04,11984.848657109127
Nifty Private Bank TRI,2020-08-05,12009.595023851905
Nifty Private Bank TRI,2020-08-06,12089.64218972018
Nifty Private Bank TRI,2020-08-07,12195.092471068121
Nifty Private Bank TRI,2020-08-10,12235.970073581037
Nifty Private Bank TRI,2020-08-11,12440.585596147166
Nifty Private Bank TRI,2020-08-12,12394.293733787468
Nifty Private Bank TRI,2020-08-13,12359.705797225859
Nifty Private Bank TRI,2020-08-14,12095.614141173608
Nifty Private Bank TRI,2020-08-17,12147.532448710746
Nifty Private Bank TRI,2020-08-18,12414.835543433715
Nifty Private Bank TRI,2020-08-19,12464.692067811604
Nifty Private Bank TRI,2020-08-20,12301.640853531131
Nifty Private Bank TRI,2020-08-21,12458.539763411067
Nifty Private Bank TRI,2020-08-24,12764.448292902502
Nifty Private Bank TRI,2020-08-25,12878.930921841558
Nifty Private Bank TRI,2020-08-26,13106.295730110734
Nifty Private Bank TRI,2020-08-27,13227.48309857009
Nifty Private Bank TRI,2020-08-28,13805.416572141861
Nifty Private Bank TRI,2020-08-31,13346.204980383334
Nifty Private Bank TRI,2020-09-01,13339.586966375231
Nifty Private Bank TRI,2020-09-02,13422.954108636564
Nifty Private Bank TRI,2020-09-03,13238.104374905046
Nifty Private Bank TRI,2020-09-04,12957.485829563893
Nifty Private Bank TRI,2020-09-07,12893.33598845732
Nifty Private Bank TRI,2020-09-08,12778.005440475035
Nifty Private Bank TRI,2020-09-09,12548.902253299246
Nifty Private Bank TRI,2020-09-10,12673.020329226958
Nifty Private Bank TRI,2020-09-11,12652.9446169969
Nifty Private Bank TRI,2020-09-14,12482.771111027618
Nifty Private Bank TRI,2020-09-15,12714.488233453332
Nifty Private Bank TRI,2020-09-16,12769.224889988245
Nifty Private Bank TRI,2020-09-17,12635.827357556855
Nifty Private Bank TRI,2020-09-18,12485.958938846325
Nifty Private Bank TRI,2020-09-21,12066.45120191431
Nifty Private Bank TRI,2020-09-22,11899.997788001932
Nifty Private Bank TRI,2020-09-23,11925.167987648954
Nifty Private Bank TRI,2020-09-24,11504.374410326101
Nifty Private Bank TRI,2020-09-25,11804.897835803707
Nifty Private Bank TRI,2020-09-28,12224.928373320829
Nifty Private Bank TRI,2020-09-29,12069.866226319768
Nifty Private Bank TRI,2020-09-30,12087.728710767526
Nifty Private Bank TRI,2020-10-01,12584.589050343835
Nifty Private Bank TRI,2020-10-05,12685.070893148943
Nifty Private Bank TRI,2020-10-06,12975.578174079292
Nifty Private Bank TRI,2020-10-07,13047.112269816667
Nifty Private Bank TRI,2020-10-08,13172.921032036691
Nifty Private Bank TRI,2020-10-09,13515.930958386256
Nifty Private Bank TRI,2020-10-12,13435.044659140181
Nifty Private Bank TRI,2020-10-13,13307.286914812425
Nifty Private Bank TRI,2020-10-14,13504.064600522182
Nifty Private Bank TRI,2020-10-15,13056.416083481427
Nifty Private Bank TRI,2020-10-16,13324.868143158665
Nifty Private Bank TRI,2020-10-19,13746.104479701855
Nifty Private Bank TRI,2020-10-20,13774.123963756298
Nifty Private Bank TRI,2020-10-21,13947.289517843434
Nifty Private Bank TRI,2020-10-22,13849.248190284796
Nifty Private Bank TRI,2020-10-23,13844.57681202069
Nifty Private Bank TRI,2020-10-26,13649.642017551098
Nifty Private Bank TRI,2020-10-27,14076.705737089847
Nifty Private Bank TRI,2020-10-28,13768.619325726584
Nifty Private Bank TRI,2020-10-29,13690.982111601841
Nifty Private Bank TRI,2020-10-30,13567.70034097312
Nifty Private Bank TRI,2020-11-02,14143.66361310533
Nifty Private Bank TRI,2020-11-03,14579.780739754267
Nifty Private Bank TRI,2020-11-04,14638.724076859426
Nifty Private Bank TRI,2020-11-05,14916.021260469472
Nifty Private Bank TRI,2020-11-06,15231.80860976967
Nifty Private Bank TRI,2020-11-09,15732.41198750261
Nifty Private Bank TRI,2020-11-10,16321.811610576273
Nifty Private Bank TRI,2020-11-11,16395.626495006753
Nifty Private Bank TRI,2020-11-12,16098.10185021104
Nifty Private Bank TRI,2020-11-13,16219.766893557293
Nifty Private Bank TRI,2020-11-17,16578.199998281514
Nifty Private Bank TRI,2020-11-18,16903.3243684891
Nifty Private Bank TRI,2020-11-19,16461.190181502312
Nifty Private Bank TRI,2020-11-20,16600.017979765875
Nifty Private Bank TRI,2020-11-23,16549.922151746458
Nifty Private Bank TRI,2020-11-24,16935.16466959392
Nifty Private Bank TRI,2020-11-25,16617.991838300495
Nifty Private Bank TRI,2020-11-26,16779.457319157067
Nifty Private Bank TRI,2020-11-27,16864.349842704316
Nifty Private Bank TRI,2020-12-01,16992.377019608753
Nifty Private Bank TRI,2020-12-02,16793.271953081356
Nifty Private Bank TRI,2020-12-03,16710.62064741538
Nifty Private Bank TRI,2020-12-04,17045.135441322043
Nifty Private Bank TRI,2020-12-07,17122.421538357805
Nifty Private Bank TRI,2020-12-08,17084.564896497555
Nifty Private Bank TRI,2020-12-09,17367.70770613481
Nifty Private Bank TRI,2020-12-10,17257.360144842296
Nifty Private Bank TRI,2020-12-11,17312.068956732965
Nifty Private Bank TRI,2020-12-14,17394.289255075597
Nifty Private Bank TRI,2020-12-15,17389.712766390654
Nifty Private Bank TRI,2020-12-16,17407.87051582482
Nifty Private Bank TRI,2020-12-17,17498.530916240175
Nifty Private Bank TRI,2020-12-18,17369.534250939392
Nifty Private Bank TRI,2020-12-21,16656.91962083847
Nifty Private Bank TRI,2020-12-22,16752.69544264475
Nifty Private Bank TRI,2020-12-23,16913.453134835363
Nifty Private Bank TRI,2020-12-24,17182.621802791924
Nifty Private Bank TRI,2020-12-28,17435.253647874844
Nifty Private Bank TRI,2020-12-29,17706.544209575266
Nifty Private Bank TRI,2020-12-30,17681.692795703217
Nifty Private Bank TRI,2020-12-31,17669.69553968082
Nifty Private Bank TRI,2021-01-04,17598.858911888954
Nifty Private Bank TRI,2021-01-05,17939.319611893156
Nifty Private Bank TRI,2021-01-06,17973.62289133012
Nifty Private Bank TRI,2021-01-07,18107.746694918216
Nifty Private Bank TRI,2021-01-08,18188.20043892826
Nifty Private Bank TRI,2021-01-11,18130.861988096738
Nifty Private Bank TRI,2021-01-12,18217.87695128184
Nifty Private Bank TRI,2021-01-13,18237.845576700387
Nifty Private Bank TRI,2021-01-14,18216.37566998585
Nifty Private Bank TRI,2021-01-15,18072.74317182272
Nifty Private Bank TRI,2021-01-18,17827.300669584598
Nifty Private Bank TRI,2021-01-19,18187.65305657265
Nifty Private Bank TRI,2021-01-20,18235.849095736066
Nifty Private Bank TRI,2021-01-21,18054.347859472637
Nifty Private Bank TRI,2021-01-25,17462.770908763825
Nifty Private Bank TRI,2021-01-27,16930.914040872147
Nifty Private Bank TRI,2021-01-28,16960.500941061924
Nifty Private Bank TRI,2021-01-29,17105.513834672856
Nifty Private Bank TRI,2021-02-01,18485.169508479383
Nifty Private Bank TRI,2021-02-02,19046.488592071673
Nifty Private Bank TRI,2021-02-03,19369.63184549832
Nifty Private Bank TRI,2021-02-04,19552.091629064213
Nifty Private Bank TRI,2021-02-05,19418.22107497008
Nifty Private Bank TRI,2021-02-08,19607.01216697697
Nifty Private Bank TRI,2021-02-09,19642.12262463922
Nifty Private Bank TRI,2021-02-10,19501.737062528937
Nifty Private Bank TRI,2021-02-11,19518.400384950153
Nifty Private Bank TRI,2021-02-12,19706.106324350465
Nifty Private Bank TRI,2021-02-16,20269.485620954736
Nifty Private Bank TRI,2021-02-18,19849.364942135733
Nifty Private Bank TRI,2021-02-19,19541.235414586037
Nifty Private Bank TRI,2021-02-22,19200.517478204263
Nifty Private Bank TRI,2021-02-23,19110.52921850759
Nifty Private Bank TRI,2021-02-24,19850.12043840306
Nifty Private Bank TRI,2021-02-25,19947.71537456215
Nifty Private Bank TRI,2021-02-26,19015.984894196536
Nifty Private Bank TRI,2021-03-01,19275.69512143125
Nifty Private Bank TRI,2021-03-02,19380.260202027228
Nifty Private Bank TRI,2021-03-03,19913.01100198362
Nifty Private Bank TRI,2021-03-04,19659.720911814118
Nifty Private Bank TRI,2021-03-05,19349.225309659603
Nifty Private Bank TRI,2021-03-08,19332.127666369306
Nifty Private Bank TRI,2021-03-09,19675.72408211344
Nifty Private Bank TRI,2021-03-10,19735.71017853406
Nifty Private Bank TRI,2021-03-12,19513.930670724018
Nifty Private Bank TRI,2021-03-15,19304.24304481755
Nifty Private Bank TRI,2021-03-16,19115.549528999043
Nifty Private Bank TRI,2021-03-17,18820.783429737123
Nifty Private Bank TRI,2021-03-18,18600.189602822822
Nifty Private Bank TRI,2021-03-19,18769.2625617192
Nifty Private Bank TRI,2021-03-22,18450.119223787053
Nifty Private Bank TRI,2021-03-23,18770.389914523406
Nifty Private Bank TRI,2021-03-24,18290.969032620662
Nifty Private Bank TRI,2021-03-25,18148.74002618208
Nifty Private Bank TRI,2021-03-26,18298.954907286803
Nifty Private Bank TRI,2021-03-30,18560.270043866345
Nifty Private Bank TRI,2021-03-31,18216.575157848998
Nifty Private Bank TRI,2021-04-01,18554.367563484862
Nifty Private Bank TRI,2021-04-05,17915.43422389422
Nifty Private Bank TRI,2021-04-06,17843.632584847346
Nifty Private Bank TRI,2021-04-07,18116.78369403787
Nifty Private Bank TRI,2021-04-08,18002.318368539687
Nifty Private Bank TRI,2021-04-09,17837.594934609762
Nifty Private Bank TRI,2021-04-12,16904.77435563109
Nifty Private Bank TRI,2021-04-13,17454.354490108257
Nifty Private Bank TRI,2021-04-15,17598.22225764946
Nifty Private Bank TRI,2021-04-16,17536.76571716173
Nifty Private Bank TRI,2021-04-19,17085.43608372777
Nifty Private Bank TRI,2021-04-20,17048.33111067653
Nifty Private Bank TRI,2021-04-22,17354.73974103544
Nifty Private Bank TRI,2021-04-23,17347.43743675543
Nifty Private Bank TRI,2021-04-26,17656.826740024535
Nifty Private Bank TRI,2021-04-27,17903.120912057962
Nifty Private Bank TRI,2021-04-28,18438.92576479068
Nifty Private Bank TRI,2021-04-29,18472.519041116368
Nifty Private Bank TRI,2021-04-30,18037.93944366062
Nifty Private Bank TRI,2021-05-03,17838.56843812873
Nifty Private Bank TRI,2021-05-04,17722.928418156316
Nifty Private Bank TRI,2021-05-06,17987.965571985973
Nifty Private Bank TRI,2021-05-07,18012.783196809294
Nifty Private Bank TRI,2021-05-10,18130.18174863886
Nifty Private Bank TRI,2021-05-12,17671.663056830694
Nifty Private Bank TRI,2021-05-14,17519.308575016013
Nifty Private Bank TRI,2021-05-17,18186.250357882047
Nifty Private Bank TRI,2021-05-18,18463.817935764855
Nifty Private Bank TRI,2021-05-19,18314.966446541366
Nifty Private Bank TRI,2021-05-21,18790.442996964124
Nifty Private Bank TRI,2021-05-24,18929.603139386105
Nifty Private Bank TRI,2021-05-26,18758.83521278963
Nifty Private Bank TRI,2021-05-27,18918.215542499347
Nifty Private Bank TRI,2021-05-28,18978.873132831213
Nifty Private Bank TRI,2021-06-01,19009.724189049746
Nifty Private Bank TRI,2021-06-02,19032.000575397964
Nifty Private Bank TRI,2021-06-03,19166.973148334135
Nifty Private Bank TRI,2021-06-04,19012.29914026979
Nifty Private Bank TRI,2021-06-07,19184.749831724213
Nifty Private Bank TRI,2021-06-08,18996.503410219768
Nifty Private Bank TRI,2021-06-09,18831.91269807049
Nifty Private Bank TRI,2021-06-10,19002.002251530354
Nifty Private Bank TRI,2021-06-11,18924.24814621785
Nifty Private Bank TRI,2021-06-14,18839.71661053199
Nifty Private Bank TRI,2021-06-15,19042.460971566048
Nifty Private Bank TRI,2021-06-16,18906.137785298473
Nifty Private Bank TRI,2021-06-17,18683.62839532761
Nifty Private Bank TRI,2021-06-18,18693.9429294052
Nifty Private Bank TRI,2021-06-21,18862.872313388703
Nifty Private Bank TRI,2021-06-22,18796.80878540487
Nifty Private Bank TRI,2021-06-23,18676.637121256077
Nifty Private Bank TRI,2021-06-24,18824.888008076457
Nifty Private Bank TRI,2021-06-25,19082.4855059458
Nifty Private Bank TRI,2021-06-28,19096.35808767193
Nifty Private Bank TRI,2021-06-29,18899.020220789294
Nifty Private Bank TRI,2021-06-30,18783.04976438076
Nifty Private Bank TRI,2021-07-01,18720.26187272712
Nifty Private Bank TRI,2021-07-02,18763.744913952505
Nifty Private Bank TRI,2021-07-06,19136.128718584692
Nifty Private Bank TRI,2021-07-07,19241.797505169732
Nifty Private Bank TRI,2021-07-08,18996.79203460098
Nifty Private Bank TRI,2021-07-09,18870.898767182993
Nifty Private Bank TRI,2021-07-12,18950.94996326689
Nifty Private Bank TRI,2021-07-13,19212.617922095644
Nifty Private Bank TRI,2021-07-14,19197.937245896228
Nifty Private Bank TRI,2021-07-15,19317.328056161292
Nifty Private Bank TRI,2021-07-16,19214.893317661215
Nifty Private Bank TRI,2021-07-19,18825.61471545721
Nifty Private Bank TRI,2021-07-20,18452.696725583788
Nifty Private Bank TRI,2021-07-22,18617.275010772086
Nifty Private Bank TRI,2021-07-23,18782.428273504105
Nifty Private Bank TRI,2021-07-26,18766.404619561432
Nifty Private Bank TRI,2021-07-27,18607.65888476412
Nifty Private Bank TRI,2021-07-28,18512.387700392275
Nifty Private Bank TRI,2021-07-29,18495.126482492324
Nifty Private Bank TRI,2021-07-30,18464.46127407701
Nifty Private Bank TRI,2021-08-02,18527.67369414795
Nifty Private Bank TRI,2021-08-03,18788.742739220463
Nifty Private Bank TRI,2021-08-04,19153.36467786642
Nifty Private Bank TRI,2021-08-05,19083.206353751102
Nifty Private Bank TRI,2021-08-06,19129.028401531108
Nifty Private Bank TRI,2021-08-09,19261.10257306023
Nifty Private Bank TRI,2021-08-10,19251.401232731914
Nifty Private Bank TRI,2021-08-11,19122.886207636773
Nifty Private Bank TRI,2021-08-12,19171.226762703194
Nifty Private Bank TRI,2021-08-13,19249.519109532455
Nifty Private Bank TRI,2021-08-16,19217.480416397655
Nifty Private Bank TRI,2021-08-17,19060.031706479378
Nifty Private Bank TRI,2021-08-18,18887.32149009719
Nifty Private Bank TRI,2021-08-20,18618.536216094453
Nifty Private Bank TRI,2021-08-23,18617.757670749197
Nifty Private Bank TRI,2021-08-24,18903.972929857373
Nifty Private Bank TRI,2021-08-25,18840.575376933408
Nifty Private Bank TRI,2021-08-26,18879.725407019592
Nifty Private Bank TRI,2021-08-27,18913.790812442192
Nifty Private Bank TRI,2021-08-30,19293.139948690445
Nifty Private Bank TRI,2021-08-31,19358.144122712372
Nifty Private Bank TRI,2021-09-01,19446.117522349396
Nifty Private Bank TRI,2021-09-02,19596.00974963507
Nifty Private Bank TRI,2021-09-03,19550.59809360769
Nifty Private Bank TRI,2021-09-06,19446.315180675378
Nifty Private Bank TRI,2021-09-07,19392.418216103786
Nifty Private Bank TRI,2021-09-08,19544.8933338876
Nifty Private Bank TRI,2021-09-09,19499.27048139722
Nifty Private Bank TRI,2021-09-13,19396.98817783962
Nifty Private Bank TRI,2021-09-14,19597.47454599093
Nifty Private Bank TRI,2021-09-15,19719.848461645033
Nifty Private Bank TRI,2021-09-16,20247.2026111382
Nifty Private Bank TRI,2021-09-17,20295.99370910139
Nifty Private Bank TRI,2021-09-20,19940.551543752066
Nifty Private Bank TRI,2021-09-21,20058.985045971876
Nifty Private Bank TRI,2021-09-22,19923.723558347658
Nifty Private Bank TRI,2021-09-23,20342.734003900474
Nifty Private Bank TRI,2021-09-24,20390.707866940014
Nifty Private Bank TRI,2021-09-27,20517.526559165042
Nifty Private Bank TRI,2021-09-28,20366.996488720353
Nifty Private Bank TRI,2021-09-29,20146.70835114566
Nifty Private Bank TRI,2021-09-30,19993.49455797279
Nifty Private Bank TRI,2021-10-01,19882.17225782465
Nifty Private Bank TRI,2021-10-04,20046.712910016533
Nifty Private Bank TRI,2021-10-05,20175.34725210236
Nifty Private Bank TRI,2021-10-06,20045.97522927133
Nifty Private Bank TRI,2021-10-07,20260.875239533594
Nifty Private Bank TRI,2021-10-08,20320.940037439344
Nifty Private Bank TRI,2021-10-11,20518.621744678025
Nifty Private Bank TRI,2021-10-12,20590.568064365318
Nifty Private Bank TRI,2021-10-13,20681.54068375308
Nifty Private Bank TRI,2021-10-14,21034.255136440857
Nifty Private Bank TRI,2021-10-18,21212.322617283164
Nifty Private Bank TRI,2021-10-19,21112.558108965055
Nifty Private Bank TRI,2021-10-20,21067.702213515455
Nifty Private Bank TRI,2021-10-21,21335.514617109606
Nifty Private Bank TRI,2021-10-22,21546.003235888536
Nifty Private Bank TRI,2021-10-25,22012.185837400102
Nifty Private Bank TRI,2021-10-26,21980.450839619938
Nifty Private Bank TRI,2021-10-27,21678.599264492124
Nifty Private Bank TRI,2021-10-28,21065.580683655604
Nifty Private Bank TRI,2021-10-29,20766.84395775563
Nifty Private Bank TRI,2021-11-01,21154.66815464544
Nifty Private Bank TRI,2021-11-02,21265.677060217422
Nifty Private Bank TRI,2021-11-03,20874.81908586497
Nifty Private Bank TRI,2021-11-04,20975.282619087375
Nifty Private Bank TRI,2021-11-08,20776.572713924215
Nifty Private Bank TRI,2021-11-09,20753.300777910725
Nifty Private Bank TRI,2021-11-10,20557.835592583004
Nifty Private Bank TRI,2021-11-11,20367.200884849455
Nifty Private Bank TRI,2021-11-12,20460.007760778153
Nifty Private Bank TRI,2021-11-15,20467.120584073487
Nifty Private Bank TRI,2021-11-16,20269.732737819122
Nifty Private Bank TRI,2021-11-17,20103.56091757387
Nifty Private Bank TRI,2021-11-18,19976.58114387954
Nifty Private Bank TRI,2021-11-22,19576.339445006848
Nifty Private Bank TRI,2021-11-23,19613.33447436266
Nifty Private Bank TRI,2021-11-24,19705.734287766038
Nifty Private Bank TRI,2021-11-25,19671.177609817165
Nifty Private Bank TRI,2021-11-26,18914.878262064794
Nifty Private Bank TRI,2021-11-29,18878.355719444484
Nifty Private Bank TRI,2021-11-30,18740.380086708443
Nifty Private Bank TRI,2021-12-01,19103.485841279093
Nifty Private Bank TRI,2021-12-02,19181.43139818787
Nifty Private Bank TRI,2021-12-03,19036.3018300448
Nifty Private Bank TRI,2021-12-06,18770.522361998315
Nifty Private Bank TRI,2021-12-07,19236.35191097251
Nifty Private Bank TRI,2021-12-08,19536.059597963045
Nifty Private Bank TRI,2021-12-09,19458.069484118816
Nifty Private Bank TRI,2021-12-10,19459.671746149128
Nifty Private Bank TRI,2021-12-13,19390.748027037655
Nifty Private Bank TRI,2021-12-14,19365.439955923655
Nifty Private Bank TRI,2021-12-15,19307.868710812745
Nifty Private Bank TRI,2021-12-16,19167.448667585566
Nifty Private Bank TRI,2021-12-17,18650.923773508188
Nifty Private Bank TRI,2021-12-20,18039.57750569888
Nifty Private Bank TRI,2021-12-21,18143.413558397784
Nifty Private Bank TRI,2021-12-22,18375.595048226085
Nifty Private Bank TRI,2021-12-23,18434.307121564296
Nifty Private Bank TRI,2021-12-24,18251.61045871228
Nifty Private Bank TRI,2021-12-27,18315.042180008266
Nifty Private Bank TRI,2021-12-28,18388.42295725021
Nifty Private Bank TRI,2021-12-29,18367.62535208468
Nifty Private Bank TRI,2021-12-30,18378.479067796103
Nifty Private Bank TRI,2021-12-31,18571.267598018592
Nifty Private Bank TRI,2022-01-03,19076.427560558535
Nifty Private Bank TRI,2022-01-04,19231.45795836174
Nifty Private Bank TRI,2022-01-05,19639.67820756963
Nifty Private Bank TRI,2022-01-06,19557.07741992526
Nifty Private Bank TRI,2022-01-07,19676.297336421136
Nifty Private Bank TRI,2022-01-10,19982.755726971744
Nifty Private Bank TRI,2022-01-11,19992.603736712063
Nifty Private Bank TRI,2022-01-12,20192.807277347412
Nifty Private Bank TRI,2022-01-13,20069.179887323506
Nifty Private Bank TRI,2022-01-14,20025.235968560813
Nifty Private Bank TRI,2022-01-17,19925.517159023184
Nifty Private Bank TRI,2022-01-18,19906.844261130384
Nifty Private Bank TRI,2022-01-19,19778.569564887213
Nifty Private Bank TRI,2022-01-20,19671.088983138165
Nifty Private Bank TRI,2022-01-21,19490.605658867582
Nifty Private Bank TRI,2022-01-24,19196.965547080435
Nifty Private Bank TRI,2022-01-25,19601.332830067186
Nifty Private Bank TRI,2022-01-27,19701.59647071307
Nifty Private Bank TRI,2022-01-28,19586.225172118226
Nifty Private Bank TRI,2022-01-31,19604.071205468175
Nifty Private Bank TRI,2022-02-01,19983.56046015899
Nifty Private Bank TRI,2022-02-02,20449.049029349153
Nifty Private Bank TRI,2022-02-03,20255.514578309692
Nifty Private Bank TRI,2022-02-04,20174.331550134786
Nifty Private Bank TRI,2022-02-07,19703.628709952707
Nifty Private Bank TRI,2022-02-08,19732.374689602744
Nifty Private Bank TRI,2022-02-09,20062.26443585659
Nifty Private Bank TRI,2022-02-10,20261.725386402
Nifty Private Bank TRI,2022-02-11,20057.097420604154
Nifty Private Bank TRI,2022-02-14,19249.644953192037
Nifty Private Bank TRI,2022-02-15,19876.502226309065
Nifty Private Bank TRI,2022-02-16,19793.7033614099
Nifty Private Bank TRI,2022-02-17,19560.05678472302
Nifty Private Bank TRI,2022-02-18,19572.786877114453
Nifty Private Bank TRI,2022-02-21,19623.44473601716
Nifty Private Bank TRI,2022-02-22,19495.62151965932
Nifty Private Bank TRI,2022-02-23,19535.597007511995
Nifty Private Bank TRI,2022-02-24,18366.68069411083
Nifty Private Bank TRI,2022-02-25,19054.85399219491
Nifty Private Bank TRI,2022-02-28,18952.977405327794
Nifty Private Bank TRI,2022-03-02,18502.06146550771
Nifty Private Bank TRI,2022-03-03,18311.054165148707
Nifty Private Bank TRI,2022-03-04,18007.231483330565
Nifty Private Bank TRI,2022-03-07,17148.567389452823
Nifty Private Bank TRI,2022-03-08,17343.01047929142
Nifty Private Bank TRI,2022-03-09,17685.35926449798
Nifty Private Bank TRI,2022-03-10,18003.505012559872
Nifty Private Bank TRI,2022-03-11,18012.35369324685
Nifty Private Bank TRI,2022-03-14,18369.650087450595
Nifty Private Bank TRI,2022-03-15,18186.802400837703
Nifty Private Bank TRI,2022-03-16,18630.277112491254
Nifty Private Bank TRI,2022-03-17,18975.409833972262
Nifty Private Bank TRI,2022-03-21,18749.28023115254
Nifty Private Bank TRI,2022-03-22,18935.84638296584
Nifty Private Bank TRI,2022-03-23,18847.379557734825
Nifty Private Bank TRI,2022-03-24,18511.020042834738
Nifty Private Bank TRI,2022-03-25,18453.460750984697
Nifty Private Bank TRI,2022-03-28,18583.140308576913
Nifty Private Bank TRI,2022-03-29,18652.547697655533
Nifty Private Bank TRI,2022-03-30,18929.052349970367
Nifty Private Bank TRI,2022-03-31,18984.655778766548
Nifty Private Bank TRI,2022-04-01,19407.728417526716
Nifty Private Bank TRI,2022-04-04,20170.185641859505
Nifty Private Bank TRI,2022-04-05,19860.89470473813
Nifty Private Bank TRI,2022-04-06,19606.997139642117
Nifty Private Bank TRI,2022-04-07,19562.636420373976
Nifty Private Bank TRI,2022-04-08,19662.933942310483
Nifty Private Bank TRI,2022-04-11,19607.35744623822
Nifty Private Bank TRI,2022-04-12,19696.890211840993
Nifty Private Bank TRI,2022-04-13,19525.99525161673
Nifty Private Bank TRI,2022-04-18,19194.051636687695
Nifty Private Bank TRI,2022-04-19,18943.60321388113
Nifty Private Bank TRI,2022-04-20,18945.202857217264
Nifty Private Bank TRI,2022-04-21,19231.64045810116
Nifty Private Bank TRI,2022-04-22,18854.173820001663
Nifty Private Bank TRI,2022-04-25,18873.298126749447
Nifty Private Bank TRI,2022-04-26,19050.936013181614
Nifty Private Bank TRI,2022-04-27,18869.637255128047
Nifty Private Bank TRI,2022-04-28,19052.537652648312
Nifty Private Bank TRI,2022-04-29,18894.743985080742
Nifty Private Bank TRI,2022-05-02,18986.55943335412
Nifty Private Bank TRI,2022-05-04,18527.78049690732
Nifty Private Bank TRI,2022-05-05,18453.794127740166
Nifty Private Bank TRI,2022-05-06,18051.75563418499
Nifty Private Bank TRI,2022-05-09,17889.88222785108
Nifty Private Bank TRI,2022-05-10,18025.00270816154
Nifty Private Bank TRI,2022-05-11,18121.664814279175
Nifty Private Bank TRI,2022-05-12,17487.00266261889
Nifty Private Bank TRI,2022-05-13,17355.40101535353
Nifty Private Bank TRI,2022-05-16,17624.18651969032
Nifty Private Bank TRI,2022-05-17,18000.8412208521
Nifty Private Bank TRI,2022-05-18,17965.507679586928
Nifty Private Bank TRI,2022-05-19,17477.895966972806
Nifty Private Bank TRI,2022-05-20,17955.685193629193
Nifty Private Bank TRI,2022-05-23,17950.851046736683
Nifty Private Bank TRI,2022-05-24,17952.64322475247
Nifty Private Bank TRI,2022-05-25,18001.105574472458
Nifty Private Bank TRI,2022-05-26,18337.22657348913
Nifty Private Bank TRI,2022-05-27,18675.67742615626
Nifty Private Bank TRI,2022-05-30,18826.261254021265
Nifty Private Bank TRI,2022-05-31,18682.37060710127
Nifty Private Bank TRI,2022-06-01,18743.017816360458
Nifty Private Bank TRI,2022-06-02,18744.512761522517
Nifty Private Bank TRI,2022-06-03,18549.400180775123
Nifty Private Bank TRI,2022-06-06,18588.430294669262
Nifty Private Bank TRI,2022-06-07,18424.098801102216
Nifty Private Bank TRI,2022-06-08,18344.350459113582
Nifty Private Bank TRI,2022-06-09,18463.95572347742
Nifty Private Bank TRI,2022-06-10,18144.203433754137
Nifty Private Bank TRI,2022-06-13,17497.224662914155
Nifty Private Bank TRI,2022-06-14,17418.386011644663
Nifty Private Bank TRI,2022-06-15,17401.548757116077
Nifty Private Bank TRI,2022-06-16,16986.168898723736
Nifty Private Bank TRI,2022-06-17,17056.14390521701
Nifty Private Bank TRI,2022-06-20,16939.172725667147
Nifty Private Bank TRI,2022-06-21,17178.41264470424
Nifty Private Bank TRI,2022-06-22,16974.5606422069
Nifty Private Bank TRI,2022-06-23,17123.73127970718
Nifty Private Bank TRI,2022-06-24,17424.478780527243
Nifty Private Bank TRI,2022-06-27,17551.954826974823
Nifty Private Bank TRI,2022-06-28,17423.419214991285
Nifty Private Bank TRI,2022-06-29,17228.322004283982
Nifty Private Bank TRI,2022-06-30,17254.199352864816
Nifty Private Bank TRI,2022-07-01,17371.14505701538
Nifty Private Bank TRI,2022-07-04,17637.943948911496
Nifty Private Bank TRI,2022-07-05,17561.50924645407
Nifty Private Bank TRI,2022-07-06,17810.920792081382
Nifty Private Bank TRI,2022-07-07,18127.51926187992
Nifty Private Bank TRI,2022-07-08,18200.678274093425
Nifty Private Bank TRI,2022-07-11,18421.868542233788
Nifty Private Bank TRI,2022-07-12,18246.256628940195
Nifty Private Bank TRI,2022-07-13,18055.676854087356
Nifty Private Bank TRI,2022-07-14,18011.07795698537
Nifty Private Bank TRI,2022-07-15,18023.090274441227
Nifty Private Bank TRI,2022-07-18,18436.789345557594
Nifty Private Bank TRI,2022-07-19,18653.381205851172
Nifty Private Bank TRI,2022-07-20,18725.16631686905
Nifty Private Bank TRI,2022-07-21,18944.917000417317
Nifty Private Bank TRI,2022-07-22,19216.076091140938
Nifty Private Bank TRI,2022-07-25,19202.669954494795
Nifty Private Bank TRI,2022-07-26,19022.18427575434
Nifty Private Bank TRI,2022-07-27,19191.32326806414
Nifty Private Bank TRI,2022-07-28,19547.98198635592
Nifty Private Bank TRI,2022-07-29,19660.872428987816
Nifty Private Bank TRI,2022-08-01,19880.43156406152
Nifty Private Bank TRI,2022-08-02,19958.490675154993
Nifty Private Bank TRI,2022-08-03,19927.431176767383
Nifty Private Bank TRI,2022-08-04,19792.77145215746
Nifty Private Bank TRI,2022-08-05,19874.859310437692
Nifty Private Bank TRI,2022-08-08,20120.361983852687
Nifty Private Bank TRI,2022-08-10,20229.93980918132
Nifty Private Bank TRI,2022-08-11,20511.412427142353
Nifty Private Bank TRI,2022-08-12,20588.35543355219
Nifty Private Bank TRI,2022-08-16,20728.61661134076
Nifty Private Bank TRI,2022-08-17,20834.17115377415
Nifty Private Bank TRI,2022-08-18,20967.70912206903
Nifty Private Bank TRI,2022-08-19,20582.631453554844
Nifty Private Bank TRI,2022-08-22,20231.603176026874
Nifty Private Bank TRI,2022-08-23,20461.128257155924
Nifty Private Bank TRI,2022-08-24,20787.006169355438
Nifty Private Bank TRI,2022-08-25,20757.136556558326
Nifty Private Bank TRI,2022-08-26,20698.762139083185
Nifty Private Bank TRI,2022-08-29,20315.431954527226
Nifty Private Bank TRI,2022-08-30,20986.017226940512
Nifty Private Bank TRI,2022-09-01,20848.559021272
Nifty Private Bank TRI,2022-09-02,20883.650058965093
Nifty Private Bank TRI,2022-09-05,21118.648617811126
Nifty Private Bank TRI,2022-09-06,21019.164115833515
Nifty Private Bank TRI,2022-09-07,20888.483194254462
Nifty Private Bank TRI,2022-09-08,21280.695181974093
Nifty Private Bank TRI,2022-09-09,21401.523471313005
Nifty Private Bank TRI,2022-09-12,21479.35382275509
Nifty Private Bank TRI,2022-09-13,21652.51065275609
Nifty Private Bank TRI,2022-09-14,21977.364377106736
Nifty Private Bank TRI,2022-09-15,21842.49786950703
Nifty Private Bank TRI,2022-09-16,21677.983663332194
Nifty Private Bank TRI,2022-09-19,21692.55941825058
Nifty Private Bank TRI,2022-09-20,22054.98912706844
Nifty Private Bank TRI,2022-09-21,21872.12973092281
Nifty Private Bank TRI,2022-09-22,21562.505770610376
Nifty Private Bank TRI,2022-09-23,20997.38950030294
Nifty Private Bank TRI,2022-09-26,20452.7056170083
Nifty Private Bank TRI,2022-09-27,20370.591512628394
Nifty Private Bank TRI,2022-09-28,20076.727793608687
Nifty Private Bank TRI,2022-09-29,20035.003011945333
Nifty Private Bank TRI,2022-09-30,20593.973163568982
Nifty Private Bank TRI,2022-10-03,20282.161640523704
Nifty Private Bank TRI,2022-10-04,20922.741566340555
Nifty Private Bank TRI,2022-10-06,21001.014298515223
Nifty Private Bank TRI,2022-10-07,21024.34418094045
Nifty Private Bank TRI,2022-10-10,20969.766944803774
Nifty Private Bank TRI,2022-10-11,20741.270638437793
Nifty Private Bank TRI,2022-10-12,21007.695924125743
Nifty Private Bank TRI,2022-10-13,20782.91362200236
Nifty Private Bank TRI,2022-10-14,21137.184540194357
Nifty Private Bank TRI,2022-10-17,21437.175425845675
Nifty Private Bank TRI,2022-10-18,21581.064152061637
Nifty Private Bank TRI,2022-10-19,21643.62459382692
Nifty Private Bank TRI,2022-10-20,21427.149705870088
Nifty Private Bank TRI,2022-10-21,21783.42728355618
Nifty Private Bank TRI,2022-10-24,22023.011910462807
Nifty Private Bank TRI,2022-10-25,21838.205839700568
Nifty Private Bank TRI,2022-10-27,21971.357516648794
Nifty Private Bank TRI,2022-10-28,21825.81932663261
Nifty Private Bank TRI,2022-10-31,21906.5610377382
Nifty Private Bank TRI,2022-11-01,21874.714381237136
Nifty Private Bank TRI,2022-11-02,21799.4008938402
Nifty Private Bank TRI,2022-11-03,21874.845432195463
Nifty Private Bank TRI,2022-11-04,21819.42826395273
Nifty Private Bank TRI,2022-11-07,21934.498212302366
Nifty Private Bank TRI,2022-11-09,21935.30320090207
Nifty Private Bank TRI,2022-11-10,21860.499163893324
Nifty Private Bank TRI,2022-11-11,22172.43217174393
Nifty Private Bank TRI,2022-11-14,22169.722111873514
Nifty Private Bank TRI,2022-11-15,22319.258880990878
Nifty Private Bank TRI,2022-11-16,22377.562326495965
Nifty Private Bank TRI,2022-11-17,22348.869175709915
Nifty Private Bank TRI,2022-11-18,22260.105203465348
Nifty Private Bank TRI,2022-11-21,22228.34557979943
Nifty Private Bank TRI,2022-11-22,22295.543984274387
Nifty Private Bank TRI,2022-11-23,22406.016660577425
Nifty Private Bank TRI,2022-11-24,22554.747018372625
Nifty Private Bank TRI,2022-11-25,22562.965349458074
Nifty Private Bank TRI,2022-11-28,22623.70738208899
Nifty Private Bank TRI,2022-11-29,22642.62894669228
Nifty Private Bank TRI,2022-11-30,22768.316609823505
Nifty Private Bank TRI,2022-12-01,22740.76031639193
Nifty Private Bank TRI,2022-12-02,22673.130743349262
Nifty Private Bank TRI,2022-12-05,22809.426270869695
Nifty Private Bank TRI,2022-12-06,22710.822419574175
Nifty Private Bank TRI,2022-12-07,22629.798408701852
Nifty Private Bank TRI,2022-12-08,22895.006462259807
Nifty Private Bank TRI,2022-12-09,22860.726708137336
Nifty Private Bank TRI,2022-12-12,22928.11177926839
Nifty Private Bank TRI,2022-12-13,23096.332165087806
Nifty Private Bank TRI,2022-12-14,23195.987779426236
Nifty Private Bank TRI,2022-12-15,22949.942324383283
Nifty Private Bank TRI,2022-12-16,22810.369989806386
Nifty Private Bank TRI,2022-12-19,22924.925847431517
Nifty Private Bank TRI,2022-12-20,22867.419346711427
Nifty Private Bank TRI,2022-12-21,22438.633645949285
Nifty Private Bank TRI,2022-12-22,22251.357258128024
Nifty Private Bank TRI,2022-12-23,21848.204711035127
Nifty Private Bank TRI,2022-12-27,22518.57164613253
Nifty Private Bank TRI,2022-12-28,22503.724123687498
Nifty Private Bank TRI,2022-12-29,22735.491578976107
Nifty Private Bank TRI,2022-12-30,22615.647600456345
Nifty Private Bank TRI,2023-01-02,22758.819936702377
Nifty Private Bank TRI,2023-01-03,22903.447572570934
Nifty Private Bank TRI,2023-01-04,22672.592369807124
Nifty Private Bank TRI,2023-01-05,22493.97400160306
Nifty Private Bank TRI,2023-01-06,22243.241902421414
Nifty Private Bank TRI,2023-01-09,22451.542757352807
Nifty Private Bank TRI,2023-01-10,22198.262335337073
Nifty Private Bank TRI,2023-01-11,22290.23437683029
Nifty Private Bank TRI,2023-01-12,22184.795638145406
Nifty Private Bank TRI,2023-01-13,22349.71630657207
Nifty Private Bank TRI,2023-01-16,22233.19195243839
Nifty Private Bank TRI,2023-01-17,22262.46791483472
Nifty Private Bank TRI,2023-01-18,22383.111123451537
Nifty Private Bank TRI,2023-01-19,22280.87290384473
Nifty Private Bank TRI,2023-01-20,22364.423563140244
Nifty Private Bank TRI,2023-01-23,22495.934240451592
Nifty Private Bank TRI,2023-01-24,22455.727579554383
Nifty Private Bank TRI,2023-01-25,21939.39020479827
Nifty Private Bank TRI,2023-01-27,21348.923808223695
Nifty Private Bank TRI,2023-01-30,21366.460055979867
Nifty Private Bank TRI,2023-01-31,21455.393557043608
Nifty Private Bank TRI,2023-02-01,21435.919600951725
Nifty Private Bank TRI,2023-02-02,21581.52016672393
Nifty Private Bank TRI,2023-02-03,21936.394319269573
Nifty Private Bank TRI,2023-02-06,21909.659016617483
Nifty Private Bank TRI,2023-02-07,21951.6684526799
Nifty Private Bank TRI,2023-02-08,21985.968806450343
Nifty Private Bank TRI,2023-02-09,22000.294796995553
Nifty Private Bank TRI,2023-02-10,21999.818916445965
Nifty Private Bank TRI,2023-02-13,21829.203446157135
Nifty Private Bank TRI,2023-02-14,21998.121439154438
Nifty Private Bank TRI,2023-02-15,22037.757037689742
Nifty Private Bank TRI,2023-02-16,22003.43296914059
Nifty Private Bank TRI,2023-02-17,21716.268822794093
Nifty Private Bank TRI,2023-02-20,21510.47882471582
Nifty Private Bank TRI,2023-02-21,21494.932851717364
Nifty Private Bank TRI,2023-02-22,21135.11992245943
Nifty Private Bank TRI,2023-02-23,21136.49634900642
Nifty Private Bank TRI,2023-02-24,21102.154168846213
Nifty Private Bank TRI,2023-02-27,21283.83536695485
Nifty Private Bank TRI,2023-02-28,21314.150307391148
Nifty Private Bank TRI,2023-03-01,21530.67066458203
Nifty Private Bank TRI,2023-03-02,21368.932533138282
Nifty Private Bank TRI,2023-03-03,21720.471317523814
Nifty Private Bank TRI,2023-03-06,21767.280961574816
Nifty Private Bank TRI,2023-03-08,21915.5299401716
Nifty Private Bank TRI,2023-03-09,21740.165028426796
Nifty Private Bank TRI,2023-03-10,21339.47914594324
Nifty Private Bank TRI,2023-03-13,20818.665292342757
Nifty Private Bank TRI,2023-03-14,20734.192767558947
Nifty Private Bank TRI,2023-03-15,20558.229001869222
Nifty Private Bank TRI,2023-03-16,20543.753183589884
Nifty Private Bank TRI,2023-03-17,20776.77609606953
Nifty Private Bank TRI,2023-03-20,20667.230277390634
Nifty Private Bank TRI,2023-03-21,20964.631638266546
Nifty Private Bank TRI,2023-03-22,21044.869913089136
Nifty Private Bank TRI,2023-03-23,20865.99051723408
Nifty Private Bank TRI,2023-03-24,20745.3621185928
Nifty Private Bank TRI,2023-03-27,20710.739163666894
Nifty Private Bank TRI,2023-03-28,20781.709643484068
Nifty Private Bank TRI,2023-03-29,20952.059629890016
Nifty Private Bank TRI,2023-03-31,21355.38640575268
Nifty Private Bank TRI,2023-04-03,21517.949486719444
Nifty Private Bank TRI,2023-04-05,21576.13091830811
Nifty Private Bank TRI,2023-04-06,21576.372944047595
Nifty Private Bank TRI,2023-04-10,21467.90181141391
Nifty Private Bank TRI,2023-04-11,21715.208033538194
Nifty Private Bank TRI,2023-04-12,21821.843069966817
Nifty Private Bank TRI,2023-04-13,22054.503895364174
Nifty Private Bank TRI,2023-04-17,22135.583727785423
Nifty Private Bank TRI,2023-04-18,22166.60420876809
Nifty Private Bank TRI,2023-04-19,22104.899006660693
Nifty Private Bank TRI,2023-04-20,22174.306077147998
Nifty Private Bank TRI,2023-04-21,22091.103142944725
Nifty Private Bank TRI,2023-04-24,22335.541918490904
Nifty Private Bank TRI,2023-04-25,22361.64653029046
Nifty Private Bank TRI,2023-04-26,22464.52845660507
Nifty Private Bank TRI,2023-04-27,22600.56970516653
Nifty Private Bank TRI,2023-04-28,22677.03573545955
Nifty Private Bank TRI,2023-05-02,22748.477757724377
Nifty Private Bank TRI,2023-05-03,22762.724824296492
Nifty Private Bank TRI,2023-05-04,22903.602041408416
Nifty Private Bank TRI,2023-05-05,22257.654370903692
Nifty Private Bank TRI,2023-05-08,22636.14253963817
Nifty Private Bank TRI,2023-05-09,22669.249263670386
Nifty Private Bank TRI,2023-05-10,22787.908357899636
Nifty Private Bank TRI,2023-05-11,22870.09033262494
Nifty Private Bank TRI,2023-05-12,23011.50254901032
Nifty Private Bank TRI,2023-05-15,23190.031269032108
Nifty Private Bank TRI,2023-05-16,23055.04379856594
Nifty Private Bank TRI,2023-05-17,22950.161568684765
Nifty Private Bank TRI,2023-05-18,23024.062078612726
Nifty Private Bank TRI,2023-05-19,23128.333469411016
Nifty Private Bank TRI,2023-05-22,23069.526613858176
Nifty Private Bank TRI,2023-05-23,23120.786459703355
Nifty Private Bank TRI,2023-05-24,22980.135020276346
Nifty Private Bank TRI,2023-05-25,23000.090393110902
Nifty Private Bank TRI,2023-05-26,23179.15899224886
Nifty Private Bank TRI,2023-05-29,23274.074182562974
Nifty Private Bank TRI,2023-05-30,23410.343560239642
Nifty Private Bank TRI,2023-05-31,23293.628170121352
Nifty Private Bank TRI,2023-06-01,23128.602733656895
Nifty Private Bank TRI,2023-06-02,23176.604488862376
Nifty Private Bank TRI,2023-06-05,23335.39047095055
Nifty Private Bank TRI,2023-06-06,23387.597128871963
Nifty Private Bank TRI,2023-06-07,23415.960615960663
Nifty Private Bank TRI,2023-06-08,23237.443482415812
Nifty Private Bank TRI,2023-06-09,23291.359945617027
Nifty Private Bank TRI,2023-06-12,23284.175692132565
Nifty Private Bank TRI,2023-06-13,23389.0025077564
Nifty Private Bank TRI,2023-06-14,23303.94012666093
Nifty Private Bank TRI,2023-06-15,23024.26236210263
Nifty Private Bank TRI,2023-06-16,23320.856314221932
Nifty Private Bank TRI,2023-06-19,23113.44716175062
Nifty Private Bank TRI,2023-06-20,23200.759554075186
Nifty Private Bank TRI,2023-06-21,23217.563792872596
Nifty Private Bank TRI,2023-06-22,23120.824238076813
Nifty Private Bank TRI,2023-06-23,23116.524324951657
Nifty Private Bank TRI,2023-06-26,23127.893886584403
Nifty Private Bank TRI,2023-06-27,23384.50578884954
Nifty Private Bank TRI,2023-06-28,23497.495574927205
Nifty Private Bank TRI,2023-06-30,23772.385616208816
Nifty Private Bank TRI,2023-07-03,23920.05498736918
Nifty Private Bank TRI,2023-07-04,23912.759314320312
Nifty Private Bank TRI,2023-07-05,23893.018023205797
Nifty Private Bank TRI,2023-07-06,23980.619353094564
Nifty Private Bank TRI,2023-07-07,23717.977588049358
Nifty Private Bank TRI,2023-07-10,23691.670352712463
Nifty Private Bank TRI,2023-07-11,23704.336987038198
Nifty Private Bank TRI,2023-07-12,23635.323123987273
Nifty Private Bank TRI,2023-07-13,23641.247323402942
Nifty Private Bank TRI,2023-07-14,23774.596863681927
Nifty Private Bank TRI,2023-07-17,24090.956966681177
Nifty Private Bank TRI,2023-07-18,24103.06093274274
Nifty Private Bank TRI,2023-07-19,24197.473830167008
Nifty Private Bank TRI,2023-07-20,24477.208767497155
Nifty Private Bank TRI,2023-07-21,24431.89985249159
Nifty Private Bank TRI,2023-07-24,24375.947786151817
Nifty Private Bank TRI,2023-07-25,24350.03561233319
Nifty Private Bank TRI,2023-07-26,24516.923929773486
Nifty Private Bank TRI,2023-07-27,24265.112696335662
Nifty Private Bank TRI,2023-07-28,24185.404860130824
Nifty Private Bank TRI,2023-07-31,24288.691374182356
Nifty Private Bank TRI,2023-08-01,24293.795138176723
Nifty Private Bank TRI,2023-08-02,23994.544571141018
Nifty Private Bank TRI,2023-08-03,23753.752187029495
Nifty Private Bank TRI,2023-08-04,24050.761106086873
Nifty Private Bank TRI,2023-08-07,24073.898417270677
Nifty Private Bank TRI,2023-08-08,24120.55637428982
Nifty Private Bank TRI,2023-08-09,24082.078590341676
Nifty Private Bank TRI,2023-08-10,23927.541484681526
Nifty Private Bank TRI,2023-08-11,23689.938128794696
Nifty Private Bank TRI,2023-08-14,23679.49408778087
Nifty Private Bank TRI,2023-08-16,23572.062593059778
Nifty Private Bank TRI,2023-08-17,23526.671789765507
Nifty Private Bank TRI,2023-08-18,23478.168545735472
Nifty Private Bank TRI,2023-08-21,23611.75789827245
Nifty Private Bank TRI,2023-08-22,23655.045559300386
Nifty Private Bank TRI,2023-08-23,23953.532782446313
Nifty Private Bank TRI,2023-08-24,23953.859873629823
Nifty Private Bank TRI,2023-08-25,23853.92996729881
Nifty Private Bank TRI,2023-08-28,24001.145278911663
Nifty Private Bank TRI,2023-08-29,23982.324630256702
Nifty Private Bank TRI,2023-08-30,23885.347936030612
Nifty Private Bank TRI,2023-08-31,23791.17017658348
Nifty Private Bank TRI,2023-09-01,24020.20463258128
Nifty Private Bank TRI,2023-09-04,24086.427447951562
Nifty Private Bank TRI,2023-09-05,24102.06679895151
Nifty Private Bank TRI,2023-09-06,23999.52746065758
Nifty Private Bank TRI,2023-09-07,24239.89837487697
Nifty Private Bank TRI,2023-09-08,24375.486643235734
Nifty Private Bank TRI,2023-09-11,24570.14009841788
Nifty Private Bank TRI,2023-09-12,24435.886122285818
Nifty Private Bank TRI,2023-09-13,24624.636706426885
Nifty Private Bank TRI,2023-09-14,24668.624853130244
Nifty Private Bank TRI,2023-09-15,24826.395746548573
Nifty Private Bank TRI,2023-09-18,24620.711448133825
Nifty Private Bank TRI,2023-09-20,24325.753868897584
Nifty Private Bank TRI,2023-09-21,23953.935788380848
Nifty Private Bank TRI,2023-09-22,23931.575778596674
Nifty Private Bank TRI,2023-09-25,24041.368699933682
Nifty Private Bank TRI,2023-09-26,23964.55093702974
Nifty Private Bank TRI,2023-09-27,24019.701660332048
Nifty Private Bank TRI,2023-09-28,23813.97539957636
Nifty Private Bank TRI,2023-09-29,23987.546626165356
Nifty Private Bank TRI,2023-10-03,23876.71040718669
Nifty Private Bank TRI,2023-10-04,23641.005634792862
Nifty Private Bank TRI,2023-10-05,23732.346515929203
Nifty Private Bank TRI,2023-10-06,23854.686789172356
Nifty Private Bank TRI,2023-10-09,23618.318998614
Nifty Private Bank TRI,2023-10-10,23891.66159279026
Nifty Private Bank TRI,2023-10-11,24013.336937546817
Nifty Private Bank TRI,2023-10-12,24072.341273317597
Nifty Private Bank TRI,2023-10-13,23960.924023322583
Nifty Private Bank TRI,2023-10-16,23925.036109159486
Nifty Private Bank TRI,2023-10-17,24008.55360523446
Nifty Private Bank TRI,2023-10-18,23727.73163145748
Nifty Private Bank TRI,2023-10-19,23668.387724718137
Nifty Private Bank TRI,2023-10-20,23683.199059286406
Nifty Private Bank TRI,2023-10-23,23345.248203066338
Nifty Private Bank TRI,2023-10-25,23115.398711911483
Nifty Private Bank TRI,2023-10-26,22830.533134380235
Nifty Private Bank TRI,2023-10-27,23080.244419386832
Nifty Private Bank TRI,2023-10-30,23207.194288383304
Nifty Private Bank TRI,2023-10-31,23097.762584473592
Nifty Private Bank TRI,2023-11-01,22989.989569038316
Nifty Private Bank TRI,2023-11-02,23170.798251157576
Nifty Private Bank TRI,2023-11-03,23326.05698388647
Nifty Private Bank TRI,2023-11-06,23552.96797324648
Nifty Private Bank TRI,2023-11-07,23645.075087090194
Nifty Private Bank TRI,2023-11-08,23611.219654138
Nifty Private Bank TRI,2023-11-09,23655.590570709566
Nifty Private Bank TRI,2023-11-10,23717.83557488817
Nifty Private Bank TRI,2023-11-13,23754.599074456666
Nifty Private Bank TRI,2023-11-15,23909.643286012408
Nifty Private Bank TRI,2023-11-16,23901.81389787605
Nifty Private Bank TRI,2023-11-17,23590.534331421575
Nifty Private Bank TRI,2023-11-20,23567.498542760804
Nifty Private Bank TRI,2023-11-21,23661.131299162003
Nifty Private Bank TRI,2023-11-22,23503.198284327817
Nifty Private Bank TRI,2023-11-23,23592.310930126278
Nifty Private Bank TRI,2023-11-24,23683.662571970817
Nifty Private Bank TRI,2023-11-28,23735.511074510905
Nifty Private Bank TRI,2023-11-29,24088.48993196055
Nifty Private Bank TRI,2023-11-30,24044.132579838937
Nifty Private Bank TRI,2023-12-01,24192.238623380665
Nifty Private Bank TRI,2023-12-04,25048.967254260042
Nifty Private Bank TRI,2023-12-05,25345.142729689378
Nifty Private Bank TRI,2023-12-06,25260.940054841118
Nifty Private Bank TRI,2023-12-07,25226.467936536792
Nifty Private Bank TRI,2023-12-08,25482.12410490343
Nifty Private Bank TRI,2023-12-11,25521.781090814144
Nifty Private Bank TRI,2023-12-12,25380.720284204494
Nifty Private Bank TRI,2023-12-13,25363.293522253112
Nifty Private Bank TRI,2023-12-14,25733.82779611137
Nifty Private Bank TRI,2023-12-15,25928.18899648538
Nifty Private Bank TRI,2023-12-18,25763.662568352433
Nifty Private Bank TRI,2023-12-19,25742.394294647307
Nifty Private Bank TRI,2023-12-20,25476.217656014793
Nifty Private Bank TRI,2023-12-21,25623.916649869672
Nifty Private Bank TRI,2023-12-22,25453.160615105997
Nifty Private Bank TRI,2023-12-26,25556.1703511959
Nifty Private Bank TRI,2023-12-27,25803.318546698323
Nifty Private Bank TRI,2023-12-28,25921.096445766227
Nifty Private Bank TRI,2023-12-29,25861.41191246013
Nifty Private Bank TRI,2024-01-02,25540.262445351826
Nifty Private Bank TRI,2024-01-03,25552.204248687747
Nifty Private Bank TRI,2024-01-04,25851.001496255114
Nifty Private Bank TRI,2024-01-05,25828.42973708729
Nifty Private Bank TRI,2024-01-08,25458.1845041617
Nifty Private Bank TRI,2024-01-09,25365.42072644354
Nifty Private Bank TRI,2024-01-10,25450.457826911676
Nifty Private Bank TRI,2024-01-11,25556.13914065175
Nifty Private Bank TRI,2024-01-12,25635.72207012902
Nifty Private Bank TRI,2024-01-15,25876.61844553497
Nifty Private Bank TRI,2024-01-16,25841.822934641827
Nifty Private Bank TRI,2024-01-17,24747.84025996915
Nifty Private Bank TRI,2024-01-18,24545.031886080058
Nifty Private Bank TRI,2024-01-19,24477.511900306083
Nifty Private Bank TRI,2024-01-23,24093.898971098184
Nifty Private Bank TRI,2024-01-24,24035.988161788944
Nifty Private Bank TRI,2024-01-25,23973.39571719614
Nifty Private Bank TRI,2024-01-29,24340.705439474754
Nifty Private Bank TRI,2024-01-30,24259.85860902569
Nifty Private Bank TRI,2024-01-31,24540.495795606894
Nifty Private Bank TRI,2024-02-01,24571.3069478342
Nifty Private Bank TRI,2024-02-02,24394.56126924733
Nifty Private Bank TRI,2024-02-05,24360.50780263316
Nifty Private Bank TRI,2024-02-06,24242.154131608604
Nifty Private Bank TRI,2024-02-07,24224.801839236236
Nifty Private Bank TRI,2024-02-08,23596.5858765553
Nifty Private Bank TRI,2024-02-09,23835.485089142778
Nifty Private Bank TRI,2024-02-12,23440.014314967008
Nifty Private Bank TRI,2024-02-13,23787.944629976697
Nifty Private Bank TRI,2024-02-14,23909.307377640376
Nifty Private Bank TRI,2024-02-15,23983.601475360734
Nifty Private Bank TRI,2024-02-16,24178.052920471124
Nifty Private Bank TRI,2024-02-20,24485.036071701765
Nifty Private Bank TRI,2024-02-21,24393.035413360572
Nifty Private Bank TRI,2024-02-22,24377.295005147138
Nifty Private Bank TRI,2024-02-23,24377.991624491264
Nifty Private Bank TRI,2024-02-26,24260.74099114965
Nifty Private Bank TRI,2024-02-27,24318.818900278133
Nifty Private Bank TRI,2024-02-28,23951.129099745856
Nifty Private Bank TRI,2024-02-29,24040.62689013981
Nifty Private Bank TRI,2024-03-01,24648.776688693626
Nifty Private Bank TRI,2024-03-04,24744.321375848354
Nifty Private Bank TRI,2024-03-05,24694.76430801669
Nifty Private Bank TRI,2024-03-06,24910.55718947815
Nifty Private Bank TRI,2024-03-07,24816.5658662005
Nifty Private Bank TRI,2024-03-11,24554.476796034392
Nifty Private Bank TRI,2024-03-12,24565.582710476996
Nifty Private Bank TRI,2024-03-13,24394.98436152463
Nifty Private Bank TRI,2024-03-14,24282.29710239027
Nifty Private Bank TRI,2024-03-15,24272.741831005944
Nifty Private Bank TRI,2024-03-18,24242.305938394864
Nifty Private Bank TRI,2024-03-19,24167.595245519442
Nifty Private Bank TRI,2024-03-20,24096.944037118566
Nifty Private Bank TRI,2024-03-21,24308.29660970556
Nifty Private Bank TRI,2024-03-22,24409.952037564242
Nifty Private Bank TRI,2024-03-26,24288.618342278096
Nifty Private Bank TRI,2024-03-27,24433.477429436785
Nifty Private Bank TRI,2024-03-28,24519.42559427794
Nifty Private Bank TRI,2024-04-01,24772.730772819807
Nifty Private Bank TRI,2024-04-02,24756.777352286917
Nifty Private Bank TRI,2024-04-03,24720.316776047785
Nifty Private Bank TRI,2024-04-04,24996.988439269706
Nifty Private Bank TRI,2024-04-05,25222.08634609156
Nifty Private Bank TRI,2024-04-08,25284.3857153329
Nifty Private Bank TRI,2024-04-09,25397.323820120022
Nifty Private Bank TRI,2024-04-10,25519.58195399923
Nifty Private Bank TRI,2024-04-12,25319.916325407627
Nifty Private Bank TRI,2024-04-15,24900.584472707975
Nifty Private Bank TRI,2024-04-16,24737.563557304555
Nifty Private Bank TRI,2024-04-18,24504.488735516465
Nifty Private Bank TRI,2024-04-19,24777.6755411837
Nifty Private Bank TRI,2024-04-22,24963.25417701409
Nifty Private Bank TRI,2024-04-23,24990.302149340583
Nifty Private Bank TRI,2024-04-24,25104.613793104705
Nifty Private Bank TRI,2024-04-25,25137.70480228603
Nifty Private Bank TRI,2024-04-26,25024.493523672918
Nifty Private Bank TRI,2024-04-29,25566.505700278754
Nifty Private Bank TRI,2024-04-30,25551.12842469148
Nifty Private Bank TRI,2024-05-02,25485.542529942362
Nifty Private Bank TRI,2024-05-03,25299.267244317354
Nifty Private Bank TRI,2024-05-06,25410.021117826025
Nifty Private Bank TRI,2024-05-07,25041.53145249675
Nifty Private Bank TRI,2024-05-08,24839.25091307952
Nifty Private Bank TRI,2024-05-09,24484.594152151665
Nifty Private Bank TRI,2024-05-10,24528.41184599215
Nifty Private Bank TRI,2024-05-13,24740.17595358478
Nifty Private Bank TRI,2024-05-14,24785.35437289531
Nifty Private Bank TRI,2024-05-15,24702.99028908445
Nifty Private Bank TRI,2024-05-16,24868.368751908543
Nifty Private Bank TRI,2024-05-17,24927.612587441956
Nifty Private Bank TRI,2024-05-21,24821.942198061548
Nifty Private Bank TRI,2024-05-22,24719.41445112767
Nifty Private Bank TRI,2024-05-23,25213.30932479762
Nifty Private Bank TRI,2024-05-24,25317.35731139384
Nifty Private Bank TRI,2024-05-27,25455.489571590853
Nifty Private Bank TRI,2024-05-28,25376.715295347563
Nifty Private Bank TRI,2024-05-29,25030.718298355598
Nifty Private Bank TRI,2024-05-30,25110.342848641074
Nifty Private Bank TRI,2024-05-31,25237.056807523837
Nifty Private Bank TRI,2024-06-03,26080.27680716711
Nifty Private Bank TRI,2024-06-04,24243.65618930721
Nifty Private Bank TRI,2024-06-05,25487.373829767672
Nifty Private Bank TRI,2024-06-06,25481.002415527437
Nifty Private Bank TRI,2024-06-07,25742.506937022772
Nifty Private Bank TRI,2024-06-10,25720.638427566577
Nifty Private Bank TRI,2024-06-11,25678.580143432227
Nifty Private Bank TRI,2024-06-12,25779.118230375698
Nifty Private Bank TRI,2024-06-13,25729.818493336723
Nifty Private Bank TRI,2024-06-14,25818.065456968998
Nifty Private Bank TRI,2024-06-18,26103.544166432093
Nifty Private Bank TRI,2024-06-19,26629.372696206796
Nifty Private Bank TRI,2024-06-20,26938.14520123084
Nifty Private Bank TRI,2024-06-21,26898.391624941174
Nifty Private Bank TRI,2024-06-24,26867.917398495316
Nifty Private Bank TRI,2024-06-25,27324.07771910936
Nifty Private Bank TRI,2024-06-26,27481.24691115221
Nifty Private Bank TRI,2024-06-27,27516.014783010156
Nifty Private Bank TRI,2024-06-28,27176.264225388706
Nifty Private Bank TRI,2024-07-01,27317.561128605194
Nifty Private Bank TRI,2024-07-02,27077.22238412204
Nifty Private Bank TRI,2024-07-03,27625.41706659843
Nifty Private Bank TRI,2024-07-04,27646.170039721215
Nifty Private Bank TRI,2024-07-05,27377.630509961826
Nifty Private Bank TRI,2024-07-08,27310.00945104696
Nifty Private Bank TRI,2024-07-09,27343.998842415636
Nifty Private Bank TRI,2024-07-10,27192.287809607304
Nifty Private Bank TRI,2024-07-11,27237.117873828185
Nifty Private Bank TRI,2024-07-12,27255.784979063756
Nifty Private Bank TRI,2024-07-15,27258.88058542476
Nifty Private Bank TRI,2024-07-16,27235.328923754194
Nifty Private Bank TRI,2024-07-18,27344.545591894428
Nifty Private Bank TRI,2024-07-19,27113.68869993656
Nifty Private Bank TRI,2024-07-22,27122.097339502063
Nifty Private Bank TRI,2024-07-23,26898.471865389653
Nifty Private Bank TRI,2024-07-24,26695.170678371735
Nifty Private Bank TRI,2024-07-25,26449.7425342935
Nifty Private Bank TRI,2024-07-26,26605.607820909714
Nifty Private Bank TRI,2024-07-29,26680.10112725433
Nifty Private Bank TRI,2024-07-30,26768.206539141953
Nifty Private Bank TRI,2024-07-31,26809.60128328239
Nifty Private Bank TRI,2024-08-01,26810.071237304775
Nifty Private Bank TRI,2024-08-02,26706.011284943746
Nifty Private Bank TRI,2024-08-05,26101.576023580703
Nifty Private Bank TRI,2024-08-06,25944.31740219236
Nifty Private Bank TRI,2024-08-07,26069.441181408816
Nifty Private Bank TRI,2024-08-08,26093.730605618995
Nifty Private Bank TRI,2024-08-09,26223.082000817645
Nifty Private Bank TRI,2024-08-12,26339.234917811948
Nifty Private Bank TRI,2024-08-13,26014.2193460227
Nifty Private Bank TRI,2024-08-14,25910.3900972974
Nifty Private Bank TRI,2024-08-16,26339.84051382988
Nifty Private Bank TRI,2024-08-19,26214.355363510673
Nifty Private Bank TRI,2024-08-20,26481.974145424178
Nifty Private Bank TRI,2024-08-21,26481.24185286657
Nifty Private Bank TRI,2024-08-22,26632.263639261255
Nifty Private Bank TRI,2024-08-23,26599.77243823929
Nifty Private Bank TRI,2024-08-26,26705.793007351836
Nifty Private Bank TRI,2024-08-27,26787.41314409978
Nifty Private Bank TRI,2024-08-28,26751.01025720282
Nifty Private Bank TRI,2024-08-29,26711.790823520467
Nifty Private Bank TRI,2024-08-30,26795.186845483644
Nifty Private Bank TRI,2024-09-02,26863.360175041704
Nifty Private Bank TRI,2024-09-03,26988.279684065856
Nifty Private Bank TRI,2024-09-04,26812.403313479797
Nifty Private Bank TRI,2024-09-05,26836.76297292302
Nifty Private Bank TRI,2024-09-06,26423.28837174539
Nifty Private Bank TRI,2024-09-09,26721.384412835112
Nifty Private Bank TRI,2024-09-10,26833.171155414
Nifty Private Bank TRI,2024-09-11,26698.640337142777
Nifty Private Bank TRI,2024-09-12,27073.44449345938
Nifty Private Bank TRI,2024-09-13,27204.90661114832
Nifty Private Bank TRI,2024-09-16,27343.273044799425
Nifty Private Bank TRI,2024-09-17,27388.77208526651
Nifty Private Bank TRI,2024-09-18,27652.33923156456
Nifty Private Bank TRI,2024-09-19,27807.243429018337
Nifty Private Bank TRI,2024-09-20,28237.14354131058
Nifty Private Bank TRI,2024-09-23,28301.168378285427
Nifty Private Bank TRI,2024-09-24,28222.0434189783
Nifty Private Bank TRI,2024-09-25,28309.03779394652
Nifty Private Bank TRI,2024-09-26,28426.60775331926
Nifty Private Bank TRI,2024-09-27,28133.30074397092
Nifty Private Bank TRI,2024-09-30,27656.088098219247
Nifty Private Bank TRI,2024-10-01,27623.48942712703
Nifty Private Bank TRI,2024-10-03,26902.85819084667
Nifty Private Bank TRI,2024-10-04,26699.146779417733
Nifty Private Bank TRI,2024-10-07,26215.56977560513
Nifty Private Bank TRI,2024-10-08,26475.382997447257
Nifty Private Bank TRI,2024-10-09,26471.2049187528
Nifty Private Bank TRI,2024-10-10,26891.547883283485
Nifty Private Bank TRI,2024-10-11,26763.434814018954
Nifty Private Bank TRI,2024-10-14,27050.154531683955
Nifty Private Bank TRI,2024-10-15,27033.980610338564
Nifty Private Bank TRI,2024-10-16,26918.75100314779
Nifty Private Bank TRI,2024-10-17,26617.200764073506
Nifty Private Bank TRI,2024-10-18,27122.454144709987
Nifty Private Bank TRI,2024-10-21,26830.660669347522
Nifty Private Bank TRI,2024-10-22,26569.852422148044
Nifty Private Bank TRI,2024-10-23,26496.986584934
Nifty Private Bank TRI,2024-10-24,26594.377649247162
Nifty Private Bank TRI,2024-10-25,26271.86083624266
Nifty Private Bank TRI,2024-10-28,26344.498796526794
Nifty Private Bank TRI,2024-10-29,26748.665578301483
Nifty Private Bank TRI,2024-10-30,26509.855264105987
Nifty Private Bank TRI,2024-10-31,26330.02209959384
Nifty Private Bank TRI,2024-11-01,26463.33784836838
Nifty Private Bank TRI,2024-11-04,26114.350503376536
Nifty Private Bank TRI,2024-11-05,26621.705264646105
Nifty Private Bank TRI,2024-11-06,26631.25751451636
Nifty Private Bank TRI,2024-11-07,26389.0771410459
Nifty Private Bank TRI,2024-11-08,26297.712920402122
Nifty Private Bank TRI,2024-11-11,26436.09620080548
Nifty Private Bank TRI,2024-11-12,26141.741323293467
Nifty Private Bank TRI,2024-11-13,25614.161137044644
Nifty Private Bank TRI,2024-11-14,25698.254493294593
Nifty Private Bank TRI,2024-11-18,25734.95470526821
Nifty Private Bank TRI,2024-11-19,25902.335631665886
Nifty Private Bank TRI,2024-11-21,25924.29402441945
Nifty Private Bank TRI,2024-11-22,26194.393765926652
Nifty Private Bank TRI,2024-11-25,26617.384829253828
Nifty Private Bank TRI,2024-11-26,26590.75185088474
Nifty Private Bank TRI,2024-11-27,26650.43451115859
Nifty Private Bank TRI,2024-11-28,26355.13083613594
Nifty Private Bank TRI,2024-11-29,26452.724742482962
Nifty Private Bank TRI,2024-12-02,26466.3418271021
Nifty Private Bank TRI,2024-12-03,26695.54725864575
Nifty Private Bank TRI,2024-12-04,26926.584744582862
Nifty Private Bank TRI,2024-12-05,27113.445621179813
Nifty Private Bank TRI,2024-12-06,27111.622802289272
Nifty Private Bank TRI,2024-12-09,27037.160600559142
Nifty Private Bank TRI,2024-12-10,27074.97705956542
Nifty Private Bank TRI,2024-12-11,27008.754823743795
Nifty Private Bank TRI,2024-12-12,26893.538912893557
Nifty Private Bank TRI,2024-12-13,27110.297137455353
Nifty Private Bank TRI,2024-12-16,27131.205104910016
Nifty Private Bank TRI,2024-12-17,26755.912345646073
Nifty Private Bank TRI,2024-12-18,26458.439993294098
Nifty Private Bank TRI,2024-12-19,26176.16062195371
Nifty Private Bank TRI,2024-12-20,25718.203436506123
Nifty Private Bank TRI,2024-12-23,25944.662001669632
Nifty Private Bank TRI,2024-12-24,25950.762490089583
Nifty Private Bank TRI,2024-12-26,25909.2101375189
Nifty Private Bank TRI,2024-12-27,26035.620411791413
Nifty Private Bank TRI,2024-12-30,25872.174031118866
Nifty Private Bank TRI,2024-12-31,25891.753244874544
Nifty Private Bank TRI,2025-01-02,26377.552162596316
Nifty Private Bank TRI,2025-01-03,26141.606059528673
Nifty Private Bank TRI,2025-01-06,25590.630831891736
Nifty Private Bank TRI,2025-01-07,25687.272153491944
Nifty Private Bank TRI,2025-01-08,25563.1663179024
Nifty Private Bank TRI,2025-01-09,25450.237700676123
Nifty Private Bank TRI,2025-01-10,25008.234725052578
Nifty Private Bank TRI,2025-01-13,24791.31313373066
Nifty Private Bank TRI,2025-01-14,25073.296604164796
Nifty Private Bank TRI,2025-01-15,25069.301499988786
Nifty Private Bank TRI,2025-01-16,25297.94567259895
Nifty Private Bank TRI,2025-01-17,24748.199186246697
Nifty Private Bank TRI,2025-01-20,25337.214198422364
Nifty Private Bank TRI,2025-01-21,24947.348386102847
Nifty Private Bank TRI,2025-01-22,25048.703953698783
Nifty Private Bank TRI,2025-01-23,24949.230053708518
Nifty Private Bank TRI,2025-01-24,24824.145850476212
Nifty Private Bank TRI,2025-01-27,24703.809658355774
Nifty Private Bank TRI,2025-01-28,25110.232259038963
Nifty Private Bank TRI,2025-01-29,25319.31854430496
Nifty Private Bank TRI,2025-01-30,25360.638957029107
Nifty Private Bank TRI,2025-01-31,25490.86469909721
Nifty Private Bank TRI,2025-02-03,25365.891186520334
Nifty Private Bank TRI,2025-02-04,25892.10895849987
Nifty Private Bank TRI,2025-02-05,25958.164164829046
Nifty Private Bank TRI,2025-02-06,26038.17880007335
Nifty Private Bank TRI,2025-02-07,26056.14906152331
Nifty Private Bank TRI,2025-02-10,26001.28490532477
Nifty Private Bank TRI,2025-02-11,25685.38699015581
Nifty Private Bank TRI,2025-02-12,25748.62367856841
Nifty Private Bank TRI,2025-02-13,25791.264653656177
Nifty Private Bank TRI,2025-02-14,25628.621860376352
Nifty Private Bank TRI,2025-02-17,25667.834345186162
Nifty Private Bank TRI,2025-02-18,25616.952195035214
Nifty Private Bank TRI,2025-02-19,25907.450054878605
Nifty Private Bank TRI,2025-02-20,25783.58862180346
Nifty Private Bank TRI,2025-02-21,25593.22155399203
Nifty Private Bank TRI,2025-02-24,25495.24573591496
Nifty Private Bank TRI,2025-02-25,25500.144152861074
Nifty Private Bank TRI,2025-02-27,25560.600288322898
Nifty Private Bank TRI,2025-02-28,25332.411267588945
Nifty Private Bank TRI,2025-03-03,25229.70942466619
Nifty Private Bank TRI,2025-03-04,25210.498968840635
Nifty Private Bank TRI,2025-03-05,25347.736035530237
Nifty Private Bank TRI,2025-03-06,25438.385961098953
Nifty Private Bank TRI,2025-03-07,25405.737299177774
Nifty Private Bank TRI,2025-03-10,25259.000714791146
Nifty Private Bank TRI,2025-03-11,24909.555137351646
Nifty Private Bank TRI,2025-03-12,25090.885365248054
Nifty Private Bank TRI,2025-03-13,25055.091576439463
Nifty Private Bank TRI,2025-03-17,25292.166571638147
Nifty Private Bank TRI,2025-03-18,25775.27546445036
Nifty Private Bank TRI,2025-03-19,25900.72604254507
Nifty Private Bank TRI,2025-03-20,26058.920430772214
Nifty Private Bank TRI,2025-03-21,26393.57969613088
Nifty Private Bank TRI,2025-03-24,27032.90866028201
Nifty Private Bank TRI,2025-03-25,27052.31739396203
Nifty Private Bank TRI,2025-03-26,26808.63589022748
Nifty Private Bank TRI,2025-03-27,26880.083149633967
Nifty Private Bank TRI,2025-03-28,26919.83653983679
Nifty Private Bank TRI,2025-04-01,26596.36879111319
Nifty Private Bank TRI,2025-04-02,26793.256175013197
Nifty Private Bank TRI,2025-04-03,26880.03715064364
Nifty Private Bank TRI,2025-04-04,26845.51361003558
Nifty Private Bank TRI,2025-04-07,25914.092120510242
Nifty Private Bank TRI,2025-04-08,26243.49604929659
Nifty Private Bank TRI,2025-04-09,26160.256357062564
Nifty Private Bank TRI,2025-04-11,26563.85008802867
Nifty Private Bank TRI,2025-04-15,27313.138732460957
Nifty Private Bank TRI,2025-04-16,27788.252772084128
Nifty Private Bank TRI,2025-04-17,28409.30047182219
Nifty Private Bank TRI,2025-04-21,29015.230184195247
Nifty Private Bank TRI,2025-04-22,29113.521889473996
Nifty Private Bank TRI,2025-04-23,28895.728685724695
Nifty Private Bank TRI,2025-04-24,28831.55547958804
Nifty Private Bank TRI,2025-04-25,28463.47446656624
Nifty Private Bank TRI,2025-04-28,28861.96154204326
Nifty Private Bank TRI,2025-04-29,28795.06280817218
Nifty Private Bank TRI,2025-04-30,28728.89402917872
Nifty Private Bank TRI,2025-05-02,28673.266104849856
Nifty Private Bank TRI,2025-05-05,28445.0138489574
Nifty Private Bank TRI,2025-05-06,28257.474936587398
Nifty Private Bank TRI,2025-05-07,28452.700414789604
Nifty Private Bank TRI,2025-05-08,28425.560104431584
Nifty Private Bank TRI,2025-05-09,28059.547621616093
Nifty Private Bank TRI,2025-05-12,28969.53779275447
Nifty Private Bank TRI,2025-05-13,28683.01569829944
Nifty Private Bank TRI,2025-05-14,28627.823838300672
Nifty Private Bank TRI,2025-05-15,28940.367573552456
Nifty Private Bank TRI,2025-05-16,28966.881826581375
Nifty Private Bank TRI,2025-05-19,28935.87785283156
Nifty Private Bank TRI,2025-05-20,28637.812364360867
Nifty Private Bank TRI,2025-05-21,28669.55661778278
Nifty Private Bank TRI,2025-05-22,28606.819645719264
Nifty Private Bank TRI,2025-05-23,28916.99053617215
Nifty Private Bank TRI,2025-05-26,28958.22099939403
Nifty Private Bank TRI,2025-05-27,28825.86257030217
Nifty Private Bank TRI,2025-05-28,28794.585088384807
Nifty Private Bank TRI,2025-05-29,28927.57831343411
Nifty Private Bank TRI,2025-05-30,28872.95431964088
Nifty Private Bank TRI,2025-06-02,28971.983159560346
Nifty Private Bank TRI,2025-06-03,28633.391649734345
Nifty Private Bank TRI,2025-06-04,28657.44621712996
Nifty Private Bank TRI,2025-06-05,28630.038446956343
Nifty Private Bank TRI,2025-06-06,29143.616317733726
Nifty Private Bank TRI,2025-06-09,29446.285198283567
Nifty Private Bank TRI,2025-06-10,29397.783481225328
Nifty Private Bank TRI,2025-06-11,29321.689724899916
Nifty Private Bank TRI,2025-06-12,29090.55611654438
Nifty Private Bank TRI,2025-06-13,28827.42318372338
Nifty Private Bank TRI,2025-06-16,29077.534732880456
Nifty Private Bank TRI,2025-06-17,28975.091220115257
Nifty Private Bank TRI,2025-06-18,29089.84892838704
Nifty Private Bank TRI,2025-06-19,29004.36810809538
Nifty Private Bank TRI,2025-06-20,29302.514533595102
Nifty Private Bank TRI,2025-06-23,29253.7039626372
Nifty Private Bank TRI,2025-06-24,29467.66151847456
Nifty Private Bank TRI,2025-06-25,29459.05480968602
Nifty Private Bank TRI,2025-06-26,29763.77804869168
Nifty Private Bank TRI,2025-06-27,29857.508096671732
Nifty Private Bank TRI,2025-06-30,29595.297420630406
Nifty Private Bank TRI,2025-07-01,29631.68156183962
Nifty Private Bank TRI,2025-07-02,29440.81689485464
Nifty Private Bank TRI,2025-07-03,29306.19659308358
Nifty Private Bank TRI,2025-07-04,29399.196876431775
Nifty Private Bank TRI,2025-07-07,29389.76820282982
Nifty Private Bank TRI,2025-07-08,29584.703581668942
Nifty Private Bank TRI,2025-07-09,29579.450230184168
Nifty Private Bank TRI,2025-07-10,29437.172708666454
Nifty Private Bank TRI,2025-07-11,29411.801887809263
Nifty Private Bank TRI,2025-07-14,29397.815842139044
Nifty Private Bank TRI,2025-07-15,29437.819838295607
Nifty Private Bank TRI,2025-07-16,29447.70413649986
Nifty Private Bank TRI,2025-07-17,29276.073704712977
Nifty Private Bank TRI,2025-07-18,28848.118432697775
Nifty Private Bank TRI,2025-07-21,29212.345958142843
Nifty Private Bank TRI,2025-07-22,29175.49598401229
Nifty Private Bank TRI,2025-07-23,29376.5441808206
Nifty Private Bank TRI,2025-07-24,29206.732018494058
Nifty Private Bank TRI,2025-07-25,28923.85629442033
Nifty Private Bank TRI,2025-07-28,28447.325440709228
Nifty Private Bank TRI,2025-07-29,28453.110812220948
Nifty Private Bank TRI,2025-07-30,28417.92259954848
Nifty Private Bank TRI,2025-07-31,28382.682253859904
Nifty Private Bank TRI,2025-08-01,28210.060558192337
Nifty Private Bank TRI,2025-08-04,28247.99890160079
Nifty Private Bank TRI,2025-08-05,28162.766660545538
Nifty Private Bank TRI,2025-08-06,28138.943302298598
Nifty Private Bank TRI,2025-08-07,28192.198038041057
Nifty Private Bank TRI,2025-08-08,27840.032515927393
Nifty Private Bank TRI,2025-08-11,28065.771274775307
Nifty Private Bank TRI,2025-08-12,27837.62294930482
Nifty Private Bank TRI,2025-08-13,27924.62731071568
Nifty Private Bank TRI,2025-08-14,27936.957314173567
Nifty Private Bank TRI,2025-08-18,28220.644904593817
Nifty Private Bank TRI,2025-08-19,28339.57947684373
Nifty Private Bank TRI,2025-08-20,28238.082105543865
Nifty Private Bank TRI,2025-08-21,28277.0420844996
Nifty Private Bank TRI,2025-08-22,27978.635436428096
Nifty Private Bank TRI,2025-08-25,27984.656397560047
Nifty Private Bank TRI,2025-08-26,27611.80253620836
Nifty Private Bank TRI,2025-08-28,27333.292529101243
Nifty Private Bank TRI,2025-08-29,27317.048433842672
Nifty Private Bank TRI,2025-09-01,27542.776945942434
Nifty Private Bank TRI,2025-09-02,27351.564089212727
Nifty Private Bank TRI,2025-09-03,27553.75086940331
Nifty Private Bank TRI,2025-09-04,27558.269511389564
Nifty Private Bank TRI,2025-09-05,27612.534476197787
Nifty Private Bank TRI,2025-09-08,27610.782414986756
Nifty Private Bank TRI,2025-09-09,27646.545195058698
Nifty Private Bank TRI,2025-09-10,27817.825107223023
Nifty Private Bank TRI,2025-09-11,27900.249719540247
Nifty Private Bank TRI,2025-09-12,28013.869737354034
Nifty Private Bank TRI,2025-09-15,28015.95942007955
Nifty Private Bank TRI,2025-09-16,28235.650148658526
Nifty Private Bank TRI,2025-09-17,28341.26042272851
Nifty Private Bank TRI,2025-09-18,28467.269986634332
Nifty Private Bank TRI,2025-09-19,28283.523243587857
Nifty Private Bank TRI,2025-09-22,28224.542088374754
Nifty Private Bank TRI,2025-09-23,28374.20484929926
Nifty Private Bank TRI,2025-09-24,28130.458458468318
Nifty Private Bank TRI,2025-09-25,28091.93638529615
Nifty Private Bank TRI,2025-09-26,27778.70243293252
Nifty Private Bank TRI,2025-09-29,27698.930768019276
Nifty Private Bank TRI,2025-09-30,27752.951812960964
Nifty Private Bank TRI,2025-10-01,28300.952527069745
Nifty Private Bank TRI,2025-10-03,28484.638367161602
Nifty Private Bank TRI,2025-10-06,28833.553389360997
Nifty Private Bank TRI,2025-10-07,28841.393668398887
Nifty Private Bank TRI,2025-10-08,28749.27489265309
Nifty Private Bank TRI,2025-10-09,28863.892678095668
Nifty Private Bank TRI,2025-10-10,29120.378738353193
Nifty Private Bank TRI,2025-10-13,29150.626884325156
Nifty Private Bank TRI,2025-10-14,29051.95075111724
Nifty Private Bank TRI,2025-10-15,29085.44366885263
Nifty Private Bank TRI,2025-10-16,29514.88039661048
Nifty Private Bank TRI,2025-10-17,29624.011759797144
Nifty Private Bank TRI,2025-10-20,29822.29173599005
Nifty Private Bank TRI,2025-10-21,29821.75439538932
Nifty Private Bank TRI,2025-10-23,29969.651392153977
Nifty Private Bank TRI,2025-10-24,29726.824641498682
Nifty Private Bank TRI,2025-10-27,29809.351877963338
Nifty Private Bank TRI,2025-10-28,29833.102928237025
Nifty Private Bank TRI,2025-10-29,29873.850561802872
Nifty Private Bank TRI,2025-10-30,29653.351290142844
Nifty Private Bank TRI,2025-10-31,29431.06110211244
Nifty Private Bank TRI,2025-11-03,29536.667590238525
Nifty Private Bank TRI,2025-11-04,29337.447555583316
Nifty Private Bank TRI,2025-11-06,29182.37484280327
Nifty Private Bank TRI,2025-11-07,29311.996475484062
Nifty Private Bank TRI,2025-11-10,29325.685008875233
Nifty Private Bank TRI,2025-11-11,29431.12688229417
Nifty Private Bank TRI,2025-11-12,29516.89569300557
Nifty Private Bank TRI,2025-11-13,29540.385501120225
Nifty Private Bank TRI,2025-11-14,29585.54671217125
Nifty Private Bank TRI,2025-11-17,29821.52097451482
Nifty Private Bank TRI,2025-11-18,29812.95646195657
Nifty Private Bank TRI,2025-11-19,29905.56029039878
Nifty Private Bank TRI,2025-11-20,29999.952018721367
Nifty Private Bank TRI,2025-11-21,29802.579857083794
Nifty Private Bank TRI,2025-11-24,29753.264261477965
Nifty Private Bank TRI,2025-11-25,29685.81751458952
Nifty Private Bank TRI,2025-11-26,30118.177919380378
Nifty Private Bank TRI,2025-11-27,30220.08657257188
Nifty Private Bank TRI,2025-11-28,30217.717351646053
Nifty Private Bank TRI,2025-12-01,30186.625046451958
Nifty Private Bank TRI,2025-12-02,29977.261126417474
Nifty Private Bank TRI,2025-12-03,30149.818692330842
Nifty Private Bank TRI,2025-12-04,30147.97313324777
Nifty Private Bank TRI,2025-12-05,30297.1303635154
Nifty Private Bank TRI,2025-12-08,30045.642782818402
Nifty Private Bank TRI,2025-12-09,30020.22707432819
Nifty Private Bank TRI,2025-12-10,29892.72116375405
Nifty Private Bank TRI,2025-12-11,30101.672325263535
Nifty Private Bank TRI,2025-12-12,30237.08894773111
Nifty Private Bank TRI,2025-12-15,30255.020773525044
Nifty Private Bank TRI,2025-12-16,29884.620431254676
Nifty Private Bank TRI,2025-12-17,29752.164751775043
Nifty Private Bank TRI,2025-12-18,29746.743263363995
Nifty Private Bank TRI,2025-12-19,29829.620997816055
Nifty Private Bank TRI,2025-12-22,29934.42163862516
Nifty Private Bank TRI,2025-12-23,29925.80106002831
Nifty Private Bank TRI,2025-12-24,29883.422802470042
Nifty Private Bank TRI,2025-12-26,29824.4394114058
Nifty Private Bank TRI,2025-12-29,29771.53199952366
Nifty Private Bank TRI,2025-12-30,29856.83639470505
Nifty Private Bank TRI,2025-12-31,30159.668773091158
Nifty Private Bank TRI,2026-01-02,30351.350738489764
Nifty Private Bank TRI,2026-01-05,30335.161917919402
Nifty Private Bank TRI,2026-01-06,30328.750035590998
Nifty Private Bank TRI,2026-01-07,30330.26564655708
Nifty Private Bank TRI,2026-01-08,30219.411901627285
Nifty Private Bank TRI,2026-01-09,29931.803162218937
Nifty Private Bank TRI,2026-01-12,29994.62738474767
Nifty Private Bank TRI,2026-01-13,30005.22378741394
Nifty Private Bank TRI,2026-01-14,29998.123557509432
Nifty Private Bank TRI,2026-01-16,30133.06929923813
Nifty Private Bank TRI,2026-01-19,30123.64219315564
Nifty Private Bank TRI,2026-01-20,29835.988880028883
Nifty Private Bank TRI,2026-01-21,29581.677487661775
Nifty Private Bank TRI,2026-01-22,29733.390492716822
Nifty Private Bank TRI,2026-01-23,29413.682375959608
Nifty Private Bank TRI,2026-01-27,29709.370133648044
Nifty Private Bank TRI,2026-01-28,29876.69865684508
Nifty Private Bank TRI,2026-01-29,30185.533488686146
Nifty Private Bank TRI,2026-01-30,29995.539664926662
Nifty Private Bank TRI,2026-02-02,29631.699225797875
Nifty Private Bank TRI,2026-02-03,30374.017913521762
Nifty Private Bank TRI,2026-02-04,30392.24137009711
Nifty Private Bank TRI,2026-02-05,30216.94319641969
Nifty Private Bank TRI,2026-02-06,30409.197953066487
Nifty Private Bank TRI,2026-02-09,30479.68256947791
Nifty Private Bank TRI,2026-02-10,30536.30982229261
Nifty Private Bank TRI,2026-02-11,30486.97507986514
Nifty Private Bank TRI,2026-02-12,30456.765052284278
Nifty Private Bank TRI,2026-02-13,30146.956814420897
Nifty Private Bank TRI,2026-02-16,30505.450166389386
Nifty Private Bank TRI,2026-02-17,30505.708698976054
Nifty Private Bank TRI,2026-02-18,30670.362277655746
Nifty Private Bank TRI,2026-02-19,30221.562857712597
Nifty Private Bank TRI,2026-02-20,30377.654523224006
Nifty Private Bank TRI,2026-02-23,30483.408268483356
Nifty Private Bank TRI,2026-02-24,30341.431014794594
Nifty Private Bank TRI,2026-02-25,30455.7600572658
Nifty Private Bank TRI,2026-02-26,30475.987107648412
Nifty Private Bank TRI,2026-02-27,30074.689982541826
Nifty Private Bank TRI,2026-03-02,29803.09098311797
Nifty Private Bank TRI,2026-03-04,29353.188518141626
Nifty Private Bank TRI,2026-03-05,29484.913497228103
Nifty Private Bank TRI,2026-03-06,28817.445415421895
Nifty Private Bank TRI,2026-03-09,28018.296236058915
Nifty Private Bank TRI,2026-03-10,28520.19993866735
Nifty Private Bank TRI,2026-03-11,27833.018522663726
Nifty Private Bank TRI,2026-03-12,27388.25593970517
Nifty Private Bank TRI,2026-03-13,26814.035538442775
Nifty Private Bank TRI,2026-03-16,27146.408018064576
Nifty Private Bank TRI,2026-03-17,27400.163455607573
Nifty Private Bank TRI,2026-03-18,27641.997271293854
Nifty Private Bank TRI,2026-03-19,26700.23249487638
Nifty Private Bank TRI,2026-03-20,26561.836174457138
Nifty Private Bank TRI,2026-03-23,25689.588288062805
Nifty Private Bank TRI,2026-03-24,26330.5340094186
Nifty Private Bank TRI,2026-03-25,26806.602670682496
Nifty Private Bank TRI,2026-03-27,26269.00577176576
Nifty Private Bank TRI,2026-03-30,25384.992691951375
Nifty Private Bank TRI,2026-04-01,25832.475958243518
Nifty Private Bank TRI,2026-04-02,25933.71026280612
Nifty Private Bank TRI,2026-04-06,26494.55859802587
Nifty Private Bank TRI,2026-04-07,26624.61972551444
Nifty Private Bank TRI,2026-04-08,28104.06471382527
Nifty Private Bank TRI,2026-04-09,27612.290178772644
Nifty Private Bank TRI,2026-04-10,28159.667409044418
Nifty Private Bank TRI,2026-04-13,28079.32482318648
Nifty Private Bank TRI,2026-04-15,28424.173941839344
Nifty Private Bank TRI,2026-04-16,28264.454957059836
Nifty Private Bank TRI,2026-04-17,28485.732691087676
Nifty Private Bank TRI,2026-04-20,28390.095191470136
Nifty Private Bank TRI,2026-04-21,28817.096669451585
Nifty Private Bank TRI,2026-04-22,28606.6257501262
Nifty Private Bank TRI,2026-04-23,28233.6603076973
Nifty Private Bank TRI,2026-04-24,28099.162548766963
Nifty Private Bank TRI,2026-04-27,28110.724493798647
Nifty Private Bank TRI,2026-04-28,27766.178232850118
Nifty Private Bank TRI,2026-04-29,27887.88134650756
Nifty Private Bank TRI,2026-04-30,27643.349131362436
Nifty Private Bank TRI,2026-05-04,27608.623132818855
Nifty Private Bank TRI,2026-05-05,27423.027000821534
Nifty Private Bank TRI,2026-05-06,28086.357636690787
Nifty Private Bank TRI,2026-05-07,28172.05051669558
Nifty Private Bank TRI,2026-05-08,27940.85402221859
Nifty Private Bank TRI,2026-05-11,27726.925072845068
Nifty Private Bank TRI,2026-05-12,27237.44872490445
Nifty Private Bank TRI,2026-05-13,27198.896861849884
Nifty Private Bank TRI,2026-05-14,27515.922940866298
Nifty Private Bank TRI,2026-05-15,27457.91138744595
Nifty Private Bank TRI,2026-05-18,27522.001995132512
Nifty Private Bank TRI,2026-05-19,27317.801543478556
Nifty Private Bank TRI,2026-05-20,27385.508659116585
Nifty Private Bank TRI,2026-05-21,27344.37771938035
Nifty Private Bank TRI,2026-05-22,27751.027076614373
Nifty Private Bank TRI,2026-05-25,28331.80309245057
Nifty Private Bank TRI,2026-05-26,28157.21345712788
Nifty Private Bank TRI,2026-05-27,28029.230082282127
Nifty Private Bank TRI,2026-05-29,27701.280272436336
Nifty Private Bank TRI,2026-06-01,27430.508761833433
Nifty Private Bank TRI,2026-06-02,27371.219773006676
Nifty Private Bank TRI,2026-06-03,27563.21626443608
Nifty Private Bank TRI,2026-06-04,27611.051443303095
Nifty Private Bank TRI,2026-06-05,27675.35722012986
Nifty Private Bank TRI,2026-06-08,27490.380094178978
Nifty Private Bank TRI,2026-06-09,27940.544148125107
Nifty Private Bank TRI,2026-06-10,28141.407275449536
Nifty Private Bank TRI,2026-06-11,28295.443585631132
Nifty Private Bank TRI,2026-06-12,29099.249989350068
Nifty Private Bank TRI,2026-06-15,29270.837165446144
Nifty Private Bank TRI,2026-06-16,29382.064151903625
Nifty Private Bank TRI,2026-06-17,29357.62684321671
Nifty Private Bank TRI,2026-06-18,29503.32574676832
Nifty Private Bank TRI,2026-06-19,29357.112961741987
Nifty Private Bank TRI,2026-06-22,29448.729669140936
Nifty Private Bank TRI,2026-06-23,29222.45832152597
Nifty Private Bank TRI,2026-06-24,29764.10449620877
Nifty Private Bank TRI,2026-06-25,29812.719346191905
Nifty Private Bank TRI,2026-06-30,29400.577099694965
