index_name,date,tri
Nifty IT TRI,2011-06-30,6624.7001953125
Nifty IT TRI,2011-07-01,6675.076023002368
Nifty IT TRI,2011-07-04,6687.15645407653
Nifty IT TRI,2011-07-05,6710.038395426929
Nifty IT TRI,2011-07-06,6706.065077098491
Nifty IT TRI,2011-07-07,6789.671097805955
Nifty IT TRI,2011-07-08,6726.477916931009
Nifty IT TRI,2011-07-11,6615.603237484055
Nifty IT TRI,2011-07-12,6419.211498101173
Nifty IT TRI,2011-07-13,6412.620266038523
Nifty IT TRI,2011-07-14,6330.227047637881
Nifty IT TRI,2011-07-15,6350.700913171495
Nifty IT TRI,2011-07-18,6302.288376969112
Nifty IT TRI,2011-07-19,6371.860651493634
Nifty IT TRI,2011-07-20,6333.884496922958
Nifty IT TRI,2011-07-21,6342.401992429398
Nifty IT TRI,2011-07-22,6445.422187662473
Nifty IT TRI,2011-07-25,6442.311945956408
Nifty IT TRI,2011-07-26,6435.0168604070905
Nifty IT TRI,2011-07-27,6416.906990388458
Nifty IT TRI,2011-07-28,6316.03183485644
Nifty IT TRI,2011-07-29,6344.0797955466105
Nifty IT TRI,2011-08-01,6392.0829733304445
Nifty IT TRI,2011-08-02,6285.072441707835
Nifty IT TRI,2011-08-03,6227.683599726381
Nifty IT TRI,2011-08-04,6167.734969200743
Nifty IT TRI,2011-08-05,5921.953517675604
Nifty IT TRI,2011-08-08,5662.526156429621
Nifty IT TRI,2011-08-09,5463.062785231531
Nifty IT TRI,2011-08-10,5599.903140873195
Nifty IT TRI,2011-08-11,5567.008594674816
Nifty IT TRI,2011-08-12,5427.637435586713
Nifty IT TRI,2011-08-16,5482.220577476869
Nifty IT TRI,2011-08-17,5584.277005746533
Nifty IT TRI,2011-08-18,5361.165679969797
Nifty IT TRI,2011-08-19,5126.354157528543
Nifty IT TRI,2011-08-22,5100.83726551615
Nifty IT TRI,2011-08-23,5303.068638285071
Nifty IT TRI,2011-08-24,5236.147434020504
Nifty IT TRI,2011-08-25,5110.659822685432
Nifty IT TRI,2011-08-26,5102.887145456504
Nifty IT TRI,2011-08-29,5354.769717815999
Nifty IT TRI,2011-08-30,5467.515810246872
Nifty IT TRI,2011-09-02,5401.00684146026
Nifty IT TRI,2011-09-05,5317.021326333813
Nifty IT TRI,2011-09-06,5384.052727808163
Nifty IT TRI,2011-09-07,5393.0952464293405
Nifty IT TRI,2011-09-08,5474.786497708026
Nifty IT TRI,2011-09-09,5357.747911385351
Nifty IT TRI,2011-09-12,5176.526282267468
Nifty IT TRI,2011-09-13,5223.8511481136275
Nifty IT TRI,2011-09-14,5445.275875887408
Nifty IT TRI,2011-09-15,5571.062837868136
Nifty IT TRI,2011-09-16,5515.020719105717
Nifty IT TRI,2011-09-19,5464.978204601394
Nifty IT TRI,2011-09-20,5635.877369878589
Nifty IT TRI,2011-09-21,5629.726749921876
Nifty IT TRI,2011-09-22,5407.440080348855
Nifty IT TRI,2011-09-23,5390.081385649685
Nifty IT TRI,2011-09-26,5410.856867228589
Nifty IT TRI,2011-09-27,5604.008114892796
Nifty IT TRI,2011-09-28,5648.676269345348
Nifty IT TRI,2011-09-29,5771.746750457115
Nifty IT TRI,2011-09-30,5704.475795136751
Nifty IT TRI,2011-10-03,5614.089625309176
Nifty IT TRI,2011-10-04,5563.124144159546
Nifty IT TRI,2011-10-05,5559.075155530782
Nifty IT TRI,2011-10-07,5668.292840208409
Nifty IT TRI,2011-10-10,5825.400103261837
Nifty IT TRI,2011-10-11,5666.385244347635
Nifty IT TRI,2011-10-12,5964.4707553147755
Nifty IT TRI,2011-10-13,6009.289665911998
Nifty IT TRI,2011-10-14,6151.415703268537
Nifty IT TRI,2011-10-17,6129.043652171961
Nifty IT TRI,2011-10-18,5912.682080533205
Nifty IT TRI,2011-10-19,5992.299706808476
Nifty IT TRI,2011-10-20,6007.775323934866
Nifty IT TRI,2011-10-21,5981.37202390874
Nifty IT TRI,2011-10-24,6090.912263136789
Nifty IT TRI,2011-10-25,6252.931116542621
Nifty IT TRI,2011-10-28,6310.830822877993
Nifty IT TRI,2011-10-31,6316.5342334356565
Nifty IT TRI,2011-11-01,6251.8502219654665
Nifty IT TRI,2011-11-02,6258.192333085508
Nifty IT TRI,2011-11-03,6207.88720299373
Nifty IT TRI,2011-11-04,6238.7799747617255
Nifty IT TRI,2011-11-08,6256.353285560897
Nifty IT TRI,2011-11-09,6273.365849755824
Nifty IT TRI,2011-11-11,6209.357430111723
Nifty IT TRI,2011-11-14,6251.995345958003
Nifty IT TRI,2011-11-15,6216.86295345922
Nifty IT TRI,2011-11-16,6152.730625374127
Nifty IT TRI,2011-11-17,6106.715523702649
Nifty IT TRI,2011-11-18,6059.386633386952
Nifty IT TRI,2011-11-21,5929.860539404817
Nifty IT TRI,2011-11-22,6029.753491971233
Nifty IT TRI,2011-11-23,5885.218600834471
Nifty IT TRI,2011-11-24,5961.399112422094
Nifty IT TRI,2011-11-25,5839.5104624774785
Nifty IT TRI,2011-11-28,5939.443831908801
Nifty IT TRI,2011-11-29,5897.824339419784
Nifty IT TRI,2011-11-30,5937.455130448397
Nifty IT TRI,2011-12-01,6041.673844271489
Nifty IT TRI,2011-12-02,6169.430269288039
Nifty IT TRI,2011-12-05,6177.287692855313
Nifty IT TRI,2011-12-07,6271.8727502741585
Nifty IT TRI,2011-12-08,6228.083700664892
Nifty IT TRI,2011-12-09,6183.988172084386
Nifty IT TRI,2011-12-12,6244.573596023055
Nifty IT TRI,2011-12-13,6258.689842395444
Nifty IT TRI,2011-12-14,6249.266606828787
Nifty IT TRI,2011-12-15,6211.4098881216205
Nifty IT TRI,2011-12-16,6163.21449783401
Nifty IT TRI,2011-12-19,6094.586260685544
Nifty IT TRI,2011-12-20,6040.778789638902
Nifty IT TRI,2011-12-21,6183.579631801518
Nifty IT TRI,2011-12-22,6128.7119131318495
Nifty IT TRI,2011-12-23,6110.9065907755885
Nifty IT TRI,2011-12-26,6256.763649800542
Nifty IT TRI,2011-12-27,6223.122208540613
Nifty IT TRI,2011-12-28,6221.963592018283
Nifty IT TRI,2011-12-29,6166.27193616051
Nifty IT TRI,2011-12-30,6194.118034584638
Nifty IT TRI,2012-01-02,6274.444148386215
Nifty IT TRI,2012-01-03,6414.470669190997
Nifty IT TRI,2012-01-04,6383.447746783984
Nifty IT TRI,2012-01-05,6359.990841234513
Nifty IT TRI,2012-01-06,6339.661122836714
Nifty IT TRI,2012-01-09,6347.454343268365
Nifty IT TRI,2012-01-10,6392.031955949448
Nifty IT TRI,2012-01-11,6309.104934950646
Nifty IT TRI,2012-01-12,5929.241183990405
Nifty IT TRI,2012-01-13,5929.379441513772
Nifty IT TRI,2012-01-16,6049.103435119304
Nifty IT TRI,2012-01-17,6100.599292151009
Nifty IT TRI,2012-01-18,5970.6182200579415
Nifty IT TRI,2012-01-19,5951.9227158170825
Nifty IT TRI,2012-01-20,5957.010998356712
Nifty IT TRI,2012-01-23,5970.611581764269
Nifty IT TRI,2012-01-24,6025.151746790193
Nifty IT TRI,2012-01-25,6100.053875438005
Nifty IT TRI,2012-01-27,6199.866769176958
Nifty IT TRI,2012-01-30,6167.933811784894
Nifty IT TRI,2012-01-31,6259.235996188693
Nifty IT TRI,2012-02-01,6258.076147728358
Nifty IT TRI,2012-02-02,6347.470985151985
Nifty IT TRI,2012-02-03,6407.817274712899
Nifty IT TRI,2012-02-06,6440.041872585001
Nifty IT TRI,2012-02-07,6377.326583454454
Nifty IT TRI,2012-02-08,6484.900135130887
Nifty IT TRI,2012-02-09,6563.973757178895
Nifty IT TRI,2012-02-10,6556.0040532212315
Nifty IT TRI,2012-02-13,6533.504767447172
Nifty IT TRI,2012-02-14,6538.425365377572
Nifty IT TRI,2012-02-15,6649.683740107048
Nifty IT TRI,2012-02-16,6697.087020733728
Nifty IT TRI,2012-02-17,6779.437957682617
Nifty IT TRI,2012-02-21,6781.622553737924
Nifty IT TRI,2012-02-22,6796.926410483786
Nifty IT TRI,2012-02-23,6782.892170417034
Nifty IT TRI,2012-02-24,6826.425051683565
Nifty IT TRI,2012-02-27,6687.480691172326
Nifty IT TRI,2012-02-28,6650.922435076925
Nifty IT TRI,2012-02-29,6686.059616979427
Nifty IT TRI,2012-03-01,6632.090429516084
Nifty IT TRI,2012-03-02,6611.362644824325
Nifty IT TRI,2012-03-05,6550.5850663245255
Nifty IT TRI,2012-03-06,6591.700431405219
Nifty IT TRI,2012-03-07,6644.20807245771
Nifty IT TRI,2012-03-09,6639.997665480505
Nifty IT TRI,2012-03-12,6574.393402367721
Nifty IT TRI,2012-03-13,6629.447073190516
Nifty IT TRI,2012-03-14,6597.820988192136
Nifty IT TRI,2012-03-15,6601.991432516989
Nifty IT TRI,2012-03-16,6584.337053738173
Nifty IT TRI,2012-03-19,6487.199689667423
Nifty IT TRI,2012-03-20,6506.763134951269
Nifty IT TRI,2012-03-21,6608.890219772493
Nifty IT TRI,2012-03-22,6521.328595030698
Nifty IT TRI,2012-03-23,6617.894141395725
Nifty IT TRI,2012-03-26,6522.197594362453
Nifty IT TRI,2012-03-27,6594.00600823036
Nifty IT TRI,2012-03-28,6536.920552219929
Nifty IT TRI,2012-03-29,6451.808444615648
Nifty IT TRI,2012-03-30,6603.789705359575
Nifty IT TRI,2012-04-02,6637.1933103026495
Nifty IT TRI,2012-04-03,6640.45704569363
Nifty IT TRI,2012-04-04,6629.630468402749
Nifty IT TRI,2012-04-09,6556.976560865311
Nifty IT TRI,2012-04-10,6485.91009111193
Nifty IT TRI,2012-04-11,6504.023570474235
Nifty IT TRI,2012-04-12,6433.404091010394
Nifty IT TRI,2012-04-13,5864.7710893377525
Nifty IT TRI,2012-04-16,5833.426016646952
Nifty IT TRI,2012-04-17,5885.037881293564
Nifty IT TRI,2012-04-18,5898.816838182584
Nifty IT TRI,2012-04-19,5946.531127613791
Nifty IT TRI,2012-04-20,5934.343269568009
Nifty IT TRI,2012-04-23,5763.430369749024
Nifty IT TRI,2012-04-24,6015.613942286878
Nifty IT TRI,2012-04-25,5937.06115418271
Nifty IT TRI,2012-04-26,5958.864827573495
Nifty IT TRI,2012-04-27,6028.623243673581
Nifty IT TRI,2012-04-30,6176.733482215671
Nifty IT TRI,2012-05-02,6217.433650499096
Nifty IT TRI,2012-05-03,6254.486231658727
Nifty IT TRI,2012-05-04,6193.117904118005
Nifty IT TRI,2012-05-07,6182.704325346991
Nifty IT TRI,2012-05-08,5992.363964637151
Nifty IT TRI,2012-05-09,5989.965304811756
Nifty IT TRI,2012-05-10,5981.321638576368
Nifty IT TRI,2012-05-11,5921.492789102886
Nifty IT TRI,2012-05-14,5947.804179994543
Nifty IT TRI,2012-05-15,6050.126742413552
Nifty IT TRI,2012-05-16,5963.012677999351
Nifty IT TRI,2012-05-17,5962.135806394931
Nifty IT TRI,2012-05-18,5958.719081397003
Nifty IT TRI,2012-05-21,5889.586010431883
Nifty IT TRI,2012-05-22,5916.191067056345
Nifty IT TRI,2012-05-23,5926.3363915908385
Nifty IT TRI,2012-05-24,5981.450002318811
Nifty IT TRI,2012-05-25,5975.390606618163
Nifty IT TRI,2012-05-28,6013.313638546741
Nifty IT TRI,2012-05-29,6081.658703894344
Nifty IT TRI,2012-05-30,6111.535920179801
Nifty IT TRI,2012-05-31,6108.2253949530295
Nifty IT TRI,2012-06-01,6000.7139057153245
Nifty IT TRI,2012-06-04,5982.529275204501
Nifty IT TRI,2012-06-05,6004.072402384504
Nifty IT TRI,2012-06-06,6100.305055366275
Nifty IT TRI,2012-06-07,6123.533787491802
Nifty IT TRI,2012-06-08,6076.748580445429
Nifty IT TRI,2012-06-11,6067.417480457615
Nifty IT TRI,2012-06-12,6121.113828062004
Nifty IT TRI,2012-06-13,6144.655256640255
Nifty IT TRI,2012-06-14,6169.82715361084
Nifty IT TRI,2012-06-15,6240.52529872638
Nifty IT TRI,2012-06-18,6188.074816722602
Nifty IT TRI,2012-06-19,6175.3022164849735
Nifty IT TRI,2012-06-20,6157.593681383908
Nifty IT TRI,2012-06-21,6149.651866929012
Nifty IT TRI,2012-06-22,6134.890878030973
Nifty IT TRI,2012-06-25,6103.7295398136475
Nifty IT TRI,2012-06-26,6095.427235345817
Nifty IT TRI,2012-06-27,6150.487144426819
Nifty IT TRI,2012-06-28,6164.275236716466
Nifty IT TRI,2012-06-29,6255.126519108593
Nifty IT TRI,2012-07-02,6231.913104615345
Nifty IT TRI,2012-07-03,6198.210168747277
Nifty IT TRI,2012-07-04,6185.530403879485
Nifty IT TRI,2012-07-05,6188.480174222377
Nifty IT TRI,2012-07-06,6137.763728724275
Nifty IT TRI,2012-07-09,6129.446066138827
Nifty IT TRI,2012-07-10,6168.755132511408
Nifty IT TRI,2012-07-11,6161.773661570923
Nifty IT TRI,2012-07-12,5844.566163388936
Nifty IT TRI,2012-07-13,5820.657893841371
Nifty IT TRI,2012-07-16,5681.777979896531
Nifty IT TRI,2012-07-17,5660.251506278272
Nifty IT TRI,2012-07-18,5687.937167507061
Nifty IT TRI,2012-07-19,5790.1132391416895
Nifty IT TRI,2012-07-20,5782.193042091681
Nifty IT TRI,2012-07-23,5716.7935605234825
Nifty IT TRI,2012-07-24,5678.443525869937
Nifty IT TRI,2012-07-25,5696.405512585574
Nifty IT TRI,2012-07-26,5595.719218751737
Nifty IT TRI,2012-07-27,5669.7956024006035
Nifty IT TRI,2012-07-30,5756.572642193053
Nifty IT TRI,2012-07-31,5806.762453010745
Nifty IT TRI,2012-08-01,5782.014369710766
Nifty IT TRI,2012-08-02,5781.990585144833
Nifty IT TRI,2012-08-03,5809.55076115098
Nifty IT TRI,2012-08-06,5812.391054523527
Nifty IT TRI,2012-08-07,5915.381463461412
Nifty IT TRI,2012-08-08,5944.739779458891
Nifty IT TRI,2012-08-09,5944.316424774498
Nifty IT TRI,2012-08-10,6023.713621548614
Nifty IT TRI,2012-08-13,6031.942172844095
Nifty IT TRI,2012-08-14,6056.723454423727
Nifty IT TRI,2012-08-16,6036.448231750291
Nifty IT TRI,2012-08-17,6102.815715661691
Nifty IT TRI,2012-08-21,6210.816587396928
Nifty IT TRI,2012-08-22,6225.205578859922
Nifty IT TRI,2012-08-23,6336.258408060074
Nifty IT TRI,2012-08-24,6298.90137071266
Nifty IT TRI,2012-08-27,6240.865970292243
Nifty IT TRI,2012-08-28,6289.105289028738
Nifty IT TRI,2012-08-29,6227.385200079587
Nifty IT TRI,2012-08-30,6274.046076326532
Nifty IT TRI,2012-08-31,6200.627611895154
Nifty IT TRI,2012-09-03,6212.617178811821
Nifty IT TRI,2012-09-04,6213.788356056664
Nifty IT TRI,2012-09-05,6213.785650953307
Nifty IT TRI,2012-09-06,6366.894310751358
Nifty IT TRI,2012-09-07,6478.903582628913
Nifty IT TRI,2012-09-10,6499.467876323845
Nifty IT TRI,2012-09-11,6563.895357801724
Nifty IT TRI,2012-09-12,6626.847917811523
Nifty IT TRI,2012-09-13,6656.189866804753
Nifty IT TRI,2012-09-14,6743.420858855333
Nifty IT TRI,2012-09-17,6538.788354536614
Nifty IT TRI,2012-09-18,6510.89980208386
Nifty IT TRI,2012-09-20,6564.583932872122
Nifty IT TRI,2012-09-21,6521.002055053864
Nifty IT TRI,2012-09-24,6506.060725613217
Nifty IT TRI,2012-09-25,6510.417080125346
Nifty IT TRI,2012-09-26,6491.155287604513
Nifty IT TRI,2012-09-27,6426.443500135986
Nifty IT TRI,2012-09-28,6456.001133316447
Nifty IT TRI,2012-10-01,6581.304227478624
Nifty IT TRI,2012-10-03,6568.80443986937
Nifty IT TRI,2012-10-04,6545.549440527109
Nifty IT TRI,2012-10-05,6436.370908540195
Nifty IT TRI,2012-10-08,6350.86874624504
Nifty IT TRI,2012-10-09,6419.57090152926
Nifty IT TRI,2012-10-10,6369.751492386362
Nifty IT TRI,2012-10-11,6413.957086665632
Nifty IT TRI,2012-10-12,6247.9453765329
Nifty IT TRI,2012-10-15,6202.09316298301
Nifty IT TRI,2012-10-16,6192.571151389433
Nifty IT TRI,2012-10-17,6187.039634352781
Nifty IT TRI,2012-10-18,6232.069931769421
Nifty IT TRI,2012-10-19,6210.009191926556
Nifty IT TRI,2012-10-22,6257.805456950459
Nifty IT TRI,2012-10-23,6207.280952397966
Nifty IT TRI,2012-10-25,6196.164316354849
Nifty IT TRI,2012-10-29,6177.6616119747705
Nifty IT TRI,2012-10-30,6212.424951420812
Nifty IT TRI,2012-10-31,6235.004128218965
Nifty IT TRI,2012-11-01,6249.64777711446
Nifty IT TRI,2012-11-02,6313.04827977382
Nifty IT TRI,2012-11-05,6294.253271164681
Nifty IT TRI,2012-11-06,6289.7454908767095
Nifty IT TRI,2012-11-07,6344.608504174278
Nifty IT TRI,2012-11-08,6314.488412445836
Nifty IT TRI,2012-11-09,6260.90211819283
Nifty IT TRI,2012-11-12,6290.7178660482305
Nifty IT TRI,2012-11-15,6150.04677923966
Nifty IT TRI,2012-11-16,6181.096346955424
Nifty IT TRI,2012-11-19,6164.933931844304
Nifty IT TRI,2012-11-20,6141.6560807495125
Nifty IT TRI,2012-11-21,6196.036567483877
Nifty IT TRI,2012-11-22,6241.810159940412
Nifty IT TRI,2012-11-23,6253.547287062548
Nifty IT TRI,2012-11-26,6331.733186464663
Nifty IT TRI,2012-11-27,6411.87904231545
Nifty IT TRI,2012-11-29,6386.147201444376
Nifty IT TRI,2012-11-30,6424.049963906378
Nifty IT TRI,2012-12-03,6431.761880853624
Nifty IT TRI,2012-12-04,6395.144572229673
Nifty IT TRI,2012-12-05,6308.869045796931
Nifty IT TRI,2012-12-06,6221.199910631683
Nifty IT TRI,2012-12-07,6162.558483596859
Nifty IT TRI,2012-12-10,6125.698516900113
Nifty IT TRI,2012-12-11,6072.787866773246
Nifty IT TRI,2012-12-12,6091.916732158599
Nifty IT TRI,2012-12-13,6065.0677895124045
Nifty IT TRI,2012-12-14,6104.622883090716
Nifty IT TRI,2012-12-17,6033.096275130707
Nifty IT TRI,2012-12-18,6059.0553497764195
Nifty IT TRI,2012-12-19,6135.372743420505
Nifty IT TRI,2012-12-20,6154.871462605287
Nifty IT TRI,2012-12-21,6141.156879623303
Nifty IT TRI,2012-12-24,6199.510750056328
Nifty IT TRI,2012-12-26,6186.098250853049
Nifty IT TRI,2012-12-27,6128.9380404453195
Nifty IT TRI,2012-12-28,6207.9116207321
Nifty IT TRI,2012-12-31,6188.996032150851
Nifty IT TRI,2013-01-01,6197.875698261284
Nifty IT TRI,2013-01-02,6195.815774725773
Nifty IT TRI,2013-01-03,6264.541898310713
Nifty IT TRI,2013-01-04,6321.973007790056
Nifty IT TRI,2013-01-07,6345.763061890506
Nifty IT TRI,2013-01-08,6317.761529936131
Nifty IT TRI,2013-01-09,6269.923235610319
Nifty IT TRI,2013-01-10,6241.504743890133
Nifty IT TRI,2013-01-11,6824.303807163591
Nifty IT TRI,2013-01-14,6999.692133369075
Nifty IT TRI,2013-01-15,6981.5303767691785
Nifty IT TRI,2013-01-16,6967.941767258056
Nifty IT TRI,2013-01-17,7062.351526484698
Nifty IT TRI,2013-01-18,6989.956194972174
Nifty IT TRI,2013-01-21,6981.417178891257
Nifty IT TRI,2013-01-22,6930.598656484035
Nifty IT TRI,2013-01-23,6916.693979888359
Nifty IT TRI,2013-01-24,6934.1039021495335
Nifty IT TRI,2013-01-25,6994.45466718489
Nifty IT TRI,2013-01-28,7018.058340822273
Nifty IT TRI,2013-01-29,6987.1287432423505
Nifty IT TRI,2013-01-30,6982.892459048414
Nifty IT TRI,2013-01-31,6973.099907322167
Nifty IT TRI,2013-02-01,6947.359446968059
Nifty IT TRI,2013-02-04,6945.908047650538
Nifty IT TRI,2013-02-05,6924.071799739713
Nifty IT TRI,2013-02-06,6963.617768669418
Nifty IT TRI,2013-02-07,6997.096284335621
Nifty IT TRI,2013-02-08,7052.705560562545
Nifty IT TRI,2013-02-11,7032.482848133117
Nifty IT TRI,2013-02-12,6991.496538625019
Nifty IT TRI,2013-02-13,7086.803663663523
Nifty IT TRI,2013-02-14,7103.827720012006
Nifty IT TRI,2013-02-15,7066.905213483887
Nifty IT TRI,2013-02-18,7037.616752318168
Nifty IT TRI,2013-02-19,7142.53034047018
Nifty IT TRI,2013-02-20,7179.745484062186
Nifty IT TRI,2013-02-21,7146.935625031345
Nifty IT TRI,2013-02-22,7201.868900626071
Nifty IT TRI,2013-02-25,7308.349086862835
Nifty IT TRI,2013-02-26,7372.107993757815
Nifty IT TRI,2013-02-27,7285.678623175147
Nifty IT TRI,2013-02-28,7321.215450273
Nifty IT TRI,2013-03-01,7332.957531281084
Nifty IT TRI,2013-03-04,7317.493983945853
Nifty IT TRI,2013-03-05,7419.401943678303
Nifty IT TRI,2013-03-06,7528.687270708709
Nifty IT TRI,2013-03-07,7636.592423426536
Nifty IT TRI,2013-03-08,7582.086251549376
Nifty IT TRI,2013-03-11,7529.186346566918
Nifty IT TRI,2013-03-12,7476.571279267982
Nifty IT TRI,2013-03-13,7391.582069479334
Nifty IT TRI,2013-03-14,7435.24077582623
Nifty IT TRI,2013-03-15,7447.923965571213
Nifty IT TRI,2013-03-18,7422.515954451112
Nifty IT TRI,2013-03-19,7375.342445652277
Nifty IT TRI,2013-03-20,7381.580724641493
Nifty IT TRI,2013-03-21,7392.047315296821
Nifty IT TRI,2013-03-22,7342.648158484588
Nifty IT TRI,2013-03-25,7329.4389564462335
Nifty IT TRI,2013-03-26,7361.8762451313605
Nifty IT TRI,2013-03-28,7447.1868036682135
Nifty IT TRI,2013-04-01,7495.3829261072115
Nifty IT TRI,2013-04-02,7558.588842861504
Nifty IT TRI,2013-04-03,7503.905833372015
Nifty IT TRI,2013-04-04,7298.7072525285275
Nifty IT TRI,2013-04-05,7272.9023183030395
Nifty IT TRI,2013-04-08,7201.459095327066
Nifty IT TRI,2013-04-09,7128.111373351146
Nifty IT TRI,2013-04-10,7270.136856895765
Nifty IT TRI,2013-04-11,7432.977097725405
Nifty IT TRI,2013-04-12,6560.532750373066
Nifty IT TRI,2013-04-15,6548.897817120286
Nifty IT TRI,2013-04-16,6506.263101516929
Nifty IT TRI,2013-04-17,6439.203072493034
Nifty IT TRI,2013-04-18,6436.161442975566
Nifty IT TRI,2013-04-22,6319.311082958317
Nifty IT TRI,2013-04-23,6359.541730027694
Nifty IT TRI,2013-04-25,6259.857251281154
Nifty IT TRI,2013-04-26,6170.1835097957
Nifty IT TRI,2013-04-29,6215.257659191857
Nifty IT TRI,2013-04-30,6248.884072920888
Nifty IT TRI,2013-05-02,6412.972907242709
Nifty IT TRI,2013-05-03,6432.714697466398
Nifty IT TRI,2013-05-06,6556.186753138037
Nifty IT TRI,2013-05-07,6586.998760686454
Nifty IT TRI,2013-05-08,6594.969554608919
Nifty IT TRI,2013-05-09,6643.153242313585
Nifty IT TRI,2013-05-10,6657.330152186378
Nifty IT TRI,2013-05-13,6530.254317447378
Nifty IT TRI,2013-05-14,6543.032455018438
Nifty IT TRI,2013-05-15,6576.079291255152
Nifty IT TRI,2013-05-16,6506.548494439435
Nifty IT TRI,2013-05-17,6547.0936433983625
Nifty IT TRI,2013-05-20,6576.702701456789
Nifty IT TRI,2013-05-21,6641.410763011228
Nifty IT TRI,2013-05-22,6640.907857956225
Nifty IT TRI,2013-05-23,6598.044876000827
Nifty IT TRI,2013-05-24,6549.073865995495
Nifty IT TRI,2013-05-27,6632.959541627707
Nifty IT TRI,2013-05-28,6654.649569438651
Nifty IT TRI,2013-05-29,6618.396776392944
Nifty IT TRI,2013-05-30,6612.666475064462
Nifty IT TRI,2013-05-31,6697.4833865767
Nifty IT TRI,2013-06-03,6780.8496233077185
Nifty IT TRI,2013-06-04,6744.95463640098
Nifty IT TRI,2013-06-05,6701.137830529729
Nifty IT TRI,2013-06-06,6678.226155504151
Nifty IT TRI,2013-06-07,6770.166286143771
Nifty IT TRI,2013-06-10,6838.093354770231
Nifty IT TRI,2013-06-11,6782.775250905639
Nifty IT TRI,2013-06-12,6666.774925039089
Nifty IT TRI,2013-06-13,6559.409686643528
Nifty IT TRI,2013-06-14,6596.802196024139
Nifty IT TRI,2013-06-17,6652.453703810459
Nifty IT TRI,2013-06-18,6682.556222152194
Nifty IT TRI,2013-06-19,6665.429419045373
Nifty IT TRI,2013-06-20,6515.609305670758
Nifty IT TRI,2013-06-21,6610.919223297769
Nifty IT TRI,2013-06-24,6536.878382968638
Nifty IT TRI,2013-06-25,6495.132062904933
Nifty IT TRI,2013-06-26,6608.9073932210395
Nifty IT TRI,2013-06-27,6825.588028440278
Nifty IT TRI,2013-06-28,6874.625078627046
Nifty IT TRI,2013-07-01,6764.012516392755
Nifty IT TRI,2013-07-02,6710.239978172977
Nifty IT TRI,2013-07-03,6686.77983023945
Nifty IT TRI,2013-07-04,6875.655618602097
Nifty IT TRI,2013-07-05,6846.448285370848
Nifty IT TRI,2013-07-08,6850.821014381289
Nifty IT TRI,2013-07-09,6898.796522288669
Nifty IT TRI,2013-07-10,6937.549293046143
Nifty IT TRI,2013-07-11,7050.444124431659
Nifty IT TRI,2013-07-12,7517.315309697712
Nifty IT TRI,2013-07-15,7493.526283131353
Nifty IT TRI,2013-07-16,7476.675349301594
Nifty IT TRI,2013-07-17,7542.59242767247
Nifty IT TRI,2013-07-18,7578.590850969462
Nifty IT TRI,2013-07-19,7783.674548340155
Nifty IT TRI,2013-07-22,7839.64470815852
Nifty IT TRI,2013-07-23,7889.257880369885
Nifty IT TRI,2013-07-24,7957.344332439788
Nifty IT TRI,2013-07-25,7966.967679773148
Nifty IT TRI,2013-07-26,7951.636278182587
Nifty IT TRI,2013-07-29,7963.490835296794
Nifty IT TRI,2013-07-30,8011.1550417391145
Nifty IT TRI,2013-07-31,8082.643837756527
Nifty IT TRI,2013-08-01,8072.3994319968915
Nifty IT TRI,2013-08-02,8157.132933595765
Nifty IT TRI,2013-08-05,8218.697947327802
Nifty IT TRI,2013-08-06,8178.245172021544
Nifty IT TRI,2013-08-07,8065.057492680205
Nifty IT TRI,2013-08-08,8100.443189910709
Nifty IT TRI,2013-08-12,8143.56707297661
Nifty IT TRI,2013-08-13,8283.96507416507
Nifty IT TRI,2013-08-14,8263.441412135258
Nifty IT TRI,2013-08-16,8075.303587443822
Nifty IT TRI,2013-08-19,8096.225724277849
Nifty IT TRI,2013-08-20,7993.039248711046
Nifty IT TRI,2013-08-21,7890.102419904757
Nifty IT TRI,2013-08-22,8081.0990826221705
Nifty IT TRI,2013-08-23,8201.716286993355
Nifty IT TRI,2013-08-26,8270.936025783536
Nifty IT TRI,2013-08-27,8289.163723965263
Nifty IT TRI,2013-08-28,8496.916952587406
Nifty IT TRI,2013-08-29,8571.752973248078
Nifty IT TRI,2013-08-30,8713.015995899295
Nifty IT TRI,2013-09-02,8729.366912239573
Nifty IT TRI,2013-09-03,8586.842140190265
Nifty IT TRI,2013-09-04,8789.689462719758
Nifty IT TRI,2013-09-05,8529.455203207664
Nifty IT TRI,2013-09-06,8543.49275350159
Nifty IT TRI,2013-09-10,8747.493923044178
Nifty IT TRI,2013-09-11,8708.60746103575
Nifty IT TRI,2013-09-12,8601.798731655865
Nifty IT TRI,2013-09-13,8500.803488186895
Nifty IT TRI,2013-09-16,8340.334074943077
Nifty IT TRI,2013-09-17,8483.322023771703
Nifty IT TRI,2013-09-18,8488.78245920397
Nifty IT TRI,2013-09-19,8486.960205149246
Nifty IT TRI,2013-09-20,8462.246061188729
Nifty IT TRI,2013-09-23,8534.147393569234
Nifty IT TRI,2013-09-24,8501.677647604434
Nifty IT TRI,2013-09-25,8521.294668384458
Nifty IT TRI,2013-09-26,8490.746688201245
Nifty IT TRI,2013-09-27,8500.268973526492
Nifty IT TRI,2013-09-30,8502.815872416926
Nifty IT TRI,2013-10-01,8517.65007287048
Nifty IT TRI,2013-10-03,8705.059391122935
Nifty IT TRI,2013-10-04,8696.634212252264
Nifty IT TRI,2013-10-07,8811.626714602184
Nifty IT TRI,2013-10-08,8784.407520236176
Nifty IT TRI,2013-10-09,8919.65565268745
Nifty IT TRI,2013-10-10,8961.074939010827
Nifty IT TRI,2013-10-11,9238.937052394978
Nifty IT TRI,2013-10-14,9439.885751618338
Nifty IT TRI,2013-10-15,9501.342831168617
Nifty IT TRI,2013-10-17,9166.3161539219
Nifty IT TRI,2013-10-18,9266.78937849598
Nifty IT TRI,2013-10-21,9227.55893541328
Nifty IT TRI,2013-10-22,9290.798336780059
Nifty IT TRI,2013-10-23,9202.040337121503
Nifty IT TRI,2013-10-24,9048.343456458717
Nifty IT TRI,2013-10-25,9185.220385603357
Nifty IT TRI,2013-10-28,9155.971139651636
Nifty IT TRI,2013-10-29,9196.970694655573
Nifty IT TRI,2013-10-30,9211.025916759349
Nifty IT TRI,2013-10-31,9229.876997471945
Nifty IT TRI,2013-11-01,9174.806975193205
Nifty IT TRI,2013-11-05,9097.916508890776
Nifty IT TRI,2013-11-06,9222.414012923822
Nifty IT TRI,2013-11-07,9341.239372517668
Nifty IT TRI,2013-11-08,9342.061299819845
Nifty IT TRI,2013-11-11,9349.636237834551
Nifty IT TRI,2013-11-12,9299.550428032946
Nifty IT TRI,2013-11-13,9242.364745015499
Nifty IT TRI,2013-11-14,9245.789199407747
Nifty IT TRI,2013-11-18,9369.007859273712
Nifty IT TRI,2013-11-19,9396.129308463991
Nifty IT TRI,2013-11-20,9304.175501219022
Nifty IT TRI,2013-11-21,9149.906759800626
Nifty IT TRI,2013-11-22,9169.506462373936
Nifty IT TRI,2013-11-25,9169.127370431543
Nifty IT TRI,2013-11-26,9142.955295677533
Nifty IT TRI,2013-11-27,9085.044567327026
Nifty IT TRI,2013-11-28,9133.460266294813
Nifty IT TRI,2013-11-29,9209.497599682176
Nifty IT TRI,2013-12-02,9245.567637289241
Nifty IT TRI,2013-12-03,9260.430033992068
Nifty IT TRI,2013-12-04,9270.072225755232
Nifty IT TRI,2013-12-05,9226.609125915635
Nifty IT TRI,2013-12-06,9220.009896925993
Nifty IT TRI,2013-12-09,9272.858685488047
Nifty IT TRI,2013-12-10,9449.646485508341
Nifty IT TRI,2013-12-11,9431.616934086764
Nifty IT TRI,2013-12-12,9365.998119186073
Nifty IT TRI,2013-12-13,9358.775803908275
Nifty IT TRI,2013-12-16,9519.657619015139
Nifty IT TRI,2013-12-17,9529.631602580028
Nifty IT TRI,2013-12-18,9580.834642147964
Nifty IT TRI,2013-12-19,9749.666580775725
Nifty IT TRI,2013-12-20,9916.581882442659
Nifty IT TRI,2013-12-23,9810.578774843298
Nifty IT TRI,2013-12-24,9817.382113870637
Nifty IT TRI,2013-12-26,9858.695133543688
Nifty IT TRI,2013-12-27,10014.956292897657
Nifty IT TRI,2013-12-30,9933.294389468057
Nifty IT TRI,2013-12-31,9952.8636912692
Nifty IT TRI,2014-01-01,9895.781159001748
Nifty IT TRI,2014-01-02,9912.526609044575
Nifty IT TRI,2014-01-03,10116.79688478831
Nifty IT TRI,2014-01-06,10084.336118562303
Nifty IT TRI,2014-01-07,9961.393285171142
Nifty IT TRI,2014-01-08,9971.085438523345
Nifty IT TRI,2014-01-09,10017.917367457045
Nifty IT TRI,2014-01-10,10234.817069076185
Nifty IT TRI,2014-01-13,10526.632236277543
Nifty IT TRI,2014-01-14,10460.855057235967
Nifty IT TRI,2014-01-15,10533.729922081104
Nifty IT TRI,2014-01-16,10598.91932664836
Nifty IT TRI,2014-01-17,10344.70056968171
Nifty IT TRI,2014-01-20,10628.46684849893
Nifty IT TRI,2014-01-21,10567.801596670259
Nifty IT TRI,2014-01-22,10586.375578940224
Nifty IT TRI,2014-01-23,10559.202469238864
Nifty IT TRI,2014-01-24,10480.308871734587
Nifty IT TRI,2014-01-27,10406.612004381604
Nifty IT TRI,2014-01-28,10301.67349043686
Nifty IT TRI,2014-01-29,10363.69892257376
Nifty IT TRI,2014-01-30,10345.40699443308
Nifty IT TRI,2014-01-31,10428.33420527565
Nifty IT TRI,2014-02-03,10256.667043497258
Nifty IT TRI,2014-02-04,10068.148503664146
Nifty IT TRI,2014-02-05,10180.517920063583
Nifty IT TRI,2014-02-06,10157.548606997947
Nifty IT TRI,2014-02-07,10108.124943258084
Nifty IT TRI,2014-02-10,10079.062369917154
Nifty IT TRI,2014-02-11,10174.9092468205
Nifty IT TRI,2014-02-12,10206.371580020494
Nifty IT TRI,2014-02-13,10187.535131332826
Nifty IT TRI,2014-02-14,10328.570952479966
Nifty IT TRI,2014-02-17,10342.714617763877
Nifty IT TRI,2014-02-18,10361.405847110764
Nifty IT TRI,2014-02-19,10517.264570919095
Nifty IT TRI,2014-02-20,10453.464674890094
Nifty IT TRI,2014-02-21,10589.5807889805
Nifty IT TRI,2014-02-24,10556.112697445564
Nifty IT TRI,2014-02-25,10656.504520673256
Nifty IT TRI,2014-02-26,10696.81935567318
Nifty IT TRI,2014-02-28,10842.273681745672
Nifty IT TRI,2014-03-03,10708.085231817322
Nifty IT TRI,2014-03-04,10695.444421102786
Nifty IT TRI,2014-03-05,10738.660482848953
Nifty IT TRI,2014-03-06,10757.385269607936
Nifty IT TRI,2014-03-07,10548.40995048653
Nifty IT TRI,2014-03-10,10292.525234574376
Nifty IT TRI,2014-03-11,10313.016667477083
Nifty IT TRI,2014-03-12,10364.937947549633
Nifty IT TRI,2014-03-13,9930.053340491068
Nifty IT TRI,2014-03-14,9905.718694648656
Nifty IT TRI,2014-03-18,9829.245476833576
Nifty IT TRI,2014-03-19,9614.118520204422
Nifty IT TRI,2014-03-20,9776.826436854415
Nifty IT TRI,2014-03-21,9837.404977228687
Nifty IT TRI,2014-03-24,9832.861612107185
Nifty IT TRI,2014-03-25,9765.66891305372
Nifty IT TRI,2014-03-26,9684.557416465974
Nifty IT TRI,2014-03-27,9678.93901132609
Nifty IT TRI,2014-03-28,9740.583480679297
Nifty IT TRI,2014-03-31,9765.800840949658
Nifty IT TRI,2014-04-01,9915.166839893946
Nifty IT TRI,2014-04-02,9957.82569471143
Nifty IT TRI,2014-04-03,9950.012986074778
Nifty IT TRI,2014-04-04,9863.726675807151
Nifty IT TRI,2014-04-07,9849.464365812897
Nifty IT TRI,2014-04-09,9747.923790190844
Nifty IT TRI,2014-04-10,9645.734101014048
Nifty IT TRI,2014-04-11,9785.76142565366
Nifty IT TRI,2014-04-15,9976.447353530159
Nifty IT TRI,2014-04-16,9747.315438034944
Nifty IT TRI,2014-04-17,9870.832473251055
Nifty IT TRI,2014-04-21,9809.730120588367
Nifty IT TRI,2014-04-22,9756.533401299183
Nifty IT TRI,2014-04-23,9749.491369098165
Nifty IT TRI,2014-04-25,9753.546216555946
Nifty IT TRI,2014-04-28,9740.566327708382
Nifty IT TRI,2014-04-29,9730.839425415314
Nifty IT TRI,2014-04-30,9706.439034275236
Nifty IT TRI,2014-05-02,9803.74592077762
Nifty IT TRI,2014-05-05,9704.180092665327
Nifty IT TRI,2014-05-06,9658.517262186093
Nifty IT TRI,2014-05-07,9413.66542876395
Nifty IT TRI,2014-05-08,9432.06611421348
Nifty IT TRI,2014-05-09,9521.868737535013
Nifty IT TRI,2014-05-12,9611.513169632864
Nifty IT TRI,2014-05-13,9856.64116769285
Nifty IT TRI,2014-05-14,9841.176764235046
Nifty IT TRI,2014-05-15,9804.552486624367
Nifty IT TRI,2014-05-16,9591.338467443451
Nifty IT TRI,2014-05-19,9133.393989004926
Nifty IT TRI,2014-05-20,9348.417897932739
Nifty IT TRI,2014-05-21,9426.737981058239
Nifty IT TRI,2014-05-22,9402.716568080812
Nifty IT TRI,2014-05-23,9415.49654500478
Nifty IT TRI,2014-05-26,9542.943188420033
Nifty IT TRI,2014-05-27,9586.433756190194
Nifty IT TRI,2014-05-28,9729.51809608567
Nifty IT TRI,2014-05-29,9403.615386301057
Nifty IT TRI,2014-05-30,9449.264706544589
Nifty IT TRI,2014-06-02,9462.923656368488
Nifty IT TRI,2014-06-03,9457.538589398326
Nifty IT TRI,2014-06-04,9339.464706723315
Nifty IT TRI,2014-06-05,9467.10204794306
Nifty IT TRI,2014-06-06,9425.9411488344
Nifty IT TRI,2014-06-09,9503.83684733569
Nifty IT TRI,2014-06-10,9732.904499814884
Nifty IT TRI,2014-06-11,9946.080364930658
Nifty IT TRI,2014-06-12,9958.634378276087
Nifty IT TRI,2014-06-13,9959.964915667504
Nifty IT TRI,2014-06-16,10099.743789340833
Nifty IT TRI,2014-06-17,10142.621015667439
Nifty IT TRI,2014-06-18,10039.049647731383
Nifty IT TRI,2014-06-19,10226.753810836144
Nifty IT TRI,2014-06-20,10228.6239409814
Nifty IT TRI,2014-06-23,10069.819070748592
Nifty IT TRI,2014-06-24,10094.093787041113
Nifty IT TRI,2014-06-25,10112.675909931893
Nifty IT TRI,2014-06-26,10104.204186509616
Nifty IT TRI,2014-06-27,10358.438345677416
Nifty IT TRI,2014-06-30,10457.384249896964
Nifty IT TRI,2014-07-01,10342.420453035718
Nifty IT TRI,2014-07-02,10347.937316006428
Nifty IT TRI,2014-07-03,10373.502454170626
Nifty IT TRI,2014-07-04,10411.574766018843
Nifty IT TRI,2014-07-07,10686.752908734852
Nifty IT TRI,2014-07-08,10574.821908599692
Nifty IT TRI,2014-07-09,10452.483102592005
Nifty IT TRI,2014-07-10,10361.059474474876
Nifty IT TRI,2014-07-11,10485.43483440563
Nifty IT TRI,2014-07-14,10345.612101080633
Nifty IT TRI,2014-07-15,10331.441893447032
Nifty IT TRI,2014-07-16,10356.494235101904
Nifty IT TRI,2014-07-17,10368.35066105742
Nifty IT TRI,2014-07-18,10503.170152758486
Nifty IT TRI,2014-07-21,10468.222156688844
Nifty IT TRI,2014-07-22,10652.763243235473
Nifty IT TRI,2014-07-23,10885.852819486738
Nifty IT TRI,2014-07-24,10984.931440632437
Nifty IT TRI,2014-07-25,10921.615675453533
Nifty IT TRI,2014-07-28,10969.435137128827
Nifty IT TRI,2014-07-30,10946.839892911383
Nifty IT TRI,2014-07-31,10887.836187306519
Nifty IT TRI,2014-08-01,10730.505427589744
Nifty IT TRI,2014-08-04,10959.13106445883
Nifty IT TRI,2014-08-05,11015.203478571499
Nifty IT TRI,2014-08-06,11081.162937048844
Nifty IT TRI,2014-08-07,10931.987750107357
Nifty IT TRI,2014-08-08,10906.413552368283
Nifty IT TRI,2014-08-11,10975.986774791681
Nifty IT TRI,2014-08-12,10989.526349976331
Nifty IT TRI,2014-08-13,11080.51258031117
Nifty IT TRI,2014-08-14,11068.207044754074
Nifty IT TRI,2014-08-18,11017.969832373346
Nifty IT TRI,2014-08-19,10961.875313039794
Nifty IT TRI,2014-08-20,10998.31617685247
Nifty IT TRI,2014-08-21,10992.242920944902
Nifty IT TRI,2014-08-22,11152.021196750773
Nifty IT TRI,2014-08-25,11262.0344208746
Nifty IT TRI,2014-08-26,11289.191908198856
Nifty IT TRI,2014-08-27,11366.764321704053
Nifty IT TRI,2014-08-28,11299.447177529311
Nifty IT TRI,2014-09-01,11328.798278521524
Nifty IT TRI,2014-09-02,11373.006241136398
Nifty IT TRI,2014-09-03,11647.196747989328
Nifty IT TRI,2014-09-04,11600.508835401784
Nifty IT TRI,2014-09-05,11669.980057282706
Nifty IT TRI,2014-09-08,11822.223857555853
Nifty IT TRI,2014-09-09,11719.212266017727
Nifty IT TRI,2014-09-10,11584.852225938053
Nifty IT TRI,2014-09-11,11610.298916559135
Nifty IT TRI,2014-09-12,11602.977665703316
Nifty IT TRI,2014-09-15,11509.000807530892
Nifty IT TRI,2014-09-16,11449.569192906047
Nifty IT TRI,2014-09-17,11640.655430698214
Nifty IT TRI,2014-09-18,11708.795728467552
Nifty IT TRI,2014-09-19,11888.315091404142
Nifty IT TRI,2014-09-22,11836.03147326672
Nifty IT TRI,2014-09-23,11746.455755121558
Nifty IT TRI,2014-09-24,11732.35678890415
Nifty IT TRI,2014-09-25,11851.3271023351
Nifty IT TRI,2014-09-26,11801.101060062274
Nifty IT TRI,2014-09-29,12002.687565256396
Nifty IT TRI,2014-09-30,11977.94661332831
Nifty IT TRI,2014-10-01,12208.241974487735
Nifty IT TRI,2014-10-07,12115.509115294852
Nifty IT TRI,2014-10-08,11707.729542759478
Nifty IT TRI,2014-10-09,11731.360921669919
Nifty IT TRI,2014-10-10,11992.863448885586
Nifty IT TRI,2014-10-13,12127.968086434697
Nifty IT TRI,2014-10-14,12036.617776269615
Nifty IT TRI,2014-10-16,11851.71633439459
Nifty IT TRI,2014-10-17,11397.660074645037
Nifty IT TRI,2014-10-20,11321.786809318854
Nifty IT TRI,2014-10-21,11342.76078272309
Nifty IT TRI,2014-10-22,11422.93478890341
Nifty IT TRI,2014-10-27,11369.37760047576
Nifty IT TRI,2014-10-28,11394.287500502438
Nifty IT TRI,2014-10-29,11580.614631674753
Nifty IT TRI,2014-10-30,11806.493214164999
Nifty IT TRI,2014-10-31,12036.79884292844
Nifty IT TRI,2014-11-03,12058.572674185234
Nifty IT TRI,2014-11-05,12145.315802252042
Nifty IT TRI,2014-11-07,12184.352692725135
Nifty IT TRI,2014-11-10,12180.616273256905
Nifty IT TRI,2014-11-11,12148.026281084805
Nifty IT TRI,2014-11-12,12129.078977231406
Nifty IT TRI,2014-11-13,12255.308405315336
Nifty IT TRI,2014-11-14,12290.053095588542
Nifty IT TRI,2014-11-17,12330.519646270312
Nifty IT TRI,2014-11-18,12229.939620304049
Nifty IT TRI,2014-11-19,12242.646958929303
Nifty IT TRI,2014-11-20,12405.949641803456
Nifty IT TRI,2014-11-21,12321.029419234545
Nifty IT TRI,2014-11-24,12549.060309996079
Nifty IT TRI,2014-11-25,12528.580178348917
Nifty IT TRI,2014-11-26,12508.363690223654
Nifty IT TRI,2014-11-27,12647.609355282304
Nifty IT TRI,2014-11-28,12645.251484582306
Nifty IT TRI,2014-12-01,12735.276933085297
Nifty IT TRI,2014-12-02,12557.047880015949
Nifty IT TRI,2014-12-03,12552.50579389414
Nifty IT TRI,2014-12-04,12490.235429714628
Nifty IT TRI,2014-12-05,12264.923201535976
Nifty IT TRI,2014-12-08,11884.138324291082
Nifty IT TRI,2014-12-09,11844.789403074456
Nifty IT TRI,2014-12-10,11816.442626942688
Nifty IT TRI,2014-12-11,11683.606595508058
Nifty IT TRI,2014-12-12,11624.247921898912
Nifty IT TRI,2014-12-15,11410.927364508527
Nifty IT TRI,2014-12-16,11585.777310734153
Nifty IT TRI,2014-12-17,11552.833915284207
Nifty IT TRI,2014-12-18,11688.878732680303
Nifty IT TRI,2014-12-19,11890.259098175475
Nifty IT TRI,2014-12-22,11919.559686806564
Nifty IT TRI,2014-12-23,11805.751256574513
Nifty IT TRI,2014-12-24,11629.04077901515
Nifty IT TRI,2014-12-26,11745.861538124196
Nifty IT TRI,2014-12-29,11819.962708491694
Nifty IT TRI,2014-12-30,11868.440870548251
Nifty IT TRI,2014-12-31,11939.91684343831
Nifty IT TRI,2015-01-01,11939.86171522895
Nifty IT TRI,2015-01-02,12106.950659838616
Nifty IT TRI,2015-01-05,11977.172094852245
Nifty IT TRI,2015-01-06,11670.395483349406
Nifty IT TRI,2015-01-07,11624.21691974967
Nifty IT TRI,2015-01-08,11733.567793620226
Nifty IT TRI,2015-01-09,12140.431857758795
Nifty IT TRI,2015-01-12,12295.590914215145
Nifty IT TRI,2015-01-13,12252.67780997116
Nifty IT TRI,2015-01-14,12372.050870357725
Nifty IT TRI,2015-01-15,12431.832101189164
Nifty IT TRI,2015-01-16,12421.519517618774
Nifty IT TRI,2015-01-19,12405.386453706764
Nifty IT TRI,2015-01-20,12461.667642532388
Nifty IT TRI,2015-01-21,12588.764107026902
Nifty IT TRI,2015-01-22,12628.967612535098
Nifty IT TRI,2015-01-23,12666.139195220812
Nifty IT TRI,2015-01-27,12464.27706346178
Nifty IT TRI,2015-01-28,12588.644758369648
Nifty IT TRI,2015-01-29,12604.824211214898
Nifty IT TRI,2015-01-30,12606.079113115064
Nifty IT TRI,2015-02-02,12735.021464153171
Nifty IT TRI,2015-02-03,12756.916071333377
Nifty IT TRI,2015-02-04,12730.88076992897
Nifty IT TRI,2015-02-05,12972.77293214666
Nifty IT TRI,2015-02-06,13083.036431295915
Nifty IT TRI,2015-02-09,13065.061174632383
Nifty IT TRI,2015-02-10,12973.487341715954
Nifty IT TRI,2015-02-11,13060.044601910658
Nifty IT TRI,2015-02-12,13197.866512118515
Nifty IT TRI,2015-02-13,13297.670882496923
Nifty IT TRI,2015-02-16,13323.3594100536
Nifty IT TRI,2015-02-18,13479.972160693464
Nifty IT TRI,2015-02-19,13577.79143374433
Nifty IT TRI,2015-02-20,13416.405316331673
Nifty IT TRI,2015-02-23,13374.984128767202
Nifty IT TRI,2015-02-24,13412.88933896427
Nifty IT TRI,2015-02-25,13485.221809116463
Nifty IT TRI,2015-02-26,13299.23157430627
Nifty IT TRI,2015-02-27,13402.845096119674
Nifty IT TRI,2015-03-02,13520.920558859547
Nifty IT TRI,2015-03-03,13726.801447677315
Nifty IT TRI,2015-03-04,13593.676318775057
Nifty IT TRI,2015-03-05,13524.823829485578
Nifty IT TRI,2015-03-09,13267.661778009744
Nifty IT TRI,2015-03-10,13249.9381532421
Nifty IT TRI,2015-03-11,13194.293064431386
Nifty IT TRI,2015-03-12,13271.1019341533
Nifty IT TRI,2015-03-13,13152.638609949741
Nifty IT TRI,2015-03-16,13268.77962612062
Nifty IT TRI,2015-03-17,13231.070150687612
Nifty IT TRI,2015-03-18,13117.329884053233
Nifty IT TRI,2015-03-19,13117.009495762573
Nifty IT TRI,2015-03-20,13212.010027820521
Nifty IT TRI,2015-03-23,13086.707248903145
Nifty IT TRI,2015-03-24,13018.459573761333
Nifty IT TRI,2015-03-25,13067.836473911704
Nifty IT TRI,2015-03-26,12722.671552565536
Nifty IT TRI,2015-03-27,12794.274711880771
Nifty IT TRI,2015-03-30,12937.651475185692
Nifty IT TRI,2015-03-31,12919.198521291486
Nifty IT TRI,2015-04-01,12779.97097290196
Nifty IT TRI,2015-04-06,12801.32748863852
Nifty IT TRI,2015-04-07,12823.450702200853
Nifty IT TRI,2015-04-08,13064.688824341589
Nifty IT TRI,2015-04-09,13134.963405923949
Nifty IT TRI,2015-04-10,13152.024863181741
Nifty IT TRI,2015-04-13,13195.730906825662
Nifty IT TRI,2015-04-15,13005.224627538375
Nifty IT TRI,2015-04-16,12903.617702340773
Nifty IT TRI,2015-04-17,12630.357531873786
Nifty IT TRI,2015-04-20,12374.439203703365
Nifty IT TRI,2015-04-21,12370.976685839674
Nifty IT TRI,2015-04-22,12300.509008068873
Nifty IT TRI,2015-04-23,12257.811670848154
Nifty IT TRI,2015-04-24,11916.613160496243
Nifty IT TRI,2015-04-27,11881.584194778328
Nifty IT TRI,2015-04-28,11834.037815065696
Nifty IT TRI,2015-04-29,11878.997396390898
Nifty IT TRI,2015-04-30,11779.62038686338
Nifty IT TRI,2015-05-04,11985.837338003887
Nifty IT TRI,2015-05-05,11963.716648662885
Nifty IT TRI,2015-05-06,11716.451234173195
Nifty IT TRI,2015-05-07,11919.362005784476
Nifty IT TRI,2015-05-08,11967.397744105561
Nifty IT TRI,2015-05-11,12132.531990473019
Nifty IT TRI,2015-05-12,11912.309437936718
Nifty IT TRI,2015-05-13,11968.660178965865
Nifty IT TRI,2015-05-14,11886.845638414645
Nifty IT TRI,2015-05-15,11971.330006043107
Nifty IT TRI,2015-05-18,12088.346935623009
Nifty IT TRI,2015-05-19,12188.343728763915
Nifty IT TRI,2015-05-20,12402.766928750256
Nifty IT TRI,2015-05-21,12453.642865801894
Nifty IT TRI,2015-05-22,12571.94920340039
Nifty IT TRI,2015-05-25,12461.168581540654
Nifty IT TRI,2015-05-26,12417.33816047343
Nifty IT TRI,2015-05-27,12188.067703975066
Nifty IT TRI,2015-05-28,12278.033621252293
Nifty IT TRI,2015-05-29,12411.811979316095
Nifty IT TRI,2015-06-01,12360.652536447875
Nifty IT TRI,2015-06-02,12170.619465965236
Nifty IT TRI,2015-06-03,12185.370779710747
Nifty IT TRI,2015-06-04,12205.380733695205
Nifty IT TRI,2015-06-05,12111.958105255659
Nifty IT TRI,2015-06-08,12056.92727749411
Nifty IT TRI,2015-06-09,11954.897143832231
Nifty IT TRI,2015-06-10,12233.098818458526
Nifty IT TRI,2015-06-11,12046.409415282107
Nifty IT TRI,2015-06-12,11856.213370806941
Nifty IT TRI,2015-06-15,11905.707327714466
Nifty IT TRI,2015-06-16,11933.495945846467
Nifty IT TRI,2015-06-17,11960.15946168713
Nifty IT TRI,2015-06-18,12037.862573051232
Nifty IT TRI,2015-06-19,12068.828344966452
Nifty IT TRI,2015-06-22,12270.437215769762
Nifty IT TRI,2015-06-23,12175.862517816404
Nifty IT TRI,2015-06-24,12189.984843586211
Nifty IT TRI,2015-06-25,12036.665034992659
Nifty IT TRI,2015-06-26,12200.624550862776
Nifty IT TRI,2015-06-29,11956.593919087465
Nifty IT TRI,2015-06-30,11853.80856424783
Nifty IT TRI,2015-07-01,12043.629019915865
Nifty IT TRI,2015-07-02,12015.915894805818
Nifty IT TRI,2015-07-03,12028.748245362838
Nifty IT TRI,2015-07-06,12042.27348713807
Nifty IT TRI,2015-07-07,11972.224177034048
Nifty IT TRI,2015-07-08,11841.680207834701
Nifty IT TRI,2015-07-09,11634.784730919975
Nifty IT TRI,2015-07-10,11602.634528086493
Nifty IT TRI,2015-07-13,11819.909061281927
Nifty IT TRI,2015-07-14,11868.847988556881
Nifty IT TRI,2015-07-15,11983.782018130607
Nifty IT TRI,2015-07-16,12028.810208543491
Nifty IT TRI,2015-07-17,12112.807477541319
Nifty IT TRI,2015-07-20,12112.16369799199
Nifty IT TRI,2015-07-21,12530.419835399112
Nifty IT TRI,2015-07-22,12518.452735728988
Nifty IT TRI,2015-07-23,12427.620800567825
Nifty IT TRI,2015-07-24,12326.565304754742
Nifty IT TRI,2015-07-27,12219.0048061874
Nifty IT TRI,2015-07-28,12159.161853288619
Nifty IT TRI,2015-07-29,12336.620254277896
Nifty IT TRI,2015-07-30,12255.319863621704
Nifty IT TRI,2015-07-31,12470.607816626358
Nifty IT TRI,2015-08-03,12335.00788673088
Nifty IT TRI,2015-08-04,12280.905068228376
Nifty IT TRI,2015-08-05,12499.312481351097
Nifty IT TRI,2015-08-06,12498.309135523785
Nifty IT TRI,2015-08-07,12477.991922944735
Nifty IT TRI,2015-08-10,12454.908891985853
Nifty IT TRI,2015-08-11,12603.221964540702
Nifty IT TRI,2015-08-12,12922.022969231253
Nifty IT TRI,2015-08-13,12868.08663209613
Nifty IT TRI,2015-08-14,12968.114919984348
Nifty IT TRI,2015-08-17,12919.7430531387
Nifty IT TRI,2015-08-18,13090.09119301837
Nifty IT TRI,2015-08-19,13187.300157946866
Nifty IT TRI,2015-08-20,12903.871650940293
Nifty IT TRI,2015-08-21,12955.16038954731
Nifty IT TRI,2015-08-24,12335.55180665804
Nifty IT TRI,2015-08-25,12251.72424241879
Nifty IT TRI,2015-08-26,12152.541757233314
Nifty IT TRI,2015-08-27,12274.623380168492
Nifty IT TRI,2015-08-28,12481.319234276727
Nifty IT TRI,2015-08-31,12501.946024847906
Nifty IT TRI,2015-09-01,12363.318589485716
Nifty IT TRI,2015-09-02,12502.090020588339
Nifty IT TRI,2015-09-03,12576.123660237741
Nifty IT TRI,2015-09-04,12297.412880596286
Nifty IT TRI,2015-09-07,12196.520539904746
Nifty IT TRI,2015-09-08,12274.491014932897
Nifty IT TRI,2015-09-09,12398.811155383637
Nifty IT TRI,2015-09-10,12283.073345429926
Nifty IT TRI,2015-09-11,12321.71955721726
Nifty IT TRI,2015-09-14,12418.439478161743
Nifty IT TRI,2015-09-15,12436.347963577922
Nifty IT TRI,2015-09-16,12512.744345049792
Nifty IT TRI,2015-09-18,12643.401076603797
Nifty IT TRI,2015-09-21,12642.395842546364
Nifty IT TRI,2015-09-22,12623.063269276781
Nifty IT TRI,2015-09-23,12611.22411426313
Nifty IT TRI,2015-09-24,12892.354439025028
Nifty IT TRI,2015-09-28,12772.9267976933
Nifty IT TRI,2015-09-29,12798.254513019965
Nifty IT TRI,2015-09-30,12980.279932725241
Nifty IT TRI,2015-10-01,12803.711695095235
Nifty IT TRI,2015-10-05,12951.078269476851
Nifty IT TRI,2015-10-06,12830.634386038219
Nifty IT TRI,2015-10-07,12608.465583799116
Nifty IT TRI,2015-10-08,12594.242079152642
Nifty IT TRI,2015-10-09,12743.635363221556
Nifty IT TRI,2015-10-12,12554.551090475972
Nifty IT TRI,2015-10-13,12438.524630186632
Nifty IT TRI,2015-10-14,12266.73013923092
Nifty IT TRI,2015-10-15,12240.82439997811
Nifty IT TRI,2015-10-16,12240.828698252177
Nifty IT TRI,2015-10-19,12344.502781216017
Nifty IT TRI,2015-10-20,12450.33711433128
Nifty IT TRI,2015-10-21,12471.949727696854
Nifty IT TRI,2015-10-23,12476.354383512378
Nifty IT TRI,2015-10-26,12504.48450801192
Nifty IT TRI,2015-10-27,12512.87313140935
Nifty IT TRI,2015-10-28,12578.031079799504
Nifty IT TRI,2015-10-29,12475.852355807023
Nifty IT TRI,2015-10-30,12410.288077538882
Nifty IT TRI,2015-11-02,12476.236571265414
Nifty IT TRI,2015-11-03,12554.811476873965
Nifty IT TRI,2015-11-04,12483.236440807008
Nifty IT TRI,2015-11-05,12335.628417469117
Nifty IT TRI,2015-11-06,12412.964589127452
Nifty IT TRI,2015-11-09,12335.552799960977
Nifty IT TRI,2015-11-10,12122.177737702108
Nifty IT TRI,2015-11-13,12003.138381641516
Nifty IT TRI,2015-11-16,11898.228270042215
Nifty IT TRI,2015-11-17,11932.655048385748
Nifty IT TRI,2015-11-18,11718.690899726851
Nifty IT TRI,2015-11-19,11931.442431834961
Nifty IT TRI,2015-11-20,12024.978853386378
Nifty IT TRI,2015-11-23,12029.283511001722
Nifty IT TRI,2015-11-24,11960.803498120864
Nifty IT TRI,2015-11-26,11946.39450212754
Nifty IT TRI,2015-11-27,12033.473308699895
Nifty IT TRI,2015-11-30,12125.152400301538
Nifty IT TRI,2015-12-01,12180.17285988631
Nifty IT TRI,2015-12-02,12065.304421617197
Nifty IT TRI,2015-12-03,11992.630879873628
Nifty IT TRI,2015-12-04,11871.085835669317
Nifty IT TRI,2015-12-07,11904.864896953382
Nifty IT TRI,2015-12-08,11887.260440487758
Nifty IT TRI,2015-12-09,11831.767828492233
Nifty IT TRI,2015-12-10,11968.152084270652
Nifty IT TRI,2015-12-11,11955.258018994535
Nifty IT TRI,2015-12-14,12018.348909038115
Nifty IT TRI,2015-12-15,11974.052990221206
Nifty IT TRI,2015-12-16,12068.468889015932
Nifty IT TRI,2015-12-17,12210.108960895346
Nifty IT TRI,2015-12-18,12045.388806104296
Nifty IT TRI,2015-12-21,12157.904350339018
Nifty IT TRI,2015-12-22,12018.442384804557
Nifty IT TRI,2015-12-23,12127.570221234379
Nifty IT TRI,2015-12-24,12116.5171901063
Nifty IT TRI,2015-12-28,12213.040516568944
Nifty IT TRI,2015-12-29,12193.754206262802
Nifty IT TRI,2015-12-30,12047.140763813006
Nifty IT TRI,2015-12-31,12150.623192242329
Nifty IT TRI,2016-01-01,12110.360385072177
Nifty IT TRI,2016-01-04,11954.323324958943
Nifty IT TRI,2016-01-05,11920.113575747362
Nifty IT TRI,2016-01-06,11943.459393498482
Nifty IT TRI,2016-01-07,11776.071579238374
Nifty IT TRI,2016-01-08,11913.620655981482
Nifty IT TRI,2016-01-11,11735.761896196494
Nifty IT TRI,2016-01-12,11699.956070522636
Nifty IT TRI,2016-01-13,11754.202925635296
Nifty IT TRI,2016-01-14,11907.244898430492
Nifty IT TRI,2016-01-15,11923.551125656177
Nifty IT TRI,2016-01-18,11913.421644360586
Nifty IT TRI,2016-01-19,11891.333541856357
Nifty IT TRI,2016-01-20,11834.85841601971
Nifty IT TRI,2016-01-21,11861.688244831383
Nifty IT TRI,2016-01-22,11940.37522710573
Nifty IT TRI,2016-01-25,11962.359336759951
Nifty IT TRI,2016-01-27,11967.597047842824
Nifty IT TRI,2016-01-28,11939.534381432379
Nifty IT TRI,2016-01-29,12193.457441391527
Nifty IT TRI,2016-02-01,12270.242073597876
Nifty IT TRI,2016-02-02,12202.29728272728
Nifty IT TRI,2016-02-03,12072.800870008008
Nifty IT TRI,2016-02-04,12172.60722709282
Nifty IT TRI,2016-02-05,12188.290574778597
Nifty IT TRI,2016-02-08,11944.593737621848
Nifty IT TRI,2016-02-09,11524.762139675679
Nifty IT TRI,2016-02-10,11510.340745665955
Nifty IT TRI,2016-02-11,11198.710124164296
Nifty IT TRI,2016-02-12,11211.745439861184
Nifty IT TRI,2016-02-15,11397.26497510325
Nifty IT TRI,2016-02-16,11316.25197375547
Nifty IT TRI,2016-02-17,11407.828591291174
Nifty IT TRI,2016-02-18,11625.420224283796
Nifty IT TRI,2016-02-19,11698.391212069902
Nifty IT TRI,2016-02-22,11647.62806060128
Nifty IT TRI,2016-02-23,11518.73819077573
Nifty IT TRI,2016-02-24,11374.350906831565
Nifty IT TRI,2016-02-25,11304.764665241351
Nifty IT TRI,2016-02-26,11370.354449744862
Nifty IT TRI,2016-02-29,11171.009853814194
Nifty IT TRI,2016-03-01,11561.696075742067
Nifty IT TRI,2016-03-02,11844.595905042243
Nifty IT TRI,2016-03-03,12016.758425653683
Nifty IT TRI,2016-03-04,11936.793918976044
Nifty IT TRI,2016-03-08,11866.660489382162
Nifty IT TRI,2016-03-09,11879.852607204646
Nifty IT TRI,2016-03-10,11772.892197742845
Nifty IT TRI,2016-03-11,11782.764526724788
Nifty IT TRI,2016-03-14,11818.640755233293
Nifty IT TRI,2016-03-15,11670.86459752865
Nifty IT TRI,2016-03-16,11750.564311449298
Nifty IT TRI,2016-03-17,11881.993895137866
Nifty IT TRI,2016-03-18,12139.512638971572
Nifty IT TRI,2016-03-21,12178.444709162695
Nifty IT TRI,2016-03-22,12192.911705294719
Nifty IT TRI,2016-03-23,12216.955906467587
Nifty IT TRI,2016-03-28,12155.238369054716
Nifty IT TRI,2016-03-29,12097.059358414603
Nifty IT TRI,2016-03-30,12249.867710313743
Nifty IT TRI,2016-03-31,12310.060878620514
Nifty IT TRI,2016-04-01,12185.861306310815
Nifty IT TRI,2016-04-04,12397.820879817637
Nifty IT TRI,2016-04-05,12275.669207465495
Nifty IT TRI,2016-04-06,12221.828346136044
Nifty IT TRI,2016-04-07,12089.202369029888
Nifty IT TRI,2016-04-08,12044.658159818135
Nifty IT TRI,2016-04-11,12297.12741330251
Nifty IT TRI,2016-04-12,12311.996275469624
Nifty IT TRI,2016-04-13,12364.224208742558
Nifty IT TRI,2016-04-18,12634.594949170367
Nifty IT TRI,2016-04-20,12587.344083781252
Nifty IT TRI,2016-04-21,12372.925359141076
Nifty IT TRI,2016-04-22,12317.575007029318
Nifty IT TRI,2016-04-25,12331.804396649488
Nifty IT TRI,2016-04-26,12443.464181968873
Nifty IT TRI,2016-04-27,12482.928279064332
Nifty IT TRI,2016-04-28,12302.765283419032
Nifty IT TRI,2016-04-29,12204.281778586601
Nifty IT TRI,2016-05-02,12120.435767174002
Nifty IT TRI,2016-05-03,11911.700555164072
Nifty IT TRI,2016-05-04,11937.249586198981
Nifty IT TRI,2016-05-05,11965.364051849003
Nifty IT TRI,2016-05-06,11871.247179119948
Nifty IT TRI,2016-05-09,11986.950886339255
Nifty IT TRI,2016-05-10,12034.324351602627
Nifty IT TRI,2016-05-11,11954.202426738548
Nifty IT TRI,2016-05-12,12086.436015576617
Nifty IT TRI,2016-05-13,12032.051765659202
Nifty IT TRI,2016-05-16,12096.052765899069
Nifty IT TRI,2016-05-17,12137.391703304078
Nifty IT TRI,2016-05-18,12132.474980551457
Nifty IT TRI,2016-05-19,12105.29891674027
Nifty IT TRI,2016-05-20,12042.113231749232
Nifty IT TRI,2016-05-23,11938.839148807216
Nifty IT TRI,2016-05-24,11922.942044097239
Nifty IT TRI,2016-05-25,12240.799870217015
Nifty IT TRI,2016-05-26,12374.17568778007
Nifty IT TRI,2016-05-27,12466.139862529342
Nifty IT TRI,2016-05-30,12606.228940882647
Nifty IT TRI,2016-05-31,12441.282186554152
Nifty IT TRI,2016-06-01,12550.032656167798
Nifty IT TRI,2016-06-02,12510.574740394708
Nifty IT TRI,2016-06-03,12515.334808860269
Nifty IT TRI,2016-06-06,12444.87435105173
Nifty IT TRI,2016-06-07,12464.64855205519
Nifty IT TRI,2016-06-08,12455.59214734189
Nifty IT TRI,2016-06-09,12303.671856473988
Nifty IT TRI,2016-06-10,12265.16971776907
Nifty IT TRI,2016-06-13,12226.000874728137
Nifty IT TRI,2016-06-14,12202.454556970151
Nifty IT TRI,2016-06-15,12326.069946589727
Nifty IT TRI,2016-06-16,12285.372257687577
Nifty IT TRI,2016-06-17,12336.834733512338
Nifty IT TRI,2016-06-20,12574.469678565712
Nifty IT TRI,2016-06-21,12555.249129468139
Nifty IT TRI,2016-06-22,12558.43029663254
Nifty IT TRI,2016-06-23,12554.945084146191
Nifty IT TRI,2016-06-24,12245.250999782984
Nifty IT TRI,2016-06-27,12033.765611327824
Nifty IT TRI,2016-06-28,11899.449190881673
Nifty IT TRI,2016-06-29,12088.895479855533
Nifty IT TRI,2016-06-30,12158.092968427129
Nifty IT TRI,2016-07-01,12134.905538533842
Nifty IT TRI,2016-07-04,12231.22054718566
Nifty IT TRI,2016-07-05,12183.863778412642
Nifty IT TRI,2016-07-07,11967.405187993372
Nifty IT TRI,2016-07-08,11973.13064139746
Nifty IT TRI,2016-07-11,12083.457384882688
Nifty IT TRI,2016-07-12,12095.916846694116
Nifty IT TRI,2016-07-13,12174.62207050544
Nifty IT TRI,2016-07-14,12207.6557624977
Nifty IT TRI,2016-07-15,11725.29918361065
Nifty IT TRI,2016-07-18,11747.425471226252
Nifty IT TRI,2016-07-19,11782.143323875853
Nifty IT TRI,2016-07-20,11780.968189124029
Nifty IT TRI,2016-07-21,11789.80658754887
Nifty IT TRI,2016-07-22,11772.596592978238
Nifty IT TRI,2016-07-25,11900.100305210006
Nifty IT TRI,2016-07-26,11908.070971968169
Nifty IT TRI,2016-07-27,11964.267309142737
Nifty IT TRI,2016-07-28,11972.734721631054
Nifty IT TRI,2016-07-29,11948.848117680282
Nifty IT TRI,2016-08-01,12197.80643366351
Nifty IT TRI,2016-08-02,12242.151788210578
Nifty IT TRI,2016-08-03,12245.378549020144
Nifty IT TRI,2016-08-04,12209.889295970426
Nifty IT TRI,2016-08-05,12197.999251846948
Nifty IT TRI,2016-08-08,12265.676899708513
Nifty IT TRI,2016-08-09,12267.152174903715
Nifty IT TRI,2016-08-10,12243.540556748136
Nifty IT TRI,2016-08-11,12294.863912088398
Nifty IT TRI,2016-08-12,12241.997544509832
Nifty IT TRI,2016-08-16,12047.29995768295
Nifty IT TRI,2016-08-17,11845.365331795409
Nifty IT TRI,2016-08-18,11818.270951604141
Nifty IT TRI,2016-08-19,11757.580692445237
Nifty IT TRI,2016-08-22,11611.978655041345
Nifty IT TRI,2016-08-23,11803.178963745911
Nifty IT TRI,2016-08-24,11824.858870039205
Nifty IT TRI,2016-08-25,11693.109848889164
Nifty IT TRI,2016-08-26,11537.335553763534
Nifty IT TRI,2016-08-29,11388.03139832203
Nifty IT TRI,2016-08-30,11593.597460719939
Nifty IT TRI,2016-08-31,11565.43117004862
Nifty IT TRI,2016-09-01,11551.903799996897
Nifty IT TRI,2016-09-02,11547.093481718784
Nifty IT TRI,2016-09-06,11567.943644451567
Nifty IT TRI,2016-09-07,11518.704159276902
Nifty IT TRI,2016-09-08,11234.682910041198
Nifty IT TRI,2016-09-09,11291.624930868418
Nifty IT TRI,2016-09-12,11384.409971300604
Nifty IT TRI,2016-09-14,11306.39858101572
Nifty IT TRI,2016-09-15,11292.300189793466
Nifty IT TRI,2016-09-16,11413.30371711094
Nifty IT TRI,2016-09-19,11485.392374212151
Nifty IT TRI,2016-09-20,11445.666587179105
Nifty IT TRI,2016-09-21,11478.939279223785
Nifty IT TRI,2016-09-22,11414.343947240128
Nifty IT TRI,2016-09-23,11408.203714987172
Nifty IT TRI,2016-09-26,11342.839831777968
Nifty IT TRI,2016-09-27,11416.966699341736
Nifty IT TRI,2016-09-28,11377.441670818936
Nifty IT TRI,2016-09-29,11265.211084145221
Nifty IT TRI,2016-09-30,11303.651395942323
Nifty IT TRI,2016-10-03,11324.584955647299
Nifty IT TRI,2016-10-04,11417.904737891571
Nifty IT TRI,2016-10-05,11351.562531387548
Nifty IT TRI,2016-10-06,11252.25519881175
Nifty IT TRI,2016-10-07,11188.809114060012
Nifty IT TRI,2016-10-10,11285.71485084433
Nifty IT TRI,2016-10-13,11257.476717171821
Nifty IT TRI,2016-10-14,11241.431894993017
Nifty IT TRI,2016-10-17,11166.246434197663
Nifty IT TRI,2016-10-18,11406.863867455591
Nifty IT TRI,2016-10-19,11444.740812895572
Nifty IT TRI,2016-10-20,11403.360786345638
Nifty IT TRI,2016-10-21,11518.418599608562
Nifty IT TRI,2016-10-24,11355.834215208917
Nifty IT TRI,2016-10-25,11283.485297556868
Nifty IT TRI,2016-10-26,11169.616101907985
Nifty IT TRI,2016-10-27,11055.297589038899
Nifty IT TRI,2016-10-28,11050.88862971331
Nifty IT TRI,2016-11-01,10989.468124583647
Nifty IT TRI,2016-11-02,10858.716201009469
Nifty IT TRI,2016-11-03,10791.591156434517
Nifty IT TRI,2016-11-04,10917.864282337438
Nifty IT TRI,2016-11-07,10970.023333317755
Nifty IT TRI,2016-11-08,11012.81329373408
Nifty IT TRI,2016-11-09,10655.552226528049
Nifty IT TRI,2016-11-10,10624.709451019335
Nifty IT TRI,2016-11-11,10382.948887927525
Nifty IT TRI,2016-11-15,10442.656478019133
Nifty IT TRI,2016-11-16,10612.687743923234
Nifty IT TRI,2016-11-17,10453.804580223614
Nifty IT TRI,2016-11-18,10432.572520555466
Nifty IT TRI,2016-11-21,10409.10712427517
Nifty IT TRI,2016-11-22,10470.947572780216
Nifty IT TRI,2016-11-23,10515.94537642667
Nifty IT TRI,2016-11-24,10633.628964038899
Nifty IT TRI,2016-11-25,11139.246742185853
Nifty IT TRI,2016-11-28,11131.296408528304
Nifty IT TRI,2016-11-29,11080.510205501974
Nifty IT TRI,2016-11-30,11112.00534408595
Nifty IT TRI,2016-12-01,11070.742401115622
Nifty IT TRI,2016-12-02,10931.428762773032
Nifty IT TRI,2016-12-05,10837.393841994404
Nifty IT TRI,2016-12-06,10836.766445310823
Nifty IT TRI,2016-12-07,10774.431626880836
Nifty IT TRI,2016-12-08,10949.069236492183
Nifty IT TRI,2016-12-09,11017.488303961385
Nifty IT TRI,2016-12-12,10971.047933394448
Nifty IT TRI,2016-12-13,11087.043410379594
Nifty IT TRI,2016-12-14,11165.07596622854
Nifty IT TRI,2016-12-15,11239.257902812398
Nifty IT TRI,2016-12-16,11269.792403201636
Nifty IT TRI,2016-12-19,11272.215886005333
Nifty IT TRI,2016-12-20,11382.145172377255
Nifty IT TRI,2016-12-21,11278.388931530077
Nifty IT TRI,2016-12-22,11206.98705517794
Nifty IT TRI,2016-12-23,11106.133784490281
Nifty IT TRI,2016-12-26,11055.095901891664
Nifty IT TRI,2016-12-27,11218.217572058833
Nifty IT TRI,2016-12-28,11249.539896411108
Nifty IT TRI,2016-12-29,11352.953575798096
Nifty IT TRI,2016-12-30,11471.987408614516
Nifty IT TRI,2017-01-02,11438.141491373084
Nifty IT TRI,2017-01-03,11433.404214145869
Nifty IT TRI,2017-01-04,11582.53923775413
Nifty IT TRI,2017-01-05,11476.232428665497
Nifty IT TRI,2017-01-06,11157.210395006347
Nifty IT TRI,2017-01-09,11255.970461544415
Nifty IT TRI,2017-01-10,11281.961429354753
Nifty IT TRI,2017-01-11,11281.46366051837
Nifty IT TRI,2017-01-12,11478.777017638358
Nifty IT TRI,2017-01-13,11330.033880370414
Nifty IT TRI,2017-01-16,11231.830686952944
Nifty IT TRI,2017-01-17,11269.588544038934
Nifty IT TRI,2017-01-18,11297.522434057959
Nifty IT TRI,2017-01-19,11287.640109646345
Nifty IT TRI,2017-01-20,11189.35772717775
Nifty IT TRI,2017-01-23,11286.80838019553
Nifty IT TRI,2017-01-24,11267.698657090154
Nifty IT TRI,2017-01-25,11227.215371004133
Nifty IT TRI,2017-01-27,11247.532690475276
Nifty IT TRI,2017-01-30,11236.807704436846
Nifty IT TRI,2017-01-31,10881.418769416627
Nifty IT TRI,2017-02-01,10773.114187241303
Nifty IT TRI,2017-02-02,10968.118413102435
Nifty IT TRI,2017-02-03,11078.937191034442
Nifty IT TRI,2017-02-06,11084.152611846488
Nifty IT TRI,2017-02-07,11050.320896558
Nifty IT TRI,2017-02-08,11060.918554122083
Nifty IT TRI,2017-02-09,11239.257684596054
Nifty IT TRI,2017-02-10,11482.943057119308
Nifty IT TRI,2017-02-13,11556.54477750979
Nifty IT TRI,2017-02-14,11580.547880144475
Nifty IT TRI,2017-02-15,11529.755058317533
Nifty IT TRI,2017-02-16,11751.908792347704
Nifty IT TRI,2017-02-17,11640.963446390495
Nifty IT TRI,2017-02-20,11801.982728831652
Nifty IT TRI,2017-02-21,11813.06632704184
Nifty IT TRI,2017-02-22,11630.091009411726
Nifty IT TRI,2017-02-23,11824.065279787072
Nifty IT TRI,2017-02-27,11845.238459785927
Nifty IT TRI,2017-02-28,11817.327414237507
Nifty IT TRI,2017-03-01,11892.146779690043
Nifty IT TRI,2017-03-02,11885.590494968934
Nifty IT TRI,2017-03-03,11957.71025213937
Nifty IT TRI,2017-03-06,11929.359609589064
Nifty IT TRI,2017-03-07,11952.132837077463
Nifty IT TRI,2017-03-08,11886.695149343066
Nifty IT TRI,2017-03-09,11871.004403014656
Nifty IT TRI,2017-03-10,11899.367829577728
Nifty IT TRI,2017-03-14,12044.958466360427
Nifty IT TRI,2017-03-15,11843.260445019208
Nifty IT TRI,2017-03-16,11982.854928845485
Nifty IT TRI,2017-03-17,12070.53073954393
Nifty IT TRI,2017-03-20,11934.972750452584
Nifty IT TRI,2017-03-21,11947.129592111723
Nifty IT TRI,2017-03-22,11943.393136387656
Nifty IT TRI,2017-03-23,12018.741966240877
Nifty IT TRI,2017-03-24,11928.664968980287
Nifty IT TRI,2017-03-27,11796.971892183788
Nifty IT TRI,2017-03-28,11833.610263889143
Nifty IT TRI,2017-03-29,11900.887745300804
Nifty IT TRI,2017-03-30,11889.834874609418
Nifty IT TRI,2017-03-31,11859.94371612957
Nifty IT TRI,2017-04-03,11738.390886170575
Nifty IT TRI,2017-04-05,11648.986022336541
Nifty IT TRI,2017-04-06,11680.424435081104
Nifty IT TRI,2017-04-07,11622.911832121112
Nifty IT TRI,2017-04-10,11460.984539774568
Nifty IT TRI,2017-04-11,11528.839435245944
Nifty IT TRI,2017-04-12,11445.805786542825
Nifty IT TRI,2017-04-13,11158.915397483077
Nifty IT TRI,2017-04-17,11090.896911405744
Nifty IT TRI,2017-04-18,11069.977986333146
Nifty IT TRI,2017-04-19,11029.759332847354
Nifty IT TRI,2017-04-20,11134.835681893517
Nifty IT TRI,2017-04-21,11101.105722616368
Nifty IT TRI,2017-04-24,11158.421937393032
Nifty IT TRI,2017-04-25,11195.46742033657
Nifty IT TRI,2017-04-26,11057.884312538192
Nifty IT TRI,2017-04-27,11109.018635506605
Nifty IT TRI,2017-04-28,11033.388829881831
Nifty IT TRI,2017-05-02,11105.073141881625
Nifty IT TRI,2017-05-03,11244.014925348765
Nifty IT TRI,2017-05-04,11217.316031054866
Nifty IT TRI,2017-05-05,11195.497698549429
Nifty IT TRI,2017-05-08,11333.462860495089
Nifty IT TRI,2017-05-09,11412.227899202597
Nifty IT TRI,2017-05-10,11346.115843676947
Nifty IT TRI,2017-05-11,11387.250940334832
Nifty IT TRI,2017-05-12,11511.277703377647
Nifty IT TRI,2017-05-15,11482.37029841373
Nifty IT TRI,2017-05-16,11617.919713142881
Nifty IT TRI,2017-05-17,11591.832396902471
Nifty IT TRI,2017-05-18,11712.683964293557
Nifty IT TRI,2017-05-19,11614.1238978997
Nifty IT TRI,2017-05-22,11669.703863057253
Nifty IT TRI,2017-05-23,11676.218048929575
Nifty IT TRI,2017-05-24,11675.677368962688
Nifty IT TRI,2017-05-25,11930.844131927479
Nifty IT TRI,2017-05-26,11928.14999502254
Nifty IT TRI,2017-05-29,11744.259896297737
Nifty IT TRI,2017-05-30,11790.009186349442
Nifty IT TRI,2017-05-31,11724.013220208186
Nifty IT TRI,2017-06-01,11753.039130019208
Nifty IT TRI,2017-06-02,11791.681535252708
Nifty IT TRI,2017-06-05,11850.269587860277
Nifty IT TRI,2017-06-06,12125.605857661152
Nifty IT TRI,2017-06-07,11897.176434860803
Nifty IT TRI,2017-06-08,11729.596269709109
Nifty IT TRI,2017-06-09,11610.810986062945
Nifty IT TRI,2017-06-12,11643.759965469308
Nifty IT TRI,2017-06-13,11497.811941563668
Nifty IT TRI,2017-06-14,11528.51199299926
Nifty IT TRI,2017-06-15,11431.146958451629
Nifty IT TRI,2017-06-16,11333.216262664475
Nifty IT TRI,2017-06-19,11344.221688536105
Nifty IT TRI,2017-06-20,11447.177690186774
Nifty IT TRI,2017-06-21,11373.69907948471
Nifty IT TRI,2017-06-22,11347.719158518878
Nifty IT TRI,2017-06-23,11316.062719935157
Nifty IT TRI,2017-06-27,11205.04207205535
Nifty IT TRI,2017-06-28,11277.59400669199
Nifty IT TRI,2017-06-29,11267.96200210198
Nifty IT TRI,2017-06-30,11302.625340564517
Nifty IT TRI,2017-07-03,11343.019672059849
Nifty IT TRI,2017-07-04,11369.790981577306
Nifty IT TRI,2017-07-05,11311.6209551324
Nifty IT TRI,2017-07-06,11299.091815857068
Nifty IT TRI,2017-07-07,11231.61517367724
Nifty IT TRI,2017-07-10,11536.48027297567
Nifty IT TRI,2017-07-11,11614.885086985549
Nifty IT TRI,2017-07-12,11583.713155522426
Nifty IT TRI,2017-07-13,11627.769202571408
Nifty IT TRI,2017-07-14,11505.934839499543
Nifty IT TRI,2017-07-17,11635.944777797564
Nifty IT TRI,2017-07-18,11689.260938851321
Nifty IT TRI,2017-07-19,11790.763369609529
Nifty IT TRI,2017-07-20,11688.119199120356
Nifty IT TRI,2017-07-21,11934.24757589778
Nifty IT TRI,2017-07-24,12060.799236422858
Nifty IT TRI,2017-07-25,12046.678497211606
Nifty IT TRI,2017-07-26,12016.73246024771
Nifty IT TRI,2017-07-27,11827.133956763113
Nifty IT TRI,2017-07-28,11924.843246827391
Nifty IT TRI,2017-07-31,11989.347648961962
Nifty IT TRI,2017-08-01,12041.322631544286
Nifty IT TRI,2017-08-02,11958.858119694705
Nifty IT TRI,2017-08-03,11909.44141752084
Nifty IT TRI,2017-08-04,11994.143281397606
Nifty IT TRI,2017-08-07,11907.642429564923
Nifty IT TRI,2017-08-08,11846.780955783519
Nifty IT TRI,2017-08-09,11836.040069365696
Nifty IT TRI,2017-08-10,11891.04151522293
Nifty IT TRI,2017-08-11,11874.558589817154
Nifty IT TRI,2017-08-14,11809.650284552026
Nifty IT TRI,2017-08-16,11891.571203842337
Nifty IT TRI,2017-08-17,12046.218430652865
Nifty IT TRI,2017-08-18,11792.656872583733
Nifty IT TRI,2017-08-21,11649.3818795676
Nifty IT TRI,2017-08-22,11656.869622766828
Nifty IT TRI,2017-08-23,11693.149229068958
Nifty IT TRI,2017-08-24,11722.346191613242
Nifty IT TRI,2017-08-28,11823.309601400691
Nifty IT TRI,2017-08-29,11727.553051009889
Nifty IT TRI,2017-08-30,11713.892711801333
Nifty IT TRI,2017-08-31,11787.02963245859
Nifty IT TRI,2017-09-01,11738.65009923013
Nifty IT TRI,2017-09-04,11659.248916485349
Nifty IT TRI,2017-09-05,11722.630172122854
Nifty IT TRI,2017-09-06,11637.942519554239
Nifty IT TRI,2017-09-07,11682.399523875269
Nifty IT TRI,2017-09-08,11678.168045389235
Nifty IT TRI,2017-09-11,11683.062321645159
Nifty IT TRI,2017-09-12,11730.101212882635
Nifty IT TRI,2017-09-13,11735.366157106659
Nifty IT TRI,2017-09-14,11725.605774077641
Nifty IT TRI,2017-09-15,11842.032278033392
Nifty IT TRI,2017-09-18,11899.35641277247
Nifty IT TRI,2017-09-19,11905.915374749433
Nifty IT TRI,2017-09-20,11902.585757714243
Nifty IT TRI,2017-09-21,11905.960946956238
Nifty IT TRI,2017-09-22,11882.23509238666
Nifty IT TRI,2017-09-25,11813.615137874402
Nifty IT TRI,2017-09-26,11791.109166222612
Nifty IT TRI,2017-09-27,11786.87853907648
Nifty IT TRI,2017-09-28,11762.525111992005
Nifty IT TRI,2017-09-29,11711.057573277581
Nifty IT TRI,2017-10-03,11792.457177051796
Nifty IT TRI,2017-10-04,11786.044192583517
Nifty IT TRI,2017-10-05,11769.622721946143
Nifty IT TRI,2017-10-06,11916.364510488194
Nifty IT TRI,2017-10-09,11945.906351319025
Nifty IT TRI,2017-10-10,11997.943794165169
Nifty IT TRI,2017-10-11,12064.58404959897
Nifty IT TRI,2017-10-12,12172.621705785728
Nifty IT TRI,2017-10-13,12221.210142197939
Nifty IT TRI,2017-10-16,12264.846944392842
Nifty IT TRI,2017-10-17,12244.29857384042
Nifty IT TRI,2017-10-18,12208.473360719556
Nifty IT TRI,2017-10-19,12187.41528412105
Nifty IT TRI,2017-10-23,12309.614735266374
Nifty IT TRI,2017-10-24,12183.6760231013
Nifty IT TRI,2017-10-25,12229.774523616761
Nifty IT TRI,2017-10-26,12182.907238893522
Nifty IT TRI,2017-10-27,12159.992942417444
Nifty IT TRI,2017-10-30,12153.09752065656
Nifty IT TRI,2017-10-31,12135.328506493917
Nifty IT TRI,2017-11-01,12112.853394642018
Nifty IT TRI,2017-11-02,12145.41572309046
Nifty IT TRI,2017-11-03,12138.394017026496
Nifty IT TRI,2017-11-06,12241.9290943546
Nifty IT TRI,2017-11-07,12513.813181688038
Nifty IT TRI,2017-11-08,12597.092334726001
Nifty IT TRI,2017-11-09,12600.563932510482
Nifty IT TRI,2017-11-10,12572.16424739734
Nifty IT TRI,2017-11-13,12589.300786359678
Nifty IT TRI,2017-11-14,12514.339237605134
Nifty IT TRI,2017-11-15,12463.5745005561
Nifty IT TRI,2017-11-16,12681.96901942966
Nifty IT TRI,2017-11-17,12495.161044728899
Nifty IT TRI,2017-11-20,12441.063403185595
Nifty IT TRI,2017-11-21,12463.360398471896
Nifty IT TRI,2017-11-22,12461.783156627154
Nifty IT TRI,2017-11-23,12589.173191950142
Nifty IT TRI,2017-11-24,12674.762706097643
Nifty IT TRI,2017-11-27,12685.420965225176
Nifty IT TRI,2017-11-28,12637.097814427803
Nifty IT TRI,2017-11-29,12595.498803364006
Nifty IT TRI,2017-11-30,12464.24212926368
Nifty IT TRI,2017-12-01,12277.744314274307
Nifty IT TRI,2017-12-04,12428.881394268315
Nifty IT TRI,2017-12-05,12366.396902891654
Nifty IT TRI,2017-12-06,12422.524223865903
Nifty IT TRI,2017-12-07,12522.516496101161
Nifty IT TRI,2017-12-08,12534.234330535694
Nifty IT TRI,2017-12-11,12705.037331441203
Nifty IT TRI,2017-12-12,12647.818426970945
Nifty IT TRI,2017-12-13,12625.153324677236
Nifty IT TRI,2017-12-14,12652.364479321714
Nifty IT TRI,2017-12-15,12667.457885743746
Nifty IT TRI,2017-12-18,12699.505566363423
Nifty IT TRI,2017-12-19,12616.451524392067
Nifty IT TRI,2017-12-20,12688.399241979929
Nifty IT TRI,2017-12-21,12767.70614514024
Nifty IT TRI,2017-12-22,12911.569040340173
Nifty IT TRI,2017-12-26,12920.267131914663
Nifty IT TRI,2017-12-27,12922.975016311577
Nifty IT TRI,2017-12-28,12909.1775484712
Nifty IT TRI,2017-12-29,13099.978130271014
Nifty IT TRI,2018-01-01,12989.586993384371
Nifty IT TRI,2018-01-02,13031.328783592742
Nifty IT TRI,2018-01-03,13014.387588759813
Nifty IT TRI,2018-01-04,13019.6282454856
Nifty IT TRI,2018-01-05,13068.286429827203
Nifty IT TRI,2018-01-08,13231.197654791475
Nifty IT TRI,2018-01-09,13247.573580260265
Nifty IT TRI,2018-01-10,13544.683659010261
Nifty IT TRI,2018-01-11,13599.729566896875
Nifty IT TRI,2018-01-12,13596.012018224574
Nifty IT TRI,2018-01-15,13478.423498044564
Nifty IT TRI,2018-01-16,13971.532734268516
Nifty IT TRI,2018-01-17,14085.119785718607
Nifty IT TRI,2018-01-18,14129.982354063051
Nifty IT TRI,2018-01-19,14201.658519421484
Nifty IT TRI,2018-01-22,14497.284735471649
Nifty IT TRI,2018-01-23,14671.081440537278
Nifty IT TRI,2018-01-24,14897.402310669322
Nifty IT TRI,2018-01-25,14750.042921710463
Nifty IT TRI,2018-01-29,14893.112398465839
Nifty IT TRI,2018-01-30,14742.511674767671
Nifty IT TRI,2018-01-31,14606.51801783203
Nifty IT TRI,2018-02-01,14582.709727773321
Nifty IT TRI,2018-02-02,14604.79444053798
Nifty IT TRI,2018-02-05,14554.396618656285
Nifty IT TRI,2018-02-06,14133.70619765317
Nifty IT TRI,2018-02-07,14008.0435944513
Nifty IT TRI,2018-02-08,14164.341988777333
Nifty IT TRI,2018-02-09,14057.404381801187
Nifty IT TRI,2018-02-12,13980.629294567663
Nifty IT TRI,2018-02-14,13979.011994883027
Nifty IT TRI,2018-02-15,14020.778433020281
Nifty IT TRI,2018-02-16,14000.58297126849
Nifty IT TRI,2018-02-19,13882.680927533549
Nifty IT TRI,2018-02-20,13929.06825739333
Nifty IT TRI,2018-02-21,14254.066536874263
Nifty IT TRI,2018-02-22,14333.805672018
Nifty IT TRI,2018-02-23,14493.162339418468
Nifty IT TRI,2018-02-26,14317.349061973022
Nifty IT TRI,2018-02-27,14355.945671140285
Nifty IT TRI,2018-02-28,14426.702596340458
Nifty IT TRI,2018-03-01,14382.860365508017
Nifty IT TRI,2018-03-05,14485.034283030996
Nifty IT TRI,2018-03-06,14315.000995511351
Nifty IT TRI,2018-03-07,14283.083713355645
Nifty IT TRI,2018-03-08,14289.696715102002
Nifty IT TRI,2018-03-09,14363.466538554569
Nifty IT TRI,2018-03-12,14564.08484240831
Nifty IT TRI,2018-03-13,14351.565778763772
Nifty IT TRI,2018-03-14,14411.7194297025
Nifty IT TRI,2018-03-15,14384.639418318013
Nifty IT TRI,2018-03-16,14313.316219170945
Nifty IT TRI,2018-03-19,14003.027137610363
Nifty IT TRI,2018-03-20,14215.43566259602
Nifty IT TRI,2018-03-21,14215.84814204571
Nifty IT TRI,2018-03-22,14082.08751847943
Nifty IT TRI,2018-03-23,14140.84469709912
Nifty IT TRI,2018-03-26,14054.165784226912
Nifty IT TRI,2018-03-27,14117.782181189043
Nifty IT TRI,2018-03-28,14110.97120608182
Nifty IT TRI,2018-04-02,14335.019638019025
Nifty IT TRI,2018-04-03,14232.324053079205
Nifty IT TRI,2018-04-04,14092.442188840763
Nifty IT TRI,2018-04-05,14309.421324818251
Nifty IT TRI,2018-04-06,14220.756183431542
Nifty IT TRI,2018-04-09,14141.419705624583
Nifty IT TRI,2018-04-10,14193.28982248504
Nifty IT TRI,2018-04-11,14400.01008377559
Nifty IT TRI,2018-04-12,14862.449808670828
Nifty IT TRI,2018-04-13,14967.29992714875
Nifty IT TRI,2018-04-16,14904.751146762583
Nifty IT TRI,2018-04-17,14859.41871318376
Nifty IT TRI,2018-04-18,14816.904298122123
Nifty IT TRI,2018-04-19,14986.36448600301
Nifty IT TRI,2018-04-20,15706.221716715543
Nifty IT TRI,2018-04-23,15825.516209479414
Nifty IT TRI,2018-04-24,15511.037980666635
Nifty IT TRI,2018-04-25,15689.78641051126
Nifty IT TRI,2018-04-26,15842.17931357644
Nifty IT TRI,2018-04-27,15581.193941169624
Nifty IT TRI,2018-04-30,15799.636235990201
Nifty IT TRI,2018-05-02,15539.130437227252
Nifty IT TRI,2018-05-03,15223.14470733916
Nifty IT TRI,2018-05-04,15200.555896486861
Nifty IT TRI,2018-05-07,15170.690874839744
Nifty IT TRI,2018-05-08,15120.295012481954
Nifty IT TRI,2018-05-09,15204.382233506432
Nifty IT TRI,2018-05-10,15175.6258195551
Nifty IT TRI,2018-05-11,15234.34928236767
Nifty IT TRI,2018-05-14,15199.90022724567
Nifty IT TRI,2018-05-15,15267.114826448531
Nifty IT TRI,2018-05-16,15291.205485904928
Nifty IT TRI,2018-05-17,15268.379944228254
Nifty IT TRI,2018-05-18,15217.568585196055
Nifty IT TRI,2018-05-21,15247.728792853222
Nifty IT TRI,2018-05-22,15249.265385861614
Nifty IT TRI,2018-05-23,15227.165324940526
Nifty IT TRI,2018-05-24,15580.04034575647
Nifty IT TRI,2018-05-25,15565.701358613458
Nifty IT TRI,2018-05-28,15268.61069686508
Nifty IT TRI,2018-05-29,15341.02111613322
Nifty IT TRI,2018-05-30,15337.98098512689
Nifty IT TRI,2018-05-31,15461.256946611204
Nifty IT TRI,2018-06-01,15340.440632042822
Nifty IT TRI,2018-06-04,15384.04792829946
Nifty IT TRI,2018-06-05,15174.088307132042
Nifty IT TRI,2018-06-06,15310.519434096143
Nifty IT TRI,2018-06-07,15486.632698865555
Nifty IT TRI,2018-06-08,15584.781060568752
Nifty IT TRI,2018-06-11,15593.064096617167
Nifty IT TRI,2018-06-12,15689.765268534038
Nifty IT TRI,2018-06-13,15887.854970438962
Nifty IT TRI,2018-06-14,15652.296656773278
Nifty IT TRI,2018-06-15,15988.303935037897
Nifty IT TRI,2018-06-18,15880.468278592618
Nifty IT TRI,2018-06-19,15683.354061644335
Nifty IT TRI,2018-06-20,15640.46351310763
Nifty IT TRI,2018-06-21,15596.83215183459
Nifty IT TRI,2018-06-22,15603.709251792001
Nifty IT TRI,2018-06-25,15705.791667504418
Nifty IT TRI,2018-06-26,15795.257162469403
Nifty IT TRI,2018-06-27,15880.880300650866
Nifty IT TRI,2018-06-28,15717.835818065232
Nifty IT TRI,2018-06-29,15849.688432070336
Nifty IT TRI,2018-07-02,15945.834511744248
Nifty IT TRI,2018-07-03,16116.87542700049
Nifty IT TRI,2018-07-04,16008.418291481712
Nifty IT TRI,2018-07-05,15832.801248268568
Nifty IT TRI,2018-07-06,15885.085920763613
Nifty IT TRI,2018-07-09,15992.717419448643
Nifty IT TRI,2018-07-10,16122.613686003311
Nifty IT TRI,2018-07-11,16479.022570876372
Nifty IT TRI,2018-07-12,16456.246946482283
Nifty IT TRI,2018-07-13,16478.875336604982
Nifty IT TRI,2018-07-16,16574.440310501857
Nifty IT TRI,2018-07-17,16576.61085791635
Nifty IT TRI,2018-07-18,16592.673350198416
Nifty IT TRI,2018-07-19,16432.614230899668
Nifty IT TRI,2018-07-20,16673.343595254522
Nifty IT TRI,2018-07-23,16655.14243708362
Nifty IT TRI,2018-07-24,16634.063122068455
Nifty IT TRI,2018-07-25,16534.422706100035
Nifty IT TRI,2018-07-26,16413.55889941793
Nifty IT TRI,2018-07-27,16470.86063147918
Nifty IT TRI,2018-07-30,16362.811814838542
Nifty IT TRI,2018-07-31,16553.396730414173
Nifty IT TRI,2018-08-01,16658.095798676517
Nifty IT TRI,2018-08-02,16515.0667851733
Nifty IT TRI,2018-08-03,16625.392150645137
Nifty IT TRI,2018-08-06,16578.39613331955
Nifty IT TRI,2018-08-07,16588.51418453573
Nifty IT TRI,2018-08-08,16583.02437708823
Nifty IT TRI,2018-08-09,16578.327775880905
Nifty IT TRI,2018-08-10,16665.363552724048
Nifty IT TRI,2018-08-13,16895.97725737716
Nifty IT TRI,2018-08-14,17043.28444402508
Nifty IT TRI,2018-08-16,17084.80957411151
Nifty IT TRI,2018-08-17,17178.82792019383
Nifty IT TRI,2018-08-20,17033.34295872866
Nifty IT TRI,2018-08-21,17191.555745353806
Nifty IT TRI,2018-08-23,17406.011151584138
Nifty IT TRI,2018-08-24,17336.537942322506
Nifty IT TRI,2018-08-27,17628.706446361655
Nifty IT TRI,2018-08-28,17706.94878402295
Nifty IT TRI,2018-08-29,17641.792119127873
Nifty IT TRI,2018-08-30,17648.221544652573
Nifty IT TRI,2018-08-31,17969.05531530679
Nifty IT TRI,2018-09-03,17873.142583770878
Nifty IT TRI,2018-09-04,18242.301209217636
Nifty IT TRI,2018-09-05,18233.189154292213
Nifty IT TRI,2018-09-06,18281.540934627643
Nifty IT TRI,2018-09-07,18308.751307605613
Nifty IT TRI,2018-09-10,18312.002777645124
Nifty IT TRI,2018-09-11,18185.431804418462
Nifty IT TRI,2018-09-12,18255.513868765487
Nifty IT TRI,2018-09-14,18278.279553475753
Nifty IT TRI,2018-09-17,18334.75713158045
Nifty IT TRI,2018-09-18,18234.646313994508
Nifty IT TRI,2018-09-19,18273.01838251081
Nifty IT TRI,2018-09-21,18012.636837463582
Nifty IT TRI,2018-09-24,18404.1744994389
Nifty IT TRI,2018-09-25,18472.88999533984
Nifty IT TRI,2018-09-26,18129.632365274956
Nifty IT TRI,2018-09-27,18227.870293164306
Nifty IT TRI,2018-09-28,18023.974189517037
Nifty IT TRI,2018-10-01,18454.060211490825
Nifty IT TRI,2018-10-03,18110.049137299786
Nifty IT TRI,2018-10-04,17577.38845535916
Nifty IT TRI,2018-10-05,17749.634986018027
Nifty IT TRI,2018-10-08,17426.091485604615
Nifty IT TRI,2018-10-09,17500.497629143494
Nifty IT TRI,2018-10-10,17243.326970093316
Nifty IT TRI,2018-10-11,16720.120793603273
Nifty IT TRI,2018-10-12,16557.178873660298
Nifty IT TRI,2018-10-15,16853.457509052463
Nifty IT TRI,2018-10-16,16956.962528752952
Nifty IT TRI,2018-10-17,17028.698126234252
Nifty IT TRI,2018-10-19,16491.811900688153
Nifty IT TRI,2018-10-22,16431.109170888903
Nifty IT TRI,2018-10-23,15968.457644202408
Nifty IT TRI,2018-10-24,16008.492347054687
Nifty IT TRI,2018-10-25,16033.944188864923
Nifty IT TRI,2018-10-26,15724.534900718247
Nifty IT TRI,2018-10-29,16107.570771856448
Nifty IT TRI,2018-10-30,16362.759412853902
Nifty IT TRI,2018-10-31,17029.51777048535
Nifty IT TRI,2018-11-01,16667.745051056554
Nifty IT TRI,2018-11-02,16411.725421858973
Nifty IT TRI,2018-11-05,16499.69703464136
Nifty IT TRI,2018-11-06,16620.849477376323
Nifty IT TRI,2018-11-07,16742.29877664457
Nifty IT TRI,2018-11-09,16595.85979811358
Nifty IT TRI,2018-11-12,16709.207450096786
Nifty IT TRI,2018-11-13,16764.429344929154
Nifty IT TRI,2018-11-14,16354.96237535213
Nifty IT TRI,2018-11-15,16373.613440536072
Nifty IT TRI,2018-11-16,16510.16175179107
Nifty IT TRI,2018-11-19,16657.076898663447
Nifty IT TRI,2018-11-20,16298.82794750512
Nifty IT TRI,2018-11-21,15836.426745539244
Nifty IT TRI,2018-11-22,15787.620179382075
Nifty IT TRI,2018-11-26,16007.210053143903
Nifty IT TRI,2018-11-27,16236.20539616457
Nifty IT TRI,2018-11-28,16702.18218568163
Nifty IT TRI,2018-11-29,16511.687165560874
Nifty IT TRI,2018-11-30,16709.692018025118
Nifty IT TRI,2018-12-03,16828.99347284072
Nifty IT TRI,2018-12-04,17126.098951379903
Nifty IT TRI,2018-12-05,17141.835772232815
Nifty IT TRI,2018-12-06,16778.191420076586
Nifty IT TRI,2018-12-07,16743.78331161781
Nifty IT TRI,2018-12-10,16467.91129756766
Nifty IT TRI,2018-12-11,16651.91391689874
Nifty IT TRI,2018-12-12,16834.279183302326
Nifty IT TRI,2018-12-13,16952.12512707643
Nifty IT TRI,2018-12-14,16964.833561981108
Nifty IT TRI,2018-12-17,16992.05345059412
Nifty IT TRI,2018-12-18,16830.473656233222
Nifty IT TRI,2018-12-19,16672.361580047003
Nifty IT TRI,2018-12-20,16616.44451604776
Nifty IT TRI,2018-12-21,16235.251989723583
Nifty IT TRI,2018-12-24,16283.231796413578
Nifty IT TRI,2018-12-26,16183.269633831893
Nifty IT TRI,2018-12-27,16407.636482883765
Nifty IT TRI,2018-12-28,16444.21629135905
Nifty IT TRI,2018-12-31,16508.93337795672
Nifty IT TRI,2019-01-01,16521.859500371538
Nifty IT TRI,2019-01-02,16518.320814209685
Nifty IT TRI,2019-01-03,16376.25798686513
Nifty IT TRI,2019-01-04,16175.805818400773
Nifty IT TRI,2019-01-07,16344.404593485357
Nifty IT TRI,2019-01-08,16338.569680835006
Nifty IT TRI,2019-01-09,16385.574832971037
Nifty IT TRI,2019-01-10,16383.115754210861
Nifty IT TRI,2019-01-11,16365.442050061394
Nifty IT TRI,2019-01-14,16272.31321442693
Nifty IT TRI,2019-01-15,16770.674126517963
Nifty IT TRI,2019-01-16,16827.8995494527
Nifty IT TRI,2019-01-17,16934.503366700705
Nifty IT TRI,2019-01-18,17041.46061220334
Nifty IT TRI,2019-01-21,17127.959286217287
Nifty IT TRI,2019-01-22,17124.44595732923
Nifty IT TRI,2019-01-23,17040.758611850433
Nifty IT TRI,2019-01-24,17136.76448788281
Nifty IT TRI,2019-01-25,17214.75033004665
Nifty IT TRI,2019-01-28,17309.83224657682
Nifty IT TRI,2019-01-29,17437.929884685833
Nifty IT TRI,2019-01-30,17466.145916097288
Nifty IT TRI,2019-01-31,17746.489806007918
Nifty IT TRI,2019-02-01,18004.991176606418
Nifty IT TRI,2019-02-04,18042.55853832452
Nifty IT TRI,2019-02-05,18025.001474582714
Nifty IT TRI,2019-02-06,18388.833809000873
Nifty IT TRI,2019-02-07,18424.37968455918
Nifty IT TRI,2019-02-08,18349.623914906646
Nifty IT TRI,2019-02-11,18443.101815261663
Nifty IT TRI,2019-02-12,18260.23980776712
Nifty IT TRI,2019-02-14,18173.799394238245
Nifty IT TRI,2019-02-15,18121.920909543183
Nifty IT TRI,2019-02-18,17945.114337235027
Nifty IT TRI,2019-02-19,17572.95170421639
Nifty IT TRI,2019-02-20,17890.07810245248
Nifty IT TRI,2019-02-21,17867.39853309712
Nifty IT TRI,2019-02-22,17978.078670023824
Nifty IT TRI,2019-02-25,18346.41015533331
Nifty IT TRI,2019-02-26,18331.14077446893
Nifty IT TRI,2019-02-27,18231.71761270283
Nifty IT TRI,2019-02-28,18037.579822637188
Nifty IT TRI,2019-03-01,18171.811316659096
Nifty IT TRI,2019-03-05,17964.114965145916
Nifty IT TRI,2019-03-06,18046.364447185548
Nifty IT TRI,2019-03-07,17871.820356618402
Nifty IT TRI,2019-03-08,17673.803885287263
Nifty IT TRI,2019-03-11,17653.220749875924
Nifty IT TRI,2019-03-12,17649.551242127232
Nifty IT TRI,2019-03-13,17602.629707892585
Nifty IT TRI,2019-03-14,17508.891269486827
Nifty IT TRI,2019-03-15,17838.072551406887
Nifty IT TRI,2019-03-18,17625.920988591482
Nifty IT TRI,2019-03-19,17782.972278118305
Nifty IT TRI,2019-03-20,17902.85489994921
Nifty IT TRI,2019-03-22,17849.337491094346
Nifty IT TRI,2019-03-25,17697.840252699512
Nifty IT TRI,2019-03-26,17629.5370595008
Nifty IT TRI,2019-03-27,17610.652313066454
Nifty IT TRI,2019-03-28,17872.537719836433
Nifty IT TRI,2019-04-01,18190.562534522003
Nifty IT TRI,2019-04-02,18361.12758740319
Nifty IT TRI,2019-04-03,18332.7959132837
Nifty IT TRI,2019-04-04,18083.14231915109
Nifty IT TRI,2019-04-05,18288.758414966625
Nifty IT TRI,2019-04-08,18412.28608079088
Nifty IT TRI,2019-04-09,18520.425048800855
Nifty IT TRI,2019-04-10,18380.653652173456
Nifty IT TRI,2019-04-11,18238.626840385838
Nifty IT TRI,2019-04-12,18281.282087877687
Nifty IT TRI,2019-04-15,18516.775933555786
Nifty IT TRI,2019-04-16,18484.583964281
Nifty IT TRI,2019-04-18,18479.952980606016
Nifty IT TRI,2019-04-22,18565.524738863132
Nifty IT TRI,2019-04-23,18584.4802126444
Nifty IT TRI,2019-04-24,18819.971308287255
Nifty IT TRI,2019-04-25,18800.713652407314
Nifty IT TRI,2019-04-26,18975.99087610047
Nifty IT TRI,2019-04-30,19210.787376612738
Nifty IT TRI,2019-05-02,18865.681493919845
Nifty IT TRI,2019-05-03,18509.19709994032
Nifty IT TRI,2019-05-06,18533.07449656091
Nifty IT TRI,2019-05-07,18562.049156851564
Nifty IT TRI,2019-05-08,18477.65140877298
Nifty IT TRI,2019-05-09,18560.52565673527
Nifty IT TRI,2019-05-10,18350.596418693895
Nifty IT TRI,2019-05-13,18359.84475589351
Nifty IT TRI,2019-05-14,18139.16266495954
Nifty IT TRI,2019-05-15,18156.217419537632
Nifty IT TRI,2019-05-16,18338.021819153342
Nifty IT TRI,2019-05-17,18234.643723453297
Nifty IT TRI,2019-05-20,18380.972704191918
Nifty IT TRI,2019-05-21,18150.20060248897
Nifty IT TRI,2019-05-22,18035.045286996945
Nifty IT TRI,2019-05-23,17889.368971913365
Nifty IT TRI,2019-05-24,17925.933792899403
Nifty IT TRI,2019-05-27,17913.361858655284
Nifty IT TRI,2019-05-28,18150.76420221409
Nifty IT TRI,2019-05-29,18270.89920484309
Nifty IT TRI,2019-05-30,18423.52296389836
Nifty IT TRI,2019-05-31,18612.49916667185
Nifty IT TRI,2019-06-03,18845.48797207501
Nifty IT TRI,2019-06-04,18552.260463174003
Nifty IT TRI,2019-06-06,18446.81587412664
Nifty IT TRI,2019-06-07,18560.33574972678
Nifty IT TRI,2019-06-10,18854.064762282196
Nifty IT TRI,2019-06-11,18953.739983355015
Nifty IT TRI,2019-06-12,18929.13982126467
Nifty IT TRI,2019-06-13,18804.044581450707
Nifty IT TRI,2019-06-14,18749.182482524684
Nifty IT TRI,2019-06-17,18705.82302814062
Nifty IT TRI,2019-06-18,18815.438933730158
Nifty IT TRI,2019-06-19,18770.47728098577
Nifty IT TRI,2019-06-20,18810.878977229382
Nifty IT TRI,2019-06-21,18664.745720463652
Nifty IT TRI,2019-06-24,18665.174713107037
Nifty IT TRI,2019-06-25,18697.27818899346
Nifty IT TRI,2019-06-26,18568.227750071343
Nifty IT TRI,2019-06-27,18442.336061697028
Nifty IT TRI,2019-06-28,18379.402525213765
Nifty IT TRI,2019-07-01,18359.314957784376
Nifty IT TRI,2019-07-02,18541.77487564138
Nifty IT TRI,2019-07-03,18373.740366961676
Nifty IT TRI,2019-07-04,18391.65388143657
Nifty IT TRI,2019-07-05,17939.902138631765
Nifty IT TRI,2019-07-08,17741.702494477708
Nifty IT TRI,2019-07-09,17602.36862270046
Nifty IT TRI,2019-07-10,17504.101962253997
Nifty IT TRI,2019-07-11,17557.696145968075
Nifty IT TRI,2019-07-12,17573.672892088045
Nifty IT TRI,2019-07-15,18077.942827553095
Nifty IT TRI,2019-07-16,17984.634767315914
Nifty IT TRI,2019-07-17,18095.812482373123
Nifty IT TRI,2019-07-18,17891.7867127932
Nifty IT TRI,2019-07-19,17760.069399402662
Nifty IT TRI,2019-07-22,17837.261644239377
Nifty IT TRI,2019-07-23,17890.26816040996
Nifty IT TRI,2019-07-24,17761.057955529668
Nifty IT TRI,2019-07-25,17870.363088778122
Nifty IT TRI,2019-07-26,17725.028517720355
Nifty IT TRI,2019-07-29,17788.611876788877
Nifty IT TRI,2019-07-30,17905.915464233945
Nifty IT TRI,2019-07-31,18043.733319983603
Nifty IT TRI,2019-08-01,17711.79791556777
Nifty IT TRI,2019-08-02,17816.637031271075
Nifty IT TRI,2019-08-05,17930.689898697347
Nifty IT TRI,2019-08-06,17927.23261303701
Nifty IT TRI,2019-08-07,18007.32089921406
Nifty IT TRI,2019-08-08,18337.08638106763
Nifty IT TRI,2019-08-09,18284.12753025974
Nifty IT TRI,2019-08-13,17828.871452164396
Nifty IT TRI,2019-08-14,17878.118092304874
Nifty IT TRI,2019-08-16,17763.21803053826
Nifty IT TRI,2019-08-19,17823.40202176603
Nifty IT TRI,2019-08-20,18035.409371796683
Nifty IT TRI,2019-08-21,18013.62650011689
Nifty IT TRI,2019-08-22,18076.777819317973
Nifty IT TRI,2019-08-23,18291.141389639764
Nifty IT TRI,2019-08-26,18378.949802760188
Nifty IT TRI,2019-08-27,18131.27692015091
Nifty IT TRI,2019-08-28,18368.831116757618
Nifty IT TRI,2019-08-29,18375.106729176976
Nifty IT TRI,2019-08-30,18521.59420271238
Nifty IT TRI,2019-09-03,18495.70778037959
Nifty IT TRI,2019-09-04,18551.690135044286
Nifty IT TRI,2019-09-05,18550.80286458218
Nifty IT TRI,2019-09-06,18555.874587868562
Nifty IT TRI,2019-09-09,18425.318352828166
Nifty IT TRI,2019-09-11,18175.24002256497
Nifty IT TRI,2019-09-12,18038.896605576876
Nifty IT TRI,2019-09-13,18201.442437887847
Nifty IT TRI,2019-09-16,18227.555298952455
Nifty IT TRI,2019-09-17,18092.396451526947
Nifty IT TRI,2019-09-18,18182.034182913187
Nifty IT TRI,2019-09-19,17974.66032726744
Nifty IT TRI,2019-09-20,17939.2332145641
Nifty IT TRI,2019-09-23,17420.14969291817
Nifty IT TRI,2019-09-24,17766.16238041322
Nifty IT TRI,2019-09-25,17814.810759768512
Nifty IT TRI,2019-09-26,17738.069834235263
Nifty IT TRI,2019-09-27,17650.316276409783
Nifty IT TRI,2019-09-30,18004.82768546218
Nifty IT TRI,2019-10-01,17727.74480280446
Nifty IT TRI,2019-10-03,17703.636287724057
Nifty IT TRI,2019-10-04,17776.753418185897
Nifty IT TRI,2019-10-07,17670.93449625115
Nifty IT TRI,2019-10-09,17535.88580163672
Nifty IT TRI,2019-10-10,17496.229227896667
Nifty IT TRI,2019-10-11,17761.50332255724
Nifty IT TRI,2019-10-14,17712.918430679732
Nifty IT TRI,2019-10-15,17633.37621638496
Nifty IT TRI,2019-10-16,17792.567876731424
Nifty IT TRI,2019-10-17,17720.32671839776
Nifty IT TRI,2019-10-18,17869.854589510516
Nifty IT TRI,2019-10-22,17036.576033260135
Nifty IT TRI,2019-10-23,17205.245214965194
Nifty IT TRI,2019-10-24,17145.94214211644
Nifty IT TRI,2019-10-25,17282.907071627527
Nifty IT TRI,2019-10-29,17614.111528738333
Nifty IT TRI,2019-10-30,17863.566052651353
Nifty IT TRI,2019-10-31,18054.446914608932
Nifty IT TRI,2019-11-01,17952.980126588176
Nifty IT TRI,2019-11-04,18094.996510697314
Nifty IT TRI,2019-11-05,18028.737797921825
Nifty IT TRI,2019-11-06,18061.943336648405
Nifty IT TRI,2019-11-07,18136.069753244028
Nifty IT TRI,2019-11-08,17857.083695705533
Nifty IT TRI,2019-11-11,17772.917229123308
Nifty IT TRI,2019-11-13,17696.16403178745
Nifty IT TRI,2019-11-14,17868.646121409958
Nifty IT TRI,2019-11-15,17778.82911550671
Nifty IT TRI,2019-11-18,17763.548765587693
Nifty IT TRI,2019-11-19,17775.56572072763
Nifty IT TRI,2019-11-20,17792.288750426644
Nifty IT TRI,2019-11-21,17764.642048896436
Nifty IT TRI,2019-11-22,17419.293981213614
Nifty IT TRI,2019-11-25,17543.483427848143
Nifty IT TRI,2019-11-26,17337.012543682064
Nifty IT TRI,2019-11-27,17454.04810226189
Nifty IT TRI,2019-11-28,17570.687691203173
Nifty IT TRI,2019-11-29,17427.748298828403
Nifty IT TRI,2019-12-02,17260.567275431757
Nifty IT TRI,2019-12-03,17341.31352994918
Nifty IT TRI,2019-12-04,17637.846253715456
Nifty IT TRI,2019-12-05,17862.28370294513
Nifty IT TRI,2019-12-06,17772.604889242204
Nifty IT TRI,2019-12-09,17621.22797351376
Nifty IT TRI,2019-12-10,17377.239069507043
Nifty IT TRI,2019-12-11,17591.730706946648
Nifty IT TRI,2019-12-12,17409.284836279483
Nifty IT TRI,2019-12-13,17675.13566372535
Nifty IT TRI,2019-12-16,17850.07759449349
Nifty IT TRI,2019-12-17,18186.365758928372
Nifty IT TRI,2019-12-18,18272.740424653322
Nifty IT TRI,2019-12-19,18392.621592551848
Nifty IT TRI,2019-12-20,18430.276424325984
Nifty IT TRI,2019-12-23,18457.34989488436
Nifty IT TRI,2019-12-24,18356.68502826019
Nifty IT TRI,2019-12-26,18274.994716795318
Nifty IT TRI,2019-12-27,18362.28399192099
Nifty IT TRI,2019-12-30,18358.34112893508
Nifty IT TRI,2019-12-31,18216.55412673093
Nifty IT TRI,2020-01-01,18298.62420998089
Nifty IT TRI,2020-01-02,18284.968838915713
Nifty IT TRI,2020-01-03,18550.02837290218
Nifty IT TRI,2020-01-06,18486.62264863544
Nifty IT TRI,2020-01-07,18505.455002939696
Nifty IT TRI,2020-01-08,18574.17781354189
Nifty IT TRI,2020-01-09,18542.134735516935
Nifty IT TRI,2020-01-10,18583.50286507088
Nifty IT TRI,2020-01-13,18895.9984567197
Nifty IT TRI,2020-01-14,19055.83217723841
Nifty IT TRI,2020-01-15,19038.71053573018
Nifty IT TRI,2020-01-16,19080.17392610221
Nifty IT TRI,2020-01-17,19051.92710020416
Nifty IT TRI,2020-01-20,18880.617201405905
Nifty IT TRI,2020-01-21,18844.317020594062
Nifty IT TRI,2020-01-22,19030.89087618382
Nifty IT TRI,2020-01-23,19194.764079719527
Nifty IT TRI,2020-01-24,19193.77862499053
Nifty IT TRI,2020-01-27,19104.296122138396
Nifty IT TRI,2020-01-28,19147.416235135614
Nifty IT TRI,2020-01-29,19206.101336663352
Nifty IT TRI,2020-01-30,19030.57848149188
Nifty IT TRI,2020-01-31,18817.332309126854
Nifty IT TRI,2020-02-03,18721.875117885866
Nifty IT TRI,2020-02-04,19061.981029553986
Nifty IT TRI,2020-02-05,19176.818646218137
Nifty IT TRI,2020-02-06,19087.512372634406
Nifty IT TRI,2020-02-07,19203.876772454074
Nifty IT TRI,2020-02-10,19162.14255080621
Nifty IT TRI,2020-02-11,19186.81267559673
Nifty IT TRI,2020-02-12,19287.814048821485
Nifty IT TRI,2020-02-13,19446.152722821884
Nifty IT TRI,2020-02-14,19411.760348808064
Nifty IT TRI,2020-02-17,19420.37845761643
Nifty IT TRI,2020-02-18,19539.21360759869
Nifty IT TRI,2020-02-19,19567.87626149755
Nifty IT TRI,2020-02-20,19425.209110085063
Nifty IT TRI,2020-02-24,19210.085409556235
Nifty IT TRI,2020-02-25,19328.54032477452
Nifty IT TRI,2020-02-26,19060.768108323115
Nifty IT TRI,2020-02-27,18818.412680219077
Nifty IT TRI,2020-02-28,17756.208935043804
Nifty IT TRI,2020-03-02,18009.440826254217
Nifty IT TRI,2020-03-03,18355.34688518366
Nifty IT TRI,2020-03-04,18520.9719121701
Nifty IT TRI,2020-03-05,18530.107337911646
Nifty IT TRI,2020-03-06,18288.332138672267
Nifty IT TRI,2020-03-09,17346.77197985599
Nifty IT TRI,2020-03-11,17145.842626253667
Nifty IT TRI,2020-03-12,15632.414371559677
Nifty IT TRI,2020-03-13,15813.338163026052
Nifty IT TRI,2020-03-16,14545.003800404384
Nifty IT TRI,2020-03-17,14134.390129421041
Nifty IT TRI,2020-03-18,13730.570181347657
Nifty IT TRI,2020-03-19,13248.725527991537
Nifty IT TRI,2020-03-20,14445.146287388558
Nifty IT TRI,2020-03-23,13063.87894140889
Nifty IT TRI,2020-03-24,13865.536399171357
Nifty IT TRI,2020-03-25,14296.631041426917
Nifty IT TRI,2020-03-26,14650.574203244347
Nifty IT TRI,2020-03-27,14690.44374665559
Nifty IT TRI,2020-03-30,14400.009570815693
Nifty IT TRI,2020-03-31,14920.744561551757
Nifty IT TRI,2020-04-01,14082.321159625106
Nifty IT TRI,2020-04-03,13656.013170492974
Nifty IT TRI,2020-04-07,14721.55197979674
Nifty IT TRI,2020-04-08,14608.36520232373
Nifty IT TRI,2020-04-09,14886.254244446412
Nifty IT TRI,2020-04-13,14742.418095949934
Nifty IT TRI,2020-04-15,14860.259335035731
Nifty IT TRI,2020-04-16,14581.375048563508
Nifty IT TRI,2020-04-17,14799.293391324636
Nifty IT TRI,2020-04-20,15033.619387726721
Nifty IT TRI,2020-04-21,14520.86788489421
Nifty IT TRI,2020-04-22,14711.686069151994
Nifty IT TRI,2020-04-23,15364.154590339405
Nifty IT TRI,2020-04-24,14999.748332027684
Nifty IT TRI,2020-04-27,15358.904493616124
Nifty IT TRI,2020-04-28,15374.28722176358
Nifty IT TRI,2020-04-29,15716.051174124586
Nifty IT TRI,2020-04-30,16516.945645799104
Nifty IT TRI,2020-05-04,15754.198225679624
Nifty IT TRI,2020-05-05,15677.447096974314
Nifty IT TRI,2020-05-06,15686.000857812349
Nifty IT TRI,2020-05-07,15567.313049316046
Nifty IT TRI,2020-05-08,15697.956004499038
Nifty IT TRI,2020-05-11,15922.753832810535
Nifty IT TRI,2020-05-12,16033.878004157723
Nifty IT TRI,2020-05-13,16139.155689576426
Nifty IT TRI,2020-05-14,15573.866307894183
Nifty IT TRI,2020-05-15,15460.515125186059
Nifty IT TRI,2020-05-18,15601.106334234295
Nifty IT TRI,2020-05-19,15756.779938714893
Nifty IT TRI,2020-05-20,15840.518261306406
Nifty IT TRI,2020-05-21,15994.227347182123
Nifty IT TRI,2020-05-22,16223.250854108815
Nifty IT TRI,2020-05-26,15912.621290635601
Nifty IT TRI,2020-05-27,16356.455189538256
Nifty IT TRI,2020-05-28,16445.997761392504
Nifty IT TRI,2020-05-29,16425.581496044324
Nifty IT TRI,2020-06-01,16775.765877293863
Nifty IT TRI,2020-06-02,16911.78761963237
Nifty IT TRI,2020-06-03,16841.432796615027
Nifty IT TRI,2020-06-04,17153.905786867697
Nifty IT TRI,2020-06-05,17154.743656131264
Nifty IT TRI,2020-06-08,17470.6102284694
Nifty IT TRI,2020-06-09,17287.594783200413
Nifty IT TRI,2020-06-10,17410.67266877666
Nifty IT TRI,2020-06-11,17150.3867617158
Nifty IT TRI,2020-06-12,16896.996451852858
Nifty IT TRI,2020-06-15,16892.373994192778
Nifty IT TRI,2020-06-16,16956.679988192664
Nifty IT TRI,2020-06-17,16989.95499057464
Nifty IT TRI,2020-06-18,17076.2170494346
Nifty IT TRI,2020-06-19,17016.670220988963
Nifty IT TRI,2020-06-22,16976.79186527087
Nifty IT TRI,2020-06-23,17231.985717422886
Nifty IT TRI,2020-06-24,17116.673100033797
Nifty IT TRI,2020-06-25,16917.648650274095
Nifty IT TRI,2020-06-26,17603.434413898536
Nifty IT TRI,2020-06-29,17339.891778009605
Nifty IT TRI,2020-06-30,17324.651820219766
Nifty IT TRI,2020-07-01,17299.488687434354
Nifty IT TRI,2020-07-02,17758.78949024382
Nifty IT TRI,2020-07-03,17951.49296390487
Nifty IT TRI,2020-07-06,18164.42733223864
Nifty IT TRI,2020-07-07,18541.19036821108
Nifty IT TRI,2020-07-08,18223.408453497894
Nifty IT TRI,2020-07-09,18250.494736661538
Nifty IT TRI,2020-07-10,18285.748600818617
Nifty IT TRI,2020-07-13,18586.86706164238
Nifty IT TRI,2020-07-14,18377.858289219046
Nifty IT TRI,2020-07-15,19341.49135305784
Nifty IT TRI,2020-07-16,19890.28229166722
Nifty IT TRI,2020-07-17,19768.210491092934
Nifty IT TRI,2020-07-20,20284.681363601645
Nifty IT TRI,2020-07-21,20303.18400573745
Nifty IT TRI,2020-07-22,20072.433074946483
Nifty IT TRI,2020-07-23,20037.14655378878
Nifty IT TRI,2020-07-24,20321.207671041015
Nifty IT TRI,2020-07-27,20724.825721586873
Nifty IT TRI,2020-07-28,21214.978016312376
Nifty IT TRI,2020-07-29,21025.22856642241
Nifty IT TRI,2020-07-30,21170.954902158715
Nifty IT TRI,2020-07-31,21252.307694541243
Nifty IT TRI,2020-08-03,21130.691407027636
Nifty IT TRI,2020-08-04,20946.115178155967
Nifty IT TRI,2020-08-05,21019.833103702833
Nifty IT TRI,2020-08-06,21396.050710883916
Nifty IT TRI,2020-08-07,21179.93432344683
Nifty IT TRI,2020-08-10,21365.87655718213
Nifty IT TRI,2020-08-11,21246.37389252454
Nifty IT TRI,2020-08-12,21257.884558827984
Nifty IT TRI,2020-08-13,21307.403511142868
Nifty IT TRI,2020-08-14,21208.94769714315
Nifty IT TRI,2020-08-17,21448.566150470313
Nifty IT TRI,2020-08-18,21504.639660283836
Nifty IT TRI,2020-08-19,21435.653690111725
Nifty IT TRI,2020-08-20,21336.938170584315
Nifty IT TRI,2020-08-21,21266.408191377617
Nifty IT TRI,2020-08-24,21205.532724240038
Nifty IT TRI,2020-08-25,21162.70935580764
Nifty IT TRI,2020-08-26,21345.42973121173
Nifty IT TRI,2020-08-27,21316.62211514505
Nifty IT TRI,2020-08-28,21340.44939005235
Nifty IT TRI,2020-08-31,21116.08957483461
Nifty IT TRI,2020-09-01,20981.90757237289
Nifty IT TRI,2020-09-02,21292.656789156772
Nifty IT TRI,2020-09-03,21613.568472917523
Nifty IT TRI,2020-09-04,21291.143061142597
Nifty IT TRI,2020-09-07,21415.440132814198
Nifty IT TRI,2020-09-08,21674.459103018362
Nifty IT TRI,2020-09-09,21517.332419284514
Nifty IT TRI,2020-09-10,21676.693873524197
Nifty IT TRI,2020-09-11,21957.506352443164
Nifty IT TRI,2020-09-14,22988.26609154219
Nifty IT TRI,2020-09-15,23133.41948788324
Nifty IT TRI,2020-09-16,23303.159982276502
Nifty IT TRI,2020-09-17,23360.111555816125
Nifty IT TRI,2020-09-18,23372.333813416062
Nifty IT TRI,2020-09-21,23260.101289741993
Nifty IT TRI,2020-09-22,23422.88303777462
Nifty IT TRI,2020-09-23,23352.75171326853
Nifty IT TRI,2020-09-24,22372.130021180576
Nifty IT TRI,2020-09-25,23147.137311517225
Nifty IT TRI,2020-09-28,23331.801901551436
Nifty IT TRI,2020-09-29,23390.439274933993
Nifty IT TRI,2020-09-30,23532.58944130792
Nifty IT TRI,2020-10-01,23721.34821349828
Nifty IT TRI,2020-10-05,24550.18169295986
Nifty IT TRI,2020-10-06,24654.912168252482
Nifty IT TRI,2020-10-07,24798.47205152938
Nifty IT TRI,2020-10-08,25601.878385428052
Nifty IT TRI,2020-10-09,25768.803769712995
Nifty IT TRI,2020-10-12,26202.69930477475
Nifty IT TRI,2020-10-13,26546.84114042334
Nifty IT TRI,2020-10-14,26207.562047248637
Nifty IT TRI,2020-10-15,25457.24593364486
Nifty IT TRI,2020-10-16,25424.079647160037
Nifty IT TRI,2020-10-19,25255.143454780835
Nifty IT TRI,2020-10-20,25613.464114553375
Nifty IT TRI,2020-10-21,25476.92735926098
Nifty IT TRI,2020-10-22,25284.348439599158
Nifty IT TRI,2020-10-23,25415.59173997126
Nifty IT TRI,2020-10-26,25114.736434374743
Nifty IT TRI,2020-10-27,24829.794870431713
Nifty IT TRI,2020-10-28,24579.312982588228
Nifty IT TRI,2020-10-29,24659.23670888674
Nifty IT TRI,2020-10-30,24707.572636876925
Nifty IT TRI,2020-11-02,24493.167055449558
Nifty IT TRI,2020-11-03,24498.733880549808
Nifty IT TRI,2020-11-04,24935.379408858305
Nifty IT TRI,2020-11-05,25268.737466219358
Nifty IT TRI,2020-11-06,25395.993226778177
Nifty IT TRI,2020-11-09,25787.169154092393
Nifty IT TRI,2020-11-10,24793.713240960285
Nifty IT TRI,2020-11-11,25210.960371637997
Nifty IT TRI,2020-11-12,25251.019312573484
Nifty IT TRI,2020-11-13,25339.13234008717
Nifty IT TRI,2020-11-17,25405.20798194523
Nifty IT TRI,2020-11-18,25201.0776571894
Nifty IT TRI,2020-11-19,24965.35863735445
Nifty IT TRI,2020-11-20,25315.162408477325
Nifty IT TRI,2020-11-23,26025.839474545923
Nifty IT TRI,2020-11-24,26094.818627137658
Nifty IT TRI,2020-11-25,25672.202594646053
Nifty IT TRI,2020-11-26,25855.6057296019
Nifty IT TRI,2020-11-27,25744.498374489976
Nifty IT TRI,2020-12-01,26229.857429660038
Nifty IT TRI,2020-12-02,26406.360240196325
Nifty IT TRI,2020-12-03,26269.45235236987
Nifty IT TRI,2020-12-04,26398.05493104817
Nifty IT TRI,2020-12-07,26557.0695433207
Nifty IT TRI,2020-12-08,26767.25100077854
Nifty IT TRI,2020-12-09,26988.754330486056
Nifty IT TRI,2020-12-10,26933.615968099795
Nifty IT TRI,2020-12-11,26826.331277303383
Nifty IT TRI,2020-12-14,26928.16399811473
Nifty IT TRI,2020-12-15,26892.06897536257
Nifty IT TRI,2020-12-16,27119.693658889493
Nifty IT TRI,2020-12-17,27104.442288171103
Nifty IT TRI,2020-12-18,27537.177483189545
Nifty IT TRI,2020-12-21,27053.309134101182
Nifty IT TRI,2020-12-22,27962.980950673766
Nifty IT TRI,2020-12-23,28623.022289632452
Nifty IT TRI,2020-12-24,28436.692058833363
Nifty IT TRI,2020-12-28,28550.110472468557
Nifty IT TRI,2020-12-29,28757.345730634344
Nifty IT TRI,2020-12-30,28825.096519434686
Nifty IT TRI,2020-12-31,28733.258468568078
Nifty IT TRI,2021-01-01,28977.263761983584
Nifty IT TRI,2021-01-04,29756.469820946833
Nifty IT TRI,2021-01-05,30539.022254158503
Nifty IT TRI,2021-01-06,30125.708620352896
Nifty IT TRI,2021-01-07,29928.121695366506
Nifty IT TRI,2021-01-08,31009.606338481804
Nifty IT TRI,2021-01-11,32039.97695744682
Nifty IT TRI,2021-01-12,31987.423143533764
Nifty IT TRI,2021-01-13,32015.3064378324
Nifty IT TRI,2021-01-14,31970.92738107961
Nifty IT TRI,2021-01-15,31257.82092124501
Nifty IT TRI,2021-01-18,30732.857937623532
Nifty IT TRI,2021-01-19,30885.266201207574
Nifty IT TRI,2021-01-20,31570.1289828747
Nifty IT TRI,2021-01-21,31370.581583525196
Nifty IT TRI,2021-01-22,31419.082338890672
Nifty IT TRI,2021-01-25,30870.357216804077
Nifty IT TRI,2021-01-27,30685.925842351404
Nifty IT TRI,2021-01-28,30018.21668597222
Nifty IT TRI,2021-01-29,29241.93863526988
Nifty IT TRI,2021-02-01,29574.869405928534
Nifty IT TRI,2021-02-02,30199.463512515915
Nifty IT TRI,2021-02-03,30477.576514121545
Nifty IT TRI,2021-02-04,30347.504653288746
Nifty IT TRI,2021-02-05,30065.97024925249
Nifty IT TRI,2021-02-08,30763.624857090217
Nifty IT TRI,2021-02-09,30603.144828364417
Nifty IT TRI,2021-02-10,30730.659844869624
Nifty IT TRI,2021-02-11,30919.92159984775
Nifty IT TRI,2021-02-12,30981.214355897344
Nifty IT TRI,2021-02-15,30875.673949090902
Nifty IT TRI,2021-02-16,30417.42791131225
Nifty IT TRI,2021-02-17,30025.820772669384
Nifty IT TRI,2021-02-18,30425.864459750133
Nifty IT TRI,2021-02-19,30290.34664605422
Nifty IT TRI,2021-02-22,29419.61349564298
Nifty IT TRI,2021-02-23,29470.17364037052
Nifty IT TRI,2021-02-24,29437.873486245862
Nifty IT TRI,2021-02-25,29549.858560111876
Nifty IT TRI,2021-02-26,28872.888880277325
Nifty IT TRI,2021-03-01,29179.95695613637
Nifty IT TRI,2021-03-02,30067.352209039862
Nifty IT TRI,2021-03-03,30628.322385949505
Nifty IT TRI,2021-03-04,30462.482009430973
Nifty IT TRI,2021-03-05,29985.88769259496
Nifty IT TRI,2021-03-08,30130.963328465277
Nifty IT TRI,2021-03-09,30411.079075131853
Nifty IT TRI,2021-03-10,30921.0781495836
Nifty IT TRI,2021-03-12,30779.228615926662
Nifty IT TRI,2021-03-15,30954.732624299842
Nifty IT TRI,2021-03-16,31350.806110088564
Nifty IT TRI,2021-03-17,31137.86259951745
Nifty IT TRI,2021-03-18,30175.89185082121
Nifty IT TRI,2021-03-19,30402.625931759194
Nifty IT TRI,2021-03-22,30969.241875711898
Nifty IT TRI,2021-03-23,31054.440014981832
Nifty IT TRI,2021-03-24,30695.798289058126
Nifty IT TRI,2021-03-25,30024.11665202164
Nifty IT TRI,2021-03-26,30201.66465489411
Nifty IT TRI,2021-03-30,31083.385420240385
Nifty IT TRI,2021-03-31,30768.23702890916
Nifty IT TRI,2021-04-01,30918.97745073721
Nifty IT TRI,2021-04-05,31533.272829152585
Nifty IT TRI,2021-04-06,31583.379125471816
Nifty IT TRI,2021-04-07,31940.62541113719
Nifty IT TRI,2021-04-08,32320.04927208295
Nifty IT TRI,2021-04-09,32581.94294651553
Nifty IT TRI,2021-04-12,31825.544535061767
Nifty IT TRI,2021-04-13,30783.374836249805
Nifty IT TRI,2021-04-15,30976.389209003115
Nifty IT TRI,2021-04-16,31351.924396064478
Nifty IT TRI,2021-04-19,31251.698793642187
Nifty IT TRI,2021-04-20,30825.228502804708
Nifty IT TRI,2021-04-22,30767.60170747109
Nifty IT TRI,2021-04-23,30509.86330285242
Nifty IT TRI,2021-04-26,30599.17344573015
Nifty IT TRI,2021-04-27,30762.069441832522
Nifty IT TRI,2021-04-28,30937.97082707306
Nifty IT TRI,2021-04-29,30834.85059026877
Nifty IT TRI,2021-04-30,30586.260752442766
Nifty IT TRI,2021-05-03,30604.57134172826
Nifty IT TRI,2021-05-04,30383.100110528787
Nifty IT TRI,2021-05-05,30739.75944515373
Nifty IT TRI,2021-05-06,31303.645765154306
Nifty IT TRI,2021-05-07,31317.99073475787
Nifty IT TRI,2021-05-10,31327.34949883621
Nifty IT TRI,2021-05-11,31130.04430092823
Nifty IT TRI,2021-05-12,30831.95568537061
Nifty IT TRI,2021-05-14,30516.247826598345
Nifty IT TRI,2021-05-17,30658.307029675154
Nifty IT TRI,2021-05-18,30963.61577512402
Nifty IT TRI,2021-05-19,30994.414353079515
Nifty IT TRI,2021-05-20,30890.5906972896
Nifty IT TRI,2021-05-21,31143.584539045125
Nifty IT TRI,2021-05-24,31194.56089254895
Nifty IT TRI,2021-05-25,31494.035894658587
Nifty IT TRI,2021-05-26,32048.603458530775
Nifty IT TRI,2021-05-27,32417.065139278704
Nifty IT TRI,2021-05-28,32368.52545476484
Nifty IT TRI,2021-05-31,32364.01847789074
Nifty IT TRI,2021-06-01,32400.632130321115
Nifty IT TRI,2021-06-02,32157.80506179314
Nifty IT TRI,2021-06-03,32216.97452354432
Nifty IT TRI,2021-06-04,32229.112929178493
Nifty IT TRI,2021-06-07,32590.719703270683
Nifty IT TRI,2021-06-08,32984.138827053466
Nifty IT TRI,2021-06-09,32884.488778889834
Nifty IT TRI,2021-06-10,33195.38359081967
Nifty IT TRI,2021-06-11,33697.98145221464
Nifty IT TRI,2021-06-14,33818.297908586486
Nifty IT TRI,2021-06-15,33896.09631524453
Nifty IT TRI,2021-06-16,33982.56247112309
Nifty IT TRI,2021-06-17,34178.34040532819
Nifty IT TRI,2021-06-18,33981.99970489439
Nifty IT TRI,2021-06-21,33893.068119229145
Nifty IT TRI,2021-06-22,34081.78058374591
Nifty IT TRI,2021-06-23,33766.73002203882
Nifty IT TRI,2021-06-24,34711.81707563218
Nifty IT TRI,2021-06-25,34907.7671806727
Nifty IT TRI,2021-06-28,34743.16205785219
Nifty IT TRI,2021-06-29,34646.48714441285
Nifty IT TRI,2021-06-30,34865.4309362802
Nifty IT TRI,2021-07-01,34670.01364243946
Nifty IT TRI,2021-07-02,34677.50452988836
Nifty IT TRI,2021-07-05,34614.01762430838
Nifty IT TRI,2021-07-06,34255.56986120787
Nifty IT TRI,2021-07-07,34359.17990988383
Nifty IT TRI,2021-07-08,34378.0174019811
Nifty IT TRI,2021-07-09,34275.89523669355
Nifty IT TRI,2021-07-12,34125.61368495231
Nifty IT TRI,2021-07-13,34016.52298443032
Nifty IT TRI,2021-07-14,35094.83793186975
Nifty IT TRI,2021-07-15,35548.95924144848
Nifty IT TRI,2021-07-16,35170.52131352554
Nifty IT TRI,2021-07-19,35012.66006023539
Nifty IT TRI,2021-07-20,35000.61047881063
Nifty IT TRI,2021-07-22,35635.18425598974
Nifty IT TRI,2021-07-23,35773.76650079836
Nifty IT TRI,2021-07-26,35834.18312317742
Nifty IT TRI,2021-07-27,35778.661790072816
Nifty IT TRI,2021-07-28,35854.14209661769
Nifty IT TRI,2021-07-29,36355.35241475272
Nifty IT TRI,2021-07-30,36487.19184631301
Nifty IT TRI,2021-08-02,36879.25358009643
Nifty IT TRI,2021-08-03,37315.44057745054
Nifty IT TRI,2021-08-04,37091.31916701314
Nifty IT TRI,2021-08-05,37373.38917359258
Nifty IT TRI,2021-08-06,37485.50568937243
Nifty IT TRI,2021-08-09,37655.916920712356
Nifty IT TRI,2021-08-10,37984.017684552426
Nifty IT TRI,2021-08-11,37933.88859604964
Nifty IT TRI,2021-08-12,38624.62146290793
Nifty IT TRI,2021-08-13,39146.04007493142
Nifty IT TRI,2021-08-16,39030.948416159714
Nifty IT TRI,2021-08-17,40035.457048875374
Nifty IT TRI,2021-08-18,40078.3290636353
Nifty IT TRI,2021-08-20,39965.35267680741
Nifty IT TRI,2021-08-23,40652.48900857165
Nifty IT TRI,2021-08-24,40556.910115032886
Nifty IT TRI,2021-08-25,40853.20960729043
Nifty IT TRI,2021-08-26,40803.845104996166
Nifty IT TRI,2021-08-27,41127.933966260105
Nifty IT TRI,2021-08-30,40893.52086206502
Nifty IT TRI,2021-08-31,41448.23737338083
Nifty IT TRI,2021-09-01,40899.01455367758
Nifty IT TRI,2021-09-02,41584.24551229635
Nifty IT TRI,2021-09-03,41839.17183860624
Nifty IT TRI,2021-09-06,42473.62334513297
Nifty IT TRI,2021-09-07,41919.430665741005
Nifty IT TRI,2021-09-08,41593.913234981774
Nifty IT TRI,2021-09-09,41744.802695194514
Nifty IT TRI,2021-09-13,42145.62802014043
Nifty IT TRI,2021-09-14,42509.89738051342
Nifty IT TRI,2021-09-15,43284.30695798639
Nifty IT TRI,2021-09-16,43019.14472060144
Nifty IT TRI,2021-09-17,42774.116620757406
Nifty IT TRI,2021-09-20,42484.6139728907
Nifty IT TRI,2021-09-21,43310.01754489639
Nifty IT TRI,2021-09-22,43715.89382052946
Nifty IT TRI,2021-09-23,44191.48825525363
Nifty IT TRI,2021-09-24,44537.372606793986
Nifty IT TRI,2021-09-27,43260.701107060086
Nifty IT TRI,2021-09-28,42309.0002761699
Nifty IT TRI,2021-09-29,42362.33391230937
Nifty IT TRI,2021-09-30,42058.64288464274
Nifty IT TRI,2021-10-01,41763.627697308955
Nifty IT TRI,2021-10-04,42184.732095940984
Nifty IT TRI,2021-10-05,42688.99697345176
Nifty IT TRI,2021-10-06,42128.38225591932
Nifty IT TRI,2021-10-07,42884.80781490394
Nifty IT TRI,2021-10-08,43725.507364792094
Nifty IT TRI,2021-10-11,42263.791692583356
Nifty IT TRI,2021-10-12,41893.17682938052
Nifty IT TRI,2021-10-13,42394.859400831185
Nifty IT TRI,2021-10-14,42948.73567771933
Nifty IT TRI,2021-10-18,43631.92192335853
Nifty IT TRI,2021-10-19,44595.51688355379
Nifty IT TRI,2021-10-20,44285.74403265009
Nifty IT TRI,2021-10-21,43166.25099548181
Nifty IT TRI,2021-10-22,42544.57472196739
Nifty IT TRI,2021-10-25,42082.85985409645
Nifty IT TRI,2021-10-26,42273.61079657045
Nifty IT TRI,2021-10-27,42686.31723519704
Nifty IT TRI,2021-10-28,41978.653947264145
Nifty IT TRI,2021-10-29,41373.662314254805
Nifty IT TRI,2021-11-01,42439.51037016842
Nifty IT TRI,2021-11-02,42306.10644504444
Nifty IT TRI,2021-11-03,42307.87217645506
Nifty IT TRI,2021-11-04,42498.951991718655
Nifty IT TRI,2021-11-08,43046.32403595919
Nifty IT TRI,2021-11-09,43087.8269167162
Nifty IT TRI,2021-11-10,42979.061009344005
Nifty IT TRI,2021-11-11,42813.55628760731
Nifty IT TRI,2021-11-12,43716.45547297291
Nifty IT TRI,2021-11-15,43882.91596518057
Nifty IT TRI,2021-11-16,44099.99711619407
Nifty IT TRI,2021-11-17,44122.61121215078
Nifty IT TRI,2021-11-18,43337.73937821522
Nifty IT TRI,2021-11-22,42710.525280995644
Nifty IT TRI,2021-11-23,42743.24940258989
Nifty IT TRI,2021-11-24,42097.43613108223
Nifty IT TRI,2021-11-25,42501.629564232215
Nifty IT TRI,2021-11-26,41667.963895121175
Nifty IT TRI,2021-11-29,41992.71340469582
Nifty IT TRI,2021-11-30,42203.108010811775
Nifty IT TRI,2021-12-01,42669.14774481791
Nifty IT TRI,2021-12-02,43549.07190537329
Nifty IT TRI,2021-12-03,43178.05198060177
Nifty IT TRI,2021-12-06,42017.49156628737
Nifty IT TRI,2021-12-07,42492.877078072954
Nifty IT TRI,2021-12-08,43322.32729356681
Nifty IT TRI,2021-12-09,43309.14297466702
Nifty IT TRI,2021-12-10,43303.125395272575
Nifty IT TRI,2021-12-13,43443.17178634431
Nifty IT TRI,2021-12-14,43507.96005233435
Nifty IT TRI,2021-12-15,43069.77063720197
Nifty IT TRI,2021-12-16,43581.81294680007
Nifty IT TRI,2021-12-17,44171.64219323378
Nifty IT TRI,2021-12-20,43296.37155651986
Nifty IT TRI,2021-12-21,44155.2581221721
Nifty IT TRI,2021-12-22,44593.83933067099
Nifty IT TRI,2021-12-23,45046.57316683356
Nifty IT TRI,2021-12-24,45488.7964489029
Nifty IT TRI,2021-12-27,45809.836153822274
Nifty IT TRI,2021-12-28,46257.43044222936
Nifty IT TRI,2021-12-29,46159.40772931118
Nifty IT TRI,2021-12-30,46624.974529281746
Nifty IT TRI,2021-12-31,46678.21056840589
Nifty IT TRI,2022-01-03,47195.01381836211
Nifty IT TRI,2022-01-04,47495.16698412359
Nifty IT TRI,2022-01-05,46578.73892372395
Nifty IT TRI,2022-01-06,45856.94929242555
Nifty IT TRI,2022-01-07,46017.06613073256
Nifty IT TRI,2022-01-10,46111.11223564047
Nifty IT TRI,2022-01-11,46587.92709662223
Nifty IT TRI,2022-01-12,46589.35880994287
Nifty IT TRI,2022-01-13,46594.34993059981
Nifty IT TRI,2022-01-14,46861.97511018252
Nifty IT TRI,2022-01-17,46842.40340151482
Nifty IT TRI,2022-01-18,45983.729109137974
Nifty IT TRI,2022-01-19,45008.04751106306
Nifty IT TRI,2022-01-20,44262.322706399405
Nifty IT TRI,2022-01-21,43530.895363240794
Nifty IT TRI,2022-01-24,42048.380945936195
Nifty IT TRI,2022-01-25,41912.58482663993
Nifty IT TRI,2022-01-27,40428.29420795749
Nifty IT TRI,2022-01-28,40885.47672522076
Nifty IT TRI,2022-01-31,42066.32230665192
Nifty IT TRI,2022-02-01,42729.27599427958
Nifty IT TRI,2022-02-02,43235.25019963839
Nifty IT TRI,2022-02-03,42353.07423870353
Nifty IT TRI,2022-02-04,42383.29462423434
Nifty IT TRI,2022-02-07,41835.04610091789
Nifty IT TRI,2022-02-08,41716.61074519568
Nifty IT TRI,2022-02-09,42276.66459831763
Nifty IT TRI,2022-02-10,42712.05264571368
Nifty IT TRI,2022-02-11,41550.498482955336
Nifty IT TRI,2022-02-14,40954.13026574201
Nifty IT TRI,2022-02-15,42204.437452199585
Nifty IT TRI,2022-02-16,42071.886598723075
Nifty IT TRI,2022-02-17,41871.021540313464
Nifty IT TRI,2022-02-18,41690.50578875932
Nifty IT TRI,2022-02-21,41683.25261660001
Nifty IT TRI,2022-02-22,41271.12086338596
Nifty IT TRI,2022-02-23,41254.6947732988
Nifty IT TRI,2022-02-24,39362.3568750085
Nifty IT TRI,2022-02-25,40487.895378857516
Nifty IT TRI,2022-02-28,40942.47316988049
Nifty IT TRI,2022-03-02,40791.80809383927
Nifty IT TRI,2022-03-03,41290.17444774039
Nifty IT TRI,2022-03-04,41349.535743533386
Nifty IT TRI,2022-03-07,41305.01544427853
Nifty IT TRI,2022-03-08,42419.88222623429
Nifty IT TRI,2022-03-09,42887.856225215175
Nifty IT TRI,2022-03-10,42839.789442866306
Nifty IT TRI,2022-03-11,42780.88231293503
Nifty IT TRI,2022-03-14,43609.397949650585
Nifty IT TRI,2022-03-15,42485.59278209947
Nifty IT TRI,2022-03-16,43252.48901250338
Nifty IT TRI,2022-03-17,43150.43260341811
Nifty IT TRI,2022-03-21,42836.95888030257
Nifty IT TRI,2022-03-22,43677.843321126245
Nifty IT TRI,2022-03-23,43693.964299469735
Nifty IT TRI,2022-03-24,44222.59034432098
Nifty IT TRI,2022-03-25,43783.372755861776
Nifty IT TRI,2022-03-28,43636.86735360602
Nifty IT TRI,2022-03-29,43785.20388209606
Nifty IT TRI,2022-03-30,44171.107724939444
Nifty IT TRI,2022-03-31,43995.969648476945
Nifty IT TRI,2022-04-01,44029.85882972952
Nifty IT TRI,2022-04-04,44156.87241157957
Nifty IT TRI,2022-04-05,44187.68952361804
Nifty IT TRI,2022-04-06,43468.77049597859
Nifty IT TRI,2022-04-07,42927.681726782925
Nifty IT TRI,2022-04-08,42894.87455148849
Nifty IT TRI,2022-04-11,42296.87331766127
Nifty IT TRI,2022-04-12,41672.98874492589
Nifty IT TRI,2022-04-13,41645.0836972558
Nifty IT TRI,2022-04-18,39745.86820478699
Nifty IT TRI,2022-04-19,38564.53006197274
Nifty IT TRI,2022-04-20,39014.11450736619
Nifty IT TRI,2022-04-21,39547.4152905633
Nifty IT TRI,2022-04-22,39325.11110524876
Nifty IT TRI,2022-04-25,38502.8167531059
Nifty IT TRI,2022-04-26,38621.20464727402
Nifty IT TRI,2022-04-27,38325.04698716298
Nifty IT TRI,2022-04-28,38715.10905482672
Nifty IT TRI,2022-04-29,38362.82089234191
Nifty IT TRI,2022-05-02,37781.67611682097
Nifty IT TRI,2022-05-04,37367.69624747814
Nifty IT TRI,2022-05-05,38143.55763699177
Nifty IT TRI,2022-05-06,37280.14660502035
Nifty IT TRI,2022-05-09,37302.421910687066
Nifty IT TRI,2022-05-10,36932.69621432282
Nifty IT TRI,2022-05-11,36476.93484875789
Nifty IT TRI,2022-05-12,36122.55079134748
Nifty IT TRI,2022-05-13,35964.06938852241
Nifty IT TRI,2022-05-16,35700.58547543125
Nifty IT TRI,2022-05-17,36692.22241602421
Nifty IT TRI,2022-05-18,36522.739519218085
Nifty IT TRI,2022-05-19,34429.122191300456
Nifty IT TRI,2022-05-20,34961.799521378845
Nifty IT TRI,2022-05-23,35319.02895569661
Nifty IT TRI,2022-05-24,34655.37575321002
Nifty IT TRI,2022-05-25,33484.40150586032
Nifty IT TRI,2022-05-26,33931.18514891932
Nifty IT TRI,2022-05-27,34794.20464885108
Nifty IT TRI,2022-05-30,36150.010988953654
Nifty IT TRI,2022-05-31,36061.55917442969
Nifty IT TRI,2022-06-01,35555.03898173311
Nifty IT TRI,2022-06-02,36202.821064738026
Nifty IT TRI,2022-06-03,36339.96635044224
Nifty IT TRI,2022-06-06,36243.197407323925
Nifty IT TRI,2022-06-07,35676.005929422034
Nifty IT TRI,2022-06-08,35824.16000677251
Nifty IT TRI,2022-06-09,36177.7006417188
Nifty IT TRI,2022-06-10,35392.64176317359
Nifty IT TRI,2022-06-13,33939.20426024435
Nifty IT TRI,2022-06-14,33987.97742580829
Nifty IT TRI,2022-06-15,33818.310911528104
Nifty IT TRI,2022-06-16,32997.94614550942
Nifty IT TRI,2022-06-17,32508.269553495233
Nifty IT TRI,2022-06-20,32797.32905390981
Nifty IT TRI,2022-06-21,33826.0351864768
Nifty IT TRI,2022-06-22,33435.71625571851
Nifty IT TRI,2022-06-23,34093.48504264663
Nifty IT TRI,2022-06-24,33791.03128286289
Nifty IT TRI,2022-06-27,34487.223300642465
Nifty IT TRI,2022-06-28,34687.415135376315
Nifty IT TRI,2022-06-29,34240.12009089687
Nifty IT TRI,2022-06-30,33880.6974284601
Nifty IT TRI,2022-07-01,34151.16424617902
Nifty IT TRI,2022-07-04,33944.885801400065
Nifty IT TRI,2022-07-05,33708.59492260967
Nifty IT TRI,2022-07-06,34090.55124633954
Nifty IT TRI,2022-07-07,34321.97207962444
Nifty IT TRI,2022-07-08,34389.32371549439
Nifty IT TRI,2022-07-11,33335.45413645494
Nifty IT TRI,2022-07-12,32951.3628303221
Nifty IT TRI,2022-07-13,32814.16528099445
Nifty IT TRI,2022-07-14,32296.49576402635
Nifty IT TRI,2022-07-15,32251.129030450677
Nifty IT TRI,2022-07-18,33276.70040530209
Nifty IT TRI,2022-07-19,33306.58393580867
Nifty IT TRI,2022-07-20,34282.87096382979
Nifty IT TRI,2022-07-21,34523.96033876853
Nifty IT TRI,2022-07-22,34312.776509899544
Nifty IT TRI,2022-07-25,34376.100807026014
Nifty IT TRI,2022-07-26,33406.54864132931
Nifty IT TRI,2022-07-27,33968.60254693119
Nifty IT TRI,2022-07-28,34925.86873762449
Nifty IT TRI,2022-07-29,35523.753907252205
Nifty IT TRI,2022-08-01,35611.46703001439
Nifty IT TRI,2022-08-02,35375.11520681759
Nifty IT TRI,2022-08-03,35854.99850330387
Nifty IT TRI,2022-08-04,36302.81305074534
Nifty IT TRI,2022-08-05,36536.98413492738
Nifty IT TRI,2022-08-08,36535.20430986201
Nifty IT TRI,2022-08-10,36213.77796941473
Nifty IT TRI,2022-08-11,36864.900338744636
Nifty IT TRI,2022-08-12,36442.59821256727
Nifty IT TRI,2022-08-16,36477.89173600439
Nifty IT TRI,2022-08-17,36904.00369377087
Nifty IT TRI,2022-08-18,36615.50611894132
Nifty IT TRI,2022-08-19,36638.27431949282
Nifty IT TRI,2022-08-22,35963.86762707762
Nifty IT TRI,2022-08-23,35329.918160614456
Nifty IT TRI,2022-08-24,35212.07344270224
Nifty IT TRI,2022-08-25,34907.2887243236
Nifty IT TRI,2022-08-26,35010.21046392672
Nifty IT TRI,2022-08-29,33779.498340404236
Nifty IT TRI,2022-08-30,34670.806599668154
Nifty IT TRI,2022-09-01,33989.32510694866
Nifty IT TRI,2022-09-02,33867.70040847801
Nifty IT TRI,2022-09-05,33983.51251524671
Nifty IT TRI,2022-09-06,33870.655217185
Nifty IT TRI,2022-09-07,33981.70539678108
Nifty IT TRI,2022-09-08,34313.035248908694
Nifty IT TRI,2022-09-09,35073.78354073548
Nifty IT TRI,2022-09-12,35576.14868731457
Nifty IT TRI,2022-09-13,35560.36122212192
Nifty IT TRI,2022-09-14,34366.1453096012
Nifty IT TRI,2022-09-15,33875.22518942639
Nifty IT TRI,2022-09-16,32621.322755856017
Nifty IT TRI,2022-09-19,32752.790273561368
Nifty IT TRI,2022-09-20,33011.49923886437
Nifty IT TRI,2022-09-21,32796.43021912472
Nifty IT TRI,2022-09-22,32723.989389617735
Nifty IT TRI,2022-09-23,32493.060186166746
Nifty IT TRI,2022-09-26,32682.72247999397
Nifty IT TRI,2022-09-27,33002.68469490737
Nifty IT TRI,2022-09-28,33081.905971842665
Nifty IT TRI,2022-09-29,32779.67016823894
Nifty IT TRI,2022-09-30,32979.40770666527
Nifty IT TRI,2022-10-03,32676.11044003879
Nifty IT TRI,2022-10-04,33616.44233364803
Nifty IT TRI,2022-10-06,34147.67670721289
Nifty IT TRI,2022-10-07,33910.72821829457
Nifty IT TRI,2022-10-10,34275.23304354259
Nifty IT TRI,2022-10-11,33594.36823703733
Nifty IT TRI,2022-10-12,33871.37469992362
Nifty IT TRI,2022-10-13,33642.53651892808
Nifty IT TRI,2022-10-14,34191.968948454094
Nifty IT TRI,2022-10-17,34276.6176238721
Nifty IT TRI,2022-10-18,34640.474417009835
Nifty IT TRI,2022-10-19,34330.371226355324
Nifty IT TRI,2022-10-20,34787.00885097245
Nifty IT TRI,2022-10-21,34672.16321433449
Nifty IT TRI,2022-10-24,34918.752362803825
Nifty IT TRI,2022-10-25,35151.20519179371
Nifty IT TRI,2022-10-27,34970.254229780316
Nifty IT TRI,2022-10-28,34661.254041301436
Nifty IT TRI,2022-10-31,35167.32283431929
Nifty IT TRI,2022-11-01,35833.85680171647
Nifty IT TRI,2022-11-02,35674.00150895637
Nifty IT TRI,2022-11-03,35255.91579849841
Nifty IT TRI,2022-11-04,35131.892489513855
Nifty IT TRI,2022-11-07,35196.1268722036
Nifty IT TRI,2022-11-09,35059.33668632051
Nifty IT TRI,2022-11-10,34912.79060298209
Nifty IT TRI,2022-11-11,36244.89758774603
Nifty IT TRI,2022-11-14,36565.46519168858
Nifty IT TRI,2022-11-15,36586.85219936127
Nifty IT TRI,2022-11-16,36694.24382158143
Nifty IT TRI,2022-11-17,36365.11496692379
Nifty IT TRI,2022-11-18,36352.004026875235
Nifty IT TRI,2022-11-21,35794.00582724381
Nifty IT TRI,2022-11-22,36086.62163226671
Nifty IT TRI,2022-11-23,36037.83068843996
Nifty IT TRI,2022-11-24,36986.98040688359
Nifty IT TRI,2022-11-25,37179.92784238928
Nifty IT TRI,2022-11-28,37154.79242394781
Nifty IT TRI,2022-11-29,37200.739629138254
Nifty IT TRI,2022-11-30,37259.01069655827
Nifty IT TRI,2022-12-01,38154.35490615318
Nifty IT TRI,2022-12-02,38072.35418421946
Nifty IT TRI,2022-12-05,37880.99649812684
Nifty IT TRI,2022-12-06,37332.84250038499
Nifty IT TRI,2022-12-07,37020.775162374994
Nifty IT TRI,2022-12-08,36934.21750860118
Nifty IT TRI,2022-12-09,35775.07781490101
Nifty IT TRI,2022-12-12,35635.63447477483
Nifty IT TRI,2022-12-13,36037.35420898043
Nifty IT TRI,2022-12-14,36452.974489247754
Nifty IT TRI,2022-12-15,35686.80141192367
Nifty IT TRI,2022-12-16,35215.26067510663
Nifty IT TRI,2022-12-19,35041.571530133726
Nifty IT TRI,2022-12-20,35112.06628891466
Nifty IT TRI,2022-12-21,35300.01167547815
Nifty IT TRI,2022-12-22,35301.306809300775
Nifty IT TRI,2022-12-23,34656.408471743016
Nifty IT TRI,2022-12-26,34843.95564320469
Nifty IT TRI,2022-12-27,35153.22817586288
Nifty IT TRI,2022-12-28,35090.12496901503
Nifty IT TRI,2022-12-29,35219.21257012894
Nifty IT TRI,2022-12-30,35140.51468892072
Nifty IT TRI,2023-01-02,35287.61569369628
Nifty IT TRI,2023-01-03,35565.63877270482
Nifty IT TRI,2023-01-04,35217.99353843717
Nifty IT TRI,2023-01-05,35035.433718991604
Nifty IT TRI,2023-01-06,34335.48614584242
Nifty IT TRI,2023-01-09,35313.0098363361
Nifty IT TRI,2023-01-10,35013.21812698564
Nifty IT TRI,2023-01-11,35129.97573026269
Nifty IT TRI,2023-01-12,35283.97030591443
Nifty IT TRI,2023-01-13,35547.93693031022
Nifty IT TRI,2023-01-16,35959.74913260865
Nifty IT TRI,2023-01-17,36248.25435508327
Nifty IT TRI,2023-01-18,36397.24777967944
Nifty IT TRI,2023-01-19,36416.905470065554
Nifty IT TRI,2023-01-20,36292.46506088282
Nifty IT TRI,2023-01-23,36981.64710746442
Nifty IT TRI,2023-01-24,37267.289578766446
Nifty IT TRI,2023-01-25,36933.506070068746
Nifty IT TRI,2023-01-27,36596.00510917136
Nifty IT TRI,2023-01-30,37005.17498092523
Nifty IT TRI,2023-01-31,36571.061524939556
Nifty IT TRI,2023-02-01,36914.592571947265
Nifty IT TRI,2023-02-02,37590.94005571217
Nifty IT TRI,2023-02-03,37630.77926301343
Nifty IT TRI,2023-02-06,37406.828993513955
Nifty IT TRI,2023-02-07,37285.1537045403
Nifty IT TRI,2023-02-08,37856.9708939363
Nifty IT TRI,2023-02-09,38125.530011926254
Nifty IT TRI,2023-02-10,37978.958579082064
Nifty IT TRI,2023-02-13,37270.18229941828
Nifty IT TRI,2023-02-14,37640.05060756028
Nifty IT TRI,2023-02-15,38067.176906045395
Nifty IT TRI,2023-02-16,38684.97139799289
Nifty IT TRI,2023-02-17,38219.195038002246
Nifty IT TRI,2023-02-20,38430.96808550203
Nifty IT TRI,2023-02-21,38094.21404873198
Nifty IT TRI,2023-02-22,37678.7031100901
Nifty IT TRI,2023-02-23,37668.48054744883
Nifty IT TRI,2023-02-24,37567.521866825264
Nifty IT TRI,2023-02-27,36839.5395637847
Nifty IT TRI,2023-02-28,36527.03403414193
Nifty IT TRI,2023-03-01,37063.00968002259
Nifty IT TRI,2023-03-02,36596.48664687248
Nifty IT TRI,2023-03-03,36720.93763897714
Nifty IT TRI,2023-03-06,37173.06334210672
Nifty IT TRI,2023-03-08,37036.26477951531
Nifty IT TRI,2023-03-09,36639.67602463289
Nifty IT TRI,2023-03-10,36398.95428281795
Nifty IT TRI,2023-03-13,36061.13628655148
Nifty IT TRI,2023-03-14,35468.604989913525
Nifty IT TRI,2023-03-15,35386.298010872444
Nifty IT TRI,2023-03-16,35142.48590991539
Nifty IT TRI,2023-03-17,35559.761337022894
Nifty IT TRI,2023-03-20,35057.77193149041
Nifty IT TRI,2023-03-21,34716.691828709816
Nifty IT TRI,2023-03-22,34783.41167223569
Nifty IT TRI,2023-03-23,34515.941206909905
Nifty IT TRI,2023-03-24,34439.221168321885
Nifty IT TRI,2023-03-27,34460.419522126234
Nifty IT TRI,2023-03-28,34158.83594105262
Nifty IT TRI,2023-03-29,34540.917765929815
Nifty IT TRI,2023-03-31,35391.88756095487
Nifty IT TRI,2023-04-03,35316.162818758276
Nifty IT TRI,2023-04-05,35744.19232629165
Nifty IT TRI,2023-04-06,35483.61756765202
Nifty IT TRI,2023-04-10,35832.38176680112
Nifty IT TRI,2023-04-11,35382.713890114705
Nifty IT TRI,2023-04-12,35760.30282385237
Nifty IT TRI,2023-04-13,34975.307696494325
Nifty IT TRI,2023-04-17,33334.907716683294
Nifty IT TRI,2023-04-18,33532.48291474951
Nifty IT TRI,2023-04-19,32942.23942056336
Nifty IT TRI,2023-04-20,32881.757962308606
Nifty IT TRI,2023-04-21,33111.68248135721
Nifty IT TRI,2023-04-24,33353.03732872988
Nifty IT TRI,2023-04-25,33320.27957882557
Nifty IT TRI,2023-04-26,33419.70180866709
Nifty IT TRI,2023-04-27,33779.75065595954
Nifty IT TRI,2023-04-28,34217.26278363213
Nifty IT TRI,2023-05-02,34615.2469224381
Nifty IT TRI,2023-05-03,34269.533084302
Nifty IT TRI,2023-05-04,34443.46531891246
Nifty IT TRI,2023-05-05,34243.47891803304
Nifty IT TRI,2023-05-08,34496.83607518718
Nifty IT TRI,2023-05-09,34751.25956824217
Nifty IT TRI,2023-05-10,34711.254159666954
Nifty IT TRI,2023-05-11,34725.615519595536
Nifty IT TRI,2023-05-12,34636.36025367545
Nifty IT TRI,2023-05-15,34810.75971204316
Nifty IT TRI,2023-05-16,34875.00117902411
Nifty IT TRI,2023-05-17,34539.197127715066
Nifty IT TRI,2023-05-18,34478.58556895882
Nifty IT TRI,2023-05-19,34988.46359259554
Nifty IT TRI,2023-05-22,35863.55822083077
Nifty IT TRI,2023-05-23,35700.121829759904
Nifty IT TRI,2023-05-24,35723.01138210479
Nifty IT TRI,2023-05-25,35771.6821367049
Nifty IT TRI,2023-05-26,36301.645574665105
Nifty IT TRI,2023-05-29,36163.8676279048
Nifty IT TRI,2023-05-30,36236.692296973415
Nifty IT TRI,2023-05-31,36265.79740674151
Nifty IT TRI,2023-06-01,36424.045131161845
Nifty IT TRI,2023-06-02,36279.73175805577
Nifty IT TRI,2023-06-05,36174.44122663386
Nifty IT TRI,2023-06-06,35496.08216424476
Nifty IT TRI,2023-06-07,35775.78013725094
Nifty IT TRI,2023-06-08,35378.34598777479
Nifty IT TRI,2023-06-09,35088.345031422505
Nifty IT TRI,2023-06-12,35623.998294277604
Nifty IT TRI,2023-06-13,35768.44522271343
Nifty IT TRI,2023-06-14,35715.421740537065
Nifty IT TRI,2023-06-15,35524.004496923975
Nifty IT TRI,2023-06-16,35389.326915882324
Nifty IT TRI,2023-06-19,35542.46045596398
Nifty IT TRI,2023-06-20,35819.67723222391
Nifty IT TRI,2023-06-21,35938.927796312324
Nifty IT TRI,2023-06-22,35675.02099329704
Nifty IT TRI,2023-06-23,35358.70738982473
Nifty IT TRI,2023-06-26,35408.22492958663
Nifty IT TRI,2023-06-27,35670.11050912957
Nifty IT TRI,2023-06-28,35724.92629420223
Nifty IT TRI,2023-06-30,36620.29507496734
Nifty IT TRI,2023-07-03,36454.44611116103
Nifty IT TRI,2023-07-04,36834.17077945291
Nifty IT TRI,2023-07-05,36974.74050132247
Nifty IT TRI,2023-07-06,36931.13360590097
Nifty IT TRI,2023-07-07,36629.6569541988
Nifty IT TRI,2023-07-10,36181.804214970456
Nifty IT TRI,2023-07-11,36344.75463625536
Nifty IT TRI,2023-07-12,36090.27424617142
Nifty IT TRI,2023-07-13,36724.369769580306
Nifty IT TRI,2023-07-14,38359.047255272024
Nifty IT TRI,2023-07-17,38483.80782721866
Nifty IT TRI,2023-07-18,38894.26791361679
Nifty IT TRI,2023-07-19,38874.346435475854
Nifty IT TRI,2023-07-20,38618.83357247037
Nifty IT TRI,2023-07-21,37039.85634303538
Nifty IT TRI,2023-07-24,37011.0534325261
Nifty IT TRI,2023-07-25,36910.791401775765
Nifty IT TRI,2023-07-26,36961.27584410286
Nifty IT TRI,2023-07-27,36894.36502718576
Nifty IT TRI,2023-07-28,36580.17118629233
Nifty IT TRI,2023-07-31,37129.16051196281
Nifty IT TRI,2023-08-01,37577.86057201379
Nifty IT TRI,2023-08-02,37275.65693794075
Nifty IT TRI,2023-08-03,37187.58414489058
Nifty IT TRI,2023-08-04,37766.32810579445
Nifty IT TRI,2023-08-07,38197.71948442784
Nifty IT TRI,2023-08-08,38256.301718230374
Nifty IT TRI,2023-08-09,38401.02781767103
Nifty IT TRI,2023-08-10,38312.23259097835
Nifty IT TRI,2023-08-11,38254.70991236757
Nifty IT TRI,2023-08-14,38520.70908234622
Nifty IT TRI,2023-08-16,38751.92638647089
Nifty IT TRI,2023-08-17,38565.2154045531
Nifty IT TRI,2023-08-18,38000.70472198749
Nifty IT TRI,2023-08-21,38420.497848914674
Nifty IT TRI,2023-08-22,38378.659455594156
Nifty IT TRI,2023-08-23,38407.4842876078
Nifty IT TRI,2023-08-24,38642.929245114006
Nifty IT TRI,2023-08-25,38399.375620279
Nifty IT TRI,2023-08-28,38229.89967325931
Nifty IT TRI,2023-08-29,38346.62425383697
Nifty IT TRI,2023-08-30,38644.005594221744
Nifty IT TRI,2023-08-31,38721.684251886014
Nifty IT TRI,2023-09-01,39157.779544919205
Nifty IT TRI,2023-09-04,39970.78825276668
Nifty IT TRI,2023-09-05,40222.97646379266
Nifty IT TRI,2023-09-06,40159.07052094908
Nifty IT TRI,2023-09-07,40330.127457295996
Nifty IT TRI,2023-09-08,40291.453432779585
Nifty IT TRI,2023-09-11,40579.73863642186
Nifty IT TRI,2023-09-12,40998.31608721023
Nifty IT TRI,2023-09-13,40886.93367853501
Nifty IT TRI,2023-09-14,41086.245839503375
Nifty IT TRI,2023-09-15,41473.27068123215
Nifty IT TRI,2023-09-18,41198.859930693936
Nifty IT TRI,2023-09-20,40978.64609399344
Nifty IT TRI,2023-09-21,40944.26790474752
Nifty IT TRI,2023-09-22,40929.29168895875
Nifty IT TRI,2023-09-25,40614.71036751376
Nifty IT TRI,2023-09-26,40395.750258879634
Nifty IT TRI,2023-09-27,40551.558912053486
Nifty IT TRI,2023-09-28,39663.88933108801
Nifty IT TRI,2023-09-29,39547.37614551973
Nifty IT TRI,2023-10-03,39471.53592608426
Nifty IT TRI,2023-10-04,39590.76200823232
Nifty IT TRI,2023-10-05,39983.377229812664
Nifty IT TRI,2023-10-06,40254.54955718799
Nifty IT TRI,2023-10-09,40219.18373862937
Nifty IT TRI,2023-10-10,40545.94256272111
Nifty IT TRI,2023-10-11,40521.282627375615
Nifty IT TRI,2023-10-12,39845.46767209842
Nifty IT TRI,2023-10-13,39603.74838938033
Nifty IT TRI,2023-10-16,39537.887965830785
Nifty IT TRI,2023-10-17,39595.23647880282
Nifty IT TRI,2023-10-18,39362.72510259815
Nifty IT TRI,2023-10-19,39281.70095540395
Nifty IT TRI,2023-10-20,39195.56023983057
Nifty IT TRI,2023-10-23,38427.788788825914
Nifty IT TRI,2023-10-25,38035.49628400485
Nifty IT TRI,2023-10-26,37657.547919717064
Nifty IT TRI,2023-10-27,38125.43017071805
Nifty IT TRI,2023-10-30,38182.482956390486
Nifty IT TRI,2023-10-31,38111.13459421639
Nifty IT TRI,2023-11-01,37817.136898420955
Nifty IT TRI,2023-11-02,38115.48085620065
Nifty IT TRI,2023-11-03,38363.12525478405
Nifty IT TRI,2023-11-06,38609.331138968475
Nifty IT TRI,2023-11-07,38622.00065338087
Nifty IT TRI,2023-11-08,38543.60096306561
Nifty IT TRI,2023-11-09,38296.76041962536
Nifty IT TRI,2023-11-10,38200.57262623058
Nifty IT TRI,2023-11-13,38202.17874644156
Nifty IT TRI,2023-11-15,39195.48311525304
Nifty IT TRI,2023-11-16,40249.999820807214
Nifty IT TRI,2023-11-17,40149.693764224554
Nifty IT TRI,2023-11-20,40394.89101976752
Nifty IT TRI,2023-11-21,40325.134916787065
Nifty IT TRI,2023-11-22,40624.89014767568
Nifty IT TRI,2023-11-23,40385.154744258005
Nifty IT TRI,2023-11-24,39993.49486819075
Nifty IT TRI,2023-11-28,40080.3626051348
Nifty IT TRI,2023-11-29,40693.692074967694
Nifty IT TRI,2023-11-30,40662.98034616834
Nifty IT TRI,2023-12-01,40685.55970420776
Nifty IT TRI,2023-12-04,40774.96962324711
Nifty IT TRI,2023-12-05,40544.2744750156
Nifty IT TRI,2023-12-06,41224.687282703875
Nifty IT TRI,2023-12-07,41150.54609685123
Nifty IT TRI,2023-12-08,41691.0301662613
Nifty IT TRI,2023-12-11,41848.66917786452
Nifty IT TRI,2023-12-12,41825.299355441515
Nifty IT TRI,2023-12-13,41293.7904144995
Nifty IT TRI,2023-12-14,42740.37438713124
Nifty IT TRI,2023-12-15,44689.660902458374
Nifty IT TRI,2023-12-18,44575.17292553529
Nifty IT TRI,2023-12-19,44151.944053039406
Nifty IT TRI,2023-12-20,43399.62800568316
Nifty IT TRI,2023-12-21,43532.92358069003
Nifty IT TRI,2023-12-22,44524.22587367295
Nifty IT TRI,2023-12-26,44352.54408898443
Nifty IT TRI,2023-12-27,44664.0645317763
Nifty IT TRI,2023-12-28,44604.570473821586
Nifty IT TRI,2023-12-29,44385.977263596564
Nifty IT TRI,2024-01-01,44618.598163561255
Nifty IT TRI,2024-01-02,44104.7709711164
Nifty IT TRI,2024-01-03,42997.283116191575
Nifty IT TRI,2024-01-04,43016.82186554868
Nifty IT TRI,2024-01-05,43571.95467986323
Nifty IT TRI,2024-01-08,43156.83070370703
Nifty IT TRI,2024-01-09,43343.75656599915
Nifty IT TRI,2024-01-10,43560.83992412159
Nifty IT TRI,2024-01-11,43439.03368765094
Nifty IT TRI,2024-01-12,45675.35320641556
Nifty IT TRI,2024-01-15,46532.91629806039
Nifty IT TRI,2024-01-16,45941.21153563854
Nifty IT TRI,2024-01-17,46235.296241217664
Nifty IT TRI,2024-01-18,45949.95102529905
Nifty IT TRI,2024-01-19,46375.993245181235
Nifty IT TRI,2024-01-23,45699.464925952154
Nifty IT TRI,2024-01-24,46413.47201179862
Nifty IT TRI,2024-01-25,45672.452937604394
Nifty IT TRI,2024-01-29,45726.06075046897
Nifty IT TRI,2024-01-30,45540.59736195215
Nifty IT TRI,2024-01-31,45863.84416833128
Nifty IT TRI,2024-02-01,45736.08179860722
Nifty IT TRI,2024-02-02,46725.70365637407
Nifty IT TRI,2024-02-05,46530.835094312046
Nifty IT TRI,2024-02-06,47890.64449212991
Nifty IT TRI,2024-02-07,47293.7303004847
Nifty IT TRI,2024-02-08,47401.04649893455
Nifty IT TRI,2024-02-09,47212.56465518525
Nifty IT TRI,2024-02-12,47593.676843699315
Nifty IT TRI,2024-02-13,47854.03553007224
Nifty IT TRI,2024-02-14,47319.483691662965
Nifty IT TRI,2024-02-15,47602.59389976246
Nifty IT TRI,2024-02-16,48203.119473518374
Nifty IT TRI,2024-02-19,48067.53176333578
Nifty IT TRI,2024-02-20,47651.99720872892
Nifty IT TRI,2024-02-21,46872.65131502785
Nifty IT TRI,2024-02-22,47782.5296103113
Nifty IT TRI,2024-02-23,47678.96775314618
Nifty IT TRI,2024-02-26,47125.690239176205
Nifty IT TRI,2024-02-27,47468.43079123507
Nifty IT TRI,2024-02-28,47309.67327338846
Nifty IT TRI,2024-02-29,47285.21836648101
Nifty IT TRI,2024-03-01,47031.35105590569
Nifty IT TRI,2024-03-04,46785.912454303645
Nifty IT TRI,2024-03-05,46043.33063128667
Nifty IT TRI,2024-03-06,46398.000110470304
Nifty IT TRI,2024-03-07,46523.280867598376
Nifty IT TRI,2024-03-11,46392.40027888253
Nifty IT TRI,2024-03-12,46690.618919734385
Nifty IT TRI,2024-03-13,46344.4351402475
Nifty IT TRI,2024-03-14,47266.3863885626
Nifty IT TRI,2024-03-15,47044.26382182475
Nifty IT TRI,2024-03-18,46279.974178604825
Nifty IT TRI,2024-03-19,44937.90821056898
Nifty IT TRI,2024-03-20,44857.60028400916
Nifty IT TRI,2024-03-21,45208.519299040134
Nifty IT TRI,2024-03-22,44158.60019520787
Nifty IT TRI,2024-03-26,43891.97474642422
Nifty IT TRI,2024-03-27,43612.00661659252
Nifty IT TRI,2024-03-28,43807.19604673993
Nifty IT TRI,2024-04-01,43997.37129065047
Nifty IT TRI,2024-04-02,43687.06385115836
Nifty IT TRI,2024-04-03,44007.44250101965
Nifty IT TRI,2024-04-04,44485.8862114096
Nifty IT TRI,2024-04-05,44263.52505514197
Nifty IT TRI,2024-04-08,44039.22845742057
Nifty IT TRI,2024-04-09,44060.474995282406
Nifty IT TRI,2024-04-10,44331.1740196603
Nifty IT TRI,2024-04-12,43989.9889233121
Nifty IT TRI,2024-04-15,43299.76627979267
Nifty IT TRI,2024-04-16,42185.33169016655
Nifty IT TRI,2024-04-18,42093.57513143376
Nifty IT TRI,2024-04-19,41931.83151044267
Nifty IT TRI,2024-04-22,42152.264149367904
Nifty IT TRI,2024-04-23,42375.220097749436
Nifty IT TRI,2024-04-24,42035.40121492651
Nifty IT TRI,2024-04-25,42178.11129989073
Nifty IT TRI,2024-04-26,42320.71246530323
Nifty IT TRI,2024-04-29,42217.71995367215
Nifty IT TRI,2024-04-30,41743.95328523376
Nifty IT TRI,2024-05-02,41751.05207786511
Nifty IT TRI,2024-05-03,41382.18891557138
Nifty IT TRI,2024-05-06,41776.561928457304
Nifty IT TRI,2024-05-07,42100.39772641073
Nifty IT TRI,2024-05-08,41929.06392015253
Nifty IT TRI,2024-05-09,41768.47391693613
Nifty IT TRI,2024-05-10,41429.989484734695
Nifty IT TRI,2024-05-13,41611.50808879465
Nifty IT TRI,2024-05-14,41674.24737406835
Nifty IT TRI,2024-05-15,41669.421615659376
Nifty IT TRI,2024-05-16,42364.84137011821
Nifty IT TRI,2024-05-17,42006.268635230284
Nifty IT TRI,2024-05-21,42011.83125992036
Nifty IT TRI,2024-05-22,42307.594461942026
Nifty IT TRI,2024-05-23,42850.5981361816
Nifty IT TRI,2024-05-24,42577.58230862662
Nifty IT TRI,2024-05-27,42799.04176913421
Nifty IT TRI,2024-05-28,42657.10087869692
Nifty IT TRI,2024-05-29,42233.418769702184
Nifty IT TRI,2024-05-30,41308.8069590253
Nifty IT TRI,2024-05-31,40781.13443869981
Nifty IT TRI,2024-06-03,40944.91452260589
Nifty IT TRI,2024-06-04,40700.24905706528
Nifty IT TRI,2024-06-05,41675.09200230093
Nifty IT TRI,2024-06-06,42855.91339856851
Nifty IT TRI,2024-06-07,44301.686082795255
Nifty IT TRI,2024-06-10,43497.28887996823
Nifty IT TRI,2024-06-11,43505.963935653315
Nifty IT TRI,2024-06-12,43528.248238627486
Nifty IT TRI,2024-06-13,43977.178349699585
Nifty IT TRI,2024-06-14,43596.89253373602
Nifty IT TRI,2024-06-18,43863.019400100726
Nifty IT TRI,2024-06-19,44021.641773750656
Nifty IT TRI,2024-06-20,44035.57421053536
Nifty IT TRI,2024-06-21,44370.31248735487
Nifty IT TRI,2024-06-24,44305.58528428688
Nifty IT TRI,2024-06-25,44664.66635784947
Nifty IT TRI,2024-06-26,44641.25731692532
Nifty IT TRI,2024-06-27,45547.611107940946
Nifty IT TRI,2024-06-28,45592.45662025416
Nifty IT TRI,2024-07-01,46496.67961622808
Nifty IT TRI,2024-07-02,47041.1970287722
Nifty IT TRI,2024-07-03,47062.66963814547
Nifty IT TRI,2024-07-04,47584.05660655748
Nifty IT TRI,2024-07-05,47579.886719622635
Nifty IT TRI,2024-07-08,47613.98253422576
Nifty IT TRI,2024-07-09,47523.451134133706
Nifty IT TRI,2024-07-10,47036.36876190891
Nifty IT TRI,2024-07-11,47104.089480751965
Nifty IT TRI,2024-07-12,49239.34013539627
Nifty IT TRI,2024-07-15,49105.65667786309
Nifty IT TRI,2024-07-16,49398.513946403815
Nifty IT TRI,2024-07-18,50500.03977077929
Nifty IT TRI,2024-07-19,50392.56873710305
Nifty IT TRI,2024-07-22,50210.39800980222
Nifty IT TRI,2024-07-23,50555.67824264324
Nifty IT TRI,2024-07-24,50646.96945597122
Nifty IT TRI,2024-07-25,50574.25418418926
Nifty IT TRI,2024-07-26,51740.715218711164
Nifty IT TRI,2024-07-29,51549.71394466243
Nifty IT TRI,2024-07-30,51496.979412266446
Nifty IT TRI,2024-07-31,51593.90209089192
Nifty IT TRI,2024-08-01,51417.44597142873
Nifty IT TRI,2024-08-02,50183.26118146124
Nifty IT TRI,2024-08-05,48555.48265569608
Nifty IT TRI,2024-08-06,48795.67895819243
Nifty IT TRI,2024-08-07,49518.9640387534
Nifty IT TRI,2024-08-08,48578.20377416104
Nifty IT TRI,2024-08-09,49332.376812401235
Nifty IT TRI,2024-08-12,49423.32709154435
Nifty IT TRI,2024-08-13,49432.440139860235
Nifty IT TRI,2024-08-14,50213.8826948381
Nifty IT TRI,2024-08-16,51668.55248509345
Nifty IT TRI,2024-08-19,52129.44913619865
Nifty IT TRI,2024-08-20,52556.70535605661
Nifty IT TRI,2024-08-21,52556.8081076059
Nifty IT TRI,2024-08-22,52477.633150263515
Nifty IT TRI,2024-08-23,51953.7688297313
Nifty IT TRI,2024-08-26,52685.037720141845
Nifty IT TRI,2024-08-27,52747.236937740374
Nifty IT TRI,2024-08-28,53616.32261570622
Nifty IT TRI,2024-08-29,53868.41631382278
Nifty IT TRI,2024-08-30,54119.146165906604
Nifty IT TRI,2024-09-02,54364.64699821087
Nifty IT TRI,2024-09-03,54210.05275065443
Nifty IT TRI,2024-09-04,53705.63331358027
Nifty IT TRI,2024-09-05,53953.89259595769
Nifty IT TRI,2024-09-06,53430.496476599175
Nifty IT TRI,2024-09-09,53046.231168476515
Nifty IT TRI,2024-09-10,53966.50207489398
Nifty IT TRI,2024-09-11,53752.85441673584
Nifty IT TRI,2024-09-12,54614.59050643483
Nifty IT TRI,2024-09-13,54923.87193566025
Nifty IT TRI,2024-09-16,54879.12943561626
Nifty IT TRI,2024-09-17,54960.743241171804
Nifty IT TRI,2024-09-18,53285.09139233432
Nifty IT TRI,2024-09-19,53105.761839608385
Nifty IT TRI,2024-09-20,53436.0248254352
Nifty IT TRI,2024-09-23,53169.13034840861
Nifty IT TRI,2024-09-24,53496.55175504196
Nifty IT TRI,2024-09-25,53140.7639899134
Nifty IT TRI,2024-09-26,53396.59442498702
Nifty IT TRI,2024-09-27,53591.34327259654
Nifty IT TRI,2024-09-30,53134.93518914064
Nifty IT TRI,2024-10-01,53756.61713001251
Nifty IT TRI,2024-10-03,52910.240150239515
Nifty IT TRI,2024-10-04,53102.74442449893
Nifty IT TRI,2024-10-07,53462.92979717528
Nifty IT TRI,2024-10-08,53715.12272223338
Nifty IT TRI,2024-10-09,54015.8143840482
Nifty IT TRI,2024-10-10,53341.745806744875
Nifty IT TRI,2024-10-11,53657.276219000545
Nifty IT TRI,2024-10-14,54345.90987855543
Nifty IT TRI,2024-10-15,54169.253215692646
Nifty IT TRI,2024-10-16,53537.269728489075
Nifty IT TRI,2024-10-17,54178.41282182646
Nifty IT TRI,2024-10-18,53385.03294450266
Nifty IT TRI,2024-10-21,52703.293160602654
Nifty IT TRI,2024-10-22,52295.13017851092
Nifty IT TRI,2024-10-23,53544.674053199175
Nifty IT TRI,2024-10-24,53442.97757441065
Nifty IT TRI,2024-10-25,53317.490579958
Nifty IT TRI,2024-10-28,53536.564546821006
Nifty IT TRI,2024-10-29,53318.518190385636
Nifty IT TRI,2024-10-30,52860.81373089183
Nifty IT TRI,2024-10-31,51263.54773538567
Nifty IT TRI,2024-11-01,51299.16240090459
Nifty IT TRI,2024-11-04,51291.64615679115
Nifty IT TRI,2024-11-05,51297.705571822284
Nifty IT TRI,2024-11-06,53349.57288539599
Nifty IT TRI,2024-11-07,52987.81914055501
Nifty IT TRI,2024-11-08,53368.29920386676
Nifty IT TRI,2024-11-11,54061.7591300679
Nifty IT TRI,2024-11-12,54088.83580779235
Nifty IT TRI,2024-11-13,53786.74085688859
Nifty IT TRI,2024-11-14,53816.47448620726
Nifty IT TRI,2024-11-18,52577.14583345731
Nifty IT TRI,2024-11-19,53013.746388349566
Nifty IT TRI,2024-11-21,53278.568600133396
Nifty IT TRI,2024-11-22,55032.91956690933
Nifty IT TRI,2024-11-25,55404.324444596175
Nifty IT TRI,2024-11-26,56001.266125241695
Nifty IT TRI,2024-11-27,55918.57131732484
Nifty IT TRI,2024-11-28,54587.44839029326
Nifty IT TRI,2024-11-29,54815.621472971405
Nifty IT TRI,2024-12-02,55332.86593997685
Nifty IT TRI,2024-12-03,55599.81159301946
Nifty IT TRI,2024-12-04,55849.439150883656
Nifty IT TRI,2024-12-05,56941.45978589857
Nifty IT TRI,2024-12-06,56829.41863605217
Nifty IT TRI,2024-12-09,56985.127320633765
Nifty IT TRI,2024-12-10,57455.37378090255
Nifty IT TRI,2024-12-11,57649.62570990363
Nifty IT TRI,2024-12-12,58099.03396595556
Nifty IT TRI,2024-12-13,58475.83643572939
Nifty IT TRI,2024-12-16,58049.2936276394
Nifty IT TRI,2024-12-17,57747.13895873495
Nifty IT TRI,2024-12-18,57893.78409015195
Nifty IT TRI,2024-12-19,57168.368438542326
Nifty IT TRI,2024-12-20,55666.4744419414
Nifty IT TRI,2024-12-23,55747.51558405809
Nifty IT TRI,2024-12-24,55547.41206018565
Nifty IT TRI,2024-12-26,55546.92508233201
Nifty IT TRI,2024-12-27,55622.342444133246
Nifty IT TRI,2024-12-30,55948.65443542229
Nifty IT TRI,2024-12-31,55145.102451059785
Nifty IT TRI,2025-01-01,55192.71657713593
Nifty IT TRI,2025-01-02,56440.81342421081
Nifty IT TRI,2025-01-03,55647.92009399648
Nifty IT TRI,2025-01-06,55590.27087673986
Nifty IT TRI,2025-01-07,55212.394054669494
Nifty IT TRI,2025-01-08,55544.01796460246
Nifty IT TRI,2025-01-09,54900.29672587884
Nifty IT TRI,2025-01-10,56791.00538822998
Nifty IT TRI,2025-01-13,56022.13386842138
Nifty IT TRI,2025-01-14,54830.621815979364
Nifty IT TRI,2025-01-15,55266.31407694008
Nifty IT TRI,2025-01-16,54998.536235825944
Nifty IT TRI,2025-01-17,53528.219941620475
Nifty IT TRI,2025-01-20,53740.62083804067
Nifty IT TRI,2025-01-21,53112.92663526194
Nifty IT TRI,2025-01-22,54252.720257832036
Nifty IT TRI,2025-01-23,55224.85631320446
Nifty IT TRI,2025-01-24,55447.119378856274
Nifty IT TRI,2025-01-27,53590.68376134678
Nifty IT TRI,2025-01-28,53287.43117163606
Nifty IT TRI,2025-01-29,54683.876209615715
Nifty IT TRI,2025-01-30,54064.8711360675
Nifty IT TRI,2025-01-31,54368.394109812325
Nifty IT TRI,2025-02-03,53932.1760512505
Nifty IT TRI,2025-02-04,54630.69097117969
Nifty IT TRI,2025-02-05,54669.18007494317
Nifty IT TRI,2025-02-06,54840.94391022826
Nifty IT TRI,2025-02-07,54717.032745583696
Nifty IT TRI,2025-02-10,54310.55184362906
Nifty IT TRI,2025-02-11,53512.14746881027
Nifty IT TRI,2025-02-12,53214.72370254594
Nifty IT TRI,2025-02-13,52684.99767919031
Nifty IT TRI,2025-02-14,52681.956957362454
Nifty IT TRI,2025-02-17,52386.18824499452
Nifty IT TRI,2025-02-18,52887.66069288188
Nifty IT TRI,2025-02-19,52201.31231761517
Nifty IT TRI,2025-02-20,52129.49230767133
Nifty IT TRI,2025-02-21,51722.03568044641
Nifty IT TRI,2025-02-24,50328.77349292936
Nifty IT TRI,2025-02-25,49928.92900257468
Nifty IT TRI,2025-02-27,49698.179514352756
Nifty IT TRI,2025-02-28,47622.639555169975
Nifty IT TRI,2025-03-03,48007.59456946622
Nifty IT TRI,2025-03-04,47579.16472366136
Nifty IT TRI,2025-03-05,48596.70083083706
Nifty IT TRI,2025-03-06,48692.25858217472
Nifty IT TRI,2025-03-07,48279.94549944374
Nifty IT TRI,2025-03-10,48062.24870821316
Nifty IT TRI,2025-03-11,47752.67653970953
Nifty IT TRI,2025-03-12,46363.920680458425
Nifty IT TRI,2025-03-13,46125.93275584641
Nifty IT TRI,2025-03-17,46153.71891081191
Nifty IT TRI,2025-03-18,46771.79880623202
Nifty IT TRI,2025-03-19,46268.46013161056
Nifty IT TRI,2025-03-20,46849.557146022205
Nifty IT TRI,2025-03-21,46885.25326094199
Nifty IT TRI,2025-03-24,47549.138382904144
Nifty IT TRI,2025-03-25,48177.329166649906
Nifty IT TRI,2025-03-26,47706.66331460083
Nifty IT TRI,2025-03-27,47979.37888876281
Nifty IT TRI,2025-03-28,47135.57998822364
Nifty IT TRI,2025-04-01,45987.45550056969
Nifty IT TRI,2025-04-02,46376.800166307155
Nifty IT TRI,2025-04-03,44428.14973904415
Nifty IT TRI,2025-04-04,42837.80810254591
Nifty IT TRI,2025-04-07,41766.76712145636
Nifty IT TRI,2025-04-08,42504.739542731
Nifty IT TRI,2025-04-09,41577.19947908219
Nifty IT TRI,2025-04-11,41867.05975621089
Nifty IT TRI,2025-04-15,42558.79825880421
Nifty IT TRI,2025-04-16,42586.71288399389
Nifty IT TRI,2025-04-17,42687.09503046835
Nifty IT TRI,2025-04-21,43671.206792241836
Nifty IT TRI,2025-04-22,43425.130845842716
Nifty IT TRI,2025-04-23,45312.706109483515
Nifty IT TRI,2025-04-24,45177.30744787359
Nifty IT TRI,2025-04-25,45506.005991628226
Nifty IT TRI,2025-04-28,45411.185056168564
Nifty IT TRI,2025-04-29,45973.27930070512
Nifty IT TRI,2025-04-30,45814.958858489554
Nifty IT TRI,2025-05-02,45943.47470266632
Nifty IT TRI,2025-05-05,46077.46117188312
Nifty IT TRI,2025-05-06,45923.449786614496
Nifty IT TRI,2025-05-07,45991.121570584444
Nifty IT TRI,2025-05-08,46098.5531516569
Nifty IT TRI,2025-05-09,45944.139752296556
Nifty IT TRI,2025-05-12,49027.63731022481
Nifty IT TRI,2025-05-13,47841.56942519757
Nifty IT TRI,2025-05-14,48482.962139232215
Nifty IT TRI,2025-05-15,49049.23155594503
Nifty IT TRI,2025-05-16,48639.873807286676
Nifty IT TRI,2025-05-19,48013.42438103084
Nifty IT TRI,2025-05-20,47766.835488159806
Nifty IT TRI,2025-05-21,48097.93720110578
Nifty IT TRI,2025-05-22,47472.50755376594
Nifty IT TRI,2025-05-23,47927.66430546799
Nifty IT TRI,2025-05-26,48424.68696475477
Nifty IT TRI,2025-05-27,48062.497258439296
Nifty IT TRI,2025-05-28,48019.08987126029
Nifty IT TRI,2025-05-29,48391.08779355162
Nifty IT TRI,2025-05-30,47839.20099482918
Nifty IT TRI,2025-06-02,47513.02344192084
Nifty IT TRI,2025-06-03,47198.73660968729
Nifty IT TRI,2025-06-04,47359.00293314112
Nifty IT TRI,2025-06-05,47579.09151186395
Nifty IT TRI,2025-06-06,47821.06973475266
Nifty IT TRI,2025-06-09,48308.152502257595
Nifty IT TRI,2025-06-10,49119.51012787189
Nifty IT TRI,2025-06-11,49743.05238891901
Nifty IT TRI,2025-06-12,49329.91348577745
Nifty IT TRI,2025-06-13,49343.8019661386
Nifty IT TRI,2025-06-16,50125.63048817342
Nifty IT TRI,2025-06-17,50491.21382512573
Nifty IT TRI,2025-06-18,50076.44605841364
Nifty IT TRI,2025-06-19,49609.35806678556
Nifty IT TRI,2025-06-20,50030.719975101354
Nifty IT TRI,2025-06-23,49297.13641377506
Nifty IT TRI,2025-06-24,49304.48226476828
Nifty IT TRI,2025-06-25,50113.33807143452
Nifty IT TRI,2025-06-26,50051.54582198539
Nifty IT TRI,2025-06-27,49831.5487606816
Nifty IT TRI,2025-06-30,50001.95214821736
Nifty IT TRI,2025-07-01,49854.379265587406
Nifty IT TRI,2025-07-02,49915.81232121466
Nifty IT TRI,2025-07-03,49886.407822278656
Nifty IT TRI,2025-07-04,50289.77286071891
Nifty IT TRI,2025-07-07,49912.39813680156
Nifty IT TRI,2025-07-08,50064.195217554035
Nifty IT TRI,2025-07-09,49678.26674037634
Nifty IT TRI,2025-07-10,49289.98254868288
Nifty IT TRI,2025-07-11,48414.60778942313
Nifty IT TRI,2025-07-14,47882.73691141529
Nifty IT TRI,2025-07-15,48078.93814335773
Nifty IT TRI,2025-07-16,48384.678414173795
Nifty IT TRI,2025-07-17,47716.11309677842
Nifty IT TRI,2025-07-18,47722.74507760483
Nifty IT TRI,2025-07-21,47588.190504617574
Nifty IT TRI,2025-07-22,47368.37864173354
Nifty IT TRI,2025-07-23,47489.7029273029
Nifty IT TRI,2025-07-24,46443.642738897615
Nifty IT TRI,2025-07-25,45787.76434618668
Nifty IT TRI,2025-07-28,45468.342710416626
Nifty IT TRI,2025-07-29,45474.676385920226
Nifty IT TRI,2025-07-30,45616.32308800598
Nifty IT TRI,2025-07-31,45387.06126016759
Nifty IT TRI,2025-08-01,44550.90549389026
Nifty IT TRI,2025-08-04,45269.52525450628
Nifty IT TRI,2025-08-05,45054.59221464686
Nifty IT TRI,2025-08-06,44274.54125470046
Nifty IT TRI,2025-08-07,44663.251805679705
Nifty IT TRI,2025-08-08,44243.17456388442
Nifty IT TRI,2025-08-11,44437.66086934505
Nifty IT TRI,2025-08-12,44606.622156264326
Nifty IT TRI,2025-08-13,44632.79231539887
Nifty IT TRI,2025-08-14,44815.41407365583
Nifty IT TRI,2025-08-18,44569.057902942805
Nifty IT TRI,2025-08-19,44727.91322721005
Nifty IT TRI,2025-08-20,45931.2737506199
Nifty IT TRI,2025-08-21,45977.07956185749
Nifty IT TRI,2025-08-22,45615.02280968448
Nifty IT TRI,2025-08-25,46702.04294491583
Nifty IT TRI,2025-08-26,46425.10000737334
Nifty IT TRI,2025-08-28,45690.12493934552
Nifty IT TRI,2025-08-29,45296.38045210685
Nifty IT TRI,2025-09-01,46023.35749293418
Nifty IT TRI,2025-09-02,46022.064110696614
Nifty IT TRI,2025-09-03,45685.678319702456
Nifty IT TRI,2025-09-04,45260.52579880614
Nifty IT TRI,2025-09-05,44609.42129509974
Nifty IT TRI,2025-09-08,44196.793332346264
Nifty IT TRI,2025-09-09,45416.95156746866
Nifty IT TRI,2025-09-10,46614.49294583621
Nifty IT TRI,2025-09-11,46384.48242212131
Nifty IT TRI,2025-09-12,46524.928455614885
Nifty IT TRI,2025-09-15,46263.010944561014
Nifty IT TRI,2025-09-16,46664.68583681662
Nifty IT TRI,2025-09-17,46969.81203484403
Nifty IT TRI,2025-09-18,47362.73539395563
Nifty IT TRI,2025-09-19,47143.36898138118
Nifty IT TRI,2025-09-22,45760.57753600358
Nifty IT TRI,2025-09-23,45439.19118093055
Nifty IT TRI,2025-09-24,45112.93396936766
Nifty IT TRI,2025-09-25,44540.14809561614
Nifty IT TRI,2025-09-26,43451.20763839796
Nifty IT TRI,2025-09-29,43446.100740853406
Nifty IT TRI,2025-09-30,43399.220739897566
Nifty IT TRI,2025-10-01,43723.86440967973
Nifty IT TRI,2025-10-03,43785.59376217775
Nifty IT TRI,2025-10-06,44788.851003926226
Nifty IT TRI,2025-10-07,44774.13806197156
Nifty IT TRI,2025-10-08,45450.75513148785
Nifty IT TRI,2025-10-09,45964.17556986035
Nifty IT TRI,2025-10-10,45941.328074924306
Nifty IT TRI,2025-10-13,45589.0210345319
Nifty IT TRI,2025-10-14,45441.62566795044
Nifty IT TRI,2025-10-15,45685.09830792043
Nifty IT TRI,2025-10-16,45854.13165381691
Nifty IT TRI,2025-10-17,45107.36968218104
Nifty IT TRI,2025-10-20,45555.30350899278
Nifty IT TRI,2025-10-21,45566.75619808041
Nifty IT TRI,2025-10-23,46576.74855417662
Nifty IT TRI,2025-10-24,46459.8644861057
Nifty IT TRI,2025-10-27,46650.99585298705
Nifty IT TRI,2025-10-28,46306.29988252105
Nifty IT TRI,2025-10-29,46605.1903210911
Nifty IT TRI,2025-10-30,46370.22888821132
Nifty IT TRI,2025-10-31,46121.88561654099
Nifty IT TRI,2025-11-03,46052.1127445951
Nifty IT TRI,2025-11-04,45565.374799398494
Nifty IT TRI,2025-11-06,45651.27898170693
Nifty IT TRI,2025-11-07,45369.34597976676
Nifty IT TRI,2025-11-10,46113.27648825631
Nifty IT TRI,2025-11-11,46669.41842395988
Nifty IT TRI,2025-11-12,47626.01713670021
Nifty IT TRI,2025-11-13,47401.02930739854
Nifty IT TRI,2025-11-14,46914.50707391568
Nifty IT TRI,2025-11-17,47016.965390784564
Nifty IT TRI,2025-11-18,46502.21442721047
Nifty IT TRI,2025-11-19,47886.94334819251
Nifty IT TRI,2025-11-20,47887.5401730936
Nifty IT TRI,2025-11-21,47685.6811739916
Nifty IT TRI,2025-11-24,47889.97742090791
Nifty IT TRI,2025-11-25,47619.41509873372
Nifty IT TRI,2025-11-26,48317.057772380154
Nifty IT TRI,2025-11-27,48425.07015101006
Nifty IT TRI,2025-11-28,48374.66981819096
Nifty IT TRI,2025-12-01,48568.33731092784
Nifty IT TRI,2025-12-02,48559.71481936687
Nifty IT TRI,2025-12-03,48929.45944084983
Nifty IT TRI,2025-12-04,49623.94100518378
Nifty IT TRI,2025-12-05,50070.61680557891
Nifty IT TRI,2025-12-08,49931.811184292535
Nifty IT TRI,2025-12-09,49338.90891061169
Nifty IT TRI,2025-12-10,48900.44612480336
Nifty IT TRI,2025-12-11,49300.24604202066
Nifty IT TRI,2025-12-12,49532.686537910115
Nifty IT TRI,2025-12-15,49684.327954233995
Nifty IT TRI,2025-12-16,49267.63100533923
Nifty IT TRI,2025-12-17,49411.84555224585
Nifty IT TRI,2025-12-18,50011.41941427399
Nifty IT TRI,2025-12-19,50089.27131446674
Nifty IT TRI,2025-12-22,51127.76185549661
Nifty IT TRI,2025-12-23,50723.29297450277
Nifty IT TRI,2025-12-24,50468.21821036373
Nifty IT TRI,2025-12-26,49951.90292245287
Nifty IT TRI,2025-12-29,49584.1280776984
Nifty IT TRI,2025-12-30,49218.565928018026
Nifty IT TRI,2025-12-31,49072.588179582606
Nifty IT TRI,2026-01-01,49447.34670174909
Nifty IT TRI,2026-01-02,49642.52781010736
Nifty IT TRI,2026-01-05,48938.29168332251
Nifty IT TRI,2026-01-06,49207.92346498215
Nifty IT TRI,2026-01-07,50132.14742316633
Nifty IT TRI,2026-01-08,49138.74105314939
Nifty IT TRI,2026-01-09,49279.671511927
Nifty IT TRI,2026-01-12,49236.41102840353
Nifty IT TRI,2026-01-13,49560.71908064089
Nifty IT TRI,2026-01-14,49026.630342032775
Nifty IT TRI,2026-01-16,50669.939150103266
Nifty IT TRI,2026-01-19,50438.60868263584
Nifty IT TRI,2026-01-20,49401.91138946833
Nifty IT TRI,2026-01-21,49263.311996448625
Nifty IT TRI,2026-01-22,49666.99000101386
Nifty IT TRI,2026-01-23,49587.39383133164
Nifty IT TRI,2026-01-27,50021.99697738459
Nifty IT TRI,2026-01-28,50231.00488308855
Nifty IT TRI,2026-01-29,49852.02381130795
Nifty IT TRI,2026-01-30,49341.8530324052
Nifty IT TRI,2026-02-02,49398.38576319561
Nifty IT TRI,2026-02-03,50098.330841351744
Nifty IT TRI,2026-02-04,47160.39180778584
Nifty IT TRI,2026-02-05,46900.12576224027
Nifty IT TRI,2026-02-06,46211.726706520225
Nifty IT TRI,2026-02-09,46225.763593062235
Nifty IT TRI,2026-02-10,46365.01929126442
Nifty IT TRI,2026-02-11,45553.374333754815
Nifty IT TRI,2026-02-12,43043.91966794413
Nifty IT TRI,2026-02-13,42424.61157932844
Nifty IT TRI,2026-02-16,42504.24911052658
Nifty IT TRI,2026-02-17,42943.87817504663
Nifty IT TRI,2026-02-18,42417.83518195423
Nifty IT TRI,2026-02-19,41966.85862566842
Nifty IT TRI,2026-02-20,41559.40585205756
Nifty IT TRI,2026-02-23,40976.44355303042
Nifty IT TRI,2026-02-24,39034.11030824359
Nifty IT TRI,2026-02-25,39650.19379512434
Nifty IT TRI,2026-02-26,39688.305663186846
Nifty IT TRI,2026-02-27,39754.740616768824
Nifty IT TRI,2026-03-02,39330.6599974857
Nifty IT TRI,2026-03-04,39376.537546150066
Nifty IT TRI,2026-03-05,39146.519417360214
Nifty IT TRI,2026-03-06,39163.504672923
Nifty IT TRI,2026-03-09,39199.9808159687
Nifty IT TRI,2026-03-10,39022.535636294444
Nifty IT TRI,2026-03-11,38540.46926473154
Nifty IT TRI,2026-03-12,38448.43857941183
Nifty IT TRI,2026-03-13,37789.77457254256
Nifty IT TRI,2026-03-16,37757.93468767703
Nifty IT TRI,2026-03-17,37393.590156155835
Nifty IT TRI,2026-03-18,38433.51051648074
Nifty IT TRI,2026-03-19,37161.50126391598
Nifty IT TRI,2026-03-20,37969.529788334505
Nifty IT TRI,2026-03-23,37906.752260268244
Nifty IT TRI,2026-03-24,38561.30851941361
Nifty IT TRI,2026-03-25,38592.327349000196
Nifty IT TRI,2026-03-27,38427.44968225441
Nifty IT TRI,2026-03-30,37809.84560029801
Nifty IT TRI,2026-04-01,38602.59687959748
Nifty IT TRI,2026-04-02,39609.504161937424
Nifty IT TRI,2026-04-06,39871.15343711105
Nifty IT TRI,2026-04-07,40871.08032866167
Nifty IT TRI,2026-04-08,41084.51521066103
Nifty IT TRI,2026-04-09,41178.15361909909
Nifty IT TRI,2026-04-10,40391.868855185705
Nifty IT TRI,2026-04-13,39928.074921776984
Nifty IT TRI,2026-04-15,41064.64643090733
Nifty IT TRI,2026-04-16,41428.299413629866
Nifty IT TRI,2026-04-17,41420.361191422155
Nifty IT TRI,2026-04-20,41134.58273582915
Nifty IT TRI,2026-04-21,41323.28732754574
Nifty IT TRI,2026-04-22,39719.5908623815
Nifty IT TRI,2026-04-23,39237.06506144767
Nifty IT TRI,2026-04-24,37163.0757591942
Nifty IT TRI,2026-04-27,37987.37239501979
Nifty IT TRI,2026-04-28,37729.64026629412
Nifty IT TRI,2026-04-29,38103.26149112655
Nifty IT TRI,2026-04-30,38246.68873157378
Nifty IT TRI,2026-05-04,37892.19649614386
Nifty IT TRI,2026-05-05,37934.64465162127
Nifty IT TRI,2026-05-06,38145.875905242036
Nifty IT TRI,2026-05-07,37855.19281146285
Nifty IT TRI,2026-05-08,38314.16423856247
Nifty IT TRI,2026-05-11,38235.36738422733
Nifty IT TRI,2026-05-12,36810.25553155209
Nifty IT TRI,2026-05-13,36397.126021462595
Nifty IT TRI,2026-05-14,35673.57543724961
Nifty IT TRI,2026-05-15,36140.226508518994
Nifty IT TRI,2026-05-18,37023.04977122601
Nifty IT TRI,2026-05-19,38222.33732940497
Nifty IT TRI,2026-05-20,38063.98083047149
Nifty IT TRI,2026-05-21,37851.87057865624
Nifty IT TRI,2026-05-22,37712.067343340525
Nifty IT TRI,2026-05-25,37805.4541114604
Nifty IT TRI,2026-05-26,37805.53998044535
Nifty IT TRI,2026-05-27,37713.71022027406
Nifty IT TRI,2026-05-29,37943.71319349465
Nifty IT TRI,2026-06-01,38959.46485649834
Nifty IT TRI,2026-06-02,40608.736769480114
Nifty IT TRI,2026-06-03,38350.12614198231
Nifty IT TRI,2026-06-04,38242.5604799661
Nifty IT TRI,2026-06-05,37865.51763860978
Nifty IT TRI,2026-06-08,37405.35245450227
Nifty IT TRI,2026-06-09,37227.933468904084
Nifty IT TRI,2026-06-10,36921.246356733864
Nifty IT TRI,2026-06-11,36323.89980792004
Nifty IT TRI,2026-06-12,36292.639037985544
Nifty IT TRI,2026-06-15,36653.353531923414
Nifty IT TRI,2026-06-16,37308.37667753329
Nifty IT TRI,2026-06-17,37625.53641176561
Nifty IT TRI,2026-06-18,37179.258541343224
Nifty IT TRI,2026-06-19,35823.215312465225
Nifty IT TRI,2026-06-22,36091.95275292957
Nifty IT TRI,2026-06-23,35288.325014771355
Nifty IT TRI,2026-06-24,36014.67227756269
Nifty IT TRI,2026-06-25,35708.289261487764
Nifty IT TRI,2026-06-29,35333.23123671418
Nifty IT TRI,2026-06-30,34368.61623619713
