index_name,date,tri
Nifty Infrastructure TRI,2011-06-30,3117.39990234375
Nifty Infrastructure TRI,2011-07-01,3109.901612349028
Nifty Infrastructure TRI,2011-07-04,3122.5079785589583
Nifty Infrastructure TRI,2011-07-05,3097.75580127
Nifty Infrastructure TRI,2011-07-06,3101.4577746069344
Nifty Infrastructure TRI,2011-07-07,3174.9757499285074
Nifty Infrastructure TRI,2011-07-08,3152.4734388978
Nifty Infrastructure TRI,2011-07-11,3123.621944396853
Nifty Infrastructure TRI,2011-07-12,3064.9008620247623
Nifty Infrastructure TRI,2011-07-13,3099.0153973617935
Nifty Infrastructure TRI,2011-07-14,3111.6723969515706
Nifty Infrastructure TRI,2011-07-15,3106.8216449752776
Nifty Infrastructure TRI,2011-07-18,3099.7215556816363
Nifty Infrastructure TRI,2011-07-19,3120.1354392547887
Nifty Infrastructure TRI,2011-07-20,3080.411286686043
Nifty Infrastructure TRI,2011-07-21,3063.6003935879494
Nifty Infrastructure TRI,2011-07-22,3121.792220474563
Nifty Infrastructure TRI,2011-07-25,3183.49806004025
Nifty Infrastructure TRI,2011-07-26,3097.278762359116
Nifty Infrastructure TRI,2011-07-27,3072.407955615935
Nifty Infrastructure TRI,2011-07-28,3043.7319957066743
Nifty Infrastructure TRI,2011-07-29,3032.1203640454232
Nifty Infrastructure TRI,2011-08-01,3064.8512338726464
Nifty Infrastructure TRI,2011-08-02,3028.011637291408
Nifty Infrastructure TRI,2011-08-03,2981.3586943516552
Nifty Infrastructure TRI,2011-08-04,2955.326114583863
Nifty Infrastructure TRI,2011-08-05,2888.293706424984
Nifty Infrastructure TRI,2011-08-08,2844.770944264038
Nifty Infrastructure TRI,2011-08-09,2811.7708447750474
Nifty Infrastructure TRI,2011-08-10,2866.4356995326616
Nifty Infrastructure TRI,2011-08-11,2836.4881368431766
Nifty Infrastructure TRI,2011-08-12,2809.492711733465
Nifty Infrastructure TRI,2011-08-16,2781.4159796862336
Nifty Infrastructure TRI,2011-08-17,2783.409945971143
Nifty Infrastructure TRI,2011-08-18,2754.1538753959176
Nifty Infrastructure TRI,2011-08-19,2687.885553660793
Nifty Infrastructure TRI,2011-08-22,2737.9349664039496
Nifty Infrastructure TRI,2011-08-23,2767.075573681403
Nifty Infrastructure TRI,2011-08-24,2736.1603498768054
Nifty Infrastructure TRI,2011-08-25,2726.6821798881247
Nifty Infrastructure TRI,2011-08-26,2673.7226195147978
Nifty Infrastructure TRI,2011-08-29,2764.662103153349
Nifty Infrastructure TRI,2011-08-30,2785.844420812226
Nifty Infrastructure TRI,2011-09-02,2791.227904053049
Nifty Infrastructure TRI,2011-09-05,2794.1573423286018
Nifty Infrastructure TRI,2011-09-06,2789.037085224021
Nifty Infrastructure TRI,2011-09-07,2851.919412634202
Nifty Infrastructure TRI,2011-09-08,2862.837321105406
Nifty Infrastructure TRI,2011-09-09,2816.723702097137
Nifty Infrastructure TRI,2011-09-12,2749.6873043250166
Nifty Infrastructure TRI,2011-09-13,2741.6069729489955
Nifty Infrastructure TRI,2011-09-14,2733.3760807213785
Nifty Infrastructure TRI,2011-09-15,2745.996824048728
Nifty Infrastructure TRI,2011-09-16,2764.1324172467184
Nifty Infrastructure TRI,2011-09-19,2728.558552514837
Nifty Infrastructure TRI,2011-09-20,2755.72006815055
Nifty Infrastructure TRI,2011-09-21,2765.435978538471
Nifty Infrastructure TRI,2011-09-22,2640.433595593967
Nifty Infrastructure TRI,2011-09-23,2627.3333730015943
Nifty Infrastructure TRI,2011-09-26,2607.834151575279
Nifty Infrastructure TRI,2011-09-27,2670.350521583725
Nifty Infrastructure TRI,2011-09-28,2629.517585103423
Nifty Infrastructure TRI,2011-09-29,2622.9837210864616
Nifty Infrastructure TRI,2011-09-30,2596.74039634632
Nifty Infrastructure TRI,2011-10-03,2542.4760872188785
Nifty Infrastructure TRI,2011-10-04,2531.975944839157
Nifty Infrastructure TRI,2011-10-05,2529.801498046763
Nifty Infrastructure TRI,2011-10-07,2567.1867423424046
Nifty Infrastructure TRI,2011-10-10,2598.0400476673035
Nifty Infrastructure TRI,2011-10-11,2632.691172934059
Nifty Infrastructure TRI,2011-10-12,2669.75238128209
Nifty Infrastructure TRI,2011-10-13,2642.094692225357
Nifty Infrastructure TRI,2011-10-14,2654.9249731333443
Nifty Infrastructure TRI,2011-10-17,2621.9669675398272
Nifty Infrastructure TRI,2011-10-18,2581.6077587031286
Nifty Infrastructure TRI,2011-10-19,2631.722964551563
Nifty Infrastructure TRI,2011-10-20,2610.2301284417367
Nifty Infrastructure TRI,2011-10-21,2563.693688390524
Nifty Infrastructure TRI,2011-10-24,2560.030176231496
Nifty Infrastructure TRI,2011-10-25,2606.540846890541
Nifty Infrastructure TRI,2011-10-28,2702.370013097202
Nifty Infrastructure TRI,2011-10-31,2692.845548661122
Nifty Infrastructure TRI,2011-11-01,2667.530781317351
Nifty Infrastructure TRI,2011-11-02,2657.2757177065464
Nifty Infrastructure TRI,2011-11-03,2689.7957391909245
Nifty Infrastructure TRI,2011-11-04,2709.7659287257065
Nifty Infrastructure TRI,2011-11-08,2713.283348390725
Nifty Infrastructure TRI,2011-11-09,2677.0658831540054
Nifty Infrastructure TRI,2011-11-11,2637.718066341018
Nifty Infrastructure TRI,2011-11-14,2626.374669673813
Nifty Infrastructure TRI,2011-11-15,2560.71485208717
Nifty Infrastructure TRI,2011-11-16,2507.858753766933
Nifty Infrastructure TRI,2011-11-17,2459.318954813705
Nifty Infrastructure TRI,2011-11-18,2456.937769995753
Nifty Infrastructure TRI,2011-11-21,2405.184557171964
Nifty Infrastructure TRI,2011-11-22,2393.156106622654
Nifty Infrastructure TRI,2011-11-23,2321.2919513615147
Nifty Infrastructure TRI,2011-11-24,2366.282826441052
Nifty Infrastructure TRI,2011-11-25,2390.777894234677
Nifty Infrastructure TRI,2011-11-28,2448.595463800303
Nifty Infrastructure TRI,2011-11-29,2419.4305199097266
Nifty Infrastructure TRI,2011-11-30,2437.5494039896275
Nifty Infrastructure TRI,2011-12-01,2449.186996510944
Nifty Infrastructure TRI,2011-12-02,2512.3354364527618
Nifty Infrastructure TRI,2011-12-05,2525.045894371895
Nifty Infrastructure TRI,2011-12-07,2513.6505797379054
Nifty Infrastructure TRI,2011-12-08,2420.644398325068
Nifty Infrastructure TRI,2011-12-09,2366.4873139597958
Nifty Infrastructure TRI,2011-12-12,2294.883173034479
Nifty Infrastructure TRI,2011-12-13,2297.6224294032395
Nifty Infrastructure TRI,2011-12-14,2273.86790417199
Nifty Infrastructure TRI,2011-12-15,2250.8156269990045
Nifty Infrastructure TRI,2011-12-16,2186.53492425986
Nifty Infrastructure TRI,2011-12-19,2143.356192779211
Nifty Infrastructure TRI,2011-12-20,2066.2914192487656
Nifty Infrastructure TRI,2011-12-21,2128.5111364192
Nifty Infrastructure TRI,2011-12-22,2145.6780894993617
Nifty Infrastructure TRI,2011-12-23,2138.4060358255133
Nifty Infrastructure TRI,2011-12-26,2178.2970509690845
Nifty Infrastructure TRI,2011-12-27,2167.1523060769605
Nifty Infrastructure TRI,2011-12-28,2174.9686855279997
Nifty Infrastructure TRI,2011-12-29,2135.0026440684483
Nifty Infrastructure TRI,2011-12-30,2137.637460811933
Nifty Infrastructure TRI,2012-01-02,2139.15487813468
Nifty Infrastructure TRI,2012-01-03,2221.5258851462613
Nifty Infrastructure TRI,2012-01-04,2216.869541538602
Nifty Infrastructure TRI,2012-01-05,2226.098138607047
Nifty Infrastructure TRI,2012-01-06,2199.2042228250766
Nifty Infrastructure TRI,2012-01-09,2213.860290488088
Nifty Infrastructure TRI,2012-01-10,2279.496827067312
Nifty Infrastructure TRI,2012-01-11,2288.2260694623055
Nifty Infrastructure TRI,2012-01-12,2294.9432820628895
Nifty Infrastructure TRI,2012-01-13,2358.2737505812374
Nifty Infrastructure TRI,2012-01-16,2382.3603212359603
Nifty Infrastructure TRI,2012-01-17,2451.0872419186144
Nifty Infrastructure TRI,2012-01-18,2418.099764724334
Nifty Infrastructure TRI,2012-01-19,2464.9376616101777
Nifty Infrastructure TRI,2012-01-20,2483.3901585305243
Nifty Infrastructure TRI,2012-01-23,2505.0780151664158
Nifty Infrastructure TRI,2012-01-24,2571.861397133321
Nifty Infrastructure TRI,2012-01-25,2575.7210757880143
Nifty Infrastructure TRI,2012-01-27,2617.021887179366
Nifty Infrastructure TRI,2012-01-30,2500.1121939790482
Nifty Infrastructure TRI,2012-01-31,2548.381110275541
Nifty Infrastructure TRI,2012-02-01,2581.1440094313257
Nifty Infrastructure TRI,2012-02-02,2633.295953776613
Nifty Infrastructure TRI,2012-02-03,2647.381417950394
Nifty Infrastructure TRI,2012-02-06,2673.2247012081584
Nifty Infrastructure TRI,2012-02-07,2609.098125444575
Nifty Infrastructure TRI,2012-02-08,2607.7227869147487
Nifty Infrastructure TRI,2012-02-09,2619.0397219541737
Nifty Infrastructure TRI,2012-02-10,2608.547817416643
Nifty Infrastructure TRI,2012-02-13,2597.822037052282
Nifty Infrastructure TRI,2012-02-14,2624.8576884696167
Nifty Infrastructure TRI,2012-02-15,2728.3672732548303
Nifty Infrastructure TRI,2012-02-16,2742.9655736257628
Nifty Infrastructure TRI,2012-02-17,2774.5930145758625
Nifty Infrastructure TRI,2012-02-21,2804.331183634684
Nifty Infrastructure TRI,2012-02-22,2714.479286567746
Nifty Infrastructure TRI,2012-02-23,2696.1250943163614
Nifty Infrastructure TRI,2012-02-24,2659.5280170901456
Nifty Infrastructure TRI,2012-02-27,2574.517224985406
Nifty Infrastructure TRI,2012-02-28,2656.0955875378695
Nifty Infrastructure TRI,2012-02-29,2648.9245326468736
Nifty Infrastructure TRI,2012-03-01,2625.4231597098506
Nifty Infrastructure TRI,2012-03-02,2639.420269235494
Nifty Infrastructure TRI,2012-03-05,2600.1083991507244
Nifty Infrastructure TRI,2012-03-06,2533.904292567887
Nifty Infrastructure TRI,2012-03-07,2527.5846824289297
Nifty Infrastructure TRI,2012-03-09,2594.44876829995
Nifty Infrastructure TRI,2012-03-12,2633.5764301003023
Nifty Infrastructure TRI,2012-03-13,2667.3441033260247
Nifty Infrastructure TRI,2012-03-14,2696.172370175685
Nifty Infrastructure TRI,2012-03-15,2641.499126287335
Nifty Infrastructure TRI,2012-03-16,2578.048169210938
Nifty Infrastructure TRI,2012-03-19,2528.2728093986857
Nifty Infrastructure TRI,2012-03-20,2531.7344873988136
Nifty Infrastructure TRI,2012-03-21,2603.383827036529
Nifty Infrastructure TRI,2012-03-22,2511.170509950776
Nifty Infrastructure TRI,2012-03-23,2542.8771841411462
Nifty Infrastructure TRI,2012-03-26,2491.5231626826817
Nifty Infrastructure TRI,2012-03-27,2513.901096334467
Nifty Infrastructure TRI,2012-03-28,2495.1163926032855
Nifty Infrastructure TRI,2012-03-29,2476.279962155506
Nifty Infrastructure TRI,2012-03-30,2531.703713795257
Nifty Infrastructure TRI,2012-04-02,2570.9026475825913
Nifty Infrastructure TRI,2012-04-03,2600.2511040315203
Nifty Infrastructure TRI,2012-04-04,2584.4923669804093
Nifty Infrastructure TRI,2012-04-09,2524.052494672438
Nifty Infrastructure TRI,2012-04-10,2519.8451857031496
Nifty Infrastructure TRI,2012-04-11,2493.9358404214745
Nifty Infrastructure TRI,2012-04-12,2513.0449011604614
Nifty Infrastructure TRI,2012-04-13,2500.862009014561
Nifty Infrastructure TRI,2012-04-16,2504.7920469498604
Nifty Infrastructure TRI,2012-04-17,2552.1726174342207
Nifty Infrastructure TRI,2012-04-18,2546.2993399104157
Nifty Infrastructure TRI,2012-04-19,2534.014313357588
Nifty Infrastructure TRI,2012-04-20,2496.9407672327056
Nifty Infrastructure TRI,2012-04-23,2420.997583530544
Nifty Infrastructure TRI,2012-04-24,2402.7989416113537
Nifty Infrastructure TRI,2012-04-25,2400.40334228254
Nifty Infrastructure TRI,2012-04-26,2371.700193728028
Nifty Infrastructure TRI,2012-04-27,2364.6577246432566
Nifty Infrastructure TRI,2012-04-30,2386.4532418304216
Nifty Infrastructure TRI,2012-05-02,2374.9426891301664
Nifty Infrastructure TRI,2012-05-03,2348.5554299918126
Nifty Infrastructure TRI,2012-05-04,2283.6293560883
Nifty Infrastructure TRI,2012-05-07,2342.699680263604
Nifty Infrastructure TRI,2012-05-08,2275.7446204370817
Nifty Infrastructure TRI,2012-05-09,2243.5394200119226
Nifty Infrastructure TRI,2012-05-10,2237.954932967501
Nifty Infrastructure TRI,2012-05-11,2214.5874052816566
Nifty Infrastructure TRI,2012-05-14,2212.2276378146057
Nifty Infrastructure TRI,2012-05-15,2247.5664329652036
Nifty Infrastructure TRI,2012-05-16,2206.510966212347
Nifty Infrastructure TRI,2012-05-17,2183.3904608023204
Nifty Infrastructure TRI,2012-05-18,2178.0549353656343
Nifty Infrastructure TRI,2012-05-21,2211.368885602785
Nifty Infrastructure TRI,2012-05-22,2170.5062745672008
Nifty Infrastructure TRI,2012-05-23,2138.94002320307
Nifty Infrastructure TRI,2012-05-24,2178.8356507797744
Nifty Infrastructure TRI,2012-05-25,2197.7082045695233
Nifty Infrastructure TRI,2012-05-28,2239.624593233452
Nifty Infrastructure TRI,2012-05-29,2237.11996736404
Nifty Infrastructure TRI,2012-05-30,2215.50686708105
Nifty Infrastructure TRI,2012-05-31,2210.574656108199
Nifty Infrastructure TRI,2012-06-01,2164.896081113514
Nifty Infrastructure TRI,2012-06-04,2176.3322385579954
Nifty Infrastructure TRI,2012-06-05,2194.048686193269
Nifty Infrastructure TRI,2012-06-06,2277.0413550663525
Nifty Infrastructure TRI,2012-06-07,2302.5489346573268
Nifty Infrastructure TRI,2012-06-08,2332.3058267136303
Nifty Infrastructure TRI,2012-06-11,2317.970329633338
Nifty Infrastructure TRI,2012-06-12,2352.940368974866
Nifty Infrastructure TRI,2012-06-13,2361.1592942493767
Nifty Infrastructure TRI,2012-06-14,2301.8616358268014
Nifty Infrastructure TRI,2012-06-15,2338.6047440381712
Nifty Infrastructure TRI,2012-06-18,2314.7066966991583
Nifty Infrastructure TRI,2012-06-19,2327.579709627904
Nifty Infrastructure TRI,2012-06-20,2343.741567499712
Nifty Infrastructure TRI,2012-06-21,2386.2602729397245
Nifty Infrastructure TRI,2012-06-22,2375.0569294450793
Nifty Infrastructure TRI,2012-06-25,2356.418557585317
Nifty Infrastructure TRI,2012-06-26,2359.429905981616
Nifty Infrastructure TRI,2012-06-27,2367.4000324232065
Nifty Infrastructure TRI,2012-06-28,2369.450619796902
Nifty Infrastructure TRI,2012-06-29,2444.870739547693
Nifty Infrastructure TRI,2012-07-02,2464.4413246900317
Nifty Infrastructure TRI,2012-07-03,2479.197608557676
Nifty Infrastructure TRI,2012-07-04,2513.7425724695477
Nifty Infrastructure TRI,2012-07-05,2527.590305767523
Nifty Infrastructure TRI,2012-07-06,2501.253979747604
Nifty Infrastructure TRI,2012-07-09,2465.9664430811013
Nifty Infrastructure TRI,2012-07-10,2505.022660722319
Nifty Infrastructure TRI,2012-07-11,2497.6635661325363
Nifty Infrastructure TRI,2012-07-12,2464.23388784518
Nifty Infrastructure TRI,2012-07-13,2455.151604616604
Nifty Infrastructure TRI,2012-07-16,2447.393086462214
Nifty Infrastructure TRI,2012-07-17,2434.6132131770046
Nifty Infrastructure TRI,2012-07-18,2453.83114263627
Nifty Infrastructure TRI,2012-07-19,2454.3162450419936
Nifty Infrastructure TRI,2012-07-20,2435.2060501524556
Nifty Infrastructure TRI,2012-07-23,2379.0325641904888
Nifty Infrastructure TRI,2012-07-24,2371.0584051603114
Nifty Infrastructure TRI,2012-07-25,2339.788140311974
Nifty Infrastructure TRI,2012-07-26,2307.8573071228725
Nifty Infrastructure TRI,2012-07-27,2318.568314320437
Nifty Infrastructure TRI,2012-07-30,2391.53014613769
Nifty Infrastructure TRI,2012-07-31,2380.211440185977
Nifty Infrastructure TRI,2012-08-01,2395.789395072237
Nifty Infrastructure TRI,2012-08-02,2407.3663585912586
Nifty Infrastructure TRI,2012-08-03,2397.61748383525
Nifty Infrastructure TRI,2012-08-06,2423.943551186933
Nifty Infrastructure TRI,2012-08-07,2435.2195254646385
Nifty Infrastructure TRI,2012-08-08,2399.3771042030653
Nifty Infrastructure TRI,2012-08-09,2385.06573054048
Nifty Infrastructure TRI,2012-08-10,2381.8501372271658
Nifty Infrastructure TRI,2012-08-13,2409.3462756417994
Nifty Infrastructure TRI,2012-08-14,2421.2322926376696
Nifty Infrastructure TRI,2012-08-16,2425.647430112569
Nifty Infrastructure TRI,2012-08-17,2395.673138199875
Nifty Infrastructure TRI,2012-08-21,2417.8323689239855
Nifty Infrastructure TRI,2012-08-22,2388.66373826021
Nifty Infrastructure TRI,2012-08-23,2371.760413525693
Nifty Infrastructure TRI,2012-08-24,2351.7637076895708
Nifty Infrastructure TRI,2012-08-27,2321.221095998065
Nifty Infrastructure TRI,2012-08-28,2304.2620471328228
Nifty Infrastructure TRI,2012-08-29,2271.483483491757
Nifty Infrastructure TRI,2012-08-30,2283.573928469059
Nifty Infrastructure TRI,2012-08-31,2265.2938801887144
Nifty Infrastructure TRI,2012-09-03,2271.1443107982755
Nifty Infrastructure TRI,2012-09-04,2293.074727867675
Nifty Infrastructure TRI,2012-09-05,2263.7873714527454
Nifty Infrastructure TRI,2012-09-06,2250.980064735247
Nifty Infrastructure TRI,2012-09-07,2300.754667173812
Nifty Infrastructure TRI,2012-09-10,2305.4433898174893
Nifty Infrastructure TRI,2012-09-11,2311.706869312641
Nifty Infrastructure TRI,2012-09-12,2324.05734907499
Nifty Infrastructure TRI,2012-09-13,2319.010190302301
Nifty Infrastructure TRI,2012-09-14,2376.052238616094
Nifty Infrastructure TRI,2012-09-17,2454.868803781393
Nifty Infrastructure TRI,2012-09-18,2474.836655015686
Nifty Infrastructure TRI,2012-09-20,2439.12720019232
Nifty Infrastructure TRI,2012-09-21,2542.155406861696
Nifty Infrastructure TRI,2012-09-24,2559.0993185999837
Nifty Infrastructure TRI,2012-09-25,2555.3770053908056
Nifty Infrastructure TRI,2012-09-26,2534.248119666147
Nifty Infrastructure TRI,2012-09-27,2541.029791464781
Nifty Infrastructure TRI,2012-09-28,2563.848765112814
Nifty Infrastructure TRI,2012-10-01,2576.9917344643814
Nifty Infrastructure TRI,2012-10-03,2581.2715483085094
Nifty Infrastructure TRI,2012-10-04,2623.1821521070847
Nifty Infrastructure TRI,2012-10-05,2616.9225990010223
Nifty Infrastructure TRI,2012-10-08,2573.824238122184
Nifty Infrastructure TRI,2012-10-09,2583.7067517497167
Nifty Infrastructure TRI,2012-10-10,2544.241040971712
Nifty Infrastructure TRI,2012-10-11,2595.705234374458
Nifty Infrastructure TRI,2012-10-12,2586.2952832584006
Nifty Infrastructure TRI,2012-10-15,2586.0409066521675
Nifty Infrastructure TRI,2012-10-16,2550.884072090848
Nifty Infrastructure TRI,2012-10-17,2573.9208050810244
Nifty Infrastructure TRI,2012-10-18,2602.5449604752116
Nifty Infrastructure TRI,2012-10-19,2574.292022549073
Nifty Infrastructure TRI,2012-10-22,2607.151522068713
Nifty Infrastructure TRI,2012-10-23,2609.5728866306613
Nifty Infrastructure TRI,2012-10-25,2609.0322626056595
Nifty Infrastructure TRI,2012-10-29,2568.9858460999512
Nifty Infrastructure TRI,2012-10-30,2529.39235538823
Nifty Infrastructure TRI,2012-10-31,2525.868012826161
Nifty Infrastructure TRI,2012-11-01,2554.8085400266323
Nifty Infrastructure TRI,2012-11-02,2581.7186255754136
Nifty Infrastructure TRI,2012-11-05,2572.825206324774
Nifty Infrastructure TRI,2012-11-06,2579.6677593195986
Nifty Infrastructure TRI,2012-11-07,2588.695768051425
Nifty Infrastructure TRI,2012-11-08,2572.9758061477214
Nifty Infrastructure TRI,2012-11-09,2548.2089807702428
Nifty Infrastructure TRI,2012-11-12,2545.81566581917
Nifty Infrastructure TRI,2012-11-15,2564.923015309342
Nifty Infrastructure TRI,2012-11-16,2545.4366682053305
Nifty Infrastructure TRI,2012-11-19,2539.992290393876
Nifty Infrastructure TRI,2012-11-20,2525.128889966646
Nifty Infrastructure TRI,2012-11-21,2525.1604691888137
Nifty Infrastructure TRI,2012-11-22,2543.5967447534053
Nifty Infrastructure TRI,2012-11-23,2538.900615685105
Nifty Infrastructure TRI,2012-11-26,2564.9292026452235
Nifty Infrastructure TRI,2012-11-27,2608.896439490825
Nifty Infrastructure TRI,2012-11-29,2639.1210558367225
Nifty Infrastructure TRI,2012-11-30,2674.5512743418417
Nifty Infrastructure TRI,2012-12-03,2676.135482331575
Nifty Infrastructure TRI,2012-12-04,2689.497747062679
Nifty Infrastructure TRI,2012-12-05,2686.076085147166
Nifty Infrastructure TRI,2012-12-06,2703.355973065724
Nifty Infrastructure TRI,2012-12-07,2700.0363665430395
Nifty Infrastructure TRI,2012-12-10,2684.7342425973934
Nifty Infrastructure TRI,2012-12-11,2663.6077886014295
Nifty Infrastructure TRI,2012-12-12,2647.4148921268024
Nifty Infrastructure TRI,2012-12-13,2625.421085386817
Nifty Infrastructure TRI,2012-12-14,2624.642053016334
Nifty Infrastructure TRI,2012-12-17,2612.6363749914344
Nifty Infrastructure TRI,2012-12-18,2654.54870937123
Nifty Infrastructure TRI,2012-12-19,2651.429668444464
Nifty Infrastructure TRI,2012-12-20,2636.504318824989
Nifty Infrastructure TRI,2012-12-21,2582.087608453284
Nifty Infrastructure TRI,2012-12-24,2586.1067533436335
Nifty Infrastructure TRI,2012-12-26,2633.254601395285
Nifty Infrastructure TRI,2012-12-27,2622.6007407321836
Nifty Infrastructure TRI,2012-12-28,2634.190122678776
Nifty Infrastructure TRI,2012-12-31,2631.851955270232
Nifty Infrastructure TRI,2013-01-01,2663.042679860278
Nifty Infrastructure TRI,2013-01-02,2687.7188670959004
Nifty Infrastructure TRI,2013-01-03,2694.832542643512
Nifty Infrastructure TRI,2013-01-04,2696.8551435876207
Nifty Infrastructure TRI,2013-01-07,2669.471081444734
Nifty Infrastructure TRI,2013-01-08,2673.98811405675
Nifty Infrastructure TRI,2013-01-09,2654.9799971930966
Nifty Infrastructure TRI,2013-01-10,2637.192734697919
Nifty Infrastructure TRI,2013-01-11,2595.0115129181495
Nifty Infrastructure TRI,2013-01-14,2630.3054248469953
Nifty Infrastructure TRI,2013-01-15,2663.5475707929504
Nifty Infrastructure TRI,2013-01-16,2627.6249464045713
Nifty Infrastructure TRI,2013-01-17,2632.0911790682985
Nifty Infrastructure TRI,2013-01-18,2645.7262097597536
Nifty Infrastructure TRI,2013-01-21,2686.4326652716873
Nifty Infrastructure TRI,2013-01-22,2663.5961346956633
Nifty Infrastructure TRI,2013-01-23,2679.4759143300053
Nifty Infrastructure TRI,2013-01-24,2644.4105846640923
Nifty Infrastructure TRI,2013-01-25,2675.167379836287
Nifty Infrastructure TRI,2013-01-28,2658.666073454051
Nifty Infrastructure TRI,2013-01-29,2645.504742788575
Nifty Infrastructure TRI,2013-01-30,2617.004705419852
Nifty Infrastructure TRI,2013-01-31,2610.618684373325
Nifty Infrastructure TRI,2013-02-01,2586.345175730615
Nifty Infrastructure TRI,2013-02-04,2568.506208302629
Nifty Infrastructure TRI,2013-02-05,2545.094914327651
Nifty Infrastructure TRI,2013-02-06,2529.6836314032535
Nifty Infrastructure TRI,2013-02-07,2495.97360785279
Nifty Infrastructure TRI,2013-02-08,2500.897379498362
Nifty Infrastructure TRI,2013-02-11,2488.6022485310286
Nifty Infrastructure TRI,2013-02-12,2495.05574503101
Nifty Infrastructure TRI,2013-02-13,2470.820192171954
Nifty Infrastructure TRI,2013-02-14,2413.088124944658
Nifty Infrastructure TRI,2013-02-15,2425.147883297802
Nifty Infrastructure TRI,2013-02-18,2450.9304168786593
Nifty Infrastructure TRI,2013-02-19,2456.211482860237
Nifty Infrastructure TRI,2013-02-20,2442.625940015619
Nifty Infrastructure TRI,2013-02-21,2395.1806184194347
Nifty Infrastructure TRI,2013-02-22,2421.6228076027724
Nifty Infrastructure TRI,2013-02-25,2396.6664192096623
Nifty Infrastructure TRI,2013-02-26,2370.632288951497
Nifty Infrastructure TRI,2013-02-27,2419.4681372436376
Nifty Infrastructure TRI,2013-02-28,2346.1008030773573
Nifty Infrastructure TRI,2013-03-01,2363.825577218665
Nifty Infrastructure TRI,2013-03-04,2327.99250637902
Nifty Infrastructure TRI,2013-03-05,2367.9603503066414
Nifty Infrastructure TRI,2013-03-06,2396.809761403644
Nifty Infrastructure TRI,2013-03-07,2419.794455124283
Nifty Infrastructure TRI,2013-03-08,2456.453052839583
Nifty Infrastructure TRI,2013-03-11,2466.5920991780013
Nifty Infrastructure TRI,2013-03-12,2435.139674127163
Nifty Infrastructure TRI,2013-03-13,2423.891316532192
Nifty Infrastructure TRI,2013-03-14,2448.5148700411723
Nifty Infrastructure TRI,2013-03-15,2428.1319959866373
Nifty Infrastructure TRI,2013-03-18,2417.0915024128367
Nifty Infrastructure TRI,2013-03-19,2352.252462038131
Nifty Infrastructure TRI,2013-03-20,2280.5190894504594
Nifty Infrastructure TRI,2013-03-21,2247.9283510600653
Nifty Infrastructure TRI,2013-03-22,2246.9301034572136
Nifty Infrastructure TRI,2013-03-25,2235.5116054828122
Nifty Infrastructure TRI,2013-03-26,2224.4052105522883
Nifty Infrastructure TRI,2013-03-28,2256.253273635398
Nifty Infrastructure TRI,2013-04-01,2292.03316864707
Nifty Infrastructure TRI,2013-04-02,2320.0884815313448
Nifty Infrastructure TRI,2013-04-03,2281.2558622063416
Nifty Infrastructure TRI,2013-04-04,2236.3951503944745
Nifty Infrastructure TRI,2013-04-05,2221.5061666600523
Nifty Infrastructure TRI,2013-04-08,2231.58037842038
Nifty Infrastructure TRI,2013-04-09,2212.807830491298
Nifty Infrastructure TRI,2013-04-10,2254.453518613879
Nifty Infrastructure TRI,2013-04-11,2255.2932635180596
Nifty Infrastructure TRI,2013-04-12,2259.4530065912563
Nifty Infrastructure TRI,2013-04-15,2272.189257138371
Nifty Infrastructure TRI,2013-04-16,2333.153966175631
Nifty Infrastructure TRI,2013-04-17,2325.4654815093836
Nifty Infrastructure TRI,2013-04-18,2383.7284444481884
Nifty Infrastructure TRI,2013-04-22,2445.657794531529
Nifty Infrastructure TRI,2013-04-23,2429.2340138430427
Nifty Infrastructure TRI,2013-04-25,2455.963534388693
Nifty Infrastructure TRI,2013-04-26,2470.453887846664
Nifty Infrastructure TRI,2013-04-29,2487.6624734950055
Nifty Infrastructure TRI,2013-04-30,2483.1441675111105
Nifty Infrastructure TRI,2013-05-02,2523.8874763190356
Nifty Infrastructure TRI,2013-05-03,2531.0231404813853
Nifty Infrastructure TRI,2013-05-06,2530.2488092534654
Nifty Infrastructure TRI,2013-05-07,2560.3886157658376
Nifty Infrastructure TRI,2013-05-08,2540.4847203580025
Nifty Infrastructure TRI,2013-05-09,2536.2223931004637
Nifty Infrastructure TRI,2013-05-10,2532.6754542177882
Nifty Infrastructure TRI,2013-05-13,2475.6604441021395
Nifty Infrastructure TRI,2013-05-14,2493.483081898532
Nifty Infrastructure TRI,2013-05-15,2553.2346855274177
Nifty Infrastructure TRI,2013-05-16,2568.504623683925
Nifty Infrastructure TRI,2013-05-17,2612.8198549711583
Nifty Infrastructure TRI,2013-05-20,2591.9550917771317
Nifty Infrastructure TRI,2013-05-21,2556.3432960426258
Nifty Infrastructure TRI,2013-05-22,2504.823693688808
Nifty Infrastructure TRI,2013-05-23,2386.3523404678613
Nifty Infrastructure TRI,2013-05-24,2416.6577281521204
Nifty Infrastructure TRI,2013-05-27,2458.582747484796
Nifty Infrastructure TRI,2013-05-28,2475.031963487448
Nifty Infrastructure TRI,2013-05-29,2456.1856133115675
Nifty Infrastructure TRI,2013-05-30,2449.1039597334775
Nifty Infrastructure TRI,2013-05-31,2395.5193696494175
Nifty Infrastructure TRI,2013-06-03,2382.963358990774
Nifty Infrastructure TRI,2013-06-04,2403.7116219968148
Nifty Infrastructure TRI,2013-06-05,2412.5396028743694
Nifty Infrastructure TRI,2013-06-06,2401.5148570204497
Nifty Infrastructure TRI,2013-06-07,2362.5509945260737
Nifty Infrastructure TRI,2013-06-10,2340.8286258548264
Nifty Infrastructure TRI,2013-06-11,2307.742702039811
Nifty Infrastructure TRI,2013-06-12,2300.755614972391
Nifty Infrastructure TRI,2013-06-13,2289.315342721249
Nifty Infrastructure TRI,2013-06-14,2343.4375968392114
Nifty Infrastructure TRI,2013-06-17,2368.082923633263
Nifty Infrastructure TRI,2013-06-18,2357.717967083911
Nifty Infrastructure TRI,2013-06-19,2365.985311140842
Nifty Infrastructure TRI,2013-06-20,2289.070894416502
Nifty Infrastructure TRI,2013-06-21,2287.0466911385465
Nifty Infrastructure TRI,2013-06-24,2226.754638294578
Nifty Infrastructure TRI,2013-06-25,2237.4770446631824
Nifty Infrastructure TRI,2013-06-26,2214.6630166814334
Nifty Infrastructure TRI,2013-06-27,2220.930961095835
Nifty Infrastructure TRI,2013-06-28,2309.5363565223242
Nifty Infrastructure TRI,2013-07-01,2380.2785153651234
Nifty Infrastructure TRI,2013-07-02,2366.580441815165
Nifty Infrastructure TRI,2013-07-03,2305.7652116267623
Nifty Infrastructure TRI,2013-07-04,2323.868199667145
Nifty Infrastructure TRI,2013-07-05,2322.1515213401726
Nifty Infrastructure TRI,2013-07-08,2318.076498459049
Nifty Infrastructure TRI,2013-07-09,2349.3470166426982
Nifty Infrastructure TRI,2013-07-10,2327.6532202140743
Nifty Infrastructure TRI,2013-07-11,2376.804064835953
Nifty Infrastructure TRI,2013-07-12,2417.0447266714805
Nifty Infrastructure TRI,2013-07-15,2436.5962897053605
Nifty Infrastructure TRI,2013-07-16,2413.46660200372
Nifty Infrastructure TRI,2013-07-17,2403.0932330565242
Nifty Infrastructure TRI,2013-07-18,2439.755703724561
Nifty Infrastructure TRI,2013-07-19,2413.8054047763053
Nifty Infrastructure TRI,2013-07-22,2355.212932827742
Nifty Infrastructure TRI,2013-07-23,2352.8811658327536
Nifty Infrastructure TRI,2013-07-24,2318.7756169719205
Nifty Infrastructure TRI,2013-07-25,2297.4287534498735
Nifty Infrastructure TRI,2013-07-26,2286.0747930140665
Nifty Infrastructure TRI,2013-07-29,2263.6432854243244
Nifty Infrastructure TRI,2013-07-30,2214.4582531197084
Nifty Infrastructure TRI,2013-07-31,2233.8554100408096
Nifty Infrastructure TRI,2013-08-01,2211.527205435851
Nifty Infrastructure TRI,2013-08-02,2148.85300816694
Nifty Infrastructure TRI,2013-08-05,2117.4311773854633
Nifty Infrastructure TRI,2013-08-06,2061.616083448317
Nifty Infrastructure TRI,2013-08-07,2081.0639887313278
Nifty Infrastructure TRI,2013-08-08,2112.767681289226
Nifty Infrastructure TRI,2013-08-12,2142.5810295099664
Nifty Infrastructure TRI,2013-08-13,2178.804584641034
Nifty Infrastructure TRI,2013-08-14,2181.952743543893
Nifty Infrastructure TRI,2013-08-16,2083.727229191453
Nifty Infrastructure TRI,2013-08-19,2037.5637261453783
Nifty Infrastructure TRI,2013-08-20,2033.5781428848538
Nifty Infrastructure TRI,2013-08-21,1969.88475572703
Nifty Infrastructure TRI,2013-08-22,2016.270080264007
Nifty Infrastructure TRI,2013-08-23,2027.2623942538426
Nifty Infrastructure TRI,2013-08-26,2048.598148908171
Nifty Infrastructure TRI,2013-08-27,1951.6983654510718
Nifty Infrastructure TRI,2013-08-28,1948.375807281525
Nifty Infrastructure TRI,2013-08-29,2007.0336960883558
Nifty Infrastructure TRI,2013-08-30,2008.6385487649502
Nifty Infrastructure TRI,2013-09-02,2027.3601870302389
Nifty Infrastructure TRI,2013-09-03,1946.089181107291
Nifty Infrastructure TRI,2013-09-04,1992.4933988268015
Nifty Infrastructure TRI,2013-09-05,2028.8418345008467
Nifty Infrastructure TRI,2013-09-06,2091.00757535778
Nifty Infrastructure TRI,2013-09-10,2193.9891837149266
Nifty Infrastructure TRI,2013-09-11,2206.8420236976713
Nifty Infrastructure TRI,2013-09-12,2185.868000984544
Nifty Infrastructure TRI,2013-09-13,2227.468487783445
Nifty Infrastructure TRI,2013-09-16,2227.8406524716315
Nifty Infrastructure TRI,2013-09-17,2212.5113143623907
Nifty Infrastructure TRI,2013-09-18,2231.836823892324
Nifty Infrastructure TRI,2013-09-19,2334.8537896826283
Nifty Infrastructure TRI,2013-09-20,2289.5407999206827
Nifty Infrastructure TRI,2013-09-23,2227.066258864394
Nifty Infrastructure TRI,2013-09-24,2240.5419317393284
Nifty Infrastructure TRI,2013-09-25,2276.305955715303
Nifty Infrastructure TRI,2013-09-26,2283.6214620588667
Nifty Infrastructure TRI,2013-09-27,2246.4107421474764
Nifty Infrastructure TRI,2013-09-30,2193.830430109061
Nifty Infrastructure TRI,2013-10-01,2208.592177043304
Nifty Infrastructure TRI,2013-10-03,2255.5319734842674
Nifty Infrastructure TRI,2013-10-04,2245.2290318848545
Nifty Infrastructure TRI,2013-10-07,2238.2055060617395
Nifty Infrastructure TRI,2013-10-08,2278.5055578315155
Nifty Infrastructure TRI,2013-10-09,2312.0780236369656
Nifty Infrastructure TRI,2013-10-10,2314.516763091435
Nifty Infrastructure TRI,2013-10-11,2333.7060301334423
Nifty Infrastructure TRI,2013-10-14,2329.104490637286
Nifty Infrastructure TRI,2013-10-15,2327.690375925677
Nifty Infrastructure TRI,2013-10-17,2307.800065433155
Nifty Infrastructure TRI,2013-10-18,2364.715151845935
Nifty Infrastructure TRI,2013-10-21,2410.587858952933
Nifty Infrastructure TRI,2013-10-22,2434.104600781758
Nifty Infrastructure TRI,2013-10-23,2419.945996230767
Nifty Infrastructure TRI,2013-10-24,2417.5063622421303
Nifty Infrastructure TRI,2013-10-25,2382.1165011217277
Nifty Infrastructure TRI,2013-10-28,2371.3484020058513
Nifty Infrastructure TRI,2013-10-29,2406.1793449992415
Nifty Infrastructure TRI,2013-10-30,2432.0156286185775
Nifty Infrastructure TRI,2013-10-31,2460.989910813963
Nifty Infrastructure TRI,2013-11-01,2472.3303018162555
Nifty Infrastructure TRI,2013-11-05,2453.369838685971
Nifty Infrastructure TRI,2013-11-06,2455.455458444709
Nifty Infrastructure TRI,2013-11-07,2415.4234430288357
Nifty Infrastructure TRI,2013-11-08,2432.936230875847
Nifty Infrastructure TRI,2013-11-11,2387.4510567059046
Nifty Infrastructure TRI,2013-11-12,2347.770410338848
Nifty Infrastructure TRI,2013-11-13,2333.136344248223
Nifty Infrastructure TRI,2013-11-14,2387.1191163688122
Nifty Infrastructure TRI,2013-11-18,2446.7979997601096
Nifty Infrastructure TRI,2013-11-19,2469.9771437468016
Nifty Infrastructure TRI,2013-11-20,2441.864295325693
Nifty Infrastructure TRI,2013-11-21,2385.041179525065
Nifty Infrastructure TRI,2013-11-22,2393.6085056892416
Nifty Infrastructure TRI,2013-11-25,2446.0710237822523
Nifty Infrastructure TRI,2013-11-26,2436.270906814755
Nifty Infrastructure TRI,2013-11-27,2421.427215694475
Nifty Infrastructure TRI,2013-11-28,2457.7864365038718
Nifty Infrastructure TRI,2013-11-29,2498.6253999216638
Nifty Infrastructure TRI,2013-12-02,2530.4714654687496
Nifty Infrastructure TRI,2013-12-03,2514.6500543119187
Nifty Infrastructure TRI,2013-12-04,2503.3569786930816
Nifty Infrastructure TRI,2013-12-05,2562.68415885551
Nifty Infrastructure TRI,2013-12-06,2592.674417057632
Nifty Infrastructure TRI,2013-12-09,2655.4249824946255
Nifty Infrastructure TRI,2013-12-10,2570.618739740438
Nifty Infrastructure TRI,2013-12-11,2534.098451453636
Nifty Infrastructure TRI,2013-12-12,2520.8980032605973
Nifty Infrastructure TRI,2013-12-13,2477.3714986697096
Nifty Infrastructure TRI,2013-12-16,2479.7251817051356
Nifty Infrastructure TRI,2013-12-17,2491.7011313580983
Nifty Infrastructure TRI,2013-12-18,2539.8273206761655
Nifty Infrastructure TRI,2013-12-19,2505.5104592522
Nifty Infrastructure TRI,2013-12-20,2527.324618739069
Nifty Infrastructure TRI,2013-12-23,2540.242091161073
Nifty Infrastructure TRI,2013-12-24,2539.8100043301156
Nifty Infrastructure TRI,2013-12-26,2548.4232092192806
Nifty Infrastructure TRI,2013-12-27,2554.2754023558196
Nifty Infrastructure TRI,2013-12-30,2540.1530377263252
Nifty Infrastructure TRI,2013-12-31,2552.497118163957
Nifty Infrastructure TRI,2014-01-01,2568.6540592562465
Nifty Infrastructure TRI,2014-01-02,2497.3826849550883
Nifty Infrastructure TRI,2014-01-03,2462.5326157065333
Nifty Infrastructure TRI,2014-01-06,2456.126992529377
Nifty Infrastructure TRI,2014-01-07,2449.4053502509396
Nifty Infrastructure TRI,2014-01-08,2435.108486257507
Nifty Infrastructure TRI,2014-01-09,2407.56690590018
Nifty Infrastructure TRI,2014-01-10,2380.332775353623
Nifty Infrastructure TRI,2014-01-13,2398.3468046937737
Nifty Infrastructure TRI,2014-01-14,2390.951797734345
Nifty Infrastructure TRI,2014-01-15,2427.830768122807
Nifty Infrastructure TRI,2014-01-16,2402.911409224564
Nifty Infrastructure TRI,2014-01-17,2387.4747033132417
Nifty Infrastructure TRI,2014-01-20,2397.2970437673634
Nifty Infrastructure TRI,2014-01-21,2395.931981501218
Nifty Infrastructure TRI,2014-01-22,2401.6811386681097
Nifty Infrastructure TRI,2014-01-23,2425.88739870464
Nifty Infrastructure TRI,2014-01-24,2381.8853258110885
Nifty Infrastructure TRI,2014-01-27,2305.961592591151
Nifty Infrastructure TRI,2014-01-28,2302.2725940610476
Nifty Infrastructure TRI,2014-01-29,2308.6388756334804
Nifty Infrastructure TRI,2014-01-30,2299.5867822792907
Nifty Infrastructure TRI,2014-01-31,2327.457452404451
Nifty Infrastructure TRI,2014-02-03,2292.4089894997032
Nifty Infrastructure TRI,2014-02-04,2325.7501206223637
Nifty Infrastructure TRI,2014-02-05,2330.31340232096
Nifty Infrastructure TRI,2014-02-06,2330.8536688096315
Nifty Infrastructure TRI,2014-02-07,2343.463790964755
Nifty Infrastructure TRI,2014-02-10,2328.9914782877145
Nifty Infrastructure TRI,2014-02-11,2317.0994170822382
Nifty Infrastructure TRI,2014-02-12,2334.71537827481
Nifty Infrastructure TRI,2014-02-13,2292.2808896994566
Nifty Infrastructure TRI,2014-02-14,2305.7181473832743
Nifty Infrastructure TRI,2014-02-17,2315.6959410622067
Nifty Infrastructure TRI,2014-02-18,2347.0407282784136
Nifty Infrastructure TRI,2014-02-19,2354.2382004599044
Nifty Infrastructure TRI,2014-02-20,2351.476947221315
Nifty Infrastructure TRI,2014-02-21,2359.913732849076
Nifty Infrastructure TRI,2014-02-24,2358.441700839268
Nifty Infrastructure TRI,2014-02-25,2357.125380201354
Nifty Infrastructure TRI,2014-02-26,2367.16350674205
Nifty Infrastructure TRI,2014-02-28,2384.454755470874
Nifty Infrastructure TRI,2014-03-03,2364.452814091824
Nifty Infrastructure TRI,2014-03-04,2401.853460630899
Nifty Infrastructure TRI,2014-03-05,2401.4670812915824
Nifty Infrastructure TRI,2014-03-06,2451.777914100042
Nifty Infrastructure TRI,2014-03-07,2543.1359144144917
Nifty Infrastructure TRI,2014-03-10,2590.164552824459
Nifty Infrastructure TRI,2014-03-11,2584.5176556984443
Nifty Infrastructure TRI,2014-03-12,2566.5293676384126
Nifty Infrastructure TRI,2014-03-13,2554.891522404807
Nifty Infrastructure TRI,2014-03-14,2581.724199853582
Nifty Infrastructure TRI,2014-03-18,2588.104213370248
Nifty Infrastructure TRI,2014-03-19,2597.536839653475
Nifty Infrastructure TRI,2014-03-20,2553.926171242417
Nifty Infrastructure TRI,2014-03-21,2554.474393029289
Nifty Infrastructure TRI,2014-03-24,2577.660124771632
Nifty Infrastructure TRI,2014-03-25,2613.2335951102127
Nifty Infrastructure TRI,2014-03-26,2634.086065489977
Nifty Infrastructure TRI,2014-03-27,2666.6157142088036
Nifty Infrastructure TRI,2014-03-28,2723.997313121423
Nifty Infrastructure TRI,2014-03-31,2702.3051738047543
Nifty Infrastructure TRI,2014-04-01,2706.8885686784324
Nifty Infrastructure TRI,2014-04-02,2752.8098731890914
Nifty Infrastructure TRI,2014-04-03,2726.0813394819547
Nifty Infrastructure TRI,2014-04-04,2700.4360317192695
Nifty Infrastructure TRI,2014-04-07,2708.9179664791477
Nifty Infrastructure TRI,2014-04-09,2745.118170051446
Nifty Infrastructure TRI,2014-04-10,2791.6727704128925
Nifty Infrastructure TRI,2014-04-11,2781.6335154179915
Nifty Infrastructure TRI,2014-04-15,2771.3997197727635
Nifty Infrastructure TRI,2014-04-16,2712.9710148092568
Nifty Infrastructure TRI,2014-04-17,2751.3154131406723
Nifty Infrastructure TRI,2014-04-21,2813.4608635338254
Nifty Infrastructure TRI,2014-04-22,2827.5132237691546
Nifty Infrastructure TRI,2014-04-23,2842.031812747023
Nifty Infrastructure TRI,2014-04-25,2810.622269062874
Nifty Infrastructure TRI,2014-04-28,2789.8495600976576
Nifty Infrastructure TRI,2014-04-29,2767.3918877978936
Nifty Infrastructure TRI,2014-04-30,2699.2649930938933
Nifty Infrastructure TRI,2014-05-02,2671.1490801434907
Nifty Infrastructure TRI,2014-05-05,2668.927986205103
Nifty Infrastructure TRI,2014-05-06,2672.584409200329
Nifty Infrastructure TRI,2014-05-07,2666.050252472454
Nifty Infrastructure TRI,2014-05-08,2668.4652854385563
Nifty Infrastructure TRI,2014-05-09,2761.570385097617
Nifty Infrastructure TRI,2014-05-12,2843.330278683656
Nifty Infrastructure TRI,2014-05-13,2917.257556291364
Nifty Infrastructure TRI,2014-05-14,2920.250216460029
Nifty Infrastructure TRI,2014-05-15,2920.345589438756
Nifty Infrastructure TRI,2014-05-16,3020.828216483799
Nifty Infrastructure TRI,2014-05-19,3248.001117743234
Nifty Infrastructure TRI,2014-05-20,3258.1471808435067
Nifty Infrastructure TRI,2014-05-21,3213.899919292908
Nifty Infrastructure TRI,2014-05-22,3237.6575426056834
Nifty Infrastructure TRI,2014-05-23,3336.72411394385
Nifty Infrastructure TRI,2014-05-26,3301.697083615027
Nifty Infrastructure TRI,2014-05-27,3272.764924034626
Nifty Infrastructure TRI,2014-05-28,3293.164296277792
Nifty Infrastructure TRI,2014-05-29,3245.3346485507677
Nifty Infrastructure TRI,2014-05-30,3274.1728056027514
Nifty Infrastructure TRI,2014-06-02,3406.519205745845
Nifty Infrastructure TRI,2014-06-03,3442.5632543444144
Nifty Infrastructure TRI,2014-06-04,3465.7687798399547
Nifty Infrastructure TRI,2014-06-05,3506.7880234714
Nifty Infrastructure TRI,2014-06-06,3539.990884611752
Nifty Infrastructure TRI,2014-06-09,3624.801698834765
Nifty Infrastructure TRI,2014-06-10,3604.8263335933098
Nifty Infrastructure TRI,2014-06-11,3523.7372503614233
Nifty Infrastructure TRI,2014-06-12,3512.4581687330756
Nifty Infrastructure TRI,2014-06-13,3407.0699886461457
Nifty Infrastructure TRI,2014-06-16,3391.553448550661
Nifty Infrastructure TRI,2014-06-17,3459.5223612270756
Nifty Infrastructure TRI,2014-06-18,3425.808616481462
Nifty Infrastructure TRI,2014-06-19,3388.984709105338
Nifty Infrastructure TRI,2014-06-20,3374.227200467242
Nifty Infrastructure TRI,2014-06-23,3386.3707016795906
Nifty Infrastructure TRI,2014-06-24,3428.8633764722076
Nifty Infrastructure TRI,2014-06-25,3416.229152332828
Nifty Infrastructure TRI,2014-06-26,3415.6153594153634
Nifty Infrastructure TRI,2014-06-27,3410.6489426399867
Nifty Infrastructure TRI,2014-06-30,3495.660396880336
Nifty Infrastructure TRI,2014-07-01,3514.638375594012
Nifty Infrastructure TRI,2014-07-02,3583.318441857283
Nifty Infrastructure TRI,2014-07-03,3558.661922840568
Nifty Infrastructure TRI,2014-07-04,3574.793219038784
Nifty Infrastructure TRI,2014-07-07,3611.582904218872
Nifty Infrastructure TRI,2014-07-08,3423.2263786377307
Nifty Infrastructure TRI,2014-07-09,3381.868303440146
Nifty Infrastructure TRI,2014-07-10,3391.257889427512
Nifty Infrastructure TRI,2014-07-11,3251.3986749609467
Nifty Infrastructure TRI,2014-07-14,3284.172776531347
Nifty Infrastructure TRI,2014-07-15,3341.675321263597
Nifty Infrastructure TRI,2014-07-16,3396.5370056841275
Nifty Infrastructure TRI,2014-07-17,3447.72105944086
Nifty Infrastructure TRI,2014-07-18,3434.8705135890186
Nifty Infrastructure TRI,2014-07-21,3414.775196192355
Nifty Infrastructure TRI,2014-07-22,3428.3701526591026
Nifty Infrastructure TRI,2014-07-23,3425.2668872395966
Nifty Infrastructure TRI,2014-07-24,3422.215075618251
Nifty Infrastructure TRI,2014-07-25,3378.708799531477
Nifty Infrastructure TRI,2014-07-28,3364.8276502343692
Nifty Infrastructure TRI,2014-07-30,3317.9986103527604
Nifty Infrastructure TRI,2014-07-31,3282.1060505363203
Nifty Infrastructure TRI,2014-08-01,3238.8965343556742
Nifty Infrastructure TRI,2014-08-04,3291.458533596365
Nifty Infrastructure TRI,2014-08-05,3287.5709319656157
Nifty Infrastructure TRI,2014-08-06,3263.344395984688
Nifty Infrastructure TRI,2014-08-07,3260.0783540982957
Nifty Infrastructure TRI,2014-08-08,3191.1216383183087
Nifty Infrastructure TRI,2014-08-11,3207.9362559895926
Nifty Infrastructure TRI,2014-08-12,3234.611332918201
Nifty Infrastructure TRI,2014-08-13,3167.510836308647
Nifty Infrastructure TRI,2014-08-14,3210.3265049736247
Nifty Infrastructure TRI,2014-08-18,3278.8455117877706
Nifty Infrastructure TRI,2014-08-19,3313.522576108959
Nifty Infrastructure TRI,2014-08-20,3308.3879842658916
Nifty Infrastructure TRI,2014-08-21,3301.695747770661
Nifty Infrastructure TRI,2014-08-22,3289.1371288362657
Nifty Infrastructure TRI,2014-08-25,3262.5665103846536
Nifty Infrastructure TRI,2014-08-26,3229.860363279052
Nifty Infrastructure TRI,2014-08-27,3215.4801170035184
Nifty Infrastructure TRI,2014-08-28,3233.1346867278767
Nifty Infrastructure TRI,2014-09-01,3317.8894638426013
Nifty Infrastructure TRI,2014-09-02,3345.1056661494385
Nifty Infrastructure TRI,2014-09-03,3371.4406932107013
Nifty Infrastructure TRI,2014-09-04,3338.053416193887
Nifty Infrastructure TRI,2014-09-05,3346.835785451485
Nifty Infrastructure TRI,2014-09-08,3369.446227269719
Nifty Infrastructure TRI,2014-09-09,3371.062549849938
Nifty Infrastructure TRI,2014-09-10,3354.238815870533
Nifty Infrastructure TRI,2014-09-11,3367.7505324410818
Nifty Infrastructure TRI,2014-09-12,3344.6918840026574
Nifty Infrastructure TRI,2014-09-15,3322.8877447292684
Nifty Infrastructure TRI,2014-09-16,3233.011339039831
Nifty Infrastructure TRI,2014-09-17,3250.210648523859
Nifty Infrastructure TRI,2014-09-18,3332.929511697598
Nifty Infrastructure TRI,2014-09-19,3291.8344229657773
Nifty Infrastructure TRI,2014-09-22,3288.3636545512304
Nifty Infrastructure TRI,2014-09-23,3222.3179672764963
Nifty Infrastructure TRI,2014-09-24,3178.614397740772
Nifty Infrastructure TRI,2014-09-25,3124.2542100836185
Nifty Infrastructure TRI,2014-09-26,3166.6607992896243
Nifty Infrastructure TRI,2014-09-29,3162.396999931859
Nifty Infrastructure TRI,2014-09-30,3140.409610768229
Nifty Infrastructure TRI,2014-10-01,3123.203020178322
Nifty Infrastructure TRI,2014-10-07,3094.076734880693
Nifty Infrastructure TRI,2014-10-08,3123.7612255513272
Nifty Infrastructure TRI,2014-10-09,3201.4891824504393
Nifty Infrastructure TRI,2014-10-10,3138.003924929824
Nifty Infrastructure TRI,2014-10-13,3132.7472743976155
Nifty Infrastructure TRI,2014-10-14,3141.4819400978117
Nifty Infrastructure TRI,2014-10-16,3064.9794466576054
Nifty Infrastructure TRI,2014-10-17,3120.9869791447595
Nifty Infrastructure TRI,2014-10-20,3185.059550669341
Nifty Infrastructure TRI,2014-10-21,3242.5345910459587
Nifty Infrastructure TRI,2014-10-22,3281.2360233594
Nifty Infrastructure TRI,2014-10-27,3293.529069328952
Nifty Infrastructure TRI,2014-10-28,3303.053317838579
Nifty Infrastructure TRI,2014-10-29,3308.311844735537
Nifty Infrastructure TRI,2014-10-30,3339.7935303592417
Nifty Infrastructure TRI,2014-10-31,3411.132580437929
Nifty Infrastructure TRI,2014-11-03,3415.9419350348962
Nifty Infrastructure TRI,2014-11-05,3393.5801024860884
Nifty Infrastructure TRI,2014-11-07,3393.4373693888556
Nifty Infrastructure TRI,2014-11-10,3382.3714668279185
Nifty Infrastructure TRI,2014-11-11,3386.1774900709984
Nifty Infrastructure TRI,2014-11-12,3354.5369129267556
Nifty Infrastructure TRI,2014-11-13,3345.537230531312
Nifty Infrastructure TRI,2014-11-14,3359.7012062179183
Nifty Infrastructure TRI,2014-11-17,3387.2574580096343
Nifty Infrastructure TRI,2014-11-18,3447.7591839051606
Nifty Infrastructure TRI,2014-11-19,3427.619331028649
Nifty Infrastructure TRI,2014-11-20,3404.197930689241
Nifty Infrastructure TRI,2014-11-21,3428.884549057682
Nifty Infrastructure TRI,2014-11-24,3433.750581335502
Nifty Infrastructure TRI,2014-11-25,3378.4047700627893
Nifty Infrastructure TRI,2014-11-26,3377.942485537512
Nifty Infrastructure TRI,2014-11-27,3374.2510621235024
Nifty Infrastructure TRI,2014-11-28,3384.7247930651583
Nifty Infrastructure TRI,2014-12-01,3334.535531171385
Nifty Infrastructure TRI,2014-12-02,3361.4682623072013
Nifty Infrastructure TRI,2014-12-03,3373.2975759718297
Nifty Infrastructure TRI,2014-12-04,3337.0500703780367
Nifty Infrastructure TRI,2014-12-05,3322.938531163676
Nifty Infrastructure TRI,2014-12-08,3272.679518291929
Nifty Infrastructure TRI,2014-12-09,3181.7728207304735
Nifty Infrastructure TRI,2014-12-10,3179.480143156555
Nifty Infrastructure TRI,2014-12-11,3150.1993995842126
Nifty Infrastructure TRI,2014-12-12,3111.330001613012
Nifty Infrastructure TRI,2014-12-15,3099.3896551295147
Nifty Infrastructure TRI,2014-12-16,3047.277636391299
Nifty Infrastructure TRI,2014-12-17,3014.6517875875993
Nifty Infrastructure TRI,2014-12-18,3100.422857303403
Nifty Infrastructure TRI,2014-12-19,3132.053101703206
Nifty Infrastructure TRI,2014-12-22,3154.0415934312045
Nifty Infrastructure TRI,2014-12-23,3133.8696472855954
Nifty Infrastructure TRI,2014-12-24,3101.291063221721
Nifty Infrastructure TRI,2014-12-26,3116.6101613911414
Nifty Infrastructure TRI,2014-12-29,3124.005402986978
Nifty Infrastructure TRI,2014-12-30,3147.827833234667
Nifty Infrastructure TRI,2014-12-31,3169.6186233208336
Nifty Infrastructure TRI,2015-01-01,3195.6336585835193
Nifty Infrastructure TRI,2015-01-02,3239.95108456941
Nifty Infrastructure TRI,2015-01-05,3235.2627613468353
Nifty Infrastructure TRI,2015-01-06,3142.498709114363
Nifty Infrastructure TRI,2015-01-07,3135.4052425279256
Nifty Infrastructure TRI,2015-01-08,3183.744615282453
Nifty Infrastructure TRI,2015-01-09,3152.9236202515567
Nifty Infrastructure TRI,2015-01-12,3169.8179544012974
Nifty Infrastructure TRI,2015-01-13,3140.2963792777646
Nifty Infrastructure TRI,2015-01-14,3149.7874324998743
Nifty Infrastructure TRI,2015-01-15,3230.9468939440744
Nifty Infrastructure TRI,2015-01-16,3257.0813087592805
Nifty Infrastructure TRI,2015-01-19,3297.360017444299
Nifty Infrastructure TRI,2015-01-20,3316.9267172954005
Nifty Infrastructure TRI,2015-01-21,3358.7190032097787
Nifty Infrastructure TRI,2015-01-22,3367.7501467813863
Nifty Infrastructure TRI,2015-01-23,3446.7465126424813
Nifty Infrastructure TRI,2015-01-27,3489.045627237973
Nifty Infrastructure TRI,2015-01-28,3423.253620869594
Nifty Infrastructure TRI,2015-01-29,3445.386855865897
Nifty Infrastructure TRI,2015-01-30,3438.4020922196105
Nifty Infrastructure TRI,2015-02-02,3449.438077459487
Nifty Infrastructure TRI,2015-02-03,3437.3377678111024
Nifty Infrastructure TRI,2015-02-04,3393.8157245040657
Nifty Infrastructure TRI,2015-02-05,3330.665422676073
Nifty Infrastructure TRI,2015-02-06,3313.601275654825
Nifty Infrastructure TRI,2015-02-09,3191.667339232167
Nifty Infrastructure TRI,2015-02-10,3208.633466973338
Nifty Infrastructure TRI,2015-02-11,3260.2134410529798
Nifty Infrastructure TRI,2015-02-12,3318.479267147752
Nifty Infrastructure TRI,2015-02-13,3333.624113620222
Nifty Infrastructure TRI,2015-02-16,3334.2118172895844
Nifty Infrastructure TRI,2015-02-18,3353.2803378316203
Nifty Infrastructure TRI,2015-02-19,3389.473432628398
Nifty Infrastructure TRI,2015-02-20,3363.5257208944436
Nifty Infrastructure TRI,2015-02-23,3362.184187293663
Nifty Infrastructure TRI,2015-02-24,3383.4984327295424
Nifty Infrastructure TRI,2015-02-25,3371.1783229380917
Nifty Infrastructure TRI,2015-02-26,3354.5220292421723
Nifty Infrastructure TRI,2015-02-27,3475.238230236554
Nifty Infrastructure TRI,2015-03-02,3522.488991407421
Nifty Infrastructure TRI,2015-03-03,3536.4999577229446
Nifty Infrastructure TRI,2015-03-04,3510.442247664304
Nifty Infrastructure TRI,2015-03-05,3497.966151919557
Nifty Infrastructure TRI,2015-03-09,3391.571142282967
Nifty Infrastructure TRI,2015-03-10,3406.7304025195435
Nifty Infrastructure TRI,2015-03-11,3437.6193424269863
Nifty Infrastructure TRI,2015-03-12,3506.6565443075806
Nifty Infrastructure TRI,2015-03-13,3446.6752998965703
Nifty Infrastructure TRI,2015-03-16,3408.3388978674147
Nifty Infrastructure TRI,2015-03-17,3450.731750480132
Nifty Infrastructure TRI,2015-03-18,3412.3768244071275
Nifty Infrastructure TRI,2015-03-19,3388.8635440259422
Nifty Infrastructure TRI,2015-03-20,3349.092715882787
Nifty Infrastructure TRI,2015-03-23,3349.1594911711245
Nifty Infrastructure TRI,2015-03-24,3365.4744217128396
Nifty Infrastructure TRI,2015-03-25,3329.5127401610807
Nifty Infrastructure TRI,2015-03-26,3321.465844745384
Nifty Infrastructure TRI,2015-03-27,3315.8234013150272
Nifty Infrastructure TRI,2015-03-30,3399.5447954494816
Nifty Infrastructure TRI,2015-03-31,3398.348623818891
Nifty Infrastructure TRI,2015-04-01,3433.7551091753894
Nifty Infrastructure TRI,2015-04-06,3472.1799404270378
Nifty Infrastructure TRI,2015-04-07,3504.405410560659
Nifty Infrastructure TRI,2015-04-08,3528.4738840215996
Nifty Infrastructure TRI,2015-04-09,3513.1596504685954
Nifty Infrastructure TRI,2015-04-10,3542.826711487356
Nifty Infrastructure TRI,2015-04-13,3612.4323924348164
Nifty Infrastructure TRI,2015-04-15,3561.5058143452998
Nifty Infrastructure TRI,2015-04-16,3533.895048405341
Nifty Infrastructure TRI,2015-04-17,3497.0746396091113
Nifty Infrastructure TRI,2015-04-20,3423.747894467594
Nifty Infrastructure TRI,2015-04-21,3391.418960162851
Nifty Infrastructure TRI,2015-04-22,3438.25629128293
Nifty Infrastructure TRI,2015-04-23,3418.2749844281675
Nifty Infrastructure TRI,2015-04-24,3366.7378773987616
Nifty Infrastructure TRI,2015-04-27,3324.8343310274267
Nifty Infrastructure TRI,2015-04-28,3361.2114935562195
Nifty Infrastructure TRI,2015-04-29,3326.3599439145405
Nifty Infrastructure TRI,2015-04-30,3302.235389304893
Nifty Infrastructure TRI,2015-05-04,3361.870193811531
Nifty Infrastructure TRI,2015-05-05,3355.6458643611045
Nifty Infrastructure TRI,2015-05-06,3234.7237264825635
Nifty Infrastructure TRI,2015-05-07,3215.250094508866
Nifty Infrastructure TRI,2015-05-08,3264.5143771378575
Nifty Infrastructure TRI,2015-05-11,3302.6365446661066
Nifty Infrastructure TRI,2015-05-12,3204.3081893900817
Nifty Infrastructure TRI,2015-05-13,3236.510530917058
Nifty Infrastructure TRI,2015-05-14,3243.685252525204
Nifty Infrastructure TRI,2015-05-15,3257.5630340026228
Nifty Infrastructure TRI,2015-05-18,3302.7109413916573
Nifty Infrastructure TRI,2015-05-19,3309.9414022735937
Nifty Infrastructure TRI,2015-05-20,3308.582894407933
Nifty Infrastructure TRI,2015-05-21,3311.2575336195887
Nifty Infrastructure TRI,2015-05-22,3320.5837874567715
Nifty Infrastructure TRI,2015-05-25,3307.6041830744407
Nifty Infrastructure TRI,2015-05-26,3305.826344694983
Nifty Infrastructure TRI,2015-05-27,3334.641633330616
Nifty Infrastructure TRI,2015-05-28,3321.0774670045494
Nifty Infrastructure TRI,2015-05-29,3374.7273536215685
Nifty Infrastructure TRI,2015-06-01,3400.3117186099075
Nifty Infrastructure TRI,2015-06-02,3356.8819652900825
Nifty Infrastructure TRI,2015-06-03,3310.410429177965
Nifty Infrastructure TRI,2015-06-04,3318.221304871126
Nifty Infrastructure TRI,2015-06-05,3343.1151256444355
Nifty Infrastructure TRI,2015-06-08,3319.0214952876613
Nifty Infrastructure TRI,2015-06-09,3314.623043655382
Nifty Infrastructure TRI,2015-06-10,3369.1320507997184
Nifty Infrastructure TRI,2015-06-11,3294.5039256598834
Nifty Infrastructure TRI,2015-06-12,3299.748122204161
Nifty Infrastructure TRI,2015-06-15,3305.784929728643
Nifty Infrastructure TRI,2015-06-16,3318.2639645685117
Nifty Infrastructure TRI,2015-06-17,3344.5829792520517
Nifty Infrastructure TRI,2015-06-18,3367.391266267194
Nifty Infrastructure TRI,2015-06-19,3368.9168120663303
Nifty Infrastructure TRI,2015-06-22,3395.9336417226436
Nifty Infrastructure TRI,2015-06-23,3430.4919306952074
Nifty Infrastructure TRI,2015-06-24,3402.447454711728
Nifty Infrastructure TRI,2015-06-25,3455.7275980817944
Nifty Infrastructure TRI,2015-06-26,3419.134772012754
Nifty Infrastructure TRI,2015-06-29,3404.156663439105
Nifty Infrastructure TRI,2015-06-30,3413.4454610672365
Nifty Infrastructure TRI,2015-07-01,3467.0511059864984
Nifty Infrastructure TRI,2015-07-02,3476.028080210174
Nifty Infrastructure TRI,2015-07-03,3483.6416639680897
Nifty Infrastructure TRI,2015-07-06,3492.5328646325497
Nifty Infrastructure TRI,2015-07-07,3488.3982342884847
Nifty Infrastructure TRI,2015-07-08,3464.1717934612498
Nifty Infrastructure TRI,2015-07-09,3500.586635687633
Nifty Infrastructure TRI,2015-07-10,3499.5992365345364
Nifty Infrastructure TRI,2015-07-13,3513.268396123849
Nifty Infrastructure TRI,2015-07-14,3516.426407067745
Nifty Infrastructure TRI,2015-07-15,3531.809851904061
Nifty Infrastructure TRI,2015-07-16,3551.4442404089523
Nifty Infrastructure TRI,2015-07-17,3576.0650676130044
Nifty Infrastructure TRI,2015-07-20,3571.744979051413
Nifty Infrastructure TRI,2015-07-21,3550.502359565411
Nifty Infrastructure TRI,2015-07-22,3567.202439265265
Nifty Infrastructure TRI,2015-07-23,3542.0220546723394
Nifty Infrastructure TRI,2015-07-24,3507.1828938025683
Nifty Infrastructure TRI,2015-07-27,3402.7570726958893
Nifty Infrastructure TRI,2015-07-28,3408.5371861476697
Nifty Infrastructure TRI,2015-07-29,3437.7297095922813
Nifty Infrastructure TRI,2015-07-30,3448.1310452511634
Nifty Infrastructure TRI,2015-07-31,3462.260371358249
Nifty Infrastructure TRI,2015-08-03,3463.7019391620156
Nifty Infrastructure TRI,2015-08-04,3450.74173396689
Nifty Infrastructure TRI,2015-08-05,3472.69666404734
Nifty Infrastructure TRI,2015-08-06,3512.505389596725
Nifty Infrastructure TRI,2015-08-07,3484.1077429679735
Nifty Infrastructure TRI,2015-08-10,3459.715316308707
Nifty Infrastructure TRI,2015-08-11,3419.128771346173
Nifty Infrastructure TRI,2015-08-12,3345.2960010756046
Nifty Infrastructure TRI,2015-08-13,3324.9754310977537
Nifty Infrastructure TRI,2015-08-14,3409.8523424694235
Nifty Infrastructure TRI,2015-08-17,3385.709357795258
Nifty Infrastructure TRI,2015-08-18,3385.294656909543
Nifty Infrastructure TRI,2015-08-19,3392.7593133287623
Nifty Infrastructure TRI,2015-08-20,3343.17602666721
Nifty Infrastructure TRI,2015-08-21,3281.5593077225444
Nifty Infrastructure TRI,2015-08-24,3049.6636210860197
Nifty Infrastructure TRI,2015-08-25,3063.108214375931
Nifty Infrastructure TRI,2015-08-26,3059.004951902043
Nifty Infrastructure TRI,2015-08-27,3112.0680771355283
Nifty Infrastructure TRI,2015-08-28,3144.2219789449828
Nifty Infrastructure TRI,2015-08-31,3103.173479024849
Nifty Infrastructure TRI,2015-09-01,3017.405371742367
Nifty Infrastructure TRI,2015-09-02,2965.581383356954
Nifty Infrastructure TRI,2015-09-03,3016.131029785233
Nifty Infrastructure TRI,2015-09-04,2959.41568031138
Nifty Infrastructure TRI,2015-09-07,2906.302746359081
Nifty Infrastructure TRI,2015-09-08,2976.3072189119325
Nifty Infrastructure TRI,2015-09-09,3040.1136591603095
Nifty Infrastructure TRI,2015-09-10,3054.0905857363528
Nifty Infrastructure TRI,2015-09-11,3036.94789055049
Nifty Infrastructure TRI,2015-09-14,3083.1423441899547
Nifty Infrastructure TRI,2015-09-15,3043.4958372790175
Nifty Infrastructure TRI,2015-09-16,3056.424304449511
Nifty Infrastructure TRI,2015-09-18,3063.7747242085898
Nifty Infrastructure TRI,2015-09-21,3075.065572911141
Nifty Infrastructure TRI,2015-09-22,2968.72846603384
Nifty Infrastructure TRI,2015-09-23,2959.0963959652304
Nifty Infrastructure TRI,2015-09-24,2920.170633408804
Nifty Infrastructure TRI,2015-09-28,2895.6207711031684
Nifty Infrastructure TRI,2015-09-29,2899.8180086862653
Nifty Infrastructure TRI,2015-09-30,2972.186925096698
Nifty Infrastructure TRI,2015-10-01,2988.74891029443
Nifty Infrastructure TRI,2015-10-05,3080.9961289190796
Nifty Infrastructure TRI,2015-10-06,3090.566851172731
Nifty Infrastructure TRI,2015-10-07,3092.667249203775
Nifty Infrastructure TRI,2015-10-08,3080.351038164622
Nifty Infrastructure TRI,2015-10-09,3093.711180937736
Nifty Infrastructure TRI,2015-10-12,3114.1684182974423
Nifty Infrastructure TRI,2015-10-13,3108.3761681406418
Nifty Infrastructure TRI,2015-10-14,3097.8475062751786
Nifty Infrastructure TRI,2015-10-15,3134.9454489603972
Nifty Infrastructure TRI,2015-10-16,3167.7830803591532
Nifty Infrastructure TRI,2015-10-19,3166.67224115047
Nifty Infrastructure TRI,2015-10-20,3161.617463898708
Nifty Infrastructure TRI,2015-10-21,3158.404406595733
Nifty Infrastructure TRI,2015-10-23,3109.760076515668
Nifty Infrastructure TRI,2015-10-26,3107.2746358529935
Nifty Infrastructure TRI,2015-10-27,3089.4758789375355
Nifty Infrastructure TRI,2015-10-28,3067.832389971866
Nifty Infrastructure TRI,2015-10-29,3033.9198577819375
Nifty Infrastructure TRI,2015-10-30,2984.0513761446846
Nifty Infrastructure TRI,2015-11-02,2971.3898175560544
Nifty Infrastructure TRI,2015-11-03,2967.48492192547
Nifty Infrastructure TRI,2015-11-04,2958.576666933026
Nifty Infrastructure TRI,2015-11-05,2925.7587693616492
Nifty Infrastructure TRI,2015-11-06,2923.8004404091744
Nifty Infrastructure TRI,2015-11-09,2886.954484970429
Nifty Infrastructure TRI,2015-11-10,2833.6920464903237
Nifty Infrastructure TRI,2015-11-13,2831.230644236379
Nifty Infrastructure TRI,2015-11-16,2860.5884472014454
Nifty Infrastructure TRI,2015-11-17,2858.311097139494
Nifty Infrastructure TRI,2015-11-18,2846.760878364624
Nifty Infrastructure TRI,2015-11-19,2877.623451851517
Nifty Infrastructure TRI,2015-11-20,2891.943473633669
Nifty Infrastructure TRI,2015-11-23,2897.2327776930974
Nifty Infrastructure TRI,2015-11-24,2876.5649990226857
Nifty Infrastructure TRI,2015-11-26,2896.778653725558
Nifty Infrastructure TRI,2015-11-27,2917.4794367166505
Nifty Infrastructure TRI,2015-11-30,2921.4019733572018
Nifty Infrastructure TRI,2015-12-01,2903.3131335187436
Nifty Infrastructure TRI,2015-12-02,2893.498633885326
Nifty Infrastructure TRI,2015-12-03,2877.2525944911476
Nifty Infrastructure TRI,2015-12-04,2843.7681922111587
Nifty Infrastructure TRI,2015-12-07,2846.419150294235
Nifty Infrastructure TRI,2015-12-08,2804.4944079390716
Nifty Infrastructure TRI,2015-12-09,2763.726648024963
Nifty Infrastructure TRI,2015-12-10,2789.5986328912854
Nifty Infrastructure TRI,2015-12-11,2744.3460765366863
Nifty Infrastructure TRI,2015-12-14,2753.20991444987
Nifty Infrastructure TRI,2015-12-15,2760.5242295669527
Nifty Infrastructure TRI,2015-12-16,2794.2584468942305
Nifty Infrastructure TRI,2015-12-17,2827.3094059616838
Nifty Infrastructure TRI,2015-12-18,2823.6048165268417
Nifty Infrastructure TRI,2015-12-21,2846.50791820481
Nifty Infrastructure TRI,2015-12-22,2839.5860160862567
Nifty Infrastructure TRI,2015-12-23,2874.174492978766
Nifty Infrastructure TRI,2015-12-24,2896.7914227229885
Nifty Infrastructure TRI,2015-12-28,2904.291722018007
Nifty Infrastructure TRI,2015-12-29,2906.0748750112994
Nifty Infrastructure TRI,2015-12-30,2905.0090078473067
Nifty Infrastructure TRI,2015-12-31,2921.8816027386356
Nifty Infrastructure TRI,2016-01-01,2947.1968568847424
Nifty Infrastructure TRI,2016-01-04,2876.6730948805093
Nifty Infrastructure TRI,2016-01-05,2874.3396534183576
Nifty Infrastructure TRI,2016-01-06,2848.734444609165
Nifty Infrastructure TRI,2016-01-07,2770.7781869659716
Nifty Infrastructure TRI,2016-01-08,2777.8348734805095
Nifty Infrastructure TRI,2016-01-11,2762.167808799356
Nifty Infrastructure TRI,2016-01-12,2753.760335959876
Nifty Infrastructure TRI,2016-01-13,2705.871445771793
Nifty Infrastructure TRI,2016-01-14,2671.1225310690384
Nifty Infrastructure TRI,2016-01-15,2580.3658863290943
Nifty Infrastructure TRI,2016-01-18,2536.7496200876194
Nifty Infrastructure TRI,2016-01-19,2606.782380994472
Nifty Infrastructure TRI,2016-01-20,2561.834242688361
Nifty Infrastructure TRI,2016-01-21,2546.659965238983
Nifty Infrastructure TRI,2016-01-22,2580.586424338517
Nifty Infrastructure TRI,2016-01-25,2550.055124216084
Nifty Infrastructure TRI,2016-01-27,2563.3177801492598
Nifty Infrastructure TRI,2016-01-28,2528.231378769066
Nifty Infrastructure TRI,2016-01-29,2560.633288233662
Nifty Infrastructure TRI,2016-02-01,2585.7071395182093
Nifty Infrastructure TRI,2016-02-02,2558.0102979782564
Nifty Infrastructure TRI,2016-02-03,2503.6381677748573
Nifty Infrastructure TRI,2016-02-04,2529.390496520141
Nifty Infrastructure TRI,2016-02-05,2544.8968875340424
Nifty Infrastructure TRI,2016-02-08,2535.0562525960313
Nifty Infrastructure TRI,2016-02-09,2522.7243230264507
Nifty Infrastructure TRI,2016-02-10,2511.1314162598655
Nifty Infrastructure TRI,2016-02-11,2416.7495553858994
Nifty Infrastructure TRI,2016-02-12,2404.5183163683587
Nifty Infrastructure TRI,2016-02-15,2500.656623368662
Nifty Infrastructure TRI,2016-02-16,2455.400830538711
Nifty Infrastructure TRI,2016-02-17,2495.6412537995216
Nifty Infrastructure TRI,2016-02-18,2513.8484529175303
Nifty Infrastructure TRI,2016-02-19,2525.8208720993343
Nifty Infrastructure TRI,2016-02-22,2521.5231128581618
Nifty Infrastructure TRI,2016-02-23,2476.8390677441093
Nifty Infrastructure TRI,2016-02-24,2454.086973545193
Nifty Infrastructure TRI,2016-02-25,2413.2564606925007
Nifty Infrastructure TRI,2016-02-26,2437.3327308585312
Nifty Infrastructure TRI,2016-02-29,2390.734763419543
Nifty Infrastructure TRI,2016-03-01,2470.1101179108655
Nifty Infrastructure TRI,2016-03-02,2520.0967863263386
Nifty Infrastructure TRI,2016-03-03,2595.4108408739526
Nifty Infrastructure TRI,2016-03-04,2588.2523075242584
Nifty Infrastructure TRI,2016-03-08,2589.2777417893567
Nifty Infrastructure TRI,2016-03-09,2619.238750522991
Nifty Infrastructure TRI,2016-03-10,2595.4754430408275
Nifty Infrastructure TRI,2016-03-11,2592.3343483131403
Nifty Infrastructure TRI,2016-03-14,2599.093381663685
Nifty Infrastructure TRI,2016-03-15,2593.5192950378346
Nifty Infrastructure TRI,2016-03-16,2587.4686181608513
Nifty Infrastructure TRI,2016-03-17,2607.652265608322
Nifty Infrastructure TRI,2016-03-18,2632.6506532949807
Nifty Infrastructure TRI,2016-03-21,2671.3663047844057
Nifty Infrastructure TRI,2016-03-22,2685.472345915241
Nifty Infrastructure TRI,2016-03-23,2697.5161462272163
Nifty Infrastructure TRI,2016-03-28,2651.0240769572324
Nifty Infrastructure TRI,2016-03-29,2643.2796049063863
Nifty Infrastructure TRI,2016-03-30,2700.196528384987
Nifty Infrastructure TRI,2016-03-31,2696.792162677571
Nifty Infrastructure TRI,2016-04-01,2700.902087660989
Nifty Infrastructure TRI,2016-04-04,2725.458597170056
Nifty Infrastructure TRI,2016-04-05,2637.9034986614643
Nifty Infrastructure TRI,2016-04-06,2658.0489470485527
Nifty Infrastructure TRI,2016-04-07,2626.2195540116422
Nifty Infrastructure TRI,2016-04-08,2653.3528601292787
Nifty Infrastructure TRI,2016-04-11,2720.7881685574907
Nifty Infrastructure TRI,2016-04-12,2738.664049585428
Nifty Infrastructure TRI,2016-04-13,2768.9288027356283
Nifty Infrastructure TRI,2016-04-18,2807.8741313857568
Nifty Infrastructure TRI,2016-04-20,2823.3603982919885
Nifty Infrastructure TRI,2016-04-21,2793.9576966395557
Nifty Infrastructure TRI,2016-04-22,2805.6989798934414
Nifty Infrastructure TRI,2016-04-25,2793.899132291432
Nifty Infrastructure TRI,2016-04-26,2821.583435629752
Nifty Infrastructure TRI,2016-04-27,2844.661629224152
Nifty Infrastructure TRI,2016-04-28,2801.3231666172705
Nifty Infrastructure TRI,2016-04-29,2794.89984118325
Nifty Infrastructure TRI,2016-05-02,2786.0623998844844
Nifty Infrastructure TRI,2016-05-03,2802.787090251411
Nifty Infrastructure TRI,2016-05-04,2755.2537390603475
Nifty Infrastructure TRI,2016-05-05,2754.496036591817
Nifty Infrastructure TRI,2016-05-06,2758.506384633546
Nifty Infrastructure TRI,2016-05-09,2808.6347667198634
Nifty Infrastructure TRI,2016-05-10,2816.197550022065
Nifty Infrastructure TRI,2016-05-11,2800.1813541665497
Nifty Infrastructure TRI,2016-05-12,2808.2742424313283
Nifty Infrastructure TRI,2016-05-13,2769.1525928438887
Nifty Infrastructure TRI,2016-05-16,2764.9192372072016
Nifty Infrastructure TRI,2016-05-17,2762.9954595546374
Nifty Infrastructure TRI,2016-05-18,2768.6506639906597
Nifty Infrastructure TRI,2016-05-19,2716.9588545710203
Nifty Infrastructure TRI,2016-05-20,2713.4962736364173
Nifty Infrastructure TRI,2016-05-23,2719.0629783596746
Nifty Infrastructure TRI,2016-05-24,2716.5012769940745
Nifty Infrastructure TRI,2016-05-25,2786.4066476689036
Nifty Infrastructure TRI,2016-05-26,2913.730138869736
Nifty Infrastructure TRI,2016-05-27,2921.830397382839
Nifty Infrastructure TRI,2016-05-30,2946.18817785943
Nifty Infrastructure TRI,2016-05-31,2919.9853375866705
Nifty Infrastructure TRI,2016-06-01,2936.624011604305
Nifty Infrastructure TRI,2016-06-02,2955.8091562560444
Nifty Infrastructure TRI,2016-06-03,2926.581647525598
Nifty Infrastructure TRI,2016-06-06,2914.246744384433
Nifty Infrastructure TRI,2016-06-07,2936.3511630757
Nifty Infrastructure TRI,2016-06-08,2971.8219516036074
Nifty Infrastructure TRI,2016-06-09,2959.9855079868644
Nifty Infrastructure TRI,2016-06-10,2961.885470363383
Nifty Infrastructure TRI,2016-06-13,2920.588676680586
Nifty Infrastructure TRI,2016-06-14,2924.344213486227
Nifty Infrastructure TRI,2016-06-15,2984.1189177073475
Nifty Infrastructure TRI,2016-06-16,2953.5005316037136
Nifty Infrastructure TRI,2016-06-17,2954.7642302215727
Nifty Infrastructure TRI,2016-06-20,2989.8590782133465
Nifty Infrastructure TRI,2016-06-21,2969.900429090009
Nifty Infrastructure TRI,2016-06-22,2964.479203768786
Nifty Infrastructure TRI,2016-06-23,2958.8982796073096
Nifty Infrastructure TRI,2016-06-24,2886.8281873091373
Nifty Infrastructure TRI,2016-06-27,2908.763335882262
Nifty Infrastructure TRI,2016-06-28,2936.5610850014464
Nifty Infrastructure TRI,2016-06-29,2970.6764739049563
Nifty Infrastructure TRI,2016-06-30,3020.6632127916596
Nifty Infrastructure TRI,2016-07-01,3059.6666572322083
Nifty Infrastructure TRI,2016-07-04,3098.025440945776
Nifty Infrastructure TRI,2016-07-05,3088.8902581985744
Nifty Infrastructure TRI,2016-07-07,3066.5303435930678
Nifty Infrastructure TRI,2016-07-08,3033.662770746006
Nifty Infrastructure TRI,2016-07-11,3084.610909658774
Nifty Infrastructure TRI,2016-07-12,3095.4900856386844
Nifty Infrastructure TRI,2016-07-13,3076.688702171163
Nifty Infrastructure TRI,2016-07-14,3100.205648794025
Nifty Infrastructure TRI,2016-07-15,3120.8036185707792
Nifty Infrastructure TRI,2016-07-18,3077.775356668197
Nifty Infrastructure TRI,2016-07-19,3090.8339579201715
Nifty Infrastructure TRI,2016-07-20,3108.4076608604264
Nifty Infrastructure TRI,2016-07-21,3081.3696198410016
Nifty Infrastructure TRI,2016-07-22,3116.418314478757
Nifty Infrastructure TRI,2016-07-25,3147.4254863493575
Nifty Infrastructure TRI,2016-07-26,3146.465893587971
Nifty Infrastructure TRI,2016-07-27,3169.2514209576843
Nifty Infrastructure TRI,2016-07-28,3165.583160785186
Nifty Infrastructure TRI,2016-07-29,3151.8741866470345
Nifty Infrastructure TRI,2016-08-01,3112.760694602647
Nifty Infrastructure TRI,2016-08-02,3098.463952981678
Nifty Infrastructure TRI,2016-08-03,3058.0775935155916
Nifty Infrastructure TRI,2016-08-04,3069.813952558998
Nifty Infrastructure TRI,2016-08-05,3112.5298717809333
Nifty Infrastructure TRI,2016-08-08,3106.617143951877
Nifty Infrastructure TRI,2016-08-09,3095.5584585031875
Nifty Infrastructure TRI,2016-08-10,3070.0966237230446
Nifty Infrastructure TRI,2016-08-11,3064.244580137281
Nifty Infrastructure TRI,2016-08-12,3087.2518210548774
Nifty Infrastructure TRI,2016-08-16,3102.698108060833
Nifty Infrastructure TRI,2016-08-17,3098.5468448947913
Nifty Infrastructure TRI,2016-08-18,3123.8986468212547
Nifty Infrastructure TRI,2016-08-19,3132.8786460071133
Nifty Infrastructure TRI,2016-08-22,3121.542020858948
Nifty Infrastructure TRI,2016-08-23,3109.734421023634
Nifty Infrastructure TRI,2016-08-24,3116.7480288451707
Nifty Infrastructure TRI,2016-08-25,3081.171808612882
Nifty Infrastructure TRI,2016-08-26,3059.577932109176
Nifty Infrastructure TRI,2016-08-29,3083.7547035579714
Nifty Infrastructure TRI,2016-08-30,3097.682218469662
Nifty Infrastructure TRI,2016-08-31,3121.661937598842
Nifty Infrastructure TRI,2016-09-01,3069.3781593205754
Nifty Infrastructure TRI,2016-09-02,3093.145824860979
Nifty Infrastructure TRI,2016-09-06,3121.4758105688525
Nifty Infrastructure TRI,2016-09-07,3128.333485093156
Nifty Infrastructure TRI,2016-09-08,3157.320783127939
Nifty Infrastructure TRI,2016-09-09,3123.005350638214
Nifty Infrastructure TRI,2016-09-12,3024.088513252852
Nifty Infrastructure TRI,2016-09-14,3051.474396627963
Nifty Infrastructure TRI,2016-09-15,3040.4534164880633
Nifty Infrastructure TRI,2016-09-16,3048.5341464014264
Nifty Infrastructure TRI,2016-09-19,3070.5978866286696
Nifty Infrastructure TRI,2016-09-20,3051.859323521051
Nifty Infrastructure TRI,2016-09-21,3055.0458080432923
Nifty Infrastructure TRI,2016-09-22,3100.3292849100803
Nifty Infrastructure TRI,2016-09-23,3089.679650368444
Nifty Infrastructure TRI,2016-09-26,3038.1926886492492
Nifty Infrastructure TRI,2016-09-27,3006.3014368836302
Nifty Infrastructure TRI,2016-09-28,3046.3224190376236
Nifty Infrastructure TRI,2016-09-29,2960.2391318094924
Nifty Infrastructure TRI,2016-09-30,2974.070046673278
Nifty Infrastructure TRI,2016-10-03,3040.324890335526
Nifty Infrastructure TRI,2016-10-04,3043.352430506675
Nifty Infrastructure TRI,2016-10-05,3047.3917220021326
Nifty Infrastructure TRI,2016-10-06,3033.3282094745423
Nifty Infrastructure TRI,2016-10-07,3031.190837533956
Nifty Infrastructure TRI,2016-10-10,3021.6896553414726
Nifty Infrastructure TRI,2016-10-13,2964.096083588105
Nifty Infrastructure TRI,2016-10-14,2994.4434538237024
Nifty Infrastructure TRI,2016-10-17,2957.452444389503
Nifty Infrastructure TRI,2016-10-18,3015.0754250676187
Nifty Infrastructure TRI,2016-10-19,3039.463661599065
Nifty Infrastructure TRI,2016-10-20,3067.901697817309
Nifty Infrastructure TRI,2016-10-21,3078.549587721704
Nifty Infrastructure TRI,2016-10-24,3065.212616347625
Nifty Infrastructure TRI,2016-10-25,3085.611448650263
Nifty Infrastructure TRI,2016-10-26,3068.0767891207565
Nifty Infrastructure TRI,2016-10-27,3052.6188815699243
Nifty Infrastructure TRI,2016-10-28,3058.1535045180417
Nifty Infrastructure TRI,2016-11-01,3055.94189591871
Nifty Infrastructure TRI,2016-11-02,3021.349026226378
Nifty Infrastructure TRI,2016-11-03,2999.331098206325
Nifty Infrastructure TRI,2016-11-04,2957.2195004379046
Nifty Infrastructure TRI,2016-11-07,2957.5092509964425
Nifty Infrastructure TRI,2016-11-08,2962.8295657285403
Nifty Infrastructure TRI,2016-11-09,2926.999847512918
Nifty Infrastructure TRI,2016-11-10,3003.055355974312
Nifty Infrastructure TRI,2016-11-11,2923.0862986298366
Nifty Infrastructure TRI,2016-11-15,2879.4308391555146
Nifty Infrastructure TRI,2016-11-16,2891.0411114337953
Nifty Infrastructure TRI,2016-11-17,2882.0715739861425
Nifty Infrastructure TRI,2016-11-18,2898.64125991354
Nifty Infrastructure TRI,2016-11-21,2838.2422572541395
Nifty Infrastructure TRI,2016-11-22,2829.8027762169954
Nifty Infrastructure TRI,2016-11-23,2858.6922287113266
Nifty Infrastructure TRI,2016-11-24,2849.186266609162
Nifty Infrastructure TRI,2016-11-25,2887.4112146963034
Nifty Infrastructure TRI,2016-11-28,2931.376706536846
Nifty Infrastructure TRI,2016-11-29,2943.47355824791
Nifty Infrastructure TRI,2016-11-30,2978.4540188016754
Nifty Infrastructure TRI,2016-12-01,2952.3604293113935
Nifty Infrastructure TRI,2016-12-02,2920.8776454531767
Nifty Infrastructure TRI,2016-12-05,2932.5270133164213
Nifty Infrastructure TRI,2016-12-06,2944.146544220805
Nifty Infrastructure TRI,2016-12-07,2936.933338205727
Nifty Infrastructure TRI,2016-12-08,2969.575177959711
Nifty Infrastructure TRI,2016-12-09,2966.5776347160636
Nifty Infrastructure TRI,2016-12-12,2957.2099198169126
Nifty Infrastructure TRI,2016-12-13,2970.4337721004813
Nifty Infrastructure TRI,2016-12-14,2942.994688003724
Nifty Infrastructure TRI,2016-12-15,2934.01855506291
Nifty Infrastructure TRI,2016-12-16,2920.3455606613898
Nifty Infrastructure TRI,2016-12-19,2901.097076572485
Nifty Infrastructure TRI,2016-12-20,2889.022454703541
Nifty Infrastructure TRI,2016-12-21,2887.408651485702
Nifty Infrastructure TRI,2016-12-22,2833.323905834181
Nifty Infrastructure TRI,2016-12-23,2849.964275145147
Nifty Infrastructure TRI,2016-12-26,2816.1303340681898
Nifty Infrastructure TRI,2016-12-27,2854.554131153764
Nifty Infrastructure TRI,2016-12-28,2857.103296920837
Nifty Infrastructure TRI,2016-12-29,2870.8112041333484
Nifty Infrastructure TRI,2016-12-30,2896.2663137330596
Nifty Infrastructure TRI,2017-01-02,2922.7683411795624
Nifty Infrastructure TRI,2017-01-03,2932.3687663952246
Nifty Infrastructure TRI,2017-01-04,2955.1599762019464
Nifty Infrastructure TRI,2017-01-05,2998.139079535345
Nifty Infrastructure TRI,2017-01-06,2986.8082191506037
Nifty Infrastructure TRI,2017-01-09,2971.1848651179366
Nifty Infrastructure TRI,2017-01-10,2992.1123876782685
Nifty Infrastructure TRI,2017-01-11,3023.723923459057
Nifty Infrastructure TRI,2017-01-12,3087.386515836172
Nifty Infrastructure TRI,2017-01-13,3066.0671840032364
Nifty Infrastructure TRI,2017-01-16,3077.479525792505
Nifty Infrastructure TRI,2017-01-17,3079.877149138048
Nifty Infrastructure TRI,2017-01-18,3075.970825945281
Nifty Infrastructure TRI,2017-01-19,3090.977422441934
Nifty Infrastructure TRI,2017-01-20,3035.939852251384
Nifty Infrastructure TRI,2017-01-23,3023.0924544066866
Nifty Infrastructure TRI,2017-01-24,3067.2758277700336
Nifty Infrastructure TRI,2017-01-25,3091.4764458405825
Nifty Infrastructure TRI,2017-01-27,3131.865978791817
Nifty Infrastructure TRI,2017-01-30,3161.5683619793276
Nifty Infrastructure TRI,2017-01-31,3142.3235437009675
Nifty Infrastructure TRI,2017-02-01,3180.9100918307972
Nifty Infrastructure TRI,2017-02-02,3184.1675721833167
Nifty Infrastructure TRI,2017-02-03,3195.7105363686915
Nifty Infrastructure TRI,2017-02-06,3220.6146201000847
Nifty Infrastructure TRI,2017-02-07,3220.078173916717
Nifty Infrastructure TRI,2017-02-08,3238.681282286889
Nifty Infrastructure TRI,2017-02-09,3238.894087102612
Nifty Infrastructure TRI,2017-02-10,3249.479177515075
Nifty Infrastructure TRI,2017-02-13,3246.856667497222
Nifty Infrastructure TRI,2017-02-14,3250.7590521791903
Nifty Infrastructure TRI,2017-02-15,3210.599148550173
Nifty Infrastructure TRI,2017-02-16,3215.1959428094165
Nifty Infrastructure TRI,2017-02-17,3220.4348722980912
Nifty Infrastructure TRI,2017-02-20,3254.1237956966097
Nifty Infrastructure TRI,2017-02-21,3242.9447243740624
Nifty Infrastructure TRI,2017-02-22,3220.0514144393906
Nifty Infrastructure TRI,2017-02-23,3223.580039411702
Nifty Infrastructure TRI,2017-02-27,3183.5051335433604
Nifty Infrastructure TRI,2017-02-28,3207.5223874848066
Nifty Infrastructure TRI,2017-03-01,3204.3101129784245
Nifty Infrastructure TRI,2017-03-02,3159.7418133383517
Nifty Infrastructure TRI,2017-03-03,3173.274133936894
Nifty Infrastructure TRI,2017-03-06,3213.822558088536
Nifty Infrastructure TRI,2017-03-07,3217.191636969184
Nifty Infrastructure TRI,2017-03-08,3196.6949638717124
Nifty Infrastructure TRI,2017-03-09,3189.3611424202986
Nifty Infrastructure TRI,2017-03-10,3197.332043085651
Nifty Infrastructure TRI,2017-03-14,3264.4373447080347
Nifty Infrastructure TRI,2017-03-15,3277.4431159552814
Nifty Infrastructure TRI,2017-03-16,3322.7252072091305
Nifty Infrastructure TRI,2017-03-17,3282.5281835412816
Nifty Infrastructure TRI,2017-03-20,3271.0191841396017
Nifty Infrastructure TRI,2017-03-21,3272.036191199244
Nifty Infrastructure TRI,2017-03-22,3227.1732372678157
Nifty Infrastructure TRI,2017-03-23,3254.1008454299704
Nifty Infrastructure TRI,2017-03-24,3260.6851306026565
Nifty Infrastructure TRI,2017-03-27,3247.190306154448
Nifty Infrastructure TRI,2017-03-28,3265.9838537573355
Nifty Infrastructure TRI,2017-03-29,3291.097415110759
Nifty Infrastructure TRI,2017-03-30,3301.4329034283974
Nifty Infrastructure TRI,2017-03-31,3316.588412828062
Nifty Infrastructure TRI,2017-04-03,3371.3804194370264
Nifty Infrastructure TRI,2017-04-05,3423.0182152757498
Nifty Infrastructure TRI,2017-04-06,3424.308470864295
Nifty Infrastructure TRI,2017-04-07,3418.0996587810932
Nifty Infrastructure TRI,2017-04-10,3417.202590669886
Nifty Infrastructure TRI,2017-04-11,3438.4209083597725
Nifty Infrastructure TRI,2017-04-12,3418.8187305301462
Nifty Infrastructure TRI,2017-04-13,3385.9287662101437
Nifty Infrastructure TRI,2017-04-17,3378.7088784271946
Nifty Infrastructure TRI,2017-04-18,3367.5134791047913
Nifty Infrastructure TRI,2017-04-19,3411.4554533322357
Nifty Infrastructure TRI,2017-04-20,3416.28235160909
Nifty Infrastructure TRI,2017-04-21,3426.3613398616876
Nifty Infrastructure TRI,2017-04-24,3470.3755343391695
Nifty Infrastructure TRI,2017-04-25,3502.377883305247
Nifty Infrastructure TRI,2017-04-26,3489.36107070238
Nifty Infrastructure TRI,2017-04-27,3500.0340345327804
Nifty Infrastructure TRI,2017-04-28,3489.5889937698125
Nifty Infrastructure TRI,2017-05-02,3464.3134153855776
Nifty Infrastructure TRI,2017-05-03,3455.849120505092
Nifty Infrastructure TRI,2017-05-04,3475.6372279781735
Nifty Infrastructure TRI,2017-05-05,3449.802351505784
Nifty Infrastructure TRI,2017-05-08,3461.0246607602307
Nifty Infrastructure TRI,2017-05-09,3493.738236561823
Nifty Infrastructure TRI,2017-05-10,3535.1406903022157
Nifty Infrastructure TRI,2017-05-11,3520.6708498875464
Nifty Infrastructure TRI,2017-05-12,3510.1145616737035
Nifty Infrastructure TRI,2017-05-15,3515.285184572185
Nifty Infrastructure TRI,2017-05-16,3532.6692551632977
Nifty Infrastructure TRI,2017-05-17,3544.3158306691707
Nifty Infrastructure TRI,2017-05-18,3479.586624336518
Nifty Infrastructure TRI,2017-05-19,3484.4739052528294
Nifty Infrastructure TRI,2017-05-22,3490.1795419581454
Nifty Infrastructure TRI,2017-05-23,3438.3125393160653
Nifty Infrastructure TRI,2017-05-24,3371.04570788272
Nifty Infrastructure TRI,2017-05-25,3441.0049657544787
Nifty Infrastructure TRI,2017-05-26,3487.416554207329
Nifty Infrastructure TRI,2017-05-29,3458.1945618969894
Nifty Infrastructure TRI,2017-05-30,3446.0739787994835
Nifty Infrastructure TRI,2017-05-31,3448.22542482308
Nifty Infrastructure TRI,2017-06-01,3477.153445227713
Nifty Infrastructure TRI,2017-06-02,3492.23852008237
Nifty Infrastructure TRI,2017-06-05,3511.5786819191744
Nifty Infrastructure TRI,2017-06-06,3464.8408380138544
Nifty Infrastructure TRI,2017-06-07,3479.2303467352012
Nifty Infrastructure TRI,2017-06-08,3465.8722400934453
Nifty Infrastructure TRI,2017-06-09,3474.304871154564
Nifty Infrastructure TRI,2017-06-12,3441.7401297178417
Nifty Infrastructure TRI,2017-06-13,3455.2727363744025
Nifty Infrastructure TRI,2017-06-14,3472.027177016606
Nifty Infrastructure TRI,2017-06-15,3445.8887306542683
Nifty Infrastructure TRI,2017-06-16,3444.551903985546
Nifty Infrastructure TRI,2017-06-19,3478.8221662779983
Nifty Infrastructure TRI,2017-06-20,3479.6876946507377
Nifty Infrastructure TRI,2017-06-21,3476.740627877028
Nifty Infrastructure TRI,2017-06-22,3457.7381370475614
Nifty Infrastructure TRI,2017-06-23,3435.5662514851665
Nifty Infrastructure TRI,2017-06-27,3420.3332772172694
Nifty Infrastructure TRI,2017-06-28,3437.846034519963
Nifty Infrastructure TRI,2017-06-29,3446.7127521079715
Nifty Infrastructure TRI,2017-06-30,3438.930015037347
Nifty Infrastructure TRI,2017-07-03,3462.3647937613396
Nifty Infrastructure TRI,2017-07-04,3453.775509549256
Nifty Infrastructure TRI,2017-07-05,3466.4048204362616
Nifty Infrastructure TRI,2017-07-06,3476.8863690193157
Nifty Infrastructure TRI,2017-07-07,3481.8349823591197
Nifty Infrastructure TRI,2017-07-10,3543.8559632743486
Nifty Infrastructure TRI,2017-07-11,3532.8497667971337
Nifty Infrastructure TRI,2017-07-12,3552.1471970465823
Nifty Infrastructure TRI,2017-07-13,3577.410609470955
Nifty Infrastructure TRI,2017-07-14,3588.2206938937734
Nifty Infrastructure TRI,2017-07-17,3599.4276836586446
Nifty Infrastructure TRI,2017-07-18,3597.342017581179
Nifty Infrastructure TRI,2017-07-19,3632.7691275830953
Nifty Infrastructure TRI,2017-07-20,3627.4594011988092
Nifty Infrastructure TRI,2017-07-21,3607.0464950676264
Nifty Infrastructure TRI,2017-07-24,3622.2892665416416
Nifty Infrastructure TRI,2017-07-25,3634.448783612623
Nifty Infrastructure TRI,2017-07-26,3645.9636486205577
Nifty Infrastructure TRI,2017-07-27,3629.901511493666
Nifty Infrastructure TRI,2017-07-28,3611.0967836463537
Nifty Infrastructure TRI,2017-07-31,3657.473516189085
Nifty Infrastructure TRI,2017-08-01,3664.5826479024627
Nifty Infrastructure TRI,2017-08-02,3657.3897565305715
Nifty Infrastructure TRI,2017-08-03,3659.01466708752
Nifty Infrastructure TRI,2017-08-04,3665.479426924953
Nifty Infrastructure TRI,2017-08-07,3671.3237022494563
Nifty Infrastructure TRI,2017-08-08,3627.452426527482
Nifty Infrastructure TRI,2017-08-09,3588.257056041028
Nifty Infrastructure TRI,2017-08-10,3539.0555076899223
Nifty Infrastructure TRI,2017-08-11,3503.727260098397
Nifty Infrastructure TRI,2017-08-14,3559.0974905383237
Nifty Infrastructure TRI,2017-08-16,3563.310607647388
Nifty Infrastructure TRI,2017-08-17,3574.562365896238
Nifty Infrastructure TRI,2017-08-18,3579.467219381818
Nifty Infrastructure TRI,2017-08-21,3537.690883344734
Nifty Infrastructure TRI,2017-08-22,3519.405724142277
Nifty Infrastructure TRI,2017-08-23,3548.9520757258188
Nifty Infrastructure TRI,2017-08-24,3558.0000266435327
Nifty Infrastructure TRI,2017-08-28,3588.3856100248686
Nifty Infrastructure TRI,2017-08-29,3539.315058970057
Nifty Infrastructure TRI,2017-08-30,3568.868789875691
Nifty Infrastructure TRI,2017-08-31,3577.704208063784
Nifty Infrastructure TRI,2017-09-01,3582.126752452091
Nifty Infrastructure TRI,2017-09-04,3547.382737536576
Nifty Infrastructure TRI,2017-09-05,3540.2317750057896
Nifty Infrastructure TRI,2017-09-06,3522.6373677441466
Nifty Infrastructure TRI,2017-09-07,3529.5891568124
Nifty Infrastructure TRI,2017-09-08,3560.7662305163494
Nifty Infrastructure TRI,2017-09-11,3626.4217681812
Nifty Infrastructure TRI,2017-09-12,3655.1293430069695
Nifty Infrastructure TRI,2017-09-13,3642.4343446230373
Nifty Infrastructure TRI,2017-09-14,3646.4301838423585
Nifty Infrastructure TRI,2017-09-15,3628.026087915365
Nifty Infrastructure TRI,2017-09-18,3674.639898592435
Nifty Infrastructure TRI,2017-09-19,3672.4440771837376
Nifty Infrastructure TRI,2017-09-20,3672.6718306843027
Nifty Infrastructure TRI,2017-09-21,3655.61163499572
Nifty Infrastructure TRI,2017-09-22,3567.5650968681825
Nifty Infrastructure TRI,2017-09-25,3528.378932927252
Nifty Infrastructure TRI,2017-09-26,3521.222364225609
Nifty Infrastructure TRI,2017-09-27,3455.2964138396433
Nifty Infrastructure TRI,2017-09-28,3459.23399295458
Nifty Infrastructure TRI,2017-09-29,3496.894537309412
Nifty Infrastructure TRI,2017-10-03,3488.6233820521197
Nifty Infrastructure TRI,2017-10-04,3496.0110204445737
Nifty Infrastructure TRI,2017-10-05,3485.7799324324683
Nifty Infrastructure TRI,2017-10-06,3521.5642936255044
Nifty Infrastructure TRI,2017-10-09,3509.137759148856
Nifty Infrastructure TRI,2017-10-10,3533.395170405989
Nifty Infrastructure TRI,2017-10-11,3532.6482499860044
Nifty Infrastructure TRI,2017-10-12,3571.1355370449805
Nifty Infrastructure TRI,2017-10-13,3613.6677313499067
Nifty Infrastructure TRI,2017-10-16,3653.261186914247
Nifty Infrastructure TRI,2017-10-17,3680.1699782591772
Nifty Infrastructure TRI,2017-10-18,3678.9425715829498
Nifty Infrastructure TRI,2017-10-19,3671.677539261537
Nifty Infrastructure TRI,2017-10-23,3713.9395792552386
Nifty Infrastructure TRI,2017-10-24,3747.2722483175367
Nifty Infrastructure TRI,2017-10-25,3840.9932849140705
Nifty Infrastructure TRI,2017-10-26,3860.205649982915
Nifty Infrastructure TRI,2017-10-27,3824.798647567099
Nifty Infrastructure TRI,2017-10-30,3862.7592691731784
Nifty Infrastructure TRI,2017-10-31,3863.1550577796174
Nifty Infrastructure TRI,2017-11-01,3895.4764248108636
Nifty Infrastructure TRI,2017-11-02,3901.913602215095
Nifty Infrastructure TRI,2017-11-03,3916.494731556004
Nifty Infrastructure TRI,2017-11-06,3893.8473698012167
Nifty Infrastructure TRI,2017-11-07,3825.417839355812
Nifty Infrastructure TRI,2017-11-08,3808.4434030309944
Nifty Infrastructure TRI,2017-11-09,3823.024575610177
Nifty Infrastructure TRI,2017-11-10,3867.221870088094
Nifty Infrastructure TRI,2017-11-13,3809.38909780696
Nifty Infrastructure TRI,2017-11-14,3764.6257784134114
Nifty Infrastructure TRI,2017-11-15,3717.701665132675
Nifty Infrastructure TRI,2017-11-16,3750.2500881640867
Nifty Infrastructure TRI,2017-11-17,3770.0127759211073
Nifty Infrastructure TRI,2017-11-20,3800.2230705773864
Nifty Infrastructure TRI,2017-11-21,3810.384503790445
Nifty Infrastructure TRI,2017-11-22,3806.677339604316
Nifty Infrastructure TRI,2017-11-23,3792.5003192733784
Nifty Infrastructure TRI,2017-11-24,3804.9292911600774
Nifty Infrastructure TRI,2017-11-27,3835.5815193379976
Nifty Infrastructure TRI,2017-11-28,3803.9689176251513
Nifty Infrastructure TRI,2017-11-29,3815.6443719922217
Nifty Infrastructure TRI,2017-11-30,3797.2000333250426
Nifty Infrastructure TRI,2017-12-01,3747.1753463449804
Nifty Infrastructure TRI,2017-12-04,3743.3854141592838
Nifty Infrastructure TRI,2017-12-05,3732.278170141155
Nifty Infrastructure TRI,2017-12-06,3688.019971888021
Nifty Infrastructure TRI,2017-12-07,3787.323854446117
Nifty Infrastructure TRI,2017-12-08,3805.9132589427954
Nifty Infrastructure TRI,2017-12-11,3815.682213825357
Nifty Infrastructure TRI,2017-12-12,3769.74396376687
Nifty Infrastructure TRI,2017-12-13,3732.7674561685694
Nifty Infrastructure TRI,2017-12-14,3738.7217305220142
Nifty Infrastructure TRI,2017-12-15,3758.610127544507
Nifty Infrastructure TRI,2017-12-18,3788.576548154164
Nifty Infrastructure TRI,2017-12-19,3827.373767900046
Nifty Infrastructure TRI,2017-12-20,3836.033022076562
Nifty Infrastructure TRI,2017-12-21,3881.1003084602908
Nifty Infrastructure TRI,2017-12-22,3905.6973233735284
Nifty Infrastructure TRI,2017-12-26,3935.0574183390486
Nifty Infrastructure TRI,2017-12-27,3909.1446740802353
Nifty Infrastructure TRI,2017-12-28,3894.9546437137087
Nifty Infrastructure TRI,2017-12-29,3930.742191269234
Nifty Infrastructure TRI,2018-01-01,3930.208608817173
Nifty Infrastructure TRI,2018-01-02,3914.8823438282016
Nifty Infrastructure TRI,2018-01-03,3951.3787756010397
Nifty Infrastructure TRI,2018-01-04,4000.9016194235323
Nifty Infrastructure TRI,2018-01-05,4038.6463874197925
Nifty Infrastructure TRI,2018-01-08,4038.393409793468
Nifty Infrastructure TRI,2018-01-09,4017.1216187657974
Nifty Infrastructure TRI,2018-01-10,4006.8206204007365
Nifty Infrastructure TRI,2018-01-11,4006.843530709328
Nifty Infrastructure TRI,2018-01-12,4003.298456517381
Nifty Infrastructure TRI,2018-01-15,3987.5806819350128
Nifty Infrastructure TRI,2018-01-16,3945.5962065554572
Nifty Infrastructure TRI,2018-01-17,3993.355554526056
Nifty Infrastructure TRI,2018-01-18,3932.8239420790874
Nifty Infrastructure TRI,2018-01-19,3971.2864655648677
Nifty Infrastructure TRI,2018-01-22,3994.1700736975176
Nifty Infrastructure TRI,2018-01-23,4006.9540061779385
Nifty Infrastructure TRI,2018-01-24,3965.6079210018675
Nifty Infrastructure TRI,2018-01-25,3952.001552128808
Nifty Infrastructure TRI,2018-01-29,3947.0551605825567
Nifty Infrastructure TRI,2018-01-30,3933.0674898760944
Nifty Infrastructure TRI,2018-01-31,3915.508704913943
Nifty Infrastructure TRI,2018-02-01,3946.5225100035973
Nifty Infrastructure TRI,2018-02-02,3816.937148834739
Nifty Infrastructure TRI,2018-02-05,3796.7539271173655
Nifty Infrastructure TRI,2018-02-06,3754.3016341911384
Nifty Infrastructure TRI,2018-02-07,3737.814995923322
Nifty Infrastructure TRI,2018-02-08,3761.742485144732
Nifty Infrastructure TRI,2018-02-09,3729.1318255917613
Nifty Infrastructure TRI,2018-02-12,3780.2528142515216
Nifty Infrastructure TRI,2018-02-14,3794.0281929852135
Nifty Infrastructure TRI,2018-02-15,3766.6070579447673
Nifty Infrastructure TRI,2018-02-16,3724.789123033692
Nifty Infrastructure TRI,2018-02-19,3671.5726509169926
Nifty Infrastructure TRI,2018-02-20,3672.6127823883976
Nifty Infrastructure TRI,2018-02-21,3666.1834048780283
Nifty Infrastructure TRI,2018-02-22,3653.5830689980585
Nifty Infrastructure TRI,2018-02-23,3705.6669299768105
Nifty Infrastructure TRI,2018-02-26,3764.9290859718562
Nifty Infrastructure TRI,2018-02-27,3769.1662307001166
Nifty Infrastructure TRI,2018-02-28,3738.105725598621
Nifty Infrastructure TRI,2018-03-01,3728.482548787331
Nifty Infrastructure TRI,2018-03-05,3691.39113675233
Nifty Infrastructure TRI,2018-03-06,3642.8316378895565
Nifty Infrastructure TRI,2018-03-07,3576.074192917065
Nifty Infrastructure TRI,2018-03-08,3612.906682876662
Nifty Infrastructure TRI,2018-03-09,3601.976951590934
Nifty Infrastructure TRI,2018-03-12,3674.4708194093146
Nifty Infrastructure TRI,2018-03-13,3687.26457602599
Nifty Infrastructure TRI,2018-03-14,3678.1230174724164
Nifty Infrastructure TRI,2018-03-15,3668.2768174350067
Nifty Infrastructure TRI,2018-03-16,3604.2631066954323
Nifty Infrastructure TRI,2018-03-19,3577.9094805923764
Nifty Infrastructure TRI,2018-03-20,3608.201058145371
Nifty Infrastructure TRI,2018-03-21,3642.341403284746
Nifty Infrastructure TRI,2018-03-22,3612.55428506774
Nifty Infrastructure TRI,2018-03-23,3582.7112497095113
Nifty Infrastructure TRI,2018-03-26,3634.266692490228
Nifty Infrastructure TRI,2018-03-27,3647.8234877561767
Nifty Infrastructure TRI,2018-03-28,3607.518250148011
Nifty Infrastructure TRI,2018-04-02,3663.9844850766485
Nifty Infrastructure TRI,2018-04-03,3695.322660747859
Nifty Infrastructure TRI,2018-04-04,3634.0882916413725
Nifty Infrastructure TRI,2018-04-05,3690.4148228332465
Nifty Infrastructure TRI,2018-04-06,3677.634631832322
Nifty Infrastructure TRI,2018-04-09,3688.1864833116942
Nifty Infrastructure TRI,2018-04-10,3720.7793366794876
Nifty Infrastructure TRI,2018-04-11,3720.521258255446
Nifty Infrastructure TRI,2018-04-12,3715.1672997432215
Nifty Infrastructure TRI,2018-04-13,3715.180095333443
Nifty Infrastructure TRI,2018-04-16,3739.7813310568386
Nifty Infrastructure TRI,2018-04-17,3752.0494806915585
Nifty Infrastructure TRI,2018-04-18,3756.7268895011466
Nifty Infrastructure TRI,2018-04-19,3794.971086866291
Nifty Infrastructure TRI,2018-04-20,3764.401730269143
Nifty Infrastructure TRI,2018-04-23,3760.811318907964
Nifty Infrastructure TRI,2018-04-24,3776.554241798713
Nifty Infrastructure TRI,2018-04-25,3767.9452630417136
Nifty Infrastructure TRI,2018-04-26,3732.4329017826954
Nifty Infrastructure TRI,2018-04-27,3765.6962342867423
Nifty Infrastructure TRI,2018-04-30,3800.891576861923
Nifty Infrastructure TRI,2018-05-02,3775.696353588435
Nifty Infrastructure TRI,2018-05-03,3737.8433746209776
Nifty Infrastructure TRI,2018-05-04,3715.9386938239054
Nifty Infrastructure TRI,2018-05-07,3743.4862965595166
Nifty Infrastructure TRI,2018-05-08,3731.996818364001
Nifty Infrastructure TRI,2018-05-09,3731.6847085043396
Nifty Infrastructure TRI,2018-05-10,3693.5502881454513
Nifty Infrastructure TRI,2018-05-11,3685.0967264532546
Nifty Infrastructure TRI,2018-05-14,3670.5875018332067
Nifty Infrastructure TRI,2018-05-15,3660.124124017957
Nifty Infrastructure TRI,2018-05-16,3640.487656915831
Nifty Infrastructure TRI,2018-05-17,3623.292352707968
Nifty Infrastructure TRI,2018-05-18,3548.0180051887432
Nifty Infrastructure TRI,2018-05-21,3526.9776351843166
Nifty Infrastructure TRI,2018-05-22,3536.972893597157
Nifty Infrastructure TRI,2018-05-23,3538.771367251462
Nifty Infrastructure TRI,2018-05-24,3561.4169019402416
Nifty Infrastructure TRI,2018-05-25,3598.830860482591
Nifty Infrastructure TRI,2018-05-28,3642.946231280941
Nifty Infrastructure TRI,2018-05-29,3639.6445434319467
Nifty Infrastructure TRI,2018-05-30,3620.541369582195
Nifty Infrastructure TRI,2018-05-31,3623.048825406105
Nifty Infrastructure TRI,2018-06-01,3599.5452377552456
Nifty Infrastructure TRI,2018-06-04,3539.1807835016834
Nifty Infrastructure TRI,2018-06-05,3483.8998197015458
Nifty Infrastructure TRI,2018-06-06,3533.491993006611
Nifty Infrastructure TRI,2018-06-07,3553.9207362237194
Nifty Infrastructure TRI,2018-06-08,3542.196095469231
Nifty Infrastructure TRI,2018-06-11,3549.822121668561
Nifty Infrastructure TRI,2018-06-12,3571.5586739789483
Nifty Infrastructure TRI,2018-06-13,3546.848899495087
Nifty Infrastructure TRI,2018-06-14,3519.14956018617
Nifty Infrastructure TRI,2018-06-15,3485.798605453851
Nifty Infrastructure TRI,2018-06-18,3472.991356044376
Nifty Infrastructure TRI,2018-06-19,3443.981070920944
Nifty Infrastructure TRI,2018-06-20,3445.506362432392
Nifty Infrastructure TRI,2018-06-21,3411.222579681588
Nifty Infrastructure TRI,2018-06-22,3439.862752531084
Nifty Infrastructure TRI,2018-06-25,3387.756067553507
Nifty Infrastructure TRI,2018-06-26,3395.203635456587
Nifty Infrastructure TRI,2018-06-27,3326.182003602634
Nifty Infrastructure TRI,2018-06-28,3317.4315020089857
Nifty Infrastructure TRI,2018-06-29,3397.8189638152044
Nifty Infrastructure TRI,2018-07-02,3330.693237401224
Nifty Infrastructure TRI,2018-07-03,3331.0196675766974
Nifty Infrastructure TRI,2018-07-04,3327.59493859775
Nifty Infrastructure TRI,2018-07-05,3310.3614204830396
Nifty Infrastructure TRI,2018-07-06,3326.7249880683153
Nifty Infrastructure TRI,2018-07-09,3368.644515577408
Nifty Infrastructure TRI,2018-07-10,3390.122802837579
Nifty Infrastructure TRI,2018-07-11,3369.788756195664
Nifty Infrastructure TRI,2018-07-12,3385.06966451357
Nifty Infrastructure TRI,2018-07-13,3357.7194360834173
Nifty Infrastructure TRI,2018-07-16,3311.877217095587
Nifty Infrastructure TRI,2018-07-17,3337.0024298218004
Nifty Infrastructure TRI,2018-07-18,3314.758440563379
Nifty Infrastructure TRI,2018-07-19,3278.317823721703
Nifty Infrastructure TRI,2018-07-20,3298.5492719086674
Nifty Infrastructure TRI,2018-07-23,3349.0250022433306
Nifty Infrastructure TRI,2018-07-24,3412.9425998529327
Nifty Infrastructure TRI,2018-07-25,3382.645019294402
Nifty Infrastructure TRI,2018-07-26,3394.832329217081
Nifty Infrastructure TRI,2018-07-27,3411.3729095891435
Nifty Infrastructure TRI,2018-07-30,3428.9543302712796
Nifty Infrastructure TRI,2018-07-31,3436.629486549815
Nifty Infrastructure TRI,2018-08-01,3427.654890789333
Nifty Infrastructure TRI,2018-08-02,3412.2045737031563
Nifty Infrastructure TRI,2018-08-03,3431.850978753606
Nifty Infrastructure TRI,2018-08-06,3446.4454915982274
Nifty Infrastructure TRI,2018-08-07,3429.4150560681933
Nifty Infrastructure TRI,2018-08-08,3440.0307796685915
Nifty Infrastructure TRI,2018-08-09,3434.646339420342
Nifty Infrastructure TRI,2018-08-10,3408.6875106268594
Nifty Infrastructure TRI,2018-08-13,3389.6978285242167
Nifty Infrastructure TRI,2018-08-14,3367.980453322212
Nifty Infrastructure TRI,2018-08-16,3349.745685257302
Nifty Infrastructure TRI,2018-08-17,3366.7314785132976
Nifty Infrastructure TRI,2018-08-20,3459.72738153835
Nifty Infrastructure TRI,2018-08-21,3466.7007599881613
Nifty Infrastructure TRI,2018-08-23,3501.2856143739755
Nifty Infrastructure TRI,2018-08-24,3494.3211481924823
Nifty Infrastructure TRI,2018-08-27,3544.4378644436756
Nifty Infrastructure TRI,2018-08-28,3541.7761331960396
Nifty Infrastructure TRI,2018-08-29,3527.350526472981
Nifty Infrastructure TRI,2018-08-30,3542.388828033985
Nifty Infrastructure TRI,2018-08-31,3582.97181545151
Nifty Infrastructure TRI,2018-09-03,3567.7988673468412
Nifty Infrastructure TRI,2018-09-04,3512.2994330667793
Nifty Infrastructure TRI,2018-09-05,3490.7882149165475
Nifty Infrastructure TRI,2018-09-06,3505.664882114017
Nifty Infrastructure TRI,2018-09-07,3527.7338969905895
Nifty Infrastructure TRI,2018-09-10,3492.229793388821
Nifty Infrastructure TRI,2018-09-11,3445.323877164582
Nifty Infrastructure TRI,2018-09-12,3476.7114382031914
Nifty Infrastructure TRI,2018-09-14,3536.0054069839816
Nifty Infrastructure TRI,2018-09-17,3515.8619142872917
Nifty Infrastructure TRI,2018-09-18,3453.468686303857
Nifty Infrastructure TRI,2018-09-19,3444.5891912427237
Nifty Infrastructure TRI,2018-09-21,3422.3048704433813
Nifty Infrastructure TRI,2018-09-24,3360.446986209858
Nifty Infrastructure TRI,2018-09-25,3352.2166435586214
Nifty Infrastructure TRI,2018-09-26,3362.846934376078
Nifty Infrastructure TRI,2018-09-27,3320.3275502463603
Nifty Infrastructure TRI,2018-09-28,3235.229615168689
Nifty Infrastructure TRI,2018-10-01,3233.3112303036596
Nifty Infrastructure TRI,2018-10-03,3198.8453619537386
Nifty Infrastructure TRI,2018-10-04,3183.955352398303
Nifty Infrastructure TRI,2018-10-05,3103.031914328366
Nifty Infrastructure TRI,2018-10-08,3085.1767324962566
Nifty Infrastructure TRI,2018-10-09,3082.8780363086817
Nifty Infrastructure TRI,2018-10-10,3158.1293208179763
Nifty Infrastructure TRI,2018-10-11,3096.059310576773
Nifty Infrastructure TRI,2018-10-12,3157.462920612892
Nifty Infrastructure TRI,2018-10-15,3150.1359942831696
Nifty Infrastructure TRI,2018-10-16,3175.9304519749567
Nifty Infrastructure TRI,2018-10-17,3127.9225222519663
Nifty Infrastructure TRI,2018-10-19,3111.6519944987726
Nifty Infrastructure TRI,2018-10-22,3108.846995331509
Nifty Infrastructure TRI,2018-10-23,3110.6945296649824
Nifty Infrastructure TRI,2018-10-24,3153.735745727873
Nifty Infrastructure TRI,2018-10-25,3111.8797421806416
Nifty Infrastructure TRI,2018-10-26,3093.538653404212
Nifty Infrastructure TRI,2018-10-29,3198.2339159260755
Nifty Infrastructure TRI,2018-10-30,3204.88697219915
Nifty Infrastructure TRI,2018-10-31,3241.555877507934
Nifty Infrastructure TRI,2018-11-01,3276.262678038055
Nifty Infrastructure TRI,2018-11-02,3339.951943397056
Nifty Infrastructure TRI,2018-11-05,3311.5141633456683
Nifty Infrastructure TRI,2018-11-06,3322.7574344829713
Nifty Infrastructure TRI,2018-11-07,3334.4382841164393
Nifty Infrastructure TRI,2018-11-09,3352.343042151657
Nifty Infrastructure TRI,2018-11-12,3306.3205084204096
Nifty Infrastructure TRI,2018-11-13,3350.760819589707
Nifty Infrastructure TRI,2018-11-14,3353.7641302283973
Nifty Infrastructure TRI,2018-11-15,3366.7047150076073
Nifty Infrastructure TRI,2018-11-16,3403.3433610263323
Nifty Infrastructure TRI,2018-11-19,3430.2160539984748
Nifty Infrastructure TRI,2018-11-20,3408.975853166196
Nifty Infrastructure TRI,2018-11-21,3396.6360025756244
Nifty Infrastructure TRI,2018-11-22,3380.581517938937
Nifty Infrastructure TRI,2018-11-26,3404.946553721461
Nifty Infrastructure TRI,2018-11-27,3407.734163027449
Nifty Infrastructure TRI,2018-11-28,3357.591915791805
Nifty Infrastructure TRI,2018-11-29,3381.6275688078936
Nifty Infrastructure TRI,2018-11-30,3372.669877610145
Nifty Infrastructure TRI,2018-12-03,3409.167046471736
Nifty Infrastructure TRI,2018-12-04,3396.9310228745894
Nifty Infrastructure TRI,2018-12-05,3342.3513715096624
Nifty Infrastructure TRI,2018-12-06,3297.9308146915932
Nifty Infrastructure TRI,2018-12-07,3318.746828891103
Nifty Infrastructure TRI,2018-12-10,3245.0282636242387
Nifty Infrastructure TRI,2018-12-11,3252.948868936281
Nifty Infrastructure TRI,2018-12-12,3335.136836557682
Nifty Infrastructure TRI,2018-12-13,3355.7942803043497
Nifty Infrastructure TRI,2018-12-14,3373.829615396695
Nifty Infrastructure TRI,2018-12-17,3388.5352208284007
Nifty Infrastructure TRI,2018-12-18,3427.7818597151927
Nifty Infrastructure TRI,2018-12-19,3473.9181170700685
Nifty Infrastructure TRI,2018-12-20,3478.951213108668
Nifty Infrastructure TRI,2018-12-21,3423.635123843747
Nifty Infrastructure TRI,2018-12-24,3395.1594743580217
Nifty Infrastructure TRI,2018-12-26,3432.7780544866996
Nifty Infrastructure TRI,2018-12-27,3449.0193421092595
Nifty Infrastructure TRI,2018-12-28,3474.611233195749
Nifty Infrastructure TRI,2018-12-31,3472.6551811311206
Nifty Infrastructure TRI,2019-01-01,3489.4472461220594
Nifty Infrastructure TRI,2019-01-02,3438.593854827012
Nifty Infrastructure TRI,2019-01-03,3395.065499996782
Nifty Infrastructure TRI,2019-01-04,3424.2710122110284
Nifty Infrastructure TRI,2019-01-07,3441.8353924537
Nifty Infrastructure TRI,2019-01-08,3441.1821009331625
Nifty Infrastructure TRI,2019-01-09,3441.4039907341116
Nifty Infrastructure TRI,2019-01-10,3450.8701678384978
Nifty Infrastructure TRI,2019-01-11,3412.8554951161364
Nifty Infrastructure TRI,2019-01-14,3364.7739082692065
Nifty Infrastructure TRI,2019-01-15,3388.4634787835103
Nifty Infrastructure TRI,2019-01-16,3393.935704230032
Nifty Infrastructure TRI,2019-01-17,3397.6576379220323
Nifty Infrastructure TRI,2019-01-18,3343.601277086608
Nifty Infrastructure TRI,2019-01-21,3321.65780743837
Nifty Infrastructure TRI,2019-01-22,3304.52898028893
Nifty Infrastructure TRI,2019-01-23,3282.747541303468
Nifty Infrastructure TRI,2019-01-24,3266.2731266430314
Nifty Infrastructure TRI,2019-01-25,3249.5785107021734
Nifty Infrastructure TRI,2019-01-28,3219.9584759917498
Nifty Infrastructure TRI,2019-01-29,3226.1936993678964
Nifty Infrastructure TRI,2019-01-30,3228.54329027078
Nifty Infrastructure TRI,2019-01-31,3258.9188430178415
Nifty Infrastructure TRI,2019-02-01,3282.1251821354163
Nifty Infrastructure TRI,2019-02-04,3223.5960469979264
Nifty Infrastructure TRI,2019-02-05,3203.3902686457754
Nifty Infrastructure TRI,2019-02-06,3210.5576503225234
Nifty Infrastructure TRI,2019-02-07,3200.1503553421053
Nifty Infrastructure TRI,2019-02-08,3158.6433435235767
Nifty Infrastructure TRI,2019-02-11,3133.435840598048
Nifty Infrastructure TRI,2019-02-12,3126.364672476751
Nifty Infrastructure TRI,2019-02-14,3086.4279049453444
Nifty Infrastructure TRI,2019-02-15,3128.368749802484
Nifty Infrastructure TRI,2019-02-18,3123.6911560130834
Nifty Infrastructure TRI,2019-02-19,3123.7931732061625
Nifty Infrastructure TRI,2019-02-20,3177.7376749723453
Nifty Infrastructure TRI,2019-02-21,3184.359659564121
Nifty Infrastructure TRI,2019-02-22,3196.185892818956
Nifty Infrastructure TRI,2019-02-25,3174.750599370793
Nifty Infrastructure TRI,2019-02-26,3166.14338172255
Nifty Infrastructure TRI,2019-02-27,3177.6424324165
Nifty Infrastructure TRI,2019-02-28,3197.0861917398656
Nifty Infrastructure TRI,2019-03-01,3224.5305486631987
Nifty Infrastructure TRI,2019-03-05,3265.3919582724675
Nifty Infrastructure TRI,2019-03-06,3297.8297295477573
Nifty Infrastructure TRI,2019-03-07,3323.9675806167406
Nifty Infrastructure TRI,2019-03-08,3330.378379998439
Nifty Infrastructure TRI,2019-03-11,3411.052494589846
Nifty Infrastructure TRI,2019-03-12,3473.5367253155987
Nifty Infrastructure TRI,2019-03-13,3445.0386940597155
Nifty Infrastructure TRI,2019-03-14,3445.151206200021
Nifty Infrastructure TRI,2019-03-15,3478.810381560561
Nifty Infrastructure TRI,2019-03-18,3469.119285229376
Nifty Infrastructure TRI,2019-03-19,3477.8394441469877
Nifty Infrastructure TRI,2019-03-20,3467.591424482987
Nifty Infrastructure TRI,2019-03-22,3493.4769297764637
Nifty Infrastructure TRI,2019-03-25,3464.155037134505
Nifty Infrastructure TRI,2019-03-26,3498.539625892669
Nifty Infrastructure TRI,2019-03-27,3471.5646305560285
Nifty Infrastructure TRI,2019-03-28,3506.993834310568
Nifty Infrastructure TRI,2019-04-01,3552.4795868452443
Nifty Infrastructure TRI,2019-04-02,3564.0588160712273
Nifty Infrastructure TRI,2019-04-03,3519.089516191301
Nifty Infrastructure TRI,2019-04-04,3512.7868377664286
Nifty Infrastructure TRI,2019-04-05,3519.6485480788656
Nifty Infrastructure TRI,2019-04-08,3519.280096217039
Nifty Infrastructure TRI,2019-04-09,3515.3904039088256
Nifty Infrastructure TRI,2019-04-10,3492.4085980717446
Nifty Infrastructure TRI,2019-04-11,3506.512718243945
Nifty Infrastructure TRI,2019-04-12,3505.036213151111
Nifty Infrastructure TRI,2019-04-15,3514.9819157387915
Nifty Infrastructure TRI,2019-04-16,3556.470104116544
Nifty Infrastructure TRI,2019-04-18,3507.2048453240723
Nifty Infrastructure TRI,2019-04-22,3483.569319146984
Nifty Infrastructure TRI,2019-04-23,3452.398930697366
Nifty Infrastructure TRI,2019-04-24,3479.7902725215195
Nifty Infrastructure TRI,2019-04-25,3450.7033568135066
Nifty Infrastructure TRI,2019-04-26,3449.773200086652
Nifty Infrastructure TRI,2019-04-30,3411.8509132572012
Nifty Infrastructure TRI,2019-05-02,3439.139673744742
Nifty Infrastructure TRI,2019-05-03,3459.2366874338654
Nifty Infrastructure TRI,2019-05-06,3433.2745771177824
Nifty Infrastructure TRI,2019-05-07,3413.5095945203716
Nifty Infrastructure TRI,2019-05-08,3377.5991562030613
Nifty Infrastructure TRI,2019-05-09,3342.8395989594433
Nifty Infrastructure TRI,2019-05-10,3352.8334678859896
Nifty Infrastructure TRI,2019-05-13,3278.689932500297
Nifty Infrastructure TRI,2019-05-14,3343.770068900899
Nifty Infrastructure TRI,2019-05-15,3291.0973160608273
Nifty Infrastructure TRI,2019-05-16,3306.96832457808
Nifty Infrastructure TRI,2019-05-17,3330.969800897156
Nifty Infrastructure TRI,2019-05-20,3502.632123295497
Nifty Infrastructure TRI,2019-05-21,3462.973578232658
Nifty Infrastructure TRI,2019-05-22,3482.314449425983
Nifty Infrastructure TRI,2019-05-23,3528.521618341766
Nifty Infrastructure TRI,2019-05-24,3632.5283404522165
Nifty Infrastructure TRI,2019-05-27,3714.3685463228157
Nifty Infrastructure TRI,2019-05-28,3689.0491116653284
Nifty Infrastructure TRI,2019-05-29,3644.496118039644
Nifty Infrastructure TRI,2019-05-30,3685.773277486799
Nifty Infrastructure TRI,2019-05-31,3669.5728772735984
Nifty Infrastructure TRI,2019-06-03,3690.871219198039
Nifty Infrastructure TRI,2019-06-04,3704.1821178127925
Nifty Infrastructure TRI,2019-06-06,3650.669961276442
Nifty Infrastructure TRI,2019-06-07,3646.0621275048807
Nifty Infrastructure TRI,2019-06-10,3670.7164815712895
Nifty Infrastructure TRI,2019-06-11,3671.6059239383303
Nifty Infrastructure TRI,2019-06-12,3635.7177442131424
Nifty Infrastructure TRI,2019-06-13,3652.659187557467
Nifty Infrastructure TRI,2019-06-14,3637.879449380759
Nifty Infrastructure TRI,2019-06-17,3588.3112869482816
Nifty Infrastructure TRI,2019-06-18,3598.3257708095193
Nifty Infrastructure TRI,2019-06-19,3586.7859898502184
Nifty Infrastructure TRI,2019-06-20,3657.508376133411
Nifty Infrastructure TRI,2019-06-21,3636.3467245199386
Nifty Infrastructure TRI,2019-06-24,3646.492149724116
Nifty Infrastructure TRI,2019-06-25,3665.6404403334705
Nifty Infrastructure TRI,2019-06-26,3714.1045113353875
Nifty Infrastructure TRI,2019-06-27,3714.115701275448
Nifty Infrastructure TRI,2019-06-28,3706.316634639914
Nifty Infrastructure TRI,2019-07-01,3728.408064007973
Nifty Infrastructure TRI,2019-07-02,3748.058417917786
Nifty Infrastructure TRI,2019-07-03,3769.2505457825437
Nifty Infrastructure TRI,2019-07-04,3782.2467980003385
Nifty Infrastructure TRI,2019-07-05,3711.8403515495593
Nifty Infrastructure TRI,2019-07-08,3596.1650475570614
Nifty Infrastructure TRI,2019-07-09,3647.0135156281353
Nifty Infrastructure TRI,2019-07-10,3595.684736241888
Nifty Infrastructure TRI,2019-07-11,3611.2643369814637
Nifty Infrastructure TRI,2019-07-12,3576.4945332694897
Nifty Infrastructure TRI,2019-07-15,3538.7068771994695
Nifty Infrastructure TRI,2019-07-16,3584.171450773274
Nifty Infrastructure TRI,2019-07-17,3567.6672073799555
Nifty Infrastructure TRI,2019-07-18,3516.102291425475
Nifty Infrastructure TRI,2019-07-19,3490.788503273307
Nifty Infrastructure TRI,2019-07-22,3498.506649929982
Nifty Infrastructure TRI,2019-07-23,3515.3002978940253
Nifty Infrastructure TRI,2019-07-24,3467.0265221985865
Nifty Infrastructure TRI,2019-07-25,3444.458451240354
Nifty Infrastructure TRI,2019-07-26,3454.2052612391935
Nifty Infrastructure TRI,2019-07-29,3390.6208489158143
Nifty Infrastructure TRI,2019-07-30,3387.9234480509917
Nifty Infrastructure TRI,2019-07-31,3399.156503890556
Nifty Infrastructure TRI,2019-08-01,3356.86821618848
Nifty Infrastructure TRI,2019-08-02,3370.193647016332
Nifty Infrastructure TRI,2019-08-05,3326.081546689571
Nifty Infrastructure TRI,2019-08-06,3382.364654255922
Nifty Infrastructure TRI,2019-08-07,3353.6159682948137
Nifty Infrastructure TRI,2019-08-08,3383.907373410668
Nifty Infrastructure TRI,2019-08-09,3382.1452766901175
Nifty Infrastructure TRI,2019-08-13,3259.52592778663
Nifty Infrastructure TRI,2019-08-14,3311.579702052226
Nifty Infrastructure TRI,2019-08-16,3328.6539151293787
Nifty Infrastructure TRI,2019-08-19,3342.258346991103
Nifty Infrastructure TRI,2019-08-20,3319.832120776952
Nifty Infrastructure TRI,2019-08-21,3265.391537999593
Nifty Infrastructure TRI,2019-08-22,3226.8720327000256
Nifty Infrastructure TRI,2019-08-23,3250.671969817056
Nifty Infrastructure TRI,2019-08-26,3323.4588133586685
Nifty Infrastructure TRI,2019-08-27,3348.5324413008134
Nifty Infrastructure TRI,2019-08-28,3313.8656948619414
Nifty Infrastructure TRI,2019-08-29,3321.4695357180954
Nifty Infrastructure TRI,2019-08-30,3308.239783261945
Nifty Infrastructure TRI,2019-09-03,3224.1127338382043
Nifty Infrastructure TRI,2019-09-04,3258.7264625524053
Nifty Infrastructure TRI,2019-09-05,3298.028244149353
Nifty Infrastructure TRI,2019-09-06,3335.403081215654
Nifty Infrastructure TRI,2019-09-09,3383.090116266523
Nifty Infrastructure TRI,2019-09-11,3390.479012831398
Nifty Infrastructure TRI,2019-09-12,3373.4412708902482
Nifty Infrastructure TRI,2019-09-13,3387.005894832253
Nifty Infrastructure TRI,2019-09-16,3359.0475490844515
Nifty Infrastructure TRI,2019-09-17,3303.4019506855143
Nifty Infrastructure TRI,2019-09-18,3313.7126637947244
Nifty Infrastructure TRI,2019-09-19,3290.932717373427
Nifty Infrastructure TRI,2019-09-20,3442.7689512662478
Nifty Infrastructure TRI,2019-09-23,3544.323813978694
Nifty Infrastructure TRI,2019-09-24,3503.01343670201
Nifty Infrastructure TRI,2019-09-25,3481.6142628706743
Nifty Infrastructure TRI,2019-09-26,3535.348287793726
Nifty Infrastructure TRI,2019-09-27,3515.272709918173
Nifty Infrastructure TRI,2019-09-30,3540.2788758494485
Nifty Infrastructure TRI,2019-10-01,3491.6208827210958
Nifty Infrastructure TRI,2019-10-03,3499.5737947643693
Nifty Infrastructure TRI,2019-10-04,3455.765358747897
Nifty Infrastructure TRI,2019-10-07,3415.046633809539
Nifty Infrastructure TRI,2019-10-09,3478.460250682233
Nifty Infrastructure TRI,2019-10-10,3501.257020398992
Nifty Infrastructure TRI,2019-10-11,3506.1179221305165
Nifty Infrastructure TRI,2019-10-14,3533.2321272597173
Nifty Infrastructure TRI,2019-10-15,3557.4143667614385
Nifty Infrastructure TRI,2019-10-16,3572.269019453037
Nifty Infrastructure TRI,2019-10-17,3596.8956194616953
Nifty Infrastructure TRI,2019-10-18,3644.378692629075
Nifty Infrastructure TRI,2019-10-22,3640.9899875236756
Nifty Infrastructure TRI,2019-10-23,3602.680255956338
Nifty Infrastructure TRI,2019-10-24,3612.5711313752236
Nifty Infrastructure TRI,2019-10-25,3592.5348745730175
Nifty Infrastructure TRI,2019-10-29,3626.3596443126926
Nifty Infrastructure TRI,2019-10-30,3659.7240372846422
Nifty Infrastructure TRI,2019-10-31,3669.9504316633015
Nifty Infrastructure TRI,2019-11-01,3647.867833251057
Nifty Infrastructure TRI,2019-11-04,3656.0134617567896
Nifty Infrastructure TRI,2019-11-05,3635.087537197005
Nifty Infrastructure TRI,2019-11-06,3631.2842516177466
Nifty Infrastructure TRI,2019-11-07,3631.3478216235926
Nifty Infrastructure TRI,2019-11-08,3595.8351032214227
Nifty Infrastructure TRI,2019-11-11,3595.745281856146
Nifty Infrastructure TRI,2019-11-13,3576.4212226232075
Nifty Infrastructure TRI,2019-11-14,3557.310028583324
Nifty Infrastructure TRI,2019-11-15,3578.2571728596795
Nifty Infrastructure TRI,2019-11-18,3590.1571414403006
Nifty Infrastructure TRI,2019-11-19,3645.2052340360146
Nifty Infrastructure TRI,2019-11-20,3675.4431651660143
Nifty Infrastructure TRI,2019-11-21,3648.9249747193912
Nifty Infrastructure TRI,2019-11-22,3649.0994672037614
Nifty Infrastructure TRI,2019-11-25,3696.660120711766
Nifty Infrastructure TRI,2019-11-26,3652.892686946738
Nifty Infrastructure TRI,2019-11-27,3660.419003009123
Nifty Infrastructure TRI,2019-11-28,3693.484555789176
Nifty Infrastructure TRI,2019-11-29,3674.257094761139
Nifty Infrastructure TRI,2019-12-02,3685.895322979255
Nifty Infrastructure TRI,2019-12-03,3640.071758785718
Nifty Infrastructure TRI,2019-12-04,3621.7240760918376
Nifty Infrastructure TRI,2019-12-05,3600.776402207303
Nifty Infrastructure TRI,2019-12-06,3581.0439077275314
Nifty Infrastructure TRI,2019-12-09,3592.0121637995467
Nifty Infrastructure TRI,2019-12-10,3555.188839219112
Nifty Infrastructure TRI,2019-12-11,3563.876746054388
Nifty Infrastructure TRI,2019-12-12,3583.957837741464
Nifty Infrastructure TRI,2019-12-13,3613.8291541148647
Nifty Infrastructure TRI,2019-12-16,3588.4085535463096
Nifty Infrastructure TRI,2019-12-17,3615.8501952401925
Nifty Infrastructure TRI,2019-12-18,3610.3260925847803
Nifty Infrastructure TRI,2019-12-19,3632.3493388296497
Nifty Infrastructure TRI,2019-12-20,3634.4041045108347
Nifty Infrastructure TRI,2019-12-23,3618.9376038582213
Nifty Infrastructure TRI,2019-12-24,3599.6919046783737
Nifty Infrastructure TRI,2019-12-26,3562.5799487808877
Nifty Infrastructure TRI,2019-12-27,3609.5616147608775
Nifty Infrastructure TRI,2019-12-30,3620.318388118937
Nifty Infrastructure TRI,2019-12-31,3602.8392324678966
Nifty Infrastructure TRI,2020-01-01,3611.7558817439135
Nifty Infrastructure TRI,2020-01-02,3665.7765674783986
Nifty Infrastructure TRI,2020-01-03,3646.304753155461
Nifty Infrastructure TRI,2020-01-06,3583.453473326642
Nifty Infrastructure TRI,2020-01-07,3605.212685207121
Nifty Infrastructure TRI,2020-01-08,3589.610369294375
Nifty Infrastructure TRI,2020-01-09,3651.724440581315
Nifty Infrastructure TRI,2020-01-10,3665.461364227023
Nifty Infrastructure TRI,2020-01-13,3690.0133444021512
Nifty Infrastructure TRI,2020-01-14,3688.196139649857
Nifty Infrastructure TRI,2020-01-15,3690.309793195862
Nifty Infrastructure TRI,2020-01-16,3693.9737480373246
Nifty Infrastructure TRI,2020-01-17,3720.616253778897
Nifty Infrastructure TRI,2020-01-20,3698.166520426904
Nifty Infrastructure TRI,2020-01-21,3694.134098234881
Nifty Infrastructure TRI,2020-01-22,3678.9149797765394
Nifty Infrastructure TRI,2020-01-23,3729.153699068567
Nifty Infrastructure TRI,2020-01-24,3750.3758739797095
Nifty Infrastructure TRI,2020-01-27,3719.1728231661577
Nifty Infrastructure TRI,2020-01-28,3675.204846483982
Nifty Infrastructure TRI,2020-01-29,3689.449449846942
Nifty Infrastructure TRI,2020-01-30,3654.3958362778135
Nifty Infrastructure TRI,2020-01-31,3602.8325940084355
Nifty Infrastructure TRI,2020-02-03,3526.7342471878314
Nifty Infrastructure TRI,2020-02-04,3605.242326272768
Nifty Infrastructure TRI,2020-02-05,3646.8015194919017
Nifty Infrastructure TRI,2020-02-06,3675.6760120783083
Nifty Infrastructure TRI,2020-02-07,3648.8683122203443
Nifty Infrastructure TRI,2020-02-10,3615.313457031018
Nifty Infrastructure TRI,2020-02-11,3636.378187843903
Nifty Infrastructure TRI,2020-02-12,3646.526995653331
Nifty Infrastructure TRI,2020-02-13,3637.4469784100884
Nifty Infrastructure TRI,2020-02-14,3635.4041998746507
Nifty Infrastructure TRI,2020-02-17,3599.900672089929
Nifty Infrastructure TRI,2020-02-18,3580.23080945693
Nifty Infrastructure TRI,2020-02-19,3626.6305248207495
Nifty Infrastructure TRI,2020-02-20,3613.057846185433
Nifty Infrastructure TRI,2020-02-24,3534.5313722554233
Nifty Infrastructure TRI,2020-02-25,3502.658193371916
Nifty Infrastructure TRI,2020-02-26,3455.6475999924237
Nifty Infrastructure TRI,2020-02-27,3440.2364263886816
Nifty Infrastructure TRI,2020-02-28,3339.1620528175995
Nifty Infrastructure TRI,2020-03-02,3296.3490670598057
Nifty Infrastructure TRI,2020-03-03,3376.8066552544315
Nifty Infrastructure TRI,2020-03-04,3354.568880040928
Nifty Infrastructure TRI,2020-03-05,3343.6428176120007
Nifty Infrastructure TRI,2020-03-06,3271.4910566317203
Nifty Infrastructure TRI,2020-03-09,3096.659619849099
Nifty Infrastructure TRI,2020-03-11,3092.4800912675805
Nifty Infrastructure TRI,2020-03-12,2842.0860670134334
Nifty Infrastructure TRI,2020-03-13,2967.5414019493746
Nifty Infrastructure TRI,2020-03-16,2773.6123950435717
Nifty Infrastructure TRI,2020-03-17,2740.2499526285997
Nifty Infrastructure TRI,2020-03-18,2591.377800581876
Nifty Infrastructure TRI,2020-03-19,2487.213669611861
Nifty Infrastructure TRI,2020-03-20,2659.4579875608697
Nifty Infrastructure TRI,2020-03-23,2339.329415614558
Nifty Infrastructure TRI,2020-03-24,2358.4943461620333
Nifty Infrastructure TRI,2020-03-25,2510.1197578979345
Nifty Infrastructure TRI,2020-03-26,2591.7774677067755
Nifty Infrastructure TRI,2020-03-27,2569.4419823297544
Nifty Infrastructure TRI,2020-03-30,2498.319469115591
Nifty Infrastructure TRI,2020-03-31,2620.2851713795753
Nifty Infrastructure TRI,2020-04-01,2535.0048275567992
Nifty Infrastructure TRI,2020-04-03,2531.673233683568
Nifty Infrastructure TRI,2020-04-07,2713.6506312059123
Nifty Infrastructure TRI,2020-04-08,2708.575988951823
Nifty Infrastructure TRI,2020-04-09,2798.3277525044614
Nifty Infrastructure TRI,2020-04-13,2824.180135619275
Nifty Infrastructure TRI,2020-04-15,2819.0336796729166
Nifty Infrastructure TRI,2020-04-16,2858.608887699301
Nifty Infrastructure TRI,2020-04-17,2915.401816595806
Nifty Infrastructure TRI,2020-04-20,2908.6341767414096
Nifty Infrastructure TRI,2020-04-21,2849.5225850577526
Nifty Infrastructure TRI,2020-04-22,2918.5997276667554
Nifty Infrastructure TRI,2020-04-23,2909.5302102181427
Nifty Infrastructure TRI,2020-04-24,2905.014729298218
Nifty Infrastructure TRI,2020-04-27,2927.7978115089195
Nifty Infrastructure TRI,2020-04-28,2924.949202157446
Nifty Infrastructure TRI,2020-04-29,2960.3779847477863
Nifty Infrastructure TRI,2020-04-30,3059.143973233485
Nifty Infrastructure TRI,2020-05-04,2963.361832883523
Nifty Infrastructure TRI,2020-05-05,2967.5704610620814
Nifty Infrastructure TRI,2020-05-06,2989.394541640371
Nifty Infrastructure TRI,2020-05-07,2975.65505919062
Nifty Infrastructure TRI,2020-05-08,2998.481276068641
Nifty Infrastructure TRI,2020-05-11,3030.6762852525535
Nifty Infrastructure TRI,2020-05-12,3002.1521102422626
Nifty Infrastructure TRI,2020-05-13,3070.614487669533
Nifty Infrastructure TRI,2020-05-14,3009.073754469477
Nifty Infrastructure TRI,2020-05-15,3033.795802908886
Nifty Infrastructure TRI,2020-05-18,2918.354916684036
Nifty Infrastructure TRI,2020-05-19,2969.9281480941463
Nifty Infrastructure TRI,2020-05-20,3026.0078699101373
Nifty Infrastructure TRI,2020-05-21,3030.443020040822
Nifty Infrastructure TRI,2020-05-22,3024.648645472345
Nifty Infrastructure TRI,2020-05-26,3029.8258241265175
Nifty Infrastructure TRI,2020-05-27,3069.1827890956756
Nifty Infrastructure TRI,2020-05-28,3130.8411799913365
Nifty Infrastructure TRI,2020-05-29,3164.364707141911
Nifty Infrastructure TRI,2020-06-01,3210.00118687089
Nifty Infrastructure TRI,2020-06-02,3239.6387421466407
Nifty Infrastructure TRI,2020-06-03,3251.4245125486873
Nifty Infrastructure TRI,2020-06-04,3280.286714192783
Nifty Infrastructure TRI,2020-06-05,3340.0767019336945
Nifty Infrastructure TRI,2020-06-08,3340.571012009622
Nifty Infrastructure TRI,2020-06-09,3292.7828108899253
Nifty Infrastructure TRI,2020-06-10,3304.739773559988
Nifty Infrastructure TRI,2020-06-11,3236.474283223446
Nifty Infrastructure TRI,2020-06-12,3287.15236103754
Nifty Infrastructure TRI,2020-06-15,3256.037449146625
Nifty Infrastructure TRI,2020-06-16,3248.07562520597
Nifty Infrastructure TRI,2020-06-17,3248.79384659612
Nifty Infrastructure TRI,2020-06-18,3291.5806484667282
Nifty Infrastructure TRI,2020-06-19,3381.8932721169244
Nifty Infrastructure TRI,2020-06-22,3408.548858933841
Nifty Infrastructure TRI,2020-06-23,3456.7462424232376
Nifty Infrastructure TRI,2020-06-24,3405.376369225597
Nifty Infrastructure TRI,2020-06-25,3382.27773108341
Nifty Infrastructure TRI,2020-06-26,3427.0281688938057
Nifty Infrastructure TRI,2020-06-29,3387.4512239065216
Nifty Infrastructure TRI,2020-06-30,3376.0944743541327
Nifty Infrastructure TRI,2020-07-01,3375.1467917160803
Nifty Infrastructure TRI,2020-07-02,3406.544563293133
Nifty Infrastructure TRI,2020-07-03,3458.5435429767062
Nifty Infrastructure TRI,2020-07-06,3497.913078851219
Nifty Infrastructure TRI,2020-07-07,3444.0170571920776
Nifty Infrastructure TRI,2020-07-08,3408.1588587664464
Nifty Infrastructure TRI,2020-07-09,3432.269890023934
Nifty Infrastructure TRI,2020-07-10,3434.720911648945
Nifty Infrastructure TRI,2020-07-13,3466.188994177033
Nifty Infrastructure TRI,2020-07-14,3421.246281383017
Nifty Infrastructure TRI,2020-07-15,3357.030025125999
Nifty Infrastructure TRI,2020-07-16,3359.4790478406467
Nifty Infrastructure TRI,2020-07-17,3444.2510459334353
Nifty Infrastructure TRI,2020-07-20,3458.403080256459
Nifty Infrastructure TRI,2020-07-21,3517.0074813964225
Nifty Infrastructure TRI,2020-07-22,3516.0081846866688
Nifty Infrastructure TRI,2020-07-23,3542.9194751211967
Nifty Infrastructure TRI,2020-07-24,3538.6895156851288
Nifty Infrastructure TRI,2020-07-27,3535.6377159658555
Nifty Infrastructure TRI,2020-07-28,3587.181606010151
Nifty Infrastructure TRI,2020-07-29,3566.4034973714797
Nifty Infrastructure TRI,2020-07-30,3524.1150800921173
Nifty Infrastructure TRI,2020-07-31,3514.4226363485536
Nifty Infrastructure TRI,2020-08-03,3469.960276484334
Nifty Infrastructure TRI,2020-08-04,3530.7652835095437
Nifty Infrastructure TRI,2020-08-05,3543.0864367551103
Nifty Infrastructure TRI,2020-08-06,3541.3069344484766
Nifty Infrastructure TRI,2020-08-07,3554.0750170467113
Nifty Infrastructure TRI,2020-08-10,3566.57501343097
Nifty Infrastructure TRI,2020-08-11,3564.0716730814024
Nifty Infrastructure TRI,2020-08-12,3564.132272117644
Nifty Infrastructure TRI,2020-08-13,3586.6036780404543
Nifty Infrastructure TRI,2020-08-14,3549.256822103414
Nifty Infrastructure TRI,2020-08-17,3572.01831546515
Nifty Infrastructure TRI,2020-08-18,3614.2874032152517
Nifty Infrastructure TRI,2020-08-19,3631.6348976713584
Nifty Infrastructure TRI,2020-08-20,3628.2404132393326
Nifty Infrastructure TRI,2020-08-21,3636.556115553633
Nifty Infrastructure TRI,2020-08-24,3636.29892516697
Nifty Infrastructure TRI,2020-08-25,3620.8021238254896
Nifty Infrastructure TRI,2020-08-26,3624.1552969803174
Nifty Infrastructure TRI,2020-08-27,3611.891833081737
Nifty Infrastructure TRI,2020-08-28,3630.3598206829984
Nifty Infrastructure TRI,2020-08-31,3529.25033075314
Nifty Infrastructure TRI,2020-09-01,3573.3221791434644
Nifty Infrastructure TRI,2020-09-02,3610.2566044383607
Nifty Infrastructure TRI,2020-09-03,3608.421993659421
Nifty Infrastructure TRI,2020-09-04,3538.135456594851
Nifty Infrastructure TRI,2020-09-07,3521.409248143855
Nifty Infrastructure TRI,2020-09-08,3483.416131409551
Nifty Infrastructure TRI,2020-09-09,3496.1398425389384
Nifty Infrastructure TRI,2020-09-10,3575.879314478617
Nifty Infrastructure TRI,2020-09-11,3573.2060583371835
Nifty Infrastructure TRI,2020-09-14,3551.6243983878603
Nifty Infrastructure TRI,2020-09-15,3586.1738371920837
Nifty Infrastructure TRI,2020-09-16,3592.2068669622645
Nifty Infrastructure TRI,2020-09-17,3564.474169796003
Nifty Infrastructure TRI,2020-09-18,3592.720575791721
Nifty Infrastructure TRI,2020-09-21,3487.0722616078533
Nifty Infrastructure TRI,2020-09-22,3431.5884971710507
Nifty Infrastructure TRI,2020-09-23,3391.508225013686
Nifty Infrastructure TRI,2020-09-24,3305.1468548845646
Nifty Infrastructure TRI,2020-09-25,3405.183960710319
Nifty Infrastructure TRI,2020-09-28,3474.1907388532018
Nifty Infrastructure TRI,2020-09-29,3461.406577465681
Nifty Infrastructure TRI,2020-09-30,3440.52543497372
Nifty Infrastructure TRI,2020-10-01,3463.196009570675
Nifty Infrastructure TRI,2020-10-05,3445.8899840369536
Nifty Infrastructure TRI,2020-10-06,3458.6797673702936
Nifty Infrastructure TRI,2020-10-07,3472.1403975848852
Nifty Infrastructure TRI,2020-10-08,3472.141985653415
Nifty Infrastructure TRI,2020-10-09,3484.1519967244817
Nifty Infrastructure TRI,2020-10-12,3463.6025090687294
Nifty Infrastructure TRI,2020-10-13,3472.7649229724248
Nifty Infrastructure TRI,2020-10-14,3474.2748656168324
Nifty Infrastructure TRI,2020-10-15,3401.096198520003
Nifty Infrastructure TRI,2020-10-16,3436.4020039861434
Nifty Infrastructure TRI,2020-10-19,3453.6115911655875
Nifty Infrastructure TRI,2020-10-20,3456.4061276048606
Nifty Infrastructure TRI,2020-10-21,3488.81421455818
Nifty Infrastructure TRI,2020-10-22,3514.6868607814868
Nifty Infrastructure TRI,2020-10-23,3522.959532774918
Nifty Infrastructure TRI,2020-10-26,3479.492579106359
Nifty Infrastructure TRI,2020-10-27,3529.399557507062
Nifty Infrastructure TRI,2020-10-28,3511.4635795371755
Nifty Infrastructure TRI,2020-10-29,3492.3524429837134
Nifty Infrastructure TRI,2020-10-30,3498.3349710026287
Nifty Infrastructure TRI,2020-11-02,3464.0783735581226
Nifty Infrastructure TRI,2020-11-03,3477.1038842226335
Nifty Infrastructure TRI,2020-11-04,3488.2854005408326
Nifty Infrastructure TRI,2020-11-05,3558.72313496768
Nifty Infrastructure TRI,2020-11-06,3566.442219171056
Nifty Infrastructure TRI,2020-11-09,3626.948938463835
Nifty Infrastructure TRI,2020-11-10,3696.5080668114824
Nifty Infrastructure TRI,2020-11-11,3733.6427141449485
Nifty Infrastructure TRI,2020-11-12,3739.6356145674044
Nifty Infrastructure TRI,2020-11-13,3752.28282289452
Nifty Infrastructure TRI,2020-11-17,3792.08683598373
Nifty Infrastructure TRI,2020-11-18,3826.9400925550076
Nifty Infrastructure TRI,2020-11-19,3791.887228440227
Nifty Infrastructure TRI,2020-11-20,3809.0692733987394
Nifty Infrastructure TRI,2020-11-23,3844.3452633101733
Nifty Infrastructure TRI,2020-11-24,3855.098627549981
Nifty Infrastructure TRI,2020-11-25,3811.984818716165
Nifty Infrastructure TRI,2020-11-26,3839.2399732225904
Nifty Infrastructure TRI,2020-11-27,3831.7012884031014
Nifty Infrastructure TRI,2020-12-01,3890.500462583
Nifty Infrastructure TRI,2020-12-02,3918.5467500270784
Nifty Infrastructure TRI,2020-12-03,3948.609202385886
Nifty Infrastructure TRI,2020-12-04,3990.5357234174144
Nifty Infrastructure TRI,2020-12-07,4033.903856623211
Nifty Infrastructure TRI,2020-12-08,4037.281254179389
Nifty Infrastructure TRI,2020-12-09,4055.601166776622
Nifty Infrastructure TRI,2020-12-10,4029.5980891085
Nifty Infrastructure TRI,2020-12-11,4049.933529017337
Nifty Infrastructure TRI,2020-12-14,4088.223765564627
Nifty Infrastructure TRI,2020-12-15,4088.860996951303
Nifty Infrastructure TRI,2020-12-16,4122.860046994646
Nifty Infrastructure TRI,2020-12-17,4115.885669501532
Nifty Infrastructure TRI,2020-12-18,4105.439707493358
Nifty Infrastructure TRI,2020-12-21,3931.840091587491
Nifty Infrastructure TRI,2020-12-22,3989.0192222395835
Nifty Infrastructure TRI,2020-12-23,4014.232669050768
Nifty Infrastructure TRI,2020-12-24,4054.788876288834
Nifty Infrastructure TRI,2020-12-28,4094.965349726139
Nifty Infrastructure TRI,2020-12-29,4082.890962694781
Nifty Infrastructure TRI,2020-12-30,4109.681147057433
Nifty Infrastructure TRI,2020-12-31,4089.318037574082
Nifty Infrastructure TRI,2021-01-04,4162.834510494279
Nifty Infrastructure TRI,2021-01-05,4152.43992755546
Nifty Infrastructure TRI,2021-01-06,4177.445906102205
Nifty Infrastructure TRI,2021-01-07,4220.378998049294
Nifty Infrastructure TRI,2021-01-08,4294.852704939381
Nifty Infrastructure TRI,2021-01-11,4279.475026045242
Nifty Infrastructure TRI,2021-01-12,4345.61263976513
Nifty Infrastructure TRI,2021-01-13,4364.187478340657
Nifty Infrastructure TRI,2021-01-14,4395.594406407201
Nifty Infrastructure TRI,2021-01-15,4359.709916240727
Nifty Infrastructure TRI,2021-01-18,4303.820490341705
Nifty Infrastructure TRI,2021-01-19,4385.384778744204
Nifty Infrastructure TRI,2021-01-20,4418.087064578052
Nifty Infrastructure TRI,2021-01-21,4377.432960525255
Nifty Infrastructure TRI,2021-01-25,4261.702703416838
Nifty Infrastructure TRI,2021-01-27,4202.2847533708655
Nifty Infrastructure TRI,2021-01-28,4196.480141997545
Nifty Infrastructure TRI,2021-01-29,4116.62466886505
Nifty Infrastructure TRI,2021-02-01,4320.5890610082215
Nifty Infrastructure TRI,2021-02-02,4472.775490883706
Nifty Infrastructure TRI,2021-02-03,4504.598688721763
Nifty Infrastructure TRI,2021-02-04,4539.675767738793
Nifty Infrastructure TRI,2021-02-05,4508.761657783396
Nifty Infrastructure TRI,2021-02-08,4598.867069853678
Nifty Infrastructure TRI,2021-02-09,4613.597203841562
Nifty Infrastructure TRI,2021-02-10,4602.756709487361
Nifty Infrastructure TRI,2021-02-11,4636.947913991975
Nifty Infrastructure TRI,2021-02-12,4607.824344387762
Nifty Infrastructure TRI,2021-02-16,4686.39074206371
Nifty Infrastructure TRI,2021-02-18,4716.594405784903
Nifty Infrastructure TRI,2021-02-19,4666.9361915362815
Nifty Infrastructure TRI,2021-02-22,4574.603014200599
Nifty Infrastructure TRI,2021-02-23,4626.254248955717
Nifty Infrastructure TRI,2021-02-24,4692.888774263897
Nifty Infrastructure TRI,2021-02-25,4782.531106033547
Nifty Infrastructure TRI,2021-02-26,4612.456472767282
Nifty Infrastructure TRI,2021-03-01,4685.57516348887
Nifty Infrastructure TRI,2021-03-02,4736.45596627218
Nifty Infrastructure TRI,2021-03-03,4806.252171623036
Nifty Infrastructure TRI,2021-03-04,4803.659098226162
Nifty Infrastructure TRI,2021-03-05,4763.970314549676
Nifty Infrastructure TRI,2021-03-08,4793.061431878616
Nifty Infrastructure TRI,2021-03-09,4768.072739499735
Nifty Infrastructure TRI,2021-03-10,4778.107090432307
Nifty Infrastructure TRI,2021-03-12,4751.531581168792
Nifty Infrastructure TRI,2021-03-15,4718.313746154871
Nifty Infrastructure TRI,2021-03-16,4713.639402705042
Nifty Infrastructure TRI,2021-03-17,4604.5399564520585
Nifty Infrastructure TRI,2021-03-18,4567.522575000016
Nifty Infrastructure TRI,2021-03-19,4639.3707113222035
Nifty Infrastructure TRI,2021-03-22,4642.3521124175995
Nifty Infrastructure TRI,2021-03-23,4673.893842361309
Nifty Infrastructure TRI,2021-03-24,4585.601312909612
Nifty Infrastructure TRI,2021-03-25,4485.847245777512
Nifty Infrastructure TRI,2021-03-26,4541.0859412776845
Nifty Infrastructure TRI,2021-03-30,4611.101048584657
Nifty Infrastructure TRI,2021-03-31,4592.098187378925
Nifty Infrastructure TRI,2021-04-01,4661.281240930893
Nifty Infrastructure TRI,2021-04-05,4598.578048046677
Nifty Infrastructure TRI,2021-04-06,4616.986519058333
Nifty Infrastructure TRI,2021-04-07,4649.947331077661
Nifty Infrastructure TRI,2021-04-08,4693.8094656178755
Nifty Infrastructure TRI,2021-04-09,4660.982148637642
Nifty Infrastructure TRI,2021-04-12,4445.105992748223
Nifty Infrastructure TRI,2021-04-13,4520.6049396172975
Nifty Infrastructure TRI,2021-04-15,4523.766266388895
Nifty Infrastructure TRI,2021-04-16,4543.976693818584
Nifty Infrastructure TRI,2021-04-19,4428.418300260015
Nifty Infrastructure TRI,2021-04-20,4425.696691722174
Nifty Infrastructure TRI,2021-04-22,4437.058725449045
Nifty Infrastructure TRI,2021-04-23,4421.015110876512
Nifty Infrastructure TRI,2021-04-26,4470.524783534661
Nifty Infrastructure TRI,2021-04-27,4542.404859445272
Nifty Infrastructure TRI,2021-04-28,4571.393816171324
Nifty Infrastructure TRI,2021-04-29,4573.4548665997245
Nifty Infrastructure TRI,2021-04-30,4557.580565682245
Nifty Infrastructure TRI,2021-05-03,4579.1689671851345
Nifty Infrastructure TRI,2021-05-04,4549.291361303753
Nifty Infrastructure TRI,2021-05-06,4592.551551475619
Nifty Infrastructure TRI,2021-05-07,4619.582355681635
Nifty Infrastructure TRI,2021-05-10,4671.046367408758
Nifty Infrastructure TRI,2021-05-12,4662.8020624710325
Nifty Infrastructure TRI,2021-05-14,4640.438355550278
Nifty Infrastructure TRI,2021-05-17,4667.726589851045
Nifty Infrastructure TRI,2021-05-18,4723.347675055769
Nifty Infrastructure TRI,2021-05-19,4715.625775338521
Nifty Infrastructure TRI,2021-05-21,4719.984768551196
Nifty Infrastructure TRI,2021-05-24,4741.266202197815
Nifty Infrastructure TRI,2021-05-26,4746.471599045875
Nifty Infrastructure TRI,2021-05-27,4760.750915319363
Nifty Infrastructure TRI,2021-05-28,4817.856632119162
Nifty Infrastructure TRI,2021-06-01,4876.906843475067
Nifty Infrastructure TRI,2021-06-02,4912.5250498351
Nifty Infrastructure TRI,2021-06-03,4969.422070432869
Nifty Infrastructure TRI,2021-06-04,4990.072758210867
Nifty Infrastructure TRI,2021-06-07,5072.186841334946
Nifty Infrastructure TRI,2021-06-08,5073.647170926069
Nifty Infrastructure TRI,2021-06-09,5016.840863896677
Nifty Infrastructure TRI,2021-06-10,5036.539927199357
Nifty Infrastructure TRI,2021-06-11,5035.409613486383
Nifty Infrastructure TRI,2021-06-14,5036.409961309472
Nifty Infrastructure TRI,2021-06-15,5040.572088552363
Nifty Infrastructure TRI,2021-06-16,4980.485269607008
Nifty Infrastructure TRI,2021-06-17,4945.340447532867
Nifty Infrastructure TRI,2021-06-18,4929.283798995729
Nifty Infrastructure TRI,2021-06-21,4964.065236046551
Nifty Infrastructure TRI,2021-06-22,4985.291004551636
Nifty Infrastructure TRI,2021-06-23,4948.112025463907
Nifty Infrastructure TRI,2021-06-24,4919.492042165281
Nifty Infrastructure TRI,2021-06-25,4924.60931404214
Nifty Infrastructure TRI,2021-06-28,4914.501557037835
Nifty Infrastructure TRI,2021-06-29,4901.085316322641
Nifty Infrastructure TRI,2021-06-30,4889.077131910334
Nifty Infrastructure TRI,2021-07-01,4875.828626210662
Nifty Infrastructure TRI,2021-07-02,4888.325818970959
Nifty Infrastructure TRI,2021-07-06,4926.378773714383
Nifty Infrastructure TRI,2021-07-07,4932.90692312849
Nifty Infrastructure TRI,2021-07-08,4903.6530979869885
Nifty Infrastructure TRI,2021-07-09,4912.153793861514
Nifty Infrastructure TRI,2021-07-12,4930.78179441444
Nifty Infrastructure TRI,2021-07-13,4957.65742054614
Nifty Infrastructure TRI,2021-07-14,4962.215402747075
Nifty Infrastructure TRI,2021-07-15,4983.570325447878
Nifty Infrastructure TRI,2021-07-16,5024.090171633376
Nifty Infrastructure TRI,2021-07-19,5004.007211736975
Nifty Infrastructure TRI,2021-07-20,4974.8570333291655
Nifty Infrastructure TRI,2021-07-22,5056.419583730042
Nifty Infrastructure TRI,2021-07-23,5024.787950230873
Nifty Infrastructure TRI,2021-07-26,5014.172649649398
Nifty Infrastructure TRI,2021-07-27,4979.941432492274
Nifty Infrastructure TRI,2021-07-28,4981.795684736
Nifty Infrastructure TRI,2021-07-29,4985.003606401497
Nifty Infrastructure TRI,2021-07-30,4998.8125289076015
Nifty Infrastructure TRI,2021-08-02,5075.663067601417
Nifty Infrastructure TRI,2021-08-03,5134.144688402133
Nifty Infrastructure TRI,2021-08-04,5098.949492774928
Nifty Infrastructure TRI,2021-08-05,5125.004107769873
Nifty Infrastructure TRI,2021-08-06,5096.687656038471
Nifty Infrastructure TRI,2021-08-09,5049.916275278722
Nifty Infrastructure TRI,2021-08-10,5036.711685925869
Nifty Infrastructure TRI,2021-08-11,5064.744341739193
Nifty Infrastructure TRI,2021-08-12,5109.759420805792
Nifty Infrastructure TRI,2021-08-13,5151.448639722834
Nifty Infrastructure TRI,2021-08-16,5156.749256538269
Nifty Infrastructure TRI,2021-08-17,5155.789193933556
Nifty Infrastructure TRI,2021-08-18,5161.148855445343
Nifty Infrastructure TRI,2021-08-20,5068.377437530674
Nifty Infrastructure TRI,2021-08-23,5048.8396344016
Nifty Infrastructure TRI,2021-08-24,5108.884291329521
Nifty Infrastructure TRI,2021-08-25,5108.825168303161
Nifty Infrastructure TRI,2021-08-26,5090.366660789189
Nifty Infrastructure TRI,2021-08-27,5151.264624636246
Nifty Infrastructure TRI,2021-08-30,5239.094285117386
Nifty Infrastructure TRI,2021-08-31,5317.391987401204
Nifty Infrastructure TRI,2021-09-01,5337.775189465172
Nifty Infrastructure TRI,2021-09-02,5389.830395230501
Nifty Infrastructure TRI,2021-09-03,5454.365379776818
Nifty Infrastructure TRI,2021-09-06,5466.304434364683
Nifty Infrastructure TRI,2021-09-07,5473.032951940887
Nifty Infrastructure TRI,2021-09-08,5457.8532573791035
Nifty Infrastructure TRI,2021-09-09,5479.601739123185
Nifty Infrastructure TRI,2021-09-13,5469.587614849474
Nifty Infrastructure TRI,2021-09-14,5491.678634843903
Nifty Infrastructure TRI,2021-09-15,5570.587641885219
Nifty Infrastructure TRI,2021-09-16,5596.2977295901765
Nifty Infrastructure TRI,2021-09-17,5570.329887053696
Nifty Infrastructure TRI,2021-09-20,5509.079686745062
Nifty Infrastructure TRI,2021-09-21,5546.993764879862
Nifty Infrastructure TRI,2021-09-22,5577.453487958426
Nifty Infrastructure TRI,2021-09-23,5672.034294181629
Nifty Infrastructure TRI,2021-09-24,5647.870311434089
Nifty Infrastructure TRI,2021-09-27,5674.357181898447
Nifty Infrastructure TRI,2021-09-28,5677.819469011041
Nifty Infrastructure TRI,2021-09-29,5699.928026750975
Nifty Infrastructure TRI,2021-09-30,5679.151036778574
Nifty Infrastructure TRI,2021-10-01,5676.680579745715
Nifty Infrastructure TRI,2021-10-04,5729.171911358033
Nifty Infrastructure TRI,2021-10-05,5793.050146874422
Nifty Infrastructure TRI,2021-10-06,5719.938400226859
Nifty Infrastructure TRI,2021-10-07,5750.927490326941
Nifty Infrastructure TRI,2021-10-08,5790.848615500025
Nifty Infrastructure TRI,2021-10-11,5818.943954015502
Nifty Infrastructure TRI,2021-10-12,5822.299297094668
Nifty Infrastructure TRI,2021-10-13,5896.033487730104
Nifty Infrastructure TRI,2021-10-14,5958.184212068357
Nifty Infrastructure TRI,2021-10-18,5988.588322369015
Nifty Infrastructure TRI,2021-10-19,5935.297189287021
Nifty Infrastructure TRI,2021-10-20,5881.889374597752
Nifty Infrastructure TRI,2021-10-21,5835.263320466138
Nifty Infrastructure TRI,2021-10-22,5814.192402794481
Nifty Infrastructure TRI,2021-10-25,5766.920002562683
Nifty Infrastructure TRI,2021-10-26,5846.791231892969
Nifty Infrastructure TRI,2021-10-27,5820.345057651197
Nifty Infrastructure TRI,2021-10-28,5748.651771369413
Nifty Infrastructure TRI,2021-10-29,5706.8729481633245
Nifty Infrastructure TRI,2021-11-01,5809.982735886286
Nifty Infrastructure TRI,2021-11-02,5796.766242382435
Nifty Infrastructure TRI,2021-11-03,5835.195728636634
Nifty Infrastructure TRI,2021-11-04,5867.404504489798
Nifty Infrastructure TRI,2021-11-08,5958.467782316911
Nifty Infrastructure TRI,2021-11-09,5985.93351749648
Nifty Infrastructure TRI,2021-11-10,6011.6472584179355
Nifty Infrastructure TRI,2021-11-11,5958.599047216965
Nifty Infrastructure TRI,2021-11-12,6024.035394089679
Nifty Infrastructure TRI,2021-11-15,6037.019060204485
Nifty Infrastructure TRI,2021-11-16,5969.079442175772
Nifty Infrastructure TRI,2021-11-17,5937.3558855508645
Nifty Infrastructure TRI,2021-11-18,5860.070300378381
Nifty Infrastructure TRI,2021-11-22,5745.252608154001
Nifty Infrastructure TRI,2021-11-23,5826.385060335751
Nifty Infrastructure TRI,2021-11-24,5812.423691357618
Nifty Infrastructure TRI,2021-11-25,5887.393633622676
Nifty Infrastructure TRI,2021-11-26,5664.427945603852
Nifty Infrastructure TRI,2021-11-29,5637.920679955758
Nifty Infrastructure TRI,2021-11-30,5615.74081476314
Nifty Infrastructure TRI,2021-12-01,5654.029072274651
Nifty Infrastructure TRI,2021-12-02,5717.290197086901
Nifty Infrastructure TRI,2021-12-03,5659.041607838761
Nifty Infrastructure TRI,2021-12-06,5554.039772229181
Nifty Infrastructure TRI,2021-12-07,5618.553917267085
Nifty Infrastructure TRI,2021-12-08,5699.098605142281
Nifty Infrastructure TRI,2021-12-09,5742.950151023024
Nifty Infrastructure TRI,2021-12-10,5758.0893367054705
Nifty Infrastructure TRI,2021-12-13,5708.752356425281
Nifty Infrastructure TRI,2021-12-14,5698.91277145782
Nifty Infrastructure TRI,2021-12-15,5664.771970832991
Nifty Infrastructure TRI,2021-12-16,5670.961370341559
Nifty Infrastructure TRI,2021-12-17,5541.816676544541
Nifty Infrastructure TRI,2021-12-20,5386.898943563454
Nifty Infrastructure TRI,2021-12-21,5465.034623546114
Nifty Infrastructure TRI,2021-12-22,5539.435614902996
Nifty Infrastructure TRI,2021-12-23,5581.09139110343
Nifty Infrastructure TRI,2021-12-24,5530.957827468793
Nifty Infrastructure TRI,2021-12-27,5534.3331375959615
Nifty Infrastructure TRI,2021-12-28,5601.610801220528
Nifty Infrastructure TRI,2021-12-29,5591.535897545865
Nifty Infrastructure TRI,2021-12-30,5559.528241109621
Nifty Infrastructure TRI,2021-12-31,5610.717363695628
Nifty Infrastructure TRI,2022-01-03,5679.7371744096445
Nifty Infrastructure TRI,2022-01-04,5746.128229633299
Nifty Infrastructure TRI,2022-01-05,5785.3710538505675
Nifty Infrastructure TRI,2022-01-06,5738.510481957671
Nifty Infrastructure TRI,2022-01-07,5771.633966941345
Nifty Infrastructure TRI,2022-01-10,5820.615453500213
Nifty Infrastructure TRI,2022-01-11,5839.2315624175335
Nifty Infrastructure TRI,2022-01-12,5927.58652855715
Nifty Infrastructure TRI,2022-01-13,5966.846037998858
Nifty Infrastructure TRI,2022-01-14,5984.051203636855
Nifty Infrastructure TRI,2022-01-17,6038.962273644311
Nifty Infrastructure TRI,2022-01-18,5908.616687296051
Nifty Infrastructure TRI,2022-01-19,5889.585219672022
Nifty Infrastructure TRI,2022-01-20,5881.610806272912
Nifty Infrastructure TRI,2022-01-21,5785.332701549666
Nifty Infrastructure TRI,2022-01-24,5617.782737368835
Nifty Infrastructure TRI,2022-01-25,5672.929420233253
Nifty Infrastructure TRI,2022-01-27,5616.234234022069
Nifty Infrastructure TRI,2022-01-28,5647.6745146507365
Nifty Infrastructure TRI,2022-01-31,5737.638023960042
Nifty Infrastructure TRI,2022-02-01,5798.13388141766
Nifty Infrastructure TRI,2022-02-02,5809.9541590755
Nifty Infrastructure TRI,2022-02-03,5734.966023720319
Nifty Infrastructure TRI,2022-02-04,5715.8617643379275
Nifty Infrastructure TRI,2022-02-07,5668.699117128445
Nifty Infrastructure TRI,2022-02-08,5654.413692959243
Nifty Infrastructure TRI,2022-02-09,5709.815168181622
Nifty Infrastructure TRI,2022-02-10,5730.432005282088
Nifty Infrastructure TRI,2022-02-11,5666.148139148559
Nifty Infrastructure TRI,2022-02-14,5485.586887436765
Nifty Infrastructure TRI,2022-02-15,5655.592867847805
Nifty Infrastructure TRI,2022-02-16,5650.214998040146
Nifty Infrastructure TRI,2022-02-17,5652.783727172062
Nifty Infrastructure TRI,2022-02-18,5611.699475321347
Nifty Infrastructure TRI,2022-02-21,5555.931985020274
Nifty Infrastructure TRI,2022-02-22,5513.703713715159
Nifty Infrastructure TRI,2022-02-23,5498.554510493969
Nifty Infrastructure TRI,2022-02-24,5202.642286662357
Nifty Infrastructure TRI,2022-02-25,5336.923850884014
Nifty Infrastructure TRI,2022-02-28,5449.879817310958
Nifty Infrastructure TRI,2022-03-02,5422.9775228290255
Nifty Infrastructure TRI,2022-03-03,5385.729845278896
Nifty Infrastructure TRI,2022-03-04,5288.1107243890065
Nifty Infrastructure TRI,2022-03-07,5200.93352402137
Nifty Infrastructure TRI,2022-03-08,5249.042134802374
Nifty Infrastructure TRI,2022-03-09,5349.012586366956
Nifty Infrastructure TRI,2022-03-10,5423.485940023687
Nifty Infrastructure TRI,2022-03-11,5450.361309562846
Nifty Infrastructure TRI,2022-03-14,5466.347308101409
Nifty Infrastructure TRI,2022-03-15,5402.043995070822
Nifty Infrastructure TRI,2022-03-16,5503.406575191747
Nifty Infrastructure TRI,2022-03-17,5587.730444258156
Nifty Infrastructure TRI,2022-03-21,5493.849603520471
Nifty Infrastructure TRI,2022-03-22,5558.58276865494
Nifty Infrastructure TRI,2022-03-23,5549.55821617462
Nifty Infrastructure TRI,2022-03-24,5588.325946574584
Nifty Infrastructure TRI,2022-03-25,5593.452843008878
Nifty Infrastructure TRI,2022-03-28,5625.886401533092
Nifty Infrastructure TRI,2022-03-29,5662.616973899064
Nifty Infrastructure TRI,2022-03-30,5717.595367464232
Nifty Infrastructure TRI,2022-03-31,5705.276884158053
Nifty Infrastructure TRI,2022-04-01,5793.230176712431
Nifty Infrastructure TRI,2022-04-04,5858.09415338135
Nifty Infrastructure TRI,2022-04-05,5893.760826285107
Nifty Infrastructure TRI,2022-04-06,5933.864247695988
Nifty Infrastructure TRI,2022-04-07,5855.768756804182
Nifty Infrastructure TRI,2022-04-08,5924.074265641625
Nifty Infrastructure TRI,2022-04-11,5930.17046610357
Nifty Infrastructure TRI,2022-04-12,5835.287139691804
Nifty Infrastructure TRI,2022-04-13,5848.784587536758
Nifty Infrastructure TRI,2022-04-18,5813.111809184127
Nifty Infrastructure TRI,2022-04-19,5804.713430187007
Nifty Infrastructure TRI,2022-04-20,5880.494901469179
Nifty Infrastructure TRI,2022-04-21,5958.670980223946
Nifty Infrastructure TRI,2022-04-22,5912.448934214267
Nifty Infrastructure TRI,2022-04-25,5791.515019397913
Nifty Infrastructure TRI,2022-04-26,5911.2301989088355
Nifty Infrastructure TRI,2022-04-27,5859.196480582978
Nifty Infrastructure TRI,2022-04-28,5925.55532014292
Nifty Infrastructure TRI,2022-04-29,5835.0573547364975
Nifty Infrastructure TRI,2022-05-02,5829.085425854061
Nifty Infrastructure TRI,2022-05-04,5707.404868423731
Nifty Infrastructure TRI,2022-05-05,5668.894576896673
Nifty Infrastructure TRI,2022-05-06,5613.764295772879
Nifty Infrastructure TRI,2022-05-09,5546.073829484117
Nifty Infrastructure TRI,2022-05-10,5485.753159472152
Nifty Infrastructure TRI,2022-05-11,5445.520504044064
Nifty Infrastructure TRI,2022-05-12,5326.337189767384
Nifty Infrastructure TRI,2022-05-13,5315.5253535186985
Nifty Infrastructure TRI,2022-05-16,5347.0715758075885
Nifty Infrastructure TRI,2022-05-17,5505.282011976456
Nifty Infrastructure TRI,2022-05-18,5462.080228214211
Nifty Infrastructure TRI,2022-05-19,5352.492050818202
Nifty Infrastructure TRI,2022-05-20,5498.70457578335
Nifty Infrastructure TRI,2022-05-23,5471.399284003858
Nifty Infrastructure TRI,2022-05-24,5434.906962936972
Nifty Infrastructure TRI,2022-05-25,5390.782079316773
Nifty Infrastructure TRI,2022-05-26,5408.041919844998
Nifty Infrastructure TRI,2022-05-27,5403.6059927287815
Nifty Infrastructure TRI,2022-05-30,5539.741216420288
Nifty Infrastructure TRI,2022-05-31,5555.755585212485
Nifty Infrastructure TRI,2022-06-01,5529.167194744869
Nifty Infrastructure TRI,2022-06-02,5567.168744711214
Nifty Infrastructure TRI,2022-06-03,5528.389140377014
Nifty Infrastructure TRI,2022-06-06,5503.922899686588
Nifty Infrastructure TRI,2022-06-07,5493.848366189115
Nifty Infrastructure TRI,2022-06-08,5450.160796641026
Nifty Infrastructure TRI,2022-06-09,5505.715673027862
Nifty Infrastructure TRI,2022-06-10,5451.371405676571
Nifty Infrastructure TRI,2022-06-13,5323.587756794252
Nifty Infrastructure TRI,2022-06-14,5326.895591578454
Nifty Infrastructure TRI,2022-06-15,5315.3312577849865
Nifty Infrastructure TRI,2022-06-16,5177.601131015174
Nifty Infrastructure TRI,2022-06-17,5126.652893697209
Nifty Infrastructure TRI,2022-06-20,5066.115955381952
Nifty Infrastructure TRI,2022-06-21,5172.4622642404765
Nifty Infrastructure TRI,2022-06-22,5091.810169560823
Nifty Infrastructure TRI,2022-06-23,5108.620002209811
Nifty Infrastructure TRI,2022-06-24,5155.241763321863
Nifty Infrastructure TRI,2022-06-27,5213.1515114539125
Nifty Infrastructure TRI,2022-06-28,5248.5521970399095
Nifty Infrastructure TRI,2022-06-29,5282.929134990198
Nifty Infrastructure TRI,2022-06-30,5267.594548889748
Nifty Infrastructure TRI,2022-07-01,5177.1733703228365
Nifty Infrastructure TRI,2022-07-04,5202.141243538698
Nifty Infrastructure TRI,2022-07-05,5209.78114505504
Nifty Infrastructure TRI,2022-07-06,5226.202631195153
Nifty Infrastructure TRI,2022-07-07,5264.522106311832
Nifty Infrastructure TRI,2022-07-08,5325.825988881445
Nifty Infrastructure TRI,2022-07-11,5312.375086513777
Nifty Infrastructure TRI,2022-07-12,5295.039214020006
Nifty Infrastructure TRI,2022-07-13,5262.189053118997
Nifty Infrastructure TRI,2022-07-14,5272.0572260505105
Nifty Infrastructure TRI,2022-07-15,5317.917427189909
Nifty Infrastructure TRI,2022-07-18,5388.147085435991
Nifty Infrastructure TRI,2022-07-19,5412.567801957729
Nifty Infrastructure TRI,2022-07-20,5449.426530122983
Nifty Infrastructure TRI,2022-07-21,5493.590529174759
Nifty Infrastructure TRI,2022-07-22,5511.398693279641
Nifty Infrastructure TRI,2022-07-25,5474.509117839123
Nifty Infrastructure TRI,2022-07-26,5447.413581499284
Nifty Infrastructure TRI,2022-07-27,5484.509745647829
Nifty Infrastructure TRI,2022-07-28,5507.000921197691
Nifty Infrastructure TRI,2022-07-29,5581.5933186427965
Nifty Infrastructure TRI,2022-08-01,5683.440666992544
Nifty Infrastructure TRI,2022-08-02,5680.886912797262
Nifty Infrastructure TRI,2022-08-03,5674.337777078709
Nifty Infrastructure TRI,2022-08-04,5633.257062146193
Nifty Infrastructure TRI,2022-08-05,5651.477508165955
Nifty Infrastructure TRI,2022-08-08,5679.374573760469
Nifty Infrastructure TRI,2022-08-10,5693.046813622034
Nifty Infrastructure TRI,2022-08-11,5690.378277711275
Nifty Infrastructure TRI,2022-08-12,5732.640437545732
Nifty Infrastructure TRI,2022-08-16,5783.693051794008
Nifty Infrastructure TRI,2022-08-17,5817.400053911388
Nifty Infrastructure TRI,2022-08-18,5850.195278949017
Nifty Infrastructure TRI,2022-08-19,5821.320617607878
Nifty Infrastructure TRI,2022-08-22,5722.005668978634
Nifty Infrastructure TRI,2022-08-23,5775.706320361113
Nifty Infrastructure TRI,2022-08-24,5800.453783663613
Nifty Infrastructure TRI,2022-08-25,5781.109632608492
Nifty Infrastructure TRI,2022-08-26,5821.851719659886
Nifty Infrastructure TRI,2022-08-29,5764.156797917654
Nifty Infrastructure TRI,2022-08-30,5858.200917709659
Nifty Infrastructure TRI,2022-09-01,5815.109014180175
Nifty Infrastructure TRI,2022-09-02,5802.273321303687
Nifty Infrastructure TRI,2022-09-05,5843.4083594089225
Nifty Infrastructure TRI,2022-09-06,5901.308398158631
Nifty Infrastructure TRI,2022-09-07,5924.985317675139
Nifty Infrastructure TRI,2022-09-08,5976.377988097781
Nifty Infrastructure TRI,2022-09-09,5948.9155341611395
Nifty Infrastructure TRI,2022-09-12,6008.361900809952
Nifty Infrastructure TRI,2022-09-13,6056.850625480286
Nifty Infrastructure TRI,2022-09-14,6047.1036355174965
Nifty Infrastructure TRI,2022-09-15,6061.589783088451
Nifty Infrastructure TRI,2022-09-16,5915.639068860906
Nifty Infrastructure TRI,2022-09-19,5922.392080918253
Nifty Infrastructure TRI,2022-09-20,5970.889039319988
Nifty Infrastructure TRI,2022-09-21,5876.188787208424
Nifty Infrastructure TRI,2022-09-22,5853.056395248986
Nifty Infrastructure TRI,2022-09-23,5722.55762229985
Nifty Infrastructure TRI,2022-09-26,5589.9002169591995
Nifty Infrastructure TRI,2022-09-27,5608.436936956753
Nifty Infrastructure TRI,2022-09-28,5559.7891107649475
Nifty Infrastructure TRI,2022-09-29,5566.489518325447
Nifty Infrastructure TRI,2022-09-30,5670.057384626818
Nifty Infrastructure TRI,2022-10-03,5624.919325861069
Nifty Infrastructure TRI,2022-10-04,5727.816772795479
Nifty Infrastructure TRI,2022-10-06,5740.373084245058
Nifty Infrastructure TRI,2022-10-07,5761.036507682832
Nifty Infrastructure TRI,2022-10-10,5718.413996541504
Nifty Infrastructure TRI,2022-10-11,5619.925289588137
Nifty Infrastructure TRI,2022-10-12,5676.055245917653
Nifty Infrastructure TRI,2022-10-13,5631.504709802438
Nifty Infrastructure TRI,2022-10-14,5633.748481177748
Nifty Infrastructure TRI,2022-10-17,5658.330519071044
Nifty Infrastructure TRI,2022-10-18,5727.060267957066
Nifty Infrastructure TRI,2022-10-19,5747.502745581641
Nifty Infrastructure TRI,2022-10-20,5777.959490878836
Nifty Infrastructure TRI,2022-10-21,5743.87263943701
Nifty Infrastructure TRI,2022-10-24,5785.066924917537
Nifty Infrastructure TRI,2022-10-25,5790.291929635954
Nifty Infrastructure TRI,2022-10-27,5855.285945667422
Nifty Infrastructure TRI,2022-10-28,5911.853586810991
Nifty Infrastructure TRI,2022-10-31,5992.741765409986
Nifty Infrastructure TRI,2022-11-01,6036.6703521061345
Nifty Infrastructure TRI,2022-11-02,6003.608799889649
Nifty Infrastructure TRI,2022-11-03,5994.931719157826
Nifty Infrastructure TRI,2022-11-04,6031.82326741802
Nifty Infrastructure TRI,2022-11-07,6070.945852146999
Nifty Infrastructure TRI,2022-11-09,6027.941427215825
Nifty Infrastructure TRI,2022-11-10,5980.155162458867
Nifty Infrastructure TRI,2022-11-11,6029.938368178474
Nifty Infrastructure TRI,2022-11-14,6038.8328606754485
Nifty Infrastructure TRI,2022-11-15,6068.752707023492
Nifty Infrastructure TRI,2022-11-16,6044.553914215413
Nifty Infrastructure TRI,2022-11-17,6052.425481417141
Nifty Infrastructure TRI,2022-11-18,6028.166951983246
Nifty Infrastructure TRI,2022-11-21,6004.013163620892
Nifty Infrastructure TRI,2022-11-22,6028.668082102281
Nifty Infrastructure TRI,2022-11-23,6026.860048980174
Nifty Infrastructure TRI,2022-11-24,6090.414899681427
Nifty Infrastructure TRI,2022-11-25,6132.948785433094
Nifty Infrastructure TRI,2022-11-28,6183.680993753447
Nifty Infrastructure TRI,2022-11-29,6169.445110128727
Nifty Infrastructure TRI,2022-11-30,6242.3557169909955
Nifty Infrastructure TRI,2022-12-01,6269.719311873836
Nifty Infrastructure TRI,2022-12-02,6265.225331356728
Nifty Infrastructure TRI,2022-12-05,6247.7307272695625
Nifty Infrastructure TRI,2022-12-06,6246.559160002917
Nifty Infrastructure TRI,2022-12-07,6225.615644475988
Nifty Infrastructure TRI,2022-12-08,6246.96718167101
Nifty Infrastructure TRI,2022-12-09,6204.357908097761
Nifty Infrastructure TRI,2022-12-12,6226.288637630569
Nifty Infrastructure TRI,2022-12-13,6246.554327824299
Nifty Infrastructure TRI,2022-12-14,6273.98669221625
Nifty Infrastructure TRI,2022-12-15,6214.459115838086
Nifty Infrastructure TRI,2022-12-16,6149.654045074465
Nifty Infrastructure TRI,2022-12-19,6220.717552899368
Nifty Infrastructure TRI,2022-12-20,6198.560421116562
Nifty Infrastructure TRI,2022-12-21,6108.516391135196
Nifty Infrastructure TRI,2022-12-22,6075.688961008437
Nifty Infrastructure TRI,2022-12-23,5914.017503772804
Nifty Infrastructure TRI,2022-12-27,6050.014713279332
Nifty Infrastructure TRI,2022-12-28,6038.455742010467
Nifty Infrastructure TRI,2022-12-29,6041.922068911764
Nifty Infrastructure TRI,2022-12-30,6024.454837158775
Nifty Infrastructure TRI,2023-01-02,6072.65262094312
Nifty Infrastructure TRI,2023-01-03,6069.925236848739
Nifty Infrastructure TRI,2023-01-04,6001.862476372688
Nifty Infrastructure TRI,2023-01-05,6030.683381129763
Nifty Infrastructure TRI,2023-01-06,6017.858159900095
Nifty Infrastructure TRI,2023-01-09,6101.636544319202
Nifty Infrastructure TRI,2023-01-10,6035.569512221878
Nifty Infrastructure TRI,2023-01-11,6002.316941515584
Nifty Infrastructure TRI,2023-01-12,5983.865390983959
Nifty Infrastructure TRI,2023-01-13,6003.282799892516
Nifty Infrastructure TRI,2023-01-16,5970.931981760907
Nifty Infrastructure TRI,2023-01-17,6035.285591191354
Nifty Infrastructure TRI,2023-01-18,6076.5725813910885
Nifty Infrastructure TRI,2023-01-19,6075.393446089668
Nifty Infrastructure TRI,2023-01-20,6034.61419320028
Nifty Infrastructure TRI,2023-01-23,6013.4514827969915
Nifty Infrastructure TRI,2023-01-24,5975.534836678961
Nifty Infrastructure TRI,2023-01-25,5883.6005233871765
Nifty Infrastructure TRI,2023-01-27,5763.777939537369
Nifty Infrastructure TRI,2023-01-30,5755.041998801437
Nifty Infrastructure TRI,2023-01-31,5811.724361008888
Nifty Infrastructure TRI,2023-02-01,5752.317859481457
Nifty Infrastructure TRI,2023-02-02,5738.5530582270485
Nifty Infrastructure TRI,2023-02-03,5790.5319952773025
Nifty Infrastructure TRI,2023-02-06,5806.316726184401
Nifty Infrastructure TRI,2023-02-07,5805.874894993201
Nifty Infrastructure TRI,2023-02-08,5834.491266028559
Nifty Infrastructure TRI,2023-02-09,5816.64867649865
Nifty Infrastructure TRI,2023-02-10,5829.416375273477
Nifty Infrastructure TRI,2023-02-13,5815.6854665968485
Nifty Infrastructure TRI,2023-02-14,5829.603557986627
Nifty Infrastructure TRI,2023-02-15,5880.169746945476
Nifty Infrastructure TRI,2023-02-16,5903.626120772514
Nifty Infrastructure TRI,2023-02-17,5930.013474330255
Nifty Infrastructure TRI,2023-02-20,5919.966195887637
Nifty Infrastructure TRI,2023-02-21,5930.385912354236
Nifty Infrastructure TRI,2023-02-22,5820.727332471053
Nifty Infrastructure TRI,2023-02-23,5791.155373477136
Nifty Infrastructure TRI,2023-02-24,5803.525674917453
Nifty Infrastructure TRI,2023-02-27,5782.602759298928
Nifty Infrastructure TRI,2023-02-28,5765.954390108229
Nifty Infrastructure TRI,2023-03-01,5806.025155126591
Nifty Infrastructure TRI,2023-03-02,5803.800962138947
Nifty Infrastructure TRI,2023-03-03,5898.472963918156
Nifty Infrastructure TRI,2023-03-06,5935.663029150705
Nifty Infrastructure TRI,2023-03-08,5980.023194291943
Nifty Infrastructure TRI,2023-03-09,5941.5909039961725
Nifty Infrastructure TRI,2023-03-10,5908.903943892425
Nifty Infrastructure TRI,2023-03-13,5827.157518430713
Nifty Infrastructure TRI,2023-03-14,5811.250182684102
Nifty Infrastructure TRI,2023-03-15,5810.807769763421
Nifty Infrastructure TRI,2023-03-16,5827.9586736264255
Nifty Infrastructure TRI,2023-03-17,5853.5050619134045
Nifty Infrastructure TRI,2023-03-20,5815.954309261658
Nifty Infrastructure TRI,2023-03-21,5865.425925753481
Nifty Infrastructure TRI,2023-03-22,5870.218014986699
Nifty Infrastructure TRI,2023-03-23,5850.856843709802
Nifty Infrastructure TRI,2023-03-24,5779.044830244404
Nifty Infrastructure TRI,2023-03-27,5774.204336050053
Nifty Infrastructure TRI,2023-03-28,5730.44958970739
Nifty Infrastructure TRI,2023-03-29,5767.563980282331
Nifty Infrastructure TRI,2023-03-31,5856.987573626129
Nifty Infrastructure TRI,2023-04-03,5874.6471557464565
Nifty Infrastructure TRI,2023-04-05,5916.684939256322
Nifty Infrastructure TRI,2023-04-06,5942.538466535516
Nifty Infrastructure TRI,2023-04-10,5993.319310580209
Nifty Infrastructure TRI,2023-04-11,6013.022752467244
Nifty Infrastructure TRI,2023-04-12,6009.881011296037
Nifty Infrastructure TRI,2023-04-13,5996.380989820975
Nifty Infrastructure TRI,2023-04-17,5996.876598419782
Nifty Infrastructure TRI,2023-04-18,5968.984579006504
Nifty Infrastructure TRI,2023-04-19,5960.718202524349
Nifty Infrastructure TRI,2023-04-20,5977.605595357142
Nifty Infrastructure TRI,2023-04-21,5952.070052053464
Nifty Infrastructure TRI,2023-04-24,5980.22883687268
Nifty Infrastructure TRI,2023-04-25,6017.9023206597485
Nifty Infrastructure TRI,2023-04-26,6041.070467340175
Nifty Infrastructure TRI,2023-04-27,6078.806297833451
Nifty Infrastructure TRI,2023-04-28,6167.787357232577
Nifty Infrastructure TRI,2023-05-02,6204.295010736208
Nifty Infrastructure TRI,2023-05-03,6177.317146232339
Nifty Infrastructure TRI,2023-05-04,6215.008084259419
Nifty Infrastructure TRI,2023-05-05,6226.440976907536
Nifty Infrastructure TRI,2023-05-08,6282.457505772533
Nifty Infrastructure TRI,2023-05-09,6283.2386540287935
Nifty Infrastructure TRI,2023-05-10,6313.452565165243
Nifty Infrastructure TRI,2023-05-11,6270.170306998403
Nifty Infrastructure TRI,2023-05-12,6231.320718257748
Nifty Infrastructure TRI,2023-05-15,6264.191815785431
Nifty Infrastructure TRI,2023-05-16,6235.30334761584
Nifty Infrastructure TRI,2023-05-17,6218.857490448844
Nifty Infrastructure TRI,2023-05-18,6162.42581105126
Nifty Infrastructure TRI,2023-05-19,6178.125905125803
Nifty Infrastructure TRI,2023-05-22,6224.252063907669
Nifty Infrastructure TRI,2023-05-23,6219.557373020108
Nifty Infrastructure TRI,2023-05-24,6199.937254051926
Nifty Infrastructure TRI,2023-05-25,6241.804465827758
Nifty Infrastructure TRI,2023-05-26,6292.95185793826
Nifty Infrastructure TRI,2023-05-29,6310.974167713028
Nifty Infrastructure TRI,2023-05-30,6309.16300672179
Nifty Infrastructure TRI,2023-05-31,6293.864149274822
Nifty Infrastructure TRI,2023-06-01,6279.025857030288
Nifty Infrastructure TRI,2023-06-02,6308.801156661362
Nifty Infrastructure TRI,2023-06-05,6336.340860313457
Nifty Infrastructure TRI,2023-06-06,6366.756377544138
Nifty Infrastructure TRI,2023-06-07,6437.70214043999
Nifty Infrastructure TRI,2023-06-08,6423.672477562032
Nifty Infrastructure TRI,2023-06-09,6427.687285834752
Nifty Infrastructure TRI,2023-06-12,6444.5195419873
Nifty Infrastructure TRI,2023-06-13,6486.247164587399
Nifty Infrastructure TRI,2023-06-14,6530.6878543143
Nifty Infrastructure TRI,2023-06-15,6537.648231391496
Nifty Infrastructure TRI,2023-06-16,6576.614994829248
Nifty Infrastructure TRI,2023-06-19,6529.851228907209
Nifty Infrastructure TRI,2023-06-20,6552.096791876286
Nifty Infrastructure TRI,2023-06-21,6586.225197396926
Nifty Infrastructure TRI,2023-06-22,6543.468951918245
Nifty Infrastructure TRI,2023-06-23,6483.809327179524
Nifty Infrastructure TRI,2023-06-26,6471.810894627092
Nifty Infrastructure TRI,2023-06-27,6501.386225119118
Nifty Infrastructure TRI,2023-06-28,6575.211998329739
Nifty Infrastructure TRI,2023-06-30,6621.85530516665
Nifty Infrastructure TRI,2023-07-03,6675.7034228887915
Nifty Infrastructure TRI,2023-07-04,6639.396022549033
Nifty Infrastructure TRI,2023-07-05,6666.156770225045
Nifty Infrastructure TRI,2023-07-06,6758.704141774698
Nifty Infrastructure TRI,2023-07-07,6687.425097865896
Nifty Infrastructure TRI,2023-07-10,6728.710356498099
Nifty Infrastructure TRI,2023-07-11,6796.861321554802
Nifty Infrastructure TRI,2023-07-12,6790.157219904348
Nifty Infrastructure TRI,2023-07-13,6729.1965955647365
Nifty Infrastructure TRI,2023-07-14,6744.596906509981
Nifty Infrastructure TRI,2023-07-17,6777.123038030155
Nifty Infrastructure TRI,2023-07-18,6775.555010438871
Nifty Infrastructure TRI,2023-07-19,6824.558603114478
Nifty Infrastructure TRI,2023-07-20,6859.362873795042
Nifty Infrastructure TRI,2023-07-21,6855.7766557885325
Nifty Infrastructure TRI,2023-07-24,6856.621497004878
Nifty Infrastructure TRI,2023-07-25,6869.086814943703
Nifty Infrastructure TRI,2023-07-26,6943.453780130255
Nifty Infrastructure TRI,2023-07-27,6933.40193865721
Nifty Infrastructure TRI,2023-07-28,6990.798416574904
Nifty Infrastructure TRI,2023-07-31,7063.617317580788
Nifty Infrastructure TRI,2023-08-01,7019.029746003
Nifty Infrastructure TRI,2023-08-02,6927.425440198659
Nifty Infrastructure TRI,2023-08-03,6900.216239665946
Nifty Infrastructure TRI,2023-08-04,6943.415794171229
Nifty Infrastructure TRI,2023-08-07,6965.527215216842
Nifty Infrastructure TRI,2023-08-08,6939.528250678953
Nifty Infrastructure TRI,2023-08-09,6962.920494363079
Nifty Infrastructure TRI,2023-08-10,6949.860329253993
Nifty Infrastructure TRI,2023-08-11,6935.99080724314
Nifty Infrastructure TRI,2023-08-14,6927.829673011527
Nifty Infrastructure TRI,2023-08-16,6952.78256443384
Nifty Infrastructure TRI,2023-08-17,6909.670702664727
Nifty Infrastructure TRI,2023-08-18,6905.851267573011
Nifty Infrastructure TRI,2023-08-21,6945.480477252111
Nifty Infrastructure TRI,2023-08-22,6963.854502451951
Nifty Infrastructure TRI,2023-08-23,6962.290468345908
Nifty Infrastructure TRI,2023-08-24,6923.908594597011
Nifty Infrastructure TRI,2023-08-25,6864.773656836012
Nifty Infrastructure TRI,2023-08-28,6901.285997445741
Nifty Infrastructure TRI,2023-08-29,6915.153825424629
Nifty Infrastructure TRI,2023-08-30,6919.657818510511
Nifty Infrastructure TRI,2023-08-31,6876.120260293327
Nifty Infrastructure TRI,2023-09-01,6956.185129298598
Nifty Infrastructure TRI,2023-09-04,7012.488908500694
Nifty Infrastructure TRI,2023-09-05,7040.645415270829
Nifty Infrastructure TRI,2023-09-06,7064.120316459597
Nifty Infrastructure TRI,2023-09-07,7122.002552915096
Nifty Infrastructure TRI,2023-09-08,7204.233410395179
Nifty Infrastructure TRI,2023-09-11,7268.497368641003
Nifty Infrastructure TRI,2023-09-12,7181.289127369461
Nifty Infrastructure TRI,2023-09-13,7223.165742091395
Nifty Infrastructure TRI,2023-09-14,7266.664438599854
Nifty Infrastructure TRI,2023-09-15,7268.5793478319765
Nifty Infrastructure TRI,2023-09-18,7252.632089551857
Nifty Infrastructure TRI,2023-09-20,7186.058094259083
Nifty Infrastructure TRI,2023-09-21,7156.556973056604
Nifty Infrastructure TRI,2023-09-22,7130.236409516522
Nifty Infrastructure TRI,2023-09-25,7138.051566135107
Nifty Infrastructure TRI,2023-09-26,7151.824338081824
Nifty Infrastructure TRI,2023-09-27,7198.232209884152
Nifty Infrastructure TRI,2023-09-28,7159.2352385383865
Nifty Infrastructure TRI,2023-09-29,7225.031629656833
Nifty Infrastructure TRI,2023-10-03,7214.921255096471
Nifty Infrastructure TRI,2023-10-04,7143.854230234558
Nifty Infrastructure TRI,2023-10-05,7187.900578657549
Nifty Infrastructure TRI,2023-10-06,7212.040090345504
Nifty Infrastructure TRI,2023-10-09,7143.28430797121
Nifty Infrastructure TRI,2023-10-10,7213.965924668506
Nifty Infrastructure TRI,2023-10-11,7280.253367832237
Nifty Infrastructure TRI,2023-10-12,7298.321457414986
Nifty Infrastructure TRI,2023-10-13,7306.3753581593355
Nifty Infrastructure TRI,2023-10-16,7306.685839036342
Nifty Infrastructure TRI,2023-10-17,7327.5373790049725
Nifty Infrastructure TRI,2023-10-18,7266.573772764344
Nifty Infrastructure TRI,2023-10-19,7250.07653563519
Nifty Infrastructure TRI,2023-10-20,7190.206844923785
Nifty Infrastructure TRI,2023-10-23,7074.566263486688
Nifty Infrastructure TRI,2023-10-25,7014.2752365980305
Nifty Infrastructure TRI,2023-10-26,6922.878719690499
Nifty Infrastructure TRI,2023-10-27,7007.551174299754
Nifty Infrastructure TRI,2023-10-30,7084.351542430701
Nifty Infrastructure TRI,2023-10-31,7061.759463877705
Nifty Infrastructure TRI,2023-11-01,7032.620055217893
Nifty Infrastructure TRI,2023-11-02,7114.937708819951
Nifty Infrastructure TRI,2023-11-03,7155.027615601974
Nifty Infrastructure TRI,2023-11-06,7244.084593038447
Nifty Infrastructure TRI,2023-11-07,7246.233658230433
Nifty Infrastructure TRI,2023-11-08,7291.14344269145
Nifty Infrastructure TRI,2023-11-09,7277.417291011489
Nifty Infrastructure TRI,2023-11-10,7312.248202613827
Nifty Infrastructure TRI,2023-11-13,7330.176387631913
Nifty Infrastructure TRI,2023-11-15,7410.170033027617
Nifty Infrastructure TRI,2023-11-16,7431.624164653633
Nifty Infrastructure TRI,2023-11-17,7453.0802557316165
Nifty Infrastructure TRI,2023-11-20,7441.637904688729
Nifty Infrastructure TRI,2023-11-21,7464.719482481284
Nifty Infrastructure TRI,2023-11-22,7479.8035735065905
Nifty Infrastructure TRI,2023-11-23,7480.975159089264
Nifty Infrastructure TRI,2023-11-24,7464.987215422478
Nifty Infrastructure TRI,2023-11-28,7545.858726539826
Nifty Infrastructure TRI,2023-11-29,7587.562188349017
Nifty Infrastructure TRI,2023-11-30,7637.154494518859
Nifty Infrastructure TRI,2023-12-01,7714.002713523129
Nifty Infrastructure TRI,2023-12-04,7913.031070822058
Nifty Infrastructure TRI,2023-12-05,8017.561180922521
Nifty Infrastructure TRI,2023-12-06,8061.841537829572
Nifty Infrastructure TRI,2023-12-07,8075.675788520362
Nifty Infrastructure TRI,2023-12-08,8063.2958884088675
Nifty Infrastructure TRI,2023-12-11,8111.185763703596
Nifty Infrastructure TRI,2023-12-12,8054.8943614598265
Nifty Infrastructure TRI,2023-12-13,8138.979512362857
Nifty Infrastructure TRI,2023-12-14,8216.746802298881
Nifty Infrastructure TRI,2023-12-15,8285.643417210726
Nifty Infrastructure TRI,2023-12-18,8306.181315012103
Nifty Infrastructure TRI,2023-12-19,8338.131701196065
Nifty Infrastructure TRI,2023-12-20,8128.771996613132
Nifty Infrastructure TRI,2023-12-21,8224.60176119242
Nifty Infrastructure TRI,2023-12-22,8280.16904458424
Nifty Infrastructure TRI,2023-12-26,8352.399018711483
Nifty Infrastructure TRI,2023-12-27,8417.438513759576
Nifty Infrastructure TRI,2023-12-28,8488.866861525607
Nifty Infrastructure TRI,2023-12-29,8477.594176409439
Nifty Infrastructure TRI,2024-01-02,8449.91099510287
Nifty Infrastructure TRI,2024-01-03,8460.46160008927
Nifty Infrastructure TRI,2024-01-04,8556.34590137352
Nifty Infrastructure TRI,2024-01-05,8588.960395470414
Nifty Infrastructure TRI,2024-01-08,8560.773128004912
Nifty Infrastructure TRI,2024-01-09,8631.014457270174
Nifty Infrastructure TRI,2024-01-10,8652.256856513288
Nifty Infrastructure TRI,2024-01-11,8712.054344225906
Nifty Infrastructure TRI,2024-01-12,8780.797433034539
Nifty Infrastructure TRI,2024-01-15,8875.03569908717
Nifty Infrastructure TRI,2024-01-16,8839.378820743275
Nifty Infrastructure TRI,2024-01-17,8761.788984429433
Nifty Infrastructure TRI,2024-01-18,8762.888436598421
Nifty Infrastructure TRI,2024-01-19,8904.479504883142
Nifty Infrastructure TRI,2024-01-23,8743.234337139755
Nifty Infrastructure TRI,2024-01-24,8887.461798905335
Nifty Infrastructure TRI,2024-01-25,8895.536327321863
Nifty Infrastructure TRI,2024-01-29,9223.322000323176
Nifty Infrastructure TRI,2024-01-30,9108.005481793985
Nifty Infrastructure TRI,2024-01-31,9133.40280246324
Nifty Infrastructure TRI,2024-02-01,9094.190940259557
Nifty Infrastructure TRI,2024-02-02,9234.230622707619
Nifty Infrastructure TRI,2024-02-05,9196.724417424777
Nifty Infrastructure TRI,2024-02-06,9285.995019379585
Nifty Infrastructure TRI,2024-02-07,9292.168202505769
Nifty Infrastructure TRI,2024-02-08,9305.663656926186
Nifty Infrastructure TRI,2024-02-09,9272.258931161981
Nifty Infrastructure TRI,2024-02-12,9156.861454521275
Nifty Infrastructure TRI,2024-02-13,9195.058736198242
Nifty Infrastructure TRI,2024-02-14,9301.035334967653
Nifty Infrastructure TRI,2024-02-15,9364.874787357743
Nifty Infrastructure TRI,2024-02-16,9391.456248929808
Nifty Infrastructure TRI,2024-02-20,9485.00816055301
Nifty Infrastructure TRI,2024-02-21,9393.919966359557
Nifty Infrastructure TRI,2024-02-22,9479.987728690698
Nifty Infrastructure TRI,2024-02-23,9501.695124255044
Nifty Infrastructure TRI,2024-02-26,9513.44189608271
Nifty Infrastructure TRI,2024-02-27,9538.060805805844
Nifty Infrastructure TRI,2024-02-28,9368.910100506097
Nifty Infrastructure TRI,2024-02-29,9404.749366070344
Nifty Infrastructure TRI,2024-03-01,9589.069352153856
Nifty Infrastructure TRI,2024-03-04,9695.227651504913
Nifty Infrastructure TRI,2024-03-05,9713.633631815635
Nifty Infrastructure TRI,2024-03-06,9697.082233072948
Nifty Infrastructure TRI,2024-03-07,9690.24361447231
Nifty Infrastructure TRI,2024-03-11,9632.226767171676
Nifty Infrastructure TRI,2024-03-12,9571.861210949795
Nifty Infrastructure TRI,2024-03-13,9211.45151650423
Nifty Infrastructure TRI,2024-03-14,9360.467663158179
Nifty Infrastructure TRI,2024-03-15,9295.664330787693
Nifty Infrastructure TRI,2024-03-18,9343.244035998154
Nifty Infrastructure TRI,2024-03-19,9219.890289368752
Nifty Infrastructure TRI,2024-03-20,9279.60814413232
Nifty Infrastructure TRI,2024-03-21,9417.137780681405
Nifty Infrastructure TRI,2024-03-22,9482.103220934527
Nifty Infrastructure TRI,2024-03-26,9508.19595008416
Nifty Infrastructure TRI,2024-03-27,9611.475994866281
Nifty Infrastructure TRI,2024-03-28,9704.692072935684
Nifty Infrastructure TRI,2024-04-01,9807.315720232318
Nifty Infrastructure TRI,2024-04-02,9845.129302757525
Nifty Infrastructure TRI,2024-04-03,9837.241912516301
Nifty Infrastructure TRI,2024-04-04,9776.080103270291
Nifty Infrastructure TRI,2024-04-05,9737.097685415749
Nifty Infrastructure TRI,2024-04-08,9854.686623665924
Nifty Infrastructure TRI,2024-04-09,9822.864671594025
Nifty Infrastructure TRI,2024-04-10,9895.80312588228
Nifty Infrastructure TRI,2024-04-12,9800.647925050367
Nifty Infrastructure TRI,2024-04-15,9724.552395472692
Nifty Infrastructure TRI,2024-04-16,9700.231623665313
Nifty Infrastructure TRI,2024-04-18,9697.836720342655
Nifty Infrastructure TRI,2024-04-19,9715.22041058303
Nifty Infrastructure TRI,2024-04-22,9814.684794413834
Nifty Infrastructure TRI,2024-04-23,9853.04889884098
Nifty Infrastructure TRI,2024-04-24,9892.230240620924
Nifty Infrastructure TRI,2024-04-25,9961.071251185193
Nifty Infrastructure TRI,2024-04-26,9936.750156018134
Nifty Infrastructure TRI,2024-04-29,10007.764320436358
Nifty Infrastructure TRI,2024-04-30,9993.989726000998
Nifty Infrastructure TRI,2024-05-02,10059.037618170092
Nifty Infrastructure TRI,2024-05-03,9929.98897091678
Nifty Infrastructure TRI,2024-05-06,9844.061129654356
Nifty Infrastructure TRI,2024-05-07,9701.640925270483
Nifty Infrastructure TRI,2024-05-08,9817.600441098974
Nifty Infrastructure TRI,2024-05-09,9560.39794510312
Nifty Infrastructure TRI,2024-05-10,9656.890870605042
Nifty Infrastructure TRI,2024-05-13,9682.788648131589
Nifty Infrastructure TRI,2024-05-14,9812.761957218838
Nifty Infrastructure TRI,2024-05-15,9897.501377338305
Nifty Infrastructure TRI,2024-05-16,9982.88856327427
Nifty Infrastructure TRI,2024-05-17,10055.861968929688
Nifty Infrastructure TRI,2024-05-21,10127.267732849326
Nifty Infrastructure TRI,2024-05-22,10165.852353297549
Nifty Infrastructure TRI,2024-05-23,10320.196904573839
Nifty Infrastructure TRI,2024-05-24,10329.165471259927
Nifty Infrastructure TRI,2024-05-27,10317.462508321567
Nifty Infrastructure TRI,2024-05-28,10236.377151889981
Nifty Infrastructure TRI,2024-05-29,10173.484215386341
Nifty Infrastructure TRI,2024-05-30,10059.548922233635
Nifty Infrastructure TRI,2024-05-31,10112.317542915105
Nifty Infrastructure TRI,2024-06-03,10672.177148797336
Nifty Infrastructure TRI,2024-06-04,9541.917035122882
Nifty Infrastructure TRI,2024-06-05,9805.871174367534
Nifty Infrastructure TRI,2024-06-06,9973.693235497816
Nifty Infrastructure TRI,2024-06-07,10213.3482918377
Nifty Infrastructure TRI,2024-06-10,10277.484790434935
Nifty Infrastructure TRI,2024-06-11,10335.705449034054
Nifty Infrastructure TRI,2024-06-12,10428.476260440284
Nifty Infrastructure TRI,2024-06-13,10478.535778710822
Nifty Infrastructure TRI,2024-06-14,10537.936974808154
Nifty Infrastructure TRI,2024-06-18,10567.85469993318
Nifty Infrastructure TRI,2024-06-19,10381.190055728033
Nifty Infrastructure TRI,2024-06-20,10423.78879391637
Nifty Infrastructure TRI,2024-06-21,10373.404305014725
Nifty Infrastructure TRI,2024-06-24,10390.356951562715
Nifty Infrastructure TRI,2024-06-25,10386.901659414943
Nifty Infrastructure TRI,2024-06-26,10526.421111800832
Nifty Infrastructure TRI,2024-06-27,10633.722829089804
Nifty Infrastructure TRI,2024-06-28,10665.656004000299
Nifty Infrastructure TRI,2024-07-01,10664.073464653518
Nifty Infrastructure TRI,2024-07-02,10671.895276208696
Nifty Infrastructure TRI,2024-07-03,10676.390713526534
Nifty Infrastructure TRI,2024-07-04,10671.60008037286
Nifty Infrastructure TRI,2024-07-05,10804.336491474302
Nifty Infrastructure TRI,2024-07-08,10806.154813469358
Nifty Infrastructure TRI,2024-07-09,10821.16732680968
Nifty Infrastructure TRI,2024-07-10,10838.166894756045
Nifty Infrastructure TRI,2024-07-11,10821.932340579866
Nifty Infrastructure TRI,2024-07-12,10836.830439127467
Nifty Infrastructure TRI,2024-07-15,10916.638958421825
Nifty Infrastructure TRI,2024-07-16,10901.922924290126
Nifty Infrastructure TRI,2024-07-18,10914.085678557392
Nifty Infrastructure TRI,2024-07-19,10659.418132354167
Nifty Infrastructure TRI,2024-07-22,10701.88997781193
Nifty Infrastructure TRI,2024-07-23,10617.396143580803
Nifty Infrastructure TRI,2024-07-24,10654.32253094594
Nifty Infrastructure TRI,2024-07-25,10738.292451773594
Nifty Infrastructure TRI,2024-07-26,10953.929338058873
Nifty Infrastructure TRI,2024-07-29,11014.965747425382
Nifty Infrastructure TRI,2024-07-30,11038.529128030532
Nifty Infrastructure TRI,2024-07-31,11104.409215309162
Nifty Infrastructure TRI,2024-08-01,11142.29603099028
Nifty Infrastructure TRI,2024-08-02,10964.382978065723
Nifty Infrastructure TRI,2024-08-05,10605.94557933289
Nifty Infrastructure TRI,2024-08-06,10592.20354711904
Nifty Infrastructure TRI,2024-08-07,10765.828126725066
Nifty Infrastructure TRI,2024-08-08,10613.942072902346
Nifty Infrastructure TRI,2024-08-09,10718.29786502575
Nifty Infrastructure TRI,2024-08-12,10664.852812150584
Nifty Infrastructure TRI,2024-08-13,10586.965649136562
Nifty Infrastructure TRI,2024-08-14,10555.61761629931
Nifty Infrastructure TRI,2024-08-16,10710.74891869772
Nifty Infrastructure TRI,2024-08-19,10740.80616192525
Nifty Infrastructure TRI,2024-08-20,10764.433623020135
Nifty Infrastructure TRI,2024-08-21,10801.984297508609
Nifty Infrastructure TRI,2024-08-22,10839.828719141946
Nifty Infrastructure TRI,2024-08-23,10846.616810775133
Nifty Infrastructure TRI,2024-08-26,10935.249559529517
Nifty Infrastructure TRI,2024-08-27,10926.53931942565
Nifty Infrastructure TRI,2024-08-28,10933.038788116819
Nifty Infrastructure TRI,2024-08-29,10963.52490939095
Nifty Infrastructure TRI,2024-08-30,11029.057694503424
Nifty Infrastructure TRI,2024-09-02,11000.297889742702
Nifty Infrastructure TRI,2024-09-03,10967.714112141668
Nifty Infrastructure TRI,2024-09-04,10967.312306061089
Nifty Infrastructure TRI,2024-09-05,10905.993975732863
Nifty Infrastructure TRI,2024-09-06,10748.52672977655
Nifty Infrastructure TRI,2024-09-09,10715.28387395528
Nifty Infrastructure TRI,2024-09-10,10810.680207041174
Nifty Infrastructure TRI,2024-09-11,10707.204610094728
Nifty Infrastructure TRI,2024-09-12,10962.158835514056
Nifty Infrastructure TRI,2024-09-13,10926.40325510572
Nifty Infrastructure TRI,2024-09-16,10944.800681365687
Nifty Infrastructure TRI,2024-09-17,10982.623305197572
Nifty Infrastructure TRI,2024-09-18,10933.865652304146
Nifty Infrastructure TRI,2024-09-19,10910.747164659218
Nifty Infrastructure TRI,2024-09-20,11071.34205055772
Nifty Infrastructure TRI,2024-09-23,11201.238608460788
Nifty Infrastructure TRI,2024-09-24,11220.516274494452
Nifty Infrastructure TRI,2024-09-25,11270.303066691913
Nifty Infrastructure TRI,2024-09-26,11316.98914451458
Nifty Infrastructure TRI,2024-09-27,11347.574683777188
Nifty Infrastructure TRI,2024-09-30,11214.809004787116
Nifty Infrastructure TRI,2024-10-01,11192.276151635402
Nifty Infrastructure TRI,2024-10-03,10875.851032446239
Nifty Infrastructure TRI,2024-10-04,10722.747990260345
Nifty Infrastructure TRI,2024-10-07,10561.362510288416
Nifty Infrastructure TRI,2024-10-08,10729.713895915003
Nifty Infrastructure TRI,2024-10-09,10716.414392925797
Nifty Infrastructure TRI,2024-10-10,10726.31392192191
Nifty Infrastructure TRI,2024-10-11,10739.436274223579
Nifty Infrastructure TRI,2024-10-14,10792.223679709454
Nifty Infrastructure TRI,2024-10-15,10801.072114260527
Nifty Infrastructure TRI,2024-10-16,10818.066022158779
Nifty Infrastructure TRI,2024-10-17,10705.034679163067
Nifty Infrastructure TRI,2024-10-18,10761.052998349262
Nifty Infrastructure TRI,2024-10-21,10671.621990801059
Nifty Infrastructure TRI,2024-10-22,10471.888418694456
Nifty Infrastructure TRI,2024-10-23,10387.717851530435
Nifty Infrastructure TRI,2024-10-24,10401.00971275436
Nifty Infrastructure TRI,2024-10-25,10213.0880155984
Nifty Infrastructure TRI,2024-10-28,10253.830865263551
Nifty Infrastructure TRI,2024-10-29,10297.7790240104
Nifty Infrastructure TRI,2024-10-30,10303.9775013048
Nifty Infrastructure TRI,2024-10-31,10345.175299279657
Nifty Infrastructure TRI,2024-11-01,10399.155434361383
Nifty Infrastructure TRI,2024-11-04,10180.36584344858
Nifty Infrastructure TRI,2024-11-05,10209.017421628014
Nifty Infrastructure TRI,2024-11-06,10386.781283370741
Nifty Infrastructure TRI,2024-11-07,10282.218826896733
Nifty Infrastructure TRI,2024-11-08,10214.181982292988
Nifty Infrastructure TRI,2024-11-11,10154.602464831325
Nifty Infrastructure TRI,2024-11-12,10033.945925318147
Nifty Infrastructure TRI,2024-11-13,9889.118806386019
Nifty Infrastructure TRI,2024-11-14,9891.787789992666
Nifty Infrastructure TRI,2024-11-18,9856.418840563612
Nifty Infrastructure TRI,2024-11-19,9832.690181966496
Nifty Infrastructure TRI,2024-11-21,9745.57172641874
Nifty Infrastructure TRI,2024-11-22,10017.688436577471
Nifty Infrastructure TRI,2024-11-25,10233.759103665183
Nifty Infrastructure TRI,2024-11-26,10166.032282049611
Nifty Infrastructure TRI,2024-11-27,10210.429167334329
Nifty Infrastructure TRI,2024-11-28,10095.403584722038
Nifty Infrastructure TRI,2024-11-29,10250.41108089142
Nifty Infrastructure TRI,2024-12-02,10332.987317093453
Nifty Infrastructure TRI,2024-12-03,10452.283477370103
Nifty Infrastructure TRI,2024-12-04,10405.907759085174
Nifty Infrastructure TRI,2024-12-05,10490.116654613237
Nifty Infrastructure TRI,2024-12-06,10486.233853048881
Nifty Infrastructure TRI,2024-12-09,10500.761895568146
Nifty Infrastructure TRI,2024-12-10,10448.333177806417
Nifty Infrastructure TRI,2024-12-11,10454.309580929856
Nifty Infrastructure TRI,2024-12-12,10386.672484416284
Nifty Infrastructure TRI,2024-12-13,10510.35257407229
Nifty Infrastructure TRI,2024-12-16,10482.378600080097
Nifty Infrastructure TRI,2024-12-17,10302.76385120878
Nifty Infrastructure TRI,2024-12-18,10211.73926040348
Nifty Infrastructure TRI,2024-12-19,10137.149586718328
Nifty Infrastructure TRI,2024-12-20,9926.384689067723
Nifty Infrastructure TRI,2024-12-23,9995.125104931018
Nifty Infrastructure TRI,2024-12-24,9989.520340436538
Nifty Infrastructure TRI,2024-12-26,10018.128496312624
Nifty Infrastructure TRI,2024-12-27,9978.694067904358
Nifty Infrastructure TRI,2024-12-30,9899.08301948987
Nifty Infrastructure TRI,2024-12-31,9942.991249720711
Nifty Infrastructure TRI,2025-01-02,10130.447463823246
Nifty Infrastructure TRI,2025-01-03,10099.936572728879
Nifty Infrastructure TRI,2025-01-06,9860.043244530782
Nifty Infrastructure TRI,2025-01-07,9941.562630352775
Nifty Infrastructure TRI,2025-01-08,9935.659431411017
Nifty Infrastructure TRI,2025-01-09,9820.818849334286
Nifty Infrastructure TRI,2025-01-10,9707.028887483997
Nifty Infrastructure TRI,2025-01-13,9466.160506735265
Nifty Infrastructure TRI,2025-01-14,9566.961722161936
Nifty Infrastructure TRI,2025-01-15,9659.6003626143
Nifty Infrastructure TRI,2025-01-16,9757.711217571079
Nifty Infrastructure TRI,2025-01-17,9874.92970985643
Nifty Infrastructure TRI,2025-01-20,9935.791943905939
Nifty Infrastructure TRI,2025-01-21,9768.768182532049
Nifty Infrastructure TRI,2025-01-22,9740.93010750542
Nifty Infrastructure TRI,2025-01-23,9775.520096898417
Nifty Infrastructure TRI,2025-01-24,9692.303997025476
Nifty Infrastructure TRI,2025-01-27,9538.805749336369
Nifty Infrastructure TRI,2025-01-28,9543.526841018554
Nifty Infrastructure TRI,2025-01-29,9599.930216261433
Nifty Infrastructure TRI,2025-01-30,9674.27065604667
Nifty Infrastructure TRI,2025-01-31,9817.822990306138
Nifty Infrastructure TRI,2025-02-03,9544.926765693717
Nifty Infrastructure TRI,2025-02-04,9774.70588041271
Nifty Infrastructure TRI,2025-02-05,9782.670352480362
Nifty Infrastructure TRI,2025-02-06,9703.241756560867
Nifty Infrastructure TRI,2025-02-07,9703.323173280856
Nifty Infrastructure TRI,2025-02-10,9610.869250934205
Nifty Infrastructure TRI,2025-02-11,9446.484195549814
Nifty Infrastructure TRI,2025-02-12,9434.792594220216
Nifty Infrastructure TRI,2025-02-13,9430.276970808633
Nifty Infrastructure TRI,2025-02-14,9321.932292280868
Nifty Infrastructure TRI,2025-02-17,9339.55376917355
Nifty Infrastructure TRI,2025-02-18,9358.450837481982
Nifty Infrastructure TRI,2025-02-19,9397.47072599726
Nifty Infrastructure TRI,2025-02-20,9473.32572496687
Nifty Infrastructure TRI,2025-02-21,9424.386275780815
Nifty Infrastructure TRI,2025-02-24,9294.02385092671
Nifty Infrastructure TRI,2025-02-25,9260.136957149174
Nifty Infrastructure TRI,2025-02-27,9212.954052524114
Nifty Infrastructure TRI,2025-02-28,9022.921793255373
Nifty Infrastructure TRI,2025-03-03,9061.240841463125
Nifty Infrastructure TRI,2025-03-04,9061.536774162705
Nifty Infrastructure TRI,2025-03-05,9258.259753691274
Nifty Infrastructure TRI,2025-03-06,9394.363791411099
Nifty Infrastructure TRI,2025-03-07,9419.748363795157
Nifty Infrastructure TRI,2025-03-10,9336.718160655015
Nifty Infrastructure TRI,2025-03-11,9407.732145061525
Nifty Infrastructure TRI,2025-03-12,9400.267543227945
Nifty Infrastructure TRI,2025-03-13,9349.644465684734
Nifty Infrastructure TRI,2025-03-17,9362.996300856219
Nifty Infrastructure TRI,2025-03-18,9475.896678116107
Nifty Infrastructure TRI,2025-03-19,9615.540821901219
Nifty Infrastructure TRI,2025-03-20,9755.429300514448
Nifty Infrastructure TRI,2025-03-21,9878.542089543527
Nifty Infrastructure TRI,2025-03-24,10021.811837451329
Nifty Infrastructure TRI,2025-03-25,9981.319742710832
Nifty Infrastructure TRI,2025-03-26,9929.457266424643
Nifty Infrastructure TRI,2025-03-27,9992.634557123441
Nifty Infrastructure TRI,2025-03-28,9964.566774746703
Nifty Infrastructure TRI,2025-04-01,9885.390569210675
Nifty Infrastructure TRI,2025-04-02,9938.738878815791
Nifty Infrastructure TRI,2025-04-03,9963.397519689412
Nifty Infrastructure TRI,2025-04-04,9700.34592468341
Nifty Infrastructure TRI,2025-04-07,9381.08790883281
Nifty Infrastructure TRI,2025-04-08,9557.296530963162
Nifty Infrastructure TRI,2025-04-09,9530.559266185353
Nifty Infrastructure TRI,2025-04-11,9724.36954391522
Nifty Infrastructure TRI,2025-04-15,9961.938316932687
Nifty Infrastructure TRI,2025-04-16,9998.455587481347
Nifty Infrastructure TRI,2025-04-17,10177.388654662553
Nifty Infrastructure TRI,2025-04-21,10291.673413320124
Nifty Infrastructure TRI,2025-04-22,10241.779756940641
Nifty Infrastructure TRI,2025-04-23,10314.51463828958
Nifty Infrastructure TRI,2025-04-24,10288.024917849112
Nifty Infrastructure TRI,2025-04-25,10128.751577711733
Nifty Infrastructure TRI,2025-04-28,10330.880984694415
Nifty Infrastructure TRI,2025-04-29,10335.935915106895
Nifty Infrastructure TRI,2025-04-30,10362.220753377
Nifty Infrastructure TRI,2025-05-02,10373.100731624849
Nifty Infrastructure TRI,2025-05-05,10494.084090416305
Nifty Infrastructure TRI,2025-05-06,10404.595802654048
Nifty Infrastructure TRI,2025-05-07,10409.831787743768
Nifty Infrastructure TRI,2025-05-08,10305.41199017752
Nifty Infrastructure TRI,2025-05-09,10219.920411930752
Nifty Infrastructure TRI,2025-05-12,10595.121256321869
Nifty Infrastructure TRI,2025-05-13,10475.115195554528
Nifty Infrastructure TRI,2025-05-14,10535.104101004703
Nifty Infrastructure TRI,2025-05-15,10701.238100099357
Nifty Infrastructure TRI,2025-05-16,10683.651937335226
Nifty Infrastructure TRI,2025-05-19,10668.82543211928
Nifty Infrastructure TRI,2025-05-20,10561.303838006634
Nifty Infrastructure TRI,2025-05-21,10614.641583520144
Nifty Infrastructure TRI,2025-05-22,10542.165402580018
Nifty Infrastructure TRI,2025-05-23,10631.269081783475
Nifty Infrastructure TRI,2025-05-26,10677.04810024225
Nifty Infrastructure TRI,2025-05-27,10610.287997605543
Nifty Infrastructure TRI,2025-05-28,10585.726419381781
Nifty Infrastructure TRI,2025-05-29,10623.908189858974
Nifty Infrastructure TRI,2025-05-30,10590.19479931654
Nifty Infrastructure TRI,2025-06-02,10603.984845414501
Nifty Infrastructure TRI,2025-06-03,10520.616806793829
Nifty Infrastructure TRI,2025-06-04,10589.386282961115
Nifty Infrastructure TRI,2025-06-05,10652.137421683898
Nifty Infrastructure TRI,2025-06-06,10723.454946426284
Nifty Infrastructure TRI,2025-06-09,10804.811145176844
Nifty Infrastructure TRI,2025-06-10,10794.416212143671
Nifty Infrastructure TRI,2025-06-11,10822.11029723533
Nifty Infrastructure TRI,2025-06-12,10672.0526300319
Nifty Infrastructure TRI,2025-06-13,10596.92844677194
Nifty Infrastructure TRI,2025-06-16,10712.487545196938
Nifty Infrastructure TRI,2025-06-17,10662.101546439491
Nifty Infrastructure TRI,2025-06-18,10625.414985506111
Nifty Infrastructure TRI,2025-06-19,10602.725695727666
Nifty Infrastructure TRI,2025-06-20,10786.718915347466
Nifty Infrastructure TRI,2025-06-23,10732.540521251929
Nifty Infrastructure TRI,2025-06-24,10776.431552435417
Nifty Infrastructure TRI,2025-06-25,10877.040153663296
Nifty Infrastructure TRI,2025-06-26,11054.992521296454
Nifty Infrastructure TRI,2025-06-27,11153.313459315812
Nifty Infrastructure TRI,2025-06-30,11119.720522997812
Nifty Infrastructure TRI,2025-07-01,11169.602074651473
Nifty Infrastructure TRI,2025-07-02,11143.729547305878
Nifty Infrastructure TRI,2025-07-03,11109.405501795984
Nifty Infrastructure TRI,2025-07-04,11150.24935795608
Nifty Infrastructure TRI,2025-07-07,11176.282529045166
Nifty Infrastructure TRI,2025-07-08,11207.67719908467
Nifty Infrastructure TRI,2025-07-09,11135.225043230992
Nifty Infrastructure TRI,2025-07-10,11065.309093365786
Nifty Infrastructure TRI,2025-07-11,10943.312966071715
Nifty Infrastructure TRI,2025-07-14,10937.941357719197
Nifty Infrastructure TRI,2025-07-15,10981.217751173595
Nifty Infrastructure TRI,2025-07-16,10995.529529082529
Nifty Infrastructure TRI,2025-07-17,10956.33612454929
Nifty Infrastructure TRI,2025-07-18,10898.694102010537
Nifty Infrastructure TRI,2025-07-21,10876.582618367347
Nifty Infrastructure TRI,2025-07-22,10811.006609108827
Nifty Infrastructure TRI,2025-07-23,10892.076340201442
Nifty Infrastructure TRI,2025-07-24,10833.888406611974
Nifty Infrastructure TRI,2025-07-25,10723.301561696891
Nifty Infrastructure TRI,2025-07-28,10640.54744449893
Nifty Infrastructure TRI,2025-07-29,10770.776414000315
Nifty Infrastructure TRI,2025-07-30,10825.010499130081
Nifty Infrastructure TRI,2025-07-31,10725.048358579716
Nifty Infrastructure TRI,2025-08-01,10611.179318514834
Nifty Infrastructure TRI,2025-08-04,10717.33921760309
Nifty Infrastructure TRI,2025-08-05,10699.232344089516
Nifty Infrastructure TRI,2025-08-06,10671.065900254704
Nifty Infrastructure TRI,2025-08-07,10644.436743031176
Nifty Infrastructure TRI,2025-08-08,10506.458519858448
Nifty Infrastructure TRI,2025-08-11,10623.697635484135
Nifty Infrastructure TRI,2025-08-12,10618.1274251939
Nifty Infrastructure TRI,2025-08-13,10681.90904861064
Nifty Infrastructure TRI,2025-08-14,10641.485704855982
Nifty Infrastructure TRI,2025-08-18,10713.65895104866
Nifty Infrastructure TRI,2025-08-19,10810.776724808618
Nifty Infrastructure TRI,2025-08-20,10842.794935743374
Nifty Infrastructure TRI,2025-08-21,10859.367099955965
Nifty Infrastructure TRI,2025-08-22,10780.168764549151
Nifty Infrastructure TRI,2025-08-25,10786.138813911117
Nifty Infrastructure TRI,2025-08-26,10619.60949894952
Nifty Infrastructure TRI,2025-08-28,10543.635743009447
Nifty Infrastructure TRI,2025-08-29,10506.562103320735
Nifty Infrastructure TRI,2025-09-01,10595.104944545317
Nifty Infrastructure TRI,2025-09-02,10614.93205368307
Nifty Infrastructure TRI,2025-09-03,10641.332996489944
Nifty Infrastructure TRI,2025-09-04,10584.950971646667
Nifty Infrastructure TRI,2025-09-05,10606.378084341572
Nifty Infrastructure TRI,2025-09-08,10626.309965398703
Nifty Infrastructure TRI,2025-09-09,10619.490915554265
Nifty Infrastructure TRI,2025-09-10,10652.650162900276
Nifty Infrastructure TRI,2025-09-11,10711.93163907094
Nifty Infrastructure TRI,2025-09-12,10749.360264964456
Nifty Infrastructure TRI,2025-09-15,10778.373111638944
Nifty Infrastructure TRI,2025-09-16,10888.97055587897
Nifty Infrastructure TRI,2025-09-17,10929.135888477242
Nifty Infrastructure TRI,2025-09-18,10936.305800000686
Nifty Infrastructure TRI,2025-09-19,10945.549750013768
Nifty Infrastructure TRI,2025-09-22,10912.79011368529
Nifty Infrastructure TRI,2025-09-23,10893.177583056844
Nifty Infrastructure TRI,2025-09-24,10842.041789147237
Nifty Infrastructure TRI,2025-09-25,10759.317146036037
Nifty Infrastructure TRI,2025-09-26,10713.862224562079
Nifty Infrastructure TRI,2025-09-29,10729.075277375969
Nifty Infrastructure TRI,2025-09-30,10676.501406080364
Nifty Infrastructure TRI,2025-10-01,10695.637717281623
Nifty Infrastructure TRI,2025-10-03,10755.371318727084
Nifty Infrastructure TRI,2025-10-06,10807.40430118161
Nifty Infrastructure TRI,2025-10-07,10847.653187293992
Nifty Infrastructure TRI,2025-10-08,10779.299429397697
Nifty Infrastructure TRI,2025-10-09,10851.977836408285
Nifty Infrastructure TRI,2025-10-10,10888.200186928068
Nifty Infrastructure TRI,2025-10-13,10879.424838578723
Nifty Infrastructure TRI,2025-10-14,10832.345282631026
Nifty Infrastructure TRI,2025-10-15,10942.513903107327
Nifty Infrastructure TRI,2025-10-16,11035.671800496653
Nifty Infrastructure TRI,2025-10-17,11075.407247034045
Nifty Infrastructure TRI,2025-10-20,11222.62068322629
Nifty Infrastructure TRI,2025-10-21,11227.790851734242
Nifty Infrastructure TRI,2025-10-23,11166.899866357206
Nifty Infrastructure TRI,2025-10-24,11147.217484792145
Nifty Infrastructure TRI,2025-10-27,11307.58058273974
Nifty Infrastructure TRI,2025-10-28,11324.915368328728
Nifty Infrastructure TRI,2025-10-29,11463.328550950955
Nifty Infrastructure TRI,2025-10-30,11400.582510270542
Nifty Infrastructure TRI,2025-10-31,11350.527306142647
Nifty Infrastructure TRI,2025-11-03,11383.262874704653
Nifty Infrastructure TRI,2025-11-04,11334.565668580079
Nifty Infrastructure TRI,2025-11-06,11260.95488122839
Nifty Infrastructure TRI,2025-11-07,11148.338912027939
Nifty Infrastructure TRI,2025-11-10,11182.131749119751
Nifty Infrastructure TRI,2025-11-11,11269.55975376729
Nifty Infrastructure TRI,2025-11-12,11347.261022216466
Nifty Infrastructure TRI,2025-11-13,11395.88385772118
Nifty Infrastructure TRI,2025-11-14,11418.454533628259
Nifty Infrastructure TRI,2025-11-17,11457.681633200777
Nifty Infrastructure TRI,2025-11-18,11421.133504187379
Nifty Infrastructure TRI,2025-11-19,11442.165414949872
Nifty Infrastructure TRI,2025-11-20,11507.721486473776
Nifty Infrastructure TRI,2025-11-21,11471.468210129076
Nifty Infrastructure TRI,2025-11-24,11386.916441364468
Nifty Infrastructure TRI,2025-11-25,11387.585203587805
Nifty Infrastructure TRI,2025-11-26,11517.042751590565
Nifty Infrastructure TRI,2025-11-27,11498.12076210143
Nifty Infrastructure TRI,2025-11-28,11465.124740927678
Nifty Infrastructure TRI,2025-12-01,11438.7516385526
Nifty Infrastructure TRI,2025-12-02,11388.28885350132
Nifty Infrastructure TRI,2025-12-03,11295.476878299665
Nifty Infrastructure TRI,2025-12-04,11285.986868359802
Nifty Infrastructure TRI,2025-12-05,11333.217847148995
Nifty Infrastructure TRI,2025-12-08,11199.489860479745
Nifty Infrastructure TRI,2025-12-09,11204.250455852774
Nifty Infrastructure TRI,2025-12-10,11174.67765608092
Nifty Infrastructure TRI,2025-12-11,11216.151104456418
Nifty Infrastructure TRI,2025-12-12,11348.75927249979
Nifty Infrastructure TRI,2025-12-15,11347.256794479561
Nifty Infrastructure TRI,2025-12-16,11299.561007070797
Nifty Infrastructure TRI,2025-12-17,11284.064832993205
Nifty Infrastructure TRI,2025-12-18,11245.989351343724
Nifty Infrastructure TRI,2025-12-19,11358.069112043459
Nifty Infrastructure TRI,2025-12-22,11446.778132915117
Nifty Infrastructure TRI,2025-12-23,11429.0852381657
Nifty Infrastructure TRI,2025-12-24,11395.879855703359
Nifty Infrastructure TRI,2025-12-26,11369.28407483998
Nifty Infrastructure TRI,2025-12-29,11315.830799177056
Nifty Infrastructure TRI,2025-12-30,11300.864798372972
Nifty Infrastructure TRI,2025-12-31,11432.84378204283
Nifty Infrastructure TRI,2026-01-02,11611.223763009104
Nifty Infrastructure TRI,2026-01-05,11565.868461698981
Nifty Infrastructure TRI,2026-01-06,11429.43592404392
Nifty Infrastructure TRI,2026-01-07,11372.254152963902
Nifty Infrastructure TRI,2026-01-08,11158.74596790726
Nifty Infrastructure TRI,2026-01-09,11063.911498380268
Nifty Infrastructure TRI,2026-01-12,11100.081741221018
Nifty Infrastructure TRI,2026-01-13,10974.070372207816
Nifty Infrastructure TRI,2026-01-14,11012.252740784428
Nifty Infrastructure TRI,2026-01-16,11005.895352975207
Nifty Infrastructure TRI,2026-01-19,10907.460337117818
Nifty Infrastructure TRI,2026-01-20,10710.925643772182
Nifty Infrastructure TRI,2026-01-21,10725.849427036093
Nifty Infrastructure TRI,2026-01-22,10802.522712924141
Nifty Infrastructure TRI,2026-01-23,10620.123102481504
Nifty Infrastructure TRI,2026-01-27,10690.229886587504
Nifty Infrastructure TRI,2026-01-28,10809.51816501131
Nifty Infrastructure TRI,2026-01-29,10901.384426610615
Nifty Infrastructure TRI,2026-01-30,10892.874263751704
Nifty Infrastructure TRI,2026-02-02,10860.675835711168
Nifty Infrastructure TRI,2026-02-03,11190.541734689556
Nifty Infrastructure TRI,2026-02-04,11366.292154832876
Nifty Infrastructure TRI,2026-02-05,11310.660218646803
Nifty Infrastructure TRI,2026-02-06,11356.976040320913
Nifty Infrastructure TRI,2026-02-09,11445.34859888366
Nifty Infrastructure TRI,2026-02-10,11472.687445449292
Nifty Infrastructure TRI,2026-02-11,11526.813790129236
Nifty Infrastructure TRI,2026-02-12,11504.80781554596
Nifty Infrastructure TRI,2026-02-13,11361.358570556244
Nifty Infrastructure TRI,2026-02-16,11495.296654189526
Nifty Infrastructure TRI,2026-02-17,11509.783304184013
Nifty Infrastructure TRI,2026-02-18,11590.597546771482
Nifty Infrastructure TRI,2026-02-19,11383.293227942218
Nifty Infrastructure TRI,2026-02-20,11470.837521245205
Nifty Infrastructure TRI,2026-02-23,11569.682348294908
Nifty Infrastructure TRI,2026-02-24,11486.985591387796
Nifty Infrastructure TRI,2026-02-25,11452.700994290051
Nifty Infrastructure TRI,2026-02-26,11489.761037204116
Nifty Infrastructure TRI,2026-02-27,11354.82204277569
Nifty Infrastructure TRI,2026-03-02,11102.729803504186
Nifty Infrastructure TRI,2026-03-04,10862.446145841834
Nifty Infrastructure TRI,2026-03-05,11103.34180167175
Nifty Infrastructure TRI,2026-03-06,11005.232857911038
Nifty Infrastructure TRI,2026-03-09,10838.006182189227
Nifty Infrastructure TRI,2026-03-10,10890.909455805015
Nifty Infrastructure TRI,2026-03-11,10771.328378339937
Nifty Infrastructure TRI,2026-03-12,10719.426493217798
Nifty Infrastructure TRI,2026-03-13,10449.261742407112
Nifty Infrastructure TRI,2026-03-16,10458.926206448035
Nifty Infrastructure TRI,2026-03-17,10564.805960608013
Nifty Infrastructure TRI,2026-03-18,10687.37907860041
Nifty Infrastructure TRI,2026-03-19,10389.50728567422
Nifty Infrastructure TRI,2026-03-20,10489.495804046921
Nifty Infrastructure TRI,2026-03-23,10220.814436645607
Nifty Infrastructure TRI,2026-03-24,10412.245406109307
Nifty Infrastructure TRI,2026-03-25,10595.403106790194
Nifty Infrastructure TRI,2026-03-27,10396.81292212284
Nifty Infrastructure TRI,2026-03-30,10207.710031798342
Nifty Infrastructure TRI,2026-04-01,10337.3379419936
Nifty Infrastructure TRI,2026-04-02,10291.169066492963
Nifty Infrastructure TRI,2026-04-06,10338.54974408933
Nifty Infrastructure TRI,2026-04-07,10385.162705267805
Nifty Infrastructure TRI,2026-04-08,10814.637856259737
Nifty Infrastructure TRI,2026-04-09,10733.645502087753
Nifty Infrastructure TRI,2026-04-10,10874.327741049967
Nifty Infrastructure TRI,2026-04-13,10788.668976195659
Nifty Infrastructure TRI,2026-04-15,11006.616106310614
Nifty Infrastructure TRI,2026-04-16,11015.86263518546
Nifty Infrastructure TRI,2026-04-17,11109.162109741843
Nifty Infrastructure TRI,2026-04-20,11120.094288830369
Nifty Infrastructure TRI,2026-04-21,11159.057473259014
Nifty Infrastructure TRI,2026-04-22,11169.02853867347
Nifty Infrastructure TRI,2026-04-23,11119.393905793982
Nifty Infrastructure TRI,2026-04-24,11028.76556352807
Nifty Infrastructure TRI,2026-04-27,11190.902207257966
Nifty Infrastructure TRI,2026-04-28,11240.97572512907
Nifty Infrastructure TRI,2026-04-29,11331.752435285358
Nifty Infrastructure TRI,2026-04-30,11242.605152909062
Nifty Infrastructure TRI,2026-05-04,11305.670616698017
Nifty Infrastructure TRI,2026-05-05,11272.674030361086
Nifty Infrastructure TRI,2026-05-06,11319.839333270937
Nifty Infrastructure TRI,2026-05-07,11356.919542327367
Nifty Infrastructure TRI,2026-05-08,11339.202750273444
Nifty Infrastructure TRI,2026-05-11,11122.828508580675
Nifty Infrastructure TRI,2026-05-12,10929.519423745656
Nifty Infrastructure TRI,2026-05-13,11030.953847615116
Nifty Infrastructure TRI,2026-05-14,11187.206201635745
Nifty Infrastructure TRI,2026-05-15,11138.849323696935
Nifty Infrastructure TRI,2026-05-18,11114.981240923582
Nifty Infrastructure TRI,2026-05-19,11079.157015768538
Nifty Infrastructure TRI,2026-05-20,11173.63298634799
Nifty Infrastructure TRI,2026-05-21,11204.872262035282
Nifty Infrastructure TRI,2026-05-22,11179.20002063576
Nifty Infrastructure TRI,2026-05-25,11300.58575927936
Nifty Infrastructure TRI,2026-05-26,11250.9015077773
Nifty Infrastructure TRI,2026-05-27,11347.674845873096
Nifty Infrastructure TRI,2026-05-29,11174.049973926152
Nifty Infrastructure TRI,2026-06-01,11036.666697445042
Nifty Infrastructure TRI,2026-06-02,11024.4812004713
Nifty Infrastructure TRI,2026-06-03,11015.879568704086
Nifty Infrastructure TRI,2026-06-04,11004.29003834372
Nifty Infrastructure TRI,2026-06-05,10972.504295979437
Nifty Infrastructure TRI,2026-06-08,10860.404502499163
Nifty Infrastructure TRI,2026-06-09,10902.349315712312
Nifty Infrastructure TRI,2026-06-10,10829.621788948107
Nifty Infrastructure TRI,2026-06-11,10786.589832773243
Nifty Infrastructure TRI,2026-06-12,11040.213243225811
Nifty Infrastructure TRI,2026-06-15,11201.354054837671
Nifty Infrastructure TRI,2026-06-16,11268.662191453293
Nifty Infrastructure TRI,2026-06-17,11320.732885397549
Nifty Infrastructure TRI,2026-06-18,11356.668036177307
Nifty Infrastructure TRI,2026-06-19,11371.563748612036
Nifty Infrastructure TRI,2026-06-22,11419.606524319677
Nifty Infrastructure TRI,2026-06-23,11311.532990499292
Nifty Infrastructure TRI,2026-06-24,11315.129900763475
Nifty Infrastructure TRI,2026-06-25,11312.390961248235
Nifty Infrastructure TRI,2026-06-30,11232.555534199288
