index_name,date,tri
Nifty Energy TRI,2011-06-30,8615.0498046875
Nifty Energy TRI,2011-07-01,8475.554760802264
Nifty Energy TRI,2011-07-04,8525.281493367414
Nifty Energy TRI,2011-07-05,8400.952454450033
Nifty Energy TRI,2011-07-06,8406.204694059577
Nifty Energy TRI,2011-07-07,8561.06971835984
Nifty Energy TRI,2011-07-08,8478.339938551573
Nifty Energy TRI,2011-07-11,8469.499090791087
Nifty Energy TRI,2011-07-12,8423.170439704865
Nifty Energy TRI,2011-07-13,8559.426824929957
Nifty Energy TRI,2011-07-14,8532.713915456809
Nifty Energy TRI,2011-07-15,8526.817171537281
Nifty Energy TRI,2011-07-18,8503.864953202812
Nifty Energy TRI,2011-07-19,8591.970733532216
Nifty Energy TRI,2011-07-20,8531.710087537105
Nifty Energy TRI,2011-07-21,8447.1120032017
Nifty Energy TRI,2011-07-22,8554.956095243853
Nifty Energy TRI,2011-07-25,8613.570301865664
Nifty Energy TRI,2011-07-26,8510.723327440674
Nifty Energy TRI,2011-07-27,8439.665182700983
Nifty Energy TRI,2011-07-28,8291.270427801765
Nifty Energy TRI,2011-07-29,8206.317119972467
Nifty Energy TRI,2011-08-01,8261.33526084466
Nifty Energy TRI,2011-08-02,8308.820177159769
Nifty Energy TRI,2011-08-03,8254.804527312179
Nifty Energy TRI,2011-08-04,8167.9650253974305
Nifty Energy TRI,2011-08-05,8002.946688071917
Nifty Energy TRI,2011-08-08,7935.618062446657
Nifty Energy TRI,2011-08-09,7817.909173831036
Nifty Energy TRI,2011-08-10,7850.2026292286555
Nifty Energy TRI,2011-08-11,7827.36210356864
Nifty Energy TRI,2011-08-12,7770.833028786296
Nifty Energy TRI,2011-08-16,7709.107009456581
Nifty Energy TRI,2011-08-17,7696.880198909063
Nifty Energy TRI,2011-08-18,7597.748665794322
Nifty Energy TRI,2011-08-19,7538.122741640895
Nifty Energy TRI,2011-08-22,7713.117293988705
Nifty Energy TRI,2011-08-23,7693.763208932506
Nifty Energy TRI,2011-08-24,7645.060784119666
Nifty Energy TRI,2011-08-25,7608.794361649448
Nifty Energy TRI,2011-08-26,7363.965934833926
Nifty Energy TRI,2011-08-29,7596.808655784324
Nifty Energy TRI,2011-08-30,7689.445316493387
Nifty Energy TRI,2011-09-02,7800.638186070195
Nifty Energy TRI,2011-09-05,7658.410121880507
Nifty Energy TRI,2011-09-06,7824.385750906879
Nifty Energy TRI,2011-09-07,7939.22104817861
Nifty Energy TRI,2011-09-08,8016.815342419447
Nifty Energy TRI,2011-09-09,7844.312807874269
Nifty Energy TRI,2011-09-12,7709.4652391456075
Nifty Energy TRI,2011-09-13,7731.7219597350295
Nifty Energy TRI,2011-09-14,7824.298987930396
Nifty Energy TRI,2011-09-15,7915.43015686544
Nifty Energy TRI,2011-09-16,7948.653229438423
Nifty Energy TRI,2011-09-19,7903.851561399345
Nifty Energy TRI,2011-09-20,8065.508434688005
Nifty Energy TRI,2011-09-21,7985.943743127604
Nifty Energy TRI,2011-09-22,7647.377384017326
Nifty Energy TRI,2011-09-23,7577.477627697159
Nifty Energy TRI,2011-09-26,7458.452640814265
Nifty Energy TRI,2011-09-27,7712.839626836972
Nifty Energy TRI,2011-09-28,7740.142920293861
Nifty Energy TRI,2011-09-29,7825.61354745038
Nifty Energy TRI,2011-09-30,7778.268652510696
Nifty Energy TRI,2011-10-03,7685.578253154025
Nifty Energy TRI,2011-10-04,7567.0072126694895
Nifty Energy TRI,2011-10-05,7545.079106039859
Nifty Energy TRI,2011-10-07,7752.844717487053
Nifty Energy TRI,2011-10-10,7978.338380791759
Nifty Energy TRI,2011-10-11,7959.2438195707855
Nifty Energy TRI,2011-10-12,8086.702639270751
Nifty Energy TRI,2011-10-13,8015.084917269651
Nifty Energy TRI,2011-10-14,8128.573740739817
Nifty Energy TRI,2011-10-17,7946.136710489009
Nifty Energy TRI,2011-10-18,7864.020355580842
Nifty Energy TRI,2011-10-19,8039.593306623334
Nifty Energy TRI,2011-10-20,7974.435591195436
Nifty Energy TRI,2011-10-21,7938.013239385282
Nifty Energy TRI,2011-10-24,8071.139125481369
Nifty Energy TRI,2011-10-25,8264.761494783525
Nifty Energy TRI,2011-10-28,8452.516110500981
Nifty Energy TRI,2011-10-31,8291.440498349546
Nifty Energy TRI,2011-11-01,8207.764676078184
Nifty Energy TRI,2011-11-02,8266.737941297
Nifty Energy TRI,2011-11-03,8373.222411555567
Nifty Energy TRI,2011-11-04,8334.274534121014
Nifty Energy TRI,2011-11-08,8362.71666707687
Nifty Energy TRI,2011-11-09,8191.771802256717
Nifty Energy TRI,2011-11-11,8263.51038969395
Nifty Energy TRI,2011-11-14,8192.70018928439
Nifty Energy TRI,2011-11-15,8050.1169096236445
Nifty Energy TRI,2011-11-16,7963.679514235303
Nifty Energy TRI,2011-11-17,7704.951136767405
Nifty Energy TRI,2011-11-18,7699.611701533318
Nifty Energy TRI,2011-11-21,7493.666652448137
Nifty Energy TRI,2011-11-22,7541.571660344194
Nifty Energy TRI,2011-11-23,7372.048884398578
Nifty Energy TRI,2011-11-24,7438.7657686566945
Nifty Energy TRI,2011-11-25,7329.748019763603
Nifty Energy TRI,2011-11-28,7560.866455658932
Nifty Energy TRI,2011-11-29,7428.923680095861
Nifty Energy TRI,2011-11-30,7553.845473997907
Nifty Energy TRI,2011-12-01,7692.962421884588
Nifty Energy TRI,2011-12-02,7850.3634513828765
Nifty Energy TRI,2011-12-05,7839.703523329828
Nifty Energy TRI,2011-12-07,7853.408820992276
Nifty Energy TRI,2011-12-08,7624.840149118726
Nifty Energy TRI,2011-12-09,7472.325103882156
Nifty Energy TRI,2011-12-12,7256.789276498472
Nifty Energy TRI,2011-12-13,7357.862492892606
Nifty Energy TRI,2011-12-14,7268.511537303992
Nifty Energy TRI,2011-12-15,7334.6995881854755
Nifty Energy TRI,2011-12-16,7161.850740142735
Nifty Energy TRI,2011-12-19,7213.191145128009
Nifty Energy TRI,2011-12-20,7068.381582402312
Nifty Energy TRI,2011-12-21,7353.488785554986
Nifty Energy TRI,2011-12-22,7438.807321002931
Nifty Energy TRI,2011-12-23,7359.013663542469
Nifty Energy TRI,2011-12-26,7450.991071488406
Nifty Energy TRI,2011-12-27,7395.285773034642
Nifty Energy TRI,2011-12-28,7331.083327217047
Nifty Energy TRI,2011-12-29,7134.4444818514
Nifty Energy TRI,2011-12-30,7044.489592152671
Nifty Energy TRI,2012-01-02,7115.466876003311
Nifty Energy TRI,2012-01-03,7277.734275178291
Nifty Energy TRI,2012-01-04,7246.464669770541
Nifty Energy TRI,2012-01-05,7134.285375914494
Nifty Energy TRI,2012-01-06,7195.595989409303
Nifty Energy TRI,2012-01-09,7156.57126501524
Nifty Energy TRI,2012-01-10,7347.891597860662
Nifty Energy TRI,2012-01-11,7400.734522871387
Nifty Energy TRI,2012-01-12,7360.5030798868265
Nifty Energy TRI,2012-01-13,7379.154144045166
Nifty Energy TRI,2012-01-16,7251.647430080505
Nifty Energy TRI,2012-01-17,7457.9807590301
Nifty Energy TRI,2012-01-18,7650.320363245999
Nifty Energy TRI,2012-01-19,7766.16334632406
Nifty Energy TRI,2012-01-20,7847.149133730246
Nifty Energy TRI,2012-01-23,7739.566082426087
Nifty Energy TRI,2012-01-24,7817.430228305942
Nifty Energy TRI,2012-01-25,7842.5512071345065
Nifty Energy TRI,2012-01-27,8031.788366949182
Nifty Energy TRI,2012-01-30,7849.597408520518
Nifty Energy TRI,2012-01-31,7991.768595905005
Nifty Energy TRI,2012-02-01,8062.847736392366
Nifty Energy TRI,2012-02-02,8097.415912563917
Nifty Energy TRI,2012-02-03,8204.625718047844
Nifty Energy TRI,2012-02-06,8185.979142422061
Nifty Energy TRI,2012-02-07,8228.8741884407
Nifty Energy TRI,2012-02-08,8327.408501692118
Nifty Energy TRI,2012-02-09,8351.213673251063
Nifty Energy TRI,2012-02-10,8280.310281565144
Nifty Energy TRI,2012-02-13,8306.878931758345
Nifty Energy TRI,2012-02-14,8279.648550039288
Nifty Energy TRI,2012-02-15,8309.035097052925
Nifty Energy TRI,2012-02-16,8223.554701279138
Nifty Energy TRI,2012-02-17,8286.806127019554
Nifty Energy TRI,2012-02-21,8436.088023734997
Nifty Energy TRI,2012-02-22,8337.704154173494
Nifty Energy TRI,2012-02-23,8388.813944406562
Nifty Energy TRI,2012-02-24,8277.888258656003
Nifty Energy TRI,2012-02-27,8013.715095983716
Nifty Energy TRI,2012-02-28,8110.831613299835
Nifty Energy TRI,2012-02-29,8302.676757154402
Nifty Energy TRI,2012-03-01,8229.402257666487
Nifty Energy TRI,2012-03-02,8212.134198191568
Nifty Energy TRI,2012-03-05,8112.615038289309
Nifty Energy TRI,2012-03-06,7957.70081925753
Nifty Energy TRI,2012-03-07,7842.812698341989
Nifty Energy TRI,2012-03-09,7957.397777152755
Nifty Energy TRI,2012-03-12,8050.55891995561
Nifty Energy TRI,2012-03-13,8236.303456797994
Nifty Energy TRI,2012-03-14,8277.109351984076
Nifty Energy TRI,2012-03-15,8137.507080303205
Nifty Energy TRI,2012-03-16,7867.483748254179
Nifty Energy TRI,2012-03-19,7766.244429638526
Nifty Energy TRI,2012-03-20,7813.334725833023
Nifty Energy TRI,2012-03-21,7873.48519901192
Nifty Energy TRI,2012-03-22,7631.187514950515
Nifty Energy TRI,2012-03-23,7683.510580130674
Nifty Energy TRI,2012-03-26,7516.801919247142
Nifty Energy TRI,2012-03-27,7545.400361010079
Nifty Energy TRI,2012-03-28,7454.989435430815
Nifty Energy TRI,2012-03-29,7473.068223935966
Nifty Energy TRI,2012-03-30,7681.58279965337
Nifty Energy TRI,2012-04-02,7667.909344450501
Nifty Energy TRI,2012-04-03,7786.557711767994
Nifty Energy TRI,2012-04-04,7748.0287372497005
Nifty Energy TRI,2012-04-09,7633.629044511287
Nifty Energy TRI,2012-04-10,7628.032270550498
Nifty Energy TRI,2012-04-11,7567.251975985855
Nifty Energy TRI,2012-04-12,7620.7521450988725
Nifty Energy TRI,2012-04-13,7658.948390642361
Nifty Energy TRI,2012-04-16,7632.642067816652
Nifty Energy TRI,2012-04-17,7712.160129403448
Nifty Energy TRI,2012-04-18,7766.756688477206
Nifty Energy TRI,2012-04-19,7736.689320949638
Nifty Energy TRI,2012-04-20,7632.68025729344
Nifty Energy TRI,2012-04-23,7603.965001541399
Nifty Energy TRI,2012-04-24,7616.93943503204
Nifty Energy TRI,2012-04-25,7576.773285056462
Nifty Energy TRI,2012-04-26,7543.831394649093
Nifty Energy TRI,2012-04-27,7537.153775904325
Nifty Energy TRI,2012-04-30,7640.894760337574
Nifty Energy TRI,2012-05-02,7579.221275050602
Nifty Energy TRI,2012-05-03,7513.417834637111
Nifty Energy TRI,2012-05-04,7381.501239016181
Nifty Energy TRI,2012-05-07,7360.764606798366
Nifty Energy TRI,2012-05-08,7287.745904072031
Nifty Energy TRI,2012-05-09,7177.631191516467
Nifty Energy TRI,2012-05-10,7192.018091139442
Nifty Energy TRI,2012-05-11,7139.203562857227
Nifty Energy TRI,2012-05-14,7043.911698257896
Nifty Energy TRI,2012-05-15,7048.357615347505
Nifty Energy TRI,2012-05-16,7008.565622146792
Nifty Energy TRI,2012-05-17,7039.513529865026
Nifty Energy TRI,2012-05-18,7084.125371206444
Nifty Energy TRI,2012-05-21,7130.458283806928
Nifty Energy TRI,2012-05-22,7059.4551912340685
Nifty Energy TRI,2012-05-23,7030.252720553501
Nifty Energy TRI,2012-05-24,7155.137386559714
Nifty Energy TRI,2012-05-25,7149.597443927747
Nifty Energy TRI,2012-05-28,7204.019559276359
Nifty Energy TRI,2012-05-29,7230.002064798444
Nifty Energy TRI,2012-05-30,7209.366640474501
Nifty Energy TRI,2012-05-31,7216.580552023143
Nifty Energy TRI,2012-06-01,7055.347255013785
Nifty Energy TRI,2012-06-04,7102.937385540275
Nifty Energy TRI,2012-06-05,7166.020692085515
Nifty Energy TRI,2012-06-06,7328.822871470424
Nifty Energy TRI,2012-06-07,7377.944551255412
Nifty Energy TRI,2012-06-08,7405.228532216232
Nifty Energy TRI,2012-06-11,7368.626315021583
Nifty Energy TRI,2012-06-12,7423.175708257595
Nifty Energy TRI,2012-06-13,7406.413856939665
Nifty Energy TRI,2012-06-14,7358.149815836709
Nifty Energy TRI,2012-06-15,7421.081744779389
Nifty Energy TRI,2012-06-18,7356.380372489171
Nifty Energy TRI,2012-06-19,7485.05224185781
Nifty Energy TRI,2012-06-20,7533.199516025173
Nifty Energy TRI,2012-06-21,7481.092095153577
Nifty Energy TRI,2012-06-22,7477.34933960153
Nifty Energy TRI,2012-06-25,7456.10587166354
Nifty Energy TRI,2012-06-26,7546.775045656174
Nifty Energy TRI,2012-06-27,7558.0565414264265
Nifty Energy TRI,2012-06-28,7547.572076499343
Nifty Energy TRI,2012-06-29,7709.342169037854
Nifty Energy TRI,2012-07-02,7727.943875040801
Nifty Energy TRI,2012-07-03,7756.975300783915
Nifty Energy TRI,2012-07-04,7729.529175524769
Nifty Energy TRI,2012-07-05,7734.948210620699
Nifty Energy TRI,2012-07-06,7698.806453702017
Nifty Energy TRI,2012-07-09,7648.0303682447075
Nifty Energy TRI,2012-07-10,7715.521369888412
Nifty Energy TRI,2012-07-11,7636.464925438698
Nifty Energy TRI,2012-07-12,7645.050692128566
Nifty Energy TRI,2012-07-13,7635.943063764916
Nifty Energy TRI,2012-07-16,7635.363889313207
Nifty Energy TRI,2012-07-17,7599.295110239942
Nifty Energy TRI,2012-07-18,7591.613706193116
Nifty Energy TRI,2012-07-19,7680.8289116754995
Nifty Energy TRI,2012-07-20,7624.495380571691
Nifty Energy TRI,2012-07-23,7543.624217968504
Nifty Energy TRI,2012-07-24,7588.3918811444
Nifty Energy TRI,2012-07-25,7538.484207597971
Nifty Energy TRI,2012-07-26,7425.566326083464
Nifty Energy TRI,2012-07-27,7505.7541897635065
Nifty Energy TRI,2012-07-30,7639.278127873603
Nifty Energy TRI,2012-07-31,7748.833872580441
Nifty Energy TRI,2012-08-01,7747.298567252999
Nifty Energy TRI,2012-08-02,7689.337904123696
Nifty Energy TRI,2012-08-03,7735.164279744038
Nifty Energy TRI,2012-08-06,7953.9038951773255
Nifty Energy TRI,2012-08-07,7966.618629202202
Nifty Energy TRI,2012-08-08,7982.971852830065
Nifty Energy TRI,2012-08-09,7922.95189231101
Nifty Energy TRI,2012-08-10,7945.5027056125455
Nifty Energy TRI,2012-08-13,8003.436680795867
Nifty Energy TRI,2012-08-14,8088.305056123315
Nifty Energy TRI,2012-08-16,8145.331779374997
Nifty Energy TRI,2012-08-17,8082.217232493172
Nifty Energy TRI,2012-08-21,8147.963366710091
Nifty Energy TRI,2012-08-22,8102.157628032539
Nifty Energy TRI,2012-08-23,8022.817610092857
Nifty Energy TRI,2012-08-24,7978.998629516391
Nifty Energy TRI,2012-08-27,8004.269734742584
Nifty Energy TRI,2012-08-28,8007.669828602912
Nifty Energy TRI,2012-08-29,7928.449396637752
Nifty Energy TRI,2012-08-30,7936.666125322518
Nifty Energy TRI,2012-08-31,7817.01494232339
Nifty Energy TRI,2012-09-03,7786.759721923019
Nifty Energy TRI,2012-09-04,7888.496726959473
Nifty Energy TRI,2012-09-05,7827.809569668485
Nifty Energy TRI,2012-09-06,7834.07386267927
Nifty Energy TRI,2012-09-07,7970.673379697073
Nifty Energy TRI,2012-09-10,7989.804258009358
Nifty Energy TRI,2012-09-11,8000.0320577212715
Nifty Energy TRI,2012-09-12,8031.664959814593
Nifty Energy TRI,2012-09-13,8056.320266645498
Nifty Energy TRI,2012-09-14,8263.26653593494
Nifty Energy TRI,2012-09-17,8421.033081909036
Nifty Energy TRI,2012-09-18,8324.643991560544
Nifty Energy TRI,2012-09-20,8206.652037077312
Nifty Energy TRI,2012-09-21,8422.628966008906
Nifty Energy TRI,2012-09-24,8304.300585060528
Nifty Energy TRI,2012-09-25,8283.529376064047
Nifty Energy TRI,2012-09-26,8298.303935725515
Nifty Energy TRI,2012-09-27,8183.668975665818
Nifty Energy TRI,2012-09-28,8293.949403122348
Nifty Energy TRI,2012-10-01,8266.809762692488
Nifty Energy TRI,2012-10-03,8329.414513633219
Nifty Energy TRI,2012-10-04,8404.331243348472
Nifty Energy TRI,2012-10-05,8438.241493688183
Nifty Energy TRI,2012-10-08,8229.286719103015
Nifty Energy TRI,2012-10-09,8200.318287419414
Nifty Energy TRI,2012-10-10,8130.524633179052
Nifty Energy TRI,2012-10-11,8191.475073889393
Nifty Energy TRI,2012-10-12,8184.558466143523
Nifty Energy TRI,2012-10-15,8219.862249268988
Nifty Energy TRI,2012-10-16,8149.220912321633
Nifty Energy TRI,2012-10-17,8139.574116339599
Nifty Energy TRI,2012-10-18,8177.866231777824
Nifty Energy TRI,2012-10-19,8097.847751847082
Nifty Energy TRI,2012-10-22,8171.068809338722
Nifty Energy TRI,2012-10-23,8122.67471333977
Nifty Energy TRI,2012-10-25,8127.656424571272
Nifty Energy TRI,2012-10-29,8106.019545398096
Nifty Energy TRI,2012-10-30,8032.429665503728
Nifty Energy TRI,2012-10-31,8015.817402598532
Nifty Energy TRI,2012-11-01,8015.625841660098
Nifty Energy TRI,2012-11-02,8060.68861570015
Nifty Energy TRI,2012-11-05,8041.120261898496
Nifty Energy TRI,2012-11-06,8071.6735547253475
Nifty Energy TRI,2012-11-07,8045.425970023371
Nifty Energy TRI,2012-11-08,7991.981906868541
Nifty Energy TRI,2012-11-09,7891.558593113981
Nifty Energy TRI,2012-11-12,7872.3632616971745
Nifty Energy TRI,2012-11-15,7864.4961348612205
Nifty Energy TRI,2012-11-16,7806.944729671604
Nifty Energy TRI,2012-11-19,7782.3143491971605
Nifty Energy TRI,2012-11-20,7740.77331433728
Nifty Energy TRI,2012-11-21,7750.203135000783
Nifty Energy TRI,2012-11-22,7723.757962441374
Nifty Energy TRI,2012-11-23,7739.579580117939
Nifty Energy TRI,2012-11-26,7735.033904556121
Nifty Energy TRI,2012-11-27,7806.236602223981
Nifty Energy TRI,2012-11-29,7912.415747808573
Nifty Energy TRI,2012-11-30,7983.383304770857
Nifty Energy TRI,2012-12-03,8008.4855511420465
Nifty Energy TRI,2012-12-04,8146.791350017756
Nifty Energy TRI,2012-12-05,8183.902531826261
Nifty Energy TRI,2012-12-06,8261.669889671333
Nifty Energy TRI,2012-12-07,8207.990786081666
Nifty Energy TRI,2012-12-10,8149.807474524629
Nifty Energy TRI,2012-12-11,8068.70673881348
Nifty Energy TRI,2012-12-12,8079.818855505141
Nifty Energy TRI,2012-12-13,8080.764452607346
Nifty Energy TRI,2012-12-14,8104.5238081065445
Nifty Energy TRI,2012-12-17,8082.845247444436
Nifty Energy TRI,2012-12-18,8077.080341736476
Nifty Energy TRI,2012-12-19,8157.7927214384745
Nifty Energy TRI,2012-12-20,8136.6963069410995
Nifty Energy TRI,2012-12-21,8016.871996704896
Nifty Energy TRI,2012-12-24,7989.797947204659
Nifty Energy TRI,2012-12-26,8062.853532789266
Nifty Energy TRI,2012-12-27,7997.114334833505
Nifty Energy TRI,2012-12-28,8164.544235584322
Nifty Energy TRI,2012-12-31,8191.474721137988
Nifty Energy TRI,2013-01-01,8197.181618944693
Nifty Energy TRI,2013-01-02,8291.19586795271
Nifty Energy TRI,2013-01-03,8382.120801782245
Nifty Energy TRI,2013-01-04,8458.121426921098
Nifty Energy TRI,2013-01-07,8450.536625661764
Nifty Energy TRI,2013-01-08,8440.443627284945
Nifty Energy TRI,2013-01-09,8463.38110831229
Nifty Energy TRI,2013-01-10,8470.657897114961
Nifty Energy TRI,2013-01-11,8343.72343663266
Nifty Energy TRI,2013-01-14,8450.080054208893
Nifty Energy TRI,2013-01-15,8494.227959169211
Nifty Energy TRI,2013-01-16,8526.745756947226
Nifty Energy TRI,2013-01-17,8748.658088301849
Nifty Energy TRI,2013-01-18,9011.197834213475
Nifty Energy TRI,2013-01-21,9102.45758696633
Nifty Energy TRI,2013-01-22,9059.802579341356
Nifty Energy TRI,2013-01-23,9029.300517651875
Nifty Energy TRI,2013-01-24,8939.087189036969
Nifty Energy TRI,2013-01-25,8955.867170349311
Nifty Energy TRI,2013-01-28,8866.022971865072
Nifty Energy TRI,2013-01-29,8768.164295243376
Nifty Energy TRI,2013-01-30,8832.607860383558
Nifty Energy TRI,2013-01-31,8781.425594378832
Nifty Energy TRI,2013-02-01,8805.501506642235
Nifty Energy TRI,2013-02-04,8708.809154980703
Nifty Energy TRI,2013-02-05,8640.465270312998
Nifty Energy TRI,2013-02-06,8625.70509936063
Nifty Energy TRI,2013-02-07,8556.105070310687
Nifty Energy TRI,2013-02-08,8457.911374774567
Nifty Energy TRI,2013-02-11,8463.981131271712
Nifty Energy TRI,2013-02-12,8558.551110049631
Nifty Energy TRI,2013-02-13,8550.099028618612
Nifty Energy TRI,2013-02-14,8417.575144341721
Nifty Energy TRI,2013-02-15,8365.9065480443
Nifty Energy TRI,2013-02-18,8374.500977069203
Nifty Energy TRI,2013-02-19,8448.583949449285
Nifty Energy TRI,2013-02-20,8573.099213756424
Nifty Energy TRI,2013-02-21,8453.995939292834
Nifty Energy TRI,2013-02-22,8489.069676118359
Nifty Energy TRI,2013-02-25,8427.136919057873
Nifty Energy TRI,2013-02-26,8204.202846522401
Nifty Energy TRI,2013-02-27,8286.29499805792
Nifty Energy TRI,2013-02-28,8118.2326313042095
Nifty Energy TRI,2013-03-01,8141.3746377048865
Nifty Energy TRI,2013-03-04,8129.554024707686
Nifty Energy TRI,2013-03-05,8244.603887974963
Nifty Energy TRI,2013-03-06,8293.797035602438
Nifty Energy TRI,2013-03-07,8305.754577448595
Nifty Energy TRI,2013-03-08,8455.900846941864
Nifty Energy TRI,2013-03-11,8444.804770751534
Nifty Energy TRI,2013-03-12,8411.582935217795
Nifty Energy TRI,2013-03-13,8340.479096642615
Nifty Energy TRI,2013-03-14,8431.422073777758
Nifty Energy TRI,2013-03-15,8342.874238587263
Nifty Energy TRI,2013-03-18,8263.137139872195
Nifty Energy TRI,2013-03-19,8150.733391840473
Nifty Energy TRI,2013-03-20,8040.288673470342
Nifty Energy TRI,2013-03-21,7921.7326292145135
Nifty Energy TRI,2013-03-22,7908.966159934865
Nifty Energy TRI,2013-03-25,7954.827862486278
Nifty Energy TRI,2013-03-26,7823.14532966069
Nifty Energy TRI,2013-03-28,7843.604599228471
Nifty Energy TRI,2013-04-01,7891.238730756117
Nifty Energy TRI,2013-04-02,8023.193534895683
Nifty Energy TRI,2013-04-03,7914.103222907891
Nifty Energy TRI,2013-04-04,7829.419591537772
Nifty Energy TRI,2013-04-05,7909.642903944447
Nifty Energy TRI,2013-04-08,7953.410819803697
Nifty Energy TRI,2013-04-09,7839.184095991816
Nifty Energy TRI,2013-04-10,7867.509200760192
Nifty Energy TRI,2013-04-11,7824.47275629483
Nifty Energy TRI,2013-04-12,7879.518493229007
Nifty Energy TRI,2013-04-15,8017.97243894574
Nifty Energy TRI,2013-04-16,8183.423553182627
Nifty Energy TRI,2013-04-17,8022.77531260709
Nifty Energy TRI,2013-04-18,8121.375729575921
Nifty Energy TRI,2013-04-22,8173.450722987013
Nifty Energy TRI,2013-04-23,8214.976920297986
Nifty Energy TRI,2013-04-25,8351.93842856774
Nifty Energy TRI,2013-04-26,8223.20849565368
Nifty Energy TRI,2013-04-29,8273.746143571652
Nifty Energy TRI,2013-04-30,8258.2638621511
Nifty Energy TRI,2013-05-02,8352.664247413366
Nifty Energy TRI,2013-05-03,8263.851366181967
Nifty Energy TRI,2013-05-06,8346.222086970349
Nifty Energy TRI,2013-05-07,8392.321971643518
Nifty Energy TRI,2013-05-08,8397.455640090131
Nifty Energy TRI,2013-05-09,8348.807161850504
Nifty Energy TRI,2013-05-10,8351.023224089073
Nifty Energy TRI,2013-05-13,8235.030869276598
Nifty Energy TRI,2013-05-14,8265.780144474196
Nifty Energy TRI,2013-05-15,8427.676980824444
Nifty Energy TRI,2013-05-16,8534.9557621279
Nifty Energy TRI,2013-05-17,8560.467019461657
Nifty Energy TRI,2013-05-20,8482.390582343645
Nifty Energy TRI,2013-05-21,8382.809312851827
Nifty Energy TRI,2013-05-22,8315.103720963756
Nifty Energy TRI,2013-05-23,8055.217124002961
Nifty Energy TRI,2013-05-24,8081.387565574571
Nifty Energy TRI,2013-05-27,8310.544938344685
Nifty Energy TRI,2013-05-28,8437.334441793404
Nifty Energy TRI,2013-05-29,8442.84157903655
Nifty Energy TRI,2013-05-30,8402.214327481423
Nifty Energy TRI,2013-05-31,8186.990796868786
Nifty Energy TRI,2013-06-03,8031.403029206402
Nifty Energy TRI,2013-06-04,8031.725219279024
Nifty Energy TRI,2013-06-05,8161.739146981647
Nifty Energy TRI,2013-06-06,8083.425280592159
Nifty Energy TRI,2013-06-07,7996.3921934909185
Nifty Energy TRI,2013-06-10,8023.225345644096
Nifty Energy TRI,2013-06-11,7904.450070602448
Nifty Energy TRI,2013-06-12,7929.179975872474
Nifty Energy TRI,2013-06-13,7880.088167093395
Nifty Energy TRI,2013-06-14,8057.90408180378
Nifty Energy TRI,2013-06-17,8107.615895110426
Nifty Energy TRI,2013-06-18,8047.977785708305
Nifty Energy TRI,2013-06-19,8079.406777183068
Nifty Energy TRI,2013-06-20,7816.409673659602
Nifty Energy TRI,2013-06-21,7852.369863077826
Nifty Energy TRI,2013-06-24,7761.001414376335
Nifty Energy TRI,2013-06-25,7824.7426909324
Nifty Energy TRI,2013-06-26,7852.150765231922
Nifty Energy TRI,2013-06-27,8050.57136917363
Nifty Energy TRI,2013-06-28,8353.558686640607
Nifty Energy TRI,2013-07-01,8517.274586406187
Nifty Energy TRI,2013-07-02,8407.83374183198
Nifty Energy TRI,2013-07-03,8192.290559141567
Nifty Energy TRI,2013-07-04,8260.897489641882
Nifty Energy TRI,2013-07-05,8363.991324904397
Nifty Energy TRI,2013-07-08,8201.419376186846
Nifty Energy TRI,2013-07-09,8266.180163197165
Nifty Energy TRI,2013-07-10,8118.4198010754
Nifty Energy TRI,2013-07-11,8278.453680274348
Nifty Energy TRI,2013-07-12,8354.675860560066
Nifty Energy TRI,2013-07-15,8377.2875759256
Nifty Energy TRI,2013-07-16,8428.964179097055
Nifty Energy TRI,2013-07-17,8511.439767558913
Nifty Energy TRI,2013-07-18,8614.157800171912
Nifty Energy TRI,2013-07-19,8654.669000369313
Nifty Energy TRI,2013-07-22,8537.455505571315
Nifty Energy TRI,2013-07-23,8580.272447052734
Nifty Energy TRI,2013-07-24,8527.75128462246
Nifty Energy TRI,2013-07-25,8403.044860142683
Nifty Energy TRI,2013-07-26,8378.49040291227
Nifty Energy TRI,2013-07-29,8302.194002680273
Nifty Energy TRI,2013-07-30,7995.889253061886
Nifty Energy TRI,2013-07-31,8075.0580992835185
Nifty Energy TRI,2013-08-01,7901.138694573042
Nifty Energy TRI,2013-08-02,7852.263745714877
Nifty Energy TRI,2013-08-05,7890.617726441608
Nifty Energy TRI,2013-08-06,7682.4567926050395
Nifty Energy TRI,2013-08-07,7903.963685142894
Nifty Energy TRI,2013-08-08,7897.262939726094
Nifty Energy TRI,2013-08-12,7847.361768636767
Nifty Energy TRI,2013-08-13,7912.863571313471
Nifty Energy TRI,2013-08-14,8102.690669459942
Nifty Energy TRI,2013-08-16,7745.063644117187
Nifty Energy TRI,2013-08-19,7657.923264829374
Nifty Energy TRI,2013-08-20,7669.851986734778
Nifty Energy TRI,2013-08-21,7395.325150425224
Nifty Energy TRI,2013-08-22,7632.834737719021
Nifty Energy TRI,2013-08-23,7731.109311812834
Nifty Energy TRI,2013-08-26,7729.137263771685
Nifty Energy TRI,2013-08-27,7496.8078219955805
Nifty Energy TRI,2013-08-28,7471.364426573185
Nifty Energy TRI,2013-08-29,7693.934864692739
Nifty Energy TRI,2013-08-30,7736.483152923672
Nifty Energy TRI,2013-09-02,7904.9455525278745
Nifty Energy TRI,2013-09-03,7607.675443280075
Nifty Energy TRI,2013-09-04,7764.898980883112
Nifty Energy TRI,2013-09-05,7902.426003372906
Nifty Energy TRI,2013-09-06,8052.187285232271
Nifty Energy TRI,2013-09-10,8205.845036205325
Nifty Energy TRI,2013-09-11,8168.147982167287
Nifty Energy TRI,2013-09-12,8085.648332037596
Nifty Energy TRI,2013-09-13,8127.153633945236
Nifty Energy TRI,2013-09-16,8110.976504466141
Nifty Energy TRI,2013-09-17,8050.8021666718105
Nifty Energy TRI,2013-09-18,8151.7197318284525
Nifty Energy TRI,2013-09-19,8384.212243327413
Nifty Energy TRI,2013-09-20,8317.745558758601
Nifty Energy TRI,2013-09-23,8150.9990246249035
Nifty Energy TRI,2013-09-24,8162.612999627535
Nifty Energy TRI,2013-09-25,8089.078334227023
Nifty Energy TRI,2013-09-26,8019.105307477071
Nifty Energy TRI,2013-09-27,8012.179807411939
Nifty Energy TRI,2013-09-30,7893.042822252525
Nifty Energy TRI,2013-10-01,7821.19855318783
Nifty Energy TRI,2013-10-03,8008.584372400234
Nifty Energy TRI,2013-10-04,8019.198820919349
Nifty Energy TRI,2013-10-07,7999.671250742199
Nifty Energy TRI,2013-10-08,8029.411051824793
Nifty Energy TRI,2013-10-09,8137.598453675582
Nifty Energy TRI,2013-10-10,8138.713935819132
Nifty Energy TRI,2013-10-11,8135.67808512812
Nifty Energy TRI,2013-10-14,8157.787544948571
Nifty Energy TRI,2013-10-15,8137.4072707149735
Nifty Energy TRI,2013-10-17,8211.864175383555
Nifty Energy TRI,2013-10-18,8378.471981446737
Nifty Energy TRI,2013-10-21,8439.06817451548
Nifty Energy TRI,2013-10-22,8445.039173943085
Nifty Energy TRI,2013-10-23,8360.933677978532
Nifty Energy TRI,2013-10-24,8301.27101345795
Nifty Energy TRI,2013-10-25,8288.67023014302
Nifty Energy TRI,2013-10-28,8292.255891852597
Nifty Energy TRI,2013-10-29,8383.17578382903
Nifty Energy TRI,2013-10-30,8391.881713997938
Nifty Energy TRI,2013-10-31,8522.854236711402
Nifty Energy TRI,2013-11-01,8448.967535649648
Nifty Energy TRI,2013-11-05,8453.875729937476
Nifty Energy TRI,2013-11-06,8423.065349094217
Nifty Energy TRI,2013-11-07,8331.040546863665
Nifty Energy TRI,2013-11-08,8256.479147507544
Nifty Energy TRI,2013-11-11,8141.9795725607255
Nifty Energy TRI,2013-11-12,8043.381957627034
Nifty Energy TRI,2013-11-13,7996.475607610323
Nifty Energy TRI,2013-11-14,8064.243488950541
Nifty Energy TRI,2013-11-18,8251.656527483183
Nifty Energy TRI,2013-11-19,8255.202900273853
Nifty Energy TRI,2013-11-20,8160.041494741227
Nifty Energy TRI,2013-11-21,8013.351422049416
Nifty Energy TRI,2013-11-22,8061.925109140529
Nifty Energy TRI,2013-11-25,8178.806097256755
Nifty Energy TRI,2013-11-26,8082.130167626605
Nifty Energy TRI,2013-11-27,8062.746265387231
Nifty Energy TRI,2013-11-28,8131.680693925031
Nifty Energy TRI,2013-11-29,8220.333638174088
Nifty Energy TRI,2013-12-02,8203.934586526297
Nifty Energy TRI,2013-12-03,8225.772327337812
Nifty Energy TRI,2013-12-04,8185.934256405171
Nifty Energy TRI,2013-12-05,8285.956694580933
Nifty Energy TRI,2013-12-06,8360.051277339227
Nifty Energy TRI,2013-12-09,8516.209853315551
Nifty Energy TRI,2013-12-10,8381.397873651184
Nifty Energy TRI,2013-12-11,8340.866754165938
Nifty Energy TRI,2013-12-12,8258.34807211975
Nifty Energy TRI,2013-12-13,8170.228779926628
Nifty Energy TRI,2013-12-16,8077.839709782517
Nifty Energy TRI,2013-12-17,8017.016780279103
Nifty Energy TRI,2013-12-18,8190.232720220132
Nifty Energy TRI,2013-12-19,8084.612592829219
Nifty Energy TRI,2013-12-20,8364.916765469665
Nifty Energy TRI,2013-12-23,8393.275368878662
Nifty Energy TRI,2013-12-24,8370.288609750702
Nifty Energy TRI,2013-12-26,8374.031028159443
Nifty Energy TRI,2013-12-27,8344.070691795678
Nifty Energy TRI,2013-12-30,8352.478607396475
Nifty Energy TRI,2013-12-31,8407.256552487455
Nifty Energy TRI,2014-01-01,8376.602764151006
Nifty Energy TRI,2014-01-02,8248.145271649162
Nifty Energy TRI,2014-01-03,8121.837481724612
Nifty Energy TRI,2014-01-06,8092.865005041672
Nifty Energy TRI,2014-01-07,7978.772888088496
Nifty Energy TRI,2014-01-08,8014.166975545955
Nifty Energy TRI,2014-01-09,8082.636475606233
Nifty Energy TRI,2014-01-10,8103.8812805939015
Nifty Energy TRI,2014-01-13,8257.093227977613
Nifty Energy TRI,2014-01-14,8242.735302760113
Nifty Energy TRI,2014-01-15,8277.313795614877
Nifty Energy TRI,2014-01-16,8269.614941716864
Nifty Energy TRI,2014-01-17,8269.156371912157
Nifty Energy TRI,2014-01-20,8208.94167432899
Nifty Energy TRI,2014-01-21,8153.5496777623275
Nifty Energy TRI,2014-01-22,8221.921656309161
Nifty Energy TRI,2014-01-23,8178.103352397645
Nifty Energy TRI,2014-01-24,8169.178614231676
Nifty Energy TRI,2014-01-27,7978.50202290324
Nifty Energy TRI,2014-01-28,7979.400923941846
Nifty Energy TRI,2014-01-29,7958.084432681424
Nifty Energy TRI,2014-01-30,7881.700947283749
Nifty Energy TRI,2014-01-31,7952.10268425778
Nifty Energy TRI,2014-02-03,7857.3365992189265
Nifty Energy TRI,2014-02-04,7880.239501731218
Nifty Energy TRI,2014-02-05,7896.265663105336
Nifty Energy TRI,2014-02-06,7904.621117988893
Nifty Energy TRI,2014-02-07,7928.853876074453
Nifty Energy TRI,2014-02-10,7968.857280939595
Nifty Energy TRI,2014-02-11,7896.65416645292
Nifty Energy TRI,2014-02-12,7973.724438398665
Nifty Energy TRI,2014-02-13,7841.426007606729
Nifty Energy TRI,2014-02-14,7942.5380171295055
Nifty Energy TRI,2014-02-17,7938.1857399289265
Nifty Energy TRI,2014-02-18,7941.412514598347
Nifty Energy TRI,2014-02-19,7935.47784750072
Nifty Energy TRI,2014-02-20,7875.944672310244
Nifty Energy TRI,2014-02-21,7934.993324905897
Nifty Energy TRI,2014-02-24,7906.004033843515
Nifty Energy TRI,2014-02-25,7880.410370742906
Nifty Energy TRI,2014-02-26,7896.614858251201
Nifty Energy TRI,2014-02-28,7867.724082663578
Nifty Energy TRI,2014-03-03,7873.2641291059335
Nifty Energy TRI,2014-03-04,7995.156547217519
Nifty Energy TRI,2014-03-05,7975.385599643516
Nifty Energy TRI,2014-03-06,8148.926415796772
Nifty Energy TRI,2014-03-07,8420.184245789093
Nifty Energy TRI,2014-03-10,8500.26358831678
Nifty Energy TRI,2014-03-11,8473.834917558353
Nifty Energy TRI,2014-03-12,8427.253464414694
Nifty Energy TRI,2014-03-13,8515.252482398979
Nifty Energy TRI,2014-03-14,8538.56341737812
Nifty Energy TRI,2014-03-18,8627.961992295435
Nifty Energy TRI,2014-03-19,8574.473919743958
Nifty Energy TRI,2014-03-20,8540.290050424577
Nifty Energy TRI,2014-03-21,8410.657724945871
Nifty Energy TRI,2014-03-24,8621.707937814255
Nifty Energy TRI,2014-03-25,8538.535883922741
Nifty Energy TRI,2014-03-26,8615.99542437745
Nifty Energy TRI,2014-03-27,8727.802292710818
Nifty Energy TRI,2014-03-28,8849.069850008991
Nifty Energy TRI,2014-03-31,8843.43226908022
Nifty Energy TRI,2014-04-01,8946.578608882326
Nifty Energy TRI,2014-04-02,9065.294515487112
Nifty Energy TRI,2014-04-03,8999.890251351599
Nifty Energy TRI,2014-04-04,8923.859601761831
Nifty Energy TRI,2014-04-07,8917.807103651572
Nifty Energy TRI,2014-04-09,9026.743734334807
Nifty Energy TRI,2014-04-10,9121.192774974546
Nifty Energy TRI,2014-04-11,9027.926282870536
Nifty Energy TRI,2014-04-15,8997.188657741492
Nifty Energy TRI,2014-04-16,8910.263142378382
Nifty Energy TRI,2014-04-17,9056.926623247731
Nifty Energy TRI,2014-04-21,9067.64254765827
Nifty Energy TRI,2014-04-22,9141.483705436038
Nifty Energy TRI,2014-04-23,9103.594629289615
Nifty Energy TRI,2014-04-25,8927.216092706978
Nifty Energy TRI,2014-04-28,8903.395347317815
Nifty Energy TRI,2014-04-29,8864.627717456804
Nifty Energy TRI,2014-04-30,8839.41641263177
Nifty Energy TRI,2014-05-02,8827.704982478115
Nifty Energy TRI,2014-05-05,8936.952183150228
Nifty Energy TRI,2014-05-06,8998.078885930743
Nifty Energy TRI,2014-05-07,8983.98432203314
Nifty Energy TRI,2014-05-08,8973.77143580997
Nifty Energy TRI,2014-05-09,9290.57955887494
Nifty Energy TRI,2014-05-12,9575.255815992838
Nifty Energy TRI,2014-05-13,9845.020074043936
Nifty Energy TRI,2014-05-14,9774.0735217236
Nifty Energy TRI,2014-05-15,9907.831534220073
Nifty Energy TRI,2014-05-16,10162.706019015173
Nifty Energy TRI,2014-05-19,10720.19473433678
Nifty Energy TRI,2014-05-20,10434.382319289583
Nifty Energy TRI,2014-05-21,10415.249631355506
Nifty Energy TRI,2014-05-22,10578.708220119779
Nifty Energy TRI,2014-05-23,10875.85288234315
Nifty Energy TRI,2014-05-26,10687.116376014448
Nifty Energy TRI,2014-05-27,10494.87745401353
Nifty Energy TRI,2014-05-28,10421.88424732912
Nifty Energy TRI,2014-05-29,10282.026654169778
Nifty Energy TRI,2014-05-30,10300.80598900381
Nifty Energy TRI,2014-06-02,10565.714749647486
Nifty Energy TRI,2014-06-03,10745.019808103067
Nifty Energy TRI,2014-06-04,10634.814084894677
Nifty Energy TRI,2014-06-05,10846.227417037293
Nifty Energy TRI,2014-06-06,11292.708592830037
Nifty Energy TRI,2014-06-09,11304.69525028441
Nifty Energy TRI,2014-06-10,11203.386696996115
Nifty Energy TRI,2014-06-11,10971.554065209879
Nifty Energy TRI,2014-06-12,10964.95586005043
Nifty Energy TRI,2014-06-13,10741.825986974614
Nifty Energy TRI,2014-06-16,10733.293784283253
Nifty Energy TRI,2014-06-17,11003.849387192815
Nifty Energy TRI,2014-06-18,10854.098110565941
Nifty Energy TRI,2014-06-19,10582.182734377302
Nifty Energy TRI,2014-06-20,10517.682695913396
Nifty Energy TRI,2014-06-23,10633.415462097204
Nifty Energy TRI,2014-06-24,10838.290760407137
Nifty Energy TRI,2014-06-25,10793.956328158716
Nifty Energy TRI,2014-06-26,10431.529574410648
Nifty Energy TRI,2014-06-27,10454.830965510471
Nifty Energy TRI,2014-06-30,10641.106739297087
Nifty Energy TRI,2014-07-01,10585.641620845414
Nifty Energy TRI,2014-07-02,10702.64135653265
Nifty Energy TRI,2014-07-03,10568.538953463642
Nifty Energy TRI,2014-07-04,10744.1162742295
Nifty Energy TRI,2014-07-07,10725.639911888693
Nifty Energy TRI,2014-07-08,10321.191522840707
Nifty Energy TRI,2014-07-09,10354.702240172666
Nifty Energy TRI,2014-07-10,10367.441873829704
Nifty Energy TRI,2014-07-11,10087.02226750054
Nifty Energy TRI,2014-07-14,10103.515452601652
Nifty Energy TRI,2014-07-15,10219.080405923372
Nifty Energy TRI,2014-07-16,10340.482609789993
Nifty Energy TRI,2014-07-17,10353.921434737022
Nifty Energy TRI,2014-07-18,10264.561033984604
Nifty Energy TRI,2014-07-21,10302.735586394616
Nifty Energy TRI,2014-07-22,10468.49119278391
Nifty Energy TRI,2014-07-23,10471.520041403935
Nifty Energy TRI,2014-07-24,10448.893068793965
Nifty Energy TRI,2014-07-25,10287.8720767934
Nifty Energy TRI,2014-07-28,10180.432420384977
Nifty Energy TRI,2014-07-30,10227.255414093503
Nifty Energy TRI,2014-07-31,10171.022979169828
Nifty Energy TRI,2014-08-01,9914.677839017235
Nifty Energy TRI,2014-08-04,10048.612213733384
Nifty Energy TRI,2014-08-05,10095.425224234044
Nifty Energy TRI,2014-08-06,10051.522033838091
Nifty Energy TRI,2014-08-07,10077.155906898091
Nifty Energy TRI,2014-08-08,9912.767995010865
Nifty Energy TRI,2014-08-11,9880.88447430767
Nifty Energy TRI,2014-08-12,10039.008277407613
Nifty Energy TRI,2014-08-13,10040.516782148525
Nifty Energy TRI,2014-08-14,10189.73191172711
Nifty Energy TRI,2014-08-18,10405.424236964715
Nifty Energy TRI,2014-08-19,10455.348043184227
Nifty Energy TRI,2014-08-20,10362.496723079214
Nifty Energy TRI,2014-08-21,10364.559285508267
Nifty Energy TRI,2014-08-22,10356.932076992525
Nifty Energy TRI,2014-08-25,10298.429356398732
Nifty Energy TRI,2014-08-26,10208.213040635403
Nifty Energy TRI,2014-08-27,10259.327521134659
Nifty Energy TRI,2014-08-28,10314.946417175974
Nifty Energy TRI,2014-09-01,10511.719772010836
Nifty Energy TRI,2014-09-02,10587.194940907446
Nifty Energy TRI,2014-09-03,10581.234856688578
Nifty Energy TRI,2014-09-04,10558.234870383538
Nifty Energy TRI,2014-09-05,10583.514155959305
Nifty Energy TRI,2014-09-08,10701.228904746851
Nifty Energy TRI,2014-09-09,10670.403609585244
Nifty Energy TRI,2014-09-10,10553.701361172069
Nifty Energy TRI,2014-09-11,10524.310485450967
Nifty Energy TRI,2014-09-12,10461.678014315074
Nifty Energy TRI,2014-09-15,10363.922921342335
Nifty Energy TRI,2014-09-16,10083.076518949245
Nifty Energy TRI,2014-09-17,10128.936570203326
Nifty Energy TRI,2014-09-18,10301.04582022305
Nifty Energy TRI,2014-09-19,10206.99886207398
Nifty Energy TRI,2014-09-22,10262.358268327676
Nifty Energy TRI,2014-09-23,10032.350023172818
Nifty Energy TRI,2014-09-24,10062.454225801108
Nifty Energy TRI,2014-09-25,9789.055913544
Nifty Energy TRI,2014-09-26,9908.69871094137
Nifty Energy TRI,2014-09-29,9898.235157171217
Nifty Energy TRI,2014-09-30,9955.443900793249
Nifty Energy TRI,2014-10-01,9811.877290089877
Nifty Energy TRI,2014-10-07,9781.239024848313
Nifty Energy TRI,2014-10-08,9934.471074307006
Nifty Energy TRI,2014-10-09,10061.570730343614
Nifty Energy TRI,2014-10-10,9995.636601830125
Nifty Energy TRI,2014-10-13,10007.521061101312
Nifty Energy TRI,2014-10-14,9993.72206857071
Nifty Energy TRI,2014-10-16,9780.791353885155
Nifty Energy TRI,2014-10-17,9841.005168087184
Nifty Energy TRI,2014-10-20,10010.24427431074
Nifty Energy TRI,2014-10-21,10009.658960840492
Nifty Energy TRI,2014-10-22,10050.182868604314
Nifty Energy TRI,2014-10-27,10000.712806100602
Nifty Energy TRI,2014-10-28,10007.652397104488
Nifty Energy TRI,2014-10-29,10103.404041655096
Nifty Energy TRI,2014-10-30,10260.726040644488
Nifty Energy TRI,2014-10-31,10494.039241681343
Nifty Energy TRI,2014-11-03,10457.034553315196
Nifty Energy TRI,2014-11-05,10354.642178536118
Nifty Energy TRI,2014-11-07,10341.890982791401
Nifty Energy TRI,2014-11-10,10261.804039909162
Nifty Energy TRI,2014-11-11,10306.801900067947
Nifty Energy TRI,2014-11-12,10204.594928241931
Nifty Energy TRI,2014-11-13,10082.466719572707
Nifty Energy TRI,2014-11-14,10151.837749197004
Nifty Energy TRI,2014-11-17,10266.730131583347
Nifty Energy TRI,2014-11-18,10269.387578655746
Nifty Energy TRI,2014-11-19,10129.133549751637
Nifty Energy TRI,2014-11-20,10142.817266188284
Nifty Energy TRI,2014-11-21,10213.621099194237
Nifty Energy TRI,2014-11-24,10144.696344582258
Nifty Energy TRI,2014-11-25,10143.255239081642
Nifty Energy TRI,2014-11-26,10150.052322954854
Nifty Energy TRI,2014-11-27,10165.520314003334
Nifty Energy TRI,2014-11-28,10195.315670845415
Nifty Energy TRI,2014-12-01,9914.342153005424
Nifty Energy TRI,2014-12-02,9860.471403618405
Nifty Energy TRI,2014-12-03,9960.830021900894
Nifty Energy TRI,2014-12-04,9904.046063260022
Nifty Energy TRI,2014-12-05,9852.212778209358
Nifty Energy TRI,2014-12-08,9776.913540689597
Nifty Energy TRI,2014-12-09,9607.737580096207
Nifty Energy TRI,2014-12-10,9629.652150966329
Nifty Energy TRI,2014-12-11,9401.805737144185
Nifty Energy TRI,2014-12-12,9185.845149115179
Nifty Energy TRI,2014-12-15,9163.173582982163
Nifty Energy TRI,2014-12-16,8991.086077875767
Nifty Energy TRI,2014-12-17,9021.492161171129
Nifty Energy TRI,2014-12-18,9172.414125347623
Nifty Energy TRI,2014-12-19,9339.908196475182
Nifty Energy TRI,2014-12-22,9458.829043226593
Nifty Energy TRI,2014-12-23,9395.58525114059
Nifty Energy TRI,2014-12-24,9241.500165464851
Nifty Energy TRI,2014-12-26,9279.931787908139
Nifty Energy TRI,2014-12-29,9341.050588298183
Nifty Energy TRI,2014-12-30,9252.735950933502
Nifty Energy TRI,2014-12-31,9325.65148600352
Nifty Energy TRI,2015-01-01,9315.467780477897
Nifty Energy TRI,2015-01-02,9356.715418703556
Nifty Energy TRI,2015-01-05,9339.872985614336
Nifty Energy TRI,2015-01-06,8965.257621465713
Nifty Energy TRI,2015-01-07,9074.733486887742
Nifty Energy TRI,2015-01-08,9124.510801450007
Nifty Energy TRI,2015-01-09,9230.769665001037
Nifty Energy TRI,2015-01-12,9140.942042067214
Nifty Energy TRI,2015-01-13,9045.466998735279
Nifty Energy TRI,2015-01-14,9003.016344026255
Nifty Energy TRI,2015-01-15,9227.4263395298
Nifty Energy TRI,2015-01-16,9278.911495060156
Nifty Energy TRI,2015-01-19,9352.15113676385
Nifty Energy TRI,2015-01-20,9469.080818104823
Nifty Energy TRI,2015-01-21,9472.995482412467
Nifty Energy TRI,2015-01-22,9394.185143953191
Nifty Energy TRI,2015-01-23,9454.671291406856
Nifty Energy TRI,2015-01-27,9475.409171287438
Nifty Energy TRI,2015-01-28,9569.97100201012
Nifty Energy TRI,2015-01-29,9683.030654876908
Nifty Energy TRI,2015-01-30,9644.79399581703
Nifty Energy TRI,2015-02-02,9610.562520791906
Nifty Energy TRI,2015-02-03,9773.079843255655
Nifty Energy TRI,2015-02-04,9787.775478588674
Nifty Energy TRI,2015-02-05,9637.642257657006
Nifty Energy TRI,2015-02-06,9527.728907563913
Nifty Energy TRI,2015-02-09,9420.709082401863
Nifty Energy TRI,2015-02-10,9361.06306446926
Nifty Energy TRI,2015-02-11,9436.384146001956
Nifty Energy TRI,2015-02-12,9544.877259814426
Nifty Energy TRI,2015-02-13,9557.023350305506
Nifty Energy TRI,2015-02-16,9513.168500188845
Nifty Energy TRI,2015-02-18,9532.161763059037
Nifty Energy TRI,2015-02-19,9559.79133325381
Nifty Energy TRI,2015-02-20,9385.315658266845
Nifty Energy TRI,2015-02-23,9258.853464547024
Nifty Energy TRI,2015-02-24,9171.211850899788
Nifty Energy TRI,2015-02-25,9168.509728734536
Nifty Energy TRI,2015-02-26,9211.939081950733
Nifty Energy TRI,2015-02-27,9379.754609787444
Nifty Energy TRI,2015-03-02,9436.294518082697
Nifty Energy TRI,2015-03-03,9599.504505275729
Nifty Energy TRI,2015-03-04,9474.630075232531
Nifty Energy TRI,2015-03-05,9472.161367713341
Nifty Energy TRI,2015-03-09,9266.633614273478
Nifty Energy TRI,2015-03-10,9174.476159256234
Nifty Energy TRI,2015-03-11,9137.03735844916
Nifty Energy TRI,2015-03-12,9259.131578555554
Nifty Energy TRI,2015-03-13,9137.800175252356
Nifty Energy TRI,2015-03-16,9067.288377034058
Nifty Energy TRI,2015-03-17,9181.555676060232
Nifty Energy TRI,2015-03-18,9190.559336728553
Nifty Energy TRI,2015-03-19,9147.79002577681
Nifty Energy TRI,2015-03-20,9059.907585735291
Nifty Energy TRI,2015-03-23,9039.782457251698
Nifty Energy TRI,2015-03-24,9096.556916707317
Nifty Energy TRI,2015-03-25,9023.396032450883
Nifty Energy TRI,2015-03-26,8890.512509453783
Nifty Energy TRI,2015-03-27,8804.693404613416
Nifty Energy TRI,2015-03-30,8879.178381139402
Nifty Energy TRI,2015-03-31,8967.107819195422
Nifty Energy TRI,2015-04-01,9020.704524579067
Nifty Energy TRI,2015-04-06,9087.64913946288
Nifty Energy TRI,2015-04-07,9157.93400925332
Nifty Energy TRI,2015-04-08,9302.154854065271
Nifty Energy TRI,2015-04-09,9432.2245329773
Nifty Energy TRI,2015-04-10,9489.07936235134
Nifty Energy TRI,2015-04-13,9610.007013825387
Nifty Energy TRI,2015-04-15,9598.282253970068
Nifty Energy TRI,2015-04-16,9677.704383706123
Nifty Energy TRI,2015-04-17,9667.038732328603
Nifty Energy TRI,2015-04-20,9404.568252959056
Nifty Energy TRI,2015-04-21,9303.604760008866
Nifty Energy TRI,2015-04-22,9287.37289120524
Nifty Energy TRI,2015-04-23,9231.045456627831
Nifty Energy TRI,2015-04-24,9246.75374697252
Nifty Energy TRI,2015-04-27,9114.025104487257
Nifty Energy TRI,2015-04-28,9108.806926668973
Nifty Energy TRI,2015-04-29,9023.971946368481
Nifty Energy TRI,2015-04-30,9056.52165014544
Nifty Energy TRI,2015-05-04,9372.78667901768
Nifty Energy TRI,2015-05-05,9419.718385420952
Nifty Energy TRI,2015-05-06,9174.369780649246
Nifty Energy TRI,2015-05-07,9045.836759262118
Nifty Energy TRI,2015-05-08,9131.90753954097
Nifty Energy TRI,2015-05-11,9234.424251867045
Nifty Energy TRI,2015-05-12,8962.326403274974
Nifty Energy TRI,2015-05-13,9074.961201716333
Nifty Energy TRI,2015-05-14,9086.163071524428
Nifty Energy TRI,2015-05-15,9066.250984414475
Nifty Energy TRI,2015-05-18,9218.961586090556
Nifty Energy TRI,2015-05-19,9200.73906522719
Nifty Energy TRI,2015-05-20,9261.470277901717
Nifty Energy TRI,2015-05-21,9201.346578195169
Nifty Energy TRI,2015-05-22,9274.00229098974
Nifty Energy TRI,2015-05-25,9258.242316127657
Nifty Energy TRI,2015-05-26,9161.574474439049
Nifty Energy TRI,2015-05-27,9233.704931909044
Nifty Energy TRI,2015-05-28,9177.964774200656
Nifty Energy TRI,2015-05-29,9242.427362561353
Nifty Energy TRI,2015-06-01,9357.179376741207
Nifty Energy TRI,2015-06-02,9290.918226505555
Nifty Energy TRI,2015-06-03,9153.63459606586
Nifty Energy TRI,2015-06-04,9215.12419111461
Nifty Energy TRI,2015-06-05,9261.805648812651
Nifty Energy TRI,2015-06-08,9137.513411932228
Nifty Energy TRI,2015-06-09,9117.573896376385
Nifty Energy TRI,2015-06-10,9265.982531844224
Nifty Energy TRI,2015-06-11,9056.601063092918
Nifty Energy TRI,2015-06-12,9125.90520244084
Nifty Energy TRI,2015-06-15,9175.659207036282
Nifty Energy TRI,2015-06-16,9213.212883341224
Nifty Energy TRI,2015-06-17,9306.36621302949
Nifty Energy TRI,2015-06-18,9585.18585896766
Nifty Energy TRI,2015-06-19,9681.096902223602
Nifty Energy TRI,2015-06-22,9701.037791198201
Nifty Energy TRI,2015-06-23,9743.491109707204
Nifty Energy TRI,2015-06-24,9686.053801042184
Nifty Energy TRI,2015-06-25,9764.392037838068
Nifty Energy TRI,2015-06-26,9719.002002643081
Nifty Energy TRI,2015-06-29,9659.594545263722
Nifty Energy TRI,2015-06-30,9701.735791628847
Nifty Energy TRI,2015-07-01,9787.08566753229
Nifty Energy TRI,2015-07-02,9804.58048757616
Nifty Energy TRI,2015-07-03,9786.888033316623
Nifty Energy TRI,2015-07-06,9835.346495290169
Nifty Energy TRI,2015-07-07,9728.592482641468
Nifty Energy TRI,2015-07-08,9627.22975435009
Nifty Energy TRI,2015-07-09,9497.528379132533
Nifty Energy TRI,2015-07-10,9544.760027923137
Nifty Energy TRI,2015-07-13,9630.20687244242
Nifty Energy TRI,2015-07-14,9605.88652404004
Nifty Energy TRI,2015-07-15,9664.549333347562
Nifty Energy TRI,2015-07-16,9760.728436014466
Nifty Energy TRI,2015-07-17,9774.851870592875
Nifty Energy TRI,2015-07-20,9787.357387357686
Nifty Energy TRI,2015-07-21,9616.228771597247
Nifty Energy TRI,2015-07-22,9891.91769134435
Nifty Energy TRI,2015-07-23,9881.145234581883
Nifty Energy TRI,2015-07-24,9763.469987636561
Nifty Energy TRI,2015-07-27,9557.87482712679
Nifty Energy TRI,2015-07-28,9570.355900879338
Nifty Energy TRI,2015-07-29,9473.881656699732
Nifty Energy TRI,2015-07-30,9525.757923633617
Nifty Energy TRI,2015-07-31,9521.734821767153
Nifty Energy TRI,2015-08-03,9508.734746051437
Nifty Energy TRI,2015-08-04,9411.785483805756
Nifty Energy TRI,2015-08-05,9434.758682196652
Nifty Energy TRI,2015-08-06,9395.741175785577
Nifty Energy TRI,2015-08-07,9471.965835170304
Nifty Energy TRI,2015-08-10,9336.464780490553
Nifty Energy TRI,2015-08-11,9269.048410994814
Nifty Energy TRI,2015-08-12,9051.344006440759
Nifty Energy TRI,2015-08-13,9029.023300404455
Nifty Energy TRI,2015-08-14,9199.111992620776
Nifty Energy TRI,2015-08-17,9079.91600219015
Nifty Energy TRI,2015-08-18,9029.907681909863
Nifty Energy TRI,2015-08-19,9054.900675331313
Nifty Energy TRI,2015-08-20,8839.103957781641
Nifty Energy TRI,2015-08-21,8753.123875568359
Nifty Energy TRI,2015-08-24,8027.101321474778
Nifty Energy TRI,2015-08-25,8169.931169332324
Nifty Energy TRI,2015-08-26,8184.320316775602
Nifty Energy TRI,2015-08-27,8357.774224144358
Nifty Energy TRI,2015-08-28,8460.361218033511
Nifty Energy TRI,2015-08-31,8371.701497369875
Nifty Energy TRI,2015-09-01,8225.627824816662
Nifty Energy TRI,2015-09-02,8149.295733626056
Nifty Energy TRI,2015-09-03,8225.458319378808
Nifty Energy TRI,2015-09-04,8061.989990117118
Nifty Energy TRI,2015-09-07,7995.787634084051
Nifty Energy TRI,2015-09-08,8138.132089048733
Nifty Energy TRI,2015-09-09,8311.224578813088
Nifty Energy TRI,2015-09-10,8257.649993061515
Nifty Energy TRI,2015-09-11,8230.256165353467
Nifty Energy TRI,2015-09-14,8345.700747256826
Nifty Energy TRI,2015-09-15,8366.144740738273
Nifty Energy TRI,2015-09-16,8403.360162628825
Nifty Energy TRI,2015-09-18,8555.521795128188
Nifty Energy TRI,2015-09-21,8503.439483801692
Nifty Energy TRI,2015-09-22,8271.175765850918
Nifty Energy TRI,2015-09-23,8301.986832638902
Nifty Energy TRI,2015-09-24,8214.373495406688
Nifty Energy TRI,2015-09-28,8197.191778552577
Nifty Energy TRI,2015-09-29,8205.796967595908
Nifty Energy TRI,2015-09-30,8381.632341114317
Nifty Energy TRI,2015-10-01,8390.52373876273
Nifty Energy TRI,2015-10-05,8584.98516897188
Nifty Energy TRI,2015-10-06,8694.846029924485
Nifty Energy TRI,2015-10-07,8823.650113362639
Nifty Energy TRI,2015-10-08,8698.680488693666
Nifty Energy TRI,2015-10-09,8710.33860606148
Nifty Energy TRI,2015-10-12,8746.69380420861
Nifty Energy TRI,2015-10-13,8717.903656688964
Nifty Energy TRI,2015-10-14,8740.874502095307
Nifty Energy TRI,2015-10-15,8822.58698036545
Nifty Energy TRI,2015-10-16,8907.438005244518
Nifty Energy TRI,2015-10-19,9103.025161430698
Nifty Energy TRI,2015-10-20,9060.625276461129
Nifty Energy TRI,2015-10-21,9034.366845064065
Nifty Energy TRI,2015-10-23,9093.661146004397
Nifty Energy TRI,2015-10-26,9016.733663562376
Nifty Energy TRI,2015-10-27,8957.720645704463
Nifty Energy TRI,2015-10-28,8910.841808084619
Nifty Energy TRI,2015-10-29,8861.595490211948
Nifty Energy TRI,2015-10-30,8900.42044159899
Nifty Energy TRI,2015-11-02,8961.692458275695
Nifty Energy TRI,2015-11-03,9047.521909204133
Nifty Energy TRI,2015-11-04,8989.581568014784
Nifty Energy TRI,2015-11-05,8912.232317474512
Nifty Energy TRI,2015-11-06,8980.099361181947
Nifty Energy TRI,2015-11-09,8989.1813961422
Nifty Energy TRI,2015-11-10,8671.210438175618
Nifty Energy TRI,2015-11-13,8724.452119285423
Nifty Energy TRI,2015-11-16,8738.111869987159
Nifty Energy TRI,2015-11-17,8735.167340528245
Nifty Energy TRI,2015-11-18,8669.238293583083
Nifty Energy TRI,2015-11-19,8835.11756764819
Nifty Energy TRI,2015-11-20,8941.270981127474
Nifty Energy TRI,2015-11-23,8968.620356244834
Nifty Energy TRI,2015-11-24,9031.830889616873
Nifty Energy TRI,2015-11-26,9162.841613614171
Nifty Energy TRI,2015-11-27,9120.12867183139
Nifty Energy TRI,2015-11-30,9074.748715324155
Nifty Energy TRI,2015-12-01,9125.494692099754
Nifty Energy TRI,2015-12-02,9174.045622511961
Nifty Energy TRI,2015-12-03,9115.461124130847
Nifty Energy TRI,2015-12-04,8998.671652004754
Nifty Energy TRI,2015-12-07,8937.115026382138
Nifty Energy TRI,2015-12-08,8801.561572026983
Nifty Energy TRI,2015-12-09,8646.385495930968
Nifty Energy TRI,2015-12-10,8863.528848208389
Nifty Energy TRI,2015-12-11,8816.35480184219
Nifty Energy TRI,2015-12-14,8811.595100053197
Nifty Energy TRI,2015-12-15,8928.09733264332
Nifty Energy TRI,2015-12-16,9051.55571975121
Nifty Energy TRI,2015-12-17,9209.469009497512
Nifty Energy TRI,2015-12-18,9123.115045891498
Nifty Energy TRI,2015-12-21,9197.443762591041
Nifty Energy TRI,2015-12-22,9177.873306128775
Nifty Energy TRI,2015-12-23,9324.990643785639
Nifty Energy TRI,2015-12-24,9321.632536951905
Nifty Energy TRI,2015-12-28,9431.705520095331
Nifty Energy TRI,2015-12-29,9449.58229251993
Nifty Energy TRI,2015-12-30,9393.731209498004
Nifty Energy TRI,2015-12-31,9468.024170054965
Nifty Energy TRI,2016-01-01,9480.281138452363
Nifty Energy TRI,2016-01-04,9342.857182187958
Nifty Energy TRI,2016-01-05,9438.739475081433
Nifty Energy TRI,2016-01-06,9557.858813299617
Nifty Energy TRI,2016-01-07,9328.914343768589
Nifty Energy TRI,2016-01-08,9474.856056052868
Nifty Energy TRI,2016-01-11,9554.249245237977
Nifty Energy TRI,2016-01-12,9510.44816499826
Nifty Energy TRI,2016-01-13,9641.542346451217
Nifty Energy TRI,2016-01-14,9572.626542858521
Nifty Energy TRI,2016-01-15,9502.377527043076
Nifty Energy TRI,2016-01-18,9152.513562842762
Nifty Energy TRI,2016-01-19,9294.01212312914
Nifty Energy TRI,2016-01-20,9032.077085561546
Nifty Energy TRI,2016-01-21,8886.012345096626
Nifty Energy TRI,2016-01-22,9103.504572507141
Nifty Energy TRI,2016-01-25,9092.042597738813
Nifty Energy TRI,2016-01-27,9129.968980414946
Nifty Energy TRI,2016-01-28,9259.77617907248
Nifty Energy TRI,2016-01-29,9410.094115897204
Nifty Energy TRI,2016-02-01,9360.832591761762
Nifty Energy TRI,2016-02-02,9100.521527676558
Nifty Energy TRI,2016-02-03,8918.648701488935
Nifty Energy TRI,2016-02-04,8911.940754304063
Nifty Energy TRI,2016-02-05,8906.281725840434
Nifty Energy TRI,2016-02-08,8786.098848382799
Nifty Energy TRI,2016-02-09,8801.824392748022
Nifty Energy TRI,2016-02-10,8789.46787211895
Nifty Energy TRI,2016-02-11,8441.739859897338
Nifty Energy TRI,2016-02-12,8308.164379158372
Nifty Energy TRI,2016-02-15,8605.504328336805
Nifty Energy TRI,2016-02-16,8487.05995740871
Nifty Energy TRI,2016-02-17,8623.509037384703
Nifty Energy TRI,2016-02-18,8631.876945921631
Nifty Energy TRI,2016-02-19,8627.46815984927
Nifty Energy TRI,2016-02-22,8699.159864179624
Nifty Energy TRI,2016-02-23,8549.135442301413
Nifty Energy TRI,2016-02-24,8551.96876497077
Nifty Energy TRI,2016-02-25,8468.261485407818
Nifty Energy TRI,2016-02-26,8536.276226642169
Nifty Energy TRI,2016-02-29,8484.393131125551
Nifty Energy TRI,2016-03-01,8659.747106446655
Nifty Energy TRI,2016-03-02,8807.003420350618
Nifty Energy TRI,2016-03-03,8901.57768459956
Nifty Energy TRI,2016-03-04,8921.428667292712
Nifty Energy TRI,2016-03-08,9056.283053548857
Nifty Energy TRI,2016-03-09,9109.705986822368
Nifty Energy TRI,2016-03-10,8967.92501698424
Nifty Energy TRI,2016-03-11,8983.190840617628
Nifty Energy TRI,2016-03-14,9039.524113223846
Nifty Energy TRI,2016-03-15,9052.970308507809
Nifty Energy TRI,2016-03-16,9050.130040617103
Nifty Energy TRI,2016-03-17,9118.204216335589
Nifty Energy TRI,2016-03-18,9171.549366467725
Nifty Energy TRI,2016-03-21,9254.31719521458
Nifty Energy TRI,2016-03-22,9317.269826920867
Nifty Energy TRI,2016-03-23,9210.361475270778
Nifty Energy TRI,2016-03-28,9187.271503983171
Nifty Energy TRI,2016-03-29,9228.901069548327
Nifty Energy TRI,2016-03-30,9381.204901493023
Nifty Energy TRI,2016-03-31,9342.616389905315
Nifty Energy TRI,2016-04-01,9257.944155856982
Nifty Energy TRI,2016-04-04,9286.22065078497
Nifty Energy TRI,2016-04-05,9201.468410933174
Nifty Energy TRI,2016-04-06,9252.327005356447
Nifty Energy TRI,2016-04-07,9264.804658157631
Nifty Energy TRI,2016-04-08,9320.276785246411
Nifty Energy TRI,2016-04-11,9414.768221353102
Nifty Energy TRI,2016-04-12,9492.957217942003
Nifty Energy TRI,2016-04-13,9631.141477624078
Nifty Energy TRI,2016-04-18,9652.717830157377
Nifty Energy TRI,2016-04-20,9559.99215458639
Nifty Energy TRI,2016-04-21,9595.59438323955
Nifty Energy TRI,2016-04-22,9615.153904880328
Nifty Energy TRI,2016-04-25,9466.328118398458
Nifty Energy TRI,2016-04-26,9501.54581261093
Nifty Energy TRI,2016-04-27,9562.869303563348
Nifty Energy TRI,2016-04-28,9342.885948629457
Nifty Energy TRI,2016-04-29,9336.611311635565
Nifty Energy TRI,2016-05-02,9354.334587786921
Nifty Energy TRI,2016-05-03,9269.111934874803
Nifty Energy TRI,2016-05-04,9230.549135669706
Nifty Energy TRI,2016-05-05,9211.484517183957
Nifty Energy TRI,2016-05-06,9224.147497472619
Nifty Energy TRI,2016-05-09,9332.282480767477
Nifty Energy TRI,2016-05-10,9271.088536617433
Nifty Energy TRI,2016-05-11,9213.999617964835
Nifty Energy TRI,2016-05-12,9316.496027575597
Nifty Energy TRI,2016-05-13,9232.164604509664
Nifty Energy TRI,2016-05-16,9203.845958600106
Nifty Energy TRI,2016-05-17,9220.18606699982
Nifty Energy TRI,2016-05-18,9216.342231092267
Nifty Energy TRI,2016-05-19,9104.947440585178
Nifty Energy TRI,2016-05-20,9044.759487454838
Nifty Energy TRI,2016-05-23,9017.2291974856
Nifty Energy TRI,2016-05-24,9031.617825518239
Nifty Energy TRI,2016-05-25,9190.31367812168
Nifty Energy TRI,2016-05-26,9213.892749975792
Nifty Energy TRI,2016-05-27,9407.11328409102
Nifty Energy TRI,2016-05-30,9405.400604158101
Nifty Energy TRI,2016-05-31,9319.424750447788
Nifty Energy TRI,2016-06-01,9309.684093796093
Nifty Energy TRI,2016-06-02,9352.20433467441
Nifty Energy TRI,2016-06-03,9403.244977445294
Nifty Energy TRI,2016-06-06,9349.423087836212
Nifty Energy TRI,2016-06-07,9353.37600829188
Nifty Energy TRI,2016-06-08,9385.278709043598
Nifty Energy TRI,2016-06-09,9517.132161458196
Nifty Energy TRI,2016-06-10,9518.423526691553
Nifty Energy TRI,2016-06-13,9498.961488027666
Nifty Energy TRI,2016-06-14,9448.229869381821
Nifty Energy TRI,2016-06-15,9590.494011717756
Nifty Energy TRI,2016-06-16,9533.635448657398
Nifty Energy TRI,2016-06-17,9527.62964985426
Nifty Energy TRI,2016-06-20,9620.263017955522
Nifty Energy TRI,2016-06-21,9602.281016301058
Nifty Energy TRI,2016-06-22,9575.604219362358
Nifty Energy TRI,2016-06-23,9587.76632210922
Nifty Energy TRI,2016-06-24,9394.174218559276
Nifty Energy TRI,2016-06-27,9445.295428863372
Nifty Energy TRI,2016-06-28,9490.731494784088
Nifty Energy TRI,2016-06-29,9617.450761699623
Nifty Energy TRI,2016-06-30,9706.164116690188
Nifty Energy TRI,2016-07-01,9867.534858323444
Nifty Energy TRI,2016-07-04,9987.014547436745
Nifty Energy TRI,2016-07-05,9938.98165010305
Nifty Energy TRI,2016-07-07,9915.01258046417
Nifty Energy TRI,2016-07-08,9845.10167753834
Nifty Energy TRI,2016-07-11,10000.776499165147
Nifty Energy TRI,2016-07-12,10070.217125993753
Nifty Energy TRI,2016-07-13,10087.276080493135
Nifty Energy TRI,2016-07-14,10114.10140119981
Nifty Energy TRI,2016-07-15,10119.223573777323
Nifty Energy TRI,2016-07-18,10007.012795773186
Nifty Energy TRI,2016-07-19,10162.43456220981
Nifty Energy TRI,2016-07-20,10269.8727571437
Nifty Energy TRI,2016-07-21,10163.589982694622
Nifty Energy TRI,2016-07-22,10279.414426784204
Nifty Energy TRI,2016-07-25,10414.301249601034
Nifty Energy TRI,2016-07-26,10397.166459676191
Nifty Energy TRI,2016-07-27,10371.094159806358
Nifty Energy TRI,2016-07-28,10418.117362778532
Nifty Energy TRI,2016-07-29,10400.643676081258
Nifty Energy TRI,2016-08-01,10385.13176414246
Nifty Energy TRI,2016-08-02,10388.040550914586
Nifty Energy TRI,2016-08-03,10242.076052719007
Nifty Energy TRI,2016-08-04,10255.926155664536
Nifty Energy TRI,2016-08-05,10495.435318429249
Nifty Energy TRI,2016-08-08,10620.525873148054
Nifty Energy TRI,2016-08-09,10578.128830893642
Nifty Energy TRI,2016-08-10,10355.996819294987
Nifty Energy TRI,2016-08-11,10436.647250048072
Nifty Energy TRI,2016-08-12,10546.428320580835
Nifty Energy TRI,2016-08-16,10561.130022678919
Nifty Energy TRI,2016-08-17,10497.57468518643
Nifty Energy TRI,2016-08-18,10632.781983458113
Nifty Energy TRI,2016-08-19,10649.687988262536
Nifty Energy TRI,2016-08-22,10588.89753620638
Nifty Energy TRI,2016-08-23,10464.582748846271
Nifty Energy TRI,2016-08-24,10585.069706705759
Nifty Energy TRI,2016-08-25,10548.67105882382
Nifty Energy TRI,2016-08-26,10615.475366690696
Nifty Energy TRI,2016-08-29,10751.596064643692
Nifty Energy TRI,2016-08-30,10877.739358044864
Nifty Energy TRI,2016-08-31,10814.821454917961
Nifty Energy TRI,2016-09-01,10671.817060265928
Nifty Energy TRI,2016-09-02,10636.749254379172
Nifty Energy TRI,2016-09-06,10737.914118602344
Nifty Energy TRI,2016-09-07,10692.426545326269
Nifty Energy TRI,2016-09-08,10750.27876400158
Nifty Energy TRI,2016-09-09,10825.716631936146
Nifty Energy TRI,2016-09-12,10655.574986890093
Nifty Energy TRI,2016-09-14,10686.134721223874
Nifty Energy TRI,2016-09-15,10709.958211659208
Nifty Energy TRI,2016-09-16,10804.07540525809
Nifty Energy TRI,2016-09-19,10898.215777785668
Nifty Energy TRI,2016-09-20,10862.11320646607
Nifty Energy TRI,2016-09-21,10843.151201159813
Nifty Energy TRI,2016-09-22,11013.175123880694
Nifty Energy TRI,2016-09-23,11078.885309780195
Nifty Energy TRI,2016-09-26,11052.39656108682
Nifty Energy TRI,2016-09-27,11020.771547463008
Nifty Energy TRI,2016-09-28,11011.227588996564
Nifty Energy TRI,2016-09-29,10797.032232528692
Nifty Energy TRI,2016-09-30,10937.92904695543
Nifty Energy TRI,2016-10-03,11118.51132481305
Nifty Energy TRI,2016-10-04,11278.242962643204
Nifty Energy TRI,2016-10-05,11253.29001506808
Nifty Energy TRI,2016-10-06,11435.087078316838
Nifty Energy TRI,2016-10-07,11379.12792081077
Nifty Energy TRI,2016-10-10,11310.769418760148
Nifty Energy TRI,2016-10-13,11096.190434111857
Nifty Energy TRI,2016-10-14,11289.902018852395
Nifty Energy TRI,2016-10-17,11208.311624254791
Nifty Energy TRI,2016-10-18,11304.040910288224
Nifty Energy TRI,2016-10-19,11408.816630752219
Nifty Energy TRI,2016-10-20,11430.206040318368
Nifty Energy TRI,2016-10-21,11344.788834501516
Nifty Energy TRI,2016-10-24,11453.700907283424
Nifty Energy TRI,2016-10-25,11431.702615432758
Nifty Energy TRI,2016-10-26,11345.417698432655
Nifty Energy TRI,2016-10-27,11289.049005647526
Nifty Energy TRI,2016-10-28,11333.57446848454
Nifty Energy TRI,2016-11-01,11387.103556885502
Nifty Energy TRI,2016-11-02,11142.839611122166
Nifty Energy TRI,2016-11-03,11015.547897747014
Nifty Energy TRI,2016-11-04,10910.149665269892
Nifty Energy TRI,2016-11-07,10969.293905947874
Nifty Energy TRI,2016-11-08,11036.978646114561
Nifty Energy TRI,2016-11-09,11041.850499425367
Nifty Energy TRI,2016-11-10,11211.144553007134
Nifty Energy TRI,2016-11-11,11022.93549040235
Nifty Energy TRI,2016-11-15,10857.887493162012
Nifty Energy TRI,2016-11-16,10857.972287421211
Nifty Energy TRI,2016-11-17,10881.781217405687
Nifty Energy TRI,2016-11-18,11016.064515125847
Nifty Energy TRI,2016-11-21,10896.96955463054
Nifty Energy TRI,2016-11-22,10964.761934630773
Nifty Energy TRI,2016-11-23,11041.560264253338
Nifty Energy TRI,2016-11-24,10906.453862081695
Nifty Energy TRI,2016-11-25,11031.008860633994
Nifty Energy TRI,2016-11-28,11127.092478642993
Nifty Energy TRI,2016-11-29,11155.827932303697
Nifty Energy TRI,2016-11-30,11183.385522112481
Nifty Energy TRI,2016-12-01,11113.608972687196
Nifty Energy TRI,2016-12-02,11033.4157541377
Nifty Energy TRI,2016-12-05,11039.327434875506
Nifty Energy TRI,2016-12-06,11145.455073244048
Nifty Energy TRI,2016-12-07,11158.783005708901
Nifty Energy TRI,2016-12-08,11332.756428133825
Nifty Energy TRI,2016-12-09,11384.149236275167
Nifty Energy TRI,2016-12-12,11328.25063864171
Nifty Energy TRI,2016-12-13,11429.65364867644
Nifty Energy TRI,2016-12-14,11435.064681302549
Nifty Energy TRI,2016-12-15,11391.542101290732
Nifty Energy TRI,2016-12-16,11353.645699750214
Nifty Energy TRI,2016-12-19,11422.757028894528
Nifty Energy TRI,2016-12-20,11382.600193879514
Nifty Energy TRI,2016-12-21,11455.437961722222
Nifty Energy TRI,2016-12-22,11303.285401360952
Nifty Energy TRI,2016-12-23,11337.479707000544
Nifty Energy TRI,2016-12-26,11188.7203414347
Nifty Energy TRI,2016-12-27,11345.76093073212
Nifty Energy TRI,2016-12-28,11265.004921309303
Nifty Energy TRI,2016-12-29,11439.371160842638
Nifty Energy TRI,2016-12-30,11578.305719800075
Nifty Energy TRI,2017-01-02,11621.076010790335
Nifty Energy TRI,2017-01-03,11760.89996540036
Nifty Energy TRI,2017-01-04,11666.660198145397
Nifty Energy TRI,2017-01-05,11846.197132649711
Nifty Energy TRI,2017-01-06,11805.290703745464
Nifty Energy TRI,2017-01-09,11725.742188994
Nifty Energy TRI,2017-01-10,11831.79162059788
Nifty Energy TRI,2017-01-11,11871.075323960691
Nifty Energy TRI,2017-01-12,12007.774170520788
Nifty Energy TRI,2017-01-13,12022.365778167377
Nifty Energy TRI,2017-01-16,11960.480226081823
Nifty Energy TRI,2017-01-17,11787.189758670713
Nifty Energy TRI,2017-01-18,11740.777279585667
Nifty Energy TRI,2017-01-19,11893.55093300404
Nifty Energy TRI,2017-01-20,11745.78712843914
Nifty Energy TRI,2017-01-23,11795.579980012048
Nifty Energy TRI,2017-01-24,11949.36243551315
Nifty Energy TRI,2017-01-25,12036.948736042541
Nifty Energy TRI,2017-01-27,12121.428438636476
Nifty Energy TRI,2017-01-30,12157.304512623376
Nifty Energy TRI,2017-01-31,12055.087261051396
Nifty Energy TRI,2017-02-01,12132.889757047345
Nifty Energy TRI,2017-02-02,12149.482000517548
Nifty Energy TRI,2017-02-03,12095.590322669847
Nifty Energy TRI,2017-02-06,12182.429393004637
Nifty Energy TRI,2017-02-07,12080.395782780983
Nifty Energy TRI,2017-02-08,12115.577820854314
Nifty Energy TRI,2017-02-09,12120.198329223978
Nifty Energy TRI,2017-02-10,12065.20946396603
Nifty Energy TRI,2017-02-13,12098.956810409072
Nifty Energy TRI,2017-02-14,12126.974116821237
Nifty Energy TRI,2017-02-15,12037.153516972914
Nifty Energy TRI,2017-02-16,12147.91949466149
Nifty Energy TRI,2017-02-17,12261.80865331214
Nifty Energy TRI,2017-02-20,12378.146779983424
Nifty Energy TRI,2017-02-21,12466.293824584833
Nifty Energy TRI,2017-02-22,12912.705453821223
Nifty Energy TRI,2017-02-23,12792.014587092657
Nifty Energy TRI,2017-02-27,12962.083112855722
Nifty Energy TRI,2017-02-28,12851.313846637857
Nifty Energy TRI,2017-03-01,12758.348600220335
Nifty Energy TRI,2017-03-02,12640.25620057771
Nifty Energy TRI,2017-03-03,12791.210628891286
Nifty Energy TRI,2017-03-06,13058.928262853604
Nifty Energy TRI,2017-03-07,13098.468071740834
Nifty Energy TRI,2017-03-08,12966.432559824738
Nifty Energy TRI,2017-03-09,12900.481488585843
Nifty Energy TRI,2017-03-10,12848.502534502033
Nifty Energy TRI,2017-03-14,12947.46264387372
Nifty Energy TRI,2017-03-15,12986.560941234096
Nifty Energy TRI,2017-03-16,13049.952693054709
Nifty Energy TRI,2017-03-17,13008.095878915014
Nifty Energy TRI,2017-03-20,12925.248913101323
Nifty Energy TRI,2017-03-21,12866.100122859687
Nifty Energy TRI,2017-03-22,12824.502837270955
Nifty Energy TRI,2017-03-23,12978.196149122614
Nifty Energy TRI,2017-03-24,13011.53960731902
Nifty Energy TRI,2017-03-27,12812.743971999489
Nifty Energy TRI,2017-03-28,12802.51563236043
Nifty Energy TRI,2017-03-29,12849.740198582213
Nifty Energy TRI,2017-03-30,12894.080700295148
Nifty Energy TRI,2017-03-31,13202.042980063861
Nifty Energy TRI,2017-04-03,13397.900394921178
Nifty Energy TRI,2017-04-05,13580.772814685517
Nifty Energy TRI,2017-04-06,13745.01309434555
Nifty Energy TRI,2017-04-07,13668.278189169307
Nifty Energy TRI,2017-04-10,13628.082586884266
Nifty Energy TRI,2017-04-11,13622.997068288734
Nifty Energy TRI,2017-04-12,13512.377565333898
Nifty Energy TRI,2017-04-13,13631.596413870073
Nifty Energy TRI,2017-04-17,13736.325384720521
Nifty Energy TRI,2017-04-18,13650.407198627165
Nifty Energy TRI,2017-04-19,13729.963355970001
Nifty Energy TRI,2017-04-20,13694.130808969163
Nifty Energy TRI,2017-04-21,13837.132925324086
Nifty Energy TRI,2017-04-24,13929.666979595644
Nifty Energy TRI,2017-04-25,14082.250676702171
Nifty Energy TRI,2017-04-26,13937.570012863942
Nifty Energy TRI,2017-04-27,13951.397285572064
Nifty Energy TRI,2017-04-28,13922.08809612839
Nifty Energy TRI,2017-05-02,13901.901070300059
Nifty Energy TRI,2017-05-03,13868.661980507246
Nifty Energy TRI,2017-05-04,13786.927632861809
Nifty Energy TRI,2017-05-05,13543.85431456971
Nifty Energy TRI,2017-05-08,13528.27038423472
Nifty Energy TRI,2017-05-09,13609.902234003002
Nifty Energy TRI,2017-05-10,13767.20446446488
Nifty Energy TRI,2017-05-11,13675.487464554044
Nifty Energy TRI,2017-05-12,13654.317464770535
Nifty Energy TRI,2017-05-15,13678.235381434799
Nifty Energy TRI,2017-05-16,13750.59069325759
Nifty Energy TRI,2017-05-17,13721.462928128878
Nifty Energy TRI,2017-05-18,13507.748196740884
Nifty Energy TRI,2017-05-19,13406.594154624569
Nifty Energy TRI,2017-05-22,13301.954297866158
Nifty Energy TRI,2017-05-23,13142.098368994499
Nifty Energy TRI,2017-05-24,13128.213634900827
Nifty Energy TRI,2017-05-25,13221.326055738635
Nifty Energy TRI,2017-05-26,13484.564734071759
Nifty Energy TRI,2017-05-29,13556.979333788946
Nifty Energy TRI,2017-05-30,13596.57223881059
Nifty Energy TRI,2017-05-31,13565.13535626428
Nifty Energy TRI,2017-06-01,13419.25715777965
Nifty Energy TRI,2017-06-02,13375.518779491513
Nifty Energy TRI,2017-06-05,13433.49262319806
Nifty Energy TRI,2017-06-06,13287.278406500085
Nifty Energy TRI,2017-06-07,13415.17932078117
Nifty Energy TRI,2017-06-08,13316.117554265375
Nifty Energy TRI,2017-06-09,13302.342563408813
Nifty Energy TRI,2017-06-12,13242.570287612474
Nifty Energy TRI,2017-06-13,13238.464587483139
Nifty Energy TRI,2017-06-14,13430.394195118439
Nifty Energy TRI,2017-06-15,13410.303504854408
Nifty Energy TRI,2017-06-16,13461.483806793418
Nifty Energy TRI,2017-06-19,13566.322150008262
Nifty Energy TRI,2017-06-20,13589.792535975905
Nifty Energy TRI,2017-06-21,13550.456025596473
Nifty Energy TRI,2017-06-22,13452.857262020883
Nifty Energy TRI,2017-06-23,13405.021773241193
Nifty Energy TRI,2017-06-27,13419.096980937698
Nifty Energy TRI,2017-06-28,13267.106811926318
Nifty Energy TRI,2017-06-29,13252.628310542865
Nifty Energy TRI,2017-06-30,13218.777471909703
Nifty Energy TRI,2017-07-03,13269.69177347035
Nifty Energy TRI,2017-07-04,13447.832043172584
Nifty Energy TRI,2017-07-05,13587.638210243116
Nifty Energy TRI,2017-07-06,13547.638944780483
Nifty Energy TRI,2017-07-07,13743.38370364088
Nifty Energy TRI,2017-07-10,13831.411408446951
Nifty Energy TRI,2017-07-11,13865.132601684129
Nifty Energy TRI,2017-07-12,14046.52879528607
Nifty Energy TRI,2017-07-13,14082.376008066118
Nifty Energy TRI,2017-07-14,14191.672484099905
Nifty Energy TRI,2017-07-17,14292.534880826206
Nifty Energy TRI,2017-07-18,14114.519715238055
Nifty Energy TRI,2017-07-19,14247.408409386924
Nifty Energy TRI,2017-07-20,14199.02834419411
Nifty Energy TRI,2017-07-21,14423.042302595954
Nifty Energy TRI,2017-07-24,14544.46966361546
Nifty Energy TRI,2017-07-25,14483.368818598748
Nifty Energy TRI,2017-07-26,14599.272258283678
Nifty Energy TRI,2017-07-27,14454.335280757934
Nifty Energy TRI,2017-07-28,14463.243230374732
Nifty Energy TRI,2017-07-31,14645.976669749165
Nifty Energy TRI,2017-08-01,14636.345573382912
Nifty Energy TRI,2017-08-02,14754.475893070867
Nifty Energy TRI,2017-08-03,14936.105045140463
Nifty Energy TRI,2017-08-04,15077.104980993343
Nifty Energy TRI,2017-08-07,15152.665417598035
Nifty Energy TRI,2017-08-08,14896.581942273808
Nifty Energy TRI,2017-08-09,14859.889710821142
Nifty Energy TRI,2017-08-10,14627.061480750954
Nifty Energy TRI,2017-08-11,14461.318309352493
Nifty Energy TRI,2017-08-14,14692.931658935162
Nifty Energy TRI,2017-08-16,14662.287300702785
Nifty Energy TRI,2017-08-17,14733.09888855376
Nifty Energy TRI,2017-08-18,14810.832833391903
Nifty Energy TRI,2017-08-21,14626.763063878527
Nifty Energy TRI,2017-08-22,14681.53283864572
Nifty Energy TRI,2017-08-23,14833.764280307674
Nifty Energy TRI,2017-08-24,14786.689627817073
Nifty Energy TRI,2017-08-28,14823.832904310786
Nifty Energy TRI,2017-08-29,14579.701706693757
Nifty Energy TRI,2017-08-30,14859.909190487942
Nifty Energy TRI,2017-08-31,15040.073854859198
Nifty Energy TRI,2017-09-01,15119.548950506696
Nifty Energy TRI,2017-09-04,15059.445593682569
Nifty Energy TRI,2017-09-05,15187.620454726391
Nifty Energy TRI,2017-09-06,15208.204726241758
Nifty Energy TRI,2017-09-07,15149.097097951299
Nifty Energy TRI,2017-09-08,15050.277000244678
Nifty Energy TRI,2017-09-11,15151.678484872176
Nifty Energy TRI,2017-09-12,15316.194251291647
Nifty Energy TRI,2017-09-13,15354.534787480241
Nifty Energy TRI,2017-09-14,15298.215537588956
Nifty Energy TRI,2017-09-15,15278.979873128043
Nifty Energy TRI,2017-09-18,15316.402974464143
Nifty Energy TRI,2017-09-19,15358.994831980986
Nifty Energy TRI,2017-09-20,15356.016186459907
Nifty Energy TRI,2017-09-21,15269.326425335932
Nifty Energy TRI,2017-09-22,14941.441784089133
Nifty Energy TRI,2017-09-25,14930.71086104013
Nifty Energy TRI,2017-09-26,14918.885845761479
Nifty Energy TRI,2017-09-27,14673.648594243026
Nifty Energy TRI,2017-09-28,14574.738326867564
Nifty Energy TRI,2017-09-29,14633.6941977794
Nifty Energy TRI,2017-10-03,14834.977531685152
Nifty Energy TRI,2017-10-04,15082.948648936022
Nifty Energy TRI,2017-10-05,15088.260527874549
Nifty Energy TRI,2017-10-06,15364.644217299594
Nifty Energy TRI,2017-10-09,15221.569925089621
Nifty Energy TRI,2017-10-10,15339.817342375254
Nifty Energy TRI,2017-10-11,15351.909928354175
Nifty Energy TRI,2017-10-12,15654.722359600351
Nifty Energy TRI,2017-10-13,15684.264517813821
Nifty Energy TRI,2017-10-16,15724.68515429811
Nifty Energy TRI,2017-10-17,15745.119944880336
Nifty Energy TRI,2017-10-18,16165.68868554041
Nifty Energy TRI,2017-10-19,16036.001100575235
Nifty Energy TRI,2017-10-23,16327.404540880952
Nifty Energy TRI,2017-10-24,16397.45184870696
Nifty Energy TRI,2017-10-25,16520.97963670861
Nifty Energy TRI,2017-10-26,16730.302562063865
Nifty Energy TRI,2017-10-27,16510.78407920491
Nifty Energy TRI,2017-10-30,16679.997239752847
Nifty Energy TRI,2017-10-31,16657.287765727022
Nifty Energy TRI,2017-11-01,16743.343633949717
Nifty Energy TRI,2017-11-02,16703.35638232076
Nifty Energy TRI,2017-11-03,16664.74224688541
Nifty Energy TRI,2017-11-06,16550.250061821363
Nifty Energy TRI,2017-11-07,16228.831092955365
Nifty Energy TRI,2017-11-08,16000.053020752945
Nifty Energy TRI,2017-11-09,16091.394091440516
Nifty Energy TRI,2017-11-10,15922.535218222089
Nifty Energy TRI,2017-11-13,15780.922213105612
Nifty Energy TRI,2017-11-14,15782.436888840133
Nifty Energy TRI,2017-11-15,15712.604322077612
Nifty Energy TRI,2017-11-16,15944.716827304892
Nifty Energy TRI,2017-11-17,16043.336515800289
Nifty Energy TRI,2017-11-20,16203.250110233195
Nifty Energy TRI,2017-11-21,16356.272637420532
Nifty Energy TRI,2017-11-22,16347.361677491908
Nifty Energy TRI,2017-11-23,16484.202768806543
Nifty Energy TRI,2017-11-24,16568.181527764358
Nifty Energy TRI,2017-11-27,16618.857378873665
Nifty Energy TRI,2017-11-28,16464.393241461952
Nifty Energy TRI,2017-11-29,16493.20145915665
Nifty Energy TRI,2017-11-30,16242.576326251725
Nifty Energy TRI,2017-12-01,16032.45813597658
Nifty Energy TRI,2017-12-04,15989.83306520215
Nifty Energy TRI,2017-12-05,16037.372426856442
Nifty Energy TRI,2017-12-06,16064.786157501387
Nifty Energy TRI,2017-12-07,16286.33732754023
Nifty Energy TRI,2017-12-08,16307.039106619462
Nifty Energy TRI,2017-12-11,16265.134112343994
Nifty Energy TRI,2017-12-12,16176.400636550707
Nifty Energy TRI,2017-12-13,16209.81826161029
Nifty Energy TRI,2017-12-14,16338.82224340599
Nifty Energy TRI,2017-12-15,16348.140292918595
Nifty Energy TRI,2017-12-18,16371.553373042576
Nifty Energy TRI,2017-12-19,16477.52284454053
Nifty Energy TRI,2017-12-20,16421.457094432513
Nifty Energy TRI,2017-12-21,16408.849390609474
Nifty Energy TRI,2017-12-22,16533.8961855613
Nifty Energy TRI,2017-12-26,16634.121013828513
Nifty Energy TRI,2017-12-27,16507.838561854976
Nifty Energy TRI,2017-12-28,16458.42801456793
Nifty Energy TRI,2017-12-29,16414.25259537938
Nifty Energy TRI,2018-01-01,16290.048540243297
Nifty Energy TRI,2018-01-02,16318.038640889097
Nifty Energy TRI,2018-01-03,16313.709743756797
Nifty Energy TRI,2018-01-04,16417.759299576333
Nifty Energy TRI,2018-01-05,16421.791842764385
Nifty Energy TRI,2018-01-08,16512.441292106858
Nifty Energy TRI,2018-01-09,16611.518526565298
Nifty Energy TRI,2018-01-10,16594.75647011453
Nifty Energy TRI,2018-01-11,16532.62795754362
Nifty Energy TRI,2018-01-12,16646.596728198478
Nifty Energy TRI,2018-01-15,16616.651575510634
Nifty Energy TRI,2018-01-16,16265.69390690301
Nifty Energy TRI,2018-01-17,16307.775325918828
Nifty Energy TRI,2018-01-18,16139.095894582959
Nifty Energy TRI,2018-01-19,16295.01312109043
Nifty Energy TRI,2018-01-22,16623.006337514995
Nifty Energy TRI,2018-01-23,16839.556009670316
Nifty Energy TRI,2018-01-24,16734.41711492478
Nifty Energy TRI,2018-01-25,16690.30149565598
Nifty Energy TRI,2018-01-29,16596.645132427824
Nifty Energy TRI,2018-01-30,16583.20733165097
Nifty Energy TRI,2018-01-31,16682.764605088578
Nifty Energy TRI,2018-02-01,16464.38983395196
Nifty Energy TRI,2018-02-02,15901.360290558006
Nifty Energy TRI,2018-02-05,15893.927966726726
Nifty Energy TRI,2018-02-06,15683.926796068652
Nifty Energy TRI,2018-02-07,15827.522068522076
Nifty Energy TRI,2018-02-08,15851.445098343349
Nifty Energy TRI,2018-02-09,15751.284146816015
Nifty Energy TRI,2018-02-12,15973.093481510472
Nifty Energy TRI,2018-02-14,16032.523891103052
Nifty Energy TRI,2018-02-15,16136.40994393065
Nifty Energy TRI,2018-02-16,15944.378426252839
Nifty Energy TRI,2018-02-19,15920.305446305045
Nifty Energy TRI,2018-02-20,15887.106920797161
Nifty Energy TRI,2018-02-21,15969.295191207058
Nifty Energy TRI,2018-02-22,15795.44478351818
Nifty Energy TRI,2018-02-23,15969.118011705323
Nifty Energy TRI,2018-02-26,16079.47967919643
Nifty Energy TRI,2018-02-27,16175.870184735057
Nifty Energy TRI,2018-02-28,16175.909290514332
Nifty Energy TRI,2018-03-01,16141.66665013301
Nifty Energy TRI,2018-03-05,15827.888320899181
Nifty Energy TRI,2018-03-06,15708.08911468322
Nifty Energy TRI,2018-03-07,15450.233446143377
Nifty Energy TRI,2018-03-08,15672.368915143448
Nifty Energy TRI,2018-03-09,15659.074920817895
Nifty Energy TRI,2018-03-12,16006.993516356857
Nifty Energy TRI,2018-03-13,16122.203351994081
Nifty Energy TRI,2018-03-14,16017.926112829784
Nifty Energy TRI,2018-03-15,15815.1047387584
Nifty Energy TRI,2018-03-16,15529.169065356822
Nifty Energy TRI,2018-03-19,15421.699049208262
Nifty Energy TRI,2018-03-20,15330.77020073883
Nifty Energy TRI,2018-03-21,15425.041421783946
Nifty Energy TRI,2018-03-22,15481.122682970601
Nifty Energy TRI,2018-03-23,15327.200889783317
Nifty Energy TRI,2018-03-26,15377.41544415376
Nifty Energy TRI,2018-03-27,15464.254696501794
Nifty Energy TRI,2018-03-28,15302.758383702176
Nifty Energy TRI,2018-04-02,15396.630188308436
Nifty Energy TRI,2018-04-03,15517.449445692258
Nifty Energy TRI,2018-04-04,15355.424681422399
Nifty Energy TRI,2018-04-05,15562.341440721331
Nifty Energy TRI,2018-04-06,15631.28225422299
Nifty Energy TRI,2018-04-09,15774.070844483096
Nifty Energy TRI,2018-04-10,15804.389762595425
Nifty Energy TRI,2018-04-11,15741.469598106498
Nifty Energy TRI,2018-04-12,15734.46702629813
Nifty Energy TRI,2018-04-13,15803.795121297006
Nifty Energy TRI,2018-04-16,15811.895038312608
Nifty Energy TRI,2018-04-17,15942.926439095963
Nifty Energy TRI,2018-04-18,15880.740890174673
Nifty Energy TRI,2018-04-19,15820.868161569804
Nifty Energy TRI,2018-04-20,15627.917678934113
Nifty Energy TRI,2018-04-23,15726.051453844666
Nifty Energy TRI,2018-04-24,16055.419911466304
Nifty Energy TRI,2018-04-25,15990.314748529792
Nifty Energy TRI,2018-04-26,16037.669918399512
Nifty Energy TRI,2018-04-27,16277.14891446608
Nifty Energy TRI,2018-04-30,15978.022894468138
Nifty Energy TRI,2018-05-02,15981.725450993472
Nifty Energy TRI,2018-05-03,15910.491540995903
Nifty Energy TRI,2018-05-04,15834.548825246035
Nifty Energy TRI,2018-05-07,16092.585507956035
Nifty Energy TRI,2018-05-08,16113.85991662521
Nifty Energy TRI,2018-05-09,16161.897836763908
Nifty Energy TRI,2018-05-10,16208.024138672386
Nifty Energy TRI,2018-05-11,16311.514588411463
Nifty Energy TRI,2018-05-14,16341.140389448517
Nifty Energy TRI,2018-05-15,16288.284740184217
Nifty Energy TRI,2018-05-16,16011.727896686383
Nifty Energy TRI,2018-05-17,15892.639940770277
Nifty Energy TRI,2018-05-18,15708.720519020548
Nifty Energy TRI,2018-05-21,15700.49152581902
Nifty Energy TRI,2018-05-22,15634.27173306344
Nifty Energy TRI,2018-05-23,15305.215491770301
Nifty Energy TRI,2018-05-24,15238.383146248849
Nifty Energy TRI,2018-05-25,15473.853877433841
Nifty Energy TRI,2018-05-28,15628.064100824811
Nifty Energy TRI,2018-05-29,15629.51852609446
Nifty Energy TRI,2018-05-30,15578.083259230198
Nifty Energy TRI,2018-05-31,15720.718515542534
Nifty Energy TRI,2018-06-01,15692.416544333975
Nifty Energy TRI,2018-06-04,15710.512389014584
Nifty Energy TRI,2018-06-05,15750.925581480444
Nifty Energy TRI,2018-06-06,15831.6974677422
Nifty Energy TRI,2018-06-07,16040.92778464117
Nifty Energy TRI,2018-06-08,16123.06440986188
Nifty Energy TRI,2018-06-11,16106.635945381073
Nifty Energy TRI,2018-06-12,16224.566606931676
Nifty Energy TRI,2018-06-13,16281.317751982615
Nifty Energy TRI,2018-06-14,16260.76394197869
Nifty Energy TRI,2018-06-15,16218.44953562924
Nifty Energy TRI,2018-06-18,16327.71404504212
Nifty Energy TRI,2018-06-19,16084.63792219993
Nifty Energy TRI,2018-06-20,16262.155377679657
Nifty Energy TRI,2018-06-21,16370.09066194963
Nifty Energy TRI,2018-06-22,16236.041158927936
Nifty Energy TRI,2018-06-25,16039.51241597995
Nifty Energy TRI,2018-06-26,15812.21026057948
Nifty Energy TRI,2018-06-27,15424.375190641145
Nifty Energy TRI,2018-06-28,15136.517151678938
Nifty Energy TRI,2018-06-29,15526.591642656924
Nifty Energy TRI,2018-07-02,15318.09100146368
Nifty Energy TRI,2018-07-03,15466.289134088829
Nifty Energy TRI,2018-07-04,15577.054814132289
Nifty Energy TRI,2018-07-05,15343.078501488617
Nifty Energy TRI,2018-07-06,15475.344015018769
Nifty Energy TRI,2018-07-09,15728.160116453297
Nifty Energy TRI,2018-07-10,16022.21723941237
Nifty Energy TRI,2018-07-11,16076.427484205842
Nifty Energy TRI,2018-07-12,16508.87293053208
Nifty Energy TRI,2018-07-13,16652.97538878906
Nifty Energy TRI,2018-07-16,16418.504373314954
Nifty Energy TRI,2018-07-17,16692.150230118797
Nifty Energy TRI,2018-07-18,16745.02340383113
Nifty Energy TRI,2018-07-19,16825.183760016924
Nifty Energy TRI,2018-07-20,16955.606773582946
Nifty Energy TRI,2018-07-23,16919.046340357898
Nifty Energy TRI,2018-07-24,16896.322102920953
Nifty Energy TRI,2018-07-25,16861.173565759207
Nifty Energy TRI,2018-07-26,16882.122612102994
Nifty Energy TRI,2018-07-27,17139.39495866586
Nifty Energy TRI,2018-07-30,17396.437715392465
Nifty Energy TRI,2018-07-31,17675.969375491506
Nifty Energy TRI,2018-08-01,17787.983310004245
Nifty Energy TRI,2018-08-02,17623.000010154672
Nifty Energy TRI,2018-08-03,17744.185046987877
Nifty Energy TRI,2018-08-06,17879.592782255255
Nifty Energy TRI,2018-08-07,17764.463351504597
Nifty Energy TRI,2018-08-08,18073.797723391926
Nifty Energy TRI,2018-08-09,18083.747062938386
Nifty Energy TRI,2018-08-10,17949.637463832507
Nifty Energy TRI,2018-08-13,17679.273091799587
Nifty Energy TRI,2018-08-14,17877.140171230938
Nifty Energy TRI,2018-08-16,17796.06278550043
Nifty Energy TRI,2018-08-17,17810.495756495045
Nifty Energy TRI,2018-08-20,18129.30202826084
Nifty Energy TRI,2018-08-21,18249.71182486574
Nifty Energy TRI,2018-08-23,18457.626415957722
Nifty Energy TRI,2018-08-24,18548.10758069024
Nifty Energy TRI,2018-08-27,18794.14026570679
Nifty Energy TRI,2018-08-28,18981.019294242116
Nifty Energy TRI,2018-08-29,18769.791226128404
Nifty Energy TRI,2018-08-30,18654.78834742967
Nifty Energy TRI,2018-08-31,18424.93115415696
Nifty Energy TRI,2018-09-03,18236.027322585083
Nifty Energy TRI,2018-09-04,18224.66308226447
Nifty Energy TRI,2018-09-05,18107.189532382956
Nifty Energy TRI,2018-09-06,18478.816855064808
Nifty Energy TRI,2018-09-07,18636.553811358153
Nifty Energy TRI,2018-09-10,18333.925324911426
Nifty Energy TRI,2018-09-11,18103.020364182627
Nifty Energy TRI,2018-09-12,18248.674434259257
Nifty Energy TRI,2018-09-14,18474.115145823936
Nifty Energy TRI,2018-09-17,18263.471951301184
Nifty Energy TRI,2018-09-18,18090.38726951863
Nifty Energy TRI,2018-09-19,18089.417278710047
Nifty Energy TRI,2018-09-21,18228.326177085943
Nifty Energy TRI,2018-09-24,18247.09430107633
Nifty Energy TRI,2018-09-25,18192.050299181745
Nifty Energy TRI,2018-09-26,18384.30785091046
Nifty Energy TRI,2018-09-27,18374.92473900438
Nifty Energy TRI,2018-09-28,18378.653897749988
Nifty Energy TRI,2018-10-01,18197.559804401728
Nifty Energy TRI,2018-10-03,18002.15130975256
Nifty Energy TRI,2018-10-04,16898.449594386027
Nifty Energy TRI,2018-10-05,15552.682010074777
Nifty Energy TRI,2018-10-08,16199.975128267368
Nifty Energy TRI,2018-10-09,15923.506617736635
Nifty Energy TRI,2018-10-10,16144.727647092024
Nifty Energy TRI,2018-10-11,16165.84357421068
Nifty Energy TRI,2018-10-12,16690.0157731585
Nifty Energy TRI,2018-10-15,16833.758306988213
Nifty Energy TRI,2018-10-16,17108.793362142595
Nifty Energy TRI,2018-10-17,16885.404415173954
Nifty Energy TRI,2018-10-19,16428.523631183372
Nifty Energy TRI,2018-10-22,16018.154393067001
Nifty Energy TRI,2018-10-23,15960.831873982475
Nifty Energy TRI,2018-10-24,15986.174647102613
Nifty Energy TRI,2018-10-25,15821.422477869983
Nifty Energy TRI,2018-10-26,15860.305214402299
Nifty Energy TRI,2018-10-29,16381.014601727791
Nifty Energy TRI,2018-10-30,16024.559587936094
Nifty Energy TRI,2018-10-31,16134.438826974478
Nifty Energy TRI,2018-11-01,16122.554541061374
Nifty Energy TRI,2018-11-02,16431.96655018836
Nifty Energy TRI,2018-11-05,16411.96259301867
Nifty Energy TRI,2018-11-06,16526.832987458587
Nifty Energy TRI,2018-11-07,16607.858610870266
Nifty Energy TRI,2018-11-09,16520.162205545268
Nifty Energy TRI,2018-11-12,16258.620736796547
Nifty Energy TRI,2018-11-13,16543.412877935283
Nifty Energy TRI,2018-11-14,16626.234038199495
Nifty Energy TRI,2018-11-15,16591.822763716402
Nifty Energy TRI,2018-11-16,16806.524246308636
Nifty Energy TRI,2018-11-19,16990.219350063147
Nifty Energy TRI,2018-11-20,16835.313236527836
Nifty Energy TRI,2018-11-21,16590.413811555623
Nifty Energy TRI,2018-11-22,16420.254281476948
Nifty Energy TRI,2018-11-26,16453.482004452988
Nifty Energy TRI,2018-11-27,16668.315352910453
Nifty Energy TRI,2018-11-28,16762.31704199986
Nifty Energy TRI,2018-11-29,16884.53363294307
Nifty Energy TRI,2018-11-30,16833.88819725329
Nifty Energy TRI,2018-12-03,16848.41639156386
Nifty Energy TRI,2018-12-04,16879.21888293571
Nifty Energy TRI,2018-12-05,16803.988874801755
Nifty Energy TRI,2018-12-06,16447.12271911591
Nifty Energy TRI,2018-12-07,16476.085644063958
Nifty Energy TRI,2018-12-10,16060.165377219959
Nifty Energy TRI,2018-12-11,16122.332686895335
Nifty Energy TRI,2018-12-12,16362.505807434443
Nifty Energy TRI,2018-12-13,16376.770831406784
Nifty Energy TRI,2018-12-14,16551.64838078841
Nifty Energy TRI,2018-12-17,16803.890421993092
Nifty Energy TRI,2018-12-18,16925.18748954654
Nifty Energy TRI,2018-12-19,17015.967047104034
Nifty Energy TRI,2018-12-20,16972.504579317403
Nifty Energy TRI,2018-12-21,16661.74946235201
Nifty Energy TRI,2018-12-24,16464.300575438887
Nifty Energy TRI,2018-12-26,16553.65842658132
Nifty Energy TRI,2018-12-27,16814.669552933552
Nifty Energy TRI,2018-12-28,16915.96811603259
Nifty Energy TRI,2018-12-31,16877.84159729327
Nifty Energy TRI,2019-01-01,16894.331387241236
Nifty Energy TRI,2019-01-02,16651.05715965939
Nifty Energy TRI,2019-01-03,16385.96810253158
Nifty Energy TRI,2019-01-04,16538.217617302023
Nifty Energy TRI,2019-01-07,16651.89560848113
Nifty Energy TRI,2019-01-08,16616.72413260035
Nifty Energy TRI,2019-01-09,16564.290945639223
Nifty Energy TRI,2019-01-10,16498.77384042997
Nifty Energy TRI,2019-01-11,16420.81939344743
Nifty Energy TRI,2019-01-14,16338.499237878179
Nifty Energy TRI,2019-01-15,16689.943640259095
Nifty Energy TRI,2019-01-16,16785.219828022706
Nifty Energy TRI,2019-01-17,16803.781403889116
Nifty Energy TRI,2019-01-18,17217.314522469325
Nifty Energy TRI,2019-01-21,17640.483257282187
Nifty Energy TRI,2019-01-22,17625.0290935971
Nifty Energy TRI,2019-01-23,17508.119117234568
Nifty Energy TRI,2019-01-24,17674.94218711903
Nifty Energy TRI,2019-01-25,17651.998805353982
Nifty Energy TRI,2019-01-28,17478.249426586866
Nifty Energy TRI,2019-01-29,17255.72906425537
Nifty Energy TRI,2019-01-30,17078.356959117602
Nifty Energy TRI,2019-01-31,17449.407706859613
Nifty Energy TRI,2019-02-01,17666.086462136645
Nifty Energy TRI,2019-02-04,17951.93765635011
Nifty Energy TRI,2019-02-05,17933.657142284534
Nifty Energy TRI,2019-02-06,18165.061429929672
Nifty Energy TRI,2019-02-07,17966.652319909033
Nifty Energy TRI,2019-02-08,17718.183483459306
Nifty Energy TRI,2019-02-11,17425.378129816003
Nifty Energy TRI,2019-02-12,17472.74782751636
Nifty Energy TRI,2019-02-14,16923.448418967033
Nifty Energy TRI,2019-02-15,17258.989105491797
Nifty Energy TRI,2019-02-18,17044.03137405767
Nifty Energy TRI,2019-02-19,17018.18113568902
Nifty Energy TRI,2019-02-20,17335.817157637153
Nifty Energy TRI,2019-02-21,17475.800208415043
Nifty Energy TRI,2019-02-22,17453.514262263598
Nifty Energy TRI,2019-02-25,17439.97781679633
Nifty Energy TRI,2019-02-26,17361.448626274472
Nifty Energy TRI,2019-02-27,17354.744617022505
Nifty Energy TRI,2019-02-28,17508.729916219807
Nifty Energy TRI,2019-03-01,17556.26923099209
Nifty Energy TRI,2019-03-05,17856.81449114172
Nifty Energy TRI,2019-03-06,18158.630367482874
Nifty Energy TRI,2019-03-07,18142.33609284715
Nifty Energy TRI,2019-03-08,18148.382127571924
Nifty Energy TRI,2019-03-11,18646.3093817451
Nifty Energy TRI,2019-03-12,18907.782957146635
Nifty Energy TRI,2019-03-13,18968.800460997027
Nifty Energy TRI,2019-03-14,18950.005459670298
Nifty Energy TRI,2019-03-15,18976.264816972413
Nifty Energy TRI,2019-03-18,19319.06539178757
Nifty Energy TRI,2019-03-19,19628.653360682238
Nifty Energy TRI,2019-03-20,19397.37238019225
Nifty Energy TRI,2019-03-22,19109.706597956327
Nifty Energy TRI,2019-03-25,19107.916700401103
Nifty Energy TRI,2019-03-26,19574.653965382262
Nifty Energy TRI,2019-03-27,19325.816950086697
Nifty Energy TRI,2019-03-28,19391.352257881226
Nifty Energy TRI,2019-04-01,19570.70257865746
Nifty Energy TRI,2019-04-02,19561.68780459957
Nifty Energy TRI,2019-04-03,19249.286940367052
Nifty Energy TRI,2019-04-04,19086.98008822919
Nifty Energy TRI,2019-04-05,19148.32859980947
Nifty Energy TRI,2019-04-08,18928.926082724844
Nifty Energy TRI,2019-04-09,19030.66589737878
Nifty Energy TRI,2019-04-10,18982.823842909344
Nifty Energy TRI,2019-04-11,19140.60574672246
Nifty Energy TRI,2019-04-12,19154.302218363628
Nifty Energy TRI,2019-04-15,19092.207601776252
Nifty Energy TRI,2019-04-16,19198.915583780385
Nifty Energy TRI,2019-04-18,19358.45315834976
Nifty Energy TRI,2019-04-22,18898.495582550247
Nifty Energy TRI,2019-04-23,18978.329476922045
Nifty Energy TRI,2019-04-24,19329.21920572888
Nifty Energy TRI,2019-04-25,19256.632903182133
Nifty Energy TRI,2019-04-26,19480.607370494337
Nifty Energy TRI,2019-04-30,19566.481062668852
Nifty Energy TRI,2019-05-02,19567.6869697466
Nifty Energy TRI,2019-05-03,19650.987449191838
Nifty Energy TRI,2019-05-06,19577.214123568294
Nifty Energy TRI,2019-05-07,19255.754622575212
Nifty Energy TRI,2019-05-08,18894.57100976014
Nifty Energy TRI,2019-05-09,18551.201790675157
Nifty Energy TRI,2019-05-10,18384.290347100694
Nifty Energy TRI,2019-05-13,18005.73461652687
Nifty Energy TRI,2019-05-14,18276.45699692837
Nifty Energy TRI,2019-05-15,18129.182485813573
Nifty Energy TRI,2019-05-16,18434.901097845675
Nifty Energy TRI,2019-05-17,18445.13998619593
Nifty Energy TRI,2019-05-20,19281.597716525146
Nifty Energy TRI,2019-05-21,19101.084751919272
Nifty Energy TRI,2019-05-22,19202.617490281893
Nifty Energy TRI,2019-05-23,19152.877677454566
Nifty Energy TRI,2019-05-24,19318.137676088863
Nifty Energy TRI,2019-05-27,19458.599299134017
Nifty Energy TRI,2019-05-28,19584.83548966748
Nifty Energy TRI,2019-05-29,19393.56406271012
Nifty Energy TRI,2019-05-30,19630.35386894202
Nifty Energy TRI,2019-05-31,19674.350909595596
Nifty Energy TRI,2019-06-03,19915.28146964453
Nifty Energy TRI,2019-06-04,19776.127598900915
Nifty Energy TRI,2019-06-06,19413.030299802544
Nifty Energy TRI,2019-06-07,19291.29311676932
Nifty Energy TRI,2019-06-10,19168.61471440717
Nifty Energy TRI,2019-06-11,19294.702325358983
Nifty Energy TRI,2019-06-12,19262.384234666646
Nifty Energy TRI,2019-06-13,19272.033445583296
Nifty Energy TRI,2019-06-14,19164.088111219524
Nifty Energy TRI,2019-06-17,18778.214230857808
Nifty Energy TRI,2019-06-18,18915.093764283858
Nifty Energy TRI,2019-06-19,18895.94196798514
Nifty Energy TRI,2019-06-20,19127.64341520614
Nifty Energy TRI,2019-06-21,18974.620839186795
Nifty Energy TRI,2019-06-24,18776.588806926153
Nifty Energy TRI,2019-06-25,19147.44115140708
Nifty Energy TRI,2019-06-26,19266.440664089663
Nifty Energy TRI,2019-06-27,19208.20950439512
Nifty Energy TRI,2019-06-28,19096.06352027802
Nifty Energy TRI,2019-07-01,19000.925740353257
Nifty Energy TRI,2019-07-02,19189.7694595818
Nifty Energy TRI,2019-07-03,19254.954903836202
Nifty Energy TRI,2019-07-04,19289.613737308428
Nifty Energy TRI,2019-07-05,18832.115373471916
Nifty Energy TRI,2019-07-08,18313.404861477797
Nifty Energy TRI,2019-07-09,18561.64700129532
Nifty Energy TRI,2019-07-10,18418.538521082613
Nifty Energy TRI,2019-07-11,18516.400225843572
Nifty Energy TRI,2019-07-12,18380.416798316877
Nifty Energy TRI,2019-07-15,18358.62725219364
Nifty Energy TRI,2019-07-16,18644.02531455418
Nifty Energy TRI,2019-07-17,18487.696003347173
Nifty Energy TRI,2019-07-18,18177.414616940285
Nifty Energy TRI,2019-07-19,18138.52146157971
Nifty Energy TRI,2019-07-22,18376.29642584065
Nifty Energy TRI,2019-07-23,18421.189853439213
Nifty Energy TRI,2019-07-24,18206.61866302764
Nifty Energy TRI,2019-07-25,17952.330501015404
Nifty Energy TRI,2019-07-26,17785.684079618706
Nifty Energy TRI,2019-07-29,17602.221062694214
Nifty Energy TRI,2019-07-30,17283.85375519772
Nifty Energy TRI,2019-07-31,17360.18188174232
Nifty Energy TRI,2019-08-01,17397.64492189742
Nifty Energy TRI,2019-08-02,17212.590968370867
Nifty Energy TRI,2019-08-05,16746.630483889778
Nifty Energy TRI,2019-08-06,16719.17949622508
Nifty Energy TRI,2019-08-07,16484.34764606096
Nifty Energy TRI,2019-08-08,16847.265184945274
Nifty Energy TRI,2019-08-09,16887.459875142693
Nifty Energy TRI,2019-08-13,17211.94250913351
Nifty Energy TRI,2019-08-14,17380.694564727717
Nifty Energy TRI,2019-08-16,17418.809767571747
Nifty Energy TRI,2019-08-19,17420.012824483434
Nifty Energy TRI,2019-08-20,17237.80444999806
Nifty Energy TRI,2019-08-21,16978.392081033257
Nifty Energy TRI,2019-08-22,16592.272158113272
Nifty Energy TRI,2019-08-23,17057.606754863347
Nifty Energy TRI,2019-08-26,17204.61928417841
Nifty Energy TRI,2019-08-27,17442.052114920974
Nifty Energy TRI,2019-08-28,17252.47258553132
Nifty Energy TRI,2019-08-29,17248.30522196468
Nifty Energy TRI,2019-08-30,17179.573732147088
Nifty Energy TRI,2019-09-03,16693.688376951253
Nifty Energy TRI,2019-09-04,16790.868777420532
Nifty Energy TRI,2019-09-05,17133.796411878746
Nifty Energy TRI,2019-09-06,17436.674114872094
Nifty Energy TRI,2019-09-09,17471.403386580598
Nifty Energy TRI,2019-09-11,17434.337593608074
Nifty Energy TRI,2019-09-12,17219.663052334326
Nifty Energy TRI,2019-09-13,17606.236196791557
Nifty Energy TRI,2019-09-16,17377.77437261956
Nifty Energy TRI,2019-09-17,17142.882596508924
Nifty Energy TRI,2019-09-18,17327.34688283589
Nifty Energy TRI,2019-09-19,17080.106218926518
Nifty Energy TRI,2019-09-20,17771.331431601022
Nifty Energy TRI,2019-09-23,17942.515737778995
Nifty Energy TRI,2019-09-24,18064.827174935886
Nifty Energy TRI,2019-09-25,18159.63823854517
Nifty Energy TRI,2019-09-26,18481.00246407964
Nifty Energy TRI,2019-09-27,18406.185894138
Nifty Energy TRI,2019-09-30,18550.866275638957
Nifty Energy TRI,2019-10-01,18414.04291291721
Nifty Energy TRI,2019-10-03,18663.222496865863
Nifty Energy TRI,2019-10-04,18583.417131578637
Nifty Energy TRI,2019-10-07,18355.079693923464
Nifty Energy TRI,2019-10-09,18522.92086458243
Nifty Energy TRI,2019-10-10,18654.961873957745
Nifty Energy TRI,2019-10-11,18573.686208404084
Nifty Energy TRI,2019-10-14,18696.4177914145
Nifty Energy TRI,2019-10-15,18904.327171612196
Nifty Energy TRI,2019-10-16,18965.944839415006
Nifty Energy TRI,2019-10-17,19138.676796428033
Nifty Energy TRI,2019-10-18,19387.92167494407
Nifty Energy TRI,2019-10-22,19494.636099216463
Nifty Energy TRI,2019-10-23,19320.35906305377
Nifty Energy TRI,2019-10-24,19314.07976706196
Nifty Energy TRI,2019-10-25,19261.718634833367
Nifty Energy TRI,2019-10-29,19562.1076038431
Nifty Energy TRI,2019-10-30,19737.586034919746
Nifty Energy TRI,2019-10-31,19765.557398983234
Nifty Energy TRI,2019-11-01,19640.7204731332
Nifty Energy TRI,2019-11-04,19635.177591610467
Nifty Energy TRI,2019-11-05,19517.978697913542
Nifty Energy TRI,2019-11-06,19440.344238573394
Nifty Energy TRI,2019-11-07,19424.171855363318
Nifty Energy TRI,2019-11-08,19085.093229697806
Nifty Energy TRI,2019-11-11,19116.87827766609
Nifty Energy TRI,2019-11-13,19152.752110231573
Nifty Energy TRI,2019-11-14,19084.717439892433
Nifty Energy TRI,2019-11-15,19027.83544678432
Nifty Energy TRI,2019-11-18,19063.101987784696
Nifty Energy TRI,2019-11-19,19341.801821743113
Nifty Energy TRI,2019-11-20,19610.572141596407
Nifty Energy TRI,2019-11-21,19309.294540093222
Nifty Energy TRI,2019-11-22,19473.65206029208
Nifty Energy TRI,2019-11-25,19540.349543767923
Nifty Energy TRI,2019-11-26,19423.837586247646
Nifty Energy TRI,2019-11-27,19540.035996941413
Nifty Energy TRI,2019-11-28,19655.528101950054
Nifty Energy TRI,2019-11-29,19494.686063117864
Nifty Energy TRI,2019-12-02,19529.822170449002
Nifty Energy TRI,2019-12-03,19354.57851429825
Nifty Energy TRI,2019-12-04,19259.443014743316
Nifty Energy TRI,2019-12-05,19138.765900663944
Nifty Energy TRI,2019-12-06,18997.709967043895
Nifty Energy TRI,2019-12-09,19167.842885153554
Nifty Energy TRI,2019-12-10,18847.088747094058
Nifty Energy TRI,2019-12-11,19030.231105170824
Nifty Energy TRI,2019-12-12,19170.60841256673
Nifty Energy TRI,2019-12-13,19313.7056937358
Nifty Energy TRI,2019-12-16,19204.331249074585
Nifty Energy TRI,2019-12-17,19207.098081336557
Nifty Energy TRI,2019-12-18,19185.758242058426
Nifty Energy TRI,2019-12-19,19374.540586459698
Nifty Energy TRI,2019-12-20,19337.51570903794
Nifty Energy TRI,2019-12-23,19209.214487229674
Nifty Energy TRI,2019-12-24,19077.69233646566
Nifty Energy TRI,2019-12-26,18892.309343961155
Nifty Energy TRI,2019-12-27,19181.73377498369
Nifty Energy TRI,2019-12-30,19205.858097403296
Nifty Energy TRI,2019-12-31,19142.084996700938
Nifty Energy TRI,2020-01-01,19239.01216500259
Nifty Energy TRI,2020-01-02,19409.48094279312
Nifty Energy TRI,2020-01-03,19321.939260060102
Nifty Energy TRI,2020-01-06,18942.912916215206
Nifty Energy TRI,2020-01-07,19012.296469331228
Nifty Energy TRI,2020-01-08,18858.37259982411
Nifty Energy TRI,2020-01-09,19142.900516998307
Nifty Energy TRI,2020-01-10,19191.961270641215
Nifty Energy TRI,2020-01-13,19319.66613295121
Nifty Energy TRI,2020-01-14,19332.740151468424
Nifty Energy TRI,2020-01-15,19292.642695286493
Nifty Energy TRI,2020-01-16,19240.074994225517
Nifty Energy TRI,2020-01-17,19365.5863340518
Nifty Energy TRI,2020-01-20,19100.63573726839
Nifty Energy TRI,2020-01-21,19007.92129980305
Nifty Energy TRI,2020-01-22,18717.05471545176
Nifty Energy TRI,2020-01-23,18923.309948152968
Nifty Energy TRI,2020-01-24,18888.047188527653
Nifty Energy TRI,2020-01-27,18667.97501212898
Nifty Energy TRI,2020-01-28,18517.340396656124
Nifty Energy TRI,2020-01-29,18625.179698635795
Nifty Energy TRI,2020-01-30,18376.642746324498
Nifty Energy TRI,2020-01-31,17888.30115228844
Nifty Energy TRI,2020-02-03,17482.69825177714
Nifty Energy TRI,2020-02-04,18031.23131484288
Nifty Energy TRI,2020-02-05,18207.579233518194
Nifty Energy TRI,2020-02-06,18365.01343668412
Nifty Energy TRI,2020-02-07,18319.25457602661
Nifty Energy TRI,2020-02-10,18124.1649581621
Nifty Energy TRI,2020-02-11,18376.09492451924
Nifty Energy TRI,2020-02-12,18378.09457779248
Nifty Energy TRI,2020-02-13,18327.372622618608
Nifty Energy TRI,2020-02-14,18156.41608719089
Nifty Energy TRI,2020-02-17,17879.4586400444
Nifty Energy TRI,2020-02-18,17848.422280618262
Nifty Energy TRI,2020-02-19,18172.144201022187
Nifty Energy TRI,2020-02-20,18089.28406879887
Nifty Energy TRI,2020-02-24,17658.749810618625
Nifty Energy TRI,2020-02-25,17452.62760383162
Nifty Energy TRI,2020-02-26,17132.324645172288
Nifty Energy TRI,2020-02-27,16987.66616923545
Nifty Energy TRI,2020-02-28,16483.87424610987
Nifty Energy TRI,2020-03-02,16206.685938519635
Nifty Energy TRI,2020-03-03,16744.70438127335
Nifty Energy TRI,2020-03-04,16761.344352481276
Nifty Energy TRI,2020-03-05,16601.685254543798
Nifty Energy TRI,2020-03-06,16118.195004306494
Nifty Energy TRI,2020-03-09,15079.210215326584
Nifty Energy TRI,2020-03-11,14982.40340809973
Nifty Energy TRI,2020-03-12,13540.640347616387
Nifty Energy TRI,2020-03-13,14165.470598777723
Nifty Energy TRI,2020-03-16,13317.288229256545
Nifty Energy TRI,2020-03-17,13248.99732630411
Nifty Energy TRI,2020-03-18,12653.321558771746
Nifty Energy TRI,2020-03-19,12141.536165947618
Nifty Energy TRI,2020-03-20,13190.671952900066
Nifty Energy TRI,2020-03-23,11911.709812134615
Nifty Energy TRI,2020-03-24,12122.236776257223
Nifty Energy TRI,2020-03-25,12769.37978795183
Nifty Energy TRI,2020-03-26,12869.5589001664
Nifty Energy TRI,2020-03-27,12852.907875519677
Nifty Energy TRI,2020-03-30,12582.76863145394
Nifty Energy TRI,2020-03-31,13458.283798915087
Nifty Energy TRI,2020-04-01,13032.899145161578
Nifty Energy TRI,2020-04-03,13175.422127244936
Nifty Energy TRI,2020-04-07,14121.833010015689
Nifty Energy TRI,2020-04-08,14143.735887169285
Nifty Energy TRI,2020-04-09,14509.959899108993
Nifty Energy TRI,2020-04-13,14324.115957287268
Nifty Energy TRI,2020-04-15,14194.13672537193
Nifty Energy TRI,2020-04-16,14506.022074537415
Nifty Energy TRI,2020-04-17,14873.108892666412
Nifty Energy TRI,2020-04-20,15022.209158788632
Nifty Energy TRI,2020-04-21,14645.77166397091
Nifty Energy TRI,2020-04-22,15125.455107998594
Nifty Energy TRI,2020-04-23,15069.295845753002
Nifty Energy TRI,2020-04-24,15145.43091034937
Nifty Energy TRI,2020-04-27,15246.474128607491
Nifty Energy TRI,2020-04-28,15205.876820261905
Nifty Energy TRI,2020-04-29,15284.163295327093
Nifty Energy TRI,2020-04-30,15943.36686376814
Nifty Energy TRI,2020-05-04,15428.251128531143
Nifty Energy TRI,2020-05-05,15636.78551640038
Nifty Energy TRI,2020-05-06,15655.297319767462
Nifty Energy TRI,2020-05-07,15555.592941773773
Nifty Energy TRI,2020-05-08,15638.125353608262
Nifty Energy TRI,2020-05-11,15669.360786908655
Nifty Energy TRI,2020-05-12,15360.106221995457
Nifty Energy TRI,2020-05-13,15660.675329141111
Nifty Energy TRI,2020-05-14,15145.476278567947
Nifty Energy TRI,2020-05-15,15303.471721790698
Nifty Energy TRI,2020-05-18,14819.798615284919
Nifty Energy TRI,2020-05-19,14860.905055182458
Nifty Energy TRI,2020-05-20,15178.254152265074
Nifty Energy TRI,2020-05-21,15171.998327054047
Nifty Energy TRI,2020-05-22,15125.512243305655
Nifty Energy TRI,2020-05-26,15197.09403468393
Nifty Energy TRI,2020-05-27,15436.418060407479
Nifty Energy TRI,2020-05-28,15594.006016506317
Nifty Energy TRI,2020-05-29,15856.57067138427
Nifty Energy TRI,2020-06-01,16205.602442747704
Nifty Energy TRI,2020-06-02,16369.65956301272
Nifty Energy TRI,2020-06-03,16418.78703402026
Nifty Energy TRI,2020-06-04,16644.512001378665
Nifty Energy TRI,2020-06-05,16913.686676004243
Nifty Energy TRI,2020-06-08,17178.075657941827
Nifty Energy TRI,2020-06-09,16880.664106637963
Nifty Energy TRI,2020-06-10,16953.837459194423
Nifty Energy TRI,2020-06-11,16701.393487894475
Nifty Energy TRI,2020-06-12,16836.110005642233
Nifty Energy TRI,2020-06-15,16790.142534998427
Nifty Energy TRI,2020-06-16,16748.725374173046
Nifty Energy TRI,2020-06-17,16704.022422751503
Nifty Energy TRI,2020-06-18,17045.974847069727
Nifty Energy TRI,2020-06-19,17669.137395050006
Nifty Energy TRI,2020-06-22,17842.93617132274
Nifty Energy TRI,2020-06-23,18040.91383523201
Nifty Energy TRI,2020-06-24,17757.574490122846
Nifty Energy TRI,2020-06-25,17638.91307341355
Nifty Energy TRI,2020-06-26,18038.180499435093
Nifty Energy TRI,2020-06-29,17744.43735243416
Nifty Energy TRI,2020-06-30,17512.00580660254
Nifty Energy TRI,2020-07-01,17607.690749356207
Nifty Energy TRI,2020-07-02,17792.256807683298
Nifty Energy TRI,2020-07-03,17970.760506845465
Nifty Energy TRI,2020-07-06,18249.95146506295
Nifty Energy TRI,2020-07-07,17884.566977364088
Nifty Energy TRI,2020-07-08,17712.394340157767
Nifty Energy TRI,2020-07-09,17794.38385462163
Nifty Energy TRI,2020-07-10,17889.95452791623
Nifty Energy TRI,2020-07-13,18059.441365227398
Nifty Energy TRI,2020-07-14,17752.26808588018
Nifty Energy TRI,2020-07-15,17413.70656835675
Nifty Energy TRI,2020-07-16,17459.733296618087
Nifty Energy TRI,2020-07-17,18194.215916621346
Nifty Energy TRI,2020-07-20,18189.85664297612
Nifty Energy TRI,2020-07-21,18825.90558534829
Nifty Energy TRI,2020-07-22,18958.63294075582
Nifty Energy TRI,2020-07-23,19249.480231434703
Nifty Energy TRI,2020-07-24,19363.426761599374
Nifty Energy TRI,2020-07-27,19375.66051276622
Nifty Energy TRI,2020-07-28,19497.318531872126
Nifty Energy TRI,2020-07-29,19176.30661851839
Nifty Energy TRI,2020-07-30,18813.64262118796
Nifty Energy TRI,2020-07-31,18656.522119136003
Nifty Energy TRI,2020-08-03,18350.75103902707
Nifty Energy TRI,2020-08-04,18781.644124121754
Nifty Energy TRI,2020-08-05,18685.424117518927
Nifty Energy TRI,2020-08-06,18783.882267565627
Nifty Energy TRI,2020-08-07,18894.60321367147
Nifty Energy TRI,2020-08-10,18919.075721825462
Nifty Energy TRI,2020-08-11,19009.101376300874
Nifty Energy TRI,2020-08-12,18962.36767769113
Nifty Energy TRI,2020-08-13,18953.19165984412
Nifty Energy TRI,2020-08-14,18776.73764478918
Nifty Energy TRI,2020-08-17,19016.14214795501
Nifty Energy TRI,2020-08-18,19073.270576220897
Nifty Energy TRI,2020-08-19,19169.14295235207
Nifty Energy TRI,2020-08-20,19474.030382370707
Nifty Energy TRI,2020-08-21,19626.98002748857
Nifty Energy TRI,2020-08-24,19612.976251934997
Nifty Energy TRI,2020-08-25,19503.326545993725
Nifty Energy TRI,2020-08-26,19669.0780524105
Nifty Energy TRI,2020-08-27,19525.057731863246
Nifty Energy TRI,2020-08-28,19495.277140819817
Nifty Energy TRI,2020-08-31,19052.521392981933
Nifty Energy TRI,2020-09-01,19136.438595538875
Nifty Energy TRI,2020-09-02,19362.496436979574
Nifty Energy TRI,2020-09-03,19214.062536061992
Nifty Energy TRI,2020-09-04,18848.78783976675
Nifty Energy TRI,2020-09-07,18756.581520588396
Nifty Energy TRI,2020-09-08,18733.269332496675
Nifty Energy TRI,2020-09-09,18770.29862037275
Nifty Energy TRI,2020-09-10,19519.300466949295
Nifty Energy TRI,2020-09-11,19476.78750198289
Nifty Energy TRI,2020-09-14,19342.009161602153
Nifty Energy TRI,2020-09-15,19428.028268605758
Nifty Energy TRI,2020-09-16,19344.68046382205
Nifty Energy TRI,2020-09-17,19173.51105233317
Nifty Energy TRI,2020-09-18,19283.002050039842
Nifty Energy TRI,2020-09-21,18784.273701562583
Nifty Energy TRI,2020-09-22,18416.930320468604
Nifty Energy TRI,2020-09-23,18285.62139101263
Nifty Energy TRI,2020-09-24,17787.686329673485
Nifty Energy TRI,2020-09-25,18128.479664693066
Nifty Energy TRI,2020-09-28,18601.208535914073
Nifty Energy TRI,2020-09-29,18559.38824864739
Nifty Energy TRI,2020-09-30,18379.29415881588
Nifty Energy TRI,2020-10-01,18408.216152171204
Nifty Energy TRI,2020-10-05,18350.635318289536
Nifty Energy TRI,2020-10-06,18312.269960306287
Nifty Energy TRI,2020-10-07,18249.245162876276
Nifty Energy TRI,2020-10-08,18086.05452921084
Nifty Energy TRI,2020-10-09,18152.78531459242
Nifty Energy TRI,2020-10-12,18059.09206609317
Nifty Energy TRI,2020-10-13,18252.770909848863
Nifty Energy TRI,2020-10-14,18061.734227440797
Nifty Energy TRI,2020-10-15,17701.921658868385
Nifty Energy TRI,2020-10-16,17828.278414942808
Nifty Energy TRI,2020-10-19,18052.728023184227
Nifty Energy TRI,2020-10-20,17791.628581703597
Nifty Energy TRI,2020-10-21,17932.78444773043
Nifty Energy TRI,2020-10-22,18112.536096574306
Nifty Energy TRI,2020-10-23,18251.095248289916
Nifty Energy TRI,2020-10-26,17901.255827683915
Nifty Energy TRI,2020-10-27,18072.360206601967
Nifty Energy TRI,2020-10-28,17995.150643165798
Nifty Energy TRI,2020-10-29,18037.63566917431
Nifty Energy TRI,2020-10-30,18351.951692793544
Nifty Energy TRI,2020-11-02,17899.7151341901
Nifty Energy TRI,2020-11-03,17805.616917918134
Nifty Energy TRI,2020-11-04,17929.303039312414
Nifty Energy TRI,2020-11-05,18410.667222267082
Nifty Energy TRI,2020-11-06,18608.381029719607
Nifty Energy TRI,2020-11-09,18992.689081399345
Nifty Energy TRI,2020-11-10,19265.45851264277
Nifty Energy TRI,2020-11-11,19340.7886463099
Nifty Energy TRI,2020-11-12,19304.725511333832
Nifty Energy TRI,2020-11-13,19460.450505635406
Nifty Energy TRI,2020-11-17,19533.839070856353
Nifty Energy TRI,2020-11-18,19517.584047977347
Nifty Energy TRI,2020-11-19,19568.368717362653
Nifty Energy TRI,2020-11-20,19579.594718685625
Nifty Energy TRI,2020-11-23,20130.10567768233
Nifty Energy TRI,2020-11-24,20198.795739435234
Nifty Energy TRI,2020-11-25,20110.96660831653
Nifty Energy TRI,2020-11-26,20060.6203706068
Nifty Energy TRI,2020-11-27,19946.262707830334
Nifty Energy TRI,2020-12-01,20225.388831789896
Nifty Energy TRI,2020-12-02,20503.684577780466
Nifty Energy TRI,2020-12-03,20799.8135574851
Nifty Energy TRI,2020-12-04,20779.321128321626
Nifty Energy TRI,2020-12-07,20875.19955788092
Nifty Energy TRI,2020-12-08,20838.311421629165
Nifty Energy TRI,2020-12-09,20987.18173029752
Nifty Energy TRI,2020-12-10,20796.636775748684
Nifty Energy TRI,2020-12-11,21132.540390243248
Nifty Energy TRI,2020-12-14,21317.28432438407
Nifty Energy TRI,2020-12-15,21232.549671237746
Nifty Energy TRI,2020-12-16,21358.898656915608
Nifty Energy TRI,2020-12-17,21286.936088368235
Nifty Energy TRI,2020-12-18,21175.638974869795
Nifty Energy TRI,2020-12-21,20129.17755681697
Nifty Energy TRI,2020-12-22,20365.820723064273
Nifty Energy TRI,2020-12-23,20439.803327030724
Nifty Energy TRI,2020-12-24,20726.83307350309
Nifty Energy TRI,2020-12-28,20909.819074388277
Nifty Energy TRI,2020-12-29,20780.535512779745
Nifty Energy TRI,2020-12-30,20842.523189340878
Nifty Energy TRI,2020-12-31,20811.482470193903
Nifty Energy TRI,2021-01-04,21128.459308596837
Nifty Energy TRI,2021-01-05,20999.811883056023
Nifty Energy TRI,2021-01-06,21034.647495247504
Nifty Energy TRI,2021-01-07,20968.110379640057
Nifty Energy TRI,2021-01-08,21230.69663419384
Nifty Energy TRI,2021-01-11,21054.08367088284
Nifty Energy TRI,2021-01-12,21327.38089030587
Nifty Energy TRI,2021-01-13,21452.405914018746
Nifty Energy TRI,2021-01-14,21748.161970767796
Nifty Energy TRI,2021-01-15,21345.288641407788
Nifty Energy TRI,2021-01-18,21176.375587901955
Nifty Energy TRI,2021-01-19,21568.9149953585
Nifty Energy TRI,2021-01-20,21665.93194108255
Nifty Energy TRI,2021-01-21,21627.634413506752
Nifty Energy TRI,2021-01-25,20657.51208151143
Nifty Energy TRI,2021-01-27,20303.492889457688
Nifty Energy TRI,2021-01-28,20276.18445362359
Nifty Energy TRI,2021-01-29,19907.13379461148
Nifty Energy TRI,2021-02-01,20438.488017464024
Nifty Energy TRI,2021-02-02,20886.94330318096
Nifty Energy TRI,2021-02-03,21222.142463424654
Nifty Energy TRI,2021-02-04,21520.963744399807
Nifty Energy TRI,2021-02-05,21463.76711287721
Nifty Energy TRI,2021-02-08,21773.98552635793
Nifty Energy TRI,2021-02-09,21801.60149231392
Nifty Energy TRI,2021-02-10,21828.789666637964
Nifty Energy TRI,2021-02-11,22125.368039505564
Nifty Energy TRI,2021-02-12,21888.909276713584
Nifty Energy TRI,2021-02-16,22358.140492963357
Nifty Energy TRI,2021-02-18,23151.849874236887
Nifty Energy TRI,2021-02-19,23043.264036780223
Nifty Energy TRI,2021-02-22,22622.187645420887
Nifty Energy TRI,2021-02-23,23093.172214024005
Nifty Energy TRI,2021-02-24,23174.625350616217
Nifty Energy TRI,2021-02-25,23883.411832497208
Nifty Energy TRI,2021-02-26,23190.89827091304
Nifty Energy TRI,2021-03-01,23646.458089361644
Nifty Energy TRI,2021-03-02,23825.97585576657
Nifty Energy TRI,2021-03-03,24279.97497143806
Nifty Energy TRI,2021-03-04,24080.517126393235
Nifty Energy TRI,2021-03-05,23984.3002339793
Nifty Energy TRI,2021-03-08,24262.883383948996
Nifty Energy TRI,2021-03-09,23936.859964134193
Nifty Energy TRI,2021-03-10,23871.725778051994
Nifty Energy TRI,2021-03-12,23858.577884383005
Nifty Energy TRI,2021-03-15,23868.524373956465
Nifty Energy TRI,2021-03-16,23833.256073536657
Nifty Energy TRI,2021-03-17,23094.36706188782
Nifty Energy TRI,2021-03-18,22738.01525820641
Nifty Energy TRI,2021-03-19,23457.218673573647
Nifty Energy TRI,2021-03-22,23469.258369434603
Nifty Energy TRI,2021-03-23,23487.712182169256
Nifty Energy TRI,2021-03-24,23082.744110228297
Nifty Energy TRI,2021-03-25,22412.486528381032
Nifty Energy TRI,2021-03-26,22518.02232061357
Nifty Energy TRI,2021-03-30,22772.204838194004
Nifty Energy TRI,2021-03-31,22484.484855404604
Nifty Energy TRI,2021-04-01,22895.228250216223
Nifty Energy TRI,2021-04-05,22549.436364951125
Nifty Energy TRI,2021-04-06,22532.16651630132
Nifty Energy TRI,2021-04-07,22677.24039520465
Nifty Energy TRI,2021-04-08,22607.09363807731
Nifty Energy TRI,2021-04-09,22363.00212015293
Nifty Energy TRI,2021-04-12,21379.997719931584
Nifty Energy TRI,2021-04-13,21867.997536259758
Nifty Energy TRI,2021-04-15,22005.308017933487
Nifty Energy TRI,2021-04-16,22080.133212823865
Nifty Energy TRI,2021-04-19,21485.83886234743
Nifty Energy TRI,2021-04-20,21467.622131717108
Nifty Energy TRI,2021-04-22,21506.020795996334
Nifty Energy TRI,2021-04-23,21713.75849891706
Nifty Energy TRI,2021-04-26,21887.665037040548
Nifty Energy TRI,2021-04-27,22141.852327563134
Nifty Energy TRI,2021-04-28,22281.139606005705
Nifty Energy TRI,2021-04-29,22372.26287084264
Nifty Energy TRI,2021-04-30,22333.959508665153
Nifty Energy TRI,2021-05-03,22278.859313079127
Nifty Energy TRI,2021-05-04,22236.141766688866
Nifty Energy TRI,2021-05-06,22524.212780582224
Nifty Energy TRI,2021-05-07,22671.031754291234
Nifty Energy TRI,2021-05-10,23040.01934511913
Nifty Energy TRI,2021-05-12,23200.617504824066
Nifty Energy TRI,2021-05-14,23123.484118033808
Nifty Energy TRI,2021-05-17,23368.28227424205
Nifty Energy TRI,2021-05-18,23809.242019656114
Nifty Energy TRI,2021-05-19,23942.785249849567
Nifty Energy TRI,2021-05-21,23968.211270538493
Nifty Energy TRI,2021-05-24,24291.590637398105
Nifty Energy TRI,2021-05-26,23968.77651607795
Nifty Energy TRI,2021-05-27,23938.38197754471
Nifty Energy TRI,2021-05-28,24276.59868767463
Nifty Energy TRI,2021-06-01,24791.19463813834
Nifty Energy TRI,2021-06-02,25098.843519202877
Nifty Energy TRI,2021-06-03,25230.53576431903
Nifty Energy TRI,2021-06-04,25281.253937867652
Nifty Energy TRI,2021-06-07,25752.429557588574
Nifty Energy TRI,2021-06-08,25755.268488472455
Nifty Energy TRI,2021-06-09,25662.68946630235
Nifty Energy TRI,2021-06-10,25718.35701591614
Nifty Energy TRI,2021-06-11,25824.690172451315
Nifty Energy TRI,2021-06-14,25960.333334087663
Nifty Energy TRI,2021-06-15,25958.651284147832
Nifty Energy TRI,2021-06-16,25802.760647148843
Nifty Energy TRI,2021-06-17,25544.868617248594
Nifty Energy TRI,2021-06-18,25049.11423833775
Nifty Energy TRI,2021-06-21,25395.647305487342
Nifty Energy TRI,2021-06-22,25461.151891451405
Nifty Energy TRI,2021-06-23,25291.870800916004
Nifty Energy TRI,2021-06-24,24952.130094444485
Nifty Energy TRI,2021-06-25,24807.095545027398
Nifty Energy TRI,2021-06-28,24684.059608078456
Nifty Energy TRI,2021-06-29,24673.90809061902
Nifty Energy TRI,2021-06-30,24642.124061864182
Nifty Energy TRI,2021-07-01,24502.052235881027
Nifty Energy TRI,2021-07-02,24473.112122869225
Nifty Energy TRI,2021-07-06,24531.11527118516
Nifty Energy TRI,2021-07-07,24492.468711478417
Nifty Energy TRI,2021-07-08,24374.09191156617
Nifty Energy TRI,2021-07-09,24255.827243238782
Nifty Energy TRI,2021-07-12,24217.99227361914
Nifty Energy TRI,2021-07-13,24347.950172326964
Nifty Energy TRI,2021-07-14,24292.355570159663
Nifty Energy TRI,2021-07-15,24183.997282405264
Nifty Energy TRI,2021-07-16,24348.943771863705
Nifty Energy TRI,2021-07-19,24290.322356302127
Nifty Energy TRI,2021-07-20,24033.694149575855
Nifty Energy TRI,2021-07-22,24397.66957630204
Nifty Energy TRI,2021-07-23,24279.30641331112
Nifty Energy TRI,2021-07-26,24030.02373163045
Nifty Energy TRI,2021-07-27,23802.411712295005
Nifty Energy TRI,2021-07-28,23673.828347668623
Nifty Energy TRI,2021-07-29,23629.909642081184
Nifty Energy TRI,2021-07-30,23580.009305824984
Nifty Energy TRI,2021-08-02,23951.673963780966
Nifty Energy TRI,2021-08-03,24147.612290529374
Nifty Energy TRI,2021-08-04,24173.839327453312
Nifty Energy TRI,2021-08-05,24209.22808751517
Nifty Energy TRI,2021-08-06,24184.944852782875
Nifty Energy TRI,2021-08-09,24015.99525917193
Nifty Energy TRI,2021-08-10,23846.69872200251
Nifty Energy TRI,2021-08-11,24178.37844042168
Nifty Energy TRI,2021-08-12,24426.96807796142
Nifty Energy TRI,2021-08-13,24525.643336122324
Nifty Energy TRI,2021-08-16,24665.910232450293
Nifty Energy TRI,2021-08-17,24588.08744148945
Nifty Energy TRI,2021-08-18,24542.861504796798
Nifty Energy TRI,2021-08-20,24126.44318655896
Nifty Energy TRI,2021-08-23,24110.117019013745
Nifty Energy TRI,2021-08-24,24398.851473458017
Nifty Energy TRI,2021-08-25,24643.216857921103
Nifty Energy TRI,2021-08-26,24779.15305750968
Nifty Energy TRI,2021-08-27,24877.180007566574
Nifty Energy TRI,2021-08-30,25257.42707010745
Nifty Energy TRI,2021-08-31,25316.389182182233
Nifty Energy TRI,2021-09-01,25401.3163039234
Nifty Energy TRI,2021-09-02,25539.41084108037
Nifty Energy TRI,2021-09-03,26124.981985584374
Nifty Energy TRI,2021-09-06,26222.705651058073
Nifty Energy TRI,2021-09-07,26131.832936914157
Nifty Energy TRI,2021-09-08,26221.022457509494
Nifty Energy TRI,2021-09-09,26401.9200692489
Nifty Energy TRI,2021-09-13,26208.731039830287
Nifty Energy TRI,2021-09-14,26268.112413825995
Nifty Energy TRI,2021-09-15,26664.00552958615
Nifty Energy TRI,2021-09-16,27058.508963726166
Nifty Energy TRI,2021-09-17,26784.58995816833
Nifty Energy TRI,2021-09-20,26500.553568329582
Nifty Energy TRI,2021-09-21,26640.8691439146
Nifty Energy TRI,2021-09-22,26860.786033001452
Nifty Energy TRI,2021-09-23,27354.672460642156
Nifty Energy TRI,2021-09-24,27135.38417345208
Nifty Energy TRI,2021-09-27,27502.165680146016
Nifty Energy TRI,2021-09-28,28057.852108999596
Nifty Energy TRI,2021-09-29,28578.485294596077
Nifty Energy TRI,2021-09-30,28572.688174719027
Nifty Energy TRI,2021-10-01,28751.458574102508
Nifty Energy TRI,2021-10-04,29174.690841569718
Nifty Energy TRI,2021-10-05,30016.10299202192
Nifty Energy TRI,2021-10-06,29882.657440457027
Nifty Energy TRI,2021-10-07,29767.391625757016
Nifty Energy TRI,2021-10-08,29891.596898579177
Nifty Energy TRI,2021-10-11,30221.20944957595
Nifty Energy TRI,2021-10-12,30353.599168423298
Nifty Energy TRI,2021-10-13,30778.792037971485
Nifty Energy TRI,2021-10-14,30983.227786246985
Nifty Energy TRI,2021-10-18,31469.054019585317
Nifty Energy TRI,2021-10-19,31016.611901016382
Nifty Energy TRI,2021-10-20,30513.115972044547
Nifty Energy TRI,2021-10-21,30420.50604502305
Nifty Energy TRI,2021-10-22,30389.901159392804
Nifty Energy TRI,2021-10-25,30244.736019553693
Nifty Energy TRI,2021-10-26,30512.257200200922
Nifty Energy TRI,2021-10-27,30279.20223510367
Nifty Energy TRI,2021-10-28,29524.758990500373
Nifty Energy TRI,2021-10-29,29094.842955727374
Nifty Energy TRI,2021-11-01,29436.178669630786
Nifty Energy TRI,2021-11-02,29334.22966371053
Nifty Energy TRI,2021-11-03,29420.83518127209
Nifty Energy TRI,2021-11-04,29541.084843721612
Nifty Energy TRI,2021-11-08,29992.58717159529
Nifty Energy TRI,2021-11-09,30076.443093954906
Nifty Energy TRI,2021-11-10,30124.59739766463
Nifty Energy TRI,2021-11-11,29942.748029782295
Nifty Energy TRI,2021-11-12,30338.722249719474
Nifty Energy TRI,2021-11-15,30418.784464305783
Nifty Energy TRI,2021-11-16,30014.21856545251
Nifty Energy TRI,2021-11-17,29882.18954622155
Nifty Energy TRI,2021-11-18,29829.37329084519
Nifty Energy TRI,2021-11-22,28988.76416079259
Nifty Energy TRI,2021-11-23,29578.17937738137
Nifty Energy TRI,2021-11-24,29659.07615155939
Nifty Energy TRI,2021-11-25,30373.45350742298
Nifty Energy TRI,2021-11-26,29285.525688273243
Nifty Energy TRI,2021-11-29,28917.874023035416
Nifty Energy TRI,2021-11-30,28632.684682974974
Nifty Energy TRI,2021-12-01,28994.903080491637
Nifty Energy TRI,2021-12-02,29474.41083783188
Nifty Energy TRI,2021-12-03,29183.49571198172
Nifty Energy TRI,2021-12-06,28739.619096158924
Nifty Energy TRI,2021-12-07,29082.705745380186
Nifty Energy TRI,2021-12-08,29323.290251814185
Nifty Energy TRI,2021-12-09,29382.149074265584
Nifty Energy TRI,2021-12-10,29411.074490501986
Nifty Energy TRI,2021-12-13,29099.192731099163
Nifty Energy TRI,2021-12-14,29332.016268723186
Nifty Energy TRI,2021-12-15,29113.144575756705
Nifty Energy TRI,2021-12-16,29101.632745411436
Nifty Energy TRI,2021-12-17,28576.683421866106
Nifty Energy TRI,2021-12-20,27721.03671397987
Nifty Energy TRI,2021-12-21,28043.307866304196
Nifty Energy TRI,2021-12-22,28364.802772224342
Nifty Energy TRI,2021-12-23,28729.988107279616
Nifty Energy TRI,2021-12-24,28378.923008868445
Nifty Energy TRI,2021-12-27,28349.56595402333
Nifty Energy TRI,2021-12-28,28671.883128360594
Nifty Energy TRI,2021-12-29,28584.051658400498
Nifty Energy TRI,2021-12-30,28259.05742536585
Nifty Energy TRI,2021-12-31,28444.930813004088
Nifty Energy TRI,2022-01-03,28723.178465840894
Nifty Energy TRI,2022-01-04,29379.989187853953
Nifty Energy TRI,2022-01-05,29567.369149942737
Nifty Energy TRI,2022-01-06,29383.80462381359
Nifty Energy TRI,2022-01-07,29645.9567623641
Nifty Energy TRI,2022-01-10,29820.592126814678
Nifty Energy TRI,2022-01-11,30188.290156016657
Nifty Energy TRI,2022-01-12,30834.6843548562
Nifty Energy TRI,2022-01-13,31216.069417853167
Nifty Energy TRI,2022-01-14,31281.20007631828
Nifty Energy TRI,2022-01-17,31685.176612991843
Nifty Energy TRI,2022-01-18,31524.06404789421
Nifty Energy TRI,2022-01-19,31826.66931845741
Nifty Energy TRI,2022-01-20,31798.554514048596
Nifty Energy TRI,2022-01-21,31530.832207331754
Nifty Energy TRI,2022-01-24,30742.76623489882
Nifty Energy TRI,2022-01-25,31111.075317756142
Nifty Energy TRI,2022-01-27,30914.118039049008
Nifty Energy TRI,2022-01-28,31067.033580855485
Nifty Energy TRI,2022-01-31,31459.088828194508
Nifty Energy TRI,2022-02-01,31340.70511874922
Nifty Energy TRI,2022-02-02,31481.727529271764
Nifty Energy TRI,2022-02-03,31143.56605020773
Nifty Energy TRI,2022-02-04,31107.890837680163
Nifty Energy TRI,2022-02-07,31271.98393801438
Nifty Energy TRI,2022-02-08,30865.5554614775
Nifty Energy TRI,2022-02-09,30884.33843996075
Nifty Energy TRI,2022-02-10,31101.878768943923
Nifty Energy TRI,2022-02-11,30932.55923840347
Nifty Energy TRI,2022-02-14,30119.071818840985
Nifty Energy TRI,2022-02-15,30705.644537540087
Nifty Energy TRI,2022-02-16,30744.21192610308
Nifty Energy TRI,2022-02-17,31206.107226970984
Nifty Energy TRI,2022-02-18,30934.117893140574
Nifty Energy TRI,2022-02-21,30477.836860095427
Nifty Energy TRI,2022-02-22,30469.502160683372
Nifty Energy TRI,2022-02-23,30469.30063379182
Nifty Energy TRI,2022-02-24,28911.732328220838
Nifty Energy TRI,2022-02-25,29748.899832699055
Nifty Energy TRI,2022-02-28,30538.099594117783
Nifty Energy TRI,2022-03-02,30930.952267703702
Nifty Energy TRI,2022-03-03,31497.441990701966
Nifty Energy TRI,2022-03-04,30897.673070561737
Nifty Energy TRI,2022-03-07,30545.160307685466
Nifty Energy TRI,2022-03-08,30573.984865521445
Nifty Energy TRI,2022-03-09,30866.18090076593
Nifty Energy TRI,2022-03-10,31319.258340679262
Nifty Energy TRI,2022-03-11,31557.9581731581
Nifty Energy TRI,2022-03-14,31419.062899874825
Nifty Energy TRI,2022-03-15,30736.90038507532
Nifty Energy TRI,2022-03-16,31288.984413253515
Nifty Energy TRI,2022-03-17,31948.63848957353
Nifty Energy TRI,2022-03-21,31491.333392803834
Nifty Energy TRI,2022-03-22,32027.238570947076
Nifty Energy TRI,2022-03-23,32294.693366612624
Nifty Energy TRI,2022-03-24,32573.673445968972
Nifty Energy TRI,2022-03-25,32631.76292667599
Nifty Energy TRI,2022-03-28,32834.367484550174
Nifty Energy TRI,2022-03-29,32710.797531707885
Nifty Energy TRI,2022-03-30,32670.102327631823
Nifty Energy TRI,2022-03-31,32628.83452255734
Nifty Energy TRI,2022-04-01,33430.05702114112
Nifty Energy TRI,2022-04-04,33924.53294500291
Nifty Energy TRI,2022-04-05,34317.94689344076
Nifty Energy TRI,2022-04-06,34726.26028106777
Nifty Energy TRI,2022-04-07,34138.10507498609
Nifty Energy TRI,2022-04-08,34781.78658696503
Nifty Energy TRI,2022-04-11,35701.62209107747
Nifty Energy TRI,2022-04-12,35480.94361489898
Nifty Energy TRI,2022-04-13,35653.3320306737
Nifty Energy TRI,2022-04-18,35954.2634408935
Nifty Energy TRI,2022-04-19,35978.73405110343
Nifty Energy TRI,2022-04-20,36296.96561128286
Nifty Energy TRI,2022-04-21,36723.34676203329
Nifty Energy TRI,2022-04-22,36537.83346603493
Nifty Energy TRI,2022-04-25,35629.984328250335
Nifty Energy TRI,2022-04-26,36578.11701565427
Nifty Energy TRI,2022-04-27,36105.68126178858
Nifty Energy TRI,2022-04-28,36764.10611502044
Nifty Energy TRI,2022-04-29,36194.2232423481
Nifty Energy TRI,2022-05-02,36174.73978775125
Nifty Energy TRI,2022-05-04,35707.719452987374
Nifty Energy TRI,2022-05-05,35815.57832528387
Nifty Energy TRI,2022-05-06,35886.2196446391
Nifty Energy TRI,2022-05-09,34918.97759478659
Nifty Energy TRI,2022-05-10,33668.49610017691
Nifty Energy TRI,2022-05-11,33522.74147962812
Nifty Energy TRI,2022-05-12,32580.29846672238
Nifty Energy TRI,2022-05-13,32111.605828191125
Nifty Energy TRI,2022-05-16,32509.82207930255
Nifty Energy TRI,2022-05-17,33523.51349755952
Nifty Energy TRI,2022-05-18,33346.89652153422
Nifty Energy TRI,2022-05-19,32746.72510672575
Nifty Energy TRI,2022-05-20,33501.180641354746
Nifty Energy TRI,2022-05-23,33023.57881755302
Nifty Energy TRI,2022-05-24,32736.768380269914
Nifty Energy TRI,2022-05-25,32680.14966462046
Nifty Energy TRI,2022-05-26,32659.845406696677
Nifty Energy TRI,2022-05-27,32346.59074781839
Nifty Energy TRI,2022-05-30,32871.355566890976
Nifty Energy TRI,2022-05-31,32518.216194836492
Nifty Energy TRI,2022-06-01,32285.9648501463
Nifty Energy TRI,2022-06-02,32937.54289932374
Nifty Energy TRI,2022-06-03,32830.102980358744
Nifty Energy TRI,2022-06-06,32769.93677448566
Nifty Energy TRI,2022-06-07,33116.415453704234
Nifty Energy TRI,2022-06-08,32958.96193207124
Nifty Energy TRI,2022-06-09,33356.1195379523
Nifty Energy TRI,2022-06-10,32750.021062495227
Nifty Energy TRI,2022-06-13,32132.576865419043
Nifty Energy TRI,2022-06-14,31957.173557949332
Nifty Energy TRI,2022-06-15,31577.38786602054
Nifty Energy TRI,2022-06-16,30935.675229837037
Nifty Energy TRI,2022-06-17,30664.768577479175
Nifty Energy TRI,2022-06-20,30093.988652608812
Nifty Energy TRI,2022-06-21,30927.05069164068
Nifty Energy TRI,2022-06-22,30212.815566862686
Nifty Energy TRI,2022-06-23,30088.256081354546
Nifty Energy TRI,2022-06-24,30507.568351325317
Nifty Energy TRI,2022-06-27,30788.474630678378
Nifty Energy TRI,2022-06-28,31094.931308931296
Nifty Energy TRI,2022-06-29,31725.2523056024
Nifty Energy TRI,2022-06-30,31899.736155037604
Nifty Energy TRI,2022-07-01,30649.317424460656
Nifty Energy TRI,2022-07-04,30598.05539528517
Nifty Energy TRI,2022-07-05,30791.524265946497
Nifty Energy TRI,2022-07-06,30602.972589342142
Nifty Energy TRI,2022-07-07,30642.864065941474
Nifty Energy TRI,2022-07-08,30947.842699535908
Nifty Energy TRI,2022-07-11,31789.70458219452
Nifty Energy TRI,2022-07-12,31909.77283224706
Nifty Energy TRI,2022-07-13,31439.644541787387
Nifty Energy TRI,2022-07-14,31757.049855368707
Nifty Energy TRI,2022-07-15,31745.145499648333
Nifty Energy TRI,2022-07-18,32151.004687242912
Nifty Energy TRI,2022-07-19,32271.906411774613
Nifty Energy TRI,2022-07-20,32573.382953673045
Nifty Energy TRI,2022-07-21,32717.032391910685
Nifty Energy TRI,2022-07-22,32594.37641092123
Nifty Energy TRI,2022-07-25,32268.367900573616
Nifty Energy TRI,2022-07-26,32158.951546038435
Nifty Energy TRI,2022-07-27,32167.612979716105
Nifty Energy TRI,2022-07-28,32521.912124895993
Nifty Energy TRI,2022-07-29,33112.905855080644
Nifty Energy TRI,2022-08-01,34045.55839682426
Nifty Energy TRI,2022-08-02,34419.360505752506
Nifty Energy TRI,2022-08-03,34438.91572495138
Nifty Energy TRI,2022-08-04,34124.59542429077
Nifty Energy TRI,2022-08-05,33636.31844371671
Nifty Energy TRI,2022-08-08,34037.34844139088
Nifty Energy TRI,2022-08-10,33959.76839083954
Nifty Energy TRI,2022-08-11,33957.97078831259
Nifty Energy TRI,2022-08-12,34599.66258689053
Nifty Energy TRI,2022-08-16,34988.020613552304
Nifty Energy TRI,2022-08-17,35177.33532688124
Nifty Energy TRI,2022-08-18,35206.891035747256
Nifty Energy TRI,2022-08-19,35001.60193085567
Nifty Energy TRI,2022-08-22,34710.199639033686
Nifty Energy TRI,2022-08-23,35040.78805741302
Nifty Energy TRI,2022-08-24,35131.14504852182
Nifty Energy TRI,2022-08-25,35073.836687916235
Nifty Energy TRI,2022-08-26,35343.3152166633
Nifty Energy TRI,2022-08-29,35136.44727705892
Nifty Energy TRI,2022-08-30,35836.08594985675
Nifty Energy TRI,2022-09-01,35153.37845480519
Nifty Energy TRI,2022-09-02,34891.54205591081
Nifty Energy TRI,2022-09-05,35118.25867114296
Nifty Energy TRI,2022-09-06,35571.67111134347
Nifty Energy TRI,2022-09-07,35361.13078786793
Nifty Energy TRI,2022-09-08,35445.90704705354
Nifty Energy TRI,2022-09-09,35332.36164365526
Nifty Energy TRI,2022-09-12,35662.35804578157
Nifty Energy TRI,2022-09-13,35793.50268353579
Nifty Energy TRI,2022-09-14,35677.00967146152
Nifty Energy TRI,2022-09-15,35956.542461111065
Nifty Energy TRI,2022-09-16,35392.86106306331
Nifty Energy TRI,2022-09-19,35217.842614093315
Nifty Energy TRI,2022-09-20,35395.61405386522
Nifty Energy TRI,2022-09-21,34868.819434097386
Nifty Energy TRI,2022-09-22,34760.130244697626
Nifty Energy TRI,2022-09-23,33838.66461862085
Nifty Energy TRI,2022-09-26,32802.682844687384
Nifty Energy TRI,2022-09-27,32802.21253559986
Nifty Energy TRI,2022-09-28,32291.902214103735
Nifty Energy TRI,2022-09-29,32024.490613632974
Nifty Energy TRI,2022-09-30,32679.05278028039
Nifty Energy TRI,2022-10-03,32188.255911381428
Nifty Energy TRI,2022-10-04,32861.06424047753
Nifty Energy TRI,2022-10-06,33053.59998598221
Nifty Energy TRI,2022-10-07,33079.53170922009
Nifty Energy TRI,2022-10-10,32750.03943438107
Nifty Energy TRI,2022-10-11,32225.524983175685
Nifty Energy TRI,2022-10-12,32541.47767255659
Nifty Energy TRI,2022-10-13,32370.186780743
Nifty Energy TRI,2022-10-14,32048.71114967786
Nifty Energy TRI,2022-10-17,32543.180969717112
Nifty Energy TRI,2022-10-18,32967.64565115113
Nifty Energy TRI,2022-10-19,32895.303503414965
Nifty Energy TRI,2022-10-20,33356.2904948816
Nifty Energy TRI,2022-10-21,33137.25820152021
Nifty Energy TRI,2022-10-24,33333.41056914775
Nifty Energy TRI,2022-10-25,32998.79677393692
Nifty Energy TRI,2022-10-27,33433.98823989042
Nifty Energy TRI,2022-10-28,33900.53697323995
Nifty Energy TRI,2022-10-31,34136.19711424158
Nifty Energy TRI,2022-11-01,34428.76749781064
Nifty Energy TRI,2022-11-02,34454.17831738991
Nifty Energy TRI,2022-11-03,34266.20637645389
Nifty Energy TRI,2022-11-04,34430.31386564811
Nifty Energy TRI,2022-11-07,34700.6040078866
Nifty Energy TRI,2022-11-09,34498.89771312464
Nifty Energy TRI,2022-11-10,34207.252008698066
Nifty Energy TRI,2022-11-11,34521.00309022977
Nifty Energy TRI,2022-11-14,34412.72703822752
Nifty Energy TRI,2022-11-15,34579.5714805718
Nifty Energy TRI,2022-11-16,34280.7798477436
Nifty Energy TRI,2022-11-17,34057.473341941404
Nifty Energy TRI,2022-11-18,33937.91927825799
Nifty Energy TRI,2022-11-21,33498.81918056865
Nifty Energy TRI,2022-11-22,33383.23757141064
Nifty Energy TRI,2022-11-23,33423.73642731925
Nifty Energy TRI,2022-11-24,33724.032262661865
Nifty Energy TRI,2022-11-25,33905.03539510713
Nifty Energy TRI,2022-11-28,34362.60286311347
Nifty Energy TRI,2022-11-29,34466.762196463416
Nifty Energy TRI,2022-11-30,35070.8314352456
Nifty Energy TRI,2022-12-01,34853.85999822103
Nifty Energy TRI,2022-12-02,34657.05821742021
Nifty Energy TRI,2022-12-05,34539.62063431461
Nifty Energy TRI,2022-12-06,34656.34065517612
Nifty Energy TRI,2022-12-07,34265.20981997785
Nifty Energy TRI,2022-12-08,34175.79237958374
Nifty Energy TRI,2022-12-09,33827.94561359683
Nifty Energy TRI,2022-12-12,33936.44422537522
Nifty Energy TRI,2022-12-13,33979.58816405989
Nifty Energy TRI,2022-12-14,34194.17193274658
Nifty Energy TRI,2022-12-15,33992.42719702574
Nifty Energy TRI,2022-12-16,33754.21365919626
Nifty Energy TRI,2022-12-19,34115.40799713289
Nifty Energy TRI,2022-12-20,34169.81409623167
Nifty Energy TRI,2022-12-21,33537.43906171344
Nifty Energy TRI,2022-12-22,33223.494195314954
Nifty Energy TRI,2022-12-23,31942.568680520857
Nifty Energy TRI,2022-12-27,32928.401593839335
Nifty Energy TRI,2022-12-28,33037.7915681548
Nifty Energy TRI,2022-12-29,33217.31821103213
Nifty Energy TRI,2022-12-30,33227.32487017284
Nifty Energy TRI,2023-01-02,33440.283546517705
Nifty Energy TRI,2023-01-03,33409.25993510785
Nifty Energy TRI,2023-01-04,32897.65724154556
Nifty Energy TRI,2023-01-05,33043.90590953947
Nifty Energy TRI,2023-01-06,33060.009046654784
Nifty Energy TRI,2023-01-09,33625.095201836484
Nifty Energy TRI,2023-01-10,33535.78344682299
Nifty Energy TRI,2023-01-11,33259.76538417947
Nifty Energy TRI,2023-01-12,33034.231483797106
Nifty Energy TRI,2023-01-13,33245.669414052536
Nifty Energy TRI,2023-01-16,33462.91737130177
Nifty Energy TRI,2023-01-17,33856.04491776088
Nifty Energy TRI,2023-01-18,33782.77661677415
Nifty Energy TRI,2023-01-19,33643.91427424187
Nifty Energy TRI,2023-01-20,33609.97581218171
Nifty Energy TRI,2023-01-23,33619.068737235015
Nifty Energy TRI,2023-01-24,33395.709900125876
Nifty Energy TRI,2023-01-25,32739.130927045073
Nifty Energy TRI,2023-01-27,31095.798655855877
Nifty Energy TRI,2023-01-30,30155.25371731435
Nifty Energy TRI,2023-01-31,30515.8264792517
Nifty Energy TRI,2023-02-01,30117.730765755663
Nifty Energy TRI,2023-02-02,29439.019773271513
Nifty Energy TRI,2023-02-03,29137.53715827714
Nifty Energy TRI,2023-02-06,28936.32523289616
Nifty Energy TRI,2023-02-07,28820.18761373705
Nifty Energy TRI,2023-02-08,29045.023992194205
Nifty Energy TRI,2023-02-09,28969.436465993473
Nifty Energy TRI,2023-02-10,28747.244621293194
Nifty Energy TRI,2023-02-13,28666.22555696345
Nifty Energy TRI,2023-02-14,28687.124170173574
Nifty Energy TRI,2023-02-15,28785.82118719108
Nifty Energy TRI,2023-02-16,28888.650719195062
Nifty Energy TRI,2023-02-17,28943.89343064434
Nifty Energy TRI,2023-02-20,28665.43049250442
Nifty Energy TRI,2023-02-21,28783.03490324602
Nifty Energy TRI,2023-02-22,28240.275219573105
Nifty Energy TRI,2023-02-23,28094.21963658135
Nifty Energy TRI,2023-02-24,28282.56064479751
Nifty Energy TRI,2023-02-27,28228.260231465796
Nifty Energy TRI,2023-02-28,27948.488776757316
Nifty Energy TRI,2023-03-01,28198.10801642259
Nifty Energy TRI,2023-03-02,28232.598652217548
Nifty Energy TRI,2023-03-03,28709.62020499081
Nifty Energy TRI,2023-03-06,29268.89936520872
Nifty Energy TRI,2023-03-08,29516.44738720022
Nifty Energy TRI,2023-03-09,29253.045329223296
Nifty Energy TRI,2023-03-10,29273.618427558682
Nifty Energy TRI,2023-03-13,29104.572480506064
Nifty Energy TRI,2023-03-14,28902.023102342977
Nifty Energy TRI,2023-03-15,28891.357617882088
Nifty Energy TRI,2023-03-16,29186.800945593895
Nifty Energy TRI,2023-03-17,29237.12059151581
Nifty Energy TRI,2023-03-20,29147.749283196947
Nifty Energy TRI,2023-03-21,29416.903291420527
Nifty Energy TRI,2023-03-22,29473.96172102975
Nifty Energy TRI,2023-03-23,29457.647033356094
Nifty Energy TRI,2023-03-24,29190.4545620432
Nifty Energy TRI,2023-03-27,29068.04991120842
Nifty Energy TRI,2023-03-28,28907.482093262697
Nifty Energy TRI,2023-03-29,28888.80448794701
Nifty Energy TRI,2023-03-31,29462.262878804326
Nifty Energy TRI,2023-04-03,29456.487598003117
Nifty Energy TRI,2023-04-05,29333.40428013267
Nifty Energy TRI,2023-04-06,29474.865856360935
Nifty Energy TRI,2023-04-10,29797.17711210584
Nifty Energy TRI,2023-04-11,30105.403446192227
Nifty Energy TRI,2023-04-12,30024.360622339686
Nifty Energy TRI,2023-04-13,30003.598379875
Nifty Energy TRI,2023-04-17,30202.197244921852
Nifty Energy TRI,2023-04-18,30007.624198131125
Nifty Energy TRI,2023-04-19,29941.603187224107
Nifty Energy TRI,2023-04-20,29976.808780481708
Nifty Energy TRI,2023-04-21,29978.85243389949
Nifty Energy TRI,2023-04-24,30012.599309350982
Nifty Energy TRI,2023-04-25,30245.049026433077
Nifty Energy TRI,2023-04-26,30221.04898918734
Nifty Energy TRI,2023-04-27,30323.545363025354
Nifty Energy TRI,2023-04-28,30701.644028575076
Nifty Energy TRI,2023-05-02,31113.158573093304
Nifty Energy TRI,2023-05-03,30926.359207377187
Nifty Energy TRI,2023-05-04,31110.9800152346
Nifty Energy TRI,2023-05-05,30989.054220679307
Nifty Energy TRI,2023-05-08,31231.32405562433
Nifty Energy TRI,2023-05-09,31193.64023029908
Nifty Energy TRI,2023-05-10,31415.363576034022
Nifty Energy TRI,2023-05-11,31478.791953826803
Nifty Energy TRI,2023-05-12,31122.962532148114
Nifty Energy TRI,2023-05-15,31128.525921268276
Nifty Energy TRI,2023-05-16,31114.325493823242
Nifty Energy TRI,2023-05-17,30952.166141256108
Nifty Energy TRI,2023-05-18,30683.337649008863
Nifty Energy TRI,2023-05-19,30725.573841291407
Nifty Energy TRI,2023-05-22,30957.5651933215
Nifty Energy TRI,2023-05-23,31128.14471079982
Nifty Energy TRI,2023-05-24,31203.587487125642
Nifty Energy TRI,2023-05-25,31187.88991550779
Nifty Energy TRI,2023-05-26,31406.39102457651
Nifty Energy TRI,2023-05-29,31441.03449651933
Nifty Energy TRI,2023-05-30,31386.98442806114
Nifty Energy TRI,2023-05-31,30944.815263145843
Nifty Energy TRI,2023-06-01,30881.5266981234
Nifty Energy TRI,2023-06-02,30832.0334384904
Nifty Energy TRI,2023-06-05,30987.935827092762
Nifty Energy TRI,2023-06-06,30945.182791462816
Nifty Energy TRI,2023-06-07,31281.36174859558
Nifty Energy TRI,2023-06-08,31399.73405996498
Nifty Energy TRI,2023-06-09,31342.601267913957
Nifty Energy TRI,2023-06-12,31477.322774616805
Nifty Energy TRI,2023-06-13,31648.012773100956
Nifty Energy TRI,2023-06-14,31960.441307261353
Nifty Energy TRI,2023-06-15,31955.53501212381
Nifty Energy TRI,2023-06-16,32086.912932780502
Nifty Energy TRI,2023-06-19,31840.856870049272
Nifty Energy TRI,2023-06-20,31998.34074119378
Nifty Energy TRI,2023-06-21,32268.15860271998
Nifty Energy TRI,2023-06-22,31935.837413589616
Nifty Energy TRI,2023-06-23,31579.917212327688
Nifty Energy TRI,2023-06-26,31448.549634871146
Nifty Energy TRI,2023-06-27,31525.976136808094
Nifty Energy TRI,2023-06-28,31877.862732766556
Nifty Energy TRI,2023-06-30,32066.101194046616
Nifty Energy TRI,2023-07-03,32493.112108693498
Nifty Energy TRI,2023-07-04,32390.240179397442
Nifty Energy TRI,2023-07-05,32515.037938034864
Nifty Energy TRI,2023-07-06,33218.94901749345
Nifty Energy TRI,2023-07-07,32904.180209416365
Nifty Energy TRI,2023-07-10,33125.07637683624
Nifty Energy TRI,2023-07-11,33417.109351151696
Nifty Energy TRI,2023-07-12,33393.76335323539
Nifty Energy TRI,2023-07-13,32919.84308091486
Nifty Energy TRI,2023-07-14,32919.334955339094
Nifty Energy TRI,2023-07-17,33170.737537407425
Nifty Energy TRI,2023-07-18,33291.45011338284
Nifty Energy TRI,2023-07-19,33563.74214764517
Nifty Energy TRI,2023-07-20,33802.724701378764
Nifty Energy TRI,2023-07-21,33596.86305281392
Nifty Energy TRI,2023-07-24,33481.68501552389
Nifty Energy TRI,2023-07-25,33911.29690046167
Nifty Energy TRI,2023-07-26,34192.907598015394
Nifty Energy TRI,2023-07-27,33939.981395679664
Nifty Energy TRI,2023-07-28,34378.99664144699
Nifty Energy TRI,2023-07-31,34931.417504608
Nifty Energy TRI,2023-08-01,34842.175151056785
Nifty Energy TRI,2023-08-02,34283.40686670109
Nifty Energy TRI,2023-08-03,34115.66385975992
Nifty Energy TRI,2023-08-04,34156.99178263149
Nifty Energy TRI,2023-08-07,34181.641752778356
Nifty Energy TRI,2023-08-08,34064.40203452363
Nifty Energy TRI,2023-08-09,34266.21262055627
Nifty Energy TRI,2023-08-10,34386.43639919662
Nifty Energy TRI,2023-08-11,34321.8412275424
Nifty Energy TRI,2023-08-14,34338.19578034191
Nifty Energy TRI,2023-08-16,34558.623471405364
Nifty Energy TRI,2023-08-17,34202.85749317895
Nifty Energy TRI,2023-08-18,34250.79799988138
Nifty Energy TRI,2023-08-21,34465.50607503052
Nifty Energy TRI,2023-08-22,34545.38474481719
Nifty Energy TRI,2023-08-23,34349.57895868999
Nifty Energy TRI,2023-08-24,34092.52684600553
Nifty Energy TRI,2023-08-25,33847.425681542336
Nifty Energy TRI,2023-08-28,33898.03948773134
Nifty Energy TRI,2023-08-29,33953.2885338994
Nifty Energy TRI,2023-08-30,33828.126135387545
Nifty Energy TRI,2023-08-31,33522.45132000472
Nifty Energy TRI,2023-09-01,34319.3915720663
Nifty Energy TRI,2023-09-04,34716.779106196016
Nifty Energy TRI,2023-09-05,34862.177395938605
Nifty Energy TRI,2023-09-06,34964.50786606359
Nifty Energy TRI,2023-09-07,35283.337469835
Nifty Energy TRI,2023-09-08,35774.63941914055
Nifty Energy TRI,2023-09-11,36144.28042813193
Nifty Energy TRI,2023-09-12,35244.61846020565
Nifty Energy TRI,2023-09-13,35573.099840110626
Nifty Energy TRI,2023-09-14,35764.60512497874
Nifty Energy TRI,2023-09-15,35659.254858398956
Nifty Energy TRI,2023-09-18,35924.00564911502
Nifty Energy TRI,2023-09-20,35803.161602225955
Nifty Energy TRI,2023-09-21,35526.448248694614
Nifty Energy TRI,2023-09-22,35366.49478335501
Nifty Energy TRI,2023-09-25,35376.8621943906
Nifty Energy TRI,2023-09-26,35416.69171958076
Nifty Energy TRI,2023-09-27,35545.48069662932
Nifty Energy TRI,2023-09-28,35327.38066620295
Nifty Energy TRI,2023-09-29,35667.60107980591
Nifty Energy TRI,2023-10-03,35220.779068045464
Nifty Energy TRI,2023-10-04,34916.52208737103
Nifty Energy TRI,2023-10-05,34853.045688456776
Nifty Energy TRI,2023-10-06,34911.80363055812
Nifty Energy TRI,2023-10-09,34580.117572883835
Nifty Energy TRI,2023-10-10,34946.577770321855
Nifty Energy TRI,2023-10-11,35276.04305633286
Nifty Energy TRI,2023-10-12,35504.8849574909
Nifty Energy TRI,2023-10-13,35540.05469758515
Nifty Energy TRI,2023-10-16,35620.504097270736
Nifty Energy TRI,2023-10-17,35952.21706559465
Nifty Energy TRI,2023-10-18,35609.52245991832
Nifty Energy TRI,2023-10-19,35405.98473074445
Nifty Energy TRI,2023-10-20,35233.79046451829
Nifty Energy TRI,2023-10-23,34578.514098050684
Nifty Energy TRI,2023-10-25,34424.23186111382
Nifty Energy TRI,2023-10-26,34055.58760827934
Nifty Energy TRI,2023-10-27,34682.21388495247
Nifty Energy TRI,2023-10-30,35104.64595271261
Nifty Energy TRI,2023-10-31,35033.6886648864
Nifty Energy TRI,2023-11-01,34897.31850690191
Nifty Energy TRI,2023-11-02,35267.76430475711
Nifty Energy TRI,2023-11-03,35433.389433282486
Nifty Energy TRI,2023-11-06,35914.811731199006
Nifty Energy TRI,2023-11-07,35994.74103371756
Nifty Energy TRI,2023-11-08,36146.71810373888
Nifty Energy TRI,2023-11-09,36042.80655643425
Nifty Energy TRI,2023-11-10,36301.72707733099
Nifty Energy TRI,2023-11-13,36737.88567465881
Nifty Energy TRI,2023-11-15,37117.000979914286
Nifty Energy TRI,2023-11-16,37243.98065059504
Nifty Energy TRI,2023-11-17,37069.24969934808
Nifty Energy TRI,2023-11-20,37042.547294408796
Nifty Energy TRI,2023-11-21,37135.18285293351
Nifty Energy TRI,2023-11-22,37331.7513048462
Nifty Energy TRI,2023-11-23,37452.114043869304
Nifty Energy TRI,2023-11-24,37407.0612039028
Nifty Energy TRI,2023-11-28,38325.47563669281
Nifty Energy TRI,2023-11-29,38404.93151499066
Nifty Energy TRI,2023-11-30,38385.011232770594
Nifty Energy TRI,2023-12-01,38734.35051415511
Nifty Energy TRI,2023-12-04,39751.42636700128
Nifty Energy TRI,2023-12-05,41040.10363948855
Nifty Energy TRI,2023-12-06,41678.7282400393
Nifty Energy TRI,2023-12-07,42194.47323168762
Nifty Energy TRI,2023-12-08,41813.47616657873
Nifty Energy TRI,2023-12-11,41987.206109083156
Nifty Energy TRI,2023-12-12,41439.18419393661
Nifty Energy TRI,2023-12-13,41715.58678365806
Nifty Energy TRI,2023-12-14,42063.88736484168
Nifty Energy TRI,2023-12-15,42728.4878163496
Nifty Energy TRI,2023-12-18,42658.21010228145
Nifty Energy TRI,2023-12-19,43336.18563269574
Nifty Energy TRI,2023-12-20,42178.364352585515
Nifty Energy TRI,2023-12-21,42926.71366240325
Nifty Energy TRI,2023-12-22,43047.416740296634
Nifty Energy TRI,2023-12-26,43629.9852724524
Nifty Energy TRI,2023-12-27,43588.4243939015
Nifty Energy TRI,2023-12-28,44258.809418834106
Nifty Energy TRI,2023-12-29,43928.91176623563
Nifty Energy TRI,2024-01-02,44248.75914994679
Nifty Energy TRI,2024-01-03,44366.807261813316
Nifty Energy TRI,2024-01-04,44891.57578463014
Nifty Energy TRI,2024-01-05,44929.571102453905
Nifty Energy TRI,2024-01-08,44841.01008379148
Nifty Energy TRI,2024-01-09,44954.137582936004
Nifty Energy TRI,2024-01-10,45093.353457875644
Nifty Energy TRI,2024-01-11,45681.96340366025
Nifty Energy TRI,2024-01-12,45938.54958982241
Nifty Energy TRI,2024-01-15,46577.30153196457
Nifty Energy TRI,2024-01-16,46232.136131478284
Nifty Energy TRI,2024-01-17,45798.8881328211
Nifty Energy TRI,2024-01-18,45443.188602875736
Nifty Energy TRI,2024-01-19,45977.887739801365
Nifty Energy TRI,2024-01-23,45119.94931214804
Nifty Energy TRI,2024-01-24,45873.01086667442
Nifty Energy TRI,2024-01-25,46281.650188975975
Nifty Energy TRI,2024-01-29,48687.142902386404
Nifty Energy TRI,2024-01-30,47866.87830894748
Nifty Energy TRI,2024-01-31,48328.97817792801
Nifty Energy TRI,2024-02-01,48545.71519516894
Nifty Energy TRI,2024-02-02,50083.69412142242
Nifty Energy TRI,2024-02-05,50623.599888436926
Nifty Energy TRI,2024-02-06,50942.492443111536
Nifty Energy TRI,2024-02-07,51240.376847051426
Nifty Energy TRI,2024-02-08,51781.38559289411
Nifty Energy TRI,2024-02-09,51367.736617431896
Nifty Energy TRI,2024-02-12,50139.07789689122
Nifty Energy TRI,2024-02-13,50533.22841763814
Nifty Energy TRI,2024-02-14,51667.154435353594
Nifty Energy TRI,2024-02-15,52576.715705761504
Nifty Energy TRI,2024-02-16,52237.913378269244
Nifty Energy TRI,2024-02-20,52609.49784845438
Nifty Energy TRI,2024-02-21,51727.747965272465
Nifty Energy TRI,2024-02-22,52134.32227242998
Nifty Energy TRI,2024-02-23,52100.42018198739
Nifty Energy TRI,2024-02-26,52369.810478090774
Nifty Energy TRI,2024-02-27,52241.996853281635
Nifty Energy TRI,2024-02-28,51044.41952981745
Nifty Energy TRI,2024-02-29,51165.961741029656
Nifty Energy TRI,2024-03-01,52314.05036959717
Nifty Energy TRI,2024-03-04,53324.22082390097
Nifty Energy TRI,2024-03-05,53563.945324659486
Nifty Energy TRI,2024-03-06,53310.67307122779
Nifty Energy TRI,2024-03-07,53116.550373360406
Nifty Energy TRI,2024-03-11,52537.69765279151
Nifty Energy TRI,2024-03-12,52206.15958921263
Nifty Energy TRI,2024-03-13,49361.63351031698
Nifty Energy TRI,2024-03-14,50314.63476054099
Nifty Energy TRI,2024-03-15,49557.00241782094
Nifty Energy TRI,2024-03-18,49885.41027084878
Nifty Energy TRI,2024-03-19,49105.87598355449
Nifty Energy TRI,2024-03-20,49634.54845168041
Nifty Energy TRI,2024-03-21,50557.75764607528
Nifty Energy TRI,2024-03-22,50670.52203931174
Nifty Energy TRI,2024-03-26,50704.96307773736
Nifty Energy TRI,2024-03-27,51053.24001528585
Nifty Energy TRI,2024-03-28,51492.35429522077
Nifty Energy TRI,2024-04-01,52123.8054071303
Nifty Energy TRI,2024-04-02,52396.26067769511
Nifty Energy TRI,2024-04-03,52413.640544768044
Nifty Energy TRI,2024-04-04,52186.7908160151
Nifty Energy TRI,2024-04-05,52085.86354407493
Nifty Energy TRI,2024-04-08,52755.019395029914
Nifty Energy TRI,2024-04-09,52417.72031525138
Nifty Energy TRI,2024-04-10,52984.298524035956
Nifty Energy TRI,2024-04-12,52509.7072958381
Nifty Energy TRI,2024-04-15,52351.65240540534
Nifty Energy TRI,2024-04-16,52465.08464476525
Nifty Energy TRI,2024-04-18,52004.66455911282
Nifty Energy TRI,2024-04-19,52005.51781104752
Nifty Energy TRI,2024-04-22,52295.253734082944
Nifty Energy TRI,2024-04-23,52135.210994245936
Nifty Energy TRI,2024-04-24,52290.64830832151
Nifty Energy TRI,2024-04-25,52858.7089323174
Nifty Energy TRI,2024-04-26,52834.16552479114
Nifty Energy TRI,2024-04-29,53351.04750626829
Nifty Energy TRI,2024-04-30,53373.52750749916
Nifty Energy TRI,2024-05-02,53954.3303649687
Nifty Energy TRI,2024-05-03,53653.313665519345
Nifty Energy TRI,2024-05-06,52751.638545606285
Nifty Energy TRI,2024-05-07,51634.5931252952
Nifty Energy TRI,2024-05-08,52431.18152711434
Nifty Energy TRI,2024-05-09,50877.08722064122
Nifty Energy TRI,2024-05-10,51715.5289000462
Nifty Energy TRI,2024-05-13,51431.9389841213
Nifty Energy TRI,2024-05-14,52263.46897916493
Nifty Energy TRI,2024-05-15,52869.19470744774
Nifty Energy TRI,2024-05-16,53040.493625092735
Nifty Energy TRI,2024-05-17,53342.64324363966
Nifty Energy TRI,2024-05-21,54240.43307704031
Nifty Energy TRI,2024-05-22,54720.94914860618
Nifty Energy TRI,2024-05-23,55025.69008076455
Nifty Energy TRI,2024-05-24,55128.80432799896
Nifty Energy TRI,2024-05-27,54685.73272685066
Nifty Energy TRI,2024-05-28,54029.69665869094
Nifty Energy TRI,2024-05-29,53738.01206289933
Nifty Energy TRI,2024-05-30,52965.87275380996
Nifty Energy TRI,2024-05-31,53324.8966861283
Nifty Energy TRI,2024-06-03,56946.628442093344
Nifty Energy TRI,2024-06-04,49851.06445511372
Nifty Energy TRI,2024-06-05,51296.026649388834
Nifty Energy TRI,2024-06-06,52130.33584110067
Nifty Energy TRI,2024-06-07,53383.98287703129
Nifty Energy TRI,2024-06-10,53694.07146317468
Nifty Energy TRI,2024-06-11,53844.07303717017
Nifty Energy TRI,2024-06-12,54344.18240845537
Nifty Energy TRI,2024-06-13,54277.95636024757
Nifty Energy TRI,2024-06-14,54409.45823329229
Nifty Energy TRI,2024-06-18,54776.8221323126
Nifty Energy TRI,2024-06-19,53843.34954901119
Nifty Energy TRI,2024-06-20,54049.5397674582
Nifty Energy TRI,2024-06-21,53659.64107358744
Nifty Energy TRI,2024-06-24,53677.98517431176
Nifty Energy TRI,2024-06-25,53403.98389826601
Nifty Energy TRI,2024-06-26,54159.94683496006
Nifty Energy TRI,2024-06-27,54852.774831665316
Nifty Energy TRI,2024-06-28,55448.953056347425
Nifty Energy TRI,2024-07-01,55167.69897710708
Nifty Energy TRI,2024-07-02,55363.09657130115
Nifty Energy TRI,2024-07-03,55459.23655828972
Nifty Energy TRI,2024-07-04,55546.42821117498
Nifty Energy TRI,2024-07-05,56447.34239686564
Nifty Energy TRI,2024-07-08,56618.14736634511
Nifty Energy TRI,2024-07-09,56574.05395790915
Nifty Energy TRI,2024-07-10,56665.39292046336
Nifty Energy TRI,2024-07-11,56776.863377913294
Nifty Energy TRI,2024-07-12,56899.10044337457
Nifty Energy TRI,2024-07-15,57515.79986861499
Nifty Energy TRI,2024-07-16,57388.12491122031
Nifty Energy TRI,2024-07-18,57437.93605657827
Nifty Energy TRI,2024-07-19,55881.861750675926
Nifty Energy TRI,2024-07-22,55735.98498482931
Nifty Energy TRI,2024-07-23,55438.98556635722
Nifty Energy TRI,2024-07-24,56126.49031143705
Nifty Energy TRI,2024-07-25,56842.11576040093
Nifty Energy TRI,2024-07-26,57467.51578067613
Nifty Energy TRI,2024-07-29,57744.18320523179
Nifty Energy TRI,2024-07-30,58371.98186123275
Nifty Energy TRI,2024-07-31,58612.70516826058
Nifty Energy TRI,2024-08-01,59769.7910202367
Nifty Energy TRI,2024-08-02,58948.70887180101
Nifty Energy TRI,2024-08-05,56707.291350201056
Nifty Energy TRI,2024-08-06,56489.964307117516
Nifty Energy TRI,2024-08-07,57724.213422588335
Nifty Energy TRI,2024-08-08,56778.946028418526
Nifty Energy TRI,2024-08-09,57485.87346502093
Nifty Energy TRI,2024-08-12,57097.01883992873
Nifty Energy TRI,2024-08-13,56640.462999376694
Nifty Energy TRI,2024-08-14,56282.71149862121
Nifty Energy TRI,2024-08-16,56906.55483372259
Nifty Energy TRI,2024-08-19,57674.92877366112
Nifty Energy TRI,2024-08-20,57938.318816917046
Nifty Energy TRI,2024-08-21,58026.69919284956
Nifty Energy TRI,2024-08-22,57670.324549512836
Nifty Energy TRI,2024-08-23,57696.39285740518
Nifty Energy TRI,2024-08-26,58311.097900424764
Nifty Energy TRI,2024-08-27,57957.22862022769
Nifty Energy TRI,2024-08-28,57793.42290452736
Nifty Energy TRI,2024-08-29,58147.12532723584
Nifty Energy TRI,2024-08-30,58278.84402951691
Nifty Energy TRI,2024-09-02,58323.29788561208
Nifty Energy TRI,2024-09-03,57920.05725497599
Nifty Energy TRI,2024-09-04,57620.023677850186
Nifty Energy TRI,2024-09-05,57172.79315453363
Nifty Energy TRI,2024-09-06,56244.63627637493
Nifty Energy TRI,2024-09-09,55873.95140328293
Nifty Energy TRI,2024-09-10,56299.28916350149
Nifty Energy TRI,2024-09-11,55480.09874068804
Nifty Energy TRI,2024-09-12,56645.15735391744
Nifty Energy TRI,2024-09-13,56290.69131370127
Nifty Energy TRI,2024-09-16,56753.91555002879
Nifty Energy TRI,2024-09-17,56863.29372619937
Nifty Energy TRI,2024-09-18,56469.201694626034
Nifty Energy TRI,2024-09-19,56440.82904737146
Nifty Energy TRI,2024-09-20,57141.763539944775
Nifty Energy TRI,2024-09-23,57846.20439943286
Nifty Energy TRI,2024-09-24,58299.62664060666
Nifty Energy TRI,2024-09-25,58779.10908096623
Nifty Energy TRI,2024-09-26,58889.800763928455
Nifty Energy TRI,2024-09-27,59426.876298107025
Nifty Energy TRI,2024-09-30,58732.57431148654
Nifty Energy TRI,2024-10-01,58298.45683095331
Nifty Energy TRI,2024-10-03,56786.33733594772
Nifty Energy TRI,2024-10-04,56162.63672043104
Nifty Energy TRI,2024-10-07,54782.668220162624
Nifty Energy TRI,2024-10-08,55684.892879411826
Nifty Energy TRI,2024-10-09,55241.039895536094
Nifty Energy TRI,2024-10-10,55419.763926911604
Nifty Energy TRI,2024-10-11,55431.88032271562
Nifty Energy TRI,2024-10-14,55467.36061171678
Nifty Energy TRI,2024-10-15,55134.98616223584
Nifty Energy TRI,2024-10-16,55166.38133865945
Nifty Energy TRI,2024-10-17,54740.049819202744
Nifty Energy TRI,2024-10-18,55040.58498021313
Nifty Energy TRI,2024-10-21,54755.36710895565
Nifty Energy TRI,2024-10-22,53455.49195494977
Nifty Energy TRI,2024-10-23,53195.5170999094
Nifty Energy TRI,2024-10-24,53372.532719580006
Nifty Energy TRI,2024-10-25,52201.42700985723
Nifty Energy TRI,2024-10-28,52290.61730295252
Nifty Energy TRI,2024-10-29,52609.580107063506
Nifty Energy TRI,2024-10-30,52527.62981806713
Nifty Energy TRI,2024-10-31,52538.51392804392
Nifty Energy TRI,2024-11-01,52987.75712812658
Nifty Energy TRI,2024-11-04,51618.80416749264
Nifty Energy TRI,2024-11-05,52049.978932593775
Nifty Energy TRI,2024-11-06,52906.19541560017
Nifty Energy TRI,2024-11-07,52143.981657199816
Nifty Energy TRI,2024-11-08,51362.1483320085
Nifty Energy TRI,2024-11-11,51162.3868910207
Nifty Energy TRI,2024-11-12,50440.642501750044
Nifty Energy TRI,2024-11-13,49652.991865065094
Nifty Energy TRI,2024-11-14,49566.17983624818
Nifty Energy TRI,2024-11-18,49189.437804636305
Nifty Energy TRI,2024-11-19,48960.841701685815
Nifty Energy TRI,2024-11-21,47902.732328261736
Nifty Energy TRI,2024-11-22,48888.34507277654
Nifty Energy TRI,2024-11-25,49543.04748350307
Nifty Energy TRI,2024-11-26,49166.028697219714
Nifty Energy TRI,2024-11-27,49883.68728715184
Nifty Energy TRI,2024-11-28,49516.01668139667
Nifty Energy TRI,2024-11-29,50192.20109295788
Nifty Energy TRI,2024-12-02,50351.7812409072
Nifty Energy TRI,2024-12-03,50916.873045741246
Nifty Energy TRI,2024-12-04,50547.52512208826
Nifty Energy TRI,2024-12-05,50749.66359988788
Nifty Energy TRI,2024-12-06,50696.557601071145
Nifty Energy TRI,2024-12-09,50500.07586311477
Nifty Energy TRI,2024-12-10,50184.37334902311
Nifty Energy TRI,2024-12-11,49996.137747986024
Nifty Energy TRI,2024-12-12,49618.64746005032
Nifty Energy TRI,2024-12-13,49848.43616866134
Nifty Energy TRI,2024-12-16,49556.748613607364
Nifty Energy TRI,2024-12-17,48762.68208504451
Nifty Energy TRI,2024-12-18,48237.922539994834
Nifty Energy TRI,2024-12-19,47766.72304872632
Nifty Energy TRI,2024-12-20,46807.428634678705
Nifty Energy TRI,2024-12-23,47133.816369726555
Nifty Energy TRI,2024-12-24,47052.402585941185
Nifty Energy TRI,2024-12-26,47158.06968705167
Nifty Energy TRI,2024-12-27,46999.71440120762
Nifty Energy TRI,2024-12-30,46730.14175162742
Nifty Energy TRI,2024-12-31,47210.624660966394
Nifty Energy TRI,2025-01-02,47924.25910873039
Nifty Energy TRI,2025-01-03,48166.17689024895
Nifty Energy TRI,2025-01-06,46614.01085454219
Nifty Energy TRI,2025-01-07,47198.77620356295
Nifty Energy TRI,2025-01-08,47191.720386353496
Nifty Energy TRI,2025-01-09,46238.15569962879
Nifty Energy TRI,2025-01-10,45298.5730287243
Nifty Energy TRI,2025-01-13,43802.981975674724
Nifty Energy TRI,2025-01-14,45074.047914323644
Nifty Energy TRI,2025-01-15,45417.07989393167
Nifty Energy TRI,2025-01-16,46029.348781776105
Nifty Energy TRI,2025-01-17,46584.071832098554
Nifty Energy TRI,2025-01-20,46974.48779006664
Nifty Energy TRI,2025-01-21,46087.928308678034
Nifty Energy TRI,2025-01-22,45414.530705521276
Nifty Energy TRI,2025-01-23,45499.730531623885
Nifty Energy TRI,2025-01-24,44692.19534266875
Nifty Energy TRI,2025-01-27,43563.313612002035
Nifty Energy TRI,2025-01-28,42959.20446901743
Nifty Energy TRI,2025-01-29,43824.26251469727
Nifty Energy TRI,2025-01-30,44388.96067713527
Nifty Energy TRI,2025-01-31,45560.4026227896
Nifty Energy TRI,2025-02-03,43258.63260465003
Nifty Energy TRI,2025-02-04,44228.27812509023
Nifty Energy TRI,2025-02-05,44834.27543698243
Nifty Energy TRI,2025-02-06,44452.78994245114
Nifty Energy TRI,2025-02-07,44129.417095235134
Nifty Energy TRI,2025-02-10,43185.894266895804
Nifty Energy TRI,2025-02-11,42283.0664172594
Nifty Energy TRI,2025-02-12,42124.91451085402
Nifty Energy TRI,2025-02-13,42086.396368875015
Nifty Energy TRI,2025-02-14,41127.71515944801
Nifty Energy TRI,2025-02-17,41357.4110203243
Nifty Energy TRI,2025-02-18,41509.90747740857
Nifty Energy TRI,2025-02-19,41982.62106803449
Nifty Energy TRI,2025-02-20,42753.74335339306
Nifty Energy TRI,2025-02-21,42517.20490214119
Nifty Energy TRI,2025-02-24,42052.06898800594
Nifty Energy TRI,2025-02-25,41755.05777225761
Nifty Energy TRI,2025-02-27,41276.642408596905
Nifty Energy TRI,2025-02-28,40415.93593442661
Nifty Energy TRI,2025-03-03,40408.21349027898
Nifty Energy TRI,2025-03-04,40723.19058881062
Nifty Energy TRI,2025-03-05,41884.25400456331
Nifty Energy TRI,2025-03-06,42735.813547475664
Nifty Energy TRI,2025-03-07,42817.29025730785
Nifty Energy TRI,2025-03-10,42169.87502306194
Nifty Energy TRI,2025-03-11,42388.55796969947
Nifty Energy TRI,2025-03-12,42488.96877351151
Nifty Energy TRI,2025-03-13,42421.02887043457
Nifty Energy TRI,2025-03-17,42669.89383255901
Nifty Energy TRI,2025-03-18,43353.56050565875
Nifty Energy TRI,2025-03-19,44123.84578579073
Nifty Energy TRI,2025-03-20,44485.03971371783
Nifty Energy TRI,2025-03-21,45126.67485698516
Nifty Energy TRI,2025-03-24,45781.861751859666
Nifty Energy TRI,2025-03-25,45174.305988624845
Nifty Energy TRI,2025-03-26,44776.50178878068
Nifty Energy TRI,2025-03-27,45423.17117099603
Nifty Energy TRI,2025-03-28,45275.71062366781
Nifty Energy TRI,2025-04-01,44905.4860651848
Nifty Energy TRI,2025-04-02,45143.63637466674
Nifty Energy TRI,2025-04-03,45275.97800869364
Nifty Energy TRI,2025-04-04,43590.96854984805
Nifty Energy TRI,2025-04-07,42391.89400324251
Nifty Energy TRI,2025-04-08,43004.669580976966
Nifty Energy TRI,2025-04-09,42591.82522268517
Nifty Energy TRI,2025-04-11,43747.09637697548
Nifty Energy TRI,2025-04-15,44696.43693776767
Nifty Energy TRI,2025-04-16,45172.124980259956
Nifty Energy TRI,2025-04-17,45634.709990479474
Nifty Energy TRI,2025-04-21,46784.44749972719
Nifty Energy TRI,2025-04-22,46619.217293102534
Nifty Energy TRI,2025-04-23,46944.41121847117
Nifty Energy TRI,2025-04-24,46908.979471497645
Nifty Energy TRI,2025-04-25,45871.25678859793
Nifty Energy TRI,2025-04-28,46666.28593050579
Nifty Energy TRI,2025-04-29,46533.80865308909
Nifty Energy TRI,2025-04-30,46270.177395112616
Nifty Energy TRI,2025-05-02,46136.69287165437
Nifty Energy TRI,2025-05-05,46746.24057821818
Nifty Energy TRI,2025-05-06,45650.71382212176
Nifty Energy TRI,2025-05-07,46027.82731604289
Nifty Energy TRI,2025-05-08,45336.623171913765
Nifty Energy TRI,2025-05-09,45072.70903839062
Nifty Energy TRI,2025-05-12,46969.52384208106
Nifty Energy TRI,2025-05-13,46722.072178520786
Nifty Energy TRI,2025-05-14,47389.566954582486
Nifty Energy TRI,2025-05-15,47827.62399632073
Nifty Energy TRI,2025-05-16,48239.28918781215
Nifty Energy TRI,2025-05-19,48283.15412108889
Nifty Energy TRI,2025-05-20,47940.09102096467
Nifty Energy TRI,2025-05-21,48229.715105424606
Nifty Energy TRI,2025-05-22,47840.20194274119
Nifty Energy TRI,2025-05-23,48223.009371470485
Nifty Energy TRI,2025-05-26,48562.805869005395
Nifty Energy TRI,2025-05-27,48563.39420030191
Nifty Energy TRI,2025-05-28,48576.645445189686
Nifty Energy TRI,2025-05-29,48715.102864328364
Nifty Energy TRI,2025-05-30,48569.573978433415
Nifty Energy TRI,2025-06-02,48652.38451935217
Nifty Energy TRI,2025-06-03,48135.067753939795
Nifty Energy TRI,2025-06-04,48387.9005430588
Nifty Energy TRI,2025-06-05,48513.54378046626
Nifty Energy TRI,2025-06-06,48650.77657366842
Nifty Energy TRI,2025-06-09,49240.2191582602
Nifty Energy TRI,2025-06-10,49463.205107324524
Nifty Energy TRI,2025-06-11,49614.41988740578
Nifty Energy TRI,2025-06-12,48660.45025304338
Nifty Energy TRI,2025-06-13,48422.459240936776
Nifty Energy TRI,2025-06-16,48796.84753952639
Nifty Energy TRI,2025-06-17,48563.34912667461
Nifty Energy TRI,2025-06-18,48337.95413311711
Nifty Energy TRI,2025-06-19,47807.24697780119
Nifty Energy TRI,2025-06-20,48252.426250271994
Nifty Energy TRI,2025-06-23,48272.9134682524
Nifty Energy TRI,2025-06-24,48435.9023737218
Nifty Energy TRI,2025-06-25,48565.55569526816
Nifty Energy TRI,2025-06-26,49054.60194671518
Nifty Energy TRI,2025-06-27,49550.41725969058
Nifty Energy TRI,2025-06-30,49594.59956412006
Nifty Energy TRI,2025-07-01,49477.459576715846
Nifty Energy TRI,2025-07-02,49278.510163784726
Nifty Energy TRI,2025-07-03,49324.243240612566
Nifty Energy TRI,2025-07-04,49526.32152227145
Nifty Energy TRI,2025-07-07,49566.10474879265
Nifty Energy TRI,2025-07-08,49668.72299101811
Nifty Energy TRI,2025-07-09,49551.79519053547
Nifty Energy TRI,2025-07-10,49459.95803359927
Nifty Energy TRI,2025-07-11,48988.19750022076
Nifty Energy TRI,2025-07-14,49137.03052351944
Nifty Energy TRI,2025-07-15,49285.81168543073
Nifty Energy TRI,2025-07-16,49346.30403920447
Nifty Energy TRI,2025-07-17,49467.83087934781
Nifty Energy TRI,2025-07-18,49190.283434520155
Nifty Energy TRI,2025-07-21,49222.02819892547
Nifty Energy TRI,2025-07-22,49156.99274835559
Nifty Energy TRI,2025-07-23,49301.770440029155
Nifty Energy TRI,2025-07-24,48958.927106101386
Nifty Energy TRI,2025-07-25,47878.18062329727
Nifty Energy TRI,2025-07-28,47575.71849799055
Nifty Energy TRI,2025-07-29,48107.23102137018
Nifty Energy TRI,2025-07-30,48125.51991427185
Nifty Energy TRI,2025-07-31,47712.75393064658
Nifty Energy TRI,2025-08-01,47406.94889123833
Nifty Energy TRI,2025-08-04,47462.24087078055
Nifty Energy TRI,2025-08-05,47452.76766731798
Nifty Energy TRI,2025-08-06,47141.55642802302
Nifty Energy TRI,2025-08-07,47049.82624831748
Nifty Energy TRI,2025-08-08,46751.053321823965
Nifty Energy TRI,2025-08-11,47056.35087648702
Nifty Energy TRI,2025-08-12,47237.40600015206
Nifty Energy TRI,2025-08-13,47237.368154911695
Nifty Energy TRI,2025-08-14,46872.61507986396
Nifty Energy TRI,2025-08-18,46903.03132741785
Nifty Energy TRI,2025-08-19,47293.364740434605
Nifty Energy TRI,2025-08-20,47404.66907580317
Nifty Energy TRI,2025-08-21,47181.324744659505
Nifty Energy TRI,2025-08-22,46947.40979675837
Nifty Energy TRI,2025-08-25,46937.77210955263
Nifty Energy TRI,2025-08-26,46207.900597206484
Nifty Energy TRI,2025-08-28,45841.72626859184
Nifty Energy TRI,2025-08-29,45784.29438247638
Nifty Energy TRI,2025-09-01,46495.800258920695
Nifty Energy TRI,2025-09-02,46954.9062899535
Nifty Energy TRI,2025-09-03,47143.00182339067
Nifty Energy TRI,2025-09-04,46680.29391961981
Nifty Energy TRI,2025-09-05,46701.0476534981
Nifty Energy TRI,2025-09-08,46699.522123021474
Nifty Energy TRI,2025-09-09,46646.46441382322
Nifty Energy TRI,2025-09-10,47020.334560983436
Nifty Energy TRI,2025-09-11,47438.03370156056
Nifty Energy TRI,2025-09-12,47595.60795198746
Nifty Energy TRI,2025-09-15,47861.207558136375
Nifty Energy TRI,2025-09-16,48289.30465745034
Nifty Energy TRI,2025-09-17,48465.16330182936
Nifty Energy TRI,2025-09-18,48296.42181158973
Nifty Energy TRI,2025-09-19,48713.10122307533
Nifty Energy TRI,2025-09-22,49058.333939129276
Nifty Energy TRI,2025-09-23,48834.37146771719
Nifty Energy TRI,2025-09-24,48401.74755416051
Nifty Energy TRI,2025-09-25,48062.25242017763
Nifty Energy TRI,2025-09-26,47484.94789067118
Nifty Energy TRI,2025-09-29,47819.533715053745
Nifty Energy TRI,2025-09-30,47727.608528182194
Nifty Energy TRI,2025-10-01,47976.88445341993
Nifty Energy TRI,2025-10-03,48249.30874339339
Nifty Energy TRI,2025-10-06,48249.135870868246
Nifty Energy TRI,2025-10-07,48389.184867787466
Nifty Energy TRI,2025-10-08,47867.831933899026
Nifty Energy TRI,2025-10-09,48086.80138432532
Nifty Energy TRI,2025-10-10,48294.06549354454
Nifty Energy TRI,2025-10-13,48158.10768289217
Nifty Energy TRI,2025-10-14,47860.31104161912
Nifty Energy TRI,2025-10-15,48209.77255995749
Nifty Energy TRI,2025-10-16,48413.502065432986
Nifty Energy TRI,2025-10-17,48316.599944324495
Nifty Energy TRI,2025-10-20,48554.94607858849
Nifty Energy TRI,2025-10-21,48667.340413327656
Nifty Energy TRI,2025-10-23,48639.00169151
Nifty Energy TRI,2025-10-24,48652.48316079521
Nifty Energy TRI,2025-10-27,48870.2945877509
Nifty Energy TRI,2025-10-28,48706.764861538664
Nifty Energy TRI,2025-10-29,49651.94705604931
Nifty Energy TRI,2025-10-30,49715.90492550824
Nifty Energy TRI,2025-10-31,49559.498901662635
Nifty Energy TRI,2025-11-03,49799.55593070126
Nifty Energy TRI,2025-11-04,49574.65814564453
Nifty Energy TRI,2025-11-06,48980.73685759775
Nifty Energy TRI,2025-11-07,48916.41214526438
Nifty Energy TRI,2025-11-10,49104.643694140075
Nifty Energy TRI,2025-11-11,49310.23848054453
Nifty Energy TRI,2025-11-12,49611.2809292484
Nifty Energy TRI,2025-11-13,49477.44883512818
Nifty Energy TRI,2025-11-14,49580.55301308893
Nifty Energy TRI,2025-11-17,49836.60317701653
Nifty Energy TRI,2025-11-18,49541.286666995155
Nifty Energy TRI,2025-11-19,49419.16075051504
Nifty Energy TRI,2025-11-20,49559.431157105304
Nifty Energy TRI,2025-11-21,49042.1739574532
Nifty Energy TRI,2025-11-24,48470.10282939336
Nifty Energy TRI,2025-11-25,48366.95392864472
Nifty Energy TRI,2025-11-26,49210.58569497594
Nifty Energy TRI,2025-11-27,48928.00201983879
Nifty Energy TRI,2025-11-28,48646.48568046117
Nifty Energy TRI,2025-12-01,48642.7936283146
Nifty Energy TRI,2025-12-02,48536.39199394906
Nifty Energy TRI,2025-12-03,48054.15870409387
Nifty Energy TRI,2025-12-04,47894.255717869964
Nifty Energy TRI,2025-12-05,47877.53109510201
Nifty Energy TRI,2025-12-08,47168.6577301131
Nifty Energy TRI,2025-12-09,47471.288144962346
Nifty Energy TRI,2025-12-10,47430.90964154252
Nifty Energy TRI,2025-12-11,47593.55778932283
Nifty Energy TRI,2025-12-12,47990.7055604267
Nifty Energy TRI,2025-12-15,47983.25263818953
Nifty Energy TRI,2025-12-16,47631.43881429844
Nifty Energy TRI,2025-12-17,47590.093891528995
Nifty Energy TRI,2025-12-18,47219.30602023504
Nifty Energy TRI,2025-12-19,47677.15128546776
Nifty Energy TRI,2025-12-22,47999.56954938342
Nifty Energy TRI,2025-12-23,48261.18118249542
Nifty Energy TRI,2025-12-24,48100.75381840381
Nifty Energy TRI,2025-12-26,48056.7266515788
Nifty Energy TRI,2025-12-29,47804.75903671064
Nifty Energy TRI,2025-12-30,47732.40181035901
Nifty Energy TRI,2025-12-31,48436.93427387301
Nifty Energy TRI,2026-01-02,49745.45867136354
Nifty Energy TRI,2026-01-05,49444.92944356492
Nifty Energy TRI,2026-01-06,49172.308731214
Nifty Energy TRI,2026-01-07,49057.75223168814
Nifty Energy TRI,2026-01-08,47642.42875036752
Nifty Energy TRI,2026-01-09,47205.785519342906
Nifty Energy TRI,2026-01-12,47302.38350264243
Nifty Energy TRI,2026-01-13,47227.18915317261
Nifty Energy TRI,2026-01-14,47512.08015769858
Nifty Energy TRI,2026-01-16,47139.08173069702
Nifty Energy TRI,2026-01-19,46832.401912651505
Nifty Energy TRI,2026-01-20,45796.26394962952
Nifty Energy TRI,2026-01-21,45812.790990303656
Nifty Energy TRI,2026-01-22,46333.05425002721
Nifty Energy TRI,2026-01-23,45445.128058872986
Nifty Energy TRI,2026-01-27,45723.49183766742
Nifty Energy TRI,2026-01-28,47638.527877168926
Nifty Energy TRI,2026-01-29,48533.814768904755
Nifty Energy TRI,2026-01-30,48265.90184767592
Nifty Energy TRI,2026-02-02,47553.60006703208
Nifty Energy TRI,2026-02-03,48991.16524576451
Nifty Energy TRI,2026-02-04,49973.48466873259
Nifty Energy TRI,2026-02-05,49784.08830948437
Nifty Energy TRI,2026-02-06,50091.22622536703
Nifty Energy TRI,2026-02-09,50274.94183586668
Nifty Energy TRI,2026-02-10,50404.5960896823
Nifty Energy TRI,2026-02-11,50388.69865471924
Nifty Energy TRI,2026-02-12,50110.44081754868
Nifty Energy TRI,2026-02-13,49092.32789361093
Nifty Energy TRI,2026-02-16,50031.77416557434
Nifty Energy TRI,2026-02-17,50037.09169800016
Nifty Energy TRI,2026-02-18,50216.991010398495
Nifty Energy TRI,2026-02-19,49629.86298064142
Nifty Energy TRI,2026-02-20,50311.06062576813
Nifty Energy TRI,2026-02-23,50540.69917988783
Nifty Energy TRI,2026-02-24,50937.905582092004
Nifty Energy TRI,2026-02-25,51065.444764344764
Nifty Energy TRI,2026-02-26,51155.43802277936
Nifty Energy TRI,2026-02-27,50970.53568037336
Nifty Energy TRI,2026-03-02,50165.241940925
Nifty Energy TRI,2026-03-04,48982.36665932381
Nifty Energy TRI,2026-03-05,49927.08213970715
Nifty Energy TRI,2026-03-06,49993.03060989718
Nifty Energy TRI,2026-03-09,49090.78201258488
Nifty Energy TRI,2026-03-10,49618.543246748806
Nifty Energy TRI,2026-03-11,49758.56960142448
Nifty Energy TRI,2026-03-12,50719.69916774472
Nifty Energy TRI,2026-03-13,49672.72096793628
Nifty Energy TRI,2026-03-16,49144.72934457271
Nifty Energy TRI,2026-03-17,49559.14901882536
Nifty Energy TRI,2026-03-18,49784.077299778146
Nifty Energy TRI,2026-03-19,49094.69426093807
Nifty Energy TRI,2026-03-20,49468.13024435236
Nifty Energy TRI,2026-03-23,48004.234348562444
Nifty Energy TRI,2026-03-24,48341.936888814955
Nifty Energy TRI,2026-03-25,48998.00541584143
Nifty Energy TRI,2026-03-27,48532.98498041003
Nifty Energy TRI,2026-03-30,48038.388134655994
Nifty Energy TRI,2026-04-01,48806.693561290194
Nifty Energy TRI,2026-04-02,48666.97161910596
Nifty Energy TRI,2026-04-06,48801.78883754249
Nifty Energy TRI,2026-04-07,49066.03635326049
Nifty Energy TRI,2026-04-08,50297.742854342185
Nifty Energy TRI,2026-04-09,50713.21035151606
Nifty Energy TRI,2026-04-10,51276.73235433643
Nifty Energy TRI,2026-04-13,51314.10997522229
Nifty Energy TRI,2026-04-15,52421.892799689536
Nifty Energy TRI,2026-04-16,52688.910902162366
Nifty Energy TRI,2026-04-17,53653.857163487395
Nifty Energy TRI,2026-04-20,54081.56966929608
Nifty Energy TRI,2026-04-21,54295.28048626704
Nifty Energy TRI,2026-04-22,55070.81294953414
Nifty Energy TRI,2026-04-23,55212.20598091174
Nifty Energy TRI,2026-04-24,55087.10914785283
Nifty Energy TRI,2026-04-27,55915.66870700597
Nifty Energy TRI,2026-04-28,56601.12957145294
Nifty Energy TRI,2026-04-29,56564.04018401231
Nifty Energy TRI,2026-04-30,56305.712153412795
Nifty Energy TRI,2026-05-04,56592.844717112304
Nifty Energy TRI,2026-05-05,56623.774545798275
Nifty Energy TRI,2026-05-06,56373.85049200717
Nifty Energy TRI,2026-05-07,56840.45056795742
Nifty Energy TRI,2026-05-08,56365.5806875241
Nifty Energy TRI,2026-05-11,55335.77769509553
Nifty Energy TRI,2026-05-12,54646.77245826508
Nifty Energy TRI,2026-05-13,55033.34038002956
Nifty Energy TRI,2026-05-14,55396.59807250458
Nifty Energy TRI,2026-05-15,55035.9624026216
Nifty Energy TRI,2026-05-18,54634.71927291138
Nifty Energy TRI,2026-05-19,54706.551494941974
Nifty Energy TRI,2026-05-20,55519.827224737215
Nifty Energy TRI,2026-05-21,55693.00474776207
Nifty Energy TRI,2026-05-22,55640.73536066025
Nifty Energy TRI,2026-05-25,56122.57757149486
Nifty Energy TRI,2026-05-26,56452.06553013065
Nifty Energy TRI,2026-05-27,57452.93342327924
Nifty Energy TRI,2026-05-29,56549.86083925054
Nifty Energy TRI,2026-06-01,55696.09874602223
Nifty Energy TRI,2026-06-02,55610.85969700078
Nifty Energy TRI,2026-06-03,55624.140712349756
Nifty Energy TRI,2026-06-04,55971.89943550009
Nifty Energy TRI,2026-06-05,55837.32503545985
Nifty Energy TRI,2026-06-08,54932.82746291098
Nifty Energy TRI,2026-06-09,55029.53989859102
Nifty Energy TRI,2026-06-10,53920.27128054122
Nifty Energy TRI,2026-06-11,53517.28211838535
Nifty Energy TRI,2026-06-12,54335.34031601099
Nifty Energy TRI,2026-06-15,54690.556439127475
Nifty Energy TRI,2026-06-16,55277.46554453516
Nifty Energy TRI,2026-06-17,55728.16765513026
Nifty Energy TRI,2026-06-18,56034.604158233546
Nifty Energy TRI,2026-06-19,56163.71214747083
Nifty Energy TRI,2026-06-22,56486.426556339604
Nifty Energy TRI,2026-06-23,55790.002489254424
Nifty Energy TRI,2026-06-24,55294.12046936366
Nifty Energy TRI,2026-06-25,54921.36300131256
Nifty Energy TRI,2026-06-30,55081.179639934184
