index_name,date,tri
Nifty MNC TRI,2011-06-30,5081.14990234375
Nifty MNC TRI,2011-07-01,5072.7428903031505
Nifty MNC TRI,2011-07-04,5096.626032105507
Nifty MNC TRI,2011-07-05,5078.116279498205
Nifty MNC TRI,2011-07-06,5057.404900898463
Nifty MNC TRI,2011-07-07,5124.915149038979
Nifty MNC TRI,2011-07-08,5104.854060611312
Nifty MNC TRI,2011-07-11,5087.429490347949
Nifty MNC TRI,2011-07-12,5059.410551631654
Nifty MNC TRI,2011-07-13,5083.314574435524
Nifty MNC TRI,2011-07-14,5106.170533979609
Nifty MNC TRI,2011-07-15,5086.853762439309
Nifty MNC TRI,2011-07-18,5087.634518738169
Nifty MNC TRI,2011-07-19,5093.482168480535
Nifty MNC TRI,2011-07-20,5055.096887764534
Nifty MNC TRI,2011-07-21,5053.6380873250155
Nifty MNC TRI,2011-07-22,5094.364382369382
Nifty MNC TRI,2011-07-25,5098.99981278758
Nifty MNC TRI,2011-07-26,5054.7001860441405
Nifty MNC TRI,2011-07-27,5059.04676173346
Nifty MNC TRI,2011-07-28,5040.769463451433
Nifty MNC TRI,2011-07-29,5013.030622467331
Nifty MNC TRI,2011-08-01,5009.998618918149
Nifty MNC TRI,2011-08-02,5009.838785839803
Nifty MNC TRI,2011-08-03,4991.755850321195
Nifty MNC TRI,2011-08-04,4934.619538802516
Nifty MNC TRI,2011-08-05,4837.924706062213
Nifty MNC TRI,2011-08-08,4784.6473399812985
Nifty MNC TRI,2011-08-09,4759.9419933525505
Nifty MNC TRI,2011-08-10,4794.526437777284
Nifty MNC TRI,2011-08-11,4779.835572184224
Nifty MNC TRI,2011-08-12,4764.091078704192
Nifty MNC TRI,2011-08-16,4696.895289002197
Nifty MNC TRI,2011-08-17,4711.149573613189
Nifty MNC TRI,2011-08-18,4668.19872907703
Nifty MNC TRI,2011-08-19,4629.302127514942
Nifty MNC TRI,2011-08-22,4653.628749599428
Nifty MNC TRI,2011-08-23,4667.3835734833965
Nifty MNC TRI,2011-08-24,4637.799287303341
Nifty MNC TRI,2011-08-25,4625.549462202428
Nifty MNC TRI,2011-08-26,4547.606029080993
Nifty MNC TRI,2011-08-29,4598.490254400676
Nifty MNC TRI,2011-08-30,4678.6506028716285
Nifty MNC TRI,2011-09-02,4703.293852304297
Nifty MNC TRI,2011-09-05,4694.75755930173
Nifty MNC TRI,2011-09-06,4695.036621409851
Nifty MNC TRI,2011-09-07,4742.188644550207
Nifty MNC TRI,2011-09-08,4783.628846899878
Nifty MNC TRI,2011-09-09,4763.004781045184
Nifty MNC TRI,2011-09-12,4736.572931045231
Nifty MNC TRI,2011-09-13,4747.985443147892
Nifty MNC TRI,2011-09-14,4794.650061187401
Nifty MNC TRI,2011-09-15,4799.045092470338
Nifty MNC TRI,2011-09-16,4766.2300399379765
Nifty MNC TRI,2011-09-19,4765.5704360436
Nifty MNC TRI,2011-09-20,4828.296848762551
Nifty MNC TRI,2011-09-21,4800.492450526963
Nifty MNC TRI,2011-09-22,4675.47521445206
Nifty MNC TRI,2011-09-23,4643.349129314154
Nifty MNC TRI,2011-09-26,4587.0394167949025
Nifty MNC TRI,2011-09-27,4675.462181328932
Nifty MNC TRI,2011-09-28,4641.473500460191
Nifty MNC TRI,2011-09-29,4684.849357744667
Nifty MNC TRI,2011-09-30,4666.713663995504
Nifty MNC TRI,2011-10-03,4607.581525375448
Nifty MNC TRI,2011-10-04,4586.2281911001455
Nifty MNC TRI,2011-10-05,4551.875616007442
Nifty MNC TRI,2011-10-07,4627.906726246247
Nifty MNC TRI,2011-10-10,4653.381994052206
Nifty MNC TRI,2011-10-11,4635.387923932732
Nifty MNC TRI,2011-10-12,4712.819788111475
Nifty MNC TRI,2011-10-13,4673.94300464543
Nifty MNC TRI,2011-10-14,4681.4002287094345
Nifty MNC TRI,2011-10-17,4722.352182356727
Nifty MNC TRI,2011-10-18,4671.26793694634
Nifty MNC TRI,2011-10-19,4729.440264305216
Nifty MNC TRI,2011-10-20,4679.8587943345
Nifty MNC TRI,2011-10-21,4648.150073721423
Nifty MNC TRI,2011-10-24,4703.220978642161
Nifty MNC TRI,2011-10-25,4782.802643698674
Nifty MNC TRI,2011-10-28,4887.624338798684
Nifty MNC TRI,2011-10-31,4921.990316025696
Nifty MNC TRI,2011-11-01,4955.886202872621
Nifty MNC TRI,2011-11-02,4962.153996628199
Nifty MNC TRI,2011-11-03,4928.028798852143
Nifty MNC TRI,2011-11-04,4950.071780355285
Nifty MNC TRI,2011-11-08,4979.166190502931
Nifty MNC TRI,2011-11-09,4924.983116106971
Nifty MNC TRI,2011-11-11,4915.25686474201
Nifty MNC TRI,2011-11-14,4908.429654076232
Nifty MNC TRI,2011-11-15,4797.987092525676
Nifty MNC TRI,2011-11-16,4758.158296281522
Nifty MNC TRI,2011-11-17,4679.62123880197
Nifty MNC TRI,2011-11-18,4662.657810077927
Nifty MNC TRI,2011-11-21,4580.236836971863
Nifty MNC TRI,2011-11-22,4585.237552241739
Nifty MNC TRI,2011-11-23,4528.99935465001
Nifty MNC TRI,2011-11-24,4587.1957071952265
Nifty MNC TRI,2011-11-25,4527.0814410515995
Nifty MNC TRI,2011-11-28,4615.653380749869
Nifty MNC TRI,2011-11-29,4610.196482414441
Nifty MNC TRI,2011-11-30,4621.737773177625
Nifty MNC TRI,2011-12-01,4647.211459420242
Nifty MNC TRI,2011-12-02,4743.353264769559
Nifty MNC TRI,2011-12-05,4745.907014321064
Nifty MNC TRI,2011-12-07,4755.222595629301
Nifty MNC TRI,2011-12-08,4656.700470202804
Nifty MNC TRI,2011-12-09,4591.425560750686
Nifty MNC TRI,2011-12-12,4521.558990715877
Nifty MNC TRI,2011-12-13,4551.871141851152
Nifty MNC TRI,2011-12-14,4526.733634576178
Nifty MNC TRI,2011-12-15,4514.82896073914
Nifty MNC TRI,2011-12-16,4457.482093890629
Nifty MNC TRI,2011-12-19,4468.2583281162015
Nifty MNC TRI,2011-12-20,4436.61953783443
Nifty MNC TRI,2011-12-21,4552.049284440545
Nifty MNC TRI,2011-12-22,4585.090673613369
Nifty MNC TRI,2011-12-23,4599.510218902969
Nifty MNC TRI,2011-12-26,4645.292985142141
Nifty MNC TRI,2011-12-27,4639.7304228142275
Nifty MNC TRI,2011-12-28,4587.4472391422205
Nifty MNC TRI,2011-12-29,4549.861170137492
Nifty MNC TRI,2011-12-30,4549.027369668838
Nifty MNC TRI,2012-01-02,4539.979365065634
Nifty MNC TRI,2012-01-03,4633.0105026962565
Nifty MNC TRI,2012-01-04,4587.561722464112
Nifty MNC TRI,2012-01-05,4592.46998625845
Nifty MNC TRI,2012-01-06,4612.236170155377
Nifty MNC TRI,2012-01-09,4608.783560051347
Nifty MNC TRI,2012-01-10,4664.266291839883
Nifty MNC TRI,2012-01-11,4689.428402198172
Nifty MNC TRI,2012-01-12,4724.214231325643
Nifty MNC TRI,2012-01-13,4740.262604854732
Nifty MNC TRI,2012-01-16,4766.095846232624
Nifty MNC TRI,2012-01-17,4904.379644463206
Nifty MNC TRI,2012-01-18,4855.893718122096
Nifty MNC TRI,2012-01-19,4918.155990527726
Nifty MNC TRI,2012-01-20,4904.13367913211
Nifty MNC TRI,2012-01-23,4917.947648284492
Nifty MNC TRI,2012-01-24,4947.768443920783
Nifty MNC TRI,2012-01-25,4987.873168182564
Nifty MNC TRI,2012-01-27,5041.781189653275
Nifty MNC TRI,2012-01-30,4939.371078218278
Nifty MNC TRI,2012-01-31,4960.278256449882
Nifty MNC TRI,2012-02-01,5036.33831240999
Nifty MNC TRI,2012-02-02,5115.02581476393
Nifty MNC TRI,2012-02-03,5180.15703129876
Nifty MNC TRI,2012-02-06,5194.967809058907
Nifty MNC TRI,2012-02-07,5154.674446461
Nifty MNC TRI,2012-02-08,5213.213894175532
Nifty MNC TRI,2012-02-09,5276.145137708474
Nifty MNC TRI,2012-02-10,5233.077080263252
Nifty MNC TRI,2012-02-13,5258.388242449437
Nifty MNC TRI,2012-02-14,5275.030907780845
Nifty MNC TRI,2012-02-15,5333.640727011656
Nifty MNC TRI,2012-02-16,5337.6776065344975
Nifty MNC TRI,2012-02-17,5344.6399174441985
Nifty MNC TRI,2012-02-21,5319.874888000257
Nifty MNC TRI,2012-02-22,5204.640793684221
Nifty MNC TRI,2012-02-23,5195.202195489862
Nifty MNC TRI,2012-02-24,5216.440592820241
Nifty MNC TRI,2012-02-27,5116.060139100297
Nifty MNC TRI,2012-02-28,5183.120507787125
Nifty MNC TRI,2012-02-29,5186.194493885736
Nifty MNC TRI,2012-03-01,5233.024965062583
Nifty MNC TRI,2012-03-02,5228.227393666715
Nifty MNC TRI,2012-03-05,5156.64355525345
Nifty MNC TRI,2012-03-06,5107.017886165818
Nifty MNC TRI,2012-03-07,5080.811345795376
Nifty MNC TRI,2012-03-09,5172.826316757125
Nifty MNC TRI,2012-03-12,5176.345345398112
Nifty MNC TRI,2012-03-13,5257.127149586953
Nifty MNC TRI,2012-03-14,5266.567463030432
Nifty MNC TRI,2012-03-15,5245.913445679995
Nifty MNC TRI,2012-03-16,5195.968927133558
Nifty MNC TRI,2012-03-19,5199.03714738496
Nifty MNC TRI,2012-03-20,5237.821048843058
Nifty MNC TRI,2012-03-21,5302.9721032711395
Nifty MNC TRI,2012-03-22,5185.993488540334
Nifty MNC TRI,2012-03-23,5227.508584314799
Nifty MNC TRI,2012-03-26,5173.95175686625
Nifty MNC TRI,2012-03-27,5236.337195046305
Nifty MNC TRI,2012-03-28,5215.570565549467
Nifty MNC TRI,2012-03-29,5202.987056136818
Nifty MNC TRI,2012-03-30,5313.731972542096
Nifty MNC TRI,2012-04-02,5290.589705156819
Nifty MNC TRI,2012-04-03,5325.708435914675
Nifty MNC TRI,2012-04-04,5283.766245289183
Nifty MNC TRI,2012-04-09,5230.79115856437
Nifty MNC TRI,2012-04-10,5258.537492035866
Nifty MNC TRI,2012-04-11,5217.0869865133745
Nifty MNC TRI,2012-04-12,5297.507275252605
Nifty MNC TRI,2012-04-13,5310.548616720879
Nifty MNC TRI,2012-04-16,5306.250955673528
Nifty MNC TRI,2012-04-17,5347.962037233856
Nifty MNC TRI,2012-04-18,5387.046534526639
Nifty MNC TRI,2012-04-19,5420.421008734498
Nifty MNC TRI,2012-04-20,5391.249001767591
Nifty MNC TRI,2012-04-23,5294.163089620716
Nifty MNC TRI,2012-04-24,5292.847441645168
Nifty MNC TRI,2012-04-25,5302.2026515749
Nifty MNC TRI,2012-04-26,5246.669453204139
Nifty MNC TRI,2012-04-27,5242.822919939821
Nifty MNC TRI,2012-04-30,5274.5815978621185
Nifty MNC TRI,2012-05-02,5279.485167189308
Nifty MNC TRI,2012-05-03,5279.787407839816
Nifty MNC TRI,2012-05-04,5206.225983137351
Nifty MNC TRI,2012-05-07,5224.883876756985
Nifty MNC TRI,2012-05-08,5170.38465834176
Nifty MNC TRI,2012-05-09,5160.9672416075755
Nifty MNC TRI,2012-05-10,5146.792703869022
Nifty MNC TRI,2012-05-11,5106.757605564439
Nifty MNC TRI,2012-05-14,5111.642710905271
Nifty MNC TRI,2012-05-15,5140.230839348907
Nifty MNC TRI,2012-05-16,5105.046644946412
Nifty MNC TRI,2012-05-17,5127.56318592179
Nifty MNC TRI,2012-05-18,5117.280231157917
Nifty MNC TRI,2012-05-21,5105.208540716732
Nifty MNC TRI,2012-05-22,5019.338266594
Nifty MNC TRI,2012-05-23,5003.986381470235
Nifty MNC TRI,2012-05-24,5025.745572753514
Nifty MNC TRI,2012-05-25,5036.518671958404
Nifty MNC TRI,2012-05-28,5061.146791409985
Nifty MNC TRI,2012-05-29,5068.0744279007395
Nifty MNC TRI,2012-05-30,5075.813147675655
Nifty MNC TRI,2012-05-31,5072.815910673062
Nifty MNC TRI,2012-06-01,4946.648456294542
Nifty MNC TRI,2012-06-04,4898.942772467598
Nifty MNC TRI,2012-06-05,4880.79268419518
Nifty MNC TRI,2012-06-06,4996.978766089161
Nifty MNC TRI,2012-06-07,5052.8917620532375
Nifty MNC TRI,2012-06-08,5083.986093838018
Nifty MNC TRI,2012-06-11,5082.945306430275
Nifty MNC TRI,2012-06-12,5127.370736253019
Nifty MNC TRI,2012-06-13,5174.839659780694
Nifty MNC TRI,2012-06-14,5128.7744999764855
Nifty MNC TRI,2012-06-15,5178.324945639588
Nifty MNC TRI,2012-06-18,5123.828899531891
Nifty MNC TRI,2012-06-19,5141.153753434221
Nifty MNC TRI,2012-06-20,5206.121141764809
Nifty MNC TRI,2012-06-21,5226.6944114007465
Nifty MNC TRI,2012-06-22,5226.082586324496
Nifty MNC TRI,2012-06-25,5227.0848338573005
Nifty MNC TRI,2012-06-26,5196.005672397457
Nifty MNC TRI,2012-06-27,5223.173646421354
Nifty MNC TRI,2012-06-28,5223.8794413815285
Nifty MNC TRI,2012-06-29,5300.482559285587
Nifty MNC TRI,2012-07-02,5297.386479416373
Nifty MNC TRI,2012-07-03,5307.932102723069
Nifty MNC TRI,2012-07-04,5344.137657123485
Nifty MNC TRI,2012-07-05,5356.968342131302
Nifty MNC TRI,2012-07-06,5328.26582803552
Nifty MNC TRI,2012-07-09,5254.01303459524
Nifty MNC TRI,2012-07-10,5323.6499326157045
Nifty MNC TRI,2012-07-11,5269.3762189986155
Nifty MNC TRI,2012-07-12,5244.011889769282
Nifty MNC TRI,2012-07-13,5224.326598372523
Nifty MNC TRI,2012-07-16,5226.597277968143
Nifty MNC TRI,2012-07-17,5223.194292637644
Nifty MNC TRI,2012-07-18,5264.692080055193
Nifty MNC TRI,2012-07-19,5260.529198644107
Nifty MNC TRI,2012-07-20,5260.069917977917
Nifty MNC TRI,2012-07-23,5156.286289344021
Nifty MNC TRI,2012-07-24,5309.69032733973
Nifty MNC TRI,2012-07-25,5274.621385674226
Nifty MNC TRI,2012-07-26,5232.799400616871
Nifty MNC TRI,2012-07-27,5278.6768095412335
Nifty MNC TRI,2012-07-30,5342.272312899926
Nifty MNC TRI,2012-07-31,5384.099939437659
Nifty MNC TRI,2012-08-01,5402.630216201967
Nifty MNC TRI,2012-08-02,5392.98771991097
Nifty MNC TRI,2012-08-03,5384.054923741633
Nifty MNC TRI,2012-08-06,5420.159738646907
Nifty MNC TRI,2012-08-07,5444.5857522998185
Nifty MNC TRI,2012-08-08,5479.981201519301
Nifty MNC TRI,2012-08-09,5517.81711191369
Nifty MNC TRI,2012-08-10,5561.545754222858
Nifty MNC TRI,2012-08-13,5584.831923138214
Nifty MNC TRI,2012-08-14,5597.79219052427
Nifty MNC TRI,2012-08-16,5567.184499749377
Nifty MNC TRI,2012-08-17,5581.05974696635
Nifty MNC TRI,2012-08-21,5660.855917110986
Nifty MNC TRI,2012-08-22,5650.453196399095
Nifty MNC TRI,2012-08-23,5686.537450679552
Nifty MNC TRI,2012-08-24,5679.742543791806
Nifty MNC TRI,2012-08-27,5663.317527767157
Nifty MNC TRI,2012-08-28,5626.285482794609
Nifty MNC TRI,2012-08-29,5587.624355161416
Nifty MNC TRI,2012-08-30,5606.792549738184
Nifty MNC TRI,2012-08-31,5544.6482070811335
Nifty MNC TRI,2012-09-03,5556.056832154181
Nifty MNC TRI,2012-09-04,5575.634462032534
Nifty MNC TRI,2012-09-05,5556.073272587771
Nifty MNC TRI,2012-09-06,5573.0596042139405
Nifty MNC TRI,2012-09-07,5657.19977442642
Nifty MNC TRI,2012-09-10,5686.621892066157
Nifty MNC TRI,2012-09-11,5661.11173599696
Nifty MNC TRI,2012-09-12,5693.715246465896
Nifty MNC TRI,2012-09-13,5682.745769281192
Nifty MNC TRI,2012-09-14,5764.879043426151
Nifty MNC TRI,2012-09-17,5738.330420947901
Nifty MNC TRI,2012-09-18,5714.442871149952
Nifty MNC TRI,2012-09-20,5662.034234373308
Nifty MNC TRI,2012-09-21,5748.359323426031
Nifty MNC TRI,2012-09-24,5717.986487361524
Nifty MNC TRI,2012-09-25,5709.047608472148
Nifty MNC TRI,2012-09-26,5733.428915014077
Nifty MNC TRI,2012-09-27,5736.750241646775
Nifty MNC TRI,2012-09-28,5804.734790859719
Nifty MNC TRI,2012-10-01,5838.012364642555
Nifty MNC TRI,2012-10-03,5906.897305326675
Nifty MNC TRI,2012-10-04,5921.268652702316
Nifty MNC TRI,2012-10-05,5942.257151801225
Nifty MNC TRI,2012-10-08,5896.3670031032725
Nifty MNC TRI,2012-10-09,5948.7606086000815
Nifty MNC TRI,2012-10-10,5901.956467640507
Nifty MNC TRI,2012-10-11,5931.856085157553
Nifty MNC TRI,2012-10-12,5947.3019429456735
Nifty MNC TRI,2012-10-15,5953.581037955977
Nifty MNC TRI,2012-10-16,5943.014575538513
Nifty MNC TRI,2012-10-17,5945.327998350519
Nifty MNC TRI,2012-10-18,5956.602783010311
Nifty MNC TRI,2012-10-19,5917.827970951643
Nifty MNC TRI,2012-10-22,5920.947932965091
Nifty MNC TRI,2012-10-23,5915.317067314631
Nifty MNC TRI,2012-10-25,5890.252802988989
Nifty MNC TRI,2012-10-29,5812.097697205241
Nifty MNC TRI,2012-10-30,5831.063813186316
Nifty MNC TRI,2012-10-31,5848.961836585895
Nifty MNC TRI,2012-11-01,5827.992588092371
Nifty MNC TRI,2012-11-02,5831.3730111218
Nifty MNC TRI,2012-11-05,5841.872019207346
Nifty MNC TRI,2012-11-06,5857.2269405570305
Nifty MNC TRI,2012-11-07,5879.971201125327
Nifty MNC TRI,2012-11-08,5869.3924835634825
Nifty MNC TRI,2012-11-09,5838.991041583319
Nifty MNC TRI,2012-11-12,5819.017971846728
Nifty MNC TRI,2012-11-15,5823.708707353008
Nifty MNC TRI,2012-11-16,5737.58680138235
Nifty MNC TRI,2012-11-19,5732.277707536046
Nifty MNC TRI,2012-11-20,5731.425563000032
Nifty MNC TRI,2012-11-21,5752.494297571101
Nifty MNC TRI,2012-11-22,5754.905394023943
Nifty MNC TRI,2012-11-23,5765.780308062207
Nifty MNC TRI,2012-11-26,5808.658224460485
Nifty MNC TRI,2012-11-27,5868.7438564985605
Nifty MNC TRI,2012-11-29,5917.279441975523
Nifty MNC TRI,2012-11-30,5881.7042783500065
Nifty MNC TRI,2012-12-03,5896.248988291097
Nifty MNC TRI,2012-12-04,5878.26441846703
Nifty MNC TRI,2012-12-05,5887.516563582254
Nifty MNC TRI,2012-12-06,5904.114435152024
Nifty MNC TRI,2012-12-07,5887.709730573349
Nifty MNC TRI,2012-12-10,5889.453257429941
Nifty MNC TRI,2012-12-11,5912.074952972179
Nifty MNC TRI,2012-12-12,5858.115716883967
Nifty MNC TRI,2012-12-13,5809.714051646439
Nifty MNC TRI,2012-12-14,5811.670238699095
Nifty MNC TRI,2012-12-17,5844.228046025137
Nifty MNC TRI,2012-12-18,5863.179047933313
Nifty MNC TRI,2012-12-19,5893.461736699947
Nifty MNC TRI,2012-12-20,5925.0734700044395
Nifty MNC TRI,2012-12-21,5853.028881025742
Nifty MNC TRI,2012-12-24,5863.2421551054995
Nifty MNC TRI,2012-12-26,5863.94377033018
Nifty MNC TRI,2012-12-27,5835.578967382794
Nifty MNC TRI,2012-12-28,5896.502084670082
Nifty MNC TRI,2012-12-31,5918.109154325714
Nifty MNC TRI,2013-01-01,5956.271712846698
Nifty MNC TRI,2013-01-02,5986.777915604963
Nifty MNC TRI,2013-01-03,6019.84011217198
Nifty MNC TRI,2013-01-04,6047.5424334726495
Nifty MNC TRI,2013-01-07,6040.674587532363
Nifty MNC TRI,2013-01-08,6033.08990363645
Nifty MNC TRI,2013-01-09,5988.782297836547
Nifty MNC TRI,2013-01-10,5948.659244366788
Nifty MNC TRI,2013-01-11,5845.092687837724
Nifty MNC TRI,2013-01-14,5869.923301062446
Nifty MNC TRI,2013-01-15,5882.458495506281
Nifty MNC TRI,2013-01-16,5829.294508455191
Nifty MNC TRI,2013-01-17,5822.363680995008
Nifty MNC TRI,2013-01-18,5799.798123110005
Nifty MNC TRI,2013-01-21,5841.134759010889
Nifty MNC TRI,2013-01-22,5748.609565429614
Nifty MNC TRI,2013-01-23,5645.9082183206
Nifty MNC TRI,2013-01-24,5619.957545011731
Nifty MNC TRI,2013-01-25,5682.368063512613
Nifty MNC TRI,2013-01-28,5661.753990621153
Nifty MNC TRI,2013-01-29,5631.761218816221
Nifty MNC TRI,2013-01-30,5675.526636296067
Nifty MNC TRI,2013-01-31,5666.439083844986
Nifty MNC TRI,2013-02-01,5632.1487588374885
Nifty MNC TRI,2013-02-04,5610.040934257185
Nifty MNC TRI,2013-02-05,5606.010971081168
Nifty MNC TRI,2013-02-06,5616.603603224365
Nifty MNC TRI,2013-02-07,5583.3770656964425
Nifty MNC TRI,2013-02-08,5504.1791408250165
Nifty MNC TRI,2013-02-11,5508.694611922316
Nifty MNC TRI,2013-02-12,5509.4666553044635
Nifty MNC TRI,2013-02-13,5461.499207834479
Nifty MNC TRI,2013-02-14,5433.168106061242
Nifty MNC TRI,2013-02-15,5408.415148719992
Nifty MNC TRI,2013-02-18,5461.464725866084
Nifty MNC TRI,2013-02-19,5527.866966076556
Nifty MNC TRI,2013-02-20,5549.307542114639
Nifty MNC TRI,2013-02-21,5460.4002727165725
Nifty MNC TRI,2013-02-22,5396.861335694828
Nifty MNC TRI,2013-02-25,5394.459112330032
Nifty MNC TRI,2013-02-26,5345.849317300388
Nifty MNC TRI,2013-02-27,5341.65233069577
Nifty MNC TRI,2013-02-28,5215.254472988306
Nifty MNC TRI,2013-03-01,5285.101336283777
Nifty MNC TRI,2013-03-04,5199.977749152363
Nifty MNC TRI,2013-03-05,5298.804134687002
Nifty MNC TRI,2013-03-06,5287.796775655719
Nifty MNC TRI,2013-03-07,5269.468540705078
Nifty MNC TRI,2013-03-08,5301.303313988637
Nifty MNC TRI,2013-03-11,5316.499012048406
Nifty MNC TRI,2013-03-12,5325.097722447719
Nifty MNC TRI,2013-03-13,5292.943237209709
Nifty MNC TRI,2013-03-14,5357.451544547448
Nifty MNC TRI,2013-03-15,5356.887447658913
Nifty MNC TRI,2013-03-18,5352.019877634779
Nifty MNC TRI,2013-03-19,5278.737808093728
Nifty MNC TRI,2013-03-20,5290.512855119151
Nifty MNC TRI,2013-03-21,5206.826607152942
Nifty MNC TRI,2013-03-22,5202.159335287693
Nifty MNC TRI,2013-03-25,5184.620872049823
Nifty MNC TRI,2013-03-26,5216.3205275956425
Nifty MNC TRI,2013-03-28,5217.127368806155
Nifty MNC TRI,2013-04-01,5245.793787407003
Nifty MNC TRI,2013-04-02,5283.140226302834
Nifty MNC TRI,2013-04-03,5233.537056989863
Nifty MNC TRI,2013-04-04,5213.496150846811
Nifty MNC TRI,2013-04-05,5265.449789012194
Nifty MNC TRI,2013-04-08,5275.8909303920545
Nifty MNC TRI,2013-04-09,5241.446075612357
Nifty MNC TRI,2013-04-10,5244.157163589648
Nifty MNC TRI,2013-04-11,5273.828098345907
Nifty MNC TRI,2013-04-12,5305.192645932964
Nifty MNC TRI,2013-04-15,5270.581213666649
Nifty MNC TRI,2013-04-16,5371.772350594933
Nifty MNC TRI,2013-04-17,5397.968875038877
Nifty MNC TRI,2013-04-18,5447.955995248728
Nifty MNC TRI,2013-04-22,5461.809329707314
Nifty MNC TRI,2013-04-23,5459.402260781818
Nifty MNC TRI,2013-04-25,5493.253714750186
Nifty MNC TRI,2013-04-26,5477.97502566751
Nifty MNC TRI,2013-04-29,5621.595889982398
Nifty MNC TRI,2013-04-30,5966.386379283487
Nifty MNC TRI,2013-05-02,5953.555385427367
Nifty MNC TRI,2013-05-03,5950.242285146188
Nifty MNC TRI,2013-05-06,5983.602073090396
Nifty MNC TRI,2013-05-07,6031.440976264298
Nifty MNC TRI,2013-05-08,6029.002488987294
Nifty MNC TRI,2013-05-09,6015.019255312765
Nifty MNC TRI,2013-05-10,6067.6882328183765
Nifty MNC TRI,2013-05-13,6009.212831988266
Nifty MNC TRI,2013-05-14,6033.971898859861
Nifty MNC TRI,2013-05-15,6062.325300696129
Nifty MNC TRI,2013-05-16,6058.0397563658935
Nifty MNC TRI,2013-05-17,6098.149782917819
Nifty MNC TRI,2013-05-20,6067.328990265906
Nifty MNC TRI,2013-05-21,6026.186097628469
Nifty MNC TRI,2013-05-22,6016.610791229208
Nifty MNC TRI,2013-05-23,5961.0881052893865
Nifty MNC TRI,2013-05-24,5992.015290198386
Nifty MNC TRI,2013-05-27,6035.418117764855
Nifty MNC TRI,2013-05-28,6021.424845689392
Nifty MNC TRI,2013-05-29,6012.668115811195
Nifty MNC TRI,2013-05-30,6022.191664911774
Nifty MNC TRI,2013-05-31,6022.164137934845
Nifty MNC TRI,2013-06-03,6003.797754120292
Nifty MNC TRI,2013-06-04,5990.621547939454
Nifty MNC TRI,2013-06-05,6005.076920606909
Nifty MNC TRI,2013-06-06,6018.557271586591
Nifty MNC TRI,2013-06-07,5969.115548168518
Nifty MNC TRI,2013-06-10,5920.686112005915
Nifty MNC TRI,2013-06-11,5870.565343269382
Nifty MNC TRI,2013-06-12,5850.75233435855
Nifty MNC TRI,2013-06-13,5799.957263264542
Nifty MNC TRI,2013-06-14,5846.110989346457
Nifty MNC TRI,2013-06-17,5868.514508537176
Nifty MNC TRI,2013-06-18,5855.839880584886
Nifty MNC TRI,2013-06-19,5892.5491544574115
Nifty MNC TRI,2013-06-20,5847.754951235667
Nifty MNC TRI,2013-06-21,5849.621724792729
Nifty MNC TRI,2013-06-24,5741.5807782084485
Nifty MNC TRI,2013-06-25,5746.785327250571
Nifty MNC TRI,2013-06-26,5724.900808397708
Nifty MNC TRI,2013-06-27,5744.9613213407365
Nifty MNC TRI,2013-06-28,5797.255055791035
Nifty MNC TRI,2013-07-01,5881.976917481108
Nifty MNC TRI,2013-07-02,5868.987137415388
Nifty MNC TRI,2013-07-03,5851.111778218694
Nifty MNC TRI,2013-07-04,5890.926826767484
Nifty MNC TRI,2013-07-05,5925.551621850803
Nifty MNC TRI,2013-07-08,5920.674357844887
Nifty MNC TRI,2013-07-09,5929.796738801633
Nifty MNC TRI,2013-07-10,5875.04320901366
Nifty MNC TRI,2013-07-11,5915.487007392193
Nifty MNC TRI,2013-07-12,5914.066182257016
Nifty MNC TRI,2013-07-15,5988.506923528588
Nifty MNC TRI,2013-07-16,6009.980361056694
Nifty MNC TRI,2013-07-17,6254.568398519388
Nifty MNC TRI,2013-07-18,6288.863839709021
Nifty MNC TRI,2013-07-19,6239.455930071211
Nifty MNC TRI,2013-07-22,6236.669707007254
Nifty MNC TRI,2013-07-23,6306.526710911935
Nifty MNC TRI,2013-07-24,6218.8252452046745
Nifty MNC TRI,2013-07-25,6051.509302176837
Nifty MNC TRI,2013-07-26,5952.8814568657945
Nifty MNC TRI,2013-07-29,5807.908073768906
Nifty MNC TRI,2013-07-30,5710.491875037055
Nifty MNC TRI,2013-07-31,5693.568839407476
Nifty MNC TRI,2013-08-01,5702.999510375911
Nifty MNC TRI,2013-08-02,5618.745668782035
Nifty MNC TRI,2013-08-05,5639.670643379457
Nifty MNC TRI,2013-08-06,5573.471943317064
Nifty MNC TRI,2013-08-07,5603.236799250263
Nifty MNC TRI,2013-08-08,5688.609537014113
Nifty MNC TRI,2013-08-12,5749.7248729366875
Nifty MNC TRI,2013-08-13,5786.6614658688895
Nifty MNC TRI,2013-08-14,5770.402081338445
Nifty MNC TRI,2013-08-16,5614.735992733054
Nifty MNC TRI,2013-08-19,5520.652960214609
Nifty MNC TRI,2013-08-20,5536.0587526456375
Nifty MNC TRI,2013-08-21,5445.658549782554
Nifty MNC TRI,2013-08-22,5544.001148884303
Nifty MNC TRI,2013-08-23,5577.955526960525
Nifty MNC TRI,2013-08-26,5661.54365589392
Nifty MNC TRI,2013-08-27,5543.098559082011
Nifty MNC TRI,2013-08-28,5547.9469289407425
Nifty MNC TRI,2013-08-29,5662.344681497088
Nifty MNC TRI,2013-08-30,5763.096111903041
Nifty MNC TRI,2013-09-02,5859.86921292424
Nifty MNC TRI,2013-09-03,5694.293987752642
Nifty MNC TRI,2013-09-04,5737.134500388336
Nifty MNC TRI,2013-09-05,5778.844240253318
Nifty MNC TRI,2013-09-06,5752.519040385569
Nifty MNC TRI,2013-09-10,6015.278457833778
Nifty MNC TRI,2013-09-11,6048.553232577351
Nifty MNC TRI,2013-09-12,5930.823914794294
Nifty MNC TRI,2013-09-13,5917.025860132328
Nifty MNC TRI,2013-09-16,5803.90051463866
Nifty MNC TRI,2013-09-17,5863.782946444081
Nifty MNC TRI,2013-09-18,5907.168306469769
Nifty MNC TRI,2013-09-19,6125.067955956832
Nifty MNC TRI,2013-09-20,6051.9149684443755
Nifty MNC TRI,2013-09-23,5990.919739051035
Nifty MNC TRI,2013-09-24,5991.250537970746
Nifty MNC TRI,2013-09-25,5982.761654374751
Nifty MNC TRI,2013-09-26,5958.022880559145
Nifty MNC TRI,2013-09-27,5918.374383128037
Nifty MNC TRI,2013-09-30,5922.403677540985
Nifty MNC TRI,2013-10-01,5893.479015124418
Nifty MNC TRI,2013-10-03,5980.662082415653
Nifty MNC TRI,2013-10-04,5987.8042006802225
Nifty MNC TRI,2013-10-07,6031.887500824412
Nifty MNC TRI,2013-10-08,6010.2361049226965
Nifty MNC TRI,2013-10-09,6005.200684357465
Nifty MNC TRI,2013-10-10,6025.196095497446
Nifty MNC TRI,2013-10-11,6032.651226334244
Nifty MNC TRI,2013-10-14,6007.1694017497775
Nifty MNC TRI,2013-10-15,6008.791920341089
Nifty MNC TRI,2013-10-17,6017.561226889374
Nifty MNC TRI,2013-10-18,6109.994992154702
Nifty MNC TRI,2013-10-21,6180.86135869372
Nifty MNC TRI,2013-10-22,6180.270179823273
Nifty MNC TRI,2013-10-23,6194.757356279597
Nifty MNC TRI,2013-10-24,6160.80851549837
Nifty MNC TRI,2013-10-25,6107.698751387445
Nifty MNC TRI,2013-10-28,6038.932179263777
Nifty MNC TRI,2013-10-29,6198.909553233986
Nifty MNC TRI,2013-10-30,6208.493975497306
Nifty MNC TRI,2013-10-31,6213.895504802996
Nifty MNC TRI,2013-11-01,6259.381249274819
Nifty MNC TRI,2013-11-05,6190.9005925987
Nifty MNC TRI,2013-11-06,6134.615805414175
Nifty MNC TRI,2013-11-07,6119.6079054702395
Nifty MNC TRI,2013-11-08,6092.302025015239
Nifty MNC TRI,2013-11-11,6029.387668165497
Nifty MNC TRI,2013-11-12,5991.739032133252
Nifty MNC TRI,2013-11-13,5989.951477951294
Nifty MNC TRI,2013-11-14,6028.267431650628
Nifty MNC TRI,2013-11-18,6090.641411013298
Nifty MNC TRI,2013-11-19,6091.648591253926
Nifty MNC TRI,2013-11-20,6048.873645430109
Nifty MNC TRI,2013-11-21,5948.301869303122
Nifty MNC TRI,2013-11-22,5935.655955125346
Nifty MNC TRI,2013-11-25,6012.644594827211
Nifty MNC TRI,2013-11-26,6025.179227059546
Nifty MNC TRI,2013-11-27,6000.021040938741
Nifty MNC TRI,2013-11-28,6050.870904759273
Nifty MNC TRI,2013-11-29,6156.277216035847
Nifty MNC TRI,2013-12-02,6158.06657317344
Nifty MNC TRI,2013-12-03,6151.060603864733
Nifty MNC TRI,2013-12-04,6101.903162510234
Nifty MNC TRI,2013-12-05,6117.186010385316
Nifty MNC TRI,2013-12-06,6103.453685070992
Nifty MNC TRI,2013-12-09,6203.935703512902
Nifty MNC TRI,2013-12-10,6197.705511939763
Nifty MNC TRI,2013-12-11,6209.115490636948
Nifty MNC TRI,2013-12-12,6151.616134494306
Nifty MNC TRI,2013-12-13,6083.195655032612
Nifty MNC TRI,2013-12-16,6185.20218224395
Nifty MNC TRI,2013-12-17,6222.900863175119
Nifty MNC TRI,2013-12-18,6281.714876241298
Nifty MNC TRI,2013-12-19,6306.482460129918
Nifty MNC TRI,2013-12-20,6392.317944983499
Nifty MNC TRI,2013-12-23,6401.32895573112
Nifty MNC TRI,2013-12-24,6398.8295312017035
Nifty MNC TRI,2013-12-26,6440.260426562149
Nifty MNC TRI,2013-12-27,6457.639331946362
Nifty MNC TRI,2013-12-30,6479.7061859796195
Nifty MNC TRI,2013-12-31,6465.249858086647
Nifty MNC TRI,2014-01-01,6469.896753641801
Nifty MNC TRI,2014-01-02,6400.504236207507
Nifty MNC TRI,2014-01-03,6430.571810269454
Nifty MNC TRI,2014-01-06,6424.1080039388125
Nifty MNC TRI,2014-01-07,6394.47247138265
Nifty MNC TRI,2014-01-08,6373.689692873372
Nifty MNC TRI,2014-01-09,6353.630583140817
Nifty MNC TRI,2014-01-10,6284.782444456385
Nifty MNC TRI,2014-01-13,6258.098953321679
Nifty MNC TRI,2014-01-14,6217.519096944423
Nifty MNC TRI,2014-01-15,6267.485379313428
Nifty MNC TRI,2014-01-16,6276.530570890577
Nifty MNC TRI,2014-01-17,6265.838701357474
Nifty MNC TRI,2014-01-20,6292.045125669132
Nifty MNC TRI,2014-01-21,6336.585184759676
Nifty MNC TRI,2014-01-22,6364.340711925769
Nifty MNC TRI,2014-01-23,6357.173174074644
Nifty MNC TRI,2014-01-24,6216.725406042735
Nifty MNC TRI,2014-01-27,6101.139065548116
Nifty MNC TRI,2014-01-28,6037.260807546295
Nifty MNC TRI,2014-01-29,6070.816749049232
Nifty MNC TRI,2014-01-30,6002.889718507331
Nifty MNC TRI,2014-01-31,6029.1386045955915
Nifty MNC TRI,2014-02-03,5991.72534332758
Nifty MNC TRI,2014-02-04,5995.686079910577
Nifty MNC TRI,2014-02-05,6017.014549504011
Nifty MNC TRI,2014-02-06,6059.911984216469
Nifty MNC TRI,2014-02-07,6103.694177120558
Nifty MNC TRI,2014-02-10,6064.8791449507635
Nifty MNC TRI,2014-02-11,6060.857796498337
Nifty MNC TRI,2014-02-12,6053.776878664654
Nifty MNC TRI,2014-02-13,5991.361871532326
Nifty MNC TRI,2014-02-14,6000.043151782923
Nifty MNC TRI,2014-02-17,6010.634703687165
Nifty MNC TRI,2014-02-18,6081.8203730555315
Nifty MNC TRI,2014-02-19,6077.850042539019
Nifty MNC TRI,2014-02-20,6048.202914180956
Nifty MNC TRI,2014-02-21,6083.033656282649
Nifty MNC TRI,2014-02-24,6082.534671780083
Nifty MNC TRI,2014-02-25,6080.4836724351535
Nifty MNC TRI,2014-02-26,6083.101612038406
Nifty MNC TRI,2014-02-28,6064.418168059689
Nifty MNC TRI,2014-03-03,6012.800718443582
Nifty MNC TRI,2014-03-04,6079.145827503064
Nifty MNC TRI,2014-03-05,6088.4594469870035
Nifty MNC TRI,2014-03-06,6120.817731057996
Nifty MNC TRI,2014-03-07,6201.966162077283
Nifty MNC TRI,2014-03-10,6234.131132729429
Nifty MNC TRI,2014-03-11,6160.188494202701
Nifty MNC TRI,2014-03-12,6154.920488183345
Nifty MNC TRI,2014-03-13,6140.9300819108275
Nifty MNC TRI,2014-03-14,6127.40604997019
Nifty MNC TRI,2014-03-18,6238.937338941825
Nifty MNC TRI,2014-03-19,6299.616950668959
Nifty MNC TRI,2014-03-20,6282.25293970495
Nifty MNC TRI,2014-03-21,6297.188162580889
Nifty MNC TRI,2014-03-24,6369.734591572
Nifty MNC TRI,2014-03-25,6413.449188754072
Nifty MNC TRI,2014-03-26,6495.342923713082
Nifty MNC TRI,2014-03-27,6535.793375564312
Nifty MNC TRI,2014-03-28,6608.971011985674
Nifty MNC TRI,2014-03-31,6704.638090494023
Nifty MNC TRI,2014-04-01,6669.358098929387
Nifty MNC TRI,2014-04-02,6655.7407264542335
Nifty MNC TRI,2014-04-03,6723.848028401432
Nifty MNC TRI,2014-04-04,6711.478354073821
Nifty MNC TRI,2014-04-07,6717.596947924618
Nifty MNC TRI,2014-04-09,6785.406376386874
Nifty MNC TRI,2014-04-10,6837.374367750518
Nifty MNC TRI,2014-04-11,6824.849837165677
Nifty MNC TRI,2014-04-15,6768.711652440749
Nifty MNC TRI,2014-04-16,6730.814733590623
Nifty MNC TRI,2014-04-17,6803.016173583523
Nifty MNC TRI,2014-04-21,6826.87593879886
Nifty MNC TRI,2014-04-22,6787.933160852182
Nifty MNC TRI,2014-04-23,6792.454748666351
Nifty MNC TRI,2014-04-25,6716.481193809355
Nifty MNC TRI,2014-04-28,6679.6485689176725
Nifty MNC TRI,2014-04-29,6586.549989060588
Nifty MNC TRI,2014-04-30,6553.93083147919
Nifty MNC TRI,2014-05-02,6487.904841312348
Nifty MNC TRI,2014-05-05,6476.3694636845385
Nifty MNC TRI,2014-05-06,6441.3458409350515
Nifty MNC TRI,2014-05-07,6403.978507822536
Nifty MNC TRI,2014-05-08,6414.054688950744
Nifty MNC TRI,2014-05-09,6545.562738648807
Nifty MNC TRI,2014-05-12,6677.745629120829
Nifty MNC TRI,2014-05-13,6792.528372158259
Nifty MNC TRI,2014-05-14,6828.692358646704
Nifty MNC TRI,2014-05-15,6845.813077681299
Nifty MNC TRI,2014-05-16,6963.58172540466
Nifty MNC TRI,2014-05-19,6996.697792463768
Nifty MNC TRI,2014-05-20,7104.132681772601
Nifty MNC TRI,2014-05-21,7117.988134413904
Nifty MNC TRI,2014-05-22,7265.204268423262
Nifty MNC TRI,2014-05-23,7420.499567464806
Nifty MNC TRI,2014-05-26,7405.884870625758
Nifty MNC TRI,2014-05-27,7339.735085501638
Nifty MNC TRI,2014-05-28,7394.213509099398
Nifty MNC TRI,2014-05-29,7344.302586793555
Nifty MNC TRI,2014-05-30,7488.031020250445
Nifty MNC TRI,2014-06-02,7553.4585277966125
Nifty MNC TRI,2014-06-03,7660.607098022758
Nifty MNC TRI,2014-06-04,7673.085262350731
Nifty MNC TRI,2014-06-05,7863.522855693002
Nifty MNC TRI,2014-06-06,7893.873844284609
Nifty MNC TRI,2014-06-09,7923.840529192926
Nifty MNC TRI,2014-06-10,7910.025863808758
Nifty MNC TRI,2014-06-11,7843.753041532071
Nifty MNC TRI,2014-06-12,7865.35788754414
Nifty MNC TRI,2014-06-13,7798.140664792645
Nifty MNC TRI,2014-06-16,7793.560465408983
Nifty MNC TRI,2014-06-17,7861.332121725538
Nifty MNC TRI,2014-06-18,7835.213402770893
Nifty MNC TRI,2014-06-19,7803.93427647639
Nifty MNC TRI,2014-06-20,7750.714060459008
Nifty MNC TRI,2014-06-23,7774.530286256296
Nifty MNC TRI,2014-06-24,7805.1066515561815
Nifty MNC TRI,2014-06-25,7860.8073295263775
Nifty MNC TRI,2014-06-26,7864.286302923441
Nifty MNC TRI,2014-06-27,7847.7496791610665
Nifty MNC TRI,2014-06-30,7941.8018446255255
Nifty MNC TRI,2014-07-01,8079.57637995741
Nifty MNC TRI,2014-07-02,8271.63268491912
Nifty MNC TRI,2014-07-03,8239.675672868318
Nifty MNC TRI,2014-07-04,8223.096408242618
Nifty MNC TRI,2014-07-07,8248.856289527963
Nifty MNC TRI,2014-07-08,8064.2605784412735
Nifty MNC TRI,2014-07-09,7986.9196330449395
Nifty MNC TRI,2014-07-10,7996.036677708851
Nifty MNC TRI,2014-07-11,7959.78279167724
Nifty MNC TRI,2014-07-14,7923.2945297477545
Nifty MNC TRI,2014-07-15,7971.583149917095
Nifty MNC TRI,2014-07-16,8063.639381579964
Nifty MNC TRI,2014-07-17,8152.050636097377
Nifty MNC TRI,2014-07-18,8092.89197297039
Nifty MNC TRI,2014-07-21,8105.346426975704
Nifty MNC TRI,2014-07-22,8132.837252293441
Nifty MNC TRI,2014-07-23,8090.153853353614
Nifty MNC TRI,2014-07-24,8124.012457933472
Nifty MNC TRI,2014-07-25,8139.296852769968
Nifty MNC TRI,2014-07-28,8169.293844186776
Nifty MNC TRI,2014-07-30,8235.883634024649
Nifty MNC TRI,2014-07-31,8183.3271603814555
Nifty MNC TRI,2014-08-01,8152.896441123314
Nifty MNC TRI,2014-08-04,8258.905042539309
Nifty MNC TRI,2014-08-05,8384.86856801851
Nifty MNC TRI,2014-08-06,8323.065567333131
Nifty MNC TRI,2014-08-07,8292.94668417805
Nifty MNC TRI,2014-08-08,8142.643780333516
Nifty MNC TRI,2014-08-11,8205.185519064618
Nifty MNC TRI,2014-08-12,8244.972506879258
Nifty MNC TRI,2014-08-13,8274.215001928133
Nifty MNC TRI,2014-08-14,8346.436177487562
Nifty MNC TRI,2014-08-18,8456.182877713076
Nifty MNC TRI,2014-08-19,8508.159783748055
Nifty MNC TRI,2014-08-20,8502.84276356738
Nifty MNC TRI,2014-08-21,8496.480659914263
Nifty MNC TRI,2014-08-22,8495.079903589869
Nifty MNC TRI,2014-08-25,8495.94595677076
Nifty MNC TRI,2014-08-26,8517.114107963973
Nifty MNC TRI,2014-08-27,8519.998531517222
Nifty MNC TRI,2014-08-28,8545.348964196162
Nifty MNC TRI,2014-09-01,8685.806133906983
Nifty MNC TRI,2014-09-02,8675.789427100526
Nifty MNC TRI,2014-09-03,8675.754263403158
Nifty MNC TRI,2014-09-04,8661.346244593406
Nifty MNC TRI,2014-09-05,8672.285764761797
Nifty MNC TRI,2014-09-08,8793.337885200603
Nifty MNC TRI,2014-09-09,8801.357067287536
Nifty MNC TRI,2014-09-10,8786.846325338329
Nifty MNC TRI,2014-09-11,8818.023096414436
Nifty MNC TRI,2014-09-12,8887.468640266157
Nifty MNC TRI,2014-09-15,8867.989032164347
Nifty MNC TRI,2014-09-16,8822.419919263213
Nifty MNC TRI,2014-09-17,8850.154349582856
Nifty MNC TRI,2014-09-18,8914.754636043876
Nifty MNC TRI,2014-09-19,8878.176726963336
Nifty MNC TRI,2014-09-22,8881.59606051511
Nifty MNC TRI,2014-09-23,8834.446263055866
Nifty MNC TRI,2014-09-24,8910.672056301468
Nifty MNC TRI,2014-09-25,8810.589571566994
Nifty MNC TRI,2014-09-26,8829.54530026988
Nifty MNC TRI,2014-09-29,8814.075684852425
Nifty MNC TRI,2014-09-30,8896.908236885947
Nifty MNC TRI,2014-10-01,8786.967703014892
Nifty MNC TRI,2014-10-07,8667.366940638747
Nifty MNC TRI,2014-10-08,8622.694060233332
Nifty MNC TRI,2014-10-09,8738.097984190923
Nifty MNC TRI,2014-10-10,8557.306389680107
Nifty MNC TRI,2014-10-13,8552.421575658784
Nifty MNC TRI,2014-10-14,8557.929064779748
Nifty MNC TRI,2014-10-16,8449.755593548758
Nifty MNC TRI,2014-10-17,8421.129570667006
Nifty MNC TRI,2014-10-20,8557.789676268583
Nifty MNC TRI,2014-10-21,8702.509186296198
Nifty MNC TRI,2014-10-22,8833.837604854616
Nifty MNC TRI,2014-10-27,8767.494478583107
Nifty MNC TRI,2014-10-28,8795.42610295175
Nifty MNC TRI,2014-10-29,8879.187809676743
Nifty MNC TRI,2014-10-30,8902.046046023623
Nifty MNC TRI,2014-10-31,9027.350663853256
Nifty MNC TRI,2014-11-03,9061.748666080817
Nifty MNC TRI,2014-11-05,9027.60276027261
Nifty MNC TRI,2014-11-07,9088.851091903161
Nifty MNC TRI,2014-11-10,9167.275459859047
Nifty MNC TRI,2014-11-11,9193.770521615392
Nifty MNC TRI,2014-11-12,9246.623469279097
Nifty MNC TRI,2014-11-13,9214.434875204817
Nifty MNC TRI,2014-11-14,9261.371727994005
Nifty MNC TRI,2014-11-17,9255.092164767939
Nifty MNC TRI,2014-11-18,9332.540200522528
Nifty MNC TRI,2014-11-19,9320.421865782797
Nifty MNC TRI,2014-11-20,9308.877926641942
Nifty MNC TRI,2014-11-21,9300.635747590293
Nifty MNC TRI,2014-11-24,9308.146250662203
Nifty MNC TRI,2014-11-25,9252.248627027499
Nifty MNC TRI,2014-11-26,9282.065136999738
Nifty MNC TRI,2014-11-27,9315.238510008725
Nifty MNC TRI,2014-11-28,9371.589300428532
Nifty MNC TRI,2014-12-01,9476.273863318802
Nifty MNC TRI,2014-12-02,9483.137155414432
Nifty MNC TRI,2014-12-03,9644.332739393432
Nifty MNC TRI,2014-12-04,9811.519231040207
Nifty MNC TRI,2014-12-05,9803.711568328197
Nifty MNC TRI,2014-12-08,9683.408270641708
Nifty MNC TRI,2014-12-09,9516.715718708612
Nifty MNC TRI,2014-12-10,9467.456240621377
Nifty MNC TRI,2014-12-11,9424.329996202243
Nifty MNC TRI,2014-12-12,9407.429689912715
Nifty MNC TRI,2014-12-15,9323.82616211799
Nifty MNC TRI,2014-12-16,9043.276476439707
Nifty MNC TRI,2014-12-17,9020.481298545386
Nifty MNC TRI,2014-12-18,9183.3785320291
Nifty MNC TRI,2014-12-19,9165.310470763798
Nifty MNC TRI,2014-12-22,9254.887859008237
Nifty MNC TRI,2014-12-23,9215.46058653506
Nifty MNC TRI,2014-12-24,9177.131200187938
Nifty MNC TRI,2014-12-26,9153.843975298227
Nifty MNC TRI,2014-12-29,9295.044111323616
Nifty MNC TRI,2014-12-30,9318.495472129762
Nifty MNC TRI,2014-12-31,9339.586265790835
Nifty MNC TRI,2015-01-01,9359.260579002801
Nifty MNC TRI,2015-01-02,9439.41747472742
Nifty MNC TRI,2015-01-05,9504.186135806829
Nifty MNC TRI,2015-01-06,9395.75088843496
Nifty MNC TRI,2015-01-07,9518.562406702082
Nifty MNC TRI,2015-01-08,9641.961717974873
Nifty MNC TRI,2015-01-09,9710.387207330607
Nifty MNC TRI,2015-01-12,9828.196055285089
Nifty MNC TRI,2015-01-13,9813.023736615884
Nifty MNC TRI,2015-01-14,9909.831870433043
Nifty MNC TRI,2015-01-15,10005.07156785771
Nifty MNC TRI,2015-01-16,10091.914982781094
Nifty MNC TRI,2015-01-19,9978.279796981216
Nifty MNC TRI,2015-01-20,10010.33845326304
Nifty MNC TRI,2015-01-21,10142.433884922304
Nifty MNC TRI,2015-01-22,10149.754877288367
Nifty MNC TRI,2015-01-23,10271.14678810281
Nifty MNC TRI,2015-01-27,10322.423229714706
Nifty MNC TRI,2015-01-28,10288.657088862463
Nifty MNC TRI,2015-01-29,10305.130166693445
Nifty MNC TRI,2015-01-30,10232.36432603252
Nifty MNC TRI,2015-02-02,10196.265898436679
Nifty MNC TRI,2015-02-03,10221.884932376926
Nifty MNC TRI,2015-02-04,10158.45820267735
Nifty MNC TRI,2015-02-05,10101.70343339083
Nifty MNC TRI,2015-02-06,10105.557394408865
Nifty MNC TRI,2015-02-09,9943.146422090069
Nifty MNC TRI,2015-02-10,10011.613952118112
Nifty MNC TRI,2015-02-11,10136.978278789138
Nifty MNC TRI,2015-02-12,10282.33345328702
Nifty MNC TRI,2015-02-13,10384.21277575297
Nifty MNC TRI,2015-02-16,10434.255348785706
Nifty MNC TRI,2015-02-18,10510.47033374692
Nifty MNC TRI,2015-02-19,10521.337307610356
Nifty MNC TRI,2015-02-20,10463.247728284936
Nifty MNC TRI,2015-02-23,10418.36133603568
Nifty MNC TRI,2015-02-24,10474.62656503663
Nifty MNC TRI,2015-02-25,10456.558894221864
Nifty MNC TRI,2015-02-26,10297.284219552625
Nifty MNC TRI,2015-02-27,10476.243037430599
Nifty MNC TRI,2015-03-02,10770.366973678514
Nifty MNC TRI,2015-03-03,10807.66368187775
Nifty MNC TRI,2015-03-04,10685.780266007683
Nifty MNC TRI,2015-03-05,10785.910379624556
Nifty MNC TRI,2015-03-09,10785.605737165139
Nifty MNC TRI,2015-03-10,10692.221026071727
Nifty MNC TRI,2015-03-11,10706.787443488152
Nifty MNC TRI,2015-03-12,10822.99967049201
Nifty MNC TRI,2015-03-13,10633.116265769075
Nifty MNC TRI,2015-03-16,10510.611270303598
Nifty MNC TRI,2015-03-17,10597.302464729779
Nifty MNC TRI,2015-03-18,10572.590937785504
Nifty MNC TRI,2015-03-19,10567.938945522563
Nifty MNC TRI,2015-03-20,10432.808271196054
Nifty MNC TRI,2015-03-23,10402.193545638895
Nifty MNC TRI,2015-03-24,10348.136233237281
Nifty MNC TRI,2015-03-25,10350.1100692915
Nifty MNC TRI,2015-03-26,10199.982641086304
Nifty MNC TRI,2015-03-27,10196.947445558606
Nifty MNC TRI,2015-03-30,10323.688296708133
Nifty MNC TRI,2015-03-31,10394.615401009456
Nifty MNC TRI,2015-04-01,10414.607088996461
Nifty MNC TRI,2015-04-06,10523.283811843346
Nifty MNC TRI,2015-04-07,10589.758608161765
Nifty MNC TRI,2015-04-08,10648.702994367739
Nifty MNC TRI,2015-04-09,10692.950876891344
Nifty MNC TRI,2015-04-10,10762.179490021517
Nifty MNC TRI,2015-04-13,10824.280071562565
Nifty MNC TRI,2015-04-15,10823.364404017746
Nifty MNC TRI,2015-04-16,10755.150126184726
Nifty MNC TRI,2015-04-17,10683.082348898964
Nifty MNC TRI,2015-04-20,10449.660568786248
Nifty MNC TRI,2015-04-21,10223.209375704531
Nifty MNC TRI,2015-04-22,10267.356702778849
Nifty MNC TRI,2015-04-23,10303.387872864685
Nifty MNC TRI,2015-04-24,10114.973068619125
Nifty MNC TRI,2015-04-27,10040.248449879451
Nifty MNC TRI,2015-04-28,10207.31862746804
Nifty MNC TRI,2015-04-29,10174.063013795234
Nifty MNC TRI,2015-04-30,10179.723963363303
Nifty MNC TRI,2015-05-04,10364.139778744702
Nifty MNC TRI,2015-05-05,10523.197063174008
Nifty MNC TRI,2015-05-06,10197.293730269035
Nifty MNC TRI,2015-05-07,10106.528072990384
Nifty MNC TRI,2015-05-08,10265.48754673568
Nifty MNC TRI,2015-05-11,10330.814401220003
Nifty MNC TRI,2015-05-12,10102.067877441037
Nifty MNC TRI,2015-05-13,10238.421890885002
Nifty MNC TRI,2015-05-14,10309.46398046327
Nifty MNC TRI,2015-05-15,10302.891592571095
Nifty MNC TRI,2015-05-18,10403.914091443521
Nifty MNC TRI,2015-05-19,10402.040380858205
Nifty MNC TRI,2015-05-20,10425.81692095144
Nifty MNC TRI,2015-05-21,10405.577422069457
Nifty MNC TRI,2015-05-22,10421.43770501917
Nifty MNC TRI,2015-05-25,10340.80802174852
Nifty MNC TRI,2015-05-26,10302.137800253378
Nifty MNC TRI,2015-05-27,10284.211889566082
Nifty MNC TRI,2015-05-28,10302.130217974052
Nifty MNC TRI,2015-05-29,10459.4297387757
Nifty MNC TRI,2015-06-01,10553.447791126544
Nifty MNC TRI,2015-06-02,10341.212062236682
Nifty MNC TRI,2015-06-03,10118.135124669603
Nifty MNC TRI,2015-06-04,10143.814027805509
Nifty MNC TRI,2015-06-05,10148.108227831974
Nifty MNC TRI,2015-06-08,9989.765514178662
Nifty MNC TRI,2015-06-09,10012.381571624144
Nifty MNC TRI,2015-06-10,10078.681371847459
Nifty MNC TRI,2015-06-11,9987.843326135877
Nifty MNC TRI,2015-06-12,9990.917285561432
Nifty MNC TRI,2015-06-15,10023.1211739062
Nifty MNC TRI,2015-06-16,10056.892633013442
Nifty MNC TRI,2015-06-17,10209.170898498223
Nifty MNC TRI,2015-06-18,10246.385238386883
Nifty MNC TRI,2015-06-19,10275.9420312549
Nifty MNC TRI,2015-06-22,10399.764523775913
Nifty MNC TRI,2015-06-23,10424.786077377932
Nifty MNC TRI,2015-06-24,10452.187648385489
Nifty MNC TRI,2015-06-25,10445.926704580812
Nifty MNC TRI,2015-06-26,10463.077776938573
Nifty MNC TRI,2015-06-29,10416.014516617737
Nifty MNC TRI,2015-06-30,10554.902499060463
Nifty MNC TRI,2015-07-01,10623.917698805999
Nifty MNC TRI,2015-07-02,10658.52531924537
Nifty MNC TRI,2015-07-03,10689.592958497837
Nifty MNC TRI,2015-07-06,10710.111766645552
Nifty MNC TRI,2015-07-07,10715.225387374583
Nifty MNC TRI,2015-07-08,10617.390262048946
Nifty MNC TRI,2015-07-09,10570.680798658708
Nifty MNC TRI,2015-07-10,10531.793306526566
Nifty MNC TRI,2015-07-13,10685.835158987766
Nifty MNC TRI,2015-07-14,10742.514448343813
Nifty MNC TRI,2015-07-15,10827.07041155711
Nifty MNC TRI,2015-07-16,10887.14462710587
Nifty MNC TRI,2015-07-17,10882.692216169859
Nifty MNC TRI,2015-07-20,10855.740135567159
Nifty MNC TRI,2015-07-21,10684.116667364235
Nifty MNC TRI,2015-07-22,10833.818031839824
Nifty MNC TRI,2015-07-23,10798.307277373915
Nifty MNC TRI,2015-07-24,10787.502301865596
Nifty MNC TRI,2015-07-27,10651.104850902158
Nifty MNC TRI,2015-07-28,10668.549764408226
Nifty MNC TRI,2015-07-29,10813.526691539084
Nifty MNC TRI,2015-07-30,10891.46573490129
Nifty MNC TRI,2015-07-31,10957.291406103115
Nifty MNC TRI,2015-08-03,10973.151616218172
Nifty MNC TRI,2015-08-04,11012.89554243681
Nifty MNC TRI,2015-08-05,11087.154654445529
Nifty MNC TRI,2015-08-06,11144.268630048844
Nifty MNC TRI,2015-08-07,11153.798423345017
Nifty MNC TRI,2015-08-10,11176.671851697463
Nifty MNC TRI,2015-08-11,11096.199593946605
Nifty MNC TRI,2015-08-12,10861.065277432102
Nifty MNC TRI,2015-08-13,10831.775105958392
Nifty MNC TRI,2015-08-14,10956.195831950117
Nifty MNC TRI,2015-08-17,10915.983075158307
Nifty MNC TRI,2015-08-18,10970.256495545882
Nifty MNC TRI,2015-08-19,11011.718113910212
Nifty MNC TRI,2015-08-20,10851.82151716043
Nifty MNC TRI,2015-08-21,10802.60662547785
Nifty MNC TRI,2015-08-24,10093.245989504361
Nifty MNC TRI,2015-08-25,10205.348648248399
Nifty MNC TRI,2015-08-26,10075.738313226031
Nifty MNC TRI,2015-08-27,10203.688894979085
Nifty MNC TRI,2015-08-28,10282.113556251577
Nifty MNC TRI,2015-08-31,10253.881505073408
Nifty MNC TRI,2015-09-01,10105.327642942515
Nifty MNC TRI,2015-09-02,10002.385157341692
Nifty MNC TRI,2015-09-03,10104.189528581404
Nifty MNC TRI,2015-09-04,9953.758228278166
Nifty MNC TRI,2015-09-07,9800.192503200875
Nifty MNC TRI,2015-09-08,9787.951040747505
Nifty MNC TRI,2015-09-09,10004.732826190939
Nifty MNC TRI,2015-09-10,9997.745833449162
Nifty MNC TRI,2015-09-11,10028.657894661947
Nifty MNC TRI,2015-09-14,10122.204334566322
Nifty MNC TRI,2015-09-15,10100.641422028028
Nifty MNC TRI,2015-09-16,10114.227222351303
Nifty MNC TRI,2015-09-18,10120.829490705519
Nifty MNC TRI,2015-09-21,10137.840441701795
Nifty MNC TRI,2015-09-22,10014.192157398054
Nifty MNC TRI,2015-09-23,9987.687219753221
Nifty MNC TRI,2015-09-24,10045.023657956515
Nifty MNC TRI,2015-09-28,9987.254261296805
Nifty MNC TRI,2015-09-29,10015.694253564847
Nifty MNC TRI,2015-09-30,10163.539996102678
Nifty MNC TRI,2015-10-01,10134.591573181691
Nifty MNC TRI,2015-10-05,10141.970783024857
Nifty MNC TRI,2015-10-06,10199.180566858526
Nifty MNC TRI,2015-10-07,10232.677769211845
Nifty MNC TRI,2015-10-08,10205.050684077738
Nifty MNC TRI,2015-10-09,10162.192826443672
Nifty MNC TRI,2015-10-12,10123.76405622864
Nifty MNC TRI,2015-10-13,10097.561032629786
Nifty MNC TRI,2015-10-14,10067.2158863734
Nifty MNC TRI,2015-10-15,10124.176919107425
Nifty MNC TRI,2015-10-16,10170.421114427301
Nifty MNC TRI,2015-10-19,10239.581884406465
Nifty MNC TRI,2015-10-20,10241.723877772218
Nifty MNC TRI,2015-10-21,10262.02142743636
Nifty MNC TRI,2015-10-23,10231.691425097553
Nifty MNC TRI,2015-10-26,10242.735763024144
Nifty MNC TRI,2015-10-27,10303.022106309636
Nifty MNC TRI,2015-10-28,10323.485976126532
Nifty MNC TRI,2015-10-29,10246.826156060903
Nifty MNC TRI,2015-10-30,10187.68526390331
Nifty MNC TRI,2015-11-02,10217.47596681032
Nifty MNC TRI,2015-11-03,10275.970206972166
Nifty MNC TRI,2015-11-04,10268.713557876397
Nifty MNC TRI,2015-11-05,10189.108618487662
Nifty MNC TRI,2015-11-06,10134.517738434015
Nifty MNC TRI,2015-11-09,10214.726408547102
Nifty MNC TRI,2015-11-10,10143.924204711175
Nifty MNC TRI,2015-11-13,10026.328813236938
Nifty MNC TRI,2015-11-16,9984.696296078726
Nifty MNC TRI,2015-11-17,10060.166123995614
Nifty MNC TRI,2015-11-18,9958.087378699924
Nifty MNC TRI,2015-11-19,10086.442015546234
Nifty MNC TRI,2015-11-20,10170.586769463074
Nifty MNC TRI,2015-11-23,10103.551334628966
Nifty MNC TRI,2015-11-24,10060.826656523648
Nifty MNC TRI,2015-11-26,10011.569248546497
Nifty MNC TRI,2015-11-27,10042.252688566647
Nifty MNC TRI,2015-11-30,9996.983342218035
Nifty MNC TRI,2015-12-01,10109.55281853304
Nifty MNC TRI,2015-12-02,10108.129576248839
Nifty MNC TRI,2015-12-03,10023.435679246148
Nifty MNC TRI,2015-12-04,9979.840928009255
Nifty MNC TRI,2015-12-07,10040.278833175547
Nifty MNC TRI,2015-12-08,9963.011959490144
Nifty MNC TRI,2015-12-09,9792.131285734486
Nifty MNC TRI,2015-12-10,9860.106184997205
Nifty MNC TRI,2015-12-11,9824.41906875862
Nifty MNC TRI,2015-12-14,9977.203825218508
Nifty MNC TRI,2015-12-15,10108.238808030646
Nifty MNC TRI,2015-12-16,10079.789330572217
Nifty MNC TRI,2015-12-17,10172.106324444863
Nifty MNC TRI,2015-12-18,10106.892959014638
Nifty MNC TRI,2015-12-21,10151.891863277166
Nifty MNC TRI,2015-12-22,10107.04755457388
Nifty MNC TRI,2015-12-23,10176.771393823083
Nifty MNC TRI,2015-12-24,10172.42227782399
Nifty MNC TRI,2015-12-28,10197.070977143487
Nifty MNC TRI,2015-12-29,10174.89074967571
Nifty MNC TRI,2015-12-30,10129.82041770698
Nifty MNC TRI,2015-12-31,10175.878506266086
Nifty MNC TRI,2016-01-01,10221.513807511998
Nifty MNC TRI,2016-01-04,10137.551768492202
Nifty MNC TRI,2016-01-05,10108.22979949367
Nifty MNC TRI,2016-01-06,10022.627082666031
Nifty MNC TRI,2016-01-07,9693.68795023446
Nifty MNC TRI,2016-01-08,9649.116196759198
Nifty MNC TRI,2016-01-11,9637.171089973173
Nifty MNC TRI,2016-01-12,9676.25403102499
Nifty MNC TRI,2016-01-13,9694.836946677238
Nifty MNC TRI,2016-01-14,9634.915894740545
Nifty MNC TRI,2016-01-15,9471.877701468255
Nifty MNC TRI,2016-01-18,9363.494974219817
Nifty MNC TRI,2016-01-19,9381.217002791358
Nifty MNC TRI,2016-01-20,9173.335966172868
Nifty MNC TRI,2016-01-21,8969.221295697093
Nifty MNC TRI,2016-01-22,9109.144414527533
Nifty MNC TRI,2016-01-25,9131.657546316937
Nifty MNC TRI,2016-01-27,9077.681930454159
Nifty MNC TRI,2016-01-28,9133.393525775535
Nifty MNC TRI,2016-01-29,9252.949734820912
Nifty MNC TRI,2016-02-01,9180.991241707756
Nifty MNC TRI,2016-02-02,9078.902812715902
Nifty MNC TRI,2016-02-03,9060.752743858988
Nifty MNC TRI,2016-02-04,9179.74730442175
Nifty MNC TRI,2016-02-05,9226.791742765428
Nifty MNC TRI,2016-02-08,9179.919581337866
Nifty MNC TRI,2016-02-09,9061.16985249619
Nifty MNC TRI,2016-02-10,8996.205108717955
Nifty MNC TRI,2016-02-11,8753.426433266315
Nifty MNC TRI,2016-02-12,8755.94546305166
Nifty MNC TRI,2016-02-15,8979.573716370931
Nifty MNC TRI,2016-02-16,8858.384945188933
Nifty MNC TRI,2016-02-17,8930.342342911365
Nifty MNC TRI,2016-02-18,8964.600100043323
Nifty MNC TRI,2016-02-19,8938.435613413996
Nifty MNC TRI,2016-02-22,9069.015461768053
Nifty MNC TRI,2016-02-23,8958.732489668817
Nifty MNC TRI,2016-02-24,8901.410551294992
Nifty MNC TRI,2016-02-25,8819.171751195969
Nifty MNC TRI,2016-02-26,8872.373608405871
Nifty MNC TRI,2016-02-29,8701.6451929202
Nifty MNC TRI,2016-03-01,8893.199017705136
Nifty MNC TRI,2016-03-02,9058.996260957778
Nifty MNC TRI,2016-03-03,9122.037525721407
Nifty MNC TRI,2016-03-04,9141.115193717194
Nifty MNC TRI,2016-03-08,9034.435221581296
Nifty MNC TRI,2016-03-09,9141.466623787215
Nifty MNC TRI,2016-03-10,9118.597385628855
Nifty MNC TRI,2016-03-11,9162.125001759789
Nifty MNC TRI,2016-03-14,9211.000486006555
Nifty MNC TRI,2016-03-15,9169.285885520416
Nifty MNC TRI,2016-03-16,9184.796483555985
Nifty MNC TRI,2016-03-17,9242.696781131071
Nifty MNC TRI,2016-03-18,9321.263697409713
Nifty MNC TRI,2016-03-21,9529.287916625188
Nifty MNC TRI,2016-03-22,9584.329662917437
Nifty MNC TRI,2016-03-23,9621.32620335525
Nifty MNC TRI,2016-03-28,9476.388916831398
Nifty MNC TRI,2016-03-29,9495.229804845985
Nifty MNC TRI,2016-03-30,9552.850131464456
Nifty MNC TRI,2016-03-31,9578.265869107494
Nifty MNC TRI,2016-04-01,9583.170960070813
Nifty MNC TRI,2016-04-04,9578.709072619065
Nifty MNC TRI,2016-04-05,9407.256727564432
Nifty MNC TRI,2016-04-06,9440.04609493828
Nifty MNC TRI,2016-04-07,9307.365219277657
Nifty MNC TRI,2016-04-08,9280.308552663531
Nifty MNC TRI,2016-04-11,9381.88490601053
Nifty MNC TRI,2016-04-12,9496.2299047384
Nifty MNC TRI,2016-04-13,9710.786313891964
Nifty MNC TRI,2016-04-18,9738.666488011479
Nifty MNC TRI,2016-04-20,9758.491365989588
Nifty MNC TRI,2016-04-21,9713.690571872743
Nifty MNC TRI,2016-04-22,9720.796112833716
Nifty MNC TRI,2016-04-25,9661.810791614611
Nifty MNC TRI,2016-04-26,9794.94012173953
Nifty MNC TRI,2016-04-27,9813.86785206714
Nifty MNC TRI,2016-04-28,9624.253102322422
Nifty MNC TRI,2016-04-29,9658.25515743546
Nifty MNC TRI,2016-05-02,9692.516134206622
Nifty MNC TRI,2016-05-03,9639.29477905632
Nifty MNC TRI,2016-05-04,9557.776765044659
Nifty MNC TRI,2016-05-05,9601.51814830567
Nifty MNC TRI,2016-05-06,9623.440038289546
Nifty MNC TRI,2016-05-09,9653.426281481488
Nifty MNC TRI,2016-05-10,9689.850896605709
Nifty MNC TRI,2016-05-11,9723.389116004795
Nifty MNC TRI,2016-05-12,9743.501324625822
Nifty MNC TRI,2016-05-13,9621.885213392474
Nifty MNC TRI,2016-05-16,9685.000322290824
Nifty MNC TRI,2016-05-17,9700.406467486362
Nifty MNC TRI,2016-05-18,9599.528011694621
Nifty MNC TRI,2016-05-19,9520.637481948163
Nifty MNC TRI,2016-05-20,9483.91195812431
Nifty MNC TRI,2016-05-23,9452.400071901644
Nifty MNC TRI,2016-05-24,9482.037892305654
Nifty MNC TRI,2016-05-25,9657.648108959258
Nifty MNC TRI,2016-05-26,9770.16013254532
Nifty MNC TRI,2016-05-27,9843.816984202262
Nifty MNC TRI,2016-05-30,9836.856106551633
Nifty MNC TRI,2016-05-31,9867.588203795394
Nifty MNC TRI,2016-06-01,9852.811070524172
Nifty MNC TRI,2016-06-02,9917.974131637076
Nifty MNC TRI,2016-06-03,9984.213056368997
Nifty MNC TRI,2016-06-06,9920.340943135594
Nifty MNC TRI,2016-06-07,10010.743680092597
Nifty MNC TRI,2016-06-08,10047.649541152314
Nifty MNC TRI,2016-06-09,9963.089092105125
Nifty MNC TRI,2016-06-10,9926.297401288077
Nifty MNC TRI,2016-06-13,9919.931698757187
Nifty MNC TRI,2016-06-14,9879.81189052288
Nifty MNC TRI,2016-06-15,9987.864299805075
Nifty MNC TRI,2016-06-16,9920.31432040802
Nifty MNC TRI,2016-06-17,9936.872030307064
Nifty MNC TRI,2016-06-20,9993.837284716848
Nifty MNC TRI,2016-06-21,9979.321329959912
Nifty MNC TRI,2016-06-22,9955.266826172017
Nifty MNC TRI,2016-06-23,10011.96511218392
Nifty MNC TRI,2016-06-24,9837.004500887298
Nifty MNC TRI,2016-06-27,9866.42634314445
Nifty MNC TRI,2016-06-28,10035.149344883977
Nifty MNC TRI,2016-06-29,10148.946333773794
Nifty MNC TRI,2016-06-30,10253.801037928284
Nifty MNC TRI,2016-07-01,10288.014600258944
Nifty MNC TRI,2016-07-04,10300.072539510125
Nifty MNC TRI,2016-07-05,10288.67016464734
Nifty MNC TRI,2016-07-07,10375.880728425629
Nifty MNC TRI,2016-07-08,10384.532948150942
Nifty MNC TRI,2016-07-11,10523.691124460911
Nifty MNC TRI,2016-07-12,10597.55850557572
Nifty MNC TRI,2016-07-13,10568.038415445822
Nifty MNC TRI,2016-07-14,10651.834532127688
Nifty MNC TRI,2016-07-15,10684.847330581213
Nifty MNC TRI,2016-07-18,10627.28087284524
Nifty MNC TRI,2016-07-19,10599.524560462889
Nifty MNC TRI,2016-07-20,10673.738843996345
Nifty MNC TRI,2016-07-21,10668.084019885178
Nifty MNC TRI,2016-07-22,10705.880813433947
Nifty MNC TRI,2016-07-25,10828.30336015903
Nifty MNC TRI,2016-07-26,10724.519917566928
Nifty MNC TRI,2016-07-27,10763.828764185093
Nifty MNC TRI,2016-07-28,10928.914265053601
Nifty MNC TRI,2016-07-29,10950.31221438173
Nifty MNC TRI,2016-08-01,10954.19153369092
Nifty MNC TRI,2016-08-02,10909.473686482514
Nifty MNC TRI,2016-08-03,10746.087538184192
Nifty MNC TRI,2016-08-04,10800.329342864947
Nifty MNC TRI,2016-08-05,10964.018645151884
Nifty MNC TRI,2016-08-08,11139.947413913194
Nifty MNC TRI,2016-08-09,11065.107840923512
Nifty MNC TRI,2016-08-10,10903.723353096206
Nifty MNC TRI,2016-08-11,10973.23377675751
Nifty MNC TRI,2016-08-12,11022.668638595584
Nifty MNC TRI,2016-08-16,10973.228017264402
Nifty MNC TRI,2016-08-17,10980.465056169798
Nifty MNC TRI,2016-08-18,10994.95331104658
Nifty MNC TRI,2016-08-19,11031.836393792191
Nifty MNC TRI,2016-08-22,11000.924222037998
Nifty MNC TRI,2016-08-23,10972.714481025321
Nifty MNC TRI,2016-08-24,11058.85828313536
Nifty MNC TRI,2016-08-25,10982.520928081132
Nifty MNC TRI,2016-08-26,10969.132991402692
Nifty MNC TRI,2016-08-29,10967.538938560732
Nifty MNC TRI,2016-08-30,11179.473340119963
Nifty MNC TRI,2016-08-31,11131.866237953485
Nifty MNC TRI,2016-09-01,11131.16185848116
Nifty MNC TRI,2016-09-02,11158.236251612245
Nifty MNC TRI,2016-09-06,11374.894612283588
Nifty MNC TRI,2016-09-07,11381.616024634248
Nifty MNC TRI,2016-09-08,11518.021384020945
Nifty MNC TRI,2016-09-09,11356.898599093336
Nifty MNC TRI,2016-09-12,11138.295892955057
Nifty MNC TRI,2016-09-14,11156.668173367669
Nifty MNC TRI,2016-09-15,11178.596146960403
Nifty MNC TRI,2016-09-16,11230.631535765086
Nifty MNC TRI,2016-09-19,11204.278955726844
Nifty MNC TRI,2016-09-20,11196.209605253982
Nifty MNC TRI,2016-09-21,11201.421573276717
Nifty MNC TRI,2016-09-22,11285.302559751854
Nifty MNC TRI,2016-09-23,11269.33087483888
Nifty MNC TRI,2016-09-26,11147.083840799918
Nifty MNC TRI,2016-09-27,11145.625754235038
Nifty MNC TRI,2016-09-28,11184.075479720392
Nifty MNC TRI,2016-09-29,10950.098527096809
Nifty MNC TRI,2016-09-30,11049.594158097125
Nifty MNC TRI,2016-10-03,11281.475131189009
Nifty MNC TRI,2016-10-04,11301.11076630878
Nifty MNC TRI,2016-10-05,11355.662709575818
Nifty MNC TRI,2016-10-06,11386.76166266848
Nifty MNC TRI,2016-10-07,11314.936872767084
Nifty MNC TRI,2016-10-10,11342.542042958159
Nifty MNC TRI,2016-10-13,11213.173776860307
Nifty MNC TRI,2016-10-14,11138.201281454134
Nifty MNC TRI,2016-10-17,11034.463298554107
Nifty MNC TRI,2016-10-18,11138.713524747089
Nifty MNC TRI,2016-10-19,11120.997949132101
Nifty MNC TRI,2016-10-20,11172.720540929604
Nifty MNC TRI,2016-10-21,11178.96010046207
Nifty MNC TRI,2016-10-24,11203.60267229461
Nifty MNC TRI,2016-10-25,11181.792730319941
Nifty MNC TRI,2016-10-26,11200.847555710303
Nifty MNC TRI,2016-10-27,11105.539460128308
Nifty MNC TRI,2016-10-28,11172.138456765177
Nifty MNC TRI,2016-11-01,11254.729709883382
Nifty MNC TRI,2016-11-02,11141.30515517956
Nifty MNC TRI,2016-11-03,11124.979431565776
Nifty MNC TRI,2016-11-04,11055.114749134182
Nifty MNC TRI,2016-11-07,11032.460158067537
Nifty MNC TRI,2016-11-08,11066.440823758165
Nifty MNC TRI,2016-11-09,10763.99920596211
Nifty MNC TRI,2016-11-10,10745.176711192738
Nifty MNC TRI,2016-11-11,10475.83293616811
Nifty MNC TRI,2016-11-15,10084.997284047704
Nifty MNC TRI,2016-11-16,10116.904045078241
Nifty MNC TRI,2016-11-17,10072.508997312223
Nifty MNC TRI,2016-11-18,10029.8345937206
Nifty MNC TRI,2016-11-21,9785.377484626693
Nifty MNC TRI,2016-11-22,9993.579830499493
Nifty MNC TRI,2016-11-23,10093.350291973638
Nifty MNC TRI,2016-11-24,10058.64471541553
Nifty MNC TRI,2016-11-25,10142.740499978056
Nifty MNC TRI,2016-11-28,10227.944501185333
Nifty MNC TRI,2016-11-29,10367.534012173819
Nifty MNC TRI,2016-11-30,10530.533014798497
Nifty MNC TRI,2016-12-01,10481.870264714478
Nifty MNC TRI,2016-12-02,10281.316961173194
Nifty MNC TRI,2016-12-05,10473.868433396145
Nifty MNC TRI,2016-12-06,10420.071189356144
Nifty MNC TRI,2016-12-07,10385.84519401534
Nifty MNC TRI,2016-12-08,10602.879593108635
Nifty MNC TRI,2016-12-09,10616.873747365633
Nifty MNC TRI,2016-12-12,10491.114469273423
Nifty MNC TRI,2016-12-13,10462.00868707073
Nifty MNC TRI,2016-12-14,10370.704293914967
Nifty MNC TRI,2016-12-15,10349.521142600519
Nifty MNC TRI,2016-12-16,10357.305389177604
Nifty MNC TRI,2016-12-19,10271.300360461824
Nifty MNC TRI,2016-12-20,10197.880414977093
Nifty MNC TRI,2016-12-21,10197.459238845688
Nifty MNC TRI,2016-12-22,10070.019018043957
Nifty MNC TRI,2016-12-23,10141.846123262027
Nifty MNC TRI,2016-12-26,10071.22771136151
Nifty MNC TRI,2016-12-27,10200.76031744928
Nifty MNC TRI,2016-12-28,10225.867964881767
Nifty MNC TRI,2016-12-29,10358.437542266674
Nifty MNC TRI,2016-12-30,10436.556675884878
Nifty MNC TRI,2017-01-02,10567.467081025894
Nifty MNC TRI,2017-01-03,10584.118243504628
Nifty MNC TRI,2017-01-04,10532.587152108586
Nifty MNC TRI,2017-01-05,10713.145317283172
Nifty MNC TRI,2017-01-06,10727.8604526258
Nifty MNC TRI,2017-01-09,10721.579887471002
Nifty MNC TRI,2017-01-10,10774.258671221405
Nifty MNC TRI,2017-01-11,10915.825641411748
Nifty MNC TRI,2017-01-12,10894.856450309382
Nifty MNC TRI,2017-01-13,10850.447545717936
Nifty MNC TRI,2017-01-16,10888.143756299109
Nifty MNC TRI,2017-01-17,10916.698553906286
Nifty MNC TRI,2017-01-18,11057.443483958921
Nifty MNC TRI,2017-01-19,11076.825085860013
Nifty MNC TRI,2017-01-20,10980.877067511386
Nifty MNC TRI,2017-01-23,11075.701802150495
Nifty MNC TRI,2017-01-24,11178.558324912241
Nifty MNC TRI,2017-01-25,11293.958029881269
Nifty MNC TRI,2017-01-27,11348.850992911543
Nifty MNC TRI,2017-01-30,11346.526805858975
Nifty MNC TRI,2017-01-31,11267.409179869284
Nifty MNC TRI,2017-02-01,11556.159752769527
Nifty MNC TRI,2017-02-02,11557.734379773721
Nifty MNC TRI,2017-02-03,11498.938428822521
Nifty MNC TRI,2017-02-06,11624.628976243646
Nifty MNC TRI,2017-02-07,11599.449874761975
Nifty MNC TRI,2017-02-08,11629.406768673329
Nifty MNC TRI,2017-02-09,11604.224842601443
Nifty MNC TRI,2017-02-10,11574.608325553185
Nifty MNC TRI,2017-02-13,11561.169112943702
Nifty MNC TRI,2017-02-14,11468.717258296983
Nifty MNC TRI,2017-02-15,11369.822485422077
Nifty MNC TRI,2017-02-16,11538.642832503076
Nifty MNC TRI,2017-02-17,11549.626937029438
Nifty MNC TRI,2017-02-20,11670.19785979738
Nifty MNC TRI,2017-02-21,11691.897747870891
Nifty MNC TRI,2017-02-22,11626.627526062195
Nifty MNC TRI,2017-02-23,11544.85526417686
Nifty MNC TRI,2017-02-27,11477.910063821719
Nifty MNC TRI,2017-02-28,11480.889198444936
Nifty MNC TRI,2017-03-01,11512.758718755713
Nifty MNC TRI,2017-03-02,11487.714593427232
Nifty MNC TRI,2017-03-03,11452.38856151149
Nifty MNC TRI,2017-03-06,11479.83155996638
Nifty MNC TRI,2017-03-07,11432.540929315208
Nifty MNC TRI,2017-03-08,11410.030934554892
Nifty MNC TRI,2017-03-09,11475.515164596163
Nifty MNC TRI,2017-03-10,11498.952805057765
Nifty MNC TRI,2017-03-14,11756.782298470482
Nifty MNC TRI,2017-03-15,11773.90119126161
Nifty MNC TRI,2017-03-16,11875.414356759693
Nifty MNC TRI,2017-03-17,11885.718359977474
Nifty MNC TRI,2017-03-20,11828.767124523798
Nifty MNC TRI,2017-03-21,11801.604832472494
Nifty MNC TRI,2017-03-22,11740.870977485227
Nifty MNC TRI,2017-03-23,11777.649901082925
Nifty MNC TRI,2017-03-24,11766.293431777838
Nifty MNC TRI,2017-03-27,11699.294414214099
Nifty MNC TRI,2017-03-28,11754.871675416773
Nifty MNC TRI,2017-03-29,11795.93818320152
Nifty MNC TRI,2017-03-30,11854.393208583786
Nifty MNC TRI,2017-03-31,11888.371472478057
Nifty MNC TRI,2017-04-03,11941.622430950416
Nifty MNC TRI,2017-04-05,12124.445521979273
Nifty MNC TRI,2017-04-06,12087.904922826072
Nifty MNC TRI,2017-04-07,12044.861305886674
Nifty MNC TRI,2017-04-10,12068.776934937856
Nifty MNC TRI,2017-04-11,11998.79511033216
Nifty MNC TRI,2017-04-12,12008.300750750008
Nifty MNC TRI,2017-04-13,11888.565770865265
Nifty MNC TRI,2017-04-17,11816.015822049785
Nifty MNC TRI,2017-04-18,11742.591640237848
Nifty MNC TRI,2017-04-19,11774.47581259278
Nifty MNC TRI,2017-04-20,11841.107024395962
Nifty MNC TRI,2017-04-21,11795.211467192179
Nifty MNC TRI,2017-04-24,11915.987689158414
Nifty MNC TRI,2017-04-25,12025.25027938256
Nifty MNC TRI,2017-04-26,12126.929801443823
Nifty MNC TRI,2017-04-27,12107.493621082076
Nifty MNC TRI,2017-04-28,12188.037934815606
Nifty MNC TRI,2017-05-02,12253.45066982466
Nifty MNC TRI,2017-05-03,12271.65019152144
Nifty MNC TRI,2017-05-04,12320.655855972285
Nifty MNC TRI,2017-05-05,12245.141708018587
Nifty MNC TRI,2017-05-08,12276.861170262478
Nifty MNC TRI,2017-05-09,12351.315548604536
Nifty MNC TRI,2017-05-10,12617.20886612355
Nifty MNC TRI,2017-05-11,12613.999886276926
Nifty MNC TRI,2017-05-12,12603.95647454534
Nifty MNC TRI,2017-05-15,12725.24588000176
Nifty MNC TRI,2017-05-16,12826.107176329708
Nifty MNC TRI,2017-05-17,12807.06185151476
Nifty MNC TRI,2017-05-18,12553.387358976684
Nifty MNC TRI,2017-05-19,12516.4771024579
Nifty MNC TRI,2017-05-22,12466.240617946001
Nifty MNC TRI,2017-05-23,12509.807520890374
Nifty MNC TRI,2017-05-24,12458.180361722052
Nifty MNC TRI,2017-05-25,12618.82396850103
Nifty MNC TRI,2017-05-26,12775.464029978457
Nifty MNC TRI,2017-05-29,12880.87806853022
Nifty MNC TRI,2017-05-30,12917.25168119204
Nifty MNC TRI,2017-05-31,12944.562242439333
Nifty MNC TRI,2017-06-01,12961.775918670453
Nifty MNC TRI,2017-06-02,12928.934306829819
Nifty MNC TRI,2017-06-05,13000.836298670976
Nifty MNC TRI,2017-06-06,12915.806816792056
Nifty MNC TRI,2017-06-07,13044.290779811236
Nifty MNC TRI,2017-06-08,13067.758879645755
Nifty MNC TRI,2017-06-09,13236.33764133737
Nifty MNC TRI,2017-06-12,13167.34976159094
Nifty MNC TRI,2017-06-13,13137.597582076452
Nifty MNC TRI,2017-06-14,13159.932959806256
Nifty MNC TRI,2017-06-15,13113.339061701883
Nifty MNC TRI,2017-06-16,13086.94890179662
Nifty MNC TRI,2017-06-19,13158.309081880492
Nifty MNC TRI,2017-06-20,13108.282935790025
Nifty MNC TRI,2017-06-21,13215.055453841715
Nifty MNC TRI,2017-06-22,13132.862164047701
Nifty MNC TRI,2017-06-23,13066.2025752069
Nifty MNC TRI,2017-06-27,12996.946578577585
Nifty MNC TRI,2017-06-28,13073.580777045532
Nifty MNC TRI,2017-06-29,13123.753379716374
Nifty MNC TRI,2017-06-30,13142.622868788289
Nifty MNC TRI,2017-07-03,13340.516056863737
Nifty MNC TRI,2017-07-04,13353.580596888412
Nifty MNC TRI,2017-07-05,13458.082207601152
Nifty MNC TRI,2017-07-06,13502.085064201934
Nifty MNC TRI,2017-07-07,13452.31112425781
Nifty MNC TRI,2017-07-10,13507.947003450141
Nifty MNC TRI,2017-07-11,13508.733048654833
Nifty MNC TRI,2017-07-12,13649.6988937483
Nifty MNC TRI,2017-07-13,13738.038466256176
Nifty MNC TRI,2017-07-14,13729.20850494578
Nifty MNC TRI,2017-07-17,13844.388906120777
Nifty MNC TRI,2017-07-18,13836.267976276953
Nifty MNC TRI,2017-07-19,13907.882124847347
Nifty MNC TRI,2017-07-20,13813.769098713963
Nifty MNC TRI,2017-07-21,13873.85664258651
Nifty MNC TRI,2017-07-24,13872.503181301016
Nifty MNC TRI,2017-07-25,13873.575260943093
Nifty MNC TRI,2017-07-26,13977.744162964185
Nifty MNC TRI,2017-07-27,13974.957627249638
Nifty MNC TRI,2017-07-28,13954.052315321713
Nifty MNC TRI,2017-07-31,14065.836182133438
Nifty MNC TRI,2017-08-01,14177.763933946178
Nifty MNC TRI,2017-08-02,14114.143251391079
Nifty MNC TRI,2017-08-03,14090.299384057498
Nifty MNC TRI,2017-08-04,14224.444841902845
Nifty MNC TRI,2017-08-07,14278.539486392961
Nifty MNC TRI,2017-08-08,14272.932868809548
Nifty MNC TRI,2017-08-09,14170.214944595877
Nifty MNC TRI,2017-08-10,13987.19759298013
Nifty MNC TRI,2017-08-11,13687.341989159575
Nifty MNC TRI,2017-08-14,13869.114652865705
Nifty MNC TRI,2017-08-16,14138.54556194799
Nifty MNC TRI,2017-08-17,14090.18703685748
Nifty MNC TRI,2017-08-18,14124.266828563219
Nifty MNC TRI,2017-08-21,13978.623826658562
Nifty MNC TRI,2017-08-22,13969.679569164597
Nifty MNC TRI,2017-08-23,14036.056864600798
Nifty MNC TRI,2017-08-24,14039.74945935567
Nifty MNC TRI,2017-08-28,14133.511494648967
Nifty MNC TRI,2017-08-29,14038.119084376418
Nifty MNC TRI,2017-08-30,14217.22890722392
Nifty MNC TRI,2017-08-31,14316.813740433836
Nifty MNC TRI,2017-09-01,14457.538451069646
Nifty MNC TRI,2017-09-04,14413.85629247843
Nifty MNC TRI,2017-09-05,14447.861777137696
Nifty MNC TRI,2017-09-06,14438.221151508835
Nifty MNC TRI,2017-09-07,14565.959348886307
Nifty MNC TRI,2017-09-08,14635.396725367164
Nifty MNC TRI,2017-09-11,14777.629045569443
Nifty MNC TRI,2017-09-12,14909.4921799861
Nifty MNC TRI,2017-09-13,14864.709918006225
Nifty MNC TRI,2017-09-14,14800.68344644885
Nifty MNC TRI,2017-09-15,14806.697865536156
Nifty MNC TRI,2017-09-18,14990.910656582499
Nifty MNC TRI,2017-09-19,14959.750795374961
Nifty MNC TRI,2017-09-20,14890.370796802745
Nifty MNC TRI,2017-09-21,14817.222144265865
Nifty MNC TRI,2017-09-22,14535.347353980927
Nifty MNC TRI,2017-09-25,14433.88918973159
Nifty MNC TRI,2017-09-26,14429.039616226284
Nifty MNC TRI,2017-09-27,14205.34035751792
Nifty MNC TRI,2017-09-28,14279.45213856641
Nifty MNC TRI,2017-09-29,14317.191124982875
Nifty MNC TRI,2017-10-03,14343.590565833827
Nifty MNC TRI,2017-10-04,14368.138453582655
Nifty MNC TRI,2017-10-05,14350.956021670712
Nifty MNC TRI,2017-10-06,14519.801161149182
Nifty MNC TRI,2017-10-09,14522.823308426243
Nifty MNC TRI,2017-10-10,14490.747473147116
Nifty MNC TRI,2017-10-11,14409.508007363696
Nifty MNC TRI,2017-10-12,14625.265493606337
Nifty MNC TRI,2017-10-13,14652.560750530483
Nifty MNC TRI,2017-10-16,14818.122302590402
Nifty MNC TRI,2017-10-17,14833.4220811673
Nifty MNC TRI,2017-10-18,14757.576316959381
Nifty MNC TRI,2017-10-19,14652.19668642995
Nifty MNC TRI,2017-10-23,14696.952978878768
Nifty MNC TRI,2017-10-24,14808.495930000761
Nifty MNC TRI,2017-10-25,14859.831472951983
Nifty MNC TRI,2017-10-26,15006.604221914422
Nifty MNC TRI,2017-10-27,15065.0488532309
Nifty MNC TRI,2017-10-30,15103.789992560034
Nifty MNC TRI,2017-10-31,15030.210786479487
Nifty MNC TRI,2017-11-01,15162.769888832516
Nifty MNC TRI,2017-11-02,15090.00643275662
Nifty MNC TRI,2017-11-03,15073.159356404729
Nifty MNC TRI,2017-11-06,15127.806077903915
Nifty MNC TRI,2017-11-07,14986.586452059764
Nifty MNC TRI,2017-11-08,14863.874360593642
Nifty MNC TRI,2017-11-09,14945.885183404818
Nifty MNC TRI,2017-11-10,15004.30393898228
Nifty MNC TRI,2017-11-13,14861.732148230372
Nifty MNC TRI,2017-11-14,14817.989105761284
Nifty MNC TRI,2017-11-15,14652.674197606988
Nifty MNC TRI,2017-11-16,14762.510217836376
Nifty MNC TRI,2017-11-17,14922.023655898976
Nifty MNC TRI,2017-11-20,14986.190199707338
Nifty MNC TRI,2017-11-21,14979.05527522072
Nifty MNC TRI,2017-11-22,14990.118133081693
Nifty MNC TRI,2017-11-23,14958.497489157728
Nifty MNC TRI,2017-11-24,14967.265247742473
Nifty MNC TRI,2017-11-27,14993.299088430955
Nifty MNC TRI,2017-11-28,15075.373761547948
Nifty MNC TRI,2017-11-29,15122.523827372554
Nifty MNC TRI,2017-11-30,15023.931027321702
Nifty MNC TRI,2017-12-01,14882.906729042177
Nifty MNC TRI,2017-12-04,14894.393660567313
Nifty MNC TRI,2017-12-05,14858.872693980104
Nifty MNC TRI,2017-12-06,14859.820632091007
Nifty MNC TRI,2017-12-07,15154.689886907889
Nifty MNC TRI,2017-12-08,15368.208928541171
Nifty MNC TRI,2017-12-11,15458.563628393424
Nifty MNC TRI,2017-12-12,15386.301092809686
Nifty MNC TRI,2017-12-13,15282.965665760405
Nifty MNC TRI,2017-12-14,15275.835289169443
Nifty MNC TRI,2017-12-15,15426.840335500594
Nifty MNC TRI,2017-12-18,15625.269154786736
Nifty MNC TRI,2017-12-19,16036.227001708707
Nifty MNC TRI,2017-12-20,16034.48446472662
Nifty MNC TRI,2017-12-21,15973.762903277024
Nifty MNC TRI,2017-12-22,16009.168868744066
Nifty MNC TRI,2017-12-26,16072.622015655237
Nifty MNC TRI,2017-12-27,16068.911438615392
Nifty MNC TRI,2017-12-28,16104.82172688201
Nifty MNC TRI,2017-12-29,16201.75715780275
Nifty MNC TRI,2018-01-01,16055.330351356148
Nifty MNC TRI,2018-01-02,16009.524114415442
Nifty MNC TRI,2018-01-03,16045.221034647742
Nifty MNC TRI,2018-01-04,16116.940746570452
Nifty MNC TRI,2018-01-05,16217.29702853054
Nifty MNC TRI,2018-01-08,16288.133361700222
Nifty MNC TRI,2018-01-09,16191.29559199884
Nifty MNC TRI,2018-01-10,16173.076443523823
Nifty MNC TRI,2018-01-11,16187.326458400183
Nifty MNC TRI,2018-01-12,16289.68199725883
Nifty MNC TRI,2018-01-15,16233.054879689107
Nifty MNC TRI,2018-01-16,16136.078868403902
Nifty MNC TRI,2018-01-17,16182.205273339345
Nifty MNC TRI,2018-01-18,16053.345068848808
Nifty MNC TRI,2018-01-19,16092.515052353141
Nifty MNC TRI,2018-01-22,16091.669499279022
Nifty MNC TRI,2018-01-23,16267.580404168275
Nifty MNC TRI,2018-01-24,16188.216696760272
Nifty MNC TRI,2018-01-25,16103.696927949128
Nifty MNC TRI,2018-01-29,16334.69146024973
Nifty MNC TRI,2018-01-30,16269.449664665752
Nifty MNC TRI,2018-01-31,16167.158961521425
Nifty MNC TRI,2018-02-01,16168.04835882922
Nifty MNC TRI,2018-02-02,15815.084303302352
Nifty MNC TRI,2018-02-05,15786.964419827184
Nifty MNC TRI,2018-02-06,15524.916525988112
Nifty MNC TRI,2018-02-07,15423.173847229149
Nifty MNC TRI,2018-02-08,15606.34653474605
Nifty MNC TRI,2018-02-09,15572.735062579794
Nifty MNC TRI,2018-02-12,15732.676254714515
Nifty MNC TRI,2018-02-14,15707.063560597056
Nifty MNC TRI,2018-02-15,15797.909311491703
Nifty MNC TRI,2018-02-16,15649.590388747074
Nifty MNC TRI,2018-02-19,15511.927520865105
Nifty MNC TRI,2018-02-20,15577.831204039328
Nifty MNC TRI,2018-02-21,15588.51517478724
Nifty MNC TRI,2018-02-22,15467.630562842965
Nifty MNC TRI,2018-02-23,15613.504001127094
Nifty MNC TRI,2018-02-26,15850.820394830102
Nifty MNC TRI,2018-02-27,15775.013089940987
Nifty MNC TRI,2018-02-28,15633.811161501044
Nifty MNC TRI,2018-03-01,15601.435774786552
Nifty MNC TRI,2018-03-05,15376.171941481247
Nifty MNC TRI,2018-03-06,15172.810780614227
Nifty MNC TRI,2018-03-07,15164.993790349246
Nifty MNC TRI,2018-03-08,15190.263698495384
Nifty MNC TRI,2018-03-09,15159.947052440917
Nifty MNC TRI,2018-03-12,15444.534793109127
Nifty MNC TRI,2018-03-13,15437.548401816292
Nifty MNC TRI,2018-03-14,15455.535249444985
Nifty MNC TRI,2018-03-15,15411.334756129276
Nifty MNC TRI,2018-03-16,15202.30008293078
Nifty MNC TRI,2018-03-19,15182.46178740085
Nifty MNC TRI,2018-03-20,15090.811673221357
Nifty MNC TRI,2018-03-21,15123.282629260128
Nifty MNC TRI,2018-03-22,15012.187783241892
Nifty MNC TRI,2018-03-23,14835.63942936677
Nifty MNC TRI,2018-03-26,15056.590407004653
Nifty MNC TRI,2018-03-27,15192.02784694429
Nifty MNC TRI,2018-03-28,15120.888192207834
Nifty MNC TRI,2018-04-02,15390.315737643172
Nifty MNC TRI,2018-04-03,15454.17800000004
Nifty MNC TRI,2018-04-04,15373.141993848232
Nifty MNC TRI,2018-04-05,15635.857864117961
Nifty MNC TRI,2018-04-06,15678.806301818902
Nifty MNC TRI,2018-04-09,15727.075359049812
Nifty MNC TRI,2018-04-10,15719.488576454856
Nifty MNC TRI,2018-04-11,15883.544231803182
Nifty MNC TRI,2018-04-12,15799.696619722308
Nifty MNC TRI,2018-04-13,15784.912644762837
Nifty MNC TRI,2018-04-16,15896.568696441378
Nifty MNC TRI,2018-04-17,15924.542402527586
Nifty MNC TRI,2018-04-18,15926.852058823799
Nifty MNC TRI,2018-04-19,16085.083986958465
Nifty MNC TRI,2018-04-20,16092.182261566235
Nifty MNC TRI,2018-04-23,16087.863900369506
Nifty MNC TRI,2018-04-24,16060.660186105368
Nifty MNC TRI,2018-04-25,15990.79668310146
Nifty MNC TRI,2018-04-26,16041.37786718968
Nifty MNC TRI,2018-04-27,16004.493451825194
Nifty MNC TRI,2018-04-30,16206.241572126339
Nifty MNC TRI,2018-05-02,15925.939035339154
Nifty MNC TRI,2018-05-03,15812.110914457768
Nifty MNC TRI,2018-05-04,15728.025501731823
Nifty MNC TRI,2018-05-07,15910.710363834865
Nifty MNC TRI,2018-05-08,15838.715836661404
Nifty MNC TRI,2018-05-09,15766.11099596535
Nifty MNC TRI,2018-05-10,15664.073297804283
Nifty MNC TRI,2018-05-11,15786.343288322865
Nifty MNC TRI,2018-05-14,15670.639182902843
Nifty MNC TRI,2018-05-15,15684.164156450488
Nifty MNC TRI,2018-05-16,15819.717997670476
Nifty MNC TRI,2018-05-17,15795.06624991003
Nifty MNC TRI,2018-05-18,15717.482768336024
Nifty MNC TRI,2018-05-21,15447.386700077395
Nifty MNC TRI,2018-05-22,15636.34091311036
Nifty MNC TRI,2018-05-23,15525.772402438883
Nifty MNC TRI,2018-05-24,15435.778244864014
Nifty MNC TRI,2018-05-25,15624.808347954508
Nifty MNC TRI,2018-05-28,15791.773543835592
Nifty MNC TRI,2018-05-29,15765.45787132604
Nifty MNC TRI,2018-05-30,15718.497846738223
Nifty MNC TRI,2018-05-31,15756.583843809427
Nifty MNC TRI,2018-06-01,15757.734119018447
Nifty MNC TRI,2018-06-04,15602.84253782618
Nifty MNC TRI,2018-06-05,15596.608953769099
Nifty MNC TRI,2018-06-06,15732.48784106616
Nifty MNC TRI,2018-06-07,15905.433781651047
Nifty MNC TRI,2018-06-08,15847.559476783523
Nifty MNC TRI,2018-06-11,15885.82712832277
Nifty MNC TRI,2018-06-12,16004.013629722684
Nifty MNC TRI,2018-06-13,15939.24750334316
Nifty MNC TRI,2018-06-14,15886.649442258444
Nifty MNC TRI,2018-06-15,15889.12709066901
Nifty MNC TRI,2018-06-18,15766.722618622462
Nifty MNC TRI,2018-06-19,15595.227262092985
Nifty MNC TRI,2018-06-20,15646.17356824173
Nifty MNC TRI,2018-06-21,15558.455721169423
Nifty MNC TRI,2018-06-22,15650.560634461533
Nifty MNC TRI,2018-06-25,15612.730285904032
Nifty MNC TRI,2018-06-26,15766.840777689033
Nifty MNC TRI,2018-06-27,15637.06295812652
Nifty MNC TRI,2018-06-28,15490.30184960651
Nifty MNC TRI,2018-06-29,15730.010069964039
Nifty MNC TRI,2018-07-02,15725.302371007247
Nifty MNC TRI,2018-07-03,15730.255448408456
Nifty MNC TRI,2018-07-04,15935.953981321247
Nifty MNC TRI,2018-07-05,15955.964059021415
Nifty MNC TRI,2018-07-06,15933.970668964388
Nifty MNC TRI,2018-07-09,16080.947156071403
Nifty MNC TRI,2018-07-10,16166.573735332551
Nifty MNC TRI,2018-07-11,16069.601447128649
Nifty MNC TRI,2018-07-12,16045.45668648043
Nifty MNC TRI,2018-07-13,16078.378382751154
Nifty MNC TRI,2018-07-16,15938.437529049508
Nifty MNC TRI,2018-07-17,15832.665699459885
Nifty MNC TRI,2018-07-18,15540.758031476222
Nifty MNC TRI,2018-07-19,15557.785035933932
Nifty MNC TRI,2018-07-20,15562.95430637416
Nifty MNC TRI,2018-07-23,15920.566139081891
Nifty MNC TRI,2018-07-24,16064.205439791212
Nifty MNC TRI,2018-07-25,15995.697497193283
Nifty MNC TRI,2018-07-26,15872.348254557111
Nifty MNC TRI,2018-07-27,15876.09764706435
Nifty MNC TRI,2018-07-30,16029.031847770839
Nifty MNC TRI,2018-07-31,16239.753630599085
Nifty MNC TRI,2018-08-01,16154.679364276057
Nifty MNC TRI,2018-08-02,16048.244189395391
Nifty MNC TRI,2018-08-03,16200.939071665618
Nifty MNC TRI,2018-08-06,16139.322003006871
Nifty MNC TRI,2018-08-07,16199.597562524514
Nifty MNC TRI,2018-08-08,16227.69969786005
Nifty MNC TRI,2018-08-09,16230.305290561015
Nifty MNC TRI,2018-08-10,16181.74146445134
Nifty MNC TRI,2018-08-13,16020.683871348714
Nifty MNC TRI,2018-08-14,16128.6687318369
Nifty MNC TRI,2018-08-16,16093.789149188386
Nifty MNC TRI,2018-08-17,16314.145430972874
Nifty MNC TRI,2018-08-20,16351.735362819962
Nifty MNC TRI,2018-08-21,16386.37333026278
Nifty MNC TRI,2018-08-23,16557.712578175626
Nifty MNC TRI,2018-08-24,16536.749423532317
Nifty MNC TRI,2018-08-27,16649.656226867206
Nifty MNC TRI,2018-08-28,16708.563024297342
Nifty MNC TRI,2018-08-29,16642.58318084772
Nifty MNC TRI,2018-08-30,16685.529770196365
Nifty MNC TRI,2018-08-31,16646.3360616993
Nifty MNC TRI,2018-09-03,16289.291986217617
Nifty MNC TRI,2018-09-04,15935.429404059387
Nifty MNC TRI,2018-09-05,15819.89687190192
Nifty MNC TRI,2018-09-06,15825.305721811472
Nifty MNC TRI,2018-09-07,15922.440135884011
Nifty MNC TRI,2018-09-10,15660.546527396653
Nifty MNC TRI,2018-09-11,15447.435085303347
Nifty MNC TRI,2018-09-12,15646.374221707933
Nifty MNC TRI,2018-09-14,15856.434172096384
Nifty MNC TRI,2018-09-17,15703.30370744316
Nifty MNC TRI,2018-09-18,15713.353989957017
Nifty MNC TRI,2018-09-19,15533.292151114829
Nifty MNC TRI,2018-09-21,15258.76594465077
Nifty MNC TRI,2018-09-24,14940.755004882396
Nifty MNC TRI,2018-09-25,15240.740740490795
Nifty MNC TRI,2018-09-26,15145.990172938315
Nifty MNC TRI,2018-09-27,15000.414177924731
Nifty MNC TRI,2018-09-28,14834.309796977253
Nifty MNC TRI,2018-10-01,14917.083162259843
Nifty MNC TRI,2018-10-03,14801.402749617333
Nifty MNC TRI,2018-10-04,14546.19887779068
Nifty MNC TRI,2018-10-05,14178.187947285753
Nifty MNC TRI,2018-10-08,13940.542154921046
Nifty MNC TRI,2018-10-09,13858.973625758932
Nifty MNC TRI,2018-10-10,14203.23835345434
Nifty MNC TRI,2018-10-11,14026.785509124833
Nifty MNC TRI,2018-10-12,14424.532238521042
Nifty MNC TRI,2018-10-15,14402.108293519777
Nifty MNC TRI,2018-10-16,14512.060813020209
Nifty MNC TRI,2018-10-17,14277.140130028556
Nifty MNC TRI,2018-10-19,14209.59983686855
Nifty MNC TRI,2018-10-22,14131.295700192883
Nifty MNC TRI,2018-10-23,13891.49038228619
Nifty MNC TRI,2018-10-24,13974.387938819826
Nifty MNC TRI,2018-10-25,13877.878303670603
Nifty MNC TRI,2018-10-26,13817.511347474114
Nifty MNC TRI,2018-10-29,13987.844096626504
Nifty MNC TRI,2018-10-30,14107.638817142124
Nifty MNC TRI,2018-10-31,14352.578437958877
Nifty MNC TRI,2018-11-01,14414.254512614238
Nifty MNC TRI,2018-11-02,14675.8366229241
Nifty MNC TRI,2018-11-05,14699.166090595956
Nifty MNC TRI,2018-11-06,14646.891600117766
Nifty MNC TRI,2018-11-07,14764.587514641747
Nifty MNC TRI,2018-11-09,14870.396380769003
Nifty MNC TRI,2018-11-12,14734.437687679612
Nifty MNC TRI,2018-11-13,14806.017365814738
Nifty MNC TRI,2018-11-14,14803.256993713761
Nifty MNC TRI,2018-11-15,14892.906435334547
Nifty MNC TRI,2018-11-16,14902.558648273565
Nifty MNC TRI,2018-11-19,14968.425578469923
Nifty MNC TRI,2018-11-20,14801.429270304727
Nifty MNC TRI,2018-11-21,14855.578768493497
Nifty MNC TRI,2018-11-22,14778.949029801905
Nifty MNC TRI,2018-11-26,14902.302245495584
Nifty MNC TRI,2018-11-27,14950.924064689982
Nifty MNC TRI,2018-11-28,14909.478736611785
Nifty MNC TRI,2018-11-29,15038.091820980962
Nifty MNC TRI,2018-11-30,15240.773063307886
Nifty MNC TRI,2018-12-03,15386.988447018086
Nifty MNC TRI,2018-12-04,15344.828948102648
Nifty MNC TRI,2018-12-05,15169.823476035584
Nifty MNC TRI,2018-12-06,14888.015279815696
Nifty MNC TRI,2018-12-07,14980.40342791526
Nifty MNC TRI,2018-12-10,14748.874058322986
Nifty MNC TRI,2018-12-11,14905.60020229716
Nifty MNC TRI,2018-12-12,15235.480072772321
Nifty MNC TRI,2018-12-13,15412.590207450157
Nifty MNC TRI,2018-12-14,15413.787840273939
Nifty MNC TRI,2018-12-17,15495.75598854261
Nifty MNC TRI,2018-12-18,15567.73667886978
Nifty MNC TRI,2018-12-19,15698.136531303293
Nifty MNC TRI,2018-12-20,15559.380548290095
Nifty MNC TRI,2018-12-21,15316.3716989181
Nifty MNC TRI,2018-12-24,15184.460237124795
Nifty MNC TRI,2018-12-26,15228.729969100337
Nifty MNC TRI,2018-12-27,15252.338033827287
Nifty MNC TRI,2018-12-28,15404.41231493108
Nifty MNC TRI,2018-12-31,15475.044946531018
Nifty MNC TRI,2019-01-01,15408.812087021992
Nifty MNC TRI,2019-01-02,15196.211646240961
Nifty MNC TRI,2019-01-03,15077.177083133129
Nifty MNC TRI,2019-01-04,15080.3604717896
Nifty MNC TRI,2019-01-07,15122.773247535099
Nifty MNC TRI,2019-01-08,15107.749271457546
Nifty MNC TRI,2019-01-09,15125.590086818804
Nifty MNC TRI,2019-01-10,15147.042101122315
Nifty MNC TRI,2019-01-11,15124.465437942372
Nifty MNC TRI,2019-01-14,15077.772546972486
Nifty MNC TRI,2019-01-15,15249.601934637996
Nifty MNC TRI,2019-01-16,15159.775313549397
Nifty MNC TRI,2019-01-17,15171.959286602607
Nifty MNC TRI,2019-01-18,15105.170505646798
Nifty MNC TRI,2019-01-21,15056.740894588367
Nifty MNC TRI,2019-01-22,14987.215546657993
Nifty MNC TRI,2019-01-23,15001.617488206002
Nifty MNC TRI,2019-01-24,14968.914298390937
Nifty MNC TRI,2019-01-25,14740.001578172185
Nifty MNC TRI,2019-01-28,14587.622882284875
Nifty MNC TRI,2019-01-29,14623.070166289144
Nifty MNC TRI,2019-01-30,14699.57953884338
Nifty MNC TRI,2019-01-31,14802.989023382888
Nifty MNC TRI,2019-02-01,14738.42828499737
Nifty MNC TRI,2019-02-04,14741.890367209615
Nifty MNC TRI,2019-02-05,14702.548489757917
Nifty MNC TRI,2019-02-06,14800.589982901696
Nifty MNC TRI,2019-02-07,14925.372137708928
Nifty MNC TRI,2019-02-08,14661.430144064563
Nifty MNC TRI,2019-02-11,14495.953787134204
Nifty MNC TRI,2019-02-12,14429.741776832318
Nifty MNC TRI,2019-02-14,14300.529610258727
Nifty MNC TRI,2019-02-15,14089.920687645665
Nifty MNC TRI,2019-02-18,13990.834470849315
Nifty MNC TRI,2019-02-19,14019.835976941975
Nifty MNC TRI,2019-02-20,14203.203846278851
Nifty MNC TRI,2019-02-21,14330.198423699341
Nifty MNC TRI,2019-02-22,14457.146169060154
Nifty MNC TRI,2019-02-25,14527.539505696532
Nifty MNC TRI,2019-02-26,14516.023587893163
Nifty MNC TRI,2019-02-27,14503.783262239866
Nifty MNC TRI,2019-02-28,14549.723752817046
Nifty MNC TRI,2019-03-01,14681.387378501735
Nifty MNC TRI,2019-03-05,14816.809572905722
Nifty MNC TRI,2019-03-06,14771.808541693372
Nifty MNC TRI,2019-03-07,14745.497173006495
Nifty MNC TRI,2019-03-08,14690.863759664056
Nifty MNC TRI,2019-03-11,14944.95423723703
Nifty MNC TRI,2019-03-12,15044.076791705682
Nifty MNC TRI,2019-03-13,14922.606703653071
Nifty MNC TRI,2019-03-14,14901.637467727682
Nifty MNC TRI,2019-03-15,14808.759595941561
Nifty MNC TRI,2019-03-18,14737.64622993429
Nifty MNC TRI,2019-03-19,14736.480775566959
Nifty MNC TRI,2019-03-20,14687.22093762832
Nifty MNC TRI,2019-03-22,14617.582849372093
Nifty MNC TRI,2019-03-25,14458.124815179659
Nifty MNC TRI,2019-03-26,14571.591370184338
Nifty MNC TRI,2019-03-27,14585.843222693384
Nifty MNC TRI,2019-03-28,14668.02894592228
Nifty MNC TRI,2019-04-01,14887.179278744958
Nifty MNC TRI,2019-04-02,14829.658573089957
Nifty MNC TRI,2019-04-03,14830.667971238125
Nifty MNC TRI,2019-04-04,14831.344545351067
Nifty MNC TRI,2019-04-05,14864.381304191314
Nifty MNC TRI,2019-04-08,14808.423141888365
Nifty MNC TRI,2019-04-09,14908.70426417407
Nifty MNC TRI,2019-04-10,14906.486251635142
Nifty MNC TRI,2019-04-11,14919.19938285842
Nifty MNC TRI,2019-04-12,15011.473013836427
Nifty MNC TRI,2019-04-15,15047.232492165203
Nifty MNC TRI,2019-04-16,15117.96062824162
Nifty MNC TRI,2019-04-18,15022.258430454975
Nifty MNC TRI,2019-04-22,14872.21989476093
Nifty MNC TRI,2019-04-23,14824.962566754411
Nifty MNC TRI,2019-04-24,14804.847596565449
Nifty MNC TRI,2019-04-25,14690.638131225242
Nifty MNC TRI,2019-04-26,14664.38461956206
Nifty MNC TRI,2019-04-30,14544.240542054575
Nifty MNC TRI,2019-05-02,14415.825276279382
Nifty MNC TRI,2019-05-03,14327.939393332741
Nifty MNC TRI,2019-05-06,14204.048039514786
Nifty MNC TRI,2019-05-07,14167.78218134226
Nifty MNC TRI,2019-05-08,14026.387852780872
Nifty MNC TRI,2019-05-09,13983.308715875
Nifty MNC TRI,2019-05-10,13969.172031596969
Nifty MNC TRI,2019-05-13,13872.427434805586
Nifty MNC TRI,2019-05-14,13953.337612299372
Nifty MNC TRI,2019-05-15,13855.575874744953
Nifty MNC TRI,2019-05-16,13947.31434506535
Nifty MNC TRI,2019-05-17,14151.139505338298
Nifty MNC TRI,2019-05-20,14536.737913931729
Nifty MNC TRI,2019-05-21,14468.325041352095
Nifty MNC TRI,2019-05-22,14424.069572351305
Nifty MNC TRI,2019-05-23,14319.265052714816
Nifty MNC TRI,2019-05-24,14574.888020873927
Nifty MNC TRI,2019-05-27,14740.96942316053
Nifty MNC TRI,2019-05-28,14781.379480312857
Nifty MNC TRI,2019-05-29,14649.774775104956
Nifty MNC TRI,2019-05-30,14668.025752592093
Nifty MNC TRI,2019-05-31,14684.660235625042
Nifty MNC TRI,2019-06-03,14895.512358152464
Nifty MNC TRI,2019-06-04,14838.969045682657
Nifty MNC TRI,2019-06-06,14705.15410685563
Nifty MNC TRI,2019-06-07,14667.523648631986
Nifty MNC TRI,2019-06-10,14821.027005729888
Nifty MNC TRI,2019-06-11,14866.599453029936
Nifty MNC TRI,2019-06-12,14831.761159046257
Nifty MNC TRI,2019-06-13,14769.051693433907
Nifty MNC TRI,2019-06-14,14652.221403133699
Nifty MNC TRI,2019-06-17,14431.369829063211
Nifty MNC TRI,2019-06-18,14391.981616018862
Nifty MNC TRI,2019-06-19,14366.83438406292
Nifty MNC TRI,2019-06-20,14544.125525667889
Nifty MNC TRI,2019-06-21,14423.120213274588
Nifty MNC TRI,2019-06-24,14396.832586715733
Nifty MNC TRI,2019-06-25,14453.923297750049
Nifty MNC TRI,2019-06-26,14512.97282283341
Nifty MNC TRI,2019-06-27,14580.688668640516
Nifty MNC TRI,2019-06-28,14577.55486090996
Nifty MNC TRI,2019-07-01,14583.63468125282
Nifty MNC TRI,2019-07-02,14680.873403685779
Nifty MNC TRI,2019-07-03,14653.376587260624
Nifty MNC TRI,2019-07-04,14694.28703431673
Nifty MNC TRI,2019-07-05,14454.84222872304
Nifty MNC TRI,2019-07-08,14180.071218872934
Nifty MNC TRI,2019-07-09,14119.00811146635
Nifty MNC TRI,2019-07-10,14007.738560199412
Nifty MNC TRI,2019-07-11,14096.323117037824
Nifty MNC TRI,2019-07-12,14147.567583530674
Nifty MNC TRI,2019-07-15,14168.08263261482
Nifty MNC TRI,2019-07-16,14244.053195417464
Nifty MNC TRI,2019-07-17,14288.994813927278
Nifty MNC TRI,2019-07-18,14132.122457393361
Nifty MNC TRI,2019-07-19,13895.435862357375
Nifty MNC TRI,2019-07-22,13934.663381458615
Nifty MNC TRI,2019-07-23,13894.419764645152
Nifty MNC TRI,2019-07-24,13750.696471816205
Nifty MNC TRI,2019-07-25,13861.468387875084
Nifty MNC TRI,2019-07-26,13860.486145084104
Nifty MNC TRI,2019-07-29,13663.747730650868
Nifty MNC TRI,2019-07-30,13490.611022505602
Nifty MNC TRI,2019-07-31,13570.6267112889
Nifty MNC TRI,2019-08-01,13402.90107531829
Nifty MNC TRI,2019-08-02,13415.16127025246
Nifty MNC TRI,2019-08-05,13353.79530190653
Nifty MNC TRI,2019-08-06,13476.690925127987
Nifty MNC TRI,2019-08-07,13424.878407070535
Nifty MNC TRI,2019-08-08,13541.18062516246
Nifty MNC TRI,2019-08-09,13708.087490422675
Nifty MNC TRI,2019-08-13,13461.137838011931
Nifty MNC TRI,2019-08-14,13541.139023315904
Nifty MNC TRI,2019-08-16,13616.066537582125
Nifty MNC TRI,2019-08-19,13572.774764957803
Nifty MNC TRI,2019-08-20,13526.483314114423
Nifty MNC TRI,2019-08-21,13453.814770680518
Nifty MNC TRI,2019-08-22,13302.972870720101
Nifty MNC TRI,2019-08-23,13493.81395066949
Nifty MNC TRI,2019-08-26,13613.24249663954
Nifty MNC TRI,2019-08-27,13799.642816742538
Nifty MNC TRI,2019-08-28,13654.491873901556
Nifty MNC TRI,2019-08-29,13654.675788303643
Nifty MNC TRI,2019-08-30,13847.708781215735
Nifty MNC TRI,2019-09-03,13651.448432307438
Nifty MNC TRI,2019-09-04,13558.354217773553
Nifty MNC TRI,2019-09-05,13626.77207571371
Nifty MNC TRI,2019-09-06,13746.236640319588
Nifty MNC TRI,2019-09-09,13900.609218170986
Nifty MNC TRI,2019-09-11,13993.289148298982
Nifty MNC TRI,2019-09-12,13882.80708239738
Nifty MNC TRI,2019-09-13,14011.279806902618
Nifty MNC TRI,2019-09-16,14028.460670481649
Nifty MNC TRI,2019-09-17,13828.78266513485
Nifty MNC TRI,2019-09-18,13853.24309737634
Nifty MNC TRI,2019-09-19,13713.24152137486
Nifty MNC TRI,2019-09-20,14743.024297635533
Nifty MNC TRI,2019-09-23,15354.396493415308
Nifty MNC TRI,2019-09-24,15365.913718256183
Nifty MNC TRI,2019-09-25,15084.814857297659
Nifty MNC TRI,2019-09-26,15299.519530982252
Nifty MNC TRI,2019-09-27,15190.705938866759
Nifty MNC TRI,2019-09-30,15109.052770224762
Nifty MNC TRI,2019-10-01,14935.160922218554
Nifty MNC TRI,2019-10-03,14777.522498511842
Nifty MNC TRI,2019-10-04,14572.134729596759
Nifty MNC TRI,2019-10-07,14603.359527411665
Nifty MNC TRI,2019-10-09,14877.329611293104
Nifty MNC TRI,2019-10-10,14793.577768377269
Nifty MNC TRI,2019-10-11,14932.488653066588
Nifty MNC TRI,2019-10-14,15081.197272014264
Nifty MNC TRI,2019-10-15,15283.880137844595
Nifty MNC TRI,2019-10-16,15354.153102246568
Nifty MNC TRI,2019-10-17,15530.994250039665
Nifty MNC TRI,2019-10-18,15696.680301633198
Nifty MNC TRI,2019-10-22,15665.619980904792
Nifty MNC TRI,2019-10-23,15716.955653604582
Nifty MNC TRI,2019-10-24,15614.162703236794
Nifty MNC TRI,2019-10-25,15642.261559571954
Nifty MNC TRI,2019-10-29,15926.916700714435
Nifty MNC TRI,2019-10-30,15907.760197780482
Nifty MNC TRI,2019-10-31,15940.873589003371
Nifty MNC TRI,2019-11-01,16001.726119623861
Nifty MNC TRI,2019-11-04,15959.023716877493
Nifty MNC TRI,2019-11-05,15851.083941312554
Nifty MNC TRI,2019-11-06,15848.93538312023
Nifty MNC TRI,2019-11-07,15883.907801026684
Nifty MNC TRI,2019-11-08,15636.672086923867
Nifty MNC TRI,2019-11-11,15585.434983495496
Nifty MNC TRI,2019-11-13,15562.860216196661
Nifty MNC TRI,2019-11-14,15491.268517465509
Nifty MNC TRI,2019-11-15,15505.62143991261
Nifty MNC TRI,2019-11-18,15474.1882602604
Nifty MNC TRI,2019-11-19,15490.284146441934
Nifty MNC TRI,2019-11-20,15555.489089329556
Nifty MNC TRI,2019-11-21,15443.028645950204
Nifty MNC TRI,2019-11-22,15375.287834684288
Nifty MNC TRI,2019-11-25,15607.005119644327
Nifty MNC TRI,2019-11-26,15466.649011902364
Nifty MNC TRI,2019-11-27,15581.497253604612
Nifty MNC TRI,2019-11-28,15619.016170490771
Nifty MNC TRI,2019-11-29,15489.605784272035
Nifty MNC TRI,2019-12-02,15514.533951622729
Nifty MNC TRI,2019-12-03,15366.82990643958
Nifty MNC TRI,2019-12-04,15476.64415318247
Nifty MNC TRI,2019-12-05,15408.758802429846
Nifty MNC TRI,2019-12-06,15291.448285033
Nifty MNC TRI,2019-12-09,15290.777409763967
Nifty MNC TRI,2019-12-10,15191.100893897896
Nifty MNC TRI,2019-12-11,15161.313776190033
Nifty MNC TRI,2019-12-12,15287.686569462745
Nifty MNC TRI,2019-12-13,15458.552861485708
Nifty MNC TRI,2019-12-16,15338.102037734936
Nifty MNC TRI,2019-12-17,15425.021953906378
Nifty MNC TRI,2019-12-18,15413.910358268326
Nifty MNC TRI,2019-12-19,15465.683931958038
Nifty MNC TRI,2019-12-20,15468.185398293124
Nifty MNC TRI,2019-12-23,15499.318002244252
Nifty MNC TRI,2019-12-24,15467.165107293911
Nifty MNC TRI,2019-12-26,15426.144435617336
Nifty MNC TRI,2019-12-27,15462.34760869975
Nifty MNC TRI,2019-12-30,15569.287544269619
Nifty MNC TRI,2019-12-31,15519.458023590798
Nifty MNC TRI,2020-01-01,15534.230163912824
Nifty MNC TRI,2020-01-02,15623.968046336493
Nifty MNC TRI,2020-01-03,15514.9833101354
Nifty MNC TRI,2020-01-06,15196.082651257511
Nifty MNC TRI,2020-01-07,15288.301609047385
Nifty MNC TRI,2020-01-08,15308.36040867564
Nifty MNC TRI,2020-01-09,15487.677400722185
Nifty MNC TRI,2020-01-10,15528.68819471778
Nifty MNC TRI,2020-01-13,15609.848547523361
Nifty MNC TRI,2020-01-14,15754.358034902452
Nifty MNC TRI,2020-01-15,15814.980891797997
Nifty MNC TRI,2020-01-16,15915.306371945695
Nifty MNC TRI,2020-01-17,15932.580141493736
Nifty MNC TRI,2020-01-20,15867.04370841603
Nifty MNC TRI,2020-01-21,15802.091005878088
Nifty MNC TRI,2020-01-22,15758.423538904892
Nifty MNC TRI,2020-01-23,15830.1613722302
Nifty MNC TRI,2020-01-24,15984.703371315414
Nifty MNC TRI,2020-01-27,15867.272610652155
Nifty MNC TRI,2020-01-28,15810.245460529939
Nifty MNC TRI,2020-01-29,15883.691629142573
Nifty MNC TRI,2020-01-30,15670.600914468429
Nifty MNC TRI,2020-01-31,15505.497507128131
Nifty MNC TRI,2020-02-03,15730.067863869268
Nifty MNC TRI,2020-02-04,15926.482883614532
Nifty MNC TRI,2020-02-05,15947.206398365763
Nifty MNC TRI,2020-02-06,15973.849769067325
Nifty MNC TRI,2020-02-07,16027.71464382117
Nifty MNC TRI,2020-02-10,15896.472465550889
Nifty MNC TRI,2020-02-11,15857.058398444848
Nifty MNC TRI,2020-02-12,15979.019838115913
Nifty MNC TRI,2020-02-13,16066.774809056302
Nifty MNC TRI,2020-02-14,15870.763411743097
Nifty MNC TRI,2020-02-17,15851.09607624019
Nifty MNC TRI,2020-02-18,15781.110975581114
Nifty MNC TRI,2020-02-19,15980.290397109473
Nifty MNC TRI,2020-02-20,15911.65828443388
Nifty MNC TRI,2020-02-24,15628.225203885722
Nifty MNC TRI,2020-02-25,15597.520829043968
Nifty MNC TRI,2020-02-26,15422.55069165089
Nifty MNC TRI,2020-02-27,15405.653947418226
Nifty MNC TRI,2020-02-28,14954.125026280517
Nifty MNC TRI,2020-03-02,14919.111417215667
Nifty MNC TRI,2020-03-03,15194.452646908807
Nifty MNC TRI,2020-03-04,15136.757838964786
Nifty MNC TRI,2020-03-05,15191.773899493573
Nifty MNC TRI,2020-03-06,15042.904553172184
Nifty MNC TRI,2020-03-09,14498.335617263843
Nifty MNC TRI,2020-03-11,14448.146780250127
Nifty MNC TRI,2020-03-12,13515.91843584609
Nifty MNC TRI,2020-03-13,13743.40024159593
Nifty MNC TRI,2020-03-16,13096.496960108676
Nifty MNC TRI,2020-03-17,13075.209794199003
Nifty MNC TRI,2020-03-18,12455.858503728932
Nifty MNC TRI,2020-03-19,11783.739597213185
Nifty MNC TRI,2020-03-20,12429.316622829088
Nifty MNC TRI,2020-03-23,10933.150131342942
Nifty MNC TRI,2020-03-24,11357.205245415165
Nifty MNC TRI,2020-03-25,11835.380311766236
Nifty MNC TRI,2020-03-26,12279.432665353484
Nifty MNC TRI,2020-03-27,12072.57334895327
Nifty MNC TRI,2020-03-30,12043.79783805769
Nifty MNC TRI,2020-03-31,12501.721519987745
Nifty MNC TRI,2020-04-01,12187.984769781291
Nifty MNC TRI,2020-04-03,12009.147998155528
Nifty MNC TRI,2020-04-07,12952.41655627643
Nifty MNC TRI,2020-04-08,13096.443961742723
Nifty MNC TRI,2020-04-09,13490.392498025707
Nifty MNC TRI,2020-04-13,13463.915063120263
Nifty MNC TRI,2020-04-15,13708.240719677473
Nifty MNC TRI,2020-04-16,13816.121351708358
Nifty MNC TRI,2020-04-17,13868.916048263427
Nifty MNC TRI,2020-04-20,13696.890490426402
Nifty MNC TRI,2020-04-21,13474.28971247802
Nifty MNC TRI,2020-04-22,13747.047224300402
Nifty MNC TRI,2020-04-23,13762.435626999928
Nifty MNC TRI,2020-04-24,13649.689469909674
Nifty MNC TRI,2020-04-27,13950.73457873115
Nifty MNC TRI,2020-04-28,13854.768551824738
Nifty MNC TRI,2020-04-29,13920.478477557295
Nifty MNC TRI,2020-04-30,14161.846464567852
Nifty MNC TRI,2020-05-04,13630.855153081377
Nifty MNC TRI,2020-05-05,13395.805561900566
Nifty MNC TRI,2020-05-06,13403.835649386203
Nifty MNC TRI,2020-05-07,13266.986099847843
Nifty MNC TRI,2020-05-08,13404.743435411685
Nifty MNC TRI,2020-05-11,13517.863386077073
Nifty MNC TRI,2020-05-12,13594.112799967183
Nifty MNC TRI,2020-05-13,13593.612790572824
Nifty MNC TRI,2020-05-14,13622.978328843868
Nifty MNC TRI,2020-05-15,13666.544192898577
Nifty MNC TRI,2020-05-18,13299.131766851737
Nifty MNC TRI,2020-05-19,13309.765261370545
Nifty MNC TRI,2020-05-20,13435.365238636852
Nifty MNC TRI,2020-05-21,13533.137852470285
Nifty MNC TRI,2020-05-22,13516.848538321601
Nifty MNC TRI,2020-05-26,13597.397641912103
Nifty MNC TRI,2020-05-27,13620.608755700732
Nifty MNC TRI,2020-05-28,13853.224419739106
Nifty MNC TRI,2020-05-29,14146.755041932242
Nifty MNC TRI,2020-06-01,14339.690991779285
Nifty MNC TRI,2020-06-02,14403.182065148994
Nifty MNC TRI,2020-06-03,14486.548236874733
Nifty MNC TRI,2020-06-04,14513.479766305425
Nifty MNC TRI,2020-06-05,14714.949457136006
Nifty MNC TRI,2020-06-08,14762.49107764136
Nifty MNC TRI,2020-06-09,14606.835696685288
Nifty MNC TRI,2020-06-10,14633.269107475084
Nifty MNC TRI,2020-06-11,14379.18183864903
Nifty MNC TRI,2020-06-12,14486.698514218448
Nifty MNC TRI,2020-06-15,14382.334765638121
Nifty MNC TRI,2020-06-16,14344.02904633438
Nifty MNC TRI,2020-06-17,14403.76192051039
Nifty MNC TRI,2020-06-18,14456.419282532948
Nifty MNC TRI,2020-06-19,14548.900728927854
Nifty MNC TRI,2020-06-22,14742.88532961811
Nifty MNC TRI,2020-06-23,14906.488798053591
Nifty MNC TRI,2020-06-24,14803.606495075264
Nifty MNC TRI,2020-06-25,14909.436175124802
Nifty MNC TRI,2020-06-26,14910.230551456922
Nifty MNC TRI,2020-06-29,14872.89154257545
Nifty MNC TRI,2020-06-30,14989.963137308223
Nifty MNC TRI,2020-07-01,14899.637480717392
Nifty MNC TRI,2020-07-02,14959.199510544642
Nifty MNC TRI,2020-07-03,14990.541519324677
Nifty MNC TRI,2020-07-06,15187.966903010736
Nifty MNC TRI,2020-07-07,15265.688042322141
Nifty MNC TRI,2020-07-08,15259.183696984392
Nifty MNC TRI,2020-07-09,15240.5478937196
Nifty MNC TRI,2020-07-10,15262.329466428846
Nifty MNC TRI,2020-07-13,15408.586232430744
Nifty MNC TRI,2020-07-14,15199.169095281224
Nifty MNC TRI,2020-07-15,15201.675620903427
Nifty MNC TRI,2020-07-16,15371.61884625103
Nifty MNC TRI,2020-07-17,15422.500072211478
Nifty MNC TRI,2020-07-20,15541.875594467665
Nifty MNC TRI,2020-07-21,15532.089652659428
Nifty MNC TRI,2020-07-22,15395.83037245985
Nifty MNC TRI,2020-07-23,15453.415810242059
Nifty MNC TRI,2020-07-24,15400.17845853757
Nifty MNC TRI,2020-07-27,15344.36181757224
Nifty MNC TRI,2020-07-28,15443.76432513423
Nifty MNC TRI,2020-07-29,15374.461674757293
Nifty MNC TRI,2020-07-30,15329.265480688407
Nifty MNC TRI,2020-07-31,15385.844105474876
Nifty MNC TRI,2020-08-03,15382.608732407674
Nifty MNC TRI,2020-08-04,15474.208227144512
Nifty MNC TRI,2020-08-05,15552.705947531376
Nifty MNC TRI,2020-08-06,15591.37433690788
Nifty MNC TRI,2020-08-07,15785.479219690395
Nifty MNC TRI,2020-08-10,15860.722694686314
Nifty MNC TRI,2020-08-11,15824.15069184999
Nifty MNC TRI,2020-08-12,15812.549847348253
Nifty MNC TRI,2020-08-13,15919.40933014731
Nifty MNC TRI,2020-08-14,15778.674598467265
Nifty MNC TRI,2020-08-17,15926.601122865472
Nifty MNC TRI,2020-08-18,16097.06978606574
Nifty MNC TRI,2020-08-19,16077.016509894544
Nifty MNC TRI,2020-08-20,16065.478128606564
Nifty MNC TRI,2020-08-21,16204.401765170018
Nifty MNC TRI,2020-08-24,16289.840391124784
Nifty MNC TRI,2020-08-25,16260.306729383781
Nifty MNC TRI,2020-08-26,16235.540206777961
Nifty MNC TRI,2020-08-27,16226.901872034568
Nifty MNC TRI,2020-08-28,16199.803829885452
Nifty MNC TRI,2020-08-31,15708.969741756317
Nifty MNC TRI,2020-09-01,15791.022332661141
Nifty MNC TRI,2020-09-02,15952.209012036337
Nifty MNC TRI,2020-09-03,16143.289079361964
Nifty MNC TRI,2020-09-04,16014.095633072553
Nifty MNC TRI,2020-09-07,16093.36400189945
Nifty MNC TRI,2020-09-08,15942.274200071603
Nifty MNC TRI,2020-09-09,15914.925160951132
Nifty MNC TRI,2020-09-10,16006.957298435836
Nifty MNC TRI,2020-09-11,16021.375243014496
Nifty MNC TRI,2020-09-14,16148.344857926348
Nifty MNC TRI,2020-09-15,16280.58342754622
Nifty MNC TRI,2020-09-16,16362.192563399778
Nifty MNC TRI,2020-09-17,16299.498921778304
Nifty MNC TRI,2020-09-18,16180.928406175912
Nifty MNC TRI,2020-09-21,15693.223267167223
Nifty MNC TRI,2020-09-22,15489.453283970084
Nifty MNC TRI,2020-09-23,15550.814461921293
Nifty MNC TRI,2020-09-24,15255.94705662861
Nifty MNC TRI,2020-09-25,15623.80560168163
Nifty MNC TRI,2020-09-28,15861.845804986859
Nifty MNC TRI,2020-09-29,15813.434284738247
Nifty MNC TRI,2020-09-30,15935.499584169942
Nifty MNC TRI,2020-10-01,15990.755264673002
Nifty MNC TRI,2020-10-05,16007.921197541025
Nifty MNC TRI,2020-10-06,15995.676338377527
Nifty MNC TRI,2020-10-07,16096.96303803968
Nifty MNC TRI,2020-10-08,16178.803014444855
Nifty MNC TRI,2020-10-09,16101.032739799157
Nifty MNC TRI,2020-10-12,16057.415362543145
Nifty MNC TRI,2020-10-13,16000.3934093917
Nifty MNC TRI,2020-10-14,16021.030268686827
Nifty MNC TRI,2020-10-15,15852.881374964132
Nifty MNC TRI,2020-10-16,15945.719980985477
Nifty MNC TRI,2020-10-19,16076.546681623853
Nifty MNC TRI,2020-10-20,16013.933753677775
Nifty MNC TRI,2020-10-21,15908.689888036492
Nifty MNC TRI,2020-10-22,16000.29894143027
Nifty MNC TRI,2020-10-23,16105.288807722867
Nifty MNC TRI,2020-10-26,16040.530114079611
Nifty MNC TRI,2020-10-27,16321.204051683813
Nifty MNC TRI,2020-10-28,16233.533910917318
Nifty MNC TRI,2020-10-29,16099.119586888795
Nifty MNC TRI,2020-10-30,16044.168990516095
Nifty MNC TRI,2020-11-02,15999.711437141983
Nifty MNC TRI,2020-11-03,16001.971905305292
Nifty MNC TRI,2020-11-04,16075.977909319085
Nifty MNC TRI,2020-11-05,16290.125903505836
Nifty MNC TRI,2020-11-06,16235.224493665526
Nifty MNC TRI,2020-11-09,16350.525720888358
Nifty MNC TRI,2020-11-10,16310.82437276963
Nifty MNC TRI,2020-11-11,16362.478668606134
Nifty MNC TRI,2020-11-12,16444.15224771899
Nifty MNC TRI,2020-11-13,16411.96928476414
Nifty MNC TRI,2020-11-17,16600.81356774091
Nifty MNC TRI,2020-11-18,16639.78749337236
Nifty MNC TRI,2020-11-19,16661.842623209846
Nifty MNC TRI,2020-11-20,16763.94994646577
Nifty MNC TRI,2020-11-23,16854.301067545195
Nifty MNC TRI,2020-11-24,16983.04231960716
Nifty MNC TRI,2020-11-25,16770.389659612487
Nifty MNC TRI,2020-11-26,16908.996923273753
Nifty MNC TRI,2020-11-27,17036.04516649073
Nifty MNC TRI,2020-12-01,17057.67720941968
Nifty MNC TRI,2020-12-02,17087.511943984195
Nifty MNC TRI,2020-12-03,17298.562709495236
Nifty MNC TRI,2020-12-04,17369.5666080805
Nifty MNC TRI,2020-12-07,17435.404025710926
Nifty MNC TRI,2020-12-08,17451.91707008162
Nifty MNC TRI,2020-12-09,17503.38302444516
Nifty MNC TRI,2020-12-10,17640.609464468143
Nifty MNC TRI,2020-12-11,17676.86229847783
Nifty MNC TRI,2020-12-14,17805.653652877536
Nifty MNC TRI,2020-12-15,17702.480531524845
Nifty MNC TRI,2020-12-16,17804.271239990863
Nifty MNC TRI,2020-12-17,17715.4054854419
Nifty MNC TRI,2020-12-18,17737.696772370902
Nifty MNC TRI,2020-12-21,17269.1765921504
Nifty MNC TRI,2020-12-22,17351.35134422427
Nifty MNC TRI,2020-12-23,17681.059851514678
Nifty MNC TRI,2020-12-24,17763.084894383876
Nifty MNC TRI,2020-12-28,17839.73651368874
Nifty MNC TRI,2020-12-29,17732.172987250346
Nifty MNC TRI,2020-12-30,17892.56440882341
Nifty MNC TRI,2020-12-31,17865.11337616255
Nifty MNC TRI,2021-01-04,18134.079896052568
Nifty MNC TRI,2021-01-05,18263.988915241942
Nifty MNC TRI,2021-01-06,18234.48991351852
Nifty MNC TRI,2021-01-07,18293.861233443316
Nifty MNC TRI,2021-01-08,18556.39264836103
Nifty MNC TRI,2021-01-11,18706.028303634834
Nifty MNC TRI,2021-01-12,18673.798439899616
Nifty MNC TRI,2021-01-13,18644.764178882728
Nifty MNC TRI,2021-01-14,18713.987740238208
Nifty MNC TRI,2021-01-15,18532.61736897542
Nifty MNC TRI,2021-01-18,18330.017470900195
Nifty MNC TRI,2021-01-19,18544.062036192772
Nifty MNC TRI,2021-01-20,18631.62994754875
Nifty MNC TRI,2021-01-21,18557.9811483907
Nifty MNC TRI,2021-01-25,18363.69022044996
Nifty MNC TRI,2021-01-27,18226.907178157475
Nifty MNC TRI,2021-01-28,18014.46667142051
Nifty MNC TRI,2021-01-29,17700.49375498853
Nifty MNC TRI,2021-02-01,18063.374422153818
Nifty MNC TRI,2021-02-02,18395.565692203767
Nifty MNC TRI,2021-02-03,18427.349406054884
Nifty MNC TRI,2021-02-04,18611.24316670383
Nifty MNC TRI,2021-02-05,18467.49438640494
Nifty MNC TRI,2021-02-08,18620.82111793293
Nifty MNC TRI,2021-02-09,18559.977178021367
Nifty MNC TRI,2021-02-10,18548.910244666244
Nifty MNC TRI,2021-02-11,18662.213153573768
Nifty MNC TRI,2021-02-12,18497.108577522573
Nifty MNC TRI,2021-02-16,18521.362583412512
Nifty MNC TRI,2021-02-18,18349.601477326167
Nifty MNC TRI,2021-02-19,18168.260361566478
Nifty MNC TRI,2021-02-22,17933.382266851197
Nifty MNC TRI,2021-02-23,18005.485280884903
Nifty MNC TRI,2021-02-24,18153.934464992126
Nifty MNC TRI,2021-02-25,18224.621655941413
Nifty MNC TRI,2021-02-26,18023.268295958016
Nifty MNC TRI,2021-03-01,18259.711818961383
Nifty MNC TRI,2021-03-02,18520.939714387463
Nifty MNC TRI,2021-03-03,18641.763216682648
Nifty MNC TRI,2021-03-04,18725.871878875303
Nifty MNC TRI,2021-03-05,18558.348983794578
Nifty MNC TRI,2021-03-08,18575.458060766425
Nifty MNC TRI,2021-03-09,18535.83042261252
Nifty MNC TRI,2021-03-10,18624.760345856725
Nifty MNC TRI,2021-03-12,18460.58658537665
Nifty MNC TRI,2021-03-15,18356.08447170362
Nifty MNC TRI,2021-03-16,18491.26805209013
Nifty MNC TRI,2021-03-17,18231.061136235632
Nifty MNC TRI,2021-03-18,18010.038274434537
Nifty MNC TRI,2021-03-19,18219.45626680608
Nifty MNC TRI,2021-03-22,18372.767430288433
Nifty MNC TRI,2021-03-23,18498.54241351618
Nifty MNC TRI,2021-03-24,18305.75835882315
Nifty MNC TRI,2021-03-25,17924.902522336
Nifty MNC TRI,2021-03-26,18143.303578665033
Nifty MNC TRI,2021-03-30,18538.513492752754
Nifty MNC TRI,2021-03-31,18622.648062314514
Nifty MNC TRI,2021-04-01,18637.50031089263
Nifty MNC TRI,2021-04-05,18448.07929108572
Nifty MNC TRI,2021-04-06,18507.830126897305
Nifty MNC TRI,2021-04-07,18687.291369366852
Nifty MNC TRI,2021-04-08,18880.80040818524
Nifty MNC TRI,2021-04-09,18855.799083074464
Nifty MNC TRI,2021-04-12,18250.54489114508
Nifty MNC TRI,2021-04-13,18370.056427013762
Nifty MNC TRI,2021-04-15,18314.103784003284
Nifty MNC TRI,2021-04-16,18496.942468040303
Nifty MNC TRI,2021-04-19,18281.078865249223
Nifty MNC TRI,2021-04-20,18253.008624989176
Nifty MNC TRI,2021-04-22,18171.071820209854
Nifty MNC TRI,2021-04-23,18106.085963014757
Nifty MNC TRI,2021-04-26,18238.033709538988
Nifty MNC TRI,2021-04-27,18323.90398796715
Nifty MNC TRI,2021-04-28,18386.62384986109
Nifty MNC TRI,2021-04-29,18402.743985526668
Nifty MNC TRI,2021-04-30,18270.563043243004
Nifty MNC TRI,2021-05-03,18403.710828901472
Nifty MNC TRI,2021-05-04,18349.599864817555
Nifty MNC TRI,2021-05-06,18558.104143596847
Nifty MNC TRI,2021-05-07,18703.88324484257
Nifty MNC TRI,2021-05-10,18806.26314032226
Nifty MNC TRI,2021-05-12,18790.030048180244
Nifty MNC TRI,2021-05-14,18797.023662638767
Nifty MNC TRI,2021-05-17,18887.05188446845
Nifty MNC TRI,2021-05-18,19074.608168095205
Nifty MNC TRI,2021-05-19,19114.45820927093
Nifty MNC TRI,2021-05-21,19084.531623864365
Nifty MNC TRI,2021-05-24,19119.01537294419
Nifty MNC TRI,2021-05-26,19232.94056392158
Nifty MNC TRI,2021-05-27,19297.712590617175
Nifty MNC TRI,2021-05-28,19244.734418872842
Nifty MNC TRI,2021-06-01,19344.031050031586
Nifty MNC TRI,2021-06-02,19510.70520056715
Nifty MNC TRI,2021-06-03,19616.258827454472
Nifty MNC TRI,2021-06-04,19623.66506057903
Nifty MNC TRI,2021-06-07,19770.461578557897
Nifty MNC TRI,2021-06-08,19835.110642882704
Nifty MNC TRI,2021-06-09,19695.836114642123
Nifty MNC TRI,2021-06-10,19830.134582716528
Nifty MNC TRI,2021-06-11,19907.597750282905
Nifty MNC TRI,2021-06-14,19880.01070133385
Nifty MNC TRI,2021-06-15,19999.065340864905
Nifty MNC TRI,2021-06-16,19950.898090538096
Nifty MNC TRI,2021-06-17,19866.54590268583
Nifty MNC TRI,2021-06-18,19771.331132499654
Nifty MNC TRI,2021-06-21,19826.893101113135
Nifty MNC TRI,2021-06-22,19910.996283428303
Nifty MNC TRI,2021-06-23,19948.345354218465
Nifty MNC TRI,2021-06-24,20037.225715077348
Nifty MNC TRI,2021-06-25,20127.032879616323
Nifty MNC TRI,2021-06-28,20147.660723790035
Nifty MNC TRI,2021-06-29,20083.0974853791
Nifty MNC TRI,2021-06-30,20118.337325219898
Nifty MNC TRI,2021-07-01,20116.28842703166
Nifty MNC TRI,2021-07-02,20088.093523016374
Nifty MNC TRI,2021-07-06,20159.600209635668
Nifty MNC TRI,2021-07-07,20241.520814754756
Nifty MNC TRI,2021-07-08,20129.235541900365
Nifty MNC TRI,2021-07-09,20201.793944877747
Nifty MNC TRI,2021-07-12,20236.005261371145
Nifty MNC TRI,2021-07-13,20242.236844655003
Nifty MNC TRI,2021-07-14,20291.469294025344
Nifty MNC TRI,2021-07-15,20324.553864050267
Nifty MNC TRI,2021-07-16,20376.26582624477
Nifty MNC TRI,2021-07-19,20282.39392100347
Nifty MNC TRI,2021-07-20,20238.88886665796
Nifty MNC TRI,2021-07-22,20362.51770706994
Nifty MNC TRI,2021-07-23,20422.527374754867
Nifty MNC TRI,2021-07-26,20451.892056776105
Nifty MNC TRI,2021-07-27,20373.929241705977
Nifty MNC TRI,2021-07-28,20333.463208734334
Nifty MNC TRI,2021-07-29,20347.523531031202
Nifty MNC TRI,2021-07-30,20435.50627665943
Nifty MNC TRI,2021-08-02,20662.49927595337
Nifty MNC TRI,2021-08-03,20930.989047668114
Nifty MNC TRI,2021-08-04,20711.883042463352
Nifty MNC TRI,2021-08-05,20700.99306938564
Nifty MNC TRI,2021-08-06,20712.42593907655
Nifty MNC TRI,2021-08-09,20701.15094902309
Nifty MNC TRI,2021-08-10,20651.871556742768
Nifty MNC TRI,2021-08-11,20713.029909557405
Nifty MNC TRI,2021-08-12,20803.774277948385
Nifty MNC TRI,2021-08-13,20860.450999228295
Nifty MNC TRI,2021-08-16,20851.320865950638
Nifty MNC TRI,2021-08-17,20921.82552609513
Nifty MNC TRI,2021-08-18,20999.816885621836
Nifty MNC TRI,2021-08-20,20901.35968650171
Nifty MNC TRI,2021-08-23,20889.29382055125
Nifty MNC TRI,2021-08-24,20981.179105503106
Nifty MNC TRI,2021-08-25,21034.262272004966
Nifty MNC TRI,2021-08-26,21050.495837076793
Nifty MNC TRI,2021-08-27,21251.52305667508
Nifty MNC TRI,2021-08-30,21453.508095893005
Nifty MNC TRI,2021-08-31,21560.586995442944
Nifty MNC TRI,2021-09-01,21618.946119945027
Nifty MNC TRI,2021-09-02,21935.182690608908
Nifty MNC TRI,2021-09-03,21969.88766743389
Nifty MNC TRI,2021-09-06,22004.771782533127
Nifty MNC TRI,2021-09-07,22050.027659849085
Nifty MNC TRI,2021-09-08,21978.793139233832
Nifty MNC TRI,2021-09-09,22220.170142858173
Nifty MNC TRI,2021-09-13,22275.875910532544
Nifty MNC TRI,2021-09-14,22263.758115693006
Nifty MNC TRI,2021-09-15,22381.013380282908
Nifty MNC TRI,2021-09-16,22406.41426045609
Nifty MNC TRI,2021-09-17,22230.04872389248
Nifty MNC TRI,2021-09-20,22104.05330768065
Nifty MNC TRI,2021-09-21,22176.542641488377
Nifty MNC TRI,2021-09-22,22244.0792648927
Nifty MNC TRI,2021-09-23,22414.92295141605
Nifty MNC TRI,2021-09-24,22292.525646787886
Nifty MNC TRI,2021-09-27,22262.323530532554
Nifty MNC TRI,2021-09-28,22220.160807642962
Nifty MNC TRI,2021-09-29,22118.489632885976
Nifty MNC TRI,2021-09-30,22165.401436020715
Nifty MNC TRI,2021-10-01,22080.039375392083
Nifty MNC TRI,2021-10-04,22256.030640507608
Nifty MNC TRI,2021-10-05,22406.132132511033
Nifty MNC TRI,2021-10-06,22210.20278300568
Nifty MNC TRI,2021-10-07,22446.077508273444
Nifty MNC TRI,2021-10-08,22431.4737332602
Nifty MNC TRI,2021-10-11,22476.722045603383
Nifty MNC TRI,2021-10-12,22721.996474778258
Nifty MNC TRI,2021-10-13,22675.44141401325
Nifty MNC TRI,2021-10-14,22795.55195694154
Nifty MNC TRI,2021-10-18,23044.883826696245
Nifty MNC TRI,2021-10-19,22748.535824096958
Nifty MNC TRI,2021-10-20,22400.348435838223
Nifty MNC TRI,2021-10-21,22272.803815765605
Nifty MNC TRI,2021-10-22,21941.708565891542
Nifty MNC TRI,2021-10-25,21721.26137238919
Nifty MNC TRI,2021-10-26,21947.30192429612
Nifty MNC TRI,2021-10-27,21930.706407614758
Nifty MNC TRI,2021-10-28,21788.620565245245
Nifty MNC TRI,2021-10-29,22015.958882165593
Nifty MNC TRI,2021-11-01,22203.44395219158
Nifty MNC TRI,2021-11-02,22341.00133958758
Nifty MNC TRI,2021-11-03,22262.810893683956
Nifty MNC TRI,2021-11-04,22374.62916421897
Nifty MNC TRI,2021-11-08,22694.891286347352
Nifty MNC TRI,2021-11-09,22675.0807865619
Nifty MNC TRI,2021-11-10,22607.162050869156
Nifty MNC TRI,2021-11-11,22432.975232370005
Nifty MNC TRI,2021-11-12,22575.385264248085
Nifty MNC TRI,2021-11-15,22694.296530855376
Nifty MNC TRI,2021-11-16,22759.56700341487
Nifty MNC TRI,2021-11-17,22750.49578774197
Nifty MNC TRI,2021-11-18,22307.990990827308
Nifty MNC TRI,2021-11-22,22065.375217951416
Nifty MNC TRI,2021-11-23,22368.689121789284
Nifty MNC TRI,2021-11-24,22150.43179817467
Nifty MNC TRI,2021-11-25,22196.51994101281
Nifty MNC TRI,2021-11-26,21607.141844882182
Nifty MNC TRI,2021-11-29,21515.34908867935
Nifty MNC TRI,2021-11-30,21430.864629778396
Nifty MNC TRI,2021-12-01,21647.318799870696
Nifty MNC TRI,2021-12-02,21809.74963473343
Nifty MNC TRI,2021-12-03,21749.310574223346
Nifty MNC TRI,2021-12-06,21471.772102764167
Nifty MNC TRI,2021-12-07,21680.2446590128
Nifty MNC TRI,2021-12-08,21940.876927634316
Nifty MNC TRI,2021-12-09,22127.470145627554
Nifty MNC TRI,2021-12-10,22230.243500422854
Nifty MNC TRI,2021-12-13,22228.097585625117
Nifty MNC TRI,2021-12-14,22254.67598818893
Nifty MNC TRI,2021-12-15,22125.584983685752
Nifty MNC TRI,2021-12-16,22078.024113227257
Nifty MNC TRI,2021-12-17,21635.293189973505
Nifty MNC TRI,2021-12-20,21233.587404937753
Nifty MNC TRI,2021-12-21,21574.384273783893
Nifty MNC TRI,2021-12-22,21762.73202623618
Nifty MNC TRI,2021-12-23,21922.575953884396
Nifty MNC TRI,2021-12-24,21789.319717709364
Nifty MNC TRI,2021-12-27,21773.412266420644
Nifty MNC TRI,2021-12-28,21957.701733399637
Nifty MNC TRI,2021-12-29,21947.603214303264
Nifty MNC TRI,2021-12-30,21911.17505756067
Nifty MNC TRI,2021-12-31,22249.177509622343
Nifty MNC TRI,2022-01-03,22399.864050191667
Nifty MNC TRI,2022-01-04,22439.95184757225
Nifty MNC TRI,2022-01-05,22508.05721251122
Nifty MNC TRI,2022-01-06,22458.966513500134
Nifty MNC TRI,2022-01-07,22542.182583757243
Nifty MNC TRI,2022-01-10,22650.107281966364
Nifty MNC TRI,2022-01-11,22536.35310785898
Nifty MNC TRI,2022-01-12,22661.78815679385
Nifty MNC TRI,2022-01-13,22749.083161109924
Nifty MNC TRI,2022-01-14,22648.112806121797
Nifty MNC TRI,2022-01-17,22698.292758369913
Nifty MNC TRI,2022-01-18,22293.898285746247
Nifty MNC TRI,2022-01-19,22154.791755251143
Nifty MNC TRI,2022-01-20,22046.132262747535
Nifty MNC TRI,2022-01-21,22027.630715964962
Nifty MNC TRI,2022-01-24,21406.450767773422
Nifty MNC TRI,2022-01-25,21788.483024563815
Nifty MNC TRI,2022-01-27,21580.80922308409
Nifty MNC TRI,2022-01-28,21641.987583052414
Nifty MNC TRI,2022-01-31,21813.617966582664
Nifty MNC TRI,2022-02-01,22145.59613829135
Nifty MNC TRI,2022-02-02,22250.548816885468
Nifty MNC TRI,2022-02-03,22173.179824973457
Nifty MNC TRI,2022-02-04,22142.736269934972
Nifty MNC TRI,2022-02-07,21910.11732428155
Nifty MNC TRI,2022-02-08,21876.471809266826
Nifty MNC TRI,2022-02-09,22205.481372986284
Nifty MNC TRI,2022-02-10,22235.41866575062
Nifty MNC TRI,2022-02-11,21934.666110253715
Nifty MNC TRI,2022-02-14,21305.674943489277
Nifty MNC TRI,2022-02-15,21800.16670128356
Nifty MNC TRI,2022-02-16,21765.172819430045
Nifty MNC TRI,2022-02-17,21809.536651340735
Nifty MNC TRI,2022-02-18,21648.453835188033
Nifty MNC TRI,2022-02-21,21585.816927899807
Nifty MNC TRI,2022-02-22,21513.12218955364
Nifty MNC TRI,2022-02-23,21565.0217490561
Nifty MNC TRI,2022-02-24,20742.29434686294
Nifty MNC TRI,2022-02-25,21176.35921071068
Nifty MNC TRI,2022-02-28,21292.50025046912
Nifty MNC TRI,2022-03-02,21130.684372431846
Nifty MNC TRI,2022-03-03,20874.204166042022
Nifty MNC TRI,2022-03-04,20367.134644160975
Nifty MNC TRI,2022-03-07,19799.528425186778
Nifty MNC TRI,2022-03-08,19878.421870090115
Nifty MNC TRI,2022-03-09,20191.98523164073
Nifty MNC TRI,2022-03-10,20590.736617630355
Nifty MNC TRI,2022-03-11,20532.97969436095
Nifty MNC TRI,2022-03-14,20572.518708253414
Nifty MNC TRI,2022-03-15,20471.69732021676
Nifty MNC TRI,2022-03-16,20823.082708074937
Nifty MNC TRI,2022-03-17,21103.582069278382
Nifty MNC TRI,2022-03-21,20971.042500813437
Nifty MNC TRI,2022-03-22,20836.488462179448
Nifty MNC TRI,2022-03-23,20780.573359910864
Nifty MNC TRI,2022-03-24,20746.883739125584
Nifty MNC TRI,2022-03-25,20564.76521040326
Nifty MNC TRI,2022-03-28,20549.05774810204
Nifty MNC TRI,2022-03-29,20688.53710334598
Nifty MNC TRI,2022-03-30,20866.985654453216
Nifty MNC TRI,2022-03-31,21026.695750976916
Nifty MNC TRI,2022-04-01,21217.364052497272
Nifty MNC TRI,2022-04-04,21513.969403667637
Nifty MNC TRI,2022-04-05,21673.559704326835
Nifty MNC TRI,2022-04-06,21733.793243157383
Nifty MNC TRI,2022-04-07,21681.945288516323
Nifty MNC TRI,2022-04-08,21840.745646592208
Nifty MNC TRI,2022-04-11,21909.110367678513
Nifty MNC TRI,2022-04-12,21646.281984795853
Nifty MNC TRI,2022-04-13,21641.41266136452
Nifty MNC TRI,2022-04-18,21594.23033823087
Nifty MNC TRI,2022-04-19,21201.517661150887
Nifty MNC TRI,2022-04-20,21479.313601858175
Nifty MNC TRI,2022-04-21,21707.448487040772
Nifty MNC TRI,2022-04-22,21561.721768199437
Nifty MNC TRI,2022-04-25,21258.722053921865
Nifty MNC TRI,2022-04-26,21503.63049678955
Nifty MNC TRI,2022-04-27,21374.026238581613
Nifty MNC TRI,2022-04-28,21608.960902249968
Nifty MNC TRI,2022-04-29,21456.157286469686
Nifty MNC TRI,2022-05-02,21347.16869451736
Nifty MNC TRI,2022-05-04,20911.257174391347
Nifty MNC TRI,2022-05-05,20900.01888430837
Nifty MNC TRI,2022-05-06,20650.576519156493
Nifty MNC TRI,2022-05-09,20407.02709320831
Nifty MNC TRI,2022-05-10,20360.586663008173
Nifty MNC TRI,2022-05-11,20244.360197816735
Nifty MNC TRI,2022-05-12,19961.68551157135
Nifty MNC TRI,2022-05-13,20005.481148459705
Nifty MNC TRI,2022-05-16,20086.867602114307
Nifty MNC TRI,2022-05-17,20565.63543007615
Nifty MNC TRI,2022-05-18,20662.278841828225
Nifty MNC TRI,2022-05-19,20218.24157826725
Nifty MNC TRI,2022-05-20,20676.765608776142
Nifty MNC TRI,2022-05-23,20842.842888011106
Nifty MNC TRI,2022-05-24,20729.36773149503
Nifty MNC TRI,2022-05-25,20540.480029569328
Nifty MNC TRI,2022-05-26,20699.40991823871
Nifty MNC TRI,2022-05-27,20934.752498990252
Nifty MNC TRI,2022-05-30,21274.726006401164
Nifty MNC TRI,2022-05-31,21364.228418780083
Nifty MNC TRI,2022-06-01,21176.478308077967
Nifty MNC TRI,2022-06-02,21282.509570402894
Nifty MNC TRI,2022-06-03,20960.87511386353
Nifty MNC TRI,2022-06-06,20891.32307167017
Nifty MNC TRI,2022-06-07,20664.33485779394
Nifty MNC TRI,2022-06-08,20596.021796023557
Nifty MNC TRI,2022-06-09,20638.953460527657
Nifty MNC TRI,2022-06-10,20582.277872258834
Nifty MNC TRI,2022-06-13,20351.78687848858
Nifty MNC TRI,2022-06-14,20268.714158013834
Nifty MNC TRI,2022-06-15,20276.821245299252
Nifty MNC TRI,2022-06-16,20001.74950130435
Nifty MNC TRI,2022-06-17,19705.285358036916
Nifty MNC TRI,2022-06-20,19682.025810517123
Nifty MNC TRI,2022-06-21,19986.39560612751
Nifty MNC TRI,2022-06-22,19784.520316967148
Nifty MNC TRI,2022-06-23,20150.017654292365
Nifty MNC TRI,2022-06-24,20365.37730955405
Nifty MNC TRI,2022-06-27,20564.317638495744
Nifty MNC TRI,2022-06-28,20629.883304900944
Nifty MNC TRI,2022-06-29,20524.750312847347
Nifty MNC TRI,2022-06-30,20502.28562109075
Nifty MNC TRI,2022-07-01,20657.991911834033
Nifty MNC TRI,2022-07-04,20947.921919969624
Nifty MNC TRI,2022-07-05,20912.94001691664
Nifty MNC TRI,2022-07-06,21478.431925785102
Nifty MNC TRI,2022-07-07,21550.872698089715
Nifty MNC TRI,2022-07-08,21536.890670301393
Nifty MNC TRI,2022-07-11,21593.090535433046
Nifty MNC TRI,2022-07-12,21368.04082389716
Nifty MNC TRI,2022-07-13,21421.141372519298
Nifty MNC TRI,2022-07-14,21462.937827865488
Nifty MNC TRI,2022-07-15,21760.7143053025
Nifty MNC TRI,2022-07-18,21795.20893994202
Nifty MNC TRI,2022-07-19,21806.94114808401
Nifty MNC TRI,2022-07-20,22017.326427459953
Nifty MNC TRI,2022-07-21,22253.386118549814
Nifty MNC TRI,2022-07-22,22322.45781889588
Nifty MNC TRI,2022-07-25,22197.055280619257
Nifty MNC TRI,2022-07-26,21894.576506965543
Nifty MNC TRI,2022-07-27,21981.72758699416
Nifty MNC TRI,2022-07-28,22128.142070767946
Nifty MNC TRI,2022-07-29,22398.282825364222
Nifty MNC TRI,2022-08-01,22556.999940092897
Nifty MNC TRI,2022-08-02,22662.337101425266
Nifty MNC TRI,2022-08-03,22438.54035047884
Nifty MNC TRI,2022-08-04,22547.03271167385
Nifty MNC TRI,2022-08-05,22513.644232423292
Nifty MNC TRI,2022-08-08,22557.176081583795
Nifty MNC TRI,2022-08-10,22518.45371870158
Nifty MNC TRI,2022-08-11,22561.38650863787
Nifty MNC TRI,2022-08-12,22539.777365987506
Nifty MNC TRI,2022-08-16,22891.777704709555
Nifty MNC TRI,2022-08-17,22971.21290237798
Nifty MNC TRI,2022-08-18,22962.45598167599
Nifty MNC TRI,2022-08-19,22782.254876763927
Nifty MNC TRI,2022-08-22,22538.84208084652
Nifty MNC TRI,2022-08-23,22584.654711094514
Nifty MNC TRI,2022-08-24,22668.478024793738
Nifty MNC TRI,2022-08-25,22643.6505439261
Nifty MNC TRI,2022-08-26,22677.3861506733
Nifty MNC TRI,2022-08-29,22666.31211579351
Nifty MNC TRI,2022-08-30,23089.10245636164
Nifty MNC TRI,2022-09-01,23066.915137722255
Nifty MNC TRI,2022-09-02,23013.53361155763
Nifty MNC TRI,2022-09-05,22954.24541574908
Nifty MNC TRI,2022-09-06,22913.06120032704
Nifty MNC TRI,2022-09-07,22964.406228896136
Nifty MNC TRI,2022-09-08,23047.76652851173
Nifty MNC TRI,2022-09-09,23069.49950291848
Nifty MNC TRI,2022-09-12,23188.054908867376
Nifty MNC TRI,2022-09-13,23380.293861101884
Nifty MNC TRI,2022-09-14,23566.119935543204
Nifty MNC TRI,2022-09-15,23647.536999944063
Nifty MNC TRI,2022-09-16,22998.511533570887
Nifty MNC TRI,2022-09-19,23210.18720070542
Nifty MNC TRI,2022-09-20,23363.438571148166
Nifty MNC TRI,2022-09-21,23295.709512223944
Nifty MNC TRI,2022-09-22,23432.315368502037
Nifty MNC TRI,2022-09-23,23212.202994472842
Nifty MNC TRI,2022-09-26,22726.318028997044
Nifty MNC TRI,2022-09-27,22747.233243876595
Nifty MNC TRI,2022-09-28,22717.113841532722
Nifty MNC TRI,2022-09-29,22761.18557037835
Nifty MNC TRI,2022-09-30,23045.14982642146
Nifty MNC TRI,2022-10-03,22621.273813256998
Nifty MNC TRI,2022-10-04,23017.55001914129
Nifty MNC TRI,2022-10-06,23142.5798921456
Nifty MNC TRI,2022-10-07,23216.621431416293
Nifty MNC TRI,2022-10-10,23120.13306173577
Nifty MNC TRI,2022-10-11,22607.631820918392
Nifty MNC TRI,2022-10-12,22797.075921477044
Nifty MNC TRI,2022-10-13,22715.523504391036
Nifty MNC TRI,2022-10-14,22701.996647819687
Nifty MNC TRI,2022-10-17,22794.101948886306
Nifty MNC TRI,2022-10-18,22944.106080033223
Nifty MNC TRI,2022-10-19,22939.12849026753
Nifty MNC TRI,2022-10-20,22980.022789119037
Nifty MNC TRI,2022-10-21,22907.990470124914
Nifty MNC TRI,2022-10-24,23004.82480222275
Nifty MNC TRI,2022-10-25,22922.305356801597
Nifty MNC TRI,2022-10-27,22984.098141759525
Nifty MNC TRI,2022-10-28,23109.933667813893
Nifty MNC TRI,2022-10-31,23308.66925846795
Nifty MNC TRI,2022-11-01,23458.360873365662
Nifty MNC TRI,2022-11-02,23379.814518913834
Nifty MNC TRI,2022-11-03,23354.476771172343
Nifty MNC TRI,2022-11-04,23479.072159249634
Nifty MNC TRI,2022-11-07,23670.233240665326
Nifty MNC TRI,2022-11-09,23582.85355568688
Nifty MNC TRI,2022-11-10,23457.557570706915
Nifty MNC TRI,2022-11-11,23508.988882413152
Nifty MNC TRI,2022-11-14,23555.832529730946
Nifty MNC TRI,2022-11-15,23595.67802150481
Nifty MNC TRI,2022-11-16,23521.427956578653
Nifty MNC TRI,2022-11-17,23406.582150281327
Nifty MNC TRI,2022-11-18,23328.218819867
Nifty MNC TRI,2022-11-21,23267.846577439348
Nifty MNC TRI,2022-11-22,23288.65126462966
Nifty MNC TRI,2022-11-23,23276.70798947311
Nifty MNC TRI,2022-11-24,23412.467177302755
Nifty MNC TRI,2022-11-25,23474.820448100523
Nifty MNC TRI,2022-11-28,23531.53105676585
Nifty MNC TRI,2022-11-29,23702.01689659966
Nifty MNC TRI,2022-11-30,23876.443923101102
Nifty MNC TRI,2022-12-01,23971.881407170822
Nifty MNC TRI,2022-12-02,23905.395150145116
Nifty MNC TRI,2022-12-05,23869.968584575134
Nifty MNC TRI,2022-12-06,23851.41696163528
Nifty MNC TRI,2022-12-07,23921.78808822672
Nifty MNC TRI,2022-12-08,24007.286920669907
Nifty MNC TRI,2022-12-09,24027.83953195838
Nifty MNC TRI,2022-12-12,24089.15614008694
Nifty MNC TRI,2022-12-13,24073.539281946083
Nifty MNC TRI,2022-12-14,24042.85033252936
Nifty MNC TRI,2022-12-15,23780.487140500198
Nifty MNC TRI,2022-12-16,23566.65735922395
Nifty MNC TRI,2022-12-19,23859.937284877833
Nifty MNC TRI,2022-12-20,23788.7683149042
Nifty MNC TRI,2022-12-21,23511.086314920904
Nifty MNC TRI,2022-12-22,23437.492920588968
Nifty MNC TRI,2022-12-23,22879.70125455336
Nifty MNC TRI,2022-12-27,23185.945528220393
Nifty MNC TRI,2022-12-28,23201.318049578476
Nifty MNC TRI,2022-12-29,23171.577035760736
Nifty MNC TRI,2022-12-30,23117.545220020103
Nifty MNC TRI,2023-01-02,23142.7757825258
Nifty MNC TRI,2023-01-03,23141.95364053185
Nifty MNC TRI,2023-01-04,23015.555785710047
Nifty MNC TRI,2023-01-05,23250.10910508911
Nifty MNC TRI,2023-01-06,23216.01650191415
Nifty MNC TRI,2023-01-09,23390.402724570617
Nifty MNC TRI,2023-01-10,23294.916887263775
Nifty MNC TRI,2023-01-11,23246.79168930791
Nifty MNC TRI,2023-01-12,23254.954349793697
Nifty MNC TRI,2023-01-13,23282.959120404666
Nifty MNC TRI,2023-01-16,23180.17967735733
Nifty MNC TRI,2023-01-17,23323.728080816993
Nifty MNC TRI,2023-01-18,23448.909893611974
Nifty MNC TRI,2023-01-19,23381.106178998176
Nifty MNC TRI,2023-01-20,23103.207329710305
Nifty MNC TRI,2023-01-23,23128.396972354956
Nifty MNC TRI,2023-01-24,23176.081478265816
Nifty MNC TRI,2023-01-25,22904.875502490224
Nifty MNC TRI,2023-01-27,22552.637978238137
Nifty MNC TRI,2023-01-30,22556.62228858918
Nifty MNC TRI,2023-01-31,22750.506735082192
Nifty MNC TRI,2023-02-01,22456.125264138096
Nifty MNC TRI,2023-02-02,22744.895495540884
Nifty MNC TRI,2023-02-03,22895.56947518471
Nifty MNC TRI,2023-02-06,22951.82791545463
Nifty MNC TRI,2023-02-07,22952.23105517906
Nifty MNC TRI,2023-02-08,23027.846346775816
Nifty MNC TRI,2023-02-09,23000.457585841355
Nifty MNC TRI,2023-02-10,22990.461759479174
Nifty MNC TRI,2023-02-13,22843.809714882373
Nifty MNC TRI,2023-02-14,22822.228464919866
Nifty MNC TRI,2023-02-15,22950.99284231338
Nifty MNC TRI,2023-02-16,23042.32395431336
Nifty MNC TRI,2023-02-17,22900.89695233948
Nifty MNC TRI,2023-02-20,22777.00216282197
Nifty MNC TRI,2023-02-21,22783.748022850872
Nifty MNC TRI,2023-02-22,22600.6000252877
Nifty MNC TRI,2023-02-23,22562.539769863542
Nifty MNC TRI,2023-02-24,22503.31027885459
Nifty MNC TRI,2023-02-27,22286.665787786485
Nifty MNC TRI,2023-02-28,22356.90313470376
Nifty MNC TRI,2023-03-01,22552.52076003801
Nifty MNC TRI,2023-03-02,22419.178173081258
Nifty MNC TRI,2023-03-03,22616.40273046914
Nifty MNC TRI,2023-03-06,22665.391723516044
Nifty MNC TRI,2023-03-08,22762.115043388996
Nifty MNC TRI,2023-03-09,22613.92138453079
Nifty MNC TRI,2023-03-10,22549.424870856652
Nifty MNC TRI,2023-03-13,22309.606582359746
Nifty MNC TRI,2023-03-14,22211.552246783467
Nifty MNC TRI,2023-03-15,22157.50386871057
Nifty MNC TRI,2023-03-16,22303.91670204799
Nifty MNC TRI,2023-03-17,22382.377782595056
Nifty MNC TRI,2023-03-20,22285.421493880654
Nifty MNC TRI,2023-03-21,22275.382299338737
Nifty MNC TRI,2023-03-22,22308.834131851505
Nifty MNC TRI,2023-03-23,22303.740262006526
Nifty MNC TRI,2023-03-24,22187.636584746924
Nifty MNC TRI,2023-03-27,22117.59203597645
Nifty MNC TRI,2023-03-28,22046.496683043624
Nifty MNC TRI,2023-03-29,22300.82754180444
Nifty MNC TRI,2023-03-31,22530.837896572775
Nifty MNC TRI,2023-04-03,22687.440630631525
Nifty MNC TRI,2023-04-05,22752.588705719867
Nifty MNC TRI,2023-04-06,22795.853506213327
Nifty MNC TRI,2023-04-10,22735.951471874887
Nifty MNC TRI,2023-04-11,22766.914878453757
Nifty MNC TRI,2023-04-12,22775.084247242925
Nifty MNC TRI,2023-04-13,22757.336966716302
Nifty MNC TRI,2023-04-17,22881.92572570124
Nifty MNC TRI,2023-04-18,22868.245417644335
Nifty MNC TRI,2023-04-19,22816.857623276763
Nifty MNC TRI,2023-04-20,22772.416426723135
Nifty MNC TRI,2023-04-21,22678.952508727387
Nifty MNC TRI,2023-04-24,22745.830919036238
Nifty MNC TRI,2023-04-25,22870.449157869083
Nifty MNC TRI,2023-04-26,23053.419499693755
Nifty MNC TRI,2023-04-27,23094.077616513354
Nifty MNC TRI,2023-04-28,23352.4514414917
Nifty MNC TRI,2023-05-02,23406.34574598745
Nifty MNC TRI,2023-05-03,23467.952807071943
Nifty MNC TRI,2023-05-04,23601.248544233895
Nifty MNC TRI,2023-05-05,23701.598755636136
Nifty MNC TRI,2023-05-08,23862.19782472451
Nifty MNC TRI,2023-05-09,23866.229232350954
Nifty MNC TRI,2023-05-10,23992.25983393302
Nifty MNC TRI,2023-05-11,24189.173913998537
Nifty MNC TRI,2023-05-12,24219.1064017626
Nifty MNC TRI,2023-05-15,24274.949337765665
Nifty MNC TRI,2023-05-16,24270.035572384375
Nifty MNC TRI,2023-05-17,24284.5245982378
Nifty MNC TRI,2023-05-18,24124.192619700236
Nifty MNC TRI,2023-05-19,24061.29112476932
Nifty MNC TRI,2023-05-22,24025.990137757457
Nifty MNC TRI,2023-05-23,24032.45136619292
Nifty MNC TRI,2023-05-24,24013.248004293284
Nifty MNC TRI,2023-05-25,24093.86800965759
Nifty MNC TRI,2023-05-26,24387.656754611588
Nifty MNC TRI,2023-05-29,24401.29798421523
Nifty MNC TRI,2023-05-30,24481.24029330296
Nifty MNC TRI,2023-05-31,24550.034279308245
Nifty MNC TRI,2023-06-01,24591.5700243641
Nifty MNC TRI,2023-06-02,24770.436398167407
Nifty MNC TRI,2023-06-05,24826.442377761272
Nifty MNC TRI,2023-06-06,24933.39543768415
Nifty MNC TRI,2023-06-07,25280.000905186647
Nifty MNC TRI,2023-06-08,25086.70175799562
Nifty MNC TRI,2023-06-09,25062.21350209113
Nifty MNC TRI,2023-06-12,25125.41143224659
Nifty MNC TRI,2023-06-13,25363.532307069574
Nifty MNC TRI,2023-06-14,25517.001373436062
Nifty MNC TRI,2023-06-15,25527.006902315414
Nifty MNC TRI,2023-06-16,25723.77764094521
Nifty MNC TRI,2023-06-19,25663.82357940234
Nifty MNC TRI,2023-06-20,25727.281619888392
Nifty MNC TRI,2023-06-21,25665.482104826126
Nifty MNC TRI,2023-06-22,25418.111885892624
Nifty MNC TRI,2023-06-23,25247.03072091008
Nifty MNC TRI,2023-06-26,25470.831818903855
Nifty MNC TRI,2023-06-27,25485.86077074609
Nifty MNC TRI,2023-06-28,25660.919907567073
Nifty MNC TRI,2023-06-30,25804.72059705684
Nifty MNC TRI,2023-07-03,25736.17497342399
Nifty MNC TRI,2023-07-04,25694.02114083822
Nifty MNC TRI,2023-07-05,26036.357032747434
Nifty MNC TRI,2023-07-06,26145.30771994874
Nifty MNC TRI,2023-07-07,25864.070502484345
Nifty MNC TRI,2023-07-10,25691.438100802512
Nifty MNC TRI,2023-07-11,25961.09551959003
Nifty MNC TRI,2023-07-12,26028.223545231987
Nifty MNC TRI,2023-07-13,25886.232608620812
Nifty MNC TRI,2023-07-14,26113.549422121545
Nifty MNC TRI,2023-07-17,26245.049246827235
Nifty MNC TRI,2023-07-18,26200.17372960167
Nifty MNC TRI,2023-07-19,26229.19332123204
Nifty MNC TRI,2023-07-20,26255.850166209148
Nifty MNC TRI,2023-07-21,26216.704503694727
Nifty MNC TRI,2023-07-24,26095.639123545097
Nifty MNC TRI,2023-07-25,26131.69949265698
Nifty MNC TRI,2023-07-26,26242.86586432218
Nifty MNC TRI,2023-07-27,26245.992401151118
Nifty MNC TRI,2023-07-28,26452.744218127686
Nifty MNC TRI,2023-07-31,26605.82236379522
Nifty MNC TRI,2023-08-01,26547.38939918899
Nifty MNC TRI,2023-08-02,26332.1385099291
Nifty MNC TRI,2023-08-03,26152.839881835935
Nifty MNC TRI,2023-08-04,26079.76932864198
Nifty MNC TRI,2023-08-07,26084.286780621707
Nifty MNC TRI,2023-08-08,26057.115865400872
Nifty MNC TRI,2023-08-09,26042.54839602286
Nifty MNC TRI,2023-08-10,25898.276793007175
Nifty MNC TRI,2023-08-11,25731.922371815628
Nifty MNC TRI,2023-08-14,25576.49636301957
Nifty MNC TRI,2023-08-16,25641.5921192926
Nifty MNC TRI,2023-08-17,25662.099539835224
Nifty MNC TRI,2023-08-18,25669.291128664223
Nifty MNC TRI,2023-08-21,25806.003246028486
Nifty MNC TRI,2023-08-22,25883.52806665986
Nifty MNC TRI,2023-08-23,25916.363118971276
Nifty MNC TRI,2023-08-24,26003.84432708661
Nifty MNC TRI,2023-08-25,25775.654469342484
Nifty MNC TRI,2023-08-28,25843.01981015977
Nifty MNC TRI,2023-08-29,25890.66385424325
Nifty MNC TRI,2023-08-30,26025.829835337812
Nifty MNC TRI,2023-08-31,25968.84745367327
Nifty MNC TRI,2023-09-01,26102.72425321943
Nifty MNC TRI,2023-09-04,26210.59631584394
Nifty MNC TRI,2023-09-05,26315.77657693478
Nifty MNC TRI,2023-09-06,26425.467294139034
Nifty MNC TRI,2023-09-07,26439.91867616853
Nifty MNC TRI,2023-09-08,26537.361091412466
Nifty MNC TRI,2023-09-11,26787.49236485693
Nifty MNC TRI,2023-09-12,26395.12789223358
Nifty MNC TRI,2023-09-13,26315.614755080594
Nifty MNC TRI,2023-09-14,26432.626671601436
Nifty MNC TRI,2023-09-15,26471.199577871317
Nifty MNC TRI,2023-09-18,26460.88947667518
Nifty MNC TRI,2023-09-20,26249.61633514742
Nifty MNC TRI,2023-09-21,26105.358646458295
Nifty MNC TRI,2023-09-22,26132.487767485334
Nifty MNC TRI,2023-09-25,26169.37628538393
Nifty MNC TRI,2023-09-26,26214.23678934627
Nifty MNC TRI,2023-09-27,26288.978390884953
Nifty MNC TRI,2023-09-28,25820.06150260216
Nifty MNC TRI,2023-09-29,26040.39124335076
Nifty MNC TRI,2023-10-03,25935.970167214466
Nifty MNC TRI,2023-10-04,25879.796386288337
Nifty MNC TRI,2023-10-05,25973.819075407777
Nifty MNC TRI,2023-10-06,26079.113330189717
Nifty MNC TRI,2023-10-09,25942.605419588777
Nifty MNC TRI,2023-10-10,26160.302601481366
Nifty MNC TRI,2023-10-11,26363.723991320312
Nifty MNC TRI,2023-10-12,26479.853602495026
Nifty MNC TRI,2023-10-13,26508.382576177435
Nifty MNC TRI,2023-10-16,26480.266107003357
Nifty MNC TRI,2023-10-17,26500.021251100527
Nifty MNC TRI,2023-10-18,26360.30954659752
Nifty MNC TRI,2023-10-19,26448.28654418206
Nifty MNC TRI,2023-10-20,26234.102563127606
Nifty MNC TRI,2023-10-23,25843.160190785875
Nifty MNC TRI,2023-10-25,25842.397014939826
Nifty MNC TRI,2023-10-26,25546.424724690005
Nifty MNC TRI,2023-10-27,25804.959498045395
Nifty MNC TRI,2023-10-30,25741.07405266648
Nifty MNC TRI,2023-10-31,25775.886346161802
Nifty MNC TRI,2023-11-01,25610.903113752633
Nifty MNC TRI,2023-11-02,25901.613707300367
Nifty MNC TRI,2023-11-03,25997.51852445239
Nifty MNC TRI,2023-11-06,26140.42142745322
Nifty MNC TRI,2023-11-07,26194.553518748507
Nifty MNC TRI,2023-11-08,26398.904086876857
Nifty MNC TRI,2023-11-09,26217.150585678562
Nifty MNC TRI,2023-11-10,26217.197563834594
Nifty MNC TRI,2023-11-13,26197.031549414147
Nifty MNC TRI,2023-11-15,26352.90404358989
Nifty MNC TRI,2023-11-16,26441.03382401014
Nifty MNC TRI,2023-11-17,26624.378714827715
Nifty MNC TRI,2023-11-20,26635.55657716466
Nifty MNC TRI,2023-11-21,26663.004640451345
Nifty MNC TRI,2023-11-22,26614.952485597885
Nifty MNC TRI,2023-11-23,26691.946443312187
Nifty MNC TRI,2023-11-24,26578.538940051694
Nifty MNC TRI,2023-11-28,26666.366076769493
Nifty MNC TRI,2023-11-29,26770.596838358757
Nifty MNC TRI,2023-11-30,26936.275648007373
Nifty MNC TRI,2023-12-01,27159.90900185007
Nifty MNC TRI,2023-12-04,27419.578398393103
Nifty MNC TRI,2023-12-05,27632.50550287366
Nifty MNC TRI,2023-12-06,27687.941810061115
Nifty MNC TRI,2023-12-07,27700.40754174922
Nifty MNC TRI,2023-12-08,27519.811293390005
Nifty MNC TRI,2023-12-11,27661.28883134013
Nifty MNC TRI,2023-12-12,27445.88276410859
Nifty MNC TRI,2023-12-13,27630.3986156069
Nifty MNC TRI,2023-12-14,27745.54298917868
Nifty MNC TRI,2023-12-15,27740.653422179363
Nifty MNC TRI,2023-12-18,27930.4190716186
Nifty MNC TRI,2023-12-19,28043.099473788534
Nifty MNC TRI,2023-12-20,27506.692207630473
Nifty MNC TRI,2023-12-21,27701.139290021165
Nifty MNC TRI,2023-12-22,28028.639003712422
Nifty MNC TRI,2023-12-26,28215.932074589695
Nifty MNC TRI,2023-12-27,28369.345871667047
Nifty MNC TRI,2023-12-28,28501.35388484111
Nifty MNC TRI,2023-12-29,28802.440507585634
Nifty MNC TRI,2024-01-02,28742.510567452475
Nifty MNC TRI,2024-01-03,28627.458839795658
Nifty MNC TRI,2024-01-04,28821.930809821828
Nifty MNC TRI,2024-01-05,28809.87881060693
Nifty MNC TRI,2024-01-08,28431.045891041096
Nifty MNC TRI,2024-01-09,28476.22859326489
Nifty MNC TRI,2024-01-10,28479.216576871735
Nifty MNC TRI,2024-01-11,28576.30378288779
Nifty MNC TRI,2024-01-12,28610.662485141365
Nifty MNC TRI,2024-01-15,28739.413498165188
Nifty MNC TRI,2024-01-16,28666.09568039172
Nifty MNC TRI,2024-01-17,28480.07828824823
Nifty MNC TRI,2024-01-18,28410.1983683463
Nifty MNC TRI,2024-01-19,28771.236716538297
Nifty MNC TRI,2024-01-23,28081.080041370304
Nifty MNC TRI,2024-01-24,28549.95544553744
Nifty MNC TRI,2024-01-25,28485.953776356302
Nifty MNC TRI,2024-01-29,28789.872473402076
Nifty MNC TRI,2024-01-30,28636.644473992827
Nifty MNC TRI,2024-01-31,28955.386711977804
Nifty MNC TRI,2024-02-01,28855.88337627398
Nifty MNC TRI,2024-02-02,28960.927852456065
Nifty MNC TRI,2024-02-05,28770.20063231391
Nifty MNC TRI,2024-02-06,29163.37077580512
Nifty MNC TRI,2024-02-07,29274.64438431585
Nifty MNC TRI,2024-02-08,28967.424136588255
Nifty MNC TRI,2024-02-09,29140.724043381037
Nifty MNC TRI,2024-02-12,28859.208647544096
Nifty MNC TRI,2024-02-13,29056.18857188801
Nifty MNC TRI,2024-02-14,29362.182086400506
Nifty MNC TRI,2024-02-15,29324.025970927443
Nifty MNC TRI,2024-02-16,29585.057440816425
Nifty MNC TRI,2024-02-20,29720.701617948147
Nifty MNC TRI,2024-02-21,29720.342654343287
Nifty MNC TRI,2024-02-22,30044.158996566963
Nifty MNC TRI,2024-02-23,30053.530038778168
Nifty MNC TRI,2024-02-26,29918.579926019785
Nifty MNC TRI,2024-02-27,29980.116695943834
Nifty MNC TRI,2024-02-28,29637.806724791055
Nifty MNC TRI,2024-02-29,29922.711675371003
Nifty MNC TRI,2024-03-01,30113.835164653206
Nifty MNC TRI,2024-03-04,30116.081361550132
Nifty MNC TRI,2024-03-05,30051.087278853327
Nifty MNC TRI,2024-03-06,29981.614992532224
Nifty MNC TRI,2024-03-07,30046.27826530221
Nifty MNC TRI,2024-03-11,30031.703425713644
Nifty MNC TRI,2024-03-12,29861.69315397669
Nifty MNC TRI,2024-03-13,29212.428595880363
Nifty MNC TRI,2024-03-14,29813.61128102853
Nifty MNC TRI,2024-03-15,29961.578351803422
Nifty MNC TRI,2024-03-18,30088.994811137833
Nifty MNC TRI,2024-03-19,29567.708741351453
Nifty MNC TRI,2024-03-20,29759.37342344637
Nifty MNC TRI,2024-03-21,30094.04174684068
Nifty MNC TRI,2024-03-22,30383.377011016968
Nifty MNC TRI,2024-03-26,30460.883709179943
Nifty MNC TRI,2024-03-27,30623.62497118022
Nifty MNC TRI,2024-03-28,30889.409272337918
Nifty MNC TRI,2024-04-01,31180.44156763476
Nifty MNC TRI,2024-04-02,31461.284106827796
Nifty MNC TRI,2024-04-03,31394.176121765882
Nifty MNC TRI,2024-04-04,31373.041013921465
Nifty MNC TRI,2024-04-05,31454.66543704593
Nifty MNC TRI,2024-04-08,31555.597522041415
Nifty MNC TRI,2024-04-09,31387.85154807313
Nifty MNC TRI,2024-04-10,31664.90286902871
Nifty MNC TRI,2024-04-12,31559.326876406227
Nifty MNC TRI,2024-04-15,31357.687298603003
Nifty MNC TRI,2024-04-16,31517.239605081417
Nifty MNC TRI,2024-04-18,31345.19670553259
Nifty MNC TRI,2024-04-19,31251.63917131911
Nifty MNC TRI,2024-04-22,31531.60843034619
Nifty MNC TRI,2024-04-23,31720.011839454794
Nifty MNC TRI,2024-04-24,31972.84501114601
Nifty MNC TRI,2024-04-25,32075.468275640036
Nifty MNC TRI,2024-04-26,32122.523694992153
Nifty MNC TRI,2024-04-29,32259.350151652216
Nifty MNC TRI,2024-04-30,32359.97245136404
Nifty MNC TRI,2024-05-02,32630.69492077474
Nifty MNC TRI,2024-05-03,32505.214750632204
Nifty MNC TRI,2024-05-06,32794.32262368565
Nifty MNC TRI,2024-05-07,32778.17292821429
Nifty MNC TRI,2024-05-08,33077.09663863147
Nifty MNC TRI,2024-05-09,32555.80597042108
Nifty MNC TRI,2024-05-10,32987.476621499416
Nifty MNC TRI,2024-05-13,33516.08509616819
Nifty MNC TRI,2024-05-14,33826.34769442889
Nifty MNC TRI,2024-05-15,33946.58044423612
Nifty MNC TRI,2024-05-16,34271.5933922597
Nifty MNC TRI,2024-05-17,34438.86099622779
Nifty MNC TRI,2024-05-21,34785.59134455522
Nifty MNC TRI,2024-05-22,34807.01519781061
Nifty MNC TRI,2024-05-23,35000.063763079175
Nifty MNC TRI,2024-05-24,34887.79180570227
Nifty MNC TRI,2024-05-27,34912.23943104259
Nifty MNC TRI,2024-05-28,34869.830556651774
Nifty MNC TRI,2024-05-29,34795.94720930427
Nifty MNC TRI,2024-05-30,34305.41888143128
Nifty MNC TRI,2024-05-31,34168.6780163775
Nifty MNC TRI,2024-06-03,34832.01359962308
Nifty MNC TRI,2024-06-04,33584.56061006627
Nifty MNC TRI,2024-06-05,34840.47035852094
Nifty MNC TRI,2024-06-06,35200.490392981104
Nifty MNC TRI,2024-06-07,35598.78376946467
Nifty MNC TRI,2024-06-10,35612.90625055758
Nifty MNC TRI,2024-06-11,35826.47777230763
Nifty MNC TRI,2024-06-12,36011.510017605055
Nifty MNC TRI,2024-06-13,36239.3011179481
Nifty MNC TRI,2024-06-14,36725.21123933069
Nifty MNC TRI,2024-06-18,36635.41495735019
Nifty MNC TRI,2024-06-19,36162.067050130965
Nifty MNC TRI,2024-06-20,36258.89998697684
Nifty MNC TRI,2024-06-21,36069.12142893456
Nifty MNC TRI,2024-06-24,36257.17305568804
Nifty MNC TRI,2024-06-25,36125.82412948938
Nifty MNC TRI,2024-06-26,36101.98375035959
Nifty MNC TRI,2024-06-27,36397.04772895894
Nifty MNC TRI,2024-06-28,36375.490165785304
Nifty MNC TRI,2024-07-01,36744.72894541115
Nifty MNC TRI,2024-07-02,36542.12958581956
Nifty MNC TRI,2024-07-03,36740.636296564124
Nifty MNC TRI,2024-07-04,36853.05941526155
Nifty MNC TRI,2024-07-05,37078.37591779516
Nifty MNC TRI,2024-07-08,36994.1014608118
Nifty MNC TRI,2024-07-09,37393.78730126619
Nifty MNC TRI,2024-07-10,37263.784683493475
Nifty MNC TRI,2024-07-11,37118.72828457544
Nifty MNC TRI,2024-07-12,37003.211123011
Nifty MNC TRI,2024-07-15,37219.98612650494
Nifty MNC TRI,2024-07-16,37331.34023052124
Nifty MNC TRI,2024-07-18,37144.447462801225
Nifty MNC TRI,2024-07-19,36515.544609583834
Nifty MNC TRI,2024-07-22,36808.88745628177
Nifty MNC TRI,2024-07-23,36742.35430585366
Nifty MNC TRI,2024-07-24,36616.21523277514
Nifty MNC TRI,2024-07-25,36670.138241056426
Nifty MNC TRI,2024-07-26,37091.83536586582
Nifty MNC TRI,2024-07-29,37338.603114167374
Nifty MNC TRI,2024-07-30,37315.79301190488
Nifty MNC TRI,2024-07-31,37552.866389953575
Nifty MNC TRI,2024-08-01,37414.96235362821
Nifty MNC TRI,2024-08-02,36723.47431529029
Nifty MNC TRI,2024-08-05,36015.77788086109
Nifty MNC TRI,2024-08-06,36039.22604041491
Nifty MNC TRI,2024-08-07,36670.22935477422
Nifty MNC TRI,2024-08-08,36380.04582763929
Nifty MNC TRI,2024-08-09,36562.924695942085
Nifty MNC TRI,2024-08-12,36438.63107125833
Nifty MNC TRI,2024-08-13,36232.993346498086
Nifty MNC TRI,2024-08-14,36122.81355704656
Nifty MNC TRI,2024-08-16,36713.40102785989
Nifty MNC TRI,2024-08-19,36729.297724593074
Nifty MNC TRI,2024-08-20,36859.56508673001
Nifty MNC TRI,2024-08-21,37218.361079969734
Nifty MNC TRI,2024-08-22,37287.548165261855
Nifty MNC TRI,2024-08-23,37104.736313128145
Nifty MNC TRI,2024-08-26,37233.90895981368
Nifty MNC TRI,2024-08-27,37158.29789357313
Nifty MNC TRI,2024-08-28,37046.112023536596
Nifty MNC TRI,2024-08-29,37026.98768924599
Nifty MNC TRI,2024-08-30,37199.347657506005
Nifty MNC TRI,2024-09-02,37126.60846046674
Nifty MNC TRI,2024-09-03,37242.54639993999
Nifty MNC TRI,2024-09-04,37269.12950796421
Nifty MNC TRI,2024-09-05,37242.679026405975
Nifty MNC TRI,2024-09-06,36888.05089009304
Nifty MNC TRI,2024-09-09,37098.299711269254
Nifty MNC TRI,2024-09-10,37315.667687174886
Nifty MNC TRI,2024-09-11,37214.48217696072
Nifty MNC TRI,2024-09-12,37658.656926409705
Nifty MNC TRI,2024-09-13,37813.8901386772
Nifty MNC TRI,2024-09-16,37700.98188780863
Nifty MNC TRI,2024-09-17,37745.62105363445
Nifty MNC TRI,2024-09-18,37475.09199973684
Nifty MNC TRI,2024-09-19,37510.77077757612
Nifty MNC TRI,2024-09-20,38113.62018339498
Nifty MNC TRI,2024-09-23,38568.7881317463
Nifty MNC TRI,2024-09-24,38682.47076933529
Nifty MNC TRI,2024-09-25,38668.3744838898
Nifty MNC TRI,2024-09-26,39178.65858065618
Nifty MNC TRI,2024-09-27,39354.71089828169
Nifty MNC TRI,2024-09-30,39174.58517834962
Nifty MNC TRI,2024-10-01,39391.78451530273
Nifty MNC TRI,2024-10-03,38605.35824492137
Nifty MNC TRI,2024-10-04,38002.56077835508
Nifty MNC TRI,2024-10-07,37472.37757121442
Nifty MNC TRI,2024-10-08,37962.94525618747
Nifty MNC TRI,2024-10-09,38185.8161545697
Nifty MNC TRI,2024-10-10,38068.01199636839
Nifty MNC TRI,2024-10-11,38086.481728984334
Nifty MNC TRI,2024-10-14,38058.23089282711
Nifty MNC TRI,2024-10-15,38055.46898463348
Nifty MNC TRI,2024-10-16,38085.248464624376
Nifty MNC TRI,2024-10-17,37265.63223496514
Nifty MNC TRI,2024-10-18,37305.25114788359
Nifty MNC TRI,2024-10-21,36813.38994343244
Nifty MNC TRI,2024-10-22,36213.66138797352
Nifty MNC TRI,2024-10-23,35951.91786814697
Nifty MNC TRI,2024-10-24,35383.45888357265
Nifty MNC TRI,2024-10-25,35075.3907512206
Nifty MNC TRI,2024-10-28,35194.943874593744
Nifty MNC TRI,2024-10-29,35141.75654385728
Nifty MNC TRI,2024-10-30,35352.05814457583
Nifty MNC TRI,2024-10-31,35192.041485954214
Nifty MNC TRI,2024-11-01,35321.767194786116
Nifty MNC TRI,2024-11-04,34968.89113684444
Nifty MNC TRI,2024-11-05,35110.486701852904
Nifty MNC TRI,2024-11-06,35532.21169495841
Nifty MNC TRI,2024-11-07,35086.55003312752
Nifty MNC TRI,2024-11-08,35247.25099708371
Nifty MNC TRI,2024-11-11,35088.460912621216
Nifty MNC TRI,2024-11-12,34266.89208413609
Nifty MNC TRI,2024-11-13,33735.21115175409
Nifty MNC TRI,2024-11-14,33462.19329211193
Nifty MNC TRI,2024-11-18,33611.29498223574
Nifty MNC TRI,2024-11-19,33578.78596529771
Nifty MNC TRI,2024-11-21,33257.51255744028
Nifty MNC TRI,2024-11-22,33785.80257518126
Nifty MNC TRI,2024-11-25,34399.102197565924
Nifty MNC TRI,2024-11-26,34469.997440605526
Nifty MNC TRI,2024-11-27,34756.41102592171
Nifty MNC TRI,2024-11-28,34525.22220937645
Nifty MNC TRI,2024-11-29,34769.18027274146
Nifty MNC TRI,2024-12-02,34953.7533611548
Nifty MNC TRI,2024-12-03,35306.420321094876
Nifty MNC TRI,2024-12-04,35217.30664524806
Nifty MNC TRI,2024-12-05,35317.305643625215
Nifty MNC TRI,2024-12-06,35514.04623504739
Nifty MNC TRI,2024-12-09,35251.7374162926
Nifty MNC TRI,2024-12-10,35260.91561499562
Nifty MNC TRI,2024-12-11,35589.588511208385
Nifty MNC TRI,2024-12-12,35390.43706133088
Nifty MNC TRI,2024-12-13,35545.696059921465
Nifty MNC TRI,2024-12-16,35547.16224836736
Nifty MNC TRI,2024-12-17,35121.44067632421
Nifty MNC TRI,2024-12-18,34877.60747348657
Nifty MNC TRI,2024-12-19,34666.25419692878
Nifty MNC TRI,2024-12-20,33887.74164384548
Nifty MNC TRI,2024-12-23,33774.18957848665
Nifty MNC TRI,2024-12-24,33702.49798940787
Nifty MNC TRI,2024-12-26,33727.01799595178
Nifty MNC TRI,2024-12-27,33680.471027129046
Nifty MNC TRI,2024-12-30,33570.0004558
Nifty MNC TRI,2024-12-31,33702.12835808919
Nifty MNC TRI,2025-01-02,34475.923651607525
Nifty MNC TRI,2025-01-03,34613.6513011332
Nifty MNC TRI,2025-01-06,33935.44252240261
Nifty MNC TRI,2025-01-07,34038.89693131281
Nifty MNC TRI,2025-01-08,33940.98444064234
Nifty MNC TRI,2025-01-09,33849.58019608853
Nifty MNC TRI,2025-01-10,33395.34056941673
Nifty MNC TRI,2025-01-13,32565.55598268938
Nifty MNC TRI,2025-01-14,32677.73766638404
Nifty MNC TRI,2025-01-15,32641.073567313266
Nifty MNC TRI,2025-01-16,32835.54157721332
Nifty MNC TRI,2025-01-17,33036.48548457181
Nifty MNC TRI,2025-01-20,33121.34062695706
Nifty MNC TRI,2025-01-21,32754.427776680106
Nifty MNC TRI,2025-01-22,32803.31449721818
Nifty MNC TRI,2025-01-23,33010.82201270997
Nifty MNC TRI,2025-01-24,32771.39357125148
Nifty MNC TRI,2025-01-27,32195.815838466642
Nifty MNC TRI,2025-01-28,32130.610015776085
Nifty MNC TRI,2025-01-29,32417.619057107626
Nifty MNC TRI,2025-01-30,32511.38035236254
Nifty MNC TRI,2025-01-31,33175.25662844334
Nifty MNC TRI,2025-02-03,32596.852369843626
Nifty MNC TRI,2025-02-04,32905.632405531804
Nifty MNC TRI,2025-02-05,32875.77352932737
Nifty MNC TRI,2025-02-06,32817.9997174215
Nifty MNC TRI,2025-02-07,32696.42685977017
Nifty MNC TRI,2025-02-10,32332.431345320965
Nifty MNC TRI,2025-02-11,31780.84084167158
Nifty MNC TRI,2025-02-12,31772.925208182234
Nifty MNC TRI,2025-02-13,31635.752393213425
Nifty MNC TRI,2025-02-14,31328.273416029624
Nifty MNC TRI,2025-02-17,31374.45994722579
Nifty MNC TRI,2025-02-18,31273.69167674396
Nifty MNC TRI,2025-02-19,31231.363337652587
Nifty MNC TRI,2025-02-20,31422.5903875246
Nifty MNC TRI,2025-02-21,31279.13790533402
Nifty MNC TRI,2025-02-24,31164.278680441384
Nifty MNC TRI,2025-02-25,31216.066591240775
Nifty MNC TRI,2025-02-27,30995.825661971692
Nifty MNC TRI,2025-02-28,30152.3926572793
Nifty MNC TRI,2025-03-03,30339.545404532448
Nifty MNC TRI,2025-03-04,30227.373115436756
Nifty MNC TRI,2025-03-05,30848.03050899437
Nifty MNC TRI,2025-03-06,31208.316759322654
Nifty MNC TRI,2025-03-07,31185.858610066953
Nifty MNC TRI,2025-03-10,30937.373391545723
Nifty MNC TRI,2025-03-11,30900.866045267972
Nifty MNC TRI,2025-03-12,30737.56565836534
Nifty MNC TRI,2025-03-13,30593.67447378091
Nifty MNC TRI,2025-03-17,30667.608360891845
Nifty MNC TRI,2025-03-18,31213.49927356915
Nifty MNC TRI,2025-03-19,31332.314794063623
Nifty MNC TRI,2025-03-20,31640.954741140988
Nifty MNC TRI,2025-03-21,31755.98277216322
Nifty MNC TRI,2025-03-24,32050.704219362695
Nifty MNC TRI,2025-03-25,31768.988524991088
Nifty MNC TRI,2025-03-26,31864.129507544894
Nifty MNC TRI,2025-03-27,31831.26601671575
Nifty MNC TRI,2025-03-28,31766.866352023775
Nifty MNC TRI,2025-04-01,31401.034089100773
Nifty MNC TRI,2025-04-02,31603.16117417961
Nifty MNC TRI,2025-04-03,31574.455103031603
Nifty MNC TRI,2025-04-04,30787.858323611865
Nifty MNC TRI,2025-04-07,30306.602325725464
Nifty MNC TRI,2025-04-08,30726.66390107271
Nifty MNC TRI,2025-04-09,30956.915699790068
Nifty MNC TRI,2025-04-11,31374.35101084339
Nifty MNC TRI,2025-04-15,31997.30057580639
Nifty MNC TRI,2025-04-16,32110.455534653334
Nifty MNC TRI,2025-04-17,32351.30718743501
Nifty MNC TRI,2025-04-21,32565.79208729295
Nifty MNC TRI,2025-04-22,32833.911011525845
Nifty MNC TRI,2025-04-23,33179.179104786184
Nifty MNC TRI,2025-04-24,32989.28012560942
Nifty MNC TRI,2025-04-25,32434.05327349209
Nifty MNC TRI,2025-04-28,32629.977964153903
Nifty MNC TRI,2025-04-29,32615.828136192016
Nifty MNC TRI,2025-04-30,32745.185548002137
Nifty MNC TRI,2025-05-02,32613.37121880299
Nifty MNC TRI,2025-05-05,32856.10313142401
Nifty MNC TRI,2025-05-06,32708.293111281153
Nifty MNC TRI,2025-05-07,32874.72803886087
Nifty MNC TRI,2025-05-08,32482.177383923237
Nifty MNC TRI,2025-05-09,32435.579455728548
Nifty MNC TRI,2025-05-12,33408.23942401275
Nifty MNC TRI,2025-05-13,33329.47423474224
Nifty MNC TRI,2025-05-14,33580.806062022595
Nifty MNC TRI,2025-05-15,33845.0734717407
Nifty MNC TRI,2025-05-16,34149.14233897105
Nifty MNC TRI,2025-05-19,34257.05317405509
Nifty MNC TRI,2025-05-20,33783.58732641125
Nifty MNC TRI,2025-05-21,34156.066329240755
Nifty MNC TRI,2025-05-22,33856.9453137698
Nifty MNC TRI,2025-05-23,34044.57213103312
Nifty MNC TRI,2025-05-26,34198.906702804634
Nifty MNC TRI,2025-05-27,34239.57996524116
Nifty MNC TRI,2025-05-28,34126.160349709535
Nifty MNC TRI,2025-05-29,34347.20898729119
Nifty MNC TRI,2025-05-30,34117.53386122062
Nifty MNC TRI,2025-06-02,34262.63231708678
Nifty MNC TRI,2025-06-03,34198.641223717124
Nifty MNC TRI,2025-06-04,34374.532646949076
Nifty MNC TRI,2025-06-05,34460.74377806672
Nifty MNC TRI,2025-06-06,34654.500207317506
Nifty MNC TRI,2025-06-09,34974.80891785563
Nifty MNC TRI,2025-06-10,34965.091176300964
Nifty MNC TRI,2025-06-11,34804.22962818425
Nifty MNC TRI,2025-06-12,34342.02570281821
Nifty MNC TRI,2025-06-13,34218.88648641515
Nifty MNC TRI,2025-06-16,34413.97699388044
Nifty MNC TRI,2025-06-17,34426.70181632491
Nifty MNC TRI,2025-06-18,34327.16015278886
Nifty MNC TRI,2025-06-19,34031.24512251362
Nifty MNC TRI,2025-06-20,34259.276979064125
Nifty MNC TRI,2025-06-23,34114.82867855663
Nifty MNC TRI,2025-06-24,34347.39138668598
Nifty MNC TRI,2025-06-25,34615.31806497259
Nifty MNC TRI,2025-06-26,34859.39551493119
Nifty MNC TRI,2025-06-27,35055.93321597576
Nifty MNC TRI,2025-06-30,35156.33820148228
Nifty MNC TRI,2025-07-01,34962.92236338365
Nifty MNC TRI,2025-07-02,35041.95088040286
Nifty MNC TRI,2025-07-03,35092.73814390485
Nifty MNC TRI,2025-07-04,35119.22520020449
Nifty MNC TRI,2025-07-07,35296.8296519887
Nifty MNC TRI,2025-07-08,35199.73655141427
Nifty MNC TRI,2025-07-09,35276.546932185345
Nifty MNC TRI,2025-07-10,35194.76100071065
Nifty MNC TRI,2025-07-11,35173.67501219564
Nifty MNC TRI,2025-07-14,35323.67829151767
Nifty MNC TRI,2025-07-15,35483.1732143202
Nifty MNC TRI,2025-07-16,35498.928705309416
Nifty MNC TRI,2025-07-17,35564.64947749256
Nifty MNC TRI,2025-07-18,35423.52061298072
Nifty MNC TRI,2025-07-21,35611.10041123168
Nifty MNC TRI,2025-07-22,35550.869356648655
Nifty MNC TRI,2025-07-23,35604.0244562943
Nifty MNC TRI,2025-07-24,35262.58662750028
Nifty MNC TRI,2025-07-25,34733.18063605626
Nifty MNC TRI,2025-07-28,34585.30589962539
Nifty MNC TRI,2025-07-29,34873.71662113649
Nifty MNC TRI,2025-07-30,34964.07523824691
Nifty MNC TRI,2025-07-31,34965.71022190376
Nifty MNC TRI,2025-08-01,34890.89638464571
Nifty MNC TRI,2025-08-04,34968.72251984773
Nifty MNC TRI,2025-08-05,34937.75526440835
Nifty MNC TRI,2025-08-06,34543.07869817373
Nifty MNC TRI,2025-08-07,34576.26901127421
Nifty MNC TRI,2025-08-08,34230.76557244147
Nifty MNC TRI,2025-08-11,34422.24886716187
Nifty MNC TRI,2025-08-12,34388.57362453639
Nifty MNC TRI,2025-08-13,34572.8505368107
Nifty MNC TRI,2025-08-14,34424.23315226868
Nifty MNC TRI,2025-08-18,35387.20110388963
Nifty MNC TRI,2025-08-19,35856.32359155599
Nifty MNC TRI,2025-08-20,36134.67651540848
Nifty MNC TRI,2025-08-21,36036.04992977144
Nifty MNC TRI,2025-08-22,35775.62937384687
Nifty MNC TRI,2025-08-25,35816.36087722179
Nifty MNC TRI,2025-08-26,35939.47784587826
Nifty MNC TRI,2025-08-28,35643.652288770114
Nifty MNC TRI,2025-08-29,35723.61094934424
Nifty MNC TRI,2025-09-01,36057.594547892535
Nifty MNC TRI,2025-09-02,36264.909222630165
Nifty MNC TRI,2025-09-03,36402.5715375145
Nifty MNC TRI,2025-09-04,36320.16342558729
Nifty MNC TRI,2025-09-05,36385.36961033397
Nifty MNC TRI,2025-09-08,36528.51394537601
Nifty MNC TRI,2025-09-09,36676.63385817079
Nifty MNC TRI,2025-09-10,36751.00249717114
Nifty MNC TRI,2025-09-11,36796.13807280286
Nifty MNC TRI,2025-09-12,36848.76782257376
Nifty MNC TRI,2025-09-15,36913.83958585661
Nifty MNC TRI,2025-09-16,37163.5160920499
Nifty MNC TRI,2025-09-17,37208.98199891064
Nifty MNC TRI,2025-09-18,37268.70801215951
Nifty MNC TRI,2025-09-19,37171.35418207274
Nifty MNC TRI,2025-09-22,37040.68020296482
Nifty MNC TRI,2025-09-23,36971.88575271424
Nifty MNC TRI,2025-09-24,36916.73652631986
Nifty MNC TRI,2025-09-25,36807.34077923713
Nifty MNC TRI,2025-09-26,36352.35758288085
Nifty MNC TRI,2025-09-29,36321.82616494152
Nifty MNC TRI,2025-09-30,36367.46280543764
Nifty MNC TRI,2025-10-01,36421.030086572275
Nifty MNC TRI,2025-10-03,36560.73104574081
Nifty MNC TRI,2025-10-06,36592.953306723015
Nifty MNC TRI,2025-10-07,36540.99377306629
Nifty MNC TRI,2025-10-08,36377.076359735926
Nifty MNC TRI,2025-10-09,36461.81866584726
Nifty MNC TRI,2025-10-10,36576.51008148295
Nifty MNC TRI,2025-10-13,36323.3171178347
Nifty MNC TRI,2025-10-14,36183.690284584416
Nifty MNC TRI,2025-10-15,36458.069882509655
Nifty MNC TRI,2025-10-16,36803.22702193012
Nifty MNC TRI,2025-10-17,36848.54607751327
Nifty MNC TRI,2025-10-20,36823.228962496076
Nifty MNC TRI,2025-10-21,36919.25061764023
Nifty MNC TRI,2025-10-23,36919.07271588794
Nifty MNC TRI,2025-10-24,36818.4016655927
Nifty MNC TRI,2025-10-27,36970.15469039279
Nifty MNC TRI,2025-10-28,36788.857740784166
Nifty MNC TRI,2025-10-29,36992.556957039014
Nifty MNC TRI,2025-10-30,37001.22878844266
Nifty MNC TRI,2025-10-31,36868.125811029946
Nifty MNC TRI,2025-11-03,36933.80218232084
Nifty MNC TRI,2025-11-04,36930.93531384951
Nifty MNC TRI,2025-11-06,36751.89575099157
Nifty MNC TRI,2025-11-07,36736.75261386457
Nifty MNC TRI,2025-11-10,36885.15503167304
Nifty MNC TRI,2025-11-11,36938.57786740245
Nifty MNC TRI,2025-11-12,36982.84604304649
Nifty MNC TRI,2025-11-13,37005.56521088173
Nifty MNC TRI,2025-11-14,36847.53874919355
Nifty MNC TRI,2025-11-17,37069.764615811466
Nifty MNC TRI,2025-11-18,36855.592317782226
Nifty MNC TRI,2025-11-19,36897.18245074412
Nifty MNC TRI,2025-11-20,36948.485893067314
Nifty MNC TRI,2025-11-21,36725.00086713627
Nifty MNC TRI,2025-11-24,36547.70818702655
Nifty MNC TRI,2025-11-25,36559.60603497567
Nifty MNC TRI,2025-11-26,37033.89918476636
Nifty MNC TRI,2025-11-27,37069.27736659431
Nifty MNC TRI,2025-11-28,37136.54692561813
Nifty MNC TRI,2025-12-01,37274.78503380005
Nifty MNC TRI,2025-12-02,37397.80149708976
Nifty MNC TRI,2025-12-03,37077.74438102913
Nifty MNC TRI,2025-12-04,36984.06921584265
Nifty MNC TRI,2025-12-05,36906.70549300369
Nifty MNC TRI,2025-12-08,36331.3350525987
Nifty MNC TRI,2025-12-09,36420.120467050714
Nifty MNC TRI,2025-12-10,36367.29122648269
Nifty MNC TRI,2025-12-11,36572.528285987326
Nifty MNC TRI,2025-12-12,36876.43988899767
Nifty MNC TRI,2025-12-15,37012.58000911176
Nifty MNC TRI,2025-12-16,37041.560192730496
Nifty MNC TRI,2025-12-17,36878.62985237584
Nifty MNC TRI,2025-12-18,36672.63958199371
Nifty MNC TRI,2025-12-19,36913.65980712968
Nifty MNC TRI,2025-12-22,37178.0101037349
Nifty MNC TRI,2025-12-23,37180.89438719359
Nifty MNC TRI,2025-12-24,37125.25109705667
Nifty MNC TRI,2025-12-26,37145.386287945184
Nifty MNC TRI,2025-12-29,37091.08936560073
Nifty MNC TRI,2025-12-30,37119.54005409918
Nifty MNC TRI,2025-12-31,37398.12105006741
Nifty MNC TRI,2026-01-02,37776.653863052765
Nifty MNC TRI,2026-01-05,37901.80523503771
Nifty MNC TRI,2026-01-06,37994.35263710092
Nifty MNC TRI,2026-01-07,37955.35497567914
Nifty MNC TRI,2026-01-08,37347.15887963385
Nifty MNC TRI,2026-01-09,37110.23464515991
Nifty MNC TRI,2026-01-12,37195.3160366464
Nifty MNC TRI,2026-01-13,37206.46443575101
Nifty MNC TRI,2026-01-14,37304.58367502794
Nifty MNC TRI,2026-01-16,37259.43436002486
Nifty MNC TRI,2026-01-19,37410.60790647036
Nifty MNC TRI,2026-01-20,36760.97426022625
Nifty MNC TRI,2026-01-21,36640.606485515564
Nifty MNC TRI,2026-01-22,37076.86907405995
Nifty MNC TRI,2026-01-23,36757.765480662674
Nifty MNC TRI,2026-01-27,36816.268343858734
Nifty MNC TRI,2026-01-28,37179.52087406532
Nifty MNC TRI,2026-01-29,37343.220448004315
Nifty MNC TRI,2026-01-30,37258.7791252043
Nifty MNC TRI,2026-02-02,36967.75548720586
Nifty MNC TRI,2026-02-03,37655.174202936905
Nifty MNC TRI,2026-02-04,37770.41676555031
Nifty MNC TRI,2026-02-05,37566.34163590163
Nifty MNC TRI,2026-02-06,37959.21037509991
Nifty MNC TRI,2026-02-09,38178.032673229434
Nifty MNC TRI,2026-02-10,38451.206624273036
Nifty MNC TRI,2026-02-11,38594.081174474006
Nifty MNC TRI,2026-02-12,38506.21517026293
Nifty MNC TRI,2026-02-13,37745.12161712605
Nifty MNC TRI,2026-02-16,37990.574165098624
Nifty MNC TRI,2026-02-17,38080.515339171354
Nifty MNC TRI,2026-02-18,38429.39431540695
Nifty MNC TRI,2026-02-19,37822.44819459878
Nifty MNC TRI,2026-02-20,38259.48027232113
Nifty MNC TRI,2026-02-23,38635.00689702732
Nifty MNC TRI,2026-02-24,38789.11455878088
Nifty MNC TRI,2026-02-25,39267.461039071575
Nifty MNC TRI,2026-02-26,39377.589552461024
Nifty MNC TRI,2026-02-27,38872.44587244743
Nifty MNC TRI,2026-03-02,38425.12293277996
Nifty MNC TRI,2026-03-04,37366.377599773645
Nifty MNC TRI,2026-03-05,37810.04662263852
Nifty MNC TRI,2026-03-06,37798.85468206036
Nifty MNC TRI,2026-03-09,36971.04057022566
Nifty MNC TRI,2026-03-10,37543.20840836258
Nifty MNC TRI,2026-03-11,37059.72424415022
Nifty MNC TRI,2026-03-12,36687.09924054233
Nifty MNC TRI,2026-03-13,35924.38768149664
Nifty MNC TRI,2026-03-16,35881.86671344013
Nifty MNC TRI,2026-03-17,36086.8490238014
Nifty MNC TRI,2026-03-18,36236.44852123401
Nifty MNC TRI,2026-03-19,35184.262576704634
Nifty MNC TRI,2026-03-20,35433.11115183775
Nifty MNC TRI,2026-03-23,34402.0253487027
Nifty MNC TRI,2026-03-24,34996.30659643374
Nifty MNC TRI,2026-03-25,35698.88952153592
Nifty MNC TRI,2026-03-27,34780.46772036549
Nifty MNC TRI,2026-03-30,34116.20260537142
Nifty MNC TRI,2026-04-01,34707.350836881655
Nifty MNC TRI,2026-04-02,34827.45465933282
Nifty MNC TRI,2026-04-06,35119.046635791274
Nifty MNC TRI,2026-04-07,35336.13536199148
Nifty MNC TRI,2026-04-08,36490.33579122897
Nifty MNC TRI,2026-04-09,36667.825995980354
Nifty MNC TRI,2026-04-10,37434.76106163353
Nifty MNC TRI,2026-04-13,36882.335257830564
Nifty MNC TRI,2026-04-15,37548.38209024728
Nifty MNC TRI,2026-04-16,37696.910170006624
Nifty MNC TRI,2026-04-17,38508.92368130488
Nifty MNC TRI,2026-04-20,38529.59989947184
Nifty MNC TRI,2026-04-21,39060.600162958435
Nifty MNC TRI,2026-04-22,39381.66179081174
Nifty MNC TRI,2026-04-23,39181.222858207824
Nifty MNC TRI,2026-04-24,38923.87621658665
Nifty MNC TRI,2026-04-27,39306.8839458113
Nifty MNC TRI,2026-04-28,39192.06014913928
Nifty MNC TRI,2026-04-29,39547.316429633676
Nifty MNC TRI,2026-04-30,39189.820473576256
Nifty MNC TRI,2026-05-04,39638.49349103735
Nifty MNC TRI,2026-05-05,39695.38195221505
Nifty MNC TRI,2026-05-06,39959.59725194989
Nifty MNC TRI,2026-05-07,40087.06577203898
Nifty MNC TRI,2026-05-08,39832.87406136442
Nifty MNC TRI,2026-05-11,39249.57458694587
Nifty MNC TRI,2026-05-12,38649.91727087458
Nifty MNC TRI,2026-05-13,38708.50695266161
Nifty MNC TRI,2026-05-14,39022.997151601354
Nifty MNC TRI,2026-05-15,39004.49929172193
Nifty MNC TRI,2026-05-18,38832.035846564795
Nifty MNC TRI,2026-05-19,38960.38137814522
Nifty MNC TRI,2026-05-20,39208.22901144079
Nifty MNC TRI,2026-05-21,39208.30646138591
Nifty MNC TRI,2026-05-22,39307.649301860016
Nifty MNC TRI,2026-05-25,39438.234446877395
Nifty MNC TRI,2026-05-26,39577.03395149716
Nifty MNC TRI,2026-05-27,40376.45316610392
Nifty MNC TRI,2026-05-29,39933.56905357219
Nifty MNC TRI,2026-06-01,39059.89496950915
Nifty MNC TRI,2026-06-02,39073.13479709538
Nifty MNC TRI,2026-06-03,38934.82314266235
Nifty MNC TRI,2026-06-04,39007.62188866739
Nifty MNC TRI,2026-06-05,39018.4597173103
Nifty MNC TRI,2026-06-08,38441.33273134048
Nifty MNC TRI,2026-06-09,38739.938152322524
Nifty MNC TRI,2026-06-10,38637.82727883474
Nifty MNC TRI,2026-06-11,38378.01747879445
Nifty MNC TRI,2026-06-12,38995.43641495012
Nifty MNC TRI,2026-06-15,39886.40740520644
Nifty MNC TRI,2026-06-16,39944.194694597376
Nifty MNC TRI,2026-06-17,40210.932006722134
Nifty MNC TRI,2026-06-18,40217.20517925562
Nifty MNC TRI,2026-06-19,40247.79609423916
Nifty MNC TRI,2026-06-22,40408.17712418195
Nifty MNC TRI,2026-06-23,40000.46726804772
Nifty MNC TRI,2026-06-24,39715.947753982975
Nifty MNC TRI,2026-06-25,40061.34042165751
Nifty MNC TRI,2026-06-30,40054.24305664001
