index_name,date,tri
Nifty PSE TRI,2011-06-30,3393.75
Nifty PSE TRI,2011-07-01,3424.8814325608805
Nifty PSE TRI,2011-07-04,3440.980428670797
Nifty PSE TRI,2011-07-05,3414.754169558678
Nifty PSE TRI,2011-07-06,3407.8820525154692
Nifty PSE TRI,2011-07-07,3457.7360247142633
Nifty PSE TRI,2011-07-08,3438.659301942333
Nifty PSE TRI,2011-07-11,3428.6987117172116
Nifty PSE TRI,2011-07-12,3405.261419402341
Nifty PSE TRI,2011-07-13,3448.2291338100126
Nifty PSE TRI,2011-07-14,3446.4102681002214
Nifty PSE TRI,2011-07-15,3433.980532729022
Nifty PSE TRI,2011-07-18,3446.2912851420024
Nifty PSE TRI,2011-07-19,3451.730913211519
Nifty PSE TRI,2011-07-20,3422.9250370540985
Nifty PSE TRI,2011-07-21,3405.531348425147
Nifty PSE TRI,2011-07-22,3437.8092152063105
Nifty PSE TRI,2011-07-25,3452.7806265167465
Nifty PSE TRI,2011-07-26,3384.393548735876
Nifty PSE TRI,2011-07-27,3347.003704818715
Nifty PSE TRI,2011-07-28,3326.0400100398056
Nifty PSE TRI,2011-07-29,3300.514487266022
Nifty PSE TRI,2011-08-01,3308.4998043998935
Nifty PSE TRI,2011-08-02,3308.2223653377832
Nifty PSE TRI,2011-08-03,3312.705804354753
Nifty PSE TRI,2011-08-04,3301.0014288471216
Nifty PSE TRI,2011-08-05,3257.01728648921
Nifty PSE TRI,2011-08-08,3248.7542789801673
Nifty PSE TRI,2011-08-09,3234.585206700654
Nifty PSE TRI,2011-08-10,3259.5723964942504
Nifty PSE TRI,2011-08-11,3244.9004434240337
Nifty PSE TRI,2011-08-12,3231.5303251732134
Nifty PSE TRI,2011-08-16,3201.3056530614567
Nifty PSE TRI,2011-08-17,3192.091628842326
Nifty PSE TRI,2011-08-18,3163.0105963092874
Nifty PSE TRI,2011-08-19,3125.5974646142977
Nifty PSE TRI,2011-08-22,3171.7440797286217
Nifty PSE TRI,2011-08-23,3160.115551340812
Nifty PSE TRI,2011-08-24,3150.141239592187
Nifty PSE TRI,2011-08-25,3132.1354654961715
Nifty PSE TRI,2011-08-26,3080.146452823852
Nifty PSE TRI,2011-08-29,3124.2472559109333
Nifty PSE TRI,2011-08-30,3099.857232991191
Nifty PSE TRI,2011-09-02,3102.243579529489
Nifty PSE TRI,2011-09-05,3074.1931619779216
Nifty PSE TRI,2011-09-06,3098.0595593058238
Nifty PSE TRI,2011-09-07,3141.4700614104877
Nifty PSE TRI,2011-09-08,3124.0994346865405
Nifty PSE TRI,2011-09-09,3085.725737918986
Nifty PSE TRI,2011-09-12,3049.9198260133785
Nifty PSE TRI,2011-09-13,3044.5980641118986
Nifty PSE TRI,2011-09-14,3079.029346874431
Nifty PSE TRI,2011-09-15,3108.08725078047
Nifty PSE TRI,2011-09-16,3158.7627421538205
Nifty PSE TRI,2011-09-19,3128.836620421493
Nifty PSE TRI,2011-09-20,3126.1822103096715
Nifty PSE TRI,2011-09-21,3130.7681375170496
Nifty PSE TRI,2011-09-22,3056.407617037974
Nifty PSE TRI,2011-09-23,3037.0519658724506
Nifty PSE TRI,2011-09-26,2999.7934279832975
Nifty PSE TRI,2011-09-27,3056.7868590102607
Nifty PSE TRI,2011-09-28,3066.6018516067966
Nifty PSE TRI,2011-09-29,3097.799290877441
Nifty PSE TRI,2011-09-30,3070.0352300073455
Nifty PSE TRI,2011-10-03,3043.534346713676
Nifty PSE TRI,2011-10-04,3019.3322153250056
Nifty PSE TRI,2011-10-05,2994.422241266564
Nifty PSE TRI,2011-10-07,3048.585641926676
Nifty PSE TRI,2011-10-10,3106.598412648371
Nifty PSE TRI,2011-10-11,3112.1455237257574
Nifty PSE TRI,2011-10-12,3137.8846399902773
Nifty PSE TRI,2011-10-13,3100.682234051069
Nifty PSE TRI,2011-10-14,3088.503353045508
Nifty PSE TRI,2011-10-17,3048.9852203489063
Nifty PSE TRI,2011-10-18,3034.683720447205
Nifty PSE TRI,2011-10-19,3087.3814198977448
Nifty PSE TRI,2011-10-20,3059.125435329494
Nifty PSE TRI,2011-10-21,3046.2829945837098
Nifty PSE TRI,2011-10-24,3070.081964685044
Nifty PSE TRI,2011-10-25,3086.164596171191
Nifty PSE TRI,2011-10-28,3172.180456832185
Nifty PSE TRI,2011-10-31,3120.8433908148363
Nifty PSE TRI,2011-11-01,3116.9702385750297
Nifty PSE TRI,2011-11-02,3107.549873204534
Nifty PSE TRI,2011-11-03,3138.974926290971
Nifty PSE TRI,2011-11-04,3145.0874382808606
Nifty PSE TRI,2011-11-08,3146.190267802435
Nifty PSE TRI,2011-11-09,3091.21270407898
Nifty PSE TRI,2011-11-11,3058.279882879449
Nifty PSE TRI,2011-11-14,3024.5838425196293
Nifty PSE TRI,2011-11-15,2967.506401942464
Nifty PSE TRI,2011-11-16,2933.991783804155
Nifty PSE TRI,2011-11-17,2864.5339805429417
Nifty PSE TRI,2011-11-18,2843.021719504226
Nifty PSE TRI,2011-11-21,2773.0144300576308
Nifty PSE TRI,2011-11-22,2793.5505484026785
Nifty PSE TRI,2011-11-23,2738.395792814214
Nifty PSE TRI,2011-11-24,2773.7790881763144
Nifty PSE TRI,2011-11-25,2784.1680297640314
Nifty PSE TRI,2011-11-28,2865.2001594930757
Nifty PSE TRI,2011-11-29,2837.4075593897637
Nifty PSE TRI,2011-11-30,2867.6083820077693
Nifty PSE TRI,2011-12-01,2887.3040392498565
Nifty PSE TRI,2011-12-02,2951.264023922547
Nifty PSE TRI,2011-12-05,2959.4431834236348
Nifty PSE TRI,2011-12-07,2947.358944264135
Nifty PSE TRI,2011-12-08,2873.355029722815
Nifty PSE TRI,2011-12-09,2841.5002527143506
Nifty PSE TRI,2011-12-12,2774.6284681738025
Nifty PSE TRI,2011-12-13,2795.850595069437
Nifty PSE TRI,2011-12-14,2734.3470227879025
Nifty PSE TRI,2011-12-15,2747.9332295885765
Nifty PSE TRI,2011-12-16,2697.9492180305715
Nifty PSE TRI,2011-12-19,2667.0326150776277
Nifty PSE TRI,2011-12-20,2637.3152414351557
Nifty PSE TRI,2011-12-21,2700.632049448704
Nifty PSE TRI,2011-12-22,2727.2757454726147
Nifty PSE TRI,2011-12-23,2710.9145753590897
Nifty PSE TRI,2011-12-26,2727.203562484734
Nifty PSE TRI,2011-12-27,2700.715480802148
Nifty PSE TRI,2011-12-28,2706.162038999962
Nifty PSE TRI,2011-12-29,2667.570788710002
Nifty PSE TRI,2011-12-30,2686.8358882637317
Nifty PSE TRI,2012-01-02,2689.25413294837
Nifty PSE TRI,2012-01-03,2752.0222344589
Nifty PSE TRI,2012-01-04,2776.9205340562985
Nifty PSE TRI,2012-01-05,2744.038269897208
Nifty PSE TRI,2012-01-06,2716.874737018705
Nifty PSE TRI,2012-01-09,2735.662210871288
Nifty PSE TRI,2012-01-10,2775.4634458391015
Nifty PSE TRI,2012-01-11,2789.532838679133
Nifty PSE TRI,2012-01-12,2800.8681562112715
Nifty PSE TRI,2012-01-13,2840.1751315079923
Nifty PSE TRI,2012-01-16,2822.2527845410596
Nifty PSE TRI,2012-01-17,2877.283597612428
Nifty PSE TRI,2012-01-18,2850.0056504745176
Nifty PSE TRI,2012-01-19,2892.525247044921
Nifty PSE TRI,2012-01-20,2922.5797215046064
Nifty PSE TRI,2012-01-23,2918.1020591577726
Nifty PSE TRI,2012-01-24,2923.065850891714
Nifty PSE TRI,2012-01-25,2962.7676667088244
Nifty PSE TRI,2012-01-27,2983.3543359534697
Nifty PSE TRI,2012-01-30,2896.148158689826
Nifty PSE TRI,2012-01-31,2927.8486159085655
Nifty PSE TRI,2012-02-01,2923.2266875729465
Nifty PSE TRI,2012-02-02,2962.1888016285457
Nifty PSE TRI,2012-02-03,3008.1079713219237
Nifty PSE TRI,2012-02-06,3043.9912047930525
Nifty PSE TRI,2012-02-07,3007.0942619903817
Nifty PSE TRI,2012-02-08,3028.4135653395374
Nifty PSE TRI,2012-02-09,3057.959184307768
Nifty PSE TRI,2012-02-10,3051.0586323517527
Nifty PSE TRI,2012-02-13,3058.9384564608977
Nifty PSE TRI,2012-02-14,3054.575053337192
Nifty PSE TRI,2012-02-15,3107.596434819862
Nifty PSE TRI,2012-02-16,3113.2916708095077
Nifty PSE TRI,2012-02-17,3152.915548393542
Nifty PSE TRI,2012-02-21,3180.8976286574757
Nifty PSE TRI,2012-02-22,3124.6654220361925
Nifty PSE TRI,2012-02-23,3131.177185935427
Nifty PSE TRI,2012-02-24,3104.4572232303417
Nifty PSE TRI,2012-02-27,3043.995720219715
Nifty PSE TRI,2012-02-28,3102.4504124346613
Nifty PSE TRI,2012-02-29,3148.2053384932015
Nifty PSE TRI,2012-03-01,3109.2751876202738
Nifty PSE TRI,2012-03-02,3087.777509713794
Nifty PSE TRI,2012-03-05,3037.198974485612
Nifty PSE TRI,2012-03-06,3021.0806915362746
Nifty PSE TRI,2012-03-07,2972.361924204618
Nifty PSE TRI,2012-03-09,3034.714335046206
Nifty PSE TRI,2012-03-12,3039.501555046575
Nifty PSE TRI,2012-03-13,3097.2479554386464
Nifty PSE TRI,2012-03-14,3138.466479583638
Nifty PSE TRI,2012-03-15,3077.415350354821
Nifty PSE TRI,2012-03-16,2989.2332287448567
Nifty PSE TRI,2012-03-19,2952.023212886578
Nifty PSE TRI,2012-03-20,2958.8907914253023
Nifty PSE TRI,2012-03-21,2998.184878289153
Nifty PSE TRI,2012-03-22,2948.1422446108427
Nifty PSE TRI,2012-03-23,2958.3708217422964
Nifty PSE TRI,2012-03-26,2899.0369624905884
Nifty PSE TRI,2012-03-27,2904.2744320272363
Nifty PSE TRI,2012-03-28,2863.320865218591
Nifty PSE TRI,2012-03-29,2868.913220880158
Nifty PSE TRI,2012-03-30,2954.3720110318154
Nifty PSE TRI,2012-04-02,2978.9154790734706
Nifty PSE TRI,2012-04-03,3021.7099465442193
Nifty PSE TRI,2012-04-04,3024.054320225046
Nifty PSE TRI,2012-04-09,2949.4383598434856
Nifty PSE TRI,2012-04-10,2915.5368220398136
Nifty PSE TRI,2012-04-11,2910.1265557687966
Nifty PSE TRI,2012-04-12,2921.2331341411564
Nifty PSE TRI,2012-04-13,2922.90908843414
Nifty PSE TRI,2012-04-16,2922.1760777546656
Nifty PSE TRI,2012-04-17,2993.7692064217126
Nifty PSE TRI,2012-04-18,3003.610609756969
Nifty PSE TRI,2012-04-19,3006.006984633042
Nifty PSE TRI,2012-04-20,2972.9023743103817
Nifty PSE TRI,2012-04-23,2936.1096356379826
Nifty PSE TRI,2012-04-24,2942.787651376326
Nifty PSE TRI,2012-04-25,2899.258822811096
Nifty PSE TRI,2012-04-26,2877.359614335832
Nifty PSE TRI,2012-04-27,2861.5303583133505
Nifty PSE TRI,2012-04-30,2898.1973389583836
Nifty PSE TRI,2012-05-02,2868.521667651475
Nifty PSE TRI,2012-05-03,2836.8589354645173
Nifty PSE TRI,2012-05-04,2778.6433094225667
Nifty PSE TRI,2012-05-07,2801.7269973056646
Nifty PSE TRI,2012-05-08,2785.0635489863603
Nifty PSE TRI,2012-05-09,2753.3824992467953
Nifty PSE TRI,2012-05-10,2757.0417284168366
Nifty PSE TRI,2012-05-11,2726.376067787861
Nifty PSE TRI,2012-05-14,2713.9522596450665
Nifty PSE TRI,2012-05-15,2710.7635234851796
Nifty PSE TRI,2012-05-16,2677.1716797301297
Nifty PSE TRI,2012-05-17,2677.1994739053316
Nifty PSE TRI,2012-05-18,2685.659140962999
Nifty PSE TRI,2012-05-21,2693.002222566916
Nifty PSE TRI,2012-05-22,2678.411338846322
Nifty PSE TRI,2012-05-23,2679.665761557111
Nifty PSE TRI,2012-05-24,2721.1045429512537
Nifty PSE TRI,2012-05-25,2733.09912960057
Nifty PSE TRI,2012-05-28,2738.051447714394
Nifty PSE TRI,2012-05-29,2751.3798624352157
Nifty PSE TRI,2012-05-30,2714.6900645917663
Nifty PSE TRI,2012-05-31,2720.806902274255
Nifty PSE TRI,2012-06-01,2690.3507212678637
Nifty PSE TRI,2012-06-04,2711.1568531506864
Nifty PSE TRI,2012-06-05,2713.9496647215606
Nifty PSE TRI,2012-06-06,2774.103660185946
Nifty PSE TRI,2012-06-07,2785.9075725051202
Nifty PSE TRI,2012-06-08,2787.7334150233005
Nifty PSE TRI,2012-06-11,2784.971721425704
Nifty PSE TRI,2012-06-12,2819.969387221311
Nifty PSE TRI,2012-06-13,2835.3646742850774
Nifty PSE TRI,2012-06-14,2800.895767128602
Nifty PSE TRI,2012-06-15,2816.0358173750624
Nifty PSE TRI,2012-06-18,2791.001488725947
Nifty PSE TRI,2012-06-19,2826.3746405357733
Nifty PSE TRI,2012-06-20,2851.4064343406744
Nifty PSE TRI,2012-06-21,2887.915148798951
Nifty PSE TRI,2012-06-22,2893.540280027322
Nifty PSE TRI,2012-06-25,2864.1032678745196
Nifty PSE TRI,2012-06-26,2897.0896953616925
Nifty PSE TRI,2012-06-27,2916.552677923432
Nifty PSE TRI,2012-06-28,2918.1846358747034
Nifty PSE TRI,2012-06-29,2979.675939607086
Nifty PSE TRI,2012-07-02,2999.7589420777635
Nifty PSE TRI,2012-07-03,3029.8992853844047
Nifty PSE TRI,2012-07-04,3018.979205722471
Nifty PSE TRI,2012-07-05,3011.1854015682998
Nifty PSE TRI,2012-07-06,3009.3380430082907
Nifty PSE TRI,2012-07-09,2987.7424086560095
Nifty PSE TRI,2012-07-10,3008.3055430698
Nifty PSE TRI,2012-07-11,2992.9676849965517
Nifty PSE TRI,2012-07-12,3006.0962676789104
Nifty PSE TRI,2012-07-13,3012.9168490962984
Nifty PSE TRI,2012-07-16,3003.215001357518
Nifty PSE TRI,2012-07-17,2989.3073672213527
Nifty PSE TRI,2012-07-18,2996.7449310744323
Nifty PSE TRI,2012-07-19,3011.9326266652693
Nifty PSE TRI,2012-07-20,2985.34609940886
Nifty PSE TRI,2012-07-23,2938.6233512903277
Nifty PSE TRI,2012-07-24,2951.8098859559514
Nifty PSE TRI,2012-07-25,2930.293027477537
Nifty PSE TRI,2012-07-26,2888.1333540546634
Nifty PSE TRI,2012-07-27,2901.986510425455
Nifty PSE TRI,2012-07-30,2950.850386285922
Nifty PSE TRI,2012-07-31,2979.760394097121
Nifty PSE TRI,2012-08-01,2970.8703898777358
Nifty PSE TRI,2012-08-02,2969.4273949171647
Nifty PSE TRI,2012-08-03,2976.5631719883595
Nifty PSE TRI,2012-08-06,2993.5576493533513
Nifty PSE TRI,2012-08-07,3009.534905639626
Nifty PSE TRI,2012-08-08,3007.477353391108
Nifty PSE TRI,2012-08-09,3007.1667660062903
Nifty PSE TRI,2012-08-10,3001.768082202881
Nifty PSE TRI,2012-08-13,3019.289232279002
Nifty PSE TRI,2012-08-14,3040.416821897752
Nifty PSE TRI,2012-08-16,3015.5827793896337
Nifty PSE TRI,2012-08-17,2992.4936124915353
Nifty PSE TRI,2012-08-21,3029.3575955587244
Nifty PSE TRI,2012-08-22,3031.5171415573923
Nifty PSE TRI,2012-08-23,3015.878408378083
Nifty PSE TRI,2012-08-24,3020.095048356161
Nifty PSE TRI,2012-08-27,3011.188645953171
Nifty PSE TRI,2012-08-28,2995.1316229911376
Nifty PSE TRI,2012-08-29,2959.3629848940914
Nifty PSE TRI,2012-08-30,2959.460029164449
Nifty PSE TRI,2012-08-31,2924.970812312472
Nifty PSE TRI,2012-09-03,2923.916691115594
Nifty PSE TRI,2012-09-04,2950.2157383940967
Nifty PSE TRI,2012-09-05,2920.038881569414
Nifty PSE TRI,2012-09-06,2924.7672064658386
Nifty PSE TRI,2012-09-07,2948.136447466478
Nifty PSE TRI,2012-09-10,2962.6917084162906
Nifty PSE TRI,2012-09-11,2971.5449417667533
Nifty PSE TRI,2012-09-12,2971.848958823013
Nifty PSE TRI,2012-09-13,2992.8095662076225
Nifty PSE TRI,2012-09-14,3002.5424738367474
Nifty PSE TRI,2012-09-17,3007.892083531834
Nifty PSE TRI,2012-09-18,3038.0863145896856
Nifty PSE TRI,2012-09-20,3011.8521264202923
Nifty PSE TRI,2012-09-21,3100.3969637502
Nifty PSE TRI,2012-09-24,3093.1901623695494
Nifty PSE TRI,2012-09-25,3082.727311451436
Nifty PSE TRI,2012-09-26,3062.8795502776347
Nifty PSE TRI,2012-09-27,3028.0245263978827
Nifty PSE TRI,2012-09-28,3064.6344588542156
Nifty PSE TRI,2012-10-01,3065.9780844108
Nifty PSE TRI,2012-10-03,3085.3234070555304
Nifty PSE TRI,2012-10-04,3128.3486356384014
Nifty PSE TRI,2012-10-05,3131.7588021778383
Nifty PSE TRI,2012-10-08,3100.5565676074557
Nifty PSE TRI,2012-10-09,3097.87657828515
Nifty PSE TRI,2012-10-10,3056.026114607992
Nifty PSE TRI,2012-10-11,3094.011626740541
Nifty PSE TRI,2012-10-12,3083.7948823482084
Nifty PSE TRI,2012-10-15,3083.2328636697134
Nifty PSE TRI,2012-10-16,3058.4533234998685
Nifty PSE TRI,2012-10-17,3060.518886794961
Nifty PSE TRI,2012-10-18,3069.297286213897
Nifty PSE TRI,2012-10-19,3043.7885926452377
Nifty PSE TRI,2012-10-22,3048.6930070898675
Nifty PSE TRI,2012-10-23,3032.7316995760007
Nifty PSE TRI,2012-10-25,3035.1049972608334
Nifty PSE TRI,2012-10-29,2988.5410902598755
Nifty PSE TRI,2012-10-30,2961.302563744226
Nifty PSE TRI,2012-10-31,2946.4121962935183
Nifty PSE TRI,2012-11-01,2948.833707688104
Nifty PSE TRI,2012-11-02,2979.7871606626545
Nifty PSE TRI,2012-11-05,2982.5629830338335
Nifty PSE TRI,2012-11-06,2999.877628733089
Nifty PSE TRI,2012-11-07,3004.113584646067
Nifty PSE TRI,2012-11-08,2998.473469595343
Nifty PSE TRI,2012-11-09,2949.1361785630984
Nifty PSE TRI,2012-11-12,2947.303306844775
Nifty PSE TRI,2012-11-15,2938.8996315193076
Nifty PSE TRI,2012-11-16,2933.976459449659
Nifty PSE TRI,2012-11-19,2912.941432446774
Nifty PSE TRI,2012-11-20,2911.171697583593
Nifty PSE TRI,2012-11-21,2900.1896022088777
Nifty PSE TRI,2012-11-22,2899.919908458511
Nifty PSE TRI,2012-11-23,2889.711955506116
Nifty PSE TRI,2012-11-26,2876.2163982653747
Nifty PSE TRI,2012-11-27,2884.9018967441143
Nifty PSE TRI,2012-11-29,2918.5877016394275
Nifty PSE TRI,2012-11-30,2978.183067473193
Nifty PSE TRI,2012-12-03,2975.7830801323194
Nifty PSE TRI,2012-12-04,2983.7541869645984
Nifty PSE TRI,2012-12-05,2994.4199616942115
Nifty PSE TRI,2012-12-06,3015.189683823199
Nifty PSE TRI,2012-12-07,3000.368633312885
Nifty PSE TRI,2012-12-10,2991.753010599106
Nifty PSE TRI,2012-12-11,2963.555819548875
Nifty PSE TRI,2012-12-12,2928.720729013703
Nifty PSE TRI,2012-12-13,2916.323895741285
Nifty PSE TRI,2012-12-14,2916.158116707593
Nifty PSE TRI,2012-12-17,2915.1423679462932
Nifty PSE TRI,2012-12-18,2941.937903416175
Nifty PSE TRI,2012-12-19,2980.144244876784
Nifty PSE TRI,2012-12-20,2971.7376517793027
Nifty PSE TRI,2012-12-21,2939.941677618816
Nifty PSE TRI,2012-12-24,2935.0916944756787
Nifty PSE TRI,2012-12-26,2948.7171027796885
Nifty PSE TRI,2012-12-27,2938.5923686383953
Nifty PSE TRI,2012-12-28,2981.5950089296134
Nifty PSE TRI,2012-12-31,3000.725830236195
Nifty PSE TRI,2013-01-01,3014.9410612344527
Nifty PSE TRI,2013-01-02,3057.496274827866
Nifty PSE TRI,2013-01-03,3074.2605158394163
Nifty PSE TRI,2013-01-04,3117.2406304296637
Nifty PSE TRI,2013-01-07,3119.949662344402
Nifty PSE TRI,2013-01-08,3126.9104785478194
Nifty PSE TRI,2013-01-09,3132.83370750772
Nifty PSE TRI,2013-01-10,3142.081395985998
Nifty PSE TRI,2013-01-11,3085.063852217489
Nifty PSE TRI,2013-01-14,3132.6462701309533
Nifty PSE TRI,2013-01-15,3144.650078460875
Nifty PSE TRI,2013-01-16,3120.601792824859
Nifty PSE TRI,2013-01-17,3171.8315004365077
Nifty PSE TRI,2013-01-18,3294.665195951133
Nifty PSE TRI,2013-01-21,3298.919199150681
Nifty PSE TRI,2013-01-22,3270.7137911157065
Nifty PSE TRI,2013-01-23,3232.941481171934
Nifty PSE TRI,2013-01-24,3193.0326302961535
Nifty PSE TRI,2013-01-25,3227.60859237202
Nifty PSE TRI,2013-01-28,3212.873447210239
Nifty PSE TRI,2013-01-29,3191.6682207095255
Nifty PSE TRI,2013-01-30,3195.2639659618158
Nifty PSE TRI,2013-01-31,3217.7894764509074
Nifty PSE TRI,2013-02-01,3201.416741101442
Nifty PSE TRI,2013-02-04,3169.5554365789712
Nifty PSE TRI,2013-02-05,3155.8803789591475
Nifty PSE TRI,2013-02-06,3138.0412762483834
Nifty PSE TRI,2013-02-07,3113.956687713477
Nifty PSE TRI,2013-02-08,3083.7290026489063
Nifty PSE TRI,2013-02-11,3069.2103093075557
Nifty PSE TRI,2013-02-12,3111.9385858530577
Nifty PSE TRI,2013-02-13,3104.7061093945294
Nifty PSE TRI,2013-02-14,3087.0621931387127
Nifty PSE TRI,2013-02-15,3092.4243692096925
Nifty PSE TRI,2013-02-18,3087.116110797102
Nifty PSE TRI,2013-02-19,3129.3450265281163
Nifty PSE TRI,2013-02-20,3131.9520173208857
Nifty PSE TRI,2013-02-21,3088.73169466958
Nifty PSE TRI,2013-02-22,3084.0968849146207
Nifty PSE TRI,2013-02-25,3062.8442428188037
Nifty PSE TRI,2013-02-26,2992.6197239911144
Nifty PSE TRI,2013-02-27,3031.478613032347
Nifty PSE TRI,2013-02-28,2972.600481179984
Nifty PSE TRI,2013-03-01,2984.368872485256
Nifty PSE TRI,2013-03-04,2958.3952405112846
Nifty PSE TRI,2013-03-05,2997.424009228371
Nifty PSE TRI,2013-03-06,3015.400535770051
Nifty PSE TRI,2013-03-07,3020.3476774727346
Nifty PSE TRI,2013-03-08,3066.321915012421
Nifty PSE TRI,2013-03-11,3062.459755699236
Nifty PSE TRI,2013-03-12,3044.2079408010677
Nifty PSE TRI,2013-03-13,2997.1160136968747
Nifty PSE TRI,2013-03-14,3016.1973538448524
Nifty PSE TRI,2013-03-15,3000.2856146767144
Nifty PSE TRI,2013-03-18,2954.102098948432
Nifty PSE TRI,2013-03-19,2895.6122610699927
Nifty PSE TRI,2013-03-20,2834.818983073319
Nifty PSE TRI,2013-03-21,2805.4269988860146
Nifty PSE TRI,2013-03-22,2794.5026241244964
Nifty PSE TRI,2013-03-25,2823.8259993004745
Nifty PSE TRI,2013-03-26,2822.920801719651
Nifty PSE TRI,2013-03-28,2868.8209737736456
Nifty PSE TRI,2013-04-01,2875.0273593910024
Nifty PSE TRI,2013-04-02,2913.601882712029
Nifty PSE TRI,2013-04-03,2879.9069547531835
Nifty PSE TRI,2013-04-04,2863.2853743898836
Nifty PSE TRI,2013-04-05,2874.9692190810556
Nifty PSE TRI,2013-04-08,2886.15679330449
Nifty PSE TRI,2013-04-09,2846.3863208606663
Nifty PSE TRI,2013-04-10,2855.25166704094
Nifty PSE TRI,2013-04-11,2850.637629878122
Nifty PSE TRI,2013-04-12,2862.5352752928466
Nifty PSE TRI,2013-04-15,2899.857249798905
Nifty PSE TRI,2013-04-16,2965.9624658022417
Nifty PSE TRI,2013-04-17,2953.5133322977645
Nifty PSE TRI,2013-04-18,2985.705049236325
Nifty PSE TRI,2013-04-22,3011.088164891398
Nifty PSE TRI,2013-04-23,3006.7422224100173
Nifty PSE TRI,2013-04-25,3043.8105450444414
Nifty PSE TRI,2013-04-26,3030.417629493114
Nifty PSE TRI,2013-04-29,3045.5752969373934
Nifty PSE TRI,2013-04-30,3052.2163226245
Nifty PSE TRI,2013-05-02,3074.2387096909674
Nifty PSE TRI,2013-05-03,3031.119528857901
Nifty PSE TRI,2013-05-06,3025.401388863297
Nifty PSE TRI,2013-05-07,3037.592101348098
Nifty PSE TRI,2013-05-08,3037.274012417081
Nifty PSE TRI,2013-05-09,3030.3598826673447
Nifty PSE TRI,2013-05-10,3044.804660091324
Nifty PSE TRI,2013-05-13,2994.682719812407
Nifty PSE TRI,2013-05-14,3017.455138336509
Nifty PSE TRI,2013-05-15,3076.208598054029
Nifty PSE TRI,2013-05-16,3087.729287989567
Nifty PSE TRI,2013-05-17,3112.2409135439366
Nifty PSE TRI,2013-05-20,3081.3871750012586
Nifty PSE TRI,2013-05-21,3046.6507490613426
Nifty PSE TRI,2013-05-22,3035.4345256975816
Nifty PSE TRI,2013-05-23,2973.6527234501227
Nifty PSE TRI,2013-05-24,2969.923629222606
Nifty PSE TRI,2013-05-27,3002.4976051964913
Nifty PSE TRI,2013-05-28,3048.459623534011
Nifty PSE TRI,2013-05-29,3050.972127527783
Nifty PSE TRI,2013-05-30,3056.6828142621134
Nifty PSE TRI,2013-05-31,2999.639785400259
Nifty PSE TRI,2013-06-03,2961.392182609328
Nifty PSE TRI,2013-06-04,2972.8146665920867
Nifty PSE TRI,2013-06-05,2981.4592353211833
Nifty PSE TRI,2013-06-06,2957.74452768651
Nifty PSE TRI,2013-06-07,2927.3654250750646
Nifty PSE TRI,2013-06-10,2921.453953931788
Nifty PSE TRI,2013-06-11,2857.1710483967395
Nifty PSE TRI,2013-06-12,2847.2377719363044
Nifty PSE TRI,2013-06-13,2797.8961014337965
Nifty PSE TRI,2013-06-14,2843.7921087110967
Nifty PSE TRI,2013-06-17,2848.252905868392
Nifty PSE TRI,2013-06-18,2822.2527966914417
Nifty PSE TRI,2013-06-19,2817.45667313647
Nifty PSE TRI,2013-06-20,2738.7432221021168
Nifty PSE TRI,2013-06-21,2755.781275665735
Nifty PSE TRI,2013-06-24,2696.529444436518
Nifty PSE TRI,2013-06-25,2707.9499654099154
Nifty PSE TRI,2013-06-26,2717.1138115141043
Nifty PSE TRI,2013-06-27,2746.2373858150904
Nifty PSE TRI,2013-06-28,2853.5759340078384
Nifty PSE TRI,2013-07-01,2888.5661961767073
Nifty PSE TRI,2013-07-02,2865.065833842447
Nifty PSE TRI,2013-07-03,2790.2270015459762
Nifty PSE TRI,2013-07-04,2791.4665850214215
Nifty PSE TRI,2013-07-05,2809.1022712556332
Nifty PSE TRI,2013-07-08,2742.446017375512
Nifty PSE TRI,2013-07-09,2758.2956928122826
Nifty PSE TRI,2013-07-10,2725.7846871886545
Nifty PSE TRI,2013-07-11,2778.1203448776914
Nifty PSE TRI,2013-07-12,2774.785749947984
Nifty PSE TRI,2013-07-15,2759.7303313951015
Nifty PSE TRI,2013-07-16,2760.3901659757703
Nifty PSE TRI,2013-07-17,2757.736793442818
Nifty PSE TRI,2013-07-18,2800.842431898988
Nifty PSE TRI,2013-07-19,2794.719722721001
Nifty PSE TRI,2013-07-22,2755.5124577160777
Nifty PSE TRI,2013-07-23,2777.1130650560362
Nifty PSE TRI,2013-07-24,2742.3620403495524
Nifty PSE TRI,2013-07-25,2713.2898791123116
Nifty PSE TRI,2013-07-26,2687.2656904654655
Nifty PSE TRI,2013-07-29,2649.333706173121
Nifty PSE TRI,2013-07-30,2545.181131650248
Nifty PSE TRI,2013-07-31,2552.0914351623137
Nifty PSE TRI,2013-08-01,2489.7196834590113
Nifty PSE TRI,2013-08-02,2435.500034556184
Nifty PSE TRI,2013-08-05,2434.098446775305
Nifty PSE TRI,2013-08-06,2365.9569263466324
Nifty PSE TRI,2013-08-07,2416.9943710894267
Nifty PSE TRI,2013-08-08,2442.756282245893
Nifty PSE TRI,2013-08-12,2487.0408118892115
Nifty PSE TRI,2013-08-13,2507.1782311156667
Nifty PSE TRI,2013-08-14,2570.842902000278
Nifty PSE TRI,2013-08-16,2451.192302238581
Nifty PSE TRI,2013-08-19,2408.4665508422054
Nifty PSE TRI,2013-08-20,2407.311518384448
Nifty PSE TRI,2013-08-21,2371.9948824088415
Nifty PSE TRI,2013-08-22,2452.450384433786
Nifty PSE TRI,2013-08-23,2486.940057817404
Nifty PSE TRI,2013-08-26,2481.7491265364424
Nifty PSE TRI,2013-08-27,2378.178376093953
Nifty PSE TRI,2013-08-28,2321.113022711982
Nifty PSE TRI,2013-08-29,2363.783714693099
Nifty PSE TRI,2013-08-30,2377.7641556522826
Nifty PSE TRI,2013-09-02,2408.214487188844
Nifty PSE TRI,2013-09-03,2373.763814617923
Nifty PSE TRI,2013-09-04,2425.0566443966172
Nifty PSE TRI,2013-09-05,2499.4699614416268
Nifty PSE TRI,2013-09-06,2577.6406691878997
Nifty PSE TRI,2013-09-10,2621.6776605047817
Nifty PSE TRI,2013-09-11,2629.1933269202714
Nifty PSE TRI,2013-09-12,2585.81397148314
Nifty PSE TRI,2013-09-13,2635.1454429794558
Nifty PSE TRI,2013-09-16,2647.8792818137795
Nifty PSE TRI,2013-09-17,2627.7247748277077
Nifty PSE TRI,2013-09-18,2641.106905776921
Nifty PSE TRI,2013-09-19,2719.3557719728783
Nifty PSE TRI,2013-09-20,2709.2913522393796
Nifty PSE TRI,2013-09-23,2640.9959846920046
Nifty PSE TRI,2013-09-24,2639.5364632208907
Nifty PSE TRI,2013-09-25,2671.6848777478535
Nifty PSE TRI,2013-09-26,2672.8695339298306
Nifty PSE TRI,2013-09-27,2663.431682439725
Nifty PSE TRI,2013-09-30,2610.4767060656927
Nifty PSE TRI,2013-10-01,2593.155039789902
Nifty PSE TRI,2013-10-03,2637.6533865099905
Nifty PSE TRI,2013-10-04,2635.8225606409183
Nifty PSE TRI,2013-10-07,2638.7370578071655
Nifty PSE TRI,2013-10-08,2642.829217067525
Nifty PSE TRI,2013-10-09,2669.61320081046
Nifty PSE TRI,2013-10-10,2679.6322329383006
Nifty PSE TRI,2013-10-11,2664.0492669192545
Nifty PSE TRI,2013-10-14,2655.383194836417
Nifty PSE TRI,2013-10-15,2646.3556612976035
Nifty PSE TRI,2013-10-17,2652.005654261286
Nifty PSE TRI,2013-10-18,2691.825829941142
Nifty PSE TRI,2013-10-21,2711.534458789517
Nifty PSE TRI,2013-10-22,2732.2054512517325
Nifty PSE TRI,2013-10-23,2710.207086368104
Nifty PSE TRI,2013-10-24,2696.5181982402246
Nifty PSE TRI,2013-10-25,2681.8744466790085
Nifty PSE TRI,2013-10-28,2675.0038925852014
Nifty PSE TRI,2013-10-29,2710.8300166687613
Nifty PSE TRI,2013-10-30,2722.030548583168
Nifty PSE TRI,2013-10-31,2759.4007988548583
Nifty PSE TRI,2013-11-01,2750.899203998955
Nifty PSE TRI,2013-11-05,2762.2411168402086
Nifty PSE TRI,2013-11-06,2768.2571123065977
Nifty PSE TRI,2013-11-07,2742.953034747054
Nifty PSE TRI,2013-11-08,2727.6092238719684
Nifty PSE TRI,2013-11-11,2680.2935703828234
Nifty PSE TRI,2013-11-12,2652.32393542817
Nifty PSE TRI,2013-11-13,2654.7829323973333
Nifty PSE TRI,2013-11-14,2672.406806211959
Nifty PSE TRI,2013-11-18,2715.187158826744
Nifty PSE TRI,2013-11-19,2708.9528611587207
Nifty PSE TRI,2013-11-20,2695.2916391186714
Nifty PSE TRI,2013-11-21,2642.8514544462014
Nifty PSE TRI,2013-11-22,2670.61640129791
Nifty PSE TRI,2013-11-25,2727.4030546846698
Nifty PSE TRI,2013-11-26,2699.3037148599215
Nifty PSE TRI,2013-11-27,2700.812918060624
Nifty PSE TRI,2013-11-28,2724.4003357767724
Nifty PSE TRI,2013-11-29,2776.598645183823
Nifty PSE TRI,2013-12-02,2770.7383294109136
Nifty PSE TRI,2013-12-03,2773.9518836643088
Nifty PSE TRI,2013-12-04,2760.2819465917473
Nifty PSE TRI,2013-12-05,2796.9464183043
Nifty PSE TRI,2013-12-06,2834.093689902425
Nifty PSE TRI,2013-12-09,2894.3658471520594
Nifty PSE TRI,2013-12-10,2802.725539187908
Nifty PSE TRI,2013-12-11,2777.630465610107
Nifty PSE TRI,2013-12-12,2742.2794858294938
Nifty PSE TRI,2013-12-13,2702.7265604434347
Nifty PSE TRI,2013-12-16,2699.820883614763
Nifty PSE TRI,2013-12-17,2682.3078075979456
Nifty PSE TRI,2013-12-18,2729.7339832799144
Nifty PSE TRI,2013-12-19,2689.8986097612615
Nifty PSE TRI,2013-12-20,2748.1744469646374
Nifty PSE TRI,2013-12-23,2775.046972525982
Nifty PSE TRI,2013-12-24,2772.0978775771323
Nifty PSE TRI,2013-12-26,2794.060845069406
Nifty PSE TRI,2013-12-27,2801.907063548954
Nifty PSE TRI,2013-12-30,2798.5396025229506
Nifty PSE TRI,2013-12-31,2811.1753468779725
Nifty PSE TRI,2014-01-01,2811.205663569031
Nifty PSE TRI,2014-01-02,2757.6659715322285
Nifty PSE TRI,2014-01-03,2716.3023484163546
Nifty PSE TRI,2014-01-06,2723.6643610392607
Nifty PSE TRI,2014-01-07,2690.269305384478
Nifty PSE TRI,2014-01-08,2700.669406325243
Nifty PSE TRI,2014-01-09,2734.861404968765
Nifty PSE TRI,2014-01-10,2720.8347077144517
Nifty PSE TRI,2014-01-13,2758.9189166875503
Nifty PSE TRI,2014-01-14,2734.508277789908
Nifty PSE TRI,2014-01-15,2761.634941602295
Nifty PSE TRI,2014-01-16,2769.1697874116303
Nifty PSE TRI,2014-01-17,2766.108594148426
Nifty PSE TRI,2014-01-20,2768.4274768473415
Nifty PSE TRI,2014-01-21,2752.847810235701
Nifty PSE TRI,2014-01-22,2766.8840565446253
Nifty PSE TRI,2014-01-23,2756.629488605584
Nifty PSE TRI,2014-01-24,2733.5870530964607
Nifty PSE TRI,2014-01-27,2673.28705579608
Nifty PSE TRI,2014-01-28,2674.480272452779
Nifty PSE TRI,2014-01-29,2694.6466972516737
Nifty PSE TRI,2014-01-30,2678.466110138863
Nifty PSE TRI,2014-01-31,2706.790894983373
Nifty PSE TRI,2014-02-03,2670.020838940794
Nifty PSE TRI,2014-02-04,2667.5355216836
Nifty PSE TRI,2014-02-05,2697.3085713100118
Nifty PSE TRI,2014-02-06,2709.0620355008978
Nifty PSE TRI,2014-02-07,2723.963601516634
Nifty PSE TRI,2014-02-10,2727.556498213966
Nifty PSE TRI,2014-02-11,2730.834621598353
Nifty PSE TRI,2014-02-12,2749.903474885876
Nifty PSE TRI,2014-02-13,2688.6845953865236
Nifty PSE TRI,2014-02-14,2709.9406629779132
Nifty PSE TRI,2014-02-17,2708.088976913188
Nifty PSE TRI,2014-02-18,2703.522445327975
Nifty PSE TRI,2014-02-19,2705.840049496899
Nifty PSE TRI,2014-02-20,2678.0014818724585
Nifty PSE TRI,2014-02-21,2701.4553485072647
Nifty PSE TRI,2014-02-24,2682.623294853838
Nifty PSE TRI,2014-02-25,2672.3397094947904
Nifty PSE TRI,2014-02-26,2682.024751801024
Nifty PSE TRI,2014-02-28,2707.8073688511
Nifty PSE TRI,2014-03-03,2695.163244931334
Nifty PSE TRI,2014-03-04,2746.2525917314833
Nifty PSE TRI,2014-03-05,2769.5695403352265
Nifty PSE TRI,2014-03-06,2838.568118822558
Nifty PSE TRI,2014-03-07,2897.103726749129
Nifty PSE TRI,2014-03-10,2900.9512078716225
Nifty PSE TRI,2014-03-11,2887.7331145989456
Nifty PSE TRI,2014-03-12,2863.717183567786
Nifty PSE TRI,2014-03-13,2903.2501294003982
Nifty PSE TRI,2014-03-14,2906.600127282767
Nifty PSE TRI,2014-03-18,2941.659393358692
Nifty PSE TRI,2014-03-19,2898.7064208848305
Nifty PSE TRI,2014-03-20,2867.19157540122
Nifty PSE TRI,2014-03-21,2840.8597649472767
Nifty PSE TRI,2014-03-24,2924.2382201078876
Nifty PSE TRI,2014-03-25,2960.5975750162283
Nifty PSE TRI,2014-03-26,2984.8714330160083
Nifty PSE TRI,2014-03-27,3019.6347549775405
Nifty PSE TRI,2014-03-28,3068.3671893573355
Nifty PSE TRI,2014-03-31,3042.3926630909077
Nifty PSE TRI,2014-04-01,3054.2117766725005
Nifty PSE TRI,2014-04-02,3082.7318403082727
Nifty PSE TRI,2014-04-03,3043.063344020922
Nifty PSE TRI,2014-04-04,3024.051714603191
Nifty PSE TRI,2014-04-07,3016.5270932163444
Nifty PSE TRI,2014-04-09,3049.224184498447
Nifty PSE TRI,2014-04-10,3083.167709388938
Nifty PSE TRI,2014-04-11,3067.7915925173097
Nifty PSE TRI,2014-04-15,3055.1219372125743
Nifty PSE TRI,2014-04-16,3016.6485896934437
Nifty PSE TRI,2014-04-17,3060.0354400190304
Nifty PSE TRI,2014-04-21,3087.926613520631
Nifty PSE TRI,2014-04-22,3107.911826987003
Nifty PSE TRI,2014-04-23,3106.3532984942685
Nifty PSE TRI,2014-04-25,3078.7910428775435
Nifty PSE TRI,2014-04-28,3062.258217580183
Nifty PSE TRI,2014-04-29,3052.0093045047224
Nifty PSE TRI,2014-04-30,3038.0589986253694
Nifty PSE TRI,2014-05-02,3052.896513181834
Nifty PSE TRI,2014-05-05,3073.0950672941844
Nifty PSE TRI,2014-05-06,3079.096712113496
Nifty PSE TRI,2014-05-07,3076.5687174730438
Nifty PSE TRI,2014-05-08,3078.4400058963906
Nifty PSE TRI,2014-05-09,3181.507450625012
Nifty PSE TRI,2014-05-12,3285.4624508337565
Nifty PSE TRI,2014-05-13,3383.2048731713494
Nifty PSE TRI,2014-05-14,3415.0479020726475
Nifty PSE TRI,2014-05-15,3458.060454807265
Nifty PSE TRI,2014-05-16,3575.0523350256335
Nifty PSE TRI,2014-05-19,3885.262550786861
Nifty PSE TRI,2014-05-20,3830.2179300755693
Nifty PSE TRI,2014-05-21,3834.289634078476
Nifty PSE TRI,2014-05-22,3887.715482511517
Nifty PSE TRI,2014-05-23,4000.172797763632
Nifty PSE TRI,2014-05-26,3942.6999408900238
Nifty PSE TRI,2014-05-27,3834.609486135062
Nifty PSE TRI,2014-05-28,3788.6110688970375
Nifty PSE TRI,2014-05-29,3735.4605517156538
Nifty PSE TRI,2014-05-30,3736.4653004107076
Nifty PSE TRI,2014-06-02,3863.467139464621
Nifty PSE TRI,2014-06-03,3948.756321585834
Nifty PSE TRI,2014-06-04,3949.345842817828
Nifty PSE TRI,2014-06-05,4033.0934999127485
Nifty PSE TRI,2014-06-06,4191.200137917432
Nifty PSE TRI,2014-06-09,4235.280523155147
Nifty PSE TRI,2014-06-10,4167.92092318402
Nifty PSE TRI,2014-06-11,4063.1776522373693
Nifty PSE TRI,2014-06-12,4068.5076148659487
Nifty PSE TRI,2014-06-13,3941.853394007858
Nifty PSE TRI,2014-06-16,3980.9544666101515
Nifty PSE TRI,2014-06-17,4079.9970434196007
Nifty PSE TRI,2014-06-18,4040.943728470821
Nifty PSE TRI,2014-06-19,3943.5065029271836
Nifty PSE TRI,2014-06-20,3925.962262857331
Nifty PSE TRI,2014-06-23,3988.0594725704423
Nifty PSE TRI,2014-06-24,4076.92279876742
Nifty PSE TRI,2014-06-25,4092.270055318702
Nifty PSE TRI,2014-06-26,3979.60937223744
Nifty PSE TRI,2014-06-27,3967.1197976396693
Nifty PSE TRI,2014-06-30,4069.961578185258
Nifty PSE TRI,2014-07-01,4070.344276374382
Nifty PSE TRI,2014-07-02,4134.165672223471
Nifty PSE TRI,2014-07-03,4104.554889182199
Nifty PSE TRI,2014-07-04,4133.216713063376
Nifty PSE TRI,2014-07-07,4136.425340821988
Nifty PSE TRI,2014-07-08,3927.9410301562048
Nifty PSE TRI,2014-07-09,3925.889928431104
Nifty PSE TRI,2014-07-10,3951.4798181223264
Nifty PSE TRI,2014-07-11,3802.2147075639236
Nifty PSE TRI,2014-07-14,3829.395178251338
Nifty PSE TRI,2014-07-15,3903.389265366715
Nifty PSE TRI,2014-07-16,3922.9508499789868
Nifty PSE TRI,2014-07-17,3949.8462521798438
Nifty PSE TRI,2014-07-18,3909.1948892959663
Nifty PSE TRI,2014-07-21,3889.8207932677587
Nifty PSE TRI,2014-07-22,3914.134636019108
Nifty PSE TRI,2014-07-23,3908.8446533432893
Nifty PSE TRI,2014-07-24,3909.3785828879445
Nifty PSE TRI,2014-07-25,3852.4701693945226
Nifty PSE TRI,2014-07-28,3802.3252308712676
Nifty PSE TRI,2014-07-30,3837.5861872735222
Nifty PSE TRI,2014-07-31,3816.046491550078
Nifty PSE TRI,2014-08-01,3743.455710110802
Nifty PSE TRI,2014-08-04,3800.994449717384
Nifty PSE TRI,2014-08-05,3825.8107984030535
Nifty PSE TRI,2014-08-06,3796.9741222867174
Nifty PSE TRI,2014-08-07,3816.9349648324505
Nifty PSE TRI,2014-08-08,3727.8975842330087
Nifty PSE TRI,2014-08-11,3728.6537309773853
Nifty PSE TRI,2014-08-12,3807.803077715878
Nifty PSE TRI,2014-08-13,3758.59110157485
Nifty PSE TRI,2014-08-14,3813.8808362115797
Nifty PSE TRI,2014-08-18,3926.256058004407
Nifty PSE TRI,2014-08-19,3971.6887599776655
Nifty PSE TRI,2014-08-20,3943.6446028217156
Nifty PSE TRI,2014-08-21,3951.260042312479
Nifty PSE TRI,2014-08-22,3927.858322031459
Nifty PSE TRI,2014-08-25,3901.3599397942635
Nifty PSE TRI,2014-08-26,3866.056447307326
Nifty PSE TRI,2014-08-27,3892.3192835186587
Nifty PSE TRI,2014-08-28,3929.5598579498032
Nifty PSE TRI,2014-09-01,4003.245865272049
Nifty PSE TRI,2014-09-02,4021.4166876445724
Nifty PSE TRI,2014-09-03,4010.7096422454356
Nifty PSE TRI,2014-09-04,3997.9459595612243
Nifty PSE TRI,2014-09-05,4018.1756286158
Nifty PSE TRI,2014-09-08,4061.1893241950647
Nifty PSE TRI,2014-09-09,4047.8294449406812
Nifty PSE TRI,2014-09-10,4011.850629246367
Nifty PSE TRI,2014-09-11,3989.8818421182164
Nifty PSE TRI,2014-09-12,3969.6960359224963
Nifty PSE TRI,2014-09-15,3946.4149495784372
Nifty PSE TRI,2014-09-16,3831.438766873998
Nifty PSE TRI,2014-09-17,3827.4752048944397
Nifty PSE TRI,2014-09-18,3893.944224663523
Nifty PSE TRI,2014-09-19,3865.837331085971
Nifty PSE TRI,2014-09-22,3892.6144591837215
Nifty PSE TRI,2014-09-23,3806.7699855507944
Nifty PSE TRI,2014-09-24,3830.5327455495117
Nifty PSE TRI,2014-09-25,3747.7053518831103
Nifty PSE TRI,2014-09-26,3822.492201843177
Nifty PSE TRI,2014-09-29,3812.7571106990727
Nifty PSE TRI,2014-09-30,3802.611948171895
Nifty PSE TRI,2014-10-01,3789.431245491771
Nifty PSE TRI,2014-10-07,3754.5956869979586
Nifty PSE TRI,2014-10-08,3815.2944487490117
Nifty PSE TRI,2014-10-09,3868.953533858579
Nifty PSE TRI,2014-10-10,3818.466977504005
Nifty PSE TRI,2014-10-13,3830.6838715761182
Nifty PSE TRI,2014-10-14,3833.2207313748936
Nifty PSE TRI,2014-10-16,3794.6862379049226
Nifty PSE TRI,2014-10-17,3826.349828167775
Nifty PSE TRI,2014-10-20,3942.85109562263
Nifty PSE TRI,2014-10-21,3975.076045594303
Nifty PSE TRI,2014-10-22,3959.2288602130325
Nifty PSE TRI,2014-10-27,3974.028825032921
Nifty PSE TRI,2014-10-28,3997.965392635816
Nifty PSE TRI,2014-10-29,4006.378839849522
Nifty PSE TRI,2014-10-30,4027.0089675130625
Nifty PSE TRI,2014-10-31,4111.9815043616
Nifty PSE TRI,2014-11-03,4074.095437568169
Nifty PSE TRI,2014-11-05,4054.0616016417207
Nifty PSE TRI,2014-11-07,4060.5850687273414
Nifty PSE TRI,2014-11-10,4041.9033777817654
Nifty PSE TRI,2014-11-11,4032.3421353782264
Nifty PSE TRI,2014-11-12,4003.1628416048684
Nifty PSE TRI,2014-11-13,3948.329945357954
Nifty PSE TRI,2014-11-14,4002.6172140368235
Nifty PSE TRI,2014-11-17,4047.349828585875
Nifty PSE TRI,2014-11-18,4051.863787729416
Nifty PSE TRI,2014-11-19,3996.6855858000454
Nifty PSE TRI,2014-11-20,3974.3928559627493
Nifty PSE TRI,2014-11-21,3986.949720793892
Nifty PSE TRI,2014-11-24,3987.2145800928533
Nifty PSE TRI,2014-11-25,3972.146932773201
Nifty PSE TRI,2014-11-26,3998.0879341568507
Nifty PSE TRI,2014-11-27,4019.8981432623877
Nifty PSE TRI,2014-11-28,4046.3898236256255
Nifty PSE TRI,2014-12-01,3960.373816573289
Nifty PSE TRI,2014-12-02,3933.3265798321904
Nifty PSE TRI,2014-12-03,3982.18616601266
Nifty PSE TRI,2014-12-04,3981.856716456611
Nifty PSE TRI,2014-12-05,3946.80500497251
Nifty PSE TRI,2014-12-08,3923.0009560891385
Nifty PSE TRI,2014-12-09,3836.8181126337363
Nifty PSE TRI,2014-12-10,3858.255422649113
Nifty PSE TRI,2014-12-11,3809.460587804068
Nifty PSE TRI,2014-12-12,3741.5475977262076
Nifty PSE TRI,2014-12-15,3739.528975415701
Nifty PSE TRI,2014-12-16,3668.7605775062757
Nifty PSE TRI,2014-12-17,3690.142029079151
Nifty PSE TRI,2014-12-18,3784.7363015860665
Nifty PSE TRI,2014-12-19,3833.311528556692
Nifty PSE TRI,2014-12-22,3903.068715622505
Nifty PSE TRI,2014-12-23,3881.754519278715
Nifty PSE TRI,2014-12-24,3813.2461542830456
Nifty PSE TRI,2014-12-26,3824.44402429372
Nifty PSE TRI,2014-12-29,3852.0395234220823
Nifty PSE TRI,2014-12-30,3855.1894419048326
Nifty PSE TRI,2014-12-31,3877.7484699974357
Nifty PSE TRI,2015-01-01,3888.860678084412
Nifty PSE TRI,2015-01-02,3916.005195201845
Nifty PSE TRI,2015-01-05,3922.1443661619496
Nifty PSE TRI,2015-01-06,3787.0919134845867
Nifty PSE TRI,2015-01-07,3796.4025085225194
Nifty PSE TRI,2015-01-08,3855.5720013370687
Nifty PSE TRI,2015-01-09,3859.2693724047094
Nifty PSE TRI,2015-01-12,3827.532165725072
Nifty PSE TRI,2015-01-13,3798.433801480016
Nifty PSE TRI,2015-01-14,3807.03986574734
Nifty PSE TRI,2015-01-15,3863.8367286856223
Nifty PSE TRI,2015-01-16,3888.98576669156
Nifty PSE TRI,2015-01-19,3910.9008295434237
Nifty PSE TRI,2015-01-20,3918.426021002676
Nifty PSE TRI,2015-01-21,3916.7253929960275
Nifty PSE TRI,2015-01-22,3935.4997306353116
Nifty PSE TRI,2015-01-23,3935.3837280118823
Nifty PSE TRI,2015-01-27,3948.4095874387463
Nifty PSE TRI,2015-01-28,3978.5005866710203
Nifty PSE TRI,2015-01-29,3987.837599167238
Nifty PSE TRI,2015-01-30,3984.7200314441184
Nifty PSE TRI,2015-02-02,3984.59926375448
Nifty PSE TRI,2015-02-03,3988.529964300746
Nifty PSE TRI,2015-02-04,3993.8273925388007
Nifty PSE TRI,2015-02-05,3937.4775966113884
Nifty PSE TRI,2015-02-06,3892.4884973802937
Nifty PSE TRI,2015-02-09,3845.1165692682534
Nifty PSE TRI,2015-02-10,3867.299282452364
Nifty PSE TRI,2015-02-11,3871.4426777977333
Nifty PSE TRI,2015-02-12,3920.3132280444433
Nifty PSE TRI,2015-02-13,3899.853905598267
Nifty PSE TRI,2015-02-16,3915.0838108152334
Nifty PSE TRI,2015-02-18,3911.182690059606
Nifty PSE TRI,2015-02-19,3931.304566557447
Nifty PSE TRI,2015-02-20,3944.262648223382
Nifty PSE TRI,2015-02-23,3922.627966183292
Nifty PSE TRI,2015-02-24,3910.2522083875347
Nifty PSE TRI,2015-02-25,3907.8895499918276
Nifty PSE TRI,2015-02-26,3903.2280581194386
Nifty PSE TRI,2015-02-27,3998.126580020415
Nifty PSE TRI,2015-03-02,4025.48872689995
Nifty PSE TRI,2015-03-03,3999.043488977086
Nifty PSE TRI,2015-03-04,3939.962606817832
Nifty PSE TRI,2015-03-05,3928.0730762626054
Nifty PSE TRI,2015-03-09,3851.5256203736253
Nifty PSE TRI,2015-03-10,3864.877022755023
Nifty PSE TRI,2015-03-11,3850.67696702952
Nifty PSE TRI,2015-03-12,3886.709669346548
Nifty PSE TRI,2015-03-13,3844.34946932116
Nifty PSE TRI,2015-03-16,3827.86832116788
Nifty PSE TRI,2015-03-17,3864.240430488989
Nifty PSE TRI,2015-03-18,3851.0747083604006
Nifty PSE TRI,2015-03-19,3846.9504541579377
Nifty PSE TRI,2015-03-20,3793.879172302776
Nifty PSE TRI,2015-03-23,3796.786726142714
Nifty PSE TRI,2015-03-24,3819.4123982440487
Nifty PSE TRI,2015-03-25,3773.2844619344582
Nifty PSE TRI,2015-03-26,3720.0221689094337
Nifty PSE TRI,2015-03-27,3703.712690172194
Nifty PSE TRI,2015-03-30,3781.7453359082906
Nifty PSE TRI,2015-03-31,3795.6591406698717
Nifty PSE TRI,2015-04-01,3809.684628348798
Nifty PSE TRI,2015-04-06,3860.085202625187
Nifty PSE TRI,2015-04-07,3867.480326446345
Nifty PSE TRI,2015-04-08,3918.4525492828193
Nifty PSE TRI,2015-04-09,3933.6464372668192
Nifty PSE TRI,2015-04-10,3949.171482841105
Nifty PSE TRI,2015-04-13,3971.274020300597
Nifty PSE TRI,2015-04-15,3934.3088186593777
Nifty PSE TRI,2015-04-16,3946.271119323705
Nifty PSE TRI,2015-04-17,3948.8441935145465
Nifty PSE TRI,2015-04-20,3873.737076358971
Nifty PSE TRI,2015-04-21,3853.3452037864013
Nifty PSE TRI,2015-04-22,3849.320988080956
Nifty PSE TRI,2015-04-23,3840.5712629704044
Nifty PSE TRI,2015-04-24,3821.766468940895
Nifty PSE TRI,2015-04-27,3760.6652366236785
Nifty PSE TRI,2015-04-28,3782.297346119818
Nifty PSE TRI,2015-04-29,3767.9887094365313
Nifty PSE TRI,2015-04-30,3753.0734684170893
Nifty PSE TRI,2015-05-04,3872.017128846579
Nifty PSE TRI,2015-05-05,3902.959074496107
Nifty PSE TRI,2015-05-06,3761.9644430638805
Nifty PSE TRI,2015-05-07,3704.6996760663865
Nifty PSE TRI,2015-05-08,3727.8821627488487
Nifty PSE TRI,2015-05-11,3787.2179946683414
Nifty PSE TRI,2015-05-12,3701.3315346512436
Nifty PSE TRI,2015-05-13,3730.6829799955044
Nifty PSE TRI,2015-05-14,3762.8992936650893
Nifty PSE TRI,2015-05-15,3760.017485571955
Nifty PSE TRI,2015-05-18,3797.6505409462025
Nifty PSE TRI,2015-05-19,3776.4439667333654
Nifty PSE TRI,2015-05-20,3771.965969311049
Nifty PSE TRI,2015-05-21,3784.8805485831886
Nifty PSE TRI,2015-05-22,3810.072124803
Nifty PSE TRI,2015-05-25,3818.8281299449113
Nifty PSE TRI,2015-05-26,3810.99235112823
Nifty PSE TRI,2015-05-27,3865.3228888138756
Nifty PSE TRI,2015-05-28,3866.7955386539684
Nifty PSE TRI,2015-05-29,3919.209662488475
Nifty PSE TRI,2015-06-01,3921.1062648940615
Nifty PSE TRI,2015-06-02,3866.285087773256
Nifty PSE TRI,2015-06-03,3807.875630437117
Nifty PSE TRI,2015-06-04,3799.48324775149
Nifty PSE TRI,2015-06-05,3861.0085853844
Nifty PSE TRI,2015-06-08,3829.8287318620683
Nifty PSE TRI,2015-06-09,3830.914340184586
Nifty PSE TRI,2015-06-10,3861.101256174815
Nifty PSE TRI,2015-06-11,3804.5337277122985
Nifty PSE TRI,2015-06-12,3806.334560912885
Nifty PSE TRI,2015-06-15,3799.0568965175316
Nifty PSE TRI,2015-06-16,3816.2413459415334
Nifty PSE TRI,2015-06-17,3805.4709182838355
Nifty PSE TRI,2015-06-18,3834.9555157912864
Nifty PSE TRI,2015-06-19,3852.8626630264494
Nifty PSE TRI,2015-06-22,3892.091075404258
Nifty PSE TRI,2015-06-23,3926.0045728429814
Nifty PSE TRI,2015-06-24,3908.505979331967
Nifty PSE TRI,2015-06-25,3911.7494552808657
Nifty PSE TRI,2015-06-26,3895.019632812423
Nifty PSE TRI,2015-06-29,3863.580574099494
Nifty PSE TRI,2015-06-30,3885.973281445311
Nifty PSE TRI,2015-07-01,3942.2030435043866
Nifty PSE TRI,2015-07-02,3944.0702551314325
Nifty PSE TRI,2015-07-03,3940.969805233634
Nifty PSE TRI,2015-07-06,3956.8974883355136
Nifty PSE TRI,2015-07-07,3954.1280799208726
Nifty PSE TRI,2015-07-08,3895.30946965588
Nifty PSE TRI,2015-07-09,3868.954630580378
Nifty PSE TRI,2015-07-10,3864.190399818699
Nifty PSE TRI,2015-07-13,3895.3007119887925
Nifty PSE TRI,2015-07-14,3937.7695871899773
Nifty PSE TRI,2015-07-15,3939.1407406786025
Nifty PSE TRI,2015-07-16,3988.966478727074
Nifty PSE TRI,2015-07-17,3986.1971846038246
Nifty PSE TRI,2015-07-20,3979.931870698351
Nifty PSE TRI,2015-07-21,3935.6540301495334
Nifty PSE TRI,2015-07-22,3986.494711413448
Nifty PSE TRI,2015-07-23,3979.025512386994
Nifty PSE TRI,2015-07-24,3950.4383860270223
Nifty PSE TRI,2015-07-27,3879.2500600819103
Nifty PSE TRI,2015-07-28,3873.0980254346805
Nifty PSE TRI,2015-07-29,3872.2538947941807
Nifty PSE TRI,2015-07-30,3888.111153463104
Nifty PSE TRI,2015-07-31,3899.9883674776843
Nifty PSE TRI,2015-08-03,3889.3839303924974
Nifty PSE TRI,2015-08-04,3905.524226642302
Nifty PSE TRI,2015-08-05,3899.812991258381
Nifty PSE TRI,2015-08-06,3895.3183089834943
Nifty PSE TRI,2015-08-07,3884.293861188065
Nifty PSE TRI,2015-08-10,3849.60627904148
Nifty PSE TRI,2015-08-11,3791.8069867637887
Nifty PSE TRI,2015-08-12,3668.0763887225557
Nifty PSE TRI,2015-08-13,3676.904410472375
Nifty PSE TRI,2015-08-14,3693.483841376286
Nifty PSE TRI,2015-08-17,3684.2109782371435
Nifty PSE TRI,2015-08-18,3652.7309923263506
Nifty PSE TRI,2015-08-19,3621.301894242021
Nifty PSE TRI,2015-08-20,3576.4664267972103
Nifty PSE TRI,2015-08-21,3535.6127089950946
Nifty PSE TRI,2015-08-24,3277.1306323615186
Nifty PSE TRI,2015-08-25,3365.1059814869313
Nifty PSE TRI,2015-08-26,3369.488765882404
Nifty PSE TRI,2015-08-27,3432.2715529447337
Nifty PSE TRI,2015-08-28,3464.3650509615622
Nifty PSE TRI,2015-08-31,3460.522994124142
Nifty PSE TRI,2015-09-01,3390.6982767784702
Nifty PSE TRI,2015-09-02,3307.228279220928
Nifty PSE TRI,2015-09-03,3340.3239483428392
Nifty PSE TRI,2015-09-04,3275.965147828916
Nifty PSE TRI,2015-09-07,3220.903688519011
Nifty PSE TRI,2015-09-08,3278.015705508364
Nifty PSE TRI,2015-09-09,3336.965376164075
Nifty PSE TRI,2015-09-10,3329.3713431219667
Nifty PSE TRI,2015-09-11,3315.7305089882193
Nifty PSE TRI,2015-09-14,3379.977120097857
Nifty PSE TRI,2015-09-15,3369.7202115376394
Nifty PSE TRI,2015-09-16,3363.123796046453
Nifty PSE TRI,2015-09-18,3396.7614313205936
Nifty PSE TRI,2015-09-21,3416.0988696373875
Nifty PSE TRI,2015-09-22,3335.8476407291437
Nifty PSE TRI,2015-09-23,3343.1781731118094
Nifty PSE TRI,2015-09-24,3307.2102354711124
Nifty PSE TRI,2015-09-28,3275.1214243164372
Nifty PSE TRI,2015-09-29,3279.507687271094
Nifty PSE TRI,2015-09-30,3357.8113693929536
Nifty PSE TRI,2015-10-01,3351.818205333561
Nifty PSE TRI,2015-10-05,3430.777748183058
Nifty PSE TRI,2015-10-06,3458.343825244431
Nifty PSE TRI,2015-10-07,3489.747558395076
Nifty PSE TRI,2015-10-08,3479.259548710174
Nifty PSE TRI,2015-10-09,3471.2704287090432
Nifty PSE TRI,2015-10-12,3486.4253358600095
Nifty PSE TRI,2015-10-13,3483.381652096017
Nifty PSE TRI,2015-10-14,3463.1610370730764
Nifty PSE TRI,2015-10-15,3518.764184544958
Nifty PSE TRI,2015-10-16,3538.237759095319
Nifty PSE TRI,2015-10-19,3535.897086479635
Nifty PSE TRI,2015-10-20,3526.6270246618355
Nifty PSE TRI,2015-10-21,3516.799282902473
Nifty PSE TRI,2015-10-23,3536.2971746772196
Nifty PSE TRI,2015-10-26,3506.583544923339
Nifty PSE TRI,2015-10-27,3480.4489953679577
Nifty PSE TRI,2015-10-28,3464.826840091228
Nifty PSE TRI,2015-10-29,3402.5170527218197
Nifty PSE TRI,2015-10-30,3405.4183405183953
Nifty PSE TRI,2015-11-02,3411.7306920753467
Nifty PSE TRI,2015-11-03,3447.362657586216
Nifty PSE TRI,2015-11-04,3464.7411808005313
Nifty PSE TRI,2015-11-05,3459.853644804337
Nifty PSE TRI,2015-11-06,3441.492470926778
Nifty PSE TRI,2015-11-09,3417.9673932200167
Nifty PSE TRI,2015-11-10,3319.350275380786
Nifty PSE TRI,2015-11-13,3341.802473330343
Nifty PSE TRI,2015-11-16,3332.5079634410226
Nifty PSE TRI,2015-11-17,3347.2192902733455
Nifty PSE TRI,2015-11-18,3336.6916068473074
Nifty PSE TRI,2015-11-19,3370.0166090921507
Nifty PSE TRI,2015-11-20,3396.659159892693
Nifty PSE TRI,2015-11-23,3389.600307890622
Nifty PSE TRI,2015-11-24,3393.7871948254087
Nifty PSE TRI,2015-11-26,3423.458726128182
Nifty PSE TRI,2015-11-27,3433.837360524145
Nifty PSE TRI,2015-11-30,3430.964989887572
Nifty PSE TRI,2015-12-01,3476.4250462370815
Nifty PSE TRI,2015-12-02,3467.680728273943
Nifty PSE TRI,2015-12-03,3431.7167386696806
Nifty PSE TRI,2015-12-04,3395.6920363561285
Nifty PSE TRI,2015-12-07,3381.596220202058
Nifty PSE TRI,2015-12-08,3311.1887707325527
Nifty PSE TRI,2015-12-09,3270.9587812764703
Nifty PSE TRI,2015-12-10,3302.5964418716576
Nifty PSE TRI,2015-12-11,3269.0012558215208
Nifty PSE TRI,2015-12-14,3284.62351616577
Nifty PSE TRI,2015-12-15,3292.381421411206
Nifty PSE TRI,2015-12-16,3347.814705952147
Nifty PSE TRI,2015-12-17,3370.539857659053
Nifty PSE TRI,2015-12-18,3362.392873750596
Nifty PSE TRI,2015-12-21,3409.201832123108
Nifty PSE TRI,2015-12-22,3400.552624291942
Nifty PSE TRI,2015-12-23,3443.285380068247
Nifty PSE TRI,2015-12-24,3450.7234137885875
Nifty PSE TRI,2015-12-28,3482.8880288513947
Nifty PSE TRI,2015-12-29,3474.463040631724
Nifty PSE TRI,2015-12-30,3470.786500581654
Nifty PSE TRI,2015-12-31,3499.9119755668207
Nifty PSE TRI,2016-01-01,3521.9438380796114
Nifty PSE TRI,2016-01-04,3477.3260320391823
Nifty PSE TRI,2016-01-05,3503.387197009913
Nifty PSE TRI,2016-01-06,3499.9343229212895
Nifty PSE TRI,2016-01-07,3397.971111592874
Nifty PSE TRI,2016-01-08,3434.263880867534
Nifty PSE TRI,2016-01-11,3406.9432464499246
Nifty PSE TRI,2016-01-12,3398.5606314809215
Nifty PSE TRI,2016-01-13,3390.1211553754083
Nifty PSE TRI,2016-01-14,3376.478734683688
Nifty PSE TRI,2016-01-15,3303.763702617535
Nifty PSE TRI,2016-01-18,3229.2934700345177
Nifty PSE TRI,2016-01-19,3237.4012611060703
Nifty PSE TRI,2016-01-20,3171.3110025533215
Nifty PSE TRI,2016-01-21,3119.37005297923
Nifty PSE TRI,2016-01-22,3217.4070215485053
Nifty PSE TRI,2016-01-25,3221.1943331892917
Nifty PSE TRI,2016-01-27,3242.7915739953887
Nifty PSE TRI,2016-01-28,3265.797767329175
Nifty PSE TRI,2016-01-29,3330.184445715064
Nifty PSE TRI,2016-02-01,3329.7956564815313
Nifty PSE TRI,2016-02-02,3239.850676980092
Nifty PSE TRI,2016-02-03,3174.3700250910147
Nifty PSE TRI,2016-02-04,3195.0296878700533
Nifty PSE TRI,2016-02-05,3218.549083519878
Nifty PSE TRI,2016-02-08,3184.5758344931332
Nifty PSE TRI,2016-02-09,3163.947103413428
Nifty PSE TRI,2016-02-10,3136.198814667456
Nifty PSE TRI,2016-02-11,3013.794375393309
Nifty PSE TRI,2016-02-12,2954.535234171867
Nifty PSE TRI,2016-02-15,3070.3285990242507
Nifty PSE TRI,2016-02-16,3022.325172799646
Nifty PSE TRI,2016-02-17,3037.722656411699
Nifty PSE TRI,2016-02-18,3060.8593287517433
Nifty PSE TRI,2016-02-19,3046.6001394885834
Nifty PSE TRI,2016-02-22,3051.760796196307
Nifty PSE TRI,2016-02-23,2984.439820091051
Nifty PSE TRI,2016-02-24,2960.803495584306
Nifty PSE TRI,2016-02-25,2952.253037673096
Nifty PSE TRI,2016-02-26,2986.5596283364252
Nifty PSE TRI,2016-02-29,2927.5220797354236
Nifty PSE TRI,2016-03-01,2995.1110331896753
Nifty PSE TRI,2016-03-02,3029.1514713590554
Nifty PSE TRI,2016-03-03,3066.507796338165
Nifty PSE TRI,2016-03-04,3124.8591194494047
Nifty PSE TRI,2016-03-08,3142.153130551592
Nifty PSE TRI,2016-03-09,3138.1548562398916
Nifty PSE TRI,2016-03-10,3118.266391820804
Nifty PSE TRI,2016-03-11,3107.7527136840617
Nifty PSE TRI,2016-03-14,3093.4440000174964
Nifty PSE TRI,2016-03-15,3098.258546612145
Nifty PSE TRI,2016-03-16,3092.5702320476444
Nifty PSE TRI,2016-03-17,3142.717430918975
Nifty PSE TRI,2016-03-18,3156.4123598229953
Nifty PSE TRI,2016-03-21,3183.0676665821384
Nifty PSE TRI,2016-03-22,3189.857450429911
Nifty PSE TRI,2016-03-23,3183.8915573771596
Nifty PSE TRI,2016-03-28,3171.0265082081805
Nifty PSE TRI,2016-03-29,3153.86936668203
Nifty PSE TRI,2016-03-30,3223.798497767109
Nifty PSE TRI,2016-03-31,3201.0762255493532
Nifty PSE TRI,2016-04-01,3176.8325434775024
Nifty PSE TRI,2016-04-04,3181.9762362498873
Nifty PSE TRI,2016-04-05,3134.551467426106
Nifty PSE TRI,2016-04-06,3153.7754772237877
Nifty PSE TRI,2016-04-07,3171.2021433631703
Nifty PSE TRI,2016-04-08,3194.14420055218
Nifty PSE TRI,2016-04-11,3231.704035416337
Nifty PSE TRI,2016-04-12,3243.7959553453097
Nifty PSE TRI,2016-04-13,3283.9710367613043
Nifty PSE TRI,2016-04-18,3301.125292949103
Nifty PSE TRI,2016-04-20,3320.601761289926
Nifty PSE TRI,2016-04-21,3342.898392870788
Nifty PSE TRI,2016-04-22,3355.4562300045613
Nifty PSE TRI,2016-04-25,3327.2440560818427
Nifty PSE TRI,2016-04-26,3356.9833634702627
Nifty PSE TRI,2016-04-27,3383.008905686164
Nifty PSE TRI,2016-04-28,3312.483793148211
Nifty PSE TRI,2016-04-29,3338.1717404196897
Nifty PSE TRI,2016-05-02,3343.0185398577573
Nifty PSE TRI,2016-05-03,3304.925269104465
Nifty PSE TRI,2016-05-04,3267.7285784885917
Nifty PSE TRI,2016-05-05,3263.609982938214
Nifty PSE TRI,2016-05-06,3277.808617914463
Nifty PSE TRI,2016-05-09,3310.719937001441
Nifty PSE TRI,2016-05-10,3284.051081836501
Nifty PSE TRI,2016-05-11,3263.016842630907
Nifty PSE TRI,2016-05-12,3280.7736032321013
Nifty PSE TRI,2016-05-13,3267.0672428803514
Nifty PSE TRI,2016-05-16,3257.18273919438
Nifty PSE TRI,2016-05-17,3277.313889079622
Nifty PSE TRI,2016-05-18,3281.258511350977
Nifty PSE TRI,2016-05-19,3253.3868467985435
Nifty PSE TRI,2016-05-20,3249.4320187113503
Nifty PSE TRI,2016-05-23,3243.3197404628877
Nifty PSE TRI,2016-05-24,3231.8574886681804
Nifty PSE TRI,2016-05-25,3289.979129818159
Nifty PSE TRI,2016-05-26,3312.49518772103
Nifty PSE TRI,2016-05-27,3361.5991675070154
Nifty PSE TRI,2016-05-30,3378.1446057596404
Nifty PSE TRI,2016-05-31,3357.088243708642
Nifty PSE TRI,2016-06-01,3368.155835827447
Nifty PSE TRI,2016-06-02,3404.352684303499
Nifty PSE TRI,2016-06-03,3413.109883819285
Nifty PSE TRI,2016-06-06,3390.475129885257
Nifty PSE TRI,2016-06-07,3404.1480358488375
Nifty PSE TRI,2016-06-08,3422.2850908886508
Nifty PSE TRI,2016-06-09,3459.5193886891334
Nifty PSE TRI,2016-06-10,3441.391803864062
Nifty PSE TRI,2016-06-13,3421.3514575493837
Nifty PSE TRI,2016-06-14,3414.5187499914878
Nifty PSE TRI,2016-06-15,3465.27478939523
Nifty PSE TRI,2016-06-16,3455.731258099728
Nifty PSE TRI,2016-06-17,3468.1174595121706
Nifty PSE TRI,2016-06-20,3483.406845239022
Nifty PSE TRI,2016-06-21,3484.999225451977
Nifty PSE TRI,2016-06-22,3487.1009101384275
Nifty PSE TRI,2016-06-23,3494.800636536535
Nifty PSE TRI,2016-06-24,3443.7459203771605
Nifty PSE TRI,2016-06-27,3458.6412237700806
Nifty PSE TRI,2016-06-28,3488.2891798015316
Nifty PSE TRI,2016-06-29,3541.4740771766424
Nifty PSE TRI,2016-06-30,3585.3315589068343
Nifty PSE TRI,2016-07-01,3657.8793804586226
Nifty PSE TRI,2016-07-04,3710.060564973931
Nifty PSE TRI,2016-07-05,3691.069973118902
Nifty PSE TRI,2016-07-07,3678.6640951565273
Nifty PSE TRI,2016-07-08,3661.6486138044247
Nifty PSE TRI,2016-07-11,3724.4984894836753
Nifty PSE TRI,2016-07-12,3727.1848062747367
Nifty PSE TRI,2016-07-13,3736.836266732721
Nifty PSE TRI,2016-07-14,3769.8191110757443
Nifty PSE TRI,2016-07-15,3742.6647845717243
Nifty PSE TRI,2016-07-18,3692.2761630801256
Nifty PSE TRI,2016-07-19,3740.1084212271935
Nifty PSE TRI,2016-07-20,3799.2203895712414
Nifty PSE TRI,2016-07-21,3786.050216935533
Nifty PSE TRI,2016-07-22,3824.0401195120457
Nifty PSE TRI,2016-07-25,3885.2816746781755
Nifty PSE TRI,2016-07-26,3858.7946714239256
Nifty PSE TRI,2016-07-27,3874.301513142438
Nifty PSE TRI,2016-07-28,3876.377328681561
Nifty PSE TRI,2016-07-29,3882.9314116765763
Nifty PSE TRI,2016-08-01,3890.35224707027
Nifty PSE TRI,2016-08-02,3874.7393649550786
Nifty PSE TRI,2016-08-03,3833.607794439483
Nifty PSE TRI,2016-08-04,3835.965253888791
Nifty PSE TRI,2016-08-05,3916.6408677245427
Nifty PSE TRI,2016-08-08,3952.1496621521774
Nifty PSE TRI,2016-08-09,3938.405305943162
Nifty PSE TRI,2016-08-10,3882.281700910488
Nifty PSE TRI,2016-08-11,3894.345037832183
Nifty PSE TRI,2016-08-12,3902.778535984787
Nifty PSE TRI,2016-08-16,3930.3945070637105
Nifty PSE TRI,2016-08-17,3950.298261560069
Nifty PSE TRI,2016-08-18,3997.6201396169113
Nifty PSE TRI,2016-08-19,3999.593351624496
Nifty PSE TRI,2016-08-22,3985.3588756132976
Nifty PSE TRI,2016-08-23,3932.368610191345
Nifty PSE TRI,2016-08-24,3966.8182822061967
Nifty PSE TRI,2016-08-25,3966.121239475851
Nifty PSE TRI,2016-08-26,3961.5620821860625
Nifty PSE TRI,2016-08-29,3967.4210554885913
Nifty PSE TRI,2016-08-30,4007.9654326630107
Nifty PSE TRI,2016-08-31,4004.4868239966563
Nifty PSE TRI,2016-09-01,3997.144435037526
Nifty PSE TRI,2016-09-02,4004.232900071326
Nifty PSE TRI,2016-09-06,4035.324359243516
Nifty PSE TRI,2016-09-07,4061.0603961063375
Nifty PSE TRI,2016-09-08,4061.050743927022
Nifty PSE TRI,2016-09-09,4059.6199348874575
Nifty PSE TRI,2016-09-12,3948.605516770143
Nifty PSE TRI,2016-09-14,3955.622239068695
Nifty PSE TRI,2016-09-15,3928.365069990338
Nifty PSE TRI,2016-09-16,3947.9106162987496
Nifty PSE TRI,2016-09-19,3989.724475537597
Nifty PSE TRI,2016-09-20,3993.635248150262
Nifty PSE TRI,2016-09-21,3990.377854517553
Nifty PSE TRI,2016-09-22,4042.7069786700995
Nifty PSE TRI,2016-09-23,4045.483807819886
Nifty PSE TRI,2016-09-26,4024.166107504984
Nifty PSE TRI,2016-09-27,4003.4367018769276
Nifty PSE TRI,2016-09-28,4031.0282632588783
Nifty PSE TRI,2016-09-29,3931.800280667771
Nifty PSE TRI,2016-09-30,3982.1044855411956
Nifty PSE TRI,2016-10-03,4070.710095143905
Nifty PSE TRI,2016-10-04,4126.4464018689305
Nifty PSE TRI,2016-10-05,4130.483836119917
Nifty PSE TRI,2016-10-06,4158.155771889448
Nifty PSE TRI,2016-10-07,4142.14822534018
Nifty PSE TRI,2016-10-10,4130.740977726683
Nifty PSE TRI,2016-10-13,4101.837377183552
Nifty PSE TRI,2016-10-14,4143.197151761414
Nifty PSE TRI,2016-10-17,4134.17808246152
Nifty PSE TRI,2016-10-18,4153.2090637671245
Nifty PSE TRI,2016-10-19,4192.306502585183
Nifty PSE TRI,2016-10-20,4202.109587857108
Nifty PSE TRI,2016-10-21,4211.799853907132
Nifty PSE TRI,2016-10-24,4272.295468289966
Nifty PSE TRI,2016-10-25,4266.19794852542
Nifty PSE TRI,2016-10-26,4236.433354889879
Nifty PSE TRI,2016-10-27,4221.948989735016
Nifty PSE TRI,2016-10-28,4264.154486430184
Nifty PSE TRI,2016-11-01,4300.507418161441
Nifty PSE TRI,2016-11-02,4223.205562770778
Nifty PSE TRI,2016-11-03,4154.337595415215
Nifty PSE TRI,2016-11-04,4115.75979496849
Nifty PSE TRI,2016-11-07,4161.111296796431
Nifty PSE TRI,2016-11-08,4191.814574258228
Nifty PSE TRI,2016-11-09,4186.675333293328
Nifty PSE TRI,2016-11-10,4297.587541083777
Nifty PSE TRI,2016-11-11,4193.806581563143
Nifty PSE TRI,2016-11-15,4116.5374827105725
Nifty PSE TRI,2016-11-16,4108.249678341068
Nifty PSE TRI,2016-11-17,4137.711338190874
Nifty PSE TRI,2016-11-18,4186.139018298612
Nifty PSE TRI,2016-11-21,4083.0746759277677
Nifty PSE TRI,2016-11-22,4111.516261504687
Nifty PSE TRI,2016-11-23,4134.076659593006
Nifty PSE TRI,2016-11-24,4128.07093890419
Nifty PSE TRI,2016-11-25,4192.920670471072
Nifty PSE TRI,2016-11-28,4251.89634067127
Nifty PSE TRI,2016-11-29,4249.097342947761
Nifty PSE TRI,2016-11-30,4279.7946319131215
Nifty PSE TRI,2016-12-01,4224.80497363069
Nifty PSE TRI,2016-12-02,4179.926922569391
Nifty PSE TRI,2016-12-05,4193.75491155337
Nifty PSE TRI,2016-12-06,4218.799290587941
Nifty PSE TRI,2016-12-07,4242.53181208846
Nifty PSE TRI,2016-12-08,4300.297004825718
Nifty PSE TRI,2016-12-09,4302.418127327658
Nifty PSE TRI,2016-12-12,4278.8629328215175
Nifty PSE TRI,2016-12-13,4289.4503272868305
Nifty PSE TRI,2016-12-14,4217.41984948045
Nifty PSE TRI,2016-12-15,4208.721406719459
Nifty PSE TRI,2016-12-16,4176.4459175705315
Nifty PSE TRI,2016-12-19,4189.713142042446
Nifty PSE TRI,2016-12-20,4180.666300112087
Nifty PSE TRI,2016-12-21,4208.940562912458
Nifty PSE TRI,2016-12-22,4142.93370938253
Nifty PSE TRI,2016-12-23,4144.4161155856655
Nifty PSE TRI,2016-12-26,4071.560383115692
Nifty PSE TRI,2016-12-27,4129.5598602857035
Nifty PSE TRI,2016-12-28,4136.596770433569
Nifty PSE TRI,2016-12-29,4199.762799607136
Nifty PSE TRI,2016-12-30,4230.17477047278
Nifty PSE TRI,2017-01-02,4257.786941168954
Nifty PSE TRI,2017-01-03,4336.623587354747
Nifty PSE TRI,2017-01-04,4336.973846433272
Nifty PSE TRI,2017-01-05,4412.445777997096
Nifty PSE TRI,2017-01-06,4393.1457900270225
Nifty PSE TRI,2017-01-09,4353.6289038481045
Nifty PSE TRI,2017-01-10,4384.761643889145
Nifty PSE TRI,2017-01-11,4450.063464008345
Nifty PSE TRI,2017-01-12,4518.813767372001
Nifty PSE TRI,2017-01-13,4518.201906411816
Nifty PSE TRI,2017-01-16,4525.71284495137
Nifty PSE TRI,2017-01-17,4500.8434173037695
Nifty PSE TRI,2017-01-18,4496.502206442487
Nifty PSE TRI,2017-01-19,4546.877309417977
Nifty PSE TRI,2017-01-20,4477.665603597409
Nifty PSE TRI,2017-01-23,4537.952338836634
Nifty PSE TRI,2017-01-24,4599.822056059131
Nifty PSE TRI,2017-01-25,4677.536304360542
Nifty PSE TRI,2017-01-27,4721.724754975107
Nifty PSE TRI,2017-01-30,4689.104831722349
Nifty PSE TRI,2017-01-31,4616.80885277544
Nifty PSE TRI,2017-02-01,4671.484062030876
Nifty PSE TRI,2017-02-02,4701.824859069968
Nifty PSE TRI,2017-02-03,4712.0179212326375
Nifty PSE TRI,2017-02-06,4735.082254921914
Nifty PSE TRI,2017-02-07,4699.222268314755
Nifty PSE TRI,2017-02-08,4744.165234588334
Nifty PSE TRI,2017-02-09,4739.71829391338
Nifty PSE TRI,2017-02-10,4712.525118585486
Nifty PSE TRI,2017-02-13,4706.471719906812
Nifty PSE TRI,2017-02-14,4665.823943262305
Nifty PSE TRI,2017-02-15,4604.197535574889
Nifty PSE TRI,2017-02-16,4627.379532638571
Nifty PSE TRI,2017-02-17,4652.345913857223
Nifty PSE TRI,2017-02-20,4720.540003209653
Nifty PSE TRI,2017-02-21,4752.015112276695
Nifty PSE TRI,2017-02-22,4726.352138919374
Nifty PSE TRI,2017-02-23,4715.231320892999
Nifty PSE TRI,2017-02-27,4686.085443881054
Nifty PSE TRI,2017-02-28,4648.273014613897
Nifty PSE TRI,2017-03-01,4618.737443455706
Nifty PSE TRI,2017-03-02,4556.297384001592
Nifty PSE TRI,2017-03-03,4580.247020647977
Nifty PSE TRI,2017-03-06,4622.37021719212
Nifty PSE TRI,2017-03-07,4632.694200827999
Nifty PSE TRI,2017-03-08,4577.537502149928
Nifty PSE TRI,2017-03-09,4549.879884321954
Nifty PSE TRI,2017-03-10,4539.943556363774
Nifty PSE TRI,2017-03-14,4547.964222674948
Nifty PSE TRI,2017-03-15,4541.3058294960365
Nifty PSE TRI,2017-03-16,4594.0038998588125
Nifty PSE TRI,2017-03-17,4572.550693057352
Nifty PSE TRI,2017-03-20,4585.05315776018
Nifty PSE TRI,2017-03-21,4580.352800346126
Nifty PSE TRI,2017-03-22,4554.28335658703
Nifty PSE TRI,2017-03-23,4609.368752637744
Nifty PSE TRI,2017-03-24,4614.000657434882
Nifty PSE TRI,2017-03-27,4581.116460670351
Nifty PSE TRI,2017-03-28,4581.19547380251
Nifty PSE TRI,2017-03-29,4593.02983436866
Nifty PSE TRI,2017-03-30,4571.55742595764
Nifty PSE TRI,2017-03-31,4621.94776979168
Nifty PSE TRI,2017-04-03,4618.619758828442
Nifty PSE TRI,2017-04-05,4643.111521959267
Nifty PSE TRI,2017-04-06,4685.570831082294
Nifty PSE TRI,2017-04-07,4707.394030469148
Nifty PSE TRI,2017-04-10,4747.103182242264
Nifty PSE TRI,2017-04-11,4812.768494851792
Nifty PSE TRI,2017-04-12,4790.080782002079
Nifty PSE TRI,2017-04-13,4820.399089435573
Nifty PSE TRI,2017-04-17,4791.18071454685
Nifty PSE TRI,2017-04-18,4775.694287534363
Nifty PSE TRI,2017-04-19,4827.20166284928
Nifty PSE TRI,2017-04-20,4805.425594103426
Nifty PSE TRI,2017-04-21,4813.6572499510385
Nifty PSE TRI,2017-04-24,4829.468954529355
Nifty PSE TRI,2017-04-25,4876.035744265327
Nifty PSE TRI,2017-04-26,4831.391649473505
Nifty PSE TRI,2017-04-27,4841.187261053833
Nifty PSE TRI,2017-04-28,4868.3062307221535
Nifty PSE TRI,2017-05-02,4914.903100169032
Nifty PSE TRI,2017-05-03,4902.008747567038
Nifty PSE TRI,2017-05-04,4900.087151063434
Nifty PSE TRI,2017-05-05,4833.581301622948
Nifty PSE TRI,2017-05-08,4851.3176971305365
Nifty PSE TRI,2017-05-09,4877.995130502658
Nifty PSE TRI,2017-05-10,4896.527836688119
Nifty PSE TRI,2017-05-11,4825.139964257423
Nifty PSE TRI,2017-05-12,4830.147899714559
Nifty PSE TRI,2017-05-15,4864.077373496828
Nifty PSE TRI,2017-05-16,4872.846324980281
Nifty PSE TRI,2017-05-17,4865.255077677167
Nifty PSE TRI,2017-05-18,4799.151105155799
Nifty PSE TRI,2017-05-19,4766.458736286808
Nifty PSE TRI,2017-05-22,4700.048992373847
Nifty PSE TRI,2017-05-23,4650.568580588976
Nifty PSE TRI,2017-05-24,4619.706053641843
Nifty PSE TRI,2017-05-25,4653.800479026829
Nifty PSE TRI,2017-05-26,4728.914511753565
Nifty PSE TRI,2017-05-29,4696.719275378144
Nifty PSE TRI,2017-05-30,4697.962424048373
Nifty PSE TRI,2017-05-31,4693.882210096146
Nifty PSE TRI,2017-06-01,4652.2415826146
Nifty PSE TRI,2017-06-02,4645.03210048066
Nifty PSE TRI,2017-06-05,4646.089881692764
Nifty PSE TRI,2017-06-06,4614.042069931613
Nifty PSE TRI,2017-06-07,4625.238447260374
Nifty PSE TRI,2017-06-08,4596.60091995315
Nifty PSE TRI,2017-06-09,4588.9789537539145
Nifty PSE TRI,2017-06-12,4591.241715055423
Nifty PSE TRI,2017-06-13,4592.247268456642
Nifty PSE TRI,2017-06-14,4584.274442967564
Nifty PSE TRI,2017-06-15,4525.613925338555
Nifty PSE TRI,2017-06-16,4544.110409043302
Nifty PSE TRI,2017-06-19,4549.551876735253
Nifty PSE TRI,2017-06-20,4549.97518328815
Nifty PSE TRI,2017-06-21,4501.140153096386
Nifty PSE TRI,2017-06-22,4418.1046018696225
Nifty PSE TRI,2017-06-23,4364.153715241067
Nifty PSE TRI,2017-06-27,4345.158598655792
Nifty PSE TRI,2017-06-28,4361.976317159749
Nifty PSE TRI,2017-06-29,4364.300612061905
Nifty PSE TRI,2017-06-30,4379.208413477657
Nifty PSE TRI,2017-07-03,4417.505631880959
Nifty PSE TRI,2017-07-04,4410.902067375744
Nifty PSE TRI,2017-07-05,4439.565267442155
Nifty PSE TRI,2017-07-06,4441.431517296442
Nifty PSE TRI,2017-07-07,4441.09386079438
Nifty PSE TRI,2017-07-10,4502.573594895605
Nifty PSE TRI,2017-07-11,4497.075023386969
Nifty PSE TRI,2017-07-12,4551.292300277246
Nifty PSE TRI,2017-07-13,4554.269786370337
Nifty PSE TRI,2017-07-14,4565.605579235892
Nifty PSE TRI,2017-07-17,4575.239638994894
Nifty PSE TRI,2017-07-18,4561.150592252057
Nifty PSE TRI,2017-07-19,4606.688829851548
Nifty PSE TRI,2017-07-20,4602.645392592345
Nifty PSE TRI,2017-07-21,4601.504838196096
Nifty PSE TRI,2017-07-24,4595.816745654976
Nifty PSE TRI,2017-07-25,4580.0381581939655
Nifty PSE TRI,2017-07-26,4596.380323451961
Nifty PSE TRI,2017-07-27,4571.072189763412
Nifty PSE TRI,2017-07-28,4567.953589379463
Nifty PSE TRI,2017-07-31,4613.0424241172095
Nifty PSE TRI,2017-08-01,4634.448917459936
Nifty PSE TRI,2017-08-02,4628.0207094267125
Nifty PSE TRI,2017-08-03,4647.745642517697
Nifty PSE TRI,2017-08-04,4785.465223930004
Nifty PSE TRI,2017-08-07,4855.443176944193
Nifty PSE TRI,2017-08-08,4758.328928647418
Nifty PSE TRI,2017-08-09,4733.765256274265
Nifty PSE TRI,2017-08-10,4608.428312899428
Nifty PSE TRI,2017-08-11,4591.526970454017
Nifty PSE TRI,2017-08-14,4656.6125893193885
Nifty PSE TRI,2017-08-16,4662.710282926471
Nifty PSE TRI,2017-08-17,4726.72725427105
Nifty PSE TRI,2017-08-18,4737.868171827608
Nifty PSE TRI,2017-08-21,4646.3057424760755
Nifty PSE TRI,2017-08-22,4679.790885496337
Nifty PSE TRI,2017-08-23,4723.465308647984
Nifty PSE TRI,2017-08-24,4737.986035544788
Nifty PSE TRI,2017-08-28,4771.229568636512
Nifty PSE TRI,2017-08-29,4711.932255214758
Nifty PSE TRI,2017-08-30,4801.045853525303
Nifty PSE TRI,2017-08-31,4811.152996144026
Nifty PSE TRI,2017-09-01,4834.072991657533
Nifty PSE TRI,2017-09-04,4811.871738674061
Nifty PSE TRI,2017-09-05,4847.904116186704
Nifty PSE TRI,2017-09-06,4844.096074927876
Nifty PSE TRI,2017-09-07,4837.083320116789
Nifty PSE TRI,2017-09-08,4793.131453957582
Nifty PSE TRI,2017-09-11,4849.929576315637
Nifty PSE TRI,2017-09-12,4904.3388253831035
Nifty PSE TRI,2017-09-13,4813.984777390084
Nifty PSE TRI,2017-09-14,4803.87693450902
Nifty PSE TRI,2017-09-15,4804.78460280165
Nifty PSE TRI,2017-09-18,4822.958002264934
Nifty PSE TRI,2017-09-19,4859.841439043451
Nifty PSE TRI,2017-09-20,4824.2513264843665
Nifty PSE TRI,2017-09-21,4793.147157588364
Nifty PSE TRI,2017-09-22,4710.078095311839
Nifty PSE TRI,2017-09-25,4688.693402921955
Nifty PSE TRI,2017-09-26,4697.87706558813
Nifty PSE TRI,2017-09-27,4640.849648100105
Nifty PSE TRI,2017-09-28,4664.441497918001
Nifty PSE TRI,2017-09-29,4724.501522735238
Nifty PSE TRI,2017-10-03,4753.033352943712
Nifty PSE TRI,2017-10-04,4781.486345186255
Nifty PSE TRI,2017-10-05,4763.948900149889
Nifty PSE TRI,2017-10-06,4851.595669325677
Nifty PSE TRI,2017-10-09,4810.893392041165
Nifty PSE TRI,2017-10-10,4825.407350534062
Nifty PSE TRI,2017-10-11,4830.93011132886
Nifty PSE TRI,2017-10-12,4857.417904584148
Nifty PSE TRI,2017-10-13,4873.2222238585755
Nifty PSE TRI,2017-10-16,4894.3626697889495
Nifty PSE TRI,2017-10-17,4921.272618762893
Nifty PSE TRI,2017-10-18,4956.248525409862
Nifty PSE TRI,2017-10-19,4906.631589917598
Nifty PSE TRI,2017-10-23,4929.113151030724
Nifty PSE TRI,2017-10-24,4987.30512007618
Nifty PSE TRI,2017-10-25,5044.862245063986
Nifty PSE TRI,2017-10-26,5153.39599815093
Nifty PSE TRI,2017-10-27,5127.323194690693
Nifty PSE TRI,2017-10-30,5162.68278886557
Nifty PSE TRI,2017-10-31,5162.564169852061
Nifty PSE TRI,2017-11-01,5164.726255844754
Nifty PSE TRI,2017-11-02,5182.326652209148
Nifty PSE TRI,2017-11-03,5174.138199406836
Nifty PSE TRI,2017-11-06,5155.474918198908
Nifty PSE TRI,2017-11-07,5095.394629222814
Nifty PSE TRI,2017-11-08,5054.553728793592
Nifty PSE TRI,2017-11-09,5043.603257875674
Nifty PSE TRI,2017-11-10,5023.465613107702
Nifty PSE TRI,2017-11-13,4967.074464656873
Nifty PSE TRI,2017-11-14,4918.365441634524
Nifty PSE TRI,2017-11-15,4877.258728693719
Nifty PSE TRI,2017-11-16,4895.850648116093
Nifty PSE TRI,2017-11-17,4918.953175740132
Nifty PSE TRI,2017-11-20,4965.970928810008
Nifty PSE TRI,2017-11-21,4980.125724645433
Nifty PSE TRI,2017-11-22,4980.403514913227
Nifty PSE TRI,2017-11-23,4990.930208522077
Nifty PSE TRI,2017-11-24,5009.012943715318
Nifty PSE TRI,2017-11-27,5019.576987204408
Nifty PSE TRI,2017-11-28,4987.110645113891
Nifty PSE TRI,2017-11-29,4991.4904416547315
Nifty PSE TRI,2017-11-30,4961.771587092083
Nifty PSE TRI,2017-12-01,4908.3183276919335
Nifty PSE TRI,2017-12-04,4913.474657358953
Nifty PSE TRI,2017-12-05,4884.619506989159
Nifty PSE TRI,2017-12-06,4837.8833761221085
Nifty PSE TRI,2017-12-07,4916.112449056317
Nifty PSE TRI,2017-12-08,4981.514372673509
Nifty PSE TRI,2017-12-11,4978.244693388623
Nifty PSE TRI,2017-12-12,4926.570053171386
Nifty PSE TRI,2017-12-13,4931.360186612151
Nifty PSE TRI,2017-12-14,4957.614216582432
Nifty PSE TRI,2017-12-15,4989.619831511856
Nifty PSE TRI,2017-12-18,5000.897551379025
Nifty PSE TRI,2017-12-19,5051.687405307547
Nifty PSE TRI,2017-12-20,5061.005719582574
Nifty PSE TRI,2017-12-21,5076.016070838696
Nifty PSE TRI,2017-12-22,5102.352923742854
Nifty PSE TRI,2017-12-26,5122.397015688143
Nifty PSE TRI,2017-12-27,5079.3663294237085
Nifty PSE TRI,2017-12-28,5058.577535487146
Nifty PSE TRI,2017-12-29,5052.403559432752
Nifty PSE TRI,2018-01-01,5044.972968566158
Nifty PSE TRI,2018-01-02,5058.350084271518
Nifty PSE TRI,2018-01-03,5052.761133474175
Nifty PSE TRI,2018-01-04,5112.300773210388
Nifty PSE TRI,2018-01-05,5108.359057471519
Nifty PSE TRI,2018-01-08,5146.873900432059
Nifty PSE TRI,2018-01-09,5156.210221929575
Nifty PSE TRI,2018-01-10,5162.610174671409
Nifty PSE TRI,2018-01-11,5144.8039048685405
Nifty PSE TRI,2018-01-12,5149.617267334132
Nifty PSE TRI,2018-01-15,5128.504623401919
Nifty PSE TRI,2018-01-16,5023.583779385019
Nifty PSE TRI,2018-01-17,5050.315841527576
Nifty PSE TRI,2018-01-18,4959.659284998083
Nifty PSE TRI,2018-01-19,4996.14915769738
Nifty PSE TRI,2018-01-22,4995.98655308575
Nifty PSE TRI,2018-01-23,5067.65379792305
Nifty PSE TRI,2018-01-24,5081.404466977249
Nifty PSE TRI,2018-01-25,5065.751091316708
Nifty PSE TRI,2018-01-29,5017.235403411808
Nifty PSE TRI,2018-01-30,5064.639919342028
Nifty PSE TRI,2018-01-31,5046.625495278078
Nifty PSE TRI,2018-02-01,5002.895592181607
Nifty PSE TRI,2018-02-02,4850.770342389467
Nifty PSE TRI,2018-02-05,4865.87956983398
Nifty PSE TRI,2018-02-06,4789.455816570005
Nifty PSE TRI,2018-02-07,4876.367841612065
Nifty PSE TRI,2018-02-08,4862.6279672673245
Nifty PSE TRI,2018-02-09,4849.121928502749
Nifty PSE TRI,2018-02-12,4896.152410558366
Nifty PSE TRI,2018-02-14,4854.530597909236
Nifty PSE TRI,2018-02-15,4876.0611117694125
Nifty PSE TRI,2018-02-16,4818.316002487761
Nifty PSE TRI,2018-02-19,4773.51917182787
Nifty PSE TRI,2018-02-20,4784.623554213052
Nifty PSE TRI,2018-02-21,4774.459236071789
Nifty PSE TRI,2018-02-22,4712.736014904904
Nifty PSE TRI,2018-02-23,4775.517436711476
Nifty PSE TRI,2018-02-26,4825.110859144753
Nifty PSE TRI,2018-02-27,4801.03467844269
Nifty PSE TRI,2018-02-28,4777.308672585795
Nifty PSE TRI,2018-03-01,4789.304139450896
Nifty PSE TRI,2018-03-05,4720.546429809976
Nifty PSE TRI,2018-03-06,4699.695034898806
Nifty PSE TRI,2018-03-07,4658.73026581137
Nifty PSE TRI,2018-03-08,4651.731891440208
Nifty PSE TRI,2018-03-09,4632.46391762651
Nifty PSE TRI,2018-03-12,4706.970347263553
Nifty PSE TRI,2018-03-13,4755.431754602568
Nifty PSE TRI,2018-03-14,4719.053325157062
Nifty PSE TRI,2018-03-15,4706.036747624536
Nifty PSE TRI,2018-03-16,4594.76524735763
Nifty PSE TRI,2018-03-19,4534.844881595403
Nifty PSE TRI,2018-03-20,4509.651751919698
Nifty PSE TRI,2018-03-21,4529.082572291482
Nifty PSE TRI,2018-03-22,4503.4134416166335
Nifty PSE TRI,2018-03-23,4481.81444089876
Nifty PSE TRI,2018-03-26,4493.175615593534
Nifty PSE TRI,2018-03-27,4547.278361924226
Nifty PSE TRI,2018-03-28,4541.975204797974
Nifty PSE TRI,2018-04-02,4545.105711703302
Nifty PSE TRI,2018-04-03,4587.007478444254
Nifty PSE TRI,2018-04-04,4515.172621070718
Nifty PSE TRI,2018-04-05,4571.023171770833
Nifty PSE TRI,2018-04-06,4592.606308608173
Nifty PSE TRI,2018-04-09,4631.60251768373
Nifty PSE TRI,2018-04-10,4651.244965649573
Nifty PSE TRI,2018-04-11,4581.330971752587
Nifty PSE TRI,2018-04-12,4575.019579568388
Nifty PSE TRI,2018-04-13,4569.120998779573
Nifty PSE TRI,2018-04-16,4586.664393650742
Nifty PSE TRI,2018-04-17,4623.049088096508
Nifty PSE TRI,2018-04-18,4611.000873338202
Nifty PSE TRI,2018-04-19,4581.443529877147
Nifty PSE TRI,2018-04-20,4563.594178761272
Nifty PSE TRI,2018-04-23,4572.44757615859
Nifty PSE TRI,2018-04-24,4577.194207102272
Nifty PSE TRI,2018-04-25,4537.089904050785
Nifty PSE TRI,2018-04-26,4528.934778101993
Nifty PSE TRI,2018-04-27,4555.398061817147
Nifty PSE TRI,2018-04-30,4550.402985065758
Nifty PSE TRI,2018-05-02,4500.225629039442
Nifty PSE TRI,2018-05-03,4509.588061985131
Nifty PSE TRI,2018-05-04,4487.275866181344
Nifty PSE TRI,2018-05-07,4532.955443835008
Nifty PSE TRI,2018-05-08,4563.583759163359
Nifty PSE TRI,2018-05-09,4550.092579728264
Nifty PSE TRI,2018-05-10,4535.177786546968
Nifty PSE TRI,2018-05-11,4553.965746445726
Nifty PSE TRI,2018-05-14,4559.747796902608
Nifty PSE TRI,2018-05-15,4547.554102280659
Nifty PSE TRI,2018-05-16,4523.448474989426
Nifty PSE TRI,2018-05-17,4532.643105397492
Nifty PSE TRI,2018-05-18,4469.182751098033
Nifty PSE TRI,2018-05-21,4468.726051861173
Nifty PSE TRI,2018-05-22,4473.059011020678
Nifty PSE TRI,2018-05-23,4370.683784754967
Nifty PSE TRI,2018-05-24,4340.861401242727
Nifty PSE TRI,2018-05-25,4417.521618874698
Nifty PSE TRI,2018-05-28,4526.8824863769105
Nifty PSE TRI,2018-05-29,4541.659349135868
Nifty PSE TRI,2018-05-30,4526.545573018541
Nifty PSE TRI,2018-05-31,4569.083903228995
Nifty PSE TRI,2018-06-01,4503.726687683541
Nifty PSE TRI,2018-06-04,4458.302698254223
Nifty PSE TRI,2018-06-05,4427.453275282992
Nifty PSE TRI,2018-06-06,4461.575795456438
Nifty PSE TRI,2018-06-07,4510.301332298464
Nifty PSE TRI,2018-06-08,4501.110746586313
Nifty PSE TRI,2018-06-11,4494.4853089953995
Nifty PSE TRI,2018-06-12,4498.469500271241
Nifty PSE TRI,2018-06-13,4493.193185933367
Nifty PSE TRI,2018-06-14,4449.62181855239
Nifty PSE TRI,2018-06-15,4387.341398054793
Nifty PSE TRI,2018-06-18,4416.677663114872
Nifty PSE TRI,2018-06-19,4376.76836420914
Nifty PSE TRI,2018-06-20,4359.6021556051655
Nifty PSE TRI,2018-06-21,4342.552230145045
Nifty PSE TRI,2018-06-22,4353.776229719031
Nifty PSE TRI,2018-06-25,4276.587514771881
Nifty PSE TRI,2018-06-26,4283.115660218486
Nifty PSE TRI,2018-06-27,4149.524787053944
Nifty PSE TRI,2018-06-28,4084.970128954028
Nifty PSE TRI,2018-06-29,4192.816907784266
Nifty PSE TRI,2018-07-02,4121.384210212531
Nifty PSE TRI,2018-07-03,4147.0469781196625
Nifty PSE TRI,2018-07-04,4120.03922811756
Nifty PSE TRI,2018-07-05,4116.036867578426
Nifty PSE TRI,2018-07-06,4147.888142878197
Nifty PSE TRI,2018-07-09,4180.54671264149
Nifty PSE TRI,2018-07-10,4219.964100926122
Nifty PSE TRI,2018-07-11,4154.524543823622
Nifty PSE TRI,2018-07-12,4161.229814058784
Nifty PSE TRI,2018-07-13,4140.868845998116
Nifty PSE TRI,2018-07-16,4098.393152902987
Nifty PSE TRI,2018-07-17,4174.001898254284
Nifty PSE TRI,2018-07-18,4178.628033000116
Nifty PSE TRI,2018-07-19,4168.079294450135
Nifty PSE TRI,2018-07-20,4140.7458549894745
Nifty PSE TRI,2018-07-23,4154.801025195923
Nifty PSE TRI,2018-07-24,4219.316678161072
Nifty PSE TRI,2018-07-25,4180.486776968907
Nifty PSE TRI,2018-07-26,4208.3961322279865
Nifty PSE TRI,2018-07-27,4255.303390973729
Nifty PSE TRI,2018-07-30,4309.886104008102
Nifty PSE TRI,2018-07-31,4300.945684837786
Nifty PSE TRI,2018-08-01,4344.479697875103
Nifty PSE TRI,2018-08-02,4371.460070391852
Nifty PSE TRI,2018-08-03,4401.779874103958
Nifty PSE TRI,2018-08-06,4407.915996179132
Nifty PSE TRI,2018-08-07,4384.0807905738075
Nifty PSE TRI,2018-08-08,4383.5429523350695
Nifty PSE TRI,2018-08-09,4401.4798538402265
Nifty PSE TRI,2018-08-10,4383.003341726528
Nifty PSE TRI,2018-08-13,4317.00719122543
Nifty PSE TRI,2018-08-14,4317.179992911581
Nifty PSE TRI,2018-08-16,4312.695677901932
Nifty PSE TRI,2018-08-17,4311.019331855978
Nifty PSE TRI,2018-08-20,4334.616870996761
Nifty PSE TRI,2018-08-21,4347.196767446416
Nifty PSE TRI,2018-08-23,4337.941899002032
Nifty PSE TRI,2018-08-24,4360.248437915933
Nifty PSE TRI,2018-08-27,4427.902175974665
Nifty PSE TRI,2018-08-28,4388.638560790631
Nifty PSE TRI,2018-08-29,4392.814259789565
Nifty PSE TRI,2018-08-30,4418.11748460095
Nifty PSE TRI,2018-08-31,4446.945755140003
Nifty PSE TRI,2018-09-03,4417.103772264297
Nifty PSE TRI,2018-09-04,4329.999785524575
Nifty PSE TRI,2018-09-05,4318.889079808934
Nifty PSE TRI,2018-09-06,4363.30607207385
Nifty PSE TRI,2018-09-07,4375.603471308839
Nifty PSE TRI,2018-09-10,4321.364367475805
Nifty PSE TRI,2018-09-11,4269.034916024514
Nifty PSE TRI,2018-09-12,4272.131117939765
Nifty PSE TRI,2018-09-14,4378.510962534819
Nifty PSE TRI,2018-09-17,4382.38675478723
Nifty PSE TRI,2018-09-18,4327.168272078442
Nifty PSE TRI,2018-09-19,4368.337730037012
Nifty PSE TRI,2018-09-21,4393.852213454956
Nifty PSE TRI,2018-09-24,4331.673581134872
Nifty PSE TRI,2018-09-25,4308.052073543513
Nifty PSE TRI,2018-09-26,4326.160904979795
Nifty PSE TRI,2018-09-27,4304.688432755359
Nifty PSE TRI,2018-09-28,4258.15743174271
Nifty PSE TRI,2018-10-01,4302.323625984129
Nifty PSE TRI,2018-10-03,4342.206080678572
Nifty PSE TRI,2018-10-04,4171.348029235439
Nifty PSE TRI,2018-10-05,3835.9444506050295
Nifty PSE TRI,2018-10-08,3877.4126684642715
Nifty PSE TRI,2018-10-09,3837.2215059929877
Nifty PSE TRI,2018-10-10,3911.331519591211
Nifty PSE TRI,2018-10-11,3956.9026826725117
Nifty PSE TRI,2018-10-12,4050.3040869366946
Nifty PSE TRI,2018-10-15,4063.098986516325
Nifty PSE TRI,2018-10-16,4091.393406790361
Nifty PSE TRI,2018-10-17,4032.393879101965
Nifty PSE TRI,2018-10-19,4023.5373886983357
Nifty PSE TRI,2018-10-22,3991.5907506478516
Nifty PSE TRI,2018-10-23,4002.1633851301067
Nifty PSE TRI,2018-10-24,4046.941938250534
Nifty PSE TRI,2018-10-25,4025.708886674562
Nifty PSE TRI,2018-10-26,3997.3435564596234
Nifty PSE TRI,2018-10-29,4076.9537282124666
Nifty PSE TRI,2018-10-30,4029.467001794726
Nifty PSE TRI,2018-10-31,4056.588945105204
Nifty PSE TRI,2018-11-01,4086.831014502717
Nifty PSE TRI,2018-11-02,4155.018857065368
Nifty PSE TRI,2018-11-05,4087.4565293289934
Nifty PSE TRI,2018-11-06,4087.9726349237308
Nifty PSE TRI,2018-11-07,4110.434191105703
Nifty PSE TRI,2018-11-09,4148.110458590953
Nifty PSE TRI,2018-11-12,4065.6991190991225
Nifty PSE TRI,2018-11-13,4116.120900584293
Nifty PSE TRI,2018-11-14,4148.972724886486
Nifty PSE TRI,2018-11-15,4145.173859353026
Nifty PSE TRI,2018-11-16,4095.4171286766896
Nifty PSE TRI,2018-11-19,4090.6668445290047
Nifty PSE TRI,2018-11-20,4059.0769101088417
Nifty PSE TRI,2018-11-21,4047.167761053089
Nifty PSE TRI,2018-11-22,3999.664776460878
Nifty PSE TRI,2018-11-26,3980.093832457728
Nifty PSE TRI,2018-11-27,3993.752250007018
Nifty PSE TRI,2018-11-28,3905.6357018742697
Nifty PSE TRI,2018-11-29,3895.4512491686683
Nifty PSE TRI,2018-11-30,3858.60152278875
Nifty PSE TRI,2018-12-03,3924.9156274157017
Nifty PSE TRI,2018-12-04,3957.017811081635
Nifty PSE TRI,2018-12-05,3882.854256544549
Nifty PSE TRI,2018-12-06,3837.3375031990026
Nifty PSE TRI,2018-12-07,3798.8442513385867
Nifty PSE TRI,2018-12-10,3774.0748958342297
Nifty PSE TRI,2018-12-11,3787.3714173546746
Nifty PSE TRI,2018-12-12,3851.9366003992714
Nifty PSE TRI,2018-12-13,3870.349163961354
Nifty PSE TRI,2018-12-14,3932.8846738533216
Nifty PSE TRI,2018-12-17,3993.985252421964
Nifty PSE TRI,2018-12-18,4031.473441062367
Nifty PSE TRI,2018-12-19,4067.7640715750003
Nifty PSE TRI,2018-12-20,4082.772034559115
Nifty PSE TRI,2018-12-21,4055.324118613669
Nifty PSE TRI,2018-12-24,4007.785519380094
Nifty PSE TRI,2018-12-26,4012.3582101574075
Nifty PSE TRI,2018-12-27,4038.7401435716647
Nifty PSE TRI,2018-12-28,4069.517995820095
Nifty PSE TRI,2018-12-31,4079.37032115244
Nifty PSE TRI,2019-01-01,4085.243045268999
Nifty PSE TRI,2019-01-02,4024.1883565208973
Nifty PSE TRI,2019-01-03,3960.597235304932
Nifty PSE TRI,2019-01-04,4010.767023864655
Nifty PSE TRI,2019-01-07,4033.3155943707466
Nifty PSE TRI,2019-01-08,4019.257984571424
Nifty PSE TRI,2019-01-09,3969.3697202823646
Nifty PSE TRI,2019-01-10,3952.595952335941
Nifty PSE TRI,2019-01-11,3952.0200980612985
Nifty PSE TRI,2019-01-14,3915.6558358577863
Nifty PSE TRI,2019-01-15,3949.052725315809
Nifty PSE TRI,2019-01-16,3959.621555010694
Nifty PSE TRI,2019-01-17,3975.614155619339
Nifty PSE TRI,2019-01-18,3953.5895036963543
Nifty PSE TRI,2019-01-21,3922.8727940676026
Nifty PSE TRI,2019-01-22,3918.97951843587
Nifty PSE TRI,2019-01-23,3892.3627023778577
Nifty PSE TRI,2019-01-24,3887.26126251163
Nifty PSE TRI,2019-01-25,3866.124300390085
Nifty PSE TRI,2019-01-28,3853.4632041963437
Nifty PSE TRI,2019-01-29,3832.1974569605227
Nifty PSE TRI,2019-01-30,3833.783289178859
Nifty PSE TRI,2019-01-31,3868.838572754329
Nifty PSE TRI,2019-02-01,3876.096102308769
Nifty PSE TRI,2019-02-04,3841.232064088205
Nifty PSE TRI,2019-02-05,3797.3934797724933
Nifty PSE TRI,2019-02-06,3849.0514538855464
Nifty PSE TRI,2019-02-07,3866.2656004352666
Nifty PSE TRI,2019-02-08,3780.907256690674
Nifty PSE TRI,2019-02-11,3745.8258081397894
Nifty PSE TRI,2019-02-12,3761.3489013637372
Nifty PSE TRI,2019-02-14,3630.8706685497777
Nifty PSE TRI,2019-02-15,3695.3462277598564
Nifty PSE TRI,2019-02-18,3689.635109272249
Nifty PSE TRI,2019-02-19,3705.6445776218434
Nifty PSE TRI,2019-02-20,3780.4127118654455
Nifty PSE TRI,2019-02-21,3792.0824611522685
Nifty PSE TRI,2019-02-22,3845.0033158835304
Nifty PSE TRI,2019-02-25,3837.447098287525
Nifty PSE TRI,2019-02-26,3858.4880634155793
Nifty PSE TRI,2019-02-27,3852.4052786344946
Nifty PSE TRI,2019-02-28,3906.499789512895
Nifty PSE TRI,2019-03-01,3970.087963065017
Nifty PSE TRI,2019-03-05,4094.7618677734235
Nifty PSE TRI,2019-03-06,4131.607484806182
Nifty PSE TRI,2019-03-07,4085.643818580895
Nifty PSE TRI,2019-03-08,4090.393458261649
Nifty PSE TRI,2019-03-11,4196.310963983935
Nifty PSE TRI,2019-03-12,4204.274023247131
Nifty PSE TRI,2019-03-13,4164.585924234168
Nifty PSE TRI,2019-03-14,4184.764342727442
Nifty PSE TRI,2019-03-15,4279.57903555604
Nifty PSE TRI,2019-03-18,4318.860343402369
Nifty PSE TRI,2019-03-19,4364.102084451632
Nifty PSE TRI,2019-03-20,4246.9636494107845
Nifty PSE TRI,2019-03-22,4218.614110771118
Nifty PSE TRI,2019-03-25,4305.89532602135
Nifty PSE TRI,2019-03-26,4343.349370358823
Nifty PSE TRI,2019-03-27,4297.518924415573
Nifty PSE TRI,2019-03-28,4290.303280696752
Nifty PSE TRI,2019-04-01,4318.348026143325
Nifty PSE TRI,2019-04-02,4329.903209922453
Nifty PSE TRI,2019-04-03,4271.514529403913
Nifty PSE TRI,2019-04-04,4260.538557242074
Nifty PSE TRI,2019-04-05,4274.817631488488
Nifty PSE TRI,2019-04-08,4236.186911717282
Nifty PSE TRI,2019-04-09,4265.553321859232
Nifty PSE TRI,2019-04-10,4258.874145213848
Nifty PSE TRI,2019-04-11,4272.12890431688
Nifty PSE TRI,2019-04-12,4290.5964255232675
Nifty PSE TRI,2019-04-15,4301.406350473589
Nifty PSE TRI,2019-04-16,4317.213896992489
Nifty PSE TRI,2019-04-18,4311.432539486597
Nifty PSE TRI,2019-04-22,4226.4338774757125
Nifty PSE TRI,2019-04-23,4229.145243100155
Nifty PSE TRI,2019-04-24,4286.801231413882
Nifty PSE TRI,2019-04-25,4271.746692044922
Nifty PSE TRI,2019-04-26,4293.931295159369
Nifty PSE TRI,2019-04-30,4316.145023977588
Nifty PSE TRI,2019-05-02,4307.020224622189
Nifty PSE TRI,2019-05-03,4317.505823079925
Nifty PSE TRI,2019-05-06,4312.312157929097
Nifty PSE TRI,2019-05-07,4267.808582673073
Nifty PSE TRI,2019-05-08,4218.138982076494
Nifty PSE TRI,2019-05-09,4173.562217284476
Nifty PSE TRI,2019-05-10,4138.0859753668465
Nifty PSE TRI,2019-05-13,4058.953305453716
Nifty PSE TRI,2019-05-14,4089.1054641291425
Nifty PSE TRI,2019-05-15,4045.412739646031
Nifty PSE TRI,2019-05-16,4105.0242472149675
Nifty PSE TRI,2019-05-17,4118.968095635913
Nifty PSE TRI,2019-05-20,4292.39869464428
Nifty PSE TRI,2019-05-21,4207.8131598630625
Nifty PSE TRI,2019-05-22,4250.143492963542
Nifty PSE TRI,2019-05-23,4255.7174053428025
Nifty PSE TRI,2019-05-24,4315.557713759943
Nifty PSE TRI,2019-05-27,4398.607814919367
Nifty PSE TRI,2019-05-28,4423.4620241820185
Nifty PSE TRI,2019-05-29,4392.272759003525
Nifty PSE TRI,2019-05-30,4432.388863848171
Nifty PSE TRI,2019-05-31,4443.814204432879
Nifty PSE TRI,2019-06-03,4491.417090218636
Nifty PSE TRI,2019-06-04,4482.233829261579
Nifty PSE TRI,2019-06-06,4424.269038860457
Nifty PSE TRI,2019-06-07,4410.578286850347
Nifty PSE TRI,2019-06-10,4365.479445398318
Nifty PSE TRI,2019-06-11,4398.99434301155
Nifty PSE TRI,2019-06-12,4377.812909260415
Nifty PSE TRI,2019-06-13,4384.254806619701
Nifty PSE TRI,2019-06-14,4373.597441574245
Nifty PSE TRI,2019-06-17,4302.2966782950025
Nifty PSE TRI,2019-06-18,4350.979784293793
Nifty PSE TRI,2019-06-19,4347.743317982878
Nifty PSE TRI,2019-06-20,4399.236532270994
Nifty PSE TRI,2019-06-21,4377.189738485959
Nifty PSE TRI,2019-06-24,4360.295997053917
Nifty PSE TRI,2019-06-25,4419.66335271304
Nifty PSE TRI,2019-06-26,4465.944426009205
Nifty PSE TRI,2019-06-27,4471.910957970925
Nifty PSE TRI,2019-06-28,4455.40154412054
Nifty PSE TRI,2019-07-01,4399.036446172779
Nifty PSE TRI,2019-07-02,4438.145350309875
Nifty PSE TRI,2019-07-03,4456.237511838804
Nifty PSE TRI,2019-07-04,4464.3388505927205
Nifty PSE TRI,2019-07-05,4344.0997072068685
Nifty PSE TRI,2019-07-08,4180.834257291451
Nifty PSE TRI,2019-07-09,4191.296588423405
Nifty PSE TRI,2019-07-10,4171.401982677163
Nifty PSE TRI,2019-07-11,4193.814343296024
Nifty PSE TRI,2019-07-12,4157.455093199945
Nifty PSE TRI,2019-07-15,4149.151076056562
Nifty PSE TRI,2019-07-16,4210.478709565055
Nifty PSE TRI,2019-07-17,4174.901249158179
Nifty PSE TRI,2019-07-18,4085.521847122094
Nifty PSE TRI,2019-07-19,4090.4947585592076
Nifty PSE TRI,2019-07-22,4112.861450422946
Nifty PSE TRI,2019-07-23,4119.179928388607
Nifty PSE TRI,2019-07-24,4063.625965722676
Nifty PSE TRI,2019-07-25,4022.9540723307764
Nifty PSE TRI,2019-07-26,4002.5378502966805
Nifty PSE TRI,2019-07-29,3936.1449363079737
Nifty PSE TRI,2019-07-30,3877.931182151201
Nifty PSE TRI,2019-07-31,3933.991125731269
Nifty PSE TRI,2019-08-01,3907.0889157535335
Nifty PSE TRI,2019-08-02,3838.6648296993944
Nifty PSE TRI,2019-08-05,3771.8403943751096
Nifty PSE TRI,2019-08-06,3806.479517180221
Nifty PSE TRI,2019-08-07,3760.9292252951163
Nifty PSE TRI,2019-08-08,3822.081046275141
Nifty PSE TRI,2019-08-09,3811.588407068071
Nifty PSE TRI,2019-08-13,3721.333498710928
Nifty PSE TRI,2019-08-14,3751.588074153645
Nifty PSE TRI,2019-08-16,3778.068817531565
Nifty PSE TRI,2019-08-19,3748.9443821898444
Nifty PSE TRI,2019-08-20,3699.4985205301978
Nifty PSE TRI,2019-08-21,3619.8457807247933
Nifty PSE TRI,2019-08-22,3522.5128971344643
Nifty PSE TRI,2019-08-23,3628.5895491112187
Nifty PSE TRI,2019-08-26,3684.4265842142127
Nifty PSE TRI,2019-08-27,3756.2322758570913
Nifty PSE TRI,2019-08-28,3692.0195280219486
Nifty PSE TRI,2019-08-29,3722.3025622069867
Nifty PSE TRI,2019-08-30,3705.7319457014837
Nifty PSE TRI,2019-09-03,3617.0318742790273
Nifty PSE TRI,2019-09-04,3668.1274982551327
Nifty PSE TRI,2019-09-05,3782.9971052724754
Nifty PSE TRI,2019-09-06,3845.37172169748
Nifty PSE TRI,2019-09-09,3855.639751625769
Nifty PSE TRI,2019-09-11,3827.999198247044
Nifty PSE TRI,2019-09-12,3801.012571621494
Nifty PSE TRI,2019-09-13,3881.909034657143
Nifty PSE TRI,2019-09-16,3845.706169902687
Nifty PSE TRI,2019-09-17,3773.818055425069
Nifty PSE TRI,2019-09-18,3796.3070096865818
Nifty PSE TRI,2019-09-19,3750.193771215773
Nifty PSE TRI,2019-09-20,3865.859126428847
Nifty PSE TRI,2019-09-23,3958.366099467529
Nifty PSE TRI,2019-09-24,3922.1135343937826
Nifty PSE TRI,2019-09-25,3921.643522042801
Nifty PSE TRI,2019-09-26,4020.6366756952616
Nifty PSE TRI,2019-09-27,3971.4491283531534
Nifty PSE TRI,2019-09-30,3976.790832681874
Nifty PSE TRI,2019-10-01,3979.8183881626073
Nifty PSE TRI,2019-10-03,4012.974988334371
Nifty PSE TRI,2019-10-04,3987.922273140135
Nifty PSE TRI,2019-10-07,3908.3898540618256
Nifty PSE TRI,2019-10-09,3935.0481907598532
Nifty PSE TRI,2019-10-10,3912.6178050035414
Nifty PSE TRI,2019-10-11,3910.980544633257
Nifty PSE TRI,2019-10-14,3952.8838695189656
Nifty PSE TRI,2019-10-15,4006.782107467416
Nifty PSE TRI,2019-10-16,4046.511578069426
Nifty PSE TRI,2019-10-17,4073.6654051289397
Nifty PSE TRI,2019-10-18,4171.465717003417
Nifty PSE TRI,2019-10-22,4191.56381524998
Nifty PSE TRI,2019-10-23,4173.367053575608
Nifty PSE TRI,2019-10-24,4102.241392501796
Nifty PSE TRI,2019-10-25,4116.088758791345
Nifty PSE TRI,2019-10-29,4180.526598841807
Nifty PSE TRI,2019-10-30,4216.251390840643
Nifty PSE TRI,2019-10-31,4237.42224133043
Nifty PSE TRI,2019-11-01,4215.3471744889075
Nifty PSE TRI,2019-11-04,4224.497327915319
Nifty PSE TRI,2019-11-05,4186.192405352409
Nifty PSE TRI,2019-11-06,4183.89454356081
Nifty PSE TRI,2019-11-07,4148.163009978213
Nifty PSE TRI,2019-11-08,4058.770365038061
Nifty PSE TRI,2019-11-11,4106.929011952174
Nifty PSE TRI,2019-11-13,4045.816874170135
Nifty PSE TRI,2019-11-14,4028.382264085079
Nifty PSE TRI,2019-11-15,4000.8604883859025
Nifty PSE TRI,2019-11-18,4025.596852746858
Nifty PSE TRI,2019-11-19,4043.398730240898
Nifty PSE TRI,2019-11-20,4072.8902658661264
Nifty PSE TRI,2019-11-21,3993.6254203516387
Nifty PSE TRI,2019-11-22,4025.5783522772404
Nifty PSE TRI,2019-11-25,4028.2408612084396
Nifty PSE TRI,2019-11-26,3978.3606243873423
Nifty PSE TRI,2019-11-27,3996.9687052715126
Nifty PSE TRI,2019-11-28,4033.981545694683
Nifty PSE TRI,2019-11-29,4014.9894344953514
Nifty PSE TRI,2019-12-02,3977.142780721381
Nifty PSE TRI,2019-12-03,3936.839710465938
Nifty PSE TRI,2019-12-04,3943.9402196226
Nifty PSE TRI,2019-12-05,3904.676002181523
Nifty PSE TRI,2019-12-06,3846.5636721345677
Nifty PSE TRI,2019-12-09,3861.7561239060988
Nifty PSE TRI,2019-12-10,3781.389187201869
Nifty PSE TRI,2019-12-11,3825.195384864716
Nifty PSE TRI,2019-12-12,3867.221347923943
Nifty PSE TRI,2019-12-13,3908.3285602114083
Nifty PSE TRI,2019-12-16,3884.9663822012385
Nifty PSE TRI,2019-12-17,3900.63511464696
Nifty PSE TRI,2019-12-18,3886.1693742849034
Nifty PSE TRI,2019-12-19,3891.1779415753304
Nifty PSE TRI,2019-12-20,3903.213706308289
Nifty PSE TRI,2019-12-23,3893.8332740931187
Nifty PSE TRI,2019-12-24,3893.2334356420524
Nifty PSE TRI,2019-12-26,3881.920680580025
Nifty PSE TRI,2019-12-27,3943.355919436887
Nifty PSE TRI,2019-12-30,3949.8917495132646
Nifty PSE TRI,2019-12-31,3980.5067884885425
Nifty PSE TRI,2020-01-01,4004.0934071723127
Nifty PSE TRI,2020-01-02,4035.2713731044582
Nifty PSE TRI,2020-01-03,4010.2491573640054
Nifty PSE TRI,2020-01-06,3932.0767127445492
Nifty PSE TRI,2020-01-07,3931.416870404018
Nifty PSE TRI,2020-01-08,3887.8024906753217
Nifty PSE TRI,2020-01-09,3929.78826302885
Nifty PSE TRI,2020-01-10,3959.373031223318
Nifty PSE TRI,2020-01-13,4015.121982436079
Nifty PSE TRI,2020-01-14,4034.0390602533757
Nifty PSE TRI,2020-01-15,4044.9320950389297
Nifty PSE TRI,2020-01-16,4011.7372456731523
Nifty PSE TRI,2020-01-17,3993.359057540462
Nifty PSE TRI,2020-01-20,3955.997395697507
Nifty PSE TRI,2020-01-21,3919.9440256577973
Nifty PSE TRI,2020-01-22,3833.045177589452
Nifty PSE TRI,2020-01-23,3894.3418200907536
Nifty PSE TRI,2020-01-24,3909.6800577656127
Nifty PSE TRI,2020-01-27,3870.6769162522864
Nifty PSE TRI,2020-01-28,3854.3761402663363
Nifty PSE TRI,2020-01-29,3878.55488686538
Nifty PSE TRI,2020-01-30,3843.4628604092054
Nifty PSE TRI,2020-01-31,3725.3525603100234
Nifty PSE TRI,2020-02-03,3608.0850443955374
Nifty PSE TRI,2020-02-04,3722.0320854856095
Nifty PSE TRI,2020-02-05,3769.1533035507823
Nifty PSE TRI,2020-02-06,3802.0580263983215
Nifty PSE TRI,2020-02-07,3830.4528838245687
Nifty PSE TRI,2020-02-10,3763.685265661766
Nifty PSE TRI,2020-02-11,3787.3222486845
Nifty PSE TRI,2020-02-12,3775.948013478558
Nifty PSE TRI,2020-02-13,3749.0439896716234
Nifty PSE TRI,2020-02-14,3684.828449676039
Nifty PSE TRI,2020-02-17,3612.367893391323
Nifty PSE TRI,2020-02-18,3613.4168315157804
Nifty PSE TRI,2020-02-19,3681.8034609988913
Nifty PSE TRI,2020-02-20,3681.557331732693
Nifty PSE TRI,2020-02-24,3595.3804079328147
Nifty PSE TRI,2020-02-25,3574.5098445979993
Nifty PSE TRI,2020-02-26,3508.248595270901
Nifty PSE TRI,2020-02-27,3467.800920594849
Nifty PSE TRI,2020-02-28,3364.365942773849
Nifty PSE TRI,2020-03-02,3314.7515190463278
Nifty PSE TRI,2020-03-03,3440.7879085444197
Nifty PSE TRI,2020-03-04,3440.4010284026863
Nifty PSE TRI,2020-03-05,3421.242039744741
Nifty PSE TRI,2020-03-06,3320.5426735611245
Nifty PSE TRI,2020-03-09,3173.477190401192
Nifty PSE TRI,2020-03-11,3128.5992546921325
Nifty PSE TRI,2020-03-12,2812.5083040888962
Nifty PSE TRI,2020-03-13,2949.8156826163968
Nifty PSE TRI,2020-03-16,2780.0987383539705
Nifty PSE TRI,2020-03-17,2770.5518476144866
Nifty PSE TRI,2020-03-18,2684.9811048800693
Nifty PSE TRI,2020-03-19,2553.385016660626
Nifty PSE TRI,2020-03-20,2750.3380540968897
Nifty PSE TRI,2020-03-23,2516.1134070471085
Nifty PSE TRI,2020-03-24,2496.4326469442494
Nifty PSE TRI,2020-03-25,2522.59534874235
Nifty PSE TRI,2020-03-26,2583.1952308891923
Nifty PSE TRI,2020-03-27,2609.119187728491
Nifty PSE TRI,2020-03-30,2594.8781534405553
Nifty PSE TRI,2020-03-31,2748.349992042488
Nifty PSE TRI,2020-04-01,2664.7446497197534
Nifty PSE TRI,2020-04-03,2692.294403494991
Nifty PSE TRI,2020-04-07,2800.380766367374
Nifty PSE TRI,2020-04-08,2809.9467838493906
Nifty PSE TRI,2020-04-09,2894.9047518919633
Nifty PSE TRI,2020-04-13,2896.184516096558
Nifty PSE TRI,2020-04-15,2911.2379992382994
Nifty PSE TRI,2020-04-16,2969.2161760779304
Nifty PSE TRI,2020-04-17,3015.2721969083195
Nifty PSE TRI,2020-04-20,3016.754103432097
Nifty PSE TRI,2020-04-21,2919.5665408836935
Nifty PSE TRI,2020-04-22,2909.9434450219965
Nifty PSE TRI,2020-04-23,2897.3351773117233
Nifty PSE TRI,2020-04-24,2851.5296212871176
Nifty PSE TRI,2020-04-27,2864.667523892475
Nifty PSE TRI,2020-04-28,2847.5750223516034
Nifty PSE TRI,2020-04-29,2893.9709604658847
Nifty PSE TRI,2020-04-30,3033.9683943883706
Nifty PSE TRI,2020-05-04,2905.213369423176
Nifty PSE TRI,2020-05-05,2910.0135909024953
Nifty PSE TRI,2020-05-06,2911.454619201913
Nifty PSE TRI,2020-05-07,2836.6155679875133
Nifty PSE TRI,2020-05-08,2785.3488278583177
Nifty PSE TRI,2020-05-11,2782.6154284687145
Nifty PSE TRI,2020-05-12,2795.0026133562515
Nifty PSE TRI,2020-05-13,2877.2913545125666
Nifty PSE TRI,2020-05-14,2804.3442311174517
Nifty PSE TRI,2020-05-15,2825.201445332296
Nifty PSE TRI,2020-05-18,2687.733067856824
Nifty PSE TRI,2020-05-19,2721.975878111883
Nifty PSE TRI,2020-05-20,2769.612405472103
Nifty PSE TRI,2020-05-21,2770.6091387411493
Nifty PSE TRI,2020-05-22,2752.8593895330346
Nifty PSE TRI,2020-05-26,2782.6351845401296
Nifty PSE TRI,2020-05-27,2831.0457270757183
Nifty PSE TRI,2020-05-28,2859.898416834159
Nifty PSE TRI,2020-05-29,2952.3125897368773
Nifty PSE TRI,2020-06-01,3007.258076248253
Nifty PSE TRI,2020-06-02,3014.005850955471
Nifty PSE TRI,2020-06-03,3019.320695720731
Nifty PSE TRI,2020-06-04,3026.2573634481128
Nifty PSE TRI,2020-06-05,3118.1651243456254
Nifty PSE TRI,2020-06-08,3206.404273701577
Nifty PSE TRI,2020-06-09,3161.9107445553323
Nifty PSE TRI,2020-06-10,3136.368848493604
Nifty PSE TRI,2020-06-11,3089.245038503107
Nifty PSE TRI,2020-06-12,3070.6803504521445
Nifty PSE TRI,2020-06-15,3015.9071892563247
Nifty PSE TRI,2020-06-16,3006.628103386566
Nifty PSE TRI,2020-06-17,2995.1643527158067
Nifty PSE TRI,2020-06-18,3064.9380246119954
Nifty PSE TRI,2020-06-19,3110.447619508258
Nifty PSE TRI,2020-06-22,3196.583720181552
Nifty PSE TRI,2020-06-23,3264.02250997387
Nifty PSE TRI,2020-06-24,3183.7201037919917
Nifty PSE TRI,2020-06-25,3162.8982326199316
Nifty PSE TRI,2020-06-26,3223.4186523969975
Nifty PSE TRI,2020-06-29,3151.3899379006766
Nifty PSE TRI,2020-06-30,3114.7596681862055
Nifty PSE TRI,2020-07-01,3113.0342200448517
Nifty PSE TRI,2020-07-02,3134.1048161925887
Nifty PSE TRI,2020-07-03,3169.9183226715777
Nifty PSE TRI,2020-07-06,3207.0446743632024
Nifty PSE TRI,2020-07-07,3141.099604131914
Nifty PSE TRI,2020-07-08,3133.0644695215833
Nifty PSE TRI,2020-07-09,3124.9659938501263
Nifty PSE TRI,2020-07-10,3108.3676004894705
Nifty PSE TRI,2020-07-13,3098.0603715231073
Nifty PSE TRI,2020-07-14,3030.889073373639
Nifty PSE TRI,2020-07-15,3006.402662275806
Nifty PSE TRI,2020-07-16,3014.982717322918
Nifty PSE TRI,2020-07-17,3135.4713610969134
Nifty PSE TRI,2020-07-20,3140.1095590686127
Nifty PSE TRI,2020-07-21,3237.000768439654
Nifty PSE TRI,2020-07-22,3236.406724028868
Nifty PSE TRI,2020-07-23,3264.644888368196
Nifty PSE TRI,2020-07-24,3222.333153683469
Nifty PSE TRI,2020-07-27,3199.2138010539825
Nifty PSE TRI,2020-07-28,3210.8169756568163
Nifty PSE TRI,2020-07-29,3207.7803461958897
Nifty PSE TRI,2020-07-30,3118.5176913944642
Nifty PSE TRI,2020-07-31,3110.593472887885
Nifty PSE TRI,2020-08-03,3090.9453048138394
Nifty PSE TRI,2020-08-04,3089.3391022126934
Nifty PSE TRI,2020-08-05,3096.1834630553885
Nifty PSE TRI,2020-08-06,3118.053386048977
Nifty PSE TRI,2020-08-07,3126.9664922968573
Nifty PSE TRI,2020-08-10,3147.952133371088
Nifty PSE TRI,2020-08-11,3152.9868119117486
Nifty PSE TRI,2020-08-12,3149.3799057212227
Nifty PSE TRI,2020-08-13,3166.3781717404054
Nifty PSE TRI,2020-08-14,3136.6520786603432
Nifty PSE TRI,2020-08-17,3210.3998308301707
Nifty PSE TRI,2020-08-18,3211.9326613363655
Nifty PSE TRI,2020-08-19,3229.6939817861908
Nifty PSE TRI,2020-08-20,3314.8820527582443
Nifty PSE TRI,2020-08-21,3353.144378400134
Nifty PSE TRI,2020-08-24,3335.6476200858306
Nifty PSE TRI,2020-08-25,3318.823492922684
Nifty PSE TRI,2020-08-26,3320.9284909483804
Nifty PSE TRI,2020-08-27,3305.542848789947
Nifty PSE TRI,2020-08-28,3315.9228770772743
Nifty PSE TRI,2020-08-31,3209.6145160855176
Nifty PSE TRI,2020-09-01,3230.9030861335978
Nifty PSE TRI,2020-09-02,3253.3233050856293
Nifty PSE TRI,2020-09-03,3233.7235582282406
Nifty PSE TRI,2020-09-04,3165.32016516977
Nifty PSE TRI,2020-09-07,3141.1180839917847
Nifty PSE TRI,2020-09-08,3104.876973426546
Nifty PSE TRI,2020-09-09,3060.9757193057444
Nifty PSE TRI,2020-09-10,3104.41835735648
Nifty PSE TRI,2020-09-11,3094.461763351339
Nifty PSE TRI,2020-09-14,3086.6157491591866
Nifty PSE TRI,2020-09-15,3089.523509211771
Nifty PSE TRI,2020-09-16,3071.966762970836
Nifty PSE TRI,2020-09-17,3055.0354358744958
Nifty PSE TRI,2020-09-18,3070.247522348042
Nifty PSE TRI,2020-09-21,2976.045751407015
Nifty PSE TRI,2020-09-22,2915.4544878200377
Nifty PSE TRI,2020-09-23,2879.538034156428
Nifty PSE TRI,2020-09-24,2787.1501908426703
Nifty PSE TRI,2020-09-25,2846.8242478288353
Nifty PSE TRI,2020-09-28,2938.9410530926575
Nifty PSE TRI,2020-09-29,2891.764728030746
Nifty PSE TRI,2020-09-30,2840.7489582736935
Nifty PSE TRI,2020-10-01,2853.0693488949696
Nifty PSE TRI,2020-10-05,2848.749485204786
Nifty PSE TRI,2020-10-06,2843.3474763244185
Nifty PSE TRI,2020-10-07,2809.5922494401516
Nifty PSE TRI,2020-10-08,2788.9721954422535
Nifty PSE TRI,2020-10-09,2813.492865796712
Nifty PSE TRI,2020-10-12,2791.927529831805
Nifty PSE TRI,2020-10-13,2779.0976893308944
Nifty PSE TRI,2020-10-14,2730.2901063193012
Nifty PSE TRI,2020-10-15,2703.1762974344942
Nifty PSE TRI,2020-10-16,2753.682189306167
Nifty PSE TRI,2020-10-19,2816.9058081125736
Nifty PSE TRI,2020-10-20,2782.8043407004793
Nifty PSE TRI,2020-10-21,2836.478888732617
Nifty PSE TRI,2020-10-22,2873.2324154319504
Nifty PSE TRI,2020-10-23,2896.9641149140944
Nifty PSE TRI,2020-10-26,2866.3932202597975
Nifty PSE TRI,2020-10-27,2885.094458306294
Nifty PSE TRI,2020-10-28,2854.8193644964445
Nifty PSE TRI,2020-10-29,2829.010023349771
Nifty PSE TRI,2020-10-30,2873.1499828692927
Nifty PSE TRI,2020-11-02,2890.7363470286764
Nifty PSE TRI,2020-11-03,2904.7874945459503
Nifty PSE TRI,2020-11-04,2886.4661087911563
Nifty PSE TRI,2020-11-05,2983.286675790679
Nifty PSE TRI,2020-11-06,2981.0313823628444
Nifty PSE TRI,2020-11-09,3032.6709539545113
Nifty PSE TRI,2020-11-10,3095.823547240992
Nifty PSE TRI,2020-11-11,3147.7675768634435
Nifty PSE TRI,2020-11-12,3130.0830966321632
Nifty PSE TRI,2020-11-13,3152.1638538032107
Nifty PSE TRI,2020-11-17,3152.3228700424997
Nifty PSE TRI,2020-11-18,3138.7293236604764
Nifty PSE TRI,2020-11-19,3165.295747739652
Nifty PSE TRI,2020-11-20,3188.3350312779926
Nifty PSE TRI,2020-11-23,3255.3898259657935
Nifty PSE TRI,2020-11-24,3256.8713128836343
Nifty PSE TRI,2020-11-25,3269.012473091428
Nifty PSE TRI,2020-11-26,3298.1236287098513
Nifty PSE TRI,2020-11-27,3279.674038639515
Nifty PSE TRI,2020-12-01,3324.4154375804583
Nifty PSE TRI,2020-12-02,3389.195575555639
Nifty PSE TRI,2020-12-03,3469.319978556591
Nifty PSE TRI,2020-12-04,3480.4100271275393
Nifty PSE TRI,2020-12-07,3521.768701196585
Nifty PSE TRI,2020-12-08,3484.1289683490204
Nifty PSE TRI,2020-12-09,3519.9088288658186
Nifty PSE TRI,2020-12-10,3497.101337540373
Nifty PSE TRI,2020-12-11,3581.1912173249366
Nifty PSE TRI,2020-12-14,3669.577077930898
Nifty PSE TRI,2020-12-15,3657.509045503052
Nifty PSE TRI,2020-12-16,3683.7799552372935
Nifty PSE TRI,2020-12-17,3648.59161767011
Nifty PSE TRI,2020-12-18,3626.2226892172544
Nifty PSE TRI,2020-12-21,3388.054828258157
Nifty PSE TRI,2020-12-22,3441.8684513331555
Nifty PSE TRI,2020-12-23,3459.9219109112873
Nifty PSE TRI,2020-12-24,3501.4240209696695
Nifty PSE TRI,2020-12-28,3543.650664807843
Nifty PSE TRI,2020-12-29,3518.981548272395
Nifty PSE TRI,2020-12-30,3526.9328681465463
Nifty PSE TRI,2020-12-31,3537.0982253927864
Nifty PSE TRI,2021-01-04,3640.1956122750903
Nifty PSE TRI,2021-01-05,3615.3949190952867
Nifty PSE TRI,2021-01-06,3660.359458029624
Nifty PSE TRI,2021-01-07,3679.7742470714593
Nifty PSE TRI,2021-01-08,3747.207251395843
Nifty PSE TRI,2021-01-11,3759.230448272393
Nifty PSE TRI,2021-01-12,3803.3370069640573
Nifty PSE TRI,2021-01-13,3834.3500038393604
Nifty PSE TRI,2021-01-14,3861.443208047527
Nifty PSE TRI,2021-01-15,3784.8677181426087
Nifty PSE TRI,2021-01-18,3686.9430805454354
Nifty PSE TRI,2021-01-19,3754.1100036701714
Nifty PSE TRI,2021-01-20,3739.61188581421
Nifty PSE TRI,2021-01-21,3664.833139676702
Nifty PSE TRI,2021-01-25,3538.647947350584
Nifty PSE TRI,2021-01-27,3498.0162791010157
Nifty PSE TRI,2021-01-28,3497.429372350621
Nifty PSE TRI,2021-01-29,3448.8213425255944
Nifty PSE TRI,2021-02-01,3551.7286272069828
Nifty PSE TRI,2021-02-02,3623.575909081984
Nifty PSE TRI,2021-02-03,3727.56304426144
Nifty PSE TRI,2021-02-04,3803.868337976805
Nifty PSE TRI,2021-02-05,3781.3714220662887
Nifty PSE TRI,2021-02-08,3842.110031553823
Nifty PSE TRI,2021-02-09,3820.9406818728444
Nifty PSE TRI,2021-02-10,3817.5217278420732
Nifty PSE TRI,2021-02-11,3814.1654541067437
Nifty PSE TRI,2021-02-12,3783.0343667205047
Nifty PSE TRI,2021-02-16,3870.0040385833413
Nifty PSE TRI,2021-02-18,4063.1244066413956
Nifty PSE TRI,2021-02-19,4018.7359685964143
Nifty PSE TRI,2021-02-22,3938.0750683410834
Nifty PSE TRI,2021-02-23,4023.5668877983894
Nifty PSE TRI,2021-02-24,4051.1917341338085
Nifty PSE TRI,2021-02-25,4208.484844294983
Nifty PSE TRI,2021-02-26,4067.0998949679692
Nifty PSE TRI,2021-03-01,4186.578140949077
Nifty PSE TRI,2021-03-02,4225.589616451913
Nifty PSE TRI,2021-03-03,4256.796457783763
Nifty PSE TRI,2021-03-04,4232.510776457847
Nifty PSE TRI,2021-03-05,4175.898968206284
Nifty PSE TRI,2021-03-08,4252.836823537282
Nifty PSE TRI,2021-03-09,4163.816474514716
Nifty PSE TRI,2021-03-10,4155.077504820165
Nifty PSE TRI,2021-03-12,4188.485605080225
Nifty PSE TRI,2021-03-15,4195.054230264104
Nifty PSE TRI,2021-03-16,4189.745315830844
Nifty PSE TRI,2021-03-17,4058.9811303797205
Nifty PSE TRI,2021-03-18,4010.824265815027
Nifty PSE TRI,2021-03-19,4078.344155814029
Nifty PSE TRI,2021-03-22,4063.086999793157
Nifty PSE TRI,2021-03-23,4023.4339317898966
Nifty PSE TRI,2021-03-24,3946.6423348624
Nifty PSE TRI,2021-03-25,3848.2840554495915
Nifty PSE TRI,2021-03-26,3896.2384746465373
Nifty PSE TRI,2021-03-30,3963.7641919544
Nifty PSE TRI,2021-03-31,3944.757303669353
Nifty PSE TRI,2021-04-01,4018.62998820623
Nifty PSE TRI,2021-04-05,3962.5724396668666
Nifty PSE TRI,2021-04-06,3957.2401732396406
Nifty PSE TRI,2021-04-07,3982.8378747857805
Nifty PSE TRI,2021-04-08,3991.8904758342223
Nifty PSE TRI,2021-04-09,3959.5067228774633
Nifty PSE TRI,2021-04-12,3757.981145109069
Nifty PSE TRI,2021-04-13,3870.166529421549
Nifty PSE TRI,2021-04-15,3895.9065451416072
Nifty PSE TRI,2021-04-16,3920.1781183261487
Nifty PSE TRI,2021-04-19,3808.041102028762
Nifty PSE TRI,2021-04-20,3812.439045698126
Nifty PSE TRI,2021-04-22,3837.354794459359
Nifty PSE TRI,2021-04-23,3876.734147413838
Nifty PSE TRI,2021-04-26,3911.677233344434
Nifty PSE TRI,2021-04-27,3936.796410492588
Nifty PSE TRI,2021-04-28,3968.9297459486575
Nifty PSE TRI,2021-04-29,3983.730676776587
Nifty PSE TRI,2021-04-30,4048.762933861616
Nifty PSE TRI,2021-05-03,4066.798258500544
Nifty PSE TRI,2021-05-04,4089.7715912616227
Nifty PSE TRI,2021-05-06,4160.15148433761
Nifty PSE TRI,2021-05-07,4224.26972662222
Nifty PSE TRI,2021-05-10,4369.410808216092
Nifty PSE TRI,2021-05-12,4457.272674979822
Nifty PSE TRI,2021-05-14,4354.131090418855
Nifty PSE TRI,2021-05-17,4390.177091508179
Nifty PSE TRI,2021-05-18,4460.357448794128
Nifty PSE TRI,2021-05-19,4468.637113684647
Nifty PSE TRI,2021-05-21,4419.515091421764
Nifty PSE TRI,2021-05-24,4499.453348261662
Nifty PSE TRI,2021-05-26,4463.02578799144
Nifty PSE TRI,2021-05-27,4459.368421641789
Nifty PSE TRI,2021-05-28,4450.920446940364
Nifty PSE TRI,2021-06-01,4499.460125332522
Nifty PSE TRI,2021-06-02,4540.076035703962
Nifty PSE TRI,2021-06-03,4574.3720909694575
Nifty PSE TRI,2021-06-04,4631.930422595193
Nifty PSE TRI,2021-06-07,4717.866174077409
Nifty PSE TRI,2021-06-08,4713.008259888288
Nifty PSE TRI,2021-06-09,4728.091454769215
Nifty PSE TRI,2021-06-10,4740.875488508144
Nifty PSE TRI,2021-06-11,4774.372616664876
Nifty PSE TRI,2021-06-14,4761.338841730453
Nifty PSE TRI,2021-06-15,4752.7089291101465
Nifty PSE TRI,2021-06-16,4733.399059979287
Nifty PSE TRI,2021-06-17,4673.030116527298
Nifty PSE TRI,2021-06-18,4562.449029319633
Nifty PSE TRI,2021-06-21,4625.039019426387
Nifty PSE TRI,2021-06-22,4640.64121035617
Nifty PSE TRI,2021-06-23,4630.526657035319
Nifty PSE TRI,2021-06-24,4605.375625474555
Nifty PSE TRI,2021-06-25,4629.489123779078
Nifty PSE TRI,2021-06-28,4647.9637744595775
Nifty PSE TRI,2021-06-29,4620.564928114643
Nifty PSE TRI,2021-06-30,4620.55727857421
Nifty PSE TRI,2021-07-01,4614.724569030142
Nifty PSE TRI,2021-07-02,4607.738903911984
Nifty PSE TRI,2021-07-06,4619.2302688273685
Nifty PSE TRI,2021-07-07,4639.522132683732
Nifty PSE TRI,2021-07-08,4606.918776456494
Nifty PSE TRI,2021-07-09,4606.3333512627
Nifty PSE TRI,2021-07-12,4602.975954270491
Nifty PSE TRI,2021-07-13,4632.371536340512
Nifty PSE TRI,2021-07-14,4633.197127826104
Nifty PSE TRI,2021-07-15,4599.809094624852
Nifty PSE TRI,2021-07-16,4620.303907427071
Nifty PSE TRI,2021-07-19,4625.727271217177
Nifty PSE TRI,2021-07-20,4572.714508185812
Nifty PSE TRI,2021-07-22,4633.011530507765
Nifty PSE TRI,2021-07-23,4612.938861070019
Nifty PSE TRI,2021-07-26,4603.615485620923
Nifty PSE TRI,2021-07-27,4568.787262534281
Nifty PSE TRI,2021-07-28,4559.541184928388
Nifty PSE TRI,2021-07-29,4574.214947230451
Nifty PSE TRI,2021-07-30,4598.511123254444
Nifty PSE TRI,2021-08-02,4660.129204069635
Nifty PSE TRI,2021-08-03,4681.101872351712
Nifty PSE TRI,2021-08-04,4652.09800718104
Nifty PSE TRI,2021-08-05,4648.81936678793
Nifty PSE TRI,2021-08-06,4666.779500532903
Nifty PSE TRI,2021-08-09,4608.038954503057
Nifty PSE TRI,2021-08-10,4526.387647208504
Nifty PSE TRI,2021-08-11,4598.006711522198
Nifty PSE TRI,2021-08-12,4667.838481473373
Nifty PSE TRI,2021-08-13,4646.006071446025
Nifty PSE TRI,2021-08-16,4652.342027194049
Nifty PSE TRI,2021-08-17,4612.201466779879
Nifty PSE TRI,2021-08-18,4595.752121614182
Nifty PSE TRI,2021-08-20,4471.38686156316
Nifty PSE TRI,2021-08-23,4442.165089934006
Nifty PSE TRI,2021-08-24,4517.567550144824
Nifty PSE TRI,2021-08-25,4556.486782776887
Nifty PSE TRI,2021-08-26,4524.98934407426
Nifty PSE TRI,2021-08-27,4581.135279970358
Nifty PSE TRI,2021-08-30,4656.490372720689
Nifty PSE TRI,2021-08-31,4687.464283195317
Nifty PSE TRI,2021-09-01,4683.281617771932
Nifty PSE TRI,2021-09-02,4706.226308189545
Nifty PSE TRI,2021-09-03,4784.07620218567
Nifty PSE TRI,2021-09-06,4762.541118948681
Nifty PSE TRI,2021-09-07,4742.799608326255
Nifty PSE TRI,2021-09-08,4769.616103487623
Nifty PSE TRI,2021-09-09,4798.236879279039
Nifty PSE TRI,2021-09-13,4843.344572411787
Nifty PSE TRI,2021-09-14,4894.6904171881515
Nifty PSE TRI,2021-09-15,4988.572281883756
Nifty PSE TRI,2021-09-16,5014.325739568641
Nifty PSE TRI,2021-09-17,4970.84290988154
Nifty PSE TRI,2021-09-20,4846.344877242716
Nifty PSE TRI,2021-09-21,4887.867117381124
Nifty PSE TRI,2021-09-22,4932.742362479285
Nifty PSE TRI,2021-09-23,4996.163600926646
Nifty PSE TRI,2021-09-24,4937.401022032389
Nifty PSE TRI,2021-09-27,4991.977007766085
Nifty PSE TRI,2021-09-28,5146.738742374018
Nifty PSE TRI,2021-09-29,5298.558854037783
Nifty PSE TRI,2021-09-30,5277.019126228528
Nifty PSE TRI,2021-10-01,5294.830770075501
Nifty PSE TRI,2021-10-04,5373.534636483609
Nifty PSE TRI,2021-10-05,5486.259739704578
Nifty PSE TRI,2021-10-06,5457.764673570203
Nifty PSE TRI,2021-10-07,5444.086687814627
Nifty PSE TRI,2021-10-08,5433.242464456491
Nifty PSE TRI,2021-10-11,5531.669511671681
Nifty PSE TRI,2021-10-12,5536.361673411592
Nifty PSE TRI,2021-10-13,5568.322524526961
Nifty PSE TRI,2021-10-14,5655.149223354567
Nifty PSE TRI,2021-10-18,5755.27457530881
Nifty PSE TRI,2021-10-19,5598.89235834206
Nifty PSE TRI,2021-10-20,5433.137504014479
Nifty PSE TRI,2021-10-21,5446.146026966196
Nifty PSE TRI,2021-10-22,5402.201506395958
Nifty PSE TRI,2021-10-25,5343.363507005079
Nifty PSE TRI,2021-10-26,5389.016613723995
Nifty PSE TRI,2021-10-27,5342.601486499733
Nifty PSE TRI,2021-10-28,5211.003732462492
Nifty PSE TRI,2021-10-29,5169.861689745682
Nifty PSE TRI,2021-11-01,5268.244683171463
Nifty PSE TRI,2021-11-02,5244.91103347335
Nifty PSE TRI,2021-11-03,5237.971157110419
Nifty PSE TRI,2021-11-04,5276.0272660642995
Nifty PSE TRI,2021-11-08,5395.757118861584
Nifty PSE TRI,2021-11-09,5397.671454354105
Nifty PSE TRI,2021-11-10,5362.386238242889
Nifty PSE TRI,2021-11-11,5297.191079271394
Nifty PSE TRI,2021-11-12,5307.689838402408
Nifty PSE TRI,2021-11-15,5320.266853060352
Nifty PSE TRI,2021-11-16,5273.7187955982245
Nifty PSE TRI,2021-11-17,5248.940138529032
Nifty PSE TRI,2021-11-18,5177.244335058732
Nifty PSE TRI,2021-11-22,5050.986650618339
Nifty PSE TRI,2021-11-23,5158.632657582898
Nifty PSE TRI,2021-11-24,5197.70409855427
Nifty PSE TRI,2021-11-25,5194.4997484540745
Nifty PSE TRI,2021-11-26,4980.909614080508
Nifty PSE TRI,2021-11-29,4902.637489817163
Nifty PSE TRI,2021-11-30,4940.996195894032
Nifty PSE TRI,2021-12-01,4983.111162375429
Nifty PSE TRI,2021-12-02,5069.473283494524
Nifty PSE TRI,2021-12-03,5053.5152700503695
Nifty PSE TRI,2021-12-06,4987.642509403699
Nifty PSE TRI,2021-12-07,5067.499005670815
Nifty PSE TRI,2021-12-08,5101.877477702826
Nifty PSE TRI,2021-12-09,5102.222400201145
Nifty PSE TRI,2021-12-10,5104.314477993729
Nifty PSE TRI,2021-12-13,5084.054117398371
Nifty PSE TRI,2021-12-14,5122.3315043664825
Nifty PSE TRI,2021-12-15,5070.4345265244
Nifty PSE TRI,2021-12-16,5072.460675093031
Nifty PSE TRI,2021-12-17,4980.863938689527
Nifty PSE TRI,2021-12-20,4811.751530591453
Nifty PSE TRI,2021-12-21,4869.586928748113
Nifty PSE TRI,2021-12-22,4899.709489351097
Nifty PSE TRI,2021-12-23,4991.175798702191
Nifty PSE TRI,2021-12-24,4905.489332167532
Nifty PSE TRI,2021-12-27,4915.3606963488955
Nifty PSE TRI,2021-12-28,4974.461351884166
Nifty PSE TRI,2021-12-29,4945.703065084277
Nifty PSE TRI,2021-12-30,4948.046390797735
Nifty PSE TRI,2021-12-31,4971.063557726522
Nifty PSE TRI,2022-01-03,5041.754115041115
Nifty PSE TRI,2022-01-04,5124.3579400800945
Nifty PSE TRI,2022-01-05,5164.7042894619835
Nifty PSE TRI,2022-01-06,5162.849171947034
Nifty PSE TRI,2022-01-07,5208.2607877909595
Nifty PSE TRI,2022-01-10,5259.447196193554
Nifty PSE TRI,2022-01-11,5224.8455759758235
Nifty PSE TRI,2022-01-12,5276.632786258034
Nifty PSE TRI,2022-01-13,5337.897260836856
Nifty PSE TRI,2022-01-14,5369.525087420682
Nifty PSE TRI,2022-01-17,5386.704842320105
Nifty PSE TRI,2022-01-18,5307.323616585122
Nifty PSE TRI,2022-01-19,5355.766614677734
Nifty PSE TRI,2022-01-20,5387.408334680628
Nifty PSE TRI,2022-01-21,5273.289363396799
Nifty PSE TRI,2022-01-24,5177.70388508354
Nifty PSE TRI,2022-01-25,5272.962978877575
Nifty PSE TRI,2022-01-27,5254.133204162009
Nifty PSE TRI,2022-01-28,5308.510596647793
Nifty PSE TRI,2022-01-31,5398.559966424782
Nifty PSE TRI,2022-02-01,5367.944667350405
Nifty PSE TRI,2022-02-02,5401.108489241505
Nifty PSE TRI,2022-02-03,5341.193959444201
Nifty PSE TRI,2022-02-04,5306.281003267423
Nifty PSE TRI,2022-02-07,5317.623424096933
Nifty PSE TRI,2022-02-08,5261.061570253908
Nifty PSE TRI,2022-02-09,5294.9485691944365
Nifty PSE TRI,2022-02-10,5331.634141664219
Nifty PSE TRI,2022-02-11,5293.779527308327
Nifty PSE TRI,2022-02-14,5139.556373864187
Nifty PSE TRI,2022-02-15,5195.291987093814
Nifty PSE TRI,2022-02-16,5205.1353039405185
Nifty PSE TRI,2022-02-17,5194.173786714998
Nifty PSE TRI,2022-02-18,5167.410717433269
Nifty PSE TRI,2022-02-21,5098.350081699383
Nifty PSE TRI,2022-02-22,5058.955469321007
Nifty PSE TRI,2022-02-23,5060.468165355323
Nifty PSE TRI,2022-02-24,4803.671815477389
Nifty PSE TRI,2022-02-25,4982.112585936536
Nifty PSE TRI,2022-02-28,5147.156013071583
Nifty PSE TRI,2022-03-02,5217.287229261707
Nifty PSE TRI,2022-03-03,5318.383622731301
Nifty PSE TRI,2022-03-04,5216.691019795793
Nifty PSE TRI,2022-03-07,5293.262091355634
Nifty PSE TRI,2022-03-08,5281.901634507487
Nifty PSE TRI,2022-03-09,5259.341546949297
Nifty PSE TRI,2022-03-10,5262.692264976276
Nifty PSE TRI,2022-03-11,5330.702453160232
Nifty PSE TRI,2022-03-14,5279.1599434391
Nifty PSE TRI,2022-03-15,5156.090605143633
Nifty PSE TRI,2022-03-16,5249.910769501773
Nifty PSE TRI,2022-03-17,5278.472113205724
Nifty PSE TRI,2022-03-21,5253.249733120115
Nifty PSE TRI,2022-03-22,5297.459739777088
Nifty PSE TRI,2022-03-23,5311.046825074803
Nifty PSE TRI,2022-03-24,5347.31616687958
Nifty PSE TRI,2022-03-25,5332.882460123484
Nifty PSE TRI,2022-03-28,5350.196044430187
Nifty PSE TRI,2022-03-29,5299.380580210014
Nifty PSE TRI,2022-03-30,5286.959853023428
Nifty PSE TRI,2022-03-31,5328.721240509866
Nifty PSE TRI,2022-04-01,5502.859439827464
Nifty PSE TRI,2022-04-04,5571.674578596031
Nifty PSE TRI,2022-04-05,5632.123978614082
Nifty PSE TRI,2022-04-06,5724.543358375042
Nifty PSE TRI,2022-04-07,5675.026415046392
Nifty PSE TRI,2022-04-08,5735.103174852668
Nifty PSE TRI,2022-04-11,5768.696615422841
Nifty PSE TRI,2022-04-12,5687.320988918274
Nifty PSE TRI,2022-04-13,5711.786198113866
Nifty PSE TRI,2022-04-18,5778.9346817681235
Nifty PSE TRI,2022-04-19,5779.194676780503
Nifty PSE TRI,2022-04-20,5789.770577545668
Nifty PSE TRI,2022-04-21,5837.305635600935
Nifty PSE TRI,2022-04-22,5785.460179684341
Nifty PSE TRI,2022-04-25,5595.853577899675
Nifty PSE TRI,2022-04-26,5657.630613469837
Nifty PSE TRI,2022-04-27,5589.228959935678
Nifty PSE TRI,2022-04-28,5664.470877603002
Nifty PSE TRI,2022-04-29,5532.493418523345
Nifty PSE TRI,2022-05-02,5543.87414188702
Nifty PSE TRI,2022-05-04,5553.643017432067
Nifty PSE TRI,2022-05-05,5557.286359334707
Nifty PSE TRI,2022-05-06,5553.413543464676
Nifty PSE TRI,2022-05-09,5517.406335572508
Nifty PSE TRI,2022-05-10,5361.391776543531
Nifty PSE TRI,2022-05-11,5318.077504192748
Nifty PSE TRI,2022-05-12,5234.87038106637
Nifty PSE TRI,2022-05-13,5199.977588034604
Nifty PSE TRI,2022-05-16,5264.67270828164
Nifty PSE TRI,2022-05-17,5436.665618910222
Nifty PSE TRI,2022-05-18,5342.835889790173
Nifty PSE TRI,2022-05-19,5278.4318710067555
Nifty PSE TRI,2022-05-20,5352.194096518422
Nifty PSE TRI,2022-05-23,5266.313839547833
Nifty PSE TRI,2022-05-24,5228.255885044815
Nifty PSE TRI,2022-05-25,5213.164039397413
Nifty PSE TRI,2022-05-26,5247.6813984957835
Nifty PSE TRI,2022-05-27,5183.497984614958
Nifty PSE TRI,2022-05-30,5250.148215284178
Nifty PSE TRI,2022-05-31,5345.110952543175
Nifty PSE TRI,2022-06-01,5367.5378582493695
Nifty PSE TRI,2022-06-02,5386.694023060349
Nifty PSE TRI,2022-06-03,5341.676669951675
Nifty PSE TRI,2022-06-06,5332.149167719254
Nifty PSE TRI,2022-06-07,5390.546152338758
Nifty PSE TRI,2022-06-08,5398.050572371933
Nifty PSE TRI,2022-06-09,5422.523941644112
Nifty PSE TRI,2022-06-10,5398.780488774918
Nifty PSE TRI,2022-06-13,5231.528821510016
Nifty PSE TRI,2022-06-14,5216.940767626796
Nifty PSE TRI,2022-06-15,5163.158235081524
Nifty PSE TRI,2022-06-16,4990.997002285852
Nifty PSE TRI,2022-06-17,4934.832409203773
Nifty PSE TRI,2022-06-20,4783.797227230422
Nifty PSE TRI,2022-06-21,4919.9066156996305
Nifty PSE TRI,2022-06-22,4852.767801220166
Nifty PSE TRI,2022-06-23,4851.784394119323
Nifty PSE TRI,2022-06-24,4886.541297309447
Nifty PSE TRI,2022-06-27,4979.427105585458
Nifty PSE TRI,2022-06-28,5024.828722542107
Nifty PSE TRI,2022-06-29,5061.445664532286
Nifty PSE TRI,2022-06-30,5012.190075572939
Nifty PSE TRI,2022-07-01,4897.317926361621
Nifty PSE TRI,2022-07-04,4900.017538949735
Nifty PSE TRI,2022-07-05,4902.514718090141
Nifty PSE TRI,2022-07-06,4866.945298088275
Nifty PSE TRI,2022-07-07,4948.597891588589
Nifty PSE TRI,2022-07-08,4987.463807293654
Nifty PSE TRI,2022-07-11,5010.600726728358
Nifty PSE TRI,2022-07-12,4970.099967880929
Nifty PSE TRI,2022-07-13,4980.219722815541
Nifty PSE TRI,2022-07-14,4986.8605707101415
Nifty PSE TRI,2022-07-15,4996.129173935514
Nifty PSE TRI,2022-07-18,5065.258051063093
Nifty PSE TRI,2022-07-19,5079.461102462996
Nifty PSE TRI,2022-07-20,5098.790070951541
Nifty PSE TRI,2022-07-21,5157.08112038019
Nifty PSE TRI,2022-07-22,5117.0223750070345
Nifty PSE TRI,2022-07-25,5126.274836412027
Nifty PSE TRI,2022-07-26,5101.9103010954395
Nifty PSE TRI,2022-07-27,5153.389382715338
Nifty PSE TRI,2022-07-28,5184.565295359384
Nifty PSE TRI,2022-07-29,5281.8737379154745
Nifty PSE TRI,2022-08-01,5357.897260899698
Nifty PSE TRI,2022-08-02,5389.623309205174
Nifty PSE TRI,2022-08-03,5352.506208763852
Nifty PSE TRI,2022-08-04,5309.9263632010325
Nifty PSE TRI,2022-08-05,5329.817454055986
Nifty PSE TRI,2022-08-08,5367.734566329977
Nifty PSE TRI,2022-08-10,5358.658104442569
Nifty PSE TRI,2022-08-11,5341.059303344575
Nifty PSE TRI,2022-08-12,5446.760551752071
Nifty PSE TRI,2022-08-16,5507.269149340542
Nifty PSE TRI,2022-08-17,5526.136270777426
Nifty PSE TRI,2022-08-18,5523.153153692647
Nifty PSE TRI,2022-08-19,5447.955982751595
Nifty PSE TRI,2022-08-22,5383.615517482271
Nifty PSE TRI,2022-08-23,5442.6474656867285
Nifty PSE TRI,2022-08-24,5464.351029962405
Nifty PSE TRI,2022-08-25,5476.310555227141
Nifty PSE TRI,2022-08-26,5556.765403107717
Nifty PSE TRI,2022-08-29,5507.565968728449
Nifty PSE TRI,2022-08-30,5581.851936002186
Nifty PSE TRI,2022-09-01,5537.277639739345
Nifty PSE TRI,2022-09-02,5514.326712192319
Nifty PSE TRI,2022-09-05,5543.849263364463
Nifty PSE TRI,2022-09-06,5572.696335188479
Nifty PSE TRI,2022-09-07,5614.532111935695
Nifty PSE TRI,2022-09-08,5626.380803279071
Nifty PSE TRI,2022-09-09,5628.607491679137
Nifty PSE TRI,2022-09-12,5666.013127523043
Nifty PSE TRI,2022-09-13,5672.791750498928
Nifty PSE TRI,2022-09-14,5699.4869397944285
Nifty PSE TRI,2022-09-15,5723.283749923504
Nifty PSE TRI,2022-09-16,5633.1182995384
Nifty PSE TRI,2022-09-19,5595.868735735959
Nifty PSE TRI,2022-09-20,5618.8746849811105
Nifty PSE TRI,2022-09-21,5548.661737051592
Nifty PSE TRI,2022-09-22,5510.703288385873
Nifty PSE TRI,2022-09-23,5358.587866664089
Nifty PSE TRI,2022-09-26,5193.824356482374
Nifty PSE TRI,2022-09-27,5213.7780303048185
Nifty PSE TRI,2022-09-28,5182.909889524986
Nifty PSE TRI,2022-09-29,5225.638704560471
Nifty PSE TRI,2022-09-30,5268.769748772928
Nifty PSE TRI,2022-10-03,5270.036393233567
Nifty PSE TRI,2022-10-04,5362.970531184544
Nifty PSE TRI,2022-10-06,5413.887272840823
Nifty PSE TRI,2022-10-07,5417.489156519507
Nifty PSE TRI,2022-10-10,5396.8548557223185
Nifty PSE TRI,2022-10-11,5315.828909844382
Nifty PSE TRI,2022-10-12,5388.8634616399595
Nifty PSE TRI,2022-10-13,5360.684208515014
Nifty PSE TRI,2022-10-14,5339.505697813438
Nifty PSE TRI,2022-10-17,5369.602473191129
Nifty PSE TRI,2022-10-18,5428.591687888617
Nifty PSE TRI,2022-10-19,5416.003434238809
Nifty PSE TRI,2022-10-20,5475.665076819839
Nifty PSE TRI,2022-10-21,5443.17919521222
Nifty PSE TRI,2022-10-24,5491.692828938319
Nifty PSE TRI,2022-10-25,5516.133735797716
Nifty PSE TRI,2022-10-27,5595.316547796599
Nifty PSE TRI,2022-10-28,5632.402438455496
Nifty PSE TRI,2022-10-31,5658.153376965702
Nifty PSE TRI,2022-11-01,5744.540946888021
Nifty PSE TRI,2022-11-02,5738.445552006681
Nifty PSE TRI,2022-11-03,5721.895102329425
Nifty PSE TRI,2022-11-04,5713.67969393377
Nifty PSE TRI,2022-11-07,5769.043395699754
Nifty PSE TRI,2022-11-09,5709.852413184328
Nifty PSE TRI,2022-11-10,5661.582917898204
Nifty PSE TRI,2022-11-11,5674.875160746377
Nifty PSE TRI,2022-11-14,5670.397871196013
Nifty PSE TRI,2022-11-15,5706.341696690555
Nifty PSE TRI,2022-11-16,5709.04535476573
Nifty PSE TRI,2022-11-17,5702.874364420438
Nifty PSE TRI,2022-11-18,5653.518593447602
Nifty PSE TRI,2022-11-21,5657.049964488777
Nifty PSE TRI,2022-11-22,5678.964227326631
Nifty PSE TRI,2022-11-23,5690.810356780689
Nifty PSE TRI,2022-11-24,5775.677451682645
Nifty PSE TRI,2022-11-25,5837.628512253706
Nifty PSE TRI,2022-11-28,5874.603025322579
Nifty PSE TRI,2022-11-29,5853.723581891139
Nifty PSE TRI,2022-11-30,5907.414139729003
Nifty PSE TRI,2022-12-01,5891.37322670737
Nifty PSE TRI,2022-12-02,5915.041343352917
Nifty PSE TRI,2022-12-05,5960.138444872652
Nifty PSE TRI,2022-12-06,5923.803576218084
Nifty PSE TRI,2022-12-07,5906.695609750525
Nifty PSE TRI,2022-12-08,5911.40596553264
Nifty PSE TRI,2022-12-09,5877.912320621848
Nifty PSE TRI,2022-12-12,5925.211804716818
Nifty PSE TRI,2022-12-13,5934.900807608758
Nifty PSE TRI,2022-12-14,5993.3585808744365
Nifty PSE TRI,2022-12-15,5938.2246692365225
Nifty PSE TRI,2022-12-16,5844.727732578137
Nifty PSE TRI,2022-12-19,5913.347705303964
Nifty PSE TRI,2022-12-20,5893.635314176217
Nifty PSE TRI,2022-12-21,5792.203932622412
Nifty PSE TRI,2022-12-22,5730.192481648864
Nifty PSE TRI,2022-12-23,5583.65738086676
Nifty PSE TRI,2022-12-27,5738.5715182986205
Nifty PSE TRI,2022-12-28,5752.043006210296
Nifty PSE TRI,2022-12-29,5758.276507116066
Nifty PSE TRI,2022-12-30,5801.308944770022
Nifty PSE TRI,2023-01-02,5884.599798148766
Nifty PSE TRI,2023-01-03,5902.604263438191
Nifty PSE TRI,2023-01-04,5817.356636947321
Nifty PSE TRI,2023-01-05,5870.709976904639
Nifty PSE TRI,2023-01-06,5853.296801420854
Nifty PSE TRI,2023-01-09,5891.040930746676
Nifty PSE TRI,2023-01-10,5880.072831732896
Nifty PSE TRI,2023-01-11,5879.473225086842
Nifty PSE TRI,2023-01-12,5845.965646781608
Nifty PSE TRI,2023-01-13,5882.395889474739
Nifty PSE TRI,2023-01-16,5882.790931062642
Nifty PSE TRI,2023-01-17,5897.553038819578
Nifty PSE TRI,2023-01-18,5939.718987005793
Nifty PSE TRI,2023-01-19,5981.623652312778
Nifty PSE TRI,2023-01-20,5995.797096713146
Nifty PSE TRI,2023-01-23,6027.750237109156
Nifty PSE TRI,2023-01-24,5984.111794470958
Nifty PSE TRI,2023-01-25,5925.895775792632
Nifty PSE TRI,2023-01-27,5808.241657128205
Nifty PSE TRI,2023-01-30,5759.098899975531
Nifty PSE TRI,2023-01-31,5857.740033407168
Nifty PSE TRI,2023-02-01,5743.235016435176
Nifty PSE TRI,2023-02-02,5695.423402236024
Nifty PSE TRI,2023-02-03,5706.527489267678
Nifty PSE TRI,2023-02-06,5749.371920820109
Nifty PSE TRI,2023-02-07,5753.090492948007
Nifty PSE TRI,2023-02-08,5774.326385888782
Nifty PSE TRI,2023-02-09,5793.8323143262005
Nifty PSE TRI,2023-02-10,5780.901818183491
Nifty PSE TRI,2023-02-13,5798.397390017608
Nifty PSE TRI,2023-02-14,5788.595293209135
Nifty PSE TRI,2023-02-15,5800.714532211585
Nifty PSE TRI,2023-02-16,5886.136557812723
Nifty PSE TRI,2023-02-17,5894.597987264689
Nifty PSE TRI,2023-02-20,5862.465593167667
Nifty PSE TRI,2023-02-21,5878.794069015611
Nifty PSE TRI,2023-02-22,5804.993436495339
Nifty PSE TRI,2023-02-23,5808.585903471169
Nifty PSE TRI,2023-02-24,5848.783156152188
Nifty PSE TRI,2023-02-27,5864.774268673286
Nifty PSE TRI,2023-02-28,5854.899923584165
Nifty PSE TRI,2023-03-01,5929.528956926263
Nifty PSE TRI,2023-03-02,5948.606148960587
Nifty PSE TRI,2023-03-03,5988.098207873371
Nifty PSE TRI,2023-03-06,6089.257977408763
Nifty PSE TRI,2023-03-08,6147.601183341297
Nifty PSE TRI,2023-03-09,6116.852504718225
Nifty PSE TRI,2023-03-10,6117.599732644504
Nifty PSE TRI,2023-03-13,6051.488832165364
Nifty PSE TRI,2023-03-14,6025.930551200904
Nifty PSE TRI,2023-03-15,6049.904014579462
Nifty PSE TRI,2023-03-16,6088.368671881715
Nifty PSE TRI,2023-03-17,6100.0638235742845
Nifty PSE TRI,2023-03-20,6045.671568787228
Nifty PSE TRI,2023-03-21,6037.598237292964
Nifty PSE TRI,2023-03-22,6003.342091121674
Nifty PSE TRI,2023-03-23,5975.960478942694
Nifty PSE TRI,2023-03-24,5906.691806834461
Nifty PSE TRI,2023-03-27,5879.227094873624
Nifty PSE TRI,2023-03-28,5849.622818294741
Nifty PSE TRI,2023-03-29,5918.511854058187
Nifty PSE TRI,2023-03-31,5980.129286052496
Nifty PSE TRI,2023-04-03,6000.32666848082
Nifty PSE TRI,2023-04-05,5998.329999312418
Nifty PSE TRI,2023-04-06,5998.3339816845355
Nifty PSE TRI,2023-04-10,6095.858455428807
Nifty PSE TRI,2023-04-11,6141.482372785738
Nifty PSE TRI,2023-04-12,6124.574430029297
Nifty PSE TRI,2023-04-13,6107.997973698948
Nifty PSE TRI,2023-04-17,6154.344911650723
Nifty PSE TRI,2023-04-18,6151.348666376541
Nifty PSE TRI,2023-04-19,6133.295455459534
Nifty PSE TRI,2023-04-20,6145.220246852764
Nifty PSE TRI,2023-04-21,6145.167740673987
Nifty PSE TRI,2023-04-24,6172.654364325304
Nifty PSE TRI,2023-04-25,6179.565481446164
Nifty PSE TRI,2023-04-26,6216.270075469425
Nifty PSE TRI,2023-04-27,6225.193643094769
Nifty PSE TRI,2023-04-28,6271.547881778716
Nifty PSE TRI,2023-05-02,6374.312246364586
Nifty PSE TRI,2023-05-03,6392.090955238477
Nifty PSE TRI,2023-05-04,6408.59970090565
Nifty PSE TRI,2023-05-05,6359.125160442971
Nifty PSE TRI,2023-05-08,6421.321847423032
Nifty PSE TRI,2023-05-09,6401.988477217867
Nifty PSE TRI,2023-05-10,6450.938964572031
Nifty PSE TRI,2023-05-11,6478.315613695116
Nifty PSE TRI,2023-05-12,6394.439980204413
Nifty PSE TRI,2023-05-15,6444.740445734547
Nifty PSE TRI,2023-05-16,6477.891632180211
Nifty PSE TRI,2023-05-17,6457.7467250930995
Nifty PSE TRI,2023-05-18,6392.073019787112
Nifty PSE TRI,2023-05-19,6359.447131910789
Nifty PSE TRI,2023-05-22,6399.56932258074
Nifty PSE TRI,2023-05-23,6417.842845066797
Nifty PSE TRI,2023-05-24,6432.027407830205
Nifty PSE TRI,2023-05-25,6446.147040262603
Nifty PSE TRI,2023-05-26,6446.78397028574
Nifty PSE TRI,2023-05-29,6459.096119993737
Nifty PSE TRI,2023-05-30,6477.046593480512
Nifty PSE TRI,2023-05-31,6441.917141937931
Nifty PSE TRI,2023-06-01,6411.279595137857
Nifty PSE TRI,2023-06-02,6441.513373519998
Nifty PSE TRI,2023-06-05,6469.806027328614
Nifty PSE TRI,2023-06-06,6490.787264675306
Nifty PSE TRI,2023-06-07,6569.511022396447
Nifty PSE TRI,2023-06-08,6585.667243068254
Nifty PSE TRI,2023-06-09,6623.850372923173
Nifty PSE TRI,2023-06-12,6665.357060052945
Nifty PSE TRI,2023-06-13,6685.353078356492
Nifty PSE TRI,2023-06-14,6726.443959910882
Nifty PSE TRI,2023-06-15,6721.121816314872
Nifty PSE TRI,2023-06-16,6764.168461556573
Nifty PSE TRI,2023-06-19,6748.204431465514
Nifty PSE TRI,2023-06-20,6784.141595882661
Nifty PSE TRI,2023-06-21,6834.398467560439
Nifty PSE TRI,2023-06-22,6758.041813266888
Nifty PSE TRI,2023-06-23,6672.4665421503905
Nifty PSE TRI,2023-06-26,6665.819761978857
Nifty PSE TRI,2023-06-27,6682.8765578985285
Nifty PSE TRI,2023-06-28,6756.077146706941
Nifty PSE TRI,2023-06-30,6834.187180626783
Nifty PSE TRI,2023-07-03,6878.9548525469645
Nifty PSE TRI,2023-07-04,6866.774675209689
Nifty PSE TRI,2023-07-05,6925.828363949185
Nifty PSE TRI,2023-07-06,7053.507163626949
Nifty PSE TRI,2023-07-07,6985.093522575419
Nifty PSE TRI,2023-07-10,6937.926889984306
Nifty PSE TRI,2023-07-11,7017.601660432915
Nifty PSE TRI,2023-07-12,7014.912914059415
Nifty PSE TRI,2023-07-13,6908.307460965296
Nifty PSE TRI,2023-07-14,6924.995503736731
Nifty PSE TRI,2023-07-17,6917.244635154806
Nifty PSE TRI,2023-07-18,6910.508241425419
Nifty PSE TRI,2023-07-19,6977.094487256912
Nifty PSE TRI,2023-07-20,6995.746751847208
Nifty PSE TRI,2023-07-21,7019.720970114917
Nifty PSE TRI,2023-07-24,7096.109276547193
Nifty PSE TRI,2023-07-25,7147.1076642452135
Nifty PSE TRI,2023-07-26,7168.541066089121
Nifty PSE TRI,2023-07-27,7180.478149842084
Nifty PSE TRI,2023-07-28,7275.55328410636
Nifty PSE TRI,2023-07-31,7427.298719456751
Nifty PSE TRI,2023-08-01,7429.283569852686
Nifty PSE TRI,2023-08-02,7272.150201269623
Nifty PSE TRI,2023-08-03,7262.397041682323
Nifty PSE TRI,2023-08-04,7256.012717142269
Nifty PSE TRI,2023-08-07,7283.642312321948
Nifty PSE TRI,2023-08-08,7280.696480200923
Nifty PSE TRI,2023-08-09,7348.952367585318
Nifty PSE TRI,2023-08-10,7333.940057918785
Nifty PSE TRI,2023-08-11,7327.355140563368
Nifty PSE TRI,2023-08-14,7305.638550870296
Nifty PSE TRI,2023-08-16,7345.077722075677
Nifty PSE TRI,2023-08-17,7322.906994220338
Nifty PSE TRI,2023-08-18,7249.9296303283045
Nifty PSE TRI,2023-08-21,7344.0517933500305
Nifty PSE TRI,2023-08-22,7411.021828740113
Nifty PSE TRI,2023-08-23,7430.352944034697
Nifty PSE TRI,2023-08-24,7412.969128930211
Nifty PSE TRI,2023-08-25,7348.873142156659
Nifty PSE TRI,2023-08-28,7428.0718290792665
Nifty PSE TRI,2023-08-29,7461.522552344195
Nifty PSE TRI,2023-08-30,7443.458364699736
Nifty PSE TRI,2023-08-31,7369.344384057981
Nifty PSE TRI,2023-09-01,7592.426006687451
Nifty PSE TRI,2023-09-04,7735.1353775395455
Nifty PSE TRI,2023-09-05,7757.679930084053
Nifty PSE TRI,2023-09-06,7740.234568100987
Nifty PSE TRI,2023-09-07,7854.1214814387595
Nifty PSE TRI,2023-09-08,8061.531793116368
Nifty PSE TRI,2023-09-11,8111.687192823167
Nifty PSE TRI,2023-09-12,7754.931727000875
Nifty PSE TRI,2023-09-13,7848.183835191933
Nifty PSE TRI,2023-09-14,7937.326400428222
Nifty PSE TRI,2023-09-15,7878.852367805602
Nifty PSE TRI,2023-09-18,7990.99136617061
Nifty PSE TRI,2023-09-20,8005.662900629116
Nifty PSE TRI,2023-09-21,7936.823386938577
Nifty PSE TRI,2023-09-22,7935.060375956691
Nifty PSE TRI,2023-09-25,7965.417353645018
Nifty PSE TRI,2023-09-26,7959.32672639511
Nifty PSE TRI,2023-09-27,8001.807992579712
Nifty PSE TRI,2023-09-28,7952.825501443772
Nifty PSE TRI,2023-09-29,8107.964910477566
Nifty PSE TRI,2023-10-03,8052.834604601207
Nifty PSE TRI,2023-10-04,7942.448171597468
Nifty PSE TRI,2023-10-05,7937.096247806689
Nifty PSE TRI,2023-10-06,7978.383225240667
Nifty PSE TRI,2023-10-09,7890.495160846132
Nifty PSE TRI,2023-10-10,8034.099161033681
Nifty PSE TRI,2023-10-11,8046.559777507403
Nifty PSE TRI,2023-10-12,8129.720833313098
Nifty PSE TRI,2023-10-13,8145.305202540128
Nifty PSE TRI,2023-10-16,8196.541122725312
Nifty PSE TRI,2023-10-17,8283.194816196677
Nifty PSE TRI,2023-10-18,8203.407888286869
Nifty PSE TRI,2023-10-19,8190.412305936673
Nifty PSE TRI,2023-10-20,8098.344092934415
Nifty PSE TRI,2023-10-23,7927.0393998331265
Nifty PSE TRI,2023-10-25,7863.179672152302
Nifty PSE TRI,2023-10-26,7778.779287225719
Nifty PSE TRI,2023-10-27,7907.762692438697
Nifty PSE TRI,2023-10-30,7950.318941757116
Nifty PSE TRI,2023-10-31,7984.013143852251
Nifty PSE TRI,2023-11-01,7934.847940463392
Nifty PSE TRI,2023-11-02,8085.18822110372
Nifty PSE TRI,2023-11-03,8157.013064167603
Nifty PSE TRI,2023-11-06,8261.36768953013
Nifty PSE TRI,2023-11-07,8346.927135877631
Nifty PSE TRI,2023-11-08,8383.719006469677
Nifty PSE TRI,2023-11-09,8420.10965805956
Nifty PSE TRI,2023-11-10,8521.573999090688
Nifty PSE TRI,2023-11-13,8700.296363268944
Nifty PSE TRI,2023-11-15,8754.550313216376
Nifty PSE TRI,2023-11-16,8785.823766647969
Nifty PSE TRI,2023-11-17,8802.2345676182
Nifty PSE TRI,2023-11-20,8825.34010156277
Nifty PSE TRI,2023-11-21,8786.553440834097
Nifty PSE TRI,2023-11-22,8810.778927206999
Nifty PSE TRI,2023-11-23,8857.011223910546
Nifty PSE TRI,2023-11-24,8876.219280069728
Nifty PSE TRI,2023-11-28,9037.993758697392
Nifty PSE TRI,2023-11-29,9097.236015906328
Nifty PSE TRI,2023-11-30,9211.86027201192
Nifty PSE TRI,2023-12-01,9392.953844377485
Nifty PSE TRI,2023-12-04,9683.357625879198
Nifty PSE TRI,2023-12-05,9821.984415925635
Nifty PSE TRI,2023-12-06,9903.670206409553
Nifty PSE TRI,2023-12-07,9993.455713682652
Nifty PSE TRI,2023-12-08,9965.307406499995
Nifty PSE TRI,2023-12-11,10032.19539118027
Nifty PSE TRI,2023-12-12,9970.790923564065
Nifty PSE TRI,2023-12-13,10214.304659000454
Nifty PSE TRI,2023-12-14,10266.47735427954
Nifty PSE TRI,2023-12-15,10374.495078319931
Nifty PSE TRI,2023-12-18,10401.701364783028
Nifty PSE TRI,2023-12-19,10480.640154662142
Nifty PSE TRI,2023-12-20,10081.640020666868
Nifty PSE TRI,2023-12-21,10293.177551731109
Nifty PSE TRI,2023-12-22,10358.584372390005
Nifty PSE TRI,2023-12-26,10564.622134562247
Nifty PSE TRI,2023-12-27,10508.4998243283
Nifty PSE TRI,2023-12-28,10755.972465700695
Nifty PSE TRI,2023-12-29,10694.818112693509
Nifty PSE TRI,2024-01-02,10798.15121434736
Nifty PSE TRI,2024-01-03,10812.636901918077
Nifty PSE TRI,2024-01-04,10986.2856324118
Nifty PSE TRI,2024-01-05,11007.052739639592
Nifty PSE TRI,2024-01-08,10981.967640966865
Nifty PSE TRI,2024-01-09,11007.304552599397
Nifty PSE TRI,2024-01-10,10897.128999143917
Nifty PSE TRI,2024-01-11,10946.856337692689
Nifty PSE TRI,2024-01-12,11008.85580125258
Nifty PSE TRI,2024-01-15,11207.03502397196
Nifty PSE TRI,2024-01-16,11189.45743890438
Nifty PSE TRI,2024-01-17,11080.877909605495
Nifty PSE TRI,2024-01-18,11014.68558946675
Nifty PSE TRI,2024-01-19,11332.778593999881
Nifty PSE TRI,2024-01-23,10962.01445188855
Nifty PSE TRI,2024-01-24,11312.536019556697
Nifty PSE TRI,2024-01-25,11368.475950078937
Nifty PSE TRI,2024-01-29,11812.65927082252
Nifty PSE TRI,2024-01-30,11757.036872073806
Nifty PSE TRI,2024-01-31,11831.245843029035
Nifty PSE TRI,2024-02-01,11887.7240608686
Nifty PSE TRI,2024-02-02,12289.700417790007
Nifty PSE TRI,2024-02-05,12543.63399282699
Nifty PSE TRI,2024-02-06,12706.182321063428
Nifty PSE TRI,2024-02-07,12685.743030386133
Nifty PSE TRI,2024-02-08,12862.38533737818
Nifty PSE TRI,2024-02-09,12520.87834918296
Nifty PSE TRI,2024-02-12,12046.589193154052
Nifty PSE TRI,2024-02-13,12160.011067220226
Nifty PSE TRI,2024-02-14,12566.4290335954
Nifty PSE TRI,2024-02-15,12934.58687347604
Nifty PSE TRI,2024-02-16,12873.85139858677
Nifty PSE TRI,2024-02-20,12929.394825252466
Nifty PSE TRI,2024-02-21,12607.429013678993
Nifty PSE TRI,2024-02-22,12755.396194518225
Nifty PSE TRI,2024-02-23,12735.758003320094
Nifty PSE TRI,2024-02-26,12743.263185864209
Nifty PSE TRI,2024-02-27,12673.105029299291
Nifty PSE TRI,2024-02-28,12420.1470937042
Nifty PSE TRI,2024-02-29,12495.160500637528
Nifty PSE TRI,2024-03-01,12780.551579670233
Nifty PSE TRI,2024-03-04,13134.624124913144
Nifty PSE TRI,2024-03-05,13221.13083760603
Nifty PSE TRI,2024-03-06,13137.630398853173
Nifty PSE TRI,2024-03-07,13130.243038232047
Nifty PSE TRI,2024-03-11,13018.243123198392
Nifty PSE TRI,2024-03-12,12834.873415252026
Nifty PSE TRI,2024-03-13,11982.780516561133
Nifty PSE TRI,2024-03-14,12239.030094181748
Nifty PSE TRI,2024-03-15,11937.797389787152
Nifty PSE TRI,2024-03-18,11959.247343104536
Nifty PSE TRI,2024-03-19,11730.609519683498
Nifty PSE TRI,2024-03-20,11817.724544369394
Nifty PSE TRI,2024-03-21,12233.595668566115
Nifty PSE TRI,2024-03-22,12280.157650027168
Nifty PSE TRI,2024-03-26,12387.024860699266
Nifty PSE TRI,2024-03-27,12322.388266890111
Nifty PSE TRI,2024-03-28,12495.959988916218
Nifty PSE TRI,2024-04-01,12732.549712780605
Nifty PSE TRI,2024-04-02,12945.808754234055
Nifty PSE TRI,2024-04-03,13057.686690504679
Nifty PSE TRI,2024-04-04,12971.680808172985
Nifty PSE TRI,2024-04-05,12999.831704722435
Nifty PSE TRI,2024-04-08,13078.5516463076
Nifty PSE TRI,2024-04-09,13034.468633745333
Nifty PSE TRI,2024-04-10,13222.63642851805
Nifty PSE TRI,2024-04-12,13138.241269367025
Nifty PSE TRI,2024-04-15,13087.34872708798
Nifty PSE TRI,2024-04-16,13153.521563492359
Nifty PSE TRI,2024-04-18,12989.313063857739
Nifty PSE TRI,2024-04-19,12997.7366102466
Nifty PSE TRI,2024-04-22,13086.06498729586
Nifty PSE TRI,2024-04-23,13100.878651152172
Nifty PSE TRI,2024-04-24,13310.841464217758
Nifty PSE TRI,2024-04-25,13488.443475845328
Nifty PSE TRI,2024-04-26,13560.522201512269
Nifty PSE TRI,2024-04-29,13643.787524359113
Nifty PSE TRI,2024-04-30,13719.94500446224
Nifty PSE TRI,2024-05-02,14035.758487101277
Nifty PSE TRI,2024-05-03,14100.90384826558
Nifty PSE TRI,2024-05-06,13710.609775235995
Nifty PSE TRI,2024-05-07,13369.3143462537
Nifty PSE TRI,2024-05-08,13690.141886884569
Nifty PSE TRI,2024-05-09,13224.475046367785
Nifty PSE TRI,2024-05-10,13420.66043734358
Nifty PSE TRI,2024-05-13,13376.250747547843
Nifty PSE TRI,2024-05-14,13626.298638070419
Nifty PSE TRI,2024-05-15,13867.103749254005
Nifty PSE TRI,2024-05-16,14010.0856233952
Nifty PSE TRI,2024-05-17,14200.23003664133
Nifty PSE TRI,2024-05-21,14661.692867469008
Nifty PSE TRI,2024-05-22,14695.132406350474
Nifty PSE TRI,2024-05-23,14708.08905065169
Nifty PSE TRI,2024-05-24,14887.095161028508
Nifty PSE TRI,2024-05-27,14856.141739880191
Nifty PSE TRI,2024-05-28,14654.46408830634
Nifty PSE TRI,2024-05-29,14610.54223911993
Nifty PSE TRI,2024-05-30,14363.010208369507
Nifty PSE TRI,2024-05-31,14461.042809970844
Nifty PSE TRI,2024-06-03,15593.314364787811
Nifty PSE TRI,2024-06-04,13039.252210820876
Nifty PSE TRI,2024-06-05,13367.751844304383
Nifty PSE TRI,2024-06-06,13860.079664731496
Nifty PSE TRI,2024-06-07,14172.229032349816
Nifty PSE TRI,2024-06-10,14235.542119361437
Nifty PSE TRI,2024-06-11,14424.300796781517
Nifty PSE TRI,2024-06-12,14626.098291973605
Nifty PSE TRI,2024-06-13,14747.8500658969
Nifty PSE TRI,2024-06-14,14879.32645507351
Nifty PSE TRI,2024-06-18,15033.562720637423
Nifty PSE TRI,2024-06-19,14709.613062980556
Nifty PSE TRI,2024-06-20,14691.596244533624
Nifty PSE TRI,2024-06-21,14611.02687912062
Nifty PSE TRI,2024-06-24,14672.900936112037
Nifty PSE TRI,2024-06-25,14566.675846525617
Nifty PSE TRI,2024-06-26,14530.656303641614
Nifty PSE TRI,2024-06-27,14631.082313933533
Nifty PSE TRI,2024-06-28,14728.835044291085
Nifty PSE TRI,2024-07-01,14796.138249512289
Nifty PSE TRI,2024-07-02,14773.010142993226
Nifty PSE TRI,2024-07-03,15013.102515715369
Nifty PSE TRI,2024-07-04,15088.374975533396
Nifty PSE TRI,2024-07-05,15300.80269272232
Nifty PSE TRI,2024-07-08,15483.011262786658
Nifty PSE TRI,2024-07-09,15495.369535614574
Nifty PSE TRI,2024-07-10,15568.77286966316
Nifty PSE TRI,2024-07-11,15740.344252662722
Nifty PSE TRI,2024-07-12,15693.808767361204
Nifty PSE TRI,2024-07-15,15889.567903039033
Nifty PSE TRI,2024-07-16,15795.693400927179
Nifty PSE TRI,2024-07-18,15581.267358623569
Nifty PSE TRI,2024-07-19,15085.876318570507
Nifty PSE TRI,2024-07-22,15364.510031393718
Nifty PSE TRI,2024-07-23,15150.63955919821
Nifty PSE TRI,2024-07-24,15336.693664096581
Nifty PSE TRI,2024-07-25,15518.216114076573
Nifty PSE TRI,2024-07-26,15749.063881994693
Nifty PSE TRI,2024-07-29,15936.728859962632
Nifty PSE TRI,2024-07-30,16082.230624502094
Nifty PSE TRI,2024-07-31,16141.408570587218
Nifty PSE TRI,2024-08-01,16215.929293584131
Nifty PSE TRI,2024-08-02,15930.953185482495
Nifty PSE TRI,2024-08-05,15323.920292912886
Nifty PSE TRI,2024-08-06,15144.255403045867
Nifty PSE TRI,2024-08-07,15737.381674127484
Nifty PSE TRI,2024-08-08,15479.83271886662
Nifty PSE TRI,2024-08-09,15629.201278058363
Nifty PSE TRI,2024-08-12,15581.906729087797
Nifty PSE TRI,2024-08-13,15336.980828289421
Nifty PSE TRI,2024-08-14,15178.721043700643
Nifty PSE TRI,2024-08-16,15468.016261355564
Nifty PSE TRI,2024-08-19,15650.905805631923
Nifty PSE TRI,2024-08-20,15723.345187736519
Nifty PSE TRI,2024-08-21,15744.81387349297
Nifty PSE TRI,2024-08-22,15697.523712614075
Nifty PSE TRI,2024-08-23,15667.453460332426
Nifty PSE TRI,2024-08-26,15838.22153665164
Nifty PSE TRI,2024-08-27,15821.024630826261
Nifty PSE TRI,2024-08-28,15779.671323759889
Nifty PSE TRI,2024-08-29,15812.43649871072
Nifty PSE TRI,2024-08-30,15910.334679719472
Nifty PSE TRI,2024-09-02,15814.705175962059
Nifty PSE TRI,2024-09-03,15823.527871633123
Nifty PSE TRI,2024-09-04,15703.225495475515
Nifty PSE TRI,2024-09-05,15623.134742350707
Nifty PSE TRI,2024-09-06,15310.711924441384
Nifty PSE TRI,2024-09-09,15092.114245871515
Nifty PSE TRI,2024-09-10,15140.71935277911
Nifty PSE TRI,2024-09-11,14893.201445427585
Nifty PSE TRI,2024-09-12,15193.26821863004
Nifty PSE TRI,2024-09-13,15121.205591780932
Nifty PSE TRI,2024-09-16,15170.699328533208
Nifty PSE TRI,2024-09-17,15077.479467676143
Nifty PSE TRI,2024-09-18,14980.36624390182
Nifty PSE TRI,2024-09-19,14740.881869400273
Nifty PSE TRI,2024-09-20,14908.920911309675
Nifty PSE TRI,2024-09-23,15174.413986329922
Nifty PSE TRI,2024-09-24,15326.78857333422
Nifty PSE TRI,2024-09-25,15410.196071327044
Nifty PSE TRI,2024-09-26,15444.452203156128
Nifty PSE TRI,2024-09-27,15678.00943139196
Nifty PSE TRI,2024-09-30,15655.73522821379
Nifty PSE TRI,2024-10-01,15594.088532046884
Nifty PSE TRI,2024-10-03,15205.765783200473
Nifty PSE TRI,2024-10-04,15064.01363164123
Nifty PSE TRI,2024-10-07,14582.366524416015
Nifty PSE TRI,2024-10-08,14872.1114525777
Nifty PSE TRI,2024-10-09,14893.45203711513
Nifty PSE TRI,2024-10-10,14999.816436336581
Nifty PSE TRI,2024-10-11,15021.515457779842
Nifty PSE TRI,2024-10-14,15079.199095685712
Nifty PSE TRI,2024-10-15,15132.221496719727
Nifty PSE TRI,2024-10-16,15119.35770823744
Nifty PSE TRI,2024-10-17,14883.03868900569
Nifty PSE TRI,2024-10-18,14977.306759708441
Nifty PSE TRI,2024-10-21,14755.788955335145
Nifty PSE TRI,2024-10-22,14276.523720980387
Nifty PSE TRI,2024-10-23,14141.750070961249
Nifty PSE TRI,2024-10-24,14232.672034080897
Nifty PSE TRI,2024-10-25,13865.965587620023
Nifty PSE TRI,2024-10-28,13960.158109878445
Nifty PSE TRI,2024-10-29,14198.497282344562
Nifty PSE TRI,2024-10-30,14161.232249777133
Nifty PSE TRI,2024-10-31,14144.535205960468
Nifty PSE TRI,2024-11-01,14272.555031010916
Nifty PSE TRI,2024-11-04,13965.305000500597
Nifty PSE TRI,2024-11-05,14109.129410213347
Nifty PSE TRI,2024-11-06,14448.847933969699
Nifty PSE TRI,2024-11-07,14353.51532907483
Nifty PSE TRI,2024-11-08,14122.422561618678
Nifty PSE TRI,2024-11-11,14207.015747239184
Nifty PSE TRI,2024-11-12,13866.154491386866
Nifty PSE TRI,2024-11-13,13628.55081617643
Nifty PSE TRI,2024-11-14,13503.549736274816
Nifty PSE TRI,2024-11-18,13437.19534123231
Nifty PSE TRI,2024-11-19,13526.626741208105
Nifty PSE TRI,2024-11-21,13352.70732420129
Nifty PSE TRI,2024-11-22,13676.522118473196
Nifty PSE TRI,2024-11-25,14026.780209469722
Nifty PSE TRI,2024-11-26,13960.817353146393
Nifty PSE TRI,2024-11-27,14139.391121585677
Nifty PSE TRI,2024-11-28,14068.412201278816
Nifty PSE TRI,2024-11-29,14097.359825269592
Nifty PSE TRI,2024-12-02,14071.868802560055
Nifty PSE TRI,2024-12-03,14245.507180716508
Nifty PSE TRI,2024-12-04,14279.77047646116
Nifty PSE TRI,2024-12-05,14320.23781568813
Nifty PSE TRI,2024-12-06,14389.417054325195
Nifty PSE TRI,2024-12-09,14429.549446354662
Nifty PSE TRI,2024-12-10,14429.06170763911
Nifty PSE TRI,2024-12-11,14445.927432308592
Nifty PSE TRI,2024-12-12,14291.537513868547
Nifty PSE TRI,2024-12-13,14312.300768064511
Nifty PSE TRI,2024-12-16,14282.434885716048
Nifty PSE TRI,2024-12-17,14057.20969618952
Nifty PSE TRI,2024-12-18,13754.135001738001
Nifty PSE TRI,2024-12-19,13678.984010837716
Nifty PSE TRI,2024-12-20,13347.179790006734
Nifty PSE TRI,2024-12-23,13428.150607567854
Nifty PSE TRI,2024-12-24,13407.712521226456
Nifty PSE TRI,2024-12-26,13480.689098479688
Nifty PSE TRI,2024-12-27,13337.380327544844
Nifty PSE TRI,2024-12-30,13140.703017438698
Nifty PSE TRI,2024-12-31,13305.393660402939
Nifty PSE TRI,2025-01-02,13557.289913520344
Nifty PSE TRI,2025-01-03,13653.352583625216
Nifty PSE TRI,2025-01-06,13166.962300585046
Nifty PSE TRI,2025-01-07,13274.194929109652
Nifty PSE TRI,2025-01-08,13261.126440275419
Nifty PSE TRI,2025-01-09,13029.894843257294
Nifty PSE TRI,2025-01-10,12724.460690548445
Nifty PSE TRI,2025-01-13,12232.062199437485
Nifty PSE TRI,2025-01-14,12617.177292555258
Nifty PSE TRI,2025-01-15,12735.819801687167
Nifty PSE TRI,2025-01-16,12918.894092237031
Nifty PSE TRI,2025-01-17,13096.335077504573
Nifty PSE TRI,2025-01-20,13269.653162932176
Nifty PSE TRI,2025-01-21,13038.232385505647
Nifty PSE TRI,2025-01-22,12835.159005484926
Nifty PSE TRI,2025-01-23,12875.79900590662
Nifty PSE TRI,2025-01-24,12679.328055861197
Nifty PSE TRI,2025-01-27,12336.008078758343
Nifty PSE TRI,2025-01-28,12188.253440942413
Nifty PSE TRI,2025-01-29,12408.02559318309
Nifty PSE TRI,2025-01-30,12644.050070362917
Nifty PSE TRI,2025-01-31,12978.65103518493
Nifty PSE TRI,2025-02-03,12182.216356644172
Nifty PSE TRI,2025-02-04,12514.706596567872
Nifty PSE TRI,2025-02-05,12702.911173304514
Nifty PSE TRI,2025-02-06,12517.098482883855
Nifty PSE TRI,2025-02-07,12497.023018203361
Nifty PSE TRI,2025-02-10,12224.725156957766
Nifty PSE TRI,2025-02-11,11899.607460480187
Nifty PSE TRI,2025-02-12,11841.405617659222
Nifty PSE TRI,2025-02-13,11906.325668557329
Nifty PSE TRI,2025-02-14,11608.281248618106
Nifty PSE TRI,2025-02-17,11681.495527484682
Nifty PSE TRI,2025-02-18,11711.344991758548
Nifty PSE TRI,2025-02-19,11851.07286484874
Nifty PSE TRI,2025-02-20,12106.16317554111
Nifty PSE TRI,2025-02-21,12003.535266322218
Nifty PSE TRI,2025-02-24,11831.962383243634
Nifty PSE TRI,2025-02-25,11716.747562097074
Nifty PSE TRI,2025-02-27,11602.722942615286
Nifty PSE TRI,2025-02-28,11301.082234086984
Nifty PSE TRI,2025-03-03,11450.552931245695
Nifty PSE TRI,2025-03-04,11617.019422970383
Nifty PSE TRI,2025-03-05,11998.417684528933
Nifty PSE TRI,2025-03-06,12230.416537762396
Nifty PSE TRI,2025-03-07,12138.21466354433
Nifty PSE TRI,2025-03-10,11987.328870307796
Nifty PSE TRI,2025-03-11,12095.708083368061
Nifty PSE TRI,2025-03-12,12085.445124171201
Nifty PSE TRI,2025-03-13,12077.776441590011
Nifty PSE TRI,2025-03-17,12136.883132188706
Nifty PSE TRI,2025-03-18,12363.95703315235
Nifty PSE TRI,2025-03-19,12582.642283248919
Nifty PSE TRI,2025-03-20,12700.248736786092
Nifty PSE TRI,2025-03-21,12942.072486447294
Nifty PSE TRI,2025-03-24,13288.530574399329
Nifty PSE TRI,2025-03-25,13145.96316055939
Nifty PSE TRI,2025-03-26,12970.453761356779
Nifty PSE TRI,2025-03-27,13141.70254625059
Nifty PSE TRI,2025-03-28,13117.809994874648
Nifty PSE TRI,2025-04-01,13067.286441148048
Nifty PSE TRI,2025-04-02,13083.689831164418
Nifty PSE TRI,2025-04-03,13218.92876116381
Nifty PSE TRI,2025-04-04,12809.217274837096
Nifty PSE TRI,2025-04-07,12492.735919521574
Nifty PSE TRI,2025-04-08,12725.494481061516
Nifty PSE TRI,2025-04-09,12668.249926536786
Nifty PSE TRI,2025-04-11,12981.259022140515
Nifty PSE TRI,2025-04-15,13231.905750178448
Nifty PSE TRI,2025-04-16,13336.765064906736
Nifty PSE TRI,2025-04-17,13419.634514026862
Nifty PSE TRI,2025-04-21,13695.392747158556
Nifty PSE TRI,2025-04-22,13646.038221802693
Nifty PSE TRI,2025-04-23,13696.752878078338
Nifty PSE TRI,2025-04-24,13671.726169670257
Nifty PSE TRI,2025-04-25,13321.952746555618
Nifty PSE TRI,2025-04-28,13577.98788976865
Nifty PSE TRI,2025-04-29,13556.813934021297
Nifty PSE TRI,2025-04-30,13451.486382789031
Nifty PSE TRI,2025-05-02,13411.153466125019
Nifty PSE TRI,2025-05-05,13565.833280054801
Nifty PSE TRI,2025-05-06,13270.625007084906
Nifty PSE TRI,2025-05-07,13379.082830730544
Nifty PSE TRI,2025-05-08,13147.390807985912
Nifty PSE TRI,2025-05-09,13070.977834754374
Nifty PSE TRI,2025-05-12,13545.495975184123
Nifty PSE TRI,2025-05-13,13489.157957592548
Nifty PSE TRI,2025-05-14,13631.839913812188
Nifty PSE TRI,2025-05-15,13778.273156153007
Nifty PSE TRI,2025-05-16,14029.183971741453
Nifty PSE TRI,2025-05-19,14041.470252816653
Nifty PSE TRI,2025-05-20,13877.764177734296
Nifty PSE TRI,2025-05-21,14046.750187528109
Nifty PSE TRI,2025-05-22,13934.60344519538
Nifty PSE TRI,2025-05-23,14018.8416640325
Nifty PSE TRI,2025-05-26,14112.327454045526
Nifty PSE TRI,2025-05-27,14063.727319517073
Nifty PSE TRI,2025-05-28,14075.60463906947
Nifty PSE TRI,2025-05-29,14074.2306270151
Nifty PSE TRI,2025-05-30,13914.4349211319
Nifty PSE TRI,2025-06-02,13969.369934795743
Nifty PSE TRI,2025-06-03,13823.698358517444
Nifty PSE TRI,2025-06-04,13893.326513651986
Nifty PSE TRI,2025-06-05,13952.595023356553
Nifty PSE TRI,2025-06-06,14062.376748164792
Nifty PSE TRI,2025-06-09,14231.093851200072
Nifty PSE TRI,2025-06-10,14282.432958430014
Nifty PSE TRI,2025-06-11,14298.569033687974
Nifty PSE TRI,2025-06-12,13999.209304737005
Nifty PSE TRI,2025-06-13,13953.862151832667
Nifty PSE TRI,2025-06-16,14097.508041145427
Nifty PSE TRI,2025-06-17,14010.36686877033
Nifty PSE TRI,2025-06-18,13905.776356772561
Nifty PSE TRI,2025-06-19,13746.104762680163
Nifty PSE TRI,2025-06-20,13957.996023502214
Nifty PSE TRI,2025-06-23,14050.724012088604
Nifty PSE TRI,2025-06-24,14001.60236246269
Nifty PSE TRI,2025-06-25,13945.76442254087
Nifty PSE TRI,2025-06-26,14133.388118876446
Nifty PSE TRI,2025-06-27,14237.6843742979
Nifty PSE TRI,2025-06-30,14262.545859353937
Nifty PSE TRI,2025-07-01,14253.68866698215
Nifty PSE TRI,2025-07-02,14178.3388326263
Nifty PSE TRI,2025-07-03,14201.414832327318
Nifty PSE TRI,2025-07-04,14288.592575323339
Nifty PSE TRI,2025-07-07,14252.120070523506
Nifty PSE TRI,2025-07-08,14364.772707660484
Nifty PSE TRI,2025-07-09,14316.470645460886
Nifty PSE TRI,2025-07-10,14291.774300651645
Nifty PSE TRI,2025-07-11,14205.138439969409
Nifty PSE TRI,2025-07-14,14206.605374441442
Nifty PSE TRI,2025-07-15,14243.210387687399
Nifty PSE TRI,2025-07-16,14233.705099262657
Nifty PSE TRI,2025-07-17,14198.452999851108
Nifty PSE TRI,2025-07-18,14094.014626789924
Nifty PSE TRI,2025-07-21,14154.748622922685
Nifty PSE TRI,2025-07-22,14134.690151101488
Nifty PSE TRI,2025-07-23,14191.830281458695
Nifty PSE TRI,2025-07-24,14137.45144190852
Nifty PSE TRI,2025-07-25,13856.314559672981
Nifty PSE TRI,2025-07-28,13751.3204607699
Nifty PSE TRI,2025-07-29,13845.19623058818
Nifty PSE TRI,2025-07-30,13847.902125283468
Nifty PSE TRI,2025-07-31,13710.568134645417
Nifty PSE TRI,2025-08-01,13506.233738019078
Nifty PSE TRI,2025-08-04,13637.154662988574
Nifty PSE TRI,2025-08-05,13630.99430605184
Nifty PSE TRI,2025-08-06,13576.66999673025
Nifty PSE TRI,2025-08-07,13516.176378299526
Nifty PSE TRI,2025-08-08,13500.797517535922
Nifty PSE TRI,2025-08-11,13567.585021325569
Nifty PSE TRI,2025-08-12,13578.139911299319
Nifty PSE TRI,2025-08-13,13678.050921682114
Nifty PSE TRI,2025-08-14,13582.668017795486
Nifty PSE TRI,2025-08-18,13535.233348185186
Nifty PSE TRI,2025-08-19,13558.337642234526
Nifty PSE TRI,2025-08-20,13565.634838799782
Nifty PSE TRI,2025-08-21,13503.167195145252
Nifty PSE TRI,2025-08-22,13431.189538967237
Nifty PSE TRI,2025-08-25,13427.673803068585
Nifty PSE TRI,2025-08-26,13203.680951800698
Nifty PSE TRI,2025-08-28,13083.390150068513
Nifty PSE TRI,2025-08-29,13056.112750679094
Nifty PSE TRI,2025-09-01,13291.414935364635
Nifty PSE TRI,2025-09-02,13446.787292959707
Nifty PSE TRI,2025-09-03,13488.144857631827
Nifty PSE TRI,2025-09-04,13336.548342305063
Nifty PSE TRI,2025-09-05,13349.940749086052
Nifty PSE TRI,2025-09-08,13357.546905608966
Nifty PSE TRI,2025-09-09,13332.46753482743
Nifty PSE TRI,2025-09-10,13486.009903336422
Nifty PSE TRI,2025-09-11,13618.912070619115
Nifty PSE TRI,2025-09-12,13716.329439368908
Nifty PSE TRI,2025-09-15,13761.154762621189
Nifty PSE TRI,2025-09-16,13881.620099679272
Nifty PSE TRI,2025-09-17,13984.91171046788
Nifty PSE TRI,2025-09-18,13979.179693697608
Nifty PSE TRI,2025-09-19,14022.889721362493
Nifty PSE TRI,2025-09-22,13985.305755648023
Nifty PSE TRI,2025-09-23,14018.29824724171
Nifty PSE TRI,2025-09-24,13970.354054443944
Nifty PSE TRI,2025-09-25,13900.5860414814
Nifty PSE TRI,2025-09-26,13730.880662450973
Nifty PSE TRI,2025-09-29,13894.81958439239
Nifty PSE TRI,2025-09-30,13935.214960177911
Nifty PSE TRI,2025-10-01,13974.904767687392
Nifty PSE TRI,2025-10-03,14118.295954903777
Nifty PSE TRI,2025-10-06,14109.212187643516
Nifty PSE TRI,2025-10-07,14125.244124032417
Nifty PSE TRI,2025-10-08,13967.863248392949
Nifty PSE TRI,2025-10-09,14063.55902499044
Nifty PSE TRI,2025-10-10,14115.873697160936
Nifty PSE TRI,2025-10-13,14041.676136301216
Nifty PSE TRI,2025-10-14,13914.538909392291
Nifty PSE TRI,2025-10-15,14092.109513542571
Nifty PSE TRI,2025-10-16,14135.62035406316
Nifty PSE TRI,2025-10-17,14084.619275333444
Nifty PSE TRI,2025-10-20,14127.768287878267
Nifty PSE TRI,2025-10-21,14148.444683630945
Nifty PSE TRI,2025-10-23,14121.520803064112
Nifty PSE TRI,2025-10-24,14110.299343935174
Nifty PSE TRI,2025-10-27,14180.749735523144
Nifty PSE TRI,2025-10-28,14081.351326506152
Nifty PSE TRI,2025-10-29,14318.6482317263
Nifty PSE TRI,2025-10-30,14321.111954199218
Nifty PSE TRI,2025-10-31,14337.896502296524
Nifty PSE TRI,2025-11-03,14384.056237325962
Nifty PSE TRI,2025-11-04,14225.905315351409
Nifty PSE TRI,2025-11-06,13990.214722420627
Nifty PSE TRI,2025-11-07,14070.84488310236
Nifty PSE TRI,2025-11-10,14117.898240207409
Nifty PSE TRI,2025-11-11,14243.333176423253
Nifty PSE TRI,2025-11-12,14252.994026181332
Nifty PSE TRI,2025-11-13,14199.76684837218
Nifty PSE TRI,2025-11-14,14240.374086861417
Nifty PSE TRI,2025-11-17,14327.066984587214
Nifty PSE TRI,2025-11-18,14258.134385749432
Nifty PSE TRI,2025-11-19,14209.593241734927
Nifty PSE TRI,2025-11-20,14197.49999954933
Nifty PSE TRI,2025-11-21,14078.747027745541
Nifty PSE TRI,2025-11-24,13881.304979722678
Nifty PSE TRI,2025-11-25,13858.26625863867
Nifty PSE TRI,2025-11-26,14045.753700299587
Nifty PSE TRI,2025-11-27,14000.169842180574
Nifty PSE TRI,2025-11-28,13910.183047245067
Nifty PSE TRI,2025-12-01,13933.494418077624
Nifty PSE TRI,2025-12-02,13893.597468352786
Nifty PSE TRI,2025-12-03,13732.744352650332
Nifty PSE TRI,2025-12-04,13771.446284158106
Nifty PSE TRI,2025-12-05,13785.302222370163
Nifty PSE TRI,2025-12-08,13498.401795692718
Nifty PSE TRI,2025-12-09,13554.60078389689
Nifty PSE TRI,2025-12-10,13556.302663617442
Nifty PSE TRI,2025-12-11,13567.577784148738
Nifty PSE TRI,2025-12-12,13666.301597922231
Nifty PSE TRI,2025-12-15,13673.217328403038
Nifty PSE TRI,2025-12-16,13553.298231280223
Nifty PSE TRI,2025-12-17,13542.850878680656
Nifty PSE TRI,2025-12-18,13477.869315650616
Nifty PSE TRI,2025-12-19,13631.455972207461
Nifty PSE TRI,2025-12-22,13782.566603221134
Nifty PSE TRI,2025-12-23,13924.775673444477
Nifty PSE TRI,2025-12-24,13892.468855127598
Nifty PSE TRI,2025-12-26,13958.278701015475
Nifty PSE TRI,2025-12-29,13884.792513584815
Nifty PSE TRI,2025-12-30,13851.181393712583
Nifty PSE TRI,2025-12-31,14097.699469972733
Nifty PSE TRI,2026-01-02,14495.106149563764
Nifty PSE TRI,2026-01-05,14497.044145192296
Nifty PSE TRI,2026-01-06,14450.076073005059
Nifty PSE TRI,2026-01-07,14430.2266190942
Nifty PSE TRI,2026-01-08,14072.615887605498
Nifty PSE TRI,2026-01-09,13988.101744177717
Nifty PSE TRI,2026-01-12,14111.360075347064
Nifty PSE TRI,2026-01-13,14088.328666954681
Nifty PSE TRI,2026-01-14,14228.477945790717
Nifty PSE TRI,2026-01-16,14192.876494071445
Nifty PSE TRI,2026-01-19,14145.329359150444
Nifty PSE TRI,2026-01-20,13842.923300803466
Nifty PSE TRI,2026-01-21,13783.468589345493
Nifty PSE TRI,2026-01-22,13991.94784100177
Nifty PSE TRI,2026-01-23,13776.80752782246
Nifty PSE TRI,2026-01-27,13947.44278937374
Nifty PSE TRI,2026-01-28,14591.489774971395
Nifty PSE TRI,2026-01-29,14712.533227589422
Nifty PSE TRI,2026-01-30,14581.635507938972
Nifty PSE TRI,2026-02-02,14409.298439400938
Nifty PSE TRI,2026-02-03,14673.05322897649
Nifty PSE TRI,2026-02-04,14909.237237101015
Nifty PSE TRI,2026-02-05,14838.034069598649
Nifty PSE TRI,2026-02-06,14839.037224183174
Nifty PSE TRI,2026-02-09,14840.898308151733
Nifty PSE TRI,2026-02-10,14924.037053998096
Nifty PSE TRI,2026-02-11,14901.372211910042
Nifty PSE TRI,2026-02-12,14848.787686495572
Nifty PSE TRI,2026-02-13,14600.53692291152
Nifty PSE TRI,2026-02-16,14841.464493657004
Nifty PSE TRI,2026-02-17,14901.820796510103
Nifty PSE TRI,2026-02-18,14938.71465284012
Nifty PSE TRI,2026-02-19,14718.57801347796
Nifty PSE TRI,2026-02-20,14883.237154709741
Nifty PSE TRI,2026-02-23,14905.784225629708
Nifty PSE TRI,2026-02-24,14991.016147433616
Nifty PSE TRI,2026-02-25,15081.788084558959
Nifty PSE TRI,2026-02-26,15122.159637459561
Nifty PSE TRI,2026-02-27,15018.401503036388
Nifty PSE TRI,2026-03-02,14875.487666536144
Nifty PSE TRI,2026-03-04,14498.467637674983
Nifty PSE TRI,2026-03-05,14821.746908065965
Nifty PSE TRI,2026-03-06,14840.568435810697
Nifty PSE TRI,2026-03-09,14488.924697878763
Nifty PSE TRI,2026-03-10,14615.962910466902
Nifty PSE TRI,2026-03-11,14571.886146830193
Nifty PSE TRI,2026-03-12,14794.691491105315
Nifty PSE TRI,2026-03-13,14479.112248563752
Nifty PSE TRI,2026-03-16,14268.437328719363
Nifty PSE TRI,2026-03-17,14386.605343062656
Nifty PSE TRI,2026-03-18,14452.152613586364
Nifty PSE TRI,2026-03-19,14126.856698856547
Nifty PSE TRI,2026-03-20,14213.970687739004
Nifty PSE TRI,2026-03-23,13802.375932910762
Nifty PSE TRI,2026-03-24,13932.797366064411
Nifty PSE TRI,2026-03-25,14015.03469098515
Nifty PSE TRI,2026-03-27,13924.830539844545
Nifty PSE TRI,2026-03-30,13758.67559814777
Nifty PSE TRI,2026-04-01,13963.222581468543
Nifty PSE TRI,2026-04-02,13916.803460669928
Nifty PSE TRI,2026-04-06,14057.87304794734
Nifty PSE TRI,2026-04-07,14155.16813090758
Nifty PSE TRI,2026-04-08,14427.821512165858
Nifty PSE TRI,2026-04-09,14592.272794875786
Nifty PSE TRI,2026-04-10,14653.46833033471
Nifty PSE TRI,2026-04-13,14641.241399590086
Nifty PSE TRI,2026-04-15,14956.401693277687
Nifty PSE TRI,2026-04-16,15065.414504060785
Nifty PSE TRI,2026-04-17,15258.819233227785
Nifty PSE TRI,2026-04-20,15320.003290597515
Nifty PSE TRI,2026-04-21,15316.497789152307
Nifty PSE TRI,2026-04-22,15398.40549810324
Nifty PSE TRI,2026-04-23,15353.457796373143
Nifty PSE TRI,2026-04-24,15278.802489913462
Nifty PSE TRI,2026-04-27,15414.28327923766
Nifty PSE TRI,2026-04-28,15526.804636559058
Nifty PSE TRI,2026-04-29,15466.414443215011
Nifty PSE TRI,2026-04-30,15330.939932616575
Nifty PSE TRI,2026-05-04,15408.52292357999
Nifty PSE TRI,2026-05-05,15397.155292971354
Nifty PSE TRI,2026-05-06,15463.057015820294
Nifty PSE TRI,2026-05-07,15533.58560484325
Nifty PSE TRI,2026-05-08,15457.788444361076
Nifty PSE TRI,2026-05-11,15251.769489186976
Nifty PSE TRI,2026-05-12,15077.267587435614
Nifty PSE TRI,2026-05-13,15256.790971266108
Nifty PSE TRI,2026-05-14,15304.3826653232
Nifty PSE TRI,2026-05-15,15139.738357943592
Nifty PSE TRI,2026-05-18,14933.629223220629
Nifty PSE TRI,2026-05-19,14956.80699391586
Nifty PSE TRI,2026-05-20,15000.137699730325
Nifty PSE TRI,2026-05-21,15039.716469566409
Nifty PSE TRI,2026-05-22,14968.725047326223
Nifty PSE TRI,2026-05-25,15144.343110032576
Nifty PSE TRI,2026-05-26,15070.014888079339
Nifty PSE TRI,2026-05-27,15136.781108434243
Nifty PSE TRI,2026-05-29,14780.492043916473
Nifty PSE TRI,2026-06-01,14673.778503917601
Nifty PSE TRI,2026-06-02,14574.879875575474
Nifty PSE TRI,2026-06-03,14586.274427498409
Nifty PSE TRI,2026-06-04,14634.537821378524
Nifty PSE TRI,2026-06-05,14575.089847136765
Nifty PSE TRI,2026-06-08,14522.440655402914
Nifty PSE TRI,2026-06-09,14524.217638554617
Nifty PSE TRI,2026-06-10,14295.589022101929
Nifty PSE TRI,2026-06-11,14151.113882784166
Nifty PSE TRI,2026-06-12,14316.761032905608
Nifty PSE TRI,2026-06-15,14401.847444534904
Nifty PSE TRI,2026-06-16,14494.629115904861
Nifty PSE TRI,2026-06-17,14641.472857650884
Nifty PSE TRI,2026-06-18,14742.09830887034
Nifty PSE TRI,2026-06-19,14730.793386548796
Nifty PSE TRI,2026-06-22,14832.647970131466
Nifty PSE TRI,2026-06-23,14675.641985176422
Nifty PSE TRI,2026-06-24,14606.635311690432
Nifty PSE TRI,2026-06-25,14411.731278287467
Nifty PSE TRI,2026-06-30,14455.27410225072
