index_name,date,tri
Nifty 500 TRI,2011-06-30,4522.9501953125
Nifty 500 TRI,2011-07-01,4522.197491127995
Nifty 500 TRI,2011-07-04,4549.744217487622
Nifty 500 TRI,2011-07-05,4537.841035905184
Nifty 500 TRI,2011-07-06,4536.188592300237
Nifty 500 TRI,2011-07-07,4608.903621127604
Nifty 500 TRI,2011-07-08,4555.989988956619
Nifty 500 TRI,2011-07-11,4524.674980151089
Nifty 500 TRI,2011-07-12,4461.047763566332
Nifty 500 TRI,2011-07-13,4510.314405868187
Nifty 500 TRI,2011-07-14,4527.569627008868
Nifty 500 TRI,2011-07-15,4516.862079521199
Nifty 500 TRI,2011-07-18,4512.401861389813
Nifty 500 TRI,2011-07-19,4541.567233235163
Nifty 500 TRI,2011-07-20,4501.039094665574
Nifty 500 TRI,2011-07-21,4478.770824739845
Nifty 500 TRI,2011-07-22,4547.566012959687
Nifty 500 TRI,2011-07-25,4581.489104266183
Nifty 500 TRI,2011-07-26,4508.6769021965565
Nifty 500 TRI,2011-07-27,4495.261905226368
Nifty 500 TRI,2011-07-28,4448.966365021401
Nifty 500 TRI,2011-07-29,4428.241810462704
Nifty 500 TRI,2011-08-01,4445.493552618833
Nifty 500 TRI,2011-08-02,4397.687185204666
Nifty 500 TRI,2011-08-03,4364.143033494276
Nifty 500 TRI,2011-08-04,4316.480950858786
Nifty 500 TRI,2011-08-05,4225.465007663945
Nifty 500 TRI,2011-08-08,4155.789806946743
Nifty 500 TRI,2011-08-09,4113.069779063952
Nifty 500 TRI,2011-08-10,4187.853802627114
Nifty 500 TRI,2011-08-11,4170.466553924131
Nifty 500 TRI,2011-08-12,4127.141865354972
Nifty 500 TRI,2011-08-16,4087.5694769391134
Nifty 500 TRI,2011-08-17,4087.702973608191
Nifty 500 TRI,2011-08-18,4000.5467524146793
Nifty 500 TRI,2011-08-19,3932.2158516139193
Nifty 500 TRI,2011-08-22,3977.3785227260423
Nifty 500 TRI,2011-08-23,4017.7793296768964
Nifty 500 TRI,2011-08-24,3977.237701509955
Nifty 500 TRI,2011-08-25,3936.6931763573257
Nifty 500 TRI,2011-08-26,3858.7265520356277
Nifty 500 TRI,2011-08-29,3985.151430991576
Nifty 500 TRI,2011-08-30,4046.4032267251337
Nifty 500 TRI,2011-09-02,4079.4176062358483
Nifty 500 TRI,2011-09-05,4072.050334027348
Nifty 500 TRI,2011-09-06,4102.300181626843
Nifty 500 TRI,2011-09-07,4155.754128989176
Nifty 500 TRI,2011-09-08,4173.379986444134
Nifty 500 TRI,2011-09-09,4107.613649990045
Nifty 500 TRI,2011-09-12,4020.454661603069
Nifty 500 TRI,2011-09-13,4016.927112990242
Nifty 500 TRI,2011-09-14,4061.618718062744
Nifty 500 TRI,2011-09-15,4107.315755913469
Nifty 500 TRI,2011-09-16,4115.5706554216795
Nifty 500 TRI,2011-09-19,4082.836308554195
Nifty 500 TRI,2011-09-20,4153.909128914562
Nifty 500 TRI,2011-09-21,4161.8158283552275
Nifty 500 TRI,2011-09-22,4005.122202472052
Nifty 500 TRI,2011-09-23,3963.086309996012
Nifty 500 TRI,2011-09-26,3926.067214227913
Nifty 500 TRI,2011-09-27,4021.7226946288097
Nifty 500 TRI,2011-09-28,3999.1874174435147
Nifty 500 TRI,2011-09-29,4036.7290947341116
Nifty 500 TRI,2011-09-30,3990.3214060650935
Nifty 500 TRI,2011-10-03,3915.3287134585603
Nifty 500 TRI,2011-10-04,3855.769745954566
Nifty 500 TRI,2011-10-05,3833.9764910599824
Nifty 500 TRI,2011-10-07,3926.6250374378114
Nifty 500 TRI,2011-10-10,3991.173106381369
Nifty 500 TRI,2011-10-11,3995.266960338221
Nifty 500 TRI,2011-10-12,4082.442589747185
Nifty 500 TRI,2011-10-13,4072.2404890248304
Nifty 500 TRI,2011-10-14,4104.885744292379
Nifty 500 TRI,2011-10-17,4098.363435705388
Nifty 500 TRI,2011-10-18,4037.6288638858105
Nifty 500 TRI,2011-10-19,4108.366316831533
Nifty 500 TRI,2011-10-20,4072.218120266521
Nifty 500 TRI,2011-10-21,4039.5300196222806
Nifty 500 TRI,2011-10-24,4062.009318706703
Nifty 500 TRI,2011-10-25,4117.1015839294305
Nifty 500 TRI,2011-10-28,4246.359074060531
Nifty 500 TRI,2011-10-31,4232.869289888017
Nifty 500 TRI,2011-11-01,4187.674416553812
Nifty 500 TRI,2011-11-02,4188.463743451165
Nifty 500 TRI,2011-11-03,4196.884553853097
Nifty 500 TRI,2011-11-04,4218.560968598219
Nifty 500 TRI,2011-11-08,4221.07016086998
Nifty 500 TRI,2011-11-09,4165.066613838617
Nifty 500 TRI,2011-11-11,4118.885828111225
Nifty 500 TRI,2011-11-14,4092.8213865144376
Nifty 500 TRI,2011-11-15,4015.004432394496
Nifty 500 TRI,2011-11-16,3983.4922382019004
Nifty 500 TRI,2011-11-17,3912.5983894330266
Nifty 500 TRI,2011-11-18,3886.9076027029846
Nifty 500 TRI,2011-11-21,3796.412119702017
Nifty 500 TRI,2011-11-22,3818.640535559584
Nifty 500 TRI,2011-11-23,3737.9305383265328
Nifty 500 TRI,2011-11-24,3780.9583002497393
Nifty 500 TRI,2011-11-25,3760.331583090389
Nifty 500 TRI,2011-11-28,3858.531384207148
Nifty 500 TRI,2011-11-29,3822.9304385981536
Nifty 500 TRI,2011-11-30,3830.341609636458
Nifty 500 TRI,2011-12-01,3898.1563890701714
Nifty 500 TRI,2011-12-02,3982.207455844695
Nifty 500 TRI,2011-12-05,3978.2250330212764
Nifty 500 TRI,2011-12-07,3991.402308487463
Nifty 500 TRI,2011-12-08,3904.2247026021946
Nifty 500 TRI,2011-12-09,3851.1716897982838
Nifty 500 TRI,2011-12-12,3771.3178042625345
Nifty 500 TRI,2011-12-13,3787.5782702268857
Nifty 500 TRI,2011-12-14,3757.0351681567417
Nifty 500 TRI,2011-12-15,3740.667494151704
Nifty 500 TRI,2011-12-16,3668.1397885441966
Nifty 500 TRI,2011-12-19,3624.1005927124647
Nifty 500 TRI,2011-12-20,3564.0800807302076
Nifty 500 TRI,2011-12-21,3661.6485943526586
Nifty 500 TRI,2011-12-22,3695.560861661962
Nifty 500 TRI,2011-12-23,3681.6511903636565
Nifty 500 TRI,2011-12-26,3725.5154968237825
Nifty 500 TRI,2011-12-27,3701.897928363703
Nifty 500 TRI,2011-12-28,3665.7049498466195
Nifty 500 TRI,2011-12-29,3629.1070713278673
Nifty 500 TRI,2011-12-30,3619.3164516377265
Nifty 500 TRI,2012-01-02,3624.450016675423
Nifty 500 TRI,2012-01-03,3723.470608796299
Nifty 500 TRI,2012-01-04,3717.806801694848
Nifty 500 TRI,2012-01-05,3719.034885557332
Nifty 500 TRI,2012-01-06,3717.7980905979557
Nifty 500 TRI,2012-01-09,3724.70346287529
Nifty 500 TRI,2012-01-10,3809.409370417963
Nifty 500 TRI,2012-01-11,3829.8124177953837
Nifty 500 TRI,2012-01-12,3821.7853828792036
Nifty 500 TRI,2012-01-13,3851.902592338002
Nifty 500 TRI,2012-01-16,3858.2689464516848
Nifty 500 TRI,2012-01-17,3925.685325475346
Nifty 500 TRI,2012-01-18,3907.4931211280327
Nifty 500 TRI,2012-01-19,3958.104222630212
Nifty 500 TRI,2012-01-20,3979.1221966640196
Nifty 500 TRI,2012-01-23,3979.5120740061657
Nifty 500 TRI,2012-01-24,4044.2795875672214
Nifty 500 TRI,2012-01-25,4079.5508481910424
Nifty 500 TRI,2012-01-27,4113.5993618812345
Nifty 500 TRI,2012-01-30,4023.824313551
Nifty 500 TRI,2012-01-31,4111.61915954681
Nifty 500 TRI,2012-02-01,4146.698795124567
Nifty 500 TRI,2012-02-02,4176.0404737541685
Nifty 500 TRI,2012-02-03,4218.376628292691
Nifty 500 TRI,2012-02-06,4257.719817458216
Nifty 500 TRI,2012-02-07,4229.604468317176
Nifty 500 TRI,2012-02-08,4263.68912937479
Nifty 500 TRI,2012-02-09,4303.769404202544
Nifty 500 TRI,2012-02-10,4289.806708146229
Nifty 500 TRI,2012-02-13,4296.674761565563
Nifty 500 TRI,2012-02-14,4321.700703822929
Nifty 500 TRI,2012-02-15,4414.485325740006
Nifty 500 TRI,2012-02-16,4419.1129024348475
Nifty 500 TRI,2012-02-17,4447.62122579627
Nifty 500 TRI,2012-02-21,4481.911283732907
Nifty 500 TRI,2012-02-22,4374.579073186305
Nifty 500 TRI,2012-02-23,4356.631681871501
Nifty 500 TRI,2012-02-24,4318.12335846781
Nifty 500 TRI,2012-02-27,4198.098253925837
Nifty 500 TRI,2012-02-28,4292.430131815638
Nifty 500 TRI,2012-02-29,4309.756531475676
Nifty 500 TRI,2012-03-01,4277.84201728496
Nifty 500 TRI,2012-03-02,4288.818441755126
Nifty 500 TRI,2012-03-05,4229.706707710952
Nifty 500 TRI,2012-03-06,4185.433425515405
Nifty 500 TRI,2012-03-07,4181.083785724492
Nifty 500 TRI,2012-03-09,4274.01927538288
Nifty 500 TRI,2012-03-12,4301.059593938952
Nifty 500 TRI,2012-03-13,4354.041622896769
Nifty 500 TRI,2012-03-14,4379.798646682496
Nifty 500 TRI,2012-03-15,4312.070206823737
Nifty 500 TRI,2012-03-16,4262.087026687082
Nifty 500 TRI,2012-03-19,4213.031710165834
Nifty 500 TRI,2012-03-20,4233.392723449322
Nifty 500 TRI,2012-03-21,4308.022992698927
Nifty 500 TRI,2012-03-22,4201.642226111506
Nifty 500 TRI,2012-03-23,4239.053252964182
Nifty 500 TRI,2012-03-26,4167.839763872788
Nifty 500 TRI,2012-03-27,4205.607273654554
Nifty 500 TRI,2012-03-28,4165.993168531372
Nifty 500 TRI,2012-03-29,4161.387430374429
Nifty 500 TRI,2012-03-30,4259.747986536655
Nifty 500 TRI,2012-04-02,4285.544304299993
Nifty 500 TRI,2012-04-03,4322.163872167722
Nifty 500 TRI,2012-04-04,4301.213822966111
Nifty 500 TRI,2012-04-09,4232.979510513741
Nifty 500 TRI,2012-04-10,4235.944235128248
Nifty 500 TRI,2012-04-11,4218.619936419746
Nifty 500 TRI,2012-04-12,4256.257459635652
Nifty 500 TRI,2012-04-13,4208.952312560214
Nifty 500 TRI,2012-04-16,4226.678868010386
Nifty 500 TRI,2012-04-17,4272.651829389249
Nifty 500 TRI,2012-04-18,4282.786459736941
Nifty 500 TRI,2012-04-19,4300.998930592055
Nifty 500 TRI,2012-04-20,4267.264802036319
Nifty 500 TRI,2012-04-23,4195.483656857969
Nifty 500 TRI,2012-04-24,4204.86036612878
Nifty 500 TRI,2012-04-25,4187.123226452384
Nifty 500 TRI,2012-04-26,4173.980167807388
Nifty 500 TRI,2012-04-27,4172.096663158317
Nifty 500 TRI,2012-04-30,4220.17814880262
Nifty 500 TRI,2012-05-02,4213.332472222294
Nifty 500 TRI,2012-05-03,4170.388999398854
Nifty 500 TRI,2012-05-04,4091.9363028807657
Nifty 500 TRI,2012-05-07,4116.683908109488
Nifty 500 TRI,2012-05-08,4033.571828794688
Nifty 500 TRI,2012-05-09,4004.556089713987
Nifty 500 TRI,2012-05-10,4000.5446268884725
Nifty 500 TRI,2012-05-11,3968.9999713484112
Nifty 500 TRI,2012-05-14,3947.8151689469764
Nifty 500 TRI,2012-05-15,3974.217246099054
Nifty 500 TRI,2012-05-16,3912.1989187611143
Nifty 500 TRI,2012-05-17,3920.1586176601336
Nifty 500 TRI,2012-05-18,3930.2917801794897
Nifty 500 TRI,2012-05-21,3946.2416097727905
Nifty 500 TRI,2012-05-22,3911.348566106648
Nifty 500 TRI,2012-05-23,3890.2501456190003
Nifty 500 TRI,2012-05-24,3947.0327345680284
Nifty 500 TRI,2012-05-25,3952.973946343229
Nifty 500 TRI,2012-05-28,4004.362866947321
Nifty 500 TRI,2012-05-29,4004.5442439052226
Nifty 500 TRI,2012-05-30,3967.0152524221517
Nifty 500 TRI,2012-05-31,3956.225598205988
Nifty 500 TRI,2012-06-01,3894.5785279760653
Nifty 500 TRI,2012-06-04,3893.7973797233312
Nifty 500 TRI,2012-06-05,3905.806134341327
Nifty 500 TRI,2012-06-06,4003.4669589020496
Nifty 500 TRI,2012-06-07,4041.5201423153007
Nifty 500 TRI,2012-06-08,4056.265340607009
Nifty 500 TRI,2012-06-11,4043.6158538684263
Nifty 500 TRI,2012-06-12,4087.087544041765
Nifty 500 TRI,2012-06-13,4090.10379349945
Nifty 500 TRI,2012-06-14,4038.145323550825
Nifty 500 TRI,2012-06-15,4094.11356516166
Nifty 500 TRI,2012-06-18,4037.7625128285545
Nifty 500 TRI,2012-06-19,4063.2869329929986
Nifty 500 TRI,2012-06-20,4085.0194093274854
Nifty 500 TRI,2012-06-21,4121.9796001684645
Nifty 500 TRI,2012-06-22,4111.541373742272
Nifty 500 TRI,2012-06-25,4092.718894260315
Nifty 500 TRI,2012-06-26,4101.403002093736
Nifty 500 TRI,2012-06-27,4118.38566067493
Nifty 500 TRI,2012-06-28,4123.78229953907
Nifty 500 TRI,2012-06-29,4220.663240743334
Nifty 500 TRI,2012-07-02,4231.450716110248
Nifty 500 TRI,2012-07-03,4247.580766708423
Nifty 500 TRI,2012-07-04,4264.267860828764
Nifty 500 TRI,2012-07-05,4288.598866107431
Nifty 500 TRI,2012-07-06,4275.782175799491
Nifty 500 TRI,2012-07-09,4235.708228339024
Nifty 500 TRI,2012-07-10,4288.134618362437
Nifty 500 TRI,2012-07-11,4262.813195465589
Nifty 500 TRI,2012-07-12,4216.330603930927
Nifty 500 TRI,2012-07-13,4208.52043876543
Nifty 500 TRI,2012-07-16,4186.656610257564
Nifty 500 TRI,2012-07-17,4174.945879497368
Nifty 500 TRI,2012-07-18,4191.993179708449
Nifty 500 TRI,2012-07-19,4209.901948415685
Nifty 500 TRI,2012-07-20,4187.203568146199
Nifty 500 TRI,2012-07-23,4121.07389164879
Nifty 500 TRI,2012-07-24,4131.589870445743
Nifty 500 TRI,2012-07-25,4114.607467595036
Nifty 500 TRI,2012-07-26,4055.1844372059786
Nifty 500 TRI,2012-07-27,4080.2851953522504
Nifty 500 TRI,2012-07-30,4157.522409059444
Nifty 500 TRI,2012-07-31,4180.299954512253
Nifty 500 TRI,2012-08-01,4196.037858711728
Nifty 500 TRI,2012-08-02,4193.186007585388
Nifty 500 TRI,2012-08-03,4183.3433354512035
Nifty 500 TRI,2012-08-06,4227.728600094635
Nifty 500 TRI,2012-08-07,4262.01396459557
Nifty 500 TRI,2012-08-08,4257.542774904706
Nifty 500 TRI,2012-08-09,4246.078793603021
Nifty 500 TRI,2012-08-10,4242.974945380109
Nifty 500 TRI,2012-08-13,4270.045003722509
Nifty 500 TRI,2012-08-14,4291.721615241395
Nifty 500 TRI,2012-08-16,4279.990933227366
Nifty 500 TRI,2012-08-17,4281.195304302823
Nifty 500 TRI,2012-08-21,4316.475376502534
Nifty 500 TRI,2012-08-22,4308.20169441939
Nifty 500 TRI,2012-08-23,4306.720199932649
Nifty 500 TRI,2012-08-24,4284.505786262968
Nifty 500 TRI,2012-08-27,4253.4428350731405
Nifty 500 TRI,2012-08-28,4234.721683418594
Nifty 500 TRI,2012-08-29,4201.651164547791
Nifty 500 TRI,2012-08-30,4221.410216769621
Nifty 500 TRI,2012-08-31,4188.032574068854
Nifty 500 TRI,2012-09-03,4186.617602950421
Nifty 500 TRI,2012-09-04,4207.241049637989
Nifty 500 TRI,2012-09-05,4173.959489328424
Nifty 500 TRI,2012-09-06,4184.84721912346
Nifty 500 TRI,2012-09-07,4255.782386365405
Nifty 500 TRI,2012-09-10,4278.617871166252
Nifty 500 TRI,2012-09-11,4295.749484285827
Nifty 500 TRI,2012-09-12,4321.9109273466065
Nifty 500 TRI,2012-09-13,4321.79845074575
Nifty 500 TRI,2012-09-14,4412.030534253188
Nifty 500 TRI,2012-09-17,4447.265250672313
Nifty 500 TRI,2012-09-18,4455.274205455487
Nifty 500 TRI,2012-09-20,4423.195158150631
Nifty 500 TRI,2012-09-21,4521.975135073156
Nifty 500 TRI,2012-09-24,4517.141168630876
Nifty 500 TRI,2012-09-25,4526.879243488915
Nifty 500 TRI,2012-09-26,4524.591336790482
Nifty 500 TRI,2012-09-27,4524.891252712874
Nifty 500 TRI,2012-09-28,4571.932405134958
Nifty 500 TRI,2012-10-01,4591.2613858073155
Nifty 500 TRI,2012-10-03,4608.463758131614
Nifty 500 TRI,2012-10-04,4649.019135877869
Nifty 500 TRI,2012-10-05,4617.191039642878
Nifty 500 TRI,2012-10-08,4568.856771278661
Nifty 500 TRI,2012-10-09,4592.765509840308
Nifty 500 TRI,2012-10-10,4546.257601736491
Nifty 500 TRI,2012-10-11,4593.421008001227
Nifty 500 TRI,2012-10-12,4575.850910890645
Nifty 500 TRI,2012-10-15,4582.0881890870205
Nifty 500 TRI,2012-10-16,4550.348075488294
Nifty 500 TRI,2012-10-17,4558.67233990244
Nifty 500 TRI,2012-10-18,4606.253068563122
Nifty 500 TRI,2012-10-19,4580.249226228182
Nifty 500 TRI,2012-10-22,4599.998196097082
Nifty 500 TRI,2012-10-23,4581.40611394263
Nifty 500 TRI,2012-10-25,4590.2388227948995
Nifty 500 TRI,2012-10-29,4546.742820030536
Nifty 500 TRI,2012-10-30,4495.173698668694
Nifty 500 TRI,2012-10-31,4520.468939830005
Nifty 500 TRI,2012-11-01,4546.019861307018
Nifty 500 TRI,2012-11-02,4583.156624712337
Nifty 500 TRI,2012-11-05,4584.6725647344465
Nifty 500 TRI,2012-11-06,4602.099352312058
Nifty 500 TRI,2012-11-07,4633.552933308535
Nifty 500 TRI,2012-11-08,4623.388268119782
Nifty 500 TRI,2012-11-09,4582.730528206903
Nifty 500 TRI,2012-11-12,4593.802135257849
Nifty 500 TRI,2012-11-15,4571.632974622717
Nifty 500 TRI,2012-11-16,4525.1190915702
Nifty 500 TRI,2012-11-19,4511.480670417648
Nifty 500 TRI,2012-11-20,4502.629567035908
Nifty 500 TRI,2012-11-21,4533.331618677385
Nifty 500 TRI,2012-11-22,4547.053938193899
Nifty 500 TRI,2012-11-23,4549.592165804207
Nifty 500 TRI,2012-11-26,4569.81803689679
Nifty 500 TRI,2012-11-27,4639.936317077342
Nifty 500 TRI,2012-11-29,4710.925140471382
Nifty 500 TRI,2012-11-30,4755.170132717756
Nifty 500 TRI,2012-12-03,4765.604349920516
Nifty 500 TRI,2012-12-04,4782.442913723059
Nifty 500 TRI,2012-12-05,4793.432828303003
Nifty 500 TRI,2012-12-06,4822.175428027744
Nifty 500 TRI,2012-12-07,4806.1063544273065
Nifty 500 TRI,2012-12-10,4814.360473847666
Nifty 500 TRI,2012-12-11,4798.5945611384095
Nifty 500 TRI,2012-12-12,4792.239423579755
Nifty 500 TRI,2012-12-13,4755.968197658983
Nifty 500 TRI,2012-12-14,4781.308119938406
Nifty 500 TRI,2012-12-17,4776.841346717321
Nifty 500 TRI,2012-12-18,4811.497026800644
Nifty 500 TRI,2012-12-19,4839.590436425142
Nifty 500 TRI,2012-12-20,4830.690539046439
Nifty 500 TRI,2012-12-21,4770.289675723606
Nifty 500 TRI,2012-12-24,4779.002095388102
Nifty 500 TRI,2012-12-26,4816.571630559586
Nifty 500 TRI,2012-12-27,4791.024649105586
Nifty 500 TRI,2012-12-28,4823.70671417597
Nifty 500 TRI,2012-12-31,4829.423083659639
Nifty 500 TRI,2013-01-01,4873.107054549944
Nifty 500 TRI,2013-01-02,4906.560755295697
Nifty 500 TRI,2013-01-03,4923.8274661653395
Nifty 500 TRI,2013-01-04,4932.439613191782
Nifty 500 TRI,2013-01-07,4920.142711711349
Nifty 500 TRI,2013-01-08,4926.922938354178
Nifty 500 TRI,2013-01-09,4904.47463931374
Nifty 500 TRI,2013-01-10,4897.9641202992
Nifty 500 TRI,2013-01-11,4866.4996594351705
Nifty 500 TRI,2013-01-14,4926.615235074006
Nifty 500 TRI,2013-01-15,4949.389275971854
Nifty 500 TRI,2013-01-16,4897.242798169917
Nifty 500 TRI,2013-01-17,4921.64785769678
Nifty 500 TRI,2013-01-18,4934.746081296267
Nifty 500 TRI,2013-01-21,4947.404725799005
Nifty 500 TRI,2013-01-22,4913.281888214857
Nifty 500 TRI,2013-01-23,4905.749437007538
Nifty 500 TRI,2013-01-24,4853.9958328454295
Nifty 500 TRI,2013-01-25,4907.7515534313725
Nifty 500 TRI,2013-01-28,4910.1172740776
Nifty 500 TRI,2013-01-29,4886.329036619658
Nifty 500 TRI,2013-01-30,4888.883657645555
Nifty 500 TRI,2013-01-31,4887.157786753408
Nifty 500 TRI,2013-02-01,4867.545227886149
Nifty 500 TRI,2013-02-04,4851.051091551151
Nifty 500 TRI,2013-02-05,4825.06400617103
Nifty 500 TRI,2013-02-06,4829.808688836934
Nifty 500 TRI,2013-02-07,4804.634513870599
Nifty 500 TRI,2013-02-08,4773.494970310216
Nifty 500 TRI,2013-02-11,4769.1712260341765
Nifty 500 TRI,2013-02-12,4782.020148373835
Nifty 500 TRI,2013-02-13,4780.2904845546145
Nifty 500 TRI,2013-02-14,4741.5989100780835
Nifty 500 TRI,2013-02-15,4738.59273604478
Nifty 500 TRI,2013-02-18,4751.651102311547
Nifty 500 TRI,2013-02-19,4790.048353622778
Nifty 500 TRI,2013-02-20,4791.4795698507405
Nifty 500 TRI,2013-02-21,4713.51505951669
Nifty 500 TRI,2013-02-22,4713.719794276233
Nifty 500 TRI,2013-02-25,4703.828866569319
Nifty 500 TRI,2013-02-26,4627.940079067864
Nifty 500 TRI,2013-02-27,4659.81503105899
Nifty 500 TRI,2013-02-28,4567.445015791303
Nifty 500 TRI,2013-03-01,4590.291889014773
Nifty 500 TRI,2013-03-04,4560.542993484073
Nifty 500 TRI,2013-03-05,4630.936580349337
Nifty 500 TRI,2013-03-06,4663.176083912258
Nifty 500 TRI,2013-03-07,4695.059978014458
Nifty 500 TRI,2013-03-08,4755.516381661823
Nifty 500 TRI,2013-03-11,4756.594703185429
Nifty 500 TRI,2013-03-12,4731.901065334157
Nifty 500 TRI,2013-03-13,4679.090644061446
Nifty 500 TRI,2013-03-14,4720.831064772541
Nifty 500 TRI,2013-03-15,4692.868241379569
Nifty 500 TRI,2013-03-18,4667.249173040798
Nifty 500 TRI,2013-03-19,4594.114004546095
Nifty 500 TRI,2013-03-20,4538.326386067751
Nifty 500 TRI,2013-03-21,4505.24815174681
Nifty 500 TRI,2013-03-22,4496.207896776382
Nifty 500 TRI,2013-03-25,4482.151154853573
Nifty 500 TRI,2013-03-26,4486.687942866394
Nifty 500 TRI,2013-03-28,4531.650699658292
Nifty 500 TRI,2013-04-01,4560.069198316853
Nifty 500 TRI,2013-04-02,4604.333157511037
Nifty 500 TRI,2013-04-03,4551.788898123534
Nifty 500 TRI,2013-04-04,4471.71768394439
Nifty 500 TRI,2013-04-05,4459.608267495617
Nifty 500 TRI,2013-04-08,4454.427587439675
Nifty 500 TRI,2013-04-09,4416.014396927146
Nifty 500 TRI,2013-04-10,4460.132559066062
Nifty 500 TRI,2013-04-11,4482.341973759426
Nifty 500 TRI,2013-04-12,4446.428844731118
Nifty 500 TRI,2013-04-15,4470.668098702721
Nifty 500 TRI,2013-04-16,4554.079007137185
Nifty 500 TRI,2013-04-17,4558.519031218583
Nifty 500 TRI,2013-04-18,4625.130721981799
Nifty 500 TRI,2013-04-22,4674.375381782558
Nifty 500 TRI,2013-04-23,4672.48426544451
Nifty 500 TRI,2013-04-25,4725.828862827321
Nifty 500 TRI,2013-04-26,4692.615365798313
Nifty 500 TRI,2013-04-29,4722.971256857284
Nifty 500 TRI,2013-04-30,4744.436858017868
Nifty 500 TRI,2013-05-02,4799.229247122508
Nifty 500 TRI,2013-05-03,4762.637383274253
Nifty 500 TRI,2013-05-06,4790.195582922282
Nifty 500 TRI,2013-05-07,4843.463128709467
Nifty 500 TRI,2013-05-08,4860.900094652495
Nifty 500 TRI,2013-05-09,4843.933263769913
Nifty 500 TRI,2013-05-10,4876.298836445821
Nifty 500 TRI,2013-05-13,4795.53430683838
Nifty 500 TRI,2013-05-14,4808.728946124624
Nifty 500 TRI,2013-05-15,4919.7896902039765
Nifty 500 TRI,2013-05-16,4939.687440738145
Nifty 500 TRI,2013-05-17,4957.0811946294025
Nifty 500 TRI,2013-05-20,4931.843817318545
Nifty 500 TRI,2013-05-21,4897.484587789426
Nifty 500 TRI,2013-05-22,4875.806436784291
Nifty 500 TRI,2013-05-23,4775.057628759135
Nifty 500 TRI,2013-05-24,4793.012354298966
Nifty 500 TRI,2013-05-27,4865.911886004666
Nifty 500 TRI,2013-05-28,4887.196841075967
Nifty 500 TRI,2013-05-29,4876.716406885226
Nifty 500 TRI,2013-05-30,4884.3957404773355
Nifty 500 TRI,2013-05-31,4789.862207764982
Nifty 500 TRI,2013-06-03,4767.665956856318
Nifty 500 TRI,2013-06-04,4760.914447614455
Nifty 500 TRI,2013-06-05,4765.112268292509
Nifty 500 TRI,2013-06-06,4762.09538230716
Nifty 500 TRI,2013-06-07,4729.195555913694
Nifty 500 TRI,2013-06-10,4712.566409898061
Nifty 500 TRI,2013-06-11,4636.416698712941
Nifty 500 TRI,2013-06-12,4608.266818258742
Nifty 500 TRI,2013-06-13,4552.324164168509
Nifty 500 TRI,2013-06-14,4632.878937990041
Nifty 500 TRI,2013-06-17,4665.631226125117
Nifty 500 TRI,2013-06-18,4648.584643347679
Nifty 500 TRI,2013-06-19,4661.021976692954
Nifty 500 TRI,2013-06-20,4535.1920755278
Nifty 500 TRI,2013-06-21,4525.613523667216
Nifty 500 TRI,2013-06-24,4449.720924365983
Nifty 500 TRI,2013-06-25,4454.474219349353
Nifty 500 TRI,2013-06-26,4439.668805476052
Nifty 500 TRI,2013-06-27,4499.618827929083
Nifty 500 TRI,2013-06-28,4619.584759959895
Nifty 500 TRI,2013-07-01,4682.6667638954095
Nifty 500 TRI,2013-07-02,4652.861038030914
Nifty 500 TRI,2013-07-03,4581.878365303077
Nifty 500 TRI,2013-07-04,4627.455567831082
Nifty 500 TRI,2013-07-05,4646.146632972888
Nifty 500 TRI,2013-07-08,4611.2080667898845
Nifty 500 TRI,2013-07-09,4651.005536711591
Nifty 500 TRI,2013-07-10,4621.907795054529
Nifty 500 TRI,2013-07-11,4698.949922957122
Nifty 500 TRI,2013-07-12,4744.696403589964
Nifty 500 TRI,2013-07-15,4770.52169087432
Nifty 500 TRI,2013-07-16,4710.015287279278
Nifty 500 TRI,2013-07-17,4711.398988051926
Nifty 500 TRI,2013-07-18,4762.63689170853
Nifty 500 TRI,2013-07-19,4747.625648557674
Nifty 500 TRI,2013-07-22,4746.399844743176
Nifty 500 TRI,2013-07-23,4776.943941869814
Nifty 500 TRI,2013-07-24,4702.790078655789
Nifty 500 TRI,2013-07-25,4645.082372530074
Nifty 500 TRI,2013-07-26,4620.069772811412
Nifty 500 TRI,2013-07-29,4571.982389823012
Nifty 500 TRI,2013-07-30,4500.831706080948
Nifty 500 TRI,2013-07-31,4490.008879356573
Nifty 500 TRI,2013-08-01,4463.858428697798
Nifty 500 TRI,2013-08-02,4423.967813023473
Nifty 500 TRI,2013-08-05,4433.014247148523
Nifty 500 TRI,2013-08-06,4321.185250672033
Nifty 500 TRI,2013-08-07,4321.018947562968
Nifty 500 TRI,2013-08-08,4358.589578057018
Nifty 500 TRI,2013-08-12,4403.106057332928
Nifty 500 TRI,2013-08-13,4472.428536955041
Nifty 500 TRI,2013-08-14,4504.780445718545
Nifty 500 TRI,2013-08-16,4333.00782144189
Nifty 500 TRI,2013-08-19,4259.21364920376
Nifty 500 TRI,2013-08-20,4245.45193998164
Nifty 500 TRI,2013-08-21,4174.854735870853
Nifty 500 TRI,2013-08-22,4243.369800379353
Nifty 500 TRI,2013-08-23,4292.292986831581
Nifty 500 TRI,2013-08-26,4303.846497932218
Nifty 500 TRI,2013-08-27,4166.694489544185
Nifty 500 TRI,2013-08-28,4153.4908018422075
Nifty 500 TRI,2013-08-29,4240.953330129656
Nifty 500 TRI,2013-08-30,4285.270178883225
Nifty 500 TRI,2013-09-02,4346.652387364775
Nifty 500 TRI,2013-09-03,4200.695154260067
Nifty 500 TRI,2013-09-04,4274.320584508914
Nifty 500 TRI,2013-09-05,4376.6385153131
Nifty 500 TRI,2013-09-06,4433.594879394435
Nifty 500 TRI,2013-09-10,4582.154321633564
Nifty 500 TRI,2013-09-11,4608.893449817689
Nifty 500 TRI,2013-09-12,4564.385182652851
Nifty 500 TRI,2013-09-13,4569.15427742524
Nifty 500 TRI,2013-09-16,4559.795983868513
Nifty 500 TRI,2013-09-17,4563.641506756536
Nifty 500 TRI,2013-09-18,4598.549187131817
Nifty 500 TRI,2013-09-19,4752.216971345055
Nifty 500 TRI,2013-09-20,4682.7992180726915
Nifty 500 TRI,2013-09-23,4603.048638335354
Nifty 500 TRI,2013-09-24,4605.35585709443
Nifty 500 TRI,2013-09-25,4598.265085917758
Nifty 500 TRI,2013-09-26,4603.807580352197
Nifty 500 TRI,2013-09-27,4576.893149101775
Nifty 500 TRI,2013-09-30,4511.700396916039
Nifty 500 TRI,2013-10-01,4543.539313014026
Nifty 500 TRI,2013-10-03,4636.040145696646
Nifty 500 TRI,2013-10-04,4639.787373565651
Nifty 500 TRI,2013-10-07,4647.0746077768235
Nifty 500 TRI,2013-10-08,4661.252303425206
Nifty 500 TRI,2013-10-09,4718.947029196325
Nifty 500 TRI,2013-10-10,4734.565995517558
Nifty 500 TRI,2013-10-11,4780.243617425269
Nifty 500 TRI,2013-10-14,4795.254520076326
Nifty 500 TRI,2013-10-15,4768.227049676581
Nifty 500 TRI,2013-10-17,4740.324839386481
Nifty 500 TRI,2013-10-18,4837.971003739171
Nifty 500 TRI,2013-10-21,4863.218661966473
Nifty 500 TRI,2013-10-22,4870.933250477309
Nifty 500 TRI,2013-10-23,4855.826216310971
Nifty 500 TRI,2013-10-24,4845.190299447429
Nifty 500 TRI,2013-10-25,4825.19803980526
Nifty 500 TRI,2013-10-28,4788.090953181839
Nifty 500 TRI,2013-10-29,4874.874518136154
Nifty 500 TRI,2013-10-30,4898.888814319293
Nifty 500 TRI,2013-10-31,4940.745987572872
Nifty 500 TRI,2013-11-01,4959.571195033712
Nifty 500 TRI,2013-11-05,4944.9982551011035
Nifty 500 TRI,2013-11-06,4920.9386415368335
Nifty 500 TRI,2013-11-07,4887.51833759347
Nifty 500 TRI,2013-11-08,4860.832658575896
Nifty 500 TRI,2013-11-11,4814.608201814032
Nifty 500 TRI,2013-11-12,4770.377736814052
Nifty 500 TRI,2013-11-13,4747.181394682415
Nifty 500 TRI,2013-11-14,4804.381006571679
Nifty 500 TRI,2013-11-18,4898.1742484653805
Nifty 500 TRI,2013-11-19,4909.755346041387
Nifty 500 TRI,2013-11-20,4856.71852369818
Nifty 500 TRI,2013-11-21,4766.120652697923
Nifty 500 TRI,2013-11-22,4766.893824068103
Nifty 500 TRI,2013-11-25,4853.343910721222
Nifty 500 TRI,2013-11-26,4815.577896591058
Nifty 500 TRI,2013-11-27,4816.4558035640375
Nifty 500 TRI,2013-11-28,4846.408832568266
Nifty 500 TRI,2013-11-29,4909.660893357078
Nifty 500 TRI,2013-12-02,4945.448732906772
Nifty 500 TRI,2013-12-03,4936.860416230207
Nifty 500 TRI,2013-12-04,4904.749060122343
Nifty 500 TRI,2013-12-05,4956.8456588355675
Nifty 500 TRI,2013-12-06,4973.273329578904
Nifty 500 TRI,2013-12-09,5043.103844828272
Nifty 500 TRI,2013-12-10,5018.197024705616
Nifty 500 TRI,2013-12-11,4999.6213888523625
Nifty 500 TRI,2013-12-12,4953.396633889161
Nifty 500 TRI,2013-12-13,4897.4382252098
Nifty 500 TRI,2013-12-16,4897.866789524867
Nifty 500 TRI,2013-12-17,4890.302779986462
Nifty 500 TRI,2013-12-18,4953.44055031251
Nifty 500 TRI,2013-12-19,4923.683062685097
Nifty 500 TRI,2013-12-20,5007.322211013773
Nifty 500 TRI,2013-12-23,5025.530142231576
Nifty 500 TRI,2013-12-24,5022.8615021206115
Nifty 500 TRI,2013-12-26,5035.294035972168
Nifty 500 TRI,2013-12-27,5063.119429412486
Nifty 500 TRI,2013-12-30,5048.418592887936
Nifty 500 TRI,2013-12-31,5063.935340565719
Nifty 500 TRI,2014-01-01,5070.694974511054
Nifty 500 TRI,2014-01-02,4996.362793227734
Nifty 500 TRI,2014-01-03,4998.2774072469165
Nifty 500 TRI,2014-01-06,4992.996042480074
Nifty 500 TRI,2014-01-07,4967.601194718456
Nifty 500 TRI,2014-01-08,4981.4702492411525
Nifty 500 TRI,2014-01-09,4967.822511284587
Nifty 500 TRI,2014-01-10,4961.594903148872
Nifty 500 TRI,2014-01-13,5019.8042290514895
Nifty 500 TRI,2014-01-14,5000.176517723593
Nifty 500 TRI,2014-01-15,5050.799564953331
Nifty 500 TRI,2014-01-16,5042.407978992704
Nifty 500 TRI,2014-01-17,4990.924177314083
Nifty 500 TRI,2014-01-20,5029.509095707742
Nifty 500 TRI,2014-01-21,5038.385849015635
Nifty 500 TRI,2014-01-22,5056.336428179451
Nifty 500 TRI,2014-01-23,5056.037364060452
Nifty 500 TRI,2014-01-24,4987.3224373185885
Nifty 500 TRI,2014-01-27,4873.239949572007
Nifty 500 TRI,2014-01-28,4868.242724389372
Nifty 500 TRI,2014-01-29,4868.401717206895
Nifty 500 TRI,2014-01-30,4821.634581259501
Nifty 500 TRI,2014-01-31,4856.910247050848
Nifty 500 TRI,2014-02-03,4794.878442497082
Nifty 500 TRI,2014-02-04,4799.109713277632
Nifty 500 TRI,2014-02-05,4819.226958628197
Nifty 500 TRI,2014-02-06,4829.184354991989
Nifty 500 TRI,2014-02-07,4850.335499461773
Nifty 500 TRI,2014-02-10,4841.370151212864
Nifty 500 TRI,2014-02-11,4848.802391148365
Nifty 500 TRI,2014-02-12,4861.703352162467
Nifty 500 TRI,2014-02-13,4797.940974321908
Nifty 500 TRI,2014-02-14,4826.782870739588
Nifty 500 TRI,2014-02-17,4840.310373903561
Nifty 500 TRI,2014-02-18,4882.8311864880725
Nifty 500 TRI,2014-02-19,4905.07572881179
Nifty 500 TRI,2014-02-20,4867.514655724411
Nifty 500 TRI,2014-02-21,4915.562262408103
Nifty 500 TRI,2014-02-24,4937.100386533975
Nifty 500 TRI,2014-02-25,4948.357990120734
Nifty 500 TRI,2014-02-26,4971.745301528475
Nifty 500 TRI,2014-02-28,5006.239974114941
Nifty 500 TRI,2014-03-03,4972.453877171803
Nifty 500 TRI,2014-03-04,5031.363407103153
Nifty 500 TRI,2014-03-05,5060.07595941965
Nifty 500 TRI,2014-03-06,5120.38569127882
Nifty 500 TRI,2014-03-07,5197.736545575118
Nifty 500 TRI,2014-03-10,5211.2574159244505
Nifty 500 TRI,2014-03-11,5191.290121701707
Nifty 500 TRI,2014-03-12,5193.266934611315
Nifty 500 TRI,2014-03-13,5171.232219004569
Nifty 500 TRI,2014-03-14,5175.8933531486
Nifty 500 TRI,2014-03-18,5201.204978979015
Nifty 500 TRI,2014-03-19,5210.465210962148
Nifty 500 TRI,2014-03-20,5180.26491348212
Nifty 500 TRI,2014-03-21,5197.220819459187
Nifty 500 TRI,2014-03-24,5259.873238752135
Nifty 500 TRI,2014-03-25,5271.97786490879
Nifty 500 TRI,2014-03-26,5284.49695881998
Nifty 500 TRI,2014-03-27,5317.216339587856
Nifty 500 TRI,2014-03-28,5375.200885323471
Nifty 500 TRI,2014-03-31,5399.1851733690255
Nifty 500 TRI,2014-04-01,5407.628708498993
Nifty 500 TRI,2014-04-02,5448.677430904956
Nifty 500 TRI,2014-04-03,5430.201488808603
Nifty 500 TRI,2014-04-04,5409.863728555062
Nifty 500 TRI,2014-04-07,5410.083912052269
Nifty 500 TRI,2014-04-09,5494.2160717092365
Nifty 500 TRI,2014-04-10,5507.988615752977
Nifty 500 TRI,2014-04-11,5497.10781031983
Nifty 500 TRI,2014-04-15,5456.935994691562
Nifty 500 TRI,2014-04-16,5407.693678447474
Nifty 500 TRI,2014-04-17,5490.998996744391
Nifty 500 TRI,2014-04-21,5529.460113031792
Nifty 500 TRI,2014-04-22,5528.9686306403955
Nifty 500 TRI,2014-04-23,5545.54047017246
Nifty 500 TRI,2014-04-25,5510.894572728849
Nifty 500 TRI,2014-04-28,5504.090818709543
Nifty 500 TRI,2014-04-29,5467.602821150374
Nifty 500 TRI,2014-04-30,5436.3363537421055
Nifty 500 TRI,2014-05-02,5442.1743244601
Nifty 500 TRI,2014-05-05,5442.034692160383
Nifty 500 TRI,2014-05-06,5455.455379521465
Nifty 500 TRI,2014-05-07,5413.990257600157
Nifty 500 TRI,2014-05-08,5418.047010667948
Nifty 500 TRI,2014-05-09,5562.355175557014
Nifty 500 TRI,2014-05-12,5670.311157652907
Nifty 500 TRI,2014-05-13,5756.230672143506
Nifty 500 TRI,2014-05-14,5778.202614580426
Nifty 500 TRI,2014-05-15,5774.975897915441
Nifty 500 TRI,2014-05-16,5853.508158574814
Nifty 500 TRI,2014-05-19,5964.415084233249
Nifty 500 TRI,2014-05-20,5993.95379648931
Nifty 500 TRI,2014-05-21,5995.546520091073
Nifty 500 TRI,2014-05-22,6046.4633531652025
Nifty 500 TRI,2014-05-23,6131.906083802965
Nifty 500 TRI,2014-05-26,6091.200193061039
Nifty 500 TRI,2014-05-27,6050.45353147139
Nifty 500 TRI,2014-05-28,6068.303236687103
Nifty 500 TRI,2014-05-29,6001.410323000963
Nifty 500 TRI,2014-05-30,6008.232740844451
Nifty 500 TRI,2014-06-02,6121.535148246368
Nifty 500 TRI,2014-06-03,6168.489091135405
Nifty 500 TRI,2014-06-04,6185.2595488521865
Nifty 500 TRI,2014-06-05,6252.567993341404
Nifty 500 TRI,2014-06-06,6348.361162163961
Nifty 500 TRI,2014-06-09,6418.118264201291
Nifty 500 TRI,2014-06-10,6413.770102172906
Nifty 500 TRI,2014-06-11,6372.806549965002
Nifty 500 TRI,2014-06-12,6389.846968329777
Nifty 500 TRI,2014-06-13,6274.763869585637
Nifty 500 TRI,2014-06-16,6274.550103205771
Nifty 500 TRI,2014-06-17,6360.380509591223
Nifty 500 TRI,2014-06-18,6304.124267819692
Nifty 500 TRI,2014-06-19,6283.505048776093
Nifty 500 TRI,2014-06-20,6256.616250826322
Nifty 500 TRI,2014-06-23,6256.555846486719
Nifty 500 TRI,2014-06-24,6335.410628278085
Nifty 500 TRI,2014-06-25,6336.964490047822
Nifty 500 TRI,2014-06-26,6286.029608144655
Nifty 500 TRI,2014-06-27,6303.127560909725
Nifty 500 TRI,2014-06-30,6399.201572949298
Nifty 500 TRI,2014-07-01,6426.047696188612
Nifty 500 TRI,2014-07-02,6506.068827167931
Nifty 500 TRI,2014-07-03,6496.227139425654
Nifty 500 TRI,2014-07-04,6527.951158515587
Nifty 500 TRI,2014-07-07,6553.88564224633
Nifty 500 TRI,2014-07-08,6378.169285491826
Nifty 500 TRI,2014-07-09,6328.3029197420765
Nifty 500 TRI,2014-07-10,6329.75393630533
Nifty 500 TRI,2014-07-11,6212.282204479153
Nifty 500 TRI,2014-07-14,6211.853972312365
Nifty 500 TRI,2014-07-15,6291.538966175158
Nifty 500 TRI,2014-07-16,6375.273294296166
Nifty 500 TRI,2014-07-17,6408.199720254943
Nifty 500 TRI,2014-07-18,6413.6975651107205
Nifty 500 TRI,2014-07-21,6430.661147777583
Nifty 500 TRI,2014-07-22,6483.819874818866
Nifty 500 TRI,2014-07-23,6494.144535861055
Nifty 500 TRI,2014-07-24,6512.87173019831
Nifty 500 TRI,2014-07-25,6462.775930599418
Nifty 500 TRI,2014-07-28,6431.820418183582
Nifty 500 TRI,2014-07-30,6466.061778073163
Nifty 500 TRI,2014-07-31,6426.692734560154
Nifty 500 TRI,2014-08-01,6341.047355367519
Nifty 500 TRI,2014-08-04,6408.076820719812
Nifty 500 TRI,2014-08-05,6460.9474225332615
Nifty 500 TRI,2014-08-06,6406.4200019235395
Nifty 500 TRI,2014-08-07,6385.666896959692
Nifty 500 TRI,2014-08-08,6301.972196845757
Nifty 500 TRI,2014-08-11,6349.293585437222
Nifty 500 TRI,2014-08-12,6420.5970098674525
Nifty 500 TRI,2014-08-13,6401.138182464864
Nifty 500 TRI,2014-08-14,6451.636411514592
Nifty 500 TRI,2014-08-18,6533.918586652894
Nifty 500 TRI,2014-08-19,6570.154994579126
Nifty 500 TRI,2014-08-20,6562.946756930952
Nifty 500 TRI,2014-08-21,6581.537507837653
Nifty 500 TRI,2014-08-22,6595.249545949448
Nifty 500 TRI,2014-08-25,6575.232899587133
Nifty 500 TRI,2014-08-26,6571.294147830065
Nifty 500 TRI,2014-08-27,6599.233931095885
Nifty 500 TRI,2014-08-28,6605.2648287677775
Nifty 500 TRI,2014-09-01,6686.82538604009
Nifty 500 TRI,2014-09-02,6734.715905601673
Nifty 500 TRI,2014-09-03,6769.574758048027
Nifty 500 TRI,2014-09-04,6753.436658540771
Nifty 500 TRI,2014-09-05,6754.020363890018
Nifty 500 TRI,2014-09-08,6833.320574469942
Nifty 500 TRI,2014-09-09,6832.556636388253
Nifty 500 TRI,2014-09-10,6794.54912108971
Nifty 500 TRI,2014-09-11,6809.835308950888
Nifty 500 TRI,2014-09-12,6828.707068558829
Nifty 500 TRI,2014-09-15,6795.502959288507
Nifty 500 TRI,2014-09-16,6661.83859291293
Nifty 500 TRI,2014-09-17,6694.528653660629
Nifty 500 TRI,2014-09-18,6816.847843555723
Nifty 500 TRI,2014-09-19,6818.785034231044
Nifty 500 TRI,2014-09-22,6834.9907232537735
Nifty 500 TRI,2014-09-23,6719.017295072942
Nifty 500 TRI,2014-09-24,6690.602642640982
Nifty 500 TRI,2014-09-25,6593.014336623551
Nifty 500 TRI,2014-09-26,6648.734861585187
Nifty 500 TRI,2014-09-29,6661.600751953263
Nifty 500 TRI,2014-09-30,6669.511471576834
Nifty 500 TRI,2014-10-01,6651.380036032728
Nifty 500 TRI,2014-10-07,6576.570558032465
Nifty 500 TRI,2014-10-08,6568.258512996401
Nifty 500 TRI,2014-10-09,6672.199716647851
Nifty 500 TRI,2014-10-10,6582.934388176206
Nifty 500 TRI,2014-10-13,6606.511239090733
Nifty 500 TRI,2014-10-14,6593.726547576259
Nifty 500 TRI,2014-10-16,6474.961189930969
Nifty 500 TRI,2014-10-17,6506.220886213157
Nifty 500 TRI,2014-10-20,6589.713400712478
Nifty 500 TRI,2014-10-21,6635.024602254094
Nifty 500 TRI,2014-10-22,6695.995190825197
Nifty 500 TRI,2014-10-27,6699.5339158147
Nifty 500 TRI,2014-10-28,6727.06615751715
Nifty 500 TRI,2014-10-29,6777.85649510793
Nifty 500 TRI,2014-10-30,6836.922449060397
Nifty 500 TRI,2014-10-31,6957.284822960001
Nifty 500 TRI,2014-11-03,6977.271580047895
Nifty 500 TRI,2014-11-05,6987.562942613869
Nifty 500 TRI,2014-11-07,6995.513703113186
Nifty 500 TRI,2014-11-10,7003.277411748569
Nifty 500 TRI,2014-11-11,7029.895277177443
Nifty 500 TRI,2014-11-12,7055.629903523056
Nifty 500 TRI,2014-11-13,7030.822636054808
Nifty 500 TRI,2014-11-14,7064.575553962779
Nifty 500 TRI,2014-11-17,7106.915421197037
Nifty 500 TRI,2014-11-18,7119.225849080916
Nifty 500 TRI,2014-11-19,7078.172504519247
Nifty 500 TRI,2014-11-20,7087.358392521165
Nifty 500 TRI,2014-11-21,7130.284303601869
Nifty 500 TRI,2014-11-24,7165.870836689561
Nifty 500 TRI,2014-11-25,7092.83828687037
Nifty 500 TRI,2014-11-26,7108.692402441352
Nifty 500 TRI,2014-11-27,7129.598569202559
Nifty 500 TRI,2014-11-28,7205.6053412699075
Nifty 500 TRI,2014-12-01,7185.477991105427
Nifty 500 TRI,2014-12-02,7183.265070011239
Nifty 500 TRI,2014-12-03,7225.012445301132
Nifty 500 TRI,2014-12-04,7251.501218257682
Nifty 500 TRI,2014-12-05,7227.567987222832
Nifty 500 TRI,2014-12-08,7144.506993013487
Nifty 500 TRI,2014-12-09,7051.434782920357
Nifty 500 TRI,2014-12-10,7081.517537681781
Nifty 500 TRI,2014-12-11,7028.293992682347
Nifty 500 TRI,2014-12-12,6961.415598727744
Nifty 500 TRI,2014-12-15,6948.549805963113
Nifty 500 TRI,2014-12-16,6800.42304423941
Nifty 500 TRI,2014-12-17,6766.98137173391
Nifty 500 TRI,2014-12-18,6905.508693545708
Nifty 500 TRI,2014-12-19,6952.16761745793
Nifty 500 TRI,2014-12-22,7029.985115032781
Nifty 500 TRI,2014-12-23,6987.319361817466
Nifty 500 TRI,2014-12-24,6932.923242999272
Nifty 500 TRI,2014-12-26,6958.604748801027
Nifty 500 TRI,2014-12-29,7004.953664035046
Nifty 500 TRI,2014-12-30,7020.978562535474
Nifty 500 TRI,2014-12-31,7062.811056004886
Nifty 500 TRI,2015-01-01,7076.023828791136
Nifty 500 TRI,2015-01-02,7160.040571021808
Nifty 500 TRI,2015-01-05,7151.356382521933
Nifty 500 TRI,2015-01-06,6942.332960445769
Nifty 500 TRI,2015-01-07,6930.201407667868
Nifty 500 TRI,2015-01-08,7045.674996750563
Nifty 500 TRI,2015-01-09,7074.639428904775
Nifty 500 TRI,2015-01-12,7108.763689166062
Nifty 500 TRI,2015-01-13,7094.757206986966
Nifty 500 TRI,2015-01-14,7080.123800892302
Nifty 500 TRI,2015-01-15,7237.200259430397
Nifty 500 TRI,2015-01-16,7262.422281089671
Nifty 500 TRI,2015-01-19,7295.163978098879
Nifty 500 TRI,2015-01-20,7387.74051247056
Nifty 500 TRI,2015-01-21,7407.754508601443
Nifty 500 TRI,2015-01-22,7431.212947556095
Nifty 500 TRI,2015-01-23,7481.9596182234745
Nifty 500 TRI,2015-01-27,7544.301087304402
Nifty 500 TRI,2015-01-28,7557.593015931769
Nifty 500 TRI,2015-01-29,7574.22577534473
Nifty 500 TRI,2015-01-30,7479.965297577268
Nifty 500 TRI,2015-02-02,7487.169527822573
Nifty 500 TRI,2015-02-03,7450.409962498044
Nifty 500 TRI,2015-02-04,7420.693679542745
Nifty 500 TRI,2015-02-05,7387.42623604274
Nifty 500 TRI,2015-02-06,7338.39337692561
Nifty 500 TRI,2015-02-09,7227.294313843655
Nifty 500 TRI,2015-02-10,7266.735585014324
Nifty 500 TRI,2015-02-11,7342.045059659626
Nifty 500 TRI,2015-02-12,7422.058650375391
Nifty 500 TRI,2015-02-13,7493.305868154241
Nifty 500 TRI,2015-02-16,7492.786714856566
Nifty 500 TRI,2015-02-18,7549.201362215144
Nifty 500 TRI,2015-02-19,7564.383040988826
Nifty 500 TRI,2015-02-20,7529.693791677536
Nifty 500 TRI,2015-02-23,7465.827299230945
Nifty 500 TRI,2015-02-24,7465.0790975337195
Nifty 500 TRI,2015-02-25,7462.8159681362085
Nifty 500 TRI,2015-02-26,7393.382543275561
Nifty 500 TRI,2015-02-27,7532.355453173236
Nifty 500 TRI,2015-03-02,7626.44363860811
Nifty 500 TRI,2015-03-03,7674.649046265472
Nifty 500 TRI,2015-03-04,7606.201683884988
Nifty 500 TRI,2015-03-05,7631.057109168831
Nifty 500 TRI,2015-03-09,7494.269741760067
Nifty 500 TRI,2015-03-10,7463.3724684486715
Nifty 500 TRI,2015-03-11,7447.835473305514
Nifty 500 TRI,2015-03-12,7527.5070488250385
Nifty 500 TRI,2015-03-13,7420.416417860772
Nifty 500 TRI,2015-03-16,7399.245873852559
Nifty 500 TRI,2015-03-17,7477.987673018204
Nifty 500 TRI,2015-03-18,7460.461551696424
Nifty 500 TRI,2015-03-19,7418.577858813829
Nifty 500 TRI,2015-03-20,7347.159359064548
Nifty 500 TRI,2015-03-23,7315.887290173556
Nifty 500 TRI,2015-03-24,7302.691195462954
Nifty 500 TRI,2015-03-25,7290.069591732328
Nifty 500 TRI,2015-03-26,7158.35431622814
Nifty 500 TRI,2015-03-27,7158.954171947389
Nifty 500 TRI,2015-03-30,7288.645797409495
Nifty 500 TRI,2015-03-31,7297.458750965264
Nifty 500 TRI,2015-04-01,7383.504663915684
Nifty 500 TRI,2015-04-06,7454.319093408104
Nifty 500 TRI,2015-04-07,7473.024298745998
Nifty 500 TRI,2015-04-08,7524.7333226888195
Nifty 500 TRI,2015-04-09,7567.240030664135
Nifty 500 TRI,2015-04-10,7580.092470823019
Nifty 500 TRI,2015-04-13,7622.840611581508
Nifty 500 TRI,2015-04-15,7558.469741363079
Nifty 500 TRI,2015-04-16,7515.97493443951
Nifty 500 TRI,2015-04-17,7422.573046535998
Nifty 500 TRI,2015-04-20,7281.141113204062
Nifty 500 TRI,2015-04-21,7229.05511720062
Nifty 500 TRI,2015-04-22,7260.686512790235
Nifty 500 TRI,2015-04-23,7244.5974491816705
Nifty 500 TRI,2015-04-24,7144.519412197302
Nifty 500 TRI,2015-04-27,7037.777743168837
Nifty 500 TRI,2015-04-28,7112.062684889494
Nifty 500 TRI,2015-04-29,7098.7398623912
Nifty 500 TRI,2015-04-30,7065.421984347063
Nifty 500 TRI,2015-05-04,7195.901411683767
Nifty 500 TRI,2015-05-05,7201.475993721666
Nifty 500 TRI,2015-05-06,6994.826135463781
Nifty 500 TRI,2015-05-07,6927.992974348614
Nifty 500 TRI,2015-05-08,7045.5417696780105
Nifty 500 TRI,2015-05-11,7161.524470762905
Nifty 500 TRI,2015-05-12,7005.098066367169
Nifty 500 TRI,2015-05-13,7100.624594669024
Nifty 500 TRI,2015-05-14,7117.979334434215
Nifty 500 TRI,2015-05-15,7149.9446781537135
Nifty 500 TRI,2015-05-18,7238.417579274368
Nifty 500 TRI,2015-05-19,7237.4495341439815
Nifty 500 TRI,2015-05-20,7274.032716248211
Nifty 500 TRI,2015-05-21,7268.351998229388
Nifty 500 TRI,2015-05-22,7295.511252581186
Nifty 500 TRI,2015-05-25,7240.386633846827
Nifty 500 TRI,2015-05-26,7219.093629517483
Nifty 500 TRI,2015-05-27,7213.567011143732
Nifty 500 TRI,2015-05-28,7195.6241892958415
Nifty 500 TRI,2015-05-29,7292.359404977512
Nifty 500 TRI,2015-06-01,7290.559110849232
Nifty 500 TRI,2015-06-02,7125.227080712873
Nifty 500 TRI,2015-06-03,7024.85692430971
Nifty 500 TRI,2015-06-04,7026.448520590713
Nifty 500 TRI,2015-06-05,7022.433742927042
Nifty 500 TRI,2015-06-08,6950.382035337952
Nifty 500 TRI,2015-06-09,6931.3231377956245
Nifty 500 TRI,2015-06-10,7013.674989473007
Nifty 500 TRI,2015-06-11,6885.235009112477
Nifty 500 TRI,2015-06-12,6894.789238186496
Nifty 500 TRI,2015-06-15,6919.839100529616
Nifty 500 TRI,2015-06-16,6947.690314590422
Nifty 500 TRI,2015-06-17,7004.322319216448
Nifty 500 TRI,2015-06-18,7073.802161955825
Nifty 500 TRI,2015-06-19,7114.138089635241
Nifty 500 TRI,2015-06-22,7224.518479530992
Nifty 500 TRI,2015-06-23,7248.6107856649105
Nifty 500 TRI,2015-06-24,7222.997507000199
Nifty 500 TRI,2015-06-25,7254.432219456466
Nifty 500 TRI,2015-06-26,7245.545465384616
Nifty 500 TRI,2015-06-29,7178.185991284685
Nifty 500 TRI,2015-06-30,7234.272802124343
Nifty 500 TRI,2015-07-01,7313.281437435374
Nifty 500 TRI,2015-07-02,7325.111371380321
Nifty 500 TRI,2015-07-03,7346.959564212004
Nifty 500 TRI,2015-07-06,7389.06518458875
Nifty 500 TRI,2015-07-07,7397.332100134229
Nifty 500 TRI,2015-07-08,7280.751804321756
Nifty 500 TRI,2015-07-09,7255.441970015477
Nifty 500 TRI,2015-07-10,7276.872732838951
Nifty 500 TRI,2015-07-13,7362.580349637724
Nifty 500 TRI,2015-07-14,7366.703607679686
Nifty 500 TRI,2015-07-15,7414.586169218547
Nifty 500 TRI,2015-07-16,7489.4943936549635
Nifty 500 TRI,2015-07-17,7501.545345428397
Nifty 500 TRI,2015-07-20,7502.752857705715
Nifty 500 TRI,2015-07-21,7420.919707154781
Nifty 500 TRI,2015-07-22,7504.2402817985
Nifty 500 TRI,2015-07-23,7483.387113982603
Nifty 500 TRI,2015-07-24,7426.528298565477
Nifty 500 TRI,2015-07-27,7301.700225159019
Nifty 500 TRI,2015-07-28,7281.256826746785
Nifty 500 TRI,2015-07-29,7321.914421033324
Nifty 500 TRI,2015-07-30,7369.871666887909
Nifty 500 TRI,2015-07-31,7461.03669291359
Nifty 500 TRI,2015-08-03,7485.708351996184
Nifty 500 TRI,2015-08-04,7493.618138894239
Nifty 500 TRI,2015-08-05,7546.315815545871
Nifty 500 TRI,2015-08-06,7563.101963221575
Nifty 500 TRI,2015-08-07,7544.288422923542
Nifty 500 TRI,2015-08-10,7517.4050430764555
Nifty 500 TRI,2015-08-11,7458.360828712751
Nifty 500 TRI,2015-08-12,7338.182470180843
Nifty 500 TRI,2015-08-13,7328.075791281383
Nifty 500 TRI,2015-08-14,7471.066216071693
Nifty 500 TRI,2015-08-17,7457.301314873138
Nifty 500 TRI,2015-08-18,7465.633797273024
Nifty 500 TRI,2015-08-19,7486.311703503139
Nifty 500 TRI,2015-08-20,7372.143852597537
Nifty 500 TRI,2015-08-21,7313.600341568459
Nifty 500 TRI,2015-08-24,6823.456074303592
Nifty 500 TRI,2015-08-25,6903.539035098027
Nifty 500 TRI,2015-08-26,6844.392871301851
Nifty 500 TRI,2015-08-27,6995.834995729795
Nifty 500 TRI,2015-08-28,7035.156932625084
Nifty 500 TRI,2015-08-31,7009.46611828913
Nifty 500 TRI,2015-09-01,6855.088249430097
Nifty 500 TRI,2015-09-02,6806.332374810528
Nifty 500 TRI,2015-09-03,6895.26738904148
Nifty 500 TRI,2015-09-04,6749.38493157837
Nifty 500 TRI,2015-09-07,6647.3930340794905
Nifty 500 TRI,2015-09-08,6735.496532974969
Nifty 500 TRI,2015-09-09,6856.93186664445
Nifty 500 TRI,2015-09-10,6838.442158670688
Nifty 500 TRI,2015-09-11,6846.07748153192
Nifty 500 TRI,2015-09-14,6921.561301835589
Nifty 500 TRI,2015-09-15,6880.3050059358475
Nifty 500 TRI,2015-09-16,6910.341148682771
Nifty 500 TRI,2015-09-18,6979.5156641117
Nifty 500 TRI,2015-09-21,6990.926736997188
Nifty 500 TRI,2015-09-22,6866.417132001487
Nifty 500 TRI,2015-09-23,6893.304277286028
Nifty 500 TRI,2015-09-24,6914.565826520166
Nifty 500 TRI,2015-09-28,6863.239535577858
Nifty 500 TRI,2015-09-29,6893.024782296681
Nifty 500 TRI,2015-09-30,6991.8774439112485
Nifty 500 TRI,2015-10-01,7000.943006448227
Nifty 500 TRI,2015-10-05,7143.483707231147
Nifty 500 TRI,2015-10-06,7174.810295218439
Nifty 500 TRI,2015-10-07,7193.090905852385
Nifty 500 TRI,2015-10-08,7149.129142181825
Nifty 500 TRI,2015-10-09,7186.825904429639
Nifty 500 TRI,2015-10-12,7159.008862301004
Nifty 500 TRI,2015-10-13,7154.243418871905
Nifty 500 TRI,2015-10-14,7142.3732260257675
Nifty 500 TRI,2015-10-15,7193.12853477505
Nifty 500 TRI,2015-10-16,7232.0985974347295
Nifty 500 TRI,2015-10-19,7271.598568494215
Nifty 500 TRI,2015-10-20,7271.204321448807
Nifty 500 TRI,2015-10-21,7259.4929905896
Nifty 500 TRI,2015-10-23,7278.1807158972915
Nifty 500 TRI,2015-10-26,7246.832707962487
Nifty 500 TRI,2015-10-27,7234.17068269764
Nifty 500 TRI,2015-10-28,7189.970579576163
Nifty 500 TRI,2015-10-29,7144.609666650054
Nifty 500 TRI,2015-10-30,7109.144428744287
Nifty 500 TRI,2015-11-02,7099.2564061372295
Nifty 500 TRI,2015-11-03,7114.4963038672495
Nifty 500 TRI,2015-11-04,7100.036403159237
Nifty 500 TRI,2015-11-05,7016.5337398983265
Nifty 500 TRI,2015-11-06,7004.5445215897425
Nifty 500 TRI,2015-11-09,6996.066026178167
Nifty 500 TRI,2015-11-10,6885.736637095398
Nifty 500 TRI,2015-11-13,6876.033835441173
Nifty 500 TRI,2015-11-16,6902.890689766588
Nifty 500 TRI,2015-11-17,6934.04115765397
Nifty 500 TRI,2015-11-18,6857.083214935597
Nifty 500 TRI,2015-11-19,6948.983098214827
Nifty 500 TRI,2015-11-20,6971.444924343855
Nifty 500 TRI,2015-11-23,6971.970011993831
Nifty 500 TRI,2015-11-24,6965.452735463976
Nifty 500 TRI,2015-11-26,7003.640255130863
Nifty 500 TRI,2015-11-27,7048.137901558131
Nifty 500 TRI,2015-11-30,7047.985389202776
Nifty 500 TRI,2015-12-01,7076.045277041778
Nifty 500 TRI,2015-12-02,7062.887906792405
Nifty 500 TRI,2015-12-03,7010.091097213112
Nifty 500 TRI,2015-12-04,6942.2145655557815
Nifty 500 TRI,2015-12-07,6934.40732827273
Nifty 500 TRI,2015-12-08,6869.577085712936
Nifty 500 TRI,2015-12-09,6775.113392329903
Nifty 500 TRI,2015-12-10,6837.4428029957735
Nifty 500 TRI,2015-12-11,6775.661492214311
Nifty 500 TRI,2015-12-14,6810.230891724761
Nifty 500 TRI,2015-12-15,6857.015629259574
Nifty 500 TRI,2015-12-16,6892.782360395478
Nifty 500 TRI,2015-12-17,6984.028776961124
Nifty 500 TRI,2015-12-18,6930.51741228034
Nifty 500 TRI,2015-12-21,6991.586530034764
Nifty 500 TRI,2015-12-22,6957.847956620361
Nifty 500 TRI,2015-12-23,7018.099875386331
Nifty 500 TRI,2015-12-24,7022.548887070558
Nifty 500 TRI,2015-12-28,7069.83771979161
Nifty 500 TRI,2015-12-29,7074.869222354368
Nifty 500 TRI,2015-12-30,7054.208353262585
Nifty 500 TRI,2015-12-31,7095.907607857126
Nifty 500 TRI,2016-01-01,7126.635318450989
Nifty 500 TRI,2016-01-04,6997.686120775422
Nifty 500 TRI,2016-01-05,7007.096541913238
Nifty 500 TRI,2016-01-06,6973.710808846417
Nifty 500 TRI,2016-01-07,6804.224978659321
Nifty 500 TRI,2016-01-08,6850.887813048574
Nifty 500 TRI,2016-01-11,6810.391763426034
Nifty 500 TRI,2016-01-12,6761.634151867183
Nifty 500 TRI,2016-01-13,6772.939210373569
Nifty 500 TRI,2016-01-14,6733.308664901951
Nifty 500 TRI,2016-01-15,6611.2770629959605
Nifty 500 TRI,2016-01-18,6492.3539894080595
Nifty 500 TRI,2016-01-19,6572.863554289432
Nifty 500 TRI,2016-01-20,6457.511703130899
Nifty 500 TRI,2016-01-21,6432.697167983698
Nifty 500 TRI,2016-01-22,6564.531983198016
Nifty 500 TRI,2016-01-25,6583.920151036188
Nifty 500 TRI,2016-01-27,6592.746082426302
Nifty 500 TRI,2016-01-28,6579.86513846136
Nifty 500 TRI,2016-01-29,6695.680520166486
Nifty 500 TRI,2016-02-01,6698.607501384871
Nifty 500 TRI,2016-02-02,6604.390419421473
Nifty 500 TRI,2016-02-03,6513.758714402874
Nifty 500 TRI,2016-02-04,6535.15205416889
Nifty 500 TRI,2016-02-05,6624.370060290908
Nifty 500 TRI,2016-02-08,6560.88708133462
Nifty 500 TRI,2016-02-09,6472.138291431063
Nifty 500 TRI,2016-02-10,6394.5306911652615
Nifty 500 TRI,2016-02-11,6174.165694091124
Nifty 500 TRI,2016-02-12,6164.0116063851865
Nifty 500 TRI,2016-02-15,6339.670928646423
Nifty 500 TRI,2016-02-16,6223.681621198317
Nifty 500 TRI,2016-02-17,6267.268294038361
Nifty 500 TRI,2016-02-18,6329.459046389969
Nifty 500 TRI,2016-02-19,6341.926104535229
Nifty 500 TRI,2016-02-22,6367.6517351003995
Nifty 500 TRI,2016-02-23,6269.289288880355
Nifty 500 TRI,2016-02-24,6194.2821997270175
Nifty 500 TRI,2016-02-25,6148.763871105289
Nifty 500 TRI,2016-02-26,6187.445165058133
Nifty 500 TRI,2016-02-29,6163.787551548103
Nifty 500 TRI,2016-03-01,6364.980602626399
Nifty 500 TRI,2016-03-02,6489.002103230734
Nifty 500 TRI,2016-03-03,6575.125021319336
Nifty 500 TRI,2016-03-04,6597.492508512101
Nifty 500 TRI,2016-03-08,6602.901635549165
Nifty 500 TRI,2016-03-09,6636.378166989949
Nifty 500 TRI,2016-03-10,6602.592917679014
Nifty 500 TRI,2016-03-11,6619.202009470412
Nifty 500 TRI,2016-03-14,6645.500903915517
Nifty 500 TRI,2016-03-15,6582.1979098236225
Nifty 500 TRI,2016-03-16,6599.126667119456
Nifty 500 TRI,2016-03-17,6617.642781060089
Nifty 500 TRI,2016-03-18,6688.631255635326
Nifty 500 TRI,2016-03-21,6778.210799255751
Nifty 500 TRI,2016-03-22,6790.704816349719
Nifty 500 TRI,2016-03-23,6796.640515935827
Nifty 500 TRI,2016-03-28,6703.568006995362
Nifty 500 TRI,2016-03-29,6691.405041266373
Nifty 500 TRI,2016-03-30,6811.95236208926
Nifty 500 TRI,2016-03-31,6828.5257759196675
Nifty 500 TRI,2016-04-01,6821.710746335253
Nifty 500 TRI,2016-04-04,6858.473129890064
Nifty 500 TRI,2016-04-05,6730.353240664832
Nifty 500 TRI,2016-04-06,6751.373271985333
Nifty 500 TRI,2016-04-07,6700.570226289631
Nifty 500 TRI,2016-04-08,6718.6267424767875
Nifty 500 TRI,2016-04-11,6808.164258254235
Nifty 500 TRI,2016-04-12,6850.207163240078
Nifty 500 TRI,2016-04-13,6961.867778145407
Nifty 500 TRI,2016-04-18,7026.224044034924
Nifty 500 TRI,2016-04-20,7035.419948437956
Nifty 500 TRI,2016-04-21,7026.118184055227
Nifty 500 TRI,2016-04-22,7019.622817614275
Nifty 500 TRI,2016-04-25,6983.768279590699
Nifty 500 TRI,2016-04-26,7064.550784211976
Nifty 500 TRI,2016-04-27,7080.458451917715
Nifty 500 TRI,2016-04-28,6973.541437228122
Nifty 500 TRI,2016-04-29,6979.489499557774
Nifty 500 TRI,2016-05-02,6971.274162381779
Nifty 500 TRI,2016-05-03,6922.130217576364
Nifty 500 TRI,2016-05-04,6870.228745219655
Nifty 500 TRI,2016-05-05,6887.087648938227
Nifty 500 TRI,2016-05-06,6892.0806785173645
Nifty 500 TRI,2016-05-09,6997.346814695717
Nifty 500 TRI,2016-05-10,7012.411378319289
Nifty 500 TRI,2016-05-11,6986.941424842302
Nifty 500 TRI,2016-05-12,7037.933262267112
Nifty 500 TRI,2016-05-13,6976.057519478958
Nifty 500 TRI,2016-05-16,7004.246287382529
Nifty 500 TRI,2016-05-17,7027.211371075492
Nifty 500 TRI,2016-05-18,7018.80151079086
Nifty 500 TRI,2016-05-19,6939.475815912762
Nifty 500 TRI,2016-05-20,6904.2964527048425
Nifty 500 TRI,2016-05-23,6886.048858637558
Nifty 500 TRI,2016-05-24,6889.825529888582
Nifty 500 TRI,2016-05-25,7026.025828195032
Nifty 500 TRI,2016-05-26,7130.5330237886365
Nifty 500 TRI,2016-05-27,7206.895619839078
Nifty 500 TRI,2016-05-30,7232.309085517343
Nifty 500 TRI,2016-05-31,7215.260258441676
Nifty 500 TRI,2016-06-01,7227.638589195969
Nifty 500 TRI,2016-06-02,7263.666957170533
Nifty 500 TRI,2016-06-03,7259.184537742647
Nifty 500 TRI,2016-06-06,7246.690477065194
Nifty 500 TRI,2016-06-07,7301.923838913444
Nifty 500 TRI,2016-06-08,7320.883935685063
Nifty 500 TRI,2016-06-09,7274.396951241586
Nifty 500 TRI,2016-06-10,7247.37200976096
Nifty 500 TRI,2016-06-13,7198.326277573627
Nifty 500 TRI,2016-06-14,7207.791657328326
Nifty 500 TRI,2016-06-15,7283.5673491038615
Nifty 500 TRI,2016-06-16,7235.848418363432
Nifty 500 TRI,2016-06-17,7259.957973541237
Nifty 500 TRI,2016-06-20,7312.61164381479
Nifty 500 TRI,2016-06-21,7307.3855384838525
Nifty 500 TRI,2016-06-22,7291.54702312344
Nifty 500 TRI,2016-06-23,7333.7570232654925
Nifty 500 TRI,2016-06-24,7190.724358181707
Nifty 500 TRI,2016-06-27,7221.307155080949
Nifty 500 TRI,2016-06-28,7257.683938238244
Nifty 500 TRI,2016-06-29,7331.532540464871
Nifty 500 TRI,2016-06-30,7410.002996696519
Nifty 500 TRI,2016-07-01,7460.189736600619
Nifty 500 TRI,2016-07-04,7507.632062119639
Nifty 500 TRI,2016-07-05,7485.741608715638
Nifty 500 TRI,2016-07-07,7485.27512328619
Nifty 500 TRI,2016-07-08,7474.158538808083
Nifty 500 TRI,2016-07-11,7593.766832455023
Nifty 500 TRI,2016-07-12,7637.446423050253
Nifty 500 TRI,2016-07-13,7621.501360076776
Nifty 500 TRI,2016-07-14,7662.476880291867
Nifty 500 TRI,2016-07-15,7640.477949547136
Nifty 500 TRI,2016-07-18,7607.079914713696
Nifty 500 TRI,2016-07-19,7624.269732103465
Nifty 500 TRI,2016-07-20,7670.298145803551
Nifty 500 TRI,2016-07-21,7633.796543910261
Nifty 500 TRI,2016-07-22,7677.332395113913
Nifty 500 TRI,2016-07-25,7761.107206062021
Nifty 500 TRI,2016-07-26,7723.53966421667
Nifty 500 TRI,2016-07-27,7753.433317217031
Nifty 500 TRI,2016-07-28,7796.981558569299
Nifty 500 TRI,2016-07-29,7788.0457738489
Nifty 500 TRI,2016-08-01,7794.1747409483005
Nifty 500 TRI,2016-08-02,7768.766929917771
Nifty 500 TRI,2016-08-03,7686.026590599876
Nifty 500 TRI,2016-08-04,7703.015094115786
Nifty 500 TRI,2016-08-05,7826.012227616392
Nifty 500 TRI,2016-08-08,7863.128233183525
Nifty 500 TRI,2016-08-09,7831.711689665702
Nifty 500 TRI,2016-08-10,7734.7645361378945
Nifty 500 TRI,2016-08-11,7748.303901961828
Nifty 500 TRI,2016-08-12,7810.156569586285
Nifty 500 TRI,2016-08-16,7802.459170664885
Nifty 500 TRI,2016-08-17,7807.445211884992
Nifty 500 TRI,2016-08-18,7857.138225091429
Nifty 500 TRI,2016-08-19,7865.474875255644
Nifty 500 TRI,2016-08-22,7830.092581943496
Nifty 500 TRI,2016-08-23,7826.041918056264
Nifty 500 TRI,2016-08-24,7854.264505781754
Nifty 500 TRI,2016-08-25,7809.272430169448
Nifty 500 TRI,2016-08-26,7800.275154278961
Nifty 500 TRI,2016-08-29,7828.905052737927
Nifty 500 TRI,2016-08-30,7936.531381706707
Nifty 500 TRI,2016-08-31,7967.316592075788
Nifty 500 TRI,2016-09-01,7950.185695807591
Nifty 500 TRI,2016-09-02,7982.675896308303
Nifty 500 TRI,2016-09-06,8101.16697803841
Nifty 500 TRI,2016-09-07,8093.1335143014085
Nifty 500 TRI,2016-09-08,8131.166734599891
Nifty 500 TRI,2016-09-09,8059.9877969922145
Nifty 500 TRI,2016-09-12,7895.796494451487
Nifty 500 TRI,2016-09-14,7933.343457402981
Nifty 500 TRI,2016-09-15,7941.477724515326
Nifty 500 TRI,2016-09-16,7967.809761911579
Nifty 500 TRI,2016-09-19,7996.900287642388
Nifty 500 TRI,2016-09-20,7972.149708249181
Nifty 500 TRI,2016-09-21,7973.900598354162
Nifty 500 TRI,2016-09-22,8060.696480859682
Nifty 500 TRI,2016-09-23,8041.693374731245
Nifty 500 TRI,2016-09-26,7962.481346504633
Nifty 500 TRI,2016-09-27,7952.3087851815535
Nifty 500 TRI,2016-09-28,8000.475859644541
Nifty 500 TRI,2016-09-29,7811.124173099201
Nifty 500 TRI,2016-09-30,7873.130573472766
Nifty 500 TRI,2016-10-03,8020.202907526862
Nifty 500 TRI,2016-10-04,8058.212797248274
Nifty 500 TRI,2016-10-05,8056.1330908663285
Nifty 500 TRI,2016-10-06,8026.313163721958
Nifty 500 TRI,2016-10-07,8015.873049155127
Nifty 500 TRI,2016-10-10,8022.516089344738
Nifty 500 TRI,2016-10-13,7901.504464673637
Nifty 500 TRI,2016-10-14,7924.6635561961375
Nifty 500 TRI,2016-10-17,7866.47728972329
Nifty 500 TRI,2016-10-18,8002.879790426129
Nifty 500 TRI,2016-10-19,7998.241017610428
Nifty 500 TRI,2016-10-20,8031.634922523544
Nifty 500 TRI,2016-10-21,8034.98732836138
Nifty 500 TRI,2016-10-24,8046.269482682043
Nifty 500 TRI,2016-10-25,8035.823726646092
Nifty 500 TRI,2016-10-26,7967.089739709513
Nifty 500 TRI,2016-10-27,7941.13566253662
Nifty 500 TRI,2016-10-28,7986.099303722087
Nifty 500 TRI,2016-11-01,7995.775641895256
Nifty 500 TRI,2016-11-02,7877.94299229069
Nifty 500 TRI,2016-11-03,7827.785291840973
Nifty 500 TRI,2016-11-04,7753.428277860819
Nifty 500 TRI,2016-11-07,7814.790147200834
Nifty 500 TRI,2016-11-08,7852.462764198191
Nifty 500 TRI,2016-11-09,7726.283822121668
Nifty 500 TRI,2016-11-10,7827.65571088856
Nifty 500 TRI,2016-11-11,7597.838791715339
Nifty 500 TRI,2016-11-15,7374.859875193606
Nifty 500 TRI,2016-11-16,7387.523174348626
Nifty 500 TRI,2016-11-17,7361.479075141704
Nifty 500 TRI,2016-11-18,7367.104519106243
Nifty 500 TRI,2016-11-21,7211.105861078329
Nifty 500 TRI,2016-11-22,7289.997364649031
Nifty 500 TRI,2016-11-23,7340.737018369743
Nifty 500 TRI,2016-11-24,7292.8202530024355
Nifty 500 TRI,2016-11-25,7424.520141915331
Nifty 500 TRI,2016-11-28,7449.40895420748
Nifty 500 TRI,2016-11-29,7471.2011234914025
Nifty 500 TRI,2016-11-30,7552.30840760221
Nifty 500 TRI,2016-12-01,7510.788554576492
Nifty 500 TRI,2016-12-02,7411.868045096545
Nifty 500 TRI,2016-12-05,7452.019195045696
Nifty 500 TRI,2016-12-06,7470.775294565806
Nifty 500 TRI,2016-12-07,7438.581233593775
Nifty 500 TRI,2016-12-08,7564.792687160934
Nifty 500 TRI,2016-12-09,7577.7383025392555
Nifty 500 TRI,2016-12-12,7495.29138108563
Nifty 500 TRI,2016-12-13,7519.1757356865355
Nifty 500 TRI,2016-12-14,7475.982454427703
Nifty 500 TRI,2016-12-15,7459.789938056712
Nifty 500 TRI,2016-12-16,7446.424751140961
Nifty 500 TRI,2016-12-19,7411.768069149049
Nifty 500 TRI,2016-12-20,7374.380838145196
Nifty 500 TRI,2016-12-21,7361.704431332066
Nifty 500 TRI,2016-12-22,7276.913218622685
Nifty 500 TRI,2016-12-23,7275.602644828559
Nifty 500 TRI,2016-12-26,7179.741739256874
Nifty 500 TRI,2016-12-27,7294.811640477469
Nifty 500 TRI,2016-12-28,7311.493538754272
Nifty 500 TRI,2016-12-29,7384.397211206724
Nifty 500 TRI,2016-12-30,7456.55741537771
Nifty 500 TRI,2017-01-02,7478.326857628328
Nifty 500 TRI,2017-01-03,7506.605722888122
Nifty 500 TRI,2017-01-04,7508.98692398908
Nifty 500 TRI,2017-01-05,7590.564493711183
Nifty 500 TRI,2017-01-06,7565.3920496187775
Nifty 500 TRI,2017-01-09,7568.322903805708
Nifty 500 TRI,2017-01-10,7618.8306161356295
Nifty 500 TRI,2017-01-11,7706.62344007653
Nifty 500 TRI,2017-01-12,7725.784247769
Nifty 500 TRI,2017-01-13,7722.243664297994
Nifty 500 TRI,2017-01-16,7743.995546995483
Nifty 500 TRI,2017-01-17,7739.65370705449
Nifty 500 TRI,2017-01-18,7766.9932900725125
Nifty 500 TRI,2017-01-19,7787.2821553011345
Nifty 500 TRI,2017-01-20,7696.707268020164
Nifty 500 TRI,2017-01-23,7739.9947989557295
Nifty 500 TRI,2017-01-24,7817.9436307239275
Nifty 500 TRI,2017-01-25,7927.692962015805
Nifty 500 TRI,2017-01-27,7968.237913800302
Nifty 500 TRI,2017-01-30,7965.811863587583
Nifty 500 TRI,2017-01-31,7888.1979663783
Nifty 500 TRI,2017-02-01,8034.641043756032
Nifty 500 TRI,2017-02-02,8068.097228862538
Nifty 500 TRI,2017-02-03,8092.735260408548
Nifty 500 TRI,2017-02-06,8155.754236234909
Nifty 500 TRI,2017-02-07,8129.39743819221
Nifty 500 TRI,2017-02-08,8142.012476882514
Nifty 500 TRI,2017-02-09,8151.741595780679
Nifty 500 TRI,2017-02-10,8160.187958115262
Nifty 500 TRI,2017-02-13,8156.389215703451
Nifty 500 TRI,2017-02-14,8133.234184568165
Nifty 500 TRI,2017-02-15,8054.946322703384
Nifty 500 TRI,2017-02-16,8127.7765392904885
Nifty 500 TRI,2017-02-17,8169.2731831992105
Nifty 500 TRI,2017-02-20,8227.67498437198
Nifty 500 TRI,2017-02-21,8263.67144590236
Nifty 500 TRI,2017-02-22,8260.036916046567
Nifty 500 TRI,2017-02-23,8268.918090936795
Nifty 500 TRI,2017-02-27,8245.230150109866
Nifty 500 TRI,2017-02-28,8248.28138335724
Nifty 500 TRI,2017-03-01,8297.341767745424
Nifty 500 TRI,2017-03-02,8230.148259395664
Nifty 500 TRI,2017-03-03,8235.286070803611
Nifty 500 TRI,2017-03-06,8288.744064404626
Nifty 500 TRI,2017-03-07,8278.20578980083
Nifty 500 TRI,2017-03-08,8252.416698964194
Nifty 500 TRI,2017-03-09,8251.669264449833
Nifty 500 TRI,2017-03-10,8252.90191401819
Nifty 500 TRI,2017-03-14,8387.516265919758
Nifty 500 TRI,2017-03-15,8408.236184344696
Nifty 500 TRI,2017-03-16,8487.51348996647
Nifty 500 TRI,2017-03-17,8492.66193344011
Nifty 500 TRI,2017-03-20,8477.969771185744
Nifty 500 TRI,2017-03-21,8468.182414887571
Nifty 500 TRI,2017-03-22,8383.76572084763
Nifty 500 TRI,2017-03-23,8443.573047219903
Nifty 500 TRI,2017-03-24,8464.835674020895
Nifty 500 TRI,2017-03-27,8422.829674591383
Nifty 500 TRI,2017-03-28,8473.224114499391
Nifty 500 TRI,2017-03-29,8509.056225575825
Nifty 500 TRI,2017-03-30,8543.177502970788
Nifty 500 TRI,2017-03-31,8562.895509156697
Nifty 500 TRI,2017-04-03,8625.967242431429
Nifty 500 TRI,2017-04-05,8671.467716713454
Nifty 500 TRI,2017-04-06,8668.537216088735
Nifty 500 TRI,2017-04-07,8618.738472564046
Nifty 500 TRI,2017-04-10,8626.81472082676
Nifty 500 TRI,2017-04-11,8686.023987519453
Nifty 500 TRI,2017-04-12,8656.03935932311
Nifty 500 TRI,2017-04-13,8619.945121036413
Nifty 500 TRI,2017-04-17,8618.606742126743
Nifty 500 TRI,2017-04-18,8576.611241229997
Nifty 500 TRI,2017-04-19,8596.021107728851
Nifty 500 TRI,2017-04-20,8641.421550913494
Nifty 500 TRI,2017-04-21,8635.91637626185
Nifty 500 TRI,2017-04-24,8722.136429917617
Nifty 500 TRI,2017-04-25,8807.476615668173
Nifty 500 TRI,2017-04-26,8822.931505457796
Nifty 500 TRI,2017-04-27,8813.947747191402
Nifty 500 TRI,2017-04-28,8805.766349204989
Nifty 500 TRI,2017-05-02,8825.196617171468
Nifty 500 TRI,2017-05-03,8821.572013679293
Nifty 500 TRI,2017-05-04,8862.711075700521
Nifty 500 TRI,2017-05-05,8785.209025609334
Nifty 500 TRI,2017-05-08,8821.296238549025
Nifty 500 TRI,2017-05-09,8839.3866319102
Nifty 500 TRI,2017-05-10,8922.788233611122
Nifty 500 TRI,2017-05-11,8934.66200016765
Nifty 500 TRI,2017-05-12,8900.848675187726
Nifty 500 TRI,2017-05-15,8957.60281952573
Nifty 500 TRI,2017-05-16,9009.00683797269
Nifty 500 TRI,2017-05-17,9006.136479042163
Nifty 500 TRI,2017-05-18,8881.085459757753
Nifty 500 TRI,2017-05-19,8858.901396922533
Nifty 500 TRI,2017-05-22,8834.932616107195
Nifty 500 TRI,2017-05-23,8753.789662029165
Nifty 500 TRI,2017-05-24,8697.694071967355
Nifty 500 TRI,2017-05-25,8834.565005314267
Nifty 500 TRI,2017-05-26,8939.951600338845
Nifty 500 TRI,2017-05-29,8906.113489271782
Nifty 500 TRI,2017-05-30,8938.008108612934
Nifty 500 TRI,2017-05-31,8961.909546735853
Nifty 500 TRI,2017-06-01,8979.588212191395
Nifty 500 TRI,2017-06-02,9022.166133301393
Nifty 500 TRI,2017-06-05,9054.391744293436
Nifty 500 TRI,2017-06-06,9013.309219856465
Nifty 500 TRI,2017-06-07,9050.421197230355
Nifty 500 TRI,2017-06-08,9048.194609814947
Nifty 500 TRI,2017-06-09,9073.823729229644
Nifty 500 TRI,2017-06-12,9027.421750671156
Nifty 500 TRI,2017-06-13,9026.964837850588
Nifty 500 TRI,2017-06-14,9041.002177336846
Nifty 500 TRI,2017-06-15,9019.17993053107
Nifty 500 TRI,2017-06-16,9031.553855005197
Nifty 500 TRI,2017-06-19,9077.163021095284
Nifty 500 TRI,2017-06-20,9078.426368760247
Nifty 500 TRI,2017-06-21,9067.55391735619
Nifty 500 TRI,2017-06-22,9046.63990335112
Nifty 500 TRI,2017-06-23,8973.100137202926
Nifty 500 TRI,2017-06-27,8899.514971435434
Nifty 500 TRI,2017-06-28,8893.575807037105
Nifty 500 TRI,2017-06-29,8916.85302943389
Nifty 500 TRI,2017-06-30,8949.907725159292
Nifty 500 TRI,2017-07-03,9041.887621112477
Nifty 500 TRI,2017-07-04,9036.058901230721
Nifty 500 TRI,2017-07-05,9080.188825518922
Nifty 500 TRI,2017-07-06,9112.986670619899
Nifty 500 TRI,2017-07-07,9110.813249709772
Nifty 500 TRI,2017-07-10,9194.984589236848
Nifty 500 TRI,2017-07-11,9182.33618919934
Nifty 500 TRI,2017-07-12,9226.265776443355
Nifty 500 TRI,2017-07-13,9291.9067385262
Nifty 500 TRI,2017-07-14,9286.192283792057
Nifty 500 TRI,2017-07-17,9307.30835067003
Nifty 500 TRI,2017-07-18,9232.695477354087
Nifty 500 TRI,2017-07-19,9310.76514843671
Nifty 500 TRI,2017-07-20,9288.978901975064
Nifty 500 TRI,2017-07-21,9319.542517785987
Nifty 500 TRI,2017-07-24,9356.039544738207
Nifty 500 TRI,2017-07-25,9364.677051502786
Nifty 500 TRI,2017-07-26,9405.999330663604
Nifty 500 TRI,2017-07-27,9393.780488278782
Nifty 500 TRI,2017-07-28,9405.21618143561
Nifty 500 TRI,2017-07-31,9455.439820122125
Nifty 500 TRI,2017-08-01,9476.502394761495
Nifty 500 TRI,2017-08-02,9449.121092639012
Nifty 500 TRI,2017-08-03,9387.540295120216
Nifty 500 TRI,2017-08-04,9438.285487342893
Nifty 500 TRI,2017-08-07,9471.745535226153
Nifty 500 TRI,2017-08-08,9386.437957375158
Nifty 500 TRI,2017-08-09,9290.26253994235
Nifty 500 TRI,2017-08-10,9140.619677859877
Nifty 500 TRI,2017-08-11,9065.566547005898
Nifty 500 TRI,2017-08-14,9188.879749144302
Nifty 500 TRI,2017-08-16,9290.82642374542
Nifty 500 TRI,2017-08-17,9299.306256660733
Nifty 500 TRI,2017-08-18,9246.835669525495
Nifty 500 TRI,2017-08-21,9156.440256634118
Nifty 500 TRI,2017-08-22,9145.870326749564
Nifty 500 TRI,2017-08-23,9238.391734622872
Nifty 500 TRI,2017-08-24,9261.023434189061
Nifty 500 TRI,2017-08-28,9330.953653168219
Nifty 500 TRI,2017-08-29,9225.994565733889
Nifty 500 TRI,2017-08-30,9324.621499654597
Nifty 500 TRI,2017-08-31,9359.155017054143
Nifty 500 TRI,2017-09-01,9424.36888912552
Nifty 500 TRI,2017-09-04,9366.190359360124
Nifty 500 TRI,2017-09-05,9416.933976065742
Nifty 500 TRI,2017-09-06,9401.308045879954
Nifty 500 TRI,2017-09-07,9428.26182152509
Nifty 500 TRI,2017-09-08,9420.817499446523
Nifty 500 TRI,2017-09-11,9487.423923314698
Nifty 500 TRI,2017-09-12,9573.555873234556
Nifty 500 TRI,2017-09-13,9548.238742289686
Nifty 500 TRI,2017-09-14,9568.042774798258
Nifty 500 TRI,2017-09-15,9571.208458680054
Nifty 500 TRI,2017-09-18,9636.0145384779
Nifty 500 TRI,2017-09-19,9641.552552631743
Nifty 500 TRI,2017-09-20,9627.488666764557
Nifty 500 TRI,2017-09-21,9598.504995331705
Nifty 500 TRI,2017-09-22,9412.253567763943
Nifty 500 TRI,2017-09-25,9305.771866023137
Nifty 500 TRI,2017-09-26,9323.635631302512
Nifty 500 TRI,2017-09-27,9179.954369746509
Nifty 500 TRI,2017-09-28,9219.200635259773
Nifty 500 TRI,2017-09-29,9265.723021803555
Nifty 500 TRI,2017-10-03,9334.17309127631
Nifty 500 TRI,2017-10-04,9382.375775854487
Nifty 500 TRI,2017-10-05,9382.251779658336
Nifty 500 TRI,2017-10-06,9469.794659105053
Nifty 500 TRI,2017-10-09,9482.469486310329
Nifty 500 TRI,2017-10-10,9523.843864732287
Nifty 500 TRI,2017-10-11,9476.730298664153
Nifty 500 TRI,2017-10-12,9582.29289932243
Nifty 500 TRI,2017-10-13,9633.429367461556
Nifty 500 TRI,2017-10-16,9686.171331593263
Nifty 500 TRI,2017-10-17,9704.921791641189
Nifty 500 TRI,2017-10-18,9686.157600838005
Nifty 500 TRI,2017-10-19,9635.802602741403
Nifty 500 TRI,2017-10-23,9675.069924018124
Nifty 500 TRI,2017-10-24,9697.921526404372
Nifty 500 TRI,2017-10-25,9775.177365841322
Nifty 500 TRI,2017-10-26,9820.3559746603
Nifty 500 TRI,2017-10-27,9818.196600796015
Nifty 500 TRI,2017-10-30,9884.569048391448
Nifty 500 TRI,2017-10-31,9872.488703808462
Nifty 500 TRI,2017-11-01,9960.445060869946
Nifty 500 TRI,2017-11-02,9963.89874150848
Nifty 500 TRI,2017-11-03,9988.925474987362
Nifty 500 TRI,2017-11-06,10003.333761907545
Nifty 500 TRI,2017-11-07,9891.952713218274
Nifty 500 TRI,2017-11-08,9836.17723804621
Nifty 500 TRI,2017-11-09,9868.594364506313
Nifty 500 TRI,2017-11-10,9877.170583259212
Nifty 500 TRI,2017-11-13,9799.911274719765
Nifty 500 TRI,2017-11-14,9766.835159248327
Nifty 500 TRI,2017-11-15,9683.25685562043
Nifty 500 TRI,2017-11-16,9782.040972543775
Nifty 500 TRI,2017-11-17,9860.16567123817
Nifty 500 TRI,2017-11-20,9887.897795522153
Nifty 500 TRI,2017-11-21,9913.583716059538
Nifty 500 TRI,2017-11-22,9925.024182342078
Nifty 500 TRI,2017-11-23,9937.976892271941
Nifty 500 TRI,2017-11-24,9980.018936985945
Nifty 500 TRI,2017-11-27,10004.152008058445
Nifty 500 TRI,2017-11-28,9990.228821969707
Nifty 500 TRI,2017-11-29,9980.19175778794
Nifty 500 TRI,2017-11-30,9883.138163358903
Nifty 500 TRI,2017-12-01,9781.868299566135
Nifty 500 TRI,2017-12-04,9781.692169522395
Nifty 500 TRI,2017-12-05,9779.042264768896
Nifty 500 TRI,2017-12-06,9705.881120179667
Nifty 500 TRI,2017-12-07,9829.839817960079
Nifty 500 TRI,2017-12-08,9924.649962500956
Nifty 500 TRI,2017-12-11,9970.280248692367
Nifty 500 TRI,2017-12-12,9889.172194731647
Nifty 500 TRI,2017-12-13,9830.416117443758
Nifty 500 TRI,2017-12-14,9865.138579927943
Nifty 500 TRI,2017-12-15,9955.218520303231
Nifty 500 TRI,2017-12-18,10014.633867626058
Nifty 500 TRI,2017-12-19,10111.753184666646
Nifty 500 TRI,2017-12-20,10115.324322738636
Nifty 500 TRI,2017-12-21,10141.906588934751
Nifty 500 TRI,2017-12-22,10189.50397645082
Nifty 500 TRI,2017-12-26,10232.812577491468
Nifty 500 TRI,2017-12-27,10198.461673730297
Nifty 500 TRI,2017-12-28,10196.200930342444
Nifty 500 TRI,2017-12-29,10255.75255340633
Nifty 500 TRI,2018-01-01,10196.07444092668
Nifty 500 TRI,2018-01-02,10178.41240039917
Nifty 500 TRI,2018-01-03,10201.98186596344
Nifty 500 TRI,2018-01-04,10274.082467649843
Nifty 500 TRI,2018-01-05,10347.592679363612
Nifty 500 TRI,2018-01-08,10419.73411839285
Nifty 500 TRI,2018-01-09,10421.695925398299
Nifty 500 TRI,2018-01-10,10411.063311260028
Nifty 500 TRI,2018-01-11,10432.700722543519
Nifty 500 TRI,2018-01-12,10449.150416300097
Nifty 500 TRI,2018-01-15,10487.637751095279
Nifty 500 TRI,2018-01-16,10393.641045431053
Nifty 500 TRI,2018-01-17,10473.995742772086
Nifty 500 TRI,2018-01-18,10431.301391781244
Nifty 500 TRI,2018-01-19,10514.149457331516
Nifty 500 TRI,2018-01-22,10584.609824645093
Nifty 500 TRI,2018-01-23,10682.182697011858
Nifty 500 TRI,2018-01-24,10657.332028576759
Nifty 500 TRI,2018-01-25,10610.198755992751
Nifty 500 TRI,2018-01-29,10621.807285696364
Nifty 500 TRI,2018-01-30,10539.508343251558
Nifty 500 TRI,2018-01-31,10491.0107470315
Nifty 500 TRI,2018-02-01,10479.615026664991
Nifty 500 TRI,2018-02-02,10180.013727237096
Nifty 500 TRI,2018-02-05,10110.251732468485
Nifty 500 TRI,2018-02-06,9944.116567323985
Nifty 500 TRI,2018-02-07,9961.537180748854
Nifty 500 TRI,2018-02-08,10087.652494683018
Nifty 500 TRI,2018-02-09,10010.61182283072
Nifty 500 TRI,2018-02-12,10116.94602838088
Nifty 500 TRI,2018-02-14,10094.067350179017
Nifty 500 TRI,2018-02-15,10091.041213619008
Nifty 500 TRI,2018-02-16,9996.12423603133
Nifty 500 TRI,2018-02-19,9915.216718993492
Nifty 500 TRI,2018-02-20,9905.905971547612
Nifty 500 TRI,2018-02-21,9924.145048287217
Nifty 500 TRI,2018-02-22,9892.967113318358
Nifty 500 TRI,2018-02-23,10015.460580537543
Nifty 500 TRI,2018-02-26,10104.466308570141
Nifty 500 TRI,2018-02-27,10071.880715600379
Nifty 500 TRI,2018-02-28,10028.52025454306
Nifty 500 TRI,2018-03-01,9989.270347046344
Nifty 500 TRI,2018-03-05,9893.92225330751
Nifty 500 TRI,2018-03-06,9789.954278541061
Nifty 500 TRI,2018-03-07,9678.777003486855
Nifty 500 TRI,2018-03-08,9748.246753971727
Nifty 500 TRI,2018-03-09,9733.077153427099
Nifty 500 TRI,2018-03-12,9880.6409306351
Nifty 500 TRI,2018-03-13,9920.122853011102
Nifty 500 TRI,2018-03-14,9913.567458999856
Nifty 500 TRI,2018-03-15,9894.771584322658
Nifty 500 TRI,2018-03-16,9754.8565178964
Nifty 500 TRI,2018-03-19,9636.362669021793
Nifty 500 TRI,2018-03-20,9665.1187033179
Nifty 500 TRI,2018-03-21,9696.47640481449
Nifty 500 TRI,2018-03-22,9647.92542118871
Nifty 500 TRI,2018-03-23,9536.41433466049
Nifty 500 TRI,2018-03-26,9660.401636201765
Nifty 500 TRI,2018-03-27,9729.804703057838
Nifty 500 TRI,2018-03-28,9658.594183785957
Nifty 500 TRI,2018-04-02,9781.030683616213
Nifty 500 TRI,2018-04-03,9836.903807243873
Nifty 500 TRI,2018-04-04,9729.637108971201
Nifty 500 TRI,2018-04-05,9914.839611462432
Nifty 500 TRI,2018-04-06,9943.240472122749
Nifty 500 TRI,2018-04-09,9980.155931923518
Nifty 500 TRI,2018-04-10,9995.60698628342
Nifty 500 TRI,2018-04-11,10008.618400898411
Nifty 500 TRI,2018-04-12,10026.728102318164
Nifty 500 TRI,2018-04-13,10049.176289459092
Nifty 500 TRI,2018-04-16,10097.495850884394
Nifty 500 TRI,2018-04-17,10118.430557491847
Nifty 500 TRI,2018-04-18,10098.480553350875
Nifty 500 TRI,2018-04-19,10147.398639819168
Nifty 500 TRI,2018-04-20,10138.240002984076
Nifty 500 TRI,2018-04-23,10167.163931172814
Nifty 500 TRI,2018-04-24,10185.936188155678
Nifty 500 TRI,2018-04-25,10142.39036515086
Nifty 500 TRI,2018-04-26,10176.783341201131
Nifty 500 TRI,2018-04-27,10244.701105912016
Nifty 500 TRI,2018-04-30,10303.043045517206
Nifty 500 TRI,2018-05-02,10247.295960280027
Nifty 500 TRI,2018-05-03,10187.031743753847
Nifty 500 TRI,2018-05-04,10134.303984688342
Nifty 500 TRI,2018-05-07,10221.08010871754
Nifty 500 TRI,2018-05-08,10222.55318361796
Nifty 500 TRI,2018-05-09,10221.856904656544
Nifty 500 TRI,2018-05-10,10159.298267902393
Nifty 500 TRI,2018-05-11,10219.756175611197
Nifty 500 TRI,2018-05-14,10192.102885356955
Nifty 500 TRI,2018-05-15,10166.330597807984
Nifty 500 TRI,2018-05-16,10126.281898204534
Nifty 500 TRI,2018-05-17,10100.288437189105
Nifty 500 TRI,2018-05-18,9997.21790201956
Nifty 500 TRI,2018-05-21,9889.087110091074
Nifty 500 TRI,2018-05-22,9929.52728906665
Nifty 500 TRI,2018-05-23,9847.497123522291
Nifty 500 TRI,2018-05-24,9897.493227730094
Nifty 500 TRI,2018-05-25,10006.398144644885
Nifty 500 TRI,2018-05-28,10107.283505817417
Nifty 500 TRI,2018-05-29,10067.487219652856
Nifty 500 TRI,2018-05-30,10050.874932571189
Nifty 500 TRI,2018-05-31,10116.74464306939
Nifty 500 TRI,2018-06-01,10051.639632222037
Nifty 500 TRI,2018-06-04,9966.600573019405
Nifty 500 TRI,2018-06-05,9895.887720205219
Nifty 500 TRI,2018-06-06,9999.838856103923
Nifty 500 TRI,2018-06-07,10102.491964994852
Nifty 500 TRI,2018-06-08,10120.366288251236
Nifty 500 TRI,2018-06-11,10138.903992401603
Nifty 500 TRI,2018-06-12,10197.957813145978
Nifty 500 TRI,2018-06-13,10198.23675776031
Nifty 500 TRI,2018-06-14,10166.245669758608
Nifty 500 TRI,2018-06-15,10152.506505141197
Nifty 500 TRI,2018-06-18,10126.171127205474
Nifty 500 TRI,2018-06-19,10035.164612336783
Nifty 500 TRI,2018-06-20,10081.027145992355
Nifty 500 TRI,2018-06-21,10042.069057531256
Nifty 500 TRI,2018-06-22,10103.693537431887
Nifty 500 TRI,2018-06-25,10037.022947328327
Nifty 500 TRI,2018-06-26,10034.524035967608
Nifty 500 TRI,2018-06-27,9923.38139097691
Nifty 500 TRI,2018-06-28,9823.373462228526
Nifty 500 TRI,2018-06-29,9960.120137882435
Nifty 500 TRI,2018-07-02,9902.986851166519
Nifty 500 TRI,2018-07-03,9947.233603569452
Nifty 500 TRI,2018-07-04,9996.646545294401
Nifty 500 TRI,2018-07-05,9966.583573543454
Nifty 500 TRI,2018-07-06,9997.24536753191
Nifty 500 TRI,2018-07-09,10088.969787429618
Nifty 500 TRI,2018-07-10,10177.872232604574
Nifty 500 TRI,2018-07-11,10161.728815716106
Nifty 500 TRI,2018-07-12,10201.918729831274
Nifty 500 TRI,2018-07-13,10167.612629086616
Nifty 500 TRI,2018-07-16,10040.482454743615
Nifty 500 TRI,2018-07-17,10132.176984348745
Nifty 500 TRI,2018-07-18,10082.79826736194
Nifty 500 TRI,2018-07-19,10046.959248911719
Nifty 500 TRI,2018-07-20,10101.459819984804
Nifty 500 TRI,2018-07-23,10187.034645878028
Nifty 500 TRI,2018-07-24,10281.801951655127
Nifty 500 TRI,2018-07-25,10281.321760361698
Nifty 500 TRI,2018-07-26,10323.002207082227
Nifty 500 TRI,2018-07-27,10422.514749594699
Nifty 500 TRI,2018-07-30,10466.68191245574
Nifty 500 TRI,2018-07-31,10501.736536178094
Nifty 500 TRI,2018-08-01,10503.277205776729
Nifty 500 TRI,2018-08-02,10435.167857694525
Nifty 500 TRI,2018-08-03,10540.965537067406
Nifty 500 TRI,2018-08-06,10567.738571792666
Nifty 500 TRI,2018-08-07,10563.131497682449
Nifty 500 TRI,2018-08-08,10606.9614529843
Nifty 500 TRI,2018-08-09,10633.812786002902
Nifty 500 TRI,2018-08-10,10585.556927323381
Nifty 500 TRI,2018-08-13,10512.619628977922
Nifty 500 TRI,2018-08-14,10588.790848084946
Nifty 500 TRI,2018-08-16,10545.387559433084
Nifty 500 TRI,2018-08-17,10637.789753984127
Nifty 500 TRI,2018-08-20,10714.565269491535
Nifty 500 TRI,2018-08-21,10739.688624643677
Nifty 500 TRI,2018-08-23,10751.33450231966
Nifty 500 TRI,2018-08-24,10727.998827050355
Nifty 500 TRI,2018-08-27,10846.678727383976
Nifty 500 TRI,2018-08-28,10876.550679476784
Nifty 500 TRI,2018-08-29,10863.562875840958
Nifty 500 TRI,2018-08-30,10865.605814145661
Nifty 500 TRI,2018-08-31,10884.260661242377
Nifty 500 TRI,2018-09-03,10808.68794683457
Nifty 500 TRI,2018-09-04,10683.10106895712
Nifty 500 TRI,2018-09-05,10638.236741449547
Nifty 500 TRI,2018-09-06,10694.040711757374
Nifty 500 TRI,2018-09-07,10759.490377171616
Nifty 500 TRI,2018-09-10,10613.331799086514
Nifty 500 TRI,2018-09-11,10468.749798206125
Nifty 500 TRI,2018-09-12,10527.391959080429
Nifty 500 TRI,2018-09-14,10672.096525492523
Nifty 500 TRI,2018-09-17,10568.184792669683
Nifty 500 TRI,2018-09-18,10457.138060145426
Nifty 500 TRI,2018-09-19,10404.561574437781
Nifty 500 TRI,2018-09-21,10274.271881717998
Nifty 500 TRI,2018-09-24,10076.435542407033
Nifty 500 TRI,2018-09-25,10142.393050785244
Nifty 500 TRI,2018-09-26,10141.525473767066
Nifty 500 TRI,2018-09-27,10032.939442412866
Nifty 500 TRI,2018-09-28,9939.120643874614
Nifty 500 TRI,2018-10-01,9994.069330190774
Nifty 500 TRI,2018-10-03,9876.078984339712
Nifty 500 TRI,2018-10-04,9656.28190565801
Nifty 500 TRI,2018-10-05,9405.881996939102
Nifty 500 TRI,2018-10-08,9382.426921369912
Nifty 500 TRI,2018-10-09,9339.4882903555
Nifty 500 TRI,2018-10-10,9542.176459307759
Nifty 500 TRI,2018-10-11,9342.988207464932
Nifty 500 TRI,2018-10-12,9563.088066542294
Nifty 500 TRI,2018-10-15,9613.006881164092
Nifty 500 TRI,2018-10-16,9702.559119000316
Nifty 500 TRI,2018-10-17,9555.37652973705
Nifty 500 TRI,2018-10-19,9427.313121232426
Nifty 500 TRI,2018-10-22,9358.730413542207
Nifty 500 TRI,2018-10-23,9264.048654746219
Nifty 500 TRI,2018-10-24,9336.098942298291
Nifty 500 TRI,2018-10-25,9246.756754290062
Nifty 500 TRI,2018-10-26,9185.67359744831
Nifty 500 TRI,2018-10-29,9397.049381615336
Nifty 500 TRI,2018-10-30,9386.660440578913
Nifty 500 TRI,2018-10-31,9554.126018420931
Nifty 500 TRI,2018-11-01,9575.231012795737
Nifty 500 TRI,2018-11-02,9714.060715753303
Nifty 500 TRI,2018-11-05,9691.542074938761
Nifty 500 TRI,2018-11-06,9683.56115745585
Nifty 500 TRI,2018-11-07,9748.88908518556
Nifty 500 TRI,2018-11-09,9767.540421965306
Nifty 500 TRI,2018-11-12,9673.393600465593
Nifty 500 TRI,2018-11-13,9743.920619412122
Nifty 500 TRI,2018-11-14,9741.946139737971
Nifty 500 TRI,2018-11-15,9778.51906842093
Nifty 500 TRI,2018-11-16,9820.990752944028
Nifty 500 TRI,2018-11-19,9886.935780716429
Nifty 500 TRI,2018-11-20,9786.12297072592
Nifty 500 TRI,2018-11-21,9764.761399048637
Nifty 500 TRI,2018-11-22,9698.125336986008
Nifty 500 TRI,2018-11-26,9769.305733793582
Nifty 500 TRI,2018-11-27,9814.305711610166
Nifty 500 TRI,2018-11-28,9824.840390496427
Nifty 500 TRI,2018-11-29,9921.956686059237
Nifty 500 TRI,2018-11-30,9952.107914830458
Nifty 500 TRI,2018-12-03,9972.477508501011
Nifty 500 TRI,2018-12-04,9961.384457202914
Nifty 500 TRI,2018-12-05,9866.643316479256
Nifty 500 TRI,2018-12-06,9707.20474142117
Nifty 500 TRI,2018-12-07,9770.248311356338
Nifty 500 TRI,2018-12-10,9584.264805695688
Nifty 500 TRI,2018-12-11,9667.149701714285
Nifty 500 TRI,2018-12-12,9860.318754481257
Nifty 500 TRI,2018-12-13,9921.521297997917
Nifty 500 TRI,2018-12-14,9937.14787680154
Nifty 500 TRI,2018-12-17,10006.607574011723
Nifty 500 TRI,2018-12-18,10032.514201920596
Nifty 500 TRI,2018-12-19,10108.766044628495
Nifty 500 TRI,2018-12-20,10095.594935052155
Nifty 500 TRI,2018-12-21,9929.853592651538
Nifty 500 TRI,2018-12-24,9843.245908991817
Nifty 500 TRI,2018-12-26,9886.80747295087
Nifty 500 TRI,2018-12-27,9927.698918868491
Nifty 500 TRI,2018-12-28,10008.671662730561
Nifty 500 TRI,2018-12-31,10028.736661508508
Nifty 500 TRI,2019-01-01,10059.578347614384
Nifty 500 TRI,2019-01-02,9956.550558180836
Nifty 500 TRI,2019-01-03,9859.968532990282
Nifty 500 TRI,2019-01-04,9904.152138781998
Nifty 500 TRI,2019-01-07,9933.837334334214
Nifty 500 TRI,2019-01-08,9953.305576777355
Nifty 500 TRI,2019-01-09,9985.136702848173
Nifty 500 TRI,2019-01-10,9976.656294418728
Nifty 500 TRI,2019-01-11,9953.788277685197
Nifty 500 TRI,2019-01-14,9903.612210124613
Nifty 500 TRI,2019-01-15,10019.590925834129
Nifty 500 TRI,2019-01-16,10021.668478723308
Nifty 500 TRI,2019-01-17,10025.11397371223
Nifty 500 TRI,2019-01-18,10001.914163510084
Nifty 500 TRI,2019-01-21,10019.529200912268
Nifty 500 TRI,2019-01-22,9993.42653014422
Nifty 500 TRI,2019-01-23,9925.566688977902
Nifty 500 TRI,2019-01-24,9929.55807907343
Nifty 500 TRI,2019-01-25,9844.671821132817
Nifty 500 TRI,2019-01-28,9716.741743550783
Nifty 500 TRI,2019-01-29,9716.019991129282
Nifty 500 TRI,2019-01-30,9726.463453072543
Nifty 500 TRI,2019-01-31,9857.001256056987
Nifty 500 TRI,2019-02-01,9914.745119181876
Nifty 500 TRI,2019-02-04,9900.059758289724
Nifty 500 TRI,2019-02-05,9891.185222241284
Nifty 500 TRI,2019-02-06,9984.690732918583
Nifty 500 TRI,2019-02-07,10014.691016204777
Nifty 500 TRI,2019-02-08,9895.768855931103
Nifty 500 TRI,2019-02-11,9820.35191581383
Nifty 500 TRI,2019-02-12,9774.838580986365
Nifty 500 TRI,2019-02-14,9714.142801459828
Nifty 500 TRI,2019-02-15,9668.184032635598
Nifty 500 TRI,2019-02-18,9589.495691240323
Nifty 500 TRI,2019-02-19,9576.609115150917
Nifty 500 TRI,2019-02-20,9690.083653917189
Nifty 500 TRI,2019-02-21,9751.858606170872
Nifty 500 TRI,2019-02-22,9771.951394066033
Nifty 500 TRI,2019-02-25,9843.13948466878
Nifty 500 TRI,2019-02-26,9809.824308423049
Nifty 500 TRI,2019-02-27,9802.529222212946
Nifty 500 TRI,2019-02-28,9813.53298232168
Nifty 500 TRI,2019-03-01,9903.21506147673
Nifty 500 TRI,2019-03-05,10053.665117874496
Nifty 500 TRI,2019-03-06,10116.300020688093
Nifty 500 TRI,2019-03-07,10111.040137072896
Nifty 500 TRI,2019-03-08,10095.697169263673
Nifty 500 TRI,2019-03-11,10244.173035521944
Nifty 500 TRI,2019-03-12,10348.919238294435
Nifty 500 TRI,2019-03-13,10359.562130753922
Nifty 500 TRI,2019-03-14,10356.557096551147
Nifty 500 TRI,2019-03-15,10414.122019225306
Nifty 500 TRI,2019-03-18,10434.10990814093
Nifty 500 TRI,2019-03-19,10493.05538463423
Nifty 500 TRI,2019-03-20,10474.593163031139
Nifty 500 TRI,2019-03-22,10417.215179920699
Nifty 500 TRI,2019-03-25,10321.292590814315
Nifty 500 TRI,2019-03-26,10432.33931847479
Nifty 500 TRI,2019-03-27,10420.83564359545
Nifty 500 TRI,2019-03-28,10531.016732517666
Nifty 500 TRI,2019-04-01,10642.137307471874
Nifty 500 TRI,2019-04-02,10663.107076372195
Nifty 500 TRI,2019-04-03,10595.00484969651
Nifty 500 TRI,2019-04-04,10560.520842330126
Nifty 500 TRI,2019-04-05,10624.823231729442
Nifty 500 TRI,2019-04-08,10570.403431165554
Nifty 500 TRI,2019-04-09,10618.31132379171
Nifty 500 TRI,2019-04-10,10558.530456488099
Nifty 500 TRI,2019-04-11,10571.603073155487
Nifty 500 TRI,2019-04-12,10615.894804288007
Nifty 500 TRI,2019-04-15,10662.916573298773
Nifty 500 TRI,2019-04-16,10734.489026999312
Nifty 500 TRI,2019-04-18,10688.326282506141
Nifty 500 TRI,2019-04-22,10537.258077794242
Nifty 500 TRI,2019-04-23,10523.881093652433
Nifty 500 TRI,2019-04-24,10634.271790195366
Nifty 500 TRI,2019-04-25,10570.125609327231
Nifty 500 TRI,2019-04-26,10637.327107850308
Nifty 500 TRI,2019-04-30,10610.828677269328
Nifty 500 TRI,2019-05-02,10582.09525058592
Nifty 500 TRI,2019-05-03,10568.220912710214
Nifty 500 TRI,2019-05-06,10468.116663090093
Nifty 500 TRI,2019-05-07,10378.790754565242
Nifty 500 TRI,2019-05-08,10257.72086448566
Nifty 500 TRI,2019-05-09,10213.576200549678
Nifty 500 TRI,2019-05-10,10203.421222898929
Nifty 500 TRI,2019-05-13,10061.353449422015
Nifty 500 TRI,2019-05-14,10119.23980811143
Nifty 500 TRI,2019-05-15,10062.174779441855
Nifty 500 TRI,2019-05-16,10130.117835304036
Nifty 500 TRI,2019-05-17,10249.146843956756
Nifty 500 TRI,2019-05-20,10626.11209303696
Nifty 500 TRI,2019-05-21,10524.224796118586
Nifty 500 TRI,2019-05-22,10545.829576098373
Nifty 500 TRI,2019-05-23,10496.234874613907
Nifty 500 TRI,2019-05-24,10682.604581517402
Nifty 500 TRI,2019-05-27,10774.696553204112
Nifty 500 TRI,2019-05-28,10786.696836050938
Nifty 500 TRI,2019-05-29,10722.924002038993
Nifty 500 TRI,2019-05-30,10787.181398859895
Nifty 500 TRI,2019-05-31,10776.268407154583
Nifty 500 TRI,2019-06-03,10906.530385943222
Nifty 500 TRI,2019-06-04,10855.884511576232
Nifty 500 TRI,2019-06-06,10687.635862243362
Nifty 500 TRI,2019-06-07,10702.660193088372
Nifty 500 TRI,2019-06-10,10736.691204452754
Nifty 500 TRI,2019-06-11,10780.195182089132
Nifty 500 TRI,2019-06-12,10719.91137228156
Nifty 500 TRI,2019-06-13,10717.072439420675
Nifty 500 TRI,2019-06-14,10632.647148877983
Nifty 500 TRI,2019-06-17,10494.745846452146
Nifty 500 TRI,2019-06-18,10503.61126483977
Nifty 500 TRI,2019-06-19,10476.29661108548
Nifty 500 TRI,2019-06-20,10608.391109892873
Nifty 500 TRI,2019-06-21,10537.909575852396
Nifty 500 TRI,2019-06-24,10519.693581107134
Nifty 500 TRI,2019-06-25,10595.658749728984
Nifty 500 TRI,2019-06-26,10650.949337167853
Nifty 500 TRI,2019-06-27,10661.802188017493
Nifty 500 TRI,2019-06-28,10624.309030088927
Nifty 500 TRI,2019-07-01,10685.913940153318
Nifty 500 TRI,2019-07-02,10721.303940253612
Nifty 500 TRI,2019-07-03,10735.352267556378
Nifty 500 TRI,2019-07-04,10757.158217543822
Nifty 500 TRI,2019-07-05,10626.408258592191
Nifty 500 TRI,2019-07-08,10396.526142574547
Nifty 500 TRI,2019-07-09,10405.504890468377
Nifty 500 TRI,2019-07-10,10344.711669811093
Nifty 500 TRI,2019-07-11,10418.015221440775
Nifty 500 TRI,2019-07-12,10408.835178716012
Nifty 500 TRI,2019-07-15,10422.403104037054
Nifty 500 TRI,2019-07-16,10489.555439565363
Nifty 500 TRI,2019-07-17,10504.758025942881
Nifty 500 TRI,2019-07-18,10409.114195979586
Nifty 500 TRI,2019-07-19,10242.680965693111
Nifty 500 TRI,2019-07-22,10181.041719041103
Nifty 500 TRI,2019-07-23,10165.7404204298
Nifty 500 TRI,2019-07-24,10085.590277049114
Nifty 500 TRI,2019-07-25,10084.488541741146
Nifty 500 TRI,2019-07-26,10121.647649494169
Nifty 500 TRI,2019-07-29,10030.472084574143
Nifty 500 TRI,2019-07-30,9915.337302033904
Nifty 500 TRI,2019-07-31,9960.70246269823
Nifty 500 TRI,2019-08-01,9840.767719376894
Nifty 500 TRI,2019-08-02,9850.120121366097
Nifty 500 TRI,2019-08-05,9727.725707306328
Nifty 500 TRI,2019-08-06,9823.484305245653
Nifty 500 TRI,2019-08-07,9753.365299609417
Nifty 500 TRI,2019-08-08,9891.37538004099
Nifty 500 TRI,2019-08-09,9965.392699630098
Nifty 500 TRI,2019-08-13,9794.331515205136
Nifty 500 TRI,2019-08-14,9883.892995590086
Nifty 500 TRI,2019-08-16,9904.041038245474
Nifty 500 TRI,2019-08-19,9915.094516442741
Nifty 500 TRI,2019-08-20,9870.733905165136
Nifty 500 TRI,2019-08-21,9768.680033940249
Nifty 500 TRI,2019-08-22,9608.928326473751
Nifty 500 TRI,2019-08-23,9687.819671583371
Nifty 500 TRI,2019-08-26,9880.713982892874
Nifty 500 TRI,2019-08-27,9944.468998856571
Nifty 500 TRI,2019-08-28,9888.193563617466
Nifty 500 TRI,2019-08-29,9817.087375627609
Nifty 500 TRI,2019-08-30,9896.169263950644
Nifty 500 TRI,2019-09-03,9704.309506787573
Nifty 500 TRI,2019-09-04,9738.528442334984
Nifty 500 TRI,2019-09-05,9753.400239304663
Nifty 500 TRI,2019-09-06,9835.420312742615
Nifty 500 TRI,2019-09-09,9893.723569569387
Nifty 500 TRI,2019-09-11,9941.51264786958
Nifty 500 TRI,2019-09-12,9904.837790414304
Nifty 500 TRI,2019-09-13,9981.53212671686
Nifty 500 TRI,2019-09-16,9936.51854468998
Nifty 500 TRI,2019-09-17,9765.606618218984
Nifty 500 TRI,2019-09-18,9792.176936866084
Nifty 500 TRI,2019-09-19,9669.783061162587
Nifty 500 TRI,2019-09-20,10181.98308501817
Nifty 500 TRI,2019-09-23,10465.506847042365
Nifty 500 TRI,2019-09-24,10452.775863126484
Nifty 500 TRI,2019-09-25,10309.031854363806
Nifty 500 TRI,2019-09-26,10419.311389909903
Nifty 500 TRI,2019-09-27,10366.470831901084
Nifty 500 TRI,2019-09-30,10307.1292048682
Nifty 500 TRI,2019-10-01,10192.152513350367
Nifty 500 TRI,2019-10-03,10150.883405786513
Nifty 500 TRI,2019-10-04,10033.40724710787
Nifty 500 TRI,2019-10-07,9978.101987966133
Nifty 500 TRI,2019-10-09,10130.30047494942
Nifty 500 TRI,2019-10-10,10058.66327636851
Nifty 500 TRI,2019-10-11,10112.693891508972
Nifty 500 TRI,2019-10-14,10148.18303082473
Nifty 500 TRI,2019-10-15,10216.077257460101
Nifty 500 TRI,2019-10-16,10247.323393129824
Nifty 500 TRI,2019-10-17,10368.16592740139
Nifty 500 TRI,2019-10-18,10465.885453203065
Nifty 500 TRI,2019-10-22,10433.076499012222
Nifty 500 TRI,2019-10-23,10444.902072122113
Nifty 500 TRI,2019-10-24,10422.052770692646
Nifty 500 TRI,2019-10-25,10415.15884391697
Nifty 500 TRI,2019-10-29,10601.244832273349
Nifty 500 TRI,2019-10-30,10655.933772479668
Nifty 500 TRI,2019-10-31,10702.784340685259
Nifty 500 TRI,2019-11-01,10718.984383489884
Nifty 500 TRI,2019-11-04,10751.408624665974
Nifty 500 TRI,2019-11-05,10709.39237882543
Nifty 500 TRI,2019-11-06,10739.902275643419
Nifty 500 TRI,2019-11-07,10787.704876080386
Nifty 500 TRI,2019-11-08,10698.564587946525
Nifty 500 TRI,2019-11-11,10713.479813661128
Nifty 500 TRI,2019-11-13,10645.779062632664
Nifty 500 TRI,2019-11-14,10664.305255499574
Nifty 500 TRI,2019-11-15,10683.329078569759
Nifty 500 TRI,2019-11-18,10685.81239344321
Nifty 500 TRI,2019-11-19,10723.243181868074
Nifty 500 TRI,2019-11-20,10770.844116891767
Nifty 500 TRI,2019-11-21,10735.216979281957
Nifty 500 TRI,2019-11-22,10699.03590639347
Nifty 500 TRI,2019-11-25,10835.779489897977
Nifty 500 TRI,2019-11-26,10792.797692356833
Nifty 500 TRI,2019-11-27,10851.854614168828
Nifty 500 TRI,2019-11-28,10911.688416458013
Nifty 500 TRI,2019-11-29,10850.020775576431
Nifty 500 TRI,2019-12-02,10833.779023414052
Nifty 500 TRI,2019-12-03,10773.482921844217
Nifty 500 TRI,2019-12-04,10816.904257690861
Nifty 500 TRI,2019-12-05,10790.164898497702
Nifty 500 TRI,2019-12-06,10692.981505512504
Nifty 500 TRI,2019-12-09,10696.296226298575
Nifty 500 TRI,2019-12-10,10612.534304400087
Nifty 500 TRI,2019-12-11,10658.062135987768
Nifty 500 TRI,2019-12-12,10719.134140640914
Nifty 500 TRI,2019-12-13,10821.743280032151
Nifty 500 TRI,2019-12-16,10788.953733720238
Nifty 500 TRI,2019-12-17,10875.980747878857
Nifty 500 TRI,2019-12-18,10913.065033731138
Nifty 500 TRI,2019-12-19,10944.122030019436
Nifty 500 TRI,2019-12-20,10958.917283691717
Nifty 500 TRI,2019-12-23,10951.472077296808
Nifty 500 TRI,2019-12-24,10919.464383202596
Nifty 500 TRI,2019-12-26,10863.520507985359
Nifty 500 TRI,2019-12-27,10965.130707513286
Nifty 500 TRI,2019-12-30,10983.912677299251
Nifty 500 TRI,2019-12-31,10926.55338288277
Nifty 500 TRI,2020-01-01,10944.61898996329
Nifty 500 TRI,2020-01-02,11046.19655574495
Nifty 500 TRI,2020-01-03,11004.10930364902
Nifty 500 TRI,2020-01-06,10790.157033012649
Nifty 500 TRI,2020-01-07,10854.716247069597
Nifty 500 TRI,2020-01-08,10840.457473955328
Nifty 500 TRI,2020-01-09,11008.756735228557
Nifty 500 TRI,2020-01-10,11046.86871839415
Nifty 500 TRI,2020-01-13,11119.367499447688
Nifty 500 TRI,2020-01-14,11156.657576783073
Nifty 500 TRI,2020-01-15,11169.423957774392
Nifty 500 TRI,2020-01-16,11195.257550631726
Nifty 500 TRI,2020-01-17,11205.202410684207
Nifty 500 TRI,2020-01-20,11103.304276751414
Nifty 500 TRI,2020-01-21,11061.414567925414
Nifty 500 TRI,2020-01-22,11016.864624419468
Nifty 500 TRI,2020-01-23,11099.629754520367
Nifty 500 TRI,2020-01-24,11168.997320783143
Nifty 500 TRI,2020-01-27,11076.930304426325
Nifty 500 TRI,2020-01-28,11030.04617460102
Nifty 500 TRI,2020-01-29,11088.39981401902
Nifty 500 TRI,2020-01-30,10988.945467417057
Nifty 500 TRI,2020-01-31,10925.324166009448
Nifty 500 TRI,2020-02-03,10692.718975929389
Nifty 500 TRI,2020-02-04,10917.443626195314
Nifty 500 TRI,2020-02-05,11026.722559984282
Nifty 500 TRI,2020-02-06,11085.64637646035
Nifty 500 TRI,2020-02-07,11082.185141009259
Nifty 500 TRI,2020-02-10,11022.207171340222
Nifty 500 TRI,2020-02-11,11068.449297422536
Nifty 500 TRI,2020-02-12,11124.2818017425
Nifty 500 TRI,2020-02-13,11103.198922458641
Nifty 500 TRI,2020-02-14,11040.715684416109
Nifty 500 TRI,2020-02-17,10964.147438001793
Nifty 500 TRI,2020-02-18,10914.122450909057
Nifty 500 TRI,2020-02-19,11052.994906669
Nifty 500 TRI,2020-02-20,11040.219340651978
Nifty 500 TRI,2020-02-24,10819.412353309532
Nifty 500 TRI,2020-02-25,10782.621341309528
Nifty 500 TRI,2020-02-26,10669.873523304434
Nifty 500 TRI,2020-02-27,10622.152285990027
Nifty 500 TRI,2020-02-28,10241.815533664061
Nifty 500 TRI,2020-03-02,10179.328537633628
Nifty 500 TRI,2020-03-03,10341.026383054197
Nifty 500 TRI,2020-03-04,10268.109809857015
Nifty 500 TRI,2020-03-05,10292.735165206304
Nifty 500 TRI,2020-03-06,10048.836448552427
Nifty 500 TRI,2020-03-09,9574.392468665887
Nifty 500 TRI,2020-03-11,9560.263985851534
Nifty 500 TRI,2020-03-12,8765.493531812048
Nifty 500 TRI,2020-03-13,9056.0549360698
Nifty 500 TRI,2020-03-16,8423.300137401364
Nifty 500 TRI,2020-03-17,8230.236545078356
Nifty 500 TRI,2020-03-18,7778.793600190412
Nifty 500 TRI,2020-03-19,7553.406815777729
Nifty 500 TRI,2020-03-20,7945.251151545161
Nifty 500 TRI,2020-03-23,6928.263896191002
Nifty 500 TRI,2020-03-24,7064.385566337409
Nifty 500 TRI,2020-03-25,7462.548355877418
Nifty 500 TRI,2020-03-26,7762.291655807831
Nifty 500 TRI,2020-03-27,7773.033491579193
Nifty 500 TRI,2020-03-30,7491.739731956978
Nifty 500 TRI,2020-03-31,7766.778340542276
Nifty 500 TRI,2020-04-01,7506.382753446592
Nifty 500 TRI,2020-04-03,7369.767823221757
Nifty 500 TRI,2020-04-07,7937.5986477007455
Nifty 500 TRI,2020-04-08,7951.681897855709
Nifty 500 TRI,2020-04-09,8263.070155780837
Nifty 500 TRI,2020-04-13,8173.864078791734
Nifty 500 TRI,2020-04-15,8156.628405755495
Nifty 500 TRI,2020-04-16,8232.362140773495
Nifty 500 TRI,2020-04-17,8457.097845048711
Nifty 500 TRI,2020-04-20,8458.148850801357
Nifty 500 TRI,2020-04-21,8215.433930015815
Nifty 500 TRI,2020-04-22,8368.944084715435
Nifty 500 TRI,2020-04-23,8470.863776288035
Nifty 500 TRI,2020-04-24,8324.665327108823
Nifty 500 TRI,2020-04-27,8448.250285811695
Nifty 500 TRI,2020-04-28,8524.634541083784
Nifty 500 TRI,2020-04-29,8663.523544139112
Nifty 500 TRI,2020-04-30,8903.479764581847
Nifty 500 TRI,2020-05-04,8442.346956571697
Nifty 500 TRI,2020-05-05,8360.551237411319
Nifty 500 TRI,2020-05-06,8419.115388596907
Nifty 500 TRI,2020-05-07,8358.652595346139
Nifty 500 TRI,2020-05-08,8393.546630534718
Nifty 500 TRI,2020-05-11,8399.259714950325
Nifty 500 TRI,2020-05-12,8360.072980056068
Nifty 500 TRI,2020-05-13,8522.753090110507
Nifty 500 TRI,2020-05-14,8353.559960160906
Nifty 500 TRI,2020-05-15,8342.160059465072
Nifty 500 TRI,2020-05-18,8055.244674749514
Nifty 500 TRI,2020-05-19,8099.14719611335
Nifty 500 TRI,2020-05-20,8257.686406989893
Nifty 500 TRI,2020-05-21,8306.601965566959
Nifty 500 TRI,2020-05-22,8246.161116156125
Nifty 500 TRI,2020-05-26,8256.6911612935
Nifty 500 TRI,2020-05-27,8447.189323042267
Nifty 500 TRI,2020-05-28,8599.497664094817
Nifty 500 TRI,2020-05-29,8700.042889035887
Nifty 500 TRI,2020-06-01,8920.798261710943
Nifty 500 TRI,2020-06-02,9051.62298305444
Nifty 500 TRI,2020-06-03,9124.834746398485
Nifty 500 TRI,2020-06-04,9106.110366500241
Nifty 500 TRI,2020-06-05,9232.614938562581
Nifty 500 TRI,2020-06-08,9260.889170548546
Nifty 500 TRI,2020-06-09,9165.67462641493
Nifty 500 TRI,2020-06-10,9227.446892700385
Nifty 500 TRI,2020-06-11,9053.78297983298
Nifty 500 TRI,2020-06-12,9120.17376662818
Nifty 500 TRI,2020-06-15,8998.713274658432
Nifty 500 TRI,2020-06-16,9072.28791172771
Nifty 500 TRI,2020-06-17,9059.396935190009
Nifty 500 TRI,2020-06-18,9219.063573216774
Nifty 500 TRI,2020-06-19,9352.64152084094
Nifty 500 TRI,2020-06-22,9445.997997714438
Nifty 500 TRI,2020-06-23,9596.185374420696
Nifty 500 TRI,2020-06-24,9457.523568532477
Nifty 500 TRI,2020-06-25,9461.895975398695
Nifty 500 TRI,2020-06-26,9527.995484022116
Nifty 500 TRI,2020-06-29,9449.938580616814
Nifty 500 TRI,2020-06-30,9435.49520023344
Nifty 500 TRI,2020-07-01,9524.81953770248
Nifty 500 TRI,2020-07-02,9628.790675271466
Nifty 500 TRI,2020-07-03,9682.997437302716
Nifty 500 TRI,2020-07-06,9816.963204909875
Nifty 500 TRI,2020-07-07,9855.814415174475
Nifty 500 TRI,2020-07-08,9783.415171092063
Nifty 500 TRI,2020-07-09,9857.794832480653
Nifty 500 TRI,2020-07-10,9816.296708843107
Nifty 500 TRI,2020-07-13,9839.813611982336
Nifty 500 TRI,2020-07-14,9683.245978784542
Nifty 500 TRI,2020-07-15,9679.663559519306
Nifty 500 TRI,2020-07-16,9765.474660491627
Nifty 500 TRI,2020-07-17,9909.162698221044
Nifty 500 TRI,2020-07-20,10010.17835724365
Nifty 500 TRI,2020-07-21,10105.762789870387
Nifty 500 TRI,2020-07-22,10079.353012800671
Nifty 500 TRI,2020-07-23,10154.834912387676
Nifty 500 TRI,2020-07-24,10123.857075111782
Nifty 500 TRI,2020-07-27,10056.818703001254
Nifty 500 TRI,2020-07-28,10187.361741765548
Nifty 500 TRI,2020-07-29,10136.82101689379
Nifty 500 TRI,2020-07-30,10065.382122777004
Nifty 500 TRI,2020-07-31,10070.22430386465
Nifty 500 TRI,2020-08-03,9955.627166889337
Nifty 500 TRI,2020-08-04,10115.233718057021
Nifty 500 TRI,2020-08-05,10130.94628537966
Nifty 500 TRI,2020-08-06,10220.84328353355
Nifty 500 TRI,2020-08-07,10254.11857409779
Nifty 500 TRI,2020-08-10,10333.050701975812
Nifty 500 TRI,2020-08-11,10358.417607863239
Nifty 500 TRI,2020-08-12,10351.843160722083
Nifty 500 TRI,2020-08-13,10377.880855788148
Nifty 500 TRI,2020-08-14,10274.02423651655
Nifty 500 TRI,2020-08-17,10334.689050852443
Nifty 500 TRI,2020-08-18,10462.319398879783
Nifty 500 TRI,2020-08-19,10496.674036707542
Nifty 500 TRI,2020-08-20,10448.170649740321
Nifty 500 TRI,2020-08-21,10509.627439227346
Nifty 500 TRI,2020-08-24,10594.085943414446
Nifty 500 TRI,2020-08-25,10606.590202047764
Nifty 500 TRI,2020-08-26,10671.52064357829
Nifty 500 TRI,2020-08-27,10686.983567218598
Nifty 500 TRI,2020-08-28,10754.652972167558
Nifty 500 TRI,2020-08-31,10455.606092311764
Nifty 500 TRI,2020-09-01,10534.26656303798
Nifty 500 TRI,2020-09-02,10619.570725612668
Nifty 500 TRI,2020-09-03,10638.048083810745
Nifty 500 TRI,2020-09-04,10463.555473833578
Nifty 500 TRI,2020-09-07,10465.863298333374
Nifty 500 TRI,2020-09-08,10411.246673564412
Nifty 500 TRI,2020-09-09,10367.34018335428
Nifty 500 TRI,2020-09-10,10512.811769436588
Nifty 500 TRI,2020-09-11,10542.339378546103
Nifty 500 TRI,2020-09-14,10595.717976430895
Nifty 500 TRI,2020-09-15,10685.412603738727
Nifty 500 TRI,2020-09-16,10751.785177041564
Nifty 500 TRI,2020-09-17,10678.74385196282
Nifty 500 TRI,2020-09-18,10670.999640913766
Nifty 500 TRI,2020-09-21,10396.857250466583
Nifty 500 TRI,2020-09-22,10286.560258494868
Nifty 500 TRI,2020-09-23,10265.068660635892
Nifty 500 TRI,2020-09-24,9986.728318952637
Nifty 500 TRI,2020-09-25,10223.032013029799
Nifty 500 TRI,2020-09-28,10418.496330302267
Nifty 500 TRI,2020-09-29,10407.05590969042
Nifty 500 TRI,2020-09-30,10432.019017362072
Nifty 500 TRI,2020-10-01,10566.313590773387
Nifty 500 TRI,2020-10-05,10628.675855138312
Nifty 500 TRI,2020-10-06,10747.472989391867
Nifty 500 TRI,2020-10-07,10783.734841625106
Nifty 500 TRI,2020-10-08,10848.09097389633
Nifty 500 TRI,2020-10-09,10891.284309018016
Nifty 500 TRI,2020-10-12,10886.988266664192
Nifty 500 TRI,2020-10-13,10877.401548190208
Nifty 500 TRI,2020-10-14,10907.866092162392
Nifty 500 TRI,2020-10-15,10669.855009896813
Nifty 500 TRI,2020-10-16,10755.341420902223
Nifty 500 TRI,2020-10-19,10849.19529161871
Nifty 500 TRI,2020-10-20,10876.033138415763
Nifty 500 TRI,2020-10-21,10902.76032433143
Nifty 500 TRI,2020-10-22,10890.20935509184
Nifty 500 TRI,2020-10-23,10930.014261389199
Nifty 500 TRI,2020-10-26,10782.772859596182
Nifty 500 TRI,2020-10-27,10895.620304682208
Nifty 500 TRI,2020-10-28,10766.375027783817
Nifty 500 TRI,2020-10-29,10723.190480702438
Nifty 500 TRI,2020-10-30,10710.406495097717
Nifty 500 TRI,2020-11-02,10727.441852752363
Nifty 500 TRI,2020-11-03,10839.97804468003
Nifty 500 TRI,2020-11-04,10916.690327578022
Nifty 500 TRI,2020-11-05,11107.949283390011
Nifty 500 TRI,2020-11-06,11218.050037004903
Nifty 500 TRI,2020-11-09,11378.879202249993
Nifty 500 TRI,2020-11-10,11482.853010084584
Nifty 500 TRI,2020-11-11,11581.074213599855
Nifty 500 TRI,2020-11-12,11566.020415564633
Nifty 500 TRI,2020-11-13,11616.16317576438
Nifty 500 TRI,2020-11-17,11770.686025935585
Nifty 500 TRI,2020-11-18,11843.045340963421
Nifty 500 TRI,2020-11-19,11719.443035867922
Nifty 500 TRI,2020-11-20,11812.722871535285
Nifty 500 TRI,2020-11-23,11898.229231529907
Nifty 500 TRI,2020-11-24,12007.859873120306
Nifty 500 TRI,2020-11-25,11830.762454066327
Nifty 500 TRI,2020-11-26,11942.020491931487
Nifty 500 TRI,2020-11-27,11992.757704088797
Nifty 500 TRI,2020-12-01,12124.237865560877
Nifty 500 TRI,2020-12-02,12150.37104666429
Nifty 500 TRI,2020-12-03,12190.437168085822
Nifty 500 TRI,2020-12-04,12286.237070042935
Nifty 500 TRI,2020-12-07,12389.735472578739
Nifty 500 TRI,2020-12-08,12410.734354128455
Nifty 500 TRI,2020-12-09,12514.727447361782
Nifty 500 TRI,2020-12-10,12470.531340296633
Nifty 500 TRI,2020-12-11,12504.575606102435
Nifty 500 TRI,2020-12-14,12554.88816723677
Nifty 500 TRI,2020-12-15,12564.982177556867
Nifty 500 TRI,2020-12-16,12673.089588154095
Nifty 500 TRI,2020-12-17,12702.891867712291
Nifty 500 TRI,2020-12-18,12712.991660555283
Nifty 500 TRI,2020-12-21,12276.713007030656
Nifty 500 TRI,2020-12-22,12401.965011799397
Nifty 500 TRI,2020-12-23,12570.11242492238
Nifty 500 TRI,2020-12-24,12682.168585712763
Nifty 500 TRI,2020-12-28,12806.40524941154
Nifty 500 TRI,2020-12-29,12842.999162331296
Nifty 500 TRI,2020-12-30,12891.188449839554
Nifty 500 TRI,2020-12-31,12901.297411205518
Nifty 500 TRI,2021-01-04,13097.3403400625
Nifty 500 TRI,2021-01-05,13182.011296084924
Nifty 500 TRI,2021-01-06,13149.841834647248
Nifty 500 TRI,2021-01-07,13181.86360677202
Nifty 500 TRI,2021-01-08,13360.99189835277
Nifty 500 TRI,2021-01-11,13452.94764461172
Nifty 500 TRI,2021-01-12,13511.484942230882
Nifty 500 TRI,2021-01-13,13492.596810923862
Nifty 500 TRI,2021-01-14,13524.86242985376
Nifty 500 TRI,2021-01-15,13370.322830779212
Nifty 500 TRI,2021-01-18,13197.919989422846
Nifty 500 TRI,2021-01-19,13428.835653486734
Nifty 500 TRI,2021-01-20,13537.431566667308
Nifty 500 TRI,2021-01-21,13467.93405120748
Nifty 500 TRI,2021-01-22,13287.408472628482
Nifty 500 TRI,2021-01-25,13164.505522583053
Nifty 500 TRI,2021-01-27,12944.124028429027
Nifty 500 TRI,2021-01-28,12828.177403175045
Nifty 500 TRI,2021-01-29,12671.470519762126
Nifty 500 TRI,2021-02-01,13197.1724484721
Nifty 500 TRI,2021-02-02,13515.036647153178
Nifty 500 TRI,2021-02-03,13650.93255003516
Nifty 500 TRI,2021-02-04,13776.745159358778
Nifty 500 TRI,2021-02-05,13770.466773069984
Nifty 500 TRI,2021-02-08,13952.88194323838
Nifty 500 TRI,2021-02-09,13945.375181396814
Nifty 500 TRI,2021-02-10,13966.299285338253
Nifty 500 TRI,2021-02-11,14035.901828114778
Nifty 500 TRI,2021-02-12,14030.13532603769
Nifty 500 TRI,2021-02-15,14170.046571142106
Nifty 500 TRI,2021-02-16,14187.504912591037
Nifty 500 TRI,2021-02-17,14132.157381019973
Nifty 500 TRI,2021-02-18,14096.99976118956
Nifty 500 TRI,2021-02-19,13955.090598211164
Nifty 500 TRI,2021-02-22,13702.603162930778
Nifty 500 TRI,2021-02-23,13760.443803512011
Nifty 500 TRI,2021-02-24,13975.772160637576
Nifty 500 TRI,2021-02-25,14102.634752574078
Nifty 500 TRI,2021-02-26,13669.438793339266
Nifty 500 TRI,2021-03-01,13880.529094849842
Nifty 500 TRI,2021-03-02,14050.563092333876
Nifty 500 TRI,2021-03-03,14326.443514085924
Nifty 500 TRI,2021-03-04,14241.666689148222
Nifty 500 TRI,2021-03-05,14073.938636449548
Nifty 500 TRI,2021-03-08,14097.712167209176
Nifty 500 TRI,2021-03-09,14163.561695133669
Nifty 500 TRI,2021-03-10,14247.26413513586
Nifty 500 TRI,2021-03-12,14138.791464649032
Nifty 500 TRI,2021-03-15,14046.143986782852
Nifty 500 TRI,2021-03-16,14049.465684995734
Nifty 500 TRI,2021-03-17,13833.438665644611
Nifty 500 TRI,2021-03-18,13670.56591405834
Nifty 500 TRI,2021-03-19,13828.278016356595
Nifty 500 TRI,2021-03-22,13856.69766213656
Nifty 500 TRI,2021-03-23,13945.536288570927
Nifty 500 TRI,2021-03-24,13698.795698779777
Nifty 500 TRI,2021-03-25,13470.233073771005
Nifty 500 TRI,2021-03-26,13645.440966490361
Nifty 500 TRI,2021-03-30,13915.699507172783
Nifty 500 TRI,2021-03-31,13832.79995875345
Nifty 500 TRI,2021-04-01,14018.95007665882
Nifty 500 TRI,2021-04-05,13818.09268118215
Nifty 500 TRI,2021-04-06,13885.397382344345
Nifty 500 TRI,2021-04-07,14024.281500024896
Nifty 500 TRI,2021-04-08,14092.55307151493
Nifty 500 TRI,2021-04-09,14077.000642312121
Nifty 500 TRI,2021-04-12,13512.766989594107
Nifty 500 TRI,2021-04-13,13695.94594570775
Nifty 500 TRI,2021-04-15,13754.047278127837
Nifty 500 TRI,2021-04-16,13822.439700229432
Nifty 500 TRI,2021-04-19,13574.701908229155
Nifty 500 TRI,2021-04-20,13551.483148202547
Nifty 500 TRI,2021-04-22,13638.535605826062
Nifty 500 TRI,2021-04-23,13609.245434833312
Nifty 500 TRI,2021-04-26,13735.659581035456
Nifty 500 TRI,2021-04-27,13899.927303947205
Nifty 500 TRI,2021-04-28,14075.112586797903
Nifty 500 TRI,2021-04-29,14092.269630759565
Nifty 500 TRI,2021-04-30,13903.31305155139
Nifty 500 TRI,2021-05-03,13939.42520734142
Nifty 500 TRI,2021-05-04,13833.26720289101
Nifty 500 TRI,2021-05-05,13960.298285619547
Nifty 500 TRI,2021-05-06,14060.739434901692
Nifty 500 TRI,2021-05-07,14130.030932220987
Nifty 500 TRI,2021-05-10,14251.548670562775
Nifty 500 TRI,2021-05-11,14220.910968793516
Nifty 500 TRI,2021-05-12,14104.047667593639
Nifty 500 TRI,2021-05-14,14030.945336628074
Nifty 500 TRI,2021-05-17,14257.281421131844
Nifty 500 TRI,2021-05-18,14445.643599091389
Nifty 500 TRI,2021-05-19,14412.248331850815
Nifty 500 TRI,2021-05-20,14331.085801318948
Nifty 500 TRI,2021-05-21,14535.67158599268
Nifty 500 TRI,2021-05-24,14587.287049653436
Nifty 500 TRI,2021-05-25,14588.382201138988
Nifty 500 TRI,2021-05-26,14655.483908509885
Nifty 500 TRI,2021-05-27,14705.53882802028
Nifty 500 TRI,2021-05-28,14763.194103014543
Nifty 500 TRI,2021-05-31,14887.669216406855
Nifty 500 TRI,2021-06-01,14870.202299897555
Nifty 500 TRI,2021-06-02,14942.56219824309
Nifty 500 TRI,2021-06-03,15062.657651916246
Nifty 500 TRI,2021-06-04,15078.235127504224
Nifty 500 TRI,2021-06-07,15176.255356465328
Nifty 500 TRI,2021-06-08,15195.778066649118
Nifty 500 TRI,2021-06-09,15083.512346614536
Nifty 500 TRI,2021-06-10,15220.022459015436
Nifty 500 TRI,2021-06-11,15273.047297667415
Nifty 500 TRI,2021-06-14,15263.621262611918
Nifty 500 TRI,2021-06-15,15324.537496068497
Nifty 500 TRI,2021-06-16,15215.57159550155
Nifty 500 TRI,2021-06-17,15119.832885998074
Nifty 500 TRI,2021-06-18,15076.85205557775
Nifty 500 TRI,2021-06-21,15156.66873988214
Nifty 500 TRI,2021-06-22,15196.588298660341
Nifty 500 TRI,2021-06-23,15120.767441246657
Nifty 500 TRI,2021-06-24,15171.841087968549
Nifty 500 TRI,2021-06-25,15252.489367543785
Nifty 500 TRI,2021-06-28,15246.829015304358
Nifty 500 TRI,2021-06-29,15189.754394636422
Nifty 500 TRI,2021-06-30,15180.785673964994
Nifty 500 TRI,2021-07-01,15159.366017279275
Nifty 500 TRI,2021-07-02,15205.32749518344
Nifty 500 TRI,2021-07-05,15309.70254255311
Nifty 500 TRI,2021-07-06,15297.130585744437
Nifty 500 TRI,2021-07-07,15361.697855757802
Nifty 500 TRI,2021-07-08,15251.415225213525
Nifty 500 TRI,2021-07-09,15246.55987730275
Nifty 500 TRI,2021-07-12,15271.780072302474
Nifty 500 TRI,2021-07-13,15362.284408440932
Nifty 500 TRI,2021-07-14,15399.139148807935
Nifty 500 TRI,2021-07-15,15466.432361203826
Nifty 500 TRI,2021-07-16,15491.738061953374
Nifty 500 TRI,2021-07-19,15355.14828615197
Nifty 500 TRI,2021-07-20,15215.564563329983
Nifty 500 TRI,2021-07-22,15413.424087483196
Nifty 500 TRI,2021-07-23,15432.870211651627
Nifty 500 TRI,2021-07-26,15420.962654348205
Nifty 500 TRI,2021-07-27,15348.391283062676
Nifty 500 TRI,2021-07-28,15313.764078867414
Nifty 500 TRI,2021-07-29,15387.118218529453
Nifty 500 TRI,2021-07-30,15410.740948951116
Nifty 500 TRI,2021-08-02,15546.981781386243
Nifty 500 TRI,2021-08-03,15722.887618353838
Nifty 500 TRI,2021-08-04,15757.409617907631
Nifty 500 TRI,2021-08-05,15771.686497132046
Nifty 500 TRI,2021-08-06,15741.857098706814
Nifty 500 TRI,2021-08-09,15721.286449469491
Nifty 500 TRI,2021-08-10,15674.076414217157
Nifty 500 TRI,2021-08-11,15656.310337748524
Nifty 500 TRI,2021-08-12,15764.461305553932
Nifty 500 TRI,2021-08-13,15870.305362074729
Nifty 500 TRI,2021-08-16,15878.066771610575
Nifty 500 TRI,2021-08-17,15926.319727178436
Nifty 500 TRI,2021-08-18,15907.034655782802
Nifty 500 TRI,2021-08-20,15736.98013689634
Nifty 500 TRI,2021-08-23,15723.397050937196
Nifty 500 TRI,2021-08-24,15873.694028038757
Nifty 500 TRI,2021-08-25,15908.470259912196
Nifty 500 TRI,2021-08-26,15924.06008640255
Nifty 500 TRI,2021-08-27,16021.152743471022
Nifty 500 TRI,2021-08-30,16254.61072082082
Nifty 500 TRI,2021-08-31,16433.52261785051
Nifty 500 TRI,2021-09-01,16428.921351204186
Nifty 500 TRI,2021-09-02,16579.623901919418
Nifty 500 TRI,2021-09-03,16664.791982443967
Nifty 500 TRI,2021-09-06,16718.98955538151
Nifty 500 TRI,2021-09-07,16695.144181353295
Nifty 500 TRI,2021-09-08,16717.54073018071
Nifty 500 TRI,2021-09-09,16755.18572502634
Nifty 500 TRI,2021-09-13,16775.1638795991
Nifty 500 TRI,2021-09-14,16834.61503826589
Nifty 500 TRI,2021-09-15,16966.418436352582
Nifty 500 TRI,2021-09-16,17062.253616900845
Nifty 500 TRI,2021-09-17,16975.09535360957
Nifty 500 TRI,2021-09-20,16750.247408240553
Nifty 500 TRI,2021-09-21,16885.85805587077
Nifty 500 TRI,2021-09-22,16936.403421047562
Nifty 500 TRI,2021-09-23,17179.760091403004
Nifty 500 TRI,2021-09-24,17165.067799739314
Nifty 500 TRI,2021-09-27,17163.4722338142
Nifty 500 TRI,2021-09-28,17058.43155707132
Nifty 500 TRI,2021-09-29,17049.214282880337
Nifty 500 TRI,2021-09-30,17011.008867233533
Nifty 500 TRI,2021-10-01,16967.827891499073
Nifty 500 TRI,2021-10-04,17158.468134191
Nifty 500 TRI,2021-10-05,17270.869346099218
Nifty 500 TRI,2021-10-06,17106.915246032182
Nifty 500 TRI,2021-10-07,17283.35846001584
Nifty 500 TRI,2021-10-08,17368.75890993065
Nifty 500 TRI,2021-10-11,17441.456309453046
Nifty 500 TRI,2021-10-12,17502.96267223798
Nifty 500 TRI,2021-10-13,17672.556085735236
Nifty 500 TRI,2021-10-14,17828.988423778053
Nifty 500 TRI,2021-10-18,17963.50454115649
Nifty 500 TRI,2021-10-19,17819.008429765378
Nifty 500 TRI,2021-10-20,17605.63653477345
Nifty 500 TRI,2021-10-21,17514.610572543286
Nifty 500 TRI,2021-10-22,17415.718580794644
Nifty 500 TRI,2021-10-25,17343.511928158627
Nifty 500 TRI,2021-10-26,17531.043550450668
Nifty 500 TRI,2021-10-27,17514.30942425672
Nifty 500 TRI,2021-10-28,17182.893463363518
Nifty 500 TRI,2021-10-29,17065.87025912343
Nifty 500 TRI,2021-11-01,17311.672870994367
Nifty 500 TRI,2021-11-02,17325.75774121909
Nifty 500 TRI,2021-11-03,17290.23288380924
Nifty 500 TRI,2021-11-04,17397.318668924807
Nifty 500 TRI,2021-11-08,17561.684741021087
Nifty 500 TRI,2021-11-09,17586.92646720266
Nifty 500 TRI,2021-11-10,17563.90601019878
Nifty 500 TRI,2021-11-11,17439.997939779012
Nifty 500 TRI,2021-11-12,17630.57849315627
Nifty 500 TRI,2021-11-15,17647.69798273976
Nifty 500 TRI,2021-11-16,17572.21580934066
Nifty 500 TRI,2021-11-17,17493.0489924372
Nifty 500 TRI,2021-11-18,17321.116699733546
Nifty 500 TRI,2021-11-22,16954.498806925098
Nifty 500 TRI,2021-11-23,17103.469784048746
Nifty 500 TRI,2021-11-24,17034.628879556756
Nifty 500 TRI,2021-11-25,17153.04359737287
Nifty 500 TRI,2021-11-26,16651.584207059474
Nifty 500 TRI,2021-11-29,16595.75064373384
Nifty 500 TRI,2021-11-30,16587.119914999137
Nifty 500 TRI,2021-12-01,16742.0638352016
Nifty 500 TRI,2021-12-02,16956.92264373575
Nifty 500 TRI,2021-12-03,16824.24147810952
Nifty 500 TRI,2021-12-06,16556.39322817654
Nifty 500 TRI,2021-12-07,16801.7487056478
Nifty 500 TRI,2021-12-08,17072.71764077757
Nifty 500 TRI,2021-12-09,17133.703633919467
Nifty 500 TRI,2021-12-10,17166.4330121928
Nifty 500 TRI,2021-12-13,17065.31021237765
Nifty 500 TRI,2021-12-14,17042.07723869056
Nifty 500 TRI,2021-12-15,16940.501627048823
Nifty 500 TRI,2021-12-16,16922.192002327003
Nifty 500 TRI,2021-12-17,16624.43045554543
Nifty 500 TRI,2021-12-20,16204.038231181641
Nifty 500 TRI,2021-12-21,16386.661822994025
Nifty 500 TRI,2021-12-22,16589.297078456166
Nifty 500 TRI,2021-12-23,16716.418098552305
Nifty 500 TRI,2021-12-24,16618.76817451072
Nifty 500 TRI,2021-12-27,16691.570847802264
Nifty 500 TRI,2021-12-28,16851.07394603472
Nifty 500 TRI,2021-12-29,16846.581423007898
Nifty 500 TRI,2021-12-30,16822.931494623765
Nifty 500 TRI,2021-12-31,16998.210566936123
Nifty 500 TRI,2022-01-03,17236.120190370093
Nifty 500 TRI,2022-01-04,17366.089613881413
Nifty 500 TRI,2022-01-05,17454.687959000777
Nifty 500 TRI,2022-01-06,17334.742341217046
Nifty 500 TRI,2022-01-07,17401.57699280645
Nifty 500 TRI,2022-01-10,17569.961111439356
Nifty 500 TRI,2022-01-11,17610.22172787994
Nifty 500 TRI,2022-01-12,17766.544940363892
Nifty 500 TRI,2022-01-13,17827.395687700282
Nifty 500 TRI,2022-01-14,17838.581663143766
Nifty 500 TRI,2022-01-17,17897.99960203752
Nifty 500 TRI,2022-01-18,17662.506684658452
Nifty 500 TRI,2022-01-19,17548.98297298893
Nifty 500 TRI,2022-01-20,17423.20112983022
Nifty 500 TRI,2022-01-21,17219.25990502812
Nifty 500 TRI,2022-01-24,16689.201761640463
Nifty 500 TRI,2022-01-25,16826.04866687465
Nifty 500 TRI,2022-01-27,16654.136313929183
Nifty 500 TRI,2022-01-28,16704.089140170963
Nifty 500 TRI,2022-01-31,16930.613538982743
Nifty 500 TRI,2022-02-01,17152.146653701242
Nifty 500 TRI,2022-02-02,17353.722422953117
Nifty 500 TRI,2022-02-03,17175.62202575364
Nifty 500 TRI,2022-02-04,17118.9322084976
Nifty 500 TRI,2022-02-07,16876.773722676804
Nifty 500 TRI,2022-02-08,16861.946610049574
Nifty 500 TRI,2022-02-09,17043.29985992696
Nifty 500 TRI,2022-02-10,17152.64880801168
Nifty 500 TRI,2022-02-11,16902.47445919307
Nifty 500 TRI,2022-02-14,16346.877152766016
Nifty 500 TRI,2022-02-15,16807.338795655578
Nifty 500 TRI,2022-02-16,16790.121831381497
Nifty 500 TRI,2022-02-17,16770.40477937079
Nifty 500 TRI,2022-02-18,16701.301260741948
Nifty 500 TRI,2022-02-21,16573.952405508302
Nifty 500 TRI,2022-02-22,16451.806940614744
Nifty 500 TRI,2022-02-23,16472.670171527778
Nifty 500 TRI,2022-02-24,15642.845239627057
Nifty 500 TRI,2022-02-25,16110.873030856479
Nifty 500 TRI,2022-02-28,16249.358478046152
Nifty 500 TRI,2022-03-02,16127.586820146038
Nifty 500 TRI,2022-03-03,16055.59323339842
Nifty 500 TRI,2022-03-04,15780.336897591409
Nifty 500 TRI,2022-03-07,15408.269641412442
Nifty 500 TRI,2022-03-08,15570.650602735459
Nifty 500 TRI,2022-03-09,15881.122078920074
Nifty 500 TRI,2022-03-10,16119.531803778851
Nifty 500 TRI,2022-03-11,16174.761693890905
Nifty 500 TRI,2022-03-14,16332.517240454239
Nifty 500 TRI,2022-03-15,16152.671933191605
Nifty 500 TRI,2022-03-16,16455.39361366734
Nifty 500 TRI,2022-03-17,16728.534185999677
Nifty 500 TRI,2022-03-21,16595.081706721056
Nifty 500 TRI,2022-03-22,16733.936405157714
Nifty 500 TRI,2022-03-23,16701.63755945715
Nifty 500 TRI,2022-03-24,16706.955760437395
Nifty 500 TRI,2022-03-25,16653.34235670268
Nifty 500 TRI,2022-03-28,16682.425339457153
Nifty 500 TRI,2022-03-29,16780.789561105194
Nifty 500 TRI,2022-03-30,16934.805692476035
Nifty 500 TRI,2022-03-31,16932.629914665868
Nifty 500 TRI,2022-04-01,17152.372175562614
Nifty 500 TRI,2022-04-04,17491.62444635236
Nifty 500 TRI,2022-04-05,17499.358733855686
Nifty 500 TRI,2022-04-06,17428.75070289898
Nifty 500 TRI,2022-04-07,17285.30604677306
Nifty 500 TRI,2022-04-08,17446.377593700036
Nifty 500 TRI,2022-04-11,17428.867097184826
Nifty 500 TRI,2022-04-12,17246.56136569088
Nifty 500 TRI,2022-04-13,17217.383248537466
Nifty 500 TRI,2022-04-18,16978.47488301376
Nifty 500 TRI,2022-04-19,16752.203899423315
Nifty 500 TRI,2022-04-20,16893.41218080749
Nifty 500 TRI,2022-04-21,17125.640194759184
Nifty 500 TRI,2022-04-22,16945.197950344904
Nifty 500 TRI,2022-04-25,16694.44523935476
Nifty 500 TRI,2022-04-26,16951.39403608229
Nifty 500 TRI,2022-04-27,16789.976484081362
Nifty 500 TRI,2022-04-28,16970.19618020777
Nifty 500 TRI,2022-04-29,16822.19472547599
Nifty 500 TRI,2022-05-02,16770.299054058967
Nifty 500 TRI,2022-05-04,16381.082591454697
Nifty 500 TRI,2022-05-05,16384.065025389184
Nifty 500 TRI,2022-05-06,16100.340876259153
Nifty 500 TRI,2022-05-09,15926.622255270158
Nifty 500 TRI,2022-05-10,15772.558252329398
Nifty 500 TRI,2022-05-11,15677.279848024036
Nifty 500 TRI,2022-05-12,15328.816114906527
Nifty 500 TRI,2022-05-13,15336.43196248259
Nifty 500 TRI,2022-05-16,15451.447986304474
Nifty 500 TRI,2022-05-17,15855.978737335265
Nifty 500 TRI,2022-05-18,15847.55884837306
Nifty 500 TRI,2022-05-19,15429.84738626322
Nifty 500 TRI,2022-05-20,15822.232752770864
Nifty 500 TRI,2022-05-23,15756.308699133711
Nifty 500 TRI,2022-05-24,15655.978837047893
Nifty 500 TRI,2022-05-25,15474.838532439935
Nifty 500 TRI,2022-05-26,15628.869959811225
Nifty 500 TRI,2022-05-27,15800.907826309502
Nifty 500 TRI,2022-05-30,16123.273730876266
Nifty 500 TRI,2022-05-31,16083.703592581458
Nifty 500 TRI,2022-06-01,16042.423251882905
Nifty 500 TRI,2022-06-02,16139.83415264352
Nifty 500 TRI,2022-06-03,16037.775051767743
Nifty 500 TRI,2022-06-06,16012.229547765111
Nifty 500 TRI,2022-06-07,15877.73771379661
Nifty 500 TRI,2022-06-08,15822.7682587833
Nifty 500 TRI,2022-06-09,15926.061584297984
Nifty 500 TRI,2022-06-10,15703.985354944665
Nifty 500 TRI,2022-06-13,15289.745617822811
Nifty 500 TRI,2022-06-14,15257.651004614756
Nifty 500 TRI,2022-06-15,15249.658595392752
Nifty 500 TRI,2022-06-16,14917.763748601306
Nifty 500 TRI,2022-06-17,14810.602530851673
Nifty 500 TRI,2022-06-20,14761.900325645222
Nifty 500 TRI,2022-06-21,15094.260777319178
Nifty 500 TRI,2022-06-22,14873.437146246848
Nifty 500 TRI,2022-06-23,15023.314534401274
Nifty 500 TRI,2022-06-24,15187.623116221674
Nifty 500 TRI,2022-06-27,15328.261374548725
Nifty 500 TRI,2022-06-28,15351.223099912562
Nifty 500 TRI,2022-06-29,15298.81946827586
Nifty 500 TRI,2022-06-30,15264.770629802675
Nifty 500 TRI,2022-07-01,15273.1373946436
Nifty 500 TRI,2022-07-04,15363.81105212688
Nifty 500 TRI,2022-07-05,15351.995528641657
Nifty 500 TRI,2022-07-06,15545.74551296831
Nifty 500 TRI,2022-07-07,15699.419745558462
Nifty 500 TRI,2022-07-08,15771.386457427065
Nifty 500 TRI,2022-07-11,15839.772285365243
Nifty 500 TRI,2022-07-12,15717.268965168567
Nifty 500 TRI,2022-07-13,15658.408775301128
Nifty 500 TRI,2022-07-14,15631.200337860042
Nifty 500 TRI,2022-07-15,15731.585914724983
Nifty 500 TRI,2022-07-18,15954.688731420472
Nifty 500 TRI,2022-07-19,16031.937282601944
Nifty 500 TRI,2022-07-20,16161.104833430509
Nifty 500 TRI,2022-07-21,16284.175766051121
Nifty 500 TRI,2022-07-22,16358.646822708795
Nifty 500 TRI,2022-07-25,16295.090280439483
Nifty 500 TRI,2022-07-26,16138.08140947784
Nifty 500 TRI,2022-07-27,16276.810641445902
Nifty 500 TRI,2022-07-28,16513.070194934
Nifty 500 TRI,2022-07-29,16737.93325965202
Nifty 500 TRI,2022-08-01,16946.396512860705
Nifty 500 TRI,2022-08-02,16980.90813279654
Nifty 500 TRI,2022-08-03,16983.118096157068
Nifty 500 TRI,2022-08-04,17000.11116350801
Nifty 500 TRI,2022-08-05,17009.74202001596
Nifty 500 TRI,2022-08-08,17117.526409229366
Nifty 500 TRI,2022-08-10,17110.024532996515
Nifty 500 TRI,2022-08-11,17235.438350960092
Nifty 500 TRI,2022-08-12,17287.839375525065
Nifty 500 TRI,2022-08-16,17449.91724641028
Nifty 500 TRI,2022-08-17,17563.03203040734
Nifty 500 TRI,2022-08-18,17592.78471561161
Nifty 500 TRI,2022-08-19,17401.547029263427
Nifty 500 TRI,2022-08-22,17134.949590876637
Nifty 500 TRI,2022-08-23,17236.882473530975
Nifty 500 TRI,2022-08-24,17294.445201256953
Nifty 500 TRI,2022-08-25,17249.60325563179
Nifty 500 TRI,2022-08-26,17303.741968619466
Nifty 500 TRI,2022-08-29,17105.735990506917
Nifty 500 TRI,2022-08-30,17508.795477265587
Nifty 500 TRI,2022-09-01,17379.858015966394
Nifty 500 TRI,2022-09-02,17369.455930048873
Nifty 500 TRI,2022-09-05,17477.20302486841
Nifty 500 TRI,2022-09-06,17499.08555313194
Nifty 500 TRI,2022-09-07,17506.91446861399
Nifty 500 TRI,2022-09-08,17646.11141163537
Nifty 500 TRI,2022-09-09,17677.202527617144
Nifty 500 TRI,2022-09-12,17804.66239039203
Nifty 500 TRI,2022-09-13,17910.914966545573
Nifty 500 TRI,2022-09-14,17866.749988915162
Nifty 500 TRI,2022-09-15,17809.778133741784
Nifty 500 TRI,2022-09-16,17425.81163792532
Nifty 500 TRI,2022-09-19,17484.22337196646
Nifty 500 TRI,2022-09-20,17686.925897029563
Nifty 500 TRI,2022-09-21,17562.768171140036
Nifty 500 TRI,2022-09-22,17533.671505380036
Nifty 500 TRI,2022-09-23,17216.782292977645
Nifty 500 TRI,2022-09-26,16838.883143988965
Nifty 500 TRI,2022-09-27,16841.26230605599
Nifty 500 TRI,2022-09-28,16719.792358936054
Nifty 500 TRI,2022-09-29,16699.639427153645
Nifty 500 TRI,2022-09-30,16959.621934031173
Nifty 500 TRI,2022-10-03,16742.99664220003
Nifty 500 TRI,2022-10-04,17117.909578498442
Nifty 500 TRI,2022-10-06,17218.83094106668
Nifty 500 TRI,2022-10-07,17200.690748131427
Nifty 500 TRI,2022-10-10,17105.07689609788
Nifty 500 TRI,2022-10-11,16842.786974618743
Nifty 500 TRI,2022-10-12,16966.956907114363
Nifty 500 TRI,2022-10-13,16853.49722546465
Nifty 500 TRI,2022-10-14,16951.073502936764
Nifty 500 TRI,2022-10-17,17056.922659215365
Nifty 500 TRI,2022-10-18,17229.585525539238
Nifty 500 TRI,2022-10-19,17243.937572100607
Nifty 500 TRI,2022-10-20,17294.282131551303
Nifty 500 TRI,2022-10-21,17259.36939956418
Nifty 500 TRI,2022-10-24,17395.717145780334
Nifty 500 TRI,2022-10-25,17349.757384083285
Nifty 500 TRI,2022-10-27,17449.503682158775
Nifty 500 TRI,2022-10-28,17447.039669873568
Nifty 500 TRI,2022-10-31,17657.563096441216
Nifty 500 TRI,2022-11-01,17787.966019456893
Nifty 500 TRI,2022-11-02,17742.922595315027
Nifty 500 TRI,2022-11-03,17728.79025060658
Nifty 500 TRI,2022-11-04,17782.20851212323
Nifty 500 TRI,2022-11-07,17880.481343486732
Nifty 500 TRI,2022-11-09,17826.7962772324
Nifty 500 TRI,2022-11-10,17681.653716653564
Nifty 500 TRI,2022-11-11,17921.69670528716
Nifty 500 TRI,2022-11-14,17924.713225388663
Nifty 500 TRI,2022-11-15,17975.35160505096
Nifty 500 TRI,2022-11-16,17940.88847113499
Nifty 500 TRI,2022-11-17,17865.817877844445
Nifty 500 TRI,2022-11-18,17813.2504526601
Nifty 500 TRI,2022-11-21,17703.81591076602
Nifty 500 TRI,2022-11-22,17767.862658286416
Nifty 500 TRI,2022-11-23,17801.61034515032
Nifty 500 TRI,2022-11-24,17965.626384291252
Nifty 500 TRI,2022-11-25,18019.433250845013
Nifty 500 TRI,2022-11-28,18086.74212268368
Nifty 500 TRI,2022-11-29,18119.417899065913
Nifty 500 TRI,2022-11-30,18273.221140252306
Nifty 500 TRI,2022-12-01,18340.05479972891
Nifty 500 TRI,2022-12-02,18294.29752645201
Nifty 500 TRI,2022-12-05,18300.330883921903
Nifty 500 TRI,2022-12-06,18250.09579464042
Nifty 500 TRI,2022-12-07,18180.946305132828
Nifty 500 TRI,2022-12-08,18237.819648452118
Nifty 500 TRI,2022-12-09,18125.680079325062
Nifty 500 TRI,2022-12-12,18144.938376325274
Nifty 500 TRI,2022-12-13,18233.232082015427
Nifty 500 TRI,2022-12-14,18301.81224884673
Nifty 500 TRI,2022-12-15,18096.04094642372
Nifty 500 TRI,2022-12-16,17927.57557730893
Nifty 500 TRI,2022-12-19,18065.61148883328
Nifty 500 TRI,2022-12-20,18032.947724371657
Nifty 500 TRI,2022-12-21,17805.74043653836
Nifty 500 TRI,2022-12-22,17696.176199228772
Nifty 500 TRI,2022-12-23,17254.66499161637
Nifty 500 TRI,2022-12-27,17683.98333961874
Nifty 500 TRI,2022-12-28,17701.134989892907
Nifty 500 TRI,2022-12-29,17761.81733299959
Nifty 500 TRI,2022-12-30,17720.701248491165
Nifty 500 TRI,2023-01-02,17808.246654856244
Nifty 500 TRI,2023-01-03,17848.004677757996
Nifty 500 TRI,2023-01-04,17659.52204374042
Nifty 500 TRI,2023-01-05,17652.297501494646
Nifty 500 TRI,2023-01-06,17521.85000030741
Nifty 500 TRI,2023-01-09,17727.923823714777
Nifty 500 TRI,2023-01-10,17585.241807731534
Nifty 500 TRI,2023-01-11,17558.390285982783
Nifty 500 TRI,2023-01-12,17534.004658285758
Nifty 500 TRI,2023-01-13,17610.891437113158
Nifty 500 TRI,2023-01-16,17565.963901796706
Nifty 500 TRI,2023-01-17,17670.637005402335
Nifty 500 TRI,2023-01-18,17751.78655532642
Nifty 500 TRI,2023-01-19,17698.82184450747
Nifty 500 TRI,2023-01-20,17616.984947298748
Nifty 500 TRI,2023-01-23,17682.19280335551
Nifty 500 TRI,2023-01-24,17665.951739318025
Nifty 500 TRI,2023-01-25,17417.865678302795
Nifty 500 TRI,2023-01-27,17077.78614733001
Nifty 500 TRI,2023-01-30,17055.863780660922
Nifty 500 TRI,2023-01-31,17149.773779538198
Nifty 500 TRI,2023-02-01,17049.456763388596
Nifty 500 TRI,2023-02-02,17040.539855943647
Nifty 500 TRI,2023-02-03,17182.287366247925
Nifty 500 TRI,2023-02-06,17151.584638849345
Nifty 500 TRI,2023-02-07,17115.449412018956
Nifty 500 TRI,2023-02-08,17260.84082563047
Nifty 500 TRI,2023-02-09,17263.471794160894
Nifty 500 TRI,2023-02-10,17247.667615848342
Nifty 500 TRI,2023-02-13,17116.850457091397
Nifty 500 TRI,2023-02-14,17195.98654022767
Nifty 500 TRI,2023-02-15,17277.827048621017
Nifty 500 TRI,2023-02-16,17329.05542542302
Nifty 500 TRI,2023-02-17,17237.93990630305
Nifty 500 TRI,2023-02-20,17164.599024636544
Nifty 500 TRI,2023-02-21,17136.778006713124
Nifty 500 TRI,2023-02-22,16893.675265770496
Nifty 500 TRI,2023-02-23,16853.83503216059
Nifty 500 TRI,2023-02-24,16812.671322033
Nifty 500 TRI,2023-02-27,16720.365922891233
Nifty 500 TRI,2023-02-28,16686.4900498164
Nifty 500 TRI,2023-03-01,16854.953694312306
Nifty 500 TRI,2023-03-02,16766.312622034133
Nifty 500 TRI,2023-03-03,16982.376231420272
Nifty 500 TRI,2023-03-06,17106.17789657155
Nifty 500 TRI,2023-03-08,17154.37187560098
Nifty 500 TRI,2023-03-09,17019.274118572062
Nifty 500 TRI,2023-03-10,16877.15378714765
Nifty 500 TRI,2023-03-13,16619.644461404405
Nifty 500 TRI,2023-03-14,16509.917921560944
Nifty 500 TRI,2023-03-15,16466.474617204367
Nifty 500 TRI,2023-03-16,16478.56873911559
Nifty 500 TRI,2023-03-17,16583.176894173863
Nifty 500 TRI,2023-03-20,16465.48329305641
Nifty 500 TRI,2023-03-21,16574.36019197059
Nifty 500 TRI,2023-03-22,16630.91316499622
Nifty 500 TRI,2023-03-23,16566.586287049442
Nifty 500 TRI,2023-03-24,16423.811941280353
Nifty 500 TRI,2023-03-27,16406.671165075128
Nifty 500 TRI,2023-03-28,16348.653337216814
Nifty 500 TRI,2023-03-29,16503.10993325033
Nifty 500 TRI,2023-03-31,16748.375252096434
Nifty 500 TRI,2023-04-03,16800.75766082533
Nifty 500 TRI,2023-04-05,16925.49353494788
Nifty 500 TRI,2023-04-06,16983.35073737074
Nifty 500 TRI,2023-04-10,17021.648074222445
Nifty 500 TRI,2023-04-11,17110.4769986274
Nifty 500 TRI,2023-04-12,17196.549046157725
Nifty 500 TRI,2023-04-13,17211.728074984767
Nifty 500 TRI,2023-04-17,17156.478533106896
Nifty 500 TRI,2023-04-18,17148.635701935276
Nifty 500 TRI,2023-04-19,17103.033712838736
Nifty 500 TRI,2023-04-20,17109.17526146231
Nifty 500 TRI,2023-04-21,17092.86762860443
Nifty 500 TRI,2023-04-24,17190.164787227866
Nifty 500 TRI,2023-04-25,17220.14450751873
Nifty 500 TRI,2023-04-26,17265.268155013568
Nifty 500 TRI,2023-04-27,17358.69864137862
Nifty 500 TRI,2023-04-28,17525.660626030116
Nifty 500 TRI,2023-05-02,17621.466335727164
Nifty 500 TRI,2023-05-03,17593.998125802507
Nifty 500 TRI,2023-05-04,17743.263025453147
Nifty 500 TRI,2023-05-05,17597.680385523123
Nifty 500 TRI,2023-05-08,17770.461630586447
Nifty 500 TRI,2023-05-09,17763.554410839915
Nifty 500 TRI,2023-05-10,17816.492011232687
Nifty 500 TRI,2023-05-11,17837.810097997957
Nifty 500 TRI,2023-05-12,17830.6737092373
Nifty 500 TRI,2023-05-15,17915.78039893719
Nifty 500 TRI,2023-05-16,17850.344675185337
Nifty 500 TRI,2023-05-17,17774.82145314228
Nifty 500 TRI,2023-05-18,17700.792137140343
Nifty 500 TRI,2023-05-19,17754.31923582129
Nifty 500 TRI,2023-05-22,17867.21051635336
Nifty 500 TRI,2023-05-23,17914.756932274853
Nifty 500 TRI,2023-05-24,17882.15020597256
Nifty 500 TRI,2023-05-25,17928.028771072826
Nifty 500 TRI,2023-05-26,18091.703848579706
Nifty 500 TRI,2023-05-29,18180.619351398043
Nifty 500 TRI,2023-05-30,18212.452692423878
Nifty 500 TRI,2023-05-31,18174.94885004248
Nifty 500 TRI,2023-06-01,18168.56707451284
Nifty 500 TRI,2023-06-02,18227.78303129318
Nifty 500 TRI,2023-06-05,18285.256402518542
Nifty 500 TRI,2023-06-06,18307.64555573647
Nifty 500 TRI,2023-06-07,18456.17676167616
Nifty 500 TRI,2023-06-08,18358.018983964113
Nifty 500 TRI,2023-06-09,18308.2862488995
Nifty 500 TRI,2023-06-12,18369.700500458384
Nifty 500 TRI,2023-06-13,18507.65368638813
Nifty 500 TRI,2023-06-14,18549.60319270017
Nifty 500 TRI,2023-06-15,18520.453331876597
Nifty 500 TRI,2023-06-16,18663.153254064517
Nifty 500 TRI,2023-06-19,18619.650338354997
Nifty 500 TRI,2023-06-20,18686.93154669231
Nifty 500 TRI,2023-06-21,18734.83762256515
Nifty 500 TRI,2023-06-22,18619.91667876076
Nifty 500 TRI,2023-06-23,18471.706408797767
Nifty 500 TRI,2023-06-26,18536.222937023962
Nifty 500 TRI,2023-06-27,18649.148500582436
Nifty 500 TRI,2023-06-28,18780.947041406434
Nifty 500 TRI,2023-06-30,18958.488675319888
Nifty 500 TRI,2023-07-03,19073.38039313565
Nifty 500 TRI,2023-07-04,19106.43379227271
Nifty 500 TRI,2023-07-05,19154.546507518906
Nifty 500 TRI,2023-07-06,19268.104598417754
Nifty 500 TRI,2023-07-07,19118.51970622835
Nifty 500 TRI,2023-07-10,19107.522374489552
Nifty 500 TRI,2023-07-11,19216.940055405994
Nifty 500 TRI,2023-07-12,19209.545855599397
Nifty 500 TRI,2023-07-13,19190.375076313598
Nifty 500 TRI,2023-07-14,19354.408946171166
Nifty 500 TRI,2023-07-17,19479.380587465766
Nifty 500 TRI,2023-07-18,19479.958137403457
Nifty 500 TRI,2023-07-19,19574.695121511606
Nifty 500 TRI,2023-07-20,19678.156771627335
Nifty 500 TRI,2023-07-21,19519.16406685697
Nifty 500 TRI,2023-07-24,19475.86572102393
Nifty 500 TRI,2023-07-25,19513.167865549756
Nifty 500 TRI,2023-07-26,19604.000423567923
Nifty 500 TRI,2023-07-27,19540.195651136193
Nifty 500 TRI,2023-07-28,19574.50106962762
Nifty 500 TRI,2023-07-31,19704.227214528968
Nifty 500 TRI,2023-08-01,19695.803645523232
Nifty 500 TRI,2023-08-02,19474.427846455383
Nifty 500 TRI,2023-08-03,19374.96961671385
Nifty 500 TRI,2023-08-04,19512.26289006851
Nifty 500 TRI,2023-08-07,19590.137501104113
Nifty 500 TRI,2023-08-08,19582.57465689802
Nifty 500 TRI,2023-08-09,19646.29875991781
Nifty 500 TRI,2023-08-10,19572.99218526477
Nifty 500 TRI,2023-08-11,19481.540692209073
Nifty 500 TRI,2023-08-14,19443.46648729503
Nifty 500 TRI,2023-08-16,19476.51737035414
Nifty 500 TRI,2023-08-17,19418.44274536457
Nifty 500 TRI,2023-08-18,19367.58769782217
Nifty 500 TRI,2023-08-21,19478.5421576865
Nifty 500 TRI,2023-08-22,19540.670949489926
Nifty 500 TRI,2023-08-23,19593.32604434087
Nifty 500 TRI,2023-08-24,19570.731418111074
Nifty 500 TRI,2023-08-25,19445.018125423776
Nifty 500 TRI,2023-08-28,19509.875460320556
Nifty 500 TRI,2023-08-29,19570.632848661022
Nifty 500 TRI,2023-08-30,19619.42575293812
Nifty 500 TRI,2023-08-31,19568.442490877973
Nifty 500 TRI,2023-09-01,19742.811328031323
Nifty 500 TRI,2023-09-04,19867.783246491468
Nifty 500 TRI,2023-09-05,19950.71200748406
Nifty 500 TRI,2023-09-06,19988.948532267255
Nifty 500 TRI,2023-09-07,20106.292434328814
Nifty 500 TRI,2023-09-08,20224.856986810642
Nifty 500 TRI,2023-09-11,20418.727135059205
Nifty 500 TRI,2023-09-12,20196.38616143561
Nifty 500 TRI,2023-09-13,20273.62001284336
Nifty 500 TRI,2023-09-14,20363.063632575013
Nifty 500 TRI,2023-09-15,20435.7982168468
Nifty 500 TRI,2023-09-18,20377.408299557123
Nifty 500 TRI,2023-09-20,20188.703912414392
Nifty 500 TRI,2023-09-21,20020.611367849677
Nifty 500 TRI,2023-09-22,19971.859475281846
Nifty 500 TRI,2023-09-25,19987.413172610803
Nifty 500 TRI,2023-09-26,19992.9253467666
Nifty 500 TRI,2023-09-27,20068.62573259125
Nifty 500 TRI,2023-09-28,19871.210311227107
Nifty 500 TRI,2023-09-29,20013.227481408176
Nifty 500 TRI,2023-10-03,19971.627231638715
Nifty 500 TRI,2023-10-04,19820.29646742545
Nifty 500 TRI,2023-10-05,19905.099447422366
Nifty 500 TRI,2023-10-06,20018.960832596476
Nifty 500 TRI,2023-10-09,19828.858252264716
Nifty 500 TRI,2023-10-10,20032.864184579827
Nifty 500 TRI,2023-10-11,20153.92783997209
Nifty 500 TRI,2023-10-12,20168.88468151316
Nifty 500 TRI,2023-10-13,20135.56069184475
Nifty 500 TRI,2023-10-16,20140.60266647884
Nifty 500 TRI,2023-10-17,20227.762852200904
Nifty 500 TRI,2023-10-18,20085.173917046945
Nifty 500 TRI,2023-10-19,20047.034027830672
Nifty 500 TRI,2023-10-20,19929.8497290138
Nifty 500 TRI,2023-10-23,19561.10797188491
Nifty 500 TRI,2023-10-25,19414.239376701396
Nifty 500 TRI,2023-10-26,19177.00444932671
Nifty 500 TRI,2023-10-27,19420.892197091605
Nifty 500 TRI,2023-10-30,19493.058628174418
Nifty 500 TRI,2023-10-31,19464.731776570632
Nifty 500 TRI,2023-11-01,19386.41000405796
Nifty 500 TRI,2023-11-02,19569.93230989062
Nifty 500 TRI,2023-11-03,19698.19522920454
Nifty 500 TRI,2023-11-06,19883.733134829938
Nifty 500 TRI,2023-11-07,19917.293008692635
Nifty 500 TRI,2023-11-08,20001.2624121454
Nifty 500 TRI,2023-11-09,19954.634701904433
Nifty 500 TRI,2023-11-10,19998.976691353415
Nifty 500 TRI,2023-11-13,20072.796136190926
Nifty 500 TRI,2023-11-15,20293.70142905436
Nifty 500 TRI,2023-11-16,20392.948102754093
Nifty 500 TRI,2023-11-17,20402.19252342334
Nifty 500 TRI,2023-11-20,20373.0648971142
Nifty 500 TRI,2023-11-21,20436.27542786561
Nifty 500 TRI,2023-11-22,20437.05834417805
Nifty 500 TRI,2023-11-23,20451.292254152188
Nifty 500 TRI,2023-11-24,20456.71345878361
Nifty 500 TRI,2023-11-28,20573.375481069543
Nifty 500 TRI,2023-11-29,20762.255105441054
Nifty 500 TRI,2023-11-30,20860.171462892893
Nifty 500 TRI,2023-12-01,21008.600587036308
Nifty 500 TRI,2023-12-04,21397.05561230389
Nifty 500 TRI,2023-12-05,21560.194307899746
Nifty 500 TRI,2023-12-06,21666.970583894024
Nifty 500 TRI,2023-12-07,21695.342324029432
Nifty 500 TRI,2023-12-08,21695.64533700489
Nifty 500 TRI,2023-12-11,21775.148288153498
Nifty 500 TRI,2023-12-12,21679.106469662467
Nifty 500 TRI,2023-12-13,21754.817492217047
Nifty 500 TRI,2023-12-14,22013.55806568534
Nifty 500 TRI,2023-12-15,22212.91197909183
Nifty 500 TRI,2023-12-18,22227.272162279918
Nifty 500 TRI,2023-12-19,22243.894586519895
Nifty 500 TRI,2023-12-20,21792.283551615354
Nifty 500 TRI,2023-12-21,21981.399455203922
Nifty 500 TRI,2023-12-22,22113.13692541436
Nifty 500 TRI,2023-12-26,22225.302440409592
Nifty 500 TRI,2023-12-27,22397.92719666359
Nifty 500 TRI,2023-12-28,22517.402867972334
Nifty 500 TRI,2023-12-29,22552.84585351645
Nifty 500 TRI,2024-01-02,22543.31228073485
Nifty 500 TRI,2024-01-03,22484.549162124364
Nifty 500 TRI,2024-01-04,22687.413332295408
Nifty 500 TRI,2024-01-05,22745.45110807831
Nifty 500 TRI,2024-01-08,22546.915950357637
Nifty 500 TRI,2024-01-09,22596.24996052912
Nifty 500 TRI,2024-01-10,22664.68620517028
Nifty 500 TRI,2024-01-11,22742.650642647546
Nifty 500 TRI,2024-01-12,22930.653750163594
Nifty 500 TRI,2024-01-15,23095.442363189813
Nifty 500 TRI,2024-01-16,23028.83218065378
Nifty 500 TRI,2024-01-17,22634.7329852973
Nifty 500 TRI,2024-01-18,22550.914042466466
Nifty 500 TRI,2024-01-19,22774.20689898078
Nifty 500 TRI,2024-01-23,22312.550208600212
Nifty 500 TRI,2024-01-24,22597.388163465057
Nifty 500 TRI,2024-01-25,22530.741911687455
Nifty 500 TRI,2024-01-29,22903.941039577276
Nifty 500 TRI,2024-01-30,22744.972535942743
Nifty 500 TRI,2024-01-31,23010.54139544333
Nifty 500 TRI,2024-02-01,22982.531834589234
Nifty 500 TRI,2024-02-02,23138.366197020645
Nifty 500 TRI,2024-02-05,23074.037478108305
Nifty 500 TRI,2024-02-06,23284.28717069608
Nifty 500 TRI,2024-02-07,23373.150183388734
Nifty 500 TRI,2024-02-08,23232.109396464686
Nifty 500 TRI,2024-02-09,23202.58757136351
Nifty 500 TRI,2024-02-12,22872.041809851336
Nifty 500 TRI,2024-02-13,22997.99342801889
Nifty 500 TRI,2024-02-14,23160.805389695633
Nifty 500 TRI,2024-02-15,23294.910509323938
Nifty 500 TRI,2024-02-16,23444.372477804125
Nifty 500 TRI,2024-02-20,23571.853274358655
Nifty 500 TRI,2024-02-21,23405.6422463548
Nifty 500 TRI,2024-02-22,23587.40408106303
Nifty 500 TRI,2024-02-23,23622.538985983785
Nifty 500 TRI,2024-02-26,23557.748629712547
Nifty 500 TRI,2024-02-27,23601.607662319275
Nifty 500 TRI,2024-02-28,23285.49593901509
Nifty 500 TRI,2024-02-29,23367.268633000273
Nifty 500 TRI,2024-03-01,23670.163740784712
Nifty 500 TRI,2024-03-04,23768.162606413065
Nifty 500 TRI,2024-03-05,23710.713962678514
Nifty 500 TRI,2024-03-06,23708.639025880275
Nifty 500 TRI,2024-03-07,23773.690757545122
Nifty 500 TRI,2024-03-11,23606.860067994716
Nifty 500 TRI,2024-03-12,23471.085116501505
Nifty 500 TRI,2024-03-13,22860.83507997988
Nifty 500 TRI,2024-03-14,23175.82626637341
Nifty 500 TRI,2024-03-15,23070.511793798705
Nifty 500 TRI,2024-03-18,23093.604919719375
Nifty 500 TRI,2024-03-19,22823.70756334937
Nifty 500 TRI,2024-03-20,22849.476524111953
Nifty 500 TRI,2024-03-21,23159.069652047896
Nifty 500 TRI,2024-03-22,23272.96224468491
Nifty 500 TRI,2024-03-26,23288.40097094318
Nifty 500 TRI,2024-03-27,23385.26324837168
Nifty 500 TRI,2024-03-28,23580.85381862027
Nifty 500 TRI,2024-04-01,23860.349883336414
Nifty 500 TRI,2024-04-02,23951.01841759813
Nifty 500 TRI,2024-04-03,23993.660579192026
Nifty 500 TRI,2024-04-04,24063.090278626518
Nifty 500 TRI,2024-04-05,24122.624008024966
Nifty 500 TRI,2024-04-08,24246.106877123544
Nifty 500 TRI,2024-04-09,24213.822309683754
Nifty 500 TRI,2024-04-10,24359.616381365897
Nifty 500 TRI,2024-04-12,24163.548512481782
Nifty 500 TRI,2024-04-15,23855.185645964015
Nifty 500 TRI,2024-04-16,23791.020829844685
Nifty 500 TRI,2024-04-18,23678.05549520362
Nifty 500 TRI,2024-04-19,23749.312950796426
Nifty 500 TRI,2024-04-22,23972.609451159216
Nifty 500 TRI,2024-04-23,24064.04425005119
Nifty 500 TRI,2024-04-24,24155.71712892334
Nifty 500 TRI,2024-04-25,24316.437363137262
Nifty 500 TRI,2024-04-26,24283.961474364358
Nifty 500 TRI,2024-04-29,24464.472963758668
Nifty 500 TRI,2024-04-30,24471.099182762446
Nifty 500 TRI,2024-05-02,24573.399177004736
Nifty 500 TRI,2024-05-03,24429.61536395125
Nifty 500 TRI,2024-05-06,24321.734388737666
Nifty 500 TRI,2024-05-07,24055.69898411955
Nifty 500 TRI,2024-05-08,24136.746083771934
Nifty 500 TRI,2024-05-09,23717.734393591458
Nifty 500 TRI,2024-05-10,23863.41986987105
Nifty 500 TRI,2024-05-13,23914.61139968987
Nifty 500 TRI,2024-05-14,24116.87448951261
Nifty 500 TRI,2024-05-15,24185.3480438997
Nifty 500 TRI,2024-05-16,24404.424784269475
Nifty 500 TRI,2024-05-17,24563.227428526
Nifty 500 TRI,2024-05-21,24710.000804215382
Nifty 500 TRI,2024-05-22,24769.238162153535
Nifty 500 TRI,2024-05-23,25063.727801699562
Nifty 500 TRI,2024-05-24,25057.780564932407
Nifty 500 TRI,2024-05-27,25071.025629322263
Nifty 500 TRI,2024-05-28,24948.601970110714
Nifty 500 TRI,2024-05-29,24796.54173552932
Nifty 500 TRI,2024-05-30,24543.326970213504
Nifty 500 TRI,2024-05-31,24619.667593868067
Nifty 500 TRI,2024-06-03,25431.91410867107
Nifty 500 TRI,2024-06-04,23713.436880285015
Nifty 500 TRI,2024-06-05,24566.630344760764
Nifty 500 TRI,2024-06-06,24929.857382440576
Nifty 500 TRI,2024-06-07,25396.43741698147
Nifty 500 TRI,2024-06-10,25450.390351689428
Nifty 500 TRI,2024-06-11,25502.27978424468
Nifty 500 TRI,2024-06-12,25630.265523414357
Nifty 500 TRI,2024-06-13,25763.397666564153
Nifty 500 TRI,2024-06-14,25927.64146646267
Nifty 500 TRI,2024-06-18,26065.61848612665
Nifty 500 TRI,2024-06-19,25944.249080166443
Nifty 500 TRI,2024-06-20,26038.72005555025
Nifty 500 TRI,2024-06-21,25959.134298119778
Nifty 500 TRI,2024-06-24,26023.441176687065
Nifty 500 TRI,2024-06-25,26119.508084161283
Nifty 500 TRI,2024-06-26,26197.599474419934
Nifty 500 TRI,2024-06-27,26315.920759256165
Nifty 500 TRI,2024-06-28,26342.818416547063
Nifty 500 TRI,2024-07-01,26541.47494176591
Nifty 500 TRI,2024-07-02,26484.184390366518
Nifty 500 TRI,2024-07-03,26687.558669078306
Nifty 500 TRI,2024-07-04,26762.009381870066
Nifty 500 TRI,2024-07-05,26848.671486870633
Nifty 500 TRI,2024-07-08,26832.02890037356
Nifty 500 TRI,2024-07-09,26945.276794815753
Nifty 500 TRI,2024-07-10,26841.37453725795
Nifty 500 TRI,2024-07-11,26874.49272990967
Nifty 500 TRI,2024-07-12,26980.743655201877
Nifty 500 TRI,2024-07-15,27117.046049050874
Nifty 500 TRI,2024-07-16,27111.389196119555
Nifty 500 TRI,2024-07-18,27119.938057935917
Nifty 500 TRI,2024-07-19,26704.312430142018
Nifty 500 TRI,2024-07-22,26810.994509204724
Nifty 500 TRI,2024-07-23,26721.357018926163
Nifty 500 TRI,2024-07-24,26787.968283141705
Nifty 500 TRI,2024-07-25,26783.935429350706
Nifty 500 TRI,2024-07-26,27222.86306877126
Nifty 500 TRI,2024-07-29,27344.929291379936
Nifty 500 TRI,2024-07-30,27400.412038660907
Nifty 500 TRI,2024-07-31,27506.396229947368
Nifty 500 TRI,2024-08-01,27479.003613956764
Nifty 500 TRI,2024-08-02,27190.975035209736
Nifty 500 TRI,2024-08-05,26355.363172387253
Nifty 500 TRI,2024-08-06,26240.301357052347
Nifty 500 TRI,2024-08-07,26715.39355889958
Nifty 500 TRI,2024-08-08,26548.826905266487
Nifty 500 TRI,2024-08-09,26804.367653092497
Nifty 500 TRI,2024-08-12,26798.047513648817
Nifty 500 TRI,2024-08-13,26553.281275279784
Nifty 500 TRI,2024-08-14,26515.379518720878
Nifty 500 TRI,2024-08-16,26966.048101676304
Nifty 500 TRI,2024-08-19,27066.06598267054
Nifty 500 TRI,2024-08-20,27231.411636721154
Nifty 500 TRI,2024-08-21,27335.59125612214
Nifty 500 TRI,2024-08-22,27420.766230061785
Nifty 500 TRI,2024-08-23,27395.868362303856
Nifty 500 TRI,2024-08-26,27565.97142264982
Nifty 500 TRI,2024-08-27,27617.297560240986
Nifty 500 TRI,2024-08-28,27631.186308605982
Nifty 500 TRI,2024-08-29,27650.167525982415
Nifty 500 TRI,2024-08-30,27771.76669437738
Nifty 500 TRI,2024-09-02,27805.08704287936
Nifty 500 TRI,2024-09-03,27838.469614798392
Nifty 500 TRI,2024-09-04,27793.0952073779
Nifty 500 TRI,2024-09-05,27810.270923337644
Nifty 500 TRI,2024-09-06,27477.50594768972
Nifty 500 TRI,2024-09-09,27508.817843441313
Nifty 500 TRI,2024-09-10,27675.34471355722
Nifty 500 TRI,2024-09-11,27544.67746509071
Nifty 500 TRI,2024-09-12,27985.837589016242
Nifty 500 TRI,2024-09-13,28011.158841041182
Nifty 500 TRI,2024-09-16,28060.733335233326
Nifty 500 TRI,2024-09-17,28063.64148525646
Nifty 500 TRI,2024-09-18,27981.136741332884
Nifty 500 TRI,2024-09-19,27929.71162460075
Nifty 500 TRI,2024-09-20,28328.556474229223
Nifty 500 TRI,2024-09-23,28548.436696916648
Nifty 500 TRI,2024-09-24,28561.66513689948
Nifty 500 TRI,2024-09-25,28540.992192660375
Nifty 500 TRI,2024-09-26,28689.077375047193
Nifty 500 TRI,2024-09-27,28681.40670093846
Nifty 500 TRI,2024-09-30,28398.011871556766
Nifty 500 TRI,2024-10-01,28429.512666142076
Nifty 500 TRI,2024-10-03,27827.101826912207
Nifty 500 TRI,2024-10-04,27569.708792945956
Nifty 500 TRI,2024-10-07,27158.85233844632
Nifty 500 TRI,2024-10-08,27547.0688009156
Nifty 500 TRI,2024-10-09,27649.95733080673
Nifty 500 TRI,2024-10-10,27649.162354686683
Nifty 500 TRI,2024-10-11,27665.414228446323
Nifty 500 TRI,2024-10-14,27803.822528340355
Nifty 500 TRI,2024-10-15,27814.86531772171
Nifty 500 TRI,2024-10-16,27742.47299967774
Nifty 500 TRI,2024-10-17,27396.310218927694
Nifty 500 TRI,2024-10-18,27471.858703042137
Nifty 500 TRI,2024-10-21,27266.564405918154
Nifty 500 TRI,2024-10-22,26741.403946517483
Nifty 500 TRI,2024-10-23,26773.515928784647
Nifty 500 TRI,2024-10-24,26711.970555454638
Nifty 500 TRI,2024-10-25,26374.301229286077
Nifty 500 TRI,2024-10-28,26553.792012490445
Nifty 500 TRI,2024-10-29,26724.77540471573
Nifty 500 TRI,2024-10-30,26672.5956635233
Nifty 500 TRI,2024-10-31,26602.589562299145
Nifty 500 TRI,2024-11-01,26760.81041416791
Nifty 500 TRI,2024-11-04,26405.489128697936
Nifty 500 TRI,2024-11-05,26595.793652658223
Nifty 500 TRI,2024-11-06,27008.689976869064
Nifty 500 TRI,2024-11-07,26745.765468381822
Nifty 500 TRI,2024-11-08,26558.291480801825
Nifty 500 TRI,2024-11-11,26497.26431123929
Nifty 500 TRI,2024-11-12,26192.757840944294
Nifty 500 TRI,2024-11-13,25705.539358589172
Nifty 500 TRI,2024-11-14,25762.85960381429
Nifty 500 TRI,2024-11-18,25691.495982068056
Nifty 500 TRI,2024-11-19,25815.46126986009
Nifty 500 TRI,2024-11-21,25601.851606602464
Nifty 500 TRI,2024-11-22,26077.528910877452
Nifty 500 TRI,2024-11-25,26464.908808314485
Nifty 500 TRI,2024-11-26,26476.274737531243
Nifty 500 TRI,2024-11-27,26628.8149090248
Nifty 500 TRI,2024-11-28,26421.557193161243
Nifty 500 TRI,2024-11-29,26625.039372632797
Nifty 500 TRI,2024-12-02,26802.35235052589
Nifty 500 TRI,2024-12-03,27020.368601568847
Nifty 500 TRI,2024-12-04,27113.56876741762
Nifty 500 TRI,2024-12-05,27323.91998495588
Nifty 500 TRI,2024-12-06,27364.89978560524
Nifty 500 TRI,2024-12-09,27343.984787745954
Nifty 500 TRI,2024-12-10,27371.762947118623
Nifty 500 TRI,2024-12-11,27423.434174399703
Nifty 500 TRI,2024-12-12,27304.867193560167
Nifty 500 TRI,2024-12-13,27426.163375921944
Nifty 500 TRI,2024-12-16,27421.21809679424
Nifty 500 TRI,2024-12-17,27120.679095774914
Nifty 500 TRI,2024-12-18,26932.090412500565
Nifty 500 TRI,2024-12-19,26718.945047547775
Nifty 500 TRI,2024-12-20,26211.601919900288
Nifty 500 TRI,2024-12-23,26323.281804029197
Nifty 500 TRI,2024-12-24,26312.864082588123
Nifty 500 TRI,2024-12-26,26347.061432169085
Nifty 500 TRI,2024-12-27,26365.365073228037
Nifty 500 TRI,2024-12-30,26264.511242813365
Nifty 500 TRI,2024-12-31,26286.809274293348
Nifty 500 TRI,2025-01-02,26810.586084381623
Nifty 500 TRI,2025-01-03,26680.340686846128
Nifty 500 TRI,2025-01-06,26115.704928178024
Nifty 500 TRI,2025-01-07,26253.16055233942
Nifty 500 TRI,2025-01-08,26124.931988811793
Nifty 500 TRI,2025-01-09,25908.087965906507
Nifty 500 TRI,2025-01-10,25618.014360225574
Nifty 500 TRI,2025-01-13,24967.581528256887
Nifty 500 TRI,2025-01-14,25247.66092667441
Nifty 500 TRI,2025-01-15,25330.936852518542
Nifty 500 TRI,2025-01-16,25523.771239676007
Nifty 500 TRI,2025-01-17,25484.28559884248
Nifty 500 TRI,2025-01-20,25638.13798393751
Nifty 500 TRI,2025-01-21,25197.17847981175
Nifty 500 TRI,2025-01-22,25154.91555960874
Nifty 500 TRI,2025-01-23,25322.097407531946
Nifty 500 TRI,2025-01-24,25065.262799503176
Nifty 500 TRI,2025-01-27,24588.031437969905
Nifty 500 TRI,2025-01-28,24605.062570127004
Nifty 500 TRI,2025-01-29,24983.043014494844
Nifty 500 TRI,2025-01-30,25045.008862065064
Nifty 500 TRI,2025-01-31,25379.105229272904
Nifty 500 TRI,2025-02-03,25171.832479747012
Nifty 500 TRI,2025-02-04,25554.784543498983
Nifty 500 TRI,2025-02-05,25622.42768054589
Nifty 500 TRI,2025-02-06,25491.761177710072
Nifty 500 TRI,2025-02-07,25461.659265711914
Nifty 500 TRI,2025-02-10,25140.825728235282
Nifty 500 TRI,2025-02-11,24646.54819550818
Nifty 500 TRI,2025-02-12,24597.23642025215
Nifty 500 TRI,2025-02-13,24593.92200342109
Nifty 500 TRI,2025-02-14,24275.589761353298
Nifty 500 TRI,2025-02-17,24300.618843656044
Nifty 500 TRI,2025-02-18,24253.227947286927
Nifty 500 TRI,2025-02-19,24395.284902311498
Nifty 500 TRI,2025-02-20,24513.346905904444
Nifty 500 TRI,2025-02-21,24348.394931219915
Nifty 500 TRI,2025-02-24,24089.738705448748
Nifty 500 TRI,2025-02-25,24032.031513934766
Nifty 500 TRI,2025-02-27,23912.132089734787
Nifty 500 TRI,2025-02-28,23401.297229119296
Nifty 500 TRI,2025-03-03,23422.482619876122
Nifty 500 TRI,2025-03-04,23447.852105953938
Nifty 500 TRI,2025-03-05,23847.299667222553
Nifty 500 TRI,2025-03-06,24072.472371417345
Nifty 500 TRI,2025-03-07,24068.90330771359
Nifty 500 TRI,2025-03-10,23862.96867585814
Nifty 500 TRI,2025-03-11,23906.137921864407
Nifty 500 TRI,2025-03-12,23861.995229566794
Nifty 500 TRI,2025-03-13,23758.796124095625
Nifty 500 TRI,2025-03-17,23894.100016014803
Nifty 500 TRI,2025-03-18,24329.35658797605
Nifty 500 TRI,2025-03-19,24574.311047824624
Nifty 500 TRI,2025-03-20,24817.220255796325
Nifty 500 TRI,2025-03-21,25058.14152448249
Nifty 500 TRI,2025-03-24,25371.8227001399
Nifty 500 TRI,2025-03-25,25254.435895750918
Nifty 500 TRI,2025-03-26,25064.058318084313
Nifty 500 TRI,2025-03-27,25220.976822230983
Nifty 500 TRI,2025-03-28,25141.21681917966
Nifty 500 TRI,2025-04-01,24827.77201694926
Nifty 500 TRI,2025-04-02,25058.24249458876
Nifty 500 TRI,2025-04-03,25032.841875456776
Nifty 500 TRI,2025-04-04,24517.451387970203
Nifty 500 TRI,2025-04-07,23695.290449268963
Nifty 500 TRI,2025-04-08,24138.149452906076
Nifty 500 TRI,2025-04-09,23992.729923254745
Nifty 500 TRI,2025-04-11,24461.175752648418
Nifty 500 TRI,2025-04-15,25085.092645680055
Nifty 500 TRI,2025-04-16,25233.21234676541
Nifty 500 TRI,2025-04-17,25560.834715148536
Nifty 500 TRI,2025-04-21,25946.429249878933
Nifty 500 TRI,2025-04-22,26040.898710533365
Nifty 500 TRI,2025-04-23,26221.50998565788
Nifty 500 TRI,2025-04-24,26155.212380550485
Nifty 500 TRI,2025-04-25,25763.972939721767
Nifty 500 TRI,2025-04-28,26065.696106437943
Nifty 500 TRI,2025-04-29,26078.99080356127
Nifty 500 TRI,2025-04-30,25982.71761445017
Nifty 500 TRI,2025-05-02,25956.046927072195
Nifty 500 TRI,2025-05-05,26181.71460680278
Nifty 500 TRI,2025-05-06,25901.16260056116
Nifty 500 TRI,2025-05-07,26038.675282181397
Nifty 500 TRI,2025-05-08,25768.897515531582
Nifty 500 TRI,2025-05-09,25572.127914671142
Nifty 500 TRI,2025-05-12,26560.838991508408
Nifty 500 TRI,2025-05-13,26370.559011677222
Nifty 500 TRI,2025-05-14,26548.531933792427
Nifty 500 TRI,2025-05-15,26890.773767356943
Nifty 500 TRI,2025-05-16,26988.532660805995
Nifty 500 TRI,2025-05-19,26985.158694523805
Nifty 500 TRI,2025-05-20,26655.348766795116
Nifty 500 TRI,2025-05-21,26827.412701897716
Nifty 500 TRI,2025-05-22,26668.184871394482
Nifty 500 TRI,2025-05-23,26888.653029748686
Nifty 500 TRI,2025-05-26,27041.49648973565
Nifty 500 TRI,2025-05-27,26934.012304660737
Nifty 500 TRI,2025-05-28,26891.09583628917
Nifty 500 TRI,2025-05-29,26988.71833885615
Nifty 500 TRI,2025-05-30,26919.472991143626
Nifty 500 TRI,2025-06-02,26960.543073120403
Nifty 500 TRI,2025-06-03,26815.958329268942
Nifty 500 TRI,2025-06-04,26930.836125134
Nifty 500 TRI,2025-06-05,27081.265594018325
Nifty 500 TRI,2025-06-06,27354.45304892846
Nifty 500 TRI,2025-06-09,27552.525026003426
Nifty 500 TRI,2025-06-10,27564.52444146161
Nifty 500 TRI,2025-06-11,27562.944952588507
Nifty 500 TRI,2025-06-12,27219.67824062422
Nifty 500 TRI,2025-06-13,27054.91546703157
Nifty 500 TRI,2025-06-16,27280.644090609647
Nifty 500 TRI,2025-06-17,27147.40070433278
Nifty 500 TRI,2025-06-18,27081.778611993752
Nifty 500 TRI,2025-06-19,26891.639856853242
Nifty 500 TRI,2025-06-20,27220.47087013911
Nifty 500 TRI,2025-06-23,27176.35087820706
Nifty 500 TRI,2025-06-24,27309.215754469336
Nifty 500 TRI,2025-06-25,27527.105388629294
Nifty 500 TRI,2025-06-26,27788.789139723616
Nifty 500 TRI,2025-06-27,27910.9343247976
Nifty 500 TRI,2025-06-30,27910.181441956873
Nifty 500 TRI,2025-07-01,27909.02479434747
Nifty 500 TRI,2025-07-02,27829.334982656295
Nifty 500 TRI,2025-07-03,27800.223414904434
Nifty 500 TRI,2025-07-04,27849.117160251986
Nifty 500 TRI,2025-07-07,27838.547845203797
Nifty 500 TRI,2025-07-08,27864.696334638145
Nifty 500 TRI,2025-07-09,27847.75449921471
Nifty 500 TRI,2025-07-10,27746.940538598017
Nifty 500 TRI,2025-07-11,27524.764549728
Nifty 500 TRI,2025-07-14,27558.61726805463
Nifty 500 TRI,2025-07-15,27725.16445040838
Nifty 500 TRI,2025-07-16,27753.678305063666
Nifty 500 TRI,2025-07-17,27692.151497455317
Nifty 500 TRI,2025-07-18,27522.13146881059
Nifty 500 TRI,2025-07-21,27646.98768299851
Nifty 500 TRI,2025-07-22,27579.832045998923
Nifty 500 TRI,2025-07-23,27707.8688999963
Nifty 500 TRI,2025-07-24,27558.215156903432
Nifty 500 TRI,2025-07-25,27220.498445896537
Nifty 500 TRI,2025-07-28,27024.62151903135
Nifty 500 TRI,2025-07-29,27215.240675182326
Nifty 500 TRI,2025-07-30,27247.12370661973
Nifty 500 TRI,2025-07-31,27107.711412831984
Nifty 500 TRI,2025-08-01,26823.13798447515
Nifty 500 TRI,2025-08-04,27046.714758133723
Nifty 500 TRI,2025-08-05,26974.35978058649
Nifty 500 TRI,2025-08-06,26819.4716781591
Nifty 500 TRI,2025-08-07,26852.59089951542
Nifty 500 TRI,2025-08-08,26556.524761258344
Nifty 500 TRI,2025-08-11,26784.325596715964
Nifty 500 TRI,2025-08-12,26708.455098137616
Nifty 500 TRI,2025-08-13,26862.587122663706
Nifty 500 TRI,2025-08-14,26842.339212798328
Nifty 500 TRI,2025-08-18,27143.242119704166
Nifty 500 TRI,2025-08-19,27304.046663474306
Nifty 500 TRI,2025-08-20,27395.554884425448
Nifty 500 TRI,2025-08-21,27389.346907565272
Nifty 500 TRI,2025-08-22,27217.581610255125
Nifty 500 TRI,2025-08-25,27292.112451406923
Nifty 500 TRI,2025-08-26,26957.524787071714
Nifty 500 TRI,2025-08-28,26690.505637700004
Nifty 500 TRI,2025-08-29,26598.187936623508
Nifty 500 TRI,2025-09-01,26897.55830899777
Nifty 500 TRI,2025-09-02,26911.2853701491
Nifty 500 TRI,2025-09-03,27078.260228062234
Nifty 500 TRI,2025-09-04,27025.85002079649
Nifty 500 TRI,2025-09-05,27037.98410435945
Nifty 500 TRI,2025-09-08,27099.264982064644
Nifty 500 TRI,2025-09-09,27183.598318162654
Nifty 500 TRI,2025-09-10,27332.61572443696
Nifty 500 TRI,2025-09-11,27367.269324489447
Nifty 500 TRI,2025-09-12,27471.93650921225
Nifty 500 TRI,2025-09-15,27504.957344537564
Nifty 500 TRI,2025-09-16,27687.66271188843
Nifty 500 TRI,2025-09-17,27778.493448696558
Nifty 500 TRI,2025-09-18,27866.726625312087
Nifty 500 TRI,2025-09-19,27829.423579081595
Nifty 500 TRI,2025-09-22,27707.48483446989
Nifty 500 TRI,2025-09-23,27641.79036528878
Nifty 500 TRI,2025-09-24,27468.483805744614
Nifty 500 TRI,2025-09-25,27284.67790503957
Nifty 500 TRI,2025-09-26,26919.053690379238
Nifty 500 TRI,2025-09-29,26952.448612939355
Nifty 500 TRI,2025-09-30,26947.402209598848
Nifty 500 TRI,2025-10-01,27178.48221359878
Nifty 500 TRI,2025-10-03,27298.08895517217
Nifty 500 TRI,2025-10-06,27469.055548151257
Nifty 500 TRI,2025-10-07,27517.19838794469
Nifty 500 TRI,2025-10-08,27399.354830532124
Nifty 500 TRI,2025-10-09,27557.23391422221
Nifty 500 TRI,2025-10-10,27671.726508633925
Nifty 500 TRI,2025-10-13,27623.74344425029
Nifty 500 TRI,2025-10-14,27493.310319399156
Nifty 500 TRI,2025-10-15,27723.44332974137
Nifty 500 TRI,2025-10-16,27945.470370309657
Nifty 500 TRI,2025-10-17,27987.00313268604
Nifty 500 TRI,2025-10-20,28129.763521719222
Nifty 500 TRI,2025-10-21,28181.80451066696
Nifty 500 TRI,2025-10-23,28179.732192989402
Nifty 500 TRI,2025-10-24,28098.443839002917
Nifty 500 TRI,2025-10-27,28284.255582486454
Nifty 500 TRI,2025-10-28,28251.544948057868
Nifty 500 TRI,2025-10-29,28418.392581399523
Nifty 500 TRI,2025-10-30,28287.501954906536
Nifty 500 TRI,2025-10-31,28133.108521596343
Nifty 500 TRI,2025-11-03,28254.88428363857
Nifty 500 TRI,2025-11-04,28095.307876363273
Nifty 500 TRI,2025-11-06,27904.532829701322
Nifty 500 TRI,2025-11-07,27915.353498520282
Nifty 500 TRI,2025-11-10,28007.582736540877
Nifty 500 TRI,2025-11-11,28110.278972534485
Nifty 500 TRI,2025-11-12,28294.29107138212
Nifty 500 TRI,2025-11-13,28270.405662015903
Nifty 500 TRI,2025-11-14,28295.48542076267
Nifty 500 TRI,2025-11-17,28438.58499308117
Nifty 500 TRI,2025-11-18,28285.29239105178
Nifty 500 TRI,2025-11-19,28383.156962607878
Nifty 500 TRI,2025-11-20,28466.184257840956
Nifty 500 TRI,2025-11-21,28247.21869584673
Nifty 500 TRI,2025-11-24,28112.59810660585
Nifty 500 TRI,2025-11-25,28090.360001572448
Nifty 500 TRI,2025-11-26,28447.71515739568
Nifty 500 TRI,2025-11-27,28439.797715411536
Nifty 500 TRI,2025-11-28,28423.44579802288
Nifty 500 TRI,2025-12-01,28413.462627434823
Nifty 500 TRI,2025-12-02,28295.376865115177
Nifty 500 TRI,2025-12-03,28170.45345322148
Nifty 500 TRI,2025-12-04,28200.830729155634
Nifty 500 TRI,2025-12-05,28313.591802577528
Nifty 500 TRI,2025-12-08,27949.21250731727
Nifty 500 TRI,2025-12-09,27938.30521064891
Nifty 500 TRI,2025-12-10,27811.559241731684
Nifty 500 TRI,2025-12-11,27981.23861731187
Nifty 500 TRI,2025-12-12,28190.49566729196
Nifty 500 TRI,2025-12-15,28192.069517597454
Nifty 500 TRI,2025-12-16,28008.74352909225
Nifty 500 TRI,2025-12-17,27921.601780661837
Nifty 500 TRI,2025-12-18,27917.10556624941
Nifty 500 TRI,2025-12-19,28139.125756647667
Nifty 500 TRI,2025-12-22,28367.825176700775
Nifty 500 TRI,2025-12-23,28401.437757634467
Nifty 500 TRI,2025-12-24,28348.995613179293
Nifty 500 TRI,2025-12-26,28267.638191395254
Nifty 500 TRI,2025-12-29,28153.72484755755
Nifty 500 TRI,2025-12-30,28138.83391212582
Nifty 500 TRI,2025-12-31,28380.801655865725
Nifty 500 TRI,2026-01-02,28653.08670248126
Nifty 500 TRI,2026-01-05,28607.675600710816
Nifty 500 TRI,2026-01-06,28551.592076992612
Nifty 500 TRI,2026-01-07,28559.778010467668
Nifty 500 TRI,2026-01-08,28160.5425605959
Nifty 500 TRI,2026-01-09,27908.45018762621
Nifty 500 TRI,2026-01-12,27962.445735724115
Nifty 500 TRI,2026-01-13,27927.916201245192
Nifty 500 TRI,2026-01-14,27923.1180621332
Nifty 500 TRI,2026-01-16,27936.184321798926
Nifty 500 TRI,2026-01-19,27806.216883949022
Nifty 500 TRI,2026-01-20,27299.01603394555
Nifty 500 TRI,2026-01-21,27167.254698415858
Nifty 500 TRI,2026-01-22,27374.68225953182
Nifty 500 TRI,2026-01-23,27015.604457635753
Nifty 500 TRI,2026-01-27,27153.658100465364
Nifty 500 TRI,2026-01-28,27467.331775328417
Nifty 500 TRI,2026-01-29,27530.94444118951
Nifty 500 TRI,2026-01-30,27466.0322297992
Nifty 500 TRI,2026-02-02,27180.105099601213
Nifty 500 TRI,2026-02-03,27906.193118294756
Nifty 500 TRI,2026-02-04,28012.618862683572
Nifty 500 TRI,2026-02-05,27866.829866029595
Nifty 500 TRI,2026-02-06,27894.28535047482
Nifty 500 TRI,2026-02-09,28193.91728823368
Nifty 500 TRI,2026-02-10,28278.588545564653
Nifty 500 TRI,2026-02-11,28314.395510991122
Nifty 500 TRI,2026-02-12,28158.76064881201
Nifty 500 TRI,2026-02-13,27756.778726454704
Nifty 500 TRI,2026-02-16,27949.179093619205
Nifty 500 TRI,2026-02-17,28030.589237652588
Nifty 500 TRI,2026-02-18,28157.43184863589
Nifty 500 TRI,2026-02-19,27743.52067818256
Nifty 500 TRI,2026-02-20,27860.597867531633
Nifty 500 TRI,2026-02-23,27970.45673797947
Nifty 500 TRI,2026-02-24,27756.56773485097
Nifty 500 TRI,2026-02-25,27875.63005716104
Nifty 500 TRI,2026-02-26,27929.78221390496
Nifty 500 TRI,2026-02-27,27595.206351520632
Nifty 500 TRI,2026-03-02,27203.719338717034
Nifty 500 TRI,2026-03-04,26697.806415998126
Nifty 500 TRI,2026-03-05,27041.796939694395
Nifty 500 TRI,2026-03-06,26784.737040265838
Nifty 500 TRI,2026-03-09,26281.254959213675
Nifty 500 TRI,2026-03-10,26623.379524644475
Nifty 500 TRI,2026-03-11,26265.991086537342
Nifty 500 TRI,2026-03-12,26094.29613381865
Nifty 500 TRI,2026-03-13,25491.79207871014
Nifty 500 TRI,2026-03-16,25622.530626155338
Nifty 500 TRI,2026-03-17,25826.57803430703
Nifty 500 TRI,2026-03-18,26123.128936579484
Nifty 500 TRI,2026-03-19,25299.64456148399
Nifty 500 TRI,2026-03-20,25422.170272785846
Nifty 500 TRI,2026-03-23,24633.53375943035
Nifty 500 TRI,2026-03-24,25114.466014670565
Nifty 500 TRI,2026-03-25,25605.50249862754
Nifty 500 TRI,2026-03-27,25061.07075555418
Nifty 500 TRI,2026-03-30,24476.767778390564
Nifty 500 TRI,2026-04-01,24963.806416564217
Nifty 500 TRI,2026-04-02,24968.436699077716
Nifty 500 TRI,2026-04-06,25276.655478198772
Nifty 500 TRI,2026-04-07,25399.608404386126
Nifty 500 TRI,2026-04-08,26403.088087985692
Nifty 500 TRI,2026-04-09,26285.153295318072
Nifty 500 TRI,2026-04-10,26654.880680868548
Nifty 500 TRI,2026-04-13,26457.443540516626
Nifty 500 TRI,2026-04-15,26956.048040640933
Nifty 500 TRI,2026-04-16,27029.40432616272
Nifty 500 TRI,2026-04-17,27284.52733630957
Nifty 500 TRI,2026-04-20,27282.90572999395
Nifty 500 TRI,2026-04-21,27494.45732508906
Nifty 500 TRI,2026-04-22,27434.67881713858
Nifty 500 TRI,2026-04-23,27220.006131244325
Nifty 500 TRI,2026-04-24,26933.542395945664
Nifty 500 TRI,2026-04-27,27236.154046315893
Nifty 500 TRI,2026-04-28,27170.446052539413
Nifty 500 TRI,2026-04-29,27297.13151614944
Nifty 500 TRI,2026-04-30,27074.290208501676
Nifty 500 TRI,2026-05-04,27253.542053249228
Nifty 500 TRI,2026-05-05,27227.572535527186
Nifty 500 TRI,2026-05-06,27616.625915950925
Nifty 500 TRI,2026-05-07,27713.75071273848
Nifty 500 TRI,2026-05-08,27597.238505108555
Nifty 500 TRI,2026-05-11,27217.98343029774
Nifty 500 TRI,2026-05-12,26626.81166842886
Nifty 500 TRI,2026-05-13,26720.161203118252
Nifty 500 TRI,2026-05-14,27002.545472435995
Nifty 500 TRI,2026-05-15,26905.567713965662
Nifty 500 TRI,2026-05-18,26824.486308174884
Nifty 500 TRI,2026-05-19,26897.855800629553
Nifty 500 TRI,2026-05-20,26966.095773971072
Nifty 500 TRI,2026-05-21,26996.476810654207
Nifty 500 TRI,2026-05-22,27055.22967692471
Nifty 500 TRI,2026-05-25,27390.13995051783
Nifty 500 TRI,2026-05-26,27352.50932295622
Nifty 500 TRI,2026-05-27,27437.26620568389
Nifty 500 TRI,2026-05-29,27068.224327466163
Nifty 500 TRI,2026-06-01,26809.15178699233
Nifty 500 TRI,2026-06-02,26909.37975820257
Nifty 500 TRI,2026-06-03,26827.512396699676
Nifty 500 TRI,2026-06-04,26883.175634809235
Nifty 500 TRI,2026-06-05,26845.396836238084
Nifty 500 TRI,2026-06-08,26499.47983868637
Nifty 500 TRI,2026-06-09,26735.12902344481
Nifty 500 TRI,2026-06-10,26573.10036108067
Nifty 500 TRI,2026-06-11,26431.260487721505
Nifty 500 TRI,2026-06-12,27012.23639737233
Nifty 500 TRI,2026-06-15,27363.33032560673
Nifty 500 TRI,2026-06-16,27490.875514558396
Nifty 500 TRI,2026-06-17,27626.199348635117
Nifty 500 TRI,2026-06-18,27742.763945939492
Nifty 500 TRI,2026-06-19,27669.24916129806
Nifty 500 TRI,2026-06-22,27812.626863007325
Nifty 500 TRI,2026-06-23,27513.540704739517
Nifty 500 TRI,2026-06-24,27652.366377368646
Nifty 500 TRI,2026-06-25,27638.201165181323
Nifty 500 TRI,2026-06-29,27505.838326544283
Nifty 500 TRI,2026-06-30,27501.534750786115
