index_name,date,tri
Nifty Media TRI,2011-08-04,1346.6800537109375
Nifty Media TRI,2011-08-05,1342.5292878424061
Nifty Media TRI,2011-08-08,1339.7168777144384
Nifty Media TRI,2011-08-09,1307.5226194461668
Nifty Media TRI,2011-08-10,1307.5511442256236
Nifty Media TRI,2011-08-11,1308.1997594310083
Nifty Media TRI,2011-08-12,1308.2282989828814
Nifty Media TRI,2011-08-16,1286.9168112286704
Nifty Media TRI,2011-08-17,1281.8534769164012
Nifty Media TRI,2011-08-18,1266.096592143083
Nifty Media TRI,2011-08-19,1248.1984263182921
Nifty Media TRI,2011-08-22,1248.280119807302
Nifty Media TRI,2011-08-23,1254.1597530474414
Nifty Media TRI,2011-08-24,1253.0365873737094
Nifty Media TRI,2011-08-25,1229.0829689374084
Nifty Media TRI,2011-08-26,1211.041053985396
Nifty Media TRI,2011-08-29,1177.9523286075882
Nifty Media TRI,2011-08-30,1203.5424496645542
Nifty Media TRI,2011-09-02,1223.303712676274
Nifty Media TRI,2011-09-05,1226.2457594357352
Nifty Media TRI,2011-09-06,1229.7850486778475
Nifty Media TRI,2011-09-07,1251.1576605861055
Nifty Media TRI,2011-09-08,1250.7746083333402
Nifty Media TRI,2011-09-09,1250.8018951040028
Nifty Media TRI,2011-09-12,1243.707734270532
Nifty Media TRI,2011-09-13,1212.747755486843
Nifty Media TRI,2011-09-14,1205.3976225679412
Nifty Media TRI,2011-09-15,1199.6286949195721
Nifty Media TRI,2011-09-16,1215.0092284813836
Nifty Media TRI,2011-09-19,1213.1567582353402
Nifty Media TRI,2011-09-20,1237.368043375533
Nifty Media TRI,2011-09-21,1242.810739943057
Nifty Media TRI,2011-09-22,1208.3109743553312
Nifty Media TRI,2011-09-23,1207.3262226755458
Nifty Media TRI,2011-09-26,1201.938963555857
Nifty Media TRI,2011-09-27,1217.974023205105
Nifty Media TRI,2011-09-28,1212.0533993952974
Nifty Media TRI,2011-09-29,1207.083751312403
Nifty Media TRI,2011-09-30,1196.8874200825237
Nifty Media TRI,2011-10-03,1178.3414175404423
Nifty Media TRI,2011-10-04,1159.1915987427838
Nifty Media TRI,2011-10-05,1158.1154231603707
Nifty Media TRI,2011-10-07,1187.9074016374054
Nifty Media TRI,2011-10-10,1207.8141598462366
Nifty Media TRI,2011-10-11,1206.688777695265
Nifty Media TRI,2011-10-12,1211.922887145147
Nifty Media TRI,2011-10-13,1218.4592600386686
Nifty Media TRI,2011-10-14,1229.703276431252
Nifty Media TRI,2011-10-17,1229.4832258231813
Nifty Media TRI,2011-10-18,1216.1382117489745
Nifty Media TRI,2011-10-19,1224.7789889830037
Nifty Media TRI,2011-10-20,1217.2930995050306
Nifty Media TRI,2011-10-21,1204.9986591739514
Nifty Media TRI,2011-10-24,1197.8648400503046
Nifty Media TRI,2011-10-25,1191.2290413632581
Nifty Media TRI,2011-10-28,1222.4647049951902
Nifty Media TRI,2011-10-31,1246.9916262724003
Nifty Media TRI,2011-11-01,1230.63707908048
Nifty Media TRI,2011-11-02,1243.7896480000568
Nifty Media TRI,2011-11-03,1260.9007130195437
Nifty Media TRI,2011-11-04,1274.856171043622
Nifty Media TRI,2011-11-08,1254.4244450034425
Nifty Media TRI,2011-11-09,1237.0149274768632
Nifty Media TRI,2011-11-11,1220.5332268574618
Nifty Media TRI,2011-11-14,1197.9627887000597
Nifty Media TRI,2011-11-15,1176.9917220769632
Nifty Media TRI,2011-11-16,1169.2999583334185
Nifty Media TRI,2011-11-17,1156.846843042527
Nifty Media TRI,2011-11-18,1164.439608910464
Nifty Media TRI,2011-11-21,1127.17713802939
Nifty Media TRI,2011-11-22,1129.1063178309864
Nifty Media TRI,2011-11-23,1111.1373575975342
Nifty Media TRI,2011-11-24,1146.347562530705
Nifty Media TRI,2011-11-25,1151.9361962772687
Nifty Media TRI,2011-11-28,1175.4709053804725
Nifty Media TRI,2011-11-29,1193.9936529050444
Nifty Media TRI,2011-11-30,1178.9309820402643
Nifty Media TRI,2011-12-01,1188.4312171945585
Nifty Media TRI,2011-12-02,1214.6255355693736
Nifty Media TRI,2011-12-05,1221.7740235542747
Nifty Media TRI,2011-12-07,1225.5373868802562
Nifty Media TRI,2011-12-08,1201.8991872746797
Nifty Media TRI,2011-12-09,1177.2571812783592
Nifty Media TRI,2011-12-12,1145.7949607706544
Nifty Media TRI,2011-12-13,1144.5161878275808
Nifty Media TRI,2011-12-14,1153.9180956825699
Nifty Media TRI,2011-12-15,1147.7253030956972
Nifty Media TRI,2011-12-16,1126.9395945640913
Nifty Media TRI,2011-12-19,1111.7177052235513
Nifty Media TRI,2011-12-20,1103.9685913389362
Nifty Media TRI,2011-12-21,1110.2114556978506
Nifty Media TRI,2011-12-22,1123.0246764366375
Nifty Media TRI,2011-12-23,1131.5252819805048
Nifty Media TRI,2011-12-26,1136.8156515845735
Nifty Media TRI,2011-12-27,1134.5833236104431
Nifty Media TRI,2011-12-28,1125.8301616283284
Nifty Media TRI,2011-12-29,1114.2675744663138
Nifty Media TRI,2011-12-30,1117.9036233535091
Nifty Media TRI,2012-01-02,1113.0103826766674
Nifty Media TRI,2012-01-03,1144.087537418413
Nifty Media TRI,2012-01-04,1133.1258132983396
Nifty Media TRI,2012-01-05,1128.2340191779128
Nifty Media TRI,2012-01-06,1118.6763588166878
Nifty Media TRI,2012-01-09,1119.953669589408
Nifty Media TRI,2012-01-10,1127.855354379949
Nifty Media TRI,2012-01-11,1139.5206181659362
Nifty Media TRI,2012-01-12,1165.8376134423347
Nifty Media TRI,2012-01-13,1183.675889145792
Nifty Media TRI,2012-01-16,1189.7247668044379
Nifty Media TRI,2012-01-17,1179.614103777439
Nifty Media TRI,2012-01-18,1168.399008695313
Nifty Media TRI,2012-01-19,1177.1062835548819
Nifty Media TRI,2012-01-20,1159.6676691490738
Nifty Media TRI,2012-01-23,1156.5314649656273
Nifty Media TRI,2012-01-24,1163.0812737976592
Nifty Media TRI,2012-01-25,1198.089284860692
Nifty Media TRI,2012-01-27,1226.7511979106214
Nifty Media TRI,2012-01-30,1200.7297591219442
Nifty Media TRI,2012-01-31,1228.765629710581
Nifty Media TRI,2012-02-01,1254.7949326553742
Nifty Media TRI,2012-02-02,1252.4629825388265
Nifty Media TRI,2012-02-03,1260.672932654664
Nifty Media TRI,2012-02-06,1270.4948333389611
Nifty Media TRI,2012-02-07,1264.5984074306332
Nifty Media TRI,2012-02-08,1263.220340165052
Nifty Media TRI,2012-02-09,1277.8579407270915
Nifty Media TRI,2012-02-10,1302.2867993117015
Nifty Media TRI,2012-02-13,1290.2210038414769
Nifty Media TRI,2012-02-14,1302.7519051566057
Nifty Media TRI,2012-02-15,1341.344053990568
Nifty Media TRI,2012-02-16,1329.2716330403082
Nifty Media TRI,2012-02-17,1309.867317655374
Nifty Media TRI,2012-02-21,1311.1367034036955
Nifty Media TRI,2012-02-22,1264.0078793838056
Nifty Media TRI,2012-02-23,1245.8049959882776
Nifty Media TRI,2012-02-24,1266.9258408998533
Nifty Media TRI,2012-02-27,1210.1524873664105
Nifty Media TRI,2012-02-28,1230.2698472878774
Nifty Media TRI,2012-02-29,1241.146090517055
Nifty Media TRI,2012-03-01,1255.0365831066733
Nifty Media TRI,2012-03-02,1282.5902805327275
Nifty Media TRI,2012-03-05,1285.4873764992153
Nifty Media TRI,2012-03-06,1269.0885774639362
Nifty Media TRI,2012-03-07,1265.298266162956
Nifty Media TRI,2012-03-09,1273.391611124639
Nifty Media TRI,2012-03-12,1260.713624697469
Nifty Media TRI,2012-03-13,1277.7733684825444
Nifty Media TRI,2012-03-14,1282.021800183255
Nifty Media TRI,2012-03-15,1254.013071291824
Nifty Media TRI,2012-03-16,1216.104676442465
Nifty Media TRI,2012-03-19,1206.4861265033403
Nifty Media TRI,2012-03-20,1208.0702589966545
Nifty Media TRI,2012-03-21,1231.8153025749111
Nifty Media TRI,2012-03-22,1217.1684390747043
Nifty Media TRI,2012-03-23,1230.4619212482487
Nifty Media TRI,2012-03-26,1214.4602163961517
Nifty Media TRI,2012-03-27,1223.080893165937
Nifty Media TRI,2012-03-28,1202.3505078186997
Nifty Media TRI,2012-03-29,1229.215679397407
Nifty Media TRI,2012-03-30,1238.6916594358918
Nifty Media TRI,2012-04-02,1266.4182978443419
Nifty Media TRI,2012-04-03,1297.6610144750198
Nifty Media TRI,2012-04-04,1283.413462051675
Nifty Media TRI,2012-04-09,1249.6699514865977
Nifty Media TRI,2012-04-10,1234.5648594039676
Nifty Media TRI,2012-04-11,1219.7608039854524
Nifty Media TRI,2012-04-12,1215.5139852490056
Nifty Media TRI,2012-04-13,1205.8370691298596
Nifty Media TRI,2012-04-16,1208.8825850349158
Nifty Media TRI,2012-04-17,1219.417662568174
Nifty Media TRI,2012-04-18,1230.3554814661272
Nifty Media TRI,2012-04-19,1230.281780702747
Nifty Media TRI,2012-04-20,1215.8770194571564
Nifty Media TRI,2012-04-23,1198.9593302226867
Nifty Media TRI,2012-04-24,1198.8345956488304
Nifty Media TRI,2012-04-25,1195.8936946287424
Nifty Media TRI,2012-04-26,1192.600529554365
Nifty Media TRI,2012-04-27,1193.079249675494
Nifty Media TRI,2012-04-30,1206.586177692495
Nifty Media TRI,2012-05-02,1226.9087710641209
Nifty Media TRI,2012-05-03,1214.763283051296
Nifty Media TRI,2012-05-04,1201.05792254731
Nifty Media TRI,2012-05-07,1208.1789593633498
Nifty Media TRI,2012-05-08,1191.3030703023003
Nifty Media TRI,2012-05-09,1180.0103769375926
Nifty Media TRI,2012-05-10,1169.119665680631
Nifty Media TRI,2012-05-11,1159.7377022234782
Nifty Media TRI,2012-05-14,1155.0843224023777
Nifty Media TRI,2012-05-15,1152.0405729664394
Nifty Media TRI,2012-05-16,1145.927551753183
Nifty Media TRI,2012-05-17,1153.9524339069028
Nifty Media TRI,2012-05-18,1146.2291268468198
Nifty Media TRI,2012-05-21,1141.6245082057173
Nifty Media TRI,2012-05-22,1137.9256951891741
Nifty Media TRI,2012-05-23,1135.4848586722762
Nifty Media TRI,2012-05-24,1141.4978659287992
Nifty Media TRI,2012-05-25,1145.0453660335647
Nifty Media TRI,2012-05-28,1149.196772481713
Nifty Media TRI,2012-05-29,1145.9505745824908
Nifty Media TRI,2012-05-30,1146.3782255616247
Nifty Media TRI,2012-05-31,1159.4385018401085
Nifty Media TRI,2012-06-01,1121.313249425538
Nifty Media TRI,2012-06-04,1115.6990175158815
Nifty Media TRI,2012-06-05,1124.431196217053
Nifty Media TRI,2012-06-06,1153.3486611343164
Nifty Media TRI,2012-06-07,1180.7068882159754
Nifty Media TRI,2012-06-08,1189.491442391502
Nifty Media TRI,2012-06-11,1185.3909257136804
Nifty Media TRI,2012-06-12,1191.4578960852716
Nifty Media TRI,2012-06-13,1178.797305617038
Nifty Media TRI,2012-06-14,1181.3402611349065
Nifty Media TRI,2012-06-15,1189.4213736529446
Nifty Media TRI,2012-06-18,1181.6950983673496
Nifty Media TRI,2012-06-19,1184.5908190114844
Nifty Media TRI,2012-06-20,1196.1471994542583
Nifty Media TRI,2012-06-21,1203.4744024335669
Nifty Media TRI,2012-06-22,1203.2991692791304
Nifty Media TRI,2012-06-25,1211.7372125416282
Nifty Media TRI,2012-06-26,1232.8133000943715
Nifty Media TRI,2012-06-27,1250.9694565933314
Nifty Media TRI,2012-06-28,1243.1909230401925
Nifty Media TRI,2012-06-29,1276.406063678393
Nifty Media TRI,2012-07-02,1290.3398554893472
Nifty Media TRI,2012-07-03,1301.5491555729332
Nifty Media TRI,2012-07-04,1314.8240300940897
Nifty Media TRI,2012-07-05,1321.853796069296
Nifty Media TRI,2012-07-06,1317.0975833950656
Nifty Media TRI,2012-07-09,1300.5106469536158
Nifty Media TRI,2012-07-10,1289.3561609995156
Nifty Media TRI,2012-07-11,1289.081993610232
Nifty Media TRI,2012-07-12,1281.55378481251
Nifty Media TRI,2012-07-13,1290.9518474513607
Nifty Media TRI,2012-07-16,1288.013542837156
Nifty Media TRI,2012-07-17,1282.0462248012172
Nifty Media TRI,2012-07-18,1288.3216524737538
Nifty Media TRI,2012-07-19,1296.1591598341897
Nifty Media TRI,2012-07-20,1303.1403764537981
Nifty Media TRI,2012-07-23,1300.2528447614964
Nifty Media TRI,2012-07-24,1306.6302402946078
Nifty Media TRI,2012-07-25,1328.6286379193962
Nifty Media TRI,2012-07-26,1324.77754615093
Nifty Media TRI,2012-07-27,1293.7145899583613
Nifty Media TRI,2012-07-30,1299.8467017165244
Nifty Media TRI,2012-07-31,1335.8580585029388
Nifty Media TRI,2012-08-01,1337.3991272303779
Nifty Media TRI,2012-08-02,1343.9801251248507
Nifty Media TRI,2012-08-03,1324.6560000285958
Nifty Media TRI,2012-08-06,1331.8494501134912
Nifty Media TRI,2012-08-07,1363.8851239180722
Nifty Media TRI,2012-08-08,1341.4342227009074
Nifty Media TRI,2012-08-09,1344.2358350340328
Nifty Media TRI,2012-08-10,1361.9077585270845
Nifty Media TRI,2012-08-13,1372.028578512345
Nifty Media TRI,2012-08-14,1384.3086076921727
Nifty Media TRI,2012-08-16,1388.906270082764
Nifty Media TRI,2012-08-17,1372.9045373775577
Nifty Media TRI,2012-08-21,1385.629225893827
Nifty Media TRI,2012-08-22,1372.8526663940243
Nifty Media TRI,2012-08-23,1363.2520186497443
Nifty Media TRI,2012-08-24,1349.2641906407212
Nifty Media TRI,2012-08-27,1350.1593659611299
Nifty Media TRI,2012-08-28,1330.673511304102
Nifty Media TRI,2012-08-29,1317.1877266729564
Nifty Media TRI,2012-08-30,1333.2530426340854
Nifty Media TRI,2012-08-31,1321.5822725865185
Nifty Media TRI,2012-09-03,1318.4409305459133
Nifty Media TRI,2012-09-04,1363.255928446456
Nifty Media TRI,2012-09-05,1378.1138102516463
Nifty Media TRI,2012-09-06,1400.184995909565
Nifty Media TRI,2012-09-07,1399.7111599776058
Nifty Media TRI,2012-09-10,1399.3487222406761
Nifty Media TRI,2012-09-11,1387.6260942675387
Nifty Media TRI,2012-09-12,1400.1664348699996
Nifty Media TRI,2012-09-13,1405.947764692451
Nifty Media TRI,2012-09-14,1423.43265300546
Nifty Media TRI,2012-09-17,1458.0835359590324
Nifty Media TRI,2012-09-18,1482.7856294870016
Nifty Media TRI,2012-09-20,1482.1439174813834
Nifty Media TRI,2012-09-21,1478.341849839151
Nifty Media TRI,2012-09-24,1469.8104214119178
Nifty Media TRI,2012-09-25,1477.310300092736
Nifty Media TRI,2012-09-26,1481.1269639391726
Nifty Media TRI,2012-09-27,1517.3392392611286
Nifty Media TRI,2012-09-28,1574.2927518200738
Nifty Media TRI,2012-10-01,1595.8432588677995
Nifty Media TRI,2012-10-03,1599.1427175751855
Nifty Media TRI,2012-10-04,1641.6211915100328
Nifty Media TRI,2012-10-05,1609.7605953959742
Nifty Media TRI,2012-10-08,1584.9325406419227
Nifty Media TRI,2012-10-09,1582.2920001002124
Nifty Media TRI,2012-10-10,1540.4326453530525
Nifty Media TRI,2012-10-11,1550.813759108755
Nifty Media TRI,2012-10-12,1561.0943962264976
Nifty Media TRI,2012-10-15,1553.2712248394232
Nifty Media TRI,2012-10-16,1566.5311485635552
Nifty Media TRI,2012-10-17,1610.3839461531593
Nifty Media TRI,2012-10-18,1619.4051402635757
Nifty Media TRI,2012-10-19,1611.8678003370296
Nifty Media TRI,2012-10-22,1586.1235860806235
Nifty Media TRI,2012-10-23,1579.7965426685685
Nifty Media TRI,2012-10-25,1572.594808501871
Nifty Media TRI,2012-10-29,1494.4640605148356
Nifty Media TRI,2012-10-30,1498.7383265214219
Nifty Media TRI,2012-10-31,1558.0552451199078
Nifty Media TRI,2012-11-01,1554.655417245447
Nifty Media TRI,2012-11-02,1575.2931855705497
Nifty Media TRI,2012-11-05,1588.4766858815394
Nifty Media TRI,2012-11-06,1593.9152738940397
Nifty Media TRI,2012-11-07,1608.142109947592
Nifty Media TRI,2012-11-08,1600.2981312698644
Nifty Media TRI,2012-11-09,1563.9170202659147
Nifty Media TRI,2012-11-12,1560.1806230485904
Nifty Media TRI,2012-11-15,1655.805019900115
Nifty Media TRI,2012-11-16,1619.7732641269483
Nifty Media TRI,2012-11-19,1610.2807406824786
Nifty Media TRI,2012-11-20,1594.402160623987
Nifty Media TRI,2012-11-21,1621.0109423404813
Nifty Media TRI,2012-11-22,1635.4955006534717
Nifty Media TRI,2012-11-23,1667.7143195594067
Nifty Media TRI,2012-11-26,1683.0319436852349
Nifty Media TRI,2012-11-27,1693.9826345483664
Nifty Media TRI,2012-11-29,1714.672538693283
Nifty Media TRI,2012-11-30,1700.6624999006547
Nifty Media TRI,2012-12-03,1720.7852138418277
Nifty Media TRI,2012-12-04,1753.7716445910514
Nifty Media TRI,2012-12-05,1765.1805605158938
Nifty Media TRI,2012-12-06,1783.1093656533726
Nifty Media TRI,2012-12-07,1761.7704754417034
Nifty Media TRI,2012-12-10,1745.763009428971
Nifty Media TRI,2012-12-11,1713.3524777824375
Nifty Media TRI,2012-12-12,1725.0655616236638
Nifty Media TRI,2012-12-13,1723.2330526146534
Nifty Media TRI,2012-12-14,1730.2460428253519
Nifty Media TRI,2012-12-17,1747.3438370088138
Nifty Media TRI,2012-12-18,1802.8865210328763
Nifty Media TRI,2012-12-19,1797.1124088225613
Nifty Media TRI,2012-12-20,1808.6776747973504
Nifty Media TRI,2012-12-21,1771.6611060218086
Nifty Media TRI,2012-12-24,1807.5209751077653
Nifty Media TRI,2012-12-26,1808.004341284047
Nifty Media TRI,2012-12-27,1771.4380257315822
Nifty Media TRI,2012-12-28,1774.1563379003921
Nifty Media TRI,2012-12-31,1788.0262120760885
Nifty Media TRI,2013-01-01,1806.8757556621338
Nifty Media TRI,2013-01-02,1844.992245610873
Nifty Media TRI,2013-01-03,1858.483570926239
Nifty Media TRI,2013-01-04,1847.550594763574
Nifty Media TRI,2013-01-07,1839.8833776761353
Nifty Media TRI,2013-01-08,1841.2383597065352
Nifty Media TRI,2013-01-09,1835.9176679909792
Nifty Media TRI,2013-01-10,1843.9486219795886
Nifty Media TRI,2013-01-11,1845.5061610653086
Nifty Media TRI,2013-01-14,1857.71572953214
Nifty Media TRI,2013-01-15,1844.605075051035
Nifty Media TRI,2013-01-16,1805.5449627168816
Nifty Media TRI,2013-01-17,1833.2030893681736
Nifty Media TRI,2013-01-18,1811.390358330642
Nifty Media TRI,2013-01-21,1814.4430462332484
Nifty Media TRI,2013-01-22,1806.388358747606
Nifty Media TRI,2013-01-23,1851.250820678292
Nifty Media TRI,2013-01-24,1803.9376054612285
Nifty Media TRI,2013-01-25,1833.0676509007692
Nifty Media TRI,2013-01-28,1844.0657242609589
Nifty Media TRI,2013-01-29,1815.9741402621553
Nifty Media TRI,2013-01-30,1809.68900426837
Nifty Media TRI,2013-01-31,1841.656460308588
Nifty Media TRI,2013-02-01,1853.7901673867764
Nifty Media TRI,2013-02-04,1865.3984761570368
Nifty Media TRI,2013-02-05,1857.1905891322522
Nifty Media TRI,2013-02-06,1870.7934717088428
Nifty Media TRI,2013-02-07,1833.0815206008083
Nifty Media TRI,2013-02-08,1824.012078077097
Nifty Media TRI,2013-02-11,1822.9673740834853
Nifty Media TRI,2013-02-12,1817.0855204023792
Nifty Media TRI,2013-02-13,1797.3353649151218
Nifty Media TRI,2013-02-14,1769.2328167416786
Nifty Media TRI,2013-02-15,1752.8719802891408
Nifty Media TRI,2013-02-18,1749.0889422068074
Nifty Media TRI,2013-02-19,1755.3028519755264
Nifty Media TRI,2013-02-20,1744.0019201736352
Nifty Media TRI,2013-02-21,1697.6193291240504
Nifty Media TRI,2013-02-22,1708.5910722061171
Nifty Media TRI,2013-02-25,1704.4501782987047
Nifty Media TRI,2013-02-26,1677.9584252802383
Nifty Media TRI,2013-02-27,1706.2965602817228
Nifty Media TRI,2013-02-28,1666.5891985835117
Nifty Media TRI,2013-03-01,1698.2194688096552
Nifty Media TRI,2013-03-04,1690.8366903430974
Nifty Media TRI,2013-03-05,1700.4943355566613
Nifty Media TRI,2013-03-06,1697.9489135646409
Nifty Media TRI,2013-03-07,1717.1270607513686
Nifty Media TRI,2013-03-08,1728.963405876722
Nifty Media TRI,2013-03-11,1720.4673914803427
Nifty Media TRI,2013-03-12,1716.8079392433406
Nifty Media TRI,2013-03-13,1668.4799843869475
Nifty Media TRI,2013-03-14,1702.5501429251306
Nifty Media TRI,2013-03-15,1716.7177658059315
Nifty Media TRI,2013-03-18,1711.1572322335167
Nifty Media TRI,2013-03-19,1673.510241082062
Nifty Media TRI,2013-03-20,1624.160912393536
Nifty Media TRI,2013-03-21,1593.1458801624087
Nifty Media TRI,2013-03-22,1619.8248743827273
Nifty Media TRI,2013-03-25,1629.505140031946
Nifty Media TRI,2013-03-26,1633.1375114214056
Nifty Media TRI,2013-03-28,1653.0678492056338
Nifty Media TRI,2013-04-01,1677.278173083415
Nifty Media TRI,2013-04-02,1692.5654329543704
Nifty Media TRI,2013-04-03,1668.1804689519925
Nifty Media TRI,2013-04-04,1635.0288507232367
Nifty Media TRI,2013-04-05,1631.7203861452333
Nifty Media TRI,2013-04-08,1609.1255889478782
Nifty Media TRI,2013-04-09,1607.9951610570208
Nifty Media TRI,2013-04-10,1625.6145632710238
Nifty Media TRI,2013-04-11,1629.1467773055595
Nifty Media TRI,2013-04-12,1617.6785365589235
Nifty Media TRI,2013-04-15,1620.2677258111469
Nifty Media TRI,2013-04-16,1607.6325770544784
Nifty Media TRI,2013-04-17,1629.9174764901566
Nifty Media TRI,2013-04-18,1660.0595217317696
Nifty Media TRI,2013-04-22,1705.7227945611041
Nifty Media TRI,2013-04-23,1682.9496299045063
Nifty Media TRI,2013-04-25,1722.765490182141
Nifty Media TRI,2013-04-26,1713.8810487457285
Nifty Media TRI,2013-04-29,1716.6295305429276
Nifty Media TRI,2013-04-30,1745.2095552719832
Nifty Media TRI,2013-05-02,1756.9466289138245
Nifty Media TRI,2013-05-03,1758.6581089468466
Nifty Media TRI,2013-05-06,1773.9338127778537
Nifty Media TRI,2013-05-07,1774.7837218145626
Nifty Media TRI,2013-05-08,1825.224592480513
Nifty Media TRI,2013-05-09,1809.7986476868634
Nifty Media TRI,2013-05-10,1807.6576385953726
Nifty Media TRI,2013-05-13,1787.8969289179606
Nifty Media TRI,2013-05-14,1812.683755689347
Nifty Media TRI,2013-05-15,1838.3339011696519
Nifty Media TRI,2013-05-16,1823.9201837379483
Nifty Media TRI,2013-05-17,1808.6944504665785
Nifty Media TRI,2013-05-20,1810.5372445184325
Nifty Media TRI,2013-05-21,1808.9537054332554
Nifty Media TRI,2013-05-22,1789.2624368347267
Nifty Media TRI,2013-05-23,1768.3528840357199
Nifty Media TRI,2013-05-24,1759.9205760124557
Nifty Media TRI,2013-05-27,1766.224471706369
Nifty Media TRI,2013-05-28,1762.20472792277
Nifty Media TRI,2013-05-29,1763.1055495994638
Nifty Media TRI,2013-05-30,1756.6504643547132
Nifty Media TRI,2013-05-31,1716.7121320025935
Nifty Media TRI,2013-06-03,1754.2163459847286
Nifty Media TRI,2013-06-04,1755.7767015414963
Nifty Media TRI,2013-06-05,1739.6297328059684
Nifty Media TRI,2013-06-06,1742.8642287106422
Nifty Media TRI,2013-06-07,1723.672025209638
Nifty Media TRI,2013-06-10,1712.8751288778153
Nifty Media TRI,2013-06-11,1678.3558239181184
Nifty Media TRI,2013-06-12,1648.300600942386
Nifty Media TRI,2013-06-13,1618.1425982742803
Nifty Media TRI,2013-06-14,1637.258919351921
Nifty Media TRI,2013-06-17,1650.9672574693718
Nifty Media TRI,2013-06-18,1680.388453711382
Nifty Media TRI,2013-06-19,1688.4947580736682
Nifty Media TRI,2013-06-20,1662.5456198595978
Nifty Media TRI,2013-06-21,1677.402328385234
Nifty Media TRI,2013-06-24,1642.6919704927675
Nifty Media TRI,2013-06-25,1619.8352499233017
Nifty Media TRI,2013-06-26,1621.9010100094795
Nifty Media TRI,2013-06-27,1650.66753984693
Nifty Media TRI,2013-06-28,1681.5165229695415
Nifty Media TRI,2013-07-01,1734.5248128785302
Nifty Media TRI,2013-07-02,1703.8993181939582
Nifty Media TRI,2013-07-03,1695.8642561595425
Nifty Media TRI,2013-07-04,1702.5520949788554
Nifty Media TRI,2013-07-05,1692.5366508192799
Nifty Media TRI,2013-07-08,1701.5328475737192
Nifty Media TRI,2013-07-09,1720.6105728176858
Nifty Media TRI,2013-07-10,1697.9004125973854
Nifty Media TRI,2013-07-11,1693.1644502248187
Nifty Media TRI,2013-07-12,1703.864824669341
Nifty Media TRI,2013-07-15,1719.4647268792914
Nifty Media TRI,2013-07-16,1698.986077140612
Nifty Media TRI,2013-07-17,1698.0581752975784
Nifty Media TRI,2013-07-18,1723.487678087292
Nifty Media TRI,2013-07-19,1704.5313540733387
Nifty Media TRI,2013-07-22,1716.2229103110287
Nifty Media TRI,2013-07-23,1725.656585630338
Nifty Media TRI,2013-07-24,1701.5173982519932
Nifty Media TRI,2013-07-25,1752.0423849362844
Nifty Media TRI,2013-07-26,1705.502735599915
Nifty Media TRI,2013-07-29,1688.241774254202
Nifty Media TRI,2013-07-30,1642.6110610004278
Nifty Media TRI,2013-07-31,1676.479169460852
Nifty Media TRI,2013-08-01,1653.2999719677798
Nifty Media TRI,2013-08-02,1663.902784810358
Nifty Media TRI,2013-08-05,1696.6283826923718
Nifty Media TRI,2013-08-06,1629.6015146560023
Nifty Media TRI,2013-08-07,1615.7159757865397
Nifty Media TRI,2013-08-08,1636.125232889727
Nifty Media TRI,2013-08-12,1647.8533142291953
Nifty Media TRI,2013-08-13,1685.999561121923
Nifty Media TRI,2013-08-14,1728.1110538375626
Nifty Media TRI,2013-08-16,1652.1133476691084
Nifty Media TRI,2013-08-19,1625.2866747667272
Nifty Media TRI,2013-08-20,1598.5899783106315
Nifty Media TRI,2013-08-21,1583.8354270319844
Nifty Media TRI,2013-08-22,1565.0144586833624
Nifty Media TRI,2013-08-23,1562.8122344997255
Nifty Media TRI,2013-08-26,1587.5154148485378
Nifty Media TRI,2013-08-27,1551.7154253662452
Nifty Media TRI,2013-08-28,1508.6959867053058
Nifty Media TRI,2013-08-29,1547.208297965805
Nifty Media TRI,2013-08-30,1574.9965651475168
Nifty Media TRI,2013-09-02,1614.0400005674169
Nifty Media TRI,2013-09-03,1541.8866516226112
Nifty Media TRI,2013-09-04,1528.7532648939164
Nifty Media TRI,2013-09-05,1566.407648212746
Nifty Media TRI,2013-09-06,1555.5619131834276
Nifty Media TRI,2013-09-10,1585.1876330461744
Nifty Media TRI,2013-09-11,1584.815423408585
Nifty Media TRI,2013-09-12,1577.3247413446973
Nifty Media TRI,2013-09-13,1588.4439399385774
Nifty Media TRI,2013-09-16,1582.2423740203906
Nifty Media TRI,2013-09-17,1584.6669367736076
Nifty Media TRI,2013-09-18,1601.8391639108684
Nifty Media TRI,2013-09-19,1615.8591691150107
Nifty Media TRI,2013-09-20,1602.4685200448964
Nifty Media TRI,2013-09-23,1597.7417761751813
Nifty Media TRI,2013-09-24,1615.12004765586
Nifty Media TRI,2013-09-25,1657.1159539234611
Nifty Media TRI,2013-09-26,1660.8141826444642
Nifty Media TRI,2013-09-27,1653.1699557020906
Nifty Media TRI,2013-09-30,1614.4158406939398
Nifty Media TRI,2013-10-01,1627.1680799371627
Nifty Media TRI,2013-10-03,1687.1133914003253
Nifty Media TRI,2013-10-04,1685.8784121301157
Nifty Media TRI,2013-10-07,1703.591459731192
Nifty Media TRI,2013-10-08,1676.6644267869365
Nifty Media TRI,2013-10-09,1682.1448141535807
Nifty Media TRI,2013-10-10,1681.621803243941
Nifty Media TRI,2013-10-11,1685.525356370307
Nifty Media TRI,2013-10-14,1680.4964897600557
Nifty Media TRI,2013-10-15,1671.4758428568573
Nifty Media TRI,2013-10-17,1696.7881974336249
Nifty Media TRI,2013-10-18,1721.2000118310539
Nifty Media TRI,2013-10-21,1779.9891765184975
Nifty Media TRI,2013-10-22,1784.9644482428134
Nifty Media TRI,2013-10-23,1792.48468529751
Nifty Media TRI,2013-10-24,1758.3231864993434
Nifty Media TRI,2013-10-25,1775.92022344218
Nifty Media TRI,2013-10-28,1744.7341560098623
Nifty Media TRI,2013-10-29,1765.8445453040554
Nifty Media TRI,2013-10-30,1770.6676443975837
Nifty Media TRI,2013-10-31,1787.9619154050276
Nifty Media TRI,2013-11-01,1813.044921735539
Nifty Media TRI,2013-11-05,1850.212454651066
Nifty Media TRI,2013-11-06,1824.340674582193
Nifty Media TRI,2013-11-07,1809.0567692946784
Nifty Media TRI,2013-11-08,1770.0480877705018
Nifty Media TRI,2013-11-11,1804.836020259615
Nifty Media TRI,2013-11-12,1794.1324658082028
Nifty Media TRI,2013-11-13,1783.1228988542716
Nifty Media TRI,2013-11-14,1792.7850490250441
Nifty Media TRI,2013-11-18,1794.8255648946083
Nifty Media TRI,2013-11-19,1791.3511190522458
Nifty Media TRI,2013-11-20,1750.4985284940058
Nifty Media TRI,2013-11-21,1699.8156617772504
Nifty Media TRI,2013-11-22,1694.8621143301098
Nifty Media TRI,2013-11-25,1720.895928424776
Nifty Media TRI,2013-11-26,1682.8376122775023
Nifty Media TRI,2013-11-27,1679.1563099624539
Nifty Media TRI,2013-11-28,1701.6542164707992
Nifty Media TRI,2013-11-29,1720.078416370117
Nifty Media TRI,2013-12-02,1752.077435352895
Nifty Media TRI,2013-12-03,1771.1155714353463
Nifty Media TRI,2013-12-04,1763.3096307140192
Nifty Media TRI,2013-12-05,1726.4672758486536
Nifty Media TRI,2013-12-06,1754.726534751175
Nifty Media TRI,2013-12-09,1795.24043212661
Nifty Media TRI,2013-12-10,1768.4821717726957
Nifty Media TRI,2013-12-11,1788.593792862175
Nifty Media TRI,2013-12-12,1775.5391912582372
Nifty Media TRI,2013-12-13,1767.375063109061
Nifty Media TRI,2013-12-16,1777.630355598841
Nifty Media TRI,2013-12-17,1787.1464307057101
Nifty Media TRI,2013-12-18,1788.2045130920437
Nifty Media TRI,2013-12-19,1793.2882252770783
Nifty Media TRI,2013-12-20,1821.2007646205557
Nifty Media TRI,2013-12-23,1811.8413010868483
Nifty Media TRI,2013-12-24,1816.0087495170685
Nifty Media TRI,2013-12-26,1819.4006202854712
Nifty Media TRI,2013-12-27,1818.3700033655596
Nifty Media TRI,2013-12-30,1823.178174250089
Nifty Media TRI,2013-12-31,1829.283229037814
Nifty Media TRI,2014-01-01,1830.036670554623
Nifty Media TRI,2014-01-02,1813.7657509156595
Nifty Media TRI,2014-01-03,1824.815429194008
Nifty Media TRI,2014-01-06,1868.3662475445744
Nifty Media TRI,2014-01-07,1852.09438484365
Nifty Media TRI,2014-01-08,1858.252156943176
Nifty Media TRI,2014-01-09,1861.606342461083
Nifty Media TRI,2014-01-10,1868.4783876217653
Nifty Media TRI,2014-01-13,1874.055900250998
Nifty Media TRI,2014-01-14,1826.3750260118256
Nifty Media TRI,2014-01-15,1818.8180290938822
Nifty Media TRI,2014-01-16,1804.8362953265018
Nifty Media TRI,2014-01-17,1794.6780557739248
Nifty Media TRI,2014-01-20,1820.189260713756
Nifty Media TRI,2014-01-21,1813.19197740328
Nifty Media TRI,2014-01-22,1826.4898777114172
Nifty Media TRI,2014-01-23,1820.7162488433953
Nifty Media TRI,2014-01-24,1802.2954946682557
Nifty Media TRI,2014-01-27,1734.7885981401262
Nifty Media TRI,2014-01-28,1734.0614395268171
Nifty Media TRI,2014-01-29,1714.973737812767
Nifty Media TRI,2014-01-30,1688.336802976279
Nifty Media TRI,2014-01-31,1736.0620422278835
Nifty Media TRI,2014-02-03,1738.7769473077713
Nifty Media TRI,2014-02-04,1746.5682102618687
Nifty Media TRI,2014-02-05,1740.3321558236967
Nifty Media TRI,2014-02-06,1747.0523999297386
Nifty Media TRI,2014-02-07,1766.3219232573929
Nifty Media TRI,2014-02-10,1759.8056071796477
Nifty Media TRI,2014-02-11,1736.3766920832645
Nifty Media TRI,2014-02-12,1734.5268441535266
Nifty Media TRI,2014-02-13,1715.9941420635828
Nifty Media TRI,2014-02-14,1696.0320673669996
Nifty Media TRI,2014-02-17,1695.1226199232287
Nifty Media TRI,2014-02-18,1705.7725499906114
Nifty Media TRI,2014-02-19,1698.8703418491336
Nifty Media TRI,2014-02-20,1704.6733560616792
Nifty Media TRI,2014-02-21,1742.1133720173764
Nifty Media TRI,2014-02-24,1717.3245537634923
Nifty Media TRI,2014-02-25,1728.2317463493669
Nifty Media TRI,2014-02-26,1734.0871137115284
Nifty Media TRI,2014-02-28,1749.575262967258
Nifty Media TRI,2014-03-03,1739.9415595889182
Nifty Media TRI,2014-03-04,1753.1475477894119
Nifty Media TRI,2014-03-05,1768.140649101378
Nifty Media TRI,2014-03-06,1788.8510255539252
Nifty Media TRI,2014-03-07,1808.2352719106407
Nifty Media TRI,2014-03-10,1823.71837332563
Nifty Media TRI,2014-03-11,1819.7254917731227
Nifty Media TRI,2014-03-12,1853.7631971908452
Nifty Media TRI,2014-03-13,1813.9851974069666
Nifty Media TRI,2014-03-14,1802.3342799729387
Nifty Media TRI,2014-03-18,1833.2265594831706
Nifty Media TRI,2014-03-19,1836.7383835963262
Nifty Media TRI,2014-03-20,1840.5056454642745
Nifty Media TRI,2014-03-21,1876.7460073428565
Nifty Media TRI,2014-03-24,1882.8941248500457
Nifty Media TRI,2014-03-25,1880.330956882764
Nifty Media TRI,2014-03-26,1843.5550792927825
Nifty Media TRI,2014-03-27,1819.952234874857
Nifty Media TRI,2014-03-28,1819.4812788508057
Nifty Media TRI,2014-03-31,1831.6016557364223
Nifty Media TRI,2014-04-01,1856.6661332391934
Nifty Media TRI,2014-04-02,1891.946015887011
Nifty Media TRI,2014-04-03,1878.9126354006676
Nifty Media TRI,2014-04-04,1868.1771306044793
Nifty Media TRI,2014-04-07,1857.2156882016384
Nifty Media TRI,2014-04-09,1861.280813192454
Nifty Media TRI,2014-04-10,1865.4589871512417
Nifty Media TRI,2014-04-11,1847.825403627759
Nifty Media TRI,2014-04-15,1819.225311438049
Nifty Media TRI,2014-04-16,1804.0920123805547
Nifty Media TRI,2014-04-17,1799.1248188856357
Nifty Media TRI,2014-04-21,1811.4417933646455
Nifty Media TRI,2014-04-22,1778.2703090273453
Nifty Media TRI,2014-04-23,1801.7106223986877
Nifty Media TRI,2014-04-25,1815.7899411709145
Nifty Media TRI,2014-04-28,1817.9016541206063
Nifty Media TRI,2014-04-29,1791.5728103116548
Nifty Media TRI,2014-04-30,1778.8362030685314
Nifty Media TRI,2014-05-02,1799.8158366835796
Nifty Media TRI,2014-05-05,1783.9878551250385
Nifty Media TRI,2014-05-06,1773.344822930299
Nifty Media TRI,2014-05-07,1761.985827409181
Nifty Media TRI,2014-05-08,1759.6220423533969
Nifty Media TRI,2014-05-09,1773.358686141243
Nifty Media TRI,2014-05-12,1826.7377520455263
Nifty Media TRI,2014-05-13,1837.665605954245
Nifty Media TRI,2014-05-14,1843.021957691237
Nifty Media TRI,2014-05-15,1812.7484051300924
Nifty Media TRI,2014-05-16,1845.0961515441832
Nifty Media TRI,2014-05-19,1860.7585436789864
Nifty Media TRI,2014-05-20,1950.2680098144172
Nifty Media TRI,2014-05-21,1976.8961728945649
Nifty Media TRI,2014-05-22,1970.8040246075798
Nifty Media TRI,2014-05-23,1964.762787914268
Nifty Media TRI,2014-05-26,1941.1661673843173
Nifty Media TRI,2014-05-27,1948.1114541438762
Nifty Media TRI,2014-05-28,1933.785376780284
Nifty Media TRI,2014-05-29,1946.3044806188059
Nifty Media TRI,2014-05-30,1995.642336045066
Nifty Media TRI,2014-06-02,1992.7045748184814
Nifty Media TRI,2014-06-03,2013.9202418043317
Nifty Media TRI,2014-06-04,2036.6200207028644
Nifty Media TRI,2014-06-05,2048.6318442813467
Nifty Media TRI,2014-06-06,2076.601229424792
Nifty Media TRI,2014-06-09,2155.555180552761
Nifty Media TRI,2014-06-10,2134.1198372005438
Nifty Media TRI,2014-06-11,2084.6536696415405
Nifty Media TRI,2014-06-12,2050.7349894577624
Nifty Media TRI,2014-06-13,2006.9426222501768
Nifty Media TRI,2014-06-16,2006.6136281037705
Nifty Media TRI,2014-06-17,2020.3671949238785
Nifty Media TRI,2014-06-18,2048.7525591273484
Nifty Media TRI,2014-06-19,2052.7364371411354
Nifty Media TRI,2014-06-20,2072.477687204067
Nifty Media TRI,2014-06-23,2093.538948091362
Nifty Media TRI,2014-06-24,2084.6308993334214
Nifty Media TRI,2014-06-25,2095.2676814747883
Nifty Media TRI,2014-06-26,2133.790339540699
Nifty Media TRI,2014-06-27,2132.148463527523
Nifty Media TRI,2014-06-30,2167.186608992299
Nifty Media TRI,2014-07-01,2186.5255576641894
Nifty Media TRI,2014-07-02,2185.6522437057665
Nifty Media TRI,2014-07-03,2168.4029070716124
Nifty Media TRI,2014-07-04,2179.043596485223
Nifty Media TRI,2014-07-07,2171.611875177129
Nifty Media TRI,2014-07-08,2110.7553483706715
Nifty Media TRI,2014-07-09,2085.5690792617365
Nifty Media TRI,2014-07-10,2092.9848583575963
Nifty Media TRI,2014-07-11,2107.6175771403246
Nifty Media TRI,2014-07-14,2083.032563706318
Nifty Media TRI,2014-07-15,2099.8674286725236
Nifty Media TRI,2014-07-16,2135.0287256324477
Nifty Media TRI,2014-07-17,2142.037165941402
Nifty Media TRI,2014-07-18,2117.0003473728125
Nifty Media TRI,2014-07-21,2146.678095111092
Nifty Media TRI,2014-07-22,2149.438182162384
Nifty Media TRI,2014-07-23,2125.729947843497
Nifty Media TRI,2014-07-24,2109.700320680561
Nifty Media TRI,2014-07-25,2061.107423072602
Nifty Media TRI,2014-07-28,2034.5148572430599
Nifty Media TRI,2014-07-30,2067.988818933982
Nifty Media TRI,2014-07-31,2072.4376514998603
Nifty Media TRI,2014-08-01,2043.2951281094618
Nifty Media TRI,2014-08-04,2045.5283910643207
Nifty Media TRI,2014-08-05,2047.8775120958205
Nifty Media TRI,2014-08-06,2026.1058920585074
Nifty Media TRI,2014-08-07,2024.2552278915978
Nifty Media TRI,2014-08-08,1979.7428836301085
Nifty Media TRI,2014-08-11,1968.4508782126
Nifty Media TRI,2014-08-12,1978.3278146005293
Nifty Media TRI,2014-08-13,1917.1118508420234
Nifty Media TRI,2014-08-14,1912.6974655914587
Nifty Media TRI,2014-08-18,1950.6175835966544
Nifty Media TRI,2014-08-19,1964.2352043753933
Nifty Media TRI,2014-08-20,1996.5515591306453
Nifty Media TRI,2014-08-21,2006.1237412047726
Nifty Media TRI,2014-08-22,1991.6182314995804
Nifty Media TRI,2014-08-25,1975.405060761913
Nifty Media TRI,2014-08-26,1967.199478365213
Nifty Media TRI,2014-08-27,1952.0766050488498
Nifty Media TRI,2014-08-28,1938.9513782550332
Nifty Media TRI,2014-09-01,1982.1631878107487
Nifty Media TRI,2014-09-02,1985.485888489703
Nifty Media TRI,2014-09-03,1990.6023783986727
Nifty Media TRI,2014-09-04,1991.7218656424134
Nifty Media TRI,2014-09-05,1980.5425657995843
Nifty Media TRI,2014-09-08,1993.8431639542487
Nifty Media TRI,2014-09-09,1991.3241544776886
Nifty Media TRI,2014-09-10,2035.6999344458532
Nifty Media TRI,2014-09-11,2006.7354506223833
Nifty Media TRI,2014-09-12,2003.345270327631
Nifty Media TRI,2014-09-15,2030.6938237857062
Nifty Media TRI,2014-09-16,1997.471630123071
Nifty Media TRI,2014-09-17,2006.0242648140425
Nifty Media TRI,2014-09-18,2062.249260122111
Nifty Media TRI,2014-09-19,2090.590474030354
Nifty Media TRI,2014-09-22,2063.1981954233056
Nifty Media TRI,2014-09-23,2024.8963668033723
Nifty Media TRI,2014-09-24,2015.1485113493598
Nifty Media TRI,2014-09-25,2024.4207192217034
Nifty Media TRI,2014-09-26,2015.082604372761
Nifty Media TRI,2014-09-29,2037.2104695439348
Nifty Media TRI,2014-09-30,2078.9915926896956
Nifty Media TRI,2014-10-01,2075.037492827551
Nifty Media TRI,2014-10-07,2043.617281928654
Nifty Media TRI,2014-10-08,2043.8156128314415
Nifty Media TRI,2014-10-09,2118.4266382108476
Nifty Media TRI,2014-10-10,2086.4711818956052
Nifty Media TRI,2014-10-13,2080.299395219821
Nifty Media TRI,2014-10-14,2079.7805465852157
Nifty Media TRI,2014-10-16,2055.0974610691146
Nifty Media TRI,2014-10-17,2099.305310424069
Nifty Media TRI,2014-10-20,2122.525782821302
Nifty Media TRI,2014-10-21,2148.3746887414377
Nifty Media TRI,2014-10-22,2174.840150054234
Nifty Media TRI,2014-10-27,2141.5247336047273
Nifty Media TRI,2014-10-28,2160.8108103047753
Nifty Media TRI,2014-10-29,2183.791614371828
Nifty Media TRI,2014-10-30,2205.5423481324274
Nifty Media TRI,2014-10-31,2209.130687369628
Nifty Media TRI,2014-11-03,2238.728120959529
Nifty Media TRI,2014-11-05,2260.377643070208
Nifty Media TRI,2014-11-07,2321.799063958612
Nifty Media TRI,2014-11-10,2313.0728494571163
Nifty Media TRI,2014-11-11,2329.699772863771
Nifty Media TRI,2014-11-12,2324.5670510289965
Nifty Media TRI,2014-11-13,2327.7485083852093
Nifty Media TRI,2014-11-14,2339.8604265273084
Nifty Media TRI,2014-11-17,2366.293268209481
Nifty Media TRI,2014-11-18,2387.235424993233
Nifty Media TRI,2014-11-19,2402.275843034193
Nifty Media TRI,2014-11-20,2343.6059774763335
Nifty Media TRI,2014-11-21,2367.8855750249836
Nifty Media TRI,2014-11-24,2403.256535898744
Nifty Media TRI,2014-11-25,2417.426448070461
Nifty Media TRI,2014-11-26,2361.7780838871113
Nifty Media TRI,2014-11-27,2351.6132885444576
Nifty Media TRI,2014-11-28,2387.5509644470935
Nifty Media TRI,2014-12-01,2373.228395138129
Nifty Media TRI,2014-12-02,2402.08428297382
Nifty Media TRI,2014-12-03,2423.7016966323504
Nifty Media TRI,2014-12-04,2424.5247675920878
Nifty Media TRI,2014-12-05,2424.372320910787
Nifty Media TRI,2014-12-08,2451.849753327939
Nifty Media TRI,2014-12-09,2395.107899052042
Nifty Media TRI,2014-12-10,2430.0802608603085
Nifty Media TRI,2014-12-11,2431.879268701278
Nifty Media TRI,2014-12-12,2360.0862460128533
Nifty Media TRI,2014-12-15,2381.913934759279
Nifty Media TRI,2014-12-16,2355.2076297578083
Nifty Media TRI,2014-12-17,2338.669274628299
Nifty Media TRI,2014-12-18,2391.623223494837
Nifty Media TRI,2014-12-19,2396.96595766227
Nifty Media TRI,2014-12-22,2401.488993630602
Nifty Media TRI,2014-12-23,2408.3217661496606
Nifty Media TRI,2014-12-24,2428.9218218987294
Nifty Media TRI,2014-12-26,2418.753594982265
Nifty Media TRI,2014-12-29,2433.0398585301346
Nifty Media TRI,2014-12-30,2437.6141332619195
Nifty Media TRI,2014-12-31,2452.8234193942412
Nifty Media TRI,2015-01-01,2443.834394699247
Nifty Media TRI,2015-01-02,2447.792553959559
Nifty Media TRI,2015-01-05,2441.992369856322
Nifty Media TRI,2015-01-06,2358.187899320979
Nifty Media TRI,2015-01-07,2338.7132423238654
Nifty Media TRI,2015-01-08,2349.0413839586286
Nifty Media TRI,2015-01-09,2339.7915832589288
Nifty Media TRI,2015-01-12,2361.425927386883
Nifty Media TRI,2015-01-13,2357.725735276625
Nifty Media TRI,2015-01-14,2339.275932726334
Nifty Media TRI,2015-01-15,2375.0454140239785
Nifty Media TRI,2015-01-16,2470.7940200998705
Nifty Media TRI,2015-01-19,2464.8908754362255
Nifty Media TRI,2015-01-20,2493.1626810245
Nifty Media TRI,2015-01-21,2461.091960519115
Nifty Media TRI,2015-01-22,2478.2621836495855
Nifty Media TRI,2015-01-23,2476.517164447791
Nifty Media TRI,2015-01-27,2476.579160984052
Nifty Media TRI,2015-01-28,2462.753022318439
Nifty Media TRI,2015-01-29,2459.362236084277
Nifty Media TRI,2015-01-30,2423.840132578098
Nifty Media TRI,2015-02-02,2411.762174920619
Nifty Media TRI,2015-02-03,2413.61430617486
Nifty Media TRI,2015-02-04,2382.0976620019437
Nifty Media TRI,2015-02-05,2360.040319418479
Nifty Media TRI,2015-02-06,2340.449982736116
Nifty Media TRI,2015-02-09,2334.689692077459
Nifty Media TRI,2015-02-10,2329.135611242235
Nifty Media TRI,2015-02-11,2319.724507133473
Nifty Media TRI,2015-02-12,2382.1533601256756
Nifty Media TRI,2015-02-13,2405.604147460661
Nifty Media TRI,2015-02-16,2388.43005504012
Nifty Media TRI,2015-02-18,2389.459935736767
Nifty Media TRI,2015-02-19,2371.2019701864024
Nifty Media TRI,2015-02-20,2383.289416894378
Nifty Media TRI,2015-02-23,2332.0594424468186
Nifty Media TRI,2015-02-24,2361.636113340166
Nifty Media TRI,2015-02-25,2336.1736224579745
Nifty Media TRI,2015-02-26,2303.817034480797
Nifty Media TRI,2015-02-27,2311.429071106027
Nifty Media TRI,2015-03-02,2294.140530236824
Nifty Media TRI,2015-03-03,2324.8525481922693
Nifty Media TRI,2015-03-04,2291.205288626854
Nifty Media TRI,2015-03-05,2304.8891039638893
Nifty Media TRI,2015-03-09,2271.1828278328567
Nifty Media TRI,2015-03-10,2283.426830021951
Nifty Media TRI,2015-03-11,2280.286576337092
Nifty Media TRI,2015-03-12,2317.1275592939105
Nifty Media TRI,2015-03-13,2272.15288684571
Nifty Media TRI,2015-03-16,2297.3628391289362
Nifty Media TRI,2015-03-17,2324.7907830015483
Nifty Media TRI,2015-03-18,2359.0644023971267
Nifty Media TRI,2015-03-19,2327.9285525058367
Nifty Media TRI,2015-03-20,2280.2196813330575
Nifty Media TRI,2015-03-23,2261.9945202958943
Nifty Media TRI,2015-03-24,2270.227507271766
Nifty Media TRI,2015-03-25,2245.879892197329
Nifty Media TRI,2015-03-26,2217.5164987970334
Nifty Media TRI,2015-03-27,2201.24779766413
Nifty Media TRI,2015-03-30,2242.9334910739585
Nifty Media TRI,2015-03-31,2253.586608780241
Nifty Media TRI,2015-04-01,2269.1824500157277
Nifty Media TRI,2015-04-06,2239.517526633868
Nifty Media TRI,2015-04-07,2233.182235790262
Nifty Media TRI,2015-04-08,2241.0570173022315
Nifty Media TRI,2015-04-09,2318.697744901878
Nifty Media TRI,2015-04-10,2309.1713550211075
Nifty Media TRI,2015-04-13,2311.1762580640375
Nifty Media TRI,2015-04-15,2305.2523994769945
Nifty Media TRI,2015-04-16,2278.473443621736
Nifty Media TRI,2015-04-17,2257.6154390467127
Nifty Media TRI,2015-04-20,2202.194669574616
Nifty Media TRI,2015-04-21,2187.564871434672
Nifty Media TRI,2015-04-22,2192.093146081045
Nifty Media TRI,2015-04-23,2202.750728234541
Nifty Media TRI,2015-04-24,2157.114383026551
Nifty Media TRI,2015-04-27,2153.8559900498167
Nifty Media TRI,2015-04-28,2150.554889334624
Nifty Media TRI,2015-04-29,2149.365611470302
Nifty Media TRI,2015-04-30,2115.157481156911
Nifty Media TRI,2015-05-04,2173.039764429698
Nifty Media TRI,2015-05-05,2141.0435412050615
Nifty Media TRI,2015-05-06,2095.7543640436716
Nifty Media TRI,2015-05-07,2090.7511803898856
Nifty Media TRI,2015-05-08,2116.6083868657656
Nifty Media TRI,2015-05-11,2151.8345879854423
Nifty Media TRI,2015-05-12,2090.979248408029
Nifty Media TRI,2015-05-13,2071.6511945107322
Nifty Media TRI,2015-05-14,2074.3241932160186
Nifty Media TRI,2015-05-15,2070.0411306425294
Nifty Media TRI,2015-05-18,2132.2206636012697
Nifty Media TRI,2015-05-19,2145.30484350127
Nifty Media TRI,2015-05-20,2162.615464640749
Nifty Media TRI,2015-05-21,2156.426869180367
Nifty Media TRI,2015-05-22,2153.2788302114946
Nifty Media TRI,2015-05-25,2154.965942739129
Nifty Media TRI,2015-05-26,2161.4039312780505
Nifty Media TRI,2015-05-27,2168.3060242944366
Nifty Media TRI,2015-05-28,2163.147456322303
Nifty Media TRI,2015-05-29,2173.2973037089973
Nifty Media TRI,2015-06-01,2157.7176231232693
Nifty Media TRI,2015-06-02,2165.136268814294
Nifty Media TRI,2015-06-03,2135.800270515407
Nifty Media TRI,2015-06-04,2160.0240720651454
Nifty Media TRI,2015-06-05,2203.477642875447
Nifty Media TRI,2015-06-08,2140.6216110634064
Nifty Media TRI,2015-06-09,2128.9649346165606
Nifty Media TRI,2015-06-10,2150.5109179570977
Nifty Media TRI,2015-06-11,2133.0795424660623
Nifty Media TRI,2015-06-12,2137.611616295179
Nifty Media TRI,2015-06-15,2180.1880440755554
Nifty Media TRI,2015-06-16,2205.6050189153593
Nifty Media TRI,2015-06-17,2246.441321152256
Nifty Media TRI,2015-06-18,2238.7553688958205
Nifty Media TRI,2015-06-19,2225.9123274615613
Nifty Media TRI,2015-06-22,2252.307550535217
Nifty Media TRI,2015-06-23,2252.7177915662933
Nifty Media TRI,2015-06-24,2261.843861879146
Nifty Media TRI,2015-06-25,2274.167783439177
Nifty Media TRI,2015-06-26,2287.0596214374364
Nifty Media TRI,2015-06-29,2249.608428254744
Nifty Media TRI,2015-06-30,2308.56185639584
Nifty Media TRI,2015-07-01,2299.585539653867
Nifty Media TRI,2015-07-02,2333.4733989547544
Nifty Media TRI,2015-07-03,2333.215007590326
Nifty Media TRI,2015-07-06,2366.021966806184
Nifty Media TRI,2015-07-07,2343.271683661145
Nifty Media TRI,2015-07-08,2272.697641465239
Nifty Media TRI,2015-07-09,2252.3175193236857
Nifty Media TRI,2015-07-10,2283.7858721291204
Nifty Media TRI,2015-07-13,2355.135801029901
Nifty Media TRI,2015-07-14,2373.1423692441417
Nifty Media TRI,2015-07-15,2383.3071617879536
Nifty Media TRI,2015-07-16,2406.9392499179767
Nifty Media TRI,2015-07-17,2411.687322180044
Nifty Media TRI,2015-07-20,2442.342241901986
Nifty Media TRI,2015-07-21,2455.3480625946486
Nifty Media TRI,2015-07-22,2506.902983357235
Nifty Media TRI,2015-07-23,2462.886378523515
Nifty Media TRI,2015-07-24,2438.4784803915963
Nifty Media TRI,2015-07-27,2462.2238300557196
Nifty Media TRI,2015-07-28,2440.910468016926
Nifty Media TRI,2015-07-29,2506.8730412181117
Nifty Media TRI,2015-07-30,2506.3599301034424
Nifty Media TRI,2015-07-31,2531.344455394845
Nifty Media TRI,2015-08-03,2554.7383090913017
Nifty Media TRI,2015-08-04,2552.832610320384
Nifty Media TRI,2015-08-05,2602.960118519398
Nifty Media TRI,2015-08-06,2597.5449692024363
Nifty Media TRI,2015-08-07,2572.4098694539475
Nifty Media TRI,2015-08-10,2574.023660256556
Nifty Media TRI,2015-08-11,2580.584890742389
Nifty Media TRI,2015-08-12,2511.304465983825
Nifty Media TRI,2015-08-13,2498.9681870849877
Nifty Media TRI,2015-08-14,2582.096232861958
Nifty Media TRI,2015-08-17,2555.7254319456047
Nifty Media TRI,2015-08-18,2550.256133992116
Nifty Media TRI,2015-08-19,2556.7146081213086
Nifty Media TRI,2015-08-20,2485.2010043528735
Nifty Media TRI,2015-08-21,2429.2275029820107
Nifty Media TRI,2015-08-24,2233.8190359999876
Nifty Media TRI,2015-08-25,2279.31357032378
Nifty Media TRI,2015-08-26,2304.7720331062906
Nifty Media TRI,2015-08-27,2354.6599410540994
Nifty Media TRI,2015-08-28,2408.7334282801744
Nifty Media TRI,2015-08-31,2405.1724494931573
Nifty Media TRI,2015-09-01,2336.374195058892
Nifty Media TRI,2015-09-02,2318.5535330621565
Nifty Media TRI,2015-09-03,2352.746861905727
Nifty Media TRI,2015-09-04,2316.8985036526788
Nifty Media TRI,2015-09-07,2300.726289146961
Nifty Media TRI,2015-09-08,2342.413469573042
Nifty Media TRI,2015-09-09,2408.124301973149
Nifty Media TRI,2015-09-10,2411.2247850582567
Nifty Media TRI,2015-09-11,2418.9749924013554
Nifty Media TRI,2015-09-14,2434.1680213178365
Nifty Media TRI,2015-09-15,2426.987797957107
Nifty Media TRI,2015-09-16,2429.262609409232
Nifty Media TRI,2015-09-18,2451.5349842232727
Nifty Media TRI,2015-09-21,2472.5714317673824
Nifty Media TRI,2015-09-22,2424.1030573392595
Nifty Media TRI,2015-09-23,2428.341718528868
Nifty Media TRI,2015-09-24,2472.4748755619075
Nifty Media TRI,2015-09-28,2414.29079802582
Nifty Media TRI,2015-09-29,2436.205023580094
Nifty Media TRI,2015-09-30,2463.0303919246244
Nifty Media TRI,2015-10-01,2493.8882319473723
Nifty Media TRI,2015-10-05,2510.284473528714
Nifty Media TRI,2015-10-06,2491.007117316839
Nifty Media TRI,2015-10-07,2488.5801210846635
Nifty Media TRI,2015-10-08,2482.328071838876
Nifty Media TRI,2015-10-09,2493.0311744797614
Nifty Media TRI,2015-10-12,2494.6417579603567
Nifty Media TRI,2015-10-13,2498.366802818683
Nifty Media TRI,2015-10-14,2434.9861423963694
Nifty Media TRI,2015-10-15,2561.705356927874
Nifty Media TRI,2015-10-16,2581.7698529719673
Nifty Media TRI,2015-10-19,2617.9255287202263
Nifty Media TRI,2015-10-20,2638.148014607297
Nifty Media TRI,2015-10-21,2637.636738325863
Nifty Media TRI,2015-10-23,2604.916310959949
Nifty Media TRI,2015-10-26,2562.423695615332
Nifty Media TRI,2015-10-27,2567.857800865755
Nifty Media TRI,2015-10-28,2551.933902290198
Nifty Media TRI,2015-10-29,2521.838856230436
Nifty Media TRI,2015-10-30,2487.8639458466077
Nifty Media TRI,2015-11-02,2497.2329671900466
Nifty Media TRI,2015-11-03,2502.5631793806583
Nifty Media TRI,2015-11-04,2508.7727625648085
Nifty Media TRI,2015-11-05,2465.1205978742523
Nifty Media TRI,2015-11-06,2417.5353566784383
Nifty Media TRI,2015-11-09,2395.3469566239232
Nifty Media TRI,2015-11-10,2375.2763796164195
Nifty Media TRI,2015-11-13,2352.824345209983
Nifty Media TRI,2015-11-16,2363.998119790067
Nifty Media TRI,2015-11-17,2370.5169024797156
Nifty Media TRI,2015-11-18,2354.9436489067857
Nifty Media TRI,2015-11-19,2419.928645081312
Nifty Media TRI,2015-11-20,2437.211111843671
Nifty Media TRI,2015-11-23,2482.595225844582
Nifty Media TRI,2015-11-24,2458.950010838609
Nifty Media TRI,2015-11-26,2492.4346564463685
Nifty Media TRI,2015-11-27,2511.37740437009
Nifty Media TRI,2015-11-30,2517.9590132508893
Nifty Media TRI,2015-12-01,2547.4100751426367
Nifty Media TRI,2015-12-02,2547.879584998411
Nifty Media TRI,2015-12-03,2544.2604610671165
Nifty Media TRI,2015-12-04,2479.0505016345337
Nifty Media TRI,2015-12-07,2487.235593353245
Nifty Media TRI,2015-12-08,2480.2505081167556
Nifty Media TRI,2015-12-09,2443.9672291387633
Nifty Media TRI,2015-12-10,2480.669106753287
Nifty Media TRI,2015-12-11,2463.433840383345
Nifty Media TRI,2015-12-14,2500.7647628333934
Nifty Media TRI,2015-12-15,2522.7176289236168
Nifty Media TRI,2015-12-16,2526.759087881296
Nifty Media TRI,2015-12-17,2584.9535625298436
Nifty Media TRI,2015-12-18,2579.9879044493637
Nifty Media TRI,2015-12-21,2611.8956445824615
Nifty Media TRI,2015-12-22,2605.4286478071836
Nifty Media TRI,2015-12-23,2625.05759459584
Nifty Media TRI,2015-12-24,2611.911100783064
Nifty Media TRI,2015-12-28,2626.0691249810848
Nifty Media TRI,2015-12-29,2638.865348915756
Nifty Media TRI,2015-12-30,2688.534284034784
Nifty Media TRI,2015-12-31,2727.1226864531673
Nifty Media TRI,2016-01-01,2721.4336074900143
Nifty Media TRI,2016-01-04,2664.4853747453835
Nifty Media TRI,2016-01-05,2686.762655762933
Nifty Media TRI,2016-01-06,2675.996344184833
Nifty Media TRI,2016-01-07,2609.808617433955
Nifty Media TRI,2016-01-08,2618.3601125655778
Nifty Media TRI,2016-01-11,2602.784394871683
Nifty Media TRI,2016-01-12,2585.902173318166
Nifty Media TRI,2016-01-13,2593.7807479924145
Nifty Media TRI,2016-01-14,2585.030792173868
Nifty Media TRI,2016-01-15,2490.337144899728
Nifty Media TRI,2016-01-18,2422.5801823541997
Nifty Media TRI,2016-01-19,2432.2176677843627
Nifty Media TRI,2016-01-20,2359.218676304306
Nifty Media TRI,2016-01-21,2376.419668344183
Nifty Media TRI,2016-01-22,2432.532189776112
Nifty Media TRI,2016-01-25,2427.1472775502825
Nifty Media TRI,2016-01-27,2442.7985431350007
Nifty Media TRI,2016-01-28,2477.88128280842
Nifty Media TRI,2016-01-29,2558.256556581533
Nifty Media TRI,2016-02-01,2548.059285961861
Nifty Media TRI,2016-02-02,2467.942274061709
Nifty Media TRI,2016-02-03,2452.500253096169
Nifty Media TRI,2016-02-04,2423.1159124277096
Nifty Media TRI,2016-02-05,2471.990902744583
Nifty Media TRI,2016-02-08,2447.377109403438
Nifty Media TRI,2016-02-09,2400.1593431166293
Nifty Media TRI,2016-02-10,2345.3198592459603
Nifty Media TRI,2016-02-11,2257.355317409118
Nifty Media TRI,2016-02-12,2257.1972703864017
Nifty Media TRI,2016-02-15,2339.458500151859
Nifty Media TRI,2016-02-16,2247.0261494599376
Nifty Media TRI,2016-02-17,2282.5347901954988
Nifty Media TRI,2016-02-18,2323.7476821585815
Nifty Media TRI,2016-02-19,2327.012798956078
Nifty Media TRI,2016-02-22,2362.421249343812
Nifty Media TRI,2016-02-23,2324.986488741697
Nifty Media TRI,2016-02-24,2318.711465160816
Nifty Media TRI,2016-02-25,2267.8964901069153
Nifty Media TRI,2016-02-26,2278.731293264153
Nifty Media TRI,2016-02-29,2246.315218724673
Nifty Media TRI,2016-03-01,2351.165913734933
Nifty Media TRI,2016-03-02,2396.3851042577603
Nifty Media TRI,2016-03-03,2395.089009549319
Nifty Media TRI,2016-03-04,2403.6981146956614
Nifty Media TRI,2016-03-08,2383.940141555411
Nifty Media TRI,2016-03-09,2406.1387675153505
Nifty Media TRI,2016-03-10,2394.7806272670423
Nifty Media TRI,2016-03-11,2410.2893275924807
Nifty Media TRI,2016-03-14,2430.676783250768
Nifty Media TRI,2016-03-15,2366.823197879907
Nifty Media TRI,2016-03-16,2368.794245668201
Nifty Media TRI,2016-03-17,2379.7914787855148
Nifty Media TRI,2016-03-18,2396.8065533170966
Nifty Media TRI,2016-03-21,2406.405493986276
Nifty Media TRI,2016-03-22,2408.2737950449005
Nifty Media TRI,2016-03-23,2408.637671697537
Nifty Media TRI,2016-03-28,2382.6456033606473
Nifty Media TRI,2016-03-29,2367.546181608123
Nifty Media TRI,2016-03-30,2365.574205749561
Nifty Media TRI,2016-03-31,2408.6947432463307
Nifty Media TRI,2016-04-01,2412.4835739248715
Nifty Media TRI,2016-04-04,2445.127667985181
Nifty Media TRI,2016-04-05,2375.432667291077
Nifty Media TRI,2016-04-06,2397.281258939339
Nifty Media TRI,2016-04-07,2368.270564489931
Nifty Media TRI,2016-04-08,2377.6641106500697
Nifty Media TRI,2016-04-11,2403.5635320748083
Nifty Media TRI,2016-04-12,2452.042424755373
Nifty Media TRI,2016-04-13,2449.29284572845
Nifty Media TRI,2016-04-18,2479.3569454217695
Nifty Media TRI,2016-04-20,2466.331003811055
Nifty Media TRI,2016-04-21,2462.2836493532936
Nifty Media TRI,2016-04-22,2469.1902724923225
Nifty Media TRI,2016-04-25,2470.805497822282
Nifty Media TRI,2016-04-26,2511.7203204814577
Nifty Media TRI,2016-04-27,2494.4333488255033
Nifty Media TRI,2016-04-28,2476.678628088552
Nifty Media TRI,2016-04-29,2516.557790855753
Nifty Media TRI,2016-05-02,2523.265035384404
Nifty Media TRI,2016-05-03,2534.900100241982
Nifty Media TRI,2016-05-04,2469.8884872159115
Nifty Media TRI,2016-05-05,2460.0239594400996
Nifty Media TRI,2016-05-06,2462.1028871627195
Nifty Media TRI,2016-05-09,2534.0372806737605
Nifty Media TRI,2016-05-10,2520.693285246737
Nifty Media TRI,2016-05-11,2633.3469648017103
Nifty Media TRI,2016-05-12,2646.596828941199
Nifty Media TRI,2016-05-13,2660.0547215219303
Nifty Media TRI,2016-05-16,2660.852229733174
Nifty Media TRI,2016-05-17,2677.79191930174
Nifty Media TRI,2016-05-18,2632.710240054218
Nifty Media TRI,2016-05-19,2585.7050046436834
Nifty Media TRI,2016-05-20,2587.787292858958
Nifty Media TRI,2016-05-23,2568.942797306452
Nifty Media TRI,2016-05-24,2564.0634540435235
Nifty Media TRI,2016-05-25,2596.5897514258822
Nifty Media TRI,2016-05-26,2611.349196664322
Nifty Media TRI,2016-05-27,2645.540598829215
Nifty Media TRI,2016-05-30,2632.4123861175112
Nifty Media TRI,2016-05-31,2633.0934285608737
Nifty Media TRI,2016-06-01,2649.518432608903
Nifty Media TRI,2016-06-02,2669.165621745836
Nifty Media TRI,2016-06-03,2656.2331576200268
Nifty Media TRI,2016-06-06,2652.925424035746
Nifty Media TRI,2016-06-07,2685.8785070358495
Nifty Media TRI,2016-06-08,2687.91205507772
Nifty Media TRI,2016-06-09,2702.8337910329064
Nifty Media TRI,2016-06-10,2692.96655254826
Nifty Media TRI,2016-06-13,2703.4856029169205
Nifty Media TRI,2016-06-14,2689.771141003021
Nifty Media TRI,2016-06-15,2706.8259455728157
Nifty Media TRI,2016-06-16,2681.9878178152962
Nifty Media TRI,2016-06-17,2676.2248712305254
Nifty Media TRI,2016-06-20,2683.3655720373417
Nifty Media TRI,2016-06-21,2679.0575751791416
Nifty Media TRI,2016-06-22,2676.5168052053627
Nifty Media TRI,2016-06-23,2666.5418508078556
Nifty Media TRI,2016-06-24,2643.9858577796394
Nifty Media TRI,2016-06-27,2628.146088626027
Nifty Media TRI,2016-06-28,2624.5120033254107
Nifty Media TRI,2016-06-29,2677.289359766588
Nifty Media TRI,2016-06-30,2738.9078946677937
Nifty Media TRI,2016-07-01,2736.524055911673
Nifty Media TRI,2016-07-04,2770.5538628859617
Nifty Media TRI,2016-07-05,2768.378192851219
Nifty Media TRI,2016-07-07,2730.7459640288635
Nifty Media TRI,2016-07-08,2749.422573851433
Nifty Media TRI,2016-07-11,2758.443519418404
Nifty Media TRI,2016-07-12,2762.144187814021
Nifty Media TRI,2016-07-13,2730.635403085654
Nifty Media TRI,2016-07-14,2773.446700769581
Nifty Media TRI,2016-07-15,2782.0889237461647
Nifty Media TRI,2016-07-18,2735.1985067813002
Nifty Media TRI,2016-07-19,2765.3747824724387
Nifty Media TRI,2016-07-20,2761.1178782182124
Nifty Media TRI,2016-07-21,2746.457089144027
Nifty Media TRI,2016-07-22,2789.9523308998273
Nifty Media TRI,2016-07-25,2835.8620055191473
Nifty Media TRI,2016-07-26,2827.340095025122
Nifty Media TRI,2016-07-27,2861.8938590119983
Nifty Media TRI,2016-07-28,2865.3900053603675
Nifty Media TRI,2016-07-29,2929.2886316370273
Nifty Media TRI,2016-08-01,2965.1727781193886
Nifty Media TRI,2016-08-02,2940.7829720954983
Nifty Media TRI,2016-08-03,2907.3906707425986
Nifty Media TRI,2016-08-04,2891.792081646205
Nifty Media TRI,2016-08-05,2941.1314448553057
Nifty Media TRI,2016-08-08,2953.7090522647172
Nifty Media TRI,2016-08-09,2977.3469577571122
Nifty Media TRI,2016-08-10,2960.2387377732007
Nifty Media TRI,2016-08-11,2918.0461338958153
Nifty Media TRI,2016-08-12,2931.9009741090954
Nifty Media TRI,2016-08-16,2929.190065320204
Nifty Media TRI,2016-08-17,2926.443434227525
Nifty Media TRI,2016-08-18,2957.1640889848054
Nifty Media TRI,2016-08-19,2959.7790081153694
Nifty Media TRI,2016-08-22,2955.964752595651
Nifty Media TRI,2016-08-23,2978.724876951475
Nifty Media TRI,2016-08-24,3009.398832856374
Nifty Media TRI,2016-08-25,2976.0959287160063
Nifty Media TRI,2016-08-26,2961.5845904562784
Nifty Media TRI,2016-08-29,3038.308820515192
Nifty Media TRI,2016-08-30,3051.546847728541
Nifty Media TRI,2016-08-31,3088.3704896626573
Nifty Media TRI,2016-09-01,3053.8147054701444
Nifty Media TRI,2016-09-02,3063.565661045491
Nifty Media TRI,2016-09-06,3084.0362914012003
Nifty Media TRI,2016-09-07,3074.1059552470165
Nifty Media TRI,2016-09-08,3095.5750131956065
Nifty Media TRI,2016-09-09,3054.504094365013
Nifty Media TRI,2016-09-12,2952.3197945588436
Nifty Media TRI,2016-09-14,2985.310933473178
Nifty Media TRI,2016-09-15,3068.809359271014
Nifty Media TRI,2016-09-16,3023.3567415278526
Nifty Media TRI,2016-09-19,3047.461742748333
Nifty Media TRI,2016-09-20,3042.059144710505
Nifty Media TRI,2016-09-21,3044.469453016931
Nifty Media TRI,2016-09-22,3064.5379037468633
Nifty Media TRI,2016-09-23,3053.7701627272513
Nifty Media TRI,2016-09-26,3058.189637908194
Nifty Media TRI,2016-09-27,3060.965113416496
Nifty Media TRI,2016-09-28,3130.0066403554433
Nifty Media TRI,2016-09-29,3066.881456501392
Nifty Media TRI,2016-09-30,3094.4040327150797
Nifty Media TRI,2016-10-03,3259.246544002459
Nifty Media TRI,2016-10-04,3204.0369524485013
Nifty Media TRI,2016-10-05,3227.9182684015177
Nifty Media TRI,2016-10-06,3178.4370951964333
Nifty Media TRI,2016-10-07,3253.4344855761246
Nifty Media TRI,2016-10-10,3257.8161574517726
Nifty Media TRI,2016-10-13,3149.687274615463
Nifty Media TRI,2016-10-14,3090.346295180423
Nifty Media TRI,2016-10-17,2994.3923653212196
Nifty Media TRI,2016-10-18,3046.7844263350394
Nifty Media TRI,2016-10-19,3034.602823849379
Nifty Media TRI,2016-10-20,3081.838157977018
Nifty Media TRI,2016-10-21,3085.1370397553455
Nifty Media TRI,2016-10-24,3057.034857854817
Nifty Media TRI,2016-10-25,3062.9397941851803
Nifty Media TRI,2016-10-26,3060.4524227786746
Nifty Media TRI,2016-10-27,3011.3098915850874
Nifty Media TRI,2016-10-28,3068.040400334952
Nifty Media TRI,2016-11-01,3036.3499539027907
Nifty Media TRI,2016-11-02,2986.835405846875
Nifty Media TRI,2016-11-03,2967.610058233281
Nifty Media TRI,2016-11-04,2961.8352811484833
Nifty Media TRI,2016-11-07,2981.8949247438522
Nifty Media TRI,2016-11-08,2982.8986897403774
Nifty Media TRI,2016-11-09,2950.530509258129
Nifty Media TRI,2016-11-10,2983.237367344919
Nifty Media TRI,2016-11-11,2855.0242528428284
Nifty Media TRI,2016-11-15,2741.638255354453
Nifty Media TRI,2016-11-16,2818.3082704283743
Nifty Media TRI,2016-11-17,2755.6302230679876
Nifty Media TRI,2016-11-18,2696.4960353055567
Nifty Media TRI,2016-11-21,2620.836312640194
Nifty Media TRI,2016-11-22,2673.62540216417
Nifty Media TRI,2016-11-23,2709.0476069297674
Nifty Media TRI,2016-11-24,2640.359403080073
Nifty Media TRI,2016-11-25,2673.122390491357
Nifty Media TRI,2016-11-28,2734.538945491229
Nifty Media TRI,2016-11-29,2737.8327465996686
Nifty Media TRI,2016-11-30,2746.7609034751536
Nifty Media TRI,2016-12-01,2747.8122292493745
Nifty Media TRI,2016-12-02,2665.0268512934213
Nifty Media TRI,2016-12-05,2688.9399524932696
Nifty Media TRI,2016-12-06,2688.1118080357032
Nifty Media TRI,2016-12-07,2664.6393881222434
Nifty Media TRI,2016-12-08,2717.343387994358
Nifty Media TRI,2016-12-09,2768.745249403194
Nifty Media TRI,2016-12-12,2729.8430290043075
Nifty Media TRI,2016-12-13,2698.4889026437168
Nifty Media TRI,2016-12-14,2692.65117717592
Nifty Media TRI,2016-12-15,2675.6977867654873
Nifty Media TRI,2016-12-16,2682.436048621134
Nifty Media TRI,2016-12-19,2667.424604014783
Nifty Media TRI,2016-12-20,2690.2896704290797
Nifty Media TRI,2016-12-21,2663.67889702051
Nifty Media TRI,2016-12-22,2656.2733599886546
Nifty Media TRI,2016-12-23,2657.583899822991
Nifty Media TRI,2016-12-26,2603.3688975615087
Nifty Media TRI,2016-12-27,2633.5960135053765
Nifty Media TRI,2016-12-28,2667.6873845630544
Nifty Media TRI,2016-12-29,2695.515957995737
Nifty Media TRI,2016-12-30,2725.695061362959
Nifty Media TRI,2017-01-02,2733.86068762797
Nifty Media TRI,2017-01-03,2782.6808769559734
Nifty Media TRI,2017-01-04,2787.387962278256
Nifty Media TRI,2017-01-05,2834.0183450311097
Nifty Media TRI,2017-01-06,2802.180461341333
Nifty Media TRI,2017-01-09,2817.244500868536
Nifty Media TRI,2017-01-10,2827.1743392975254
Nifty Media TRI,2017-01-11,2869.0080546980685
Nifty Media TRI,2017-01-12,2867.4518919040834
Nifty Media TRI,2017-01-13,2870.0730459128454
Nifty Media TRI,2017-01-16,2877.154129792474
Nifty Media TRI,2017-01-17,2869.644724507813
Nifty Media TRI,2017-01-18,2884.4863415875498
Nifty Media TRI,2017-01-19,2877.8124034500747
Nifty Media TRI,2017-01-20,2825.4410347832245
Nifty Media TRI,2017-01-23,2883.129827625835
Nifty Media TRI,2017-01-24,2878.17860831283
Nifty Media TRI,2017-01-25,2946.246004066082
Nifty Media TRI,2017-01-27,2937.8083491427446
Nifty Media TRI,2017-01-30,2934.9709998260555
Nifty Media TRI,2017-01-31,2895.4385971447296
Nifty Media TRI,2017-02-01,2961.270836399199
Nifty Media TRI,2017-02-02,2970.5817862949143
Nifty Media TRI,2017-02-03,3038.194686124155
Nifty Media TRI,2017-02-06,3065.9263227555325
Nifty Media TRI,2017-02-07,3064.7916570454704
Nifty Media TRI,2017-02-08,3101.7449175523047
Nifty Media TRI,2017-02-09,3158.8150492729646
Nifty Media TRI,2017-02-10,3146.3441459963856
Nifty Media TRI,2017-02-13,3157.7323430054244
Nifty Media TRI,2017-02-14,3128.486803693423
Nifty Media TRI,2017-02-15,3128.3981365557934
Nifty Media TRI,2017-02-16,3127.003317430077
Nifty Media TRI,2017-02-17,3126.392294129402
Nifty Media TRI,2017-02-20,3156.489841970094
Nifty Media TRI,2017-02-21,3156.297394769998
Nifty Media TRI,2017-02-22,3127.0990215481133
Nifty Media TRI,2017-02-23,3130.669035588468
Nifty Media TRI,2017-02-27,3103.9192629431936
Nifty Media TRI,2017-02-28,3132.3696068927284
Nifty Media TRI,2017-03-01,3131.1311700072465
Nifty Media TRI,2017-03-02,3092.988570595724
Nifty Media TRI,2017-03-03,3116.160636809161
Nifty Media TRI,2017-03-06,3136.2296930802336
Nifty Media TRI,2017-03-07,3155.7978614250123
Nifty Media TRI,2017-03-08,3175.418956733573
Nifty Media TRI,2017-03-09,3193.3157681928697
Nifty Media TRI,2017-03-10,3195.738085330568
Nifty Media TRI,2017-03-14,3226.865540779136
Nifty Media TRI,2017-03-15,3244.45203603663
Nifty Media TRI,2017-03-16,3256.287616951129
Nifty Media TRI,2017-03-17,3223.5732616516543
Nifty Media TRI,2017-03-20,3235.0271429973004
Nifty Media TRI,2017-03-21,3242.6279604767246
Nifty Media TRI,2017-03-22,3218.0156872671982
Nifty Media TRI,2017-03-23,3241.985003897376
Nifty Media TRI,2017-03-24,3231.230378505826
Nifty Media TRI,2017-03-27,3236.567211483939
Nifty Media TRI,2017-03-28,3291.293087625314
Nifty Media TRI,2017-03-29,3291.364890137986
Nifty Media TRI,2017-03-30,3304.4082328672293
Nifty Media TRI,2017-03-31,3320.5901946089357
Nifty Media TRI,2017-04-03,3302.028810316753
Nifty Media TRI,2017-04-05,3373.4724310588736
Nifty Media TRI,2017-04-06,3395.5694132148124
Nifty Media TRI,2017-04-07,3353.1651491133407
Nifty Media TRI,2017-04-10,3383.257398521453
Nifty Media TRI,2017-04-11,3363.2936427369004
Nifty Media TRI,2017-04-12,3320.727186550362
Nifty Media TRI,2017-04-13,3304.4233333972707
Nifty Media TRI,2017-04-17,3304.8688255199945
Nifty Media TRI,2017-04-18,3288.7199702776743
Nifty Media TRI,2017-04-19,3339.810346015655
Nifty Media TRI,2017-04-20,3407.80477206087
Nifty Media TRI,2017-04-21,3418.554198103984
Nifty Media TRI,2017-04-24,3398.891586667235
Nifty Media TRI,2017-04-25,3415.3987067689723
Nifty Media TRI,2017-04-26,3398.56892601724
Nifty Media TRI,2017-04-27,3412.9309317462626
Nifty Media TRI,2017-04-28,3404.212606093213
Nifty Media TRI,2017-05-02,3425.132235269955
Nifty Media TRI,2017-05-03,3370.5087489554417
Nifty Media TRI,2017-05-04,3342.6830696780244
Nifty Media TRI,2017-05-05,3265.2852938088445
Nifty Media TRI,2017-05-08,3266.4935741076056
Nifty Media TRI,2017-05-09,3245.991531209205
Nifty Media TRI,2017-05-10,3319.1962278777623
Nifty Media TRI,2017-05-11,3433.343675845411
Nifty Media TRI,2017-05-12,3361.17135253808
Nifty Media TRI,2017-05-15,3385.370507444645
Nifty Media TRI,2017-05-16,3375.496412621447
Nifty Media TRI,2017-05-17,3372.1143219998435
Nifty Media TRI,2017-05-18,3316.058212665003
Nifty Media TRI,2017-05-19,3284.609096952499
Nifty Media TRI,2017-05-22,3283.6719508095307
Nifty Media TRI,2017-05-23,3223.104294167966
Nifty Media TRI,2017-05-24,3165.6759994057193
Nifty Media TRI,2017-05-25,3178.6797820782117
Nifty Media TRI,2017-05-26,3235.098280548411
Nifty Media TRI,2017-05-29,3211.8994135800463
Nifty Media TRI,2017-05-30,3228.3101568947386
Nifty Media TRI,2017-05-31,3211.67308612419
Nifty Media TRI,2017-06-01,3232.484062668728
Nifty Media TRI,2017-06-02,3256.8050546989357
Nifty Media TRI,2017-06-05,3264.770418371962
Nifty Media TRI,2017-06-06,3225.6602912179187
Nifty Media TRI,2017-06-07,3237.831131736738
Nifty Media TRI,2017-06-08,3244.7116759255027
Nifty Media TRI,2017-06-09,3243.2109107088186
Nifty Media TRI,2017-06-12,3226.2920410479283
Nifty Media TRI,2017-06-13,3224.7382960629975
Nifty Media TRI,2017-06-14,3242.097599024392
Nifty Media TRI,2017-06-15,3229.0703513423823
Nifty Media TRI,2017-06-16,3243.077399082858
Nifty Media TRI,2017-06-19,3261.052011149701
Nifty Media TRI,2017-06-20,3232.5664494262514
Nifty Media TRI,2017-06-21,3234.523377512597
Nifty Media TRI,2017-06-22,3230.8213015987244
Nifty Media TRI,2017-06-23,3184.307044666426
Nifty Media TRI,2017-06-27,3098.7970729570643
Nifty Media TRI,2017-06-28,3075.1767143030906
Nifty Media TRI,2017-06-29,3101.9718370325227
Nifty Media TRI,2017-06-30,3125.7285045850786
Nifty Media TRI,2017-07-03,3142.1809511769184
Nifty Media TRI,2017-07-04,3134.0729234243613
Nifty Media TRI,2017-07-05,3170.3074887676426
Nifty Media TRI,2017-07-06,3168.070402774232
Nifty Media TRI,2017-07-07,3184.441273625722
Nifty Media TRI,2017-07-10,3185.331056488152
Nifty Media TRI,2017-07-11,3171.823395512871
Nifty Media TRI,2017-07-12,3192.38994865793
Nifty Media TRI,2017-07-13,3227.9504341519137
Nifty Media TRI,2017-07-14,3213.708914640848
Nifty Media TRI,2017-07-17,3235.0478303179857
Nifty Media TRI,2017-07-18,3236.2194794138395
Nifty Media TRI,2017-07-19,3296.323326977077
Nifty Media TRI,2017-07-20,3277.2051028094393
Nifty Media TRI,2017-07-21,3311.8824246225595
Nifty Media TRI,2017-07-24,3298.518181507923
Nifty Media TRI,2017-07-25,3260.835036293444
Nifty Media TRI,2017-07-26,3240.0356382195046
Nifty Media TRI,2017-07-27,3250.9612352706827
Nifty Media TRI,2017-07-28,3258.164195770759
Nifty Media TRI,2017-07-31,3251.9268673857505
Nifty Media TRI,2017-08-01,3264.5322713368682
Nifty Media TRI,2017-08-02,3255.1105682358566
Nifty Media TRI,2017-08-03,3240.024177090282
Nifty Media TRI,2017-08-04,3243.0320612277974
Nifty Media TRI,2017-08-07,3227.3510476148317
Nifty Media TRI,2017-08-08,3197.050834809708
Nifty Media TRI,2017-08-09,3162.1331215869905
Nifty Media TRI,2017-08-10,3053.1987386810392
Nifty Media TRI,2017-08-11,3013.975032319679
Nifty Media TRI,2017-08-14,3095.4336049204435
Nifty Media TRI,2017-08-16,3107.057971959644
Nifty Media TRI,2017-08-17,3138.2370395981297
Nifty Media TRI,2017-08-18,3093.814937264248
Nifty Media TRI,2017-08-21,3061.6444877945555
Nifty Media TRI,2017-08-22,3072.572351813266
Nifty Media TRI,2017-08-23,3083.1860711511
Nifty Media TRI,2017-08-24,3074.647980733994
Nifty Media TRI,2017-08-28,3101.469482638806
Nifty Media TRI,2017-08-29,3088.1028014617464
Nifty Media TRI,2017-08-30,3112.415243894907
Nifty Media TRI,2017-08-31,3113.4804688367085
Nifty Media TRI,2017-09-01,3177.4177796170884
Nifty Media TRI,2017-09-04,3196.7300709449955
Nifty Media TRI,2017-09-05,3206.66727861724
Nifty Media TRI,2017-09-06,3212.038459034045
Nifty Media TRI,2017-09-07,3211.3212124637957
Nifty Media TRI,2017-09-08,3191.0778667978034
Nifty Media TRI,2017-09-11,3205.302342822408
Nifty Media TRI,2017-09-12,3242.4851829857885
Nifty Media TRI,2017-09-13,3236.8865766726544
Nifty Media TRI,2017-09-14,3243.939060498841
Nifty Media TRI,2017-09-15,3254.3518741936655
Nifty Media TRI,2017-09-18,3313.365542879584
Nifty Media TRI,2017-09-19,3320.578115830597
Nifty Media TRI,2017-09-20,3316.6602861047904
Nifty Media TRI,2017-09-21,3255.932812086594
Nifty Media TRI,2017-09-22,3179.6613576171344
Nifty Media TRI,2017-09-25,3166.0597991676973
Nifty Media TRI,2017-09-26,3155.5217944222304
Nifty Media TRI,2017-09-27,3117.9404656085853
Nifty Media TRI,2017-09-28,3111.129355584574
Nifty Media TRI,2017-09-29,3133.567903075017
Nifty Media TRI,2017-10-03,3139.6706273757377
Nifty Media TRI,2017-10-04,3145.5162044681465
Nifty Media TRI,2017-10-05,3164.492054192089
Nifty Media TRI,2017-10-06,3172.124351564615
Nifty Media TRI,2017-10-09,3206.000065898288
Nifty Media TRI,2017-10-10,3217.993468083339
Nifty Media TRI,2017-10-11,3156.3970819666715
Nifty Media TRI,2017-10-12,3176.268880364559
Nifty Media TRI,2017-10-13,3162.0503732724314
Nifty Media TRI,2017-10-16,3176.283398654445
Nifty Media TRI,2017-10-17,3120.614506665624
Nifty Media TRI,2017-10-18,3103.556133077333
Nifty Media TRI,2017-10-19,3092.6961731938936
Nifty Media TRI,2017-10-23,3099.9015373460666
Nifty Media TRI,2017-10-24,3211.830712342411
Nifty Media TRI,2017-10-25,3232.6026706187895
Nifty Media TRI,2017-10-26,3259.4707055578347
Nifty Media TRI,2017-10-27,3308.041269583391
Nifty Media TRI,2017-10-30,3320.554129034275
Nifty Media TRI,2017-10-31,3311.9558406096808
Nifty Media TRI,2017-11-01,3295.3693176264096
Nifty Media TRI,2017-11-02,3278.6245155059273
Nifty Media TRI,2017-11-03,3357.105688545217
Nifty Media TRI,2017-11-06,3360.8991647417356
Nifty Media TRI,2017-11-07,3329.280174732903
Nifty Media TRI,2017-11-08,3334.030509786903
Nifty Media TRI,2017-11-09,3330.739443617772
Nifty Media TRI,2017-11-10,3349.5766076756386
Nifty Media TRI,2017-11-13,3332.2389926837554
Nifty Media TRI,2017-11-14,3321.5882907557148
Nifty Media TRI,2017-11-15,3285.7049272667196
Nifty Media TRI,2017-11-16,3297.288996771258
Nifty Media TRI,2017-11-17,3297.8340030566183
Nifty Media TRI,2017-11-20,3290.3217946796653
Nifty Media TRI,2017-11-21,3318.99375598131
Nifty Media TRI,2017-11-22,3405.5522049096794
Nifty Media TRI,2017-11-23,3414.56446234173
Nifty Media TRI,2017-11-24,3433.72444602526
Nifty Media TRI,2017-11-27,3509.245041115888
Nifty Media TRI,2017-11-28,3534.3506740818234
Nifty Media TRI,2017-11-29,3519.8095146666324
Nifty Media TRI,2017-11-30,3490.334092252733
Nifty Media TRI,2017-12-01,3421.050112486142
Nifty Media TRI,2017-12-04,3430.792396691892
Nifty Media TRI,2017-12-05,3462.2109423172546
Nifty Media TRI,2017-12-06,3448.244787516671
Nifty Media TRI,2017-12-07,3496.231401953285
Nifty Media TRI,2017-12-08,3484.5267925618728
Nifty Media TRI,2017-12-11,3501.2178350505974
Nifty Media TRI,2017-12-12,3480.8333719841253
Nifty Media TRI,2017-12-13,3482.592586405654
Nifty Media TRI,2017-12-14,3473.4635026540823
Nifty Media TRI,2017-12-15,3503.942836873489
Nifty Media TRI,2017-12-18,3523.899015979893
Nifty Media TRI,2017-12-19,3556.2235733236066
Nifty Media TRI,2017-12-20,3582.078696412732
Nifty Media TRI,2017-12-21,3600.6224333097093
Nifty Media TRI,2017-12-22,3625.637846009435
Nifty Media TRI,2017-12-26,3646.315750011383
Nifty Media TRI,2017-12-27,3662.600952051208
Nifty Media TRI,2017-12-28,3652.1575733026116
Nifty Media TRI,2017-12-29,3645.660053866408
Nifty Media TRI,2018-01-01,3642.8464869454583
Nifty Media TRI,2018-01-02,3638.0848754615818
Nifty Media TRI,2018-01-03,3648.7415774340084
Nifty Media TRI,2018-01-04,3661.6088151217764
Nifty Media TRI,2018-01-05,3714.893221381881
Nifty Media TRI,2018-01-08,3760.239287858865
Nifty Media TRI,2018-01-09,3714.2174848001555
Nifty Media TRI,2018-01-10,3700.035371229842
Nifty Media TRI,2018-01-11,3717.5374933975463
Nifty Media TRI,2018-01-12,3781.3052860498706
Nifty Media TRI,2018-01-15,3834.82133377661
Nifty Media TRI,2018-01-16,3808.7963841954165
Nifty Media TRI,2018-01-17,3753.3976312791774
Nifty Media TRI,2018-01-18,3703.260511302679
Nifty Media TRI,2018-01-19,3727.609161331523
Nifty Media TRI,2018-01-22,3746.8053706606765
Nifty Media TRI,2018-01-23,3737.4634812318823
Nifty Media TRI,2018-01-24,3725.120177232484
Nifty Media TRI,2018-01-25,3693.243666341584
Nifty Media TRI,2018-01-29,3718.155087773451
Nifty Media TRI,2018-01-30,3684.800721242567
Nifty Media TRI,2018-01-31,3674.191897832663
Nifty Media TRI,2018-02-01,3653.6308211339506
Nifty Media TRI,2018-02-02,3524.75175585105
Nifty Media TRI,2018-02-05,3523.9292238722473
Nifty Media TRI,2018-02-06,3466.8674595230805
Nifty Media TRI,2018-02-07,3522.7136786920287
Nifty Media TRI,2018-02-08,3593.4663233280644
Nifty Media TRI,2018-02-09,3559.2594947257357
Nifty Media TRI,2018-02-12,3599.468344209955
Nifty Media TRI,2018-02-14,3584.6667328001226
Nifty Media TRI,2018-02-15,3543.5547940145543
Nifty Media TRI,2018-02-16,3490.7476231773717
Nifty Media TRI,2018-02-19,3455.945698185946
Nifty Media TRI,2018-02-20,3479.673656114172
Nifty Media TRI,2018-02-21,3490.390946096932
Nifty Media TRI,2018-02-22,3461.492691756889
Nifty Media TRI,2018-02-23,3495.179142078727
Nifty Media TRI,2018-02-26,3563.529921024254
Nifty Media TRI,2018-02-27,3525.462706506093
Nifty Media TRI,2018-02-28,3489.606812462508
Nifty Media TRI,2018-03-01,3438.9962384684077
Nifty Media TRI,2018-03-05,3406.415735188238
Nifty Media TRI,2018-03-06,3420.664823865917
Nifty Media TRI,2018-03-07,3410.7272713493035
Nifty Media TRI,2018-03-08,3419.5494030202585
Nifty Media TRI,2018-03-09,3435.3806450383563
Nifty Media TRI,2018-03-12,3465.434542152835
Nifty Media TRI,2018-03-13,3485.8006325782126
Nifty Media TRI,2018-03-14,3538.000604301498
Nifty Media TRI,2018-03-15,3506.6128798238055
Nifty Media TRI,2018-03-16,3487.240910631381
Nifty Media TRI,2018-03-19,3446.3557629341244
Nifty Media TRI,2018-03-20,3459.2397827011137
Nifty Media TRI,2018-03-21,3435.0678362087297
Nifty Media TRI,2018-03-22,3390.8639248850695
Nifty Media TRI,2018-03-23,3400.478939862243
Nifty Media TRI,2018-03-26,3514.413285836854
Nifty Media TRI,2018-03-27,3527.406029406735
Nifty Media TRI,2018-03-28,3465.273598390781
Nifty Media TRI,2018-04-02,3514.4755328986366
Nifty Media TRI,2018-04-03,3547.770037034285
Nifty Media TRI,2018-04-04,3487.3684662686287
Nifty Media TRI,2018-04-05,3541.9137776074276
Nifty Media TRI,2018-04-06,3548.8984938606977
Nifty Media TRI,2018-04-09,3510.371554983554
Nifty Media TRI,2018-04-10,3512.6631002717145
Nifty Media TRI,2018-04-11,3522.9704494440434
Nifty Media TRI,2018-04-12,3521.7288794063643
Nifty Media TRI,2018-04-13,3533.250006370329
Nifty Media TRI,2018-04-16,3546.1920494566866
Nifty Media TRI,2018-04-17,3526.8071044481067
Nifty Media TRI,2018-04-18,3577.096412519321
Nifty Media TRI,2018-04-19,3597.323191264718
Nifty Media TRI,2018-04-20,3563.0109946360194
Nifty Media TRI,2018-04-23,3588.511259225008
Nifty Media TRI,2018-04-24,3528.2953933134777
Nifty Media TRI,2018-04-25,3506.2693169633676
Nifty Media TRI,2018-04-26,3505.6070587690842
Nifty Media TRI,2018-04-27,3540.8707793674944
Nifty Media TRI,2018-04-30,3548.066656901973
Nifty Media TRI,2018-05-02,3539.727041593611
Nifty Media TRI,2018-05-03,3521.8126302651654
Nifty Media TRI,2018-05-04,3499.9402564435973
Nifty Media TRI,2018-05-07,3560.164190085544
Nifty Media TRI,2018-05-08,3541.1401036179036
Nifty Media TRI,2018-05-09,3523.329007318168
Nifty Media TRI,2018-05-10,3468.736830055788
Nifty Media TRI,2018-05-11,3486.6490693092483
Nifty Media TRI,2018-05-14,3471.625403985226
Nifty Media TRI,2018-05-15,3445.8941917344605
Nifty Media TRI,2018-05-16,3465.2855089575946
Nifty Media TRI,2018-05-17,3442.3501290969907
Nifty Media TRI,2018-05-18,3395.8219092955906
Nifty Media TRI,2018-05-21,3329.5388928029943
Nifty Media TRI,2018-05-22,3387.8840336103362
Nifty Media TRI,2018-05-23,3345.3083616458634
Nifty Media TRI,2018-05-24,3357.5219879748097
Nifty Media TRI,2018-05-25,3408.0064062908323
Nifty Media TRI,2018-05-28,3449.0888822341203
Nifty Media TRI,2018-05-29,3389.615529458086
Nifty Media TRI,2018-05-30,3387.155548490669
Nifty Media TRI,2018-05-31,3357.295438128791
Nifty Media TRI,2018-06-01,3342.1639307686983
Nifty Media TRI,2018-06-04,3340.69303066651
Nifty Media TRI,2018-06-05,3272.021461231191
Nifty Media TRI,2018-06-06,3308.4722584959577
Nifty Media TRI,2018-06-07,3332.3579814554023
Nifty Media TRI,2018-06-08,3373.405619574536
Nifty Media TRI,2018-06-11,3408.3198897701764
Nifty Media TRI,2018-06-12,3416.896272011855
Nifty Media TRI,2018-06-13,3391.2529959470444
Nifty Media TRI,2018-06-14,3367.7212413712905
Nifty Media TRI,2018-06-15,3357.3908893438334
Nifty Media TRI,2018-06-18,3349.2132195788054
Nifty Media TRI,2018-06-19,3309.516419999996
Nifty Media TRI,2018-06-20,3323.7962112591367
Nifty Media TRI,2018-06-21,3322.495411906237
Nifty Media TRI,2018-06-22,3325.10309534143
Nifty Media TRI,2018-06-25,3279.946435787844
Nifty Media TRI,2018-06-26,3285.2474587157412
Nifty Media TRI,2018-06-27,3215.538062772734
Nifty Media TRI,2018-06-28,3164.525624201271
Nifty Media TRI,2018-06-29,3196.766183715768
Nifty Media TRI,2018-07-02,3161.314926782416
Nifty Media TRI,2018-07-03,3188.644997718337
Nifty Media TRI,2018-07-04,3181.476384699855
Nifty Media TRI,2018-07-05,3181.598676860198
Nifty Media TRI,2018-07-06,3167.349761966875
Nifty Media TRI,2018-07-09,3176.909564473132
Nifty Media TRI,2018-07-10,3180.149245532514
Nifty Media TRI,2018-07-11,3170.443090480205
Nifty Media TRI,2018-07-12,3137.2218778480374
Nifty Media TRI,2018-07-13,3025.7386444494596
Nifty Media TRI,2018-07-16,2951.84606307079
Nifty Media TRI,2018-07-17,2994.188568368416
Nifty Media TRI,2018-07-18,2993.6725010003584
Nifty Media TRI,2018-07-19,2987.7656124837004
Nifty Media TRI,2018-07-20,2974.195314247638
Nifty Media TRI,2018-07-23,2997.7517883929513
Nifty Media TRI,2018-07-24,3050.2498926555113
Nifty Media TRI,2018-07-25,3014.1623965121903
Nifty Media TRI,2018-07-26,2988.803397619789
Nifty Media TRI,2018-07-27,2989.5030142746546
Nifty Media TRI,2018-07-30,3002.5441892598838
Nifty Media TRI,2018-07-31,2994.7859565162576
Nifty Media TRI,2018-08-01,3012.8253671963184
Nifty Media TRI,2018-08-02,2993.2248078585126
Nifty Media TRI,2018-08-03,3032.306284416665
Nifty Media TRI,2018-08-06,3044.612084476888
Nifty Media TRI,2018-08-07,3083.8036757031223
Nifty Media TRI,2018-08-08,3095.7673778131084
Nifty Media TRI,2018-08-09,3090.653092304464
Nifty Media TRI,2018-08-10,3070.1520728862993
Nifty Media TRI,2018-08-13,2979.2959198126846
Nifty Media TRI,2018-08-14,3021.3475257385458
Nifty Media TRI,2018-08-16,2979.6494555252284
Nifty Media TRI,2018-08-17,3009.382091189855
Nifty Media TRI,2018-08-20,3027.9835725851567
Nifty Media TRI,2018-08-21,3064.9656112996563
Nifty Media TRI,2018-08-23,3032.4129762384964
Nifty Media TRI,2018-08-24,3037.186419671212
Nifty Media TRI,2018-08-27,3038.020043266494
Nifty Media TRI,2018-08-28,3031.20983007825
Nifty Media TRI,2018-08-29,3018.051650297103
Nifty Media TRI,2018-08-30,3022.9842467584426
Nifty Media TRI,2018-08-31,3004.7998540889294
Nifty Media TRI,2018-09-03,3018.6983418736118
Nifty Media TRI,2018-09-04,2929.5677358432285
Nifty Media TRI,2018-09-05,2898.84065213064
Nifty Media TRI,2018-09-06,2852.5050771828096
Nifty Media TRI,2018-09-07,2873.6244366808364
Nifty Media TRI,2018-09-10,2870.479217982481
Nifty Media TRI,2018-09-11,2828.899805925458
Nifty Media TRI,2018-09-12,2828.749919020217
Nifty Media TRI,2018-09-14,2868.242573231083
Nifty Media TRI,2018-09-17,2866.525155612567
Nifty Media TRI,2018-09-18,2810.0159229846995
Nifty Media TRI,2018-09-19,2756.9970922711213
Nifty Media TRI,2018-09-21,2731.7139710698852
Nifty Media TRI,2018-09-24,2668.856358178327
Nifty Media TRI,2018-09-25,2669.5498258536636
Nifty Media TRI,2018-09-26,2664.262127743921
Nifty Media TRI,2018-09-27,2638.701839248552
Nifty Media TRI,2018-09-28,2591.014759872296
Nifty Media TRI,2018-10-01,2628.5567332608375
Nifty Media TRI,2018-10-03,2616.8661747106607
Nifty Media TRI,2018-10-04,2605.276729476969
Nifty Media TRI,2018-10-05,2510.8357584423557
Nifty Media TRI,2018-10-08,2486.5403887155007
Nifty Media TRI,2018-10-09,2539.592199149332
Nifty Media TRI,2018-10-10,2679.318316721334
Nifty Media TRI,2018-10-11,2674.9292823970027
Nifty Media TRI,2018-10-12,2718.2990261458203
Nifty Media TRI,2018-10-15,2753.8486926417013
Nifty Media TRI,2018-10-16,2760.8983654912427
Nifty Media TRI,2018-10-17,2701.968105427469
Nifty Media TRI,2018-10-19,2645.0521542805923
Nifty Media TRI,2018-10-22,2605.8764020647177
Nifty Media TRI,2018-10-23,2558.1098060839877
Nifty Media TRI,2018-10-24,2568.2283738227516
Nifty Media TRI,2018-10-25,2507.3238779069325
Nifty Media TRI,2018-10-26,2498.957320230421
Nifty Media TRI,2018-10-29,2568.0846305142177
Nifty Media TRI,2018-10-30,2612.528689505322
Nifty Media TRI,2018-10-31,2637.2694900755555
Nifty Media TRI,2018-11-01,2640.399505796544
Nifty Media TRI,2018-11-02,2623.0292748920974
Nifty Media TRI,2018-11-05,2587.495078789507
Nifty Media TRI,2018-11-06,2611.28534201528
Nifty Media TRI,2018-11-07,2628.3483231190294
Nifty Media TRI,2018-11-09,2636.8338014047445
Nifty Media TRI,2018-11-12,2579.7307826739293
Nifty Media TRI,2018-11-13,2574.1705990965615
Nifty Media TRI,2018-11-14,2564.477354299221
Nifty Media TRI,2018-11-15,2567.1826667277983
Nifty Media TRI,2018-11-16,2579.585142510575
Nifty Media TRI,2018-11-19,2606.7798660819326
Nifty Media TRI,2018-11-20,2594.913287565336
Nifty Media TRI,2018-11-21,2579.0185747452824
Nifty Media TRI,2018-11-22,2615.747509135575
Nifty Media TRI,2018-11-26,2624.9329895907053
Nifty Media TRI,2018-11-27,2618.7890116057747
Nifty Media TRI,2018-11-28,2674.9225262464483
Nifty Media TRI,2018-11-29,2700.3697689262467
Nifty Media TRI,2018-11-30,2703.0789130766975
Nifty Media TRI,2018-12-03,2678.8190264506657
Nifty Media TRI,2018-12-04,2695.045300356247
Nifty Media TRI,2018-12-05,2650.0452167849025
Nifty Media TRI,2018-12-06,2622.483933670481
Nifty Media TRI,2018-12-07,2648.040333949973
Nifty Media TRI,2018-12-10,2599.491784299727
Nifty Media TRI,2018-12-11,2648.112211540418
Nifty Media TRI,2018-12-12,2684.2225903673166
Nifty Media TRI,2018-12-13,2717.365647534307
Nifty Media TRI,2018-12-14,2717.3718566722678
Nifty Media TRI,2018-12-17,2753.07600367889
Nifty Media TRI,2018-12-18,2643.4263955498245
Nifty Media TRI,2018-12-19,2668.512482083257
Nifty Media TRI,2018-12-20,2666.0254674934326
Nifty Media TRI,2018-12-21,2615.4940610623644
Nifty Media TRI,2018-12-24,2560.7236014172486
Nifty Media TRI,2018-12-26,2615.0366767865466
Nifty Media TRI,2018-12-27,2660.1214067919
Nifty Media TRI,2018-12-28,2711.4130232234083
Nifty Media TRI,2018-12-31,2722.251679462226
Nifty Media TRI,2019-01-01,2730.74464294692
Nifty Media TRI,2019-01-02,2695.106491636623
Nifty Media TRI,2019-01-03,2643.3942987681226
Nifty Media TRI,2019-01-04,2672.5737024839204
Nifty Media TRI,2019-01-07,2681.289500033768
Nifty Media TRI,2019-01-08,2648.138781102182
Nifty Media TRI,2019-01-09,2647.188636637418
Nifty Media TRI,2019-01-10,2649.3684711939923
Nifty Media TRI,2019-01-11,2648.789785957746
Nifty Media TRI,2019-01-14,2622.9653523148063
Nifty Media TRI,2019-01-15,2654.6448645735913
Nifty Media TRI,2019-01-16,2632.1526866000754
Nifty Media TRI,2019-01-17,2577.3459183208447
Nifty Media TRI,2019-01-18,2535.908322252702
Nifty Media TRI,2019-01-21,2521.587442103849
Nifty Media TRI,2019-01-22,2486.9373509329603
Nifty Media TRI,2019-01-23,2519.3625622696063
Nifty Media TRI,2019-01-24,2515.012959205677
Nifty Media TRI,2019-01-25,2103.248707856091
Nifty Media TRI,2019-01-28,2279.535498374575
Nifty Media TRI,2019-01-29,2293.012869226346
Nifty Media TRI,2019-01-30,2332.1794536148013
Nifty Media TRI,2019-01-31,2307.1250374820625
Nifty Media TRI,2019-02-01,2226.3383459414526
Nifty Media TRI,2019-02-04,2195.697056908945
Nifty Media TRI,2019-02-05,2245.5359523793236
Nifty Media TRI,2019-02-06,2336.941441587349
Nifty Media TRI,2019-02-07,2395.86309400501
Nifty Media TRI,2019-02-08,2351.0050939264015
Nifty Media TRI,2019-02-11,2382.2161136039986
Nifty Media TRI,2019-02-12,2414.0159800075935
Nifty Media TRI,2019-02-14,2482.717074265715
Nifty Media TRI,2019-02-15,2452.8792857721023
Nifty Media TRI,2019-02-18,2469.8186075783137
Nifty Media TRI,2019-02-19,2503.3244864800845
Nifty Media TRI,2019-02-20,2507.5739127094735
Nifty Media TRI,2019-02-21,2535.028643992322
Nifty Media TRI,2019-02-22,2543.421047438954
Nifty Media TRI,2019-02-25,2537.0553972972093
Nifty Media TRI,2019-02-26,2618.8416249830234
Nifty Media TRI,2019-02-27,2595.8500775388284
Nifty Media TRI,2019-02-28,2618.743507513317
Nifty Media TRI,2019-03-01,2702.873913705616
Nifty Media TRI,2019-03-05,2726.161480860232
Nifty Media TRI,2019-03-06,2690.633376980536
Nifty Media TRI,2019-03-07,2641.0277309212047
Nifty Media TRI,2019-03-08,2614.7387153909394
Nifty Media TRI,2019-03-11,2636.4772616921427
Nifty Media TRI,2019-03-12,2692.7385343580627
Nifty Media TRI,2019-03-13,2637.7608673301806
Nifty Media TRI,2019-03-14,2647.4872768083496
Nifty Media TRI,2019-03-15,2660.507779234958
Nifty Media TRI,2019-03-18,2679.3836632783878
Nifty Media TRI,2019-03-19,2698.3567521107375
Nifty Media TRI,2019-03-20,2607.241033964108
Nifty Media TRI,2019-03-22,2560.862254446295
Nifty Media TRI,2019-03-25,2490.409765292357
Nifty Media TRI,2019-03-26,2511.772614228844
Nifty Media TRI,2019-03-27,2535.474767238268
Nifty Media TRI,2019-03-28,2623.7446158566563
Nifty Media TRI,2019-04-01,2637.1007276465866
Nifty Media TRI,2019-04-02,2614.251813692152
Nifty Media TRI,2019-04-03,2553.0822263477967
Nifty Media TRI,2019-04-04,2580.9349575278657
Nifty Media TRI,2019-04-05,2594.651061037046
Nifty Media TRI,2019-04-08,2568.1906526755365
Nifty Media TRI,2019-04-09,2562.8779529816848
Nifty Media TRI,2019-04-10,2555.8109642264776
Nifty Media TRI,2019-04-11,2560.7041076744895
Nifty Media TRI,2019-04-12,2597.1736666078127
Nifty Media TRI,2019-04-15,2587.136411202359
Nifty Media TRI,2019-04-16,2587.8838711995836
Nifty Media TRI,2019-04-18,2530.790768441954
Nifty Media TRI,2019-04-22,2508.148402519746
Nifty Media TRI,2019-04-23,2511.5528166954336
Nifty Media TRI,2019-04-24,2542.0224376799642
Nifty Media TRI,2019-04-25,2530.5923107892045
Nifty Media TRI,2019-04-26,2526.0744231572276
Nifty Media TRI,2019-04-30,2561.925168016354
Nifty Media TRI,2019-05-02,2520.980437295466
Nifty Media TRI,2019-05-03,2498.5923486240995
Nifty Media TRI,2019-05-06,2444.3459150128538
Nifty Media TRI,2019-05-07,2377.4360048843114
Nifty Media TRI,2019-05-08,2269.7272306536543
Nifty Media TRI,2019-05-09,2350.944738042655
Nifty Media TRI,2019-05-10,2370.1980866930517
Nifty Media TRI,2019-05-13,2280.826736745912
Nifty Media TRI,2019-05-14,2286.408806459988
Nifty Media TRI,2019-05-15,2200.971064280265
Nifty Media TRI,2019-05-16,2250.865825397987
Nifty Media TRI,2019-05-17,2330.3946074385685
Nifty Media TRI,2019-05-20,2369.119134487813
Nifty Media TRI,2019-05-21,2314.264263537278
Nifty Media TRI,2019-05-22,2302.2906095589733
Nifty Media TRI,2019-05-23,2332.6683970429194
Nifty Media TRI,2019-05-24,2363.2602865402414
Nifty Media TRI,2019-05-27,2343.726930400151
Nifty Media TRI,2019-05-28,2390.125809502077
Nifty Media TRI,2019-05-29,2368.3072700988555
Nifty Media TRI,2019-05-30,2369.5294971521175
Nifty Media TRI,2019-05-31,2345.7940028062962
Nifty Media TRI,2019-06-03,2339.5079799518594
Nifty Media TRI,2019-06-04,2305.444832441565
Nifty Media TRI,2019-06-06,2269.3541242554043
Nifty Media TRI,2019-06-07,2268.871395641723
Nifty Media TRI,2019-06-10,2230.5900488823977
Nifty Media TRI,2019-06-11,2259.9672997275343
Nifty Media TRI,2019-06-12,2245.9107942061164
Nifty Media TRI,2019-06-13,2271.883210654777
Nifty Media TRI,2019-06-14,2220.989847351821
Nifty Media TRI,2019-06-17,2186.585568717619
Nifty Media TRI,2019-06-18,2183.9714493042106
Nifty Media TRI,2019-06-19,2191.845125222888
Nifty Media TRI,2019-06-20,2211.484701116635
Nifty Media TRI,2019-06-21,2180.3875939788654
Nifty Media TRI,2019-06-24,2170.254425527985
Nifty Media TRI,2019-06-25,2176.0520806176855
Nifty Media TRI,2019-06-26,2187.2811557571517
Nifty Media TRI,2019-06-27,2182.7495888643184
Nifty Media TRI,2019-06-28,2172.3074976660882
Nifty Media TRI,2019-07-01,2228.8429968273413
Nifty Media TRI,2019-07-02,2225.270541670226
Nifty Media TRI,2019-07-03,2249.176712527915
Nifty Media TRI,2019-07-04,2240.5453160492166
Nifty Media TRI,2019-07-05,2186.858499827808
Nifty Media TRI,2019-07-08,2115.793608208239
Nifty Media TRI,2019-07-09,2113.762515774064
Nifty Media TRI,2019-07-10,2109.6541680590985
Nifty Media TRI,2019-07-11,2191.4058173997687
Nifty Media TRI,2019-07-12,2200.9881454066162
Nifty Media TRI,2019-07-15,2190.7449768496404
Nifty Media TRI,2019-07-16,2187.596632101671
Nifty Media TRI,2019-07-17,2202.6663758703676
Nifty Media TRI,2019-07-18,2207.775201359394
Nifty Media TRI,2019-07-19,2152.313499064304
Nifty Media TRI,2019-07-22,2192.8908800397016
Nifty Media TRI,2019-07-23,2197.680329696226
Nifty Media TRI,2019-07-24,2234.80999588247
Nifty Media TRI,2019-07-25,2258.9408935993806
Nifty Media TRI,2019-07-26,2273.322860140908
Nifty Media TRI,2019-07-29,2198.873944910507
Nifty Media TRI,2019-07-30,2149.100090084026
Nifty Media TRI,2019-07-31,2086.4822487412175
Nifty Media TRI,2019-08-01,2021.51694353103
Nifty Media TRI,2019-08-02,1993.6910166303753
Nifty Media TRI,2019-08-05,1926.5134139187908
Nifty Media TRI,2019-08-06,1903.745852770146
Nifty Media TRI,2019-08-07,1939.8145429951044
Nifty Media TRI,2019-08-08,1967.1442334238857
Nifty Media TRI,2019-08-09,1953.5964488241673
Nifty Media TRI,2019-08-13,1931.1671430924905
Nifty Media TRI,2019-08-14,1984.4585935984123
Nifty Media TRI,2019-08-16,1981.9865139669066
Nifty Media TRI,2019-08-19,1995.2301737345797
Nifty Media TRI,2019-08-20,1989.5695946793828
Nifty Media TRI,2019-08-21,1960.825158532758
Nifty Media TRI,2019-08-22,1900.4654379470887
Nifty Media TRI,2019-08-23,1979.943479311941
Nifty Media TRI,2019-08-26,2050.397648977868
Nifty Media TRI,2019-08-27,2046.7101346584284
Nifty Media TRI,2019-08-28,2048.834302913197
Nifty Media TRI,2019-08-29,2017.7933438210146
Nifty Media TRI,2019-08-30,2041.8319414433267
Nifty Media TRI,2019-09-03,1989.0574435547232
Nifty Media TRI,2019-09-04,1977.2088672498028
Nifty Media TRI,2019-09-05,2008.715677333991
Nifty Media TRI,2019-09-06,2032.757741401414
Nifty Media TRI,2019-09-09,2039.5041434800482
Nifty Media TRI,2019-09-11,2039.0063919042782
Nifty Media TRI,2019-09-12,2029.6636147790546
Nifty Media TRI,2019-09-13,2044.962491248466
Nifty Media TRI,2019-09-16,2050.9104559548746
Nifty Media TRI,2019-09-17,2001.5603751963502
Nifty Media TRI,2019-09-18,1992.855646967519
Nifty Media TRI,2019-09-19,1905.0940659476994
Nifty Media TRI,2019-09-20,1969.363818794828
Nifty Media TRI,2019-09-23,1983.4701785571856
Nifty Media TRI,2019-09-24,1987.621532627273
Nifty Media TRI,2019-09-25,1948.6114654855471
Nifty Media TRI,2019-09-26,1996.4046430242709
Nifty Media TRI,2019-09-27,1961.7149088748617
Nifty Media TRI,2019-09-30,1920.864825721219
Nifty Media TRI,2019-10-01,1837.8275410447836
Nifty Media TRI,2019-10-03,1890.3614697273294
Nifty Media TRI,2019-10-04,1822.6862375323544
Nifty Media TRI,2019-10-07,1846.0195254502908
Nifty Media TRI,2019-10-09,1851.5435644361414
Nifty Media TRI,2019-10-10,1827.7280415636992
Nifty Media TRI,2019-10-11,1822.3241846176352
Nifty Media TRI,2019-10-14,1834.1856582592766
Nifty Media TRI,2019-10-15,1858.2977683911504
Nifty Media TRI,2019-10-16,1870.5613570210621
Nifty Media TRI,2019-10-17,1900.9737102983156
Nifty Media TRI,2019-10-18,1881.9058499998298
Nifty Media TRI,2019-10-22,1875.9843403442803
Nifty Media TRI,2019-10-23,1852.5362469694194
Nifty Media TRI,2019-10-24,1840.8853330991021
Nifty Media TRI,2019-10-25,1849.6808217658668
Nifty Media TRI,2019-10-29,1856.836526181567
Nifty Media TRI,2019-10-30,1846.1985770414365
Nifty Media TRI,2019-10-31,1908.0684984874106
Nifty Media TRI,2019-11-01,2055.532587085087
Nifty Media TRI,2019-11-04,1992.7641170096492
Nifty Media TRI,2019-11-05,1964.0254324349112
Nifty Media TRI,2019-11-06,1957.44667667695
Nifty Media TRI,2019-11-07,1964.3246816051058
Nifty Media TRI,2019-11-08,1950.1090209028155
Nifty Media TRI,2019-11-11,2006.9007560738578
Nifty Media TRI,2019-11-13,1916.1402443570842
Nifty Media TRI,2019-11-14,1914.1524495973465
Nifty Media TRI,2019-11-15,1923.8616387393147
Nifty Media TRI,2019-11-18,1939.6913422954017
Nifty Media TRI,2019-11-19,1928.1425016023147
Nifty Media TRI,2019-11-20,1990.5218923311852
Nifty Media TRI,2019-11-21,2071.707216026194
Nifty Media TRI,2019-11-22,2113.8466774968147
Nifty Media TRI,2019-11-25,2094.6459480383232
Nifty Media TRI,2019-11-26,2018.7231024472217
Nifty Media TRI,2019-11-27,2010.8068829131892
Nifty Media TRI,2019-11-28,2010.102707116971
Nifty Media TRI,2019-11-29,1960.6730100429027
Nifty Media TRI,2019-12-02,1951.664625593438
Nifty Media TRI,2019-12-03,1905.7024101467684
Nifty Media TRI,2019-12-04,1921.0257649688583
Nifty Media TRI,2019-12-05,1977.7614518435043
Nifty Media TRI,2019-12-06,1910.2088136501907
Nifty Media TRI,2019-12-09,1897.9360363530566
Nifty Media TRI,2019-12-10,1861.1571576731808
Nifty Media TRI,2019-12-11,1873.27553110585
Nifty Media TRI,2019-12-12,1879.141567469777
Nifty Media TRI,2019-12-13,1887.3059582247663
Nifty Media TRI,2019-12-16,1875.9918617540127
Nifty Media TRI,2019-12-17,1894.3120559361748
Nifty Media TRI,2019-12-18,1887.8325821323513
Nifty Media TRI,2019-12-19,1888.3547697335298
Nifty Media TRI,2019-12-20,1911.2199571694966
Nifty Media TRI,2019-12-23,1927.8091494500552
Nifty Media TRI,2019-12-24,1921.5434566925426
Nifty Media TRI,2019-12-26,1922.215265638198
Nifty Media TRI,2019-12-27,1941.1820794843447
Nifty Media TRI,2019-12-30,1957.0808275572747
Nifty Media TRI,2019-12-31,1928.5733727752852
Nifty Media TRI,2020-01-01,1918.5638647606493
Nifty Media TRI,2020-01-02,1925.5030266935405
Nifty Media TRI,2020-01-03,1882.6101602810475
Nifty Media TRI,2020-01-06,1836.5873992507939
Nifty Media TRI,2020-01-07,1855.6638063680368
Nifty Media TRI,2020-01-08,1846.5602026258105
Nifty Media TRI,2020-01-09,1890.8243293047565
Nifty Media TRI,2020-01-10,1893.7533735008494
Nifty Media TRI,2020-01-13,1909.0121046068666
Nifty Media TRI,2020-01-14,1949.0573495360204
Nifty Media TRI,2020-01-15,1964.9306097471929
Nifty Media TRI,2020-01-16,1993.3195826921879
Nifty Media TRI,2020-01-17,2000.4229815934373
Nifty Media TRI,2020-01-20,1963.7542154379485
Nifty Media TRI,2020-01-21,2007.4441763574896
Nifty Media TRI,2020-01-22,2042.2566137955707
Nifty Media TRI,2020-01-23,2002.5570405671372
Nifty Media TRI,2020-01-24,2021.9115924771588
Nifty Media TRI,2020-01-27,2014.0729342074058
Nifty Media TRI,2020-01-28,1991.1666168599015
Nifty Media TRI,2020-01-29,1998.7533811060496
Nifty Media TRI,2020-01-30,1974.1336378750054
Nifty Media TRI,2020-01-31,1963.797617216692
Nifty Media TRI,2020-02-03,1903.8943007583227
Nifty Media TRI,2020-02-04,1907.146159473706
Nifty Media TRI,2020-02-05,1888.4604696457125
Nifty Media TRI,2020-02-06,1918.09146732033
Nifty Media TRI,2020-02-07,1955.4825466409288
Nifty Media TRI,2020-02-10,1924.412777946323
Nifty Media TRI,2020-02-11,1955.867196648832
Nifty Media TRI,2020-02-12,1952.4314081061912
Nifty Media TRI,2020-02-13,1963.8729147400272
Nifty Media TRI,2020-02-14,1961.4004824023211
Nifty Media TRI,2020-02-17,1939.853023888127
Nifty Media TRI,2020-02-18,1975.9154983968042
Nifty Media TRI,2020-02-19,2014.6021154919029
Nifty Media TRI,2020-02-20,2003.6200547667515
Nifty Media TRI,2020-02-24,1958.7237283148945
Nifty Media TRI,2020-02-25,1945.5445978700716
Nifty Media TRI,2020-02-26,1931.294269897436
Nifty Media TRI,2020-02-27,1884.9239715401848
Nifty Media TRI,2020-02-28,1788.7654433219066
Nifty Media TRI,2020-03-02,1707.5064015107744
Nifty Media TRI,2020-03-03,1764.2405634521824
Nifty Media TRI,2020-03-04,1732.1554997485284
Nifty Media TRI,2020-03-05,1720.039638700176
Nifty Media TRI,2020-03-06,1635.3208002741464
Nifty Media TRI,2020-03-09,1526.6776924845956
Nifty Media TRI,2020-03-11,1557.4806082965674
Nifty Media TRI,2020-03-12,1396.7081189115956
Nifty Media TRI,2020-03-13,1373.3908388041325
Nifty Media TRI,2020-03-16,1313.1798208517378
Nifty Media TRI,2020-03-17,1235.12606976445
Nifty Media TRI,2020-03-18,1222.1389762361514
Nifty Media TRI,2020-03-19,1164.217232340618
Nifty Media TRI,2020-03-20,1209.2847839292956
Nifty Media TRI,2020-03-23,1087.7259557308023
Nifty Media TRI,2020-03-24,1105.2110206638054
Nifty Media TRI,2020-03-25,1130.6779307324673
Nifty Media TRI,2020-03-26,1143.6118041186858
Nifty Media TRI,2020-03-27,1130.6737771200385
Nifty Media TRI,2020-03-30,1094.8025045997153
Nifty Media TRI,2020-03-31,1114.2189917030519
Nifty Media TRI,2020-04-01,1072.7786488738745
Nifty Media TRI,2020-04-03,1057.771090031004
Nifty Media TRI,2020-04-07,1120.3364757752374
Nifty Media TRI,2020-04-08,1140.4534728198385
Nifty Media TRI,2020-04-09,1184.6293065116686
Nifty Media TRI,2020-04-13,1145.1863261262056
Nifty Media TRI,2020-04-15,1156.0074694181305
Nifty Media TRI,2020-04-16,1186.4179096418582
Nifty Media TRI,2020-04-17,1226.5832828000764
Nifty Media TRI,2020-04-20,1219.7498341878074
Nifty Media TRI,2020-04-21,1156.8019117052268
Nifty Media TRI,2020-04-22,1233.7917976518384
Nifty Media TRI,2020-04-23,1247.5397736868642
Nifty Media TRI,2020-04-24,1202.4366497051328
Nifty Media TRI,2020-04-27,1210.448523950118
Nifty Media TRI,2020-04-28,1216.69299301752
Nifty Media TRI,2020-04-29,1250.0079772515498
Nifty Media TRI,2020-04-30,1243.38817167593
Nifty Media TRI,2020-05-04,1188.5995281990135
Nifty Media TRI,2020-05-05,1176.509157875749
Nifty Media TRI,2020-05-06,1176.802888918345
Nifty Media TRI,2020-05-07,1177.257500568226
Nifty Media TRI,2020-05-08,1185.0037238452828
Nifty Media TRI,2020-05-11,1217.0916406265835
Nifty Media TRI,2020-05-12,1237.8155286291758
Nifty Media TRI,2020-05-13,1255.9128090168276
Nifty Media TRI,2020-05-14,1242.3202098908175
Nifty Media TRI,2020-05-15,1219.771802006596
Nifty Media TRI,2020-05-18,1137.2661706193664
Nifty Media TRI,2020-05-19,1160.0293718708306
Nifty Media TRI,2020-05-20,1188.049128984708
Nifty Media TRI,2020-05-21,1208.9909168976935
Nifty Media TRI,2020-05-22,1222.9615093552384
Nifty Media TRI,2020-05-26,1220.3864186097678
Nifty Media TRI,2020-05-27,1219.876667883642
Nifty Media TRI,2020-05-28,1264.101455424725
Nifty Media TRI,2020-05-29,1263.592634978122
Nifty Media TRI,2020-06-01,1308.1992800816363
Nifty Media TRI,2020-06-02,1351.1970976017042
Nifty Media TRI,2020-06-03,1359.6489155162467
Nifty Media TRI,2020-06-04,1415.685802061402
Nifty Media TRI,2020-06-05,1490.2338195712173
Nifty Media TRI,2020-06-08,1465.5443879116856
Nifty Media TRI,2020-06-09,1417.3425320119886
Nifty Media TRI,2020-06-10,1412.5983132897434
Nifty Media TRI,2020-06-11,1393.742593056323
Nifty Media TRI,2020-06-12,1381.7003581743566
Nifty Media TRI,2020-06-15,1393.86422001861
Nifty Media TRI,2020-06-16,1411.226982344366
Nifty Media TRI,2020-06-17,1435.4056846524604
Nifty Media TRI,2020-06-18,1460.336804717445
Nifty Media TRI,2020-06-19,1489.2401232327122
Nifty Media TRI,2020-06-22,1521.0016461918472
Nifty Media TRI,2020-06-23,1555.5439277479804
Nifty Media TRI,2020-06-24,1509.9045771210272
Nifty Media TRI,2020-06-25,1503.9799392522107
Nifty Media TRI,2020-06-26,1505.0862013384044
Nifty Media TRI,2020-06-29,1467.6114494411297
Nifty Media TRI,2020-06-30,1442.1467708081195
Nifty Media TRI,2020-07-01,1468.2659997627234
Nifty Media TRI,2020-07-02,1474.2027869264462
Nifty Media TRI,2020-07-03,1471.3361078967096
Nifty Media TRI,2020-07-06,1478.0355983269355
Nifty Media TRI,2020-07-07,1492.455570395897
Nifty Media TRI,2020-07-08,1469.134448488214
Nifty Media TRI,2020-07-09,1475.9312135226858
Nifty Media TRI,2020-07-10,1468.769012218515
Nifty Media TRI,2020-07-13,1478.1002221555132
Nifty Media TRI,2020-07-14,1467.5012301943761
Nifty Media TRI,2020-07-15,1442.7261322022616
Nifty Media TRI,2020-07-16,1419.0240035006375
Nifty Media TRI,2020-07-17,1435.4325961949648
Nifty Media TRI,2020-07-20,1443.366895676562
Nifty Media TRI,2020-07-21,1461.0126174512343
Nifty Media TRI,2020-07-22,1468.5629139448158
Nifty Media TRI,2020-07-23,1473.0522952053732
Nifty Media TRI,2020-07-24,1448.863389773885
Nifty Media TRI,2020-07-27,1430.7508272896337
Nifty Media TRI,2020-07-28,1427.881750010536
Nifty Media TRI,2020-07-29,1425.0125468675046
Nifty Media TRI,2020-07-30,1392.6012688383507
Nifty Media TRI,2020-07-31,1380.5460968989942
Nifty Media TRI,2020-08-03,1366.5088332520313
Nifty Media TRI,2020-08-04,1418.484302690806
Nifty Media TRI,2020-08-05,1434.684717108091
Nifty Media TRI,2020-08-06,1436.1664459899093
Nifty Media TRI,2020-08-07,1435.445724916579
Nifty Media TRI,2020-08-10,1439.5690701154244
Nifty Media TRI,2020-08-11,1468.2367046206473
Nifty Media TRI,2020-08-12,1503.1379157940592
Nifty Media TRI,2020-08-13,1523.9100787009165
Nifty Media TRI,2020-08-14,1504.278100626871
Nifty Media TRI,2020-08-17,1548.0081237177926
Nifty Media TRI,2020-08-18,1581.5186170778977
Nifty Media TRI,2020-08-19,1666.3482958665586
Nifty Media TRI,2020-08-20,1718.1334146454174
Nifty Media TRI,2020-08-21,1693.7200247717926
Nifty Media TRI,2020-08-24,1705.1166339271447
Nifty Media TRI,2020-08-25,1710.796834016143
Nifty Media TRI,2020-08-26,1754.366831656857
Nifty Media TRI,2020-08-27,1763.59545791281
Nifty Media TRI,2020-08-28,1795.3981002871055
Nifty Media TRI,2020-08-31,1690.434541424854
Nifty Media TRI,2020-09-01,1713.7456630207316
Nifty Media TRI,2020-09-02,1772.3191989392303
Nifty Media TRI,2020-09-03,1772.4653442740623
Nifty Media TRI,2020-09-04,1769.063770515657
Nifty Media TRI,2020-09-07,1777.8883425126573
Nifty Media TRI,2020-09-08,1724.5979418284014
Nifty Media TRI,2020-09-09,1744.9032327521306
Nifty Media TRI,2020-09-10,1768.2201127667354
Nifty Media TRI,2020-09-11,1752.6136590379372
Nifty Media TRI,2020-09-14,1783.8053279840703
Nifty Media TRI,2020-09-15,1776.263104890539
Nifty Media TRI,2020-09-16,1748.019482400983
Nifty Media TRI,2020-09-17,1752.574231371722
Nifty Media TRI,2020-09-18,1754.6557902409763
Nifty Media TRI,2020-09-21,1675.5607132049847
Nifty Media TRI,2020-09-22,1632.0927709261164
Nifty Media TRI,2020-09-23,1593.409021269816
Nifty Media TRI,2020-09-24,1543.9141413326768
Nifty Media TRI,2020-09-25,1596.9741951871506
Nifty Media TRI,2020-09-28,1673.2351400956723
Nifty Media TRI,2020-09-29,1666.9788193262589
Nifty Media TRI,2020-09-30,1664.9714573993679
Nifty Media TRI,2020-10-01,1711.5866099795207
Nifty Media TRI,2020-10-05,1708.669915477021
Nifty Media TRI,2020-10-06,1739.960475038603
Nifty Media TRI,2020-10-07,1695.8340744034776
Nifty Media TRI,2020-10-08,1687.425363011701
Nifty Media TRI,2020-10-09,1672.8835002956785
Nifty Media TRI,2020-10-12,1633.504445477107
Nifty Media TRI,2020-10-13,1606.370904618274
Nifty Media TRI,2020-10-14,1610.3334866104576
Nifty Media TRI,2020-10-15,1565.066640369074
Nifty Media TRI,2020-10-16,1559.0747762959127
Nifty Media TRI,2020-10-19,1534.2639668858722
Nifty Media TRI,2020-10-20,1564.4302359740523
Nifty Media TRI,2020-10-21,1554.9400674914832
Nifty Media TRI,2020-10-22,1566.8662547108358
Nifty Media TRI,2020-10-23,1577.7165883915038
Nifty Media TRI,2020-10-26,1534.5521498043443
Nifty Media TRI,2020-10-27,1556.0047341886248
Nifty Media TRI,2020-10-28,1533.757965896176
Nifty Media TRI,2020-10-29,1505.3750289572795
Nifty Media TRI,2020-10-30,1527.4741960871957
Nifty Media TRI,2020-11-02,1526.3361935616324
Nifty Media TRI,2020-11-03,1521.3637402945033
Nifty Media TRI,2020-11-04,1523.9267343086542
Nifty Media TRI,2020-11-05,1585.3231620863892
Nifty Media TRI,2020-11-06,1586.2190563309846
Nifty Media TRI,2020-11-09,1586.161350537981
Nifty Media TRI,2020-11-10,1602.6689732794925
Nifty Media TRI,2020-11-11,1598.397185043751
Nifty Media TRI,2020-11-12,1608.9299922807318
Nifty Media TRI,2020-11-13,1593.783024548273
Nifty Media TRI,2020-11-17,1579.7080192213007
Nifty Media TRI,2020-11-18,1588.1957470789694
Nifty Media TRI,2020-11-19,1592.3225759968827
Nifty Media TRI,2020-11-20,1577.711508487925
Nifty Media TRI,2020-11-23,1591.0076492900891
Nifty Media TRI,2020-11-24,1591.7962013215542
Nifty Media TRI,2020-11-25,1585.907335021947
Nifty Media TRI,2020-11-26,1595.3660361811417
Nifty Media TRI,2020-11-27,1618.9885653215044
Nifty Media TRI,2020-12-01,1649.0209790399051
Nifty Media TRI,2020-12-02,1657.5667128702664
Nifty Media TRI,2020-12-03,1704.0303768669698
Nifty Media TRI,2020-12-04,1705.791090878143
Nifty Media TRI,2020-12-07,1753.5192900956793
Nifty Media TRI,2020-12-08,1737.1822974998356
Nifty Media TRI,2020-12-09,1802.7766648350917
Nifty Media TRI,2020-12-10,1773.565389570314
Nifty Media TRI,2020-12-11,1787.0714923015676
Nifty Media TRI,2020-12-14,1822.906391886261
Nifty Media TRI,2020-12-15,1855.5940654550163
Nifty Media TRI,2020-12-16,1861.2375483275828
Nifty Media TRI,2020-12-17,1825.1807673026385
Nifty Media TRI,2020-12-18,1822.9577410148747
Nifty Media TRI,2020-12-21,1710.0338557412406
Nifty Media TRI,2020-12-22,1722.6258272534374
Nifty Media TRI,2020-12-23,1778.9719240294642
Nifty Media TRI,2020-12-24,1765.4317596055857
Nifty Media TRI,2020-12-28,1783.0460085560976
Nifty Media TRI,2020-12-29,1757.1635109521294
Nifty Media TRI,2020-12-30,1760.1119591643433
Nifty Media TRI,2020-12-31,1777.3422205739948
Nifty Media TRI,2021-01-04,1806.2249061951911
Nifty Media TRI,2021-01-05,1818.445544322229
Nifty Media TRI,2021-01-06,1823.0127801080237
Nifty Media TRI,2021-01-07,1833.9406038224895
Nifty Media TRI,2021-01-08,1893.7046745126693
Nifty Media TRI,2021-01-11,1864.7193289353208
Nifty Media TRI,2021-01-12,1890.4199192115304
Nifty Media TRI,2021-01-13,1896.5528403328929
Nifty Media TRI,2021-01-14,1892.173521619182
Nifty Media TRI,2021-01-15,1868.1167038240653
Nifty Media TRI,2021-01-18,1826.2397682369892
Nifty Media TRI,2021-01-19,1871.6764302785987
Nifty Media TRI,2021-01-20,1891.6124618320564
Nifty Media TRI,2021-01-21,1853.1024676851544
Nifty Media TRI,2021-01-25,1811.8517657420737
Nifty Media TRI,2021-01-27,1800.822237641274
Nifty Media TRI,2021-01-28,1799.6751767113255
Nifty Media TRI,2021-01-29,1779.7073725181863
Nifty Media TRI,2021-02-01,1840.7656437043931
Nifty Media TRI,2021-02-02,1901.10176481755
Nifty Media TRI,2021-02-03,1904.0017218946277
Nifty Media TRI,2021-02-04,1942.9838107582998
Nifty Media TRI,2021-02-05,1856.136063965802
Nifty Media TRI,2021-02-08,1876.322969009848
Nifty Media TRI,2021-02-09,1841.302771692766
Nifty Media TRI,2021-02-10,1841.9362175106162
Nifty Media TRI,2021-02-11,1837.6071330606042
Nifty Media TRI,2021-02-12,1820.0615128447741
Nifty Media TRI,2021-02-16,1800.691034446862
Nifty Media TRI,2021-02-18,1825.9105933004448
Nifty Media TRI,2021-02-19,1810.2504828782262
Nifty Media TRI,2021-02-22,1748.42802031758
Nifty Media TRI,2021-02-23,1751.1099883940465
Nifty Media TRI,2021-02-24,1776.4545037099042
Nifty Media TRI,2021-02-25,1800.235233030314
Nifty Media TRI,2021-02-26,1753.86872632716
Nifty Media TRI,2021-03-01,1829.5866382496968
Nifty Media TRI,2021-03-02,1844.4130191097279
Nifty Media TRI,2021-03-03,1856.1638731240807
Nifty Media TRI,2021-03-04,1885.8863673495025
Nifty Media TRI,2021-03-05,1869.6290638940932
Nifty Media TRI,2021-03-08,1888.6955164041326
Nifty Media TRI,2021-03-09,1861.8041656938403
Nifty Media TRI,2021-03-10,1867.6200104133013
Nifty Media TRI,2021-03-12,1851.6164180967612
Nifty Media TRI,2021-03-15,1825.1254589934836
Nifty Media TRI,2021-03-16,1823.7617065444613
Nifty Media TRI,2021-03-17,1769.4410609998024
Nifty Media TRI,2021-03-18,1769.047766517265
Nifty Media TRI,2021-03-19,1785.7676524538974
Nifty Media TRI,2021-03-22,1768.2843674083952
Nifty Media TRI,2021-03-23,1763.139885254619
Nifty Media TRI,2021-03-24,1719.4457813826673
Nifty Media TRI,2021-03-25,1666.8951344567517
Nifty Media TRI,2021-03-26,1667.8493569810446
Nifty Media TRI,2021-03-30,1671.0727577818154
Nifty Media TRI,2021-03-31,1668.9492509069314
Nifty Media TRI,2021-04-01,1706.8398876135204
Nifty Media TRI,2021-04-05,1655.1440747882516
Nifty Media TRI,2021-04-06,1649.5095386166029
Nifty Media TRI,2021-04-07,1662.2911719605227
Nifty Media TRI,2021-04-08,1668.1603802410393
Nifty Media TRI,2021-04-09,1681.8071841182518
Nifty Media TRI,2021-04-12,1545.6959706307834
Nifty Media TRI,2021-04-13,1574.0333093773172
Nifty Media TRI,2021-04-15,1563.6767300685885
Nifty Media TRI,2021-04-16,1592.8805211584975
Nifty Media TRI,2021-04-19,1550.9560532465346
Nifty Media TRI,2021-04-20,1598.3137709175621
Nifty Media TRI,2021-04-22,1627.8271304074524
Nifty Media TRI,2021-04-23,1635.5343329689854
Nifty Media TRI,2021-04-26,1638.2348296189848
Nifty Media TRI,2021-04-27,1666.0964758459888
Nifty Media TRI,2021-04-28,1683.5850748475796
Nifty Media TRI,2021-04-29,1678.8669838096716
Nifty Media TRI,2021-04-30,1672.8516488877442
Nifty Media TRI,2021-05-03,1650.4273328285856
Nifty Media TRI,2021-05-04,1648.896256141353
Nifty Media TRI,2021-05-06,1678.474779015535
Nifty Media TRI,2021-05-07,1693.6974409582415
Nifty Media TRI,2021-05-10,1736.5588986364096
Nifty Media TRI,2021-05-12,1761.7672538857278
Nifty Media TRI,2021-05-14,1734.3321219214517
Nifty Media TRI,2021-05-17,1725.2563731693112
Nifty Media TRI,2021-05-18,1754.2678899648681
Nifty Media TRI,2021-05-19,1789.4970746385936
Nifty Media TRI,2021-05-21,1802.9818583389458
Nifty Media TRI,2021-05-24,1824.6709669976128
Nifty Media TRI,2021-05-26,1917.688401953325
Nifty Media TRI,2021-05-27,1936.7075480649416
Nifty Media TRI,2021-05-28,1931.0185977030703
Nifty Media TRI,2021-06-01,1910.9100517100715
Nifty Media TRI,2021-06-02,1914.7909996816918
Nifty Media TRI,2021-06-03,1946.304115027915
Nifty Media TRI,2021-06-04,1966.138201155089
Nifty Media TRI,2021-06-07,1989.1424263378992
Nifty Media TRI,2021-06-08,2006.1130177635825
Nifty Media TRI,2021-06-09,1964.0272728843397
Nifty Media TRI,2021-06-10,2055.2535998021463
Nifty Media TRI,2021-06-11,2035.5037886455868
Nifty Media TRI,2021-06-14,2022.7100200690638
Nifty Media TRI,2021-06-15,2063.2666440046414
Nifty Media TRI,2021-06-16,2040.810223577597
Nifty Media TRI,2021-06-17,2018.623277528997
Nifty Media TRI,2021-06-18,2005.6851840278068
Nifty Media TRI,2021-06-21,2016.0406313340477
Nifty Media TRI,2021-06-22,2017.5452039097886
Nifty Media TRI,2021-06-23,2007.6892369131822
Nifty Media TRI,2021-06-24,1984.9031600763765
Nifty Media TRI,2021-06-25,1986.2989744189745
Nifty Media TRI,2021-06-28,1973.768688849893
Nifty Media TRI,2021-06-29,1960.555975094855
Nifty Media TRI,2021-06-30,1945.124269592005
Nifty Media TRI,2021-07-01,1942.1907885427033
Nifty Media TRI,2021-07-02,1953.4336415735934
Nifty Media TRI,2021-07-06,1983.4747143473226
Nifty Media TRI,2021-07-07,1980.0547014729752
Nifty Media TRI,2021-07-08,1956.8280950222882
Nifty Media TRI,2021-07-09,1975.216395744038
Nifty Media TRI,2021-07-12,1971.557233860108
Nifty Media TRI,2021-07-13,1960.0182489832634
Nifty Media TRI,2021-07-14,1963.8496118981643
Nifty Media TRI,2021-07-15,1956.9645456235407
Nifty Media TRI,2021-07-16,1949.4838793587514
Nifty Media TRI,2021-07-19,1939.3810471600764
Nifty Media TRI,2021-07-20,1889.4614815114196
Nifty Media TRI,2021-07-22,1917.800984187788
Nifty Media TRI,2021-07-23,1899.0043269273842
Nifty Media TRI,2021-07-26,1905.1378833595638
Nifty Media TRI,2021-07-27,1895.9217508811867
Nifty Media TRI,2021-07-28,1891.253007461568
Nifty Media TRI,2021-07-29,1907.5905138279163
Nifty Media TRI,2021-07-30,1944.7734573252164
Nifty Media TRI,2021-08-02,1945.6587229709241
Nifty Media TRI,2021-08-03,1929.565610626939
Nifty Media TRI,2021-08-04,1906.2699916444801
Nifty Media TRI,2021-08-05,1876.4214192661066
Nifty Media TRI,2021-08-06,1858.2678791389144
Nifty Media TRI,2021-08-09,1878.6430316193678
Nifty Media TRI,2021-08-10,1833.4105551285031
Nifty Media TRI,2021-08-11,1823.4316971464393
Nifty Media TRI,2021-08-12,1865.0099899377446
Nifty Media TRI,2021-08-13,1847.7200084815229
Nifty Media TRI,2021-08-16,1821.3016173994406
Nifty Media TRI,2021-08-17,1809.967107138682
Nifty Media TRI,2021-08-18,1805.7276706302096
Nifty Media TRI,2021-08-20,1737.8273635309113
Nifty Media TRI,2021-08-23,1708.418368438777
Nifty Media TRI,2021-08-24,1741.8793273301471
Nifty Media TRI,2021-08-25,1729.9451485297548
Nifty Media TRI,2021-08-26,1709.7762044744406
Nifty Media TRI,2021-08-27,1726.4992626330043
Nifty Media TRI,2021-08-30,1737.664739111322
Nifty Media TRI,2021-08-31,1735.535463439844
Nifty Media TRI,2021-09-01,1745.2175330746015
Nifty Media TRI,2021-09-02,1751.053051287302
Nifty Media TRI,2021-09-03,1776.936590889232
Nifty Media TRI,2021-09-06,1800.515758220461
Nifty Media TRI,2021-09-07,1802.3973732279758
Nifty Media TRI,2021-09-08,1790.8943965800129
Nifty Media TRI,2021-09-09,1844.0399099835004
Nifty Media TRI,2021-09-13,1868.9137954082662
Nifty Media TRI,2021-09-14,2138.038500377299
Nifty Media TRI,2021-09-15,2105.024764959714
Nifty Media TRI,2021-09-16,2069.0286692336476
Nifty Media TRI,2021-09-17,2089.3986969996745
Nifty Media TRI,2021-09-20,2080.1582568773238
Nifty Media TRI,2021-09-21,2104.595633872117
Nifty Media TRI,2021-09-22,2390.196775562155
Nifty Media TRI,2021-09-23,2349.4852991179328
Nifty Media TRI,2021-09-24,2334.466841503326
Nifty Media TRI,2021-09-27,2372.7844959688464
Nifty Media TRI,2021-09-28,2333.42377557134
Nifty Media TRI,2021-09-29,2339.8175484808858
Nifty Media TRI,2021-09-30,2318.5621730682715
Nifty Media TRI,2021-10-01,2335.961958729385
Nifty Media TRI,2021-10-04,2396.8953068729725
Nifty Media TRI,2021-10-05,2416.7922693783553
Nifty Media TRI,2021-10-06,2400.3072298560223
Nifty Media TRI,2021-10-07,2423.1334059138444
Nifty Media TRI,2021-10-08,2444.4966729780526
Nifty Media TRI,2021-10-11,2479.0915014806783
Nifty Media TRI,2021-10-12,2515.5334815147107
Nifty Media TRI,2021-10-13,2522.638319672439
Nifty Media TRI,2021-10-14,2549.8091738234334
Nifty Media TRI,2021-10-18,2531.7539227511716
Nifty Media TRI,2021-10-19,2506.4801102388114
Nifty Media TRI,2021-10-20,2532.3524846178966
Nifty Media TRI,2021-10-21,2531.702717093446
Nifty Media TRI,2021-10-22,2475.0759919777206
Nifty Media TRI,2021-10-25,2469.7592202226783
Nifty Media TRI,2021-10-26,2533.931789196363
Nifty Media TRI,2021-10-27,2482.5607319571127
Nifty Media TRI,2021-10-28,2421.6399595790513
Nifty Media TRI,2021-10-29,2436.882619155094
Nifty Media TRI,2021-11-01,2499.7042578662536
Nifty Media TRI,2021-11-02,2523.521991769886
Nifty Media TRI,2021-11-03,2496.883591980251
Nifty Media TRI,2021-11-04,2533.561195725608
Nifty Media TRI,2021-11-08,2569.8660062993836
Nifty Media TRI,2021-11-09,2574.8056871655353
Nifty Media TRI,2021-11-10,2554.6213792702974
Nifty Media TRI,2021-11-11,2524.288834973101
Nifty Media TRI,2021-11-12,2521.1422658480496
Nifty Media TRI,2021-11-15,2515.174923366853
Nifty Media TRI,2021-11-16,2509.2056937563493
Nifty Media TRI,2021-11-17,2519.246407499561
Nifty Media TRI,2021-11-18,2467.524915785519
Nifty Media TRI,2021-11-22,2371.3428193387417
Nifty Media TRI,2021-11-23,2426.3249918311535
Nifty Media TRI,2021-11-24,2474.795676747131
Nifty Media TRI,2021-11-25,2509.589733192213
Nifty Media TRI,2021-11-26,2420.8925322030195
Nifty Media TRI,2021-11-29,2366.927903868816
Nifty Media TRI,2021-11-30,2357.262171273275
Nifty Media TRI,2021-12-01,2381.8518217362785
Nifty Media TRI,2021-12-02,2418.766399170423
Nifty Media TRI,2021-12-03,2460.623104512941
Nifty Media TRI,2021-12-06,2432.931238425782
Nifty Media TRI,2021-12-07,2468.2764329412335
Nifty Media TRI,2021-12-08,2530.3913604524123
Nifty Media TRI,2021-12-09,2620.8526251452145
Nifty Media TRI,2021-12-10,2685.6888102239272
Nifty Media TRI,2021-12-13,2637.3180491298235
Nifty Media TRI,2021-12-14,2678.4834461125074
Nifty Media TRI,2021-12-15,2642.4290261493047
Nifty Media TRI,2021-12-16,2595.6205048050733
Nifty Media TRI,2021-12-17,2472.6164813241776
Nifty Media TRI,2021-12-20,2375.344490753028
Nifty Media TRI,2021-12-21,2435.7912643748928
Nifty Media TRI,2021-12-22,2468.867070980265
Nifty Media TRI,2021-12-23,2441.763670900202
Nifty Media TRI,2021-12-24,2434.8102671113766
Nifty Media TRI,2021-12-27,2409.2220813568097
Nifty Media TRI,2021-12-28,2413.4030476513008
Nifty Media TRI,2021-12-29,2389.934538005149
Nifty Media TRI,2021-12-30,2387.216159893955
Nifty Media TRI,2021-12-31,2410.68193678801
Nifty Media TRI,2022-01-03,2446.0438645008403
Nifty Media TRI,2022-01-04,2446.3144890557137
Nifty Media TRI,2022-01-05,2435.5562551379026
Nifty Media TRI,2022-01-06,2457.7222578844885
Nifty Media TRI,2022-01-07,2437.4556489916417
Nifty Media TRI,2022-01-10,2492.4943906356552
Nifty Media TRI,2022-01-11,2491.516150639657
Nifty Media TRI,2022-01-12,2511.947339516206
Nifty Media TRI,2022-01-13,2525.478472782373
Nifty Media TRI,2022-01-14,2517.8714913329377
Nifty Media TRI,2022-01-17,2530.5898359940543
Nifty Media TRI,2022-01-18,2501.4070922466462
Nifty Media TRI,2022-01-19,2526.678661733057
Nifty Media TRI,2022-01-20,2509.01637735432
Nifty Media TRI,2022-01-21,2422.0584807247055
Nifty Media TRI,2022-01-24,2311.120644478095
Nifty Media TRI,2022-01-25,2361.9373077843156
Nifty Media TRI,2022-01-27,2375.9011467290406
Nifty Media TRI,2022-01-28,2396.554302842716
Nifty Media TRI,2022-01-31,2430.3062593971376
Nifty Media TRI,2022-02-01,2443.242898806879
Nifty Media TRI,2022-02-02,2486.5148840717197
Nifty Media TRI,2022-02-03,2471.9996006811975
Nifty Media TRI,2022-02-04,2425.299202862399
Nifty Media TRI,2022-02-07,2389.411094245487
Nifty Media TRI,2022-02-08,2364.8880319944756
Nifty Media TRI,2022-02-09,2408.980479689047
Nifty Media TRI,2022-02-10,2449.0513298452147
Nifty Media TRI,2022-02-11,2415.7734600489675
Nifty Media TRI,2022-02-14,2313.974024687588
Nifty Media TRI,2022-02-15,2401.3565007941183
Nifty Media TRI,2022-02-16,2386.9982600209637
Nifty Media TRI,2022-02-17,2369.2135000954972
Nifty Media TRI,2022-02-18,2352.95055572129
Nifty Media TRI,2022-02-21,2289.3644519006507
Nifty Media TRI,2022-02-22,2213.7622367733443
Nifty Media TRI,2022-02-23,2230.0183258152715
Nifty Media TRI,2022-02-24,2075.0575609453695
Nifty Media TRI,2022-02-25,2172.4616610118824
Nifty Media TRI,2022-02-28,2187.344665186879
Nifty Media TRI,2022-03-02,2228.2916767247384
Nifty Media TRI,2022-03-03,2236.9894427565478
Nifty Media TRI,2022-03-04,2172.7934421321356
Nifty Media TRI,2022-03-07,2162.816906054875
Nifty Media TRI,2022-03-08,2222.490204546133
Nifty Media TRI,2022-03-09,2312.578516912597
Nifty Media TRI,2022-03-10,2320.1368669651574
Nifty Media TRI,2022-03-11,2319.4258376473813
Nifty Media TRI,2022-03-14,2376.3277744386023
Nifty Media TRI,2022-03-15,2321.695786706158
Nifty Media TRI,2022-03-16,2336.982064723869
Nifty Media TRI,2022-03-17,2363.4783755537856
Nifty Media TRI,2022-03-21,2374.5684065592045
Nifty Media TRI,2022-03-22,2381.0416731026226
Nifty Media TRI,2022-03-23,2386.100480580044
Nifty Media TRI,2022-03-24,2527.106693718976
Nifty Media TRI,2022-03-25,2528.250297663284
Nifty Media TRI,2022-03-28,2543.3287702105276
Nifty Media TRI,2022-03-29,2512.360072031409
Nifty Media TRI,2022-03-30,2569.620422047531
Nifty Media TRI,2022-03-31,2590.469139689118
Nifty Media TRI,2022-04-01,2635.159855240842
Nifty Media TRI,2022-04-04,2672.402698134867
Nifty Media TRI,2022-04-05,2665.4387173539876
Nifty Media TRI,2022-04-06,2642.850650265452
Nifty Media TRI,2022-04-07,2609.3740463437607
Nifty Media TRI,2022-04-08,2626.7428706783126
Nifty Media TRI,2022-04-11,2662.6844912141764
Nifty Media TRI,2022-04-12,2622.398768886406
Nifty Media TRI,2022-04-13,2602.2018841479153
Nifty Media TRI,2022-04-18,2564.6960082401256
Nifty Media TRI,2022-04-19,2515.4716934991043
Nifty Media TRI,2022-04-20,2504.0366137850324
Nifty Media TRI,2022-04-21,2501.0961776295103
Nifty Media TRI,2022-04-22,2494.779443951004
Nifty Media TRI,2022-04-25,2440.917841837657
Nifty Media TRI,2022-04-26,2487.372523674336
Nifty Media TRI,2022-04-27,2489.1694391563524
Nifty Media TRI,2022-04-28,2410.7410294971855
Nifty Media TRI,2022-04-29,2341.677319715145
Nifty Media TRI,2022-05-02,2351.580438473596
Nifty Media TRI,2022-05-04,2250.802624871102
Nifty Media TRI,2022-05-05,2244.968555546062
Nifty Media TRI,2022-05-06,2201.4932333839442
Nifty Media TRI,2022-05-09,2143.237898479423
Nifty Media TRI,2022-05-10,2135.7122267479876
Nifty Media TRI,2022-05-11,2130.9645989734317
Nifty Media TRI,2022-05-12,2096.9606742286046
Nifty Media TRI,2022-05-13,2119.725326315716
Nifty Media TRI,2022-05-16,2127.328535885299
Nifty Media TRI,2022-05-17,2191.396706132637
Nifty Media TRI,2022-05-18,2187.03108196148
Nifty Media TRI,2022-05-19,2105.181827160188
Nifty Media TRI,2022-05-20,2199.3867955517935
Nifty Media TRI,2022-05-23,2178.0057172666216
Nifty Media TRI,2022-05-24,2122.0869699346003
Nifty Media TRI,2022-05-25,2061.370097006365
Nifty Media TRI,2022-05-26,2082.8869521315387
Nifty Media TRI,2022-05-27,2134.7059602742847
Nifty Media TRI,2022-05-30,2203.463714725176
Nifty Media TRI,2022-05-31,2237.5217591772807
Nifty Media TRI,2022-06-01,2220.89229463977
Nifty Media TRI,2022-06-02,2245.740938627015
Nifty Media TRI,2022-06-03,2211.7230385263465
Nifty Media TRI,2022-06-06,2184.2856197866395
Nifty Media TRI,2022-06-07,2149.4458655848653
Nifty Media TRI,2022-06-08,2181.4917221438714
Nifty Media TRI,2022-06-09,2189.0622651846916
Nifty Media TRI,2022-06-10,2159.072126076556
Nifty Media TRI,2022-06-13,2073.4010420938775
Nifty Media TRI,2022-06-14,2070.011495034742
Nifty Media TRI,2022-06-15,2064.0047603037656
Nifty Media TRI,2022-06-16,1997.968816129761
Nifty Media TRI,2022-06-17,1999.7026842975208
Nifty Media TRI,2022-06-20,1948.0873276589155
Nifty Media TRI,2022-06-21,2055.0051456821557
Nifty Media TRI,2022-06-22,1983.1257343956477
Nifty Media TRI,2022-06-23,2013.324448172001
Nifty Media TRI,2022-06-24,2064.464633762566
Nifty Media TRI,2022-06-27,2064.817839346562
Nifty Media TRI,2022-06-28,2075.98842158872
Nifty Media TRI,2022-06-29,2072.1068872513565
Nifty Media TRI,2022-06-30,2069.8070246100892
Nifty Media TRI,2022-07-01,2083.868963733284
Nifty Media TRI,2022-07-04,2093.00506004715
Nifty Media TRI,2022-07-05,2074.232737105536
Nifty Media TRI,2022-07-06,2112.51470373966
Nifty Media TRI,2022-07-07,2122.8703022401965
Nifty Media TRI,2022-07-08,2124.1712555525187
Nifty Media TRI,2022-07-11,2129.056279832999
Nifty Media TRI,2022-07-12,2104.717468638086
Nifty Media TRI,2022-07-13,2115.29227771348
Nifty Media TRI,2022-07-14,2107.5915574567466
Nifty Media TRI,2022-07-15,2114.784528045584
Nifty Media TRI,2022-07-18,2142.203114672908
Nifty Media TRI,2022-07-19,2134.884040591421
Nifty Media TRI,2022-07-20,2125.654950516509
Nifty Media TRI,2022-07-21,2150.9098291891924
Nifty Media TRI,2022-07-22,2157.39546319098
Nifty Media TRI,2022-07-25,2142.2574312482716
Nifty Media TRI,2022-07-26,2160.8033007397275
Nifty Media TRI,2022-07-27,2206.7447596969964
Nifty Media TRI,2022-07-28,2237.298872679175
Nifty Media TRI,2022-07-29,2269.2185206614877
Nifty Media TRI,2022-08-01,2321.5970853559347
Nifty Media TRI,2022-08-02,2319.7921272848394
Nifty Media TRI,2022-08-03,2310.0184437535354
Nifty Media TRI,2022-08-04,2289.601117620107
Nifty Media TRI,2022-08-05,2277.752345725257
Nifty Media TRI,2022-08-08,2296.0782385756575
Nifty Media TRI,2022-08-10,2284.9879360574596
Nifty Media TRI,2022-08-11,2262.765610077326
Nifty Media TRI,2022-08-12,2230.8251127322005
Nifty Media TRI,2022-08-16,2224.4137550629657
Nifty Media TRI,2022-08-17,2256.946945169943
Nifty Media TRI,2022-08-18,2255.303614037051
Nifty Media TRI,2022-08-19,2253.3874844544257
Nifty Media TRI,2022-08-22,2248.0747639789593
Nifty Media TRI,2022-08-23,2252.382752122888
Nifty Media TRI,2022-08-24,2291.5833581001193
Nifty Media TRI,2022-08-25,2290.5956313314477
Nifty Media TRI,2022-08-26,2275.519681337262
Nifty Media TRI,2022-08-29,2229.3589951228405
Nifty Media TRI,2022-08-30,2260.0446342417526
Nifty Media TRI,2022-09-01,2262.9286094022955
Nifty Media TRI,2022-09-02,2274.392486387067
Nifty Media TRI,2022-09-05,2337.134433900614
Nifty Media TRI,2022-09-06,2327.8453647474266
Nifty Media TRI,2022-09-07,2361.815898539423
Nifty Media TRI,2022-09-08,2351.2707545314324
Nifty Media TRI,2022-09-09,2346.733731268348
Nifty Media TRI,2022-09-12,2393.3747269927935
Nifty Media TRI,2022-09-13,2402.276822068686
Nifty Media TRI,2022-09-14,2423.1430964681363
Nifty Media TRI,2022-09-15,2370.477408480546
Nifty Media TRI,2022-09-16,2274.158654891959
Nifty Media TRI,2022-09-19,2303.04549842654
Nifty Media TRI,2022-09-20,2324.5133883531666
Nifty Media TRI,2022-09-21,2317.952875673957
Nifty Media TRI,2022-09-22,2360.7859144171684
Nifty Media TRI,2022-09-23,2279.6420888074613
Nifty Media TRI,2022-09-26,2210.229789014334
Nifty Media TRI,2022-09-27,2217.928296848063
Nifty Media TRI,2022-09-28,2195.7903054822855
Nifty Media TRI,2022-09-29,2222.2875870080193
Nifty Media TRI,2022-09-30,2254.6878217604362
Nifty Media TRI,2022-10-03,2228.8210793117682
Nifty Media TRI,2022-10-04,2290.4639136538435
Nifty Media TRI,2022-10-06,2353.0354272152053
Nifty Media TRI,2022-10-07,2362.0504306204093
Nifty Media TRI,2022-10-10,2336.897087352879
Nifty Media TRI,2022-10-11,2289.775198857906
Nifty Media TRI,2022-10-12,2288.294700414555
Nifty Media TRI,2022-10-13,2294.4668298616575
Nifty Media TRI,2022-10-14,2276.368200777437
Nifty Media TRI,2022-10-17,2258.3670473834886
Nifty Media TRI,2022-10-18,2306.7992360308745
Nifty Media TRI,2022-10-19,2300.343746375865
Nifty Media TRI,2022-10-20,2300.7220179414276
Nifty Media TRI,2022-10-21,2256.431912201841
Nifty Media TRI,2022-10-24,2264.070199339613
Nifty Media TRI,2022-10-25,2251.816971017761
Nifty Media TRI,2022-10-27,2267.116618119192
Nifty Media TRI,2022-10-28,2248.027414261419
Nifty Media TRI,2022-10-31,2255.6118234489018
Nifty Media TRI,2022-11-01,2249.536018209879
Nifty Media TRI,2022-11-02,2268.7258446252968
Nifty Media TRI,2022-11-03,2273.4239083700086
Nifty Media TRI,2022-11-04,2297.7559207435334
Nifty Media TRI,2022-11-07,2302.6647764393606
Nifty Media TRI,2022-11-09,2295.818721264402
Nifty Media TRI,2022-11-10,2285.038827333481
Nifty Media TRI,2022-11-11,2301.9904908276726
Nifty Media TRI,2022-11-14,2247.0014656653657
Nifty Media TRI,2022-11-15,2242.5099459448647
Nifty Media TRI,2022-11-16,2210.2285507595225
Nifty Media TRI,2022-11-17,2188.1209368720847
Nifty Media TRI,2022-11-18,2178.594956182185
Nifty Media TRI,2022-11-21,2184.1538325472648
Nifty Media TRI,2022-11-22,2197.222899225773
Nifty Media TRI,2022-11-23,2222.3840100809134
Nifty Media TRI,2022-11-24,2240.488150598508
Nifty Media TRI,2022-11-25,2297.0581006813813
Nifty Media TRI,2022-11-28,2295.9497463921257
Nifty Media TRI,2022-11-29,2298.900159214034
Nifty Media TRI,2022-11-30,2316.4063450675603
Nifty Media TRI,2022-12-01,2364.5578761725224
Nifty Media TRI,2022-12-02,2393.5034480976346
Nifty Media TRI,2022-12-05,2398.6951141502022
Nifty Media TRI,2022-12-06,2374.229210440086
Nifty Media TRI,2022-12-07,2339.8558540066633
Nifty Media TRI,2022-12-08,2357.5303329527524
Nifty Media TRI,2022-12-09,2342.420888134505
Nifty Media TRI,2022-12-12,2346.1868007213
Nifty Media TRI,2022-12-13,2345.3621426967293
Nifty Media TRI,2022-12-14,2370.0454045897054
Nifty Media TRI,2022-12-15,2320.831843089095
Nifty Media TRI,2022-12-16,2290.775265770014
Nifty Media TRI,2022-12-19,2298.261099684064
Nifty Media TRI,2022-12-20,2279.588288100101
Nifty Media TRI,2022-12-21,2210.493352420227
Nifty Media TRI,2022-12-22,2194.555320063726
Nifty Media TRI,2022-12-23,2085.050916380437
Nifty Media TRI,2022-12-27,2170.2104360111584
Nifty Media TRI,2022-12-28,2183.6178771271793
Nifty Media TRI,2022-12-29,2169.5932737120443
Nifty Media TRI,2022-12-30,2181.5776799025634
Nifty Media TRI,2023-01-02,2207.2388607418266
Nifty Media TRI,2023-01-03,2191.734693597071
Nifty Media TRI,2023-01-04,2158.9793471479666
Nifty Media TRI,2023-01-05,2163.2980868626514
Nifty Media TRI,2023-01-06,2131.9099590394794
Nifty Media TRI,2023-01-09,2142.3460982608044
Nifty Media TRI,2023-01-10,2121.744347296051
Nifty Media TRI,2023-01-11,2130.6637147834167
Nifty Media TRI,2023-01-12,2147.7444053330023
Nifty Media TRI,2023-01-13,2160.6631095463
Nifty Media TRI,2023-01-16,2131.3890798398784
Nifty Media TRI,2023-01-17,2113.194275301513
Nifty Media TRI,2023-01-18,2118.4444576757433
Nifty Media TRI,2023-01-19,2097.3999897551344
Nifty Media TRI,2023-01-20,2068.9043047961272
Nifty Media TRI,2023-01-23,2071.9980912264673
Nifty Media TRI,2023-01-24,2080.53527443645
Nifty Media TRI,2023-01-25,2054.2823427508274
Nifty Media TRI,2023-01-27,2039.5236810045942
Nifty Media TRI,2023-01-30,2032.5339273039372
Nifty Media TRI,2023-01-31,2080.6886036675546
Nifty Media TRI,2023-02-01,2024.5128312370211
Nifty Media TRI,2023-02-02,2034.6397266663537
Nifty Media TRI,2023-02-03,2025.7518624989048
Nifty Media TRI,2023-02-06,2041.7224525139416
Nifty Media TRI,2023-02-07,2031.2994327962276
Nifty Media TRI,2023-02-08,2042.6883356762278
Nifty Media TRI,2023-02-09,2055.0642710522643
Nifty Media TRI,2023-02-10,2063.2206105067476
Nifty Media TRI,2023-02-13,2012.7104451963357
Nifty Media TRI,2023-02-14,2009.62995880432
Nifty Media TRI,2023-02-15,2018.1151250747746
Nifty Media TRI,2023-02-16,2021.77682673702
Nifty Media TRI,2023-02-17,2006.3629428539944
Nifty Media TRI,2023-02-20,1994.379283016824
Nifty Media TRI,2023-02-21,1977.2090910431305
Nifty Media TRI,2023-02-22,1939.0964413628958
Nifty Media TRI,2023-02-23,1904.8195928077625
Nifty Media TRI,2023-02-24,1898.227386201299
Nifty Media TRI,2023-02-27,1824.4988398359696
Nifty Media TRI,2023-02-28,1869.4435274646985
Nifty Media TRI,2023-03-01,1905.4527218468227
Nifty Media TRI,2023-03-02,1895.4054013431298
Nifty Media TRI,2023-03-03,1919.5730114032845
Nifty Media TRI,2023-03-06,1919.8082909889738
Nifty Media TRI,2023-03-08,1930.2564588638475
Nifty Media TRI,2023-03-09,1914.559634450023
Nifty Media TRI,2023-03-10,1895.187818528738
Nifty Media TRI,2023-03-13,1847.6520167308836
Nifty Media TRI,2023-03-14,1850.5991668619565
Nifty Media TRI,2023-03-15,1827.9877983549745
Nifty Media TRI,2023-03-16,1904.1566758204565
Nifty Media TRI,2023-03-17,1887.5241260182772
Nifty Media TRI,2023-03-20,1889.9514514676898
Nifty Media TRI,2023-03-21,1913.250701658593
Nifty Media TRI,2023-03-22,1907.1486918311718
Nifty Media TRI,2023-03-23,1905.764113543431
Nifty Media TRI,2023-03-24,1860.3836234343937
Nifty Media TRI,2023-03-27,1840.4261583109844
Nifty Media TRI,2023-03-28,1809.4690966007772
Nifty Media TRI,2023-03-29,1857.4593681610932
Nifty Media TRI,2023-03-31,1865.550756299312
Nifty Media TRI,2023-04-03,1878.4025531374891
Nifty Media TRI,2023-04-05,1891.0502571913541
Nifty Media TRI,2023-04-06,1901.6820463477359
Nifty Media TRI,2023-04-10,1904.152843710327
Nifty Media TRI,2023-04-11,1915.718991554953
Nifty Media TRI,2023-04-12,1904.729795134587
Nifty Media TRI,2023-04-13,1890.6668360805877
Nifty Media TRI,2023-04-17,1883.477121950628
Nifty Media TRI,2023-04-18,1877.2609605847233
Nifty Media TRI,2023-04-19,1845.192048750876
Nifty Media TRI,2023-04-20,1848.9098969033655
Nifty Media TRI,2023-04-21,1873.596396494259
Nifty Media TRI,2023-04-24,1849.181141209077
Nifty Media TRI,2023-04-25,1835.9915305406255
Nifty Media TRI,2023-04-26,1839.5998921021628
Nifty Media TRI,2023-04-27,1849.3569863108376
Nifty Media TRI,2023-04-28,1882.8859887029803
Nifty Media TRI,2023-05-02,1892.1094991897621
Nifty Media TRI,2023-05-03,1897.4217518081746
Nifty Media TRI,2023-05-04,1908.4992968003644
Nifty Media TRI,2023-05-05,1875.2668727047792
Nifty Media TRI,2023-05-08,1864.1875980322086
Nifty Media TRI,2023-05-09,1859.9451903447903
Nifty Media TRI,2023-05-10,1885.2461200597058
Nifty Media TRI,2023-05-11,1889.9000555747673
Nifty Media TRI,2023-05-12,1868.7435756680286
Nifty Media TRI,2023-05-15,1907.4196914503902
Nifty Media TRI,2023-05-16,1881.1540640875235
Nifty Media TRI,2023-05-17,1841.9257314967567
Nifty Media TRI,2023-05-18,1826.6423408292897
Nifty Media TRI,2023-05-19,1830.6917128884706
Nifty Media TRI,2023-05-22,1829.1087025426477
Nifty Media TRI,2023-05-23,1849.6372945764638
Nifty Media TRI,2023-05-24,1859.8946545881222
Nifty Media TRI,2023-05-25,1858.8915796025278
Nifty Media TRI,2023-05-26,1900.6262131791416
Nifty Media TRI,2023-05-29,1910.0898257475785
Nifty Media TRI,2023-05-30,1923.2067136939063
Nifty Media TRI,2023-05-31,1929.2919574218697
Nifty Media TRI,2023-06-01,1942.9592365165668
Nifty Media TRI,2023-06-02,1960.8575698449558
Nifty Media TRI,2023-06-05,1978.1837080459452
Nifty Media TRI,2023-06-06,1975.3696900635564
Nifty Media TRI,2023-06-07,1984.369097755466
Nifty Media TRI,2023-06-08,1954.245680543949
Nifty Media TRI,2023-06-09,1938.0781341398856
Nifty Media TRI,2023-06-12,1960.1863233364527
Nifty Media TRI,2023-06-13,1995.1252309384538
Nifty Media TRI,2023-06-14,1983.9028262094744
Nifty Media TRI,2023-06-15,1964.0517156404803
Nifty Media TRI,2023-06-16,1985.308330440333
Nifty Media TRI,2023-06-19,1967.7406098922766
Nifty Media TRI,2023-06-20,1943.8197718804574
Nifty Media TRI,2023-06-21,1954.4701516268412
Nifty Media TRI,2023-06-22,1955.3372703818195
Nifty Media TRI,2023-06-23,1913.7702777597606
Nifty Media TRI,2023-06-26,1915.5996605361977
Nifty Media TRI,2023-06-27,1927.8450627701984
Nifty Media TRI,2023-06-28,1914.9135463564917
Nifty Media TRI,2023-06-30,1917.3061533471887
Nifty Media TRI,2023-07-03,1927.2727444447164
Nifty Media TRI,2023-07-04,1943.1489816272403
Nifty Media TRI,2023-07-05,1972.1663014600408
Nifty Media TRI,2023-07-06,2005.9683056922975
Nifty Media TRI,2023-07-07,2084.4733991025687
Nifty Media TRI,2023-07-10,2064.81452869732
Nifty Media TRI,2023-07-11,2068.65370221159
Nifty Media TRI,2023-07-12,2078.431917424249
Nifty Media TRI,2023-07-13,2039.433979760621
Nifty Media TRI,2023-07-14,2119.821451277367
Nifty Media TRI,2023-07-17,2186.7795234772043
Nifty Media TRI,2023-07-18,2146.569793600738
Nifty Media TRI,2023-07-19,2170.870543230623
Nifty Media TRI,2023-07-20,2172.2928760741606
Nifty Media TRI,2023-07-21,2182.5703452319785
Nifty Media TRI,2023-07-24,2178.6978931214276
Nifty Media TRI,2023-07-25,2211.7483835840117
Nifty Media TRI,2023-07-26,2232.313949577339
Nifty Media TRI,2023-07-27,2227.3569284268824
Nifty Media TRI,2023-07-28,2258.1553711414117
Nifty Media TRI,2023-07-31,2268.1502836823133
Nifty Media TRI,2023-08-01,2265.118964982236
Nifty Media TRI,2023-08-02,2229.684005976924
Nifty Media TRI,2023-08-03,2249.978465682119
Nifty Media TRI,2023-08-04,2252.8334683781754
Nifty Media TRI,2023-08-07,2248.5241972407994
Nifty Media TRI,2023-08-08,2265.134712697251
Nifty Media TRI,2023-08-09,2312.8340450976843
Nifty Media TRI,2023-08-10,2466.2368776581643
Nifty Media TRI,2023-08-11,2421.22498360901
Nifty Media TRI,2023-08-14,2442.349261190698
Nifty Media TRI,2023-08-16,2471.7876915281636
Nifty Media TRI,2023-08-17,2462.045662465143
Nifty Media TRI,2023-08-18,2478.224421393899
Nifty Media TRI,2023-08-21,2471.2317644913173
Nifty Media TRI,2023-08-22,2485.9259828383465
Nifty Media TRI,2023-08-23,2502.877255641003
Nifty Media TRI,2023-08-24,2507.5004178040836
Nifty Media TRI,2023-08-25,2494.345006302939
Nifty Media TRI,2023-08-28,2502.985250389658
Nifty Media TRI,2023-08-29,2522.3613879879485
Nifty Media TRI,2023-08-30,2534.6920453961343
Nifty Media TRI,2023-08-31,2524.673418361909
Nifty Media TRI,2023-09-01,2528.031529463169
Nifty Media TRI,2023-09-04,2568.496466648527
Nifty Media TRI,2023-09-05,2650.529871245897
Nifty Media TRI,2023-09-06,2655.81806780711
Nifty Media TRI,2023-09-07,2684.891552687682
Nifty Media TRI,2023-09-08,2658.907346030039
Nifty Media TRI,2023-09-11,2650.436439341843
Nifty Media TRI,2023-09-12,2536.567387871828
Nifty Media TRI,2023-09-13,2575.3332881191623
Nifty Media TRI,2023-09-14,2565.147110645055
Nifty Media TRI,2023-09-15,2562.670187834475
Nifty Media TRI,2023-09-18,2530.235789603491
Nifty Media TRI,2023-09-20,2523.847638916011
Nifty Media TRI,2023-09-21,2524.6185608370474
Nifty Media TRI,2023-09-22,2524.728767219195
Nifty Media TRI,2023-09-25,2506.442415493614
Nifty Media TRI,2023-09-26,2484.850265020234
Nifty Media TRI,2023-09-27,2485.4552921122963
Nifty Media TRI,2023-09-28,2450.6972281458884
Nifty Media TRI,2023-09-29,2498.839081435805
Nifty Media TRI,2023-10-03,2524.067496481749
Nifty Media TRI,2023-10-04,2480.7115932506513
Nifty Media TRI,2023-10-05,2520.045772328289
Nifty Media TRI,2023-10-06,2519.6601161816607
Nifty Media TRI,2023-10-09,2464.8391187746947
Nifty Media TRI,2023-10-10,2489.686725476206
Nifty Media TRI,2023-10-11,2511.1191936574546
Nifty Media TRI,2023-10-12,2586.9362188062046
Nifty Media TRI,2023-10-13,2556.521901455285
Nifty Media TRI,2023-10-16,2550.7377630216893
Nifty Media TRI,2023-10-17,2553.438650625601
Nifty Media TRI,2023-10-18,2560.4376261543175
Nifty Media TRI,2023-10-19,2563.9654642055343
Nifty Media TRI,2023-10-20,2539.552866259441
Nifty Media TRI,2023-10-23,2413.3447225011973
Nifty Media TRI,2023-10-25,2373.270919045819
Nifty Media TRI,2023-10-26,2343.2289525884717
Nifty Media TRI,2023-10-27,2403.689285820034
Nifty Media TRI,2023-10-30,2402.523744104977
Nifty Media TRI,2023-10-31,2424.349606609565
Nifty Media TRI,2023-11-01,2445.7904455955695
Nifty Media TRI,2023-11-02,2465.192753151364
Nifty Media TRI,2023-11-03,2499.149186006451
Nifty Media TRI,2023-11-06,2516.127364122651
Nifty Media TRI,2023-11-07,2499.973773535316
Nifty Media TRI,2023-11-08,2498.2639721443397
Nifty Media TRI,2023-11-09,2492.308978499987
Nifty Media TRI,2023-11-10,2461.7084127998223
Nifty Media TRI,2023-11-13,2467.7694343470935
Nifty Media TRI,2023-11-15,2486.624945863265
Nifty Media TRI,2023-11-16,2507.026501212473
Nifty Media TRI,2023-11-17,2510.003671022363
Nifty Media TRI,2023-11-20,2495.0026026371866
Nifty Media TRI,2023-11-21,2523.0723359995604
Nifty Media TRI,2023-11-22,2501.067731645636
Nifty Media TRI,2023-11-23,2512.814001316709
Nifty Media TRI,2023-11-24,2518.714936106124
Nifty Media TRI,2023-11-28,2524.8917814754454
Nifty Media TRI,2023-11-29,2521.637411792929
Nifty Media TRI,2023-11-30,2533.496341003049
Nifty Media TRI,2023-12-01,2598.7505080750193
Nifty Media TRI,2023-12-04,2578.675729884836
Nifty Media TRI,2023-12-05,2563.7822818237623
Nifty Media TRI,2023-12-06,2617.8456386794387
Nifty Media TRI,2023-12-07,2641.9556885726083
Nifty Media TRI,2023-12-08,2643.6683763609494
Nifty Media TRI,2023-12-11,2677.716945516121
Nifty Media TRI,2023-12-12,2693.499720364908
Nifty Media TRI,2023-12-13,2704.427944030674
Nifty Media TRI,2023-12-14,2694.2242292851342
Nifty Media TRI,2023-12-15,2689.372325139531
Nifty Media TRI,2023-12-18,2721.2218427561725
Nifty Media TRI,2023-12-19,2701.0846846771615
Nifty Media TRI,2023-12-20,2563.076367056434
Nifty Media TRI,2023-12-21,2626.9800322896613
Nifty Media TRI,2023-12-22,2638.405552221522
Nifty Media TRI,2023-12-26,2623.2930732618447
Nifty Media TRI,2023-12-27,2626.5512870931507
Nifty Media TRI,2023-12-28,2626.829303558895
Nifty Media TRI,2023-12-29,2636.2142834530714
Nifty Media TRI,2024-01-02,2696.445179421249
Nifty Media TRI,2024-01-03,2709.6966726299916
Nifty Media TRI,2024-01-04,2721.071966837909
Nifty Media TRI,2024-01-05,2724.7747207227617
Nifty Media TRI,2024-01-08,2727.050763378955
Nifty Media TRI,2024-01-09,2636.4606911014116
Nifty Media TRI,2024-01-10,2727.997872337703
Nifty Media TRI,2024-01-11,2718.561546976996
Nifty Media TRI,2024-01-12,2700.953491130114
Nifty Media TRI,2024-01-15,2649.7811298509637
Nifty Media TRI,2024-01-16,2658.7836588375712
Nifty Media TRI,2024-01-17,2655.5839409950695
Nifty Media TRI,2024-01-18,2642.6104346665966
Nifty Media TRI,2024-01-19,2617.2673716190993
Nifty Media TRI,2024-01-23,2283.28172440551
Nifty Media TRI,2024-01-24,2353.301407542584
Nifty Media TRI,2024-01-25,2357.7158302166854
Nifty Media TRI,2024-01-29,2358.031879869755
Nifty Media TRI,2024-01-30,2367.7489567530665
Nifty Media TRI,2024-01-31,2376.140908803724
Nifty Media TRI,2024-02-01,2350.3430587622693
Nifty Media TRI,2024-02-02,2351.996118180638
Nifty Media TRI,2024-02-05,2346.791722041992
Nifty Media TRI,2024-02-06,2352.4222771007535
Nifty Media TRI,2024-02-07,2380.702229582078
Nifty Media TRI,2024-02-08,2428.0422641368214
Nifty Media TRI,2024-02-09,2421.686847504011
Nifty Media TRI,2024-02-12,2313.835774024134
Nifty Media TRI,2024-02-13,2313.167852687453
Nifty Media TRI,2024-02-14,2371.341711487911
Nifty Media TRI,2024-02-15,2368.7965170471048
Nifty Media TRI,2024-02-16,2392.220241489268
Nifty Media TRI,2024-02-20,2456.7486842166027
Nifty Media TRI,2024-02-21,2336.2829782627377
Nifty Media TRI,2024-02-22,2359.8194107910945
Nifty Media TRI,2024-02-23,2392.0329732024475
Nifty Media TRI,2024-02-26,2383.457539046787
Nifty Media TRI,2024-02-27,2368.4773613840894
Nifty Media TRI,2024-02-28,2286.678328809007
Nifty Media TRI,2024-02-29,2265.947259054112
Nifty Media TRI,2024-03-01,2232.7797673038176
Nifty Media TRI,2024-03-04,2229.8858759460927
Nifty Media TRI,2024-03-05,2199.367761261981
Nifty Media TRI,2024-03-06,2143.64272569927
Nifty Media TRI,2024-03-07,2198.1923313666007
Nifty Media TRI,2024-03-11,2134.4233523275675
Nifty Media TRI,2024-03-12,2095.0532346679265
Nifty Media TRI,2024-03-13,1977.3439516134686
Nifty Media TRI,2024-03-14,2016.0315516606709
Nifty Media TRI,2024-03-15,2015.1908960983105
Nifty Media TRI,2024-03-18,2038.544614940125
Nifty Media TRI,2024-03-19,1988.6058344499324
Nifty Media TRI,2024-03-20,1984.833955886155
Nifty Media TRI,2024-03-21,2020.3757733268017
Nifty Media TRI,2024-03-22,2045.6897213389223
Nifty Media TRI,2024-03-26,2011.8589178274553
Nifty Media TRI,2024-03-27,2000.3448351412076
Nifty Media TRI,2024-03-28,1986.2864323305937
Nifty Media TRI,2024-04-01,2079.5967566955505
Nifty Media TRI,2024-04-02,2118.191884493041
Nifty Media TRI,2024-04-03,2130.350791711923
Nifty Media TRI,2024-04-04,2128.1296148037727
Nifty Media TRI,2024-04-05,2119.8239092991776
Nifty Media TRI,2024-04-08,2103.644607333364
Nifty Media TRI,2024-04-09,2077.249135876637
Nifty Media TRI,2024-04-10,2114.6339760977094
Nifty Media TRI,2024-04-12,2089.168325099915
Nifty Media TRI,2024-04-15,2042.6670297994972
Nifty Media TRI,2024-04-16,2074.855502433115
Nifty Media TRI,2024-04-18,2090.880370687759
Nifty Media TRI,2024-04-19,2069.6796931343038
Nifty Media TRI,2024-04-22,2075.071719924892
Nifty Media TRI,2024-04-23,2086.0730500204763
Nifty Media TRI,2024-04-24,2080.142383898698
Nifty Media TRI,2024-04-25,2090.1482291280495
Nifty Media TRI,2024-04-26,2114.9294950769304
Nifty Media TRI,2024-04-29,2116.6174832603597
Nifty Media TRI,2024-04-30,2095.0250365145503
Nifty Media TRI,2024-05-02,2062.0757514531533
Nifty Media TRI,2024-05-03,2049.0038631554003
Nifty Media TRI,2024-05-06,2004.9140137792963
Nifty Media TRI,2024-05-07,1975.9540593995982
Nifty Media TRI,2024-05-08,1993.3222484033445
Nifty Media TRI,2024-05-09,1957.71857235492
Nifty Media TRI,2024-05-10,1962.189603965479
Nifty Media TRI,2024-05-13,1958.0555154784452
Nifty Media TRI,2024-05-14,1972.4361224641818
Nifty Media TRI,2024-05-15,1962.4589269130581
Nifty Media TRI,2024-05-16,1986.5286136265297
Nifty Media TRI,2024-05-17,2006.1149345413316
Nifty Media TRI,2024-05-21,2056.729541926954
Nifty Media TRI,2024-05-22,2071.7793345077844
Nifty Media TRI,2024-05-23,2079.0225969529456
Nifty Media TRI,2024-05-24,2100.7733327886945
Nifty Media TRI,2024-05-27,2080.532961241498
Nifty Media TRI,2024-05-28,2087.0572878199023
Nifty Media TRI,2024-05-29,2090.757753385707
Nifty Media TRI,2024-05-30,2100.8821677264905
Nifty Media TRI,2024-05-31,2071.632355608521
Nifty Media TRI,2024-06-03,2136.7322485822606
Nifty Media TRI,2024-06-04,1996.0474918890507
Nifty Media TRI,2024-06-05,2075.1814640975613
Nifty Media TRI,2024-06-06,2151.6048615140066
Nifty Media TRI,2024-06-07,2183.001378168759
Nifty Media TRI,2024-06-10,2223.856988232638
Nifty Media TRI,2024-06-11,2262.8465875572883
Nifty Media TRI,2024-06-12,2305.715324240555
Nifty Media TRI,2024-06-13,2280.671752978604
Nifty Media TRI,2024-06-14,2279.9460136463567
Nifty Media TRI,2024-06-18,2265.46353811365
Nifty Media TRI,2024-06-19,2236.2604921930592
Nifty Media TRI,2024-06-20,2238.8578961293833
Nifty Media TRI,2024-06-21,2260.126792626943
Nifty Media TRI,2024-06-24,2218.1088726422227
Nifty Media TRI,2024-06-25,2206.9645496124663
Nifty Media TRI,2024-06-26,2242.4201521561595
Nifty Media TRI,2024-06-27,2212.2695204617908
Nifty Media TRI,2024-06-28,2208.050991371797
Nifty Media TRI,2024-07-01,2261.672774160052
Nifty Media TRI,2024-07-02,2285.4965464111892
Nifty Media TRI,2024-07-03,2276.7347958409455
Nifty Media TRI,2024-07-04,2266.5870144681003
Nifty Media TRI,2024-07-05,2269.5738389334756
Nifty Media TRI,2024-07-08,2261.297623477378
Nifty Media TRI,2024-07-09,2269.4392832663143
Nifty Media TRI,2024-07-10,2229.469992278903
Nifty Media TRI,2024-07-11,2252.5216438735365
Nifty Media TRI,2024-07-12,2299.4091327704796
Nifty Media TRI,2024-07-15,2334.6493758753763
Nifty Media TRI,2024-07-16,2310.5860854723946
Nifty Media TRI,2024-07-18,2228.1960026851743
Nifty Media TRI,2024-07-19,2176.4648574232897
Nifty Media TRI,2024-07-22,2166.3504885701627
Nifty Media TRI,2024-07-23,2191.4583022085
Nifty Media TRI,2024-07-24,2245.564664834971
Nifty Media TRI,2024-07-25,2263.744429641924
Nifty Media TRI,2024-07-26,2301.7749365003333
Nifty Media TRI,2024-07-29,2343.4028858401566
Nifty Media TRI,2024-07-30,2358.9250432081626
Nifty Media TRI,2024-07-31,2384.152175931153
Nifty Media TRI,2024-08-01,2339.230657881389
Nifty Media TRI,2024-08-02,2329.466219018028
Nifty Media TRI,2024-08-05,2223.0260140108435
Nifty Media TRI,2024-08-06,2226.4576497145313
Nifty Media TRI,2024-08-07,2283.853469591198
Nifty Media TRI,2024-08-08,2289.33881247538
Nifty Media TRI,2024-08-09,2331.319344315386
Nifty Media TRI,2024-08-12,2283.658969104749
Nifty Media TRI,2024-08-13,2262.0204078973698
Nifty Media TRI,2024-08-14,2238.106709555922
Nifty Media TRI,2024-08-16,2285.0784883378683
Nifty Media TRI,2024-08-19,2308.639079209296
Nifty Media TRI,2024-08-20,2302.531405485403
Nifty Media TRI,2024-08-21,2330.1545844093366
Nifty Media TRI,2024-08-22,2325.711504151202
Nifty Media TRI,2024-08-23,2295.746982952361
Nifty Media TRI,2024-08-26,2290.737278077542
Nifty Media TRI,2024-08-27,2384.613813376227
Nifty Media TRI,2024-08-28,2351.096187796097
Nifty Media TRI,2024-08-29,2343.8229240564347
Nifty Media TRI,2024-08-30,2335.550640262747
Nifty Media TRI,2024-09-02,2324.6604323915967
Nifty Media TRI,2024-09-03,2291.247930512059
Nifty Media TRI,2024-09-04,2293.1849797735704
Nifty Media TRI,2024-09-05,2311.826404285055
Nifty Media TRI,2024-09-06,2286.4030781392894
Nifty Media TRI,2024-09-09,2278.005536812232
Nifty Media TRI,2024-09-10,2339.2749406028493
Nifty Media TRI,2024-09-11,2304.191797735282
Nifty Media TRI,2024-09-12,2312.9009283226324
Nifty Media TRI,2024-09-13,2351.7503006663983
Nifty Media TRI,2024-09-16,2375.273995643602
Nifty Media TRI,2024-09-17,2347.0706491553033
Nifty Media TRI,2024-09-18,2340.0716633358147
Nifty Media TRI,2024-09-19,2282.8327809715806
Nifty Media TRI,2024-09-20,2290.487957534525
Nifty Media TRI,2024-09-23,2307.1825445521686
Nifty Media TRI,2024-09-24,2307.5104763818617
Nifty Media TRI,2024-09-25,2375.462800321253
Nifty Media TRI,2024-09-26,2385.2309971150034
Nifty Media TRI,2024-09-27,2348.415584173778
Nifty Media TRI,2024-09-30,2374.889021161706
Nifty Media TRI,2024-10-01,2412.9776439726506
Nifty Media TRI,2024-10-03,2361.661522821864
Nifty Media TRI,2024-10-04,2300.0727158780614
Nifty Media TRI,2024-10-07,2216.1982078101664
Nifty Media TRI,2024-10-08,2285.2229422325167
Nifty Media TRI,2024-10-09,2304.1556774287205
Nifty Media TRI,2024-10-10,2293.70910957184
Nifty Media TRI,2024-10-11,2307.4221190385197
Nifty Media TRI,2024-10-14,2284.522401183225
Nifty Media TRI,2024-10-15,2298.7918541060903
Nifty Media TRI,2024-10-16,2287.7883314990745
Nifty Media TRI,2024-10-17,2237.900886833186
Nifty Media TRI,2024-10-18,2268.8347549333735
Nifty Media TRI,2024-10-21,2204.709117994012
Nifty Media TRI,2024-10-22,2148.536960878163
Nifty Media TRI,2024-10-23,2155.7503545688337
Nifty Media TRI,2024-10-24,2152.1862401532135
Nifty Media TRI,2024-10-25,2104.8984215137534
Nifty Media TRI,2024-10-28,2146.3179688217347
Nifty Media TRI,2024-10-29,2153.1433444912
Nifty Media TRI,2024-10-30,2203.4751351044306
Nifty Media TRI,2024-10-31,2243.6964003701637
Nifty Media TRI,2024-11-01,2252.9136988566966
Nifty Media TRI,2024-11-04,2204.493552471063
Nifty Media TRI,2024-11-05,2199.4290410012436
Nifty Media TRI,2024-11-06,2230.486126411965
Nifty Media TRI,2024-11-07,2225.811078688932
Nifty Media TRI,2024-11-08,2179.2883922435067
Nifty Media TRI,2024-11-11,2151.030808276585
Nifty Media TRI,2024-11-12,2138.1277787070026
Nifty Media TRI,2024-11-13,2091.9871341952044
Nifty Media TRI,2024-11-14,2139.2215645749643
Nifty Media TRI,2024-11-18,2111.114702934809
Nifty Media TRI,2024-11-19,2162.8017047899393
Nifty Media TRI,2024-11-21,2111.0305677886936
Nifty Media TRI,2024-11-22,2104.2388744739906
Nifty Media TRI,2024-11-25,2143.0150224173203
Nifty Media TRI,2024-11-26,2160.5745370076193
Nifty Media TRI,2024-11-27,2181.7486402717777
Nifty Media TRI,2024-11-28,2188.746049344688
Nifty Media TRI,2024-11-29,2220.4301158516478
Nifty Media TRI,2024-12-02,2243.3171569111278
Nifty Media TRI,2024-12-03,2300.138410079781
Nifty Media TRI,2024-12-04,2317.4820403422937
Nifty Media TRI,2024-12-05,2317.6436493603023
Nifty Media TRI,2024-12-06,2310.0203875240904
Nifty Media TRI,2024-12-09,2263.568825707402
Nifty Media TRI,2024-12-10,2248.1577510298393
Nifty Media TRI,2024-12-11,2236.6390016441246
Nifty Media TRI,2024-12-12,2185.4103490617717
Nifty Media TRI,2024-12-13,2172.666185924985
Nifty Media TRI,2024-12-16,2204.400762428428
Nifty Media TRI,2024-12-17,2204.949393026875
Nifty Media TRI,2024-12-18,2155.7158105038125
Nifty Media TRI,2024-12-19,2136.516889619797
Nifty Media TRI,2024-12-20,2100.295903753
Nifty Media TRI,2024-12-23,2092.1445892096353
Nifty Media TRI,2024-12-24,2085.1809272983805
Nifty Media TRI,2024-12-26,2054.785287631898
Nifty Media TRI,2024-12-27,2062.618830362267
Nifty Media TRI,2024-12-30,2024.1415776854258
Nifty Media TRI,2024-12-31,2022.8503297165196
Nifty Media TRI,2025-01-02,2037.1270377234794
Nifty Media TRI,2025-01-03,2071.8365849996662
Nifty Media TRI,2025-01-06,2015.8811690614202
Nifty Media TRI,2025-01-07,2043.4148646345782
Nifty Media TRI,2025-01-08,2028.5456853847584
Nifty Media TRI,2025-01-09,2013.008089997503
Nifty Media TRI,2025-01-10,1940.7061240639653
Nifty Media TRI,2025-01-13,1852.732325245837
Nifty Media TRI,2025-01-14,1907.760439548447
Nifty Media TRI,2025-01-15,1881.9216709099837
Nifty Media TRI,2025-01-16,1890.9235772169852
Nifty Media TRI,2025-01-17,1895.1392676965875
Nifty Media TRI,2025-01-20,1914.1330804026793
Nifty Media TRI,2025-01-21,1885.619162154511
Nifty Media TRI,2025-01-22,1851.7044969414071
Nifty Media TRI,2025-01-23,1878.4647958035082
Nifty Media TRI,2025-01-24,1829.6852502399415
Nifty Media TRI,2025-01-27,1743.236097577611
Nifty Media TRI,2025-01-28,1721.5618390357154
Nifty Media TRI,2025-01-29,1765.3032901520346
Nifty Media TRI,2025-01-30,1743.9069404918264
Nifty Media TRI,2025-01-31,1759.64564070974
Nifty Media TRI,2025-02-03,1792.6676377752683
Nifty Media TRI,2025-02-04,1805.9031251922775
Nifty Media TRI,2025-02-05,1838.3495663574006
Nifty Media TRI,2025-02-06,1824.5801445333466
Nifty Media TRI,2025-02-07,1806.1326621375415
Nifty Media TRI,2025-02-10,1763.2037683100505
Nifty Media TRI,2025-02-11,1712.9545510616665
Nifty Media TRI,2025-02-12,1711.9895958589955
Nifty Media TRI,2025-02-13,1720.4363505364336
Nifty Media TRI,2025-02-14,1662.0517853786087
Nifty Media TRI,2025-02-17,1650.4084793994039
Nifty Media TRI,2025-02-18,1640.4745886237504
Nifty Media TRI,2025-02-19,1663.9596845627896
Nifty Media TRI,2025-02-20,1682.2657688786055
Nifty Media TRI,2025-02-21,1662.584124509669
Nifty Media TRI,2025-02-24,1646.3712481076361
Nifty Media TRI,2025-02-25,1660.2224174451658
Nifty Media TRI,2025-02-27,1600.9090261102658
Nifty Media TRI,2025-02-28,1545.2337527283817
Nifty Media TRI,2025-03-03,1528.2865320115118
Nifty Media TRI,2025-03-04,1564.5346621359522
Nifty Media TRI,2025-03-05,1613.6547511875929
Nifty Media TRI,2025-03-06,1629.4022598422935
Nifty Media TRI,2025-03-07,1659.2473148432734
Nifty Media TRI,2025-03-10,1655.1210938773097
Nifty Media TRI,2025-03-11,1652.1480474687496
Nifty Media TRI,2025-03-12,1626.8850926739478
Nifty Media TRI,2025-03-13,1602.4569248322869
Nifty Media TRI,2025-03-17,1592.2307705147173
Nifty Media TRI,2025-03-18,1649.8367716188345
Nifty Media TRI,2025-03-19,1667.7074187448559
Nifty Media TRI,2025-03-20,1688.1425506798976
Nifty Media TRI,2025-03-21,1725.2436374435638
Nifty Media TRI,2025-03-24,1726.471340618001
Nifty Media TRI,2025-03-25,1698.9732077166414
Nifty Media TRI,2025-03-26,1658.1515007140083
Nifty Media TRI,2025-03-27,1683.3278325384522
Nifty Media TRI,2025-03-28,1644.7337710160025
Nifty Media TRI,2025-04-01,1681.7275129942184
Nifty Media TRI,2025-04-02,1692.0780105514145
Nifty Media TRI,2025-04-03,1710.568601513352
Nifty Media TRI,2025-04-04,1659.7594362204275
Nifty Media TRI,2025-04-07,1594.5215909436938
Nifty Media TRI,2025-04-08,1669.8848366361808
Nifty Media TRI,2025-04-09,1649.5692922424146
Nifty Media TRI,2025-04-11,1677.075918939901
Nifty Media TRI,2025-04-15,1727.0213192698175
Nifty Media TRI,2025-04-16,1759.5713878460494
Nifty Media TRI,2025-04-17,1763.5693971389655
Nifty Media TRI,2025-04-21,1780.5668470912776
Nifty Media TRI,2025-04-22,1783.2829021745617
Nifty Media TRI,2025-04-23,1781.7600545959301
Nifty Media TRI,2025-04-24,1784.308894038142
Nifty Media TRI,2025-04-25,1726.617279730099
Nifty Media TRI,2025-04-28,1740.3410268194425
Nifty Media TRI,2025-04-29,1726.6564163856665
Nifty Media TRI,2025-04-30,1689.039625314286
Nifty Media TRI,2025-05-02,1697.4255034465534
Nifty Media TRI,2025-05-05,1708.4157400705756
Nifty Media TRI,2025-05-06,1682.6772785620994
Nifty Media TRI,2025-05-07,1700.567716989374
Nifty Media TRI,2025-05-08,1704.008312284494
Nifty Media TRI,2025-05-09,1719.7797449604222
Nifty Media TRI,2025-05-12,1774.519459973556
Nifty Media TRI,2025-05-13,1804.020709531675
Nifty Media TRI,2025-05-14,1826.994505975382
Nifty Media TRI,2025-05-15,1856.0517374559524
Nifty Media TRI,2025-05-16,1876.6279402339585
Nifty Media TRI,2025-05-19,1865.7567112832314
Nifty Media TRI,2025-05-20,1840.3487155797716
Nifty Media TRI,2025-05-21,1848.0905281111568
Nifty Media TRI,2025-05-22,1868.613652232576
Nifty Media TRI,2025-05-23,1878.8122439963497
Nifty Media TRI,2025-05-26,1888.2564611819187
Nifty Media TRI,2025-05-27,1886.6231376135834
Nifty Media TRI,2025-05-28,1906.2566335745655
Nifty Media TRI,2025-05-29,1910.2055984357023
Nifty Media TRI,2025-05-30,1910.5263758141703
Nifty Media TRI,2025-06-02,1916.7362405227198
Nifty Media TRI,2025-06-03,1927.2174488982978
Nifty Media TRI,2025-06-04,1930.8325023321408
Nifty Media TRI,2025-06-05,1926.519997311635
Nifty Media TRI,2025-06-06,1904.6210325008399
Nifty Media TRI,2025-06-09,1912.8414855693547
Nifty Media TRI,2025-06-10,1933.7094381521208
Nifty Media TRI,2025-06-11,1932.4673795141239
Nifty Media TRI,2025-06-12,1924.301564650205
Nifty Media TRI,2025-06-13,1927.6379299593514
Nifty Media TRI,2025-06-16,1938.7648624065419
Nifty Media TRI,2025-06-17,1924.790689787076
Nifty Media TRI,2025-06-18,1900.37296044177
Nifty Media TRI,2025-06-19,1864.059095759657
Nifty Media TRI,2025-06-20,1870.6339096795894
Nifty Media TRI,2025-06-23,1952.9677197028986
Nifty Media TRI,2025-06-24,1931.1166202512914
Nifty Media TRI,2025-06-25,1969.5294422697455
Nifty Media TRI,2025-06-26,1948.0127898093456
Nifty Media TRI,2025-06-27,1952.5236885571069
Nifty Media TRI,2025-06-30,1960.0247966031884
Nifty Media TRI,2025-07-01,1934.316229750476
Nifty Media TRI,2025-07-02,1927.3757902629675
Nifty Media TRI,2025-07-03,1955.3490003542668
Nifty Media TRI,2025-07-04,1968.3519729794502
Nifty Media TRI,2025-07-07,1948.1451935609578
Nifty Media TRI,2025-07-08,1945.9529573361583
Nifty Media TRI,2025-07-09,1938.3411605424342
Nifty Media TRI,2025-07-10,1935.4781899277123
Nifty Media TRI,2025-07-11,1904.4556219563901
Nifty Media TRI,2025-07-14,1930.5065521383838
Nifty Media TRI,2025-07-15,1939.8800914571048
Nifty Media TRI,2025-07-16,1965.34697917753
Nifty Media TRI,2025-07-17,1960.5283753970764
Nifty Media TRI,2025-07-18,1979.3470850800204
Nifty Media TRI,2025-07-21,1982.6620074659334
Nifty Media TRI,2025-07-22,1937.6615056018586
Nifty Media TRI,2025-07-23,1919.4847937538582
Nifty Media TRI,2025-07-24,1916.2291996942438
Nifty Media TRI,2025-07-25,1866.2502213553257
Nifty Media TRI,2025-07-28,1815.9570870638427
Nifty Media TRI,2025-07-29,1830.808619048577
Nifty Media TRI,2025-07-30,1816.3717474158577
Nifty Media TRI,2025-07-31,1818.1440815327062
Nifty Media TRI,2025-08-01,1807.5073713553413
Nifty Media TRI,2025-08-04,1834.8495946947094
Nifty Media TRI,2025-08-05,1833.6597946491117
Nifty Media TRI,2025-08-06,1812.064927244494
Nifty Media TRI,2025-08-07,1830.1059767036115
Nifty Media TRI,2025-08-08,1828.2450089111485
Nifty Media TRI,2025-08-11,1831.2719520769685
Nifty Media TRI,2025-08-12,1842.3264975451752
Nifty Media TRI,2025-08-13,1858.5252934878024
Nifty Media TRI,2025-08-14,1848.669170835189
Nifty Media TRI,2025-08-18,1844.6924531910804
Nifty Media TRI,2025-08-19,1869.3933092856344
Nifty Media TRI,2025-08-20,1832.4703538100387
Nifty Media TRI,2025-08-21,1832.454490640319
Nifty Media TRI,2025-08-22,1849.886529246037
Nifty Media TRI,2025-08-25,1819.0241256976135
Nifty Media TRI,2025-08-26,1805.4173898780223
Nifty Media TRI,2025-08-28,1796.8827680478626
Nifty Media TRI,2025-08-29,1803.2422930877046
Nifty Media TRI,2025-09-01,1797.5989305563455
Nifty Media TRI,2025-09-02,1815.2582116639658
Nifty Media TRI,2025-09-03,1814.5705926930978
Nifty Media TRI,2025-09-04,1802.3595589651236
Nifty Media TRI,2025-09-05,1812.9715552820653
Nifty Media TRI,2025-09-08,1813.9293732176786
Nifty Media TRI,2025-09-09,1814.024945605624
Nifty Media TRI,2025-09-10,1802.539491268685
Nifty Media TRI,2025-09-11,1821.0415555031877
Nifty Media TRI,2025-09-12,1813.9199309074866
Nifty Media TRI,2025-09-15,1805.8135118309856
Nifty Media TRI,2025-09-16,1821.4640996161384
Nifty Media TRI,2025-09-17,1826.9314462369175
Nifty Media TRI,2025-09-18,1821.543574231262
Nifty Media TRI,2025-09-19,1812.406206976146
Nifty Media TRI,2025-09-22,1821.310833313453
Nifty Media TRI,2025-09-23,1809.3186624587
Nifty Media TRI,2025-09-24,1794.7515887703196
Nifty Media TRI,2025-09-25,1782.8702157714247
Nifty Media TRI,2025-09-26,1763.432912343062
Nifty Media TRI,2025-09-29,1748.6044524903234
Nifty Media TRI,2025-09-30,1727.2057206633197
Nifty Media TRI,2025-10-01,1795.8652672309142
Nifty Media TRI,2025-10-03,1796.671321468411
Nifty Media TRI,2025-10-06,1780.5552284144694
Nifty Media TRI,2025-10-07,1772.4210198349313
Nifty Media TRI,2025-10-08,1742.0621600948837
Nifty Media TRI,2025-10-09,1743.891694342442
Nifty Media TRI,2025-10-10,1748.5762272256327
Nifty Media TRI,2025-10-13,1750.5382606965354
Nifty Media TRI,2025-10-14,1732.5483448767357
Nifty Media TRI,2025-10-15,1723.6278681746712
Nifty Media TRI,2025-10-16,1728.6485644957133
Nifty Media TRI,2025-10-17,1701.6983265398906
Nifty Media TRI,2025-10-20,1716.648460676697
Nifty Media TRI,2025-10-21,1726.3733397303365
Nifty Media TRI,2025-10-23,1731.8805393885375
Nifty Media TRI,2025-10-24,1724.9182962545947
Nifty Media TRI,2025-10-27,1720.6069395644836
Nifty Media TRI,2025-10-28,1723.2206283533314
Nifty Media TRI,2025-10-29,1751.3174399849165
Nifty Media TRI,2025-10-30,1746.258906087979
Nifty Media TRI,2025-10-31,1723.2214214601897
Nifty Media TRI,2025-11-03,1726.3028905787803
Nifty Media TRI,2025-11-04,1716.8743000528525
Nifty Media TRI,2025-11-06,1673.3125954730976
Nifty Media TRI,2025-11-07,1668.9237873890188
Nifty Media TRI,2025-11-10,1651.6665138852775
Nifty Media TRI,2025-11-11,1650.4700854298517
Nifty Media TRI,2025-11-12,1666.640728047595
Nifty Media TRI,2025-11-13,1657.4330210083815
Nifty Media TRI,2025-11-14,1658.0294380621524
Nifty Media TRI,2025-11-17,1664.8055511710643
Nifty Media TRI,2025-11-18,1661.0317516544333
Nifty Media TRI,2025-11-19,1656.641517007636
Nifty Media TRI,2025-11-20,1631.1825519412885
Nifty Media TRI,2025-11-21,1618.4982142285844
Nifty Media TRI,2025-11-24,1609.974332342069
Nifty Media TRI,2025-11-25,1597.0643194053948
Nifty Media TRI,2025-11-26,1622.9899975598237
Nifty Media TRI,2025-11-27,1636.6434422503114
Nifty Media TRI,2025-11-28,1645.7021216820392
Nifty Media TRI,2025-12-01,1641.942667428943
Nifty Media TRI,2025-12-02,1635.3648117193197
Nifty Media TRI,2025-12-03,1639.4920998915843
Nifty Media TRI,2025-12-04,1615.8185555745747
Nifty Media TRI,2025-12-05,1608.1747725733462
Nifty Media TRI,2025-12-08,1564.3326610481947
Nifty Media TRI,2025-12-09,1575.2418180680772
Nifty Media TRI,2025-12-10,1582.8439666413108
Nifty Media TRI,2025-12-11,1581.4770258850672
Nifty Media TRI,2025-12-12,1580.7266037107684
Nifty Media TRI,2025-12-15,1609.1983826282435
Nifty Media TRI,2025-12-16,1609.738018911003
Nifty Media TRI,2025-12-17,1582.2447073695027
Nifty Media TRI,2025-12-18,1562.2630405483903
Nifty Media TRI,2025-12-19,1563.6428527209407
Nifty Media TRI,2025-12-22,1572.7727549093252
Nifty Media TRI,2025-12-23,1585.3114963197452
Nifty Media TRI,2025-12-24,1592.2433063222081
Nifty Media TRI,2025-12-26,1582.4431333016555
Nifty Media TRI,2025-12-29,1597.2400066646376
Nifty Media TRI,2025-12-30,1596.5457569736468
Nifty Media TRI,2025-12-31,1620.4720082858253
Nifty Media TRI,2026-01-02,1640.9580222676377
Nifty Media TRI,2026-01-05,1651.2736756941788
Nifty Media TRI,2026-01-06,1634.0337420411113
Nifty Media TRI,2026-01-07,1635.1352183412966
Nifty Media TRI,2026-01-08,1612.5653314646618
Nifty Media TRI,2026-01-09,1599.025704789894
Nifty Media TRI,2026-01-12,1574.2789070840593
Nifty Media TRI,2026-01-13,1586.3184358876788
Nifty Media TRI,2026-01-14,1588.1482305858747
Nifty Media TRI,2026-01-16,1582.7195484548456
Nifty Media TRI,2026-01-19,1553.7037323575814
Nifty Media TRI,2026-01-20,1526.5814993939168
Nifty Media TRI,2026-01-21,1519.4328185498996
Nifty Media TRI,2026-01-22,1555.7692801623873
Nifty Media TRI,2026-01-23,1516.7497067028542
Nifty Media TRI,2026-01-27,1494.9966777598095
Nifty Media TRI,2026-01-28,1526.8479497024773
Nifty Media TRI,2026-01-29,1526.5444914541085
Nifty Media TRI,2026-01-30,1554.7500361811744
Nifty Media TRI,2026-02-02,1528.0808008450076
Nifty Media TRI,2026-02-03,1550.9569668023946
Nifty Media TRI,2026-02-04,1565.1907532569335
Nifty Media TRI,2026-02-05,1563.7094867849535
Nifty Media TRI,2026-02-06,1561.2178122113903
Nifty Media TRI,2026-02-09,1629.5207400161112
Nifty Media TRI,2026-02-10,1668.6252790993715
Nifty Media TRI,2026-02-11,1676.8572731662161
Nifty Media TRI,2026-02-12,1654.944770826917
Nifty Media TRI,2026-02-13,1642.3500047270356
Nifty Media TRI,2026-02-16,1628.141571954106
Nifty Media TRI,2026-02-17,1639.2931174329813
Nifty Media TRI,2026-02-18,1643.2028517220178
Nifty Media TRI,2026-02-19,1606.576281485262
Nifty Media TRI,2026-02-20,1602.1758690522458
Nifty Media TRI,2026-02-23,1605.4250169444997
Nifty Media TRI,2026-02-24,1584.459743528162
Nifty Media TRI,2026-02-25,1591.794056793592
Nifty Media TRI,2026-02-26,1580.9912028819556
Nifty Media TRI,2026-02-27,1590.459651660372
Nifty Media TRI,2026-03-02,1561.5861505345588
Nifty Media TRI,2026-03-04,1514.086391633065
Nifty Media TRI,2026-03-05,1530.3500991424314
Nifty Media TRI,2026-03-06,1521.50985266613
Nifty Media TRI,2026-03-09,1495.9411879317734
Nifty Media TRI,2026-03-10,1518.4971763148062
Nifty Media TRI,2026-03-11,1510.6666365022616
Nifty Media TRI,2026-03-12,1515.6426048312073
Nifty Media TRI,2026-03-13,1461.6948015140165
Nifty Media TRI,2026-03-16,1453.2518684464371
Nifty Media TRI,2026-03-17,1469.4624042328294
Nifty Media TRI,2026-03-18,1518.7059830909775
Nifty Media TRI,2026-03-19,1473.5151366363848
Nifty Media TRI,2026-03-20,1466.412439870129
Nifty Media TRI,2026-03-23,1408.358226085703
Nifty Media TRI,2026-03-24,1456.9328586177253
Nifty Media TRI,2026-03-25,1473.3709885367575
Nifty Media TRI,2026-03-27,1454.3872367987644
Nifty Media TRI,2026-03-30,1418.1260098345374
Nifty Media TRI,2026-04-01,1470.5052901905383
Nifty Media TRI,2026-04-02,1464.8615181019936
Nifty Media TRI,2026-04-06,1461.7859263681514
Nifty Media TRI,2026-04-07,1473.507890343199
Nifty Media TRI,2026-04-08,1517.2100288916802
Nifty Media TRI,2026-04-09,1505.1028800934184
Nifty Media TRI,2026-04-10,1534.6437730450562
Nifty Media TRI,2026-04-13,1529.3481841833025
Nifty Media TRI,2026-04-15,1562.2989070943229
Nifty Media TRI,2026-04-16,1571.6081650490974
Nifty Media TRI,2026-04-17,1592.6665848508017
Nifty Media TRI,2026-04-20,1607.106435753173
Nifty Media TRI,2026-04-21,1622.6580817336371
Nifty Media TRI,2026-04-22,1633.8251759023879
Nifty Media TRI,2026-04-23,1648.5346180381562
Nifty Media TRI,2026-04-24,1617.760354515457
Nifty Media TRI,2026-04-27,1655.0321213042287
Nifty Media TRI,2026-04-28,1654.0560976659485
Nifty Media TRI,2026-04-29,1645.9389590634903
Nifty Media TRI,2026-04-30,1637.4278804934386
Nifty Media TRI,2026-05-04,1628.6855744562097
Nifty Media TRI,2026-05-05,1630.0708637566747
Nifty Media TRI,2026-05-06,1652.3203221405313
Nifty Media TRI,2026-05-07,1655.899312408098
Nifty Media TRI,2026-05-08,1656.6104291920192
Nifty Media TRI,2026-05-11,1615.4920845599945
Nifty Media TRI,2026-05-12,1570.7000303451223
Nifty Media TRI,2026-05-13,1570.0592310907878
Nifty Media TRI,2026-05-14,1584.2116681740608
Nifty Media TRI,2026-05-15,1615.5767591252268
Nifty Media TRI,2026-05-18,1579.568459464261
Nifty Media TRI,2026-05-19,1598.2791085508318
Nifty Media TRI,2026-05-20,1575.1932980571885
Nifty Media TRI,2026-05-21,1569.6582240572288
Nifty Media TRI,2026-05-22,1546.5707803655987
Nifty Media TRI,2026-05-25,1551.0602524367182
Nifty Media TRI,2026-05-26,1547.3808637049167
Nifty Media TRI,2026-05-27,1594.6759475620909
Nifty Media TRI,2026-05-29,1584.786483226016
Nifty Media TRI,2026-06-01,1606.5540102752439
Nifty Media TRI,2026-06-02,1608.50221259966
Nifty Media TRI,2026-06-03,1599.0273775628896
Nifty Media TRI,2026-06-04,1634.064229398995
Nifty Media TRI,2026-06-05,1690.9933470570377
Nifty Media TRI,2026-06-08,1662.2334068183156
Nifty Media TRI,2026-06-09,1659.7932920194417
Nifty Media TRI,2026-06-10,1620.7144360202433
Nifty Media TRI,2026-06-11,1649.6224345893409
Nifty Media TRI,2026-06-12,1674.535536786119
Nifty Media TRI,2026-06-15,1672.2811151418482
Nifty Media TRI,2026-06-16,1695.7334760706797
Nifty Media TRI,2026-06-17,1695.038682080784
Nifty Media TRI,2026-06-18,1704.4198003496108
Nifty Media TRI,2026-06-19,1706.0895261826888
Nifty Media TRI,2026-06-22,1730.4644257023504
Nifty Media TRI,2026-06-23,1705.1124778717865
Nifty Media TRI,2026-06-24,1710.666894411197
Nifty Media TRI,2026-06-25,1700.00738697965
Nifty Media TRI,2026-06-30,1664.8331180131197
