index_name,date,tri
Nifty Next 50 TRI,2011-06-30,11234.900390625
Nifty Next 50 TRI,2011-07-01,11235.236902540977
Nifty Next 50 TRI,2011-07-04,11418.11789642859
Nifty Next 50 TRI,2011-07-05,11398.857351318664
Nifty Next 50 TRI,2011-07-06,11417.801726374344
Nifty Next 50 TRI,2011-07-07,11545.920503934774
Nifty Next 50 TRI,2011-07-08,11546.266331640889
Nifty Next 50 TRI,2011-07-11,11282.816359630715
Nifty Next 50 TRI,2011-07-12,11163.361258093755
Nifty Next 50 TRI,2011-07-13,11286.743529694013
Nifty Next 50 TRI,2011-07-14,11395.227519364387
Nifty Next 50 TRI,2011-07-15,11395.568833458166
Nifty Next 50 TRI,2011-07-18,11420.505139617802
Nifty Next 50 TRI,2011-07-19,11422.548373982412
Nifty Next 50 TRI,2011-07-20,11259.94331462004
Nifty Next 50 TRI,2011-07-21,11147.20947835894
Nifty Next 50 TRI,2011-07-22,11147.543363724093
Nifty Next 50 TRI,2011-07-25,11342.039523236108
Nifty Next 50 TRI,2011-07-26,11232.493899634017
Nifty Next 50 TRI,2011-07-27,11237.784539634045
Nifty Next 50 TRI,2011-07-28,11127.077854786672
Nifty Next 50 TRI,2011-07-29,11127.411137161946
Nifty Next 50 TRI,2011-08-01,10893.58647231253
Nifty Next 50 TRI,2011-08-02,10806.87658052249
Nifty Next 50 TRI,2011-08-03,10751.292780898188
Nifty Next 50 TRI,2011-08-04,10710.772209363002
Nifty Next 50 TRI,2011-08-05,10711.093022396713
Nifty Next 50 TRI,2011-08-08,10427.523148510556
Nifty Next 50 TRI,2011-08-09,10291.823012366604
Nifty Next 50 TRI,2011-08-10,10499.135327804188
Nifty Next 50 TRI,2011-08-11,10447.183898334994
Nifty Next 50 TRI,2011-08-12,10447.496816273557
Nifty Next 50 TRI,2011-08-16,10246.464017946784
Nifty Next 50 TRI,2011-08-17,10174.317223187987
Nifty Next 50 TRI,2011-08-18,9955.400073729155
Nifty Next 50 TRI,2011-08-19,9955.698261575659
Nifty Next 50 TRI,2011-08-22,9980.1302134512
Nifty Next 50 TRI,2011-08-23,10045.635107098262
Nifty Next 50 TRI,2011-08-24,9955.83750029092
Nifty Next 50 TRI,2011-08-25,9831.826785764386
Nifty Next 50 TRI,2011-08-26,9832.121272297796
Nifty Next 50 TRI,2011-08-29,9889.806968544586
Nifty Next 50 TRI,2011-08-30,10007.267258234657
Nifty Next 50 TRI,2011-09-02,10008.166509343944
Nifty Next 50 TRI,2011-09-05,10169.587845731226
Nifty Next 50 TRI,2011-09-06,10172.948471658185
Nifty Next 50 TRI,2011-09-07,10354.476930219023
Nifty Next 50 TRI,2011-09-08,10358.395214334094
Nifty Next 50 TRI,2011-09-09,10358.705472840964
Nifty Next 50 TRI,2011-09-12,9970.274261292232
Nifty Next 50 TRI,2011-09-13,9954.23643302321
Nifty Next 50 TRI,2011-09-14,10017.777995553168
Nifty Next 50 TRI,2011-09-15,10171.080905984887
Nifty Next 50 TRI,2011-09-16,10171.385553983911
Nifty Next 50 TRI,2011-09-19,10137.715750466114
Nifty Next 50 TRI,2011-09-20,10241.523298727876
Nifty Next 50 TRI,2011-09-21,10336.764991439713
Nifty Next 50 TRI,2011-09-22,9991.757671215688
Nifty Next 50 TRI,2011-09-23,9992.056948058475
Nifty Next 50 TRI,2011-09-26,9774.077901667915
Nifty Next 50 TRI,2011-09-27,9962.070543044752
Nifty Next 50 TRI,2011-09-28,9911.883412123467
Nifty Next 50 TRI,2011-09-29,9943.414728038168
Nifty Next 50 TRI,2011-09-30,9943.712556895136
Nifty Next 50 TRI,2011-10-03,9641.194181229943
Nifty Next 50 TRI,2011-10-04,9462.419014991086
Nifty Next 50 TRI,2011-10-05,9399.168507947916
Nifty Next 50 TRI,2011-10-07,9399.73157116377
Nifty Next 50 TRI,2011-10-10,9660.719388179932
Nifty Next 50 TRI,2011-10-11,9732.980443635644
Nifty Next 50 TRI,2011-10-12,9899.990685590772
Nifty Next 50 TRI,2011-10-13,9924.81442483879
Nifty Next 50 TRI,2011-10-14,9925.11169657256
Nifty Next 50 TRI,2011-10-17,9936.136201253865
Nifty Next 50 TRI,2011-10-18,9812.927956153162
Nifty Next 50 TRI,2011-10-19,9903.069899739861
Nifty Next 50 TRI,2011-10-20,9815.32165837245
Nifty Next 50 TRI,2011-10-21,9815.615650538142
Nifty Next 50 TRI,2011-10-24,9694.073063028125
Nifty Next 50 TRI,2011-10-25,9733.399394843313
Nifty Next 50 TRI,2011-10-28,9803.97430071755
Nifty Next 50 TRI,2011-10-31,10084.233228835194
Nifty Next 50 TRI,2011-11-01,10030.886195039171
Nifty Next 50 TRI,2011-11-02,10041.324136963793
Nifty Next 50 TRI,2011-11-03,10115.101869008147
Nifty Next 50 TRI,2011-11-04,10041.92566892433
Nifty Next 50 TRI,2011-11-08,10178.007614096374
Nifty Next 50 TRI,2011-11-09,10035.397964645048
Nifty Next 50 TRI,2011-11-11,10035.99914159443
Nifty Next 50 TRI,2011-11-14,9842.304295285756
Nifty Next 50 TRI,2011-11-15,9544.01788810361
Nifty Next 50 TRI,2011-11-16,9496.80563415747
Nifty Next 50 TRI,2011-11-17,9352.535982088642
Nifty Next 50 TRI,2011-11-18,9352.8161127256
Nifty Next 50 TRI,2011-11-21,9126.72971442425
Nifty Next 50 TRI,2011-11-22,9146.486931126337
Nifty Next 50 TRI,2011-11-23,8963.109932030946
Nifty Next 50 TRI,2011-11-25,8963.646872878226
Nifty Next 50 TRI,2011-11-28,9305.491292347682
Nifty Next 50 TRI,2011-11-29,9182.61097371232
Nifty Next 50 TRI,2011-11-30,9131.701796947009
Nifty Next 50 TRI,2011-12-01,9216.11251031469
Nifty Next 50 TRI,2011-12-02,9216.38855474507
Nifty Next 50 TRI,2011-12-05,9474.28000019511
Nifty Next 50 TRI,2011-12-07,9459.474260982686
Nifty Next 50 TRI,2011-12-08,9298.029381330964
Nifty Next 50 TRI,2011-12-09,9460.040936853344
Nifty Next 50 TRI,2011-12-12,8999.465855123195
Nifty Next 50 TRI,2011-12-13,8982.65067566742
Nifty Next 50 TRI,2011-12-14,8909.001107035006
Nifty Next 50 TRI,2011-12-15,8895.951111740422
Nifty Next 50 TRI,2011-12-16,8909.534806458432
Nifty Next 50 TRI,2011-12-19,8543.751535034184
Nifty Next 50 TRI,2011-12-20,8338.947633956528
Nifty Next 50 TRI,2011-12-21,8490.58491519129
Nifty Next 50 TRI,2011-12-22,8587.393808161776
Nifty Next 50 TRI,2011-12-23,8491.093549124473
Nifty Next 50 TRI,2011-12-27,8494.423145617508
Nifty Next 50 TRI,2011-12-28,8411.829252945414
Nifty Next 50 TRI,2011-12-29,8380.107580466301
Nifty Next 50 TRI,2011-12-30,8412.333168970154
Nifty Next 50 TRI,2012-01-03,8612.654522821837
Nifty Next 50 TRI,2012-01-04,8637.651993893962
Nifty Next 50 TRI,2012-01-05,8656.665998226357
Nifty Next 50 TRI,2012-01-06,8638.169437974786
Nifty Next 50 TRI,2012-01-09,8676.86344074946
Nifty Next 50 TRI,2012-01-10,8899.71376438636
Nifty Next 50 TRI,2012-01-11,8999.961999402954
Nifty Next 50 TRI,2012-01-12,9083.720260548804
Nifty Next 50 TRI,2012-01-13,9000.501147896957
Nifty Next 50 TRI,2012-01-16,9193.105818560922
Nifty Next 50 TRI,2012-01-17,9318.028753973475
Nifty Next 50 TRI,2012-01-18,9248.084457265557
Nifty Next 50 TRI,2012-01-19,9399.679106240292
Nifty Next 50 TRI,2012-01-20,9248.638469694486
Nifty Next 50 TRI,2012-01-23,9466.209582615245
Nifty Next 50 TRI,2012-01-24,9670.61042528175
Nifty Next 50 TRI,2012-01-25,9812.232247458418
Nifty Next 50 TRI,2012-01-27,9812.820055522428
Nifty Next 50 TRI,2012-01-30,9653.4278087222
Nifty Next 50 TRI,2012-01-31,9875.9432209688
Nifty Next 50 TRI,2012-02-01,9983.228781885404
Nifty Next 50 TRI,2012-02-02,10060.778269710585
Nifty Next 50 TRI,2012-02-03,9983.826833606447
Nifty Next 50 TRI,2012-02-06,10304.635379973246
Nifty Next 50 TRI,2012-02-07,10161.090280113878
Nifty Next 50 TRI,2012-02-08,10290.252438157426
Nifty Next 50 TRI,2012-02-09,10400.697506505843
Nifty Next 50 TRI,2012-02-10,10290.868882327448
Nifty Next 50 TRI,2012-02-13,10447.553882239987
Nifty Next 50 TRI,2012-02-14,10520.412503571713
Nifty Next 50 TRI,2012-02-15,10763.443730757373
Nifty Next 50 TRI,2012-02-16,10860.785658419161
Nifty Next 50 TRI,2012-02-17,10861.110964711508
Nifty Next 50 TRI,2012-02-21,10960.250849777329
Nifty Next 50 TRI,2012-02-22,10500.223211978242
Nifty Next 50 TRI,2012-02-23,10486.03430716992
Nifty Next 50 TRI,2012-02-24,10500.852234582095
Nifty Next 50 TRI,2012-02-27,10108.605570398455
Nifty Next 50 TRI,2012-02-28,10469.674979325839
Nifty Next 50 TRI,2012-02-29,10514.563146441053
Nifty Next 50 TRI,2012-03-01,10442.397958795627
Nifty Next 50 TRI,2012-03-02,10442.71073338395
Nifty Next 50 TRI,2012-03-05,10310.157230377383
Nifty Next 50 TRI,2012-03-06,10236.011195635941
Nifty Next 50 TRI,2012-03-07,10177.2749870572
Nifty Next 50 TRI,2012-03-09,10177.884663240577
Nifty Next 50 TRI,2012-03-12,10551.193536298013
Nifty Next 50 TRI,2012-03-13,10643.51586367245
Nifty Next 50 TRI,2012-03-14,10749.749585090745
Nifty Next 50 TRI,2012-03-15,10538.990231658874
Nifty Next 50 TRI,2012-03-16,10750.393555731966
Nifty Next 50 TRI,2012-03-19,10252.948848647
Nifty Next 50 TRI,2012-03-20,10344.32281236776
Nifty Next 50 TRI,2012-03-21,10567.393763734559
Nifty Next 50 TRI,2012-03-22,10277.003951369243
Nifty Next 50 TRI,2012-03-23,10568.026810233381
Nifty Next 50 TRI,2012-03-26,10227.97992616808
Nifty Next 50 TRI,2012-03-27,10296.941884356995
Nifty Next 50 TRI,2012-03-28,10182.77163742952
Nifty Next 50 TRI,2012-03-29,10249.114416600436
Nifty Next 50 TRI,2012-03-30,10249.4214018882
Nifty Next 50 TRI,2012-04-02,10622.214760937646
Nifty Next 50 TRI,2012-04-03,10758.964021609929
Nifty Next 50 TRI,2012-04-04,10740.026392438533
Nifty Next 50 TRI,2012-04-09,10569.476511539764
Nifty Next 50 TRI,2012-04-10,10582.35002123059
Nifty Next 50 TRI,2012-04-11,10510.652336286834
Nifty Next 50 TRI,2012-04-12,10575.217290627803
Nifty Next 50 TRI,2012-04-13,10575.534043470163
Nifty Next 50 TRI,2012-04-16,10568.46456676845
Nifty Next 50 TRI,2012-04-17,10658.663406145026
Nifty Next 50 TRI,2012-04-18,10642.18648749441
Nifty Next 50 TRI,2012-04-19,10611.685236114407
Nifty Next 50 TRI,2012-04-20,10612.003081258235
Nifty Next 50 TRI,2012-04-23,10385.383688661494
Nifty Next 50 TRI,2012-04-24,10337.464951134389
Nifty Next 50 TRI,2012-04-25,10306.949033412355
Nifty Next 50 TRI,2012-04-26,10241.769603519731
Nifty Next 50 TRI,2012-04-27,10242.076368812921
Nifty Next 50 TRI,2012-04-30,10320.09825144069
Nifty Next 50 TRI,2012-05-02,10310.169753019594
Nifty Next 50 TRI,2012-05-03,10174.934088480806
Nifty Next 50 TRI,2012-05-04,10175.238851891789
Nifty Next 50 TRI,2012-05-07,10155.713073676667
Nifty Next 50 TRI,2012-05-08,9976.492480382138
Nifty Next 50 TRI,2012-05-09,9827.39280817758
Nifty Next 50 TRI,2012-05-10,9846.917549298558
Nifty Next 50 TRI,2012-05-11,9847.212487836132
Nifty Next 50 TRI,2012-05-14,9715.132779330075
Nifty Next 50 TRI,2012-05-15,9752.628267326065
Nifty Next 50 TRI,2012-05-16,9587.185130652068
Nifty Next 50 TRI,2012-05-17,9588.784690913191
Nifty Next 50 TRI,2012-05-18,9589.071897759364
Nifty Next 50 TRI,2012-05-21,9649.360620696874
Nifty Next 50 TRI,2012-05-22,9556.845717090311
Nifty Next 50 TRI,2012-05-23,9481.139050596668
Nifty Next 50 TRI,2012-05-24,9555.853073819653
Nifty Next 50 TRI,2012-05-25,9556.13929428578
Nifty Next 50 TRI,2012-05-28,9745.619969800666
Nifty Next 50 TRI,2012-05-29,9728.79125913125
Nifty Next 50 TRI,2012-05-30,9603.730593289501
Nifty Next 50 TRI,2012-05-31,9659.878377489844
Nifty Next 50 TRI,2012-06-01,9660.167713760562
Nifty Next 50 TRI,2012-06-04,9485.961141314892
Nifty Next 50 TRI,2012-06-05,9504.228791403937
Nifty Next 50 TRI,2012-06-06,9704.602431213667
Nifty Next 50 TRI,2012-06-07,9791.174395064434
Nifty Next 50 TRI,2012-06-08,9791.467663962316
Nifty Next 50 TRI,2012-06-11,9769.30951735981
Nifty Next 50 TRI,2012-06-12,9857.665664672779
Nifty Next 50 TRI,2012-06-13,9877.766488134745
Nifty Next 50 TRI,2012-06-14,9736.435998050938
Nifty Next 50 TRI,2012-06-15,9736.727627403985
Nifty Next 50 TRI,2012-06-18,9678.377335337302
Nifty Next 50 TRI,2012-06-19,9707.118534519515
Nifty Next 50 TRI,2012-06-20,9801.55725555521
Nifty Next 50 TRI,2012-06-21,9905.049024056278
Nifty Next 50 TRI,2012-06-22,9905.345703769408
Nifty Next 50 TRI,2012-06-25,9853.670487989713
Nifty Next 50 TRI,2012-06-26,9931.855398881435
Nifty Next 50 TRI,2012-06-27,9969.962128310844
Nifty Next 50 TRI,2012-06-28,9993.512881751622
Nifty Next 50 TRI,2012-06-29,9993.81221116713
Nifty Next 50 TRI,2012-07-02,10274.728976938151
Nifty Next 50 TRI,2012-07-03,10399.403697520445
Nifty Next 50 TRI,2012-07-04,10450.32372381997
Nifty Next 50 TRI,2012-07-05,10511.610338529521
Nifty Next 50 TRI,2012-07-06,10511.925186192786
Nifty Next 50 TRI,2012-07-09,10334.3761676617
Nifty Next 50 TRI,2012-07-10,10437.284884093353
Nifty Next 50 TRI,2012-07-11,10400.07561020157
Nifty Next 50 TRI,2012-07-12,10342.434887616913
Nifty Next 50 TRI,2012-07-13,10342.74466807414
Nifty Next 50 TRI,2012-07-16,10277.773966757832
Nifty Next 50 TRI,2012-07-17,10225.633979086417
Nifty Next 50 TRI,2012-07-18,10222.500534954583
Nifty Next 50 TRI,2012-07-19,10242.837158447066
Nifty Next 50 TRI,2012-07-20,10243.14395571606
Nifty Next 50 TRI,2012-07-23,10096.757459539996
Nifty Next 50 TRI,2012-07-24,10153.81963474502
Nifty Next 50 TRI,2012-07-25,10092.758910670149
Nifty Next 50 TRI,2012-07-26,9929.350495422246
Nifty Next 50 TRI,2012-07-27,9929.647903022087
Nifty Next 50 TRI,2012-07-30,10097.458491335432
Nifty Next 50 TRI,2012-07-31,10148.510230084466
Nifty Next 50 TRI,2012-08-01,10201.488198509653
Nifty Next 50 TRI,2012-08-02,10257.303785143022
Nifty Next 50 TRI,2012-08-03,10257.611015721799
Nifty Next 50 TRI,2012-08-06,10276.194869128864
Nifty Next 50 TRI,2012-08-07,10319.013977121018
Nifty Next 50 TRI,2012-08-08,10262.79084711128
Nifty Next 50 TRI,2012-08-09,10226.303905365858
Nifty Next 50 TRI,2012-08-10,10226.610207424705
Nifty Next 50 TRI,2012-08-13,10328.865608893957
Nifty Next 50 TRI,2012-08-14,10361.571345268732
Nifty Next 50 TRI,2012-08-16,10334.147083001206
Nifty Next 50 TRI,2012-08-17,10334.456615219025
Nifty Next 50 TRI,2012-08-21,10346.276690012266
Nifty Next 50 TRI,2012-08-22,10295.550680511875
Nifty Next 50 TRI,2012-08-23,10259.960087894462
Nifty Next 50 TRI,2012-08-24,10260.267398035807
Nifty Next 50 TRI,2012-08-27,10124.970393243033
Nifty Next 50 TRI,2012-08-29,10003.630451611469
Nifty Next 50 TRI,2012-08-30,10025.808704249464
Nifty Next 50 TRI,2012-08-31,10026.109001001461
Nifty Next 50 TRI,2012-09-03,10003.355965978739
Nifty Next 50 TRI,2012-09-04,10106.527908984948
Nifty Next 50 TRI,2012-09-05,10043.566214633232
Nifty Next 50 TRI,2012-09-06,10090.975448837637
Nifty Next 50 TRI,2012-09-07,10091.277697488209
Nifty Next 50 TRI,2012-09-10,10286.161874918966
Nifty Next 50 TRI,2012-09-11,10294.93108183119
Nifty Next 50 TRI,2012-09-12,10302.179916209603
Nifty Next 50 TRI,2012-09-13,10251.722736122812
Nifty Next 50 TRI,2012-09-14,10252.029799535932
Nifty Next 50 TRI,2012-09-17,10502.201357631126
Nifty Next 50 TRI,2012-09-18,10643.638582820653
Nifty Next 50 TRI,2012-09-20,10630.188027295573
Nifty Next 50 TRI,2012-09-21,10630.506426641889
Nifty Next 50 TRI,2012-09-24,10884.919747126916
Nifty Next 50 TRI,2012-09-25,10942.82150535403
Nifty Next 50 TRI,2012-09-26,10947.660391968739
Nifty Next 50 TRI,2012-09-27,11034.10413225254
Nifty Next 50 TRI,2012-09-28,11034.434629844289
Nifty Next 50 TRI,2012-10-01,11268.863502892222
Nifty Next 50 TRI,2012-10-03,11345.682336077163
Nifty Next 50 TRI,2012-10-04,11436.820745681085
Nifty Next 50 TRI,2012-10-05,11437.163305590651
Nifty Next 50 TRI,2012-10-08,11293.129621335805
Nifty Next 50 TRI,2012-10-09,11362.020673770247
Nifty Next 50 TRI,2012-10-10,11237.472186333232
Nifty Next 50 TRI,2012-10-11,11367.011445873604
Nifty Next 50 TRI,2012-10-12,11367.351914829056
Nifty Next 50 TRI,2012-10-15,11320.499730888405
Nifty Next 50 TRI,2012-10-16,11219.10486819617
Nifty Next 50 TRI,2012-10-17,11231.663371547043
Nifty Next 50 TRI,2012-10-18,11335.311878148974
Nifty Next 50 TRI,2012-10-19,11335.651397627182
Nifty Next 50 TRI,2012-10-22,11285.743875075183
Nifty Next 50 TRI,2012-10-23,11239.565979005638
Nifty Next 50 TRI,2012-10-25,11236.992464079578
Nifty Next 50 TRI,2012-10-29,11025.506863328124
Nifty Next 50 TRI,2012-10-30,10937.353973601279
Nifty Next 50 TRI,2012-10-31,11059.248937365785
Nifty Next 50 TRI,2012-11-01,11159.89125636183
Nifty Next 50 TRI,2012-11-02,11059.911448764144
Nifty Next 50 TRI,2012-11-05,11229.32918178152
Nifty Next 50 TRI,2012-11-06,11261.229660350897
Nifty Next 50 TRI,2012-11-07,11397.521996169777
Nifty Next 50 TRI,2012-11-08,11408.520852275147
Nifty Next 50 TRI,2012-11-09,11398.204772032608
Nifty Next 50 TRI,2012-11-12,11514.14068924285
Nifty Next 50 TRI,2012-11-15,11538.525184287857
Nifty Next 50 TRI,2012-11-16,11538.870790486608
Nifty Next 50 TRI,2012-11-19,11297.598311073829
Nifty Next 50 TRI,2012-11-20,11245.64554069154
Nifty Next 50 TRI,2012-11-21,11299.493770560082
Nifty Next 50 TRI,2012-11-22,11378.324229211994
Nifty Next 50 TRI,2012-11-23,11300.17067397921
Nifty Next 50 TRI,2012-11-26,11591.022002770858
Nifty Next 50 TRI,2012-11-27,11777.575496993773
Nifty Next 50 TRI,2012-11-29,11896.44990141936
Nifty Next 50 TRI,2012-11-30,11896.806228312387
Nifty Next 50 TRI,2012-12-03,12073.449598509887
Nifty Next 50 TRI,2012-12-04,12132.574177136205
Nifty Next 50 TRI,2012-12-05,12155.742902893417
Nifty Next 50 TRI,2012-12-06,12252.358693187414
Nifty Next 50 TRI,2012-12-07,12156.47110046581
Nifty Next 50 TRI,2012-12-10,12238.942339491698
Nifty Next 50 TRI,2012-12-11,12180.126855586703
Nifty Next 50 TRI,2012-12-12,12191.566820829721
Nifty Next 50 TRI,2012-12-13,12078.792882202126
Nifty Next 50 TRI,2012-12-14,12192.297164456888
Nifty Next 50 TRI,2012-12-17,12237.800192140341
Nifty Next 50 TRI,2012-12-18,12406.45142275663
Nifty Next 50 TRI,2012-12-19,12495.998494994112
Nifty Next 50 TRI,2012-12-20,12510.701861810545
Nifty Next 50 TRI,2012-12-21,12496.747075795907
Nifty Next 50 TRI,2012-12-24,12362.638625845357
Nifty Next 50 TRI,2012-12-26,12429.652462078351
Nifty Next 50 TRI,2012-12-27,12385.908774502319
Nifty Next 50 TRI,2012-12-28,12430.39706837851
Nifty Next 50 TRI,2012-12-31,12545.017971751528
Nifty Next 50 TRI,2013-01-02,12780.315663325136
Nifty Next 50 TRI,2013-01-03,12846.376973993849
Nifty Next 50 TRI,2013-01-04,12781.081276329194
Nifty Next 50 TRI,2013-01-07,12853.102554922294
Nifty Next 50 TRI,2013-01-08,12846.318916416769
Nifty Next 50 TRI,2013-01-09,12822.298476294653
Nifty Next 50 TRI,2013-01-10,12800.056186145419
Nifty Next 50 TRI,2013-01-11,12823.06660430604
Nifty Next 50 TRI,2013-01-14,12825.082966242637
Nifty Next 50 TRI,2013-01-15,12862.844314236008
Nifty Next 50 TRI,2013-01-16,12688.644437626153
Nifty Next 50 TRI,2013-01-17,12702.298804617034
Nifty Next 50 TRI,2013-01-18,12702.679268596194
Nifty Next 50 TRI,2013-01-21,12681.695549366319
Nifty Next 50 TRI,2013-01-22,12552.880823119698
Nifty Next 50 TRI,2013-01-23,12498.423374394772
Nifty Next 50 TRI,2013-01-24,12284.291770084095
Nifty Next 50 TRI,2013-01-25,12499.172100460522
Nifty Next 50 TRI,2013-01-28,12498.209673362351
Nifty Next 50 TRI,2013-01-29,12403.549742243635
Nifty Next 50 TRI,2013-01-30,12388.302663763128
Nifty Next 50 TRI,2013-01-31,12485.951522687044
Nifty Next 50 TRI,2013-02-01,12389.044792977107
Nifty Next 50 TRI,2013-02-04,12466.127008447751
Nifty Next 50 TRI,2013-02-05,12408.440426313997
Nifty Next 50 TRI,2013-02-06,12462.039547849354
Nifty Next 50 TRI,2013-02-07,12367.557658003434
Nifty Next 50 TRI,2013-02-08,12462.786094318646
Nifty Next 50 TRI,2013-02-11,12277.02185103252
Nifty Next 50 TRI,2013-02-12,12311.388508057813
Nifty Next 50 TRI,2013-02-13,12226.55459486897
Nifty Next 50 TRI,2013-02-14,12057.376248626717
Nifty Next 50 TRI,2013-02-15,12227.287034461173
Nifty Next 50 TRI,2013-02-18,12138.741995926075
Nifty Next 50 TRI,2013-02-19,12251.965292664292
Nifty Next 50 TRI,2013-02-20,12234.310564612695
Nifty Next 50 TRI,2013-02-21,11979.873812859523
Nifty Next 50 TRI,2013-02-22,12235.043468831236
Nifty Next 50 TRI,2013-02-25,11958.80478095308
Nifty Next 50 TRI,2013-02-26,11808.243737184646
Nifty Next 50 TRI,2013-02-27,11944.80542564737
Nifty Next 50 TRI,2013-02-28,11668.665401892438
Nifty Next 50 TRI,2013-03-01,11945.520986874943
Nifty Next 50 TRI,2013-03-04,11673.679064526468
Nifty Next 50 TRI,2013-03-05,11843.77224532176
Nifty Next 50 TRI,2013-03-06,11905.70102748594
Nifty Next 50 TRI,2013-03-07,11949.90909433305
Nifty Next 50 TRI,2013-03-08,11906.414246139468
Nifty Next 50 TRI,2013-03-11,12099.41486866996
Nifty Next 50 TRI,2013-03-12,11990.004354293813
Nifty Next 50 TRI,2013-03-13,11803.362076111913
Nifty Next 50 TRI,2013-03-14,11916.857068656494
Nifty Next 50 TRI,2013-03-15,11804.069164084944
Nifty Next 50 TRI,2013-03-18,11856.230982423134
Nifty Next 50 TRI,2013-03-19,11615.187490458868
Nifty Next 50 TRI,2013-03-20,11387.938042930999
Nifty Next 50 TRI,2013-03-21,11306.143202675206
Nifty Next 50 TRI,2013-03-22,11388.620244660968
Nifty Next 50 TRI,2013-03-25,11234.168296624706
Nifty Next 50 TRI,2013-03-26,11253.564053607557
Nifty Next 50 TRI,2013-03-28,11438.97954269445
Nifty Next 50 TRI,2013-04-01,11548.048491391295
Nifty Next 50 TRI,2013-04-02,11713.029938509457
Nifty Next 50 TRI,2013-04-03,11577.743715034312
Nifty Next 50 TRI,2013-04-04,11390.65918557256
Nifty Next 50 TRI,2013-04-05,11391.00036283391
Nifty Next 50 TRI,2013-04-08,11425.314242710483
Nifty Next 50 TRI,2013-04-09,11333.889851398268
Nifty Next 50 TRI,2013-04-10,11442.823065272745
Nifty Next 50 TRI,2013-04-11,11473.705720926104
Nifty Next 50 TRI,2013-04-12,11474.049385628174
Nifty Next 50 TRI,2013-04-15,11518.422460740767
Nifty Next 50 TRI,2013-04-16,11682.197267633132
Nifty Next 50 TRI,2013-04-17,11720.689841363695
Nifty Next 50 TRI,2013-04-18,11871.272542854753
Nifty Next 50 TRI,2013-04-22,12054.71874698825
Nifty Next 50 TRI,2013-04-23,12001.47603881037
Nifty Next 50 TRI,2013-04-25,12089.210836913557
Nifty Next 50 TRI,2013-04-26,12089.572937453831
Nifty Next 50 TRI,2013-04-29,12174.624852102972
Nifty Next 50 TRI,2013-04-30,12286.50587378679
Nifty Next 50 TRI,2013-05-02,12471.819297089512
Nifty Next 50 TRI,2013-05-03,12472.19285766072
Nifty Next 50 TRI,2013-05-06,12526.377207820657
Nifty Next 50 TRI,2013-05-07,12653.03735153221
Nifty Next 50 TRI,2013-05-08,12625.250524589044
Nifty Next 50 TRI,2013-05-09,12587.103085554036
Nifty Next 50 TRI,2013-05-10,12587.480099148164
Nifty Next 50 TRI,2013-05-13,12540.53715410723
Nifty Next 50 TRI,2013-05-14,12581.485535021342
Nifty Next 50 TRI,2013-05-15,12815.048117356962
Nifty Next 50 TRI,2013-05-16,12905.41231263188
Nifty Next 50 TRI,2013-05-17,12905.798860342387
Nifty Next 50 TRI,2013-05-20,12861.375798894676
Nifty Next 50 TRI,2013-05-21,12770.440210209696
Nifty Next 50 TRI,2013-05-22,12703.950947279947
Nifty Next 50 TRI,2013-05-23,12486.76238516271
Nifty Next 50 TRI,2013-05-24,12487.13639331485
Nifty Next 50 TRI,2013-05-27,12738.120858232998
Nifty Next 50 TRI,2013-05-28,12754.94213315246
Nifty Next 50 TRI,2013-05-29,12686.140780510836
Nifty Next 50 TRI,2013-05-30,12674.011211384588
Nifty Next 50 TRI,2013-05-31,12674.390828083231
Nifty Next 50 TRI,2013-06-03,12634.472883404853
Nifty Next 50 TRI,2013-06-04,12715.2310227849
Nifty Next 50 TRI,2013-06-05,12735.017927297187
Nifty Next 50 TRI,2013-06-06,12687.699707149632
Nifty Next 50 TRI,2013-06-07,12688.07973385119
Nifty Next 50 TRI,2013-06-10,12378.114889172506
Nifty Next 50 TRI,2013-06-11,12146.286439097536
Nifty Next 50 TRI,2013-06-12,11971.550114831216
Nifty Next 50 TRI,2013-06-13,11783.625064520513
Nifty Next 50 TRI,2013-06-14,11783.978012042053
Nifty Next 50 TRI,2013-06-17,12102.337575650525
Nifty Next 50 TRI,2013-06-18,12155.628501513618
Nifty Next 50 TRI,2013-06-19,12241.363748296402
Nifty Next 50 TRI,2013-06-20,11921.335745377224
Nifty Next 50 TRI,2013-06-21,11921.692817660307
Nifty Next 50 TRI,2013-06-24,11502.281487750955
Nifty Next 50 TRI,2013-06-25,11484.741301593638
Nifty Next 50 TRI,2013-06-26,11466.944550913024
Nifty Next 50 TRI,2013-06-27,11542.560989215914
Nifty Next 50 TRI,2013-06-28,11542.906716296591
Nifty Next 50 TRI,2013-07-01,12155.455321217016
Nifty Next 50 TRI,2013-07-02,12070.159451808906
Nifty Next 50 TRI,2013-07-03,11871.44204826947
Nifty Next 50 TRI,2013-07-04,11932.571109921288
Nifty Next 50 TRI,2013-07-05,11932.92851873019
Nifty Next 50 TRI,2013-07-08,11945.962869772091
Nifty Next 50 TRI,2013-07-09,12105.101044820489
Nifty Next 50 TRI,2013-07-10,12048.308686017801
Nifty Next 50 TRI,2013-07-11,12140.436524614612
Nifty Next 50 TRI,2013-07-12,12140.800159485745
Nifty Next 50 TRI,2013-07-15,12318.852102949091
Nifty Next 50 TRI,2013-07-16,12160.406424075487
Nifty Next 50 TRI,2013-07-17,12075.532604452217
Nifty Next 50 TRI,2013-07-18,12265.858503067264
Nifty Next 50 TRI,2013-07-19,12266.225894624149
Nifty Next 50 TRI,2013-07-22,12153.489575613541
Nifty Next 50 TRI,2013-07-23,12221.872507590182
Nifty Next 50 TRI,2013-07-24,11989.279636192168
Nifty Next 50 TRI,2013-07-25,11898.753304369442
Nifty Next 50 TRI,2013-07-26,11899.10970025485
Nifty Next 50 TRI,2013-07-29,11648.157259461601
Nifty Next 50 TRI,2013-07-30,11407.065129617224
Nifty Next 50 TRI,2013-07-31,11419.632873544437
Nifty Next 50 TRI,2013-08-01,11237.092852242411
Nifty Next 50 TRI,2013-08-02,11237.429429827815
Nifty Next 50 TRI,2013-08-05,11171.417065958422
Nifty Next 50 TRI,2013-08-06,10901.454588504852
Nifty Next 50 TRI,2013-08-07,11050.927137149094
Nifty Next 50 TRI,2013-08-08,11131.743520573085
Nifty Next 50 TRI,2013-08-12,11267.763362730371
Nifty Next 50 TRI,2013-08-13,11492.602729588642
Nifty Next 50 TRI,2013-08-14,11578.307503987015
Nifty Next 50 TRI,2013-08-16,11121.821389575749
Nifty Next 50 TRI,2013-08-19,10853.391123715195
Nifty Next 50 TRI,2013-08-20,10747.200541783772
Nifty Next 50 TRI,2013-08-21,10596.317395131831
Nifty Next 50 TRI,2013-08-22,10713.13848943656
Nifty Next 50 TRI,2013-08-23,10865.543304488216
Nifty Next 50 TRI,2013-08-26,10922.628260315001
Nifty Next 50 TRI,2013-08-27,10576.56567591338
Nifty Next 50 TRI,2013-08-28,10447.404526802013
Nifty Next 50 TRI,2013-08-29,10639.661738066037
Nifty Next 50 TRI,2013-08-30,10746.323995080726
Nifty Next 50 TRI,2013-09-02,10907.304898815422
Nifty Next 50 TRI,2013-09-03,10582.367876554914
Nifty Next 50 TRI,2013-09-04,10739.484170101106
Nifty Next 50 TRI,2013-09-05,10967.944069495203
Nifty Next 50 TRI,2013-09-06,11037.816539965856
Nifty Next 50 TRI,2013-09-10,11338.298196562437
Nifty Next 50 TRI,2013-09-11,11476.672153971243
Nifty Next 50 TRI,2013-09-12,11314.647821841154
Nifty Next 50 TRI,2013-09-13,11359.396580295132
Nifty Next 50 TRI,2013-09-16,11344.844321994762
Nifty Next 50 TRI,2013-09-17,11310.298135646659
Nifty Next 50 TRI,2013-09-18,11374.468565595036
Nifty Next 50 TRI,2013-09-19,11778.765349421825
Nifty Next 50 TRI,2013-09-20,11707.341631722158
Nifty Next 50 TRI,2013-09-23,11555.194738129003
Nifty Next 50 TRI,2013-09-24,11563.584908125153
Nifty Next 50 TRI,2013-09-25,11613.737304858438
Nifty Next 50 TRI,2013-09-26,11619.413499864733
Nifty Next 50 TRI,2013-09-27,11640.258822314096
Nifty Next 50 TRI,2013-09-30,11487.715442595685
Nifty Next 50 TRI,2013-10-01,11572.057450012166
Nifty Next 50 TRI,2013-10-03,11775.710357643702
Nifty Next 50 TRI,2013-10-04,11824.394969283036
Nifty Next 50 TRI,2013-10-07,11892.24784289638
Nifty Next 50 TRI,2013-10-08,11886.658070290965
Nifty Next 50 TRI,2013-10-09,12020.14022130718
Nifty Next 50 TRI,2013-10-10,12107.238171837565
Nifty Next 50 TRI,2013-10-11,12126.927213463154
Nifty Next 50 TRI,2013-10-14,12156.984109640049
Nifty Next 50 TRI,2013-10-15,12046.603165088502
Nifty Next 50 TRI,2013-10-17,11985.745023526013
Nifty Next 50 TRI,2013-10-18,12169.259622111125
Nifty Next 50 TRI,2013-10-21,12362.08957963534
Nifty Next 50 TRI,2013-10-22,12410.306004555756
Nifty Next 50 TRI,2013-10-23,12400.625423008987
Nifty Next 50 TRI,2013-10-24,12370.226036616381
Nifty Next 50 TRI,2013-10-25,12264.024375542296
Nifty Next 50 TRI,2013-10-28,12118.023901298806
Nifty Next 50 TRI,2013-10-29,12326.1720628548
Nifty Next 50 TRI,2013-10-30,12399.07104747408
Nifty Next 50 TRI,2013-10-31,12525.732414664692
Nifty Next 50 TRI,2013-11-01,12610.64441356508
Nifty Next 50 TRI,2013-11-05,12632.523298970811
Nifty Next 50 TRI,2013-11-06,12572.105646449703
Nifty Next 50 TRI,2013-11-07,12374.54248863557
Nifty Next 50 TRI,2013-11-08,12395.847093155375
Nifty Next 50 TRI,2013-11-11,12301.314565028752
Nifty Next 50 TRI,2013-11-12,12242.825391572425
Nifty Next 50 TRI,2013-11-13,12184.128243418127
Nifty Next 50 TRI,2013-11-14,12419.21715615461
Nifty Next 50 TRI,2013-11-18,12625.022252167182
Nifty Next 50 TRI,2013-11-19,12620.062438025201
Nifty Next 50 TRI,2013-11-20,12491.0984609446
Nifty Next 50 TRI,2013-11-21,12276.461585903304
Nifty Next 50 TRI,2013-11-22,12311.219896854718
Nifty Next 50 TRI,2013-11-25,12500.361540790214
Nifty Next 50 TRI,2013-11-26,12457.717487262194
Nifty Next 50 TRI,2013-11-27,12460.144103212904
Nifty Next 50 TRI,2013-11-28,12537.576174600785
Nifty Next 50 TRI,2013-11-29,12694.744324621635
Nifty Next 50 TRI,2013-12-02,12788.56213416208
Nifty Next 50 TRI,2013-12-03,12743.708403240633
Nifty Next 50 TRI,2013-12-04,12654.797244477068
Nifty Next 50 TRI,2013-12-05,12744.78072107518
Nifty Next 50 TRI,2013-12-06,12776.280832416323
Nifty Next 50 TRI,2013-12-09,12916.241948371082
Nifty Next 50 TRI,2013-12-10,12828.757301400876
Nifty Next 50 TRI,2013-12-11,12746.403249650646
Nifty Next 50 TRI,2013-12-12,12644.013847595521
Nifty Next 50 TRI,2013-12-13,12489.331839099139
Nifty Next 50 TRI,2013-12-16,12616.763734665474
Nifty Next 50 TRI,2013-12-17,12651.249994152719
Nifty Next 50 TRI,2013-12-18,12833.527223763835
Nifty Next 50 TRI,2013-12-19,12836.685841310013
Nifty Next 50 TRI,2013-12-20,13026.171646973435
Nifty Next 50 TRI,2013-12-23,13099.423418569584
Nifty Next 50 TRI,2013-12-24,13120.572882831184
Nifty Next 50 TRI,2013-12-26,13152.44471993232
Nifty Next 50 TRI,2013-12-27,13259.97241782164
Nifty Next 50 TRI,2013-12-30,13237.628986830097
Nifty Next 50 TRI,2013-12-31,13292.60046771768
Nifty Next 50 TRI,2014-01-02,13071.947023247589
Nifty Next 50 TRI,2014-01-03,13139.458750282016
Nifty Next 50 TRI,2014-01-06,13162.587215586494
Nifty Next 50 TRI,2014-01-07,13029.804199637874
Nifty Next 50 TRI,2014-01-08,13066.8943878557
Nifty Next 50 TRI,2014-01-09,12958.465800258882
Nifty Next 50 TRI,2014-01-10,12923.590551496936
Nifty Next 50 TRI,2014-01-13,12912.207801613691
Nifty Next 50 TRI,2014-01-14,12915.165093058487
Nifty Next 50 TRI,2014-01-15,12967.580823094831
Nifty Next 50 TRI,2014-01-16,12843.599851661758
Nifty Next 50 TRI,2014-01-17,12686.447489097443
Nifty Next 50 TRI,2014-01-20,12825.444427422779
Nifty Next 50 TRI,2014-01-21,12838.94108381594
Nifty Next 50 TRI,2014-01-22,12865.037202636053
Nifty Next 50 TRI,2014-01-23,12835.03076523008
Nifty Next 50 TRI,2014-01-24,12620.298988834153
Nifty Next 50 TRI,2014-01-27,12251.902562773761
Nifty Next 50 TRI,2014-01-28,12233.908583356095
Nifty Next 50 TRI,2014-01-29,12303.813258159847
Nifty Next 50 TRI,2014-01-30,12066.396315937473
Nifty Next 50 TRI,2014-01-31,12337.727183256637
Nifty Next 50 TRI,2014-02-03,12210.025856309709
Nifty Next 50 TRI,2014-02-04,12259.21132673738
Nifty Next 50 TRI,2014-02-05,12327.02230916787
Nifty Next 50 TRI,2014-02-06,12375.905732061121
Nifty Next 50 TRI,2014-02-07,12397.061521300144
Nifty Next 50 TRI,2014-02-10,12331.1838954036
Nifty Next 50 TRI,2014-02-11,12335.669558636466
Nifty Next 50 TRI,2014-02-12,12315.92014991428
Nifty Next 50 TRI,2014-02-13,12138.041721958729
Nifty Next 50 TRI,2014-02-14,12159.143487388237
Nifty Next 50 TRI,2014-02-18,12277.939911067666
Nifty Next 50 TRI,2014-02-19,12328.384745774978
Nifty Next 50 TRI,2014-02-20,12295.093861362608
Nifty Next 50 TRI,2014-02-21,12386.871495926442
Nifty Next 50 TRI,2014-02-24,12381.138136786521
Nifty Next 50 TRI,2014-02-25,12403.33480210493
Nifty Next 50 TRI,2014-02-26,12391.09443165922
Nifty Next 50 TRI,2014-02-28,12540.563065068041
Nifty Next 50 TRI,2014-03-03,12528.303917466152
Nifty Next 50 TRI,2014-03-04,12649.208425234408
Nifty Next 50 TRI,2014-03-05,12722.64876522137
Nifty Next 50 TRI,2014-03-06,12872.657823400348
Nifty Next 50 TRI,2014-03-07,13004.963778093157
Nifty Next 50 TRI,2014-03-10,13075.805298357393
Nifty Next 50 TRI,2014-03-11,12963.88195843674
Nifty Next 50 TRI,2014-03-12,12973.076325507538
Nifty Next 50 TRI,2014-03-13,12888.025878672901
Nifty Next 50 TRI,2014-03-14,12910.609958326062
Nifty Next 50 TRI,2014-03-18,13112.418976920404
Nifty Next 50 TRI,2014-03-19,13172.871541227132
Nifty Next 50 TRI,2014-03-20,13071.480581452312
Nifty Next 50 TRI,2014-03-21,13144.968591186122
Nifty Next 50 TRI,2014-03-24,13261.59955781718
Nifty Next 50 TRI,2014-03-25,13326.859027053237
Nifty Next 50 TRI,2014-03-26,13342.66295401038
Nifty Next 50 TRI,2014-03-27,13415.347070048367
Nifty Next 50 TRI,2014-03-28,13703.095140597226
Nifty Next 50 TRI,2014-03-31,13880.654795016342
Nifty Next 50 TRI,2014-04-01,13833.818396064307
Nifty Next 50 TRI,2014-04-02,14007.479748560594
Nifty Next 50 TRI,2014-04-03,13897.361886857736
Nifty Next 50 TRI,2014-04-04,13900.9738663923
Nifty Next 50 TRI,2014-04-07,13910.365527015345
Nifty Next 50 TRI,2014-04-09,14139.786976966921
Nifty Next 50 TRI,2014-04-10,14311.540966320943
Nifty Next 50 TRI,2014-04-11,14242.950747242341
Nifty Next 50 TRI,2014-04-15,13995.820403428646
Nifty Next 50 TRI,2014-04-16,13890.452937385544
Nifty Next 50 TRI,2014-04-17,14082.445238484901
Nifty Next 50 TRI,2014-04-21,14235.822779827935
Nifty Next 50 TRI,2014-04-22,14262.287951692779
Nifty Next 50 TRI,2014-04-23,14259.51860840577
Nifty Next 50 TRI,2014-04-25,14313.434023096377
Nifty Next 50 TRI,2014-04-28,14337.10232699353
Nifty Next 50 TRI,2014-04-29,14199.1103138548
Nifty Next 50 TRI,2014-04-30,14015.10615985193
Nifty Next 50 TRI,2014-05-02,14088.567093821637
Nifty Next 50 TRI,2014-05-05,14081.32205777907
Nifty Next 50 TRI,2014-05-06,14117.232709455082
Nifty Next 50 TRI,2014-05-07,14025.6285381296
Nifty Next 50 TRI,2014-05-08,14001.389818645794
Nifty Next 50 TRI,2014-05-09,14320.882162410624
Nifty Next 50 TRI,2014-05-12,14486.801546523615
Nifty Next 50 TRI,2014-05-13,14801.393800915246
Nifty Next 50 TRI,2014-05-14,15071.941771818456
Nifty Next 50 TRI,2014-05-15,14991.591785068837
Nifty Next 50 TRI,2014-05-16,15352.201905257816
Nifty Next 50 TRI,2014-05-19,15986.03553738915
Nifty Next 50 TRI,2014-05-20,16026.405573537668
Nifty Next 50 TRI,2014-05-21,16028.691838213523
Nifty Next 50 TRI,2014-05-22,16294.025242216661
Nifty Next 50 TRI,2014-05-23,16579.502359911385
Nifty Next 50 TRI,2014-05-26,16286.94497707129
Nifty Next 50 TRI,2014-05-27,16071.626462203043
Nifty Next 50 TRI,2014-05-28,16156.398714048899
Nifty Next 50 TRI,2014-05-29,15964.859566667266
Nifty Next 50 TRI,2014-05-30,16014.739319932361
Nifty Next 50 TRI,2014-06-02,16285.042304232533
Nifty Next 50 TRI,2014-06-03,16426.471341703626
Nifty Next 50 TRI,2014-06-04,16567.08298439346
Nifty Next 50 TRI,2014-06-05,16810.291300365247
Nifty Next 50 TRI,2014-06-06,17142.837631002436
Nifty Next 50 TRI,2014-06-09,17261.384308566503
Nifty Next 50 TRI,2014-06-10,17178.97245429351
Nifty Next 50 TRI,2014-06-11,16937.45444127063
Nifty Next 50 TRI,2014-06-12,16921.642472861204
Nifty Next 50 TRI,2014-06-13,16454.476836622194
Nifty Next 50 TRI,2014-06-16,16488.28621665612
Nifty Next 50 TRI,2014-06-17,16726.62137130317
Nifty Next 50 TRI,2014-06-18,16604.4535380492
Nifty Next 50 TRI,2014-06-19,16481.45214779335
Nifty Next 50 TRI,2014-06-20,16432.875332861342
Nifty Next 50 TRI,2014-06-23,16499.336859132214
Nifty Next 50 TRI,2014-06-24,16712.82282854063
Nifty Next 50 TRI,2014-06-25,16703.714697923442
Nifty Next 50 TRI,2014-06-26,16625.63668464747
Nifty Next 50 TRI,2014-06-27,16694.227156969024
Nifty Next 50 TRI,2014-06-30,17036.377794009564
Nifty Next 50 TRI,2014-07-01,17165.54675002278
Nifty Next 50 TRI,2014-07-02,17515.724898592413
Nifty Next 50 TRI,2014-07-03,17457.13413115835
Nifty Next 50 TRI,2014-07-04,17499.721507266862
Nifty Next 50 TRI,2014-07-07,17503.87800075237
Nifty Next 50 TRI,2014-07-08,16783.400046942046
Nifty Next 50 TRI,2014-07-09,16575.415207616334
Nifty Next 50 TRI,2014-07-10,16681.347206879815
Nifty Next 50 TRI,2014-07-11,16185.147952712658
Nifty Next 50 TRI,2014-07-14,16293.756688869786
Nifty Next 50 TRI,2014-07-15,16658.258134102976
Nifty Next 50 TRI,2014-07-16,16831.3614546782
Nifty Next 50 TRI,2014-07-17,17016.260965728063
Nifty Next 50 TRI,2014-07-18,16940.984833702027
Nifty Next 50 TRI,2014-07-21,16938.370048532837
Nifty Next 50 TRI,2014-07-22,17021.861174083595
Nifty Next 50 TRI,2014-07-23,16952.362307168278
Nifty Next 50 TRI,2014-07-24,16978.878471143576
Nifty Next 50 TRI,2014-07-25,16738.01691447068
Nifty Next 50 TRI,2014-07-28,16728.713999126172
Nifty Next 50 TRI,2014-07-30,16869.50132171049
Nifty Next 50 TRI,2014-07-31,16844.821022873744
Nifty Next 50 TRI,2014-08-01,16731.079970834944
Nifty Next 50 TRI,2014-08-04,16941.440480568075
Nifty Next 50 TRI,2014-08-05,17015.49953303232
Nifty Next 50 TRI,2014-08-06,16928.954101499923
Nifty Next 50 TRI,2014-08-07,16893.251952515973
Nifty Next 50 TRI,2014-08-08,16591.919264937093
Nifty Next 50 TRI,2014-08-11,16752.439630592216
Nifty Next 50 TRI,2014-08-12,16883.935518306815
Nifty Next 50 TRI,2014-08-13,16747.234787238536
Nifty Next 50 TRI,2014-08-14,16929.183200289186
Nifty Next 50 TRI,2014-08-18,17202.352697072027
Nifty Next 50 TRI,2014-08-19,17392.102812773184
Nifty Next 50 TRI,2014-08-20,17429.934568475383
Nifty Next 50 TRI,2014-08-21,17551.70325420609
Nifty Next 50 TRI,2014-08-22,17580.691848853527
Nifty Next 50 TRI,2014-08-25,17383.377490977717
Nifty Next 50 TRI,2014-08-26,17373.28800181331
Nifty Next 50 TRI,2014-08-27,17404.758303114497
Nifty Next 50 TRI,2014-08-28,17354.813625649884
Nifty Next 50 TRI,2014-09-01,17741.36212093002
Nifty Next 50 TRI,2014-09-02,17868.051102484907
Nifty Next 50 TRI,2014-09-03,18001.271397300636
Nifty Next 50 TRI,2014-09-04,17973.128316927603
Nifty Next 50 TRI,2014-09-05,17982.882545537126
Nifty Next 50 TRI,2014-09-08,18206.674602751445
Nifty Next 50 TRI,2014-09-09,18292.860928083963
Nifty Next 50 TRI,2014-09-10,18111.660519645244
Nifty Next 50 TRI,2014-09-11,18199.71407974624
Nifty Next 50 TRI,2014-09-12,18237.646306967585
Nifty Next 50 TRI,2014-09-15,18179.729048566373
Nifty Next 50 TRI,2014-09-16,17627.1116159722
Nifty Next 50 TRI,2014-09-17,17743.49566681304
Nifty Next 50 TRI,2014-09-18,18111.027977378035
Nifty Next 50 TRI,2014-09-19,17984.571694694954
Nifty Next 50 TRI,2014-09-22,17986.65518774867
Nifty Next 50 TRI,2014-09-23,17606.979619895003
Nifty Next 50 TRI,2014-09-24,17532.962890884726
Nifty Next 50 TRI,2014-09-25,17240.69553111846
Nifty Next 50 TRI,2014-09-26,17513.653456491083
Nifty Next 50 TRI,2014-09-29,17617.707072595393
Nifty Next 50 TRI,2014-09-30,17619.789100009584
Nifty Next 50 TRI,2014-10-01,17543.427575014517
Nifty Next 50 TRI,2014-10-07,17302.75791346394
Nifty Next 50 TRI,2014-10-08,17294.72527928661
Nifty Next 50 TRI,2014-10-09,17630.033734566474
Nifty Next 50 TRI,2014-10-10,17311.412588602474
Nifty Next 50 TRI,2014-10-13,17398.43728252017
Nifty Next 50 TRI,2014-10-14,17454.265738509705
Nifty Next 50 TRI,2014-10-16,16966.082660685883
Nifty Next 50 TRI,2014-10-17,17187.987858880166
Nifty Next 50 TRI,2014-10-20,17461.859969474834
Nifty Next 50 TRI,2014-10-21,17604.850093934914
Nifty Next 50 TRI,2014-10-22,17795.961638338835
Nifty Next 50 TRI,2014-10-27,17795.722370883366
Nifty Next 50 TRI,2014-10-28,17850.236892183217
Nifty Next 50 TRI,2014-10-29,17948.830407256362
Nifty Next 50 TRI,2014-10-30,18080.04955449642
Nifty Next 50 TRI,2014-10-31,18374.42673363115
Nifty Next 50 TRI,2014-11-03,18486.029464392228
Nifty Next 50 TRI,2014-11-05,18437.50049806677
Nifty Next 50 TRI,2014-11-07,18563.612142780632
Nifty Next 50 TRI,2014-11-10,18596.196454994497
Nifty Next 50 TRI,2014-11-11,18708.131670137514
Nifty Next 50 TRI,2014-11-12,18913.196518804307
Nifty Next 50 TRI,2014-11-13,18847.357250360492
Nifty Next 50 TRI,2014-11-14,18947.896164320173
Nifty Next 50 TRI,2014-11-17,19090.259785954007
Nifty Next 50 TRI,2014-11-18,19294.90463382166
Nifty Next 50 TRI,2014-11-19,19140.438341674388
Nifty Next 50 TRI,2014-11-20,19208.20968678506
Nifty Next 50 TRI,2014-11-21,19210.03164089366
Nifty Next 50 TRI,2014-11-24,19275.175088420558
Nifty Next 50 TRI,2014-11-25,18985.382260667764
Nifty Next 50 TRI,2014-11-26,18978.47817098428
Nifty Next 50 TRI,2014-11-27,19078.43753777217
Nifty Next 50 TRI,2014-11-28,19274.62988613725
Nifty Next 50 TRI,2014-12-01,19271.63750890247
Nifty Next 50 TRI,2014-12-02,19379.925987983555
Nifty Next 50 TRI,2014-12-03,19648.05485971063
Nifty Next 50 TRI,2014-12-04,19695.72727527505
Nifty Next 50 TRI,2014-12-05,19557.707631006906
Nifty Next 50 TRI,2014-12-08,19337.670234944173
Nifty Next 50 TRI,2014-12-09,19013.541049574982
Nifty Next 50 TRI,2014-12-10,19224.548693191544
Nifty Next 50 TRI,2014-12-11,19059.698957513774
Nifty Next 50 TRI,2014-12-12,18825.724866807795
Nifty Next 50 TRI,2014-12-15,18752.27532215713
Nifty Next 50 TRI,2014-12-16,18238.462358731984
Nifty Next 50 TRI,2014-12-17,18189.569441069543
Nifty Next 50 TRI,2014-12-18,18796.75516320013
Nifty Next 50 TRI,2014-12-19,18835.38524933565
Nifty Next 50 TRI,2014-12-22,19009.41558346815
Nifty Next 50 TRI,2014-12-23,18853.952918407715
Nifty Next 50 TRI,2014-12-24,18820.75452559094
Nifty Next 50 TRI,2014-12-26,18916.061157129305
Nifty Next 50 TRI,2014-12-29,19077.301349379788
Nifty Next 50 TRI,2014-12-30,19253.941295022043
Nifty Next 50 TRI,2014-12-31,19407.677186738805
Nifty Next 50 TRI,2015-01-02,19622.33339675737
Nifty Next 50 TRI,2015-01-05,19591.827488909206
Nifty Next 50 TRI,2015-01-06,19031.468535699558
Nifty Next 50 TRI,2015-01-07,19028.401020721023
Nifty Next 50 TRI,2015-01-08,19396.11495078728
Nifty Next 50 TRI,2015-01-12,19453.010354847123
Nifty Next 50 TRI,2015-01-13,19426.46280003322
Nifty Next 50 TRI,2015-01-14,19421.534407597614
Nifty Next 50 TRI,2015-01-15,19675.142957544886
Nifty Next 50 TRI,2015-01-16,19812.906198469038
Nifty Next 50 TRI,2015-01-19,19891.41333179137
Nifty Next 50 TRI,2015-01-20,19930.841721112847
Nifty Next 50 TRI,2015-01-21,19980.04638511993
Nifty Next 50 TRI,2015-01-22,20021.041437976626
Nifty Next 50 TRI,2015-01-27,20331.597384571174
Nifty Next 50 TRI,2015-01-28,20467.97122628087
Nifty Next 50 TRI,2015-01-29,20451.9445176266
Nifty Next 50 TRI,2015-02-02,20521.32566361266
Nifty Next 50 TRI,2015-02-03,20337.26440942917
Nifty Next 50 TRI,2015-02-04,20194.276901670466
Nifty Next 50 TRI,2015-02-05,19967.91009446851
Nifty Next 50 TRI,2015-02-09,19498.200656128756
Nifty Next 50 TRI,2015-02-10,19710.134147043664
Nifty Next 50 TRI,2015-02-11,20065.705051470923
Nifty Next 50 TRI,2015-02-12,20363.086440841285
Nifty Next 50 TRI,2015-02-13,20456.662478914583
Nifty Next 50 TRI,2015-02-18,20466.280907423847
Nifty Next 50 TRI,2015-02-19,20443.688865109772
Nifty Next 50 TRI,2015-02-20,20497.47910030005
Nifty Next 50 TRI,2015-02-23,20338.053268231877
Nifty Next 50 TRI,2015-02-24,20323.831097979633
Nifty Next 50 TRI,2015-02-25,20285.98209349303
Nifty Next 50 TRI,2015-02-26,20067.749235983472
Nifty Next 50 TRI,2015-02-27,20512.289701074136
Nifty Next 50 TRI,2015-03-02,20776.043866054013
Nifty Next 50 TRI,2015-03-03,20919.54536408466
Nifty Next 50 TRI,2015-03-04,20676.41075907631
Nifty Next 50 TRI,2015-03-05,20795.245129678286
Nifty Next 50 TRI,2015-03-09,20534.833367867748
Nifty Next 50 TRI,2015-03-10,20565.64417845595
Nifty Next 50 TRI,2015-03-11,20512.42764713374
Nifty Next 50 TRI,2015-03-12,20884.210801696823
Nifty Next 50 TRI,2015-03-13,20576.03026379597
Nifty Next 50 TRI,2015-03-16,20420.938090208478
Nifty Next 50 TRI,2015-03-17,20734.609470427178
Nifty Next 50 TRI,2015-03-18,20783.502807994188
Nifty Next 50 TRI,2015-03-19,20706.221351973607
Nifty Next 50 TRI,2015-03-20,20390.15914731963
Nifty Next 50 TRI,2015-03-23,20212.82965892711
Nifty Next 50 TRI,2015-03-24,20142.184497722228
Nifty Next 50 TRI,2015-03-25,20150.706354983195
Nifty Next 50 TRI,2015-03-26,19909.62817389522
Nifty Next 50 TRI,2015-03-30,20220.08978582986
Nifty Next 50 TRI,2015-03-31,20256.066697899496
Nifty Next 50 TRI,2015-04-06,20653.66451385196
Nifty Next 50 TRI,2015-04-07,20871.041216919188
Nifty Next 50 TRI,2015-04-08,21031.00956233541
Nifty Next 50 TRI,2015-04-09,21059.256957972833
Nifty Next 50 TRI,2015-04-15,21197.40196879498
Nifty Next 50 TRI,2015-04-16,21058.772336750106
Nifty Next 50 TRI,2015-04-20,20329.036699626813
Nifty Next 50 TRI,2015-04-21,20197.0858256723
Nifty Next 50 TRI,2015-04-22,20209.627439127376
Nifty Next 50 TRI,2015-04-23,20275.39561963137
Nifty Next 50 TRI,2015-04-27,19608.862327235387
Nifty Next 50 TRI,2015-04-28,19937.86667957291
Nifty Next 50 TRI,2015-04-29,19983.92923572963
Nifty Next 50 TRI,2015-05-04,20362.383969200473
Nifty Next 50 TRI,2015-05-05,20514.747529502
Nifty Next 50 TRI,2015-05-06,19843.14094696405
Nifty Next 50 TRI,2015-05-07,19320.023837390865
Nifty Next 50 TRI,2015-05-11,20177.73636120313
Nifty Next 50 TRI,2015-05-12,19799.920233599867
Nifty Next 50 TRI,2015-05-13,20222.239183684625
Nifty Next 50 TRI,2015-05-14,20475.93975959401
Nifty Next 50 TRI,2015-05-18,20795.009986702116
Nifty Next 50 TRI,2015-05-19,20787.80721222968
Nifty Next 50 TRI,2015-05-20,20815.298672384884
Nifty Next 50 TRI,2015-05-21,20745.85202216742
Nifty Next 50 TRI,2015-05-25,20767.434440403107
Nifty Next 50 TRI,2015-05-26,20741.02791441152
Nifty Next 50 TRI,2015-05-27,20600.336107665797
Nifty Next 50 TRI,2015-05-28,20448.259124987922
Nifty Next 50 TRI,2015-05-29,20744.5082583148
Nifty Next 50 TRI,2015-06-01,20680.9253894064
Nifty Next 50 TRI,2015-06-02,20258.46936712454
Nifty Next 50 TRI,2015-06-03,19995.96571071155
Nifty Next 50 TRI,2015-06-04,20036.023517050253
Nifty Next 50 TRI,2015-06-05,20089.60407241571
Nifty Next 50 TRI,2015-06-08,19820.06209844905
Nifty Next 50 TRI,2015-06-09,19776.3356129067
Nifty Next 50 TRI,2015-06-10,19974.21091582437
Nifty Next 50 TRI,2015-06-11,19672.16649931335
Nifty Next 50 TRI,2015-06-12,19714.10438177298
Nifty Next 50 TRI,2015-06-15,19745.42931976208
Nifty Next 50 TRI,2015-06-16,19869.82253428773
Nifty Next 50 TRI,2015-06-17,20187.99639329693
Nifty Next 50 TRI,2015-06-18,20276.953173333673
Nifty Next 50 TRI,2015-06-19,20391.24165346449
Nifty Next 50 TRI,2015-06-22,20701.40603202521
Nifty Next 50 TRI,2015-06-23,20728.71215396795
Nifty Next 50 TRI,2015-06-24,20615.426771989634
Nifty Next 50 TRI,2015-06-25,20726.663101813778
Nifty Next 50 TRI,2015-06-26,20697.93088894884
Nifty Next 50 TRI,2015-06-29,20463.792652241045
Nifty Next 50 TRI,2015-06-30,20712.268101463847
Nifty Next 50 TRI,2015-07-01,20964.15389573602
Nifty Next 50 TRI,2015-07-02,21194.06307284923
Nifty Next 50 TRI,2015-07-06,21316.66405020936
Nifty Next 50 TRI,2015-07-07,21414.952333709578
Nifty Next 50 TRI,2015-07-08,21175.823527118486
Nifty Next 50 TRI,2015-07-09,21146.67492270477
Nifty Next 50 TRI,2015-07-10,21134.714715491136
Nifty Next 50 TRI,2015-07-13,21386.977551634885
Nifty Next 50 TRI,2015-07-14,21432.192989058163
Nifty Next 50 TRI,2015-07-15,21433.306499289145
Nifty Next 50 TRI,2015-07-16,21701.005285861236
Nifty Next 50 TRI,2015-07-17,21825.36180145989
Nifty Next 50 TRI,2015-07-20,21836.46990117309
Nifty Next 50 TRI,2015-07-21,21489.585308171856
Nifty Next 50 TRI,2015-07-22,21718.18157445885
Nifty Next 50 TRI,2015-07-23,21734.617991702908
Nifty Next 50 TRI,2015-07-24,21575.310155775223
Nifty Next 50 TRI,2015-07-27,21306.81216633777
Nifty Next 50 TRI,2015-07-28,21252.921496826642
Nifty Next 50 TRI,2015-07-29,21353.62492605868
Nifty Next 50 TRI,2015-07-30,21511.219253150466
Nifty Next 50 TRI,2015-07-31,21764.55782142826
Nifty Next 50 TRI,2015-08-03,21950.312192042908
Nifty Next 50 TRI,2015-08-04,22282.18433134878
Nifty Next 50 TRI,2015-08-05,22485.852451815397
Nifty Next 50 TRI,2015-08-06,22584.996887187623
Nifty Next 50 TRI,2015-08-07,22508.53668024053
Nifty Next 50 TRI,2015-08-10,22514.951739179338
Nifty Next 50 TRI,2015-08-11,22378.69823071533
Nifty Next 50 TRI,2015-08-12,21839.173567519345
Nifty Next 50 TRI,2015-08-13,21765.921730495844
Nifty Next 50 TRI,2015-08-14,22231.32155089701
Nifty Next 50 TRI,2015-08-17,22352.27528947957
Nifty Next 50 TRI,2015-08-18,22458.72185261058
Nifty Next 50 TRI,2015-08-19,22479.74624925748
Nifty Next 50 TRI,2015-08-20,22189.801848014547
Nifty Next 50 TRI,2015-08-21,22021.845198652223
Nifty Next 50 TRI,2015-08-24,20211.4171900776
Nifty Next 50 TRI,2015-08-25,20660.33721486472
Nifty Next 50 TRI,2015-08-26,20496.91458120862
Nifty Next 50 TRI,2015-08-27,21057.32735836212
Nifty Next 50 TRI,2015-08-28,21156.964057057343
Nifty Next 50 TRI,2015-08-31,21033.683508639453
Nifty Next 50 TRI,2015-09-01,20675.189585612072
Nifty Next 50 TRI,2015-09-02,20504.03989951638
Nifty Next 50 TRI,2015-09-03,20721.543407027046
Nifty Next 50 TRI,2015-09-04,20315.848767565883
Nifty Next 50 TRI,2015-09-07,19835.267416723993
Nifty Next 50 TRI,2015-09-08,19911.186897982334
Nifty Next 50 TRI,2015-09-09,20313.552425487804
Nifty Next 50 TRI,2015-09-10,20418.07430179445
Nifty Next 50 TRI,2015-09-11,20421.66946423869
Nifty Next 50 TRI,2015-09-14,20743.816587935413
Nifty Next 50 TRI,2015-09-15,20564.120607852976
Nifty Next 50 TRI,2015-09-18,20570.312895823736
Nifty Next 50 TRI,2015-09-21,20600.545667924536
Nifty Next 50 TRI,2015-09-22,20317.589129749187
Nifty Next 50 TRI,2015-09-23,20273.734564823186
Nifty Next 50 TRI,2015-09-28,20119.638270099593
Nifty Next 50 TRI,2015-09-29,20150.4121031532
Nifty Next 50 TRI,2015-09-30,20543.45150577947
Nifty Next 50 TRI,2015-10-05,21110.07156467409
Nifty Next 50 TRI,2015-10-06,21164.03741445644
Nifty Next 50 TRI,2015-10-07,21168.705078458865
Nifty Next 50 TRI,2015-10-08,20910.935982177154
Nifty Next 50 TRI,2015-10-09,20899.564717059777
Nifty Next 50 TRI,2015-10-12,20895.72997021632
Nifty Next 50 TRI,2015-10-13,20855.325370709223
Nifty Next 50 TRI,2015-10-14,20875.60104088416
Nifty Next 50 TRI,2015-10-15,20921.189567255027
Nifty Next 50 TRI,2015-10-16,20962.11750710302
Nifty Next 50 TRI,2015-10-19,21103.621978513256
Nifty Next 50 TRI,2015-10-20,21111.067654370217
Nifty Next 50 TRI,2015-10-21,21010.80367648734
Nifty Next 50 TRI,2015-10-23,20907.01988491617
Nifty Next 50 TRI,2015-10-26,20821.248174981545
Nifty Next 50 TRI,2015-10-27,20880.114687107496
Nifty Next 50 TRI,2015-10-28,20822.28660571839
Nifty Next 50 TRI,2015-10-29,20702.64534099061
Nifty Next 50 TRI,2015-10-30,20691.782518322067
Nifty Next 50 TRI,2015-11-02,20729.715852159916
Nifty Next 50 TRI,2015-11-03,20847.422460318678
Nifty Next 50 TRI,2015-11-04,20862.362231550265
Nifty Next 50 TRI,2015-11-05,20586.118596249646
Nifty Next 50 TRI,2016-12-12,23315.8866870496
Nifty Next 50 TRI,2016-12-13,23209.95701522855
Nifty Next 50 TRI,2016-12-14,23000.09543745059
Nifty Next 50 TRI,2016-12-15,22962.461885454308
Nifty Next 50 TRI,2016-12-16,22923.71054139561
Nifty Next 50 TRI,2016-12-19,22773.94698236786
Nifty Next 50 TRI,2016-12-20,22586.4885268849
Nifty Next 50 TRI,2016-12-21,22574.15840917972
Nifty Next 50 TRI,2016-12-22,22183.561974968008
Nifty Next 50 TRI,2016-12-23,22084.308650236864
Nifty Next 50 TRI,2016-12-27,22101.185318566004
Nifty Next 50 TRI,2016-12-28,22197.957296122608
Nifty Next 50 TRI,2016-12-29,22463.596342259574
Nifty Next 50 TRI,2016-12-30,22716.983745300782
Nifty Next 50 TRI,2017-01-03,23106.07346539518
Nifty Next 50 TRI,2017-01-04,23076.386710996805
Nifty Next 50 TRI,2017-01-05,23448.597529284812
Nifty Next 50 TRI,2017-01-06,23396.026353816716
Nifty Next 50 TRI,2017-01-09,23409.86874204279
Nifty Next 50 TRI,2017-01-10,23649.610481906853
Nifty Next 50 TRI,2017-01-11,23950.7221435434
Nifty Next 50 TRI,2017-01-12,24035.851628246037
Nifty Next 50 TRI,2017-01-13,24063.082128000067
Nifty Next 50 TRI,2017-01-16,24216.398346854643
Nifty Next 50 TRI,2017-01-17,24205.912158823634
Nifty Next 50 TRI,2017-01-18,24355.14351050391
Nifty Next 50 TRI,2017-01-19,24424.787965587686
Nifty Next 50 TRI,2017-01-20,24066.427868024635
Nifty Next 50 TRI,2017-01-23,24278.230975333703
Nifty Next 50 TRI,2017-01-24,24538.344992092
Nifty Next 50 TRI,2017-01-25,24866.712704635724
Nifty Next 50 TRI,2017-01-27,25000.75267083219
Nifty Next 50 TRI,2017-01-30,25142.309261177004
Nifty Next 50 TRI,2017-01-31,24747.548037558245
Nifty Next 50 TRI,2017-02-01,25256.026755895935
Nifty Next 50 TRI,2017-02-02,25426.56500180716
Nifty Next 50 TRI,2017-02-03,25455.554487903642
Nifty Next 50 TRI,2017-02-06,25737.05410442774
Nifty Next 50 TRI,2017-02-07,25657.65221897942
Nifty Next 50 TRI,2017-02-08,25784.796569803573
Nifty Next 50 TRI,2017-02-09,25794.715421983114
Nifty Next 50 TRI,2017-02-10,25735.990152228387
Nifty Next 50 TRI,2017-02-13,25740.909567743965
Nifty Next 50 TRI,2017-02-14,25497.655392444212
Nifty Next 50 TRI,2017-02-15,25178.02507473392
Nifty Next 50 TRI,2017-02-16,25615.379016880226
Nifty Next 50 TRI,2017-02-17,25793.45168669573
Nifty Next 50 TRI,2017-02-20,25960.164297778312
Nifty Next 50 TRI,2017-02-21,26182.945610422656
Nifty Next 50 TRI,2017-02-22,26022.940348620763
Nifty Next 50 TRI,2017-02-23,25932.178672530303
Nifty Next 50 TRI,2017-02-27,25906.24166394545
Nifty Next 50 TRI,2017-02-28,25986.60079220968
Nifty Next 50 TRI,2017-03-01,26021.74701341597
Nifty Next 50 TRI,2017-03-02,25645.91296645583
Nifty Next 50 TRI,2017-03-03,25634.444450039093
Nifty Next 50 TRI,2017-03-06,25782.69710412814
Nifty Next 50 TRI,2017-03-07,25757.344838971043
Nifty Next 50 TRI,2017-03-08,25673.296924405928
Nifty Next 50 TRI,2017-03-09,25637.615348138657
Nifty Next 50 TRI,2017-03-10,25587.829880379817
Nifty Next 50 TRI,2017-03-14,25999.150624365247
Nifty Next 50 TRI,2017-03-15,26166.034128206826
Nifty Next 50 TRI,2017-03-16,26531.880078789887
Nifty Next 50 TRI,2017-03-17,26521.923689414736
Nifty Next 50 TRI,2017-03-20,26528.405240062413
Nifty Next 50 TRI,2017-03-21,26382.652778136428
Nifty Next 50 TRI,2017-03-22,26137.665691502873
Nifty Next 50 TRI,2017-03-23,26400.043568571607
Nifty Next 50 TRI,2017-03-24,26411.109353198182
Nifty Next 50 TRI,2017-03-27,26303.167337876122
Nifty Next 50 TRI,2017-03-28,26506.704088597013
Nifty Next 50 TRI,2017-03-29,26527.622735663484
Nifty Next 50 TRI,2017-03-30,26636.82691950354
Nifty Next 50 TRI,2017-03-31,26750.987980559403
Nifty Next 50 TRI,2017-04-03,26857.448150584387
Nifty Next 50 TRI,2017-04-05,27136.99687199464
Nifty Next 50 TRI,2017-04-06,27226.536901543557
Nifty Next 50 TRI,2017-04-07,27218.350427956877
Nifty Next 50 TRI,2017-04-10,27412.49289115151
Nifty Next 50 TRI,2017-04-11,27562.35014643109
Nifty Next 50 TRI,2017-04-12,27608.824852196933
Nifty Next 50 TRI,2017-04-13,27563.626743967612
Nifty Next 50 TRI,2017-04-17,27503.852887149806
Nifty Next 50 TRI,2017-04-18,27212.510426964916
Nifty Next 50 TRI,2017-04-19,27378.8053275414
Nifty Next 50 TRI,2017-04-20,27478.08626020881
Nifty Next 50 TRI,2017-04-21,27541.674803154474
Nifty Next 50 TRI,2017-04-24,27775.089739889245
Nifty Next 50 TRI,2017-04-25,28201.20961988935
Nifty Next 50 TRI,2017-04-26,28144.55418614662
Nifty Next 50 TRI,2017-04-27,28010.732152363376
Nifty Next 50 TRI,2017-04-28,28056.869540648335
Nifty Next 50 TRI,2017-05-02,28203.01942565868
Nifty Next 50 TRI,2017-05-03,28186.699837352015
Nifty Next 50 TRI,2017-05-04,28265.364744126004
Nifty Next 50 TRI,2017-05-05,27869.421604776697
Nifty Next 50 TRI,2017-05-08,27992.456619281867
Nifty Next 50 TRI,2017-05-09,28216.981718226398
Nifty Next 50 TRI,2017-05-10,28582.0499089204
Nifty Next 50 TRI,2017-05-11,28628.703117464174
Nifty Next 50 TRI,2017-05-12,28496.859357584613
Nifty Next 50 TRI,2017-05-15,28738.18467191366
Nifty Next 50 TRI,2017-05-16,28730.353713181044
Nifty Next 50 TRI,2017-05-17,28580.419687265894
Nifty Next 50 TRI,2017-05-18,27996.3095998078
Nifty Next 50 TRI,2017-05-19,27835.30445396214
Nifty Next 50 TRI,2017-05-22,27604.43037188813
Nifty Next 50 TRI,2017-05-23,27236.571580000018
Nifty Next 50 TRI,2017-05-24,26826.290393005867
Nifty Next 50 TRI,2017-05-25,27102.570990648896
Nifty Next 50 TRI,2017-05-26,27717.399392181844
Nifty Next 50 TRI,2017-05-29,27447.313775251463
Nifty Next 50 TRI,2017-05-30,27651.532371375633
Nifty Next 50 TRI,2017-05-31,27768.97346525452
Nifty Next 50 TRI,2017-06-01,27842.356498654954
Nifty Next 50 TRI,2017-06-02,28012.99796500852
Nifty Next 50 TRI,2017-06-05,28231.379896165985
Nifty Next 50 TRI,2017-06-06,28026.543802362186
Nifty Next 50 TRI,2017-06-07,28196.14909533128
Nifty Next 50 TRI,2017-06-08,28287.32867434988
Nifty Next 50 TRI,2017-06-09,28393.987892549096
Nifty Next 50 TRI,2017-06-12,28344.45516230807
Nifty Next 50 TRI,2017-06-13,28374.22794485853
Nifty Next 50 TRI,2017-06-14,28292.57320944477
Nifty Next 50 TRI,2017-06-15,28258.782966526986
Nifty Next 50 TRI,2017-06-16,28339.73934940235
Nifty Next 50 TRI,2017-06-19,28447.168423541243
Nifty Next 50 TRI,2017-06-20,28486.184968520753
Nifty Next 50 TRI,2017-06-21,28490.347247347363
Nifty Next 50 TRI,2017-06-22,28288.35622307897
Nifty Next 50 TRI,2017-06-23,27927.062919487606
Nifty Next 50 TRI,2017-06-27,27727.85331629167
Nifty Next 50 TRI,2017-06-28,27805.51285123338
Nifty Next 50 TRI,2017-06-29,27821.34739411463
Nifty Next 50 TRI,2017-06-30,28036.07346760755
Nifty Next 50 TRI,2017-07-03,28394.755372790583
Nifty Next 50 TRI,2017-07-04,28352.780050554356
Nifty Next 50 TRI,2017-07-05,28575.937598885706
Nifty Next 50 TRI,2017-07-06,28698.123551105928
Nifty Next 50 TRI,2017-07-07,28701.92035278247
Nifty Next 50 TRI,2017-07-10,28956.322400376943
Nifty Next 50 TRI,2017-07-11,28766.29938232696
Nifty Next 50 TRI,2017-07-12,29030.858137554154
Nifty Next 50 TRI,2017-07-13,29276.253863834645
Nifty Next 50 TRI,2017-07-14,29286.42626866263
Nifty Next 50 TRI,2017-07-17,29329.924306537767
Nifty Next 50 TRI,2017-07-18,29143.933334628036
Nifty Next 50 TRI,2017-07-19,29536.933179814398
Nifty Next 50 TRI,2017-07-20,29421.67301447056
Nifty Next 50 TRI,2017-07-21,29497.190646652183
Nifty Next 50 TRI,2017-07-24,29531.259272540567
Nifty Next 50 TRI,2017-07-25,29614.269733833262
Nifty Next 50 TRI,2017-07-26,29640.75103607596
Nifty Next 50 TRI,2017-07-27,29478.81950411386
Nifty Next 50 TRI,2017-07-28,29668.12458954189
Nifty Next 50 TRI,2017-07-31,29845.280292890155
Nifty Next 50 TRI,2017-08-01,29792.888800774694
Nifty Next 50 TRI,2017-08-02,29639.911856351726
Nifty Next 50 TRI,2017-08-03,29700.98212882672
Nifty Next 50 TRI,2017-08-04,30058.695305158235
Nifty Next 50 TRI,2017-08-07,30467.805246453758
Nifty Next 50 TRI,2017-08-08,30089.774059708165
Nifty Next 50 TRI,2017-08-09,29563.803290369375
Nifty Next 50 TRI,2017-08-10,28755.381401385992
Nifty Next 50 TRI,2017-08-11,28733.574357416714
Nifty Next 50 TRI,2017-08-14,29367.309554926487
Nifty Next 50 TRI,2017-08-16,29658.011730651753
Nifty Next 50 TRI,2017-08-17,29641.841967960256
Nifty Next 50 TRI,2017-08-18,29577.175237465253
Nifty Next 50 TRI,2017-08-21,29109.830201125762
Nifty Next 50 TRI,2017-08-22,28957.06020914864
Nifty Next 50 TRI,2017-08-23,29350.84177248614
Nifty Next 50 TRI,2017-08-24,29606.181451657612
Nifty Next 50 TRI,2017-08-28,29898.18629574394
Nifty Next 50 TRI,2017-08-29,29576.169558219834
Nifty Next 50 TRI,2017-08-30,30026.16278729678
Nifty Next 50 TRI,2017-08-31,30013.795674612757
Nifty Next 50 TRI,2017-09-01,30318.48475896234
Nifty Next 50 TRI,2017-09-05,30322.49144736162
Nifty Next 50 TRI,2017-09-06,30364.543777140763
Nifty Next 50 TRI,2017-09-07,30586.26118256184
Nifty Next 50 TRI,2017-09-08,30366.362784604305
Nifty Next 50 TRI,2017-09-11,30599.557628732164
Nifty Next 50 TRI,2017-09-12,30879.21402298984
Nifty Next 50 TRI,2017-09-13,30773.70247160875
Nifty Next 50 TRI,2017-09-14,30879.780348570966
Nifty Next 50 TRI,2017-09-15,30805.46069487519
Nifty Next 50 TRI,2017-09-18,30925.816138987077
Nifty Next 50 TRI,2017-09-19,31007.82915787108
Nifty Next 50 TRI,2017-09-20,30923.010492772424
Nifty Next 50 TRI,2017-09-21,30718.932926910817
Nifty Next 50 TRI,2017-09-22,29918.869925984087
Nifty Next 50 TRI,2017-09-25,29532.166005765117
Nifty Next 50 TRI,2017-09-26,29602.16145639981
Nifty Next 50 TRI,2017-09-27,29051.259037381744
Nifty Next 50 TRI,2017-09-28,29141.803692602218
Nifty Next 50 TRI,2017-09-29,29509.309440917175
Nifty Next 50 TRI,2017-10-03,29791.867011540184
Nifty Next 50 TRI,2017-10-04,29846.73477772588
Nifty Next 50 TRI,2017-10-05,29935.447874316247
Nifty Next 50 TRI,2017-10-06,30176.56995522786
Nifty Next 50 TRI,2017-10-09,30225.338621351875
Nifty Next 50 TRI,2017-10-10,30410.958650970337
Nifty Next 50 TRI,2017-10-11,30222.5424763565
Nifty Next 50 TRI,2017-10-12,30559.801183556876
Nifty Next 50 TRI,2017-10-13,30610.635024646574
Nifty Next 50 TRI,2017-10-16,30689.449249991456
Nifty Next 50 TRI,2017-10-17,30836.339885992555
Nifty Next 50 TRI,2017-10-18,30791.729775981537
Nifty Next 50 TRI,2017-10-19,30629.90594746021
Nifty Next 50 TRI,2017-10-23,30786.752011800803
Nifty Next 50 TRI,2017-10-24,30729.380078001213
Nifty Next 50 TRI,2017-10-25,31117.472787357194
Nifty Next 50 TRI,2017-10-26,31242.660495909553
Nifty Next 50 TRI,2017-10-27,31459.644695692106
Nifty Next 50 TRI,2017-10-30,31804.419773373
Nifty Next 50 TRI,2017-10-31,31772.575755284783
Nifty Next 50 TRI,2017-11-01,32051.719969877864
Nifty Next 50 TRI,2017-11-02,32177.76770696913
Nifty Next 50 TRI,2017-11-03,32203.92105123428
Nifty Next 50 TRI,2017-11-06,32419.389607281908
Nifty Next 50 TRI,2017-11-07,31924.122452129457
Nifty Next 50 TRI,2017-11-08,31675.877977301792
Nifty Next 50 TRI,2017-11-09,31885.831582278624
Nifty Next 50 TRI,2017-11-10,31793.512177550663
Nifty Next 50 TRI,2017-11-13,31573.668495828926
Nifty Next 50 TRI,2017-11-14,31474.358948874637
Nifty Next 50 TRI,2017-11-15,31111.959745645956
Nifty Next 50 TRI,2017-11-16,31472.92068931291
Nifty Next 50 TRI,2017-11-17,31907.19759359544
Nifty Next 50 TRI,2017-11-20,31942.612946109042
Nifty Next 50 TRI,2017-11-21,31994.780314310465
Nifty Next 50 TRI,2017-11-22,31951.497775579337
Nifty Next 50 TRI,2017-11-24,32079.438814346286
Nifty Next 50 TRI,2017-11-27,32173.659419776825
Nifty Next 50 TRI,2017-11-28,32223.69904965885
Nifty Next 50 TRI,2017-11-29,32214.47328570825
Nifty Next 50 TRI,2017-11-30,31934.10617401228
Nifty Next 50 TRI,2017-12-01,31616.335758130514
Nifty Next 50 TRI,2017-12-04,31639.13215334899
Nifty Next 50 TRI,2017-12-05,31663.73861835757
Nifty Next 50 TRI,2017-12-06,31351.384022157403
Nifty Next 50 TRI,2017-12-07,31880.28537048807
Nifty Next 50 TRI,2017-12-08,32192.41599003779
Nifty Next 50 TRI,2017-12-11,32286.846442682956
Nifty Next 50 TRI,2017-12-12,31965.975909887453
Nifty Next 50 TRI,2017-12-13,31655.2813408626
Nifty Next 50 TRI,2017-12-14,31668.83973976763
Nifty Next 50 TRI,2017-12-15,31939.441040857182
Nifty Next 50 TRI,2017-12-18,32245.58450598601
Nifty Next 50 TRI,2017-12-19,32709.335674193928
Nifty Next 50 TRI,2017-12-20,32717.881647218954
Nifty Next 50 TRI,2017-12-21,32874.02787557727
Nifty Next 50 TRI,2017-12-22,33025.084446947374
Nifty Next 50 TRI,2017-12-26,33174.08406961389
Nifty Next 50 TRI,2017-12-27,33014.56994169896
Nifty Next 50 TRI,2017-12-28,33031.82521612593
Nifty Next 50 TRI,2017-12-29,33246.58683041426
Nifty Next 50 TRI,2018-01-02,33071.940140753264
Nifty Next 50 TRI,2018-01-03,33261.17636890716
Nifty Next 50 TRI,2018-01-04,33613.38848382399
Nifty Next 50 TRI,2018-01-05,34039.13065486406
Nifty Next 50 TRI,2018-01-08,34282.28454089117
Nifty Next 50 TRI,2018-01-09,34135.47025159477
Nifty Next 50 TRI,2018-01-10,34078.38323668836
Nifty Next 50 TRI,2018-01-11,34044.87290918965
Nifty Next 50 TRI,2018-01-12,34055.61238928818
Nifty Next 50 TRI,2018-01-15,33988.525893709215
Nifty Next 50 TRI,2018-01-16,33433.7666447523
Nifty Next 50 TRI,2018-01-17,33677.401773748556
Nifty Next 50 TRI,2018-01-18,33231.26964687379
Nifty Next 50 TRI,2018-01-19,33483.453651411335
Nifty Next 50 TRI,2018-01-22,33743.2055151884
Nifty Next 50 TRI,2018-01-23,33984.582927667645
Nifty Next 50 TRI,2018-01-24,33783.964618319966
Nifty Next 50 TRI,2018-01-25,33325.5460479205
Nifty Next 50 TRI,2018-01-29,33198.53353434335
Nifty Next 50 TRI,2018-01-30,33007.368432212475
Nifty Next 50 TRI,2018-01-31,32780.40161193451
Nifty Next 50 TRI,2018-02-01,32807.76826967788
Nifty Next 50 TRI,2018-02-02,31875.375919577873
Nifty Next 50 TRI,2018-02-05,31773.544936703594
Nifty Next 50 TRI,2018-02-06,31322.801451220304
Nifty Next 50 TRI,2018-02-07,31551.95916777214
Nifty Next 50 TRI,2018-02-08,32064.82515842851
Nifty Next 50 TRI,2018-02-09,31960.000587803028
Nifty Next 50 TRI,2018-02-12,32439.053774754466
Nifty Next 50 TRI,2018-02-14,32374.764699016465
Nifty Next 50 TRI,2018-02-15,32078.43063927966
Nifty Next 50 TRI,2018-02-16,31722.56292198062
Nifty Next 50 TRI,2018-02-19,31381.995004330194
Nifty Next 50 TRI,2018-02-20,31526.122889816852
Nifty Next 50 TRI,2018-02-21,31392.369202339418
Nifty Next 50 TRI,2018-02-22,31102.933900425935
Nifty Next 50 TRI,2018-02-23,31593.433145582334
Nifty Next 50 TRI,2018-02-26,31887.434570013156
Nifty Next 50 TRI,2018-02-27,31768.511977289843
Nifty Next 50 TRI,2018-02-28,31628.659415631955
Nifty Next 50 TRI,2018-03-01,31412.531563025597
Nifty Next 50 TRI,2018-03-05,31082.6840459133
Nifty Next 50 TRI,2018-03-06,30794.427364578743
Nifty Next 50 TRI,2018-03-07,30445.14950699766
Nifty Next 50 TRI,2018-03-08,30425.18821748062
Nifty Next 50 TRI,2018-03-09,30438.58010513053
Nifty Next 50 TRI,2018-03-12,30670.56755500964
Nifty Next 50 TRI,2018-03-13,31053.76267563349
Nifty Next 50 TRI,2018-03-14,31091.28053388146
Nifty Next 50 TRI,2018-03-15,31105.82330344034
Nifty Next 50 TRI,2018-03-16,30829.802036544217
Nifty Next 50 TRI,2018-03-19,30374.566656859326
Nifty Next 50 TRI,2018-03-20,30522.713429138
Nifty Next 50 TRI,2018-03-21,30653.004407440923
Nifty Next 50 TRI,2018-03-22,30536.167520951098
Nifty Next 50 TRI,2018-03-23,30343.599311975275
Nifty Next 50 TRI,2018-03-26,30806.042503449753
Nifty Next 50 TRI,2018-03-27,31042.51052339053
Nifty Next 50 TRI,2018-03-28,30730.69938533186
Nifty Next 50 TRI,2018-04-02,31347.95683106535
Nifty Next 50 TRI,2018-04-03,31716.392882783715
Nifty Next 50 TRI,2018-04-04,31355.542560825605
Nifty Next 50 TRI,2018-04-05,31922.509889582707
Nifty Next 50 TRI,2018-04-06,32296.435113203923
Nifty Next 50 TRI,2018-04-09,32310.697802813294
Nifty Next 50 TRI,2018-04-10,32269.77063652144
Nifty Next 50 TRI,2018-04-11,32316.779472925195
Nifty Next 50 TRI,2018-04-12,32264.75768119219
Nifty Next 50 TRI,2018-04-13,32254.629353452667
Nifty Next 50 TRI,2018-04-16,32428.369181419377
Nifty Next 50 TRI,2018-04-17,32494.51144930086
Nifty Next 50 TRI,2018-04-18,32467.314536306385
Nifty Next 50 TRI,2018-04-19,32704.585873344342
Nifty Next 50 TRI,2018-04-20,32568.371366393596
Nifty Next 50 TRI,2018-04-23,32743.681886088292
Nifty Next 50 TRI,2018-04-24,32802.14320516178
Nifty Next 50 TRI,2018-04-25,32747.421654024824
Nifty Next 50 TRI,2018-04-26,32677.0183811014
Nifty Next 50 TRI,2018-04-27,32879.06356314236
Nifty Next 50 TRI,2018-04-30,33064.406183768726
Nifty Next 50 TRI,2018-05-02,32640.968782339118
Nifty Next 50 TRI,2018-05-03,32222.712471988718
Nifty Next 50 TRI,2018-05-04,32013.56809517212
Nifty Next 50 TRI,2018-05-07,32269.79465436069
Nifty Next 50 TRI,2018-05-08,32166.745430604624
Nifty Next 50 TRI,2018-05-09,31980.635733106355
Nifty Next 50 TRI,2018-05-10,31567.501470541196
Nifty Next 50 TRI,2018-05-11,31572.596796296017
Nifty Next 50 TRI,2018-05-14,31424.286180100746
Nifty Next 50 TRI,2018-05-15,31321.89101324168
Nifty Next 50 TRI,2018-05-16,31289.945845776925
Nifty Next 50 TRI,2018-05-17,31285.599578453573
Nifty Next 50 TRI,2018-05-18,30837.46359390368
Nifty Next 50 TRI,2018-05-21,30385.9992846396
Nifty Next 50 TRI,2018-05-22,30799.966794837757
Nifty Next 50 TRI,2018-05-23,30637.840910164672
Nifty Next 50 TRI,2018-05-24,30714.13709026215
Nifty Next 50 TRI,2018-05-25,31235.07857135697
Nifty Next 50 TRI,2018-05-28,31759.569286306323
Nifty Next 50 TRI,2018-05-29,31740.729370654903
Nifty Next 50 TRI,2018-05-30,31649.567711830136
Nifty Next 50 TRI,2018-05-31,31540.550558274914
Nifty Next 50 TRI,2018-06-01,31225.016345090622
Nifty Next 50 TRI,2018-06-04,30948.694161870488
Nifty Next 50 TRI,2018-06-05,30627.548122247455
Nifty Next 50 TRI,2018-06-06,31096.081456623517
Nifty Next 50 TRI,2018-06-07,31507.516315440964
Nifty Next 50 TRI,2018-06-08,31633.55591635228
Nifty Next 50 TRI,2018-06-11,31656.414460204953
Nifty Next 50 TRI,2018-06-12,31883.523619436957
Nifty Next 50 TRI,2018-06-13,31822.59570484299
Nifty Next 50 TRI,2018-06-14,31768.838300617586
Nifty Next 50 TRI,2018-06-15,31526.93712955069
Nifty Next 50 TRI,2018-06-18,31366.917191675675
Nifty Next 50 TRI,2018-06-19,31133.82381408398
Nifty Next 50 TRI,2018-06-20,31124.665566181644
Nifty Next 50 TRI,2018-06-21,30949.993602863902
Nifty Next 50 TRI,2018-06-22,31116.7064512593
Nifty Next 50 TRI,2018-06-25,30707.428465649926
Nifty Next 50 TRI,2018-06-26,30771.11964488437
Nifty Next 50 TRI,2018-06-27,30354.43747633684
Nifty Next 50 TRI,2018-06-28,29980.047110939406
Nifty Next 50 TRI,2018-06-29,30542.695711740253
Nifty Next 50 TRI,2018-07-02,30276.334803466925
Nifty Next 50 TRI,2018-07-03,30415.497208908993
Nifty Next 50 TRI,2018-07-04,30354.64876804557
Nifty Next 50 TRI,2018-07-05,30232.19562435173
Nifty Next 50 TRI,2018-07-06,30393.98989282203
Nifty Next 50 TRI,2018-07-09,30627.1673422729
Nifty Next 50 TRI,2018-07-10,30945.743468721554
Nifty Next 50 TRI,2018-07-11,30696.553919879043
Nifty Next 50 TRI,2018-07-12,30636.129403280484
Nifty Next 50 TRI,2018-07-13,30494.10724834189
Nifty Next 50 TRI,2018-07-16,29802.981990105036
Nifty Next 50 TRI,2018-07-17,30140.772630815336
Nifty Next 50 TRI,2018-07-18,29803.417133862928
Nifty Next 50 TRI,2018-07-19,29639.847731231097
Nifty Next 50 TRI,2018-07-20,29807.850388175568
Nifty Next 50 TRI,2018-07-23,30320.664699480036
Nifty Next 50 TRI,2018-07-24,31099.873666047602
Nifty Next 50 TRI,2018-07-25,31070.608708505177
Nifty Next 50 TRI,2018-07-26,31361.041663386914
Nifty Next 50 TRI,2018-07-27,31612.8652001682
Nifty Next 50 TRI,2018-07-30,31945.388514774782
Nifty Next 50 TRI,2018-07-31,32083.581436287775
Nifty Next 50 TRI,2018-08-01,32184.60846416095
Nifty Next 50 TRI,2018-08-02,32097.87618004297
Nifty Next 50 TRI,2018-08-03,32316.975686973146
Nifty Next 50 TRI,2018-08-06,32368.192410328
Nifty Next 50 TRI,2018-08-07,32353.705263254516
Nifty Next 50 TRI,2018-08-08,32405.744875149478
Nifty Next 50 TRI,2018-08-09,32527.830117752896
Nifty Next 50 TRI,2018-08-10,32284.731196480225
Nifty Next 50 TRI,2018-08-13,31941.002841091093
Nifty Next 50 TRI,2018-08-14,32118.603915556916
Nifty Next 50 TRI,2018-08-16,31890.79062880024
Nifty Next 50 TRI,2018-08-17,32370.369840849668
Nifty Next 50 TRI,2018-08-20,32747.066845877944
Nifty Next 50 TRI,2018-08-21,32889.69524275217
Nifty Next 50 TRI,2018-08-23,33080.41280377431
Nifty Next 50 TRI,2018-08-24,33032.95925724001
Nifty Next 50 TRI,2018-08-27,33317.1634573732
Nifty Next 50 TRI,2018-08-28,33275.87493525711
Nifty Next 50 TRI,2018-08-29,33508.158124310954
Nifty Next 50 TRI,2018-08-30,33633.97542932649
Nifty Next 50 TRI,2018-08-31,33801.92782844344
Nifty Next 50 TRI,2018-09-03,33556.77002696256
Nifty Next 50 TRI,2018-09-04,32532.941366753377
Nifty Next 50 TRI,2018-09-05,32339.468569968507
Nifty Next 50 TRI,2018-09-06,32568.318231757203
Nifty Next 50 TRI,2018-09-07,32933.81539386295
Nifty Next 50 TRI,2018-09-10,32360.378270730067
Nifty Next 50 TRI,2018-09-11,31767.13634182465
Nifty Next 50 TRI,2018-09-12,31915.942431540847
Nifty Next 50 TRI,2018-09-14,32485.771317681825
Nifty Next 50 TRI,2018-09-17,32215.609406221974
Nifty Next 50 TRI,2018-09-18,31755.83358033376
Nifty Next 50 TRI,2018-09-19,31619.884092608816
Nifty Next 50 TRI,2018-09-21,30987.938600103444
Nifty Next 50 TRI,2018-09-24,30050.946158823306
Nifty Next 50 TRI,2018-09-25,30330.351988044287
Nifty Next 50 TRI,2018-09-26,30421.697507453744
Nifty Next 50 TRI,2018-09-27,29915.846245334265
Nifty Next 50 TRI,2018-09-28,29537.91864488023
Nifty Next 50 TRI,2018-10-01,29563.741142598075
Nifty Next 50 TRI,2018-10-03,29188.1458395164
Nifty Next 50 TRI,2018-10-04,28734.068337939316
Nifty Next 50 TRI,2018-10-05,28046.415896589657
Nifty Next 50 TRI,2018-10-08,27757.65362652221
Nifty Next 50 TRI,2018-10-09,27613.055141411183
Nifty Next 50 TRI,2018-10-10,28506.62498738998
Nifty Next 50 TRI,2018-10-11,27973.48551489134
Nifty Next 50 TRI,2018-10-12,28566.867765311188
Nifty Next 50 TRI,2018-10-15,28689.275977081525
Nifty Next 50 TRI,2018-10-16,29093.695736993624
Nifty Next 50 TRI,2018-10-17,28461.479683983616
Nifty Next 50 TRI,2018-10-19,28221.362195503905
Nifty Next 50 TRI,2018-10-22,28095.581335329036
Nifty Next 50 TRI,2018-10-23,27738.440209041448
Nifty Next 50 TRI,2018-10-24,27840.780434804303
Nifty Next 50 TRI,2018-10-25,27448.455197871783
Nifty Next 50 TRI,2018-10-26,27485.51684934416
Nifty Next 50 TRI,2018-10-29,28135.658344123836
Nifty Next 50 TRI,2018-10-30,28285.65193313659
Nifty Next 50 TRI,2018-10-31,28786.787585568803
Nifty Next 50 TRI,2018-11-01,28963.684068883285
Nifty Next 50 TRI,2018-11-02,29404.619719204613
Nifty Next 50 TRI,2018-11-05,29499.10924334874
Nifty Next 50 TRI,2018-11-06,29331.628696230255
Nifty Next 50 TRI,2018-11-07,29531.817856345962
Nifty Next 50 TRI,2018-11-09,29662.83883209681
Nifty Next 50 TRI,2018-11-12,29323.079779747728
Nifty Next 50 TRI,2018-11-13,29400.10927557698
Nifty Next 50 TRI,2018-11-14,29430.80084977526
Nifty Next 50 TRI,2018-11-15,29545.888489794786
Nifty Next 50 TRI,2018-11-16,29660.277909063327
Nifty Next 50 TRI,2018-11-19,29824.435689834583
Nifty Next 50 TRI,2018-11-20,29451.106543629576
Nifty Next 50 TRI,2018-11-21,29681.797289858103
Nifty Next 50 TRI,2018-11-22,29479.217931287614
Nifty Next 50 TRI,2018-11-26,29590.97644351348
Nifty Next 50 TRI,2018-11-27,29562.256226619083
Nifty Next 50 TRI,2018-11-28,29486.142897986927
Nifty Next 50 TRI,2018-11-29,29705.667500309417
Nifty Next 50 TRI,2018-11-30,29926.882897671934
Nifty Next 50 TRI,2018-12-03,30024.589366741322
Nifty Next 50 TRI,2018-12-04,29936.381387047968
Nifty Next 50 TRI,2018-12-05,29520.854627465404
Nifty Next 50 TRI,2018-12-06,29069.453237052832
Nifty Next 50 TRI,2018-12-07,29197.622722204665
Nifty Next 50 TRI,2018-12-10,28669.08967043053
Nifty Next 50 TRI,2018-12-11,29121.92243137156
Nifty Next 50 TRI,2018-12-12,29771.807850319594
Nifty Next 50 TRI,2018-12-13,30076.11391915248
Nifty Next 50 TRI,2018-12-14,30178.518286615
Nifty Next 50 TRI,2018-12-17,30420.277993609623
Nifty Next 50 TRI,2018-12-18,30568.172613669907
Nifty Next 50 TRI,2018-12-19,30997.13357867421
Nifty Next 50 TRI,2018-12-20,30825.785749860057
Nifty Next 50 TRI,2018-12-21,30405.473760636836
Nifty Next 50 TRI,2018-12-24,29977.599388139606
Nifty Next 50 TRI,2018-12-26,30093.417319725984
Nifty Next 50 TRI,2018-12-27,30154.341827576318
Nifty Next 50 TRI,2018-12-28,30461.617487186453
Nifty Next 50 TRI,2018-12-31,30589.84747547098
Nifty Next 50 TRI,2019-01-02,30263.981634140026
Nifty Next 50 TRI,2019-01-03,30045.260370618875
Nifty Next 50 TRI,2019-01-04,30094.85318184461
Nifty Next 50 TRI,2019-01-07,30083.55038367904
Nifty Next 50 TRI,2019-01-08,30065.44956223
Nifty Next 50 TRI,2019-01-09,30060.26972934818
Nifty Next 50 TRI,2019-01-10,30185.720568129345
Nifty Next 50 TRI,2019-01-11,30088.18773709418
Nifty Next 50 TRI,2019-01-14,29881.61456623842
Nifty Next 50 TRI,2019-01-15,30097.276030528195
Nifty Next 50 TRI,2019-01-16,30114.523909835283
Nifty Next 50 TRI,2019-01-17,30096.961950797195
Nifty Next 50 TRI,2019-01-18,29771.91087979788
Nifty Next 50 TRI,2019-01-21,29678.833216892628
Nifty Next 50 TRI,2019-01-22,29797.419964195593
Nifty Next 50 TRI,2019-01-23,29617.22535155948
Nifty Next 50 TRI,2019-01-24,29583.945695295803
Nifty Next 50 TRI,2019-01-25,29189.066445797012
Nifty Next 50 TRI,2019-01-28,28652.580082793884
Nifty Next 50 TRI,2019-01-29,28682.449272741196
Nifty Next 50 TRI,2019-01-30,28680.428629182083
Nifty Next 50 TRI,2019-01-31,28854.54054985949
Nifty Next 50 TRI,2019-02-01,29151.612474046397
Nifty Next 50 TRI,2019-02-04,28893.423782373495
Nifty Next 50 TRI,2019-02-05,28687.321645600758
Nifty Next 50 TRI,2019-02-06,28951.233492398904
Nifty Next 50 TRI,2019-02-07,29295.908992272984
Nifty Next 50 TRI,2019-02-08,28840.80557654756
Nifty Next 50 TRI,2019-02-11,28521.0145165848
Nifty Next 50 TRI,2019-02-12,28363.607624205943
Nifty Next 50 TRI,2019-02-14,28203.66463828294
Nifty Next 50 TRI,2019-02-15,27720.659807634624
Nifty Next 50 TRI,2019-02-18,27501.207291303745
Nifty Next 50 TRI,2019-02-19,27546.660991233213
Nifty Next 50 TRI,2019-02-20,27916.924946012772
Nifty Next 50 TRI,2019-02-21,28156.574878806154
Nifty Next 50 TRI,2019-02-22,28375.529721665585
Nifty Next 50 TRI,2019-02-25,28503.237104838863
Nifty Next 50 TRI,2019-02-26,28489.95441884008
Nifty Next 50 TRI,2019-02-27,28611.731342253635
Nifty Next 50 TRI,2019-02-28,28833.999342292747
Nifty Next 50 TRI,2019-03-01,29197.496162117783
Nifty Next 50 TRI,2019-03-05,29743.893065834225
Nifty Next 50 TRI,2019-03-06,29974.337121425717
Nifty Next 50 TRI,2019-03-07,29835.355775621363
Nifty Next 50 TRI,2019-03-08,29867.466792523603
Nifty Next 50 TRI,2019-03-11,30554.78501374063
Nifty Next 50 TRI,2019-03-12,30687.060918671832
Nifty Next 50 TRI,2019-03-13,30513.42427407573
Nifty Next 50 TRI,2019-03-14,30399.288716611827
Nifty Next 50 TRI,2019-03-15,30362.719490040887
Nifty Next 50 TRI,2019-03-18,30434.049350432426
Nifty Next 50 TRI,2019-03-19,30530.66072804908
Nifty Next 50 TRI,2019-03-20,30428.69126145172
Nifty Next 50 TRI,2019-03-22,30208.413056070858
Nifty Next 50 TRI,2019-03-25,29844.643528829747
Nifty Next 50 TRI,2019-03-26,30126.870674156216
Nifty Next 50 TRI,2019-03-27,30064.04858255737
Nifty Next 50 TRI,2019-03-28,30336.886237789844
Nifty Next 50 TRI,2019-04-01,30842.275935920377
Nifty Next 50 TRI,2019-04-02,30628.753827575583
Nifty Next 50 TRI,2019-04-03,30516.621531981345
Nifty Next 50 TRI,2019-04-04,30503.8193511423
Nifty Next 50 TRI,2019-04-05,30638.09333914384
Nifty Next 50 TRI,2019-04-08,30527.88829140323
Nifty Next 50 TRI,2019-04-09,30645.464410066597
Nifty Next 50 TRI,2019-04-10,30548.771412659436
Nifty Next 50 TRI,2019-04-11,30649.588535501924
Nifty Next 50 TRI,2019-04-12,30783.94802151971
Nifty Next 50 TRI,2019-04-15,30915.65013719668
Nifty Next 50 TRI,2019-04-16,31083.14004577264
Nifty Next 50 TRI,2019-04-18,30951.155907467255
Nifty Next 50 TRI,2019-04-22,30396.86108475608
Nifty Next 50 TRI,2019-04-23,30362.47965016274
Nifty Next 50 TRI,2019-04-24,30562.726484002877
Nifty Next 50 TRI,2019-04-25,30407.979361932015
Nifty Next 50 TRI,2019-04-26,30415.536833369708
Nifty Next 50 TRI,2019-04-30,30287.5720932945
Nifty Next 50 TRI,2019-05-02,30135.59799016276
Nifty Next 50 TRI,2019-05-03,30004.281836576607
Nifty Next 50 TRI,2019-05-06,29642.103439137965
Nifty Next 50 TRI,2019-05-07,29444.12110260618
Nifty Next 50 TRI,2019-05-08,29104.29779507441
Nifty Next 50 TRI,2019-05-09,29023.273277006792
Nifty Next 50 TRI,2019-05-10,28943.87857544481
Nifty Next 50 TRI,2019-05-13,28418.589002948775
Nifty Next 50 TRI,2019-05-14,28479.822652559036
Nifty Next 50 TRI,2019-05-15,28355.81982968784
Nifty Next 50 TRI,2019-05-16,28344.951724203118
Nifty Next 50 TRI,2019-05-17,28587.569362039343
Nifty Next 50 TRI,2019-05-20,29522.085706419042
Nifty Next 50 TRI,2019-05-21,29280.57404748142
Nifty Next 50 TRI,2019-05-22,29269.458987295402
Nifty Next 50 TRI,2019-05-23,29378.320888730224
Nifty Next 50 TRI,2019-05-24,30061.21049151304
Nifty Next 50 TRI,2019-05-27,30224.466210422775
Nifty Next 50 TRI,2019-05-28,30339.69797614431
Nifty Next 50 TRI,2019-05-29,30123.17695783757
Nifty Next 50 TRI,2019-05-30,30149.37895036748
Nifty Next 50 TRI,2019-05-31,30358.508923758298
Nifty Next 50 TRI,2019-06-03,30692.2837264239
Nifty Next 50 TRI,2019-06-04,30504.580076983206
Nifty Next 50 TRI,2019-06-06,29856.41802201296
Nifty Next 50 TRI,2019-06-07,29866.69198905582
Nifty Next 50 TRI,2019-06-10,29949.714382210896
Nifty Next 50 TRI,2019-06-11,30121.654290022398
Nifty Next 50 TRI,2019-06-12,29884.80108939106
Nifty Next 50 TRI,2019-06-13,29868.186285088374
Nifty Next 50 TRI,2019-06-14,29556.854551442622
Nifty Next 50 TRI,2019-06-17,29100.511411116902
Nifty Next 50 TRI,2019-06-18,29137.060220984495
Nifty Next 50 TRI,2019-06-19,28970.77666109072
Nifty Next 50 TRI,2019-06-20,29458.672846425456
Nifty Next 50 TRI,2019-06-21,29381.04428746682
Nifty Next 50 TRI,2019-06-24,29420.842971299604
Nifty Next 50 TRI,2019-06-25,29496.150011280624
Nifty Next 50 TRI,2019-06-26,29734.782049248694
Nifty Next 50 TRI,2019-06-27,29883.06030833934
Nifty Next 50 TRI,2019-06-28,29830.64100167173
Nifty Next 50 TRI,2019-07-01,29985.312431793536
Nifty Next 50 TRI,2019-07-02,30085.648424426745
Nifty Next 50 TRI,2019-07-03,30241.606745933015
Nifty Next 50 TRI,2019-07-05,29886.565083196092
Nifty Next 50 TRI,2019-07-08,29269.860856575455
Nifty Next 50 TRI,2019-07-09,29426.313049467462
Nifty Next 50 TRI,2019-07-10,29193.932963436433
Nifty Next 50 TRI,2019-07-11,29405.09211953509
Nifty Next 50 TRI,2019-07-12,29462.258898391345
Nifty Next 50 TRI,2019-07-15,29587.915421762613
Nifty Next 50 TRI,2019-07-16,29882.763632211852
Nifty Next 50 TRI,2019-07-17,29952.291688721412
Nifty Next 50 TRI,2019-07-18,29616.51042528814
Nifty Next 50 TRI,2019-07-19,29110.77890576821
Nifty Next 50 TRI,2019-07-22,29135.182992707196
Nifty Next 50 TRI,2019-07-23,29009.52289464656
Nifty Next 50 TRI,2019-07-24,28544.712100202232
Nifty Next 50 TRI,2019-07-25,28729.34338751722
Nifty Next 50 TRI,2019-07-26,29005.19391834736
Nifty Next 50 TRI,2019-07-29,28618.299955545834
Nifty Next 50 TRI,2019-07-30,28226.58754600778
Nifty Next 50 TRI,2019-07-31,28482.308847675897
Nifty Next 50 TRI,2019-08-01,28113.50942808259
Nifty Next 50 TRI,2019-08-02,28199.89845860536
Nifty Next 50 TRI,2019-08-05,27973.524186383795
Nifty Next 50 TRI,2019-08-06,28243.97932572556
Nifty Next 50 TRI,2019-08-07,28115.339573532736
Nifty Next 50 TRI,2019-08-08,28466.56897187834
Nifty Next 50 TRI,2019-08-09,28670.621714844467
Nifty Next 50 TRI,2019-08-13,28017.768665461717
Nifty Next 50 TRI,2019-08-14,28322.335115461505
Nifty Next 50 TRI,2019-08-16,28417.59225453277
Nifty Next 50 TRI,2019-08-19,28400.52557426296
Nifty Next 50 TRI,2019-08-20,28184.716172729317
Nifty Next 50 TRI,2019-08-21,27856.082194415496
Nifty Next 50 TRI,2019-08-22,27479.5989742854
Nifty Next 50 TRI,2019-08-23,27708.03175527098
Nifty Next 50 TRI,2019-08-26,28222.692645032883
Nifty Next 50 TRI,2019-08-27,28598.2320521367
Nifty Next 50 TRI,2019-08-28,28463.398860072408
Nifty Next 50 TRI,2019-08-29,28480.379451971326
Nifty Next 50 TRI,2019-08-30,28872.855479101243
Nifty Next 50 TRI,2019-09-03,28252.201449318025
Nifty Next 50 TRI,2019-09-04,28216.084482511847
Nifty Next 50 TRI,2019-09-05,28364.026365973932
Nifty Next 50 TRI,2019-09-06,28494.913831550504
Nifty Next 50 TRI,2019-09-09,28592.689403335997
Nifty Next 50 TRI,2019-09-11,28778.880944359
Nifty Next 50 TRI,2019-09-12,28752.778237230803
Nifty Next 50 TRI,2019-09-13,28945.184097745536
Nifty Next 50 TRI,2019-09-16,28916.16760271612
Nifty Next 50 TRI,2019-09-17,28432.09637998224
Nifty Next 50 TRI,2019-09-18,28610.13585404991
Nifty Next 50 TRI,2019-09-19,28361.752591359473
Nifty Next 50 TRI,2019-09-20,29987.137686009894
Nifty Next 50 TRI,2019-09-23,30542.973617794752
Nifty Next 50 TRI,2019-09-24,30576.936950110703
Nifty Next 50 TRI,2019-09-25,30076.60259484211
Nifty Next 50 TRI,2019-09-26,30434.80684524252
Nifty Next 50 TRI,2019-09-27,30443.488089029746
Nifty Next 50 TRI,2019-09-30,30120.29026448279
Nifty Next 50 TRI,2019-10-01,29825.181437214138
Nifty Next 50 TRI,2019-10-03,29578.88258196178
Nifty Next 50 TRI,2019-10-04,29205.8513991745
Nifty Next 50 TRI,2019-10-07,28785.31896410843
Nifty Next 50 TRI,2019-10-09,29186.908257159506
Nifty Next 50 TRI,2019-10-10,29004.45639632243
Nifty Next 50 TRI,2019-10-11,29121.10405420785
Nifty Next 50 TRI,2019-10-14,29335.043204166814
Nifty Next 50 TRI,2019-10-15,29575.719667332305
Nifty Next 50 TRI,2019-10-16,29828.402054622602
Nifty Next 50 TRI,2019-10-17,30253.126632251166
Nifty Next 50 TRI,2019-10-18,30677.33123215731
Nifty Next 50 TRI,2019-10-22,30845.066024340955
Nifty Next 50 TRI,2019-10-23,30820.252012409168
Nifty Next 50 TRI,2019-10-24,30716.90702995062
Nifty Next 50 TRI,2019-10-25,30623.9611331725
Nifty Next 50 TRI,2019-10-29,31162.2519148512
Nifty Next 50 TRI,2019-10-30,31370.00885490448
Nifty Next 50 TRI,2019-10-31,31464.831272392767
Nifty Next 50 TRI,2019-11-01,31448.739591204765
Nifty Next 50 TRI,2019-11-04,31392.784951483405
Nifty Next 50 TRI,2019-11-05,31163.033990960877
Nifty Next 50 TRI,2019-11-06,31264.605997278875
Nifty Next 50 TRI,2019-11-07,31432.14779314208
Nifty Next 50 TRI,2019-11-08,31105.45864694274
Nifty Next 50 TRI,2019-11-11,31178.279213819063
Nifty Next 50 TRI,2019-11-13,31012.963718941657
Nifty Next 50 TRI,2019-11-14,30879.090596524602
Nifty Next 50 TRI,2019-11-15,30901.881670159077
Nifty Next 50 TRI,2019-11-18,30859.115410259896
Nifty Next 50 TRI,2019-11-19,30770.049048133245
Nifty Next 50 TRI,2019-11-20,30961.75404087323
Nifty Next 50 TRI,2019-11-21,30838.429696350002
Nifty Next 50 TRI,2019-11-22,30758.89083466109
Nifty Next 50 TRI,2019-11-25,31182.96862741303
Nifty Next 50 TRI,2019-11-26,30987.164291607125
Nifty Next 50 TRI,2019-11-27,31212.464540187964
Nifty Next 50 TRI,2019-11-28,31538.924328115223
Nifty Next 50 TRI,2019-11-29,31299.582863606316
Nifty Next 50 TRI,2019-12-02,31294.71964043851
Nifty Next 50 TRI,2019-12-03,31069.488322148027
Nifty Next 50 TRI,2019-12-04,31104.413781583073
Nifty Next 50 TRI,2019-12-05,30865.56657878752
Nifty Next 50 TRI,2019-12-06,30546.810632494562
Nifty Next 50 TRI,2019-12-09,30444.265407661384
Nifty Next 50 TRI,2019-12-10,30122.277376110957
Nifty Next 50 TRI,2019-12-11,30266.4262442915
Nifty Next 50 TRI,2019-12-12,30486.214262004003
Nifty Next 50 TRI,2019-12-13,30797.439784876853
Nifty Next 50 TRI,2019-12-16,30623.09705178329
Nifty Next 50 TRI,2019-12-17,30751.81889707514
Nifty Next 50 TRI,2019-12-18,30869.522033996298
Nifty Next 50 TRI,2019-12-19,30987.947881288823
Nifty Next 50 TRI,2019-12-20,31165.45888243619
Nifty Next 50 TRI,2019-12-23,31156.738463801576
Nifty Next 50 TRI,2019-12-24,31143.516530788234
Nifty Next 50 TRI,2019-12-26,31032.796465887033
Nifty Next 50 TRI,2019-12-27,31249.413707356343
Nifty Next 50 TRI,2019-12-30,31261.055060917333
Nifty Next 50 TRI,2019-12-31,31067.406755451957
Nifty Next 50 TRI,2020-01-02,31319.34674669338
Nifty Next 50 TRI,2020-01-03,31258.324366729663
Nifty Next 50 TRI,2020-01-06,30620.027127935507
Nifty Next 50 TRI,2020-01-07,30847.40376048644
Nifty Next 50 TRI,2020-01-08,30861.886744983985
Nifty Next 50 TRI,2020-01-09,31269.81725184523
Nifty Next 50 TRI,2020-01-10,31349.52274122617
Nifty Next 50 TRI,2020-01-13,31602.117244866364
Nifty Next 50 TRI,2020-01-14,31670.806812486393
Nifty Next 50 TRI,2020-01-15,31795.49788476868
Nifty Next 50 TRI,2020-01-16,31819.12480780934
Nifty Next 50 TRI,2020-01-17,31881.84342424631
Nifty Next 50 TRI,2020-01-20,31576.78577960083
Nifty Next 50 TRI,2020-01-21,31427.170717104866
Nifty Next 50 TRI,2020-01-22,31401.370836039485
Nifty Next 50 TRI,2020-01-23,31737.608489188926
Nifty Next 50 TRI,2020-01-24,32019.115052342066
Nifty Next 50 TRI,2020-01-27,31810.004305953717
Nifty Next 50 TRI,2020-01-28,31731.87112432083
Nifty Next 50 TRI,2020-01-29,31904.894050439038
Nifty Next 50 TRI,2020-01-30,31342.987068875056
Nifty Next 50 TRI,2020-01-31,31082.03948254478
Nifty Next 50 TRI,2020-02-03,30249.995589502054
Nifty Next 50 TRI,2020-02-04,30885.644679176832
Nifty Next 50 TRI,2020-02-05,31353.894791154376
Nifty Next 50 TRI,2020-02-06,31721.308128594366
Nifty Next 50 TRI,2020-02-07,31914.64812117024
Nifty Next 50 TRI,2020-02-10,31815.598185839175
Nifty Next 50 TRI,2020-02-11,31707.37814805742
Nifty Next 50 TRI,2020-02-12,31709.426769053556
Nifty Next 50 TRI,2020-02-13,31657.90202646329
Nifty Next 50 TRI,2020-02-14,31321.960560735955
Nifty Next 50 TRI,2020-02-17,30960.485649860362
Nifty Next 50 TRI,2020-02-18,30841.335515685947
Nifty Next 50 TRI,2020-02-19,31469.209306703942
Nifty Next 50 TRI,2020-02-20,31513.075454704234
Nifty Next 50 TRI,2020-02-24,30861.77499728393
Nifty Next 50 TRI,2020-02-25,30631.56361203544
Nifty Next 50 TRI,2020-02-26,30199.878725824077
Nifty Next 50 TRI,2020-02-27,30128.38798369943
Nifty Next 50 TRI,2020-02-28,29115.279194749222
Nifty Next 50 TRI,2020-03-02,29032.46244942431
Nifty Next 50 TRI,2020-03-03,29607.306691515103
Nifty Next 50 TRI,2020-03-04,29378.211473465537
Nifty Next 50 TRI,2020-03-05,29555.473170553003
Nifty Next 50 TRI,2020-03-06,28912.28211566375
Nifty Next 50 TRI,2020-03-09,27647.509492244546
Nifty Next 50 TRI,2020-03-11,27446.962086862397
Nifty Next 50 TRI,2020-03-12,25050.95979651252
Nifty Next 50 TRI,2020-03-13,25763.784325082845
Nifty Next 50 TRI,2020-03-16,24402.70747222995
Nifty Next 50 TRI,2020-03-17,24204.113910243264
Nifty Next 50 TRI,2020-03-18,23018.53113671511
Nifty Next 50 TRI,2020-03-19,22264.00512472216
Nifty Next 50 TRI,2020-03-20,23062.87094697633
Nifty Next 50 TRI,2020-03-23,20381.323821309663
Nifty Next 50 TRI,2020-03-24,20596.97927359
Nifty Next 50 TRI,2020-03-25,21337.983850516823
Nifty Next 50 TRI,2020-03-26,22512.505384108616
Nifty Next 50 TRI,2020-03-27,22482.09454525231
Nifty Next 50 TRI,2020-03-30,22298.578013314316
Nifty Next 50 TRI,2020-03-31,23238.239718593482
Nifty Next 50 TRI,2020-04-01,22741.830016880143
Nifty Next 50 TRI,2020-04-03,22451.699470922995
Nifty Next 50 TRI,2020-04-07,23888.19119155147
Nifty Next 50 TRI,2020-04-08,24370.32127943931
Nifty Next 50 TRI,2020-04-09,25206.768266634037
Nifty Next 50 TRI,2020-04-13,25171.972260019542
Nifty Next 50 TRI,2020-04-15,25378.97955426075
Nifty Next 50 TRI,2020-04-16,25568.78370651103
Nifty Next 50 TRI,2020-04-17,25889.789902760254
Nifty Next 50 TRI,2020-04-20,25761.851567208443
Nifty Next 50 TRI,2020-04-21,25352.3765131582
Nifty Next 50 TRI,2020-04-22,25670.176462580013
Nifty Next 50 TRI,2020-04-23,25739.11310238778
Nifty Next 50 TRI,2020-04-24,25289.625248960925
Nifty Next 50 TRI,2020-04-27,25804.534774893382
Nifty Next 50 TRI,2020-04-28,25737.790133499366
Nifty Next 50 TRI,2020-04-29,26020.64337719468
Nifty Next 50 TRI,2020-04-30,26548.700439576143
Nifty Next 50 TRI,2020-05-04,25457.09838966266
Nifty Next 50 TRI,2020-05-05,25108.14451082599
Nifty Next 50 TRI,2020-05-06,25349.393750598054
Nifty Next 50 TRI,2020-05-07,25074.779043518916
Nifty Next 50 TRI,2020-05-08,25295.49373316452
Nifty Next 50 TRI,2020-05-11,25564.356859929132
Nifty Next 50 TRI,2020-05-12,25524.574823530027
Nifty Next 50 TRI,2020-05-13,25848.19871494908
Nifty Next 50 TRI,2020-05-14,25682.52371215713
Nifty Next 50 TRI,2020-05-15,25541.359860232595
Nifty Next 50 TRI,2020-05-18,24738.699615184072
Nifty Next 50 TRI,2020-05-19,24872.134729977774
Nifty Next 50 TRI,2020-05-20,25352.64003229411
Nifty Next 50 TRI,2020-05-21,25661.95407683489
Nifty Next 50 TRI,2020-05-22,25385.517856228267
Nifty Next 50 TRI,2020-05-26,25421.905150885206
Nifty Next 50 TRI,2020-05-27,25452.099048905515
Nifty Next 50 TRI,2020-05-28,25902.642349080706
Nifty Next 50 TRI,2020-05-29,26530.15380394958
Nifty Next 50 TRI,2020-06-01,26946.540206247017
Nifty Next 50 TRI,2020-06-02,27123.207137680198
Nifty Next 50 TRI,2020-06-03,27284.11655210575
Nifty Next 50 TRI,2020-06-04,27405.784343860534
Nifty Next 50 TRI,2020-06-05,27924.859394190113
Nifty Next 50 TRI,2020-06-08,27932.494862750158
Nifty Next 50 TRI,2020-06-09,27749.38566139419
Nifty Next 50 TRI,2020-06-10,27740.401171303354
Nifty Next 50 TRI,2020-06-11,27316.684405826098
Nifty Next 50 TRI,2020-06-12,27593.171520205702
Nifty Next 50 TRI,2020-06-15,27346.980821258305
Nifty Next 50 TRI,2020-06-16,27425.17588757632
Nifty Next 50 TRI,2020-06-17,27448.44643025459
Nifty Next 50 TRI,2020-06-18,27526.319534285292
Nifty Next 50 TRI,2020-06-19,27828.68442658837
Nifty Next 50 TRI,2020-06-22,28378.71905502873
Nifty Next 50 TRI,2020-06-23,28893.19191739784
Nifty Next 50 TRI,2020-06-24,28588.55419799622
Nifty Next 50 TRI,2020-06-25,28610.485804893164
Nifty Next 50 TRI,2020-06-26,28659.28298493996
Nifty Next 50 TRI,2020-06-29,28424.61410019866
Nifty Next 50 TRI,2020-06-30,28408.02941027665
Nifty Next 50 TRI,2020-07-01,28421.846746384566
Nifty Next 50 TRI,2020-07-02,28634.6377164516
Nifty Next 50 TRI,2020-07-03,28854.834623263894
Nifty Next 50 TRI,2020-07-06,28988.32504647043
Nifty Next 50 TRI,2020-07-07,29127.986840511006
Nifty Next 50 TRI,2020-07-08,29028.307287837535
Nifty Next 50 TRI,2020-07-09,28995.06915164306
Nifty Next 50 TRI,2020-07-10,28929.764174850214
Nifty Next 50 TRI,2020-07-13,29005.442718454535
Nifty Next 50 TRI,2020-07-14,28721.54658242357
Nifty Next 50 TRI,2020-07-15,28566.02619713188
Nifty Next 50 TRI,2020-07-16,28649.463631186456
Nifty Next 50 TRI,2020-07-17,29120.373797418226
Nifty Next 50 TRI,2020-07-20,29288.557831909653
Nifty Next 50 TRI,2020-07-21,29340.061717172648
Nifty Next 50 TRI,2020-07-22,29181.104410770546
Nifty Next 50 TRI,2020-07-23,29419.891468612954
Nifty Next 50 TRI,2020-07-24,29087.553764461623
Nifty Next 50 TRI,2020-07-27,28862.38770297689
Nifty Next 50 TRI,2020-07-28,29057.02187802418
Nifty Next 50 TRI,2020-07-29,29194.07216884701
Nifty Next 50 TRI,2020-07-30,29341.124951678314
Nifty Next 50 TRI,2020-07-31,29668.885482575308
Nifty Next 50 TRI,2020-08-03,29521.76564638167
Nifty Next 50 TRI,2020-08-04,29712.041594536862
Nifty Next 50 TRI,2020-08-05,29687.635981063006
Nifty Next 50 TRI,2020-08-06,29898.58560756271
Nifty Next 50 TRI,2020-08-07,29972.394716393632
Nifty Next 50 TRI,2020-08-10,30412.168579808906
Nifty Next 50 TRI,2020-08-11,30265.0251065778
Nifty Next 50 TRI,2020-08-12,30253.887593320735
Nifty Next 50 TRI,2020-08-13,30403.57567705041
Nifty Next 50 TRI,2020-08-14,30122.327254112603
Nifty Next 50 TRI,2020-08-17,30225.596510308755
Nifty Next 50 TRI,2020-08-18,30575.940554887016
Nifty Next 50 TRI,2020-08-19,30623.326567118067
Nifty Next 50 TRI,2020-08-20,30600.152149291316
Nifty Next 50 TRI,2020-08-21,30694.51328634869
Nifty Next 50 TRI,2020-08-24,30701.69274461905
Nifty Next 50 TRI,2020-08-25,30729.969669180344
Nifty Next 50 TRI,2020-08-26,30750.12414877335
Nifty Next 50 TRI,2020-08-27,30880.324548560722
Nifty Next 50 TRI,2020-08-28,30973.221750811535
Nifty Next 50 TRI,2020-08-31,29655.320689966495
Nifty Next 50 TRI,2020-09-01,30008.612143269653
Nifty Next 50 TRI,2020-09-02,30346.83270084498
Nifty Next 50 TRI,2020-09-03,30531.498981758356
Nifty Next 50 TRI,2020-09-04,29969.95592104345
Nifty Next 50 TRI,2020-09-07,29873.681939204074
Nifty Next 50 TRI,2020-09-08,29671.936950958072
Nifty Next 50 TRI,2020-09-09,29623.39534947625
Nifty Next 50 TRI,2020-09-10,29912.14106351657
Nifty Next 50 TRI,2020-09-11,30178.62169217105
Nifty Next 50 TRI,2020-09-14,30145.38823654016
Nifty Next 50 TRI,2020-09-15,30433.64183734912
Nifty Next 50 TRI,2020-09-16,30578.619732359184
Nifty Next 50 TRI,2020-09-17,30402.778609713114
Nifty Next 50 TRI,2020-09-18,30477.35785489047
Nifty Next 50 TRI,2020-09-21,29504.83476247119
Nifty Next 50 TRI,2020-09-22,29158.62493971098
Nifty Next 50 TRI,2020-09-23,29084.82255759514
Nifty Next 50 TRI,2020-09-24,28429.1907876448
Nifty Next 50 TRI,2020-09-25,29205.720487024053
Nifty Next 50 TRI,2020-09-28,29864.706065439612
Nifty Next 50 TRI,2020-09-29,29727.397518554055
Nifty Next 50 TRI,2020-09-30,29914.463181204846
Nifty Next 50 TRI,2020-10-01,30155.15259925728
Nifty Next 50 TRI,2020-10-05,30236.624070969043
Nifty Next 50 TRI,2020-10-06,30350.417035244995
Nifty Next 50 TRI,2020-10-07,30275.676544954797
Nifty Next 50 TRI,2020-10-08,30424.95139335396
Nifty Next 50 TRI,2020-10-09,30338.75542722949
Nifty Next 50 TRI,2020-10-12,30216.451807755802
Nifty Next 50 TRI,2020-10-13,30091.661675271815
Nifty Next 50 TRI,2020-10-14,30313.57451381725
Nifty Next 50 TRI,2020-10-15,29803.697486793302
Nifty Next 50 TRI,2020-10-16,30063.25531418085
Nifty Next 50 TRI,2020-10-19,30314.0189416112
Nifty Next 50 TRI,2020-10-20,30376.099855033535
Nifty Next 50 TRI,2020-10-21,30305.81357481263
Nifty Next 50 TRI,2020-10-22,30285.24202118341
Nifty Next 50 TRI,2020-10-23,30376.117420780905
Nifty Next 50 TRI,2020-10-26,29968.941926795156
Nifty Next 50 TRI,2020-10-27,30412.536564051105
Nifty Next 50 TRI,2020-10-28,30163.213842664856
Nifty Next 50 TRI,2020-10-29,30298.56835395045
Nifty Next 50 TRI,2020-10-30,30289.341497825193
Nifty Next 50 TRI,2020-11-02,30399.006188805244
Nifty Next 50 TRI,2020-11-03,30575.538155654034
Nifty Next 50 TRI,2020-11-04,30781.21188297586
Nifty Next 50 TRI,2020-11-05,31276.126611067593
Nifty Next 50 TRI,2020-11-06,31388.39392695942
Nifty Next 50 TRI,2020-11-09,31846.71399141166
Nifty Next 50 TRI,2020-11-10,31627.693641785438
Nifty Next 50 TRI,2020-11-11,31996.863996048283
Nifty Next 50 TRI,2020-11-12,32186.397237373883
Nifty Next 50 TRI,2020-11-13,32475.49721547361
Nifty Next 50 TRI,2020-11-17,32899.424180054455
Nifty Next 50 TRI,2020-11-18,33013.275728861605
Nifty Next 50 TRI,2020-11-19,32780.27031965702
Nifty Next 50 TRI,2020-11-20,33194.732719287975
Nifty Next 50 TRI,2020-11-23,33494.08362276455
Nifty Next 50 TRI,2020-11-24,33668.93327618082
Nifty Next 50 TRI,2020-11-25,33159.13742553298
Nifty Next 50 TRI,2020-11-26,33459.12966105108
Nifty Next 50 TRI,2020-11-27,33624.57195059995
Nifty Next 50 TRI,2020-12-01,34072.37042974675
Nifty Next 50 TRI,2020-12-02,34359.25279960793
Nifty Next 50 TRI,2020-12-03,34722.64787858394
Nifty Next 50 TRI,2020-12-04,34856.39792623087
Nifty Next 50 TRI,2020-12-07,35176.257964460594
Nifty Next 50 TRI,2020-12-08,35165.835633478484
Nifty Next 50 TRI,2020-12-09,35175.5367567121
Nifty Next 50 TRI,2020-12-10,35319.02921880073
Nifty Next 50 TRI,2020-12-11,35406.75028613525
Nifty Next 50 TRI,2020-12-14,35537.08024954869
Nifty Next 50 TRI,2020-12-15,35459.67859297015
Nifty Next 50 TRI,2020-12-16,35650.562629105356
Nifty Next 50 TRI,2020-12-17,35527.29767844239
Nifty Next 50 TRI,2020-12-18,35584.929006635975
Nifty Next 50 TRI,2020-12-21,34355.46095321724
Nifty Next 50 TRI,2020-12-22,34851.0139810365
Nifty Next 50 TRI,2020-12-23,35442.77444225513
Nifty Next 50 TRI,2020-12-24,35575.5725561629
Nifty Next 50 TRI,2020-12-28,35893.2668326786
Nifty Next 50 TRI,2020-12-29,35872.64981502784
Nifty Next 50 TRI,2020-12-30,36021.18518234365
Nifty Next 50 TRI,2020-12-31,36071.25305671177
Nifty Next 50 TRI,2021-01-04,36933.50128263138
Nifty Next 50 TRI,2021-01-05,37530.66079955606
Nifty Next 50 TRI,2021-01-06,37461.59057527968
Nifty Next 50 TRI,2021-01-07,37611.264508018336
Nifty Next 50 TRI,2021-01-08,38102.61476730973
Nifty Next 50 TRI,2021-01-11,38247.614723741775
Nifty Next 50 TRI,2021-01-12,38142.864524672375
Nifty Next 50 TRI,2021-01-13,37914.01070055578
Nifty Next 50 TRI,2021-01-14,38095.474395026686
Nifty Next 50 TRI,2021-01-15,37499.941315690914
Nifty Next 50 TRI,2021-01-18,36813.548420836225
Nifty Next 50 TRI,2021-01-19,37442.53935554636
Nifty Next 50 TRI,2021-01-20,37657.051503737595
Nifty Next 50 TRI,2021-01-21,37321.93041970952
Nifty Next 50 TRI,2021-01-22,37017.26242046168
Nifty Next 50 TRI,2021-01-25,36733.322977067524
Nifty Next 50 TRI,2021-01-27,36249.24146985759
Nifty Next 50 TRI,2021-01-28,36106.95687200419
Nifty Next 50 TRI,2021-01-29,35252.688233461726
Nifty Next 50 TRI,2021-02-01,36275.773027843694
Nifty Next 50 TRI,2021-02-02,37016.080205895036
Nifty Next 50 TRI,2021-02-03,37193.79393333148
Nifty Next 50 TRI,2021-02-04,37792.32580414665
Nifty Next 50 TRI,2021-02-05,37534.535261101395
Nifty Next 50 TRI,2021-02-08,37953.823465735404
Nifty Next 50 TRI,2021-02-09,37935.02007375454
Nifty Next 50 TRI,2021-02-10,38085.30219058862
Nifty Next 50 TRI,2021-02-11,38374.8011282169
Nifty Next 50 TRI,2021-02-12,38471.107909328515
Nifty Next 50 TRI,2021-02-15,38882.34691439546
Nifty Next 50 TRI,2021-02-16,39038.461354112056
Nifty Next 50 TRI,2021-02-17,39119.57984164084
Nifty Next 50 TRI,2021-02-18,39311.881828551195
Nifty Next 50 TRI,2021-02-19,38790.49130030489
Nifty Next 50 TRI,2021-02-22,38164.78477076185
Nifty Next 50 TRI,2021-02-23,38433.273361460655
Nifty Next 50 TRI,2021-02-24,38639.81621540331
Nifty Next 50 TRI,2021-02-25,38897.38547694525
Nifty Next 50 TRI,2021-02-26,38042.204902601254
Nifty Next 50 TRI,2021-03-01,38407.66691735777
Nifty Next 50 TRI,2021-03-02,39075.01320820325
Nifty Next 50 TRI,2021-03-03,39700.26510336608
Nifty Next 50 TRI,2021-03-04,39773.379599263084
Nifty Next 50 TRI,2021-03-05,39197.58728252969
Nifty Next 50 TRI,2021-03-08,39135.29059310583
Nifty Next 50 TRI,2021-03-09,38834.31618639515
Nifty Next 50 TRI,2021-03-10,39069.531858059
Nifty Next 50 TRI,2021-03-12,38705.98270486111
Nifty Next 50 TRI,2021-03-15,38503.90008429245
Nifty Next 50 TRI,2021-03-16,38685.0987027535
Nifty Next 50 TRI,2021-03-17,37925.679278407464
Nifty Next 50 TRI,2021-03-18,37471.66589896671
Nifty Next 50 TRI,2021-03-19,37898.75630314879
Nifty Next 50 TRI,2021-03-22,38277.002944926775
Nifty Next 50 TRI,2021-03-23,38744.59878215899
Nifty Next 50 TRI,2021-03-24,38164.88853803483
Nifty Next 50 TRI,2021-03-25,37325.287961024944
Nifty Next 50 TRI,2021-03-26,37780.66491827173
Nifty Next 50 TRI,2021-03-30,37915.138848524235
Nifty Next 50 TRI,2021-03-31,38024.082526836595
Nifty Next 50 TRI,2021-04-01,38596.33078679619
Nifty Next 50 TRI,2021-04-05,38246.095169642016
Nifty Next 50 TRI,2021-04-06,38629.37469422268
Nifty Next 50 TRI,2021-04-07,39012.45110294611
Nifty Next 50 TRI,2021-04-08,39307.30019112949
Nifty Next 50 TRI,2021-04-09,39350.48905497967
Nifty Next 50 TRI,2021-04-12,37523.21655395979
Nifty Next 50 TRI,2021-04-13,37913.39789587084
Nifty Next 50 TRI,2021-04-15,38149.13930586102
Nifty Next 50 TRI,2021-04-16,38559.29748691256
Nifty Next 50 TRI,2021-04-19,37902.12213800453
Nifty Next 50 TRI,2021-04-20,38072.63734313004
Nifty Next 50 TRI,2021-04-22,38123.29539770865
Nifty Next 50 TRI,2021-04-23,38171.198175232435
Nifty Next 50 TRI,2021-04-26,38367.02971993425
Nifty Next 50 TRI,2021-04-27,38665.48020614594
Nifty Next 50 TRI,2021-04-28,38904.3751428904
Nifty Next 50 TRI,2021-04-29,38892.23431215842
Nifty Next 50 TRI,2021-04-30,38707.43001700438
Nifty Next 50 TRI,2021-05-03,39045.40623508155
Nifty Next 50 TRI,2021-05-04,38892.769057281075
Nifty Next 50 TRI,2021-05-05,39534.06459708355
Nifty Next 50 TRI,2021-05-06,39759.6770635103
Nifty Next 50 TRI,2021-05-07,39893.69118427838
Nifty Next 50 TRI,2021-05-10,40312.99072209405
Nifty Next 50 TRI,2021-05-11,40395.7953983505
Nifty Next 50 TRI,2021-05-12,40447.41332352189
Nifty Next 50 TRI,2021-05-14,39872.925509516535
Nifty Next 50 TRI,2021-05-17,40379.60615512022
Nifty Next 50 TRI,2021-05-18,40919.85659191611
Nifty Next 50 TRI,2021-05-19,41189.77948330284
Nifty Next 50 TRI,2021-05-20,41167.94899936308
Nifty Next 50 TRI,2021-05-21,41345.51827008308
Nifty Next 50 TRI,2021-05-24,41646.04843382779
Nifty Next 50 TRI,2021-05-25,41500.862489703104
Nifty Next 50 TRI,2021-05-26,41449.78271794333
Nifty Next 50 TRI,2021-05-27,41644.553512080216
Nifty Next 50 TRI,2021-05-28,41676.95089530355
Nifty Next 50 TRI,2021-05-31,42053.09311037065
Nifty Next 50 TRI,2021-06-01,42009.26573888583
Nifty Next 50 TRI,2021-06-02,42781.71920426597
Nifty Next 50 TRI,2021-06-03,43180.29040113907
Nifty Next 50 TRI,2021-06-04,43380.17580863285
Nifty Next 50 TRI,2021-06-07,43421.478241395474
Nifty Next 50 TRI,2021-06-08,43588.56203804752
Nifty Next 50 TRI,2021-06-09,43186.378710406134
Nifty Next 50 TRI,2021-06-10,43714.820166002915
Nifty Next 50 TRI,2021-06-11,43813.36012666194
Nifty Next 50 TRI,2021-06-14,43624.49550718096
Nifty Next 50 TRI,2021-06-15,43767.20068629399
Nifty Next 50 TRI,2021-06-16,43360.756265441305
Nifty Next 50 TRI,2021-06-17,42956.34794557484
Nifty Next 50 TRI,2021-06-18,42729.95907143561
Nifty Next 50 TRI,2021-06-21,43106.09474901299
Nifty Next 50 TRI,2021-06-22,43319.41703557013
Nifty Next 50 TRI,2021-06-23,42970.42524612485
Nifty Next 50 TRI,2021-06-24,42766.36099807582
Nifty Next 50 TRI,2021-06-25,43060.50618485505
Nifty Next 50 TRI,2021-06-28,43232.71586740194
Nifty Next 50 TRI,2021-06-29,43148.999259584634
Nifty Next 50 TRI,2021-06-30,42966.32693048579
Nifty Next 50 TRI,2021-07-01,43111.53375055272
Nifty Next 50 TRI,2021-07-02,42991.88584144577
Nifty Next 50 TRI,2021-07-05,43265.93628405567
Nifty Next 50 TRI,2021-07-06,43263.60577005679
Nifty Next 50 TRI,2021-07-07,43447.45780741945
Nifty Next 50 TRI,2021-07-08,43358.59422486479
Nifty Next 50 TRI,2021-07-09,43431.75676454744
Nifty Next 50 TRI,2021-07-12,43468.473302064565
Nifty Next 50 TRI,2021-07-13,43385.12046514335
Nifty Next 50 TRI,2021-07-14,43386.97799863741
Nifty Next 50 TRI,2021-07-15,43530.97597951851
Nifty Next 50 TRI,2021-07-16,43740.21682747016
Nifty Next 50 TRI,2021-07-19,43461.288873763566
Nifty Next 50 TRI,2021-07-20,43173.972203509795
Nifty Next 50 TRI,2021-07-22,43939.6472617407
Nifty Next 50 TRI,2021-07-23,43888.048057734275
Nifty Next 50 TRI,2021-07-26,43935.478385624985
Nifty Next 50 TRI,2021-07-27,43662.23772282512
Nifty Next 50 TRI,2021-07-28,43741.09413043512
Nifty Next 50 TRI,2021-07-29,43766.29764692108
Nifty Next 50 TRI,2021-07-30,43954.53024116964
Nifty Next 50 TRI,2021-08-02,44357.9370057881
Nifty Next 50 TRI,2021-08-03,44729.751170966934
Nifty Next 50 TRI,2021-08-04,44410.29165991682
Nifty Next 50 TRI,2021-08-05,44314.45780571305
Nifty Next 50 TRI,2021-08-06,44409.65385503859
Nifty Next 50 TRI,2021-08-09,44209.017941732345
Nifty Next 50 TRI,2021-08-10,44032.40386622376
Nifty Next 50 TRI,2021-08-11,43934.02791537859
Nifty Next 50 TRI,2021-08-12,44070.12003050968
Nifty Next 50 TRI,2021-08-13,44126.2344557165
Nifty Next 50 TRI,2021-08-16,44182.930416530486
Nifty Next 50 TRI,2021-08-17,44415.686170493434
Nifty Next 50 TRI,2021-08-18,44661.08177371453
Nifty Next 50 TRI,2021-08-20,44002.52481299296
Nifty Next 50 TRI,2021-08-23,43825.78688076574
Nifty Next 50 TRI,2021-08-24,44253.58227900882
Nifty Next 50 TRI,2021-08-25,44459.57567395178
Nifty Next 50 TRI,2021-08-26,44594.00701176178
Nifty Next 50 TRI,2021-08-27,45153.95460573543
Nifty Next 50 TRI,2021-08-30,45856.107266463325
Nifty Next 50 TRI,2021-08-31,46479.98190720157
Nifty Next 50 TRI,2021-09-01,46819.04258043253
Nifty Next 50 TRI,2021-09-02,47298.95756725947
Nifty Next 50 TRI,2021-09-03,47572.50585531311
Nifty Next 50 TRI,2021-09-06,47514.623775666165
Nifty Next 50 TRI,2021-09-07,47353.05150939163
Nifty Next 50 TRI,2021-09-08,47612.89031918576
Nifty Next 50 TRI,2021-09-09,47821.87130583806
Nifty Next 50 TRI,2021-09-13,47976.312831689436
Nifty Next 50 TRI,2021-09-14,48128.086513396054
Nifty Next 50 TRI,2021-09-15,48319.79249536052
Nifty Next 50 TRI,2021-09-16,48659.50556302406
Nifty Next 50 TRI,2021-09-17,48261.348405950586
Nifty Next 50 TRI,2021-09-20,47367.972082593304
Nifty Next 50 TRI,2021-09-21,47783.86782058735
Nifty Next 50 TRI,2021-09-22,48045.225963419914
Nifty Next 50 TRI,2021-09-23,48583.69590825699
Nifty Next 50 TRI,2021-09-24,48175.72259403371
Nifty Next 50 TRI,2021-09-27,48043.69576382229
Nifty Next 50 TRI,2021-09-28,47699.41946936105
Nifty Next 50 TRI,2021-09-29,47443.94748541293
Nifty Next 50 TRI,2021-09-30,47414.94069733257
Nifty Next 50 TRI,2021-10-01,47561.56938627064
Nifty Next 50 TRI,2021-10-04,48288.50270613055
Nifty Next 50 TRI,2021-10-05,48483.17712615676
Nifty Next 50 TRI,2021-10-06,48022.57876576045
Nifty Next 50 TRI,2021-10-07,48529.4971929804
Nifty Next 50 TRI,2021-10-08,48418.66027203783
Nifty Next 50 TRI,2021-10-11,48640.613764371046
Nifty Next 50 TRI,2021-10-12,49008.804914988
Nifty Next 50 TRI,2021-10-13,49485.23354000585
Nifty Next 50 TRI,2021-10-14,49912.167292761755
Nifty Next 50 TRI,2021-10-18,50042.058214111734
Nifty Next 50 TRI,2021-10-19,49346.597547670375
Nifty Next 50 TRI,2021-10-20,48494.27359653191
Nifty Next 50 TRI,2021-10-21,48137.179227579036
Nifty Next 50 TRI,2021-10-22,47468.52666524841
Nifty Next 50 TRI,2021-10-25,47057.219445197494
Nifty Next 50 TRI,2021-10-26,47614.327100114184
Nifty Next 50 TRI,2021-10-27,47861.73027273126
Nifty Next 50 TRI,2021-10-28,46848.76858280674
Nifty Next 50 TRI,2021-10-29,47123.76617613636
Nifty Next 50 TRI,2021-11-01,47714.5969690287
Nifty Next 50 TRI,2021-11-02,47737.0750490618
Nifty Next 50 TRI,2021-11-03,48010.46046153162
Nifty Next 50 TRI,2021-11-04,48265.94418677944
Nifty Next 50 TRI,2021-11-08,48900.61307175978
Nifty Next 50 TRI,2021-11-09,49082.57111247302
Nifty Next 50 TRI,2021-11-10,49169.6703105211
Nifty Next 50 TRI,2021-11-11,48960.115865625674
Nifty Next 50 TRI,2021-11-12,49558.05939750703
Nifty Next 50 TRI,2021-11-15,49696.49139587566
Nifty Next 50 TRI,2021-11-16,49617.376730300195
Nifty Next 50 TRI,2021-11-17,49564.24765506796
Nifty Next 50 TRI,2021-11-18,48864.39560384339
Nifty Next 50 TRI,2021-11-22,47961.4838873303
Nifty Next 50 TRI,2021-11-23,48684.14180062439
Nifty Next 50 TRI,2021-11-24,48425.57610832521
Nifty Next 50 TRI,2021-11-25,48844.66621582466
Nifty Next 50 TRI,2021-11-26,47369.89031865137
Nifty Next 50 TRI,2021-11-29,46939.69908706719
Nifty Next 50 TRI,2021-11-30,46827.51977971478
Nifty Next 50 TRI,2021-12-01,47098.133421029015
Nifty Next 50 TRI,2021-12-02,47565.96991772725
Nifty Next 50 TRI,2021-12-03,47472.06550605246
Nifty Next 50 TRI,2021-12-06,46560.57193403493
Nifty Next 50 TRI,2021-12-07,47267.008412850315
Nifty Next 50 TRI,2021-12-08,47880.727360679506
Nifty Next 50 TRI,2021-12-09,47983.10863623496
Nifty Next 50 TRI,2021-12-10,48170.81666500249
Nifty Next 50 TRI,2021-12-13,47941.995685947
Nifty Next 50 TRI,2021-12-14,48100.288426870604
Nifty Next 50 TRI,2021-12-15,47704.525472121335
Nifty Next 50 TRI,2021-12-16,47541.40561358561
Nifty Next 50 TRI,2021-12-17,46370.60383685359
Nifty Next 50 TRI,2021-12-20,45062.98922600647
Nifty Next 50 TRI,2021-12-21,45914.28716412998
Nifty Next 50 TRI,2021-12-22,46545.658030370345
Nifty Next 50 TRI,2021-12-23,47044.44680400835
Nifty Next 50 TRI,2021-12-24,46554.6718827761
Nifty Next 50 TRI,2021-12-27,46681.786090992726
Nifty Next 50 TRI,2021-12-28,47103.76515464855
Nifty Next 50 TRI,2021-12-29,46998.051506530304
Nifty Next 50 TRI,2021-12-30,46639.822388476154
Nifty Next 50 TRI,2021-12-31,47359.61185778537
Nifty Next 50 TRI,2022-01-03,47736.11179375579
Nifty Next 50 TRI,2022-01-04,47745.00502965398
Nifty Next 50 TRI,2022-01-05,47975.36711050169
Nifty Next 50 TRI,2022-01-06,47852.49093326459
Nifty Next 50 TRI,2022-01-07,48052.24216849372
Nifty Next 50 TRI,2022-01-10,48245.02030919572
Nifty Next 50 TRI,2022-01-11,48225.14433047761
Nifty Next 50 TRI,2022-01-12,48586.19471085767
Nifty Next 50 TRI,2022-01-13,48804.23975060755
Nifty Next 50 TRI,2022-01-14,48876.40395794785
Nifty Next 50 TRI,2022-01-17,49062.05732189457
Nifty Next 50 TRI,2022-01-18,48216.4563275258
Nifty Next 50 TRI,2022-01-19,48183.833066834464
Nifty Next 50 TRI,2022-01-20,48148.96726903211
Nifty Next 50 TRI,2022-01-21,47349.33774903826
Nifty Next 50 TRI,2022-01-24,45595.43967275886
Nifty Next 50 TRI,2022-01-25,46026.43506625252
Nifty Next 50 TRI,2022-01-27,45243.92245111663
Nifty Next 50 TRI,2022-01-28,45620.15576828953
Nifty Next 50 TRI,2022-01-31,46145.306240286416
Nifty Next 50 TRI,2022-02-01,46947.68633402163
Nifty Next 50 TRI,2022-02-02,47441.48384333616
Nifty Next 50 TRI,2022-02-03,47197.035167486174
Nifty Next 50 TRI,2022-02-04,47162.347212190216
Nifty Next 50 TRI,2022-02-07,46850.88920704111
Nifty Next 50 TRI,2022-02-08,46633.5159271536
Nifty Next 50 TRI,2022-02-09,47162.55787964623
Nifty Next 50 TRI,2022-02-10,47358.78756714739
Nifty Next 50 TRI,2022-02-11,46672.46862948585
Nifty Next 50 TRI,2022-02-14,45117.23735219097
Nifty Next 50 TRI,2022-02-15,46212.718519669106
Nifty Next 50 TRI,2022-02-16,46123.5573071356
Nifty Next 50 TRI,2022-02-17,46223.17960555331
Nifty Next 50 TRI,2022-02-18,45734.18363403806
Nifty Next 50 TRI,2022-02-21,45140.9087859739
Nifty Next 50 TRI,2022-02-22,45051.8133094733
Nifty Next 50 TRI,2022-02-23,45432.09875748829
Nifty Next 50 TRI,2022-02-24,42883.92174639684
Nifty Next 50 TRI,2022-02-25,44508.013978089235
Nifty Next 50 TRI,2022-02-28,45009.51173622693
Nifty Next 50 TRI,2022-03-02,45025.46587586157
Nifty Next 50 TRI,2022-03-03,44966.80132556846
Nifty Next 50 TRI,2022-03-04,43879.980683295056
Nifty Next 50 TRI,2022-03-07,42729.11355758937
Nifty Next 50 TRI,2022-03-08,43374.4175399784
Nifty Next 50 TRI,2022-03-09,43988.39136681513
Nifty Next 50 TRI,2022-03-10,44841.67503958893
Nifty Next 50 TRI,2022-03-11,45063.688567471225
Nifty Next 50 TRI,2022-03-14,44902.19285239083
Nifty Next 50 TRI,2022-03-15,44484.7438389738
Nifty Next 50 TRI,2022-03-16,45491.94087182863
Nifty Next 50 TRI,2022-03-17,46164.53825570422
Nifty Next 50 TRI,2022-03-21,45546.26356409435
Nifty Next 50 TRI,2022-03-22,45624.77125369487
Nifty Next 50 TRI,2022-03-23,45725.20790765855
Nifty Next 50 TRI,2022-03-24,45813.227418940325
Nifty Next 50 TRI,2022-03-25,45833.21290434369
Nifty Next 50 TRI,2022-03-28,45680.15228313432
Nifty Next 50 TRI,2022-03-29,45903.26333038946
Nifty Next 50 TRI,2022-03-30,46177.679621961855
Nifty Next 50 TRI,2022-03-31,46247.3383240082
Nifty Next 50 TRI,2022-04-01,46967.169801912765
Nifty Next 50 TRI,2022-04-04,47702.38102688906
Nifty Next 50 TRI,2022-04-05,48096.82558938547
Nifty Next 50 TRI,2022-04-06,48275.1184864502
Nifty Next 50 TRI,2022-04-07,48134.64066035128
Nifty Next 50 TRI,2022-04-08,48880.437666304104
Nifty Next 50 TRI,2022-04-11,49371.19282949546
Nifty Next 50 TRI,2022-04-12,48814.61848746859
Nifty Next 50 TRI,2022-04-13,48885.508018080676
Nifty Next 50 TRI,2022-04-18,48718.95154904208
Nifty Next 50 TRI,2022-04-19,47832.481386699896
Nifty Next 50 TRI,2022-04-20,48073.13827931971
Nifty Next 50 TRI,2022-04-21,48685.905695933994
Nifty Next 50 TRI,2022-04-22,48325.38669320337
Nifty Next 50 TRI,2022-04-25,47372.693499659355
Nifty Next 50 TRI,2022-04-26,48486.18401147942
Nifty Next 50 TRI,2022-04-27,47848.785668257995
Nifty Next 50 TRI,2022-04-28,48504.682165718405
Nifty Next 50 TRI,2022-04-29,47884.524426630516
Nifty Next 50 TRI,2022-05-02,47716.78944604016
Nifty Next 50 TRI,2022-05-04,46347.32653105512
Nifty Next 50 TRI,2022-05-05,46419.98688148312
Nifty Next 50 TRI,2022-05-06,45440.155211771395
Nifty Next 50 TRI,2022-05-09,44566.303682541984
Nifty Next 50 TRI,2022-05-10,43571.544386421316
Nifty Next 50 TRI,2022-05-11,43522.79074244614
Nifty Next 50 TRI,2022-05-12,42431.81910007392
Nifty Next 50 TRI,2022-05-13,42243.481127399544
Nifty Next 50 TRI,2022-05-16,42885.42223231604
Nifty Next 50 TRI,2022-05-17,43983.48400630757
Nifty Next 50 TRI,2022-05-18,44008.738186477596
Nifty Next 50 TRI,2022-05-19,42805.85992469386
Nifty Next 50 TRI,2022-05-20,43448.28990432069
Nifty Next 50 TRI,2022-05-23,43074.78149571871
Nifty Next 50 TRI,2022-05-24,42713.63289465974
Nifty Next 50 TRI,2022-05-25,41989.16796726
Nifty Next 50 TRI,2022-05-26,42571.58158186668
Nifty Next 50 TRI,2022-05-27,42860.738758915795
Nifty Next 50 TRI,2022-05-30,43885.73283042112
Nifty Next 50 TRI,2022-05-31,43927.614810420535
Nifty Next 50 TRI,2022-06-01,43516.36750983336
Nifty Next 50 TRI,2022-06-02,43746.215738817344
Nifty Next 50 TRI,2022-06-03,43115.34961670649
Nifty Next 50 TRI,2022-06-06,42993.722115184035
Nifty Next 50 TRI,2022-06-07,42634.22421308377
Nifty Next 50 TRI,2022-06-08,42502.326385845416
Nifty Next 50 TRI,2022-06-09,42836.11716544895
Nifty Next 50 TRI,2022-06-10,42447.6092382375
Nifty Next 50 TRI,2022-06-13,41532.49547941604
Nifty Next 50 TRI,2022-06-14,41661.63617817796
Nifty Next 50 TRI,2022-06-15,41753.80999077248
Nifty Next 50 TRI,2022-06-16,40889.87961657005
Nifty Next 50 TRI,2022-06-17,40214.07131215112
Nifty Next 50 TRI,2022-06-20,39921.36386903369
Nifty Next 50 TRI,2022-06-21,41022.68954834611
Nifty Next 50 TRI,2022-06-22,40274.277120437284
Nifty Next 50 TRI,2022-06-23,40754.567938765766
Nifty Next 50 TRI,2022-06-24,41291.66380405341
Nifty Next 50 TRI,2022-06-27,41595.532912995855
Nifty Next 50 TRI,2022-06-28,41658.584237149385
Nifty Next 50 TRI,2022-06-29,41368.845630722346
Nifty Next 50 TRI,2022-06-30,41173.999640330556
Nifty Next 50 TRI,2022-07-01,41621.66520922361
Nifty Next 50 TRI,2022-07-04,42045.81865404321
Nifty Next 50 TRI,2022-07-05,42083.29041486868
Nifty Next 50 TRI,2022-07-06,42797.107624638455
Nifty Next 50 TRI,2022-07-07,43167.00416978009
Nifty Next 50 TRI,2022-07-08,43292.676572005155
Nifty Next 50 TRI,2022-07-11,43979.11103565893
Nifty Next 50 TRI,2022-07-12,43833.35350290342
Nifty Next 50 TRI,2022-07-13,43819.43399828685
Nifty Next 50 TRI,2022-07-14,43770.649028037755
Nifty Next 50 TRI,2022-07-15,43944.60446986164
Nifty Next 50 TRI,2022-07-18,44538.07798286117
Nifty Next 50 TRI,2022-07-19,44754.90392880826
Nifty Next 50 TRI,2022-07-20,44838.46208186391
Nifty Next 50 TRI,2022-07-21,45498.734176139726
Nifty Next 50 TRI,2022-07-22,45331.481199689115
Nifty Next 50 TRI,2022-07-25,45287.58353199425
Nifty Next 50 TRI,2022-07-26,44713.948033615234
Nifty Next 50 TRI,2022-07-27,45082.994072731504
Nifty Next 50 TRI,2022-07-28,45602.197137475014
Nifty Next 50 TRI,2022-07-29,46177.645367317156
Nifty Next 50 TRI,2022-08-01,46851.952954397246
Nifty Next 50 TRI,2022-08-02,47050.14244539121
Nifty Next 50 TRI,2022-08-03,46870.963097965665
Nifty Next 50 TRI,2022-08-04,47110.37162699698
Nifty Next 50 TRI,2022-08-05,47065.88634887998
Nifty Next 50 TRI,2022-08-08,47307.13430812761
Nifty Next 50 TRI,2022-08-10,47145.88830406994
Nifty Next 50 TRI,2022-08-11,47538.54821311342
Nifty Next 50 TRI,2022-08-12,47671.08601210578
Nifty Next 50 TRI,2022-08-16,48429.14401765064
Nifty Next 50 TRI,2022-08-17,48922.5538485932
Nifty Next 50 TRI,2022-08-18,49222.04686960553
Nifty Next 50 TRI,2022-08-19,48723.00766568801
Nifty Next 50 TRI,2022-08-22,47827.82095294985
Nifty Next 50 TRI,2022-08-23,48062.0318988238
Nifty Next 50 TRI,2022-08-24,48350.08753677514
Nifty Next 50 TRI,2022-08-25,48364.24577699602
Nifty Next 50 TRI,2022-08-26,48616.628124269584
Nifty Next 50 TRI,2022-08-29,48330.6082043228
Nifty Next 50 TRI,2022-08-30,49389.17755309374
Nifty Next 50 TRI,2022-09-01,49397.393476871235
Nifty Next 50 TRI,2022-09-02,49308.18636371431
Nifty Next 50 TRI,2022-09-05,49255.204498902174
Nifty Next 50 TRI,2022-09-06,49576.40809047051
Nifty Next 50 TRI,2022-09-07,49751.72195029819
Nifty Next 50 TRI,2022-09-08,49886.582247997285
Nifty Next 50 TRI,2022-09-09,49856.99352001719
Nifty Next 50 TRI,2022-09-12,50455.71913537789
Nifty Next 50 TRI,2022-09-13,50788.44478127552
Nifty Next 50 TRI,2022-09-14,51021.31696757831
Nifty Next 50 TRI,2022-09-15,51339.49339691574
Nifty Next 50 TRI,2022-09-16,49848.68372269933
Nifty Next 50 TRI,2022-09-19,50017.1041272362
Nifty Next 50 TRI,2022-09-20,50580.93412005626
Nifty Next 50 TRI,2022-09-21,49774.50986051538
Nifty Next 50 TRI,2022-09-22,49986.373787897755
Nifty Next 50 TRI,2022-09-23,49092.13875100983
Nifty Next 50 TRI,2022-09-26,47763.26063140197
Nifty Next 50 TRI,2022-09-27,47891.06917437465
Nifty Next 50 TRI,2022-09-28,47593.93744911986
Nifty Next 50 TRI,2022-09-29,47443.19059308336
Nifty Next 50 TRI,2022-09-30,47937.953048309784
Nifty Next 50 TRI,2022-10-03,46841.47329028352
Nifty Next 50 TRI,2022-10-04,47939.114744498984
Nifty Next 50 TRI,2022-10-06,48322.4686351786
Nifty Next 50 TRI,2022-10-07,48243.54070741169
Nifty Next 50 TRI,2022-10-10,47847.0990068635
Nifty Next 50 TRI,2022-10-11,46968.60684555727
Nifty Next 50 TRI,2022-10-12,47346.71468226965
Nifty Next 50 TRI,2022-10-13,46884.63991196975
Nifty Next 50 TRI,2022-10-14,46716.0976181207
Nifty Next 50 TRI,2022-10-17,47023.557957455145
Nifty Next 50 TRI,2022-10-18,47510.201745787344
Nifty Next 50 TRI,2022-10-19,47453.79600958426
Nifty Next 50 TRI,2022-10-20,47915.01899899944
Nifty Next 50 TRI,2022-10-21,47280.14918118265
Nifty Next 50 TRI,2022-10-24,47436.569212908806
Nifty Next 50 TRI,2022-10-25,47441.1601077742
Nifty Next 50 TRI,2022-10-27,47987.88737731929
Nifty Next 50 TRI,2022-10-28,47756.42619054282
Nifty Next 50 TRI,2022-10-31,48252.36815010474
Nifty Next 50 TRI,2022-11-01,48746.49583280045
Nifty Next 50 TRI,2022-11-02,48645.38418426934
Nifty Next 50 TRI,2022-11-03,48703.56384284412
Nifty Next 50 TRI,2022-11-04,48794.182317322
Nifty Next 50 TRI,2022-11-07,49010.53042752581
Nifty Next 50 TRI,2022-11-09,48917.44175514486
Nifty Next 50 TRI,2022-11-10,48441.49398298642
Nifty Next 50 TRI,2022-11-11,48908.256134754665
Nifty Next 50 TRI,2022-11-14,49174.14942811646
Nifty Next 50 TRI,2022-11-15,49257.96293187177
Nifty Next 50 TRI,2022-11-16,48898.47723325586
Nifty Next 50 TRI,2022-11-17,48531.89545840505
Nifty Next 50 TRI,2022-11-18,48257.88674589141
Nifty Next 50 TRI,2022-11-21,47996.93094767703
Nifty Next 50 TRI,2022-11-22,48113.63067146434
Nifty Next 50 TRI,2022-11-23,48206.941727840014
Nifty Next 50 TRI,2022-11-24,48393.27273699751
Nifty Next 50 TRI,2022-11-25,48528.174176030276
Nifty Next 50 TRI,2022-11-28,48638.92632631828
Nifty Next 50 TRI,2022-11-29,48887.158998792656
Nifty Next 50 TRI,2022-11-30,49501.38320966169
Nifty Next 50 TRI,2022-12-01,49694.98430355926
Nifty Next 50 TRI,2022-12-02,49767.91792245533
Nifty Next 50 TRI,2022-12-05,49687.11388052496
Nifty Next 50 TRI,2022-12-06,49644.34696337719
Nifty Next 50 TRI,2022-12-07,49743.29825615751
Nifty Next 50 TRI,2022-12-08,49944.53937347369
Nifty Next 50 TRI,2022-12-09,49640.19700865133
Nifty Next 50 TRI,2022-12-12,49654.06197474191
Nifty Next 50 TRI,2022-12-13,49573.316637003205
Nifty Next 50 TRI,2022-12-14,49804.627473525594
Nifty Next 50 TRI,2022-12-15,49360.62319783722
Nifty Next 50 TRI,2022-12-16,48729.77219075017
Nifty Next 50 TRI,2022-12-19,49218.47257536906
Nifty Next 50 TRI,2022-12-20,49124.42855908792
Nifty Next 50 TRI,2022-12-21,48342.908710389645
Nifty Next 50 TRI,2022-12-22,47990.26968554791
Nifty Next 50 TRI,2022-12-23,46208.671393323166
Nifty Next 50 TRI,2022-12-27,47785.455146954846
Nifty Next 50 TRI,2022-12-28,47925.29436263553
Nifty Next 50 TRI,2022-12-29,47916.63853775577
Nifty Next 50 TRI,2022-12-30,47844.468842439535
Nifty Next 50 TRI,2023-01-02,47917.670120883646
Nifty Next 50 TRI,2023-01-03,48129.902486188446
Nifty Next 50 TRI,2023-01-04,47481.41484358851
Nifty Next 50 TRI,2023-01-05,47810.93068183476
Nifty Next 50 TRI,2023-01-06,47461.68795457194
Nifty Next 50 TRI,2023-01-09,47849.84112782947
Nifty Next 50 TRI,2023-01-10,47677.19221546026
Nifty Next 50 TRI,2023-01-11,47523.87250894516
Nifty Next 50 TRI,2023-01-12,47626.2690243338
Nifty Next 50 TRI,2023-01-13,47824.59980021043
Nifty Next 50 TRI,2023-01-16,47797.92007602188
Nifty Next 50 TRI,2023-01-17,47840.5998083069
Nifty Next 50 TRI,2023-01-18,47846.06193534579
Nifty Next 50 TRI,2023-01-19,47681.87672676644
Nifty Next 50 TRI,2023-01-20,47504.40092561299
Nifty Next 50 TRI,2023-01-23,47582.21224031421
Nifty Next 50 TRI,2023-01-24,47463.78635756704
Nifty Next 50 TRI,2023-01-25,46270.70904999359
Nifty Next 50 TRI,2023-01-27,44550.77604812422
Nifty Next 50 TRI,2023-01-30,44046.80394356964
Nifty Next 50 TRI,2023-01-31,44498.0514853548
Nifty Next 50 TRI,2023-02-01,43779.48909789626
Nifty Next 50 TRI,2023-02-02,43677.209507786385
Nifty Next 50 TRI,2023-02-03,43667.44879667574
Nifty Next 50 TRI,2023-02-06,43913.72286511352
Nifty Next 50 TRI,2023-02-07,43844.527285469936
Nifty Next 50 TRI,2023-02-08,44238.13735439443
Nifty Next 50 TRI,2023-02-09,44019.46301169078
Nifty Next 50 TRI,2023-02-10,43984.61358220575
Nifty Next 50 TRI,2023-02-13,43354.55476644339
Nifty Next 50 TRI,2023-02-14,43307.872094765575
Nifty Next 50 TRI,2023-02-15,43616.198977990876
Nifty Next 50 TRI,2023-02-16,43929.717136663516
Nifty Next 50 TRI,2023-02-17,43657.65369217398
Nifty Next 50 TRI,2023-02-20,43525.16325641018
Nifty Next 50 TRI,2023-02-21,43445.76114726828
Nifty Next 50 TRI,2023-02-22,42822.02088390541
Nifty Next 50 TRI,2023-02-23,42639.62016050262
Nifty Next 50 TRI,2023-02-24,42604.43023435644
Nifty Next 50 TRI,2023-02-27,42209.4323207529
Nifty Next 50 TRI,2023-02-28,42323.63028403246
Nifty Next 50 TRI,2023-03-01,42818.102835009144
Nifty Next 50 TRI,2023-03-02,42795.47198248147
Nifty Next 50 TRI,2023-03-03,43185.854587305366
Nifty Next 50 TRI,2023-03-06,43533.475458278685
Nifty Next 50 TRI,2023-03-08,43697.73616046037
Nifty Next 50 TRI,2023-03-09,43379.764950908175
Nifty Next 50 TRI,2023-03-10,43280.31378060159
Nifty Next 50 TRI,2023-03-13,42729.27287972659
Nifty Next 50 TRI,2023-03-14,42481.18368000087
Nifty Next 50 TRI,2023-03-15,42457.960664081795
Nifty Next 50 TRI,2023-03-16,42715.15222405018
Nifty Next 50 TRI,2023-03-17,42953.097319879336
Nifty Next 50 TRI,2023-03-20,42644.445940469945
Nifty Next 50 TRI,2023-03-21,42891.5652990379
Nifty Next 50 TRI,2023-03-22,43170.58968098379
Nifty Next 50 TRI,2023-03-23,42996.287884052785
Nifty Next 50 TRI,2023-03-24,42667.861954698856
Nifty Next 50 TRI,2023-03-27,42450.482853912166
Nifty Next 50 TRI,2023-03-28,42051.84410822471
Nifty Next 50 TRI,2023-03-29,42390.48458991961
Nifty Next 50 TRI,2023-03-31,42982.937407578254
Nifty Next 50 TRI,2023-04-03,43093.25146374686
Nifty Next 50 TRI,2023-04-05,43326.657845152775
Nifty Next 50 TRI,2023-04-06,43433.44820877338
Nifty Next 50 TRI,2023-04-10,43563.43757656555
Nifty Next 50 TRI,2023-04-11,43659.04411649912
Nifty Next 50 TRI,2023-04-12,43866.54022045169
Nifty Next 50 TRI,2023-04-13,43794.877241138856
Nifty Next 50 TRI,2023-04-17,43989.84626829545
Nifty Next 50 TRI,2023-04-18,44153.46864667643
Nifty Next 50 TRI,2023-04-19,43760.87536859668
Nifty Next 50 TRI,2023-04-20,43780.04968419453
Nifty Next 50 TRI,2023-04-21,43724.92392977812
Nifty Next 50 TRI,2023-04-24,43894.94328151418
Nifty Next 50 TRI,2023-04-25,44085.85632750859
Nifty Next 50 TRI,2023-04-26,44257.65588755292
Nifty Next 50 TRI,2023-04-27,44376.8907013542
Nifty Next 50 TRI,2023-04-28,44972.553905531735
Nifty Next 50 TRI,2023-05-02,45274.235612413155
Nifty Next 50 TRI,2023-05-03,45356.01129394902
Nifty Next 50 TRI,2023-05-04,45643.093428358305
Nifty Next 50 TRI,2023-05-05,45638.88428755845
Nifty Next 50 TRI,2023-05-08,45954.7592264954
Nifty Next 50 TRI,2023-05-09,45908.545006904984
Nifty Next 50 TRI,2023-05-10,46169.73531236637
Nifty Next 50 TRI,2023-05-11,46530.34012804182
Nifty Next 50 TRI,2023-05-12,46456.700945865334
Nifty Next 50 TRI,2023-05-15,46681.72865443024
Nifty Next 50 TRI,2023-05-16,46748.03565073821
Nifty Next 50 TRI,2023-05-17,46486.77256964449
Nifty Next 50 TRI,2023-05-18,46025.75125347514
Nifty Next 50 TRI,2023-05-19,46176.08820032986
Nifty Next 50 TRI,2023-05-22,46609.96617748374
Nifty Next 50 TRI,2023-05-23,46710.34307810787
Nifty Next 50 TRI,2023-05-24,46681.784963470076
Nifty Next 50 TRI,2023-05-25,46944.312085097314
Nifty Next 50 TRI,2023-05-26,47482.68410409152
Nifty Next 50 TRI,2023-05-29,47761.04269712245
Nifty Next 50 TRI,2023-05-30,47786.05438158733
Nifty Next 50 TRI,2023-05-31,47905.172346433144
Nifty Next 50 TRI,2023-06-01,48026.6872558652
Nifty Next 50 TRI,2023-06-02,48229.44454155864
Nifty Next 50 TRI,2023-06-05,48313.485306292176
Nifty Next 50 TRI,2023-06-06,48537.983036011814
Nifty Next 50 TRI,2023-06-07,48996.83075673732
Nifty Next 50 TRI,2023-06-08,48673.47296858897
Nifty Next 50 TRI,2023-06-09,48628.43554119726
Nifty Next 50 TRI,2023-06-12,48858.34896269511
Nifty Next 50 TRI,2023-06-13,49324.92362348558
Nifty Next 50 TRI,2023-06-14,49441.06063342923
Nifty Next 50 TRI,2023-06-15,49459.18399184107
Nifty Next 50 TRI,2023-06-16,49965.484657759414
Nifty Next 50 TRI,2023-06-19,49887.84309968643
Nifty Next 50 TRI,2023-06-20,50073.5542052204
Nifty Next 50 TRI,2023-06-21,50051.51079178232
Nifty Next 50 TRI,2023-06-22,49461.91321321284
Nifty Next 50 TRI,2023-06-23,48831.808596393064
Nifty Next 50 TRI,2023-06-26,49033.95912260045
Nifty Next 50 TRI,2023-06-27,49247.501981589514
Nifty Next 50 TRI,2023-06-28,49560.0828402674
Nifty Next 50 TRI,2023-06-30,49887.86407357613
Nifty Next 50 TRI,2023-07-03,50091.40271938788
Nifty Next 50 TRI,2023-07-04,49902.84893994033
Nifty Next 50 TRI,2023-07-05,50303.27639056164
Nifty Next 50 TRI,2023-07-06,50605.98858444143
Nifty Next 50 TRI,2023-07-07,50185.964421655946
Nifty Next 50 TRI,2023-07-10,49913.81396231689
Nifty Next 50 TRI,2023-07-11,50292.698787819936
Nifty Next 50 TRI,2023-07-12,50422.02106433614
Nifty Next 50 TRI,2023-07-13,50097.56764541688
Nifty Next 50 TRI,2023-07-14,50470.89946748325
Nifty Next 50 TRI,2023-07-17,50620.43628929201
Nifty Next 50 TRI,2023-07-18,50405.698247552
Nifty Next 50 TRI,2023-07-19,50673.955126128865
Nifty Next 50 TRI,2023-07-20,50602.90994673006
Nifty Next 50 TRI,2023-07-21,50414.9610762269
Nifty Next 50 TRI,2023-07-24,50410.42045226956
Nifty Next 50 TRI,2023-07-25,50675.24850209365
Nifty Next 50 TRI,2023-07-26,50860.15220306241
Nifty Next 50 TRI,2023-07-27,51007.97765174047
Nifty Next 50 TRI,2023-07-28,51545.831672346714
Nifty Next 50 TRI,2023-07-31,51688.11161607076
Nifty Next 50 TRI,2023-08-01,51662.55203114682
Nifty Next 50 TRI,2023-08-02,50959.33437079737
Nifty Next 50 TRI,2023-08-03,50696.90087004164
Nifty Next 50 TRI,2023-08-04,51098.45090945605
Nifty Next 50 TRI,2023-08-07,51186.891116530176
Nifty Next 50 TRI,2023-08-08,51188.82563575456
Nifty Next 50 TRI,2023-08-09,51315.19596043309
Nifty Next 50 TRI,2023-08-10,51006.19401007518
Nifty Next 50 TRI,2023-08-11,50882.76123410045
Nifty Next 50 TRI,2023-08-14,50250.25365559164
Nifty Next 50 TRI,2023-08-16,50254.405821809254
Nifty Next 50 TRI,2023-08-17,50122.421606923504
Nifty Next 50 TRI,2023-08-18,49881.99667872436
Nifty Next 50 TRI,2023-08-21,50289.511516855855
Nifty Next 50 TRI,2023-08-22,50622.913207443504
Nifty Next 50 TRI,2023-08-23,50648.98532160216
Nifty Next 50 TRI,2023-08-24,50831.65172307047
Nifty Next 50 TRI,2023-08-25,50356.818677340656
Nifty Next 50 TRI,2023-08-28,50634.2381452066
Nifty Next 50 TRI,2023-08-29,50936.13145208333
Nifty Next 50 TRI,2023-08-30,51113.41274727987
Nifty Next 50 TRI,2023-08-31,50740.52024794658
Nifty Next 50 TRI,2023-09-01,51181.02258424275
Nifty Next 50 TRI,2023-09-04,51644.06690908938
Nifty Next 50 TRI,2023-09-05,51751.989456409035
Nifty Next 50 TRI,2023-09-06,51998.11186925527
Nifty Next 50 TRI,2023-09-07,52263.85248702519
Nifty Next 50 TRI,2023-09-08,52689.86530907435
Nifty Next 50 TRI,2023-09-11,53237.305467204074
Nifty Next 50 TRI,2023-09-12,52015.689218996515
Nifty Next 50 TRI,2023-09-13,52177.35790391261
Nifty Next 50 TRI,2023-09-14,52539.78662752832
Nifty Next 50 TRI,2023-09-15,52633.539420581525
Nifty Next 50 TRI,2023-09-18,52608.778205551054
Nifty Next 50 TRI,2023-09-20,52148.51830278146
Nifty Next 50 TRI,2023-09-21,51704.891336778215
Nifty Next 50 TRI,2023-09-22,51643.338552400965
Nifty Next 50 TRI,2023-09-25,51527.87870448742
Nifty Next 50 TRI,2023-09-26,51629.97404961137
Nifty Next 50 TRI,2023-09-27,51704.354179671645
Nifty Next 50 TRI,2023-09-28,50935.50316857352
Nifty Next 50 TRI,2023-09-29,51494.83305124797
Nifty Next 50 TRI,2023-10-03,51672.649352049164
Nifty Next 50 TRI,2023-10-04,50958.43859689783
Nifty Next 50 TRI,2023-10-05,51084.38545671214
Nifty Next 50 TRI,2023-10-06,51406.991974986486
Nifty Next 50 TRI,2023-10-09,50790.22051361825
Nifty Next 50 TRI,2023-10-10,51476.97484724812
Nifty Next 50 TRI,2023-10-11,51742.56690722656
Nifty Next 50 TRI,2023-10-12,51864.16222525727
Nifty Next 50 TRI,2023-10-13,51806.57808167247
Nifty Next 50 TRI,2023-10-16,51961.26470204354
Nifty Next 50 TRI,2023-10-17,52151.92764512166
Nifty Next 50 TRI,2023-10-18,51619.79071761842
Nifty Next 50 TRI,2023-10-19,51454.58667196965
Nifty Next 50 TRI,2023-10-20,50967.759370597436
Nifty Next 50 TRI,2023-10-23,49984.99311119761
Nifty Next 50 TRI,2023-10-25,49683.490351011555
Nifty Next 50 TRI,2023-10-26,49199.615477146064
Nifty Next 50 TRI,2023-10-27,50165.78270244351
Nifty Next 50 TRI,2023-10-30,50249.37460418206
Nifty Next 50 TRI,2023-10-31,50379.635363595655
Nifty Next 50 TRI,2023-11-01,50111.08912648442
Nifty Next 50 TRI,2023-11-02,50877.104784983865
Nifty Next 50 TRI,2023-11-03,51375.267829174394
Nifty Next 50 TRI,2023-11-06,51771.886211534744
Nifty Next 50 TRI,2023-11-07,52192.2399326558
Nifty Next 50 TRI,2023-11-08,52539.062900232835
Nifty Next 50 TRI,2023-11-09,52272.18016842322
Nifty Next 50 TRI,2023-11-10,52346.787384315234
Nifty Next 50 TRI,2023-11-13,52652.0381592786
Nifty Next 50 TRI,2023-11-15,53157.681376808636
Nifty Next 50 TRI,2023-11-16,53349.35079080496
Nifty Next 50 TRI,2023-11-17,53633.43851987811
Nifty Next 50 TRI,2023-11-20,53499.28854800075
Nifty Next 50 TRI,2023-11-21,53502.43880818799
Nifty Next 50 TRI,2023-11-22,53301.21589939127
Nifty Next 50 TRI,2023-11-23,53456.74119261988
Nifty Next 50 TRI,2023-11-24,53380.6889025299
Nifty Next 50 TRI,2023-11-28,54021.89502163423
Nifty Next 50 TRI,2023-11-29,54396.428075940246
Nifty Next 50 TRI,2023-11-30,55008.505175405364
Nifty Next 50 TRI,2023-12-01,55543.98285042943
Nifty Next 50 TRI,2023-12-04,56624.06495671016
Nifty Next 50 TRI,2023-12-05,57212.98799272866
Nifty Next 50 TRI,2023-12-06,57879.224823415534
Nifty Next 50 TRI,2023-12-07,58342.98774174825
Nifty Next 50 TRI,2023-12-08,57987.416283601415
Nifty Next 50 TRI,2023-12-11,58600.98417477263
Nifty Next 50 TRI,2023-12-12,58228.64965935952
Nifty Next 50 TRI,2023-12-13,58757.8845578771
Nifty Next 50 TRI,2023-12-14,59506.78101520935
Nifty Next 50 TRI,2023-12-15,59545.12469829115
Nifty Next 50 TRI,2023-12-18,59944.34513781058
Nifty Next 50 TRI,2023-12-19,60044.94007180652
Nifty Next 50 TRI,2023-12-20,58278.59749615475
Nifty Next 50 TRI,2023-12-21,59055.25806643433
Nifty Next 50 TRI,2023-12-22,59542.3058312627
Nifty Next 50 TRI,2023-12-26,60112.16003768781
Nifty Next 50 TRI,2023-12-27,60395.23947679191
Nifty Next 50 TRI,2023-12-28,60722.53818353533
Nifty Next 50 TRI,2023-12-29,61160.83591417021
Nifty Next 50 TRI,2024-01-02,61090.99301187664
Nifty Next 50 TRI,2024-01-03,61554.76904075204
Nifty Next 50 TRI,2024-01-04,62335.92452139684
Nifty Next 50 TRI,2024-01-05,62263.59718235432
Nifty Next 50 TRI,2024-01-08,61619.66474552586
Nifty Next 50 TRI,2024-01-09,61887.30377163862
Nifty Next 50 TRI,2024-01-10,62023.34840697918
Nifty Next 50 TRI,2024-01-11,62619.28060529064
Nifty Next 50 TRI,2024-01-12,62790.10572016532
Nifty Next 50 TRI,2024-01-15,63017.99925092593
Nifty Next 50 TRI,2024-01-16,62882.517079868456
Nifty Next 50 TRI,2024-01-17,62183.88188752364
Nifty Next 50 TRI,2024-01-18,61889.93553889161
Nifty Next 50 TRI,2024-01-19,62764.38222997746
Nifty Next 50 TRI,2024-01-23,61149.164751757475
Nifty Next 50 TRI,2024-01-24,62199.27403421398
Nifty Next 50 TRI,2024-01-25,62296.89058253725
Nifty Next 50 TRI,2024-01-29,63131.59254258784
Nifty Next 50 TRI,2024-01-30,62919.56469118042
Nifty Next 50 TRI,2024-01-31,63464.34740608238
Nifty Next 50 TRI,2024-02-01,63706.805370432456
Nifty Next 50 TRI,2024-02-02,64203.89717164021
Nifty Next 50 TRI,2024-02-05,63899.23819155657
Nifty Next 50 TRI,2024-02-06,64814.38622663485
Nifty Next 50 TRI,2024-02-07,65873.71244786363
Nifty Next 50 TRI,2024-02-08,66190.32989024161
Nifty Next 50 TRI,2024-02-09,65930.80572480398
Nifty Next 50 TRI,2024-02-12,64663.296879458045
Nifty Next 50 TRI,2024-02-13,65318.9061731596
Nifty Next 50 TRI,2024-02-14,66215.658399564
Nifty Next 50 TRI,2024-02-15,66807.22633392733
Nifty Next 50 TRI,2024-02-16,67268.79564863766
Nifty Next 50 TRI,2024-02-20,67414.94341320253
Nifty Next 50 TRI,2024-02-21,67049.5992697243
Nifty Next 50 TRI,2024-02-22,67755.00834412151
Nifty Next 50 TRI,2024-02-23,67934.75945066194
Nifty Next 50 TRI,2024-02-26,67992.31985944987
Nifty Next 50 TRI,2024-02-27,67939.33664799634
Nifty Next 50 TRI,2024-02-28,67064.57838481278
Nifty Next 50 TRI,2024-02-29,67760.43020362004
Nifty Next 50 TRI,2024-03-01,68354.49006098433
Nifty Next 50 TRI,2024-03-04,68863.1687370667
Nifty Next 50 TRI,2024-03-05,68907.91279240316
Nifty Next 50 TRI,2024-03-06,68708.63961370777
Nifty Next 50 TRI,2024-03-07,69305.58981991526
Nifty Next 50 TRI,2024-03-11,69299.24354364804
Nifty Next 50 TRI,2024-03-12,68228.15257339017
Nifty Next 50 TRI,2024-03-13,65670.41073081065
Nifty Next 50 TRI,2024-03-14,67247.43369871052
Nifty Next 50 TRI,2024-03-15,66719.22432757592
Nifty Next 50 TRI,2024-03-18,67142.63355607282
Nifty Next 50 TRI,2024-03-19,65973.15806134098
Nifty Next 50 TRI,2024-03-20,66180.57837669874
Nifty Next 50 TRI,2024-03-21,67719.1016774385
Nifty Next 50 TRI,2024-03-22,68032.156969601
Nifty Next 50 TRI,2024-03-26,68744.52135876303
Nifty Next 50 TRI,2024-03-27,68873.2631866265
Nifty Next 50 TRI,2024-03-28,69694.54281214176
Nifty Next 50 TRI,2024-04-01,70864.48830172246
Nifty Next 50 TRI,2024-04-02,71578.9033773831
Nifty Next 50 TRI,2024-04-03,71776.11260058885
Nifty Next 50 TRI,2024-04-04,71473.7799571129
Nifty Next 50 TRI,2024-04-05,72093.58658670977
Nifty Next 50 TRI,2024-04-08,72442.18775823229
Nifty Next 50 TRI,2024-04-09,72214.86873992368
Nifty Next 50 TRI,2024-04-10,72828.17272810335
Nifty Next 50 TRI,2024-04-12,72536.26460507099
Nifty Next 50 TRI,2024-04-15,71323.87621074267
Nifty Next 50 TRI,2024-04-16,71382.78007192706
Nifty Next 50 TRI,2024-04-18,71308.48736760532
Nifty Next 50 TRI,2024-04-19,71194.08966953239
Nifty Next 50 TRI,2024-04-22,72115.97773057497
Nifty Next 50 TRI,2024-04-23,72250.33402193716
Nifty Next 50 TRI,2024-04-24,72803.4334060231
Nifty Next 50 TRI,2024-04-25,73296.96948793669
Nifty Next 50 TRI,2024-04-26,73794.04533813329
Nifty Next 50 TRI,2024-04-29,74207.45468807047
Nifty Next 50 TRI,2024-04-30,74684.30365443182
Nifty Next 50 TRI,2024-05-02,75964.29054180373
Nifty Next 50 TRI,2024-05-03,75692.25794923352
Nifty Next 50 TRI,2024-05-06,74740.19503043404
Nifty Next 50 TRI,2024-05-07,73591.38760716586
Nifty Next 50 TRI,2024-05-08,74568.39446571609
Nifty Next 50 TRI,2024-05-09,72990.05025962152
Nifty Next 50 TRI,2024-05-10,73594.3718662433
Nifty Next 50 TRI,2024-05-13,74084.71795510617
Nifty Next 50 TRI,2024-05-14,75181.07194951295
Nifty Next 50 TRI,2024-05-15,75573.49120582844
Nifty Next 50 TRI,2024-05-16,76354.61090390354
Nifty Next 50 TRI,2024-05-17,77260.51748557291
Nifty Next 50 TRI,2024-05-21,78578.65951604118
Nifty Next 50 TRI,2024-05-22,78680.61869199191
Nifty Next 50 TRI,2024-05-23,79249.01313896972
Nifty Next 50 TRI,2024-05-24,79497.19482835724
Nifty Next 50 TRI,2024-05-27,79623.01564267537
Nifty Next 50 TRI,2024-05-28,78945.08711677777
Nifty Next 50 TRI,2024-05-29,78400.25310281037
Nifty Next 50 TRI,2024-05-30,77582.18830531654
Nifty Next 50 TRI,2024-05-31,77779.68254189719
Nifty Next 50 TRI,2024-06-03,81349.11161489274
Nifty Next 50 TRI,2024-06-04,73750.8136173535
Nifty Next 50 TRI,2024-06-05,76993.8649934859
Nifty Next 50 TRI,2024-06-06,78596.39938885902
Nifty Next 50 TRI,2024-06-07,79748.27672256097
Nifty Next 50 TRI,2024-06-10,80357.27799398707
Nifty Next 50 TRI,2024-06-11,80283.75674793533
Nifty Next 50 TRI,2024-06-12,80889.29285262436
Nifty Next 50 TRI,2024-06-13,81629.62654736276
Nifty Next 50 TRI,2024-06-14,82841.53046285143
Nifty Next 50 TRI,2024-06-18,83374.1511067637
Nifty Next 50 TRI,2024-06-19,82444.29570345861
Nifty Next 50 TRI,2024-06-20,82556.82980985528
Nifty Next 50 TRI,2024-06-21,81959.5112153688
Nifty Next 50 TRI,2024-06-24,82578.30185694124
Nifty Next 50 TRI,2024-06-25,82256.41218931212
Nifty Next 50 TRI,2024-06-26,82114.7232835783
Nifty Next 50 TRI,2024-06-27,82238.0506266238
Nifty Next 50 TRI,2024-06-28,82451.24856936569
Nifty Next 50 TRI,2024-07-01,83235.47114881684
Nifty Next 50 TRI,2024-07-02,82788.61200090415
Nifty Next 50 TRI,2024-07-03,83687.46316733763
Nifty Next 50 TRI,2024-07-04,84085.78882661152
Nifty Next 50 TRI,2024-07-05,84662.85759785291
Nifty Next 50 TRI,2024-07-08,84765.31045321102
Nifty Next 50 TRI,2024-07-09,85176.99809746588
Nifty Next 50 TRI,2024-07-10,85218.64104893069
Nifty Next 50 TRI,2024-07-11,85407.6752749104
Nifty Next 50 TRI,2024-07-12,85032.99712328886
Nifty Next 50 TRI,2024-07-15,85773.31856842096
Nifty Next 50 TRI,2024-07-16,85261.8732729777
Nifty Next 50 TRI,2024-07-18,84333.58378453417
Nifty Next 50 TRI,2024-07-19,82306.50628558348
Nifty Next 50 TRI,2024-07-22,83367.09889547114
Nifty Next 50 TRI,2024-07-23,82638.47043348396
Nifty Next 50 TRI,2024-07-24,82886.0404660128
Nifty Next 50 TRI,2024-07-25,83310.32450322052
Nifty Next 50 TRI,2024-07-26,84686.2460631759
Nifty Next 50 TRI,2024-07-29,85718.07536384586
Nifty Next 50 TRI,2024-07-30,85637.04878491953
Nifty Next 50 TRI,2024-07-31,86299.94807207555
Nifty Next 50 TRI,2024-08-01,85733.10742735352
Nifty Next 50 TRI,2024-08-02,84620.33887690029
Nifty Next 50 TRI,2024-08-05,81868.20360853203
Nifty Next 50 TRI,2024-08-06,81115.33845130232
Nifty Next 50 TRI,2024-08-07,83563.21589183506
Nifty Next 50 TRI,2024-08-08,82901.64647690768
Nifty Next 50 TRI,2024-08-09,83934.8093631828
Nifty Next 50 TRI,2024-08-12,83613.82447713694
Nifty Next 50 TRI,2024-08-13,82664.60036023562
Nifty Next 50 TRI,2024-08-14,82704.71193575757
Nifty Next 50 TRI,2024-08-16,84211.4185071701
Nifty Next 50 TRI,2024-08-19,84712.62410273928
Nifty Next 50 TRI,2024-08-20,85408.56345604474
Nifty Next 50 TRI,2024-08-21,85650.36919195962
Nifty Next 50 TRI,2024-08-22,86209.32226135337
Nifty Next 50 TRI,2024-08-23,85915.42971987817
Nifty Next 50 TRI,2024-08-26,86344.88679405935
Nifty Next 50 TRI,2024-08-27,86440.0422539521
Nifty Next 50 TRI,2024-08-28,86712.40743492775
Nifty Next 50 TRI,2024-08-29,86500.01646356938
Nifty Next 50 TRI,2024-08-30,86945.4185499514
Nifty Next 50 TRI,2024-09-02,87017.91521712144
Nifty Next 50 TRI,2024-09-03,87110.44809733627
Nifty Next 50 TRI,2024-09-04,87155.67999351643
Nifty Next 50 TRI,2024-09-05,87199.19078928947
Nifty Next 50 TRI,2024-09-06,86018.92613496247
Nifty Next 50 TRI,2024-09-09,86154.77779717142
Nifty Next 50 TRI,2024-09-10,86347.64712108397
Nifty Next 50 TRI,2024-09-11,85908.47258413234
Nifty Next 50 TRI,2024-09-12,87171.71901788603
Nifty Next 50 TRI,2024-09-13,87152.60218057629
Nifty Next 50 TRI,2024-09-16,87202.90022339733
Nifty Next 50 TRI,2024-09-17,86969.66420338601
Nifty Next 50 TRI,2024-09-18,86597.78475790098
Nifty Next 50 TRI,2024-09-19,86003.36508530618
Nifty Next 50 TRI,2024-09-20,87233.63620796546
Nifty Next 50 TRI,2024-09-23,88658.07217858516
Nifty Next 50 TRI,2024-09-24,88772.03038709363
Nifty Next 50 TRI,2024-09-25,88443.65187982841
Nifty Next 50 TRI,2024-09-26,89104.6480502341
Nifty Next 50 TRI,2024-09-27,89946.86713184042
Nifty Next 50 TRI,2024-09-30,89124.79819174149
Nifty Next 50 TRI,2024-10-01,89346.31735598453
Nifty Next 50 TRI,2024-10-03,87228.81549322417
Nifty Next 50 TRI,2024-10-04,86274.06117809107
Nifty Next 50 TRI,2024-10-07,84274.56793789683
Nifty Next 50 TRI,2024-10-08,86257.85708663738
Nifty Next 50 TRI,2024-10-09,87197.66082963618
Nifty Next 50 TRI,2024-10-10,87050.29518929492
Nifty Next 50 TRI,2024-10-11,87168.95083986809
Nifty Next 50 TRI,2024-10-14,87492.80326017448
Nifty Next 50 TRI,2024-10-15,87736.15918141053
Nifty Next 50 TRI,2024-10-16,87551.76278196328
Nifty Next 50 TRI,2024-10-17,85598.5952250276
Nifty Next 50 TRI,2024-10-18,85926.06304541917
Nifty Next 50 TRI,2024-10-21,84773.83947567795
Nifty Next 50 TRI,2024-10-22,82316.21184550851
Nifty Next 50 TRI,2024-10-23,82001.76841565961
Nifty Next 50 TRI,2024-10-24,81936.60202995407
Nifty Next 50 TRI,2024-10-25,80655.18382446906
Nifty Next 50 TRI,2024-10-28,81025.78570460292
Nifty Next 50 TRI,2024-10-29,81615.76345259073
Nifty Next 50 TRI,2024-10-30,81305.79761641969
Nifty Next 50 TRI,2024-10-31,80895.60557917974
Nifty Next 50 TRI,2024-11-01,81463.87247595518
Nifty Next 50 TRI,2024-11-04,80334.19572740438
Nifty Next 50 TRI,2024-11-05,80775.44748290154
Nifty Next 50 TRI,2024-11-06,82620.71539485516
Nifty Next 50 TRI,2024-11-07,81755.29293271071
Nifty Next 50 TRI,2024-11-08,80755.79668763156
Nifty Next 50 TRI,2024-11-11,80994.02721780402
Nifty Next 50 TRI,2024-11-12,79231.3974538534
Nifty Next 50 TRI,2024-11-13,77674.02057132403
Nifty Next 50 TRI,2024-11-14,78031.95503549612
Nifty Next 50 TRI,2024-11-18,78114.6487009988
Nifty Next 50 TRI,2024-11-19,78468.37130455294
Nifty Next 50 TRI,2024-11-21,77303.60101168514
Nifty Next 50 TRI,2024-11-22,78754.87691838668
Nifty Next 50 TRI,2024-11-25,80297.25951107168
Nifty Next 50 TRI,2024-11-26,80507.58199437306
Nifty Next 50 TRI,2024-11-27,81277.95006773307
Nifty Next 50 TRI,2024-11-28,81360.12022945391
Nifty Next 50 TRI,2024-11-29,81909.88449612992
Nifty Next 50 TRI,2024-12-02,82423.96609620399
Nifty Next 50 TRI,2024-12-03,83267.78919397599
Nifty Next 50 TRI,2024-12-04,83680.43529681089
Nifty Next 50 TRI,2024-12-05,83963.48235503421
Nifty Next 50 TRI,2024-12-06,84606.97682558792
Nifty Next 50 TRI,2024-12-09,84229.62604626249
Nifty Next 50 TRI,2024-12-10,84682.05321110578
Nifty Next 50 TRI,2024-12-11,84911.30894696907
Nifty Next 50 TRI,2024-12-12,84671.07818291131
Nifty Next 50 TRI,2024-12-13,84538.46522391158
Nifty Next 50 TRI,2024-12-16,84765.80854936238
Nifty Next 50 TRI,2024-12-17,83647.14851151675
Nifty Next 50 TRI,2024-12-18,82562.72293690617
Nifty Next 50 TRI,2024-12-19,81841.75457014913
Nifty Next 50 TRI,2024-12-20,79615.68462331401
Nifty Next 50 TRI,2024-12-23,79838.75643192261
Nifty Next 50 TRI,2024-12-24,79804.4043989026
Nifty Next 50 TRI,2024-12-26,80166.87062331598
Nifty Next 50 TRI,2024-12-27,79463.73164687355
Nifty Next 50 TRI,2024-12-30,78898.98324350349
Nifty Next 50 TRI,2024-12-31,78813.88826136947
Nifty Next 50 TRI,2025-01-02,80111.51428640331
Nifty Next 50 TRI,2025-01-03,80216.9221437725
Nifty Next 50 TRI,2025-01-06,77678.41039797109
Nifty Next 50 TRI,2025-01-07,77613.60558301098
Nifty Next 50 TRI,2025-01-08,76994.0918443275
Nifty Next 50 TRI,2025-01-09,76016.12564575377
Nifty Next 50 TRI,2025-01-10,74510.83905040528
Nifty Next 50 TRI,2025-01-13,71298.7899387465
Nifty Next 50 TRI,2025-01-14,73159.42374589569
Nifty Next 50 TRI,2025-01-15,73805.79576343753
Nifty Next 50 TRI,2025-01-16,74880.74589054068
Nifty Next 50 TRI,2025-01-17,75450.25693258437
Nifty Next 50 TRI,2025-01-20,75517.98710057094
Nifty Next 50 TRI,2025-01-21,73548.32432578069
Nifty Next 50 TRI,2025-01-22,72923.49805454168
Nifty Next 50 TRI,2025-01-23,73661.31045695322
Nifty Next 50 TRI,2025-01-24,72496.78649356395
Nifty Next 50 TRI,2025-01-27,70457.81374043654
Nifty Next 50 TRI,2025-01-28,70670.15579301216
Nifty Next 50 TRI,2025-01-29,72099.41435990148
Nifty Next 50 TRI,2025-01-30,72160.74759905388
Nifty Next 50 TRI,2025-01-31,73246.86785751196
Nifty Next 50 TRI,2025-02-03,72681.19214738556
Nifty Next 50 TRI,2025-02-04,73802.21220664599
Nifty Next 50 TRI,2025-02-05,74285.38153442039
Nifty Next 50 TRI,2025-02-06,73735.08510701654
Nifty Next 50 TRI,2025-02-07,73755.28211840421
Nifty Next 50 TRI,2025-02-10,72413.35142316794
Nifty Next 50 TRI,2025-02-11,70601.94920799558
Nifty Next 50 TRI,2025-02-12,70602.55406062439
Nifty Next 50 TRI,2025-02-13,70745.41032784096
Nifty Next 50 TRI,2025-02-14,69134.26268621272
Nifty Next 50 TRI,2025-02-17,69011.15328287966
Nifty Next 50 TRI,2025-02-18,69016.52625712639
Nifty Next 50 TRI,2025-02-19,69839.39480042334
Nifty Next 50 TRI,2025-02-20,70866.30363515043
Nifty Next 50 TRI,2025-02-21,70203.96601502478
Nifty Next 50 TRI,2025-02-24,69380.99097975578
Nifty Next 50 TRI,2025-02-25,68872.03533701005
Nifty Next 50 TRI,2025-02-27,68242.93503626728
Nifty Next 50 TRI,2025-02-28,66265.99120321962
Nifty Next 50 TRI,2025-03-03,66949.90204057308
Nifty Next 50 TRI,2025-03-04,67323.619394762
Nifty Next 50 TRI,2025-03-05,69038.53964704432
Nifty Next 50 TRI,2025-03-06,69821.94238124424
Nifty Next 50 TRI,2025-03-07,69519.94681795915
Nifty Next 50 TRI,2025-03-10,68503.32443991616
Nifty Next 50 TRI,2025-03-11,68856.31538727891
Nifty Next 50 TRI,2025-03-12,68862.38473454102
Nifty Next 50 TRI,2025-03-13,68514.24503939349
Nifty Next 50 TRI,2025-03-17,69022.63830375193
Nifty Next 50 TRI,2025-03-18,70842.84780308977
Nifty Next 50 TRI,2025-03-19,71986.05159278757
Nifty Next 50 TRI,2025-03-20,72401.75650186116
Nifty Next 50 TRI,2025-03-21,73038.9621283912
Nifty Next 50 TRI,2025-03-24,73954.93233547354
Nifty Next 50 TRI,2025-03-25,72870.94897068405
Nifty Next 50 TRI,2025-03-26,72590.780566566
Nifty Next 50 TRI,2025-03-27,73733.96059169037
Nifty Next 50 TRI,2025-03-28,73272.02233947876
Nifty Next 50 TRI,2025-04-01,72500.72403094474
Nifty Next 50 TRI,2025-04-02,73334.02953697232
Nifty Next 50 TRI,2025-04-03,73356.21946729356
Nifty Next 50 TRI,2025-04-04,71457.03847464688
Nifty Next 50 TRI,2025-04-07,69228.36265796714
Nifty Next 50 TRI,2025-04-08,70696.92643324514
Nifty Next 50 TRI,2025-04-09,70532.84137285007
Nifty Next 50 TRI,2025-04-11,71477.66307397345
Nifty Next 50 TRI,2025-04-15,73696.56712910939
Nifty Next 50 TRI,2025-04-16,74192.140197508
Nifty Next 50 TRI,2025-04-17,74725.82941620356
Nifty Next 50 TRI,2025-04-21,76073.08668628238
Nifty Next 50 TRI,2025-04-22,76240.76024322462
Nifty Next 50 TRI,2025-04-23,76767.9181925731
Nifty Next 50 TRI,2025-04-24,76655.23429526492
Nifty Next 50 TRI,2025-04-25,74812.7717659177
Nifty Next 50 TRI,2025-04-28,75667.03990174868
Nifty Next 50 TRI,2025-04-29,75493.5245052102
Nifty Next 50 TRI,2025-04-30,75049.621674052
Nifty Next 50 TRI,2025-05-02,74962.08526987869
Nifty Next 50 TRI,2025-05-05,76105.75191976265
Nifty Next 50 TRI,2025-05-06,74267.25584020998
Nifty Next 50 TRI,2025-05-07,74629.62823665478
Nifty Next 50 TRI,2025-05-08,73032.79565721778
Nifty Next 50 TRI,2025-05-09,72763.54686625731
Nifty Next 50 TRI,2025-05-12,75739.62763375316
Nifty Next 50 TRI,2025-05-13,75727.05708369633
Nifty Next 50 TRI,2025-05-14,76282.11313499152
Nifty Next 50 TRI,2025-05-15,77082.61284277204
Nifty Next 50 TRI,2025-05-16,78077.08675729965
Nifty Next 50 TRI,2025-05-19,78464.56934527353
Nifty Next 50 TRI,2025-05-20,77023.09305531588
Nifty Next 50 TRI,2025-05-21,77925.9746971464
Nifty Next 50 TRI,2025-05-22,77669.6271673381
Nifty Next 50 TRI,2025-05-23,78113.1861544549
Nifty Next 50 TRI,2025-05-26,78442.01794831868
Nifty Next 50 TRI,2025-05-27,78232.98489516537
Nifty Next 50 TRI,2025-05-28,78008.80235548435
Nifty Next 50 TRI,2025-05-29,78124.77817372749
Nifty Next 50 TRI,2025-05-30,77739.93982780018
Nifty Next 50 TRI,2025-06-02,78071.2529376418
Nifty Next 50 TRI,2025-06-03,77645.02380506138
Nifty Next 50 TRI,2025-06-04,77874.22301376455
Nifty Next 50 TRI,2025-06-05,78203.24140028346
Nifty Next 50 TRI,2025-06-06,79190.62066852521
Nifty Next 50 TRI,2025-06-09,80188.56780907947
Nifty Next 50 TRI,2025-06-10,80283.04581318072
Nifty Next 50 TRI,2025-06-11,80109.91081206214
Nifty Next 50 TRI,2025-06-12,78673.2496106744
Nifty Next 50 TRI,2025-06-13,78026.20962422361
Nifty Next 50 TRI,2025-06-16,78607.70373740795
Nifty Next 50 TRI,2025-06-17,78055.83789696511
Nifty Next 50 TRI,2025-06-18,77816.12444311798
Nifty Next 50 TRI,2025-06-19,76722.57359084181
Nifty Next 50 TRI,2025-06-20,77755.93658110203
Nifty Next 50 TRI,2025-06-23,77818.22006193915
Nifty Next 50 TRI,2025-06-24,78483.44414163922
Nifty Next 50 TRI,2025-06-25,78858.76261650345
Nifty Next 50 TRI,2025-06-26,79590.36634682579
Nifty Next 50 TRI,2025-06-27,80079.02309625183
Nifty Next 50 TRI,2025-06-30,80419.33232543452
Nifty Next 50 TRI,2025-07-01,80342.48280257965
Nifty Next 50 TRI,2025-07-02,80111.29617764498
Nifty Next 50 TRI,2025-07-03,79677.81283305559
Nifty Next 50 TRI,2025-07-04,79973.88385269104
Nifty Next 50 TRI,2025-07-07,80118.63142384078
Nifty Next 50 TRI,2025-07-08,80113.16196806375
Nifty Next 50 TRI,2025-07-09,80067.88042487252
Nifty Next 50 TRI,2025-07-10,79889.92292973971
Nifty Next 50 TRI,2025-07-11,79241.84623440546
Nifty Next 50 TRI,2025-07-14,79622.2106788548
Nifty Next 50 TRI,2025-07-15,80139.8719714231
Nifty Next 50 TRI,2025-07-16,80309.02273633055
Nifty Next 50 TRI,2025-07-17,80125.90553330186
Nifty Next 50 TRI,2025-07-18,79561.19813743672
Nifty Next 50 TRI,2025-07-21,79892.56812130196
Nifty Next 50 TRI,2025-07-22,79604.26176761971
Nifty Next 50 TRI,2025-07-23,79733.89465213774
Nifty Next 50 TRI,2025-07-24,79554.67603117735
Nifty Next 50 TRI,2025-07-25,78319.91749049853
Nifty Next 50 TRI,2025-07-28,77886.30773472325
Nifty Next 50 TRI,2025-07-29,78600.58590002703
Nifty Next 50 TRI,2025-07-30,78668.20461537925
Nifty Next 50 TRI,2025-07-31,78275.07991158203
Nifty Next 50 TRI,2025-08-01,77223.53333604237
Nifty Next 50 TRI,2025-08-04,78076.02029320128
Nifty Next 50 TRI,2025-08-05,77896.97842588765
Nifty Next 50 TRI,2025-08-06,77221.74454588587
Nifty Next 50 TRI,2025-08-07,77406.96208073726
Nifty Next 50 TRI,2025-08-08,76448.4604772457
Nifty Next 50 TRI,2025-08-11,77353.04562703046
Nifty Next 50 TRI,2025-08-12,77285.27691162474
Nifty Next 50 TRI,2025-08-13,77752.49394179869
Nifty Next 50 TRI,2025-08-14,77625.6850305881
Nifty Next 50 TRI,2025-08-18,78671.49464753183
Nifty Next 50 TRI,2025-08-19,79266.65333585054
Nifty Next 50 TRI,2025-08-20,79568.84375645447
Nifty Next 50 TRI,2025-08-21,79347.50725455805
Nifty Next 50 TRI,2025-08-22,78844.9374978792
Nifty Next 50 TRI,2025-08-25,79051.9542114023
Nifty Next 50 TRI,2025-08-26,77990.71175814356
Nifty Next 50 TRI,2025-08-28,76991.19308663678
Nifty Next 50 TRI,2025-08-29,76766.34147853592
Nifty Next 50 TRI,2025-09-01,77852.68684247366
Nifty Next 50 TRI,2025-09-02,78260.93540778589
Nifty Next 50 TRI,2025-09-03,78783.29687387162
Nifty Next 50 TRI,2025-09-04,78421.87625221055
Nifty Next 50 TRI,2025-09-05,78352.10924862437
Nifty Next 50 TRI,2025-09-08,78681.80281908992
Nifty Next 50 TRI,2025-09-09,78794.77364278096
Nifty Next 50 TRI,2025-09-10,79139.42541831048
Nifty Next 50 TRI,2025-09-11,79399.83181123242
Nifty Next 50 TRI,2025-09-12,79658.37379908309
Nifty Next 50 TRI,2025-09-15,80143.50689611922
Nifty Next 50 TRI,2025-09-16,80610.40702792328
Nifty Next 50 TRI,2025-09-17,80783.80243051048
Nifty Next 50 TRI,2025-09-18,81004.92688361183
Nifty Next 50 TRI,2025-09-19,81477.38949548961
Nifty Next 50 TRI,2025-09-22,81748.42789416054
Nifty Next 50 TRI,2025-09-23,81378.2439366892
Nifty Next 50 TRI,2025-09-24,80404.72725934636
Nifty Next 50 TRI,2025-09-25,79805.84289667949
Nifty Next 50 TRI,2025-09-26,78465.86329141218
Nifty Next 50 TRI,2025-09-29,79279.49694188446
Nifty Next 50 TRI,2025-09-30,79293.6137762792
Nifty Next 50 TRI,2025-10-01,79579.00683122923
Nifty Next 50 TRI,2025-10-03,79897.72875088737
Nifty Next 50 TRI,2025-10-06,80178.85456732076
Nifty Next 50 TRI,2025-10-07,80275.88943670383
Nifty Next 50 TRI,2025-10-08,79657.24981784477
Nifty Next 50 TRI,2025-10-09,80104.22528319492
Nifty Next 50 TRI,2025-10-10,80301.86332063506
Nifty Next 50 TRI,2025-10-13,80171.57957528542
Nifty Next 50 TRI,2025-10-14,79750.95560941957
Nifty Next 50 TRI,2025-10-15,80812.34603042426
Nifty Next 50 TRI,2025-10-16,81211.92806062105
Nifty Next 50 TRI,2025-10-17,81100.75192826116
Nifty Next 50 TRI,2025-10-20,81218.32371355017
Nifty Next 50 TRI,2025-10-21,81301.79766371068
Nifty Next 50 TRI,2025-10-23,81206.90918493686
Nifty Next 50 TRI,2025-10-24,81117.58396532241
Nifty Next 50 TRI,2025-10-27,81424.67010347769
Nifty Next 50 TRI,2025-10-28,81013.08127516559
Nifty Next 50 TRI,2025-10-29,82162.10989518923
Nifty Next 50 TRI,2025-10-30,81982.19253889471
Nifty Next 50 TRI,2025-10-31,81683.06964689103
Nifty Next 50 TRI,2025-11-03,82460.86662305499
Nifty Next 50 TRI,2025-11-04,82095.38098482281
Nifty Next 50 TRI,2025-11-06,81083.24169292164
Nifty Next 50 TRI,2025-11-07,81163.59915448373
Nifty Next 50 TRI,2025-11-10,81478.71388309829
Nifty Next 50 TRI,2025-11-11,81593.37617651347
Nifty Next 50 TRI,2025-11-12,81692.77715643689
Nifty Next 50 TRI,2025-11-13,81746.36003246611
Nifty Next 50 TRI,2025-11-14,81672.9754257494
Nifty Next 50 TRI,2025-11-17,82110.15332904988
Nifty Next 50 TRI,2025-11-18,81514.97370503936
Nifty Next 50 TRI,2025-11-19,81508.46280887141
Nifty Next 50 TRI,2025-11-20,81431.18920898737
Nifty Next 50 TRI,2025-11-21,80381.75601798217
Nifty Next 50 TRI,2025-11-24,79602.64489921597
Nifty Next 50 TRI,2025-11-25,79809.90274452989
Nifty Next 50 TRI,2025-11-26,81002.87292137078
Nifty Next 50 TRI,2025-11-27,80865.27248986567
Nifty Next 50 TRI,2025-11-28,80946.90729461548
Nifty Next 50 TRI,2025-12-01,81051.54104137364
Nifty Next 50 TRI,2025-12-02,80976.51211373915
Nifty Next 50 TRI,2025-12-03,80096.48022514845
Nifty Next 50 TRI,2025-12-04,80286.17873138923
Nifty Next 50 TRI,2025-12-05,80463.13498976949
Nifty Next 50 TRI,2025-12-08,78822.12875749066
Nifty Next 50 TRI,2025-12-09,79295.2559827037
Nifty Next 50 TRI,2025-12-10,79142.96437036392
Nifty Next 50 TRI,2025-12-11,79575.30891439486
Nifty Next 50 TRI,2025-12-12,80245.57261352299
Nifty Next 50 TRI,2025-12-15,80384.85966645322
Nifty Next 50 TRI,2025-12-16,80053.1133717293
Nifty Next 50 TRI,2025-12-17,79750.51509659473
Nifty Next 50 TRI,2025-12-18,79464.00692373527
Nifty Next 50 TRI,2025-12-19,80108.86209798016
Nifty Next 50 TRI,2025-12-22,80659.8267349524
Nifty Next 50 TRI,2025-12-23,80959.32058756352
Nifty Next 50 TRI,2025-12-24,80798.82103892755
Nifty Next 50 TRI,2025-12-26,80808.11049777344
Nifty Next 50 TRI,2025-12-29,80437.67256011913
Nifty Next 50 TRI,2025-12-30,80474.06794395071
Nifty Next 50 TRI,2025-12-31,81293.04777484664
Nifty Next 50 TRI,2026-01-02,82531.36997953421
Nifty Next 50 TRI,2026-01-05,82534.68372650283
Nifty Next 50 TRI,2026-01-06,82758.34980737833
Nifty Next 50 TRI,2026-01-07,82864.56962637645
Nifty Next 50 TRI,2026-01-08,81115.12412001175
Nifty Next 50 TRI,2026-01-09,80292.38411236949
Nifty Next 50 TRI,2026-01-12,80542.1007905594
Nifty Next 50 TRI,2026-01-13,80336.93894958017
Nifty Next 50 TRI,2026-01-14,80649.9282124252
Nifty Next 50 TRI,2026-01-16,80738.00928750989
Nifty Next 50 TRI,2026-01-19,80552.95205261996
Nifty Next 50 TRI,2026-01-20,78699.02609933222
Nifty Next 50 TRI,2026-01-21,78412.37531481584
Nifty Next 50 TRI,2026-01-22,79268.88294668375
Nifty Next 50 TRI,2026-01-23,77708.82547967376
Nifty Next 50 TRI,2026-01-27,78229.5280586279
Nifty Next 50 TRI,2026-01-28,80001.97543870957
Nifty Next 50 TRI,2026-01-29,80243.78026511575
Nifty Next 50 TRI,2026-01-30,79577.68000189793
Nifty Next 50 TRI,2026-02-02,78685.45407229442
Nifty Next 50 TRI,2026-02-03,80771.57779278613
Nifty Next 50 TRI,2026-02-04,81300.9372757385
Nifty Next 50 TRI,2026-02-05,80918.37771199724
Nifty Next 50 TRI,2026-02-06,81024.04904435377
Nifty Next 50 TRI,2026-02-09,81818.60880813
Nifty Next 50 TRI,2026-02-10,81938.69373728943
Nifty Next 50 TRI,2026-02-11,82395.20676728297
Nifty Next 50 TRI,2026-02-12,82045.1082995649
Nifty Next 50 TRI,2026-02-13,80769.19578537022
Nifty Next 50 TRI,2026-02-16,81562.77912241145
Nifty Next 50 TRI,2026-02-17,82001.82185605179
Nifty Next 50 TRI,2026-02-18,82550.75006839933
Nifty Next 50 TRI,2026-02-19,81020.80479935503
Nifty Next 50 TRI,2026-02-20,81521.9606375708
Nifty Next 50 TRI,2026-02-23,81845.58808495612
Nifty Next 50 TRI,2026-02-24,81913.01682562569
Nifty Next 50 TRI,2026-02-25,82644.2464012079
Nifty Next 50 TRI,2026-02-26,82915.85478703209
Nifty Next 50 TRI,2026-02-27,81841.06785196983
Nifty Next 50 TRI,2026-03-02,80603.10171676446
Nifty Next 50 TRI,2026-03-04,78434.69256336855
Nifty Next 50 TRI,2026-03-05,79520.61554730796
Nifty Next 50 TRI,2026-03-06,79234.65406008698
Nifty Next 50 TRI,2026-03-09,77590.62605262843
Nifty Next 50 TRI,2026-03-10,78952.08135378316
Nifty Next 50 TRI,2026-03-11,78097.9297069498
Nifty Next 50 TRI,2026-03-12,78013.23930737401
Nifty Next 50 TRI,2026-03-13,75980.05420883799
Nifty Next 50 TRI,2026-03-16,75717.7229250262
Nifty Next 50 TRI,2026-03-17,76376.96786685173
Nifty Next 50 TRI,2026-03-18,77139.15101721225
Nifty Next 50 TRI,2026-03-19,74680.79682807637
Nifty Next 50 TRI,2026-03-20,75021.9477596249
Nifty Next 50 TRI,2026-03-23,72153.35607731075
Nifty Next 50 TRI,2026-03-24,73266.72553644353
Nifty Next 50 TRI,2026-03-25,74749.20627460006
Nifty Next 50 TRI,2026-03-27,72900.07496580949
Nifty Next 50 TRI,2026-03-30,70916.89213205033
Nifty Next 50 TRI,2026-04-01,72757.86799289733
Nifty Next 50 TRI,2026-04-02,72812.75695278289
Nifty Next 50 TRI,2026-04-06,73880.87435628963
Nifty Next 50 TRI,2026-04-07,74226.4172986705
Nifty Next 50 TRI,2026-04-08,77748.11987226213
Nifty Next 50 TRI,2026-04-09,77895.44213130107
Nifty Next 50 TRI,2026-04-10,79511.2472745887
Nifty Next 50 TRI,2026-04-13,78909.49151048095
Nifty Next 50 TRI,2026-04-15,80614.28822369585
Nifty Next 50 TRI,2026-04-16,81476.43041108873
Nifty Next 50 TRI,2026-04-17,82623.0867950981
Nifty Next 50 TRI,2026-04-20,82709.53119229495
Nifty Next 50 TRI,2026-04-21,83280.48750573475
Nifty Next 50 TRI,2026-04-22,83896.51151770978
Nifty Next 50 TRI,2026-04-23,82798.51689680431
Nifty Next 50 TRI,2026-04-24,82181.96413265128
Nifty Next 50 TRI,2026-04-27,83265.10685377607
Nifty Next 50 TRI,2026-04-28,82996.5698438828
Nifty Next 50 TRI,2026-04-29,82944.4749036808
Nifty Next 50 TRI,2026-04-30,81914.38483273271
Nifty Next 50 TRI,2026-05-04,82676.99538337703
Nifty Next 50 TRI,2026-05-05,83083.48884311083
Nifty Next 50 TRI,2026-05-06,84337.85118508385
Nifty Next 50 TRI,2026-05-07,84530.3073160259
Nifty Next 50 TRI,2026-05-08,84112.48984746989
Nifty Next 50 TRI,2026-05-11,82710.80361763906
Nifty Next 50 TRI,2026-05-12,80699.73972977385
Nifty Next 50 TRI,2026-05-13,81384.43749894637
Nifty Next 50 TRI,2026-05-14,82297.50773094516
Nifty Next 50 TRI,2026-05-15,81523.28401420933
Nifty Next 50 TRI,2026-05-18,80751.25847666925
Nifty Next 50 TRI,2026-05-19,81194.2359900771
Nifty Next 50 TRI,2026-05-20,81631.17160905077
Nifty Next 50 TRI,2026-05-21,81803.15879693371
Nifty Next 50 TRI,2026-05-22,82132.15221284064
Nifty Next 50 TRI,2026-05-25,83355.21602952752
Nifty Next 50 TRI,2026-05-26,83509.85357328653
Nifty Next 50 TRI,2026-05-27,84703.74066742075
Nifty Next 50 TRI,2026-05-29,83668.68455479758
Nifty Next 50 TRI,2026-06-01,82320.17315238863
Nifty Next 50 TRI,2026-06-02,82550.9807579728
Nifty Next 50 TRI,2026-06-03,82248.04091274082
Nifty Next 50 TRI,2026-06-04,82432.48062344042
Nifty Next 50 TRI,2026-06-05,82648.06955122149
Nifty Next 50 TRI,2026-06-08,81222.9256472912
Nifty Next 50 TRI,2026-06-09,82368.16307138803
Nifty Next 50 TRI,2026-06-10,81438.94669926823
Nifty Next 50 TRI,2026-06-11,80527.56964515138
Nifty Next 50 TRI,2026-06-12,82447.8186878991
Nifty Next 50 TRI,2026-06-15,84431.64886602474
Nifty Next 50 TRI,2026-06-16,84567.74367884273
Nifty Next 50 TRI,2026-06-17,85111.92718403549
Nifty Next 50 TRI,2026-06-18,85511.96807838509
Nifty Next 50 TRI,2026-06-19,85232.63999142204
Nifty Next 50 TRI,2026-06-22,86084.44166930567
Nifty Next 50 TRI,2026-06-23,84903.68103066471
Nifty Next 50 TRI,2026-06-24,84896.50453995333
Nifty Next 50 TRI,2026-06-25,85062.86733779983
Nifty Next 50 TRI,2026-06-30,84403.84305843597
