index_name,date,tri
Nifty Bank TRI,2011-06-30,11244.650390625
Nifty Bank TRI,2011-07-01,11255.1843361207
Nifty Bank TRI,2011-07-04,11380.545343447437
Nifty Bank TRI,2011-07-05,11407.03369423835
Nifty Bank TRI,2011-07-06,11284.158623235913
Nifty Bank TRI,2011-07-07,11427.409642656254
Nifty Bank TRI,2011-07-08,11286.629114816082
Nifty Bank TRI,2011-07-11,11137.506332539286
Nifty Bank TRI,2011-07-12,11024.716348030335
Nifty Bank TRI,2011-07-13,11144.62259643378
Nifty Bank TRI,2011-07-14,11266.382803090628
Nifty Bank TRI,2011-07-15,11237.310138901756
Nifty Bank TRI,2011-07-18,11232.160411122506
Nifty Bank TRI,2011-07-19,11317.370827790535
Nifty Bank TRI,2011-07-20,11168.357907924625
Nifty Bank TRI,2011-07-21,11053.600908928078
Nifty Bank TRI,2011-07-22,11296.019603614159
Nifty Bank TRI,2011-07-25,11396.465137760333
Nifty Bank TRI,2011-07-26,11119.283704723726
Nifty Bank TRI,2011-07-27,11005.015804644723
Nifty Bank TRI,2011-07-28,10833.466921591868
Nifty Bank TRI,2011-07-29,10898.825695750731
Nifty Bank TRI,2011-08-01,10944.734595632668
Nifty Bank TRI,2011-08-02,10749.107855283673
Nifty Bank TRI,2011-08-03,10645.476116272075
Nifty Bank TRI,2011-08-04,10543.09169652775
Nifty Bank TRI,2011-08-05,10360.606903525997
Nifty Bank TRI,2011-08-08,10238.837699965665
Nifty Bank TRI,2011-08-09,10203.231964982528
Nifty Bank TRI,2011-08-10,10470.22858125967
Nifty Bank TRI,2011-08-11,10345.914072064323
Nifty Bank TRI,2011-08-12,10189.873937034867
Nifty Bank TRI,2011-08-16,10064.144455196169
Nifty Bank TRI,2011-08-17,9961.027929778995
Nifty Bank TRI,2011-08-18,9609.208516945511
Nifty Bank TRI,2011-08-19,9412.55440426236
Nifty Bank TRI,2011-08-22,9415.519063656964
Nifty Bank TRI,2011-08-23,9497.095837759309
Nifty Bank TRI,2011-08-24,9340.25944345367
Nifty Bank TRI,2011-08-25,9185.670951255022
Nifty Bank TRI,2011-08-26,8982.931881735138
Nifty Bank TRI,2011-08-29,9351.635357589672
Nifty Bank TRI,2011-08-30,9542.929581300476
Nifty Bank TRI,2011-09-02,9591.397980832488
Nifty Bank TRI,2011-09-05,9624.60535454895
Nifty Bank TRI,2011-09-06,9668.361321171116
Nifty Bank TRI,2011-09-07,9870.048067579857
Nifty Bank TRI,2011-09-08,9931.429280450655
Nifty Bank TRI,2011-09-09,9689.961515478586
Nifty Bank TRI,2011-09-12,9406.643696629633
Nifty Bank TRI,2011-09-13,9351.179678789358
Nifty Bank TRI,2011-09-14,9484.248174569231
Nifty Bank TRI,2011-09-15,9672.540033949235
Nifty Bank TRI,2011-09-16,9732.675413703324
Nifty Bank TRI,2011-09-19,9596.271966485485
Nifty Bank TRI,2011-09-20,9825.887481500886
Nifty Bank TRI,2011-09-21,9942.50641870892
Nifty Bank TRI,2011-09-22,9533.706622987953
Nifty Bank TRI,2011-09-23,9388.761493900281
Nifty Bank TRI,2011-09-26,9398.035309882667
Nifty Bank TRI,2011-09-27,9633.98288042308
Nifty Bank TRI,2011-09-28,9526.181846161824
Nifty Bank TRI,2011-09-29,9667.798543359726
Nifty Bank TRI,2011-09-30,9482.577182428431
Nifty Bank TRI,2011-10-03,9200.203966716785
Nifty Bank TRI,2011-10-04,8927.375001922757
Nifty Bank TRI,2011-10-05,8715.134266702222
Nifty Bank TRI,2011-10-07,9052.916722249078
Nifty Bank TRI,2011-10-10,9184.230371810365
Nifty Bank TRI,2011-10-11,9194.147254054753
Nifty Bank TRI,2011-10-12,9498.464902322112
Nifty Bank TRI,2011-10-13,9607.758186933372
Nifty Bank TRI,2011-10-14,9677.186089091621
Nifty Bank TRI,2011-10-17,9738.669809253042
Nifty Bank TRI,2011-10-18,9601.18213717633
Nifty Bank TRI,2011-10-19,9859.25706368223
Nifty Bank TRI,2011-10-20,9764.294992541267
Nifty Bank TRI,2011-10-21,9713.309564424928
Nifty Bank TRI,2011-10-24,9666.196501808032
Nifty Bank TRI,2011-10-25,9529.843479844812
Nifty Bank TRI,2011-10-28,9936.559566673264
Nifty Bank TRI,2011-10-31,10009.794789141619
Nifty Bank TRI,2011-11-01,9842.218025849708
Nifty Bank TRI,2011-11-02,9801.094594297476
Nifty Bank TRI,2011-11-03,9802.708309201616
Nifty Bank TRI,2011-11-04,9856.830593054907
Nifty Bank TRI,2011-11-08,9873.711346146278
Nifty Bank TRI,2011-11-09,9613.411161271093
Nifty Bank TRI,2011-11-11,9312.966137375926
Nifty Bank TRI,2011-11-14,9295.834505492925
Nifty Bank TRI,2011-11-15,9106.258616425637
Nifty Bank TRI,2011-11-16,9082.202327430901
Nifty Bank TRI,2011-11-17,8951.401750353823
Nifty Bank TRI,2011-11-18,8870.711505939267
Nifty Bank TRI,2011-11-21,8574.348605569763
Nifty Bank TRI,2011-11-22,8632.175674684264
Nifty Bank TRI,2011-11-23,8419.408165570094
Nifty Bank TRI,2011-11-24,8492.922702075797
Nifty Bank TRI,2011-11-25,8509.200481778169
Nifty Bank TRI,2011-11-28,8814.923475702644
Nifty Bank TRI,2011-11-29,8645.395982050311
Nifty Bank TRI,2011-11-30,8585.586757506413
Nifty Bank TRI,2011-12-01,8917.763981351009
Nifty Bank TRI,2011-12-02,9196.06546107429
Nifty Bank TRI,2011-12-05,9197.5199032755
Nifty Bank TRI,2011-12-07,9200.327742332294
Nifty Bank TRI,2011-12-08,8939.240681763207
Nifty Bank TRI,2011-12-09,8834.508605207904
Nifty Bank TRI,2011-12-12,8566.519070822023
Nifty Bank TRI,2011-12-13,8595.286904703855
Nifty Bank TRI,2011-12-14,8556.370804677457
Nifty Bank TRI,2011-12-15,8468.368359999433
Nifty Bank TRI,2011-12-16,8194.550116265045
Nifty Bank TRI,2011-12-19,7943.094363730495
Nifty Bank TRI,2011-12-20,7820.677528939477
Nifty Bank TRI,2011-12-21,8212.520424994342
Nifty Bank TRI,2011-12-22,8408.71655736467
Nifty Bank TRI,2011-12-23,8320.399474687827
Nifty Bank TRI,2011-12-26,8399.13720698452
Nifty Bank TRI,2011-12-27,8299.932530678918
Nifty Bank TRI,2011-12-28,8135.481186974938
Nifty Bank TRI,2011-12-29,8051.363670424356
Nifty Bank TRI,2011-12-30,7992.569188571237
Nifty Bank TRI,2012-01-02,8019.442352878921
Nifty Bank TRI,2012-01-03,8365.88271103773
Nifty Bank TRI,2012-01-04,8434.330324153594
Nifty Bank TRI,2012-01-05,8481.112624144833
Nifty Bank TRI,2012-01-06,8514.705078229712
Nifty Bank TRI,2012-01-09,8508.201213551047
Nifty Bank TRI,2012-01-10,8762.848130175335
Nifty Bank TRI,2012-01-11,8867.976797750116
Nifty Bank TRI,2012-01-12,8958.962983758882
Nifty Bank TRI,2012-01-13,9004.054298376215
Nifty Bank TRI,2012-01-16,8969.582733017522
Nifty Bank TRI,2012-01-17,9086.563817163129
Nifty Bank TRI,2012-01-18,9053.302483435853
Nifty Bank TRI,2012-01-19,9230.03688752277
Nifty Bank TRI,2012-01-20,9548.699685729687
Nifty Bank TRI,2012-01-23,9552.630775816922
Nifty Bank TRI,2012-01-24,9867.557907813729
Nifty Bank TRI,2012-01-25,9890.39662072108
Nifty Bank TRI,2012-01-27,9847.62269846145
Nifty Bank TRI,2012-01-30,9570.58480038667
Nifty Bank TRI,2012-01-31,9954.440869335276
Nifty Bank TRI,2012-02-01,9984.358393827191
Nifty Bank TRI,2012-02-02,10027.625032367183
Nifty Bank TRI,2012-02-03,10169.896327818642
Nifty Bank TRI,2012-02-06,10306.487335607011
Nifty Bank TRI,2012-02-07,10362.207359290656
Nifty Bank TRI,2012-02-08,10357.86060772352
Nifty Bank TRI,2012-02-09,10546.219390525837
Nifty Bank TRI,2012-02-10,10481.203116437751
Nifty Bank TRI,2012-02-13,10512.783118156869
Nifty Bank TRI,2012-02-14,10596.318151721513
Nifty Bank TRI,2012-02-15,10971.953186593688
Nifty Bank TRI,2012-02-16,10963.299726685605
Nifty Bank TRI,2012-02-17,11117.061745366054
Nifty Bank TRI,2012-02-21,11213.659913151407
Nifty Bank TRI,2012-02-22,10788.947496322484
Nifty Bank TRI,2012-02-23,10755.191406605833
Nifty Bank TRI,2012-02-24,10548.007660095253
Nifty Bank TRI,2012-02-27,10144.076474805759
Nifty Bank TRI,2012-02-28,10525.807979141597
Nifty Bank TRI,2012-02-29,10455.90107311656
Nifty Bank TRI,2012-03-01,10330.2687268506
Nifty Bank TRI,2012-03-02,10476.424326545239
Nifty Bank TRI,2012-03-05,10220.44500771609
Nifty Bank TRI,2012-03-06,10099.417964300183
Nifty Bank TRI,2012-03-07,10174.590304664265
Nifty Bank TRI,2012-03-09,10549.272327370612
Nifty Bank TRI,2012-03-12,10670.294857673152
Nifty Bank TRI,2012-03-13,10731.274822496984
Nifty Bank TRI,2012-03-14,10935.812295449563
Nifty Bank TRI,2012-03-15,10640.038462567076
Nifty Bank TRI,2012-03-16,10435.693285683179
Nifty Bank TRI,2012-03-19,10232.831912589134
Nifty Bank TRI,2012-03-20,10326.151407914735
Nifty Bank TRI,2012-03-21,10570.227421855689
Nifty Bank TRI,2012-03-22,10217.968101003798
Nifty Bank TRI,2012-03-23,10339.665735738594
Nifty Bank TRI,2012-03-26,10088.011356427447
Nifty Bank TRI,2012-03-27,10193.994816293214
Nifty Bank TRI,2012-03-28,10004.871176047689
Nifty Bank TRI,2012-03-29,9972.138277735796
Nifty Bank TRI,2012-03-30,10258.68349390125
Nifty Bank TRI,2012-04-02,10352.208218500287
Nifty Bank TRI,2012-04-03,10480.208470182562
Nifty Bank TRI,2012-04-04,10387.456473732174
Nifty Bank TRI,2012-04-09,10178.83507137476
Nifty Bank TRI,2012-04-10,10243.753516890652
Nifty Bank TRI,2012-04-11,10262.206937732837
Nifty Bank TRI,2012-04-12,10449.703679637289
Nifty Bank TRI,2012-04-13,10354.978069559396
Nifty Bank TRI,2012-04-16,10482.541160004539
Nifty Bank TRI,2012-04-17,10569.978796797868
Nifty Bank TRI,2012-04-18,10563.018152965042
Nifty Bank TRI,2012-04-19,10618.908995198048
Nifty Bank TRI,2012-04-20,10507.142987613768
Nifty Bank TRI,2012-04-23,10293.265819552435
Nifty Bank TRI,2012-04-24,10265.29695118127
Nifty Bank TRI,2012-04-25,10209.891912740528
Nifty Bank TRI,2012-04-26,10178.052123199659
Nifty Bank TRI,2012-04-27,10199.02165636116
Nifty Bank TRI,2012-04-30,10328.263893742364
Nifty Bank TRI,2012-05-02,10358.552229278524
Nifty Bank TRI,2012-05-03,10177.761535251402
Nifty Bank TRI,2012-05-04,9852.083159232694
Nifty Bank TRI,2012-05-07,9926.946347451118
Nifty Bank TRI,2012-05-08,9638.03121005352
Nifty Bank TRI,2012-05-09,9453.290430893026
Nifty Bank TRI,2012-05-10,9459.577398989106
Nifty Bank TRI,2012-05-11,9446.865126562463
Nifty Bank TRI,2012-05-14,9306.14437248693
Nifty Bank TRI,2012-05-15,9368.672649246822
Nifty Bank TRI,2012-05-16,9212.556488230388
Nifty Bank TRI,2012-05-17,9202.604428330991
Nifty Bank TRI,2012-05-18,9359.632661209876
Nifty Bank TRI,2012-05-21,9462.387269251496
Nifty Bank TRI,2012-05-22,9318.57306828034
Nifty Bank TRI,2012-05-23,9259.509016759086
Nifty Bank TRI,2012-05-24,9488.590127974847
Nifty Bank TRI,2012-05-25,9507.54707231151
Nifty Bank TRI,2012-05-28,9751.337672932363
Nifty Bank TRI,2012-05-29,9761.350940884331
Nifty Bank TRI,2012-05-30,9586.50343655375
Nifty Bank TRI,2012-05-31,9493.097175150177
Nifty Bank TRI,2012-06-01,9318.892553019441
Nifty Bank TRI,2012-06-04,9414.579446145297
Nifty Bank TRI,2012-06-05,9513.132240591622
Nifty Bank TRI,2012-06-06,9797.525103739432
Nifty Bank TRI,2012-06-07,10006.95848332956
Nifty Bank TRI,2012-06-08,10055.342507784002
Nifty Bank TRI,2012-06-11,10026.018183183296
Nifty Bank TRI,2012-06-12,10197.154080961533
Nifty Bank TRI,2012-06-13,10186.207946080955
Nifty Bank TRI,2012-06-14,9893.50053968784
Nifty Bank TRI,2012-06-15,10122.825794085247
Nifty Bank TRI,2012-06-18,9806.592735100287
Nifty Bank TRI,2012-06-19,9843.516280415512
Nifty Bank TRI,2012-06-20,9889.292295056335
Nifty Bank TRI,2012-06-21,10092.488517289123
Nifty Bank TRI,2012-06-22,10097.380666377638
Nifty Bank TRI,2012-06-25,9984.609481257598
Nifty Bank TRI,2012-06-26,10029.386342991475
Nifty Bank TRI,2012-06-27,10077.535234015366
Nifty Bank TRI,2012-06-28,10063.66667625904
Nifty Bank TRI,2012-06-29,10402.651699173062
Nifty Bank TRI,2012-07-02,10475.14518172729
Nifty Bank TRI,2012-07-03,10544.835221822148
Nifty Bank TRI,2012-07-04,10593.450988233782
Nifty Bank TRI,2012-07-05,10706.760039769284
Nifty Bank TRI,2012-07-06,10720.46680663088
Nifty Bank TRI,2012-07-09,10653.279143943988
Nifty Bank TRI,2012-07-10,10817.963586672744
Nifty Bank TRI,2012-07-11,10779.653859169708
Nifty Bank TRI,2012-07-12,10682.228030821609
Nifty Bank TRI,2012-07-13,10660.417328400052
Nifty Bank TRI,2012-07-16,10634.52638543014
Nifty Bank TRI,2012-07-17,10624.48629741485
Nifty Bank TRI,2012-07-18,10674.019565703255
Nifty Bank TRI,2012-07-19,10689.239148601806
Nifty Bank TRI,2012-07-20,10548.073296429671
Nifty Bank TRI,2012-07-23,10340.268561511719
Nifty Bank TRI,2012-07-24,10364.994661195444
Nifty Bank TRI,2012-07-25,10333.813908913782
Nifty Bank TRI,2012-07-26,10148.74791818002
Nifty Bank TRI,2012-07-27,10206.030588895179
Nifty Bank TRI,2012-07-30,10479.899894342529
Nifty Bank TRI,2012-07-31,10451.837772016474
Nifty Bank TRI,2012-08-01,10488.043862987188
Nifty Bank TRI,2012-08-02,10447.65063540464
Nifty Bank TRI,2012-08-03,10383.401094939818
Nifty Bank TRI,2012-08-06,10531.684207414539
Nifty Bank TRI,2012-08-07,10662.266538595282
Nifty Bank TRI,2012-08-08,10599.323692590096
Nifty Bank TRI,2012-08-09,10515.591602578388
Nifty Bank TRI,2012-08-10,10428.232099880162
Nifty Bank TRI,2012-08-13,10471.379437270221
Nifty Bank TRI,2012-08-14,10590.197496488594
Nifty Bank TRI,2012-08-16,10497.516878357028
Nifty Bank TRI,2012-08-17,10488.778990258344
Nifty Bank TRI,2012-08-21,10541.420227357898
Nifty Bank TRI,2012-08-22,10544.311665190817
Nifty Bank TRI,2012-08-23,10529.884275569531
Nifty Bank TRI,2012-08-24,10404.342311922126
Nifty Bank TRI,2012-08-27,10221.132925450702
Nifty Bank TRI,2012-08-28,10129.664699193816
Nifty Bank TRI,2012-08-29,10081.99803635168
Nifty Bank TRI,2012-08-30,10155.977378115846
Nifty Bank TRI,2012-08-31,10060.777358155443
Nifty Bank TRI,2012-09-03,10033.576889893639
Nifty Bank TRI,2012-09-04,10091.800952448002
Nifty Bank TRI,2012-09-05,9897.844457346646
Nifty Bank TRI,2012-09-06,9963.72201898978
Nifty Bank TRI,2012-09-07,10194.371062463551
Nifty Bank TRI,2012-09-10,10142.346125311638
Nifty Bank TRI,2012-09-11,10209.039632681654
Nifty Bank TRI,2012-09-12,10257.100539739464
Nifty Bank TRI,2012-09-13,10281.794648231207
Nifty Bank TRI,2012-09-14,10720.224789111775
Nifty Bank TRI,2012-09-17,11061.979433089344
Nifty Bank TRI,2012-09-18,11124.463657804998
Nifty Bank TRI,2012-09-20,11001.224256224676
Nifty Bank TRI,2012-09-21,11442.335224595705
Nifty Bank TRI,2012-09-24,11508.380418480005
Nifty Bank TRI,2012-09-25,11505.798425711548
Nifty Bank TRI,2012-09-26,11512.535381117103
Nifty Bank TRI,2012-09-27,11504.865789258634
Nifty Bank TRI,2012-09-28,11542.68381227285
Nifty Bank TRI,2012-10-01,11506.627067458016
Nifty Bank TRI,2012-10-03,11501.46230152752
Nifty Bank TRI,2012-10-04,11724.429611317857
Nifty Bank TRI,2012-10-05,11599.023409494252
Nifty Bank TRI,2012-10-08,11449.250059425733
Nifty Bank TRI,2012-10-09,11533.981159016357
Nifty Bank TRI,2012-10-10,11378.380909314123
Nifty Bank TRI,2012-10-11,11519.445048716234
Nifty Bank TRI,2012-10-12,11476.452991692278
Nifty Bank TRI,2012-10-15,11530.781393543857
Nifty Bank TRI,2012-10-16,11436.439423031923
Nifty Bank TRI,2012-10-17,11446.956782257383
Nifty Bank TRI,2012-10-18,11677.029071527591
Nifty Bank TRI,2012-10-19,11581.324657244066
Nifty Bank TRI,2012-10-22,11699.011006137003
Nifty Bank TRI,2012-10-23,11669.721277867258
Nifty Bank TRI,2012-10-25,11706.741834307248
Nifty Bank TRI,2012-10-29,11564.01924888847
Nifty Bank TRI,2012-10-30,11292.898458597409
Nifty Bank TRI,2012-10-31,11359.41231688473
Nifty Bank TRI,2012-11-01,11406.221023298565
Nifty Bank TRI,2012-11-02,11552.982193622789
Nifty Bank TRI,2012-11-05,11568.369465710733
Nifty Bank TRI,2012-11-06,11632.978494100751
Nifty Bank TRI,2012-11-07,11760.650617622496
Nifty Bank TRI,2012-11-08,11708.468446192106
Nifty Bank TRI,2012-11-09,11569.580256140645
Nifty Bank TRI,2012-11-12,11679.29061791566
Nifty Bank TRI,2012-11-15,11616.897642351976
Nifty Bank TRI,2012-11-16,11429.643575452703
Nifty Bank TRI,2012-11-19,11401.416843100686
Nifty Bank TRI,2012-11-20,11413.048197126842
Nifty Bank TRI,2012-11-21,11561.518346692897
Nifty Bank TRI,2012-11-22,11605.069087377855
Nifty Bank TRI,2012-11-23,11572.435256795818
Nifty Bank TRI,2012-11-26,11529.287075644343
Nifty Bank TRI,2012-11-27,11756.335222264299
Nifty Bank TRI,2012-11-29,12094.977304327218
Nifty Bank TRI,2012-11-30,12262.69388826115
Nifty Bank TRI,2012-12-03,12207.824190301413
Nifty Bank TRI,2012-12-04,12302.076314572008
Nifty Bank TRI,2012-12-05,12387.454887613225
Nifty Bank TRI,2012-12-06,12534.868324332238
Nifty Bank TRI,2012-12-07,12470.671582763705
Nifty Bank TRI,2012-12-10,12489.390723499308
Nifty Bank TRI,2012-12-11,12452.221481738969
Nifty Bank TRI,2012-12-12,12409.151300499894
Nifty Bank TRI,2012-12-13,12376.519885729218
Nifty Bank TRI,2012-12-14,12533.636208601863
Nifty Bank TRI,2012-12-17,12537.026299626472
Nifty Bank TRI,2012-12-18,12587.370869181523
Nifty Bank TRI,2012-12-19,12620.969578223094
Nifty Bank TRI,2012-12-20,12597.215699140981
Nifty Bank TRI,2012-12-21,12424.448769931178
Nifty Bank TRI,2012-12-24,12427.733314898627
Nifty Bank TRI,2012-12-26,12591.340651573733
Nifty Bank TRI,2012-12-27,12571.61947008395
Nifty Bank TRI,2012-12-28,12570.261618579532
Nifty Bank TRI,2012-12-31,12587.124550095406
Nifty Bank TRI,2013-01-01,12768.86191509721
Nifty Bank TRI,2013-01-02,12902.97539303449
Nifty Bank TRI,2013-01-03,12894.408354106712
Nifty Bank TRI,2013-01-04,12903.902607681415
Nifty Bank TRI,2013-01-07,12825.166463930527
Nifty Bank TRI,2013-01-08,12842.330557192008
Nifty Bank TRI,2013-01-09,12834.971910723743
Nifty Bank TRI,2013-01-10,12920.208393244282
Nifty Bank TRI,2013-01-11,12734.317520771396
Nifty Bank TRI,2013-01-14,12877.151170778043
Nifty Bank TRI,2013-01-15,12974.910978413473
Nifty Bank TRI,2013-01-16,12756.203086899757
Nifty Bank TRI,2013-01-17,12767.615174123439
Nifty Bank TRI,2013-01-18,12798.50880040903
Nifty Bank TRI,2013-01-21,12770.218077031339
Nifty Bank TRI,2013-01-22,12692.70248665125
Nifty Bank TRI,2013-01-23,12754.334702333064
Nifty Bank TRI,2013-01-24,12680.046727969708
Nifty Bank TRI,2013-01-25,12813.351553558123
Nifty Bank TRI,2013-01-28,12902.918704902539
Nifty Bank TRI,2013-01-29,12844.02236493411
Nifty Bank TRI,2013-01-30,12889.359563192333
Nifty Bank TRI,2013-01-31,12830.107127079345
Nifty Bank TRI,2013-02-01,12726.987389425058
Nifty Bank TRI,2013-02-04,12669.15492479039
Nifty Bank TRI,2013-02-05,12587.985532443792
Nifty Bank TRI,2013-02-06,12537.658401617708
Nifty Bank TRI,2013-02-07,12468.801458072232
Nifty Bank TRI,2013-02-08,12399.185971693645
Nifty Bank TRI,2013-02-11,12453.159729158195
Nifty Bank TRI,2013-02-12,12526.31881148255
Nifty Bank TRI,2013-02-13,12506.176588215778
Nifty Bank TRI,2013-02-14,12431.858922739788
Nifty Bank TRI,2013-02-15,12457.560213325825
Nifty Bank TRI,2013-02-18,12468.9277086396
Nifty Bank TRI,2013-02-19,12536.238334488078
Nifty Bank TRI,2013-02-20,12485.999362605238
Nifty Bank TRI,2013-02-21,12174.949914588347
Nifty Bank TRI,2013-02-22,12188.73300459566
Nifty Bank TRI,2013-02-25,12157.365813887505
Nifty Bank TRI,2013-02-26,11963.191956493092
Nifty Bank TRI,2013-02-27,12049.895435266675
Nifty Bank TRI,2013-02-28,11602.500205998587
Nifty Bank TRI,2013-03-01,11655.91957382718
Nifty Bank TRI,2013-03-04,11692.400803175819
Nifty Bank TRI,2013-03-05,11911.230125181577
Nifty Bank TRI,2013-03-06,11996.427486170176
Nifty Bank TRI,2013-03-07,12091.627428085692
Nifty Bank TRI,2013-03-08,12321.130984960157
Nifty Bank TRI,2013-03-11,12289.561717247689
Nifty Bank TRI,2013-03-12,12177.728911288907
Nifty Bank TRI,2013-03-13,11898.092103361068
Nifty Bank TRI,2013-03-14,12144.031680780256
Nifty Bank TRI,2013-03-15,11937.93277955218
Nifty Bank TRI,2013-03-18,11856.632958311038
Nifty Bank TRI,2013-03-19,11627.025465088584
Nifty Bank TRI,2013-03-20,11371.393805818667
Nifty Bank TRI,2013-03-21,11354.908917381805
Nifty Bank TRI,2013-03-22,11320.438774785507
Nifty Bank TRI,2013-03-25,11241.777279086087
Nifty Bank TRI,2013-03-26,11280.15637424025
Nifty Bank TRI,2013-03-28,11481.005983581386
Nifty Bank TRI,2013-04-01,11546.130615193522
Nifty Bank TRI,2013-04-02,11645.204601999705
Nifty Bank TRI,2013-04-03,11464.196341702367
Nifty Bank TRI,2013-04-04,11244.224577552786
Nifty Bank TRI,2013-04-05,11216.819013578724
Nifty Bank TRI,2013-04-08,11130.14957676225
Nifty Bank TRI,2013-04-09,11045.939584824011
Nifty Bank TRI,2013-04-10,11241.286770311768
Nifty Bank TRI,2013-04-11,11427.695882170276
Nifty Bank TRI,2013-04-12,11532.59486910052
Nifty Bank TRI,2013-04-15,11650.564639448226
Nifty Bank TRI,2013-04-16,11999.835497135235
Nifty Bank TRI,2013-04-17,12110.66631013476
Nifty Bank TRI,2013-04-18,12421.393374563828
Nifty Bank TRI,2013-04-22,12713.296361786208
Nifty Bank TRI,2013-04-23,12680.346675848674
Nifty Bank TRI,2013-04-25,12866.220195237058
Nifty Bank TRI,2013-04-26,12670.607311513266
Nifty Bank TRI,2013-04-29,12748.067187948282
Nifty Bank TRI,2013-04-30,12700.150181213572
Nifty Bank TRI,2013-05-02,12850.60890543749
Nifty Bank TRI,2013-05-03,12530.962555698956
Nifty Bank TRI,2013-05-06,12534.410230387028
Nifty Bank TRI,2013-05-07,12772.336401121915
Nifty Bank TRI,2013-05-08,12784.22436028408
Nifty Bank TRI,2013-05-09,12737.160949185882
Nifty Bank TRI,2013-05-10,12895.116651355713
Nifty Bank TRI,2013-05-13,12710.236432212541
Nifty Bank TRI,2013-05-14,12725.360769269277
Nifty Bank TRI,2013-05-15,13225.446725118334
Nifty Bank TRI,2013-05-16,13389.038436904679
Nifty Bank TRI,2013-05-17,13467.785760294555
Nifty Bank TRI,2013-05-20,13331.306814196454
Nifty Bank TRI,2013-05-21,13215.21628463851
Nifty Bank TRI,2013-05-22,13156.518788601657
Nifty Bank TRI,2013-05-23,12780.740882033528
Nifty Bank TRI,2013-05-24,12915.318445206512
Nifty Bank TRI,2013-05-27,13110.359866452001
Nifty Bank TRI,2013-05-28,13098.89199193961
Nifty Bank TRI,2013-05-29,13001.192168266885
Nifty Bank TRI,2013-05-30,12953.559904718233
Nifty Bank TRI,2013-05-31,12619.708613393652
Nifty Bank TRI,2013-06-03,12545.924947215804
Nifty Bank TRI,2013-06-04,12417.65552170489
Nifty Bank TRI,2013-06-05,12432.274627339688
Nifty Bank TRI,2013-06-06,12542.799092656402
Nifty Bank TRI,2013-06-07,12374.157549315694
Nifty Bank TRI,2013-06-10,12228.62344003964
Nifty Bank TRI,2013-06-11,11959.147446679923
Nifty Bank TRI,2013-06-12,11953.626555455181
Nifty Bank TRI,2013-06-13,11824.215946731725
Nifty Bank TRI,2013-06-14,12063.290260057405
Nifty Bank TRI,2013-06-17,12112.653340353618
Nifty Bank TRI,2013-06-18,11960.974123397868
Nifty Bank TRI,2013-06-19,11993.246244337783
Nifty Bank TRI,2013-06-20,11510.523634360768
Nifty Bank TRI,2013-06-21,11475.042852469138
Nifty Bank TRI,2013-06-24,11311.822816331824
Nifty Bank TRI,2013-06-25,11314.790976995479
Nifty Bank TRI,2013-06-26,11199.10481268117
Nifty Bank TRI,2013-06-27,11370.517911054076
Nifty Bank TRI,2013-06-28,11756.786388134384
Nifty Bank TRI,2013-07-01,11856.192199572002
Nifty Bank TRI,2013-07-02,11754.52039256187
Nifty Bank TRI,2013-07-03,11495.16120216712
Nifty Bank TRI,2013-07-04,11519.03325486776
Nifty Bank TRI,2013-07-05,11572.965472592807
Nifty Bank TRI,2013-07-08,11420.695401650164
Nifty Bank TRI,2013-07-09,11581.973438670248
Nifty Bank TRI,2013-07-10,11503.210745800732
Nifty Bank TRI,2013-07-11,11797.804867707766
Nifty Bank TRI,2013-07-12,11866.324510680734
Nifty Bank TRI,2013-07-15,11935.186922706052
Nifty Bank TRI,2013-07-16,11364.338990365804
Nifty Bank TRI,2013-07-17,11106.836715937743
Nifty Bank TRI,2013-07-18,11325.786473172286
Nifty Bank TRI,2013-07-19,11109.529755096055
Nifty Bank TRI,2013-07-22,11224.528265583824
Nifty Bank TRI,2013-07-23,11379.360111641894
Nifty Bank TRI,2013-07-24,10853.53235154594
Nifty Bank TRI,2013-07-25,10746.237220087636
Nifty Bank TRI,2013-07-26,10595.807517280857
Nifty Bank TRI,2013-07-29,10460.396652449894
Nifty Bank TRI,2013-07-30,10337.594591066782
Nifty Bank TRI,2013-07-31,10141.53031034932
Nifty Bank TRI,2013-08-01,10270.496126752007
Nifty Bank TRI,2013-08-02,10123.686298399622
Nifty Bank TRI,2013-08-05,10222.511779727909
Nifty Bank TRI,2013-08-06,9825.919104533179
Nifty Bank TRI,2013-08-07,9880.916746268911
Nifty Bank TRI,2013-08-08,9940.979641538923
Nifty Bank TRI,2013-08-12,9835.291403159637
Nifty Bank TRI,2013-08-13,10113.20571895498
Nifty Bank TRI,2013-08-14,10154.64256543874
Nifty Bank TRI,2013-08-16,9572.043767694195
Nifty Bank TRI,2013-08-19,9262.727161597506
Nifty Bank TRI,2013-08-20,9337.782279825391
Nifty Bank TRI,2013-08-21,9383.972016870302
Nifty Bank TRI,2013-08-22,9388.683863222042
Nifty Bank TRI,2013-08-23,9592.640318612044
Nifty Bank TRI,2013-08-26,9495.307715261222
Nifty Bank TRI,2013-08-27,8985.870704748457
Nifty Bank TRI,2013-08-28,8874.939541751277
Nifty Bank TRI,2013-08-29,9020.709295285824
Nifty Bank TRI,2013-08-30,9167.345512408285
Nifty Bank TRI,2013-09-02,9259.279195754725
Nifty Bank TRI,2013-09-03,8777.894035930969
Nifty Bank TRI,2013-09-04,8961.97296154023
Nifty Bank TRI,2013-09-05,9809.776637577177
Nifty Bank TRI,2013-09-06,10092.612301261564
Nifty Bank TRI,2013-09-10,10323.126248847035
Nifty Bank TRI,2013-09-11,10506.542094765478
Nifty Bank TRI,2013-09-12,10293.370034630241
Nifty Bank TRI,2013-09-13,10315.730028368927
Nifty Bank TRI,2013-09-16,10506.693966839586
Nifty Bank TRI,2013-09-17,10416.879368496402
Nifty Bank TRI,2013-09-18,10587.549678647156
Nifty Bank TRI,2013-09-19,11297.906028531095
Nifty Bank TRI,2013-09-20,10830.049663560943
Nifty Bank TRI,2013-09-23,10349.090121761157
Nifty Bank TRI,2013-09-24,10312.97756526551
Nifty Bank TRI,2013-09-25,10217.67576507371
Nifty Bank TRI,2013-09-26,10234.616404392671
Nifty Bank TRI,2013-09-27,10033.600196695548
Nifty Bank TRI,2013-09-30,9748.316838522594
Nifty Bank TRI,2013-10-01,10017.58383671906
Nifty Bank TRI,2013-10-03,10362.188463440234
Nifty Bank TRI,2013-10-04,10336.20654636438
Nifty Bank TRI,2013-10-07,10220.088986628374
Nifty Bank TRI,2013-10-08,10280.42025015042
Nifty Bank TRI,2013-10-09,10476.743401189235
Nifty Bank TRI,2013-10-10,10430.28311745739
Nifty Bank TRI,2013-10-11,10768.23663797167
Nifty Bank TRI,2013-10-14,10812.460242523464
Nifty Bank TRI,2013-10-15,10532.823176911843
Nifty Bank TRI,2013-10-17,10479.737965731296
Nifty Bank TRI,2013-10-18,10893.923691244321
Nifty Bank TRI,2013-10-21,10947.84120984886
Nifty Bank TRI,2013-10-22,10959.731273823058
Nifty Bank TRI,2013-10-23,11032.459848993265
Nifty Bank TRI,2013-10-24,11054.744863159243
Nifty Bank TRI,2013-10-25,11048.892507970564
Nifty Bank TRI,2013-10-28,10924.40504661587
Nifty Bank TRI,2013-10-29,11399.616771902622
Nifty Bank TRI,2013-10-30,11407.611011738334
Nifty Bank TRI,2013-10-31,11634.750885452879
Nifty Bank TRI,2013-11-01,11792.634257245683
Nifty Bank TRI,2013-11-05,11661.818525196251
Nifty Bank TRI,2013-11-06,11452.731904934133
Nifty Bank TRI,2013-11-07,11211.89511828318
Nifty Bank TRI,2013-11-08,11068.313349694534
Nifty Bank TRI,2013-11-11,10911.949765238793
Nifty Bank TRI,2013-11-12,10734.22259827494
Nifty Bank TRI,2013-11-13,10673.844434932515
Nifty Bank TRI,2013-11-14,10965.99118286567
Nifty Bank TRI,2013-11-18,11302.571791497361
Nifty Bank TRI,2013-11-19,11348.962661273428
Nifty Bank TRI,2013-11-20,11125.267423970628
Nifty Bank TRI,2013-11-21,10861.443201145377
Nifty Bank TRI,2013-11-22,10831.643284960264
Nifty Bank TRI,2013-11-25,11244.114182572159
Nifty Bank TRI,2013-11-26,11067.720860407984
Nifty Bank TRI,2013-11-27,11057.706264348079
Nifty Bank TRI,2013-11-28,11065.445966697274
Nifty Bank TRI,2013-11-29,11316.428326442887
Nifty Bank TRI,2013-12-02,11449.289787944861
Nifty Bank TRI,2013-12-03,11375.358539036568
Nifty Bank TRI,2013-12-04,11320.195889516592
Nifty Bank TRI,2013-12-05,11836.18664968875
Nifty Bank TRI,2013-12-06,11892.29014298415
Nifty Bank TRI,2013-12-09,12243.667886898606
Nifty Bank TRI,2013-12-10,12018.137153732872
Nifty Bank TRI,2013-12-11,11958.360706436664
Nifty Bank TRI,2013-12-12,11807.506522891148
Nifty Bank TRI,2013-12-13,11535.125151233799
Nifty Bank TRI,2013-12-16,11541.831573276455
Nifty Bank TRI,2013-12-17,11375.278319645295
Nifty Bank TRI,2013-12-18,11526.935858743156
Nifty Bank TRI,2013-12-19,11252.644946841952
Nifty Bank TRI,2013-12-20,11460.784913016998
Nifty Bank TRI,2013-12-23,11548.787737193981
Nifty Bank TRI,2013-12-24,11500.41037513899
Nifty Bank TRI,2013-12-26,11556.714053170112
Nifty Bank TRI,2013-12-27,11631.965163233926
Nifty Bank TRI,2013-12-30,11547.574131715906
Nifty Bank TRI,2013-12-31,11557.152923000376
Nifty Bank TRI,2014-01-01,11557.697101676371
Nifty Bank TRI,2014-01-02,11352.424275327166
Nifty Bank TRI,2014-01-03,11351.036924993163
Nifty Bank TRI,2014-01-06,11216.978745777993
Nifty Bank TRI,2014-01-07,11204.67551144906
Nifty Bank TRI,2014-01-08,11222.067399807536
Nifty Bank TRI,2014-01-09,11137.73176906674
Nifty Bank TRI,2014-01-10,10970.24277220371
Nifty Bank TRI,2014-01-13,11190.394210712304
Nifty Bank TRI,2014-01-14,11116.763680403576
Nifty Bank TRI,2014-01-15,11296.154700884144
Nifty Bank TRI,2014-01-16,11262.984383106123
Nifty Bank TRI,2014-01-17,11079.181540370264
Nifty Bank TRI,2014-01-20,11177.360035053378
Nifty Bank TRI,2014-01-21,11344.076560245268
Nifty Bank TRI,2014-01-22,11380.66636316029
Nifty Bank TRI,2014-01-23,11372.3738861705
Nifty Bank TRI,2014-01-24,11152.603712394555
Nifty Bank TRI,2014-01-27,10704.279605431024
Nifty Bank TRI,2014-01-28,10671.143617522164
Nifty Bank TRI,2014-01-29,10600.380455863704
Nifty Bank TRI,2014-01-30,10311.515384253385
Nifty Bank TRI,2014-01-31,10397.604837069655
Nifty Bank TRI,2014-02-03,10260.34048647135
Nifty Bank TRI,2014-02-04,10351.00628559642
Nifty Bank TRI,2014-02-05,10392.260975267818
Nifty Bank TRI,2014-02-06,10365.56534598915
Nifty Bank TRI,2014-02-07,10424.647495280387
Nifty Bank TRI,2014-02-10,10375.081927631176
Nifty Bank TRI,2014-02-11,10407.300056922442
Nifty Bank TRI,2014-02-12,10512.454476918663
Nifty Bank TRI,2014-02-13,10296.15356524152
Nifty Bank TRI,2014-02-14,10365.450397650071
Nifty Bank TRI,2014-02-17,10490.71166833657
Nifty Bank TRI,2014-02-18,10743.490826773239
Nifty Bank TRI,2014-02-19,10778.614193922327
Nifty Bank TRI,2014-02-20,10594.599737897483
Nifty Bank TRI,2014-02-21,10722.835274209432
Nifty Bank TRI,2014-02-24,10854.580689567576
Nifty Bank TRI,2014-02-25,10837.73996198226
Nifty Bank TRI,2014-02-26,10902.589241420155
Nifty Bank TRI,2014-02-28,10937.79772211461
Nifty Bank TRI,2014-03-03,10823.766492609977
Nifty Bank TRI,2014-03-04,11105.517612442012
Nifty Bank TRI,2014-03-05,11278.193223364382
Nifty Bank TRI,2014-03-06,11460.832852656567
Nifty Bank TRI,2014-03-07,12077.242576920598
Nifty Bank TRI,2014-03-10,12304.814261854604
Nifty Bank TRI,2014-03-11,12239.010292520821
Nifty Bank TRI,2014-03-12,12219.849820320489
Nifty Bank TRI,2014-03-13,12339.312944857242
Nifty Bank TRI,2014-03-14,12252.518042083713
Nifty Bank TRI,2014-03-18,12313.287158343257
Nifty Bank TRI,2014-03-19,12386.364643492476
Nifty Bank TRI,2014-03-20,12214.48898880362
Nifty Bank TRI,2014-03-21,12291.022508180555
Nifty Bank TRI,2014-03-24,12612.631475773696
Nifty Bank TRI,2014-03-25,12655.378017393148
Nifty Bank TRI,2014-03-26,12725.063547025846
Nifty Bank TRI,2014-03-27,12813.304012408056
Nifty Bank TRI,2014-03-28,12965.74165994484
Nifty Bank TRI,2014-03-31,12953.518397080234
Nifty Bank TRI,2014-04-01,12797.629859467383
Nifty Bank TRI,2014-04-02,12926.747872986703
Nifty Bank TRI,2014-04-03,12772.988343219866
Nifty Bank TRI,2014-04-04,12760.845684817015
Nifty Bank TRI,2014-04-07,12715.4664437814
Nifty Bank TRI,2014-04-09,13154.04983754336
Nifty Bank TRI,2014-04-10,13166.4664281822
Nifty Bank TRI,2014-04-11,13055.649574080298
Nifty Bank TRI,2014-04-15,12791.820116055127
Nifty Bank TRI,2014-04-16,12774.997174696238
Nifty Bank TRI,2014-04-17,13003.088638615462
Nifty Bank TRI,2014-04-21,13178.092498752709
Nifty Bank TRI,2014-04-22,13207.39306133124
Nifty Bank TRI,2014-04-23,13344.901557760786
Nifty Bank TRI,2014-04-25,13256.248797569251
Nifty Bank TRI,2014-04-28,13304.75273521728
Nifty Bank TRI,2014-04-29,13131.050119795003
Nifty Bank TRI,2014-04-30,13075.629846630529
Nifty Bank TRI,2014-05-02,13061.971319400142
Nifty Bank TRI,2014-05-05,13101.927489740048
Nifty Bank TRI,2014-05-06,13189.009991124805
Nifty Bank TRI,2014-05-07,13160.897036136594
Nifty Bank TRI,2014-05-08,13262.021903889527
Nifty Bank TRI,2014-05-09,13987.63660210889
Nifty Bank TRI,2014-05-12,14328.659950661915
Nifty Bank TRI,2014-05-13,14410.788269038068
Nifty Bank TRI,2014-05-14,14453.294111440708
Nifty Bank TRI,2014-05-15,14483.491857481542
Nifty Bank TRI,2014-05-16,15110.882259612017
Nifty Bank TRI,2014-05-19,15487.202880949793
Nifty Bank TRI,2014-05-20,15374.572591699802
Nifty Bank TRI,2014-05-21,15212.948205068775
Nifty Bank TRI,2014-05-22,15318.454036702557
Nifty Bank TRI,2014-05-23,15552.674406720962
Nifty Bank TRI,2014-05-26,15441.91781731351
Nifty Bank TRI,2014-05-27,15348.657888942626
Nifty Bank TRI,2014-05-28,15439.828062907296
Nifty Bank TRI,2014-05-29,15294.516470852359
Nifty Bank TRI,2014-05-30,15053.699165105078
Nifty Bank TRI,2014-06-02,15557.00271519695
Nifty Bank TRI,2014-06-03,15526.98205769945
Nifty Bank TRI,2014-06-04,15604.478589747458
Nifty Bank TRI,2014-06-05,15552.577262624458
Nifty Bank TRI,2014-06-06,15818.454887948265
Nifty Bank TRI,2014-06-09,15843.912867152796
Nifty Bank TRI,2014-06-10,15702.089823980641
Nifty Bank TRI,2014-06-11,15725.50184547081
Nifty Bank TRI,2014-06-12,15740.313917041229
Nifty Bank TRI,2014-06-13,15376.240635124854
Nifty Bank TRI,2014-06-16,15298.72086069617
Nifty Bank TRI,2014-06-17,15648.313406956791
Nifty Bank TRI,2014-06-18,15493.03289553612
Nifty Bank TRI,2014-06-19,15337.543508891467
Nifty Bank TRI,2014-06-20,15266.793000333873
Nifty Bank TRI,2014-06-23,15347.658602086929
Nifty Bank TRI,2014-06-24,15585.259943501247
Nifty Bank TRI,2014-06-25,15512.573024710891
Nifty Bank TRI,2014-06-26,15321.587607166053
Nifty Bank TRI,2014-06-27,15263.14685364019
Nifty Bank TRI,2014-06-30,15517.967553413228
Nifty Bank TRI,2014-07-01,15599.111267432714
Nifty Bank TRI,2014-07-02,15771.433381211848
Nifty Bank TRI,2014-07-03,15732.28959834997
Nifty Bank TRI,2014-07-04,15838.946978643049
Nifty Bank TRI,2014-07-07,15647.737334580372
Nifty Bank TRI,2014-07-08,15271.14124623752
Nifty Bank TRI,2014-07-09,15203.77833372303
Nifty Bank TRI,2014-07-10,15092.628201731834
Nifty Bank TRI,2014-07-11,14711.523605594042
Nifty Bank TRI,2014-07-14,14755.576877528527
Nifty Bank TRI,2014-07-15,15165.353438025815
Nifty Bank TRI,2014-07-16,15546.017175097884
Nifty Bank TRI,2014-07-17,15549.937617563139
Nifty Bank TRI,2014-07-18,15672.707130439823
Nifty Bank TRI,2014-07-21,15670.015036946194
Nifty Bank TRI,2014-07-22,15712.436128842684
Nifty Bank TRI,2014-07-23,15749.003248867515
Nifty Bank TRI,2014-07-24,15821.931668561598
Nifty Bank TRI,2014-07-25,15606.16112815555
Nifty Bank TRI,2014-07-28,15494.782748921729
Nifty Bank TRI,2014-07-30,15740.0120175367
Nifty Bank TRI,2014-07-31,15552.026295311885
Nifty Bank TRI,2014-08-01,15409.87448103833
Nifty Bank TRI,2014-08-04,15527.323096083152
Nifty Bank TRI,2014-08-05,15579.430286947168
Nifty Bank TRI,2014-08-06,15289.75542175351
Nifty Bank TRI,2014-08-07,15267.796376246384
Nifty Bank TRI,2014-08-08,15042.79835437363
Nifty Bank TRI,2014-08-11,15126.112077815615
Nifty Bank TRI,2014-08-12,15340.212556653627
Nifty Bank TRI,2014-08-13,15191.916204462716
Nifty Bank TRI,2014-08-14,15374.286785032282
Nifty Bank TRI,2014-08-18,15732.020934375398
Nifty Bank TRI,2014-08-19,15818.787548258635
Nifty Bank TRI,2014-08-20,15775.281964578588
Nifty Bank TRI,2014-08-21,15959.466195070097
Nifty Bank TRI,2014-08-22,16119.659285371083
Nifty Bank TRI,2014-08-25,15967.441084930577
Nifty Bank TRI,2014-08-26,15921.94626259808
Nifty Bank TRI,2014-08-27,16017.542762472027
Nifty Bank TRI,2014-08-28,16040.989549387183
Nifty Bank TRI,2014-09-01,16319.659983729836
Nifty Bank TRI,2014-09-02,16439.93572907788
Nifty Bank TRI,2014-09-03,16419.260689387203
Nifty Bank TRI,2014-09-04,16341.61053484657
Nifty Bank TRI,2014-09-05,16289.846677595715
Nifty Bank TRI,2014-09-08,16519.169921518805
Nifty Bank TRI,2014-09-09,16468.526392068357
Nifty Bank TRI,2014-09-10,16463.699547782697
Nifty Bank TRI,2014-09-11,16517.382501989803
Nifty Bank TRI,2014-09-12,16568.620379114607
Nifty Bank TRI,2014-09-15,16481.15409273114
Nifty Bank TRI,2014-09-16,16151.694418078585
Nifty Bank TRI,2014-09-17,16146.352085066897
Nifty Bank TRI,2014-09-18,16471.055614127792
Nifty Bank TRI,2014-09-19,16466.53469560031
Nifty Bank TRI,2014-09-22,16510.570580257794
Nifty Bank TRI,2014-09-23,16213.443683302376
Nifty Bank TRI,2014-09-24,16047.981996201997
Nifty Bank TRI,2014-09-25,15598.362166990453
Nifty Bank TRI,2014-09-26,15912.852645095765
Nifty Bank TRI,2014-09-29,15777.309675468368
Nifty Bank TRI,2014-09-30,15694.67092711819
Nifty Bank TRI,2014-10-01,15617.382705223512
Nifty Bank TRI,2014-10-07,15480.280286381985
Nifty Bank TRI,2014-10-08,15647.522999135252
Nifty Bank TRI,2014-10-09,16052.843209474266
Nifty Bank TRI,2014-10-10,15760.01100471015
Nifty Bank TRI,2014-10-13,15988.92931650742
Nifty Bank TRI,2014-10-14,16064.713206661956
Nifty Bank TRI,2014-10-16,15851.108111359532
Nifty Bank TRI,2014-10-17,16247.30534876664
Nifty Bank TRI,2014-10-20,16540.634205601782
Nifty Bank TRI,2014-10-21,16755.768164978148
Nifty Bank TRI,2014-10-22,16773.84105964748
Nifty Bank TRI,2014-10-27,16889.364159723496
Nifty Bank TRI,2014-10-28,17002.261905255156
Nifty Bank TRI,2014-10-29,16968.927817846943
Nifty Bank TRI,2014-10-30,17097.74447722028
Nifty Bank TRI,2014-10-31,17388.771655867677
Nifty Bank TRI,2014-11-03,17480.47505799769
Nifty Bank TRI,2014-11-05,17704.328749354627
Nifty Bank TRI,2014-11-07,17698.890610570084
Nifty Bank TRI,2014-11-10,17613.38870284879
Nifty Bank TRI,2014-11-11,17744.07661522064
Nifty Bank TRI,2014-11-12,17945.22786296508
Nifty Bank TRI,2014-11-13,17808.738679043447
Nifty Bank TRI,2014-11-14,17935.356593551758
Nifty Bank TRI,2014-11-17,18001.138042681494
Nifty Bank TRI,2014-11-18,18064.855242852434
Nifty Bank TRI,2014-11-19,17945.85625721962
Nifty Bank TRI,2014-11-20,18006.768255422325
Nifty Bank TRI,2014-11-21,18426.75053023442
Nifty Bank TRI,2014-11-24,18657.94517264148
Nifty Bank TRI,2014-11-25,18408.31151735977
Nifty Bank TRI,2014-11-26,18346.252760270152
Nifty Bank TRI,2014-11-27,18394.063740862628
Nifty Bank TRI,2014-11-28,18895.13916581558
Nifty Bank TRI,2014-12-01,18908.469287028278
Nifty Bank TRI,2014-12-02,18939.960169076665
Nifty Bank TRI,2014-12-03,19032.13489689745
Nifty Bank TRI,2014-12-04,19172.287121698846
Nifty Bank TRI,2014-12-05,19145.95994182777
Nifty Bank TRI,2014-12-08,18895.069985906845
Nifty Bank TRI,2014-12-09,18671.411745111644
Nifty Bank TRI,2014-12-10,18847.60604789594
Nifty Bank TRI,2014-12-11,18788.757236037785
Nifty Bank TRI,2014-12-12,18681.618664688456
Nifty Bank TRI,2014-12-15,18756.961881793548
Nifty Bank TRI,2014-12-16,18203.820997416486
Nifty Bank TRI,2014-12-17,18240.05582094876
Nifty Bank TRI,2014-12-18,18710.86714763936
Nifty Bank TRI,2014-12-19,18866.67032959046
Nifty Bank TRI,2014-12-22,19141.693299017184
Nifty Bank TRI,2014-12-23,18995.384228245595
Nifty Bank TRI,2014-12-24,18925.853881879953
Nifty Bank TRI,2014-12-26,18948.78449758944
Nifty Bank TRI,2014-12-29,18920.25572346573
Nifty Bank TRI,2014-12-30,19042.290075354333
Nifty Bank TRI,2014-12-31,19133.589150927543
Nifty Bank TRI,2015-01-01,19147.993912956972
Nifty Bank TRI,2015-01-02,19462.18065445731
Nifty Bank TRI,2015-01-05,19421.87727627785
Nifty Bank TRI,2015-01-06,18823.057830043526
Nifty Bank TRI,2015-01-07,18694.171384599922
Nifty Bank TRI,2015-01-08,19100.09478424888
Nifty Bank TRI,2015-01-09,19034.888525282982
Nifty Bank TRI,2015-01-12,19197.81520963157
Nifty Bank TRI,2015-01-13,19107.58189504756
Nifty Bank TRI,2015-01-14,19002.28167948537
Nifty Bank TRI,2015-01-15,19647.986874937356
Nifty Bank TRI,2015-01-16,19635.540512868767
Nifty Bank TRI,2015-01-19,19823.33860350404
Nifty Bank TRI,2015-01-20,20192.43188676977
Nifty Bank TRI,2015-01-21,20270.602879857506
Nifty Bank TRI,2015-01-22,20346.938829554405
Nifty Bank TRI,2015-01-23,20505.665290355857
Nifty Bank TRI,2015-01-27,21000.000351272505
Nifty Bank TRI,2015-01-28,20935.46929159167
Nifty Bank TRI,2015-01-29,20973.46032704301
Nifty Bank TRI,2015-01-30,20274.101874584638
Nifty Bank TRI,2015-02-02,20297.729926612184
Nifty Bank TRI,2015-02-03,19804.60509426382
Nifty Bank TRI,2015-02-04,19591.431269071214
Nifty Bank TRI,2015-02-05,19466.992294747066
Nifty Bank TRI,2015-02-06,19196.327466742525
Nifty Bank TRI,2015-02-09,18806.0541372345
Nifty Bank TRI,2015-02-10,19162.637905779946
Nifty Bank TRI,2015-02-11,19355.37403338165
Nifty Bank TRI,2015-02-12,19547.603520970344
Nifty Bank TRI,2015-02-13,19794.308504582285
Nifty Bank TRI,2015-02-16,19611.581721078754
Nifty Bank TRI,2015-02-18,19721.11956096638
Nifty Bank TRI,2015-02-19,19610.860602397945
Nifty Bank TRI,2015-02-20,19493.90287634201
Nifty Bank TRI,2015-02-23,19331.172809954525
Nifty Bank TRI,2015-02-24,19301.23549712585
Nifty Bank TRI,2015-02-25,19147.466697137617
Nifty Bank TRI,2015-02-26,18948.51311698268
Nifty Bank TRI,2015-02-27,19497.160060789894
Nifty Bank TRI,2015-03-02,20452.397164815113
Nifty Bank TRI,2015-03-03,20404.78949682445
Nifty Bank TRI,2015-03-04,20080.768335825185
Nifty Bank TRI,2015-03-05,20187.513683591933
Nifty Bank TRI,2015-03-09,19572.938509934054
Nifty Bank TRI,2015-03-10,19480.072403924347
Nifty Bank TRI,2015-03-11,19469.758543846096
Nifty Bank TRI,2015-03-12,19570.116252113636
Nifty Bank TRI,2015-03-13,19200.28165130453
Nifty Bank TRI,2015-03-16,19260.06530309177
Nifty Bank TRI,2015-03-17,19486.241907221854
Nifty Bank TRI,2015-03-18,19577.561222953635
Nifty Bank TRI,2015-03-19,19234.22319836803
Nifty Bank TRI,2015-03-20,19025.12792965713
Nifty Bank TRI,2015-03-23,18865.16370786177
Nifty Bank TRI,2015-03-24,18745.26828023463
Nifty Bank TRI,2015-03-25,18723.743374365327
Nifty Bank TRI,2015-03-26,18234.784148559724
Nifty Bank TRI,2015-03-27,18453.05561511448
Nifty Bank TRI,2015-03-30,18778.15020987899
Nifty Bank TRI,2015-03-31,18619.786774095875
Nifty Bank TRI,2015-04-01,19040.628569131266
Nifty Bank TRI,2015-04-06,19029.504851436344
Nifty Bank TRI,2015-04-07,18890.56270450944
Nifty Bank TRI,2015-04-08,18836.967993746784
Nifty Bank TRI,2015-04-09,19307.01681996458
Nifty Bank TRI,2015-04-10,19230.618606754364
Nifty Bank TRI,2015-04-13,19228.904343765873
Nifty Bank TRI,2015-04-15,19145.704854733678
Nifty Bank TRI,2015-04-16,19064.948882536217
Nifty Bank TRI,2015-04-17,18767.06354162623
Nifty Bank TRI,2015-04-20,18529.824284396087
Nifty Bank TRI,2015-04-21,18522.96646551613
Nifty Bank TRI,2015-04-22,18664.40017471036
Nifty Bank TRI,2015-04-23,18666.650108732338
Nifty Bank TRI,2015-04-24,18417.628727705218
Nifty Bank TRI,2015-04-27,18178.810279278936
Nifty Bank TRI,2015-04-28,18668.844239201866
Nifty Bank TRI,2015-04-29,18726.857603481414
Nifty Bank TRI,2015-04-30,18763.435747124502
Nifty Bank TRI,2015-05-04,18931.66243898508
Nifty Bank TRI,2015-05-05,18901.426060002643
Nifty Bank TRI,2015-05-06,18214.185537034693
Nifty Bank TRI,2015-05-07,17781.980874045523
Nifty Bank TRI,2015-05-08,18211.76215399589
Nifty Bank TRI,2015-05-11,18625.23242630223
Nifty Bank TRI,2015-05-12,18041.07685286513
Nifty Bank TRI,2015-05-13,18521.146678122008
Nifty Bank TRI,2015-05-14,18540.639309567785
Nifty Bank TRI,2015-05-15,18609.463848075728
Nifty Bank TRI,2015-05-18,18855.81132475141
Nifty Bank TRI,2015-05-19,18812.57088759721
Nifty Bank TRI,2015-05-20,18991.740754199694
Nifty Bank TRI,2015-05-21,18949.06286768046
Nifty Bank TRI,2015-05-22,18867.642123558726
Nifty Bank TRI,2015-05-25,18757.55714384769
Nifty Bank TRI,2015-05-26,18762.420710717743
Nifty Bank TRI,2015-05-27,18977.231968030108
Nifty Bank TRI,2015-05-28,18885.770951747865
Nifty Bank TRI,2015-05-29,19164.675236829964
Nifty Bank TRI,2015-06-01,19058.791018783126
Nifty Bank TRI,2015-06-02,18404.21282949557
Nifty Bank TRI,2015-06-03,18142.532636211356
Nifty Bank TRI,2015-06-04,18140.57625985925
Nifty Bank TRI,2015-06-05,17966.879769270974
Nifty Bank TRI,2015-06-08,17848.330320425288
Nifty Bank TRI,2015-06-09,17907.290887941293
Nifty Bank TRI,2015-06-10,18130.1244045877
Nifty Bank TRI,2015-06-11,17717.94435399464
Nifty Bank TRI,2015-06-12,17942.625906022993
Nifty Bank TRI,2015-06-15,17877.101773591043
Nifty Bank TRI,2015-06-16,18024.591986798278
Nifty Bank TRI,2015-06-17,18006.047218081916
Nifty Bank TRI,2015-06-18,18159.43245449964
Nifty Bank TRI,2015-06-19,18310.568639189576
Nifty Bank TRI,2015-06-22,18776.043840275324
Nifty Bank TRI,2015-06-23,18834.57101087488
Nifty Bank TRI,2015-06-24,18808.458487973978
Nifty Bank TRI,2015-06-25,18939.18947272559
Nifty Bank TRI,2015-06-26,18815.16747967793
Nifty Bank TRI,2015-06-29,18682.68990611251
Nifty Bank TRI,2015-06-30,18739.173789057433
Nifty Bank TRI,2015-07-01,19031.899406369375
Nifty Bank TRI,2015-07-02,19036.25810317765
Nifty Bank TRI,2015-07-03,19184.166383981614
Nifty Bank TRI,2015-07-06,19282.931326079888
Nifty Bank TRI,2015-07-07,19255.948235814372
Nifty Bank TRI,2015-07-08,18912.74788109257
Nifty Bank TRI,2015-07-09,18959.716392040908
Nifty Bank TRI,2015-07-10,19176.276112229767
Nifty Bank TRI,2015-07-13,19355.213917764515
Nifty Bank TRI,2015-07-14,19239.407715312645
Nifty Bank TRI,2015-07-15,19276.65571165366
Nifty Bank TRI,2015-07-16,19637.38615476375
Nifty Bank TRI,2015-07-17,19562.558950985433
Nifty Bank TRI,2015-07-20,19499.997912910185
Nifty Bank TRI,2015-07-21,19183.419236021407
Nifty Bank TRI,2015-07-22,19464.0597472572
Nifty Bank TRI,2015-07-23,19329.13096898935
Nifty Bank TRI,2015-07-24,19094.6555775786
Nifty Bank TRI,2015-07-27,18662.364573727093
Nifty Bank TRI,2015-07-28,18734.14212355081
Nifty Bank TRI,2015-07-29,18776.051513824415
Nifty Bank TRI,2015-07-30,18896.251297590403
Nifty Bank TRI,2015-07-31,19193.170110642273
Nifty Bank TRI,2015-08-03,19383.544715723256
Nifty Bank TRI,2015-08-04,19443.198742774974
Nifty Bank TRI,2015-08-05,19398.375025445464
Nifty Bank TRI,2015-08-06,19501.995175726668
Nifty Bank TRI,2015-08-07,19363.140542281315
Nifty Bank TRI,2015-08-10,19345.079169545388
Nifty Bank TRI,2015-08-11,19080.864130602284
Nifty Bank TRI,2015-08-12,18510.131793823864
Nifty Bank TRI,2015-08-13,18628.971426670323
Nifty Bank TRI,2015-08-14,19191.16538584643
Nifty Bank TRI,2015-08-17,19293.02300187452
Nifty Bank TRI,2015-08-18,19251.1061716606
Nifty Bank TRI,2015-08-19,19171.877528628127
Nifty Bank TRI,2015-08-20,18741.50682085522
Nifty Bank TRI,2015-08-21,18510.24564951972
Nifty Bank TRI,2015-08-24,17234.447542653732
Nifty Bank TRI,2015-08-25,17625.26244600865
Nifty Bank TRI,2015-08-26,17343.526295105905
Nifty Bank TRI,2015-08-27,17648.035558780477
Nifty Bank TRI,2015-08-28,17645.81164233945
Nifty Bank TRI,2015-08-31,17579.628440591656
Nifty Bank TRI,2015-09-01,16948.091128525124
Nifty Bank TRI,2015-09-02,16663.747323122425
Nifty Bank TRI,2015-09-03,16974.38111516897
Nifty Bank TRI,2015-09-04,16537.56245027668
Nifty Bank TRI,2015-09-07,16190.77291298344
Nifty Bank TRI,2015-09-08,16766.129659456146
Nifty Bank TRI,2015-09-09,17054.082428309033
Nifty Bank TRI,2015-09-10,17019.65149508321
Nifty Bank TRI,2015-09-11,17035.259804517955
Nifty Bank TRI,2015-09-14,17342.925403864527
Nifty Bank TRI,2015-09-15,17166.565467271514
Nifty Bank TRI,2015-09-16,17397.896457784773
Nifty Bank TRI,2015-09-18,17854.12333649113
Nifty Bank TRI,2015-09-21,17992.175955469338
Nifty Bank TRI,2015-09-22,17467.606065409494
Nifty Bank TRI,2015-09-23,17697.79058921135
Nifty Bank TRI,2015-09-24,17637.92505730746
Nifty Bank TRI,2015-09-28,17540.25212940992
Nifty Bank TRI,2015-09-29,17726.094982957587
Nifty Bank TRI,2015-09-30,17659.81499832135
Nifty Bank TRI,2015-10-01,17592.29869857103
Nifty Bank TRI,2015-10-05,18130.841907109774
Nifty Bank TRI,2015-10-06,18060.660928347694
Nifty Bank TRI,2015-10-07,18072.704244260658
Nifty Bank TRI,2015-10-08,17926.810103953
Nifty Bank TRI,2015-10-09,18046.05746562796
Nifty Bank TRI,2015-10-12,18039.66022753382
Nifty Bank TRI,2015-10-13,18010.919656289654
Nifty Bank TRI,2015-10-14,17999.31348302707
Nifty Bank TRI,2015-10-15,18146.173881360934
Nifty Bank TRI,2015-10-16,18379.12341417472
Nifty Bank TRI,2015-10-19,18320.720224270593
Nifty Bank TRI,2015-10-20,18295.57226793468
Nifty Bank TRI,2015-10-21,18173.046852905703
Nifty Bank TRI,2015-10-23,18402.986165656755
Nifty Bank TRI,2015-10-26,18281.772816998637
Nifty Bank TRI,2015-10-27,18273.09285748357
Nifty Bank TRI,2015-10-28,17828.879431116908
Nifty Bank TRI,2015-10-29,17663.99551887248
Nifty Bank TRI,2015-10-30,17810.32319323027
Nifty Bank TRI,2015-11-02,17796.932117067805
Nifty Bank TRI,2015-11-03,17781.828608166914
Nifty Bank TRI,2015-11-04,17674.81620816856
Nifty Bank TRI,2015-11-05,17443.1970271113
Nifty Bank TRI,2015-11-06,17537.29452909214
Nifty Bank TRI,2015-11-09,17452.449030345888
Nifty Bank TRI,2015-11-10,17281.317665030947
Nifty Bank TRI,2015-11-13,17381.582984754168
Nifty Bank TRI,2015-11-16,17641.18006463068
Nifty Bank TRI,2015-11-17,17595.83684354038
Nifty Bank TRI,2015-11-18,17259.046305172713
Nifty Bank TRI,2015-11-19,17526.040883751844
Nifty Bank TRI,2015-11-20,17509.593245153887
Nifty Bank TRI,2015-11-23,17515.22799507503
Nifty Bank TRI,2015-11-24,17442.004566477302
Nifty Bank TRI,2015-11-26,17491.756164242568
Nifty Bank TRI,2015-11-27,17835.381612936522
Nifty Bank TRI,2015-11-30,17897.301626039378
Nifty Bank TRI,2015-12-01,17864.891462933185
Nifty Bank TRI,2015-12-02,17680.30427078834
Nifty Bank TRI,2015-12-03,17569.284303597153
Nifty Bank TRI,2015-12-04,17351.05875514823
Nifty Bank TRI,2015-12-07,17402.947646869765
Nifty Bank TRI,2015-12-08,17253.456626900952
Nifty Bank TRI,2015-12-09,17109.556715108865
Nifty Bank TRI,2015-12-10,17161.49356606532
Nifty Bank TRI,2015-12-11,16783.28345235475
Nifty Bank TRI,2015-12-14,16792.478734465716
Nifty Bank TRI,2015-12-15,16842.051630797632
Nifty Bank TRI,2015-12-16,17027.967791568277
Nifty Bank TRI,2015-12-17,17194.73473389357
Nifty Bank TRI,2015-12-18,17043.82960200652
Nifty Bank TRI,2015-12-21,17281.781880461385
Nifty Bank TRI,2015-12-22,17204.051173719185
Nifty Bank TRI,2015-12-23,17341.2559692553
Nifty Bank TRI,2015-12-24,17268.09588163254
Nifty Bank TRI,2015-12-28,17441.960950995137
Nifty Bank TRI,2015-12-29,17454.88088946028
Nifty Bank TRI,2015-12-30,17379.610702070622
Nifty Bank TRI,2015-12-31,17384.311568767833
Nifty Bank TRI,2016-01-01,17504.845471566357
Nifty Bank TRI,2016-01-04,17053.55808286174
Nifty Bank TRI,2016-01-05,16995.635220054108
Nifty Bank TRI,2016-01-06,16883.56680307594
Nifty Bank TRI,2016-01-07,16514.688418160724
Nifty Bank TRI,2016-01-08,16585.647756389182
Nifty Bank TRI,2016-01-11,16456.587161100226
Nifty Bank TRI,2016-01-12,16167.663805543063
Nifty Bank TRI,2016-01-13,16308.750950236925
Nifty Bank TRI,2016-01-14,16039.750448349341
Nifty Bank TRI,2016-01-15,15625.39250211808
Nifty Bank TRI,2016-01-18,15435.538427836695
Nifty Bank TRI,2016-01-19,15691.517009902045
Nifty Bank TRI,2016-01-20,15348.386158211228
Nifty Bank TRI,2016-01-21,15518.92123886489
Nifty Bank TRI,2016-01-22,15926.495294131184
Nifty Bank TRI,2016-01-25,15992.641998868243
Nifty Bank TRI,2016-01-27,15965.877967390456
Nifty Bank TRI,2016-01-28,15808.735665883325
Nifty Bank TRI,2016-01-29,15953.86264537966
Nifty Bank TRI,2016-02-01,15740.905640408115
Nifty Bank TRI,2016-02-02,15487.84630203304
Nifty Bank TRI,2016-02-03,15247.627173567507
Nifty Bank TRI,2016-02-04,15283.956692341739
Nifty Bank TRI,2016-02-05,15585.282407108518
Nifty Bank TRI,2016-02-08,15467.575291199802
Nifty Bank TRI,2016-02-09,15291.324033849953
Nifty Bank TRI,2016-02-10,14996.899417898161
Nifty Bank TRI,2016-02-11,14421.559061926102
Nifty Bank TRI,2016-02-12,14363.146247225275
Nifty Bank TRI,2016-02-15,14850.64895768601
Nifty Bank TRI,2016-02-16,14564.515367196276
Nifty Bank TRI,2016-02-17,14516.843099721114
Nifty Bank TRI,2016-02-18,14700.397744626693
Nifty Bank TRI,2016-02-19,14747.984601186157
Nifty Bank TRI,2016-02-22,14790.453773070061
Nifty Bank TRI,2016-02-23,14403.62351474141
Nifty Bank TRI,2016-02-24,14183.509103696282
Nifty Bank TRI,2016-02-25,13938.658250084776
Nifty Bank TRI,2016-02-26,14181.300612941202
Nifty Bank TRI,2016-02-29,14341.335500345334
Nifty Bank TRI,2016-03-01,14821.288620272007
Nifty Bank TRI,2016-03-02,15520.347597720627
Nifty Bank TRI,2016-03-03,15608.321432603341
Nifty Bank TRI,2016-03-04,15774.610097769772
Nifty Bank TRI,2016-03-08,15577.460501571837
Nifty Bank TRI,2016-03-09,15714.039083531457
Nifty Bank TRI,2016-03-10,15613.093981550408
Nifty Bank TRI,2016-03-11,15600.54462768856
Nifty Bank TRI,2016-03-14,15714.040268076424
Nifty Bank TRI,2016-03-15,15764.697600612706
Nifty Bank TRI,2016-03-16,15903.712662505653
Nifty Bank TRI,2016-03-17,15885.766636853248
Nifty Bank TRI,2016-03-18,16102.911208298276
Nifty Bank TRI,2016-03-21,16382.729656654501
Nifty Bank TRI,2016-03-22,16393.18239502916
Nifty Bank TRI,2016-03-23,16343.815844603925
Nifty Bank TRI,2016-03-28,16054.161518144763
Nifty Bank TRI,2016-03-29,16117.54133847303
Nifty Bank TRI,2016-03-30,16599.911579049032
Nifty Bank TRI,2016-03-31,16607.18037275067
Nifty Bank TRI,2016-04-01,16641.661867840085
Nifty Bank TRI,2016-04-04,16658.632607380972
Nifty Bank TRI,2016-04-05,16148.970839122541
Nifty Bank TRI,2016-04-06,16089.505481936525
Nifty Bank TRI,2016-04-07,15980.493430601591
Nifty Bank TRI,2016-04-08,16019.444223705024
Nifty Bank TRI,2016-04-11,16277.642515962038
Nifty Bank TRI,2016-04-12,16341.401238206263
Nifty Bank TRI,2016-04-13,16751.594280051002
Nifty Bank TRI,2016-04-18,16695.48885520499
Nifty Bank TRI,2016-04-20,16826.741266839203
Nifty Bank TRI,2016-04-21,17122.85893590779
Nifty Bank TRI,2016-04-22,17191.324610197316
Nifty Bank TRI,2016-04-25,17166.695084870054
Nifty Bank TRI,2016-04-26,17500.359951612136
Nifty Bank TRI,2016-04-27,17367.248288665665
Nifty Bank TRI,2016-04-28,17206.90976721992
Nifty Bank TRI,2016-04-29,17287.581783163554
Nifty Bank TRI,2016-05-02,17029.027541423726
Nifty Bank TRI,2016-05-03,16870.469759927997
Nifty Bank TRI,2016-05-04,16752.930511287494
Nifty Bank TRI,2016-05-05,16760.15354740074
Nifty Bank TRI,2016-05-06,16776.487020225515
Nifty Bank TRI,2016-05-09,17178.300680097098
Nifty Bank TRI,2016-05-10,17280.34913827353
Nifty Bank TRI,2016-05-11,17249.231450988136
Nifty Bank TRI,2016-05-12,17423.76500376156
Nifty Bank TRI,2016-05-13,17211.13751310897
Nifty Bank TRI,2016-05-16,17233.24515343879
Nifty Bank TRI,2016-05-17,17259.473338504977
Nifty Bank TRI,2016-05-18,17224.953061596992
Nifty Bank TRI,2016-05-19,17056.679606332935
Nifty Bank TRI,2016-05-20,16970.670710021244
Nifty Bank TRI,2016-05-23,16895.40885301116
Nifty Bank TRI,2016-05-24,16946.245921748032
Nifty Bank TRI,2016-05-25,17503.420518628613
Nifty Bank TRI,2016-05-26,17876.336268362073
Nifty Bank TRI,2016-05-27,18033.673735153887
Nifty Bank TRI,2016-05-30,18043.67361079067
Nifty Bank TRI,2016-05-31,18147.2134682638
Nifty Bank TRI,2016-06-01,17944.15857741869
Nifty Bank TRI,2016-06-02,18093.12049277949
Nifty Bank TRI,2016-06-03,18209.797703926553
Nifty Bank TRI,2016-06-06,18201.010327877415
Nifty Bank TRI,2016-06-07,18486.357262556594
Nifty Bank TRI,2016-06-08,18485.269932404623
Nifty Bank TRI,2016-06-09,18424.696866130318
Nifty Bank TRI,2016-06-10,18364.123822539193
Nifty Bank TRI,2016-06-13,18123.315601884984
Nifty Bank TRI,2016-06-14,18204.42536100459
Nifty Bank TRI,2016-06-15,18457.618398544822
Nifty Bank TRI,2016-06-16,18203.888925589028
Nifty Bank TRI,2016-06-17,18229.683419437348
Nifty Bank TRI,2016-06-20,18253.809079655417
Nifty Bank TRI,2016-06-21,18151.60085935125
Nifty Bank TRI,2016-06-22,18159.059523177428
Nifty Bank TRI,2016-06-23,18433.815710500035
Nifty Bank TRI,2016-06-24,17953.599636784
Nifty Bank TRI,2016-06-27,18046.07600297988
Nifty Bank TRI,2016-06-28,18094.3870682782
Nifty Bank TRI,2016-06-29,18226.92946103232
Nifty Bank TRI,2016-06-30,18480.185003540755
Nifty Bank TRI,2016-07-01,18532.264857710717
Nifty Bank TRI,2016-07-04,18648.58498612612
Nifty Bank TRI,2016-07-05,18552.64512334334
Nifty Bank TRI,2016-07-07,18636.362504092565
Nifty Bank TRI,2016-07-08,18565.922830527885
Nifty Bank TRI,2016-07-11,18952.985275161784
Nifty Bank TRI,2016-07-12,19238.40531621836
Nifty Bank TRI,2016-07-13,19188.581594016763
Nifty Bank TRI,2016-07-14,19441.19027174217
Nifty Bank TRI,2016-07-15,19534.162541131864
Nifty Bank TRI,2016-07-18,19503.944328944788
Nifty Bank TRI,2016-07-19,19485.45357453392
Nifty Bank TRI,2016-07-20,19550.757918505096
Nifty Bank TRI,2016-07-21,19248.14840204311
Nifty Bank TRI,2016-07-22,19265.058261571863
Nifty Bank TRI,2016-07-25,19574.418451655918
Nifty Bank TRI,2016-07-26,19442.021783263008
Nifty Bank TRI,2016-07-27,19608.406608598598
Nifty Bank TRI,2016-07-28,19665.013639313558
Nifty Bank TRI,2016-07-29,19538.126655082044
Nifty Bank TRI,2016-08-01,19319.964881617154
Nifty Bank TRI,2016-08-02,19286.93106384706
Nifty Bank TRI,2016-08-03,19177.70864350512
Nifty Bank TRI,2016-08-04,19146.78367478925
Nifty Bank TRI,2016-08-05,19512.322821514717
Nifty Bank TRI,2016-08-08,19527.200512587264
Nifty Bank TRI,2016-08-09,19521.18098520115
Nifty Bank TRI,2016-08-10,19227.131091636613
Nifty Bank TRI,2016-08-11,19219.815573379183
Nifty Bank TRI,2016-08-12,19553.484014569905
Nifty Bank TRI,2016-08-16,19594.41467455753
Nifty Bank TRI,2016-08-17,19635.054532057413
Nifty Bank TRI,2016-08-18,19956.64792366915
Nifty Bank TRI,2016-08-19,20020.805618044848
Nifty Bank TRI,2016-08-22,19934.699432535144
Nifty Bank TRI,2016-08-23,19946.782995089212
Nifty Bank TRI,2016-08-24,19961.49556320394
Nifty Bank TRI,2016-08-25,19908.864601898622
Nifty Bank TRI,2016-08-26,19797.29058879038
Nifty Bank TRI,2016-08-29,19820.180325756657
Nifty Bank TRI,2016-08-30,20144.93411137228
Nifty Bank TRI,2016-08-31,20409.358349241335
Nifty Bank TRI,2016-09-01,20410.981915010954
Nifty Bank TRI,2016-09-02,20508.63362529081
Nifty Bank TRI,2016-09-06,21070.09421946595
Nifty Bank TRI,2016-09-07,21050.53179765513
Nifty Bank TRI,2016-09-08,21061.552776278688
Nifty Bank TRI,2016-09-09,20884.519437205247
Nifty Bank TRI,2016-09-12,20416.464795004496
Nifty Bank TRI,2016-09-14,20539.437449272948
Nifty Bank TRI,2016-09-15,20465.906316314915
Nifty Bank TRI,2016-09-16,20484.707184017312
Nifty Bank TRI,2016-09-19,20538.74568056056
Nifty Bank TRI,2016-09-20,20482.80079328594
Nifty Bank TRI,2016-09-21,20458.52678345683
Nifty Bank TRI,2016-09-22,20748.950957080357
Nifty Bank TRI,2016-09-23,20534.88182800121
Nifty Bank TRI,2016-09-26,20215.96152502623
Nifty Bank TRI,2016-09-27,20140.91314296017
Nifty Bank TRI,2016-09-28,20280.395631670282
Nifty Bank TRI,2016-09-29,19795.832105132617
Nifty Bank TRI,2016-09-30,19901.463422450004
Nifty Bank TRI,2016-10-03,20215.493802070694
Nifty Bank TRI,2016-10-04,20302.149759589433
Nifty Bank TRI,2016-10-05,20162.283701960936
Nifty Bank TRI,2016-10-06,20016.273285462594
Nifty Bank TRI,2016-10-07,20021.811742240192
Nifty Bank TRI,2016-10-10,20000.555026304202
Nifty Bank TRI,2016-10-13,19563.59643949139
Nifty Bank TRI,2016-10-14,19631.936943606146
Nifty Bank TRI,2016-10-17,19684.770412789392
Nifty Bank TRI,2016-10-18,20123.430875181937
Nifty Bank TRI,2016-10-19,20038.13413695147
Nifty Bank TRI,2016-10-20,20293.018868252337
Nifty Bank TRI,2016-10-21,20347.237639893166
Nifty Bank TRI,2016-10-24,20448.37382826723
Nifty Bank TRI,2016-10-25,20476.582215911174
Nifty Bank TRI,2016-10-26,20114.245879429553
Nifty Bank TRI,2016-10-27,20146.579247577
Nifty Bank TRI,2016-10-28,20189.598625566858
Nifty Bank TRI,2016-11-01,20090.41082785558
Nifty Bank TRI,2016-11-02,19852.546060959197
Nifty Bank TRI,2016-11-03,19802.070835141967
Nifty Bank TRI,2016-11-04,19677.873618659236
Nifty Bank TRI,2016-11-07,19986.443793029644
Nifty Bank TRI,2016-11-08,20136.290666776255
Nifty Bank TRI,2016-11-09,20154.638609053163
Nifty Bank TRI,2016-11-10,20859.21671151928
Nifty Bank TRI,2016-11-11,20383.048061081518
Nifty Bank TRI,2016-11-15,19920.64588078561
Nifty Bank TRI,2016-11-16,19733.377573411333
Nifty Bank TRI,2016-11-17,19712.787782606276
Nifty Bank TRI,2016-11-18,19580.09274802588
Nifty Bank TRI,2016-11-21,19051.585518082204
Nifty Bank TRI,2016-11-22,19157.50387122804
Nifty Bank TRI,2016-11-23,19149.81311341892
Nifty Bank TRI,2016-11-24,18855.967841426653
Nifty Bank TRI,2016-11-25,19115.73618486536
Nifty Bank TRI,2016-11-28,18904.045974176162
Nifty Bank TRI,2016-11-29,18824.096716101947
Nifty Bank TRI,2016-11-30,19241.773319931504
Nifty Bank TRI,2016-12-01,19036.162899621268
Nifty Bank TRI,2016-12-02,18849.710599590046
Nifty Bank TRI,2016-12-05,19017.21522764894
Nifty Bank TRI,2016-12-06,19029.92343281343
Nifty Bank TRI,2016-12-07,18837.307708457334
Nifty Bank TRI,2016-12-08,19128.22474391772
Nifty Bank TRI,2016-12-09,19314.86144355456
Nifty Bank TRI,2016-12-12,19002.915441582078
Nifty Bank TRI,2016-12-13,19078.75374421407
Nifty Bank TRI,2016-12-14,18950.380739268847
Nifty Bank TRI,2016-12-15,19012.322718934363
Nifty Bank TRI,2016-12-16,18921.348574026866
Nifty Bank TRI,2016-12-19,18864.67283584003
Nifty Bank TRI,2016-12-20,18671.082951403354
Nifty Bank TRI,2016-12-21,18686.991407384063
Nifty Bank TRI,2016-12-22,18487.811863479084
Nifty Bank TRI,2016-12-23,18480.41701550094
Nifty Bank TRI,2016-12-26,18245.245640004236
Nifty Bank TRI,2016-12-27,18477.029847866706
Nifty Bank TRI,2016-12-28,18474.385566374858
Nifty Bank TRI,2016-12-29,18636.37272298113
Nifty Bank TRI,2016-12-30,18785.547759410685
Nifty Bank TRI,2017-01-02,18571.912765448775
Nifty Bank TRI,2017-01-03,18640.43027409243
Nifty Bank TRI,2017-01-04,18491.28431018102
Nifty Bank TRI,2017-01-05,18724.087754963373
Nifty Bank TRI,2017-01-06,18877.41765970028
Nifty Bank TRI,2017-01-09,18901.757487261544
Nifty Bank TRI,2017-01-10,19029.15399971695
Nifty Bank TRI,2017-01-11,19464.0212726507
Nifty Bank TRI,2017-01-12,19509.76982578594
Nifty Bank TRI,2017-01-13,19549.525596567753
Nifty Bank TRI,2017-01-16,19741.058582329948
Nifty Bank TRI,2017-01-17,19710.990611495592
Nifty Bank TRI,2017-01-18,19812.05540261253
Nifty Bank TRI,2017-01-19,19770.76918592025
Nifty Bank TRI,2017-01-20,19457.380157615375
Nifty Bank TRI,2017-01-23,19480.97642588912
Nifty Bank TRI,2017-01-24,19668.223773015092
Nifty Bank TRI,2017-01-25,20133.493452668245
Nifty Bank TRI,2017-01-27,20377.23426922232
Nifty Bank TRI,2017-01-30,20251.001923154312
Nifty Bank TRI,2017-01-31,20178.849938583484
Nifty Bank TRI,2017-02-01,20701.82825986716
Nifty Bank TRI,2017-02-02,20753.56048243957
Nifty Bank TRI,2017-02-03,20884.70900997713
Nifty Bank TRI,2017-02-06,21066.49658819882
Nifty Bank TRI,2017-02-07,21020.978445550056
Nifty Bank TRI,2017-02-08,20936.678370996357
Nifty Bank TRI,2017-02-09,20839.551518196447
Nifty Bank TRI,2017-02-10,20904.787552216094
Nifty Bank TRI,2017-02-13,20945.012421473395
Nifty Bank TRI,2017-02-14,20951.87000348086
Nifty Bank TRI,2017-02-15,20854.578277316345
Nifty Bank TRI,2017-02-16,20937.66227254901
Nifty Bank TRI,2017-02-17,21256.207187746364
Nifty Bank TRI,2017-02-20,21387.320904155215
Nifty Bank TRI,2017-02-21,21577.838817319516
Nifty Bank TRI,2017-02-22,21585.95008814601
Nifty Bank TRI,2017-02-23,21594.78691038692
Nifty Bank TRI,2017-02-27,21323.516632323273
Nifty Bank TRI,2017-02-28,21317.865058273193
Nifty Bank TRI,2017-03-01,21500.803576144317
Nifty Bank TRI,2017-03-02,21269.734934782045
Nifty Bank TRI,2017-03-03,21203.406328391004
Nifty Bank TRI,2017-03-06,21378.31104849698
Nifty Bank TRI,2017-03-07,21341.259906787553
Nifty Bank TRI,2017-03-08,21392.358321772685
Nifty Bank TRI,2017-03-09,21439.05918004849
Nifty Bank TRI,2017-03-10,21445.82637447013
Nifty Bank TRI,2017-03-14,21835.40533505142
Nifty Bank TRI,2017-03-15,21892.881704085965
Nifty Bank TRI,2017-03-16,21988.437716243257
Nifty Bank TRI,2017-03-17,21911.34558063902
Nifty Bank TRI,2017-03-20,21845.364884144936
Nifty Bank TRI,2017-03-21,21751.293557368634
Nifty Bank TRI,2017-03-22,21505.715740288917
Nifty Bank TRI,2017-03-23,21624.199178256793
Nifty Bank TRI,2017-03-24,21859.526027296342
Nifty Bank TRI,2017-03-27,21792.655800503224
Nifty Bank TRI,2017-03-28,21967.40318865802
Nifty Bank TRI,2017-03-29,22139.31011325147
Nifty Bank TRI,2017-03-30,22377.25394921883
Nifty Bank TRI,2017-03-31,22194.890803559585
Nifty Bank TRI,2017-04-03,22303.213162524462
Nifty Bank TRI,2017-04-05,22412.576031442368
Nifty Bank TRI,2017-04-06,22382.148561350165
Nifty Bank TRI,2017-04-07,22183.978846960883
Nifty Bank TRI,2017-04-10,22277.199760575673
Nifty Bank TRI,2017-04-11,22501.166865807667
Nifty Bank TRI,2017-04-12,22429.743808308373
Nifty Bank TRI,2017-04-13,22450.60749688362
Nifty Bank TRI,2017-04-17,22411.70173576869
Nifty Bank TRI,2017-04-18,22437.175169126083
Nifty Bank TRI,2017-04-19,22317.96189190632
Nifty Bank TRI,2017-04-20,22251.082363241516
Nifty Bank TRI,2017-04-21,22313.619258286224
Nifty Bank TRI,2017-04-24,22631.50238673672
Nifty Bank TRI,2017-04-25,22836.162760961277
Nifty Bank TRI,2017-04-26,23031.357084058884
Nifty Bank TRI,2017-04-27,23118.14522052029
Nifty Bank TRI,2017-04-28,23151.60675304161
Nifty Bank TRI,2017-05-02,23135.622284577756
Nifty Bank TRI,2017-05-03,23100.741304459065
Nifty Bank TRI,2017-05-04,23528.60817753486
Nifty Bank TRI,2017-05-05,23409.74349229792
Nifty Bank TRI,2017-05-08,23579.084261757056
Nifty Bank TRI,2017-05-09,23517.27964881385
Nifty Bank TRI,2017-05-10,23645.104936661755
Nifty Bank TRI,2017-05-11,23633.166913594956
Nifty Bank TRI,2017-05-12,23481.561879867477
Nifty Bank TRI,2017-05-15,23637.8751365896
Nifty Bank TRI,2017-05-16,23749.194895616612
Nifty Bank TRI,2017-05-17,23757.196633973686
Nifty Bank TRI,2017-05-18,23511.73352780929
Nifty Bank TRI,2017-05-19,23585.87163219553
Nifty Bank TRI,2017-05-22,23465.88186990205
Nifty Bank TRI,2017-05-23,23393.702062263248
Nifty Bank TRI,2017-05-24,23345.91470095475
Nifty Bank TRI,2017-05-25,24024.32100303124
Nifty Bank TRI,2017-05-26,24202.27619911841
Nifty Bank TRI,2017-05-29,24017.554250193825
Nifty Bank TRI,2017-05-30,24146.932935574812
Nifty Bank TRI,2017-05-31,24269.11615850606
Nifty Bank TRI,2017-06-01,24150.728886925324
Nifty Bank TRI,2017-06-02,24219.246532796722
Nifty Bank TRI,2017-06-05,24307.212313593136
Nifty Bank TRI,2017-06-06,24262.693919583337
Nifty Bank TRI,2017-06-07,24419.91407789921
Nifty Bank TRI,2017-06-08,24387.621761167768
Nifty Bank TRI,2017-06-09,24548.425194347685
Nifty Bank TRI,2017-06-12,24321.18945775678
Nifty Bank TRI,2017-06-13,24329.256554284642
Nifty Bank TRI,2017-06-14,24351.261081572437
Nifty Bank TRI,2017-06-15,24240.82862644436
Nifty Bank TRI,2017-06-16,24356.256631607805
Nifty Bank TRI,2017-06-19,24605.559832192568
Nifty Bank TRI,2017-06-20,24560.153479414515
Nifty Bank TRI,2017-06-21,24571.749659600624
Nifty Bank TRI,2017-06-22,24600.497700229913
Nifty Bank TRI,2017-06-23,24400.506502341286
Nifty Bank TRI,2017-06-27,24063.687212581423
Nifty Bank TRI,2017-06-28,24084.396696410407
Nifty Bank TRI,2017-06-29,24075.929987525262
Nifty Bank TRI,2017-06-30,24059.63418666753
Nifty Bank TRI,2017-07-03,24124.672774447827
Nifty Bank TRI,2017-07-04,24064.320297154885
Nifty Bank TRI,2017-07-05,24208.185490941683
Nifty Bank TRI,2017-07-06,24326.813253937195
Nifty Bank TRI,2017-07-07,24309.069927976223
Nifty Bank TRI,2017-07-10,24544.46040282948
Nifty Bank TRI,2017-07-11,24451.088085101146
Nifty Bank TRI,2017-07-12,24566.412609361978
Nifty Bank TRI,2017-07-13,24767.120826319446
Nifty Bank TRI,2017-07-14,24818.37982647174
Nifty Bank TRI,2017-07-17,24899.800592058844
Nifty Bank TRI,2017-07-18,24907.466413993716
Nifty Bank TRI,2017-07-19,25043.2898790843
Nifty Bank TRI,2017-07-20,25106.638601580216
Nifty Bank TRI,2017-07-21,25152.363957851798
Nifty Bank TRI,2017-07-24,25323.452715804164
Nifty Bank TRI,2017-07-25,25427.409248713593
Nifty Bank TRI,2017-07-26,25583.374850062195
Nifty Bank TRI,2017-07-27,25844.810817862675
Nifty Bank TRI,2017-07-28,25730.02067089459
Nifty Bank TRI,2017-07-31,26034.474632594447
Nifty Bank TRI,2017-08-01,26054.761827029022
Nifty Bank TRI,2017-08-02,25985.078082456832
Nifty Bank TRI,2017-08-03,25591.24024666658
Nifty Bank TRI,2017-08-04,25749.71899393168
Nifty Bank TRI,2017-08-07,25832.819551825618
Nifty Bank TRI,2017-08-08,25514.97358826532
Nifty Bank TRI,2017-08-09,25282.117568013527
Nifty Bank TRI,2017-08-10,25119.42422057848
Nifty Bank TRI,2017-08-11,24879.605208239856
Nifty Bank TRI,2017-08-14,25015.67889207382
Nifty Bank TRI,2017-08-16,25350.4726766481
Nifty Bank TRI,2017-08-17,25142.948259628854
Nifty Bank TRI,2017-08-18,24974.4729631317
Nifty Bank TRI,2017-08-21,24832.586606000823
Nifty Bank TRI,2017-08-22,24872.3638481022
Nifty Bank TRI,2017-08-23,25227.950678202833
Nifty Bank TRI,2017-08-24,25184.165299633238
Nifty Bank TRI,2017-08-28,25292.580028919758
Nifty Bank TRI,2017-08-29,25035.520395104548
Nifty Bank TRI,2017-08-30,25222.437039599467
Nifty Bank TRI,2017-08-31,25232.916129888177
Nifty Bank TRI,2017-09-01,25353.278201631638
Nifty Bank TRI,2017-09-04,25149.94612803115
Nifty Bank TRI,2017-09-05,25245.256085634726
Nifty Bank TRI,2017-09-06,25194.66580840443
Nifty Bank TRI,2017-09-07,25221.799866201676
Nifty Bank TRI,2017-09-08,25290.600547783353
Nifty Bank TRI,2017-09-11,25604.68505708095
Nifty Bank TRI,2017-09-12,25721.80532295643
Nifty Bank TRI,2017-09-13,25771.109865411334
Nifty Bank TRI,2017-09-14,25855.02567625222
Nifty Bank TRI,2017-09-15,25784.92729943677
Nifty Bank TRI,2017-09-18,25996.474784588157
Nifty Bank TRI,2017-09-19,25991.348044934537
Nifty Bank TRI,2017-09-20,25912.370877630412
Nifty Bank TRI,2017-09-21,25740.700222886313
Nifty Bank TRI,2017-09-22,25294.374874907637
Nifty Bank TRI,2017-09-25,25084.068249564323
Nifty Bank TRI,2017-09-26,25119.87610659003
Nifty Bank TRI,2017-09-27,24719.385660581
Nifty Bank TRI,2017-09-28,24922.42531324637
Nifty Bank TRI,2017-09-29,24969.39182482204
Nifty Bank TRI,2017-10-03,25023.351690844735
Nifty Bank TRI,2017-10-04,25034.03995301228
Nifty Bank TRI,2017-10-05,24977.08936603784
Nifty Bank TRI,2017-10-06,25114.49048261789
Nifty Bank TRI,2017-10-09,25179.99373975839
Nifty Bank TRI,2017-10-10,25279.613142247592
Nifty Bank TRI,2017-10-11,25030.83447920315
Nifty Bank TRI,2017-10-12,25294.770841719524
Nifty Bank TRI,2017-10-13,25635.656202759834
Nifty Bank TRI,2017-10-16,25651.349815423164
Nifty Bank TRI,2017-10-17,25592.11235655423
Nifty Bank TRI,2017-10-18,25247.93159094034
Nifty Bank TRI,2017-10-19,24932.659663585033
Nifty Bank TRI,2017-10-23,25016.491341059093
Nifty Bank TRI,2017-10-24,25155.284387313674
Nifty Bank TRI,2017-10-25,26000.80912639123
Nifty Bank TRI,2017-10-26,25987.005509798477
Nifty Bank TRI,2017-10-27,25797.737023794423
Nifty Bank TRI,2017-10-30,25953.759884461033
Nifty Bank TRI,2017-10-31,25986.173948356012
Nifty Bank TRI,2017-11-01,26475.911909744198
Nifty Bank TRI,2017-11-02,26410.754701200873
Nifty Bank TRI,2017-11-03,26643.229899233327
Nifty Bank TRI,2017-11-06,26561.90806321743
Nifty Bank TRI,2017-11-07,26281.51415737525
Nifty Bank TRI,2017-11-08,26160.97754947506
Nifty Bank TRI,2017-11-09,26272.557208602317
Nifty Bank TRI,2017-11-10,26488.644716528535
Nifty Bank TRI,2017-11-13,26343.83161242538
Nifty Bank TRI,2017-11-14,26267.69631058685
Nifty Bank TRI,2017-11-15,26199.87172294475
Nifty Bank TRI,2017-11-16,26436.861024882928
Nifty Bank TRI,2017-11-17,26730.065942923145
Nifty Bank TRI,2017-11-20,26773.14565032632
Nifty Bank TRI,2017-11-21,26762.051646940436
Nifty Bank TRI,2017-11-22,26771.997374757742
Nifty Bank TRI,2017-11-23,26740.848799342682
Nifty Bank TRI,2017-11-24,26786.382002005514
Nifty Bank TRI,2017-11-27,26904.38814665505
Nifty Bank TRI,2017-11-28,26857.498116296192
Nifty Bank TRI,2017-11-29,26805.252554334333
Nifty Bank TRI,2017-11-30,26324.252968066412
Nifty Bank TRI,2017-12-01,26178.731391066944
Nifty Bank TRI,2017-12-04,26058.585052375336
Nifty Bank TRI,2017-12-05,26110.713965093477
Nifty Bank TRI,2017-12-06,25827.37407630437
Nifty Bank TRI,2017-12-07,26041.314836885987
Nifty Bank TRI,2017-12-08,26316.010298189027
Nifty Bank TRI,2017-12-11,26404.295350830795
Nifty Bank TRI,2017-12-12,26114.330837863276
Nifty Bank TRI,2017-12-13,25984.733161981956
Nifty Bank TRI,2017-12-14,26159.620253990906
Nifty Bank TRI,2017-12-15,26442.873469124304
Nifty Bank TRI,2017-12-18,26604.509437781777
Nifty Bank TRI,2017-12-19,26731.395915354045
Nifty Bank TRI,2017-12-20,26602.4167284201
Nifty Bank TRI,2017-12-21,26563.976340341225
Nifty Bank TRI,2017-12-22,26662.38692406663
Nifty Bank TRI,2017-12-26,26691.890093696842
Nifty Bank TRI,2017-12-27,26506.02939519316
Nifty Bank TRI,2017-12-28,26500.172940300967
Nifty Bank TRI,2017-12-29,26552.01670570624
Nifty Bank TRI,2018-01-01,26323.184538648096
Nifty Bank TRI,2018-01-02,26344.56633335189
Nifty Bank TRI,2018-01-03,26324.56666220433
Nifty Bank TRI,2018-01-04,26474.721718243567
Nifty Bank TRI,2018-01-05,26619.942795384868
Nifty Bank TRI,2018-01-08,26698.457221331057
Nifty Bank TRI,2018-01-09,26727.699127291595
Nifty Bank TRI,2018-01-10,26638.18971927482
Nifty Bank TRI,2018-01-11,26683.963867219787
Nifty Bank TRI,2018-01-12,26776.067223479076
Nifty Bank TRI,2018-01-15,27110.31698195996
Nifty Bank TRI,2018-01-16,27012.694580736803
Nifty Bank TRI,2018-01-17,27339.895000310447
Nifty Bank TRI,2018-01-18,27598.572559700755
Nifty Bank TRI,2018-01-19,27986.009964237554
Nifty Bank TRI,2018-01-22,28124.3596177982
Nifty Bank TRI,2018-01-23,28488.222143060386
Nifty Bank TRI,2018-01-24,28496.95866189294
Nifty Bank TRI,2018-01-25,28546.41402447434
Nifty Bank TRI,2018-01-29,28603.204250981522
Nifty Bank TRI,2018-01-30,28365.054250532987
Nifty Bank TRI,2018-01-31,28480.35629344968
Nifty Bank TRI,2018-02-01,28315.68682634374
Nifty Bank TRI,2018-02-02,27515.63255553492
Nifty Bank TRI,2018-02-05,27150.384378298728
Nifty Bank TRI,2018-02-06,26851.79233134797
Nifty Bank TRI,2018-02-07,26705.232882741297
Nifty Bank TRI,2018-02-08,26966.433283611746
Nifty Bank TRI,2018-02-09,26491.429240917038
Nifty Bank TRI,2018-02-12,26740.29653317005
Nifty Bank TRI,2018-02-14,26366.247499850113
Nifty Bank TRI,2018-02-15,26453.141551106688
Nifty Bank TRI,2018-02-16,26182.58211477038
Nifty Bank TRI,2018-02-19,26074.248858495954
Nifty Bank TRI,2018-02-20,25883.0582110397
Nifty Bank TRI,2018-02-21,25948.308237282676
Nifty Bank TRI,2018-02-22,25967.984028892828
Nifty Bank TRI,2018-02-23,26329.810933499804
Nifty Bank TRI,2018-02-26,26732.172456176893
Nifty Bank TRI,2018-02-27,26415.93378740127
Nifty Bank TRI,2018-02-28,26128.929666041637
Nifty Bank TRI,2018-03-01,25916.169919335905
Nifty Bank TRI,2018-03-05,25830.597471652225
Nifty Bank TRI,2018-03-06,25445.668530375566
Nifty Bank TRI,2018-03-07,25118.908418469156
Nifty Bank TRI,2018-03-08,25476.895287233085
Nifty Bank TRI,2018-03-09,25288.71116161935
Nifty Bank TRI,2018-03-12,25672.74137028481
Nifty Bank TRI,2018-03-13,25750.658661482626
Nifty Bank TRI,2018-03-14,25868.704938164257
Nifty Bank TRI,2018-03-15,25806.87947024201
Nifty Bank TRI,2018-03-16,25492.621414903355
Nifty Bank TRI,2018-03-19,25239.39781989916
Nifty Bank TRI,2018-03-20,25159.755786681486
Nifty Bank TRI,2018-03-21,25251.155542086974
Nifty Bank TRI,2018-03-22,25132.784407393006
Nifty Bank TRI,2018-03-23,24642.7443724792
Nifty Bank TRI,2018-03-26,25241.510738027333
Nifty Bank TRI,2018-03-27,25439.53460096663
Nifty Bank TRI,2018-03-28,25262.119674429505
Nifty Bank TRI,2018-04-02,25332.02625557613
Nifty Bank TRI,2018-04-03,25522.055288731986
Nifty Bank TRI,2018-04-04,25125.64070790616
Nifty Bank TRI,2018-04-05,25782.38452410673
Nifty Bank TRI,2018-04-06,25900.83969151381
Nifty Bank TRI,2018-04-09,26131.890676068866
Nifty Bank TRI,2018-04-10,26270.822931184484
Nifty Bank TRI,2018-04-11,26137.380094819957
Nifty Bank TRI,2018-04-12,26238.669253293778
Nifty Bank TRI,2018-04-13,26244.826895579852
Nifty Bank TRI,2018-04-16,26371.355347201064
Nifty Bank TRI,2018-04-17,26385.951320214466
Nifty Bank TRI,2018-04-18,26144.59579362171
Nifty Bank TRI,2018-04-19,26169.86429093403
Nifty Bank TRI,2018-04-20,25980.41643096546
Nifty Bank TRI,2018-04-23,25999.192800109897
Nifty Bank TRI,2018-04-24,26084.45809987723
Nifty Bank TRI,2018-04-25,25847.70440379414
Nifty Bank TRI,2018-04-26,26052.81361021078
Nifty Bank TRI,2018-04-27,26452.93035416375
Nifty Bank TRI,2018-04-30,26596.946671302503
Nifty Bank TRI,2018-05-02,26636.05173587674
Nifty Bank TRI,2018-05-03,26674.980860828797
Nifty Bank TRI,2018-05-04,26717.24621820422
Nifty Bank TRI,2018-05-07,26933.85686943844
Nifty Bank TRI,2018-05-08,27182.72944063014
Nifty Bank TRI,2018-05-09,27249.802066622546
Nifty Bank TRI,2018-05-10,27225.81669185296
Nifty Bank TRI,2018-05-11,27520.239127501383
Nifty Bank TRI,2018-05-14,27586.193202510804
Nifty Bank TRI,2018-05-15,27585.446326455174
Nifty Bank TRI,2018-05-16,27281.790941028794
Nifty Bank TRI,2018-05-17,27169.335664744194
Nifty Bank TRI,2018-05-18,26963.248336067594
Nifty Bank TRI,2018-05-21,26834.52220064055
Nifty Bank TRI,2018-05-22,26862.9926168234
Nifty Bank TRI,2018-05-23,26766.77603697872
Nifty Bank TRI,2018-05-24,27113.048941403566
Nifty Bank TRI,2018-05-25,27381.065845232715
Nifty Bank TRI,2018-05-28,27737.48945892668
Nifty Bank TRI,2018-05-29,27363.318041269536
Nifty Bank TRI,2018-05-30,27439.84961801064
Nifty Bank TRI,2018-05-31,28095.250852011915
Nifty Bank TRI,2018-06-01,27821.177995237773
Nifty Bank TRI,2018-06-04,27368.87350596184
Nifty Bank TRI,2018-06-05,27362.493609697107
Nifty Bank TRI,2018-06-06,27484.480300887975
Nifty Bank TRI,2018-06-07,27641.496414130026
Nifty Bank TRI,2018-06-08,27572.680946474644
Nifty Bank TRI,2018-06-11,27576.330334658276
Nifty Bank TRI,2018-06-12,27736.85057339656
Nifty Bank TRI,2018-06-13,27774.522523113745
Nifty Bank TRI,2018-06-14,27691.00365957564
Nifty Bank TRI,2018-06-15,27540.44977030375
Nifty Bank TRI,2018-06-18,27533.35862495738
Nifty Bank TRI,2018-06-19,27384.1463928811
Nifty Bank TRI,2018-06-20,27688.980304739405
Nifty Bank TRI,2018-06-21,27626.094987669097
Nifty Bank TRI,2018-06-22,27907.954035454506
Nifty Bank TRI,2018-06-25,27745.467340186486
Nifty Bank TRI,2018-06-26,27737.58016320921
Nifty Bank TRI,2018-06-27,27552.11929841036
Nifty Bank TRI,2018-06-28,27449.547645209037
Nifty Bank TRI,2018-06-29,27491.28974235009
Nifty Bank TRI,2018-07-02,27353.01097139361
Nifty Bank TRI,2018-07-03,27326.13588043034
Nifty Bank TRI,2018-07-04,27566.278923289414
Nifty Bank TRI,2018-07-05,27639.053911846153
Nifty Bank TRI,2018-07-06,27629.650241590538
Nifty Bank TRI,2018-07-09,27901.595061210133
Nifty Bank TRI,2018-07-10,28049.367125505396
Nifty Bank TRI,2018-07-11,27968.10930931063
Nifty Bank TRI,2018-07-12,28187.958341202375
Nifty Bank TRI,2018-07-13,28093.923491593046
Nifty Bank TRI,2018-07-16,27828.13052895022
Nifty Bank TRI,2018-07-17,28171.021103358333
Nifty Bank TRI,2018-07-18,28038.80412522392
Nifty Bank TRI,2018-07-19,27944.081166053926
Nifty Bank TRI,2018-07-20,28031.689414888147
Nifty Bank TRI,2018-07-23,28173.842525611617
Nifty Bank TRI,2018-07-24,28139.096709069017
Nifty Bank TRI,2018-07-25,28198.91577421679
Nifty Bank TRI,2018-07-26,28590.68603783453
Nifty Bank TRI,2018-07-27,28829.010534344616
Nifty Bank TRI,2018-07-30,29047.6372103384
Nifty Bank TRI,2018-07-31,28966.267087741882
Nifty Bank TRI,2018-08-01,28791.933337211503
Nifty Bank TRI,2018-08-02,28541.326734725157
Nifty Bank TRI,2018-08-03,28896.064056831594
Nifty Bank TRI,2018-08-06,29109.29406656244
Nifty Bank TRI,2018-08-07,29086.190005106168
Nifty Bank TRI,2018-08-08,29281.31780079644
Nifty Bank TRI,2018-08-09,29550.53905622945
Nifty Bank TRI,2018-08-10,29346.76411436152
Nifty Bank TRI,2018-08-13,29004.001543397888
Nifty Bank TRI,2018-08-14,29241.67124206586
Nifty Bank TRI,2018-08-16,29038.977873921925
Nifty Bank TRI,2018-08-17,29354.617043936367
Nifty Bank TRI,2018-08-20,29508.116812941145
Nifty Bank TRI,2018-08-21,29491.536728033276
Nifty Bank TRI,2018-08-23,29252.45395005288
Nifty Bank TRI,2018-08-24,29051.287517059394
Nifty Bank TRI,2018-08-27,29501.00940613795
Nifty Bank TRI,2018-08-28,29507.182380537917
Nifty Bank TRI,2018-08-29,29460.12006312556
Nifty Bank TRI,2018-08-30,29334.45851267956
Nifty Bank TRI,2018-08-31,29291.62012490529
Nifty Bank TRI,2018-09-03,29040.17979360658
Nifty Bank TRI,2018-09-04,28634.840978847784
Nifty Bank TRI,2018-09-05,28578.208752214927
Nifty Bank TRI,2018-09-06,28675.39528073545
Nifty Bank TRI,2018-09-07,28689.175254455997
Nifty Bank TRI,2018-09-10,28398.579409682483
Nifty Bank TRI,2018-09-11,27987.441474548068
Nifty Bank TRI,2018-09-12,28000.114221162698
Nifty Bank TRI,2018-09-14,28360.86938682375
Nifty Bank TRI,2018-09-17,28003.55740833097
Nifty Bank TRI,2018-09-18,27608.44386034498
Nifty Bank TRI,2018-09-19,27437.551075835127
Nifty Bank TRI,2018-09-21,26727.934048421725
Nifty Bank TRI,2018-09-24,26074.97941173512
Nifty Bank TRI,2018-09-25,26451.338185837652
Nifty Bank TRI,2018-09-26,26499.756925842543
Nifty Bank TRI,2018-09-27,26151.241376506194
Nifty Bank TRI,2018-09-28,26232.81145141674
Nifty Bank TRI,2018-10-01,26492.21374282776
Nifty Bank TRI,2018-10-03,26182.79320275056
Nifty Bank TRI,2018-10-04,25921.493616791147
Nifty Bank TRI,2018-10-05,25529.369092804962
Nifty Bank TRI,2018-10-08,25713.302941736856
Nifty Bank TRI,2018-10-09,25618.98926766739
Nifty Bank TRI,2018-10-10,26448.80186111079
Nifty Bank TRI,2018-10-11,25887.539873758975
Nifty Bank TRI,2018-10-12,26527.121693839556
Nifty Bank TRI,2018-10-15,26520.278479542383
Nifty Bank TRI,2018-10-16,26731.30660354698
Nifty Bank TRI,2018-10-17,26312.79429772171
Nifty Bank TRI,2018-10-19,26206.265845130354
Nifty Bank TRI,2018-10-22,26200.03031289153
Nifty Bank TRI,2018-10-23,26089.560525328245
Nifty Bank TRI,2018-10-24,26185.843715664967
Nifty Bank TRI,2018-10-25,25928.476094310954
Nifty Bank TRI,2018-10-26,25514.74958024703
Nifty Bank TRI,2018-10-29,26078.802758964426
Nifty Bank TRI,2018-10-30,25920.4652037396
Nifty Bank TRI,2018-10-31,26281.892540807276
Nifty Bank TRI,2018-11-01,26460.372271744676
Nifty Bank TRI,2018-11-02,26855.77968501554
Nifty Bank TRI,2018-11-05,26889.02143863359
Nifty Bank TRI,2018-11-06,26749.227227050364
Nifty Bank TRI,2018-11-07,26929.089372470873
Nifty Bank TRI,2018-11-09,26931.330825727084
Nifty Bank TRI,2018-11-12,26690.980274275393
Nifty Bank TRI,2018-11-13,26930.586579216495
Nifty Bank TRI,2018-11-14,27099.86603033969
Nifty Bank TRI,2018-11-15,27335.04507511554
Nifty Bank TRI,2018-11-16,27430.392708630457
Nifty Bank TRI,2018-11-19,27489.381425759322
Nifty Bank TRI,2018-11-20,27294.01141151531
Nifty Bank TRI,2018-11-21,27449.88537444041
Nifty Bank TRI,2018-11-22,27175.851405890022
Nifty Bank TRI,2018-11-26,27560.374553463545
Nifty Bank TRI,2018-11-27,27641.839233157873
Nifty Bank TRI,2018-11-28,27657.814993364154
Nifty Bank TRI,2018-11-29,28161.769418981497
Nifty Bank TRI,2018-11-30,28082.101552701184
Nifty Bank TRI,2018-12-03,28077.83765589936
Nifty Bank TRI,2018-12-04,27907.10464832233
Nifty Bank TRI,2018-12-05,27725.4396563931
Nifty Bank TRI,2018-12-06,27389.98003498778
Nifty Bank TRI,2018-12-07,27804.448221919978
Nifty Bank TRI,2018-12-10,27291.766687263953
Nifty Bank TRI,2018-12-11,27355.732205973367
Nifty Bank TRI,2018-12-12,27858.532965218918
Nifty Bank TRI,2018-12-13,28039.356402478083
Nifty Bank TRI,2018-12-14,28049.906314297088
Nifty Bank TRI,2018-12-17,28249.754535394557
Nifty Bank TRI,2018-12-18,28416.376100668618
Nifty Bank TRI,2018-12-19,28546.197000747314
Nifty Bank TRI,2018-12-20,28522.298287051035
Nifty Bank TRI,2018-12-21,28098.76943601555
Nifty Bank TRI,2018-12-24,27938.15599918758
Nifty Bank TRI,2018-12-26,28223.58986481034
Nifty Bank TRI,2018-12-27,28110.839227581877
Nifty Bank TRI,2018-12-28,28369.31338031549
Nifty Bank TRI,2018-12-31,28407.26122808656
Nifty Bank TRI,2019-01-01,28650.593165404363
Nifty Bank TRI,2019-01-02,28423.358017751147
Nifty Bank TRI,2019-01-03,28199.098057719446
Nifty Bank TRI,2019-01-04,28445.523353402692
Nifty Bank TRI,2019-01-07,28561.514980030017
Nifty Bank TRI,2019-01-08,28776.370326186327
Nifty Bank TRI,2019-01-09,28997.458040361733
Nifty Bank TRI,2019-01-10,28797.24170410789
Nifty Bank TRI,2019-01-11,28719.62131477678
Nifty Bank TRI,2019-01-14,28505.890296847752
Nifty Bank TRI,2019-01-15,28665.89840614075
Nifty Bank TRI,2019-01-16,28753.14847495134
Nifty Bank TRI,2019-01-17,28800.75180981275
Nifty Bank TRI,2019-01-18,28725.842296769213
Nifty Bank TRI,2019-01-21,28807.71269303685
Nifty Bank TRI,2019-01-22,28754.457825611098
Nifty Bank TRI,2019-01-23,28512.708209621636
Nifty Bank TRI,2019-01-24,28529.55060975406
Nifty Bank TRI,2019-01-25,28371.91579332451
Nifty Bank TRI,2019-01-28,27889.613856660486
Nifty Bank TRI,2019-01-29,27806.723517083563
Nifty Bank TRI,2019-01-30,28070.98330234175
Nifty Bank TRI,2019-01-31,28563.219636401005
Nifty Bank TRI,2019-02-01,28344.453375690886
Nifty Bank TRI,2019-02-04,28451.178208979538
Nifty Bank TRI,2019-02-05,28540.703644026424
Nifty Bank TRI,2019-02-06,28677.90313110671
Nifty Bank TRI,2019-02-07,28662.465833648002
Nifty Bank TRI,2019-02-08,28565.86466732887
Nifty Bank TRI,2019-02-11,28497.562792377103
Nifty Bank TRI,2019-02-12,28270.852916379325
Nifty Bank TRI,2019-02-14,28229.75411337544
Nifty Bank TRI,2019-02-15,28045.63074098153
Nifty Bank TRI,2019-02-18,27900.46310388812
Nifty Bank TRI,2019-02-19,27932.950873375918
Nifty Bank TRI,2019-02-20,28216.72222873938
Nifty Bank TRI,2019-02-21,28318.620295677298
Nifty Bank TRI,2019-02-22,28125.57921711329
Nifty Bank TRI,2019-02-25,28432.3337288842
Nifty Bank TRI,2019-02-26,28216.8247768877
Nifty Bank TRI,2019-02-27,28056.43097405148
Nifty Bank TRI,2019-02-28,28047.048971231477
Nifty Bank TRI,2019-03-01,28313.431943562664
Nifty Bank TRI,2019-03-05,28849.420431241484
Nifty Bank TRI,2019-03-06,28924.859805895532
Nifty Bank TRI,2019-03-07,29070.819799608704
Nifty Bank TRI,2019-03-08,29068.365375487254
Nifty Bank TRI,2019-03-11,29284.29472384579
Nifty Bank TRI,2019-03-12,29784.307436432668
Nifty Bank TRI,2019-03-13,30246.170796786206
Nifty Bank TRI,2019-03-14,30287.29499824053
Nifty Bank TRI,2019-03-15,30767.767170528357
Nifty Bank TRI,2019-03-18,30994.068332719806
Nifty Bank TRI,2019-03-19,31174.441497752774
Nifty Bank TRI,2019-03-20,31242.343441547753
Nifty Bank TRI,2019-03-22,30981.855966494022
Nifty Bank TRI,2019-03-25,30667.809398864963
Nifty Bank TRI,2019-03-26,31297.73118343696
Nifty Bank TRI,2019-03-27,31442.417325098144
Nifty Bank TRI,2019-03-28,31862.68041970863
Nifty Bank TRI,2019-04-01,31766.252031939515
Nifty Bank TRI,2019-04-02,31795.840213142645
Nifty Bank TRI,2019-04-03,31523.01422135368
Nifty Bank TRI,2019-04-04,31326.176105399834
Nifty Bank TRI,2019-04-05,31514.985145397248
Nifty Bank TRI,2019-04-08,31265.792154201357
Nifty Bank TRI,2019-04-09,31547.639285957965
Nifty Bank TRI,2019-04-10,31223.024584640207
Nifty Bank TRI,2019-04-11,31205.306499759252
Nifty Bank TRI,2019-04-12,31365.535155429294
Nifty Bank TRI,2019-04-15,31540.68190825577
Nifty Bank TRI,2019-04-16,31988.68459060726
Nifty Bank TRI,2019-04-18,31667.073483558303
Nifty Bank TRI,2019-04-22,31108.08344704464
Nifty Bank TRI,2019-04-23,30890.37764895837
Nifty Bank TRI,2019-04-24,31290.22835627831
Nifty Bank TRI,2019-04-25,30976.949883581634
Nifty Bank TRI,2019-04-26,31451.26744289914
Nifty Bank TRI,2019-04-30,31192.697962196766
Nifty Bank TRI,2019-05-02,31134.820506344156
Nifty Bank TRI,2019-05-03,31392.673590849678
Nifty Bank TRI,2019-05-06,31042.37584939832
Nifty Bank TRI,2019-05-07,30696.751609047828
Nifty Bank TRI,2019-05-08,30389.32087660355
Nifty Bank TRI,2019-05-09,30274.73341632839
Nifty Bank TRI,2019-05-10,30438.63537080685
Nifty Bank TRI,2019-05-13,30041.239239504783
Nifty Bank TRI,2019-05-14,30219.14130925377
Nifty Bank TRI,2019-05-15,29996.625275473605
Nifty Bank TRI,2019-05-16,30247.492078116135
Nifty Bank TRI,2019-05-17,30871.547205165676
Nifty Bank TRI,2019-05-20,32245.88508638091
Nifty Bank TRI,2019-05-21,31773.301680050285
Nifty Bank TRI,2019-05-22,32002.782193378807
Nifty Bank TRI,2019-05-23,31879.912254549028
Nifty Bank TRI,2019-05-24,32722.760294336396
Nifty Bank TRI,2019-05-27,33180.54231697839
Nifty Bank TRI,2019-05-28,33128.92519776915
Nifty Bank TRI,2019-05-29,32812.463129204785
Nifty Bank TRI,2019-05-30,33066.26151569864
Nifty Bank TRI,2019-05-31,32897.26065883978
Nifty Bank TRI,2019-06-03,33190.637894500374
Nifty Bank TRI,2019-06-04,33123.444052231804
Nifty Bank TRI,2019-06-06,32357.314663268146
Nifty Bank TRI,2019-06-07,32577.164965939195
Nifty Bank TRI,2019-06-10,32544.63041015325
Nifty Bank TRI,2019-06-11,32787.88279214511
Nifty Bank TRI,2019-06-12,32474.0686817699
Nifty Bank TRI,2019-06-13,32485.50772951066
Nifty Bank TRI,2019-06-14,32106.656159313676
Nifty Bank TRI,2019-06-17,31750.489529289494
Nifty Bank TRI,2019-06-18,31832.55483506114
Nifty Bank TRI,2019-06-19,31844.717810321254
Nifty Bank TRI,2019-06-20,32284.706844460943
Nifty Bank TRI,2019-06-21,32125.021392430714
Nifty Bank TRI,2019-06-24,32099.014573189823
Nifty Bank TRI,2019-06-25,32356.529195931827
Nifty Bank TRI,2019-06-26,32687.79230410547
Nifty Bank TRI,2019-06-27,32800.72506994548
Nifty Bank TRI,2019-06-28,32628.913094536947
Nifty Bank TRI,2019-07-01,32910.609302164376
Nifty Bank TRI,2019-07-02,32817.88900688444
Nifty Bank TRI,2019-07-03,32922.284604690285
Nifty Bank TRI,2019-07-04,33016.76849367925
Nifty Bank TRI,2019-07-05,33021.4544458873
Nifty Bank TRI,2019-07-08,32108.262727412795
Nifty Bank TRI,2019-07-09,32072.383054668393
Nifty Bank TRI,2019-07-10,32023.543037340038
Nifty Bank TRI,2019-07-11,32228.087481126204
Nifty Bank TRI,2019-07-12,32107.84772218658
Nifty Bank TRI,2019-07-15,31946.262631414073
Nifty Bank TRI,2019-07-16,32077.791987115615
Nifty Bank TRI,2019-07-17,32251.138278599326
Nifty Bank TRI,2019-07-18,31931.725521774195
Nifty Bank TRI,2019-07-19,31239.417362617147
Nifty Bank TRI,2019-07-22,30731.574006766503
Nifty Bank TRI,2019-07-23,30567.476934248945
Nifty Bank TRI,2019-07-24,30383.435258699516
Nifty Bank TRI,2019-07-25,30479.22374471853
Nifty Bank TRI,2019-07-26,30775.934994643554
Nifty Bank TRI,2019-07-29,30746.590923035088
Nifty Bank TRI,2019-07-30,30217.812801797583
Nifty Bank TRI,2019-07-31,30306.8903910101
Nifty Bank TRI,2019-08-01,29773.417963779986
Nifty Bank TRI,2019-08-02,29603.556757121634
Nifty Bank TRI,2019-08-05,29020.469083008004
Nifty Bank TRI,2019-08-06,29413.567008422484
Nifty Bank TRI,2019-08-07,29078.102050434307
Nifty Bank TRI,2019-08-08,29507.270237845783
Nifty Bank TRI,2019-08-09,29845.18326578864
Nifty Bank TRI,2019-08-13,29109.354863098768
Nifty Bank TRI,2019-08-14,29414.376337188714
Nifty Bank TRI,2019-08-16,29622.99664983111
Nifty Bank TRI,2019-08-19,29592.010494439604
Nifty Bank TRI,2019-08-20,29378.68326803524
Nifty Bank TRI,2019-08-21,29102.618736600627
Nifty Bank TRI,2019-08-22,28384.04838232049
Nifty Bank TRI,2019-08-23,28305.190892084905
Nifty Bank TRI,2019-08-26,29348.91580938157
Nifty Bank TRI,2019-08-27,29532.940308802183
Nifty Bank TRI,2019-08-28,29195.470858914996
Nifty Bank TRI,2019-08-29,28671.86665940385
Nifty Bank TRI,2019-08-30,28801.127593294634
Nifty Bank TRI,2019-09-03,28169.04726522569
Nifty Bank TRI,2019-09-04,28484.23917672145
Nifty Bank TRI,2019-09-05,28270.312684712477
Nifty Bank TRI,2019-09-06,28615.44900580922
Nifty Bank TRI,2019-09-09,28886.504343163302
Nifty Bank TRI,2019-09-11,29172.651549869166
Nifty Bank TRI,2019-09-12,29217.557530672093
Nifty Bank TRI,2019-09-13,29512.38531013452
Nifty Bank TRI,2019-09-16,29257.80987833154
Nifty Bank TRI,2019-09-17,28498.602922279988
Nifty Bank TRI,2019-09-18,28542.031265407877
Nifty Bank TRI,2019-09-19,28106.57743520677
Nifty Bank TRI,2019-09-20,30443.089379019395
Nifty Bank TRI,2019-09-23,32109.22920010296
Nifty Bank TRI,2019-09-24,31707.309416457698
Nifty Bank TRI,2019-09-25,31080.619383756624
Nifty Bank TRI,2019-09-26,31518.726797813328
Nifty Bank TRI,2019-09-27,31386.927014248064
Nifty Bank TRI,2019-09-30,30575.828557615045
Nifty Bank TRI,2019-10-01,30179.562572195922
Nifty Bank TRI,2019-10-03,29853.37719724888
Nifty Bank TRI,2019-10-04,29137.04595419401
Nifty Bank TRI,2019-10-07,29175.989634311056
Nifty Bank TRI,2019-10-09,30246.92985095161
Nifty Bank TRI,2019-10-10,29435.806913882752
Nifty Bank TRI,2019-10-11,29466.815326557444
Nifty Bank TRI,2019-10-14,29614.802413586098
Nifty Bank TRI,2019-10-15,30007.416325713453
Nifty Bank TRI,2019-10-16,29990.779722264288
Nifty Bank TRI,2019-10-17,30464.854914033254
Nifty Bank TRI,2019-10-18,30602.813954828674
Nifty Bank TRI,2019-10-22,30910.54955209588
Nifty Bank TRI,2019-10-23,30961.97583454245
Nifty Bank TRI,2019-10-24,30592.893077145025
Nifty Bank TRI,2019-10-25,30896.091427890322
Nifty Bank TRI,2019-10-29,31399.59755478033
Nifty Bank TRI,2019-10-30,31520.41149609512
Nifty Bank TRI,2019-10-31,31603.70466795064
Nifty Bank TRI,2019-11-01,31882.042779310657
Nifty Bank TRI,2019-11-04,31886.28865137835
Nifty Bank TRI,2019-11-05,31767.76003854392
Nifty Bank TRI,2019-11-06,32178.000682559203
Nifty Bank TRI,2019-11-07,32203.28560078262
Nifty Bank TRI,2019-11-08,32326.023552007762
Nifty Bank TRI,2019-11-11,32712.554941743907
Nifty Bank TRI,2019-11-13,32110.146203092674
Nifty Bank TRI,2019-11-14,32329.77735064008
Nifty Bank TRI,2019-11-15,32602.04081992933
Nifty Bank TRI,2019-11-18,32586.50334695684
Nifty Bank TRI,2019-11-19,32843.752085171305
Nifty Bank TRI,2019-11-20,32967.94363438415
Nifty Bank TRI,2019-11-21,32964.38233879817
Nifty Bank TRI,2019-11-22,32714.294194174032
Nifty Bank TRI,2019-11-25,33183.11323312261
Nifty Bank TRI,2019-11-26,33354.48559083829
Nifty Bank TRI,2019-11-27,33520.76370160104
Nifty Bank TRI,2019-11-28,33781.06228410303
Nifty Bank TRI,2019-11-29,33595.63432839587
Nifty Bank TRI,2019-12-02,33518.776242907166
Nifty Bank TRI,2019-12-03,33247.88087081622
Nifty Bank TRI,2019-12-04,33633.303962359416
Nifty Bank TRI,2019-12-05,33353.72267944364
Nifty Bank TRI,2019-12-06,32963.6486002877
Nifty Bank TRI,2019-12-09,32939.077868181135
Nifty Bank TRI,2019-12-10,32775.21637229715
Nifty Bank TRI,2019-12-11,32877.15111459743
Nifty Bank TRI,2019-12-12,33307.58347803453
Nifty Bank TRI,2019-12-13,33675.02419763685
Nifty Bank TRI,2019-12-16,33634.54829963004
Nifty Bank TRI,2019-12-17,33809.775461421166
Nifty Bank TRI,2019-12-18,33919.73327549686
Nifty Bank TRI,2019-12-19,33917.342453747384
Nifty Bank TRI,2019-12-20,34068.85948265
Nifty Bank TRI,2019-12-23,34022.66526368979
Nifty Bank TRI,2019-12-24,33961.467062529664
Nifty Bank TRI,2019-12-26,33664.78177547326
Nifty Bank TRI,2019-12-27,34101.59399490916
Nifty Bank TRI,2019-12-30,34042.82329856553
Nifty Bank TRI,2019-12-31,33840.045867059336
Nifty Bank TRI,2020-01-01,33778.78315074002
Nifty Bank TRI,2020-01-02,34138.090211139744
Nifty Bank TRI,2020-01-03,33744.48141045297
Nifty Bank TRI,2020-01-06,32870.529658286236
Nifty Bank TRI,2020-01-07,33041.804806852975
Nifty Bank TRI,2020-01-08,33015.24862486249
Nifty Bank TRI,2020-01-09,33772.159693201895
Nifty Bank TRI,2020-01-10,33777.9746117133
Nifty Bank TRI,2020-01-13,33864.09022687533
Nifty Bank TRI,2020-01-14,33753.087540840934
Nifty Bank TRI,2020-01-15,33493.94960990798
Nifty Bank TRI,2020-01-16,33525.019576841216
Nifty Bank TRI,2020-01-17,33248.50349665017
Nifty Bank TRI,2020-01-20,32713.346387765865
Nifty Bank TRI,2020-01-21,32573.788419648514
Nifty Bank TRI,2020-01-22,32315.283922618004
Nifty Bank TRI,2020-01-23,32634.326345896705
Nifty Bank TRI,2020-01-24,32885.06301044195
Nifty Bank TRI,2020-01-27,32461.039554402414
Nifty Bank TRI,2020-01-28,32381.568372713726
Nifty Bank TRI,2020-01-29,32503.788825407584
Nifty Bank TRI,2020-01-30,32262.620900704776
Nifty Bank TRI,2020-01-31,32459.16505357218
Nifty Bank TRI,2020-02-03,31607.646311617984
Nifty Bank TRI,2020-02-04,32306.636393826357
Nifty Bank TRI,2020-02-05,32639.062859658723
Nifty Bank TRI,2020-02-06,32957.65721479893
Nifty Bank TRI,2020-02-07,32850.70026027635
Nifty Bank TRI,2020-02-10,32700.909606469297
Nifty Bank TRI,2020-02-11,32956.72245682191
Nifty Bank TRI,2020-02-12,33159.74100875002
Nifty Bank TRI,2020-02-13,32883.72775439752
Nifty Bank TRI,2020-02-14,32467.873331043556
Nifty Bank TRI,2020-02-17,32307.197587190145
Nifty Bank TRI,2020-02-18,32183.259280461694
Nifty Bank TRI,2020-02-19,32474.110955826178
Nifty Bank TRI,2020-02-20,32584.846534827484
Nifty Bank TRI,2020-02-24,32073.314971472755
Nifty Bank TRI,2020-02-25,32050.249263435537
Nifty Bank TRI,2020-02-26,31918.23328511979
Nifty Bank TRI,2020-02-27,31792.532091104775
Nifty Bank TRI,2020-02-28,30697.879589434233
Nifty Bank TRI,2020-03-02,30405.793048774663
Nifty Bank TRI,2020-03-03,30731.383995141772
Nifty Bank TRI,2020-03-04,30180.64650365457
Nifty Bank TRI,2020-03-05,30351.408288399925
Nifty Bank TRI,2020-03-06,29283.939559569368
Nifty Bank TRI,2020-03-09,27875.066432802436
Nifty Bank TRI,2020-03-11,27902.526702869043
Nifty Bank TRI,2020-03-12,25251.87440126363
Nifty Bank TRI,2020-03-13,26511.469527268222
Nifty Bank TRI,2020-03-16,24336.986595607614
Nifty Bank TRI,2020-03-17,23340.760953154968
Nifty Bank TRI,2020-03-18,21681.882958717702
Nifty Bank TRI,2020-03-19,21158.941349827128
Nifty Bank TRI,2020-03-20,21405.927226544285
Nifty Bank TRI,2020-03-23,17824.73293180602
Nifty Bank TRI,2020-03-24,18024.8471158567
Nifty Bank TRI,2020-03-25,19472.596816514495
Nifty Bank TRI,2020-03-26,20666.56459059273
Nifty Bank TRI,2020-03-27,21041.066753728224
Nifty Bank TRI,2020-03-30,19791.73512729985
Nifty Bank TRI,2020-03-31,20173.096886678868
Nifty Bank TRI,2020-04-01,19187.464313635923
Nifty Bank TRI,2020-04-03,18177.44011572156
Nifty Bank TRI,2020-04-07,20089.518860362085
Nifty Bank TRI,2020-04-08,19967.542707019074
Nifty Bank TRI,2020-04-09,20987.160097059994
Nifty Bank TRI,2020-04-13,20539.961592432817
Nifty Bank TRI,2020-04-15,20086.407689558615
Nifty Bank TRI,2020-04-16,20448.216034526915
Nifty Bank TRI,2020-04-17,21799.26122849054
Nifty Bank TRI,2020-04-20,21632.942367886397
Nifty Bank TRI,2020-04-21,20459.7462017262
Nifty Bank TRI,2020-04-22,20768.41588071584
Nifty Bank TRI,2020-04-23,21365.511405212397
Nifty Bank TRI,2020-04-24,20647.656637793283
Nifty Bank TRI,2020-04-27,21169.983778715854
Nifty Bank TRI,2020-04-28,21792.277937182524
Nifty Bank TRI,2020-04-29,22234.47321465289
Nifty Bank TRI,2020-04-30,22703.251897716662
Nifty Bank TRI,2020-05-04,20816.675392127054
Nifty Bank TRI,2020-05-05,20319.35850453031
Nifty Bank TRI,2020-05-06,20765.482747021953
Nifty Bank TRI,2020-05-07,20552.04439511699
Nifty Bank TRI,2020-05-08,20405.922815464688
Nifty Bank TRI,2020-05-11,19982.60897519464
Nifty Bank TRI,2020-05-12,19890.51060934082
Nifty Bank TRI,2020-05-13,20705.013839987234
Nifty Bank TRI,2020-05-14,20108.02362289326
Nifty Bank TRI,2020-05-15,19861.011533726647
Nifty Bank TRI,2020-05-18,18532.42023640239
Nifty Bank TRI,2020-05-19,18441.026979255155
Nifty Bank TRI,2020-05-20,18814.610530170256
Nifty Bank TRI,2020-05-21,18704.076833363102
Nifty Bank TRI,2020-05-22,18223.251112696453
Nifty Bank TRI,2020-05-26,18394.72911827605
Nifty Bank TRI,2020-05-27,19734.762085807586
Nifty Bank TRI,2020-05-28,20219.482478978618
Nifty Bank TRI,2020-05-29,20354.243800167053
Nifty Bank TRI,2020-06-01,21054.224871287395
Nifty Bank TRI,2020-06-02,21656.145670036014
Nifty Bank TRI,2020-06-03,22089.520675843494
Nifty Bank TRI,2020-06-04,21509.435853709798
Nifty Bank TRI,2020-06-05,22189.194252005276
Nifty Bank TRI,2020-06-08,22351.532774290805
Nifty Bank TRI,2020-06-09,21864.031404194735
Nifty Bank TRI,2020-06-10,22260.21778548351
Nifty Bank TRI,2020-06-11,21654.01156009244
Nifty Bank TRI,2020-06-12,21790.885721492094
Nifty Bank TRI,2020-06-15,21009.464798004912
Nifty Bank TRI,2020-06-16,21414.74940389772
Nifty Bank TRI,2020-06-17,21314.918970287876
Nifty Bank TRI,2020-06-18,22111.409600326744
Nifty Bank TRI,2020-06-19,22514.6218765755
Nifty Bank TRI,2020-06-22,22906.411868360614
Nifty Bank TRI,2020-06-23,23494.062917657186
Nifty Bank TRI,2020-06-24,22610.065244039797
Nifty Bank TRI,2020-06-25,22694.168504727593
Nifty Bank TRI,2020-06-26,22785.18727947983
Nifty Bank TRI,2020-06-29,22540.36601871788
Nifty Bank TRI,2020-06-30,22552.502499611128
Nifty Bank TRI,2020-07-01,23193.940093800895
Nifty Bank TRI,2020-07-02,23168.56872656584
Nifty Bank TRI,2020-07-03,23062.567205907988
Nifty Bank TRI,2020-07-06,23429.45876107127
Nifty Bank TRI,2020-07-07,23882.683396072076
Nifty Bank TRI,2020-07-08,23837.32053086923
Nifty Bank TRI,2020-07-09,24178.155695425066
Nifty Bank TRI,2020-07-10,23641.565999268612
Nifty Bank TRI,2020-07-13,23316.351783409576
Nifty Bank TRI,2020-07-14,22580.948272685244
Nifty Bank TRI,2020-07-15,22527.009002798084
Nifty Bank TRI,2020-07-16,22798.035194202872
Nifty Bank TRI,2020-07-17,23188.61935184287
Nifty Bank TRI,2020-07-20,23564.574196392845
Nifty Bank TRI,2020-07-21,24050.736445153736
Nifty Bank TRI,2020-07-22,24157.33412314266
Nifty Bank TRI,2020-07-23,24370.248019235587
Nifty Bank TRI,2020-07-24,23925.282735639117
Nifty Bank TRI,2020-07-27,23067.780187395638
Nifty Bank TRI,2020-07-28,23338.919988104957
Nifty Bank TRI,2020-07-29,23309.105950102257
Nifty Bank TRI,2020-07-30,22855.737924445417
Nifty Bank TRI,2020-07-31,22848.933626702084
Nifty Bank TRI,2020-08-03,22250.34809851477
Nifty Bank TRI,2020-08-04,22692.51504289062
Nifty Bank TRI,2020-08-05,22713.42410080302
Nifty Bank TRI,2020-08-06,22853.87053706744
Nifty Bank TRI,2020-08-07,22971.88190191808
Nifty Bank TRI,2020-08-10,23127.45591989278
Nifty Bank TRI,2020-08-11,23473.110557396627
Nifty Bank TRI,2020-08-12,23512.35923235595
Nifty Bank TRI,2020-08-13,23441.29955234644
Nifty Bank TRI,2020-08-14,22895.730644176216
Nifty Bank TRI,2020-08-17,22919.5093796191
Nifty Bank TRI,2020-08-18,23416.02274697833
Nifty Bank TRI,2020-08-19,23538.18600178832
Nifty Bank TRI,2020-08-20,23236.01917012945
Nifty Bank TRI,2020-08-21,23553.42650909036
Nifty Bank TRI,2020-08-24,24118.003086270604
Nifty Bank TRI,2020-08-25,24392.137519478278
Nifty Bank TRI,2020-08-26,24732.721358597824
Nifty Bank TRI,2020-08-27,24929.7627197667
Nifty Bank TRI,2020-08-28,25905.656387984494
Nifty Bank TRI,2020-08-31,25094.081486703955
Nifty Bank TRI,2020-09-01,25155.395318925614
Nifty Bank TRI,2020-09-02,25221.888092287463
Nifty Bank TRI,2020-09-03,24859.197616439007
Nifty Bank TRI,2020-09-04,24310.928186948167
Nifty Bank TRI,2020-09-07,24241.917745516486
Nifty Bank TRI,2020-09-08,24030.320049636695
Nifty Bank TRI,2020-09-09,23526.31377522313
Nifty Bank TRI,2020-09-10,23737.167502519664
Nifty Bank TRI,2020-09-11,23752.08438284163
Nifty Bank TRI,2020-09-14,23353.102066770538
Nifty Bank TRI,2020-09-15,23738.531496918145
Nifty Bank TRI,2020-09-16,23852.936075571586
Nifty Bank TRI,2020-09-17,23585.77068364059
Nifty Bank TRI,2020-09-18,23280.45174672972
Nifty Bank TRI,2020-09-21,22579.640926088985
Nifty Bank TRI,2020-09-22,22339.38066243657
Nifty Bank TRI,2020-09-23,22381.38477254828
Nifty Bank TRI,2020-09-24,21619.10055585756
Nifty Bank TRI,2020-09-25,22174.81988750116
Nifty Bank TRI,2020-09-28,22897.9201663438
Nifty Bank TRI,2020-09-29,22629.631706343782
Nifty Bank TRI,2020-09-30,22672.807541784052
Nifty Bank TRI,2020-10-01,23512.596565633787
Nifty Bank TRI,2020-10-05,23646.20894516568
Nifty Bank TRI,2020-10-06,24156.873828702137
Nifty Bank TRI,2020-10-07,24274.708246236904
Nifty Bank TRI,2020-10-08,24514.580869445683
Nifty Bank TRI,2020-10-09,25207.843038550847
Nifty Bank TRI,2020-10-12,25067.426700806012
Nifty Bank TRI,2020-10-13,24834.62971344566
Nifty Bank TRI,2020-10-14,25239.348916288483
Nifty Bank TRI,2020-10-15,24391.640999818246
Nifty Bank TRI,2020-10-16,24879.248675459236
Nifty Bank TRI,2020-10-19,25655.962208679462
Nifty Bank TRI,2020-10-20,25704.013014581662
Nifty Bank TRI,2020-10-21,26046.200467122762
Nifty Bank TRI,2020-10-22,25887.080147124845
Nifty Bank TRI,2020-10-23,25881.319239298093
Nifty Bank TRI,2020-10-26,25456.628261432506
Nifty Bank TRI,2020-10-27,26190.924838146697
Nifty Bank TRI,2020-10-28,25623.52816525251
Nifty Bank TRI,2020-10-29,25475.380218820603
Nifty Bank TRI,2020-10-30,25273.721460555775
Nifty Bank TRI,2020-11-02,26323.569968206473
Nifty Bank TRI,2020-11-03,27159.749965193136
Nifty Bank TRI,2020-11-04,27254.10174098857
Nifty Bank TRI,2020-11-05,27827.20708734162
Nifty Bank TRI,2020-11-06,28341.47761180216
Nifty Bank TRI,2020-11-09,29120.373501299757
Nifty Bank TRI,2020-11-10,30254.522918253984
Nifty Bank TRI,2020-11-11,30507.795800046017
Nifty Bank TRI,2020-11-12,29909.447374897587
Nifty Bank TRI,2020-11-13,30107.61607643237
Nifty Bank TRI,2020-11-17,30866.515985743663
Nifty Bank TRI,2020-11-18,31468.413798999252
Nifty Bank TRI,2020-11-19,30573.198535606316
Nifty Bank TRI,2020-11-20,30925.893552509962
Nifty Bank TRI,2020-11-23,30703.35884752005
Nifty Bank TRI,2020-11-24,31458.177530043504
Nifty Bank TRI,2020-11-25,30886.534212022656
Nifty Bank TRI,2020-11-26,31260.85066265709
Nifty Bank TRI,2020-11-27,31324.098323072416
Nifty Bank TRI,2020-12-01,31547.058068954226
Nifty Bank TRI,2020-12-02,31172.29952998844
Nifty Bank TRI,2020-12-03,31157.574071899944
Nifty Bank TRI,2020-12-04,31796.773277493172
Nifty Bank TRI,2020-12-07,31966.73207025641
Nifty Bank TRI,2020-12-08,32020.531237523224
Nifty Bank TRI,2020-12-09,32494.569308334958
Nifty Bank TRI,2020-12-10,32284.476252627162
Nifty Bank TRI,2020-12-11,32385.00167003423
Nifty Bank TRI,2020-12-14,32535.855346044103
Nifty Bank TRI,2020-12-15,32478.34444633214
Nifty Bank TRI,2020-12-16,32486.654122988944
Nifty Bank TRI,2020-12-17,32644.49839493261
Nifty Bank TRI,2020-12-18,32504.915438403426
Nifty Bank TRI,2020-12-21,31174.909197988847
Nifty Bank TRI,2020-12-22,31354.811185080645
Nifty Bank TRI,2020-12-23,31627.698837700438
Nifty Bank TRI,2020-12-24,32177.41428141371
Nifty Bank TRI,2020-12-28,32686.26025128072
Nifty Bank TRI,2020-12-29,33154.16723994148
Nifty Bank TRI,2020-12-30,33134.12334281334
Nifty Bank TRI,2020-12-31,33093.38403671381
Nifty Bank TRI,2021-01-01,33053.48897054616
Nifty Bank TRI,2021-01-04,33040.92765418963
Nifty Bank TRI,2021-01-05,33581.14342160725
Nifty Bank TRI,2021-01-06,33661.77816130758
Nifty Bank TRI,2021-01-07,33829.69905619436
Nifty Bank TRI,2021-01-08,33965.97136243005
Nifty Bank TRI,2021-01-11,33877.33415805868
Nifty Bank TRI,2021-01-12,34237.95940481751
Nifty Bank TRI,2021-01-13,34488.01212419115
Nifty Bank TRI,2021-01-14,34430.45090602499
Nifty Bank TRI,2021-01-15,34142.023704947256
Nifty Bank TRI,2021-01-18,33683.058875745846
Nifty Bank TRI,2021-01-19,34332.78603431659
Nifty Bank TRI,2021-01-20,34459.19333702768
Nifty Bank TRI,2021-01-21,34081.9518273626
Nifty Bank TRI,2021-01-22,33002.80852587191
Nifty Bank TRI,2021-01-25,33037.416704611656
Nifty Bank TRI,2021-01-27,32070.74994431052
Nifty Bank TRI,2021-01-28,32149.376297950985
Nifty Bank TRI,2021-01-29,32369.329973414613
Nifty Bank TRI,2021-02-01,35043.530469796875
Nifty Bank TRI,2021-02-02,36292.60382754854
Nifty Bank TRI,2021-02-03,36812.741524907826
Nifty Bank TRI,2021-02-04,37434.36070682045
Nifty Bank TRI,2021-02-05,37762.98760487389
Nifty Bank TRI,2021-02-08,38113.47340120213
Nifty Bank TRI,2021-02-09,38191.26244427692
Nifty Bank TRI,2021-02-10,37902.29792848591
Nifty Bank TRI,2021-02-11,37870.0822354526
Nifty Bank TRI,2021-02-12,38248.64245044912
Nifty Bank TRI,2021-02-15,39518.88844400486
Nifty Bank TRI,2021-02-16,39299.352819134096
Nifty Bank TRI,2021-02-17,39101.4231097938
Nifty Bank TRI,2021-02-18,38758.883969306975
Nifty Bank TRI,2021-02-19,37969.85892383976
Nifty Bank TRI,2021-02-22,37352.5902844042
Nifty Bank TRI,2021-02-23,37204.61433818547
Nifty Bank TRI,2021-02-24,38619.98363833646
Nifty Bank TRI,2021-02-25,38723.06740222045
Nifty Bank TRI,2021-02-26,36874.45024538926
Nifty Bank TRI,2021-03-01,37397.98434609227
Nifty Bank TRI,2021-03-02,37529.66488678305
Nifty Bank TRI,2021-03-03,38535.14125580796
Nifty Bank TRI,2021-03-04,37936.511893406285
Nifty Bank TRI,2021-03-05,37328.537406277836
Nifty Bank TRI,2021-03-08,37380.81371715001
Nifty Bank TRI,2021-03-09,38006.53653194734
Nifty Bank TRI,2021-03-10,38084.14936874759
Nifty Bank TRI,2021-03-12,37617.35847517981
Nifty Bank TRI,2021-03-15,37286.32736743289
Nifty Bank TRI,2021-03-16,36886.38240977172
Nifty Bank TRI,2021-03-17,36277.2112698379
Nifty Bank TRI,2021-03-18,35883.06582841233
Nifty Bank TRI,2021-03-19,36206.70134514331
Nifty Bank TRI,2021-03-22,35616.884917134805
Nifty Bank TRI,2021-03-23,36233.23660230471
Nifty Bank TRI,2021-03-24,35289.255244488886
Nifty Bank TRI,2021-03-25,34985.83310509536
Nifty Bank TRI,2021-03-26,35316.85704644747
Nifty Bank TRI,2021-03-30,35909.5187047188
Nifty Bank TRI,2021-03-31,35304.589382577615
Nifty Bank TRI,2021-04-01,35892.565762731305
Nifty Bank TRI,2021-04-05,34644.828463213424
Nifty Bank TRI,2021-04-06,34457.214294904086
Nifty Bank TRI,2021-04-07,34977.11490217746
Nifty Bank TRI,2021-04-08,34756.79493559644
Nifty Bank TRI,2021-04-09,34402.398340353786
Nifty Bank TRI,2021-04-12,32648.207645557966
Nifty Bank TRI,2021-04-13,33687.41134399955
Nifty Bank TRI,2021-04-15,34050.35388659886
Nifty Bank TRI,2021-04-16,33907.33954724961
Nifty Bank TRI,2021-04-19,33093.50336756211
Nifty Bank TRI,2021-04-20,32992.561838837806
Nifty Bank TRI,2021-04-22,33704.042321630855
Nifty Bank TRI,2021-04-23,33640.64904188145
Nifty Bank TRI,2021-04-26,34228.612972050054
Nifty Bank TRI,2021-04-27,34717.23447321805
Nifty Bank TRI,2021-04-28,35765.054313252214
Nifty Bank TRI,2021-04-29,35756.8364578878
Nifty Bank TRI,2021-04-30,34768.20618332972
Nifty Bank TRI,2021-05-03,34434.69625517794
Nifty Bank TRI,2021-05-04,34228.00602401403
Nifty Bank TRI,2021-05-05,34773.06710948891
Nifty Bank TRI,2021-05-06,34820.415110901165
Nifty Bank TRI,2021-05-07,34902.34152126664
Nifty Bank TRI,2021-05-10,35156.41162109453
Nifty Bank TRI,2021-05-11,34870.363909295455
Nifty Bank TRI,2021-05-12,34425.50540381668
Nifty Bank TRI,2021-05-14,34126.68112788253
Nifty Bank TRI,2021-05-17,35496.5870848359
Nifty Bank TRI,2021-05-18,35988.52609305967
Nifty Bank TRI,2021-05-19,35737.46497278882
Nifty Bank TRI,2021-05-20,35366.032552201905
Nifty Bank TRI,2021-05-21,36716.521247517194
Nifty Bank TRI,2021-05-24,37075.57129009576
Nifty Bank TRI,2021-05-25,36777.391063838804
Nifty Bank TRI,2021-05-26,36801.54781272324
Nifty Bank TRI,2021-05-27,37238.09030188791
Nifty Bank TRI,2021-05-28,37287.93270490774
Nifty Bank TRI,2021-05-31,37698.51260713245
Nifty Bank TRI,2021-06-01,37498.09585644715
Nifty Bank TRI,2021-06-02,37537.496530621414
Nifty Bank TRI,2021-06-03,37830.2026401829
Nifty Bank TRI,2021-06-04,37451.59971414369
Nifty Bank TRI,2021-06-07,37614.7506751179
Nifty Bank TRI,2021-06-08,37235.062249074486
Nifty Bank TRI,2021-06-09,36933.41592451606
Nifty Bank TRI,2021-06-10,37284.99428388886
Nifty Bank TRI,2021-06-11,37196.66511504016
Nifty Bank TRI,2021-06-14,37095.7548334246
Nifty Bank TRI,2021-06-15,37411.75399266832
Nifty Bank TRI,2021-06-16,37153.11697251686
Nifty Bank TRI,2021-06-17,36731.16898011202
Nifty Bank TRI,2021-06-18,36681.45967487599
Nifty Bank TRI,2021-06-21,37015.83030908163
Nifty Bank TRI,2021-06-22,36882.36628586618
Nifty Bank TRI,2021-06-23,36701.44817709443
Nifty Bank TRI,2021-06-24,36970.62157232875
Nifty Bank TRI,2021-06-25,37541.97743383313
Nifty Bank TRI,2021-06-28,37538.30247368576
Nifty Bank TRI,2021-06-29,37168.24820734302
Nifty Bank TRI,2021-06-30,36916.075266959946
Nifty Bank TRI,2021-07-01,36823.0412188106
Nifty Bank TRI,2021-07-02,36957.30938207154
Nifty Bank TRI,2021-07-05,37386.05333834798
Nifty Bank TRI,2021-07-06,37776.48889148431
Nifty Bank TRI,2021-07-07,37981.130464703
Nifty Bank TRI,2021-07-08,37453.8293784503
Nifty Bank TRI,2021-07-09,37239.79514196439
Nifty Bank TRI,2021-07-12,37376.427678841275
Nifty Bank TRI,2021-07-13,37880.902348167205
Nifty Bank TRI,2021-07-14,37876.05565014941
Nifty Bank TRI,2021-07-15,38130.89695823282
Nifty Bank TRI,2021-07-16,37966.021682627164
Nifty Bank TRI,2021-07-19,37253.59417589803
Nifty Bank TRI,2021-07-20,36549.30002816989
Nifty Bank TRI,2021-07-22,36828.593433915536
Nifty Bank TRI,2021-07-23,37208.453927751405
Nifty Bank TRI,2021-07-26,37120.322536215084
Nifty Bank TRI,2021-07-27,36959.222049144286
Nifty Bank TRI,2021-07-28,36678.836914587664
Nifty Bank TRI,2021-07-29,36847.89776354259
Nifty Bank TRI,2021-07-30,36734.69069564909
Nifty Bank TRI,2021-08-02,36869.96305854331
Nifty Bank TRI,2021-08-03,37398.98048167372
Nifty Bank TRI,2021-08-04,38271.288207101585
Nifty Bank TRI,2021-08-05,38066.57526645557
Nifty Bank TRI,2021-08-06,38040.11011666955
Nifty Bank TRI,2021-08-09,38275.37683062251
Nifty Bank TRI,2021-08-10,38281.47739589605
Nifty Bank TRI,2021-08-11,38040.19589413215
Nifty Bank TRI,2021-08-12,38179.62434165551
Nifty Bank TRI,2021-08-13,38427.05070219211
Nifty Bank TRI,2021-08-16,38349.41110409583
Nifty Bank TRI,2021-08-17,38108.80005050194
Nifty Bank TRI,2021-08-18,37776.91339399666
Nifty Bank TRI,2021-08-20,37224.93998524755
Nifty Bank TRI,2021-08-23,37322.983630834715
Nifty Bank TRI,2021-08-24,37948.095098653066
Nifty Bank TRI,2021-08-25,37814.98309187272
Nifty Bank TRI,2021-08-26,37848.86409573426
Nifty Bank TRI,2021-08-27,37860.37629481357
Nifty Bank TRI,2021-08-30,38627.23024966374
Nifty Bank TRI,2021-08-31,38709.643554663315
Nifty Bank TRI,2021-09-01,38869.37052437171
Nifty Bank TRI,2021-09-02,39143.138583665714
Nifty Bank TRI,2021-09-03,39069.2227684528
Nifty Bank TRI,2021-09-06,38891.73872602589
Nifty Bank TRI,2021-09-07,38761.05909518279
Nifty Bank TRI,2021-09-08,39079.91636507849
Nifty Bank TRI,2021-09-09,38990.21076004239
Nifty Bank TRI,2021-09-13,38768.05713798855
Nifty Bank TRI,2021-09-14,38918.837614419426
Nifty Bank TRI,2021-09-15,39173.74250943446
Nifty Bank TRI,2021-09-16,40042.175612960775
Nifty Bank TRI,2021-09-17,40195.21420483375
Nifty Bank TRI,2021-09-20,39488.91106084575
Nifty Bank TRI,2021-09-21,39585.398687943074
Nifty Bank TRI,2021-09-22,39276.46418575354
Nifty Bank TRI,2021-09-23,40156.37316826867
Nifty Bank TRI,2021-09-24,40219.333182455084
Nifty Bank TRI,2021-09-27,40583.80778336416
Nifty Bank TRI,2021-09-28,40343.91873255429
Nifty Bank TRI,2021-09-29,40129.80534315822
Nifty Bank TRI,2021-09-30,39792.45524676091
Nifty Bank TRI,2021-10-01,39581.29963233742
Nifty Bank TRI,2021-10-04,39959.39584095294
Nifty Bank TRI,2021-10-05,40131.622331675804
Nifty Bank TRI,2021-10-06,39898.92603501285
Nifty Bank TRI,2021-10-07,40145.90928309928
Nifty Bank TRI,2021-10-08,40170.01549155564
Nifty Bank TRI,2021-10-11,40723.44070665372
Nifty Bank TRI,2021-10-12,40966.25777659123
Nifty Bank TRI,2021-10-13,41088.43156712205
Nifty Bank TRI,2021-10-14,41839.02959823975
Nifty Bank TRI,2021-10-18,42207.53461466702
Nifty Bank TRI,2021-10-19,42054.74950590181
Nifty Bank TRI,2021-10-20,42031.71908247722
Nifty Bank TRI,2021-10-21,42576.98170738809
Nifty Bank TRI,2021-10-22,42889.80305846367
Nifty Bank TRI,2021-10-25,43815.99220037644
Nifty Bank TRI,2021-10-26,43865.536544748895
Nifty Bank TRI,2021-10-27,43479.11271477951
Nifty Bank TRI,2021-10-28,42027.386986692254
Nifty Bank TRI,2021-10-29,41609.64746148377
Nifty Bank TRI,2021-11-01,42301.20080432095
Nifty Bank TRI,2021-11-02,42487.74399283365
Nifty Bank TRI,2021-11-03,41917.79345145929
Nifty Bank TRI,2021-11-04,42101.090827560394
Nifty Bank TRI,2021-11-08,41959.73986495012
Nifty Bank TRI,2021-11-09,41886.5364138748
Nifty Bank TRI,2021-11-10,41519.56677792767
Nifty Bank TRI,2021-11-11,41027.56658921495
Nifty Bank TRI,2021-11-12,41212.473476569314
Nifty Bank TRI,2021-11-15,41181.51269173752
Nifty Bank TRI,2021-11-16,40761.61170456938
Nifty Bank TRI,2021-11-17,40479.70884960268
Nifty Bank TRI,2021-11-18,40410.884657247945
Nifty Bank TRI,2021-11-22,39511.694384756345
Nifty Bank TRI,2021-11-23,39665.585815850376
Nifty Bank TRI,2021-11-24,39846.24559588821
Nifty Bank TRI,2021-11-25,39764.74037083014
Nifty Bank TRI,2021-11-26,38340.09639208004
Nifty Bank TRI,2021-11-29,38289.775441162725
Nifty Bank TRI,2021-11-30,37991.17105738903
Nifty Bank TRI,2021-12-01,38704.47016675832
Nifty Bank TRI,2021-12-02,38857.68080054688
Nifty Bank TRI,2021-12-03,38527.18978196954
Nifty Bank TRI,2021-12-06,38038.117646926075
Nifty Bank TRI,2021-12-07,38978.10945739656
Nifty Bank TRI,2021-12-08,39687.99705630038
Nifty Bank TRI,2021-12-09,39473.35691214977
Nifty Bank TRI,2021-12-10,39498.69881619433
Nifty Bank TRI,2021-12-13,39308.59730620274
Nifty Bank TRI,2021-12-14,39275.91946656829
Nifty Bank TRI,2021-12-15,39165.42223858746
Nifty Bank TRI,2021-12-16,38909.599663597095
Nifty Bank TRI,2021-12-17,37920.14504271627
Nifty Bank TRI,2021-12-20,36666.981839248576
Nifty Bank TRI,2021-12-21,36846.44940313425
Nifty Bank TRI,2021-12-22,37295.98286467328
Nifty Bank TRI,2021-12-23,37468.70395669776
Nifty Bank TRI,2021-12-24,37113.59149046451
Nifty Bank TRI,2021-12-27,37329.275514123634
Nifty Bank TRI,2021-12-28,37463.94856421002
Nifty Bank TRI,2021-12-29,37317.18799099588
Nifty Bank TRI,2021-12-30,37337.18262292558
Nifty Bank TRI,2021-12-31,37783.009218284766
Nifty Bank TRI,2022-01-03,38786.09455505096
Nifty Bank TRI,2022-01-04,39232.13628408529
Nifty Bank TRI,2022-01-05,40144.10660853089
Nifty Bank TRI,2022-01-06,39925.755970600025
Nifty Bank TRI,2022-01-07,40191.96459669785
Nifty Bank TRI,2022-01-10,40841.795981314164
Nifty Bank TRI,2022-01-11,40942.900029299395
Nifty Bank TRI,2022-01-12,41247.489522979784
Nifty Bank TRI,2022-01-13,40973.79730994068
Nifty Bank TRI,2022-01-14,40868.43652329301
Nifty Bank TRI,2022-01-17,40706.144354158525
Nifty Bank TRI,2022-01-18,40700.582279859795
Nifty Bank TRI,2022-01-19,40521.285779733065
Nifty Bank TRI,2022-01-20,40319.027332460435
Nifty Bank TRI,2022-01-21,40025.09877304769
Nifty Bank TRI,2022-01-24,39359.402606747295
Nifty Bank TRI,2022-01-25,40168.81849882576
Nifty Bank TRI,2022-01-27,40463.474588751174
Nifty Bank TRI,2022-01-28,40152.30676051408
Nifty Bank TRI,2022-01-31,40458.934072886535
Nifty Bank TRI,2022-02-01,41024.426035024895
Nifty Bank TRI,2022-02-02,41904.08161184503
Nifty Bank TRI,2022-02-03,41563.29049184194
Nifty Bank TRI,2022-02-04,41328.87700733712
Nifty Bank TRI,2022-02-07,40484.98729432467
Nifty Bank TRI,2022-02-08,40520.81316578311
Nifty Bank TRI,2022-02-09,41141.41866429456
Nifty Bank TRI,2022-02-10,41569.06729888321
Nifty Bank TRI,2022-02-11,41043.66627763967
Nifty Bank TRI,2022-02-14,39331.38202276089
Nifty Bank TRI,2022-02-15,40676.41245362214
Nifty Bank TRI,2022-02-16,40446.57144092575
Nifty Bank TRI,2022-02-17,39997.34759224553
Nifty Bank TRI,2022-02-18,40069.93836904128
Nifty Bank TRI,2022-02-21,40164.046047653406
Nifty Bank TRI,2022-02-22,39830.09770414177
Nifty Bank TRI,2022-02-23,39852.494891312235
Nifty Bank TRI,2022-02-24,37546.77002093
Nifty Bank TRI,2022-02-25,38829.211176347984
Nifty Bank TRI,2022-02-28,38590.81532053916
Nifty Bank TRI,2022-03-02,37704.698144334005
Nifty Bank TRI,2022-03-03,37248.5599950337
Nifty Bank TRI,2022-03-04,36677.283389775366
Nifty Bank TRI,2022-03-07,35041.10588617343
Nifty Bank TRI,2022-03-08,35347.47165247388
Nifty Bank TRI,2022-03-09,36048.813201086574
Nifty Bank TRI,2022-03-10,36753.167687510046
Nifty Bank TRI,2022-03-11,36829.0865644381
Nifty Bank TRI,2022-03-14,37647.44574854864
Nifty Bank TRI,2022-03-15,37339.411793872
Nifty Bank TRI,2022-03-16,38113.63643463824
Nifty Bank TRI,2022-03-17,38839.58739652824
Nifty Bank TRI,2022-03-21,38404.9131614718
Nifty Bank TRI,2022-03-22,38757.466290791795
Nifty Bank TRI,2022-03-23,38543.56432470537
Nifty Bank TRI,2022-03-24,37882.81830983891
Nifty Bank TRI,2022-03-25,37758.6787282607
Nifty Bank TRI,2022-03-28,38080.87213246908
Nifty Bank TRI,2022-03-29,38227.483625293295
Nifty Bank TRI,2022-03-30,38747.34841133476
Nifty Bank TRI,2022-03-31,38789.89454771526
Nifty Bank TRI,2022-04-01,39616.918215441096
Nifty Bank TRI,2022-04-04,41204.42910197141
Nifty Bank TRI,2022-04-05,40600.06792156719
Nifty Bank TRI,2022-04-06,40136.6861476045
Nifty Bank TRI,2022-04-07,40056.87298809639
Nifty Bank TRI,2022-04-08,40265.18931157624
Nifty Bank TRI,2022-04-11,40119.70726143705
Nifty Bank TRI,2022-04-12,40262.86488078177
Nifty Bank TRI,2022-04-13,39960.59374270474
Nifty Bank TRI,2022-04-18,39180.45091608193
Nifty Bank TRI,2022-04-19,38767.83078119298
Nifty Bank TRI,2022-04-20,38739.97938756457
Nifty Bank TRI,2022-04-21,39275.2957175525
Nifty Bank TRI,2022-04-22,38453.05019445513
Nifty Bank TRI,2022-04-25,38495.05544614861
Nifty Bank TRI,2022-04-26,38839.70185747026
Nifty Bank TRI,2022-04-27,38439.23718001388
Nifty Bank TRI,2022-04-28,38859.5368368706
Nifty Bank TRI,2022-04-29,38503.762317304085
Nifty Bank TRI,2022-05-02,38586.32023876924
Nifty Bank TRI,2022-05-04,37628.11717126791
Nifty Bank TRI,2022-05-05,37594.90907356784
Nifty Bank TRI,2022-05-06,36910.84401972636
Nifty Bank TRI,2022-05-09,36575.66307920289
Nifty Bank TRI,2022-05-10,36797.42454861347
Nifty Bank TRI,2022-05-11,37022.66149744753
Nifty Bank TRI,2022-05-12,35784.2908310586
Nifty Bank TRI,2022-05-13,35346.482227990244
Nifty Bank TRI,2022-05-16,35856.48898479949
Nifty Bank TRI,2022-05-17,36608.73784197848
Nifty Bank TRI,2022-05-18,36461.841745637765
Nifty Bank TRI,2022-05-19,35557.32617138256
Nifty Bank TRI,2022-05-20,36583.320382532234
Nifty Bank TRI,2022-05-23,36554.3813977582
Nifty Bank TRI,2022-05-24,36600.3934951187
Nifty Bank TRI,2022-05-25,36653.67035148216
Nifty Bank TRI,2022-05-26,37460.589306686896
Nifty Bank TRI,2022-05-27,38014.55891985905
Nifty Bank TRI,2022-05-30,38244.49185218447
Nifty Bank TRI,2022-05-31,37882.64918961004
Nifty Bank TRI,2022-06-01,38025.6784130028
Nifty Bank TRI,2022-06-02,38018.66585631665
Nifty Bank TRI,2022-06-03,37657.819192055045
Nifty Bank TRI,2022-06-06,37697.19401610907
Nifty Bank TRI,2022-06-07,37362.36662134093
Nifty Bank TRI,2022-06-08,37309.755240683946
Nifty Bank TRI,2022-06-09,37459.09122686348
Nifty Bank TRI,2022-06-10,36817.342353028806
Nifty Bank TRI,2022-06-13,35668.20007916614
Nifty Bank TRI,2022-06-14,35567.88277097485
Nifty Bank TRI,2022-06-15,35597.987150200344
Nifty Bank TRI,2022-06-16,34827.742568653346
Nifty Bank TRI,2022-06-17,34962.80277148089
Nifty Bank TRI,2022-06-20,34902.31867550697
Nifty Bank TRI,2022-06-21,35444.242638503325
Nifty Bank TRI,2022-06-22,35074.856778930494
Nifty Bank TRI,2022-06-23,35384.800458631944
Nifty Bank TRI,2022-06-24,35911.27414857186
Nifty Bank TRI,2022-06-27,36109.33200570888
Nifty Bank TRI,2022-06-28,35929.646629762225
Nifty Bank TRI,2022-06-29,35532.34975675187
Nifty Bank TRI,2022-06-30,35698.69182155933
Nifty Bank TRI,2022-07-01,35821.40413504866
Nifty Bank TRI,2022-07-04,36251.948291859575
Nifty Bank TRI,2022-07-05,36119.02854332066
Nifty Bank TRI,2022-07-06,36662.603323283336
Nifty Bank TRI,2022-07-07,37299.87119652956
Nifty Bank TRI,2022-07-08,37518.11977900731
Nifty Bank TRI,2022-07-11,37889.135107535636
Nifty Bank TRI,2022-07-12,37529.336404007976
Nifty Bank TRI,2022-07-13,37204.723837232385
Nifty Bank TRI,2022-07-14,37016.67584996514
Nifty Bank TRI,2022-07-15,37050.87877604451
Nifty Bank TRI,2022-07-18,37774.94822734248
Nifty Bank TRI,2022-07-19,38161.93922165475
Nifty Bank TRI,2022-07-20,38431.526477563435
Nifty Bank TRI,2022-07-21,38676.70822240171
Nifty Bank TRI,2022-07-22,39252.08949287502
Nifty Bank TRI,2022-07-25,39240.608174169174
Nifty Bank TRI,2022-07-26,38901.58422347508
Nifty Bank TRI,2022-07-27,39303.17329569506
Nifty Bank TRI,2022-07-28,39938.93788226835
Nifty Bank TRI,2022-07-29,40060.60278559398
Nifty Bank TRI,2022-08-01,40502.61339154232
Nifty Bank TRI,2022-08-02,40632.36420328054
Nifty Bank TRI,2022-08-03,40595.895303326186
Nifty Bank TRI,2022-08-04,40346.82152885938
Nifty Bank TRI,2022-08-05,40523.86390948877
Nifty Bank TRI,2022-08-08,40864.41678431536
Nifty Bank TRI,2022-08-10,40919.67652750327
Nifty Bank TRI,2022-08-11,41553.04989147977
Nifty Bank TRI,2022-08-12,41727.35177111433
Nifty Bank TRI,2022-08-16,41941.01914497939
Nifty Bank TRI,2022-08-17,42179.04734681735
Nifty Bank TRI,2022-08-18,42387.58063418888
Nifty Bank TRI,2022-08-19,41671.90199881377
Nifty Bank TRI,2022-08-22,40938.30043127804
Nifty Bank TRI,2022-08-23,41366.44853159559
Nifty Bank TRI,2022-08-24,41731.490543386426
Nifty Bank TRI,2022-08-25,41638.369238756204
Nifty Bank TRI,2022-08-26,41677.96178167376
Nifty Bank TRI,2022-08-29,40920.48934945818
Nifty Bank TRI,2022-08-30,42268.26471249726
Nifty Bank TRI,2022-09-01,42017.870806600535
Nifty Bank TRI,2022-09-02,42146.588559385695
Nifty Bank TRI,2022-09-05,42560.03147135438
Nifty Bank TRI,2022-09-06,42411.840954644016
Nifty Bank TRI,2022-09-07,42187.35447826155
Nifty Bank TRI,2022-09-08,42993.24165662386
Nifty Bank TRI,2022-09-09,43215.0159530743
Nifty Bank TRI,2022-09-12,43386.41283582348
Nifty Bank TRI,2022-09-13,43706.96264261526
Nifty Bank TRI,2022-09-14,44276.89050112383
Nifty Bank TRI,2022-09-15,44067.806472872675
Nifty Bank TRI,2022-09-16,43606.127517791065
Nifty Bank TRI,2022-09-19,43744.72792957188
Nifty Bank TRI,2022-09-20,44348.51299524943
Nifty Bank TRI,2022-09-21,44065.98767473815
Nifty Bank TRI,2022-09-22,43454.054102681905
Nifty Bank TRI,2022-09-23,42295.042798452116
Nifty Bank TRI,2022-09-26,41302.42938113956
Nifty Bank TRI,2022-09-27,41028.115567815745
Nifty Bank TRI,2022-09-28,40387.782057899916
Nifty Bank TRI,2022-09-29,40268.53820083823
Nifty Bank TRI,2022-09-30,41321.927647675104
Nifty Bank TRI,2022-10-03,40679.68681383024
Nifty Bank TRI,2022-10-04,41836.06054259762
Nifty Bank TRI,2022-10-06,42022.28217257827
Nifty Bank TRI,2022-10-07,41910.85941084031
Nifty Bank TRI,2022-10-10,41822.03951749022
Nifty Bank TRI,2022-10-11,41415.49360666304
Nifty Bank TRI,2022-10-12,41850.63608622762
Nifty Bank TRI,2022-10-13,41322.22207104948
Nifty Bank TRI,2022-10-14,42052.12815125169
Nifty Bank TRI,2022-10-17,42712.03759753914
Nifty Bank TRI,2022-10-18,43138.89759109889
Nifty Bank TRI,2022-10-19,43197.86282117172
Nifty Bank TRI,2022-10-20,42905.77159702667
Nifty Bank TRI,2022-10-21,43638.88854583236
Nifty Bank TRI,2022-10-24,44198.36654503801
Nifty Bank TRI,2022-10-25,44004.179040430856
Nifty Bank TRI,2022-10-27,44194.54816903003
Nifty Bank TRI,2022-10-28,43865.19383636651
Nifty Bank TRI,2022-10-31,44206.6445299344
Nifty Bank TRI,2022-11-01,44187.73304438888
Nifty Bank TRI,2022-11-02,44035.52135611125
Nifty Bank TRI,2022-11-03,44198.59931446163
Nifty Bank TRI,2022-11-04,44156.617952043074
Nifty Bank TRI,2022-11-07,44617.142218630266
Nifty Bank TRI,2022-11-09,44721.8907511879
Nifty Bank TRI,2022-11-10,44530.54984528019
Nifty Bank TRI,2022-11-11,45102.10670640642
Nifty Bank TRI,2022-11-14,45039.77567546775
Nifty Bank TRI,2022-11-15,45357.3083609502
Nifty Bank TRI,2022-11-16,45532.10882214267
Nifty Bank TRI,2022-11-17,45450.16058102375
Nifty Bank TRI,2022-11-18,45428.85121080301
Nifty Bank TRI,2022-11-21,45333.77274955198
Nifty Bank TRI,2022-11-22,45452.812091730695
Nifty Bank TRI,2022-11-23,45744.807926837835
Nifty Bank TRI,2022-11-24,46116.30080190879
Nifty Bank TRI,2022-11-25,46019.14943336218
Nifty Bank TRI,2022-11-28,46060.48986952779
Nifty Bank TRI,2022-11-29,46096.57677945112
Nifty Bank TRI,2022-11-30,46287.43539292526
Nifty Bank TRI,2022-12-01,46319.93860014142
Nifty Bank TRI,2022-12-02,46152.70056196899
Nifty Bank TRI,2022-12-05,46400.392007234266
Nifty Bank TRI,2022-12-06,46192.98908158302
Nifty Bank TRI,2022-12-07,46151.07167396372
Nifty Bank TRI,2022-12-08,46685.26918948258
Nifty Bank TRI,2022-12-09,46725.22469807016
Nifty Bank TRI,2022-12-12,46808.160954537154
Nifty Bank TRI,2022-12-13,47063.5951191694
Nifty Bank TRI,2022-12-14,47174.19224364945
Nifty Bank TRI,2022-12-15,46584.96875659494
Nifty Bank TRI,2022-12-16,46287.250248731405
Nifty Bank TRI,2022-12-19,46497.57280754813
Nifty Bank TRI,2022-12-20,46440.22984269234
Nifty Bank TRI,2022-12-21,45646.7388364215
Nifty Bank TRI,2022-12-22,45423.4704937434
Nifty Bank TRI,2022-12-23,44630.79453745864
Nifty Bank TRI,2022-12-26,45663.54427319561
Nifty Bank TRI,2022-12-27,45909.96751053459
Nifty Bank TRI,2022-12-28,45876.65471386958
Nifty Bank TRI,2022-12-29,46332.29739454563
Nifty Bank TRI,2022-12-30,46048.214650015754
Nifty Bank TRI,2023-01-02,46282.57233187361
Nifty Bank TRI,2023-01-03,46521.31719268241
Nifty Bank TRI,2023-01-04,46022.36553853009
Nifty Bank TRI,2023-01-05,45648.0444448162
Nifty Bank TRI,2023-01-06,45198.93425732201
Nifty Bank TRI,2023-01-09,45623.23300259023
Nifty Bank TRI,2023-01-10,45015.41406411785
Nifty Bank TRI,2023-01-11,45249.670157577464
Nifty Bank TRI,2023-01-12,45089.21178671939
Nifty Bank TRI,2023-01-13,45399.60565691851
Nifty Bank TRI,2023-01-16,45183.56765631195
Nifty Bank TRI,2023-01-17,45256.63677430427
Nifty Bank TRI,2023-01-18,45496.28139057101
Nifty Bank TRI,2023-01-19,45358.63400921453
Nifty Bank TRI,2023-01-20,45550.06635600979
Nifty Bank TRI,2023-01-23,45889.2831726298
Nifty Bank TRI,2023-01-24,45795.941730387945
Nifty Bank TRI,2023-01-25,44633.05803448244
Nifty Bank TRI,2023-01-27,43238.77108632676
Nifty Bank TRI,2023-01-30,43286.069078887565
Nifty Bank TRI,2023-01-31,43573.59013248226
Nifty Bank TRI,2023-02-01,43422.05299014888
Nifty Bank TRI,2023-02-02,43590.29093147543
Nifty Bank TRI,2023-02-03,44481.05956042313
Nifty Bank TRI,2023-02-06,44349.20406778207
Nifty Bank TRI,2023-02-07,44474.59448348815
Nifty Bank TRI,2023-02-08,44525.38110966469
Nifty Bank TRI,2023-02-09,44543.960764176016
Nifty Bank TRI,2023-02-10,44550.154813034256
Nifty Bank TRI,2023-02-13,44255.18177423474
Nifty Bank TRI,2023-02-14,44648.43422490367
Nifty Bank TRI,2023-02-15,44737.82328094846
Nifty Bank TRI,2023-02-16,44631.67158574637
Nifty Bank TRI,2023-02-17,44096.78656859745
Nifty Bank TRI,2023-02-20,43637.879061769
Nifty Bank TRI,2023-02-21,43608.46868322859
Nifty Bank TRI,2023-02-22,42882.567158650556
Nifty Bank TRI,2023-02-23,42889.329891864785
Nifty Bank TRI,2023-02-24,42791.22574549937
Nifty Bank TRI,2023-02-27,43219.77022125093
Nifty Bank TRI,2023-02-28,43179.677009193634
Nifty Bank TRI,2023-03-01,43640.50436198174
Nifty Bank TRI,2023-03-02,43310.573416545594
Nifty Bank TRI,2023-03-03,44235.1513835844
Nifty Bank TRI,2023-03-06,44343.54125874322
Nifty Bank TRI,2023-03-08,44588.114763933554
Nifty Bank TRI,2023-03-09,44245.287989343466
Nifty Bank TRI,2023-03-10,43418.827175928796
Nifty Bank TRI,2023-03-13,42433.44900337918
Nifty Bank TRI,2023-03-14,42269.7250065746
Nifty Bank TRI,2023-03-15,41884.41077693962
Nifty Bank TRI,2023-03-16,41972.08309951751
Nifty Bank TRI,2023-03-17,42472.0556195069
Nifty Bank TRI,2023-03-20,42220.83822300302
Nifty Bank TRI,2023-03-21,42792.98312868221
Nifty Bank TRI,2023-03-22,42905.6183629001
Nifty Bank TRI,2023-03-23,42496.39257088122
Nifty Bank TRI,2023-03-24,42259.435017719574
Nifty Bank TRI,2023-03-27,42300.07610582259
Nifty Bank TRI,2023-03-28,42447.3069520675
Nifty Bank TRI,2023-03-29,42815.164160925386
Nifty Bank TRI,2023-03-31,43565.93423025407
Nifty Bank TRI,2023-04-03,43787.37337676387
Nifty Bank TRI,2023-04-05,43988.47409041374
Nifty Bank TRI,2023-04-06,44034.09831511397
Nifty Bank TRI,2023-04-10,43815.56799775699
Nifty Bank TRI,2023-04-11,44386.97156173533
Nifty Bank TRI,2023-04-12,44593.13023328592
Nifty Bank TRI,2023-04-13,45210.438219652344
Nifty Bank TRI,2023-04-17,45352.906108235984
Nifty Bank TRI,2023-04-18,45356.49105027496
Nifty Bank TRI,2023-04-19,45237.899581919126
Nifty Bank TRI,2023-04-20,45362.59226672762
Nifty Bank TRI,2023-04-21,45200.746469446574
Nifty Bank TRI,2023-04-24,45758.64044312794
Nifty Bank TRI,2023-04-25,45805.27189540579
Nifty Bank TRI,2023-04-26,45968.515163840166
Nifty Bank TRI,2023-04-27,46152.75178504387
Nifty Bank TRI,2023-04-28,46403.64065241422
Nifty Bank TRI,2023-05-02,46533.558383637035
Nifty Bank TRI,2023-05-03,46492.02588284704
Nifty Bank TRI,2023-05-04,46892.905241588654
Nifty Bank TRI,2023-05-05,45794.20316958492
Nifty Bank TRI,2023-05-08,46465.02489545015
Nifty Bank TRI,2023-05-09,46373.623437433474
Nifty Bank TRI,2023-05-10,46517.05721923605
Nifty Bank TRI,2023-05-11,46672.6779029678
Nifty Bank TRI,2023-05-12,47015.10350563842
Nifty Bank TRI,2023-05-15,47316.46990597905
Nifty Bank TRI,2023-05-16,47136.442616712666
Nifty Bank TRI,2023-05-17,46917.11633745781
Nifty Bank TRI,2023-05-18,46975.4350230499
Nifty Bank TRI,2023-05-19,47209.298967064155
Nifty Bank TRI,2023-05-22,47121.10584160887
Nifty Bank TRI,2023-05-23,47196.34003895405
Nifty Bank TRI,2023-05-24,46900.10985578236
Nifty Bank TRI,2023-05-25,46904.68659496635
Nifty Bank TRI,2023-05-26,47266.90040967196
Nifty Bank TRI,2023-05-29,47584.82901404204
Nifty Bank TRI,2023-05-30,47719.25593834901
Nifty Bank TRI,2023-05-31,47389.05926858664
Nifty Bank TRI,2023-06-01,47026.90702414225
Nifty Bank TRI,2023-06-02,47186.24575085655
Nifty Bank TRI,2023-06-05,47364.4795373478
Nifty Bank TRI,2023-06-06,47432.81251829804
Nifty Bank TRI,2023-06-07,47552.5370414061
Nifty Bank TRI,2023-06-08,47252.53093388605
Nifty Bank TRI,2023-06-09,47246.59200125679
Nifty Bank TRI,2023-06-12,47200.79262134543
Nifty Bank TRI,2023-06-13,47347.27326524208
Nifty Bank TRI,2023-06-14,47249.387045086296
Nifty Bank TRI,2023-06-15,46665.38974324408
Nifty Bank TRI,2023-06-16,47197.385329546785
Nifty Bank TRI,2023-06-19,46872.710263749694
Nifty Bank TRI,2023-06-20,47016.08440244599
Nifty Bank TRI,2023-06-21,47116.43804013854
Nifty Bank TRI,2023-06-22,46972.88226327647
Nifty Bank TRI,2023-06-23,46864.123248611904
Nifty Bank TRI,2023-06-26,46885.927968940785
Nifty Bank TRI,2023-06-27,47402.87676318157
Nifty Bank TRI,2023-06-28,47625.300419575244
Nifty Bank TRI,2023-06-30,48077.635960299434
Nifty Bank TRI,2023-07-03,48521.33967898741
Nifty Bank TRI,2023-07-04,48676.16064546219
Nifty Bank TRI,2023-07-05,48516.15880588231
Nifty Bank TRI,2023-07-06,48719.069939393485
Nifty Bank TRI,2023-07-07,48274.039849882036
Nifty Bank TRI,2023-07-10,48207.47788701523
Nifty Bank TRI,2023-07-11,48083.825861332094
Nifty Bank TRI,2023-07-12,47971.13021336286
Nifty Bank TRI,2023-07-13,47999.42868663417
Nifty Bank TRI,2023-07-14,48165.98276147842
Nifty Bank TRI,2023-07-17,48845.90791087183
Nifty Bank TRI,2023-07-18,48804.902172627204
Nifty Bank TRI,2023-07-19,49083.4720174129
Nifty Bank TRI,2023-07-20,49640.57753763376
Nifty Bank TRI,2023-07-21,49521.3369345524
Nifty Bank TRI,2023-07-24,49360.23395132968
Nifty Bank TRI,2023-07-25,49277.14839174336
Nifty Bank TRI,2023-07-26,49511.582696058314
Nifty Bank TRI,2023-07-27,49100.652553203035
Nifty Bank TRI,2023-07-28,48874.43510166761
Nifty Bank TRI,2023-07-31,49073.556035520305
Nifty Bank TRI,2023-08-01,49011.36382744016
Nifty Bank TRI,2023-08-02,48370.60270510098
Nifty Bank TRI,2023-08-03,47852.96526280855
Nifty Bank TRI,2023-08-04,48247.268324728684
Nifty Bank TRI,2023-08-07,48204.48505859199
Nifty Bank TRI,2023-08-08,48341.759018383906
Nifty Bank TRI,2023-08-09,48252.50877403672
Nifty Bank TRI,2023-08-10,47888.93380068463
Nifty Bank TRI,2023-08-11,47521.26044376882
Nifty Bank TRI,2023-08-14,47407.30824829148
Nifty Bank TRI,2023-08-16,47253.4326988958
Nifty Bank TRI,2023-08-17,47195.01641622924
Nifty Bank TRI,2023-08-18,47152.45448681366
Nifty Bank TRI,2023-08-21,47317.0930074747
Nifty Bank TRI,2023-08-22,47308.45859850859
Nifty Bank TRI,2023-08-23,47831.65135277734
Nifty Bank TRI,2023-08-24,47850.87604688593
Nifty Bank TRI,2023-08-25,47566.944945575415
Nifty Bank TRI,2023-08-28,47852.34315224172
Nifty Bank TRI,2023-08-29,47853.773854016334
Nifty Bank TRI,2023-08-30,47572.07971040053
Nifty Bank TRI,2023-08-31,47311.02118726503
Nifty Bank TRI,2023-09-01,47792.5090449669
Nifty Bank TRI,2023-09-04,47947.80485905693
Nifty Bank TRI,2023-09-05,47898.948518808334
Nifty Bank TRI,2023-09-06,47767.381159972785
Nifty Bank TRI,2023-09-07,48272.90712237544
Nifty Bank TRI,2023-09-08,48572.78071632903
Nifty Bank TRI,2023-09-11,49020.83464429011
Nifty Bank TRI,2023-09-12,48957.79563108572
Nifty Bank TRI,2023-09-13,49386.84893274472
Nifty Bank TRI,2023-09-14,49485.98499989016
Nifty Bank TRI,2023-09-15,49734.92246202259
Nifty Bank TRI,2023-09-18,49466.6345460671
Nifty Bank TRI,2023-09-20,48827.84442532874
Nifty Bank TRI,2023-09-21,48010.16408373501
Nifty Bank TRI,2023-09-22,47998.25390176581
Nifty Bank TRI,2023-09-25,48166.364200823016
Nifty Bank TRI,2023-09-26,48014.46987079287
Nifty Bank TRI,2023-09-27,47976.629847798475
Nifty Bank TRI,2023-09-28,47668.222731727095
Nifty Bank TRI,2023-09-29,47974.16629784819
Nifty Bank TRI,2023-10-03,47777.69326159164
Nifty Bank TRI,2023-10-04,47310.36583281966
Nifty Bank TRI,2023-10-05,47579.42134416653
Nifty Bank TRI,2023-10-06,47738.66370248316
Nifty Bank TRI,2023-10-09,47230.779863998294
Nifty Bank TRI,2023-10-10,47741.303601578205
Nifty Bank TRI,2023-10-11,47910.785851047905
Nifty Bank TRI,2023-10-12,48000.14723517004
Nifty Bank TRI,2023-10-13,47665.943281986925
Nifty Bank TRI,2023-10-16,47601.498471814804
Nifty Bank TRI,2023-10-17,47799.896526985605
Nifty Bank TRI,2023-10-18,47240.109451450604
Nifty Bank TRI,2023-10-19,47096.43390888759
Nifty Bank TRI,2023-10-20,47063.353422038395
Nifty Bank TRI,2023-10-23,46450.09643650746
Nifty Bank TRI,2023-10-25,46108.00481685568
Nifty Bank TRI,2023-10-26,45514.690331045516
Nifty Bank TRI,2023-10-27,46055.68914493257
Nifty Bank TRI,2023-10-30,46334.79120444558
Nifty Bank TRI,2023-10-31,46127.55358653645
Nifty Bank TRI,2023-11-01,45972.20085190412
Nifty Bank TRI,2023-11-02,46313.43677631087
Nifty Bank TRI,2023-11-03,46638.31972333567
Nifty Bank TRI,2023-11-06,46964.85680010824
Nifty Bank TRI,2023-11-07,47093.216631282376
Nifty Bank TRI,2023-11-08,47008.65693278115
Nifty Bank TRI,2023-11-09,47036.29511207265
Nifty Bank TRI,2023-11-10,47184.044190483386
Nifty Bank TRI,2023-11-13,47262.97665285876
Nifty Bank TRI,2023-11-15,47598.83371018095
Nifty Bank TRI,2023-11-16,47556.378525725464
Nifty Bank TRI,2023-11-17,46935.143737906124
Nifty Bank TRI,2023-11-20,46938.526852160016
Nifty Bank TRI,2023-11-21,47051.514125642454
Nifty Bank TRI,2023-11-22,46794.297847092814
Nifty Bank TRI,2023-11-23,46932.81040742488
Nifty Bank TRI,2023-11-24,47139.936652019176
Nifty Bank TRI,2023-11-28,47263.49437584265
Nifty Bank TRI,2023-11-29,48002.62204651362
Nifty Bank TRI,2023-11-30,47912.177028870945
Nifty Bank TRI,2023-12-01,48271.055267849886
Nifty Bank TRI,2023-12-04,50015.458620769845
Nifty Bank TRI,2023-12-05,50641.97578078823
Nifty Bank TRI,2023-12-06,50451.38303267889
Nifty Bank TRI,2023-12-07,50459.58592548604
Nifty Bank TRI,2023-12-08,50913.51002589414
Nifty Bank TRI,2023-12-11,50972.301328387905
Nifty Bank TRI,2023-12-12,50739.6792467883
Nifty Bank TRI,2023-12-13,50734.799476436725
Nifty Bank TRI,2023-12-14,51425.199931533105
Nifty Bank TRI,2023-12-15,51869.11656707342
Nifty Bank TRI,2023-12-18,51574.45236250126
Nifty Bank TRI,2023-12-19,51578.74407139823
Nifty Bank TRI,2023-12-20,51121.01895669009
Nifty Bank TRI,2023-12-21,51547.300784567604
Nifty Bank TRI,2023-12-22,51172.85234773265
Nifty Bank TRI,2023-12-26,51427.28072098399
Nifty Bank TRI,2023-12-27,52028.718771748485
Nifty Bank TRI,2023-12-28,52273.49050507453
Nifty Bank TRI,2023-12-29,52041.25409378506
Nifty Bank TRI,2024-01-01,51981.36017758522
Nifty Bank TRI,2024-01-02,51472.83307080542
Nifty Bank TRI,2024-01-03,51412.57022783469
Nifty Bank TRI,2024-01-04,51942.47613100753
Nifty Bank TRI,2024-01-05,51903.609891887405
Nifty Bank TRI,2024-01-08,51142.26370014058
Nifty Bank TRI,2024-01-09,50919.343006100426
Nifty Bank TRI,2024-01-10,51047.581429456186
Nifty Bank TRI,2024-01-11,51131.9517264613
Nifty Bank TRI,2024-01-12,51425.378507090056
Nifty Bank TRI,2024-01-15,51911.35766144712
Nifty Bank TRI,2024-01-16,51876.42079816652
Nifty Bank TRI,2024-01-17,49655.95525242985
Nifty Bank TRI,2024-01-18,49278.5054008664
Nifty Bank TRI,2024-01-19,49265.942736823825
Nifty Bank TRI,2024-01-23,48529.507055981216
Nifty Bank TRI,2024-01-24,48602.908753011034
Nifty Bank TRI,2024-01-25,48370.56387420931
Nifty Bank TRI,2024-01-29,48994.98286339539
Nifty Bank TRI,2024-01-30,48915.35016569216
Nifty Bank TRI,2024-01-31,49594.40278032804
Nifty Bank TRI,2024-02-01,49802.07129608321
Nifty Bank TRI,2024-02-02,49568.1528888694
Nifty Bank TRI,2024-02-05,49413.804937875815
Nifty Bank TRI,2024-02-06,49269.31060616894
Nifty Bank TRI,2024-02-07,49407.82044098821
Nifty Bank TRI,2024-02-08,48538.93597127579
Nifty Bank TRI,2024-02-09,49211.07297876375
Nifty Bank TRI,2024-02-12,48402.19017454674
Nifty Bank TRI,2024-02-13,49071.778132192
Nifty Bank TRI,2024-02-14,49510.33186073899
Nifty Bank TRI,2024-02-15,49846.11582825606
Nifty Bank TRI,2024-02-16,50025.91212323036
Nifty Bank TRI,2024-02-19,50190.85199467069
Nifty Bank TRI,2024-02-20,50794.26880134196
Nifty Bank TRI,2024-02-21,50714.74612909138
Nifty Bank TRI,2024-02-22,50607.82601388806
Nifty Bank TRI,2024-02-23,50492.109098393536
Nifty Bank TRI,2024-02-26,50240.83212169881
Nifty Bank TRI,2024-02-27,50254.11469844609
Nifty Bank TRI,2024-02-28,49580.85014538758
Nifty Bank TRI,2024-02-29,49751.831279633945
Nifty Bank TRI,2024-03-01,51010.461719274426
Nifty Bank TRI,2024-03-04,51195.50396968633
Nifty Bank TRI,2024-03-05,51331.0847344508
Nifty Bank TRI,2024-03-06,51746.62693996209
Nifty Bank TRI,2024-03-07,51607.65801097703
Nifty Bank TRI,2024-03-11,51063.00208409554
Nifty Bank TRI,2024-03-12,51014.7972779494
Nifty Bank TRI,2024-03-13,50690.76164948403
Nifty Bank TRI,2024-03-14,50485.128551151414
Nifty Bank TRI,2024-03-15,50274.63745670151
Nifty Bank TRI,2024-03-18,50257.46573298591
Nifty Bank TRI,2024-03-19,50052.082610695004
Nifty Bank TRI,2024-03-20,49973.15584377873
Nifty Bank TRI,2024-03-21,50377.55677345932
Nifty Bank TRI,2024-03-22,50571.38329814887
Nifty Bank TRI,2024-03-26,50290.2761660511
Nifty Bank TRI,2024-03-27,50491.56188494962
Nifty Bank TRI,2024-03-28,50857.869636549935
Nifty Bank TRI,2024-04-01,51350.820642120576
Nifty Bank TRI,2024-04-02,51316.25947587523
Nifty Bank TRI,2024-04-03,51402.151773622776
Nifty Bank TRI,2024-04-04,51874.18252631301
Nifty Bank TRI,2024-04-05,52341.586624656404
Nifty Bank TRI,2024-04-08,52439.84695416391
Nifty Bank TRI,2024-04-09,52601.38116122726
Nifty Bank TRI,2024-04-10,52878.636951354274
Nifty Bank TRI,2024-04-12,52424.771005394185
Nifty Bank TRI,2024-04-15,51573.10652521008
Nifty Bank TRI,2024-04-16,51262.55379556993
Nifty Bank TRI,2024-04-18,50815.82256535842
Nifty Bank TRI,2024-04-19,51361.53323079203
Nifty Bank TRI,2024-04-22,51742.74875750451
Nifty Bank TRI,2024-04-23,51792.77651548959
Nifty Bank TRI,2024-04-24,52029.59374862804
Nifty Bank TRI,2024-04-25,52360.78423746533
Nifty Bank TRI,2024-04-26,52044.30969728425
Nifty Bank TRI,2024-04-29,53367.44638108198
Nifty Bank TRI,2024-04-30,53338.84093045919
Nifty Bank TRI,2024-05-02,53161.659478474736
Nifty Bank TRI,2024-05-03,52830.473919917706
Nifty Bank TRI,2024-05-06,52802.562279846665
Nifty Bank TRI,2024-05-07,52144.72556517379
Nifty Bank TRI,2024-05-08,51860.20382894206
Nifty Bank TRI,2024-05-09,51285.21310941671
Nifty Bank TRI,2024-05-10,51213.91367546475
Nifty Bank TRI,2024-05-13,51576.0816039203
Nifty Bank TRI,2024-05-14,51690.7073013581
Nifty Bank TRI,2024-05-15,51505.78186480688
Nifty Bank TRI,2024-05-16,51819.420508373325
Nifty Bank TRI,2024-05-17,51969.96928479138
Nifty Bank TRI,2024-05-21,51900.51702216102
Nifty Bank TRI,2024-05-22,51613.76545667551
Nifty Bank TRI,2024-05-23,52680.403998052505
Nifty Bank TRI,2024-05-24,52900.60396646754
Nifty Bank TRI,2024-05-27,53238.25532784584
Nifty Bank TRI,2024-05-28,53088.26085120934
Nifty Bank TRI,2024-05-29,52396.866164482315
Nifty Bank TRI,2024-05-30,52593.26502569123
Nifty Bank TRI,2024-05-31,52919.95835044874
Nifty Bank TRI,2024-06-03,55079.04920501228
Nifty Bank TRI,2024-06-04,50702.778801554734
Nifty Bank TRI,2024-06-05,53000.627873577265
Nifty Bank TRI,2024-06-06,53257.8855195035
Nifty Bank TRI,2024-06-07,53811.206470161516
Nifty Bank TRI,2024-06-10,53789.75383510228
Nifty Bank TRI,2024-06-11,53709.4333414154
Nifty Bank TRI,2024-06-12,53914.9197472537
Nifty Bank TRI,2024-06-13,53863.50002016803
Nifty Bank TRI,2024-06-14,54032.200350670515
Nifty Bank TRI,2024-06-18,54510.0452952833
Nifty Bank TRI,2024-06-19,55545.32234363832
Nifty Bank TRI,2024-06-20,55962.519556631865
Nifty Bank TRI,2024-06-21,55831.80300943344
Nifty Bank TRI,2024-06-24,55880.479375514
Nifty Bank TRI,2024-06-25,56856.32700136895
Nifty Bank TRI,2024-06-26,57143.13328942679
Nifty Bank TRI,2024-06-27,57080.08484458886
Nifty Bank TRI,2024-06-28,56574.04683788116
Nifty Bank TRI,2024-07-01,56828.136262250184
Nifty Bank TRI,2024-07-02,56389.512818855415
Nifty Bank TRI,2024-07-03,57386.139894953005
Nifty Bank TRI,2024-07-04,57402.698726383656
Nifty Bank TRI,2024-07-05,56924.392249151606
Nifty Bank TRI,2024-07-08,56673.63384037777
Nifty Bank TRI,2024-07-09,56829.15124549948
Nifty Bank TRI,2024-07-10,56419.81934058852
Nifty Bank TRI,2024-07-11,56508.686614572594
Nifty Bank TRI,2024-07-12,56518.531168189846
Nifty Bank TRI,2024-07-15,56712.67169397915
Nifty Bank TRI,2024-07-16,56649.7060911277
Nifty Bank TRI,2024-07-18,56893.64133353061
Nifty Bank TRI,2024-07-19,56510.63431850763
Nifty Bank TRI,2024-07-22,56529.41045267785
Nifty Bank TRI,2024-07-23,55987.42250804897
Nifty Bank TRI,2024-07-24,55489.53082035155
Nifty Bank TRI,2024-07-25,55027.361499071856
Nifty Bank TRI,2024-07-26,55468.58532381743
Nifty Bank TRI,2024-07-29,55590.58977562225
Nifty Bank TRI,2024-07-30,55692.12677628602
Nifty Bank TRI,2024-07-31,55751.541896538794
Nifty Bank TRI,2024-08-01,55763.92007026537
Nifty Bank TRI,2024-08-02,55533.55968644889
Nifty Bank TRI,2024-08-05,54175.683629264146
Nifty Bank TRI,2024-08-06,53804.7369086203
Nifty Bank TRI,2024-08-07,54206.550429913346
Nifty Bank TRI,2024-08-08,54248.21275121524
Nifty Bank TRI,2024-08-09,54603.64804796962
Nifty Bank TRI,2024-08-12,54707.40993740275
Nifty Bank TRI,2024-08-13,53901.279572153755
Nifty Bank TRI,2024-08-14,53789.07179175101
Nifty Bank TRI,2024-08-16,54644.95442337064
Nifty Bank TRI,2024-08-19,54486.94594065638
Nifty Bank TRI,2024-08-20,54958.19603306632
Nifty Bank TRI,2024-08-21,54831.878423240996
Nifty Bank TRI,2024-08-22,55157.483843889655
Nifty Bank TRI,2024-08-23,55101.86106280713
Nifty Bank TRI,2024-08-26,55336.79948651893
Nifty Bank TRI,2024-08-27,55479.05581367985
Nifty Bank TRI,2024-08-28,55334.01393252165
Nifty Bank TRI,2024-08-29,55344.54783638634
Nifty Bank TRI,2024-08-30,55559.95371948733
Nifty Bank TRI,2024-09-02,55658.49717277144
Nifty Bank TRI,2024-09-03,55929.431505775065
Nifty Bank TRI,2024-09-04,55617.794826212
Nifty Bank TRI,2024-09-05,55697.481337099656
Nifty Bank TRI,2024-09-06,54728.62673859819
Nifty Bank TRI,2024-09-09,55316.699505581324
Nifty Bank TRI,2024-09-10,55484.799108826424
Nifty Bank TRI,2024-09-11,55201.85195845195
Nifty Bank TRI,2024-09-12,56027.81967722246
Nifty Bank TRI,2024-09-13,56208.00834833831
Nifty Bank TRI,2024-09-16,56443.56295622109
Nifty Bank TRI,2024-09-17,56482.90845867343
Nifty Bank TRI,2024-09-18,57091.81620816528
Nifty Bank TRI,2024-09-19,57403.596626448605
Nifty Bank TRI,2024-09-20,58222.34778169476
Nifty Bank TRI,2024-09-23,58563.5652857087
Nifty Bank TRI,2024-09-24,58416.018985697025
Nifty Bank TRI,2024-09-25,58560.989025952156
Nifty Bank TRI,2024-09-26,58858.21616595862
Nifty Bank TRI,2024-09-27,58273.51395702072
Nifty Bank TRI,2024-09-30,57349.529712422394
Nifty Bank TRI,2024-10-01,57290.38848809907
Nifty Bank TRI,2024-10-03,56125.90483848128
Nifty Bank TRI,2024-10-04,55712.033406664734
Nifty Bank TRI,2024-10-07,54650.37276233751
Nifty Bank TRI,2024-10-08,55238.17718880636
Nifty Bank TRI,2024-10-09,55223.92445992248
Nifty Bank TRI,2024-10-10,55792.049142397016
Nifty Bank TRI,2024-10-11,55404.706035389536
Nifty Bank TRI,2024-10-14,56105.37427865392
Nifty Bank TRI,2024-10-15,56202.77055700112
Nifty Bank TRI,2024-10-16,56090.05229480293
Nifty Bank TRI,2024-10-17,55536.29880290377
Nifty Bank TRI,2024-10-18,56409.32042841324
Nifty Bank TRI,2024-10-21,56269.692573311775
Nifty Bank TRI,2024-10-22,55506.57041283796
Nifty Bank TRI,2024-10-23,55487.82617077414
Nifty Bank TRI,2024-10-24,55805.11402988717
Nifty Bank TRI,2024-10-25,55000.6335940775
Nifty Bank TRI,2024-10-28,55514.356217737026
Nifty Bank TRI,2024-10-29,56664.789821297825
Nifty Bank TRI,2024-10-30,56109.89958489932
Nifty Bank TRI,2024-10-31,55751.08067192876
Nifty Bank TRI,2024-11-01,55967.03619108006
Nifty Bank TRI,2024-11-04,55473.00816477036
Nifty Bank TRI,2024-11-05,56548.403808827716
Nifty Bank TRI,2024-11-06,56668.6394566251
Nifty Bank TRI,2024-11-07,56235.319288780316
Nifty Bank TRI,2024-11-08,55851.37654554085
Nifty Bank TRI,2024-11-11,56195.943966339
Nifty Bank TRI,2024-11-12,55418.04355628005
Nifty Bank TRI,2024-11-13,54260.42301693518
Nifty Bank TRI,2024-11-14,54360.108909447285
Nifty Bank TRI,2024-11-18,54563.28358025751
Nifty Bank TRI,2024-11-19,54848.78574465896
Nifty Bank TRI,2024-11-21,54575.821291761626
Nifty Bank TRI,2024-11-22,55402.848770110366
Nifty Bank TRI,2024-11-25,56567.20073703201
Nifty Bank TRI,2024-11-26,56550.79080464174
Nifty Bank TRI,2024-11-27,56671.23260466055
Nifty Bank TRI,2024-11-28,56244.20943684656
Nifty Bank TRI,2024-11-29,56406.312864187166
Nifty Bank TRI,2024-12-02,56466.948626967096
Nifty Bank TRI,2024-12-03,57103.704588903485
Nifty Bank TRI,2024-12-04,57723.5744966578
Nifty Bank TRI,2024-12-05,58089.34487772794
Nifty Bank TRI,2024-12-06,57988.37321721334
Nifty Bank TRI,2024-12-09,57880.95035485083
Nifty Bank TRI,2024-12-10,58066.08477910569
Nifty Bank TRI,2024-12-11,57865.07385529107
Nifty Bank TRI,2024-12-12,57676.46086298396
Nifty Bank TRI,2024-12-13,58075.55090762987
Nifty Bank TRI,2024-12-16,58075.749806308566
Nifty Bank TRI,2024-12-17,57267.51634333825
Nifty Bank TRI,2024-12-18,56514.86209692963
Nifty Bank TRI,2024-12-19,55904.61030372393
Nifty Bank TRI,2024-12-20,55020.4800029263
Nifty Bank TRI,2024-12-23,55628.493916140585
Nifty Bank TRI,2024-12-24,55537.69505989805
Nifty Bank TRI,2024-12-26,55471.97665983876
Nifty Bank TRI,2024-12-27,55625.30785318827
Nifty Bank TRI,2024-12-30,55239.325914528155
Nifty Bank TRI,2024-12-31,55139.892054284246
Nifty Bank TRI,2025-01-01,55358.064143109536
Nifty Bank TRI,2025-01-02,55949.79478707727
Nifty Bank TRI,2025-01-03,55282.03111428967
Nifty Bank TRI,2025-01-06,54128.06573196778
Nifty Bank TRI,2025-01-07,54432.70893811114
Nifty Bank TRI,2025-01-08,54035.560764484464
Nifty Bank TRI,2025-01-09,53676.94325784482
Nifty Bank TRI,2025-01-10,52843.596190441014
Nifty Bank TRI,2025-01-13,52094.829503064
Nifty Bank TRI,2025-01-14,52841.636223561094
Nifty Bank TRI,2025-01-15,52866.956022924394
Nifty Bank TRI,2025-01-16,53439.316676609094
Nifty Bank TRI,2025-01-17,52639.76331038852
Nifty Bank TRI,2025-01-20,53521.011956626055
Nifty Bank TRI,2025-01-21,52676.069504796236
Nifty Bank TRI,2025-01-22,52843.408657671884
Nifty Bank TRI,2025-01-23,52697.42712670192
Nifty Bank TRI,2025-01-24,52458.38363719739
Nifty Bank TRI,2025-01-27,52132.154361924986
Nifty Bank TRI,2025-01-28,53003.112590283185
Nifty Bank TRI,2025-01-29,53328.40032346249
Nifty Bank TRI,2025-01-30,53487.63688150419
Nifty Bank TRI,2025-01-31,53787.07570104606
Nifty Bank TRI,2025-02-03,53381.14911891077
Nifty Bank TRI,2025-02-04,54409.73077039913
Nifty Bank TRI,2025-02-05,54611.417414059775
Nifty Bank TRI,2025-02-06,54654.6742678996
Nifty Bank TRI,2025-02-07,54413.383088581824
Nifty Bank TRI,2025-02-10,54223.1100878675
Nifty Bank TRI,2025-02-11,53597.36271956339
Nifty Bank TRI,2025-02-12,53680.748797799715
Nifty Bank TRI,2025-02-13,53551.87317210401
Nifty Bank TRI,2025-02-14,53270.22789438778
Nifty Bank TRI,2025-02-17,53445.847558247115
Nifty Bank TRI,2025-02-18,53260.536595610545
Nifty Bank TRI,2025-02-19,53785.26435058466
Nifty Bank TRI,2025-02-20,53530.560372390806
Nifty Bank TRI,2025-02-21,53148.025952237826
Nifty Bank TRI,2025-02-24,52793.36056921218
Nifty Bank TRI,2025-02-25,52746.91562233065
Nifty Bank TRI,2025-02-27,52895.62974707713
Nifty Bank TRI,2025-02-28,52463.393328349135
Nifty Bank TRI,2025-03-03,52215.9317686874
Nifty Bank TRI,2025-03-04,52358.84651733503
Nifty Bank TRI,2025-03-05,52625.327121093855
Nifty Bank TRI,2025-03-06,52775.68923570789
Nifty Bank TRI,2025-03-07,52635.245951058
Nifty Bank TRI,2025-03-10,52333.169104420536
Nifty Bank TRI,2025-03-11,51940.19082168334
Nifty Bank TRI,2025-03-12,52161.052784311694
Nifty Bank TRI,2025-03-13,52165.97743132327
Nifty Bank TRI,2025-03-17,52488.25964635705
Nifty Bank TRI,2025-03-18,53531.59465558398
Nifty Bank TRI,2025-03-19,53953.76809787182
Nifty Bank TRI,2025-03-20,54345.72109509857
Nifty Bank TRI,2025-03-21,54922.72107140967
Nifty Bank TRI,2025-03-24,56131.97716455452
Nifty Bank TRI,2025-03-25,56027.58954383786
Nifty Bank TRI,2025-03-26,55595.38534704375
Nifty Bank TRI,2025-03-27,55994.577214921286
Nifty Bank TRI,2025-03-28,55983.551689679014
Nifty Bank TRI,2025-04-01,55186.63019992064
Nifty Bank TRI,2025-04-02,55752.73820569499
Nifty Bank TRI,2025-04-03,56024.341818879984
Nifty Bank TRI,2025-04-04,55922.484310749656
Nifty Bank TRI,2025-04-07,54141.58468504476
Nifty Bank TRI,2025-04-08,54849.27403691543
Nifty Bank TRI,2025-04-09,54556.053167200735
Nifty Bank TRI,2025-04-11,55385.54790903964
Nifty Bank TRI,2025-04-15,56884.77646606666
Nifty Bank TRI,2025-04-16,57687.469777640756
Nifty Bank TRI,2025-04-17,58961.7504658543
Nifty Bank TRI,2025-04-21,60067.26458244761
Nifty Bank TRI,2025-04-22,60440.46657962383
Nifty Bank TRI,2025-04-23,60140.430457138194
Nifty Bank TRI,2025-04-24,59958.22994212852
Nifty Bank TRI,2025-04-25,59375.55024803479
Nifty Bank TRI,2025-04-28,60213.51734169515
Nifty Bank TRI,2025-04-29,60169.368524317004
Nifty Bank TRI,2025-04-30,59840.01483349118
Nifty Bank TRI,2025-05-02,59872.612454625385
Nifty Bank TRI,2025-05-05,59662.78744088611
Nifty Bank TRI,2025-05-06,58959.67627669946
Nifty Bank TRI,2025-05-07,59329.475945088656
Nifty Bank TRI,2025-05-08,59064.002808884085
Nifty Bank TRI,2025-05-09,58227.97912631738
Nifty Bank TRI,2025-05-12,60173.05596470062
Nifty Bank TRI,2025-05-13,59693.803913140386
Nifty Bank TRI,2025-05-14,59543.15573581675
Nifty Bank TRI,2025-05-15,60146.40420691365
Nifty Bank TRI,2025-05-16,60146.625303843015
Nifty Bank TRI,2025-05-19,60221.080880059024
Nifty Bank TRI,2025-05-20,59631.64665194298
Nifty Bank TRI,2025-05-21,59847.50888348054
Nifty Bank TRI,2025-05-22,59703.0917110809
Nifty Bank TRI,2025-05-23,60200.630913792214
Nifty Bank TRI,2025-05-26,60392.41025976992
Nifty Bank TRI,2025-05-27,60155.182540839414
Nifty Bank TRI,2025-05-28,60225.93802573815
Nifty Bank TRI,2025-05-29,60367.1761729612
Nifty Bank TRI,2025-05-30,60589.492626051724
Nifty Bank TRI,2025-06-02,60759.52020916518
Nifty Bank TRI,2025-06-03,60430.70120452374
Nifty Bank TRI,2025-06-04,60515.276252071366
Nifty Bank TRI,2025-06-05,60607.56863625141
Nifty Bank TRI,2025-06-06,61497.18364276184
Nifty Bank TRI,2025-06-09,61784.130748177624
Nifty Bank TRI,2025-06-10,61556.32732217315
Nifty Bank TRI,2025-06-11,61373.24586063266
Nifty Bank TRI,2025-06-12,60964.21876953338
Nifty Bank TRI,2025-06-13,60361.68120416071
Nifty Bank TRI,2025-06-16,60818.56879026896
Nifty Bank TRI,2025-06-17,60568.70886549476
Nifty Bank TRI,2025-06-18,60694.29009025247
Nifty Bank TRI,2025-06-19,60422.077741331974
Nifty Bank TRI,2025-06-20,61157.355834049675
Nifty Bank TRI,2025-06-23,60949.97984093577
Nifty Bank TRI,2025-06-24,61388.65039662504
Nifty Bank TRI,2025-06-25,61562.804500633254
Nifty Bank TRI,2025-06-26,62200.4784074486
Nifty Bank TRI,2025-06-27,62459.40655487928
Nifty Bank TRI,2025-06-30,62319.86931449444
Nifty Bank TRI,2025-07-01,62480.40818419866
Nifty Bank TRI,2025-07-02,61980.95543632782
Nifty Bank TRI,2025-07-03,61756.60313361987
Nifty Bank TRI,2025-07-04,62018.54403042475
Nifty Bank TRI,2025-07-07,61931.65679514917
Nifty Bank TRI,2025-07-08,62266.64631910412
Nifty Bank TRI,2025-07-09,62221.17443236946
Nifty Bank TRI,2025-07-10,61942.09596525047
Nifty Bank TRI,2025-07-11,61724.18363242908
Nifty Bank TRI,2025-07-14,61738.802106879266
Nifty Bank TRI,2025-07-15,62002.25547902553
Nifty Bank TRI,2025-07-16,62179.797377153736
Nifty Bank TRI,2025-07-17,61810.84732101938
Nifty Bank TRI,2025-07-18,61218.20010100612
Nifty Bank TRI,2025-07-21,61949.72119665215
Nifty Bank TRI,2025-07-22,61736.71968652645
Nifty Bank TRI,2025-07-23,62232.069102109286
Nifty Bank TRI,2025-07-24,62076.012834487025
Nifty Bank TRI,2025-07-25,61492.709750851536
Nifty Bank TRI,2025-07-28,61012.719771116186
Nifty Bank TRI,2025-07-29,61162.869289549315
Nifty Bank TRI,2025-07-30,61086.3029587538
Nifty Bank TRI,2025-07-31,60881.9590951181
Nifty Bank TRI,2025-08-01,60508.32840484012
Nifty Bank TRI,2025-08-04,60513.20547723382
Nifty Bank TRI,2025-08-05,60232.292478284064
Nifty Bank TRI,2025-08-06,60288.657692055735
Nifty Bank TRI,2025-08-07,60409.32970581658
Nifty Bank TRI,2025-08-08,59848.60832559913
Nifty Bank TRI,2025-08-11,60401.97270043884
Nifty Bank TRI,2025-08-12,59894.74958951891
Nifty Bank TRI,2025-08-13,60045.62304038202
Nifty Bank TRI,2025-08-14,60221.150939678504
Nifty Bank TRI,2025-08-18,60652.82475880959
Nifty Bank TRI,2025-08-19,60795.56343854379
Nifty Bank TRI,2025-08-20,60615.20008363939
Nifty Bank TRI,2025-08-21,60678.17018788755
Nifty Bank TRI,2025-08-22,60019.593390678165
Nifty Bank TRI,2025-08-25,60011.55255799459
Nifty Bank TRI,2025-08-26,59262.80288234937
Nifty Bank TRI,2025-08-28,58578.9357120235
Nifty Bank TRI,2025-08-29,58400.62666222696
Nifty Bank TRI,2025-09-01,58780.98446633724
Nifty Bank TRI,2025-09-02,58410.27793764629
Nifty Bank TRI,2025-09-03,58853.77448051645
Nifty Bank TRI,2025-09-04,58863.336168658825
Nifty Bank TRI,2025-09-05,58906.864587138974
Nifty Bank TRI,2025-09-08,58988.51753125172
Nifty Bank TRI,2025-09-09,59021.27505245137
Nifty Bank TRI,2025-09-10,59370.49845410479
Nifty Bank TRI,2025-09-11,59516.91826745273
Nifty Bank TRI,2025-09-12,59669.981278781124
Nifty Bank TRI,2025-09-15,59758.43432035918
Nifty Bank TRI,2025-09-16,60042.21711817785
Nifty Bank TRI,2025-09-17,60419.58835462586
Nifty Bank TRI,2025-09-18,60675.516506948305
Nifty Bank TRI,2025-09-19,60384.058897521296
Nifty Bank TRI,2025-09-22,60197.45334062398
Nifty Bank TRI,2025-09-23,60443.43718515751
Nifty Bank TRI,2025-09-24,60021.66268873117
Nifty Bank TRI,2025-09-25,59864.42548624849
Nifty Bank TRI,2025-09-26,59226.368086365874
Nifty Bank TRI,2025-09-29,59307.30238222423
Nifty Bank TRI,2025-09-30,59498.68786361917
Nifty Bank TRI,2025-10-01,60275.15259071214
Nifty Bank TRI,2025-10-03,60539.91754505724
Nifty Bank TRI,2025-10-06,61104.439788000236
Nifty Bank TRI,2025-10-07,61251.92846361039
Nifty Bank TRI,2025-10-08,61012.119511866076
Nifty Bank TRI,2025-10-09,61202.41651035656
Nifty Bank TRI,2025-10-10,61658.369724975535
Nifty Bank TRI,2025-10-13,61678.01018021506
Nifty Bank TRI,2025-10-14,61538.99587086087
Nifty Bank TRI,2025-10-15,61870.54252237842
Nifty Bank TRI,2025-10-16,62549.80475863506
Nifty Bank TRI,2025-10-17,62867.60075174379
Nifty Bank TRI,2025-10-20,63219.11941602064
Nifty Bank TRI,2025-10-21,63191.83097165867
Nifty Bank TRI,2025-10-23,63271.087659941775
Nifty Bank TRI,2025-10-24,62859.82899378363
Nifty Bank TRI,2025-10-27,63314.67136419918
Nifty Bank TRI,2025-10-28,63424.49701924842
Nifty Bank TRI,2025-10-29,63612.005758148036
Nifty Bank TRI,2025-10-30,63227.188824006014
Nifty Bank TRI,2025-10-31,62950.65958484373
Nifty Bank TRI,2025-11-03,63307.98268978225
Nifty Bank TRI,2025-11-04,63010.02708363398
Nifty Bank TRI,2025-11-06,62714.829717852066
Nifty Bank TRI,2025-11-07,63067.33480059112
Nifty Bank TRI,2025-11-10,63136.63509313302
Nifty Bank TRI,2025-11-11,63356.2712233049
Nifty Bank TRI,2025-11-12,63506.06271916485
Nifty Bank TRI,2025-11-13,63624.038101217266
Nifty Bank TRI,2025-11-14,63772.859731436845
Nifty Bank TRI,2025-11-17,64261.14312488674
Nifty Bank TRI,2025-11-18,64193.04364566391
Nifty Bank TRI,2025-11-19,64539.37511804309
Nifty Bank TRI,2025-11-20,64683.91769428565
Nifty Bank TRI,2025-11-21,64161.80957088514
Nifty Bank TRI,2025-11-24,64129.703689222675
Nifty Bank TRI,2025-11-25,64114.34860732212
Nifty Bank TRI,2025-11-26,64886.86147313576
Nifty Bank TRI,2025-11-27,65116.014956684674
Nifty Bank TRI,2025-11-28,65133.86661616053
Nifty Bank TRI,2025-12-01,65059.29013033182
Nifty Bank TRI,2025-12-02,64616.07286787839
Nifty Bank TRI,2025-12-03,64698.29172100286
Nifty Bank TRI,2025-12-04,64634.431215848366
Nifty Bank TRI,2025-12-05,65168.04385653302
Nifty Bank TRI,2025-12-08,64583.992065850114
Nifty Bank TRI,2025-12-09,64567.38857404343
Nifty Bank TRI,2025-12-10,64282.846024458704
Nifty Bank TRI,2025-12-11,64555.87496279902
Nifty Bank TRI,2025-12-12,64753.29405475654
Nifty Bank TRI,2025-12-15,64834.81985610718
Nifty Bank TRI,2025-12-16,64370.07279697999
Nifty Bank TRI,2025-12-17,64253.52608610252
Nifty Bank TRI,2025-12-18,64239.423383445835
Nifty Bank TRI,2025-12-19,64410.96203908773
Nifty Bank TRI,2025-12-22,64670.173822221805
Nifty Bank TRI,2025-12-23,64666.38111064591
Nifty Bank TRI,2025-12-24,64540.99510053649
Nifty Bank TRI,2025-12-26,64355.260746100525
Nifty Bank TRI,2025-12-29,64272.2645983662
Nifty Bank TRI,2025-12-30,64533.86676504584
Nifty Bank TRI,2025-12-31,64982.74491623154
Nifty Bank TRI,2026-01-01,65125.26754472911
Nifty Bank TRI,2026-01-02,65605.57829418496
Nifty Bank TRI,2026-01-05,65492.36578065966
Nifty Bank TRI,2026-01-06,65574.37150445506
Nifty Bank TRI,2026-01-07,65436.32097453258
Nifty Bank TRI,2026-01-08,65105.40920324892
Nifty Bank TRI,2026-01-09,64632.02968591504
Nifty Bank TRI,2026-01-12,64852.23133979445
Nifty Bank TRI,2026-01-13,64993.254109238864
Nifty Bank TRI,2026-01-14,64995.788732536676
Nifty Bank TRI,2026-01-16,65559.74798779181
Nifty Bank TRI,2026-01-19,65340.6297335361
Nifty Bank TRI,2026-01-20,64810.21477116443
Nifty Bank TRI,2026-01-21,64152.40988371249
Nifty Bank TRI,2026-01-22,64589.659092973256
Nifty Bank TRI,2026-01-23,63797.51812353963
Nifty Bank TRI,2026-01-27,64600.7835459791
Nifty Bank TRI,2026-01-28,65031.04592032519
Nifty Bank TRI,2026-01-29,65423.894567490395
Nifty Bank TRI,2026-01-30,65045.88668736301
Nifty Bank TRI,2026-02-02,63967.177412298144
Nifty Bank TRI,2026-02-03,65520.31665952688
Nifty Bank TRI,2026-02-04,65736.20409483109
Nifty Bank TRI,2026-02-05,65546.85065146394
Nifty Bank TRI,2026-02-06,65610.02215578993
Nifty Bank TRI,2026-02-09,66212.18588737385
Nifty Bank TRI,2026-02-10,66166.39217215676
Nifty Bank TRI,2026-02-11,66297.3009519821
Nifty Bank TRI,2026-02-12,66292.2731501369
Nifty Bank TRI,2026-02-13,65689.6856764349
Nifty Bank TRI,2026-02-16,66525.12063812304
Nifty Bank TRI,2026-02-17,66771.68782224786
Nifty Bank TRI,2026-02-18,67184.06785144466
Nifty Bank TRI,2026-02-19,66299.65628362678
Nifty Bank TRI,2026-02-20,66772.78555090756
Nifty Bank TRI,2026-02-23,66876.7676220853
Nifty Bank TRI,2026-02-24,66641.03477165908
Nifty Bank TRI,2026-02-25,66637.8150744548
Nifty Bank TRI,2026-02-26,66796.48580105753
Nifty Bank TRI,2026-02-27,66078.48897066944
Nifty Bank TRI,2026-03-02,65329.14529741644
Nifty Bank TRI,2026-03-04,64147.36881479328
Nifty Bank TRI,2026-03-05,64476.61333825739
Nifty Bank TRI,2026-03-06,63088.232387990145
Nifty Bank TRI,2026-03-09,61165.88913556533
Nifty Bank TRI,2026-03-10,62183.43104771973
Nifty Bank TRI,2026-03-11,60857.73832037547
Nifty Bank TRI,2026-03-12,60165.586180066624
Nifty Bank TRI,2026-03-13,58699.99827499943
Nifty Bank TRI,2026-03-16,59418.7312714034
Nifty Bank TRI,2026-03-17,59924.867670659056
Nifty Bank TRI,2026-03-18,60417.31489249043
Nifty Bank TRI,2026-03-19,58370.67247287101
Nifty Bank TRI,2026-03-20,58345.47452451789
Nifty Bank TRI,2026-03-23,56175.80141759476
Nifty Bank TRI,2026-03-24,57452.21865666269
Nifty Bank TRI,2026-03-25,58657.20171689581
Nifty Bank TRI,2026-03-27,57093.47752400692
Nifty Bank TRI,2026-03-30,54912.62690195961
Nifty Bank TRI,2026-04-01,56195.986535933975
Nifty Bank TRI,2026-04-02,56306.246980178956
Nifty Bank TRI,2026-04-06,57468.224420564584
Nifty Bank TRI,2026-04-07,57586.21252599005
Nifty Bank TRI,2026-04-08,60850.85853802912
Nifty Bank TRI,2026-04-09,59888.126221149214
Nifty Bank TRI,2026-04-10,61081.00842367145
Nifty Bank TRI,2026-04-13,60747.851944390306
Nifty Bank TRI,2026-04-15,61511.21997088911
Nifty Bank TRI,2026-04-16,61276.72919374876
Nifty Bank TRI,2026-04-17,61801.397461157496
Nifty Bank TRI,2026-04-20,61822.62866116793
Nifty Bank TRI,2026-04-21,62685.83390004434
Nifty Bank TRI,2026-04-22,62416.97625821868
Nifty Bank TRI,2026-04-23,61522.61344254756
Nifty Bank TRI,2026-04-24,61288.42065315245
Nifty Bank TRI,2026-04-27,61482.170443584015
Nifty Bank TRI,2026-04-28,60539.091329457915
Nifty Bank TRI,2026-04-29,60543.63436462359
Nifty Bank TRI,2026-04-30,59954.24494892224
Nifty Bank TRI,2026-05-04,59974.7279842943
Nifty Bank TRI,2026-05-05,59613.475462568626
Nifty Bank TRI,2026-05-06,61181.6698960411
Nifty Bank TRI,2026-05-07,61255.184455656476
Nifty Bank TRI,2026-05-08,60450.86078995007
Nifty Bank TRI,2026-05-11,59502.21750692917
Nifty Bank TRI,2026-05-12,58536.20957236342
Nifty Bank TRI,2026-05-13,58428.90331340412
Nifty Bank TRI,2026-05-14,59165.260347248455
Nifty Bank TRI,2026-05-15,58708.676700485776
Nifty Bank TRI,2026-05-18,58522.068269167205
Nifty Bank TRI,2026-05-19,58383.26807332154
Nifty Bank TRI,2026-05-20,58551.53178415747
Nifty Bank TRI,2026-05-21,58418.2488460982
Nifty Bank TRI,2026-05-22,59092.557001358364
Nifty Bank TRI,2026-05-25,60449.215930315724
Nifty Bank TRI,2026-05-26,60230.73449700201
Nifty Bank TRI,2026-05-27,59970.37685227216
Nifty Bank TRI,2026-05-29,59300.33486167984
Nifty Bank TRI,2026-06-01,58651.49621354716
Nifty Bank TRI,2026-06-02,58730.68495560125
Nifty Bank TRI,2026-06-03,59246.96757094782
Nifty Bank TRI,2026-06-04,59381.22824661216
Nifty Bank TRI,2026-06-05,59588.20257701514
Nifty Bank TRI,2026-06-08,59118.19582748714
Nifty Bank TRI,2026-06-09,60355.648683339
Nifty Bank TRI,2026-06-10,60253.627874578124
Nifty Bank TRI,2026-06-11,60338.2153180468
Nifty Bank TRI,2026-06-12,62130.513826933595
Nifty Bank TRI,2026-06-15,62553.51511250688
Nifty Bank TRI,2026-06-16,62662.09594078744
Nifty Bank TRI,2026-06-17,62977.987110049944
Nifty Bank TRI,2026-06-18,63393.245928414486
Nifty Bank TRI,2026-06-19,63090.18352976164
Nifty Bank TRI,2026-06-22,63366.55643940511
Nifty Bank TRI,2026-06-23,62545.24974137375
Nifty Bank TRI,2026-06-24,63603.52073505806
Nifty Bank TRI,2026-06-25,63633.76591465664
Nifty Bank TRI,2026-06-29,63146.02385985321
Nifty Bank TRI,2026-06-30,62945.287651222534
