index_name,date,tri
Nifty Financial Services TRI,2011-09-07,4010.679931640625
Nifty Financial Services TRI,2011-09-08,4018.4477715541334
Nifty Financial Services TRI,2011-09-09,4018.535437598864
Nifty Financial Services TRI,2011-09-12,3942.950086358799
Nifty Financial Services TRI,2011-09-13,3837.1421184247542
Nifty Financial Services TRI,2011-09-14,3815.4026725537587
Nifty Financial Services TRI,2011-09-15,3856.6530051687137
Nifty Financial Services TRI,2011-09-16,3965.898709014543
Nifty Financial Services TRI,2011-09-19,3915.134908278611
Nifty Financial Services TRI,2011-09-20,4013.3580119955454
Nifty Financial Services TRI,2011-09-21,4044.455036444847
Nifty Financial Services TRI,2011-09-22,3868.3257026491383
Nifty Financial Services TRI,2011-09-23,3795.1245079702885
Nifty Financial Services TRI,2011-09-26,3787.459459861063
Nifty Financial Services TRI,2011-09-27,3884.9947535478564
Nifty Financial Services TRI,2011-09-28,3842.499947143776
Nifty Financial Services TRI,2011-09-29,3907.2248988595798
Nifty Financial Services TRI,2011-09-30,3835.383921100418
Nifty Financial Services TRI,2011-10-03,3739.1002234779885
Nifty Financial Services TRI,2011-10-04,3639.0727973569565
Nifty Financial Services TRI,2011-10-05,3577.25452578777
Nifty Financial Services TRI,2011-10-07,3711.90851765457
Nifty Financial Services TRI,2011-10-10,3781.4513309875615
Nifty Financial Services TRI,2011-10-11,3793.2424593665187
Nifty Financial Services TRI,2011-10-12,3895.783541309846
Nifty Financial Services TRI,2011-10-13,3912.4714092537115
Nifty Financial Services TRI,2011-10-14,3938.8179424934997
Nifty Financial Services TRI,2011-10-17,3964.117596852229
Nifty Financial Services TRI,2011-10-18,3918.58345689333
Nifty Financial Services TRI,2011-10-19,4006.1589831256415
Nifty Financial Services TRI,2011-10-20,3936.290895894375
Nifty Financial Services TRI,2011-10-21,3905.116797436976
Nifty Financial Services TRI,2011-10-24,3906.2130892098376
Nifty Financial Services TRI,2011-10-25,3912.494733362801
Nifty Financial Services TRI,2011-10-28,4069.755466861649
Nifty Financial Services TRI,2011-10-31,4081.3351974221832
Nifty Financial Services TRI,2011-11-01,4019.5700341618244
Nifty Financial Services TRI,2011-11-02,4004.56923432485
Nifty Financial Services TRI,2011-11-03,4004.6365531559613
Nifty Financial Services TRI,2011-11-04,4024.4390333664232
Nifty Financial Services TRI,2011-11-08,4025.55127028494
Nifty Financial Services TRI,2011-11-09,3947.7420651488846
Nifty Financial Services TRI,2011-11-11,3827.173153952426
Nifty Financial Services TRI,2011-11-14,3821.8152276994338
Nifty Financial Services TRI,2011-11-15,3743.2304708148154
Nifty Financial Services TRI,2011-11-16,3724.0427387519103
Nifty Financial Services TRI,2011-11-17,3666.1340838897245
Nifty Financial Services TRI,2011-11-18,3653.3638173784016
Nifty Financial Services TRI,2011-11-21,3532.8757724922416
Nifty Financial Services TRI,2011-11-22,3572.388047398091
Nifty Financial Services TRI,2011-11-23,3482.655332331498
Nifty Financial Services TRI,2011-11-24,3502.5949151635004
Nifty Financial Services TRI,2011-11-25,3485.341681895381
Nifty Financial Services TRI,2011-11-28,3629.076281431743
Nifty Financial Services TRI,2011-11-29,3569.2470261364047
Nifty Financial Services TRI,2011-11-30,3558.795605285635
Nifty Financial Services TRI,2011-12-01,3682.903071687449
Nifty Financial Services TRI,2011-12-02,3792.047709589419
Nifty Financial Services TRI,2011-12-05,3788.2279465406245
Nifty Financial Services TRI,2011-12-07,3809.0342696349076
Nifty Financial Services TRI,2011-12-08,3710.7502163775716
Nifty Financial Services TRI,2011-12-09,3652.432778591315
Nifty Financial Services TRI,2011-12-12,3548.483883575258
Nifty Financial Services TRI,2011-12-13,3561.24802729089
Nifty Financial Services TRI,2011-12-14,3525.7497412443795
Nifty Financial Services TRI,2011-12-15,3511.435748124101
Nifty Financial Services TRI,2011-12-16,3411.353903601132
Nifty Financial Services TRI,2011-12-19,3320.963880948199
Nifty Financial Services TRI,2011-12-20,3298.525354165789
Nifty Financial Services TRI,2011-12-21,3451.737742298952
Nifty Financial Services TRI,2011-12-22,3519.2586249847473
Nifty Financial Services TRI,2011-12-23,3488.9045864243076
Nifty Financial Services TRI,2011-12-26,3519.3552727858455
Nifty Financial Services TRI,2011-12-27,3492.3166644846456
Nifty Financial Services TRI,2011-12-28,3436.4864004742485
Nifty Financial Services TRI,2011-12-29,3397.5752447445725
Nifty Financial Services TRI,2011-12-30,3376.0556904084347
Nifty Financial Services TRI,2012-01-02,3378.5524712864876
Nifty Financial Services TRI,2012-01-03,3504.5901596589906
Nifty Financial Services TRI,2012-01-04,3522.9239120074635
Nifty Financial Services TRI,2012-01-05,3561.320924802486
Nifty Financial Services TRI,2012-01-06,3567.4044410827246
Nifty Financial Services TRI,2012-01-09,3557.52050460441
Nifty Financial Services TRI,2012-01-10,3658.663379410056
Nifty Financial Services TRI,2012-01-11,3658.7431964353623
Nifty Financial Services TRI,2012-01-12,3690.410409759247
Nifty Financial Services TRI,2012-01-13,3743.3984623149854
Nifty Financial Services TRI,2012-01-16,3731.879913494674
Nifty Financial Services TRI,2012-01-17,3731.961327804384
Nifty Financial Services TRI,2012-01-18,3774.8567292924936
Nifty Financial Services TRI,2012-01-19,3852.8667496715248
Nifty Financial Services TRI,2012-01-23,3938.6296931355496
Nifty Financial Services TRI,2012-01-24,3938.7156178772616
Nifty Financial Services TRI,2012-01-25,4076.4814135682186
Nifty Financial Services TRI,2012-01-27,4058.763840683112
Nifty Financial Services TRI,2012-01-30,3950.476682915937
Nifty Financial Services TRI,2012-01-31,4087.247525964996
Nifty Financial Services TRI,2012-02-01,4100.7595525973775
Nifty Financial Services TRI,2012-02-02,4102.815558602472
Nifty Financial Services TRI,2012-02-03,4172.82165972027
Nifty Financial Services TRI,2012-02-06,4220.561965432884
Nifty Financial Services TRI,2012-02-07,4209.557004290053
Nifty Financial Services TRI,2012-02-08,4219.873562701297
Nifty Financial Services TRI,2012-02-09,4284.0917626760465
Nifty Financial Services TRI,2012-02-10,4246.286444925522
Nifty Financial Services TRI,2012-02-13,4255.856791266468
Nifty Financial Services TRI,2012-02-14,4287.940990754195
Nifty Financial Services TRI,2012-02-15,4422.6966242962135
Nifty Financial Services TRI,2012-02-16,4441.730034140427
Nifty Financial Services TRI,2012-02-17,4495.437153190433
Nifty Financial Services TRI,2012-02-21,4525.507203941634
Nifty Financial Services TRI,2012-02-22,4377.424186852438
Nifty Financial Services TRI,2012-02-23,4358.891071312629
Nifty Financial Services TRI,2012-02-24,4257.249693743363
Nifty Financial Services TRI,2012-02-27,4116.105450848837
Nifty Financial Services TRI,2012-02-28,4243.376810936833
Nifty Financial Services TRI,2012-02-29,4219.528548990595
Nifty Financial Services TRI,2012-03-01,4178.613356400162
Nifty Financial Services TRI,2012-03-02,4223.677644405275
Nifty Financial Services TRI,2012-03-05,4126.070462861357
Nifty Financial Services TRI,2012-03-06,4080.1794679017726
Nifty Financial Services TRI,2012-03-07,4105.468190013908
Nifty Financial Services TRI,2012-03-09,4265.186587395939
Nifty Financial Services TRI,2012-03-12,4297.39553797308
Nifty Financial Services TRI,2012-03-13,4334.892378297784
Nifty Financial Services TRI,2012-03-14,4386.900751405342
Nifty Financial Services TRI,2012-03-15,4267.351654872727
Nifty Financial Services TRI,2012-03-16,4219.294340387642
Nifty Financial Services TRI,2012-03-19,4133.00470134788
Nifty Financial Services TRI,2012-03-20,4169.0977972980945
Nifty Financial Services TRI,2012-03-21,4267.357610989028
Nifty Financial Services TRI,2012-03-22,4138.497795076391
Nifty Financial Services TRI,2012-03-23,4178.962295769907
Nifty Financial Services TRI,2012-03-26,4079.9513033006424
Nifty Financial Services TRI,2012-03-27,4135.333242550228
Nifty Financial Services TRI,2012-03-28,4065.3138544482354
Nifty Financial Services TRI,2012-03-29,4064.0464234052483
Nifty Financial Services TRI,2012-03-30,4162.3232217645555
Nifty Financial Services TRI,2012-04-02,4210.512776429572
Nifty Financial Services TRI,2012-04-03,4263.7963135450545
Nifty Financial Services TRI,2012-04-04,4226.518811492628
Nifty Financial Services TRI,2012-04-09,4133.140356407023
Nifty Financial Services TRI,2012-04-10,4162.21688996094
Nifty Financial Services TRI,2012-04-11,4170.848026838167
Nifty Financial Services TRI,2012-04-12,4233.3351551850665
Nifty Financial Services TRI,2012-04-13,4202.229005109983
Nifty Financial Services TRI,2012-04-16,4234.106427096301
Nifty Financial Services TRI,2012-04-17,4276.604792827053
Nifty Financial Services TRI,2012-04-18,4268.809538127001
Nifty Financial Services TRI,2012-04-19,4303.673016586854
Nifty Financial Services TRI,2012-04-20,4254.47418038815
Nifty Financial Services TRI,2012-04-23,4188.070724800499
Nifty Financial Services TRI,2012-04-24,4176.2523851750775
Nifty Financial Services TRI,2012-04-25,4147.69950797668
Nifty Financial Services TRI,2012-04-26,4128.04038658395
Nifty Financial Services TRI,2012-04-27,4141.045534336601
Nifty Financial Services TRI,2012-04-30,4175.592676707283
Nifty Financial Services TRI,2012-05-02,4185.2742568256
Nifty Financial Services TRI,2012-05-03,4121.834984284803
Nifty Financial Services TRI,2012-05-04,4007.527710323731
Nifty Financial Services TRI,2012-05-07,4037.7985133775246
Nifty Financial Services TRI,2012-05-08,3936.7498251766046
Nifty Financial Services TRI,2012-05-09,3882.0937070642035
Nifty Financial Services TRI,2012-05-10,3881.323971778513
Nifty Financial Services TRI,2012-05-11,3868.0367371954317
Nifty Financial Services TRI,2012-05-14,3825.758516846477
Nifty Financial Services TRI,2012-05-15,3848.314795651763
Nifty Financial Services TRI,2012-05-16,3763.231874733213
Nifty Financial Services TRI,2012-05-17,3780.508467748424
Nifty Financial Services TRI,2012-05-18,3829.159373796356
Nifty Financial Services TRI,2012-05-21,3868.8806669722094
Nifty Financial Services TRI,2012-05-22,3821.9511986029074
Nifty Financial Services TRI,2012-05-23,3796.4907533930664
Nifty Financial Services TRI,2012-05-24,3906.6461003319205
Nifty Financial Services TRI,2012-05-25,3903.01024895572
Nifty Financial Services TRI,2012-05-28,3987.700539516983
Nifty Financial Services TRI,2012-05-29,3982.5574348515242
Nifty Financial Services TRI,2012-05-30,3923.250607532004
Nifty Financial Services TRI,2012-05-31,3891.702521956608
Nifty Financial Services TRI,2012-06-01,3822.081017928163
Nifty Financial Services TRI,2012-06-04,3844.3609287737886
Nifty Financial Services TRI,2012-06-05,3873.3659025717147
Nifty Financial Services TRI,2012-06-06,3978.1219896336484
Nifty Financial Services TRI,2012-06-07,4052.652434910904
Nifty Financial Services TRI,2012-06-08,4062.499166220199
Nifty Financial Services TRI,2012-06-11,4058.1873256173653
Nifty Financial Services TRI,2012-06-12,4115.221507215981
Nifty Financial Services TRI,2012-06-13,4118.22895474082
Nifty Financial Services TRI,2012-06-14,4009.5542350097444
Nifty Financial Services TRI,2012-06-15,4087.9719703225387
Nifty Financial Services TRI,2012-06-18,3979.3647484548314
Nifty Financial Services TRI,2012-06-19,4000.734082539986
Nifty Financial Services TRI,2012-06-20,4011.286583528573
Nifty Financial Services TRI,2012-06-21,4085.0857653023013
Nifty Financial Services TRI,2012-06-22,4073.1493547770237
Nifty Financial Services TRI,2012-06-25,4044.180245500517
Nifty Financial Services TRI,2012-06-26,4053.8797610622278
Nifty Financial Services TRI,2012-06-27,4079.380669101492
Nifty Financial Services TRI,2012-06-28,4075.3934669994137
Nifty Financial Services TRI,2012-06-29,4198.67522459655
Nifty Financial Services TRI,2012-07-02,4235.185615487731
Nifty Financial Services TRI,2012-07-03,4273.527523988538
Nifty Financial Services TRI,2012-07-04,4295.212266607565
Nifty Financial Services TRI,2012-07-05,4335.519748307437
Nifty Financial Services TRI,2012-07-06,4349.405387118651
Nifty Financial Services TRI,2012-07-09,4314.203950080729
Nifty Financial Services TRI,2012-07-10,4380.036680194898
Nifty Financial Services TRI,2012-07-11,4360.500768594784
Nifty Financial Services TRI,2012-07-12,4322.943028627674
Nifty Financial Services TRI,2012-07-13,4318.758497969384
Nifty Financial Services TRI,2012-07-16,4315.31610072057
Nifty Financial Services TRI,2012-07-17,4315.309457523559
Nifty Financial Services TRI,2012-07-18,4341.23037364854
Nifty Financial Services TRI,2012-07-19,4361.765311391292
Nifty Financial Services TRI,2012-07-20,4300.085120275643
Nifty Financial Services TRI,2012-07-23,4224.337646713023
Nifty Financial Services TRI,2012-07-24,4229.56525081968
Nifty Financial Services TRI,2012-07-25,4218.328217134909
Nifty Financial Services TRI,2012-07-26,4156.536004780377
Nifty Financial Services TRI,2012-07-27,4189.105442684852
Nifty Financial Services TRI,2012-07-30,4286.0162486455765
Nifty Financial Services TRI,2012-07-31,4298.8003333935685
Nifty Financial Services TRI,2012-08-01,4329.060047269327
Nifty Financial Services TRI,2012-08-02,4312.484618381664
Nifty Financial Services TRI,2012-08-03,4291.879967567917
Nifty Financial Services TRI,2012-08-06,4360.607985207355
Nifty Financial Services TRI,2012-08-07,4421.646884273565
Nifty Financial Services TRI,2012-08-08,4403.308418386155
Nifty Financial Services TRI,2012-08-09,4353.338040899126
Nifty Financial Services TRI,2012-08-10,4320.692482145496
Nifty Financial Services TRI,2012-08-13,4371.499633266569
Nifty Financial Services TRI,2012-08-14,4390.535595206813
Nifty Financial Services TRI,2012-08-16,4376.117938400913
Nifty Financial Services TRI,2012-08-17,4379.437779480119
Nifty Financial Services TRI,2012-08-21,4432.066331030477
Nifty Financial Services TRI,2012-08-22,4417.40033898131
Nifty Financial Services TRI,2012-08-23,4401.323533996639
Nifty Financial Services TRI,2012-08-24,4365.393967790099
Nifty Financial Services TRI,2012-08-27,4304.457370467596
Nifty Financial Services TRI,2012-08-28,4277.038625414867
Nifty Financial Services TRI,2012-08-29,4247.199523671781
Nifty Financial Services TRI,2012-08-30,4288.462566410116
Nifty Financial Services TRI,2012-08-31,4266.534227475753
Nifty Financial Services TRI,2012-09-03,4251.94652250495
Nifty Financial Services TRI,2012-09-04,4254.508958181918
Nifty Financial Services TRI,2012-09-05,4194.3247225527575
Nifty Financial Services TRI,2012-09-06,4211.501929201798
Nifty Financial Services TRI,2012-09-07,4295.612080008031
Nifty Financial Services TRI,2012-09-10,4298.765865287482
Nifty Financial Services TRI,2012-09-11,4344.627982942888
Nifty Financial Services TRI,2012-09-12,4354.098144000873
Nifty Financial Services TRI,2012-09-13,4353.890884930317
Nifty Financial Services TRI,2012-09-14,4518.670116253905
Nifty Financial Services TRI,2012-09-17,4638.341445469942
Nifty Financial Services TRI,2012-09-18,4644.59261754911
Nifty Financial Services TRI,2012-09-20,4587.574109882723
Nifty Financial Services TRI,2012-09-21,4753.191037283608
Nifty Financial Services TRI,2012-09-24,4759.854792033134
Nifty Financial Services TRI,2012-09-25,4770.244635976089
Nifty Financial Services TRI,2012-09-26,4754.465861348475
Nifty Financial Services TRI,2012-09-27,4751.947499167315
Nifty Financial Services TRI,2012-09-28,4775.851355891359
Nifty Financial Services TRI,2012-10-01,4752.009095703544
Nifty Financial Services TRI,2012-10-03,4776.372326040223
Nifty Financial Services TRI,2012-10-04,4865.082557628257
Nifty Financial Services TRI,2012-10-05,4773.201712918463
Nifty Financial Services TRI,2012-10-08,4722.7762882144325
Nifty Financial Services TRI,2012-10-09,4751.123492022665
Nifty Financial Services TRI,2012-10-10,4685.60864321202
Nifty Financial Services TRI,2012-10-11,4740.234385395067
Nifty Financial Services TRI,2012-10-12,4710.427377963909
Nifty Financial Services TRI,2012-10-15,4725.666983557515
Nifty Financial Services TRI,2012-10-16,4702.363993034461
Nifty Financial Services TRI,2012-10-17,4713.463452633558
Nifty Financial Services TRI,2012-10-18,4794.3305032516355
Nifty Financial Services TRI,2012-10-19,4750.192955591139
Nifty Financial Services TRI,2012-10-22,4785.364830882142
Nifty Financial Services TRI,2012-10-23,4773.159375024853
Nifty Financial Services TRI,2012-10-25,4805.304687795177
Nifty Financial Services TRI,2012-10-29,4752.69234184852
Nifty Financial Services TRI,2012-10-30,4667.066254306105
Nifty Financial Services TRI,2012-10-31,4705.921431775619
Nifty Financial Services TRI,2012-11-01,4726.814264224172
Nifty Financial Services TRI,2012-11-02,4770.920726488397
Nifty Financial Services TRI,2012-11-05,4782.28468008969
Nifty Financial Services TRI,2012-11-06,4815.34375752658
Nifty Financial Services TRI,2012-11-07,4873.58797453787
Nifty Financial Services TRI,2012-11-08,4845.381361124506
Nifty Financial Services TRI,2012-11-09,4797.641470972948
Nifty Financial Services TRI,2012-11-12,4834.396905861783
Nifty Financial Services TRI,2012-11-15,4821.942793939814
Nifty Financial Services TRI,2012-11-16,4735.377421321604
Nifty Financial Services TRI,2012-11-19,4704.9949045275425
Nifty Financial Services TRI,2012-11-20,4736.54789470859
Nifty Financial Services TRI,2012-11-21,4775.775828179793
Nifty Financial Services TRI,2012-11-22,4786.481752200145
Nifty Financial Services TRI,2012-11-23,4784.7688906668545
Nifty Financial Services TRI,2012-11-26,4769.985682137279
Nifty Financial Services TRI,2012-11-27,4867.4850835214675
Nifty Financial Services TRI,2012-11-29,5007.207224713999
Nifty Financial Services TRI,2012-11-30,5095.427216891963
Nifty Financial Services TRI,2012-12-03,5067.1798442947575
Nifty Financial Services TRI,2012-12-04,5104.002298430677
Nifty Financial Services TRI,2012-12-05,5125.828121199996
Nifty Financial Services TRI,2012-12-06,5182.347916388825
Nifty Financial Services TRI,2012-12-07,5158.018795059877
Nifty Financial Services TRI,2012-12-10,5191.385890133419
Nifty Financial Services TRI,2012-12-11,5194.68137889588
Nifty Financial Services TRI,2012-12-12,5166.056315510118
Nifty Financial Services TRI,2012-12-13,5148.491360568066
Nifty Financial Services TRI,2012-12-14,5187.697605654248
Nifty Financial Services TRI,2012-12-17,5165.05417620662
Nifty Financial Services TRI,2012-12-18,5199.313515653567
Nifty Financial Services TRI,2012-12-19,5191.799495970559
Nifty Financial Services TRI,2012-12-20,5175.697050750015
Nifty Financial Services TRI,2012-12-21,5118.272071275739
Nifty Financial Services TRI,2012-12-24,5122.29489810057
Nifty Financial Services TRI,2012-12-26,5183.3464885493695
Nifty Financial Services TRI,2012-12-27,5164.412784056588
Nifty Financial Services TRI,2012-12-28,5178.368763815242
Nifty Financial Services TRI,2012-12-31,5171.381206288236
Nifty Financial Services TRI,2013-01-01,5229.652660222846
Nifty Financial Services TRI,2013-01-02,5293.080282053171
Nifty Financial Services TRI,2013-01-03,5294.560183914745
Nifty Financial Services TRI,2013-01-04,5293.311231166207
Nifty Financial Services TRI,2013-01-07,5243.829724034464
Nifty Financial Services TRI,2013-01-08,5267.746991851976
Nifty Financial Services TRI,2013-01-09,5247.141598737277
Nifty Financial Services TRI,2013-01-10,5263.782242715752
Nifty Financial Services TRI,2013-01-11,5180.607494294087
Nifty Financial Services TRI,2013-01-14,5243.6197111406245
Nifty Financial Services TRI,2013-01-15,5267.035169920475
Nifty Financial Services TRI,2013-01-16,5187.238025208144
Nifty Financial Services TRI,2013-01-17,5175.422490454976
Nifty Financial Services TRI,2013-01-18,5209.553613697861
Nifty Financial Services TRI,2013-01-21,5196.195564034044
Nifty Financial Services TRI,2013-01-22,5167.949132106018
Nifty Financial Services TRI,2013-01-23,5191.063394107961
Nifty Financial Services TRI,2013-01-24,5141.93744830834
Nifty Financial Services TRI,2013-01-25,5189.419752184186
Nifty Financial Services TRI,2013-01-28,5216.403225595003
Nifty Financial Services TRI,2013-01-29,5204.736783376543
Nifty Financial Services TRI,2013-01-30,5210.614424853548
Nifty Financial Services TRI,2013-01-31,5170.278809852943
Nifty Financial Services TRI,2013-02-01,5120.587330258828
Nifty Financial Services TRI,2013-02-04,5143.930009056377
Nifty Financial Services TRI,2013-02-05,5116.432280864903
Nifty Financial Services TRI,2013-02-06,5118.718729389243
Nifty Financial Services TRI,2013-02-07,5106.744130619941
Nifty Financial Services TRI,2013-02-08,5080.1544470784875
Nifty Financial Services TRI,2013-02-11,5076.39016893103
Nifty Financial Services TRI,2013-02-12,5089.245875839588
Nifty Financial Services TRI,2013-02-13,5105.136698431244
Nifty Financial Services TRI,2013-02-14,5070.451155560196
Nifty Financial Services TRI,2013-02-15,5078.300131662204
Nifty Financial Services TRI,2013-02-18,5101.9503620550195
Nifty Financial Services TRI,2013-02-19,5124.975966673813
Nifty Financial Services TRI,2013-02-20,5105.107220189477
Nifty Financial Services TRI,2013-02-21,4996.360046082376
Nifty Financial Services TRI,2013-02-22,4980.1802926704095
Nifty Financial Services TRI,2013-02-25,4986.323998506911
Nifty Financial Services TRI,2013-02-26,4875.640025747733
Nifty Financial Services TRI,2013-02-27,4912.425158844838
Nifty Financial Services TRI,2013-02-28,4740.87205393154
Nifty Financial Services TRI,2013-03-01,4774.9744848253185
Nifty Financial Services TRI,2013-03-04,4780.245402138802
Nifty Financial Services TRI,2013-03-05,4855.993734552689
Nifty Financial Services TRI,2013-03-06,4892.935739235905
Nifty Financial Services TRI,2013-03-07,4934.888974128905
Nifty Financial Services TRI,2013-03-08,5048.4449281832185
Nifty Financial Services TRI,2013-03-11,5053.886216257167
Nifty Financial Services TRI,2013-03-12,5002.429012159477
Nifty Financial Services TRI,2013-03-13,4892.923891789856
Nifty Financial Services TRI,2013-03-14,4979.924601883078
Nifty Financial Services TRI,2013-03-15,4926.387635257192
Nifty Financial Services TRI,2013-03-18,4888.44680971898
Nifty Financial Services TRI,2013-03-19,4779.886707786385
Nifty Financial Services TRI,2013-03-20,4685.543873228281
Nifty Financial Services TRI,2013-03-21,4702.045773574451
Nifty Financial Services TRI,2013-03-22,4695.416418265318
Nifty Financial Services TRI,2013-03-25,4687.016972005964
Nifty Financial Services TRI,2013-03-26,4725.2873196125
Nifty Financial Services TRI,2013-03-28,4791.253513969644
Nifty Financial Services TRI,2013-04-01,4809.138233387376
Nifty Financial Services TRI,2013-04-02,4824.330474723887
Nifty Financial Services TRI,2013-04-03,4763.122933922948
Nifty Financial Services TRI,2013-04-04,4673.50834812624
Nifty Financial Services TRI,2013-04-05,4636.547395297703
Nifty Financial Services TRI,2013-04-08,4601.000969352754
Nifty Financial Services TRI,2013-04-09,4570.617967926928
Nifty Financial Services TRI,2013-04-10,4672.297359952687
Nifty Financial Services TRI,2013-04-11,4698.731509455993
Nifty Financial Services TRI,2013-04-12,4733.92742907085
Nifty Financial Services TRI,2013-04-15,4772.321122505545
Nifty Financial Services TRI,2013-04-16,4922.788182231431
Nifty Financial Services TRI,2013-04-17,4934.848214791985
Nifty Financial Services TRI,2013-04-18,5065.2185751588895
Nifty Financial Services TRI,2013-04-22,5169.394316941391
Nifty Financial Services TRI,2013-04-23,5162.972767823893
Nifty Financial Services TRI,2013-04-25,5259.03617186801
Nifty Financial Services TRI,2013-04-26,5218.525127422097
Nifty Financial Services TRI,2013-04-29,5225.705609500001
Nifty Financial Services TRI,2013-04-30,5191.320434604382
Nifty Financial Services TRI,2013-05-02,5265.76690176774
Nifty Financial Services TRI,2013-05-03,5150.723946489352
Nifty Financial Services TRI,2013-05-06,5147.261068702077
Nifty Financial Services TRI,2013-05-07,5231.58303400264
Nifty Financial Services TRI,2013-05-08,5280.187228928734
Nifty Financial Services TRI,2013-05-09,5255.170385882474
Nifty Financial Services TRI,2013-05-10,5293.034874992354
Nifty Financial Services TRI,2013-05-13,5215.646807591593
Nifty Financial Services TRI,2013-05-14,5231.571400367704
Nifty Financial Services TRI,2013-05-15,5439.307076746854
Nifty Financial Services TRI,2013-05-16,5491.01540022058
Nifty Financial Services TRI,2013-05-17,5514.649796902821
Nifty Financial Services TRI,2013-05-20,5468.5862252263
Nifty Financial Services TRI,2013-05-21,5436.825665073868
Nifty Financial Services TRI,2013-05-22,5421.992436256618
Nifty Financial Services TRI,2013-05-23,5303.456626732802
Nifty Financial Services TRI,2013-05-24,5352.281766725771
Nifty Financial Services TRI,2013-05-27,5441.491553889468
Nifty Financial Services TRI,2013-05-28,5431.117163792789
Nifty Financial Services TRI,2013-05-29,5393.672625903114
Nifty Financial Services TRI,2013-05-30,5383.905150284269
Nifty Financial Services TRI,2013-05-31,5229.2534667101
Nifty Financial Services TRI,2013-06-03,5173.929996977348
Nifty Financial Services TRI,2013-06-04,5118.933422996136
Nifty Financial Services TRI,2013-06-05,5107.282672556444
Nifty Financial Services TRI,2013-06-06,5134.367009224357
Nifty Financial Services TRI,2013-06-07,5085.196682765347
Nifty Financial Services TRI,2013-06-10,5062.15460085458
Nifty Financial Services TRI,2013-06-11,4945.183955083613
Nifty Financial Services TRI,2013-06-12,4918.518418938297
Nifty Financial Services TRI,2013-06-13,4863.657973366422
Nifty Financial Services TRI,2013-06-14,4979.026978533373
Nifty Financial Services TRI,2013-06-17,5012.721875737178
Nifty Financial Services TRI,2013-06-18,4961.356462150728
Nifty Financial Services TRI,2013-06-19,4989.25651055913
Nifty Financial Services TRI,2013-06-20,4804.454024290762
Nifty Financial Services TRI,2013-06-21,4793.958707460817
Nifty Financial Services TRI,2013-06-24,4740.254924134823
Nifty Financial Services TRI,2013-06-25,4726.612926072626
Nifty Financial Services TRI,2013-06-26,4689.840385737933
Nifty Financial Services TRI,2013-06-27,4778.304037138509
Nifty Financial Services TRI,2013-06-28,4952.801159194277
Nifty Financial Services TRI,2013-07-01,4991.678933452051
Nifty Financial Services TRI,2013-07-02,4945.522381694345
Nifty Financial Services TRI,2013-07-03,4831.993599135693
Nifty Financial Services TRI,2013-07-04,4834.432971839826
Nifty Financial Services TRI,2013-07-05,4855.947314687582
Nifty Financial Services TRI,2013-07-08,4760.830553658259
Nifty Financial Services TRI,2013-07-09,4819.891255535493
Nifty Financial Services TRI,2013-07-10,4795.2361630066225
Nifty Financial Services TRI,2013-07-11,4917.623000265537
Nifty Financial Services TRI,2013-07-12,4942.846889191079
Nifty Financial Services TRI,2013-07-15,4959.560587764893
Nifty Financial Services TRI,2013-07-16,4741.3634925241895
Nifty Financial Services TRI,2013-07-17,4668.79833751311
Nifty Financial Services TRI,2013-07-18,4746.087073476936
Nifty Financial Services TRI,2013-07-19,4651.646006643029
Nifty Financial Services TRI,2013-07-22,4719.399646953229
Nifty Financial Services TRI,2013-07-23,4766.448942235229
Nifty Financial Services TRI,2013-07-24,4578.459155350278
Nifty Financial Services TRI,2013-07-25,4537.498035910023
Nifty Financial Services TRI,2013-07-26,4495.672669595228
Nifty Financial Services TRI,2013-07-29,4446.628631822738
Nifty Financial Services TRI,2013-07-30,4420.786701482599
Nifty Financial Services TRI,2013-07-31,4343.573242658733
Nifty Financial Services TRI,2013-08-01,4402.857680654011
Nifty Financial Services TRI,2013-08-02,4360.362647389988
Nifty Financial Services TRI,2013-08-05,4390.245203562683
Nifty Financial Services TRI,2013-08-06,4209.504195608275
Nifty Financial Services TRI,2013-08-07,4193.603666221986
Nifty Financial Services TRI,2013-08-08,4240.708948296977
Nifty Financial Services TRI,2013-08-12,4238.743074865198
Nifty Financial Services TRI,2013-08-13,4360.495269210609
Nifty Financial Services TRI,2013-08-14,4366.6325820245875
Nifty Financial Services TRI,2013-08-16,4136.589710233285
Nifty Financial Services TRI,2013-08-19,4038.5959209454895
Nifty Financial Services TRI,2013-08-20,4042.746731208889
Nifty Financial Services TRI,2013-08-21,4077.1653323658124
Nifty Financial Services TRI,2013-08-22,4061.612283133395
Nifty Financial Services TRI,2013-08-23,4133.056811471445
Nifty Financial Services TRI,2013-08-26,4096.859868133319
Nifty Financial Services TRI,2013-08-27,3844.667446587601
Nifty Financial Services TRI,2013-08-28,3772.981374857859
Nifty Financial Services TRI,2013-08-29,3876.530467449654
Nifty Financial Services TRI,2013-08-30,3951.893161243944
Nifty Financial Services TRI,2013-09-02,4004.3214249705234
Nifty Financial Services TRI,2013-09-03,3809.5427856102633
Nifty Financial Services TRI,2013-09-04,3873.3804329921286
Nifty Financial Services TRI,2013-09-05,4176.445006660285
Nifty Financial Services TRI,2013-09-06,4287.6416052551685
Nifty Financial Services TRI,2013-09-10,4440.234079529363
Nifty Financial Services TRI,2013-09-11,4493.018640842619
Nifty Financial Services TRI,2013-09-12,4435.499216072545
Nifty Financial Services TRI,2013-09-13,4435.290820324659
Nifty Financial Services TRI,2013-09-16,4492.899390620106
Nifty Financial Services TRI,2013-09-17,4452.954917493274
Nifty Financial Services TRI,2013-09-18,4491.621565057692
Nifty Financial Services TRI,2013-09-19,4754.393113259508
Nifty Financial Services TRI,2013-09-20,4595.944161917676
Nifty Financial Services TRI,2013-09-23,4415.625187268136
Nifty Financial Services TRI,2013-09-24,4419.482588949828
Nifty Financial Services TRI,2013-09-25,4375.921240410392
Nifty Financial Services TRI,2013-09-26,4396.499006862603
Nifty Financial Services TRI,2013-09-27,4322.03318869087
Nifty Financial Services TRI,2013-09-30,4208.560295591558
Nifty Financial Services TRI,2013-10-01,4317.937384698452
Nifty Financial Services TRI,2013-10-03,4441.496553613583
Nifty Financial Services TRI,2013-10-04,4429.698167393625
Nifty Financial Services TRI,2013-10-07,4397.351121058325
Nifty Financial Services TRI,2013-10-08,4399.988959400478
Nifty Financial Services TRI,2013-10-09,4477.56364184968
Nifty Financial Services TRI,2013-10-10,4468.103438958612
Nifty Financial Services TRI,2013-10-11,4567.239961749741
Nifty Financial Services TRI,2013-10-14,4565.759316341708
Nifty Financial Services TRI,2013-10-15,4487.251378744217
Nifty Financial Services TRI,2013-10-17,4463.599207278791
Nifty Financial Services TRI,2013-10-18,4621.685196567207
Nifty Financial Services TRI,2013-10-21,4640.599514088468
Nifty Financial Services TRI,2013-10-22,4628.699489487971
Nifty Financial Services TRI,2013-10-23,4640.192134138527
Nifty Financial Services TRI,2013-10-24,4654.431197123781
Nifty Financial Services TRI,2013-10-25,4649.853796112273
Nifty Financial Services TRI,2013-10-28,4631.695931832314
Nifty Financial Services TRI,2013-10-29,4805.030772107783
Nifty Financial Services TRI,2013-10-30,4830.668687040487
Nifty Financial Services TRI,2013-10-31,4893.387012797038
Nifty Financial Services TRI,2013-11-01,4951.479579372068
Nifty Financial Services TRI,2013-11-05,4908.724035708393
Nifty Financial Services TRI,2013-11-06,4824.33526297466
Nifty Financial Services TRI,2013-11-07,4754.645337863358
Nifty Financial Services TRI,2013-11-08,4667.553373013289
Nifty Financial Services TRI,2013-11-11,4618.458612651663
Nifty Financial Services TRI,2013-11-12,4552.164941164409
Nifty Financial Services TRI,2013-11-13,4528.04599333313
Nifty Financial Services TRI,2013-11-14,4624.306418732814
Nifty Financial Services TRI,2013-11-18,4759.246444226322
Nifty Financial Services TRI,2013-11-19,4772.27469365554
Nifty Financial Services TRI,2013-11-20,4688.926034267204
Nifty Financial Services TRI,2013-11-21,4571.988351595544
Nifty Financial Services TRI,2013-11-22,4583.792346538194
Nifty Financial Services TRI,2013-11-25,4744.705866406298
Nifty Financial Services TRI,2013-11-26,4682.669339430925
Nifty Financial Services TRI,2013-11-27,4676.715455009627
Nifty Financial Services TRI,2013-11-28,4683.128128515922
Nifty Financial Services TRI,2013-11-29,4776.36966009537
Nifty Financial Services TRI,2013-12-02,4824.120384814952
Nifty Financial Services TRI,2013-12-03,4803.356516904731
Nifty Financial Services TRI,2013-12-04,4760.551542711356
Nifty Financial Services TRI,2013-12-05,4942.581097322593
Nifty Financial Services TRI,2013-12-06,4932.10057753322
Nifty Financial Services TRI,2013-12-09,5046.913268788188
Nifty Financial Services TRI,2013-12-10,4958.494086292277
Nifty Financial Services TRI,2013-12-11,4953.409924362767
Nifty Financial Services TRI,2013-12-12,4918.5932479575895
Nifty Financial Services TRI,2013-12-13,4809.444940094005
Nifty Financial Services TRI,2013-12-16,4809.708500999412
Nifty Financial Services TRI,2013-12-17,4734.254654082814
Nifty Financial Services TRI,2013-12-18,4804.674015325673
Nifty Financial Services TRI,2013-12-19,4690.264461788136
Nifty Financial Services TRI,2013-12-20,4798.620698162787
Nifty Financial Services TRI,2013-12-23,4806.725804051734
Nifty Financial Services TRI,2013-12-24,4782.489288829514
Nifty Financial Services TRI,2013-12-26,4799.656156784424
Nifty Financial Services TRI,2013-12-27,4837.192156539755
Nifty Financial Services TRI,2013-12-30,4821.567674734951
Nifty Financial Services TRI,2013-12-31,4831.247859772264
Nifty Financial Services TRI,2014-01-01,4825.954613666105
Nifty Financial Services TRI,2014-01-02,4752.104219792282
Nifty Financial Services TRI,2014-01-03,4751.291166019192
Nifty Financial Services TRI,2014-01-06,4715.18143687851
Nifty Financial Services TRI,2014-01-07,4706.013278189236
Nifty Financial Services TRI,2014-01-08,4713.349560542163
Nifty Financial Services TRI,2014-01-09,4682.27616759911
Nifty Financial Services TRI,2014-01-10,4626.901752785072
Nifty Financial Services TRI,2014-01-13,4722.320519351228
Nifty Financial Services TRI,2014-01-14,4699.752157843265
Nifty Financial Services TRI,2014-01-15,4786.466355020915
Nifty Financial Services TRI,2014-01-16,4781.272362865083
Nifty Financial Services TRI,2014-01-17,4700.6205039164
Nifty Financial Services TRI,2014-01-20,4719.831741046947
Nifty Financial Services TRI,2014-01-21,4773.946700109731
Nifty Financial Services TRI,2014-01-22,4786.433012965937
Nifty Financial Services TRI,2014-01-23,4804.2703462542
Nifty Financial Services TRI,2014-01-24,4728.4476700307
Nifty Financial Services TRI,2014-01-27,4575.414651214635
Nifty Financial Services TRI,2014-01-28,4570.214169853768
Nifty Financial Services TRI,2014-01-29,4549.826405310141
Nifty Financial Services TRI,2014-01-30,4468.94303093758
Nifty Financial Services TRI,2014-01-31,4470.365437343596
Nifty Financial Services TRI,2014-02-03,4400.983074640888
Nifty Financial Services TRI,2014-02-04,4426.615492001293
Nifty Financial Services TRI,2014-02-05,4439.607723704709
Nifty Financial Services TRI,2014-02-06,4438.3282207295315
Nifty Financial Services TRI,2014-02-07,4453.3094405305665
Nifty Financial Services TRI,2014-02-10,4415.725134245687
Nifty Financial Services TRI,2014-02-11,4439.373429762423
Nifty Financial Services TRI,2014-02-12,4489.3278078103995
Nifty Financial Services TRI,2014-02-13,4398.068980522781
Nifty Financial Services TRI,2014-02-14,4420.596742051537
Nifty Financial Services TRI,2014-02-17,4473.910186953944
Nifty Financial Services TRI,2014-02-18,4587.349220401095
Nifty Financial Services TRI,2014-02-19,4601.6235717408845
Nifty Financial Services TRI,2014-02-20,4530.3919513821775
Nifty Financial Services TRI,2014-02-21,4581.582044629931
Nifty Financial Services TRI,2014-02-24,4631.2425629046165
Nifty Financial Services TRI,2014-02-25,4629.96667000062
Nifty Financial Services TRI,2014-02-26,4661.684417444689
Nifty Financial Services TRI,2014-02-28,4671.985117355977
Nifty Financial Services TRI,2014-03-03,4624.452707656453
Nifty Financial Services TRI,2014-03-04,4717.886189527725
Nifty Financial Services TRI,2014-03-05,4775.46906630927
Nifty Financial Services TRI,2014-03-06,4854.475983558096
Nifty Financial Services TRI,2014-03-07,5049.521667978615
Nifty Financial Services TRI,2014-03-10,5131.873569030493
Nifty Financial Services TRI,2014-03-11,5115.509153026424
Nifty Financial Services TRI,2014-03-12,5110.928201527767
Nifty Financial Services TRI,2014-03-13,5166.233672817266
Nifty Financial Services TRI,2014-03-14,5125.026216826211
Nifty Financial Services TRI,2014-03-18,5136.085393673814
Nifty Financial Services TRI,2014-03-19,5182.674741237671
Nifty Financial Services TRI,2014-03-20,5097.432744889254
Nifty Financial Services TRI,2014-03-21,5110.196893737468
Nifty Financial Services TRI,2014-03-24,5232.988173153573
Nifty Financial Services TRI,2014-03-25,5268.20729049807
Nifty Financial Services TRI,2014-03-26,5277.456056930932
Nifty Financial Services TRI,2014-03-27,5322.832251418312
Nifty Financial Services TRI,2014-03-28,5372.598642943114
Nifty Financial Services TRI,2014-03-31,5382.441928511285
Nifty Financial Services TRI,2014-04-01,5336.630028112619
Nifty Financial Services TRI,2014-04-02,5390.944334885195
Nifty Financial Services TRI,2014-04-03,5344.160755266743
Nifty Financial Services TRI,2014-04-04,5322.53623978506
Nifty Financial Services TRI,2014-04-07,5310.124779693125
Nifty Financial Services TRI,2014-04-09,5480.477654263315
Nifty Financial Services TRI,2014-04-10,5498.615154651536
Nifty Financial Services TRI,2014-04-11,5457.543232132009
Nifty Financial Services TRI,2014-04-15,5336.422651779503
Nifty Financial Services TRI,2014-04-16,5305.399007567607
Nifty Financial Services TRI,2014-04-17,5390.4623117477495
Nifty Financial Services TRI,2014-04-21,5439.3839725759935
Nifty Financial Services TRI,2014-04-22,5455.738335148202
Nifty Financial Services TRI,2014-04-23,5499.511160393021
Nifty Financial Services TRI,2014-04-25,5480.4507979476675
Nifty Financial Services TRI,2014-04-28,5475.600998646389
Nifty Financial Services TRI,2014-04-29,5425.6779655470655
Nifty Financial Services TRI,2014-04-30,5421.047397708047
Nifty Financial Services TRI,2014-05-02,5435.940289364104
Nifty Financial Services TRI,2014-05-05,5408.922007561384
Nifty Financial Services TRI,2014-05-06,5426.455709953671
Nifty Financial Services TRI,2014-05-07,5380.914920916362
Nifty Financial Services TRI,2014-05-08,5412.28956989002
Nifty Financial Services TRI,2014-05-09,5693.983493324669
Nifty Financial Services TRI,2014-05-12,5818.783069584755
Nifty Financial Services TRI,2014-05-13,5849.914785089004
Nifty Financial Services TRI,2014-05-14,5830.989488411859
Nifty Financial Services TRI,2014-05-15,5868.968454522315
Nifty Financial Services TRI,2014-05-16,6052.636550115478
Nifty Financial Services TRI,2014-05-19,6250.633424415722
Nifty Financial Services TRI,2014-05-20,6243.004439089533
Nifty Financial Services TRI,2014-05-21,6193.534118261185
Nifty Financial Services TRI,2014-05-22,6211.9591382155195
Nifty Financial Services TRI,2014-05-23,6309.064338798565
Nifty Financial Services TRI,2014-05-26,6271.667812434777
Nifty Financial Services TRI,2014-05-27,6209.928831763008
Nifty Financial Services TRI,2014-05-28,6243.379050527127
Nifty Financial Services TRI,2014-05-29,6180.6657066415955
Nifty Financial Services TRI,2014-05-30,6080.136874917712
Nifty Financial Services TRI,2014-06-02,6271.143981035721
Nifty Financial Services TRI,2014-06-03,6293.101274386083
Nifty Financial Services TRI,2014-06-04,6300.546818542354
Nifty Financial Services TRI,2014-06-05,6311.007080919271
Nifty Financial Services TRI,2014-06-06,6434.566023322593
Nifty Financial Services TRI,2014-06-09,6463.915412439506
Nifty Financial Services TRI,2014-06-10,6421.7878852498625
Nifty Financial Services TRI,2014-06-11,6417.941370514748
Nifty Financial Services TRI,2014-06-12,6457.182677653457
Nifty Financial Services TRI,2014-06-13,6330.04989189123
Nifty Financial Services TRI,2014-06-16,6288.087777359079
Nifty Financial Services TRI,2014-06-17,6392.711122358885
Nifty Financial Services TRI,2014-06-18,6332.733761331102
Nifty Financial Services TRI,2014-06-19,6294.480538225098
Nifty Financial Services TRI,2014-06-20,6276.571989294553
Nifty Financial Services TRI,2014-06-23,6291.348730295252
Nifty Financial Services TRI,2014-06-24,6400.436181652606
Nifty Financial Services TRI,2014-06-25,6384.163649901162
Nifty Financial Services TRI,2014-06-26,6300.401395528545
Nifty Financial Services TRI,2014-06-27,6280.291250486452
Nifty Financial Services TRI,2014-06-30,6388.4907955025765
Nifty Financial Services TRI,2014-07-01,6398.191823392131
Nifty Financial Services TRI,2014-07-02,6494.261169143805
Nifty Financial Services TRI,2014-07-03,6483.101442102647
Nifty Financial Services TRI,2014-07-04,6533.971217733387
Nifty Financial Services TRI,2014-07-07,6509.544686439461
Nifty Financial Services TRI,2014-07-08,6374.365189272425
Nifty Financial Services TRI,2014-07-09,6344.278986965912
Nifty Financial Services TRI,2014-07-10,6344.315005147767
Nifty Financial Services TRI,2014-07-11,6157.466945087292
Nifty Financial Services TRI,2014-07-14,6159.813488867423
Nifty Financial Services TRI,2014-07-15,6285.7249684305225
Nifty Financial Services TRI,2014-07-16,6407.140275066491
Nifty Financial Services TRI,2014-07-17,6396.333358029208
Nifty Financial Services TRI,2014-07-18,6443.48267030466
Nifty Financial Services TRI,2014-07-21,6472.449510763045
Nifty Financial Services TRI,2014-07-22,6535.974961778469
Nifty Financial Services TRI,2014-07-23,6533.712998616327
Nifty Financial Services TRI,2014-07-24,6550.17566771418
Nifty Financial Services TRI,2014-07-25,6516.14276984961
Nifty Financial Services TRI,2014-07-28,6473.028778482352
Nifty Financial Services TRI,2014-07-30,6580.146457574798
Nifty Financial Services TRI,2014-07-31,6493.254343242673
Nifty Financial Services TRI,2014-08-01,6407.279369129115
Nifty Financial Services TRI,2014-08-04,6424.687402543705
Nifty Financial Services TRI,2014-08-05,6467.352668331346
Nifty Financial Services TRI,2014-08-06,6363.558725031597
Nifty Financial Services TRI,2014-08-07,6350.647854333987
Nifty Financial Services TRI,2014-08-08,6275.659543402574
Nifty Financial Services TRI,2014-08-11,6349.769119761181
Nifty Financial Services TRI,2014-08-12,6488.454351267218
Nifty Financial Services TRI,2014-08-13,6473.548199772402
Nifty Financial Services TRI,2014-08-14,6507.060906970802
Nifty Financial Services TRI,2014-08-18,6606.574220556909
Nifty Financial Services TRI,2014-08-19,6594.791485762143
Nifty Financial Services TRI,2014-08-20,6565.757171262413
Nifty Financial Services TRI,2014-08-21,6608.644824334882
Nifty Financial Services TRI,2014-08-22,6629.419287235044
Nifty Financial Services TRI,2014-08-25,6593.043996030905
Nifty Financial Services TRI,2014-08-26,6587.197738649677
Nifty Financial Services TRI,2014-08-27,6617.036062379222
Nifty Financial Services TRI,2014-08-28,6635.509465853712
Nifty Financial Services TRI,2014-09-01,6700.758067634851
Nifty Financial Services TRI,2014-09-02,6748.678280635212
Nifty Financial Services TRI,2014-09-03,6733.207851013838
Nifty Financial Services TRI,2014-09-04,6732.586643684176
Nifty Financial Services TRI,2014-09-05,6687.568255631878
Nifty Financial Services TRI,2014-09-08,6748.588490194946
Nifty Financial Services TRI,2014-09-09,6726.714496811576
Nifty Financial Services TRI,2014-09-10,6704.2764000446095
Nifty Financial Services TRI,2014-09-11,6728.595444172772
Nifty Financial Services TRI,2014-09-12,6754.145418191589
Nifty Financial Services TRI,2014-09-15,6712.997670436722
Nifty Financial Services TRI,2014-09-16,6574.440567561003
Nifty Financial Services TRI,2014-09-17,6573.251946733938
Nifty Financial Services TRI,2014-09-18,6719.839804644668
Nifty Financial Services TRI,2014-09-19,6743.087917955121
Nifty Financial Services TRI,2014-09-22,6757.4630001423775
Nifty Financial Services TRI,2014-09-23,6647.931937269408
Nifty Financial Services TRI,2014-09-24,6585.219006975676
Nifty Financial Services TRI,2014-09-25,6448.783641451129
Nifty Financial Services TRI,2014-09-26,6527.51258939346
Nifty Financial Services TRI,2014-09-29,6477.730010419165
Nifty Financial Services TRI,2014-09-30,6480.535679517159
Nifty Financial Services TRI,2014-10-01,6454.648902406381
Nifty Financial Services TRI,2014-10-07,6363.358243029972
Nifty Financial Services TRI,2014-10-08,6407.772055580248
Nifty Financial Services TRI,2014-10-09,6570.463202902084
Nifty Financial Services TRI,2014-10-10,6428.703995505104
Nifty Financial Services TRI,2014-10-13,6505.180155137125
Nifty Financial Services TRI,2014-10-14,6511.010760825347
Nifty Financial Services TRI,2014-10-16,6401.971249757273
Nifty Financial Services TRI,2014-10-17,6550.544569761681
Nifty Financial Services TRI,2014-10-20,6676.299024207619
Nifty Financial Services TRI,2014-10-21,6749.642545954639
Nifty Financial Services TRI,2014-10-22,6769.06343140019
Nifty Financial Services TRI,2014-10-27,6803.842517234548
Nifty Financial Services TRI,2014-10-28,6857.872274122031
Nifty Financial Services TRI,2014-10-29,6850.639588680153
Nifty Financial Services TRI,2014-10-30,6908.466834790129
Nifty Financial Services TRI,2014-10-31,7064.683944714604
Nifty Financial Services TRI,2014-11-03,7114.266353367449
Nifty Financial Services TRI,2014-11-05,7158.110171100939
Nifty Financial Services TRI,2014-11-07,7154.730372487205
Nifty Financial Services TRI,2014-11-10,7140.532347709556
Nifty Financial Services TRI,2014-11-11,7209.201441988929
Nifty Financial Services TRI,2014-11-12,7305.105469829774
Nifty Financial Services TRI,2014-11-13,7247.4156711393825
Nifty Financial Services TRI,2014-11-14,7285.371610125536
Nifty Financial Services TRI,2014-11-17,7322.878895070481
Nifty Financial Services TRI,2014-11-18,7318.217652714651
Nifty Financial Services TRI,2014-11-19,7296.475725338038
Nifty Financial Services TRI,2014-11-20,7327.1540269831485
Nifty Financial Services TRI,2014-11-21,7469.602971068449
Nifty Financial Services TRI,2014-11-24,7546.113779533859
Nifty Financial Services TRI,2014-11-25,7483.643456515152
Nifty Financial Services TRI,2014-11-26,7477.18890145237
Nifty Financial Services TRI,2014-11-27,7485.662800395776
Nifty Financial Services TRI,2014-11-28,7645.887084698693
Nifty Financial Services TRI,2014-12-01,7618.4263018380825
Nifty Financial Services TRI,2014-12-02,7616.078807720716
Nifty Financial Services TRI,2014-12-03,7627.737469619352
Nifty Financial Services TRI,2014-12-04,7679.8790943625645
Nifty Financial Services TRI,2014-12-05,7665.577779325248
Nifty Financial Services TRI,2014-12-08,7582.798428084408
Nifty Financial Services TRI,2014-12-09,7503.273454888874
Nifty Financial Services TRI,2014-12-10,7571.481172487776
Nifty Financial Services TRI,2014-12-11,7532.440614502483
Nifty Financial Services TRI,2014-12-12,7455.321338787123
Nifty Financial Services TRI,2014-12-15,7552.753642969944
Nifty Financial Services TRI,2014-12-16,7311.295739601893
Nifty Financial Services TRI,2014-12-17,7329.315498601944
Nifty Financial Services TRI,2014-12-18,7495.713978571478
Nifty Financial Services TRI,2014-12-19,7569.580152566402
Nifty Financial Services TRI,2014-12-22,7696.292465389821
Nifty Financial Services TRI,2014-12-23,7606.736356873693
Nifty Financial Services TRI,2014-12-24,7548.539195826532
Nifty Financial Services TRI,2014-12-26,7580.541081223529
Nifty Financial Services TRI,2014-12-29,7586.01644117112
Nifty Financial Services TRI,2014-12-30,7625.866164952128
Nifty Financial Services TRI,2014-12-31,7662.482894631936
Nifty Financial Services TRI,2015-01-01,7649.558444855896
Nifty Financial Services TRI,2015-01-02,7815.812755503172
Nifty Financial Services TRI,2015-01-05,7778.894213588513
Nifty Financial Services TRI,2015-01-06,7506.214994387833
Nifty Financial Services TRI,2015-01-07,7459.3968095570735
Nifty Financial Services TRI,2015-01-08,7625.001295679506
Nifty Financial Services TRI,2015-01-09,7590.969659929859
Nifty Financial Services TRI,2015-01-12,7639.788497823661
Nifty Financial Services TRI,2015-01-13,7601.902717571281
Nifty Financial Services TRI,2015-01-14,7563.912471909427
Nifty Financial Services TRI,2015-01-15,7905.744489790246
Nifty Financial Services TRI,2015-01-16,7906.1220856430455
Nifty Financial Services TRI,2015-01-19,7942.1294749089875
Nifty Financial Services TRI,2015-01-20,8137.5254955120845
Nifty Financial Services TRI,2015-01-21,8193.996148983182
Nifty Financial Services TRI,2015-01-22,8213.487266115375
Nifty Financial Services TRI,2015-01-23,8265.852386733832
Nifty Financial Services TRI,2015-01-27,8464.754911896167
Nifty Financial Services TRI,2015-01-28,8495.812693834958
Nifty Financial Services TRI,2015-01-29,8474.524545128488
Nifty Financial Services TRI,2015-01-30,8206.906997280397
Nifty Financial Services TRI,2015-02-02,8246.026942771578
Nifty Financial Services TRI,2015-02-03,8039.004967721186
Nifty Financial Services TRI,2015-02-04,7961.240189546592
Nifty Financial Services TRI,2015-02-05,7942.146792306435
Nifty Financial Services TRI,2015-02-06,7903.014359062513
Nifty Financial Services TRI,2015-02-09,7770.294650828675
Nifty Financial Services TRI,2015-02-10,7850.11011315692
Nifty Financial Services TRI,2015-02-11,7902.026772466638
Nifty Financial Services TRI,2015-02-12,7989.55659231609
Nifty Financial Services TRI,2015-02-13,8092.814707202417
Nifty Financial Services TRI,2015-02-16,8064.0513863078595
Nifty Financial Services TRI,2015-02-18,8149.870446498812
Nifty Financial Services TRI,2015-02-19,8146.964568953129
Nifty Financial Services TRI,2015-02-20,8066.553956651801
Nifty Financial Services TRI,2015-02-23,7984.329424672188
Nifty Financial Services TRI,2015-02-24,7975.200378595774
Nifty Financial Services TRI,2015-02-25,7977.3787142344845
Nifty Financial Services TRI,2015-02-26,7927.692400078737
Nifty Financial Services TRI,2015-02-27,8100.68415785202
Nifty Financial Services TRI,2015-03-02,8382.461323254023
Nifty Financial Services TRI,2015-03-03,8410.147488958453
Nifty Financial Services TRI,2015-03-04,8312.088280661386
Nifty Financial Services TRI,2015-03-05,8380.33701554082
Nifty Financial Services TRI,2015-03-09,8153.0951040321515
Nifty Financial Services TRI,2015-03-10,8043.757149404147
Nifty Financial Services TRI,2015-03-11,8052.262285678072
Nifty Financial Services TRI,2015-03-12,8107.301189746688
Nifty Financial Services TRI,2015-03-13,7975.844793507819
Nifty Financial Services TRI,2015-03-16,7953.226631389983
Nifty Financial Services TRI,2015-03-17,8068.794689305852
Nifty Financial Services TRI,2015-03-18,8071.850810383325
Nifty Financial Services TRI,2015-03-19,7982.13389938578
Nifty Financial Services TRI,2015-03-20,7927.075636301276
Nifty Financial Services TRI,2015-03-23,7883.672640523899
Nifty Financial Services TRI,2015-03-24,7866.820976341398
Nifty Financial Services TRI,2015-03-25,7851.871181463219
Nifty Financial Services TRI,2015-03-26,7597.187856303065
Nifty Financial Services TRI,2015-03-27,7631.71204237544
Nifty Financial Services TRI,2015-03-30,7802.729552270342
Nifty Financial Services TRI,2015-03-31,7765.966358916619
Nifty Financial Services TRI,2015-04-01,7921.332054749745
Nifty Financial Services TRI,2015-04-06,7920.807000146022
Nifty Financial Services TRI,2015-04-07,7867.937839346409
Nifty Financial Services TRI,2015-04-08,7823.709601655306
Nifty Financial Services TRI,2015-04-09,7966.086509703108
Nifty Financial Services TRI,2015-04-10,7925.871527116223
Nifty Financial Services TRI,2015-04-13,7939.51104601191
Nifty Financial Services TRI,2015-04-15,7870.340238699626
Nifty Financial Services TRI,2015-04-16,7857.338542010442
Nifty Financial Services TRI,2015-04-17,7782.432277852264
Nifty Financial Services TRI,2015-04-20,7665.917097236362
Nifty Financial Services TRI,2015-04-21,7654.762473782901
Nifty Financial Services TRI,2015-04-22,7724.663369830266
Nifty Financial Services TRI,2015-04-23,7707.745324794012
Nifty Financial Services TRI,2015-04-24,7607.966170759068
Nifty Financial Services TRI,2015-04-27,7473.407287847081
Nifty Financial Services TRI,2015-04-28,7654.3873927864715
Nifty Financial Services TRI,2015-04-29,7630.774218864707
Nifty Financial Services TRI,2015-04-30,7604.32949231233
Nifty Financial Services TRI,2015-05-04,7672.686149227328
Nifty Financial Services TRI,2015-05-05,7641.760181319979
Nifty Financial Services TRI,2015-05-06,7407.281820230933
Nifty Financial Services TRI,2015-05-07,7241.314203884462
Nifty Financial Services TRI,2015-05-08,7433.191720986881
Nifty Financial Services TRI,2015-05-11,7601.263419785743
Nifty Financial Services TRI,2015-05-12,7372.056478070713
Nifty Financial Services TRI,2015-05-13,7560.353118096389
Nifty Financial Services TRI,2015-05-14,7550.889540510858
Nifty Financial Services TRI,2015-05-15,7601.720594044923
Nifty Financial Services TRI,2015-05-18,7718.438671634465
Nifty Financial Services TRI,2015-05-19,7673.395024760592
Nifty Financial Services TRI,2015-05-20,7761.619867039337
Nifty Financial Services TRI,2015-05-21,7732.744852355256
Nifty Financial Services TRI,2015-05-22,7752.019041399537
Nifty Financial Services TRI,2015-05-25,7669.558177894541
Nifty Financial Services TRI,2015-05-26,7649.021462954391
Nifty Financial Services TRI,2015-05-27,7713.6194429209345
Nifty Financial Services TRI,2015-05-28,7678.558397314575
Nifty Financial Services TRI,2015-05-29,7762.6801879510895
Nifty Financial Services TRI,2015-06-01,7736.197298952631
Nifty Financial Services TRI,2015-06-02,7476.033895279226
Nifty Financial Services TRI,2015-06-03,7392.027311132919
Nifty Financial Services TRI,2015-06-04,7408.8269900978785
Nifty Financial Services TRI,2015-06-05,7345.626945433757
Nifty Financial Services TRI,2015-06-08,7281.866503109854
Nifty Financial Services TRI,2015-06-09,7318.860770895787
Nifty Financial Services TRI,2015-06-10,7394.753627317486
Nifty Financial Services TRI,2015-06-11,7231.750059579376
Nifty Financial Services TRI,2015-06-12,7338.66031790437
Nifty Financial Services TRI,2015-06-15,7358.771372795446
Nifty Financial Services TRI,2015-06-16,7376.347571360226
Nifty Financial Services TRI,2015-06-17,7378.466420043693
Nifty Financial Services TRI,2015-06-18,7454.940907099555
Nifty Financial Services TRI,2015-06-19,7537.086446315817
Nifty Financial Services TRI,2015-06-22,7736.495828852034
Nifty Financial Services TRI,2015-06-23,7773.717603205562
Nifty Financial Services TRI,2015-06-24,7765.538437194752
Nifty Financial Services TRI,2015-06-25,7827.808774882363
Nifty Financial Services TRI,2015-06-26,7758.765237565932
Nifty Financial Services TRI,2015-06-29,7710.670417969143
Nifty Financial Services TRI,2015-06-30,7739.650118838214
Nifty Financial Services TRI,2015-07-01,7824.349131936929
Nifty Financial Services TRI,2015-07-02,7824.623015624175
Nifty Financial Services TRI,2015-07-03,7904.585327026866
Nifty Financial Services TRI,2015-07-06,7934.691661852174
Nifty Financial Services TRI,2015-07-07,7966.258126624378
Nifty Financial Services TRI,2015-07-08,7806.98584050393
Nifty Financial Services TRI,2015-07-09,7813.548779033002
Nifty Financial Services TRI,2015-07-10,7879.861514917779
Nifty Financial Services TRI,2015-07-13,7977.148481298379
Nifty Financial Services TRI,2015-07-14,7931.178633600279
Nifty Financial Services TRI,2015-07-15,7970.175130652808
Nifty Financial Services TRI,2015-07-16,8116.314184296886
Nifty Financial Services TRI,2015-07-17,8051.473309160461
Nifty Financial Services TRI,2015-07-20,8021.835241653479
Nifty Financial Services TRI,2015-07-21,7906.246196847691
Nifty Financial Services TRI,2015-07-22,8041.006989491416
Nifty Financial Services TRI,2015-07-23,8009.365146048645
Nifty Financial Services TRI,2015-07-24,7940.953569633467
Nifty Financial Services TRI,2015-07-27,7773.967452872827
Nifty Financial Services TRI,2015-07-28,7749.743048417369
Nifty Financial Services TRI,2015-07-29,7773.636283845579
Nifty Financial Services TRI,2015-07-30,7828.269296827515
Nifty Financial Services TRI,2015-07-31,7924.836810206348
Nifty Financial Services TRI,2015-08-03,7965.897086729632
Nifty Financial Services TRI,2015-08-04,7965.864848040274
Nifty Financial Services TRI,2015-08-05,7948.1395222162
Nifty Financial Services TRI,2015-08-06,7983.905380998038
Nifty Financial Services TRI,2015-08-07,7939.252507592623
Nifty Financial Services TRI,2015-08-10,7945.137455442603
Nifty Financial Services TRI,2015-08-11,7842.081081339484
Nifty Financial Services TRI,2015-08-12,7622.685188412849
Nifty Financial Services TRI,2015-08-13,7647.563850127147
Nifty Financial Services TRI,2015-08-14,7873.652993815966
Nifty Financial Services TRI,2015-08-17,7853.633345678813
Nifty Financial Services TRI,2015-08-18,7814.952401156813
Nifty Financial Services TRI,2015-08-19,7782.977493603415
Nifty Financial Services TRI,2015-08-20,7656.161754783461
Nifty Financial Services TRI,2015-08-21,7564.119190013687
Nifty Financial Services TRI,2015-08-24,7069.375489683017
Nifty Financial Services TRI,2015-08-25,7161.695445030986
Nifty Financial Services TRI,2015-08-26,7027.521910498096
Nifty Financial Services TRI,2015-08-27,7254.074867389335
Nifty Financial Services TRI,2015-08-28,7273.740860902583
Nifty Financial Services TRI,2015-08-31,7223.431081520735
Nifty Financial Services TRI,2015-09-01,7002.067517231825
Nifty Financial Services TRI,2015-09-02,6867.560504839538
Nifty Financial Services TRI,2015-09-03,7029.780793701129
Nifty Financial Services TRI,2015-09-04,6841.639363323535
Nifty Financial Services TRI,2015-09-07,6742.719985087296
Nifty Financial Services TRI,2015-09-08,6936.59845176376
Nifty Financial Services TRI,2015-09-09,7054.292161151989
Nifty Financial Services TRI,2015-09-10,7012.78645243973
Nifty Financial Services TRI,2015-09-11,7028.374658551108
Nifty Financial Services TRI,2015-09-14,7136.4773422387
Nifty Financial Services TRI,2015-09-15,7069.206656753237
Nifty Financial Services TRI,2015-09-16,7153.878369638624
Nifty Financial Services TRI,2015-09-18,7306.916951595585
Nifty Financial Services TRI,2015-09-21,7359.9081504718215
Nifty Financial Services TRI,2015-09-22,7150.683934615019
Nifty Financial Services TRI,2015-09-23,7210.170915337116
Nifty Financial Services TRI,2015-09-24,7207.229904686206
Nifty Financial Services TRI,2015-09-28,7162.051955232925
Nifty Financial Services TRI,2015-09-29,7285.379339664417
Nifty Financial Services TRI,2015-09-30,7280.012138455177
Nifty Financial Services TRI,2015-10-01,7226.510213294201
Nifty Financial Services TRI,2015-10-05,7497.894666575735
Nifty Financial Services TRI,2015-10-06,7479.876645518608
Nifty Financial Services TRI,2015-10-07,7501.2695512365435
Nifty Financial Services TRI,2015-10-08,7445.852950699486
Nifty Financial Services TRI,2015-10-09,7509.293193245059
Nifty Financial Services TRI,2015-10-12,7483.955304141213
Nifty Financial Services TRI,2015-10-13,7490.628018203158
Nifty Financial Services TRI,2015-10-14,7501.433394180973
Nifty Financial Services TRI,2015-10-15,7542.564998988207
Nifty Financial Services TRI,2015-10-16,7633.088754594427
Nifty Financial Services TRI,2015-10-19,7622.893242108896
Nifty Financial Services TRI,2015-10-20,7619.546236415032
Nifty Financial Services TRI,2015-10-21,7600.491541166525
Nifty Financial Services TRI,2015-10-23,7704.578695240124
Nifty Financial Services TRI,2015-10-26,7641.730203947764
Nifty Financial Services TRI,2015-10-27,7599.7292911183895
Nifty Financial Services TRI,2015-10-28,7459.592665986664
Nifty Financial Services TRI,2015-10-29,7402.858244811797
Nifty Financial Services TRI,2015-10-30,7443.484317242483
Nifty Financial Services TRI,2015-11-02,7386.13918033019
Nifty Financial Services TRI,2015-11-03,7390.38301168165
Nifty Financial Services TRI,2015-11-04,7355.295201631034
Nifty Financial Services TRI,2015-11-05,7261.9563802944995
Nifty Financial Services TRI,2015-11-06,7264.750637071607
Nifty Financial Services TRI,2015-11-09,7203.456204585225
Nifty Financial Services TRI,2015-11-10,7129.849591546022
Nifty Financial Services TRI,2015-11-13,7176.945050885856
Nifty Financial Services TRI,2015-11-16,7238.522137726868
Nifty Financial Services TRI,2015-11-17,7256.206323440065
Nifty Financial Services TRI,2015-11-18,7123.959478512654
Nifty Financial Services TRI,2015-11-19,7253.3173296288205
Nifty Financial Services TRI,2015-11-20,7237.137210484868
Nifty Financial Services TRI,2015-11-23,7217.23897987885
Nifty Financial Services TRI,2015-11-24,7236.890151052567
Nifty Financial Services TRI,2015-11-26,7257.786181067392
Nifty Financial Services TRI,2015-11-27,7369.587394457104
Nifty Financial Services TRI,2015-11-30,7353.05613023958
Nifty Financial Services TRI,2015-12-01,7366.507428210228
Nifty Financial Services TRI,2015-12-02,7299.954187006685
Nifty Financial Services TRI,2015-12-03,7245.70667082654
Nifty Financial Services TRI,2015-12-04,7136.221532189643
Nifty Financial Services TRI,2015-12-07,7166.170063395012
Nifty Financial Services TRI,2015-12-08,7101.4655448973535
Nifty Financial Services TRI,2015-12-09,7037.9997811517605
Nifty Financial Services TRI,2015-12-10,7091.792522755671
Nifty Financial Services TRI,2015-12-11,6974.373244252748
Nifty Financial Services TRI,2015-12-14,6999.1427071427115
Nifty Financial Services TRI,2015-12-15,7037.265582999624
Nifty Financial Services TRI,2015-12-16,7111.085729235154
Nifty Financial Services TRI,2015-12-17,7197.428114796922
Nifty Financial Services TRI,2015-12-18,7130.279019228539
Nifty Financial Services TRI,2015-12-21,7218.7512806031855
Nifty Financial Services TRI,2015-12-22,7195.419648332166
Nifty Financial Services TRI,2015-12-23,7250.058675501558
Nifty Financial Services TRI,2015-12-24,7210.94517100008
Nifty Financial Services TRI,2015-12-28,7259.02524343089
Nifty Financial Services TRI,2015-12-29,7277.657282088158
Nifty Financial Services TRI,2015-12-30,7251.269510472266
Nifty Financial Services TRI,2015-12-31,7306.074411212619
Nifty Financial Services TRI,2016-01-01,7339.664665467552
Nifty Financial Services TRI,2016-01-04,7151.606694666165
Nifty Financial Services TRI,2016-01-05,7133.493436172225
Nifty Financial Services TRI,2016-01-06,7094.935865945889
Nifty Financial Services TRI,2016-01-07,6939.561251262869
Nifty Financial Services TRI,2016-01-08,6959.432239851621
Nifty Financial Services TRI,2016-01-11,6899.5341528845765
Nifty Financial Services TRI,2016-01-12,6811.636833591727
Nifty Financial Services TRI,2016-01-13,6865.93000709003
Nifty Financial Services TRI,2016-01-14,6770.625345687667
Nifty Financial Services TRI,2016-01-15,6605.484620744432
Nifty Financial Services TRI,2016-01-18,6506.002209163448
Nifty Financial Services TRI,2016-01-19,6622.420814604965
Nifty Financial Services TRI,2016-01-20,6502.351645139158
Nifty Financial Services TRI,2016-01-21,6541.58187382963
Nifty Financial Services TRI,2016-01-22,6700.256092669548
Nifty Financial Services TRI,2016-01-25,6751.695159436896
Nifty Financial Services TRI,2016-01-27,6732.468794416619
Nifty Financial Services TRI,2016-01-28,6650.750256780737
Nifty Financial Services TRI,2016-01-29,6739.700994028317
Nifty Financial Services TRI,2016-02-01,6658.891573074135
Nifty Financial Services TRI,2016-02-02,6570.637636599412
Nifty Financial Services TRI,2016-02-03,6467.413600984435
Nifty Financial Services TRI,2016-02-04,6492.102136907965
Nifty Financial Services TRI,2016-02-05,6617.9372900989965
Nifty Financial Services TRI,2016-02-08,6562.278694131247
Nifty Financial Services TRI,2016-02-09,6503.376530874031
Nifty Financial Services TRI,2016-02-10,6363.981734970149
Nifty Financial Services TRI,2016-02-11,6097.731761922938
Nifty Financial Services TRI,2016-02-12,6095.741292819645
Nifty Financial Services TRI,2016-02-15,6239.7841174274145
Nifty Financial Services TRI,2016-02-16,6134.503061932258
Nifty Financial Services TRI,2016-02-17,6119.87298385792
Nifty Financial Services TRI,2016-02-18,6164.868829044
Nifty Financial Services TRI,2016-02-19,6169.199865817804
Nifty Financial Services TRI,2016-02-22,6177.8409358867175
Nifty Financial Services TRI,2016-02-23,6048.243858975276
Nifty Financial Services TRI,2016-02-24,5936.048944668857
Nifty Financial Services TRI,2016-02-25,5896.12769471213
Nifty Financial Services TRI,2016-02-26,5984.598098094304
Nifty Financial Services TRI,2016-02-29,6051.418957379227
Nifty Financial Services TRI,2016-03-01,6219.803728153603
Nifty Financial Services TRI,2016-03-02,6474.629849187272
Nifty Financial Services TRI,2016-03-03,6528.923145057899
Nifty Financial Services TRI,2016-03-04,6587.778977327355
Nifty Financial Services TRI,2016-03-08,6545.079332660435
Nifty Financial Services TRI,2016-03-09,6563.050783438774
Nifty Financial Services TRI,2016-03-10,6563.815494020461
Nifty Financial Services TRI,2016-03-11,6564.943646508573
Nifty Financial Services TRI,2016-03-14,6607.772262726719
Nifty Financial Services TRI,2016-03-15,6553.594793108343
Nifty Financial Services TRI,2016-03-16,6616.768726411291
Nifty Financial Services TRI,2016-03-17,6597.889681502805
Nifty Financial Services TRI,2016-03-18,6687.867213191645
Nifty Financial Services TRI,2016-03-21,6807.434278840275
Nifty Financial Services TRI,2016-03-22,6838.376915990643
Nifty Financial Services TRI,2016-03-23,6818.669921338707
Nifty Financial Services TRI,2016-03-28,6702.392275200013
Nifty Financial Services TRI,2016-03-29,6692.6870811484705
Nifty Financial Services TRI,2016-03-30,6835.888788241679
Nifty Financial Services TRI,2016-03-31,6823.074968509296
Nifty Financial Services TRI,2016-04-01,6834.73527270779
Nifty Financial Services TRI,2016-04-04,6828.856026815282
Nifty Financial Services TRI,2016-04-05,6674.210488305018
Nifty Financial Services TRI,2016-04-06,6655.790818027658
Nifty Financial Services TRI,2016-04-07,6591.422323333063
Nifty Financial Services TRI,2016-04-08,6618.06732106927
Nifty Financial Services TRI,2016-04-11,6686.753615018448
Nifty Financial Services TRI,2016-04-12,6724.813388555165
Nifty Financial Services TRI,2016-04-13,6893.681753972123
Nifty Financial Services TRI,2016-04-18,6899.568786787094
Nifty Financial Services TRI,2016-04-20,6946.1419250249555
Nifty Financial Services TRI,2016-04-21,7045.7390176555
Nifty Financial Services TRI,2016-04-22,7036.08782876092
Nifty Financial Services TRI,2016-04-25,7008.118146324657
Nifty Financial Services TRI,2016-04-26,7123.136263284354
Nifty Financial Services TRI,2016-04-27,7062.381574612843
Nifty Financial Services TRI,2016-04-28,6949.741252511963
Nifty Financial Services TRI,2016-04-29,6978.169984035452
Nifty Financial Services TRI,2016-05-02,6928.243133919362
Nifty Financial Services TRI,2016-05-03,6886.51963795765
Nifty Financial Services TRI,2016-05-04,6886.099283207536
Nifty Financial Services TRI,2016-05-05,6930.461091964845
Nifty Financial Services TRI,2016-05-06,6945.920585979789
Nifty Financial Services TRI,2016-05-09,7114.206349685732
Nifty Financial Services TRI,2016-05-10,7166.622003460021
Nifty Financial Services TRI,2016-05-11,7140.4141643430985
Nifty Financial Services TRI,2016-05-12,7197.399710177744
Nifty Financial Services TRI,2016-05-13,7084.2059058093555
Nifty Financial Services TRI,2016-05-16,7117.732423331189
Nifty Financial Services TRI,2016-05-17,7168.7028968041795
Nifty Financial Services TRI,2016-05-18,7150.899463974247
Nifty Financial Services TRI,2016-05-19,7053.31419685078
Nifty Financial Services TRI,2016-05-20,7017.080490470536
Nifty Financial Services TRI,2016-05-23,6977.567673602439
Nifty Financial Services TRI,2016-05-24,7024.389309022024
Nifty Financial Services TRI,2016-05-25,7218.960689988954
Nifty Financial Services TRI,2016-05-26,7371.697118386556
Nifty Financial Services TRI,2016-05-27,7464.996020466443
Nifty Financial Services TRI,2016-05-30,7447.260472499018
Nifty Financial Services TRI,2016-05-31,7469.593246005253
Nifty Financial Services TRI,2016-06-01,7420.58598180077
Nifty Financial Services TRI,2016-06-02,7485.859659512409
Nifty Financial Services TRI,2016-06-03,7519.825453719136
Nifty Financial Services TRI,2016-06-06,7499.079516039398
Nifty Financial Services TRI,2016-06-07,7595.155167146142
Nifty Financial Services TRI,2016-06-08,7611.938434563738
Nifty Financial Services TRI,2016-06-09,7551.657062214904
Nifty Financial Services TRI,2016-06-10,7515.728943827157
Nifty Financial Services TRI,2016-06-13,7396.0417109753425
Nifty Financial Services TRI,2016-06-14,7408.252480692643
Nifty Financial Services TRI,2016-06-15,7502.992709796947
Nifty Financial Services TRI,2016-06-16,7423.170369301904
Nifty Financial Services TRI,2016-06-17,7461.871975771791
Nifty Financial Services TRI,2016-06-20,7468.645817772486
Nifty Financial Services TRI,2016-06-21,7463.925753632788
Nifty Financial Services TRI,2016-06-22,7465.958430902982
Nifty Financial Services TRI,2016-06-23,7548.561154273726
Nifty Financial Services TRI,2016-06-24,7366.388202900211
Nifty Financial Services TRI,2016-06-27,7398.5607065700315
Nifty Financial Services TRI,2016-06-28,7436.751499957141
Nifty Financial Services TRI,2016-06-29,7510.739757551383
Nifty Financial Services TRI,2016-06-30,7606.8643073313115
Nifty Financial Services TRI,2016-07-01,7613.109208608116
Nifty Financial Services TRI,2016-07-04,7670.814550779843
Nifty Financial Services TRI,2016-07-05,7639.285985187031
Nifty Financial Services TRI,2016-07-07,7704.936617362402
Nifty Financial Services TRI,2016-07-08,7674.65405855383
Nifty Financial Services TRI,2016-07-11,7849.454418146947
Nifty Financial Services TRI,2016-07-12,7972.2711931238955
Nifty Financial Services TRI,2016-07-13,7955.451468879055
Nifty Financial Services TRI,2016-07-14,8026.408729685734
Nifty Financial Services TRI,2016-07-15,8087.027497188543
Nifty Financial Services TRI,2016-07-18,8059.750028023929
Nifty Financial Services TRI,2016-07-19,8050.310227944641
Nifty Financial Services TRI,2016-07-20,8062.336624907446
Nifty Financial Services TRI,2016-07-21,7967.963144019096
Nifty Financial Services TRI,2016-07-22,8020.636554423536
Nifty Financial Services TRI,2016-07-25,8140.098926813311
Nifty Financial Services TRI,2016-07-26,8092.97077882667
Nifty Financial Services TRI,2016-07-27,8168.162751184038
Nifty Financial Services TRI,2016-07-28,8211.437524308667
Nifty Financial Services TRI,2016-07-29,8149.335473916143
Nifty Financial Services TRI,2016-08-01,8100.0614442965325
Nifty Financial Services TRI,2016-08-02,8025.4733867974655
Nifty Financial Services TRI,2016-08-03,7942.459039694593
Nifty Financial Services TRI,2016-08-04,7931.765252103536
Nifty Financial Services TRI,2016-08-05,8076.278046242126
Nifty Financial Services TRI,2016-08-08,8113.882371419485
Nifty Financial Services TRI,2016-08-09,8081.922853304561
Nifty Financial Services TRI,2016-08-10,7982.568918641516
Nifty Financial Services TRI,2016-08-11,8016.232350692977
Nifty Financial Services TRI,2016-08-12,8160.821339620802
Nifty Financial Services TRI,2016-08-16,8146.503457375592
Nifty Financial Services TRI,2016-08-17,8170.188967072683
Nifty Financial Services TRI,2016-08-18,8266.534659427336
Nifty Financial Services TRI,2016-08-19,8268.015289931358
Nifty Financial Services TRI,2016-08-22,8248.946686760397
Nifty Financial Services TRI,2016-08-23,8239.24358895534
Nifty Financial Services TRI,2016-08-24,8261.843061577129
Nifty Financial Services TRI,2016-08-25,8212.605865095053
Nifty Financial Services TRI,2016-08-26,8217.67455758161
Nifty Financial Services TRI,2016-08-29,8238.18939133465
Nifty Financial Services TRI,2016-08-30,8359.376800904085
Nifty Financial Services TRI,2016-08-31,8468.864340555243
Nifty Financial Services TRI,2016-09-01,8497.559406120412
Nifty Financial Services TRI,2016-09-02,8539.679203849926
Nifty Financial Services TRI,2016-09-06,8726.646050552396
Nifty Financial Services TRI,2016-09-07,8673.867335609435
Nifty Financial Services TRI,2016-09-08,8722.7085815015
Nifty Financial Services TRI,2016-09-09,8632.200803628246
Nifty Financial Services TRI,2016-09-12,8467.699156129243
Nifty Financial Services TRI,2016-09-14,8479.777858433286
Nifty Financial Services TRI,2016-09-15,8494.794876620968
Nifty Financial Services TRI,2016-09-16,8498.62323098759
Nifty Financial Services TRI,2016-09-19,8496.212693036161
Nifty Financial Services TRI,2016-09-20,8486.716837266998
Nifty Financial Services TRI,2016-09-21,8485.444712194028
Nifty Financial Services TRI,2016-09-22,8604.199942959016
Nifty Financial Services TRI,2016-09-23,8553.742371943126
Nifty Financial Services TRI,2016-09-26,8432.858230721304
Nifty Financial Services TRI,2016-09-27,8405.973176742993
Nifty Financial Services TRI,2016-09-28,8442.596426782611
Nifty Financial Services TRI,2016-09-29,8253.653679863182
Nifty Financial Services TRI,2016-09-30,8280.331580230748
Nifty Financial Services TRI,2016-10-03,8432.63608795535
Nifty Financial Services TRI,2016-10-04,8471.81601765312
Nifty Financial Services TRI,2016-10-05,8426.287955740065
Nifty Financial Services TRI,2016-10-06,8378.675261814038
Nifty Financial Services TRI,2016-10-07,8353.657334717975
Nifty Financial Services TRI,2016-10-10,8321.295365118942
Nifty Financial Services TRI,2016-10-13,8120.8867668424755
Nifty Financial Services TRI,2016-10-14,8118.9285460076035
Nifty Financial Services TRI,2016-10-17,8127.063693799729
Nifty Financial Services TRI,2016-10-18,8350.9750509739
Nifty Financial Services TRI,2016-10-19,8307.617884651436
Nifty Financial Services TRI,2016-10-20,8402.640135993042
Nifty Financial Services TRI,2016-10-21,8390.219240441296
Nifty Financial Services TRI,2016-10-24,8428.947666260408
Nifty Financial Services TRI,2016-10-25,8430.22569661248
Nifty Financial Services TRI,2016-10-26,8309.980295152143
Nifty Financial Services TRI,2016-10-27,8385.01486735908
Nifty Financial Services TRI,2016-10-28,8397.595357991535
Nifty Financial Services TRI,2016-11-01,8396.817211020085
Nifty Financial Services TRI,2016-11-02,8299.840021900874
Nifty Financial Services TRI,2016-11-03,8276.264673628322
Nifty Financial Services TRI,2016-11-04,8202.51656033932
Nifty Financial Services TRI,2016-11-07,8284.385556079376
Nifty Financial Services TRI,2016-11-08,8348.393117094565
Nifty Financial Services TRI,2016-11-09,8273.179683874243
Nifty Financial Services TRI,2016-11-10,8433.794156628413
Nifty Financial Services TRI,2016-11-11,8193.087335507074
Nifty Financial Services TRI,2016-11-15,7988.431131594607
Nifty Financial Services TRI,2016-11-16,7989.12653267577
Nifty Financial Services TRI,2016-11-17,7965.380400699523
Nifty Financial Services TRI,2016-11-18,7924.383399705471
Nifty Financial Services TRI,2016-11-21,7746.866088980981
Nifty Financial Services TRI,2016-11-22,7824.171880273799
Nifty Financial Services TRI,2016-11-23,7810.58253295161
Nifty Financial Services TRI,2016-11-24,7710.887907473128
Nifty Financial Services TRI,2016-11-25,7826.3519988105745
Nifty Financial Services TRI,2016-11-28,7780.315566795343
Nifty Financial Services TRI,2016-11-29,7775.0638470936865
Nifty Financial Services TRI,2016-11-30,7914.625406099482
Nifty Financial Services TRI,2016-12-01,7854.640211217862
Nifty Financial Services TRI,2016-12-02,7750.1329789868605
Nifty Financial Services TRI,2016-12-05,7759.8156398488545
Nifty Financial Services TRI,2016-12-06,7799.660250019928
Nifty Financial Services TRI,2016-12-07,7764.533888591379
Nifty Financial Services TRI,2016-12-08,7892.284199986923
Nifty Financial Services TRI,2016-12-09,7910.444257466603
Nifty Financial Services TRI,2016-12-12,7808.919610311261
Nifty Financial Services TRI,2016-12-13,7831.146497003306
Nifty Financial Services TRI,2016-12-14,7777.295872478769
Nifty Financial Services TRI,2016-12-15,7786.799299519615
Nifty Financial Services TRI,2016-12-16,7770.125878446295
Nifty Financial Services TRI,2016-12-19,7711.913551144229
Nifty Financial Services TRI,2016-12-20,7639.382682285038
Nifty Financial Services TRI,2016-12-21,7637.724007073252
Nifty Financial Services TRI,2016-12-22,7546.673829587433
Nifty Financial Services TRI,2016-12-23,7563.788747753224
Nifty Financial Services TRI,2016-12-26,7485.05590734097
Nifty Financial Services TRI,2016-12-27,7576.915079889771
Nifty Financial Services TRI,2016-12-28,7593.562859460613
Nifty Financial Services TRI,2016-12-29,7670.093213830092
Nifty Financial Services TRI,2016-12-30,7727.430631825325
Nifty Financial Services TRI,2017-01-02,7620.683110172042
Nifty Financial Services TRI,2017-01-03,7636.08229439867
Nifty Financial Services TRI,2017-01-04,7579.124522586018
Nifty Financial Services TRI,2017-01-05,7651.753002274906
Nifty Financial Services TRI,2017-01-06,7688.231004193908
Nifty Financial Services TRI,2017-01-09,7692.2819260462675
Nifty Financial Services TRI,2017-01-10,7726.520039913909
Nifty Financial Services TRI,2017-01-11,7842.885394899615
Nifty Financial Services TRI,2017-01-12,7848.065327843717
Nifty Financial Services TRI,2017-01-13,7907.563720670739
Nifty Financial Services TRI,2017-01-16,7982.910489941587
Nifty Financial Services TRI,2017-01-17,7958.454089749993
Nifty Financial Services TRI,2017-01-18,7979.449450421256
Nifty Financial Services TRI,2017-01-19,7960.053989565803
Nifty Financial Services TRI,2017-01-20,7833.727177112356
Nifty Financial Services TRI,2017-01-23,7868.998219306433
Nifty Financial Services TRI,2017-01-24,7962.227084356896
Nifty Financial Services TRI,2017-01-25,8197.630942535647
Nifty Financial Services TRI,2017-01-27,8330.771757001605
Nifty Financial Services TRI,2017-01-30,8307.566925165627
Nifty Financial Services TRI,2017-01-31,8265.675889462682
Nifty Financial Services TRI,2017-02-01,8487.86373687132
Nifty Financial Services TRI,2017-02-02,8496.609627703861
Nifty Financial Services TRI,2017-02-03,8504.938887692655
Nifty Financial Services TRI,2017-02-06,8590.9567468694
Nifty Financial Services TRI,2017-02-07,8565.301664454713
Nifty Financial Services TRI,2017-02-08,8529.15130177678
Nifty Financial Services TRI,2017-02-09,8499.108463770504
Nifty Financial Services TRI,2017-02-10,8501.12124664673
Nifty Financial Services TRI,2017-02-13,8519.53438633163
Nifty Financial Services TRI,2017-02-14,8524.211047659075
Nifty Financial Services TRI,2017-02-15,8508.471074034174
Nifty Financial Services TRI,2017-02-16,8539.25584292939
Nifty Financial Services TRI,2017-02-17,8648.99637203539
Nifty Financial Services TRI,2017-02-20,8683.193537658193
Nifty Financial Services TRI,2017-02-21,8772.99747093257
Nifty Financial Services TRI,2017-02-22,8763.579412083065
Nifty Financial Services TRI,2017-02-23,8756.30299147329
Nifty Financial Services TRI,2017-02-27,8673.02907729888
Nifty Financial Services TRI,2017-02-28,8656.66146906455
Nifty Financial Services TRI,2017-03-01,8751.337441519574
Nifty Financial Services TRI,2017-03-02,8682.111151555022
Nifty Financial Services TRI,2017-03-03,8621.655586513381
Nifty Financial Services TRI,2017-03-06,8664.167255622186
Nifty Financial Services TRI,2017-03-07,8654.378832180208
Nifty Financial Services TRI,2017-03-08,8671.284471672638
Nifty Financial Services TRI,2017-03-09,8693.414970026934
Nifty Financial Services TRI,2017-03-10,8693.813798321828
Nifty Financial Services TRI,2017-03-14,8891.908807101881
Nifty Financial Services TRI,2017-03-15,8928.728500531075
Nifty Financial Services TRI,2017-03-16,8988.070031591455
Nifty Financial Services TRI,2017-03-17,8979.383551201998
Nifty Financial Services TRI,2017-03-20,8970.512491224266
Nifty Financial Services TRI,2017-03-21,8948.08241803144
Nifty Financial Services TRI,2017-03-22,8854.89541636778
Nifty Financial Services TRI,2017-03-23,8905.569876680982
Nifty Financial Services TRI,2017-03-24,8979.448435341057
Nifty Financial Services TRI,2017-03-27,8956.9358167661
Nifty Financial Services TRI,2017-03-28,9063.382128623223
Nifty Financial Services TRI,2017-03-29,9143.595914039992
Nifty Financial Services TRI,2017-03-30,9205.10286866029
Nifty Financial Services TRI,2017-03-31,9130.196353950505
Nifty Financial Services TRI,2017-04-03,9226.447565772567
Nifty Financial Services TRI,2017-04-05,9204.163869720333
Nifty Financial Services TRI,2017-04-06,9189.571971068373
Nifty Financial Services TRI,2017-04-07,9139.37980628496
Nifty Financial Services TRI,2017-04-10,9137.729619586618
Nifty Financial Services TRI,2017-04-11,9239.036518665083
Nifty Financial Services TRI,2017-04-12,9198.878311868148
Nifty Financial Services TRI,2017-04-13,9224.1739492619
Nifty Financial Services TRI,2017-04-17,9207.619438404701
Nifty Financial Services TRI,2017-04-18,9205.049720013329
Nifty Financial Services TRI,2017-04-19,9191.917096115658
Nifty Financial Services TRI,2017-04-20,9211.51669344978
Nifty Financial Services TRI,2017-04-21,9220.606999012009
Nifty Financial Services TRI,2017-04-24,9364.443142027681
Nifty Financial Services TRI,2017-04-25,9471.851869817707
Nifty Financial Services TRI,2017-04-26,9552.594326348539
Nifty Financial Services TRI,2017-04-27,9524.771668645997
Nifty Financial Services TRI,2017-04-28,9482.774144511479
Nifty Financial Services TRI,2017-05-02,9537.787202583067
Nifty Financial Services TRI,2017-05-03,9506.82231410677
Nifty Financial Services TRI,2017-05-04,9652.490033100912
Nifty Financial Services TRI,2017-05-05,9587.213587475499
Nifty Financial Services TRI,2017-05-08,9604.684370136873
Nifty Financial Services TRI,2017-05-09,9589.35800003357
Nifty Financial Services TRI,2017-05-10,9709.413699664234
Nifty Financial Services TRI,2017-05-11,9707.115103357128
Nifty Financial Services TRI,2017-05-12,9660.03459197409
Nifty Financial Services TRI,2017-05-15,9741.026566102453
Nifty Financial Services TRI,2017-05-16,9780.949255853633
Nifty Financial Services TRI,2017-05-17,9777.604470654476
Nifty Financial Services TRI,2017-05-18,9689.081410325858
Nifty Financial Services TRI,2017-05-19,9676.054852523202
Nifty Financial Services TRI,2017-05-22,9624.258241467645
Nifty Financial Services TRI,2017-05-23,9584.647713399996
Nifty Financial Services TRI,2017-05-24,9569.420068526715
Nifty Financial Services TRI,2017-05-25,9784.230196857658
Nifty Financial Services TRI,2017-05-26,9858.752566824027
Nifty Financial Services TRI,2017-05-29,9878.551724632565
Nifty Financial Services TRI,2017-05-30,9919.170305869124
Nifty Financial Services TRI,2017-05-31,9954.294359568146
Nifty Financial Services TRI,2017-06-01,9917.45646398469
Nifty Financial Services TRI,2017-06-02,9958.915745318813
Nifty Financial Services TRI,2017-06-05,9978.933954954648
Nifty Financial Services TRI,2017-06-06,9965.28081675525
Nifty Financial Services TRI,2017-06-07,10007.321219083608
Nifty Financial Services TRI,2017-06-08,10047.426070061107
Nifty Financial Services TRI,2017-06-09,10117.7370422541
Nifty Financial Services TRI,2017-06-12,10059.453754501155
Nifty Financial Services TRI,2017-06-13,10089.827053715344
Nifty Financial Services TRI,2017-06-14,10069.629923808965
Nifty Financial Services TRI,2017-06-15,10028.752448596422
Nifty Financial Services TRI,2017-06-16,10079.754812289635
Nifty Financial Services TRI,2017-06-19,10185.549053662427
Nifty Financial Services TRI,2017-06-20,10141.21312719814
Nifty Financial Services TRI,2017-06-21,10151.226284484199
Nifty Financial Services TRI,2017-06-22,10180.508129154818
Nifty Financial Services TRI,2017-06-23,10100.040281702655
Nifty Financial Services TRI,2017-06-27,9990.584281146044
Nifty Financial Services TRI,2017-06-28,9971.635783824251
Nifty Financial Services TRI,2017-06-29,9975.414828780386
Nifty Financial Services TRI,2017-06-30,9944.26249944038
Nifty Financial Services TRI,2017-07-03,9973.718835637235
Nifty Financial Services TRI,2017-07-04,9977.131077411254
Nifty Financial Services TRI,2017-07-05,9999.974720873824
Nifty Financial Services TRI,2017-07-06,10062.940996044275
Nifty Financial Services TRI,2017-07-07,10020.786364560592
Nifty Financial Services TRI,2017-07-10,10092.471491215781
Nifty Financial Services TRI,2017-07-11,10062.938870942768
Nifty Financial Services TRI,2017-07-12,10102.864791123091
Nifty Financial Services TRI,2017-07-13,10193.240684558523
Nifty Financial Services TRI,2017-07-14,10205.30213430376
Nifty Financial Services TRI,2017-07-17,10255.792388155522
Nifty Financial Services TRI,2017-07-18,10240.822805663995
Nifty Financial Services TRI,2017-07-19,10295.481615268749
Nifty Financial Services TRI,2017-07-20,10339.140264197675
Nifty Financial Services TRI,2017-07-21,10361.685543708194
Nifty Financial Services TRI,2017-07-24,10402.604467292142
Nifty Financial Services TRI,2017-07-25,10436.576419455381
Nifty Financial Services TRI,2017-07-26,10466.200247090123
Nifty Financial Services TRI,2017-07-27,10651.876105472593
Nifty Financial Services TRI,2017-07-28,10656.248463849772
Nifty Financial Services TRI,2017-07-31,10763.329325027868
Nifty Financial Services TRI,2017-08-01,10756.699054765155
Nifty Financial Services TRI,2017-08-02,10711.600878150763
Nifty Financial Services TRI,2017-08-03,10572.268838241667
Nifty Financial Services TRI,2017-08-04,10626.219935155732
Nifty Financial Services TRI,2017-08-07,10691.594034362712
Nifty Financial Services TRI,2017-08-08,10589.460821735589
Nifty Financial Services TRI,2017-08-09,10506.508191853527
Nifty Financial Services TRI,2017-08-10,10402.847199235715
Nifty Financial Services TRI,2017-08-11,10313.123692035013
Nifty Financial Services TRI,2017-08-14,10389.33906957882
Nifty Financial Services TRI,2017-08-16,10533.118559758284
Nifty Financial Services TRI,2017-08-17,10506.50712586926
Nifty Financial Services TRI,2017-08-18,10424.793762150257
Nifty Financial Services TRI,2017-08-21,10374.14825817128
Nifty Financial Services TRI,2017-08-22,10392.043343780684
Nifty Financial Services TRI,2017-08-23,10546.053306523263
Nifty Financial Services TRI,2017-08-24,10529.294858427425
Nifty Financial Services TRI,2017-08-28,10589.258297484892
Nifty Financial Services TRI,2017-08-29,10463.269553102715
Nifty Financial Services TRI,2017-08-30,10562.923729292526
Nifty Financial Services TRI,2017-08-31,10591.524587474974
Nifty Financial Services TRI,2017-09-01,10596.789899584466
Nifty Financial Services TRI,2017-09-04,10526.52509400099
Nifty Financial Services TRI,2017-09-05,10563.991966749734
Nifty Financial Services TRI,2017-09-06,10571.145148440299
Nifty Financial Services TRI,2017-09-07,10605.205428693376
Nifty Financial Services TRI,2017-09-08,10616.975841677911
Nifty Financial Services TRI,2017-09-11,10685.755979372005
Nifty Financial Services TRI,2017-09-12,10753.235753491806
Nifty Financial Services TRI,2017-09-13,10749.273868748709
Nifty Financial Services TRI,2017-09-14,10762.045824965237
Nifty Financial Services TRI,2017-09-15,10741.874147727483
Nifty Financial Services TRI,2017-09-18,10799.65590622034
Nifty Financial Services TRI,2017-09-19,10771.036959671279
Nifty Financial Services TRI,2017-09-20,10751.70247104709
Nifty Financial Services TRI,2017-09-21,10722.398763065885
Nifty Financial Services TRI,2017-09-22,10561.35223937625
Nifty Financial Services TRI,2017-09-25,10444.353552652088
Nifty Financial Services TRI,2017-09-26,10444.214519705161
Nifty Financial Services TRI,2017-09-27,10292.588264930777
Nifty Financial Services TRI,2017-09-28,10408.516039071706
Nifty Financial Services TRI,2017-09-29,10431.201481053646
Nifty Financial Services TRI,2017-10-03,10495.558903676945
Nifty Financial Services TRI,2017-10-04,10496.575073564189
Nifty Financial Services TRI,2017-10-05,10451.04092615371
Nifty Financial Services TRI,2017-10-06,10480.763556229365
Nifty Financial Services TRI,2017-10-09,10499.609365260083
Nifty Financial Services TRI,2017-10-10,10517.999697244828
Nifty Financial Services TRI,2017-10-11,10453.511036861755
Nifty Financial Services TRI,2017-10-12,10546.802762391295
Nifty Financial Services TRI,2017-10-13,10671.539419960476
Nifty Financial Services TRI,2017-10-16,10667.671318388986
Nifty Financial Services TRI,2017-10-17,10639.503495272005
Nifty Financial Services TRI,2017-10-18,10535.584320494294
Nifty Financial Services TRI,2017-10-19,10430.9244157452
Nifty Financial Services TRI,2017-10-23,10426.217408649854
Nifty Financial Services TRI,2017-10-24,10477.897700787502
Nifty Financial Services TRI,2017-10-25,10652.96473239954
Nifty Financial Services TRI,2017-10-26,10665.4825289369
Nifty Financial Services TRI,2017-10-27,10689.08052240203
Nifty Financial Services TRI,2017-10-30,10735.516939502337
Nifty Financial Services TRI,2017-10-31,10749.718841647546
Nifty Financial Services TRI,2017-11-01,10961.996425517642
Nifty Financial Services TRI,2017-11-02,10990.750650351518
Nifty Financial Services TRI,2017-11-03,11060.413980968558
Nifty Financial Services TRI,2017-11-06,11060.455759574308
Nifty Financial Services TRI,2017-11-07,10943.632152009945
Nifty Financial Services TRI,2017-11-08,10880.531890316779
Nifty Financial Services TRI,2017-11-09,10884.287770441566
Nifty Financial Services TRI,2017-11-10,10932.057963862544
Nifty Financial Services TRI,2017-11-13,10833.237056198961
Nifty Financial Services TRI,2017-11-14,10812.620603688301
Nifty Financial Services TRI,2017-11-15,10769.835773896624
Nifty Financial Services TRI,2017-11-16,10868.721056591557
Nifty Financial Services TRI,2017-11-17,11029.96381022396
Nifty Financial Services TRI,2017-11-20,11009.199171112641
Nifty Financial Services TRI,2017-11-21,11023.623789460316
Nifty Financial Services TRI,2017-11-22,11051.918772676509
Nifty Financial Services TRI,2017-11-23,11017.064576399007
Nifty Financial Services TRI,2017-11-24,11039.21303075345
Nifty Financial Services TRI,2017-11-27,11080.23575239859
Nifty Financial Services TRI,2017-11-28,11081.002907651075
Nifty Financial Services TRI,2017-11-29,11050.611003941305
Nifty Financial Services TRI,2017-11-30,10850.444145195886
Nifty Financial Services TRI,2017-12-01,10778.482876191047
Nifty Financial Services TRI,2017-12-04,10763.843139239889
Nifty Financial Services TRI,2017-12-05,10774.273065475803
Nifty Financial Services TRI,2017-12-06,10635.770394044626
Nifty Financial Services TRI,2017-12-07,10718.931962744777
Nifty Financial Services TRI,2017-12-08,10855.649328799325
Nifty Financial Services TRI,2017-12-11,10926.472265386737
Nifty Financial Services TRI,2017-12-12,10825.744913003558
Nifty Financial Services TRI,2017-12-13,10773.473248016571
Nifty Financial Services TRI,2017-12-14,10838.726247771436
Nifty Financial Services TRI,2017-12-15,10951.919693185451
Nifty Financial Services TRI,2017-12-18,11015.452769098923
Nifty Financial Services TRI,2017-12-19,11062.477776476198
Nifty Financial Services TRI,2017-12-20,11014.041147733753
Nifty Financial Services TRI,2017-12-21,11009.760668705843
Nifty Financial Services TRI,2017-12-22,11064.305581354582
Nifty Financial Services TRI,2017-12-26,11069.00375081733
Nifty Financial Services TRI,2017-12-27,10994.429845504212
Nifty Financial Services TRI,2017-12-28,10975.583693512583
Nifty Financial Services TRI,2017-12-29,11015.362815892859
Nifty Financial Services TRI,2018-01-01,10909.394711181918
Nifty Financial Services TRI,2018-01-02,10935.608981495016
Nifty Financial Services TRI,2018-01-03,10923.173918976534
Nifty Financial Services TRI,2018-01-04,10968.215616358393
Nifty Financial Services TRI,2018-01-05,11015.046395589332
Nifty Financial Services TRI,2018-01-08,11064.938983946819
Nifty Financial Services TRI,2018-01-09,11043.617999314583
Nifty Financial Services TRI,2018-01-10,11007.096696460285
Nifty Financial Services TRI,2018-01-11,11030.162591567028
Nifty Financial Services TRI,2018-01-12,11078.053729810406
Nifty Financial Services TRI,2018-01-15,11346.029243912513
Nifty Financial Services TRI,2018-01-16,11294.67716459138
Nifty Financial Services TRI,2018-01-17,11401.491653037892
Nifty Financial Services TRI,2018-01-18,11521.671780117547
Nifty Financial Services TRI,2018-01-19,11649.642746508069
Nifty Financial Services TRI,2018-01-22,11671.34283566066
Nifty Financial Services TRI,2018-01-23,11778.81036715965
Nifty Financial Services TRI,2018-01-24,11797.164818623041
Nifty Financial Services TRI,2018-01-25,11818.887280210274
Nifty Financial Services TRI,2018-01-29,11923.673291700994
Nifty Financial Services TRI,2018-01-30,11794.39505697032
Nifty Financial Services TRI,2018-01-31,11851.478083332211
Nifty Financial Services TRI,2018-02-01,11819.744748687484
Nifty Financial Services TRI,2018-02-02,11457.09181557961
Nifty Financial Services TRI,2018-02-05,11245.511304983798
Nifty Financial Services TRI,2018-02-06,11127.195938901546
Nifty Financial Services TRI,2018-02-07,11093.180381172964
Nifty Financial Services TRI,2018-02-08,11216.513854285502
Nifty Financial Services TRI,2018-02-09,11016.934203544308
Nifty Financial Services TRI,2018-02-12,11117.600178188544
Nifty Financial Services TRI,2018-02-14,11050.82054255635
Nifty Financial Services TRI,2018-02-15,11116.643950408861
Nifty Financial Services TRI,2018-02-16,11016.354045197215
Nifty Financial Services TRI,2018-02-19,10988.439657345934
Nifty Financial Services TRI,2018-02-20,10929.090995609879
Nifty Financial Services TRI,2018-02-21,10955.07084295452
Nifty Financial Services TRI,2018-02-22,10946.149981898952
Nifty Financial Services TRI,2018-02-23,11074.995592306439
Nifty Financial Services TRI,2018-02-26,11243.8203644845
Nifty Financial Services TRI,2018-02-27,11120.87071965099
Nifty Financial Services TRI,2018-02-28,10992.07089234496
Nifty Financial Services TRI,2018-03-01,10922.28658406272
Nifty Financial Services TRI,2018-03-05,10886.329273555511
Nifty Financial Services TRI,2018-03-06,10742.396763140288
Nifty Financial Services TRI,2018-03-07,10588.767919177617
Nifty Financial Services TRI,2018-03-08,10751.763814878426
Nifty Financial Services TRI,2018-03-09,10736.306640223771
Nifty Financial Services TRI,2018-03-12,10897.734381103108
Nifty Financial Services TRI,2018-03-13,10937.943920921425
Nifty Financial Services TRI,2018-03-14,10941.394879344003
Nifty Financial Services TRI,2018-03-15,10926.466445469488
Nifty Financial Services TRI,2018-03-16,10755.90552300117
Nifty Financial Services TRI,2018-03-19,10652.901292677876
Nifty Financial Services TRI,2018-03-20,10674.360735218766
Nifty Financial Services TRI,2018-03-21,10744.753209123925
Nifty Financial Services TRI,2018-03-22,10683.095862049737
Nifty Financial Services TRI,2018-03-23,10506.288514968146
Nifty Financial Services TRI,2018-03-26,10753.879529505848
Nifty Financial Services TRI,2018-03-27,10819.858660765089
Nifty Financial Services TRI,2018-03-28,10754.875552970376
Nifty Financial Services TRI,2018-04-02,10812.686700611426
Nifty Financial Services TRI,2018-04-03,10865.7162057088
Nifty Financial Services TRI,2018-04-04,10716.106173753595
Nifty Financial Services TRI,2018-04-05,10974.836510822353
Nifty Financial Services TRI,2018-04-06,11031.56138372085
Nifty Financial Services TRI,2018-04-09,11098.309006876252
Nifty Financial Services TRI,2018-04-10,11109.353738894988
Nifty Financial Services TRI,2018-04-11,11069.441534213463
Nifty Financial Services TRI,2018-04-12,11125.490379784002
Nifty Financial Services TRI,2018-04-13,11140.541339025538
Nifty Financial Services TRI,2018-04-16,11234.765039989757
Nifty Financial Services TRI,2018-04-17,11261.9415306104
Nifty Financial Services TRI,2018-04-18,11178.702503179362
Nifty Financial Services TRI,2018-04-19,11152.277337480611
Nifty Financial Services TRI,2018-04-20,11069.981415791168
Nifty Financial Services TRI,2018-04-23,11047.670778886308
Nifty Financial Services TRI,2018-04-24,11119.336238298516
Nifty Financial Services TRI,2018-04-25,11034.499962397736
Nifty Financial Services TRI,2018-04-26,11049.817736776224
Nifty Financial Services TRI,2018-04-27,11191.335580404932
Nifty Financial Services TRI,2018-04-30,11256.226249720206
Nifty Financial Services TRI,2018-05-02,11309.965561649848
Nifty Financial Services TRI,2018-05-03,11328.823618137549
Nifty Financial Services TRI,2018-05-04,11320.528979345769
Nifty Financial Services TRI,2018-05-07,11403.312466136762
Nifty Financial Services TRI,2018-05-08,11457.29114395749
Nifty Financial Services TRI,2018-05-09,11459.913900908754
Nifty Financial Services TRI,2018-05-10,11452.14933540861
Nifty Financial Services TRI,2018-05-11,11588.551030190743
Nifty Financial Services TRI,2018-05-14,11609.66490629542
Nifty Financial Services TRI,2018-05-15,11619.464207348274
Nifty Financial Services TRI,2018-05-16,11500.057074022483
Nifty Financial Services TRI,2018-05-17,11471.354467925661
Nifty Financial Services TRI,2018-05-18,11373.984352343474
Nifty Financial Services TRI,2018-05-21,11280.266576457814
Nifty Financial Services TRI,2018-05-22,11309.943185784396
Nifty Financial Services TRI,2018-05-23,11238.615198339665
Nifty Financial Services TRI,2018-05-24,11373.943387540163
Nifty Financial Services TRI,2018-05-25,11483.95871082287
Nifty Financial Services TRI,2018-05-28,11620.543841130104
Nifty Financial Services TRI,2018-05-29,11495.458735222055
Nifty Financial Services TRI,2018-05-30,11499.613460460387
Nifty Financial Services TRI,2018-05-31,11744.908208063605
Nifty Financial Services TRI,2018-06-01,11667.45519499754
Nifty Financial Services TRI,2018-06-04,11481.452186539635
Nifty Financial Services TRI,2018-06-05,11490.408079061957
Nifty Financial Services TRI,2018-06-06,11570.644583194759
Nifty Financial Services TRI,2018-06-07,11668.297201587322
Nifty Financial Services TRI,2018-06-08,11611.513544793706
Nifty Financial Services TRI,2018-06-11,11623.935838150437
Nifty Financial Services TRI,2018-06-12,11688.512968369292
Nifty Financial Services TRI,2018-06-13,11665.180500865765
Nifty Financial Services TRI,2018-06-14,11620.949088259213
Nifty Financial Services TRI,2018-06-15,11584.84380314884
Nifty Financial Services TRI,2018-06-18,11571.246588391768
Nifty Financial Services TRI,2018-06-19,11535.981259168762
Nifty Financial Services TRI,2018-06-20,11653.608939081263
Nifty Financial Services TRI,2018-06-21,11657.716416293208
Nifty Financial Services TRI,2018-06-22,11837.262823891437
Nifty Financial Services TRI,2018-06-25,11760.182472362798
Nifty Financial Services TRI,2018-06-26,11761.864824974435
Nifty Financial Services TRI,2018-06-27,11661.089930320386
Nifty Financial Services TRI,2018-06-28,11559.20232138099
Nifty Financial Services TRI,2018-06-29,11620.740830193117
Nifty Financial Services TRI,2018-07-02,11543.001335717332
Nifty Financial Services TRI,2018-07-03,11518.968687319972
Nifty Financial Services TRI,2018-07-04,11634.78510990514
Nifty Financial Services TRI,2018-07-05,11660.432943063353
Nifty Financial Services TRI,2018-07-06,11640.413540179437
Nifty Financial Services TRI,2018-07-09,11711.557188131132
Nifty Financial Services TRI,2018-07-10,11818.099246830458
Nifty Financial Services TRI,2018-07-11,11778.175304324524
Nifty Financial Services TRI,2018-07-12,11893.964956099897
Nifty Financial Services TRI,2018-07-13,11890.84478141079
Nifty Financial Services TRI,2018-07-16,11812.464679488941
Nifty Financial Services TRI,2018-07-17,11919.184009713754
Nifty Financial Services TRI,2018-07-18,11913.159488371803
Nifty Financial Services TRI,2018-07-19,11838.798406642642
Nifty Financial Services TRI,2018-07-20,11904.384597211887
Nifty Financial Services TRI,2018-07-23,11949.687492886345
Nifty Financial Services TRI,2018-07-24,11971.232622992602
Nifty Financial Services TRI,2018-07-25,12040.527097341885
Nifty Financial Services TRI,2018-07-26,12241.765383739774
Nifty Financial Services TRI,2018-07-27,12350.366006428174
Nifty Financial Services TRI,2018-07-30,12401.72593653676
Nifty Financial Services TRI,2018-07-31,12321.75677654262
Nifty Financial Services TRI,2018-08-01,12245.26938182081
Nifty Financial Services TRI,2018-08-02,12107.182700154257
Nifty Financial Services TRI,2018-08-03,12294.141326773943
Nifty Financial Services TRI,2018-08-06,12361.566278775406
Nifty Financial Services TRI,2018-08-07,12365.37636408784
Nifty Financial Services TRI,2018-08-08,12437.341182552282
Nifty Financial Services TRI,2018-08-09,12509.309135085836
Nifty Financial Services TRI,2018-08-10,12436.29876877202
Nifty Financial Services TRI,2018-08-13,12261.63272319116
Nifty Financial Services TRI,2018-08-14,12332.86468699536
Nifty Financial Services TRI,2018-08-16,12192.41822981766
Nifty Financial Services TRI,2018-08-17,12282.730901633355
Nifty Financial Services TRI,2018-08-20,12375.700245537582
Nifty Financial Services TRI,2018-08-21,12373.222508446914
Nifty Financial Services TRI,2018-08-23,12288.355218806833
Nifty Financial Services TRI,2018-08-24,12253.423910268028
Nifty Financial Services TRI,2018-08-27,12411.788539549527
Nifty Financial Services TRI,2018-08-28,12470.994711876572
Nifty Financial Services TRI,2018-08-29,12482.366960408537
Nifty Financial Services TRI,2018-08-30,12414.873204863381
Nifty Financial Services TRI,2018-08-31,12389.45413808846
Nifty Financial Services TRI,2018-09-03,12297.489086033815
Nifty Financial Services TRI,2018-09-04,12181.771500409233
Nifty Financial Services TRI,2018-09-05,12116.53700356136
Nifty Financial Services TRI,2018-09-06,12161.367798951376
Nifty Financial Services TRI,2018-09-07,12161.950113936944
Nifty Financial Services TRI,2018-09-10,11991.652997202202
Nifty Financial Services TRI,2018-09-11,11829.065749926596
Nifty Financial Services TRI,2018-09-12,11852.747476973987
Nifty Financial Services TRI,2018-09-14,12071.380060151007
Nifty Financial Services TRI,2018-09-17,11869.957076287741
Nifty Financial Services TRI,2018-09-18,11703.481571646838
Nifty Financial Services TRI,2018-09-19,11605.587674501136
Nifty Financial Services TRI,2018-09-21,11484.883097764288
Nifty Financial Services TRI,2018-09-24,11090.773154847968
Nifty Financial Services TRI,2018-09-25,11301.671998878432
Nifty Financial Services TRI,2018-09-26,11322.334008015625
Nifty Financial Services TRI,2018-09-27,11133.600434733353
Nifty Financial Services TRI,2018-09-28,11189.009704567665
Nifty Financial Services TRI,2018-10-01,11326.690171604962
Nifty Financial Services TRI,2018-10-03,11203.24407909786
Nifty Financial Services TRI,2018-10-04,11089.489976199136
Nifty Financial Services TRI,2018-10-05,10809.622720947442
Nifty Financial Services TRI,2018-10-08,10767.001489385137
Nifty Financial Services TRI,2018-10-09,10805.8572588801
Nifty Financial Services TRI,2018-10-10,11177.654489681958
Nifty Financial Services TRI,2018-10-11,10863.94534813643
Nifty Financial Services TRI,2018-10-12,11150.576931283478
Nifty Financial Services TRI,2018-10-15,11159.243562337162
Nifty Financial Services TRI,2018-10-16,11247.535101693462
Nifty Financial Services TRI,2018-10-17,11023.79279002859
Nifty Financial Services TRI,2018-10-19,10884.20328186984
Nifty Financial Services TRI,2018-10-22,10939.74088630739
Nifty Financial Services TRI,2018-10-23,10924.791497363998
Nifty Financial Services TRI,2018-10-24,11076.546693001064
Nifty Financial Services TRI,2018-10-25,10946.437683531189
Nifty Financial Services TRI,2018-10-26,10860.302373571163
Nifty Financial Services TRI,2018-10-29,11085.800706846136
Nifty Financial Services TRI,2018-10-30,11007.918737243996
Nifty Financial Services TRI,2018-10-31,11263.602282726039
Nifty Financial Services TRI,2018-11-01,11311.380202208933
Nifty Financial Services TRI,2018-11-02,11502.292325244773
Nifty Financial Services TRI,2018-11-05,11477.106263232361
Nifty Financial Services TRI,2018-11-06,11434.794578560059
Nifty Financial Services TRI,2018-11-07,11513.60541486171
Nifty Financial Services TRI,2018-11-09,11514.265982518564
Nifty Financial Services TRI,2018-11-12,11390.494370670001
Nifty Financial Services TRI,2018-11-13,11507.858390353544
Nifty Financial Services TRI,2018-11-14,11579.42950994335
Nifty Financial Services TRI,2018-11-15,11707.022145502246
Nifty Financial Services TRI,2018-11-16,11797.131903638336
Nifty Financial Services TRI,2018-11-19,11785.777650974258
Nifty Financial Services TRI,2018-11-20,11695.537536073549
Nifty Financial Services TRI,2018-11-21,11743.080847238547
Nifty Financial Services TRI,2018-11-22,11644.203591067788
Nifty Financial Services TRI,2018-11-26,11783.075927024867
Nifty Financial Services TRI,2018-11-27,11835.182888660838
Nifty Financial Services TRI,2018-11-28,11887.927261054574
Nifty Financial Services TRI,2018-11-29,12105.816740495551
Nifty Financial Services TRI,2018-11-30,12117.20356587918
Nifty Financial Services TRI,2018-12-03,12107.455622304515
Nifty Financial Services TRI,2018-12-04,12025.56351810653
Nifty Financial Services TRI,2018-12-05,11989.223015612792
Nifty Financial Services TRI,2018-12-06,11822.197647271596
Nifty Financial Services TRI,2018-12-07,11989.428498858791
Nifty Financial Services TRI,2018-12-10,11719.501142820927
Nifty Financial Services TRI,2018-12-11,11741.689943941445
Nifty Financial Services TRI,2018-12-12,11951.84939485845
Nifty Financial Services TRI,2018-12-13,12045.726062984155
Nifty Financial Services TRI,2018-12-14,12003.073802599232
Nifty Financial Services TRI,2018-12-17,12124.983952172077
Nifty Financial Services TRI,2018-12-18,12183.05616875702
Nifty Financial Services TRI,2018-12-19,12310.332147700756
Nifty Financial Services TRI,2018-12-20,12293.061729732854
Nifty Financial Services TRI,2018-12-21,12123.021026370741
Nifty Financial Services TRI,2018-12-24,12012.953313833377
Nifty Financial Services TRI,2018-12-26,12163.082897143684
Nifty Financial Services TRI,2018-12-27,12145.753798674303
Nifty Financial Services TRI,2018-12-28,12280.897981026092
Nifty Financial Services TRI,2018-12-31,12281.331160707468
Nifty Financial Services TRI,2019-01-01,12404.722928277391
Nifty Financial Services TRI,2019-01-02,12282.184837072698
Nifty Financial Services TRI,2019-01-03,12147.555916097248
Nifty Financial Services TRI,2019-01-04,12268.144136312865
Nifty Financial Services TRI,2019-01-07,12289.249011937774
Nifty Financial Services TRI,2019-01-08,12336.00789457411
Nifty Financial Services TRI,2019-01-09,12447.919241658257
Nifty Financial Services TRI,2019-01-10,12379.009154807352
Nifty Financial Services TRI,2019-01-11,12395.554071634046
Nifty Financial Services TRI,2019-01-14,12289.324079074408
Nifty Financial Services TRI,2019-01-15,12380.14722843172
Nifty Financial Services TRI,2019-01-16,12357.14145807807
Nifty Financial Services TRI,2019-01-17,12410.644185062358
Nifty Financial Services TRI,2019-01-18,12384.086003944905
Nifty Financial Services TRI,2019-01-21,12426.362043567113
Nifty Financial Services TRI,2019-01-22,12376.52296283862
Nifty Financial Services TRI,2019-01-23,12256.419873402978
Nifty Financial Services TRI,2019-01-24,12244.544456832744
Nifty Financial Services TRI,2019-01-25,12179.530690265907
Nifty Financial Services TRI,2019-01-28,11950.056442477524
Nifty Financial Services TRI,2019-01-29,11906.085966394088
Nifty Financial Services TRI,2019-01-30,11959.806303194033
Nifty Financial Services TRI,2019-01-31,12152.273694872307
Nifty Financial Services TRI,2019-02-01,12157.312246298929
Nifty Financial Services TRI,2019-02-04,12191.789397690685
Nifty Financial Services TRI,2019-02-05,12220.591796632425
Nifty Financial Services TRI,2019-02-06,12316.974736859735
Nifty Financial Services TRI,2019-02-07,12313.37073233322
Nifty Financial Services TRI,2019-02-08,12243.353002131938
Nifty Financial Services TRI,2019-02-11,12189.51304610354
Nifty Financial Services TRI,2019-02-12,12062.509566990992
Nifty Financial Services TRI,2019-02-14,11995.074873880585
Nifty Financial Services TRI,2019-02-15,11898.937110906083
Nifty Financial Services TRI,2019-02-18,11830.050473391922
Nifty Financial Services TRI,2019-02-19,11840.760772654392
Nifty Financial Services TRI,2019-02-20,11978.551739823071
Nifty Financial Services TRI,2019-02-21,12083.98025127899
Nifty Financial Services TRI,2019-02-22,12013.08725372861
Nifty Financial Services TRI,2019-02-25,12106.155453586662
Nifty Financial Services TRI,2019-02-26,11987.707741895678
Nifty Financial Services TRI,2019-02-27,11923.491280461729
Nifty Financial Services TRI,2019-02-28,11916.640924050576
Nifty Financial Services TRI,2019-03-01,12002.6099396698
Nifty Financial Services TRI,2019-03-05,12207.890290925336
Nifty Financial Services TRI,2019-03-06,12293.76927176821
Nifty Financial Services TRI,2019-03-07,12328.643627256231
Nifty Financial Services TRI,2019-03-08,12335.069511877415
Nifty Financial Services TRI,2019-03-11,12443.580810461608
Nifty Financial Services TRI,2019-03-12,12629.007425229354
Nifty Financial Services TRI,2019-03-13,12776.539576945186
Nifty Financial Services TRI,2019-03-14,12769.544949973786
Nifty Financial Services TRI,2019-03-15,12959.981163232642
Nifty Financial Services TRI,2019-03-18,13028.306947605748
Nifty Financial Services TRI,2019-03-19,13076.266679894554
Nifty Financial Services TRI,2019-03-20,13114.991212712468
Nifty Financial Services TRI,2019-03-22,13020.576405485446
Nifty Financial Services TRI,2019-03-25,12888.1515844776
Nifty Financial Services TRI,2019-03-26,13087.397451877507
Nifty Financial Services TRI,2019-03-27,13065.80484394444
Nifty Financial Services TRI,2019-03-28,13248.229348737445
Nifty Financial Services TRI,2019-04-01,13276.258202589033
Nifty Financial Services TRI,2019-04-02,13317.917886418862
Nifty Financial Services TRI,2019-04-03,13284.431416961646
Nifty Financial Services TRI,2019-04-04,13277.180024542773
Nifty Financial Services TRI,2019-04-05,13378.646423749846
Nifty Financial Services TRI,2019-04-08,13282.959234584801
Nifty Financial Services TRI,2019-04-09,13351.290130401907
Nifty Financial Services TRI,2019-04-10,13201.314390099966
Nifty Financial Services TRI,2019-04-11,13226.40812864081
Nifty Financial Services TRI,2019-04-12,13275.141028153845
Nifty Financial Services TRI,2019-04-15,13318.18953781505
Nifty Financial Services TRI,2019-04-16,13454.477268236924
Nifty Financial Services TRI,2019-04-18,13353.06198061225
Nifty Financial Services TRI,2019-04-22,13120.18584592826
Nifty Financial Services TRI,2019-04-23,13065.640252821437
Nifty Financial Services TRI,2019-04-24,13248.065180926551
Nifty Financial Services TRI,2019-04-25,13118.547652119472
Nifty Financial Services TRI,2019-04-26,13290.354583648788
Nifty Financial Services TRI,2019-04-30,13343.96431356366
Nifty Financial Services TRI,2019-05-02,13374.677892422556
Nifty Financial Services TRI,2019-05-03,13431.51467611974
Nifty Financial Services TRI,2019-05-06,13262.748683221747
Nifty Financial Services TRI,2019-05-07,13142.125770415289
Nifty Financial Services TRI,2019-05-08,12985.62174200237
Nifty Financial Services TRI,2019-05-09,12941.36444928002
Nifty Financial Services TRI,2019-05-10,13020.045565169296
Nifty Financial Services TRI,2019-05-13,12948.553696559731
Nifty Financial Services TRI,2019-05-14,12997.687082734328
Nifty Financial Services TRI,2019-05-15,12980.321719705671
Nifty Financial Services TRI,2019-05-16,13104.198824934207
Nifty Financial Services TRI,2019-05-17,13439.657485613798
Nifty Financial Services TRI,2019-05-20,14058.98638856851
Nifty Financial Services TRI,2019-05-21,13912.877919475193
Nifty Financial Services TRI,2019-05-22,13988.94247448203
Nifty Financial Services TRI,2019-05-23,13853.51240742761
Nifty Financial Services TRI,2019-05-24,14147.301756831857
Nifty Financial Services TRI,2019-05-27,14354.373968818021
Nifty Financial Services TRI,2019-05-28,14300.451073662996
Nifty Financial Services TRI,2019-05-29,14209.67599005583
Nifty Financial Services TRI,2019-05-30,14374.190545435571
Nifty Financial Services TRI,2019-05-31,14336.05741228774
Nifty Financial Services TRI,2019-06-03,14503.234782702972
Nifty Financial Services TRI,2019-06-04,14476.004195406722
Nifty Financial Services TRI,2019-06-06,14195.297546629146
Nifty Financial Services TRI,2019-06-07,14324.471918260555
Nifty Financial Services TRI,2019-06-10,14305.145144470207
Nifty Financial Services TRI,2019-06-11,14348.966110041603
Nifty Financial Services TRI,2019-06-12,14215.080361211207
Nifty Financial Services TRI,2019-06-13,14342.517348191535
Nifty Financial Services TRI,2019-06-14,14222.66858363217
Nifty Financial Services TRI,2019-06-17,14060.23534543782
Nifty Financial Services TRI,2019-06-18,14075.756205494623
Nifty Financial Services TRI,2019-06-19,14123.675600648086
Nifty Financial Services TRI,2019-06-20,14297.78640346276
Nifty Financial Services TRI,2019-06-21,14176.109288907124
Nifty Financial Services TRI,2019-06-24,14161.607964287883
Nifty Financial Services TRI,2019-06-25,14279.87321287737
Nifty Financial Services TRI,2019-06-26,14399.472731849375
Nifty Financial Services TRI,2019-06-27,14467.360277455036
Nifty Financial Services TRI,2019-06-28,14426.333253648883
Nifty Financial Services TRI,2019-07-01,14575.526011366668
Nifty Financial Services TRI,2019-07-02,14625.91741427894
Nifty Financial Services TRI,2019-07-03,14648.958613329305
Nifty Financial Services TRI,2019-07-04,14691.744605325548
Nifty Financial Services TRI,2019-07-05,14686.317300119008
Nifty Financial Services TRI,2019-07-08,14261.358046983658
Nifty Financial Services TRI,2019-07-09,14230.108501550363
Nifty Financial Services TRI,2019-07-10,14172.459433771011
Nifty Financial Services TRI,2019-07-11,14269.21051626135
Nifty Financial Services TRI,2019-07-12,14228.006450588273
Nifty Financial Services TRI,2019-07-15,14225.743962752238
Nifty Financial Services TRI,2019-07-16,14289.929670440306
Nifty Financial Services TRI,2019-07-17,14356.619595555612
Nifty Financial Services TRI,2019-07-18,14372.79628722744
Nifty Financial Services TRI,2019-07-19,14090.123684423834
Nifty Financial Services TRI,2019-07-22,13731.805992674894
Nifty Financial Services TRI,2019-07-23,13633.083635411305
Nifty Financial Services TRI,2019-07-24,13613.842845244966
Nifty Financial Services TRI,2019-07-25,13634.956443836732
Nifty Financial Services TRI,2019-07-26,13714.955384295221
Nifty Financial Services TRI,2019-07-29,13659.62696326173
Nifty Financial Services TRI,2019-07-30,13539.429464743667
Nifty Financial Services TRI,2019-07-31,13532.483470733474
Nifty Financial Services TRI,2019-08-01,13305.728801028763
Nifty Financial Services TRI,2019-08-02,13312.835392539055
Nifty Financial Services TRI,2019-08-05,13131.635527815206
Nifty Financial Services TRI,2019-08-06,13336.203599302358
Nifty Financial Services TRI,2019-08-07,13219.653858230391
Nifty Financial Services TRI,2019-08-08,13400.533762170468
Nifty Financial Services TRI,2019-08-09,13607.091175615413
Nifty Financial Services TRI,2019-08-13,13202.582445192666
Nifty Financial Services TRI,2019-08-14,13326.014465981989
Nifty Financial Services TRI,2019-08-16,13362.923590060389
Nifty Financial Services TRI,2019-08-19,13351.759603963348
Nifty Financial Services TRI,2019-08-20,13264.687878421637
Nifty Financial Services TRI,2019-08-21,13164.880301544157
Nifty Financial Services TRI,2019-08-22,12838.554322342301
Nifty Financial Services TRI,2019-08-23,12871.224138839349
Nifty Financial Services TRI,2019-08-26,13387.096888560907
Nifty Financial Services TRI,2019-08-27,13475.510351629102
Nifty Financial Services TRI,2019-08-28,13400.0414080067
Nifty Financial Services TRI,2019-08-29,13150.820342188772
Nifty Financial Services TRI,2019-08-30,13233.215245648405
Nifty Financial Services TRI,2019-09-03,12932.55569537535
Nifty Financial Services TRI,2019-09-04,13066.482407714979
Nifty Financial Services TRI,2019-09-05,12920.117315597965
Nifty Financial Services TRI,2019-09-06,13040.994606679595
Nifty Financial Services TRI,2019-09-09,13154.830079568575
Nifty Financial Services TRI,2019-09-11,13198.25296356661
Nifty Financial Services TRI,2019-09-12,13241.338691259589
Nifty Financial Services TRI,2019-09-13,13338.363476436263
Nifty Financial Services TRI,2019-09-16,13216.32338150786
Nifty Financial Services TRI,2019-09-17,12911.027054746432
Nifty Financial Services TRI,2019-09-18,12916.799432133
Nifty Financial Services TRI,2019-09-19,12794.532818628295
Nifty Financial Services TRI,2019-09-20,13710.184969500775
Nifty Financial Services TRI,2019-09-23,14457.84431837393
Nifty Financial Services TRI,2019-09-24,14285.538892006183
Nifty Financial Services TRI,2019-09-25,14011.773870301335
Nifty Financial Services TRI,2019-09-26,14168.76708118355
Nifty Financial Services TRI,2019-09-27,14163.105399946915
Nifty Financial Services TRI,2019-09-30,13881.074204826895
Nifty Financial Services TRI,2019-10-01,13858.130175840286
Nifty Financial Services TRI,2019-10-03,13701.1704442991
Nifty Financial Services TRI,2019-10-04,13430.058092820324
Nifty Financial Services TRI,2019-10-07,13426.56476809786
Nifty Financial Services TRI,2019-10-09,13833.831729176189
Nifty Financial Services TRI,2019-10-10,13568.925869722232
Nifty Financial Services TRI,2019-10-11,13619.939071156105
Nifty Financial Services TRI,2019-10-14,13644.138102518718
Nifty Financial Services TRI,2019-10-15,13765.399470824525
Nifty Financial Services TRI,2019-10-16,13844.425146835105
Nifty Financial Services TRI,2019-10-17,14022.180859070564
Nifty Financial Services TRI,2019-10-18,14095.77439592028
Nifty Financial Services TRI,2019-10-22,14236.76416529341
Nifty Financial Services TRI,2019-10-23,14294.900457475385
Nifty Financial Services TRI,2019-10-24,14226.555750273601
Nifty Financial Services TRI,2019-10-25,14240.202835622049
Nifty Financial Services TRI,2019-10-29,14422.360379233402
Nifty Financial Services TRI,2019-10-30,14447.69764085156
Nifty Financial Services TRI,2019-10-31,14423.096992538443
Nifty Financial Services TRI,2019-11-01,14496.881102434429
Nifty Financial Services TRI,2019-11-04,14589.392922968154
Nifty Financial Services TRI,2019-11-05,14587.897808145282
Nifty Financial Services TRI,2019-11-06,14757.956706745756
Nifty Financial Services TRI,2019-11-07,14829.196987976733
Nifty Financial Services TRI,2019-11-08,14801.50483244191
Nifty Financial Services TRI,2019-11-11,14909.686382662352
Nifty Financial Services TRI,2019-11-13,14736.675041191012
Nifty Financial Services TRI,2019-11-14,14887.44618801077
Nifty Financial Services TRI,2019-11-15,14966.387351775791
Nifty Financial Services TRI,2019-11-18,14947.831913215154
Nifty Financial Services TRI,2019-11-19,14954.776844092103
Nifty Financial Services TRI,2019-11-20,14926.599490231316
Nifty Financial Services TRI,2019-11-21,14966.425078905648
Nifty Financial Services TRI,2019-11-22,14895.115700761175
Nifty Financial Services TRI,2019-11-25,15113.519830863903
Nifty Financial Services TRI,2019-11-26,15169.048950589171
Nifty Financial Services TRI,2019-11-27,15231.947031776135
Nifty Financial Services TRI,2019-11-28,15254.648467686598
Nifty Financial Services TRI,2019-11-29,15171.535979489874
Nifty Financial Services TRI,2019-12-02,15123.622882421867
Nifty Financial Services TRI,2019-12-03,15099.819920564112
Nifty Financial Services TRI,2019-12-04,15213.449827407634
Nifty Financial Services TRI,2019-12-05,15157.71737346044
Nifty Financial Services TRI,2019-12-06,14995.511080774711
Nifty Financial Services TRI,2019-12-09,15050.480027864696
Nifty Financial Services TRI,2019-12-10,15028.592949084321
Nifty Financial Services TRI,2019-12-11,15130.650873795279
Nifty Financial Services TRI,2019-12-12,15265.61018666306
Nifty Financial Services TRI,2019-12-13,15391.495668404335
Nifty Financial Services TRI,2019-12-16,15400.13966528838
Nifty Financial Services TRI,2019-12-17,15546.708791734816
Nifty Financial Services TRI,2019-12-18,15615.893350480661
Nifty Financial Services TRI,2019-12-19,15565.493643288291
Nifty Financial Services TRI,2019-12-20,15623.891746904234
Nifty Financial Services TRI,2019-12-23,15649.485487962529
Nifty Financial Services TRI,2019-12-24,15601.645400177022
Nifty Financial Services TRI,2019-12-26,15516.855598879078
Nifty Financial Services TRI,2019-12-27,15683.490727447883
Nifty Financial Services TRI,2019-12-30,15653.798543585028
Nifty Financial Services TRI,2019-12-31,15554.556843106422
Nifty Financial Services TRI,2020-01-01,15572.847133242223
Nifty Financial Services TRI,2020-01-02,15704.938242783923
Nifty Financial Services TRI,2020-01-03,15559.100941466091
Nifty Financial Services TRI,2020-01-06,15177.33288792058
Nifty Financial Services TRI,2020-01-07,15297.62124085728
Nifty Financial Services TRI,2020-01-08,15289.2990432043
Nifty Financial Services TRI,2020-01-09,15592.557057840811
Nifty Financial Services TRI,2020-01-10,15613.791756803908
Nifty Financial Services TRI,2020-01-13,15641.960593092388
Nifty Financial Services TRI,2020-01-14,15676.664966181937
Nifty Financial Services TRI,2020-01-15,15643.711935312414
Nifty Financial Services TRI,2020-01-16,15664.682223773858
Nifty Financial Services TRI,2020-01-17,15565.029082425108
Nifty Financial Services TRI,2020-01-20,15349.957242110691
Nifty Financial Services TRI,2020-01-21,15292.620010718052
Nifty Financial Services TRI,2020-01-22,15156.975200403936
Nifty Financial Services TRI,2020-01-23,15274.846417083305
Nifty Financial Services TRI,2020-01-24,15416.242041882922
Nifty Financial Services TRI,2020-01-27,15218.71377910284
Nifty Financial Services TRI,2020-01-28,15260.10056591208
Nifty Financial Services TRI,2020-01-29,15339.231844769249
Nifty Financial Services TRI,2020-01-30,15278.783007810365
Nifty Financial Services TRI,2020-01-31,15307.932045767568
Nifty Financial Services TRI,2020-02-03,14780.061939830724
Nifty Financial Services TRI,2020-02-04,15204.367544275985
Nifty Financial Services TRI,2020-02-05,15406.804073960906
Nifty Financial Services TRI,2020-02-06,15554.658755414965
Nifty Financial Services TRI,2020-02-07,15508.640698369743
Nifty Financial Services TRI,2020-02-10,15503.612890216791
Nifty Financial Services TRI,2020-02-11,15603.198438839663
Nifty Financial Services TRI,2020-02-12,15706.0511389306
Nifty Financial Services TRI,2020-02-13,15592.435122040359
Nifty Financial Services TRI,2020-02-14,15484.323773408123
Nifty Financial Services TRI,2020-02-17,15370.673980732734
Nifty Financial Services TRI,2020-02-18,15312.660595391071
Nifty Financial Services TRI,2020-02-19,15531.794295994763
Nifty Financial Services TRI,2020-02-20,15521.597129818663
Nifty Financial Services TRI,2020-02-24,15229.564186202802
Nifty Financial Services TRI,2020-02-25,15229.842106809134
Nifty Financial Services TRI,2020-02-26,15119.554797380857
Nifty Financial Services TRI,2020-02-27,15069.975672992723
Nifty Financial Services TRI,2020-02-28,14514.398104626613
Nifty Financial Services TRI,2020-03-02,14465.64893065334
Nifty Financial Services TRI,2020-03-03,14591.09745370827
Nifty Financial Services TRI,2020-03-04,14380.145813669993
Nifty Financial Services TRI,2020-03-05,14416.03751073291
Nifty Financial Services TRI,2020-03-06,13998.769751140095
Nifty Financial Services TRI,2020-03-09,13400.10473849911
Nifty Financial Services TRI,2020-03-11,13441.622826733337
Nifty Financial Services TRI,2020-03-12,12258.673467414052
Nifty Financial Services TRI,2020-03-13,12951.146851362599
Nifty Financial Services TRI,2020-03-16,11905.055963509702
Nifty Financial Services TRI,2020-03-17,11359.67864547701
Nifty Financial Services TRI,2020-03-18,10489.437065072094
Nifty Financial Services TRI,2020-03-19,10273.510261442976
Nifty Financial Services TRI,2020-03-20,10566.58679030961
Nifty Financial Services TRI,2020-03-23,8883.002625589523
Nifty Financial Services TRI,2020-03-24,9011.865687124686
Nifty Financial Services TRI,2020-03-25,9851.961606964585
Nifty Financial Services TRI,2020-03-26,10382.34403422235
Nifty Financial Services TRI,2020-03-27,10442.252478475399
Nifty Financial Services TRI,2020-03-30,9668.19814705391
Nifty Financial Services TRI,2020-03-31,9975.30211218572
Nifty Financial Services TRI,2020-04-01,9574.295547444019
Nifty Financial Services TRI,2020-04-03,9167.368453014547
Nifty Financial Services TRI,2020-04-07,9935.064935214574
Nifty Financial Services TRI,2020-04-08,9897.964421956882
Nifty Financial Services TRI,2020-04-09,10497.364076092168
Nifty Financial Services TRI,2020-04-13,10174.486315266033
Nifty Financial Services TRI,2020-04-15,9895.08443913471
Nifty Financial Services TRI,2020-04-16,10059.43034402656
Nifty Financial Services TRI,2020-04-17,10609.029049580593
Nifty Financial Services TRI,2020-04-20,10636.608357537732
Nifty Financial Services TRI,2020-04-21,10142.146625316258
Nifty Financial Services TRI,2020-04-22,10249.910310845587
Nifty Financial Services TRI,2020-04-23,10506.944267280292
Nifty Financial Services TRI,2020-04-24,10103.230025990923
Nifty Financial Services TRI,2020-04-27,10313.588925475437
Nifty Financial Services TRI,2020-04-28,10660.479383837872
Nifty Financial Services TRI,2020-04-29,11026.77506823099
Nifty Financial Services TRI,2020-04-30,11324.735518157078
Nifty Financial Services TRI,2020-05-04,10371.253284067221
Nifty Financial Services TRI,2020-05-05,10160.620487513052
Nifty Financial Services TRI,2020-05-06,10422.117917299362
Nifty Financial Services TRI,2020-05-07,10260.283012679083
Nifty Financial Services TRI,2020-05-08,10242.933676022341
Nifty Financial Services TRI,2020-05-11,10057.899530975083
Nifty Financial Services TRI,2020-05-12,10036.472363561235
Nifty Financial Services TRI,2020-05-13,10372.91408842957
Nifty Financial Services TRI,2020-05-14,10025.980287544166
Nifty Financial Services TRI,2020-05-15,9957.557512930374
Nifty Financial Services TRI,2020-05-18,9297.801868764458
Nifty Financial Services TRI,2020-05-19,9340.714190516543
Nifty Financial Services TRI,2020-05-20,9628.425639284162
Nifty Financial Services TRI,2020-05-21,9565.237510657515
Nifty Financial Services TRI,2020-05-22,9273.210513761465
Nifty Financial Services TRI,2020-05-26,9297.548833755682
Nifty Financial Services TRI,2020-05-27,9842.1429382476
Nifty Financial Services TRI,2020-05-28,10105.153255826328
Nifty Financial Services TRI,2020-05-29,10213.001928510917
Nifty Financial Services TRI,2020-06-01,10585.089442359193
Nifty Financial Services TRI,2020-06-02,10922.440541450664
Nifty Financial Services TRI,2020-06-03,11133.403292751624
Nifty Financial Services TRI,2020-06-04,10840.254428148839
Nifty Financial Services TRI,2020-06-05,11080.655697394419
Nifty Financial Services TRI,2020-06-08,11108.562685997978
Nifty Financial Services TRI,2020-06-09,10897.730461411966
Nifty Financial Services TRI,2020-06-10,11023.532956116678
Nifty Financial Services TRI,2020-06-11,10761.32690758108
Nifty Financial Services TRI,2020-06-12,10843.112005670857
Nifty Financial Services TRI,2020-06-15,10528.697909508404
Nifty Financial Services TRI,2020-06-16,10820.679665964957
Nifty Financial Services TRI,2020-06-17,10732.063039626908
Nifty Financial Services TRI,2020-06-18,11123.641273122335
Nifty Financial Services TRI,2020-06-19,11298.431970032154
Nifty Financial Services TRI,2020-06-22,11436.244643393931
Nifty Financial Services TRI,2020-06-23,11671.230055770102
Nifty Financial Services TRI,2020-06-24,11323.2084213276
Nifty Financial Services TRI,2020-06-25,11354.453886333486
Nifty Financial Services TRI,2020-06-26,11357.759290606939
Nifty Financial Services TRI,2020-06-29,11299.234551045496
Nifty Financial Services TRI,2020-06-30,11330.269162746043
Nifty Financial Services TRI,2020-07-01,11632.3404680501
Nifty Financial Services TRI,2020-07-02,11700.71677820577
Nifty Financial Services TRI,2020-07-03,11662.511886550075
Nifty Financial Services TRI,2020-07-06,11827.21249800483
Nifty Financial Services TRI,2020-07-07,12010.080510167822
Nifty Financial Services TRI,2020-07-08,11940.976767325297
Nifty Financial Services TRI,2020-07-09,12130.131624444812
Nifty Financial Services TRI,2020-07-10,11900.67097977327
Nifty Financial Services TRI,2020-07-13,11717.636033646697
Nifty Financial Services TRI,2020-07-14,11430.413973032139
Nifty Financial Services TRI,2020-07-15,11392.13862138725
Nifty Financial Services TRI,2020-07-16,11491.329357675464
Nifty Financial Services TRI,2020-07-17,11714.151163001621
Nifty Financial Services TRI,2020-07-20,11905.41390736669
Nifty Financial Services TRI,2020-07-21,12146.831023320805
Nifty Financial Services TRI,2020-07-22,12117.581254978515
Nifty Financial Services TRI,2020-07-23,12214.386983021412
Nifty Financial Services TRI,2020-07-24,12004.8756710478
Nifty Financial Services TRI,2020-07-27,11709.67652414282
Nifty Financial Services TRI,2020-07-28,11868.687889517598
Nifty Financial Services TRI,2020-07-29,11796.920216359762
Nifty Financial Services TRI,2020-07-30,11588.01493977208
Nifty Financial Services TRI,2020-07-31,11517.150035079187
Nifty Financial Services TRI,2020-08-03,11237.011378578283
Nifty Financial Services TRI,2020-08-04,11493.624474722079
Nifty Financial Services TRI,2020-08-05,11471.705125698658
Nifty Financial Services TRI,2020-08-06,11592.200310761631
Nifty Financial Services TRI,2020-08-07,11620.099403464994
Nifty Financial Services TRI,2020-08-10,11718.24554869893
Nifty Financial Services TRI,2020-08-11,11843.484071372206
Nifty Financial Services TRI,2020-08-12,11807.126742542152
Nifty Financial Services TRI,2020-08-13,11788.164305006563
Nifty Financial Services TRI,2020-08-14,11552.453321787534
Nifty Financial Services TRI,2020-08-17,11580.216696967647
Nifty Financial Services TRI,2020-08-18,11808.13537701247
Nifty Financial Services TRI,2020-08-19,11858.59873634206
Nifty Financial Services TRI,2020-08-20,11703.29717399346
Nifty Financial Services TRI,2020-08-21,11841.28872565666
Nifty Financial Services TRI,2020-08-24,12090.004755246082
Nifty Financial Services TRI,2020-08-25,12200.19922655548
Nifty Financial Services TRI,2020-08-26,12262.493729360376
Nifty Financial Services TRI,2020-08-27,12334.404414677716
Nifty Financial Services TRI,2020-08-28,12589.187943377972
Nifty Financial Services TRI,2020-08-31,12234.075795275527
Nifty Financial Services TRI,2020-09-01,12346.706154433918
Nifty Financial Services TRI,2020-09-02,12343.69926255866
Nifty Financial Services TRI,2020-09-03,12215.915195655338
Nifty Financial Services TRI,2020-09-04,11986.712748256174
Nifty Financial Services TRI,2020-09-07,11972.187565292377
Nifty Financial Services TRI,2020-09-08,11910.886495532037
Nifty Financial Services TRI,2020-09-09,11697.767492733801
Nifty Financial Services TRI,2020-09-10,11784.461229648796
Nifty Financial Services TRI,2020-09-11,11783.5368332088
Nifty Financial Services TRI,2020-09-14,11586.27253640208
Nifty Financial Services TRI,2020-09-15,11740.508482886109
Nifty Financial Services TRI,2020-09-16,11837.637015615403
Nifty Financial Services TRI,2020-09-17,11692.878899678813
Nifty Financial Services TRI,2020-09-18,11548.811287874465
Nifty Financial Services TRI,2020-09-21,11313.511396304413
Nifty Financial Services TRI,2020-09-22,11193.013155942292
Nifty Financial Services TRI,2020-09-23,11205.778484484952
Nifty Financial Services TRI,2020-09-24,10892.514188921854
Nifty Financial Services TRI,2020-09-25,11104.968736404984
Nifty Financial Services TRI,2020-09-28,11384.190683719738
Nifty Financial Services TRI,2020-09-29,11352.784638304387
Nifty Financial Services TRI,2020-09-30,11418.064020576685
Nifty Financial Services TRI,2020-10-01,11770.028640967703
Nifty Financial Services TRI,2020-10-05,11785.730233901755
Nifty Financial Services TRI,2020-10-06,12157.577082380138
Nifty Financial Services TRI,2020-10-07,12192.244502075228
Nifty Financial Services TRI,2020-10-08,12292.063579575062
Nifty Financial Services TRI,2020-10-09,12523.428003729958
Nifty Financial Services TRI,2020-10-12,12461.295735453903
Nifty Financial Services TRI,2020-10-13,12344.423336873098
Nifty Financial Services TRI,2020-10-14,12565.868210140681
Nifty Financial Services TRI,2020-10-15,12195.124381849146
Nifty Financial Services TRI,2020-10-16,12379.478503015029
Nifty Financial Services TRI,2020-10-19,12693.16200785107
Nifty Financial Services TRI,2020-10-20,12711.773827225767
Nifty Financial Services TRI,2020-10-21,12866.478767054778
Nifty Financial Services TRI,2020-10-22,12820.461775298112
Nifty Financial Services TRI,2020-10-23,12848.757616227893
Nifty Financial Services TRI,2020-10-26,12721.019995428156
Nifty Financial Services TRI,2020-10-27,12994.752962172559
Nifty Financial Services TRI,2020-10-28,12694.202852478575
Nifty Financial Services TRI,2020-10-29,12595.79490330793
Nifty Financial Services TRI,2020-10-30,12515.828701995055
Nifty Financial Services TRI,2020-11-02,13003.930183359254
Nifty Financial Services TRI,2020-11-03,13412.06667234169
Nifty Financial Services TRI,2020-11-04,13401.655591079267
Nifty Financial Services TRI,2020-11-05,13618.280631318763
Nifty Financial Services TRI,2020-11-06,13870.79275367186
Nifty Financial Services TRI,2020-11-09,14156.207400887672
Nifty Financial Services TRI,2020-11-10,14737.860104163865
Nifty Financial Services TRI,2020-11-11,14944.000155574473
Nifty Financial Services TRI,2020-11-12,14786.650262932566
Nifty Financial Services TRI,2020-11-13,14826.13735949544
Nifty Financial Services TRI,2020-11-17,15182.090413923848
Nifty Financial Services TRI,2020-11-18,15389.13222249362
Nifty Financial Services TRI,2020-11-19,15036.568142785416
Nifty Financial Services TRI,2020-11-20,15291.932096603668
Nifty Financial Services TRI,2020-11-23,15130.000177647917
Nifty Financial Services TRI,2020-11-24,15362.950184122796
Nifty Financial Services TRI,2020-11-25,15079.648216913874
Nifty Financial Services TRI,2020-11-26,15323.154233915704
Nifty Financial Services TRI,2020-11-27,15383.221244296958
Nifty Financial Services TRI,2020-12-01,15447.960608563853
Nifty Financial Services TRI,2020-12-02,15271.179062363422
Nifty Financial Services TRI,2020-12-03,15219.037417152866
Nifty Financial Services TRI,2020-12-04,15378.358300735339
Nifty Financial Services TRI,2020-12-07,15458.81029652513
Nifty Financial Services TRI,2020-12-08,15485.46875580308
Nifty Financial Services TRI,2020-12-09,15668.388544648597
Nifty Financial Services TRI,2020-12-10,15556.551504325316
Nifty Financial Services TRI,2020-12-11,15612.659295986516
Nifty Financial Services TRI,2020-12-14,15677.849913600025
Nifty Financial Services TRI,2020-12-15,15798.242649118178
Nifty Financial Services TRI,2020-12-16,15923.808634854828
Nifty Financial Services TRI,2020-12-17,16111.777092556027
Nifty Financial Services TRI,2020-12-18,16021.250803780364
Nifty Financial Services TRI,2020-12-21,15498.367430382445
Nifty Financial Services TRI,2020-12-22,15529.93426099867
Nifty Financial Services TRI,2020-12-23,15633.061075446192
Nifty Financial Services TRI,2020-12-24,15916.14185003871
Nifty Financial Services TRI,2020-12-28,16118.767637460534
Nifty Financial Services TRI,2020-12-29,16284.495012245729
Nifty Financial Services TRI,2020-12-30,16331.055725367689
Nifty Financial Services TRI,2020-12-31,16379.987161299543
Nifty Financial Services TRI,2021-01-04,16365.312864317753
Nifty Financial Services TRI,2021-01-05,16567.641391296085
Nifty Financial Services TRI,2021-01-06,16582.43779502184
Nifty Financial Services TRI,2021-01-07,16615.76232247688
Nifty Financial Services TRI,2021-01-08,16709.415451644243
Nifty Financial Services TRI,2021-01-11,16811.72266178471
Nifty Financial Services TRI,2021-01-12,16927.204460765748
Nifty Financial Services TRI,2021-01-13,16832.87255523884
Nifty Financial Services TRI,2021-01-14,16816.971568058805
Nifty Financial Services TRI,2021-01-15,16649.800199987018
Nifty Financial Services TRI,2021-01-18,16427.527093932444
Nifty Financial Services TRI,2021-01-19,16824.354581900967
Nifty Financial Services TRI,2021-01-20,16877.41344883399
Nifty Financial Services TRI,2021-01-21,16752.4619289389
Nifty Financial Services TRI,2021-01-25,16319.576654230359
Nifty Financial Services TRI,2021-01-27,15867.92478556784
Nifty Financial Services TRI,2021-01-28,15737.81187195649
Nifty Financial Services TRI,2021-01-29,15727.862947581156
Nifty Financial Services TRI,2021-02-01,16924.352382605575
Nifty Financial Services TRI,2021-02-02,17470.593645096546
Nifty Financial Services TRI,2021-02-03,17680.888610399074
Nifty Financial Services TRI,2021-02-04,17900.35477871631
Nifty Financial Services TRI,2021-02-05,18026.96814006587
Nifty Financial Services TRI,2021-02-08,18177.233552021567
Nifty Financial Services TRI,2021-02-09,18223.552660087193
Nifty Financial Services TRI,2021-02-10,18185.625497695662
Nifty Financial Services TRI,2021-02-11,18177.936849596008
Nifty Financial Services TRI,2021-02-12,18344.84331800719
Nifty Financial Services TRI,2021-02-16,18812.213119068376
Nifty Financial Services TRI,2021-02-18,18330.31545239281
Nifty Financial Services TRI,2021-02-19,18057.38167135589
Nifty Financial Services TRI,2021-02-22,17769.683864381317
Nifty Financial Services TRI,2021-02-23,17679.061868830166
Nifty Financial Services TRI,2021-02-24,18279.71327106947
Nifty Financial Services TRI,2021-02-25,18245.443811741592
Nifty Financial Services TRI,2021-02-26,17346.39814328197
Nifty Financial Services TRI,2021-03-01,17657.702321497927
Nifty Financial Services TRI,2021-03-02,17685.858866739334
Nifty Financial Services TRI,2021-03-03,18177.835710045045
Nifty Financial Services TRI,2021-03-04,17850.569408039646
Nifty Financial Services TRI,2021-03-05,17630.230380152032
Nifty Financial Services TRI,2021-03-08,17566.12658562094
Nifty Financial Services TRI,2021-03-09,17959.46646497552
Nifty Financial Services TRI,2021-03-10,18002.950944320164
Nifty Financial Services TRI,2021-03-12,17805.951101272545
Nifty Financial Services TRI,2021-03-15,17585.854199890095
Nifty Financial Services TRI,2021-03-16,17441.56749597482
Nifty Financial Services TRI,2021-03-17,17237.236003003505
Nifty Financial Services TRI,2021-03-18,17098.65215264384
Nifty Financial Services TRI,2021-03-19,17246.564500347384
Nifty Financial Services TRI,2021-03-22,17050.13450945226
Nifty Financial Services TRI,2021-03-23,17203.88565397071
Nifty Financial Services TRI,2021-03-24,16837.449318278792
Nifty Financial Services TRI,2021-03-25,16697.865020866753
Nifty Financial Services TRI,2021-03-26,16959.848321417423
Nifty Financial Services TRI,2021-03-30,17307.359442246085
Nifty Financial Services TRI,2021-03-31,16959.971052322944
Nifty Financial Services TRI,2021-04-01,17169.329363534005
Nifty Financial Services TRI,2021-04-05,16612.66809373415
Nifty Financial Services TRI,2021-04-06,16615.99864928056
Nifty Financial Services TRI,2021-04-07,16813.557769848656
Nifty Financial Services TRI,2021-04-08,16757.366268812657
Nifty Financial Services TRI,2021-04-09,16636.137852121607
Nifty Financial Services TRI,2021-04-12,15879.983233235012
Nifty Financial Services TRI,2021-04-13,16418.07641855874
Nifty Financial Services TRI,2021-04-15,16611.21968645317
Nifty Financial Services TRI,2021-04-16,16584.43078461657
Nifty Financial Services TRI,2021-04-19,16201.492307912582
Nifty Financial Services TRI,2021-04-20,16110.668968106875
Nifty Financial Services TRI,2021-04-22,16454.0687100532
Nifty Financial Services TRI,2021-04-23,16453.078017481082
Nifty Financial Services TRI,2021-04-26,16668.65614744965
Nifty Financial Services TRI,2021-04-27,16833.52941149533
Nifty Financial Services TRI,2021-04-28,17320.364596924315
Nifty Financial Services TRI,2021-04-29,17328.6252497189
Nifty Financial Services TRI,2021-04-30,16803.152018189765
Nifty Financial Services TRI,2021-05-03,16770.88170483221
Nifty Financial Services TRI,2021-05-04,16633.4413155109
Nifty Financial Services TRI,2021-05-06,16907.522925491186
Nifty Financial Services TRI,2021-05-07,17033.55541790195
Nifty Financial Services TRI,2021-05-10,17179.082876535515
Nifty Financial Services TRI,2021-05-12,16750.57249318824
Nifty Financial Services TRI,2021-05-14,16648.68273950508
Nifty Financial Services TRI,2021-05-17,17182.19282849746
Nifty Financial Services TRI,2021-05-18,17436.38702695433
Nifty Financial Services TRI,2021-05-19,17265.318061105227
Nifty Financial Services TRI,2021-05-21,17653.27966776292
Nifty Financial Services TRI,2021-05-24,17767.612482478482
Nifty Financial Services TRI,2021-05-26,17734.56934407143
Nifty Financial Services TRI,2021-05-27,17762.617217630763
Nifty Financial Services TRI,2021-05-28,17823.947998727002
Nifty Financial Services TRI,2021-06-01,17988.355232356924
Nifty Financial Services TRI,2021-06-02,17962.108852937705
Nifty Financial Services TRI,2021-06-03,18134.65522842922
Nifty Financial Services TRI,2021-06-04,18095.657632030583
Nifty Financial Services TRI,2021-06-07,18052.152031635127
Nifty Financial Services TRI,2021-06-08,17915.445992722634
Nifty Financial Services TRI,2021-06-09,17798.404240722473
Nifty Financial Services TRI,2021-06-10,18014.855566567487
Nifty Financial Services TRI,2021-06-11,17985.14657224087
Nifty Financial Services TRI,2021-06-14,17923.951727946183
Nifty Financial Services TRI,2021-06-15,18027.144824978826
Nifty Financial Services TRI,2021-06-16,17919.276032753114
Nifty Financial Services TRI,2021-06-17,17739.02917649197
Nifty Financial Services TRI,2021-06-18,17749.90143369156
Nifty Financial Services TRI,2021-06-21,17875.824001261524
Nifty Financial Services TRI,2021-06-22,17848.80759056267
Nifty Financial Services TRI,2021-06-23,17763.945816580086
Nifty Financial Services TRI,2021-06-24,17861.479394919486
Nifty Financial Services TRI,2021-06-25,18080.32571795209
Nifty Financial Services TRI,2021-06-28,18022.093676967812
Nifty Financial Services TRI,2021-06-29,17890.8911722611
Nifty Financial Services TRI,2021-06-30,17781.419260419843
Nifty Financial Services TRI,2021-07-01,17709.086472064617
Nifty Financial Services TRI,2021-07-02,17775.92441156185
Nifty Financial Services TRI,2021-07-06,18138.25253727358
Nifty Financial Services TRI,2021-07-07,18249.553806427342
Nifty Financial Services TRI,2021-07-08,18027.863473207915
Nifty Financial Services TRI,2021-07-09,17942.707571327297
Nifty Financial Services TRI,2021-07-12,17961.35030250579
Nifty Financial Services TRI,2021-07-13,18227.823595057565
Nifty Financial Services TRI,2021-07-14,18196.74549869736
Nifty Financial Services TRI,2021-07-15,18308.82584440615
Nifty Financial Services TRI,2021-07-16,18263.576146284555
Nifty Financial Services TRI,2021-07-19,17909.571576044167
Nifty Financial Services TRI,2021-07-20,17625.827859305937
Nifty Financial Services TRI,2021-07-22,17849.56460148915
Nifty Financial Services TRI,2021-07-23,17970.962620762748
Nifty Financial Services TRI,2021-07-26,17932.971355366975
Nifty Financial Services TRI,2021-07-27,17883.91774692618
Nifty Financial Services TRI,2021-07-28,17792.98786681166
Nifty Financial Services TRI,2021-07-29,17867.87196953133
Nifty Financial Services TRI,2021-07-30,17819.6252296112
Nifty Financial Services TRI,2021-08-02,17897.51310059745
Nifty Financial Services TRI,2021-08-03,18199.276073346402
Nifty Financial Services TRI,2021-08-04,18670.40886006588
Nifty Financial Services TRI,2021-08-05,18606.156229593464
Nifty Financial Services TRI,2021-08-06,18544.71407981478
Nifty Financial Services TRI,2021-08-09,18617.790912837332
Nifty Financial Services TRI,2021-08-10,18674.36638257045
Nifty Financial Services TRI,2021-08-11,18559.183654864442
Nifty Financial Services TRI,2021-08-12,18652.507009409474
Nifty Financial Services TRI,2021-08-13,18779.172072947018
Nifty Financial Services TRI,2021-08-16,18857.416789880648
Nifty Financial Services TRI,2021-08-17,18803.5424846926
Nifty Financial Services TRI,2021-08-18,18697.70669748176
Nifty Financial Services TRI,2021-08-20,18568.13275481118
Nifty Financial Services TRI,2021-08-23,18643.396157434378
Nifty Financial Services TRI,2021-08-24,18903.795316244243
Nifty Financial Services TRI,2021-08-25,18842.01049316404
Nifty Financial Services TRI,2021-08-26,18883.29236571827
Nifty Financial Services TRI,2021-08-27,18969.074342213342
Nifty Financial Services TRI,2021-08-30,19320.753210247425
Nifty Financial Services TRI,2021-08-31,19566.74993083359
Nifty Financial Services TRI,2021-09-01,19529.60405346781
Nifty Financial Services TRI,2021-09-02,19687.90844418145
Nifty Financial Services TRI,2021-09-03,19632.841397855664
Nifty Financial Services TRI,2021-09-06,19576.35031601509
Nifty Financial Services TRI,2021-09-07,19605.74641440628
Nifty Financial Services TRI,2021-09-08,19718.26232814449
Nifty Financial Services TRI,2021-09-09,19667.90142753817
Nifty Financial Services TRI,2021-09-13,19632.845400925315
Nifty Financial Services TRI,2021-09-14,19608.632740188037
Nifty Financial Services TRI,2021-09-15,19667.983930053397
Nifty Financial Services TRI,2021-09-16,19883.42160865744
Nifty Financial Services TRI,2021-09-17,20013.296636198414
Nifty Financial Services TRI,2021-09-20,19691.46879846997
Nifty Financial Services TRI,2021-09-21,19835.002016974282
Nifty Financial Services TRI,2021-09-22,19664.324878877575
Nifty Financial Services TRI,2021-09-23,20113.36131163614
Nifty Financial Services TRI,2021-09-24,20182.91905077808
Nifty Financial Services TRI,2021-09-27,20267.5009261666
Nifty Financial Services TRI,2021-09-28,20081.481694903847
Nifty Financial Services TRI,2021-09-29,19904.826811006355
Nifty Financial Services TRI,2021-09-30,19832.12496192225
Nifty Financial Services TRI,2021-10-01,19652.69308535468
Nifty Financial Services TRI,2021-10-04,19843.227020340342
Nifty Financial Services TRI,2021-10-05,19902.827035789844
Nifty Financial Services TRI,2021-10-06,19840.51808502652
Nifty Financial Services TRI,2021-10-07,19871.07548838213
Nifty Financial Services TRI,2021-10-08,19803.399704497726
Nifty Financial Services TRI,2021-10-11,20079.483426354724
Nifty Financial Services TRI,2021-10-12,20146.952929869032
Nifty Financial Services TRI,2021-10-13,20215.672166716984
Nifty Financial Services TRI,2021-10-14,20536.00562802133
Nifty Financial Services TRI,2021-10-18,20631.720100417846
Nifty Financial Services TRI,2021-10-19,20669.1852908576
Nifty Financial Services TRI,2021-10-20,20549.42557425487
Nifty Financial Services TRI,2021-10-21,20800.600451751405
Nifty Financial Services TRI,2021-10-22,20924.740241255437
Nifty Financial Services TRI,2021-10-25,21204.23355829869
Nifty Financial Services TRI,2021-10-26,21304.00041845055
Nifty Financial Services TRI,2021-10-27,21145.802299328727
Nifty Financial Services TRI,2021-10-28,20585.53707195574
Nifty Financial Services TRI,2021-10-29,20374.894397717828
Nifty Financial Services TRI,2021-11-01,20611.295095005622
Nifty Financial Services TRI,2021-11-02,20682.438824131284
Nifty Financial Services TRI,2021-11-03,20525.937372898235
Nifty Financial Services TRI,2021-11-04,20595.889990191114
Nifty Financial Services TRI,2021-11-08,20838.42853463405
Nifty Financial Services TRI,2021-11-09,20696.931178456605
Nifty Financial Services TRI,2021-11-10,20615.992589981284
Nifty Financial Services TRI,2021-11-11,20358.930839225835
Nifty Financial Services TRI,2021-11-12,20579.963545946874
Nifty Financial Services TRI,2021-11-15,20558.58926759954
Nifty Financial Services TRI,2021-11-16,20396.888702322296
Nifty Financial Services TRI,2021-11-17,20260.88602246952
Nifty Financial Services TRI,2021-11-18,20181.497738389535
Nifty Financial Services TRI,2021-11-22,19717.73753151955
Nifty Financial Services TRI,2021-11-23,19809.615054987717
Nifty Financial Services TRI,2021-11-24,19856.53041011479
Nifty Financial Services TRI,2021-11-25,19813.678771256196
Nifty Financial Services TRI,2021-11-26,19109.232465885598
Nifty Financial Services TRI,2021-11-29,19127.02812957457
Nifty Financial Services TRI,2021-11-30,19024.15991766412
Nifty Financial Services TRI,2021-12-01,19267.71498665651
Nifty Financial Services TRI,2021-12-02,19511.227695419147
Nifty Financial Services TRI,2021-12-03,19290.961591692332
Nifty Financial Services TRI,2021-12-06,19093.87024088378
Nifty Financial Services TRI,2021-12-07,19509.50308837814
Nifty Financial Services TRI,2021-12-08,19841.54395991643
Nifty Financial Services TRI,2021-12-09,19752.451656448444
Nifty Financial Services TRI,2021-12-10,19712.841231431783
Nifty Financial Services TRI,2021-12-13,19541.956367540184
Nifty Financial Services TRI,2021-12-14,19432.00927055938
Nifty Financial Services TRI,2021-12-15,19293.24404182479
Nifty Financial Services TRI,2021-12-16,19225.181721432167
Nifty Financial Services TRI,2021-12-17,18755.48442928489
Nifty Financial Services TRI,2021-12-20,18212.376864435857
Nifty Financial Services TRI,2021-12-21,18280.34267606673
Nifty Financial Services TRI,2021-12-22,18444.97262189129
Nifty Financial Services TRI,2021-12-23,18579.75890496884
Nifty Financial Services TRI,2021-12-24,18406.6991058869
Nifty Financial Services TRI,2021-12-27,18575.681000993776
Nifty Financial Services TRI,2021-12-28,18649.146082537616
Nifty Financial Services TRI,2021-12-29,18596.791878387976
Nifty Financial Services TRI,2021-12-30,18582.596429484987
Nifty Financial Services TRI,2021-12-31,18815.660587490973
Nifty Financial Services TRI,2022-01-03,19283.981044402834
Nifty Financial Services TRI,2022-01-04,19514.47453685942
Nifty Financial Services TRI,2022-01-05,19909.80440486423
Nifty Financial Services TRI,2022-01-06,19734.49976809163
Nifty Financial Services TRI,2022-01-07,19768.86280184866
Nifty Financial Services TRI,2022-01-10,20071.821548988268
Nifty Financial Services TRI,2022-01-11,20131.932835239146
Nifty Financial Services TRI,2022-01-12,20290.866855561453
Nifty Financial Services TRI,2022-01-13,20212.08795188197
Nifty Financial Services TRI,2022-01-14,20162.897145984407
Nifty Financial Services TRI,2022-01-17,20115.941508472966
Nifty Financial Services TRI,2022-01-18,20058.87004265727
Nifty Financial Services TRI,2022-01-19,19843.44039041633
Nifty Financial Services TRI,2022-01-20,19700.501724446407
Nifty Financial Services TRI,2022-01-21,19602.200176280247
Nifty Financial Services TRI,2022-01-24,19154.21130857919
Nifty Financial Services TRI,2022-01-25,19324.4686750042
Nifty Financial Services TRI,2022-01-27,19296.361149720902
Nifty Financial Services TRI,2022-01-28,19199.446672607373
Nifty Financial Services TRI,2022-01-31,19377.461142423013
Nifty Financial Services TRI,2022-02-01,19621.244786771025
Nifty Financial Services TRI,2022-02-02,20000.358042675376
Nifty Financial Services TRI,2022-02-03,19723.198721557703
Nifty Financial Services TRI,2022-02-04,19634.968598853542
Nifty Financial Services TRI,2022-02-07,19132.24637510504
Nifty Financial Services TRI,2022-02-08,19159.504019644784
Nifty Financial Services TRI,2022-02-09,19407.453276562876
Nifty Financial Services TRI,2022-02-10,19633.899026326988
Nifty Financial Services TRI,2022-02-11,19345.979987204697
Nifty Financial Services TRI,2022-02-14,18538.819271393386
Nifty Financial Services TRI,2022-02-15,19110.15501346498
Nifty Financial Services TRI,2022-02-16,19066.883882051792
Nifty Financial Services TRI,2022-02-17,18996.765325773966
Nifty Financial Services TRI,2022-02-18,19046.739036953175
Nifty Financial Services TRI,2022-02-21,19053.638818096206
Nifty Financial Services TRI,2022-02-22,18980.7397568142
Nifty Financial Services TRI,2022-02-23,18944.252593597786
Nifty Financial Services TRI,2022-02-24,17969.430166838414
Nifty Financial Services TRI,2022-02-25,18510.442008329876
Nifty Financial Services TRI,2022-02-28,18410.990988880923
Nifty Financial Services TRI,2022-03-02,17993.904881551494
Nifty Financial Services TRI,2022-03-03,17784.641097885094
Nifty Financial Services TRI,2022-03-04,17481.818676243507
Nifty Financial Services TRI,2022-03-07,16733.855337062138
Nifty Financial Services TRI,2022-03-08,16883.935595720573
Nifty Financial Services TRI,2022-03-09,17228.59353493611
Nifty Financial Services TRI,2022-03-10,17543.691461877275
Nifty Financial Services TRI,2022-03-11,17576.966035986185
Nifty Financial Services TRI,2022-03-14,17957.67486919495
Nifty Financial Services TRI,2022-03-15,17781.739670774277
Nifty Financial Services TRI,2022-03-16,18133.81007946094
Nifty Financial Services TRI,2022-03-17,18636.511264215078
Nifty Financial Services TRI,2022-03-21,18420.079645076898
Nifty Financial Services TRI,2022-03-22,18583.892585095527
Nifty Financial Services TRI,2022-03-23,18420.71978738219
Nifty Financial Services TRI,2022-03-24,18133.168416653858
Nifty Financial Services TRI,2022-03-25,18073.415240213893
Nifty Financial Services TRI,2022-03-28,18130.344649270464
Nifty Financial Services TRI,2022-03-29,18314.246684521702
Nifty Financial Services TRI,2022-03-30,18674.0506283683
Nifty Financial Services TRI,2022-03-31,18652.810212121884
Nifty Financial Services TRI,2022-04-01,19001.3233470014
Nifty Financial Services TRI,2022-04-04,19883.821593937555
Nifty Financial Services TRI,2022-04-05,19571.042943352473
Nifty Financial Services TRI,2022-04-06,19260.532782507085
Nifty Financial Services TRI,2022-04-07,19123.7598344447
Nifty Financial Services TRI,2022-04-08,19221.988484524463
Nifty Financial Services TRI,2022-04-11,19114.983657309527
Nifty Financial Services TRI,2022-04-12,19120.13344725158
Nifty Financial Services TRI,2022-04-13,18954.55751505817
Nifty Financial Services TRI,2022-04-18,18537.709787006057
Nifty Financial Services TRI,2022-04-19,18183.613784730747
Nifty Financial Services TRI,2022-04-20,18176.936637772895
Nifty Financial Services TRI,2022-04-21,18457.6252827285
Nifty Financial Services TRI,2022-04-22,18136.426325546545
Nifty Financial Services TRI,2022-04-25,18110.947499281145
Nifty Financial Services TRI,2022-04-26,18290.771225997272
Nifty Financial Services TRI,2022-04-27,18022.21278272363
Nifty Financial Services TRI,2022-04-28,18191.810332575133
Nifty Financial Services TRI,2022-04-29,18108.828789668245
Nifty Financial Services TRI,2022-05-02,18148.547596907338
Nifty Financial Services TRI,2022-05-04,17675.7928548809
Nifty Financial Services TRI,2022-05-05,17702.958564202057
Nifty Financial Services TRI,2022-05-06,17304.676230516987
Nifty Financial Services TRI,2022-05-09,17250.011184840707
Nifty Financial Services TRI,2022-05-10,17343.803781724477
Nifty Financial Services TRI,2022-05-11,17392.95935460229
Nifty Financial Services TRI,2022-05-12,16862.87262575352
Nifty Financial Services TRI,2022-05-13,16650.047981634707
Nifty Financial Services TRI,2022-05-16,16870.16938023855
Nifty Financial Services TRI,2022-05-17,17216.43458591741
Nifty Financial Services TRI,2022-05-18,17168.243528598683
Nifty Financial Services TRI,2022-05-19,16767.876513544354
Nifty Financial Services TRI,2022-05-20,17199.156939179433
Nifty Financial Services TRI,2022-05-23,17163.200102167222
Nifty Financial Services TRI,2022-05-24,17218.355567610477
Nifty Financial Services TRI,2022-05-25,17336.62781016292
Nifty Financial Services TRI,2022-05-26,17678.124235991007
Nifty Financial Services TRI,2022-05-27,17945.08328700691
Nifty Financial Services TRI,2022-05-30,18113.07210482168
Nifty Financial Services TRI,2022-05-31,17946.266348821646
Nifty Financial Services TRI,2022-06-01,17975.63442599728
Nifty Financial Services TRI,2022-06-02,17916.223351079767
Nifty Financial Services TRI,2022-06-03,17789.162830464553
Nifty Financial Services TRI,2022-06-06,17784.007748361833
Nifty Financial Services TRI,2022-06-07,17596.361722959606
Nifty Financial Services TRI,2022-06-08,17591.08026695444
Nifty Financial Services TRI,2022-06-09,17660.154942110497
Nifty Financial Services TRI,2022-06-10,17265.544235891495
Nifty Financial Services TRI,2022-06-13,16731.807088541187
Nifty Financial Services TRI,2022-06-14,16662.165984711548
Nifty Financial Services TRI,2022-06-15,16707.366431066162
Nifty Financial Services TRI,2022-06-16,16346.734389430469
Nifty Financial Services TRI,2022-06-17,16409.528357930787
Nifty Financial Services TRI,2022-06-20,16568.23252055407
Nifty Financial Services TRI,2022-06-21,16821.852597058805
Nifty Financial Services TRI,2022-06-22,16642.51555612982
Nifty Financial Services TRI,2022-06-23,16773.87321129343
Nifty Financial Services TRI,2022-06-24,16996.399996071406
Nifty Financial Services TRI,2022-06-27,17058.00176345558
Nifty Financial Services TRI,2022-06-28,16958.155330820395
Nifty Financial Services TRI,2022-06-29,16795.360147671592
Nifty Financial Services TRI,2022-06-30,16866.62994410922
Nifty Financial Services TRI,2022-07-01,17026.518047232803
Nifty Financial Services TRI,2022-07-04,17186.509387590995
Nifty Financial Services TRI,2022-07-05,17146.169937603678
Nifty Financial Services TRI,2022-07-06,17420.27082825884
Nifty Financial Services TRI,2022-07-07,17637.315459948386
Nifty Financial Services TRI,2022-07-08,17726.22144673581
Nifty Financial Services TRI,2022-07-11,17842.291368204078
Nifty Financial Services TRI,2022-07-12,17662.78850037402
Nifty Financial Services TRI,2022-07-13,17492.272593916772
Nifty Financial Services TRI,2022-07-14,17443.48197301719
Nifty Financial Services TRI,2022-07-15,17568.15974939571
Nifty Financial Services TRI,2022-07-18,17818.683794146727
Nifty Financial Services TRI,2022-07-19,17922.388919544264
Nifty Financial Services TRI,2022-07-20,18025.173173447944
Nifty Financial Services TRI,2022-07-21,18102.335874565317
Nifty Financial Services TRI,2022-07-22,18384.1333910202
Nifty Financial Services TRI,2022-07-25,18362.434762361016
Nifty Financial Services TRI,2022-07-26,18250.01272092761
Nifty Financial Services TRI,2022-07-27,18409.85962269095
Nifty Financial Services TRI,2022-07-28,18846.18754889595
Nifty Financial Services TRI,2022-07-29,19018.70563972286
Nifty Financial Services TRI,2022-08-01,19179.63171571952
Nifty Financial Services TRI,2022-08-02,19130.53157186165
Nifty Financial Services TRI,2022-08-03,19145.01826144071
Nifty Financial Services TRI,2022-08-04,19058.555219075584
Nifty Financial Services TRI,2022-08-05,19127.147636916583
Nifty Financial Services TRI,2022-08-08,19306.26906837452
Nifty Financial Services TRI,2022-08-10,19308.747862546006
Nifty Financial Services TRI,2022-08-11,19612.78662677828
Nifty Financial Services TRI,2022-08-12,19698.039187990158
Nifty Financial Services TRI,2022-08-16,19848.3635008281
Nifty Financial Services TRI,2022-08-17,20019.992380863067
Nifty Financial Services TRI,2022-08-18,20083.49762623588
Nifty Financial Services TRI,2022-08-19,19766.244273274606
Nifty Financial Services TRI,2022-08-22,19383.970316570878
Nifty Financial Services TRI,2022-08-23,19530.565902496135
Nifty Financial Services TRI,2022-08-24,19628.825518836125
Nifty Financial Services TRI,2022-08-25,19552.15280836746
Nifty Financial Services TRI,2022-08-26,19571.732981205445
Nifty Financial Services TRI,2022-08-29,19243.19233241386
Nifty Financial Services TRI,2022-08-30,19902.12288859013
Nifty Financial Services TRI,2022-09-01,19707.56289977657
Nifty Financial Services TRI,2022-09-02,19807.591550092442
Nifty Financial Services TRI,2022-09-05,19937.310890887995
Nifty Financial Services TRI,2022-09-06,19864.60944612279
Nifty Financial Services TRI,2022-09-07,19802.38386664799
Nifty Financial Services TRI,2022-09-08,20096.410419231634
Nifty Financial Services TRI,2022-09-09,20069.01152499705
Nifty Financial Services TRI,2022-09-12,20128.89681221665
Nifty Financial Services TRI,2022-09-13,20312.477792290047
Nifty Financial Services TRI,2022-09-14,20466.042863648265
Nifty Financial Services TRI,2022-09-15,20367.46373029438
Nifty Financial Services TRI,2022-09-16,20059.08546487393
Nifty Financial Services TRI,2022-09-19,20192.025291529804
Nifty Financial Services TRI,2022-09-20,20474.345742213998
Nifty Financial Services TRI,2022-09-21,20378.046485776667
Nifty Financial Services TRI,2022-09-22,20096.270364735676
Nifty Financial Services TRI,2022-09-23,19598.269479247887
Nifty Financial Services TRI,2022-09-26,19182.4390378367
Nifty Financial Services TRI,2022-09-27,19028.600063260255
Nifty Financial Services TRI,2022-09-28,18795.303218271405
Nifty Financial Services TRI,2022-09-29,18700.641976636343
Nifty Financial Services TRI,2022-09-30,19120.057430119716
Nifty Financial Services TRI,2022-10-03,18863.04948659839
Nifty Financial Services TRI,2022-10-04,19377.75096217176
Nifty Financial Services TRI,2022-10-06,19387.334878505768
Nifty Financial Services TRI,2022-10-07,19341.8246495404
Nifty Financial Services TRI,2022-10-10,19255.15251972759
Nifty Financial Services TRI,2022-10-11,19068.43988298643
Nifty Financial Services TRI,2022-10-12,19231.248345800876
Nifty Financial Services TRI,2022-10-13,18997.442016014014
Nifty Financial Services TRI,2022-10-14,19343.139817786494
Nifty Financial Services TRI,2022-10-17,19566.63391342139
Nifty Financial Services TRI,2022-10-18,19689.868164867177
Nifty Financial Services TRI,2022-10-19,19769.45663588734
Nifty Financial Services TRI,2022-10-20,19730.006699636946
Nifty Financial Services TRI,2022-10-21,19879.967239373193
Nifty Financial Services TRI,2022-10-24,20133.307346132337
Nifty Financial Services TRI,2022-10-25,19976.554123032278
Nifty Financial Services TRI,2022-10-27,20035.50866037463
Nifty Financial Services TRI,2022-10-28,19981.57760961996
Nifty Financial Services TRI,2022-10-31,20260.481612089417
Nifty Financial Services TRI,2022-11-01,20335.351199106426
Nifty Financial Services TRI,2022-11-02,20303.82615633175
Nifty Financial Services TRI,2022-11-03,20309.842822866332
Nifty Financial Services TRI,2022-11-04,20329.357789971215
Nifty Financial Services TRI,2022-11-07,20483.22646405084
Nifty Financial Services TRI,2022-11-09,20429.573421627105
Nifty Financial Services TRI,2022-11-10,20337.37575241049
Nifty Financial Services TRI,2022-11-11,20778.6920446789
Nifty Financial Services TRI,2022-11-14,20739.546878400608
Nifty Financial Services TRI,2022-11-15,20863.263969011492
Nifty Financial Services TRI,2022-11-16,20934.509004382802
Nifty Financial Services TRI,2022-11-17,20856.95890179087
Nifty Financial Services TRI,2022-11-18,20850.798427882968
Nifty Financial Services TRI,2022-11-21,20719.479512737154
Nifty Financial Services TRI,2022-11-22,20745.73588678564
Nifty Financial Services TRI,2022-11-23,20851.050471637252
Nifty Financial Services TRI,2022-11-24,21078.838381563197
Nifty Financial Services TRI,2022-11-25,21013.579628200667
Nifty Financial Services TRI,2022-11-28,20996.6911095167
Nifty Financial Services TRI,2022-11-29,21031.323864061298
Nifty Financial Services TRI,2022-11-30,21171.10953587164
Nifty Financial Services TRI,2022-12-01,21182.727790692843
Nifty Financial Services TRI,2022-12-02,21052.497332170962
Nifty Financial Services TRI,2022-12-05,21106.100965917834
Nifty Financial Services TRI,2022-12-06,21046.40476918183
Nifty Financial Services TRI,2022-12-07,20979.21184853649
Nifty Financial Services TRI,2022-12-08,21102.122270333944
Nifty Financial Services TRI,2022-12-09,21100.33942853388
Nifty Financial Services TRI,2022-12-12,21127.373672599468
Nifty Financial Services TRI,2022-12-13,21232.904725254964
Nifty Financial Services TRI,2022-12-14,21294.79355280003
Nifty Financial Services TRI,2022-12-15,21021.765128546776
Nifty Financial Services TRI,2022-12-16,20908.39261713962
Nifty Financial Services TRI,2022-12-19,21091.102728603903
Nifty Financial Services TRI,2022-12-20,21030.951901866123
Nifty Financial Services TRI,2022-12-21,20706.347387117374
Nifty Financial Services TRI,2022-12-22,20633.929882673656
Nifty Financial Services TRI,2022-12-23,20346.615187786978
Nifty Financial Services TRI,2022-12-27,20803.16412122024
Nifty Financial Services TRI,2022-12-28,20772.595486427068
Nifty Financial Services TRI,2022-12-29,20890.960144560446
Nifty Financial Services TRI,2022-12-30,20771.695769966536
Nifty Financial Services TRI,2023-01-02,20875.108210663428
Nifty Financial Services TRI,2023-01-03,21008.647470701722
Nifty Financial Services TRI,2023-01-04,20802.199283689486
Nifty Financial Services TRI,2023-01-05,20556.61466021159
Nifty Financial Services TRI,2023-01-06,20361.75096361616
Nifty Financial Services TRI,2023-01-09,20502.970365332334
Nifty Financial Services TRI,2023-01-10,20221.56005075008
Nifty Financial Services TRI,2023-01-11,20323.30667853292
Nifty Financial Services TRI,2023-01-12,20294.688629832064
Nifty Financial Services TRI,2023-01-13,20411.32827980043
Nifty Financial Services TRI,2023-01-16,20259.45674558622
Nifty Financial Services TRI,2023-01-17,20367.18518514525
Nifty Financial Services TRI,2023-01-18,20531.025979694492
Nifty Financial Services TRI,2023-01-19,20516.364682581436
Nifty Financial Services TRI,2023-01-20,20552.614537255446
Nifty Financial Services TRI,2023-01-23,20679.98260878514
Nifty Financial Services TRI,2023-01-24,20683.171078672673
Nifty Financial Services TRI,2023-01-25,20244.05512149709
Nifty Financial Services TRI,2023-01-27,19743.75624361284
Nifty Financial Services TRI,2023-01-30,19811.191130862626
Nifty Financial Services TRI,2023-01-31,19815.729933107476
Nifty Financial Services TRI,2023-02-01,19804.99288186255
Nifty Financial Services TRI,2023-02-02,19736.813871299993
Nifty Financial Services TRI,2023-02-03,20203.237535582473
Nifty Financial Services TRI,2023-02-06,20121.26614671551
Nifty Financial Services TRI,2023-02-07,20148.047004111788
Nifty Financial Services TRI,2023-02-08,20247.389536268056
Nifty Financial Services TRI,2023-02-09,20276.146706883774
Nifty Financial Services TRI,2023-02-10,20281.406803621154
Nifty Financial Services TRI,2023-02-13,20187.160131748347
Nifty Financial Services TRI,2023-02-14,20370.263274350375
Nifty Financial Services TRI,2023-02-15,20415.89509103362
Nifty Financial Services TRI,2023-02-16,20362.499522282607
Nifty Financial Services TRI,2023-02-17,20194.564048605716
Nifty Financial Services TRI,2023-02-20,19996.985928815262
Nifty Financial Services TRI,2023-02-21,20008.266869843155
Nifty Financial Services TRI,2023-02-22,19656.79110199098
Nifty Financial Services TRI,2023-02-23,19625.281486790907
Nifty Financial Services TRI,2023-02-24,19573.117578581932
Nifty Financial Services TRI,2023-02-27,19724.844503989156
Nifty Financial Services TRI,2023-02-28,19712.399599798086
Nifty Financial Services TRI,2023-03-01,19834.07893143982
Nifty Financial Services TRI,2023-03-02,19666.467275792096
Nifty Financial Services TRI,2023-03-03,20014.87959938942
Nifty Financial Services TRI,2023-03-06,20131.315420060302
Nifty Financial Services TRI,2023-03-08,20158.111409080146
Nifty Financial Services TRI,2023-03-09,20007.63579101167
Nifty Financial Services TRI,2023-03-10,19648.85748064281
Nifty Financial Services TRI,2023-03-13,19329.267771407784
Nifty Financial Services TRI,2023-03-14,19231.86270402397
Nifty Financial Services TRI,2023-03-15,19084.305796809687
Nifty Financial Services TRI,2023-03-16,19142.982720560147
Nifty Financial Services TRI,2023-03-17,19370.85557711419
Nifty Financial Services TRI,2023-03-20,19238.76516960449
Nifty Financial Services TRI,2023-03-21,19520.980775298765
Nifty Financial Services TRI,2023-03-22,19583.50972361367
Nifty Financial Services TRI,2023-03-23,19455.77964371959
Nifty Financial Services TRI,2023-03-24,19321.189732524585
Nifty Financial Services TRI,2023-03-27,19314.39610974454
Nifty Financial Services TRI,2023-03-28,19367.883109336064
Nifty Financial Services TRI,2023-03-29,19510.18757657922
Nifty Financial Services TRI,2023-03-31,19801.447678783174
Nifty Financial Services TRI,2023-04-03,19919.03645172758
Nifty Financial Services TRI,2023-04-05,20147.345864846306
Nifty Financial Services TRI,2023-04-06,20246.483734011334
Nifty Financial Services TRI,2023-04-10,20169.88693674665
Nifty Financial Services TRI,2023-04-11,20387.324186426456
Nifty Financial Services TRI,2023-04-12,20512.2548166838
Nifty Financial Services TRI,2023-04-13,20679.692495298666
Nifty Financial Services TRI,2023-04-17,20651.824828698187
Nifty Financial Services TRI,2023-04-18,20583.55194095849
Nifty Financial Services TRI,2023-04-19,20588.44453155306
Nifty Financial Services TRI,2023-04-20,20612.64380118623
Nifty Financial Services TRI,2023-04-21,20572.99701774268
Nifty Financial Services TRI,2023-04-24,20836.76391912588
Nifty Financial Services TRI,2023-04-25,20803.099022122766
Nifty Financial Services TRI,2023-04-26,20848.70005564773
Nifty Financial Services TRI,2023-04-27,20952.452056407874
Nifty Financial Services TRI,2023-04-28,21024.664803159052
Nifty Financial Services TRI,2023-05-02,21076.425353629777
Nifty Financial Services TRI,2023-05-03,21048.574103867668
Nifty Financial Services TRI,2023-05-04,21375.046125427885
Nifty Financial Services TRI,2023-05-05,20875.673067124866
Nifty Financial Services TRI,2023-05-08,21184.424601152452
Nifty Financial Services TRI,2023-05-09,21152.786697894975
Nifty Financial Services TRI,2023-05-10,21221.78594711314
Nifty Financial Services TRI,2023-05-11,21292.87170511712
Nifty Financial Services TRI,2023-05-12,21409.288566456595
Nifty Financial Services TRI,2023-05-15,21494.159581759905
Nifty Financial Services TRI,2023-05-16,21336.354630782454
Nifty Financial Services TRI,2023-05-17,21185.730971287267
Nifty Financial Services TRI,2023-05-18,21254.687161618866
Nifty Financial Services TRI,2023-05-19,21317.113883649177
Nifty Financial Services TRI,2023-05-22,21281.18559560121
Nifty Financial Services TRI,2023-05-23,21294.38574810274
Nifty Financial Services TRI,2023-05-24,21124.910448641036
Nifty Financial Services TRI,2023-05-25,21121.310227148035
Nifty Financial Services TRI,2023-05-26,21265.807419532885
Nifty Financial Services TRI,2023-05-29,21445.280510822242
Nifty Financial Services TRI,2023-05-30,21526.284035653254
Nifty Financial Services TRI,2023-05-31,21350.74903542167
Nifty Financial Services TRI,2023-06-01,21216.106447139835
Nifty Financial Services TRI,2023-06-02,21266.528873758794
Nifty Financial Services TRI,2023-06-05,21345.1169526558
Nifty Financial Services TRI,2023-06-06,21390.77021040273
Nifty Financial Services TRI,2023-06-07,21455.421855022116
Nifty Financial Services TRI,2023-06-08,21344.152506469087
Nifty Financial Services TRI,2023-06-09,21317.659106473588
Nifty Financial Services TRI,2023-06-12,21305.8195306121
Nifty Financial Services TRI,2023-06-13,21382.3399652692
Nifty Financial Services TRI,2023-06-14,21327.123478513393
Nifty Financial Services TRI,2023-06-15,21119.291144295974
Nifty Financial Services TRI,2023-06-16,21370.44983748028
Nifty Financial Services TRI,2023-06-19,21337.797494643204
Nifty Financial Services TRI,2023-06-20,21422.84318294956
Nifty Financial Services TRI,2023-06-21,21569.46041177726
Nifty Financial Services TRI,2023-06-22,21524.234135390034
Nifty Financial Services TRI,2023-06-23,21437.592685931802
Nifty Financial Services TRI,2023-06-26,21446.355437178405
Nifty Financial Services TRI,2023-06-27,21739.87798448539
Nifty Financial Services TRI,2023-06-28,21857.522184431888
Nifty Financial Services TRI,2023-06-30,22037.065612886927
Nifty Financial Services TRI,2023-07-03,22253.919799346728
Nifty Financial Services TRI,2023-07-04,22429.825864890758
Nifty Financial Services TRI,2023-07-05,22246.593963763502
Nifty Financial Services TRI,2023-07-06,22273.397498096227
Nifty Financial Services TRI,2023-07-07,22072.518890696294
Nifty Financial Services TRI,2023-07-10,22041.435816265115
Nifty Financial Services TRI,2023-07-11,21945.262966530976
Nifty Financial Services TRI,2023-07-12,21896.01327167073
Nifty Financial Services TRI,2023-07-13,22003.533520091703
Nifty Financial Services TRI,2023-07-14,22035.88510464231
Nifty Financial Services TRI,2023-07-17,22312.92444268794
Nifty Financial Services TRI,2023-07-18,22270.876321958374
Nifty Financial Services TRI,2023-07-19,22397.48839483042
Nifty Financial Services TRI,2023-07-20,22625.55744709996
Nifty Financial Services TRI,2023-07-21,22571.038018933745
Nifty Financial Services TRI,2023-07-24,22537.832792762503
Nifty Financial Services TRI,2023-07-25,22568.389436385416
Nifty Financial Services TRI,2023-07-26,22580.64565898505
Nifty Financial Services TRI,2023-07-27,22405.573833181505
Nifty Financial Services TRI,2023-07-28,22314.762491045778
Nifty Financial Services TRI,2023-07-31,22364.59775606129
Nifty Financial Services TRI,2023-08-01,22348.812927843846
Nifty Financial Services TRI,2023-08-02,22063.106320449322
Nifty Financial Services TRI,2023-08-03,21805.75516591403
Nifty Financial Services TRI,2023-08-04,21977.868111274736
Nifty Financial Services TRI,2023-08-07,22016.746457838206
Nifty Financial Services TRI,2023-08-08,22088.536621973
Nifty Financial Services TRI,2023-08-09,22041.680170186366
Nifty Financial Services TRI,2023-08-10,21873.362180064592
Nifty Financial Services TRI,2023-08-11,21684.41763368693
Nifty Financial Services TRI,2023-08-14,21613.087125312744
Nifty Financial Services TRI,2023-08-16,21541.00229203709
Nifty Financial Services TRI,2023-08-17,21499.56895542085
Nifty Financial Services TRI,2023-08-18,21426.622419178188
Nifty Financial Services TRI,2023-08-21,21527.293517624177
Nifty Financial Services TRI,2023-08-22,21506.03904978674
Nifty Financial Services TRI,2023-08-23,21704.723522722335
Nifty Financial Services TRI,2023-08-24,21689.687422640647
Nifty Financial Services TRI,2023-08-25,21617.230122982397
Nifty Financial Services TRI,2023-08-28,21737.56518858494
Nifty Financial Services TRI,2023-08-29,21782.373067610744
Nifty Financial Services TRI,2023-08-30,21674.37423736105
Nifty Financial Services TRI,2023-08-31,21560.760243877095
Nifty Financial Services TRI,2023-09-01,21744.632204084217
Nifty Financial Services TRI,2023-09-04,21771.63657149589
Nifty Financial Services TRI,2023-09-05,21735.96742006917
Nifty Financial Services TRI,2023-09-06,21741.117947136463
Nifty Financial Services TRI,2023-09-07,21963.52970402028
Nifty Financial Services TRI,2023-09-08,22159.213630692702
Nifty Financial Services TRI,2023-09-11,22344.65790588004
Nifty Financial Services TRI,2023-09-12,22343.548419897892
Nifty Financial Services TRI,2023-09-13,22435.266312721982
Nifty Financial Services TRI,2023-09-14,22459.360767969833
Nifty Financial Services TRI,2023-09-15,22595.381530518294
Nifty Financial Services TRI,2023-09-18,22461.376606541
Nifty Financial Services TRI,2023-09-20,22128.033967531534
Nifty Financial Services TRI,2023-09-21,21809.81545941854
Nifty Financial Services TRI,2023-09-22,21720.033956725507
Nifty Financial Services TRI,2023-09-25,21842.15546880702
Nifty Financial Services TRI,2023-09-26,21793.371404334466
Nifty Financial Services TRI,2023-09-27,21765.997418377483
Nifty Financial Services TRI,2023-09-28,21659.690501254132
Nifty Financial Services TRI,2023-09-29,21809.384248038335
Nifty Financial Services TRI,2023-10-03,21726.072509938338
Nifty Financial Services TRI,2023-10-04,21555.179576016515
Nifty Financial Services TRI,2023-10-05,21666.355190247206
Nifty Financial Services TRI,2023-10-06,21820.531923810267
Nifty Financial Services TRI,2023-10-09,21575.80885444789
Nifty Financial Services TRI,2023-10-10,21840.770387537897
Nifty Financial Services TRI,2023-10-11,21945.74691773909
Nifty Financial Services TRI,2023-10-12,21963.788631466396
Nifty Financial Services TRI,2023-10-13,21833.9408227528
Nifty Financial Services TRI,2023-10-16,21821.218877913052
Nifty Financial Services TRI,2023-10-17,21963.43128656679
Nifty Financial Services TRI,2023-10-18,21681.971667797345
Nifty Financial Services TRI,2023-10-19,21597.58715682829
Nifty Financial Services TRI,2023-10-20,21593.762548984905
Nifty Financial Services TRI,2023-10-23,21373.290917191865
Nifty Financial Services TRI,2023-10-25,21175.182674174677
Nifty Financial Services TRI,2023-10-26,20843.647413127153
Nifty Financial Services TRI,2023-10-27,21071.51627300904
Nifty Financial Services TRI,2023-10-30,21196.55129562684
Nifty Financial Services TRI,2023-10-31,21156.472662757624
Nifty Financial Services TRI,2023-11-01,21090.83462580399
Nifty Financial Services TRI,2023-11-02,21231.593739510467
Nifty Financial Services TRI,2023-11-03,21337.216227101602
Nifty Financial Services TRI,2023-11-06,21526.081011816786
Nifty Financial Services TRI,2023-11-07,21551.945912463125
Nifty Financial Services TRI,2023-11-08,21497.656097367188
Nifty Financial Services TRI,2023-11-09,21477.243700939172
Nifty Financial Services TRI,2023-11-10,21564.872364473813
Nifty Financial Services TRI,2023-11-13,21534.437033583265
Nifty Financial Services TRI,2023-11-15,21734.506493103298
Nifty Financial Services TRI,2023-11-16,21745.340072169613
Nifty Financial Services TRI,2023-11-17,21549.70653660354
Nifty Financial Services TRI,2023-11-20,21511.77009642622
Nifty Financial Services TRI,2023-11-21,21615.28953300401
Nifty Financial Services TRI,2023-11-22,21565.283244805236
Nifty Financial Services TRI,2023-11-23,21588.84370094819
Nifty Financial Services TRI,2023-11-24,21660.682949879323
Nifty Financial Services TRI,2023-11-28,21718.405573709733
Nifty Financial Services TRI,2023-11-29,22047.04301787402
Nifty Financial Services TRI,2023-11-30,22107.38283641911
Nifty Financial Services TRI,2023-12-01,22280.221964248394
Nifty Financial Services TRI,2023-12-04,23000.36981045512
Nifty Financial Services TRI,2023-12-05,23213.539862795464
Nifty Financial Services TRI,2023-12-06,23182.01776490404
Nifty Financial Services TRI,2023-12-07,23178.884306644766
Nifty Financial Services TRI,2023-12-08,23389.315799051037
Nifty Financial Services TRI,2023-12-11,23391.783406756156
Nifty Financial Services TRI,2023-12-12,23346.589922838575
Nifty Financial Services TRI,2023-12-13,23344.837915497195
Nifty Financial Services TRI,2023-12-14,23665.184362349333
Nifty Financial Services TRI,2023-12-15,23741.236803314114
Nifty Financial Services TRI,2023-12-18,23649.219354941542
Nifty Financial Services TRI,2023-12-19,23638.2095857609
Nifty Financial Services TRI,2023-12-20,23381.544312693695
Nifty Financial Services TRI,2023-12-21,23519.63644495031
Nifty Financial Services TRI,2023-12-22,23378.043100264127
Nifty Financial Services TRI,2023-12-26,23451.225581990977
Nifty Financial Services TRI,2023-12-27,23676.80436192352
Nifty Financial Services TRI,2023-12-28,23752.768609574552
Nifty Financial Services TRI,2023-12-29,23701.828871374917
Nifty Financial Services TRI,2024-01-02,23548.023327491563
Nifty Financial Services TRI,2024-01-03,23449.693009792012
Nifty Financial Services TRI,2024-01-04,23737.090181047803
Nifty Financial Services TRI,2024-01-05,23734.95986077699
Nifty Financial Services TRI,2024-01-08,23491.857576616876
Nifty Financial Services TRI,2024-01-09,23387.33493760587
Nifty Financial Services TRI,2024-01-10,23417.69145333034
Nifty Financial Services TRI,2024-01-11,23445.6744564287
Nifty Financial Services TRI,2024-01-12,23503.010607461307
Nifty Financial Services TRI,2024-01-15,23681.82073694422
Nifty Financial Services TRI,2024-01-16,23666.668712516555
Nifty Financial Services TRI,2024-01-17,22653.885248004477
Nifty Financial Services TRI,2024-01-18,22428.32055587344
Nifty Financial Services TRI,2024-01-19,22540.599186424068
Nifty Financial Services TRI,2024-01-23,22224.383400127987
Nifty Financial Services TRI,2024-01-24,22301.408049557947
Nifty Financial Services TRI,2024-01-25,22183.79819575337
Nifty Financial Services TRI,2024-01-29,22532.27149370053
Nifty Financial Services TRI,2024-01-30,22391.639476498473
Nifty Financial Services TRI,2024-01-31,22626.14394860303
Nifty Financial Services TRI,2024-02-01,22647.77715808289
Nifty Financial Services TRI,2024-02-02,22557.089768921353
Nifty Financial Services TRI,2024-02-05,22428.075637685273
Nifty Financial Services TRI,2024-02-06,22483.378632389053
Nifty Financial Services TRI,2024-02-07,22570.148529160786
Nifty Financial Services TRI,2024-02-08,22152.263051116588
Nifty Financial Services TRI,2024-02-09,22305.771554667816
Nifty Financial Services TRI,2024-02-12,21992.772092234543
Nifty Financial Services TRI,2024-02-13,22293.583963144192
Nifty Financial Services TRI,2024-02-14,22443.19151892753
Nifty Financial Services TRI,2024-02-15,22543.722152952047
Nifty Financial Services TRI,2024-02-16,22606.713195712353
Nifty Financial Services TRI,2024-02-20,22971.016469140213
Nifty Financial Services TRI,2024-02-21,22845.51115397474
Nifty Financial Services TRI,2024-02-22,22822.9836813031
Nifty Financial Services TRI,2024-02-23,22835.850035525436
Nifty Financial Services TRI,2024-02-26,22773.94731142132
Nifty Financial Services TRI,2024-02-27,22700.664884050475
Nifty Financial Services TRI,2024-02-28,22466.44888969037
Nifty Financial Services TRI,2024-02-29,22541.495973727546
Nifty Financial Services TRI,2024-03-01,23022.254185662605
Nifty Financial Services TRI,2024-03-04,23117.159478400787
Nifty Financial Services TRI,2024-03-05,23037.299201602633
Nifty Financial Services TRI,2024-03-06,23183.234929854658
Nifty Financial Services TRI,2024-03-07,23205.502739369713
Nifty Financial Services TRI,2024-03-11,23049.209446968758
Nifty Financial Services TRI,2024-03-12,23088.32546655459
Nifty Financial Services TRI,2024-03-13,22934.921182543934
Nifty Financial Services TRI,2024-03-14,22899.735039923205
Nifty Financial Services TRI,2024-03-15,22810.074472473716
Nifty Financial Services TRI,2024-03-18,22792.064019300826
Nifty Financial Services TRI,2024-03-19,22765.266318908507
Nifty Financial Services TRI,2024-03-20,22702.003621084375
Nifty Financial Services TRI,2024-03-21,22890.966652624247
Nifty Financial Services TRI,2024-03-22,22967.44013691233
Nifty Financial Services TRI,2024-03-26,22883.681177845032
Nifty Financial Services TRI,2024-03-27,22979.726096288003
Nifty Financial Services TRI,2024-03-28,23197.623809434524
Nifty Financial Services TRI,2024-04-01,23430.99228983551
Nifty Financial Services TRI,2024-04-02,23379.05363734401
Nifty Financial Services TRI,2024-04-03,23430.743033275943
Nifty Financial Services TRI,2024-04-04,23626.079399801758
Nifty Financial Services TRI,2024-04-05,23829.05207571884
Nifty Financial Services TRI,2024-04-08,23883.50882039933
Nifty Financial Services TRI,2024-04-09,23969.927264397116
Nifty Financial Services TRI,2024-04-10,24009.69671524475
Nifty Financial Services TRI,2024-04-12,23794.16210278275
Nifty Financial Services TRI,2024-04-15,23380.21282481144
Nifty Financial Services TRI,2024-04-16,23329.032315059652
Nifty Financial Services TRI,2024-04-18,23109.12471829572
Nifty Financial Services TRI,2024-04-19,23412.108464132703
Nifty Financial Services TRI,2024-04-22,23583.38496183285
Nifty Financial Services TRI,2024-04-23,23592.413631780673
Nifty Financial Services TRI,2024-04-24,23712.805454872778
Nifty Financial Services TRI,2024-04-25,23826.95376534032
Nifty Financial Services TRI,2024-04-26,23615.912011844855
Nifty Financial Services TRI,2024-04-29,24123.061201654473
Nifty Financial Services TRI,2024-04-30,24156.714014814006
Nifty Financial Services TRI,2024-05-02,24193.769200364623
Nifty Financial Services TRI,2024-05-03,24109.903578913934
Nifty Financial Services TRI,2024-05-06,24052.079292289392
Nifty Financial Services TRI,2024-05-07,23831.146176005874
Nifty Financial Services TRI,2024-05-08,23704.285394866398
Nifty Financial Services TRI,2024-05-09,23334.379976935266
Nifty Financial Services TRI,2024-05-10,23335.608538316683
Nifty Financial Services TRI,2024-05-13,23509.336857882758
Nifty Financial Services TRI,2024-05-14,23515.104927315566
Nifty Financial Services TRI,2024-05-15,23439.774691153798
Nifty Financial Services TRI,2024-05-16,23694.86929754583
Nifty Financial Services TRI,2024-05-17,23764.20738113781
Nifty Financial Services TRI,2024-05-21,23721.907809339347
Nifty Financial Services TRI,2024-05-22,23599.045071974393
Nifty Financial Services TRI,2024-05-23,24047.66813637661
Nifty Financial Services TRI,2024-05-24,24181.704193828802
Nifty Financial Services TRI,2024-05-27,24308.67128522944
Nifty Financial Services TRI,2024-05-28,24327.51825426045
Nifty Financial Services TRI,2024-05-29,23927.747660540488
Nifty Financial Services TRI,2024-05-30,23902.650306619875
Nifty Financial Services TRI,2024-05-31,24037.09052640419
Nifty Financial Services TRI,2024-06-03,25010.578683562384
Nifty Financial Services TRI,2024-06-04,23044.33863834432
Nifty Financial Services TRI,2024-06-05,24000.19541847304
Nifty Financial Services TRI,2024-06-06,24235.7171819381
Nifty Financial Services TRI,2024-06-07,24536.115207206392
Nifty Financial Services TRI,2024-06-10,24525.598038360236
Nifty Financial Services TRI,2024-06-11,24493.585905609634
Nifty Financial Services TRI,2024-06-12,24612.521234938762
Nifty Financial Services TRI,2024-06-13,24684.242161551476
Nifty Financial Services TRI,2024-06-14,24812.374488006855
Nifty Financial Services TRI,2024-06-18,25006.528917257037
Nifty Financial Services TRI,2024-06-19,25404.12508007861
Nifty Financial Services TRI,2024-06-20,25505.82827768819
Nifty Financial Services TRI,2024-06-21,25457.941482081496
Nifty Financial Services TRI,2024-06-24,25547.862313462374
Nifty Financial Services TRI,2024-06-25,26034.99865546751
Nifty Financial Services TRI,2024-06-26,26126.427059253827
Nifty Financial Services TRI,2024-06-27,26162.600975497313
Nifty Financial Services TRI,2024-06-28,25936.64559067687
Nifty Financial Services TRI,2024-07-01,26171.751985867275
Nifty Financial Services TRI,2024-07-02,26028.120001034164
Nifty Financial Services TRI,2024-07-03,26497.076947069047
Nifty Financial Services TRI,2024-07-04,26448.864894160488
Nifty Financial Services TRI,2024-07-05,26185.886484937404
Nifty Financial Services TRI,2024-07-08,26126.67767997451
Nifty Financial Services TRI,2024-07-09,26211.266927412024
Nifty Financial Services TRI,2024-07-10,26141.497714163103
Nifty Financial Services TRI,2024-07-11,26142.45529663378
Nifty Financial Services TRI,2024-07-12,26148.510432763378
Nifty Financial Services TRI,2024-07-15,26247.10276854808
Nifty Financial Services TRI,2024-07-16,26199.48268624145
Nifty Financial Services TRI,2024-07-18,26350.36248622618
Nifty Financial Services TRI,2024-07-19,26143.584000712843
Nifty Financial Services TRI,2024-07-22,26179.03567022087
Nifty Financial Services TRI,2024-07-23,25822.03870945335
Nifty Financial Services TRI,2024-07-24,25668.580141090282
Nifty Financial Services TRI,2024-07-25,25541.044729779158
Nifty Financial Services TRI,2024-07-26,25837.690612841383
Nifty Financial Services TRI,2024-07-29,25837.831929586035
Nifty Financial Services TRI,2024-07-30,25863.551248555268
Nifty Financial Services TRI,2024-07-31,25946.346060280233
Nifty Financial Services TRI,2024-08-01,25973.122994318397
Nifty Financial Services TRI,2024-08-02,25896.16568565571
Nifty Financial Services TRI,2024-08-05,25229.295710361337
Nifty Financial Services TRI,2024-08-06,24960.95221696858
Nifty Financial Services TRI,2024-08-07,25277.006015490737
Nifty Financial Services TRI,2024-08-08,25314.85668900568
Nifty Financial Services TRI,2024-08-09,25476.02496098695
Nifty Financial Services TRI,2024-08-12,25527.853354334802
Nifty Financial Services TRI,2024-08-13,25049.79173693368
Nifty Financial Services TRI,2024-08-14,25044.68273570195
Nifty Financial Services TRI,2024-08-16,25472.04270569564
Nifty Financial Services TRI,2024-08-19,25414.394383712224
Nifty Financial Services TRI,2024-08-20,25698.17368949915
Nifty Financial Services TRI,2024-08-21,25660.482502653285
Nifty Financial Services TRI,2024-08-22,25775.800259310432
Nifty Financial Services TRI,2024-08-23,25759.730631708484
Nifty Financial Services TRI,2024-08-26,25932.236587972035
Nifty Financial Services TRI,2024-08-27,26146.376927423844
Nifty Financial Services TRI,2024-08-28,26083.405488890283
Nifty Financial Services TRI,2024-08-29,26150.731951721467
Nifty Financial Services TRI,2024-08-30,26213.627641696654
Nifty Financial Services TRI,2024-09-02,26314.769041788448
Nifty Financial Services TRI,2024-09-03,26531.22045676657
Nifty Financial Services TRI,2024-09-04,26434.034976388877
Nifty Financial Services TRI,2024-09-05,26462.83767106123
Nifty Financial Services TRI,2024-09-06,26097.677598594735
Nifty Financial Services TRI,2024-09-09,26312.797710741357
Nifty Financial Services TRI,2024-09-10,26232.67510953286
Nifty Financial Services TRI,2024-09-11,26159.037716213446
Nifty Financial Services TRI,2024-09-12,26562.387730854356
Nifty Financial Services TRI,2024-09-13,26600.629409163437
Nifty Financial Services TRI,2024-09-16,26613.79568356792
Nifty Financial Services TRI,2024-09-17,26616.263570118033
Nifty Financial Services TRI,2024-09-18,26988.88971981006
Nifty Financial Services TRI,2024-09-19,27074.628790591567
Nifty Financial Services TRI,2024-09-20,27502.975909032986
Nifty Financial Services TRI,2024-09-23,27686.631103834694
Nifty Financial Services TRI,2024-09-24,27610.176275041493
Nifty Financial Services TRI,2024-09-25,27726.28704096097
Nifty Financial Services TRI,2024-09-26,27912.97421962582
Nifty Financial Services TRI,2024-09-27,27638.946375845186
Nifty Financial Services TRI,2024-09-30,27166.186911895038
Nifty Financial Services TRI,2024-10-01,27163.615072443547
Nifty Financial Services TRI,2024-10-03,26503.478839446776
Nifty Financial Services TRI,2024-10-04,26215.78309334851
Nifty Financial Services TRI,2024-10-07,25772.76639268871
Nifty Financial Services TRI,2024-10-08,26030.550271071712
Nifty Financial Services TRI,2024-10-09,26134.50894836295
Nifty Financial Services TRI,2024-10-10,26377.77192095896
Nifty Financial Services TRI,2024-10-11,26209.5194625938
Nifty Financial Services TRI,2024-10-14,26483.19837734036
Nifty Financial Services TRI,2024-10-15,26490.32386616034
Nifty Financial Services TRI,2024-10-16,26511.88316873007
Nifty Financial Services TRI,2024-10-17,26180.97780533372
Nifty Financial Services TRI,2024-10-18,26574.93092050572
Nifty Financial Services TRI,2024-10-21,26595.099523229233
Nifty Financial Services TRI,2024-10-22,26313.288331773503
Nifty Financial Services TRI,2024-10-23,26371.2084228995
Nifty Financial Services TRI,2024-10-24,26485.201047125116
Nifty Financial Services TRI,2024-10-25,26350.928983954425
Nifty Financial Services TRI,2024-10-28,26496.061484998434
Nifty Financial Services TRI,2024-10-29,27047.352882316383
Nifty Financial Services TRI,2024-10-30,26692.15665818577
Nifty Financial Services TRI,2024-10-31,26525.2254641899
Nifty Financial Services TRI,2024-11-01,26593.59832141329
Nifty Financial Services TRI,2024-11-04,26276.218755403937
Nifty Financial Services TRI,2024-11-05,26797.269539640125
Nifty Financial Services TRI,2024-11-06,26855.937869189063
Nifty Financial Services TRI,2024-11-07,26618.181585076
Nifty Financial Services TRI,2024-11-08,26472.100829776522
Nifty Financial Services TRI,2024-11-11,26613.11764768681
Nifty Financial Services TRI,2024-11-12,26173.506259405396
Nifty Financial Services TRI,2024-11-13,25701.717238608126
Nifty Financial Services TRI,2024-11-14,25771.037280540568
Nifty Financial Services TRI,2024-11-18,25837.050329936385
Nifty Financial Services TRI,2024-11-19,25999.089013451092
Nifty Financial Services TRI,2024-11-21,25856.239211237218
Nifty Financial Services TRI,2024-11-22,26245.987474426784
Nifty Financial Services TRI,2024-11-25,26730.965482681295
Nifty Financial Services TRI,2024-11-26,26718.32832441587
Nifty Financial Services TRI,2024-11-27,26857.523583971408
Nifty Financial Services TRI,2024-11-28,26578.155097999403
Nifty Financial Services TRI,2024-11-29,26679.352211023186
Nifty Financial Services TRI,2024-12-02,26750.551004297755
Nifty Financial Services TRI,2024-12-03,26999.947638230282
Nifty Financial Services TRI,2024-12-04,27296.194317626687
Nifty Financial Services TRI,2024-12-05,27484.213547835578
Nifty Financial Services TRI,2024-12-06,27454.194871244283
Nifty Financial Services TRI,2024-12-09,27476.99784812939
Nifty Financial Services TRI,2024-12-10,27566.900764652266
Nifty Financial Services TRI,2024-12-11,27567.615044056674
Nifty Financial Services TRI,2024-12-12,27483.630718616143
Nifty Financial Services TRI,2024-12-13,27654.79268024517
Nifty Financial Services TRI,2024-12-16,27630.59121149985
Nifty Financial Services TRI,2024-12-17,27233.128270602276
Nifty Financial Services TRI,2024-12-18,26899.621001231622
Nifty Financial Services TRI,2024-12-19,26575.88259677011
Nifty Financial Services TRI,2024-12-20,26226.39425341742
Nifty Financial Services TRI,2024-12-23,26443.625544082886
Nifty Financial Services TRI,2024-12-24,26390.89147761783
Nifty Financial Services TRI,2024-12-26,26398.93758648286
Nifty Financial Services TRI,2024-12-27,26448.656345923642
Nifty Financial Services TRI,2024-12-30,26202.763349601362
Nifty Financial Services TRI,2024-12-31,26144.95783689823
Nifty Financial Services TRI,2025-01-02,26695.310809306266
Nifty Financial Services TRI,2025-01-03,26394.536183205513
Nifty Financial Services TRI,2025-01-06,25931.576783250486
Nifty Financial Services TRI,2025-01-07,26057.201197646824
Nifty Financial Services TRI,2025-01-08,25841.73650576122
Nifty Financial Services TRI,2025-01-09,25608.85659859276
Nifty Financial Services TRI,2025-01-10,25280.261845221627
Nifty Financial Services TRI,2025-01-13,24915.148317963205
Nifty Financial Services TRI,2025-01-14,25273.515370079487
Nifty Financial Services TRI,2025-01-15,25227.293245491775
Nifty Financial Services TRI,2025-01-16,25521.110868202417
Nifty Financial Services TRI,2025-01-17,25148.414983051756
Nifty Financial Services TRI,2025-01-20,25504.37018775936
Nifty Financial Services TRI,2025-01-21,25084.642304009627
Nifty Financial Services TRI,2025-01-22,25198.10621776681
Nifty Financial Services TRI,2025-01-23,25171.343100252656
Nifty Financial Services TRI,2025-01-24,25046.90014440297
Nifty Financial Services TRI,2025-01-27,24903.455855344586
Nifty Financial Services TRI,2025-01-28,25374.417921427903
Nifty Financial Services TRI,2025-01-29,25640.949023371708
Nifty Financial Services TRI,2025-01-30,25740.258192599118
Nifty Financial Services TRI,2025-01-31,25837.459295142497
Nifty Financial Services TRI,2025-02-03,25741.11348997125
Nifty Financial Services TRI,2025-02-04,26284.997240114673
Nifty Financial Services TRI,2025-02-05,26334.202179712178
Nifty Financial Services TRI,2025-02-06,26330.325309540633
Nifty Financial Services TRI,2025-02-07,26196.631784239613
Nifty Financial Services TRI,2025-02-10,26043.201959533835
Nifty Financial Services TRI,2025-02-11,25697.916241444447
Nifty Financial Services TRI,2025-02-12,25813.338662620296
Nifty Financial Services TRI,2025-02-13,25902.497248512816
Nifty Financial Services TRI,2025-02-14,25807.897599152246
Nifty Financial Services TRI,2025-02-17,25903.19887760639
Nifty Financial Services TRI,2025-02-18,25914.117004032843
Nifty Financial Services TRI,2025-02-19,26110.48531792491
Nifty Financial Services TRI,2025-02-20,25916.471762866946
Nifty Financial Services TRI,2025-02-21,25797.86738631306
Nifty Financial Services TRI,2025-02-24,25600.111164242328
Nifty Financial Services TRI,2025-02-25,25646.1499013445
Nifty Financial Services TRI,2025-02-27,25800.46591459744
Nifty Financial Services TRI,2025-02-28,25639.921696991572
Nifty Financial Services TRI,2025-03-03,25557.034095938783
Nifty Financial Services TRI,2025-03-04,25641.60246432619
Nifty Financial Services TRI,2025-03-05,25666.826303135553
Nifty Financial Services TRI,2025-03-06,25792.5467335926
Nifty Financial Services TRI,2025-03-07,25763.265468148016
Nifty Financial Services TRI,2025-03-10,25676.586279276584
Nifty Financial Services TRI,2025-03-11,25840.295436882443
Nifty Financial Services TRI,2025-03-12,25979.56755311921
Nifty Financial Services TRI,2025-03-13,25937.924896675406
Nifty Financial Services TRI,2025-03-17,26206.66286302541
Nifty Financial Services TRI,2025-03-18,26697.813587564044
Nifty Financial Services TRI,2025-03-19,26888.473157505898
Nifty Financial Services TRI,2025-03-20,27076.913306109403
Nifty Financial Services TRI,2025-03-21,27365.944447268026
Nifty Financial Services TRI,2025-03-24,27913.13253544078
Nifty Financial Services TRI,2025-03-25,27945.433494989124
Nifty Financial Services TRI,2025-03-26,27660.410670231213
Nifty Financial Services TRI,2025-03-27,27863.26782023678
Nifty Financial Services TRI,2025-03-28,27934.896888854248
Nifty Financial Services TRI,2025-04-01,27329.56291921587
Nifty Financial Services TRI,2025-04-02,27576.003316722574
Nifty Financial Services TRI,2025-04-03,27548.63665131908
Nifty Financial Services TRI,2025-04-04,27604.226556169357
Nifty Financial Services TRI,2025-04-07,26641.21378854819
Nifty Financial Services TRI,2025-04-08,27079.781504808205
Nifty Financial Services TRI,2025-04-09,26892.214741871703
Nifty Financial Services TRI,2025-04-11,27364.66764869673
Nifty Financial Services TRI,2025-04-15,28175.17606001687
Nifty Financial Services TRI,2025-04-16,28411.4551121709
Nifty Financial Services TRI,2025-04-17,29057.95336948294
Nifty Financial Services TRI,2025-04-21,29465.661370521273
Nifty Financial Services TRI,2025-04-22,29677.75761851407
Nifty Financial Services TRI,2025-04-23,29479.319650268575
Nifty Financial Services TRI,2025-04-24,29323.29094594682
Nifty Financial Services TRI,2025-04-25,29023.451929952294
Nifty Financial Services TRI,2025-04-28,29310.24251989806
Nifty Financial Services TRI,2025-04-29,29201.850104009136
Nifty Financial Services TRI,2025-04-30,29112.965180289168
Nifty Financial Services TRI,2025-05-02,29156.82410173831
Nifty Financial Services TRI,2025-05-05,29173.394840008663
Nifty Financial Services TRI,2025-05-06,28955.601095293056
Nifty Financial Services TRI,2025-05-07,29175.504014517486
Nifty Financial Services TRI,2025-05-08,28969.855320781848
Nifty Financial Services TRI,2025-05-09,28436.865219504958
Nifty Financial Services TRI,2025-05-12,29548.860554788178
Nifty Financial Services TRI,2025-05-13,29224.32010510646
Nifty Financial Services TRI,2025-05-14,29157.54463009381
Nifty Financial Services TRI,2025-05-15,29534.29047360895
Nifty Financial Services TRI,2025-05-16,29525.788436448518
Nifty Financial Services TRI,2025-05-19,29564.750892677985
Nifty Financial Services TRI,2025-05-20,29215.231378968783
Nifty Financial Services TRI,2025-05-21,29378.490745974348
Nifty Financial Services TRI,2025-05-22,29252.30987076254
Nifty Financial Services TRI,2025-05-23,29542.345059901036
Nifty Financial Services TRI,2025-05-26,29663.078584264447
Nifty Financial Services TRI,2025-05-27,29472.86113161258
Nifty Financial Services TRI,2025-05-28,29508.140369970093
Nifty Financial Services TRI,2025-05-29,29538.45773642364
Nifty Financial Services TRI,2025-05-30,29562.307294999686
Nifty Financial Services TRI,2025-06-02,29507.511076284434
Nifty Financial Services TRI,2025-06-03,29292.323717510062
Nifty Financial Services TRI,2025-06-04,29303.67533465407
Nifty Financial Services TRI,2025-06-05,29441.10346409669
Nifty Financial Services TRI,2025-06-06,29956.948257670592
Nifty Financial Services TRI,2025-06-09,30119.53230858034
Nifty Financial Services TRI,2025-06-10,29979.815754139036
Nifty Financial Services TRI,2025-06-11,29894.433512157655
Nifty Financial Services TRI,2025-06-12,29660.690776838423
Nifty Financial Services TRI,2025-06-13,29388.715008470783
Nifty Financial Services TRI,2025-06-16,29635.211219570832
Nifty Financial Services TRI,2025-06-17,29520.795636179922
Nifty Financial Services TRI,2025-06-18,29463.738418899462
Nifty Financial Services TRI,2025-06-19,29352.439962328004
Nifty Financial Services TRI,2025-06-20,29742.654246884267
Nifty Financial Services TRI,2025-06-23,29641.69045241754
Nifty Financial Services TRI,2025-06-24,29858.76852270504
Nifty Financial Services TRI,2025-06-25,29971.933918042825
Nifty Financial Services TRI,2025-06-26,30415.962653740877
Nifty Financial Services TRI,2025-06-27,30523.398057421982
Nifty Financial Services TRI,2025-06-30,30336.061921892968
Nifty Financial Services TRI,2025-07-01,30280.62616766363
Nifty Financial Services TRI,2025-07-02,29988.233404566185
Nifty Financial Services TRI,2025-07-03,29847.327116031443
Nifty Financial Services TRI,2025-07-04,29994.679239100835
Nifty Financial Services TRI,2025-07-07,29959.96308437855
Nifty Financial Services TRI,2025-07-08,30165.390541537727
Nifty Financial Services TRI,2025-07-09,30212.49726356408
Nifty Financial Services TRI,2025-07-10,30130.417595996747
Nifty Financial Services TRI,2025-07-11,29984.51946502155
Nifty Financial Services TRI,2025-07-14,29929.698875642967
Nifty Financial Services TRI,2025-07-15,30071.83815650201
Nifty Financial Services TRI,2025-07-16,30058.48048781676
Nifty Financial Services TRI,2025-07-17,29939.69754146993
Nifty Financial Services TRI,2025-07-18,29657.470749405584
Nifty Financial Services TRI,2025-07-21,30140.55231876133
Nifty Financial Services TRI,2025-07-22,30145.11894533599
Nifty Financial Services TRI,2025-07-23,30397.527485806433
Nifty Financial Services TRI,2025-07-24,30208.81651406732
Nifty Financial Services TRI,2025-07-25,29943.304520680984
Nifty Financial Services TRI,2025-07-28,29729.900573213792
Nifty Financial Services TRI,2025-07-29,29826.057063971697
Nifty Financial Services TRI,2025-07-30,29829.836431425494
Nifty Financial Services TRI,2025-07-31,29770.665603613714
Nifty Financial Services TRI,2025-08-01,29595.42467470042
Nifty Financial Services TRI,2025-08-04,29579.597788414594
Nifty Financial Services TRI,2025-08-05,29465.057928376435
Nifty Financial Services TRI,2025-08-06,29463.075642194814
Nifty Financial Services TRI,2025-08-07,29500.30902695592
Nifty Financial Services TRI,2025-08-08,29236.655537371644
Nifty Financial Services TRI,2025-08-11,29505.0068504658
Nifty Financial Services TRI,2025-08-12,29203.39578797531
Nifty Financial Services TRI,2025-08-13,29319.238156253774
Nifty Financial Services TRI,2025-08-14,29426.08928787818
Nifty Financial Services TRI,2025-08-18,29736.707267228976
Nifty Financial Services TRI,2025-08-19,29718.582244604393
Nifty Financial Services TRI,2025-08-20,29602.442658404143
Nifty Financial Services TRI,2025-08-21,29698.69887354785
Nifty Financial Services TRI,2025-08-22,29412.89783930371
Nifty Financial Services TRI,2025-08-25,29403.477697551283
Nifty Financial Services TRI,2025-08-26,29008.105102292113
Nifty Financial Services TRI,2025-08-28,28660.288517213117
Nifty Financial Services TRI,2025-08-29,28579.759215164166
Nifty Financial Services TRI,2025-09-01,28778.15398227876
Nifty Financial Services TRI,2025-09-02,28588.12226928454
Nifty Financial Services TRI,2025-09-03,28767.169187439955
Nifty Financial Services TRI,2025-09-04,28902.90102015171
Nifty Financial Services TRI,2025-09-05,28943.667407984387
Nifty Financial Services TRI,2025-09-08,29005.263928431537
Nifty Financial Services TRI,2025-09-09,29027.419657897168
Nifty Financial Services TRI,2025-09-10,29208.96235501717
Nifty Financial Services TRI,2025-09-11,29271.039631270785
Nifty Financial Services TRI,2025-09-12,29478.033419338393
Nifty Financial Services TRI,2025-09-15,29513.286616050387
Nifty Financial Services TRI,2025-09-16,29628.27115554769
Nifty Financial Services TRI,2025-09-17,29705.23949550029
Nifty Financial Services TRI,2025-09-18,29856.968767362505
Nifty Financial Services TRI,2025-09-19,29666.33070766138
Nifty Financial Services TRI,2025-09-22,29669.167930771633
Nifty Financial Services TRI,2025-09-23,29704.597523535977
Nifty Financial Services TRI,2025-09-24,29513.93527305749
Nifty Financial Services TRI,2025-09-25,29356.820849350268
Nifty Financial Services TRI,2025-09-26,29064.248640095913
Nifty Financial Services TRI,2025-09-29,29090.479624623866
Nifty Financial Services TRI,2025-09-30,29108.004499158364
Nifty Financial Services TRI,2025-10-01,29511.451352365348
Nifty Financial Services TRI,2025-10-03,29562.57622828661
Nifty Financial Services TRI,2025-10-06,29883.686836331268
Nifty Financial Services TRI,2025-10-07,29957.337779903693
Nifty Financial Services TRI,2025-10-08,29822.73001343552
Nifty Financial Services TRI,2025-10-09,29899.348089195984
Nifty Financial Services TRI,2025-10-10,30031.96571949375
Nifty Financial Services TRI,2025-10-13,30082.044205917413
Nifty Financial Services TRI,2025-10-14,30018.978309449743
Nifty Financial Services TRI,2025-10-15,30292.098487859093
Nifty Financial Services TRI,2025-10-16,30638.96949446081
Nifty Financial Services TRI,2025-10-17,30815.769384988744
Nifty Financial Services TRI,2025-10-20,30780.74527110168
Nifty Financial Services TRI,2025-10-21,30816.500141907483
Nifty Financial Services TRI,2025-10-23,30840.004765383306
Nifty Financial Services TRI,2025-10-24,30660.099333188547
Nifty Financial Services TRI,2025-10-27,30800.55597925679
Nifty Financial Services TRI,2025-10-28,30728.41844613111
Nifty Financial Services TRI,2025-10-29,30878.73996825546
Nifty Financial Services TRI,2025-10-30,30642.509063772213
Nifty Financial Services TRI,2025-10-31,30377.7245503118
Nifty Financial Services TRI,2025-11-03,30566.992226909075
Nifty Financial Services TRI,2025-11-04,30444.129055682242
Nifty Financial Services TRI,2025-11-06,30263.314885483524
Nifty Financial Services TRI,2025-11-07,30494.203914969556
Nifty Financial Services TRI,2025-11-10,30570.42934665914
Nifty Financial Services TRI,2025-11-11,30542.266227182117
Nifty Financial Services TRI,2025-11-12,30607.926188306647
Nifty Financial Services TRI,2025-11-13,30674.430933162614
Nifty Financial Services TRI,2025-11-14,30782.25324802302
Nifty Financial Services TRI,2025-11-17,30957.102406578004
Nifty Financial Services TRI,2025-11-18,30846.41609721658
Nifty Financial Services TRI,2025-11-19,30955.6536136231
Nifty Financial Services TRI,2025-11-20,31200.06104707588
Nifty Financial Services TRI,2025-11-21,30870.160641227616
Nifty Financial Services TRI,2025-11-24,30796.585736581386
Nifty Financial Services TRI,2025-11-25,30697.301586589474
Nifty Financial Services TRI,2025-11-26,31134.87490856561
Nifty Financial Services TRI,2025-11-27,31299.8578711476
Nifty Financial Services TRI,2025-11-28,31237.875983856047
Nifty Financial Services TRI,2025-12-01,31155.072760621097
Nifty Financial Services TRI,2025-12-02,30876.560961013252
Nifty Financial Services TRI,2025-12-03,30949.31582200398
Nifty Financial Services TRI,2025-12-04,30929.659392484715
Nifty Financial Services TRI,2025-12-05,31233.293443167946
Nifty Financial Services TRI,2025-12-08,31017.16448589108
Nifty Financial Services TRI,2025-12-09,30863.91185995667
Nifty Financial Services TRI,2025-12-10,30701.635255055247
Nifty Financial Services TRI,2025-12-11,30878.87116683923
Nifty Financial Services TRI,2025-12-12,31003.568975047427
Nifty Financial Services TRI,2025-12-15,30927.784171075098
Nifty Financial Services TRI,2025-12-16,30684.645393337985
Nifty Financial Services TRI,2025-12-17,30535.615206190272
Nifty Financial Services TRI,2025-12-18,30553.257643289213
Nifty Financial Services TRI,2025-12-19,30678.864597917098
Nifty Financial Services TRI,2025-12-22,30794.334782837275
Nifty Financial Services TRI,2025-12-23,30912.33886412272
Nifty Financial Services TRI,2025-12-24,30891.66371966306
Nifty Financial Services TRI,2025-12-26,30741.995529105396
Nifty Financial Services TRI,2025-12-29,30668.63469001821
Nifty Financial Services TRI,2025-12-30,30690.936276068645
Nifty Financial Services TRI,2025-12-31,30949.9583301922
Nifty Financial Services TRI,2026-01-02,31271.71301846061
Nifty Financial Services TRI,2026-01-05,31220.2887418721
Nifty Financial Services TRI,2026-01-06,31325.950231216913
Nifty Financial Services TRI,2026-01-07,31223.781303895248
Nifty Financial Services TRI,2026-01-08,31021.836163662345
Nifty Financial Services TRI,2026-01-09,30696.846384209286
Nifty Financial Services TRI,2026-01-12,30851.77784710289
Nifty Financial Services TRI,2026-01-13,30928.128738918163
Nifty Financial Services TRI,2026-01-14,30833.95228235509
Nifty Financial Services TRI,2026-01-16,30859.684313088273
Nifty Financial Services TRI,2026-01-19,30856.993278940987
Nifty Financial Services TRI,2026-01-20,30500.693299258633
Nifty Financial Services TRI,2026-01-21,30235.487345800087
Nifty Financial Services TRI,2026-01-22,30445.226121875556
Nifty Financial Services TRI,2026-01-23,30077.399469231485
Nifty Financial Services TRI,2026-01-27,30345.426576838396
Nifty Financial Services TRI,2026-01-28,30656.973061767596
Nifty Financial Services TRI,2026-01-29,30853.239667060643
Nifty Financial Services TRI,2026-01-30,30653.43230830168
Nifty Financial Services TRI,2026-02-02,30058.893499562357
Nifty Financial Services TRI,2026-02-03,31041.064693412536
Nifty Financial Services TRI,2026-02-04,31185.87921361454
Nifty Financial Services TRI,2026-02-05,31059.580022275382
Nifty Financial Services TRI,2026-02-06,31192.34252788883
Nifty Financial Services TRI,2026-02-09,31583.59860139047
Nifty Financial Services TRI,2026-02-10,31620.409937228254
Nifty Financial Services TRI,2026-02-11,31722.851826394402
Nifty Financial Services TRI,2026-02-12,31844.988164900165
Nifty Financial Services TRI,2026-02-13,31555.276525068683
Nifty Financial Services TRI,2026-02-16,31759.187326248466
Nifty Financial Services TRI,2026-02-17,31738.730741451825
Nifty Financial Services TRI,2026-02-18,31936.732379394292
Nifty Financial Services TRI,2026-02-19,31495.618607976525
Nifty Financial Services TRI,2026-02-20,31654.631170791847
Nifty Financial Services TRI,2026-02-23,31930.958384070487
Nifty Financial Services TRI,2026-02-24,31752.217836501342
Nifty Financial Services TRI,2026-02-25,31802.905662144844
Nifty Financial Services TRI,2026-02-26,31770.156147049158
Nifty Financial Services TRI,2026-02-27,31276.945581357562
Nifty Financial Services TRI,2026-03-02,30935.952727684038
Nifty Financial Services TRI,2026-03-04,30327.122014489032
Nifty Financial Services TRI,2026-03-05,30569.49447207825
Nifty Financial Services TRI,2026-03-06,29915.39261679295
Nifty Financial Services TRI,2026-03-09,29229.091976944695
Nifty Financial Services TRI,2026-03-10,29786.387334761595
Nifty Financial Services TRI,2026-03-11,29097.345360160416
Nifty Financial Services TRI,2026-03-12,28808.80369487107
Nifty Financial Services TRI,2026-03-13,28220.575208583672
Nifty Financial Services TRI,2026-03-16,28645.2195073995
Nifty Financial Services TRI,2026-03-17,28880.937206935378
Nifty Financial Services TRI,2026-03-18,29109.14164111913
Nifty Financial Services TRI,2026-03-19,28014.485071875315
Nifty Financial Services TRI,2026-03-20,27823.495347868982
Nifty Financial Services TRI,2026-03-23,26902.395076609504
Nifty Financial Services TRI,2026-03-24,27490.241151789047
Nifty Financial Services TRI,2026-03-25,28135.54917562424
Nifty Financial Services TRI,2026-03-27,27369.639905790576
Nifty Financial Services TRI,2026-03-30,26415.299304185362
Nifty Financial Services TRI,2026-04-01,26933.060603391124
Nifty Financial Services TRI,2026-04-02,27000.752619230985
Nifty Financial Services TRI,2026-04-06,27633.832091628647
Nifty Financial Services TRI,2026-04-07,27727.044887134718
Nifty Financial Services TRI,2026-04-08,29263.672263157536
Nifty Financial Services TRI,2026-04-09,28851.848839823444
Nifty Financial Services TRI,2026-04-10,29445.628735790808
Nifty Financial Services TRI,2026-04-13,29260.6289625004
Nifty Financial Services TRI,2026-04-15,29708.45937031249
Nifty Financial Services TRI,2026-04-16,29595.136386835093
Nifty Financial Services TRI,2026-04-17,29795.4190274231
Nifty Financial Services TRI,2026-04-20,29815.176592590167
Nifty Financial Services TRI,2026-04-21,30168.2297466436
Nifty Financial Services TRI,2026-04-22,29915.521256964974
Nifty Financial Services TRI,2026-04-23,29491.395422672056
Nifty Financial Services TRI,2026-04-24,29373.553306668062
Nifty Financial Services TRI,2026-04-27,29401.208941221517
Nifty Financial Services TRI,2026-04-28,29146.595968108406
Nifty Financial Services TRI,2026-04-29,29120.766667516844
Nifty Financial Services TRI,2026-04-30,28833.04219581375
Nifty Financial Services TRI,2026-05-04,29012.06321550963
Nifty Financial Services TRI,2026-05-05,28903.11629935394
Nifty Financial Services TRI,2026-05-06,29663.34795418669
Nifty Financial Services TRI,2026-05-07,29727.77895622372
Nifty Financial Services TRI,2026-05-08,29236.128916261303
Nifty Financial Services TRI,2026-05-11,28837.826035608286
Nifty Financial Services TRI,2026-05-12,28255.852321107363
Nifty Financial Services TRI,2026-05-13,28233.42486262696
Nifty Financial Services TRI,2026-05-14,28634.057212890064
Nifty Financial Services TRI,2026-05-15,28490.06071042613
Nifty Financial Services TRI,2026-05-18,28498.558665033255
Nifty Financial Services TRI,2026-05-19,28424.58756085486
Nifty Financial Services TRI,2026-05-20,28437.798543142762
Nifty Financial Services TRI,2026-05-21,28373.88435948586
Nifty Financial Services TRI,2026-05-22,28705.389464503143
Nifty Financial Services TRI,2026-05-25,29348.899674634376
Nifty Financial Services TRI,2026-05-26,29158.502112136342
Nifty Financial Services TRI,2026-05-27,28956.682770394105
Nifty Financial Services TRI,2026-05-29,28510.17740774319
Nifty Financial Services TRI,2026-06-01,28123.451480470725
Nifty Financial Services TRI,2026-06-02,27958.52734941134
Nifty Financial Services TRI,2026-06-03,28065.355548069765
Nifty Financial Services TRI,2026-06-04,28150.93461461751
Nifty Financial Services TRI,2026-06-05,28180.284595279376
Nifty Financial Services TRI,2026-06-08,27898.921143470852
Nifty Financial Services TRI,2026-06-09,28290.324777498954
Nifty Financial Services TRI,2026-06-10,28351.455935154907
Nifty Financial Services TRI,2026-06-11,28291.05386585996
Nifty Financial Services TRI,2026-06-12,29181.803171054515
Nifty Financial Services TRI,2026-06-15,29556.563017424523
Nifty Financial Services TRI,2026-06-16,29745.632933513072
Nifty Financial Services TRI,2026-06-17,29704.26319892583
Nifty Financial Services TRI,2026-06-18,29904.031822392855
Nifty Financial Services TRI,2026-06-19,29735.035573204244
Nifty Financial Services TRI,2026-06-22,29910.693462783798
Nifty Financial Services TRI,2026-06-23,29623.039667668592
Nifty Financial Services TRI,2026-06-24,30081.27231940372
Nifty Financial Services TRI,2026-06-25,30120.80327513175
Nifty Financial Services TRI,2026-06-30,29881.03073045066
