index_name,date,tri
Nifty 200 TRI,2011-06-30,2884.89990234375
Nifty 200 TRI,2011-07-01,2882.1619778138743
Nifty 200 TRI,2011-07-04,2899.0001247479267
Nifty 200 TRI,2011-07-05,2890.3510957702783
Nifty 200 TRI,2011-07-06,2888.432860012266
Nifty 200 TRI,2011-07-07,2936.526863445446
Nifty 200 TRI,2011-07-08,2901.7106750072867
Nifty 200 TRI,2011-07-11,2880.700422924084
Nifty 200 TRI,2011-07-12,2838.524347356519
Nifty 200 TRI,2011-07-13,2869.738880882916
Nifty 200 TRI,2011-07-14,2881.4061475239105
Nifty 200 TRI,2011-07-15,2874.024094414019
Nifty 200 TRI,2011-07-18,2870.276382701288
Nifty 200 TRI,2011-07-19,2888.950418336543
Nifty 200 TRI,2011-07-20,2861.733217497718
Nifty 200 TRI,2011-07-21,2846.8132573045596
Nifty 200 TRI,2011-07-22,2891.698758202397
Nifty 200 TRI,2011-07-25,2914.1953238848732
Nifty 200 TRI,2011-07-26,2865.443422845069
Nifty 200 TRI,2011-07-27,2854.9746083687683
Nifty 200 TRI,2011-07-28,2824.5553747392983
Nifty 200 TRI,2011-07-29,2811.742122188332
Nifty 200 TRI,2011-08-01,2824.4142880672275
Nifty 200 TRI,2011-08-02,2793.958512503471
Nifty 200 TRI,2011-08-03,2771.089776747175
Nifty 200 TRI,2011-08-04,2739.1481409478747
Nifty 200 TRI,2011-08-05,2680.7905108112045
Nifty 200 TRI,2011-08-08,2636.533558707968
Nifty 200 TRI,2011-08-09,2610.9405852892796
Nifty 200 TRI,2011-08-10,2658.3113757403585
Nifty 200 TRI,2011-08-11,2647.318860254225
Nifty 200 TRI,2011-08-12,2617.3470201811433
Nifty 200 TRI,2011-08-16,2593.2464585326143
Nifty 200 TRI,2011-08-17,2596.4435286041057
Nifty 200 TRI,2011-08-18,2539.927333851699
Nifty 200 TRI,2011-08-19,2494.9375176691938
Nifty 200 TRI,2011-08-22,2523.585439668719
Nifty 200 TRI,2011-08-23,2548.4519316380183
Nifty 200 TRI,2011-08-24,2520.4775125651613
Nifty 200 TRI,2011-08-25,2494.975978628262
Nifty 200 TRI,2011-08-26,2445.394123055945
Nifty 200 TRI,2011-08-29,2528.739577970482
Nifty 200 TRI,2011-08-30,2568.484520659299
Nifty 200 TRI,2011-09-02,2590.1755578155025
Nifty 200 TRI,2011-09-05,2584.1554329605237
Nifty 200 TRI,2011-09-06,2603.613399807497
Nifty 200 TRI,2011-09-07,2637.8083581146648
Nifty 200 TRI,2011-09-08,2649.8312802465475
Nifty 200 TRI,2011-09-09,2605.293048405521
Nifty 200 TRI,2011-09-12,2548.099191420968
Nifty 200 TRI,2011-09-13,2545.2515879491048
Nifty 200 TRI,2011-09-14,2575.432368598811
Nifty 200 TRI,2011-09-15,2606.968814728735
Nifty 200 TRI,2011-09-16,2611.423118860647
Nifty 200 TRI,2011-09-19,2588.824685555048
Nifty 200 TRI,2011-09-20,2636.8350150876713
Nifty 200 TRI,2011-09-21,2639.816855178443
Nifty 200 TRI,2011-09-22,2536.7541432313706
Nifty 200 TRI,2011-09-23,2509.98320469345
Nifty 200 TRI,2011-09-26,2488.0908055598716
Nifty 200 TRI,2011-09-27,2551.648009496753
Nifty 200 TRI,2011-09-28,2537.1320172894807
Nifty 200 TRI,2011-09-29,2563.32562567503
Nifty 200 TRI,2011-09-30,2530.499297766528
Nifty 200 TRI,2011-10-03,2481.372123300876
Nifty 200 TRI,2011-10-04,2441.323849348794
Nifty 200 TRI,2011-10-05,2428.3655137430537
Nifty 200 TRI,2011-10-07,2490.0522976245247
Nifty 200 TRI,2011-10-10,2533.5720717249083
Nifty 200 TRI,2011-10-11,2535.618733794185
Nifty 200 TRI,2011-10-12,2594.022568679062
Nifty 200 TRI,2011-10-13,2586.4359420686533
Nifty 200 TRI,2011-10-14,2608.1081498608664
Nifty 200 TRI,2011-10-17,2603.1145784022833
Nifty 200 TRI,2011-10-18,2563.000490403549
Nifty 200 TRI,2011-10-19,2609.723764208862
Nifty 200 TRI,2011-10-20,2585.8713065222637
Nifty 200 TRI,2011-10-21,2563.8246598724486
Nifty 200 TRI,2011-10-24,2580.8150073010906
Nifty 200 TRI,2011-10-25,2619.616151080701
Nifty 200 TRI,2011-10-28,2704.602630561713
Nifty 200 TRI,2011-10-31,2694.544869503628
Nifty 200 TRI,2011-11-01,2663.4536561114
Nifty 200 TRI,2011-11-02,2664.150355622207
Nifty 200 TRI,2011-11-03,2670.2713626788313
Nifty 200 TRI,2011-11-04,2683.6254038838365
Nifty 200 TRI,2011-11-08,2684.959393708312
Nifty 200 TRI,2011-11-09,2648.9361894372123
Nifty 200 TRI,2011-11-11,2620.08612537994
Nifty 200 TRI,2011-11-14,2605.39183717819
Nifty 200 TRI,2011-11-15,2557.4500868224827
Nifty 200 TRI,2011-11-16,2537.7435037702608
Nifty 200 TRI,2011-11-17,2491.052167625278
Nifty 200 TRI,2011-11-18,2475.9146289852615
Nifty 200 TRI,2011-11-21,2416.4236065856026
Nifty 200 TRI,2011-11-22,2432.0887411294366
Nifty 200 TRI,2011-11-23,2380.056503704768
Nifty 200 TRI,2011-11-24,2408.6885888206903
Nifty 200 TRI,2011-11-25,2391.7348737264824
Nifty 200 TRI,2011-11-28,2457.7386784212335
Nifty 200 TRI,2011-11-29,2433.8471974947593
Nifty 200 TRI,2011-11-30,2441.172278448028
Nifty 200 TRI,2011-12-01,2487.308756071783
Nifty 200 TRI,2011-12-02,2544.1569307765994
Nifty 200 TRI,2011-12-05,2541.3093825190654
Nifty 200 TRI,2011-12-07,2550.841941927271
Nifty 200 TRI,2011-12-08,2493.2548480727583
Nifty 200 TRI,2011-12-09,2457.739490523997
Nifty 200 TRI,2011-12-12,2405.695942399879
Nifty 200 TRI,2011-12-13,2418.455296170576
Nifty 200 TRI,2011-12-14,2398.9253214523437
Nifty 200 TRI,2011-12-15,2390.3588130911517
Nifty 200 TRI,2011-12-16,2343.5641622501626
Nifty 200 TRI,2011-12-19,2318.1572262500135
Nifty 200 TRI,2011-12-20,2279.5530591215293
Nifty 200 TRI,2011-12-21,2345.437473023133
Nifty 200 TRI,2011-12-22,2367.204239694513
Nifty 200 TRI,2011-12-23,2356.2192762284067
Nifty 200 TRI,2011-12-26,2385.6030396340852
Nifty 200 TRI,2011-12-27,2369.836829488609
Nifty 200 TRI,2011-12-28,2346.772947741373
Nifty 200 TRI,2011-12-29,2321.543402321198
Nifty 200 TRI,2011-12-30,2313.6239347071273
Nifty 200 TRI,2012-01-02,2318.097062917999
Nifty 200 TRI,2012-01-03,2383.0064630796837
Nifty 200 TRI,2012-01-04,2377.8057148456633
Nifty 200 TRI,2012-01-05,2378.795738986672
Nifty 200 TRI,2012-01-06,2378.326104106635
Nifty 200 TRI,2012-01-09,2379.786844233463
Nifty 200 TRI,2012-01-10,2434.3432755798167
Nifty 200 TRI,2012-01-11,2445.304142420623
Nifty 200 TRI,2012-01-12,2438.996352871544
Nifty 200 TRI,2012-01-13,2457.1078862423187
Nifty 200 TRI,2012-01-16,2461.6487347967573
Nifty 200 TRI,2012-01-17,2505.697053719495
Nifty 200 TRI,2012-01-18,2495.1098213356518
Nifty 200 TRI,2012-01-19,2527.982365023332
Nifty 200 TRI,2012-01-20,2543.3315975427668
Nifty 200 TRI,2012-01-23,2543.5510125196997
Nifty 200 TRI,2012-01-24,2587.1598382861266
Nifty 200 TRI,2012-01-25,2608.4575308008684
Nifty 200 TRI,2012-01-27,2630.3534680483745
Nifty 200 TRI,2012-01-30,2571.990475172159
Nifty 200 TRI,2012-01-31,2629.8185435775267
Nifty 200 TRI,2012-02-01,2651.929177929026
Nifty 200 TRI,2012-02-02,2669.9096911771035
Nifty 200 TRI,2012-02-03,2697.3641196767876
Nifty 200 TRI,2012-02-06,2721.8385916512784
Nifty 200 TRI,2012-02-07,2703.742782219614
Nifty 200 TRI,2012-02-08,2724.6013392785185
Nifty 200 TRI,2012-02-09,2749.7958601219243
Nifty 200 TRI,2012-02-10,2738.855432791599
Nifty 200 TRI,2012-02-13,2743.380205248412
Nifty 200 TRI,2012-02-14,2758.8512170573804
Nifty 200 TRI,2012-02-15,2819.2874017277704
Nifty 200 TRI,2012-02-16,2820.4962220179546
Nifty 200 TRI,2012-02-17,2840.911859200341
Nifty 200 TRI,2012-02-21,2863.346949646555
Nifty 200 TRI,2012-02-22,2795.985017092271
Nifty 200 TRI,2012-02-23,2785.142337684198
Nifty 200 TRI,2012-02-24,2759.1713291850874
Nifty 200 TRI,2012-02-27,2682.054432427984
Nifty 200 TRI,2012-02-28,2741.6079776125434
Nifty 200 TRI,2012-02-29,2751.136054002595
Nifty 200 TRI,2012-03-01,2729.949643142905
Nifty 200 TRI,2012-03-02,2737.7126842484317
Nifty 200 TRI,2012-03-05,2697.6998621422867
Nifty 200 TRI,2012-03-06,2668.840458807438
Nifty 200 TRI,2012-03-07,2667.0177505464585
Nifty 200 TRI,2012-03-09,2727.796095975489
Nifty 200 TRI,2012-03-12,2745.038325669106
Nifty 200 TRI,2012-03-13,2778.9412421669876
Nifty 200 TRI,2012-03-14,2797.658565690189
Nifty 200 TRI,2012-03-15,2752.646264319913
Nifty 200 TRI,2012-03-16,2720.094701274433
Nifty 200 TRI,2012-03-19,2687.1759746951698
Nifty 200 TRI,2012-03-20,2700.039553841824
Nifty 200 TRI,2012-03-21,2749.2432316688873
Nifty 200 TRI,2012-03-22,2678.8807349021486
Nifty 200 TRI,2012-03-23,2703.758413243556
Nifty 200 TRI,2012-03-26,2656.7962326712964
Nifty 200 TRI,2012-03-27,2683.342425690057
Nifty 200 TRI,2012-03-28,2657.7413910755026
Nifty 200 TRI,2012-03-29,2654.149821938125
Nifty 200 TRI,2012-03-30,2716.7970532197533
Nifty 200 TRI,2012-04-02,2731.4755596234368
Nifty 200 TRI,2012-04-03,2754.2438949025313
Nifty 200 TRI,2012-04-04,2739.8994599637276
Nifty 200 TRI,2012-04-09,2695.2328190921066
Nifty 200 TRI,2012-04-10,2697.904010585798
Nifty 200 TRI,2012-04-11,2687.0390280150577
Nifty 200 TRI,2012-04-12,2711.732538067816
Nifty 200 TRI,2012-04-13,2679.854300891048
Nifty 200 TRI,2012-04-16,2690.747225187685
Nifty 200 TRI,2012-04-17,2721.0528711297006
Nifty 200 TRI,2012-04-18,2726.7567032488164
Nifty 200 TRI,2012-04-19,2738.5238872651466
Nifty 200 TRI,2012-04-20,2716.5417464073084
Nifty 200 TRI,2012-04-23,2670.392971704481
Nifty 200 TRI,2012-04-24,2677.157659351042
Nifty 200 TRI,2012-04-25,2665.983513342762
Nifty 200 TRI,2012-04-26,2657.3856638819498
Nifty 200 TRI,2012-04-27,2656.115044532195
Nifty 200 TRI,2012-04-30,2687.076055690001
Nifty 200 TRI,2012-05-02,2682.716987211612
Nifty 200 TRI,2012-05-03,2655.566770404131
Nifty 200 TRI,2012-05-04,2605.010133038333
Nifty 200 TRI,2012-05-07,2620.958469151141
Nifty 200 TRI,2012-05-08,2565.6917870644775
Nifty 200 TRI,2012-05-09,2548.087117581555
Nifty 200 TRI,2012-05-10,2544.6886305323656
Nifty 200 TRI,2012-05-11,2524.553873545533
Nifty 200 TRI,2012-05-14,2512.0283028422855
Nifty 200 TRI,2012-05-15,2529.259983754298
Nifty 200 TRI,2012-05-16,2488.589308664161
Nifty 200 TRI,2012-05-17,2493.532331789705
Nifty 200 TRI,2012-05-18,2500.5490534983182
Nifty 200 TRI,2012-05-21,2510.3234867214155
Nifty 200 TRI,2012-05-22,2486.8918458846842
Nifty 200 TRI,2012-05-23,2473.5245768809345
Nifty 200 TRI,2012-05-24,2512.006100656975
Nifty 200 TRI,2012-05-25,2515.2820565903157
Nifty 200 TRI,2012-05-28,2549.4961272851865
Nifty 200 TRI,2012-05-29,2550.092226523624
Nifty 200 TRI,2012-05-30,2526.048335197212
Nifty 200 TRI,2012-05-31,2518.4467250416083
Nifty 200 TRI,2012-06-01,2477.803247669112
Nifty 200 TRI,2012-06-04,2478.116781246415
Nifty 200 TRI,2012-06-05,2485.9977801967716
Nifty 200 TRI,2012-06-06,2551.2187689548905
Nifty 200 TRI,2012-06-07,2576.7658017895656
Nifty 200 TRI,2012-06-08,2586.5745186147
Nifty 200 TRI,2012-06-11,2578.193326333062
Nifty 200 TRI,2012-06-12,2608.048439153828
Nifty 200 TRI,2012-06-13,2610.5706200432764
Nifty 200 TRI,2012-06-14,2576.2395074082947
Nifty 200 TRI,2012-06-15,2614.70387100592
Nifty 200 TRI,2012-06-18,2577.1102428353192
Nifty 200 TRI,2012-06-19,2594.5679331355104
Nifty 200 TRI,2012-06-20,2607.9257445012568
Nifty 200 TRI,2012-06-21,2632.0190168170725
Nifty 200 TRI,2012-06-22,2624.3140427351914
Nifty 200 TRI,2012-06-25,2610.8176374435893
Nifty 200 TRI,2012-06-26,2616.7847388739533
Nifty 200 TRI,2012-06-27,2627.715465228092
Nifty 200 TRI,2012-06-28,2631.6576692862686
Nifty 200 TRI,2012-06-29,2695.214523454911
Nifty 200 TRI,2012-07-02,2700.5155043172226
Nifty 200 TRI,2012-07-03,2710.336944802688
Nifty 200 TRI,2012-07-04,2720.0071999653114
Nifty 200 TRI,2012-07-05,2733.9337987742133
Nifty 200 TRI,2012-07-06,2726.02572087535
Nifty 200 TRI,2012-07-09,2700.9812018665816
Nifty 200 TRI,2012-07-10,2735.886596888268
Nifty 200 TRI,2012-07-11,2719.0592656990516
Nifty 200 TRI,2012-07-12,2687.890178223966
Nifty 200 TRI,2012-07-13,2682.0564472468145
Nifty 200 TRI,2012-07-16,2667.7450051908004
Nifty 200 TRI,2012-07-17,2661.7575292339825
Nifty 200 TRI,2012-07-18,2673.1542479182576
Nifty 200 TRI,2012-07-19,2684.804948773217
Nifty 200 TRI,2012-07-20,2669.085393428504
Nifty 200 TRI,2012-07-23,2625.46901029721
Nifty 200 TRI,2012-07-24,2632.3041050950874
Nifty 200 TRI,2012-07-25,2622.004482930728
Nifty 200 TRI,2012-07-26,2584.9862181757308
Nifty 200 TRI,2012-07-27,2604.1407791145207
Nifty 200 TRI,2012-07-30,2655.5784654585445
Nifty 200 TRI,2012-07-31,2669.769042296997
Nifty 200 TRI,2012-08-01,2678.6867172947022
Nifty 200 TRI,2012-08-02,2676.4994726693067
Nifty 200 TRI,2012-08-03,2670.0015262230354
Nifty 200 TRI,2012-08-06,2699.802573769163
Nifty 200 TRI,2012-08-07,2722.772323164535
Nifty 200 TRI,2012-08-08,2720.129711629685
Nifty 200 TRI,2012-08-09,2712.668220912686
Nifty 200 TRI,2012-08-10,2710.887231925572
Nifty 200 TRI,2012-08-13,2728.4738932686028
Nifty 200 TRI,2012-08-14,2742.623247052651
Nifty 200 TRI,2012-08-16,2734.242960465496
Nifty 200 TRI,2012-08-17,2734.8975655057484
Nifty 200 TRI,2012-08-21,2758.525607918377
Nifty 200 TRI,2012-08-22,2752.787326656869
Nifty 200 TRI,2012-08-23,2751.8189134691156
Nifty 200 TRI,2012-08-24,2737.5540892184804
Nifty 200 TRI,2012-08-27,2717.339171813116
Nifty 200 TRI,2012-08-28,2706.5732891466587
Nifty 200 TRI,2012-08-29,2685.3502530047285
Nifty 200 TRI,2012-08-30,2698.744624361146
Nifty 200 TRI,2012-08-31,2675.7939275152708
Nifty 200 TRI,2012-09-03,2674.453140388858
Nifty 200 TRI,2012-09-04,2687.64620099665
Nifty 200 TRI,2012-09-05,2665.046536066552
Nifty 200 TRI,2012-09-06,2671.6396628379275
Nifty 200 TRI,2012-09-07,2719.2088452418707
Nifty 200 TRI,2012-09-10,2732.548016652522
Nifty 200 TRI,2012-09-11,2743.9689951091877
Nifty 200 TRI,2012-09-12,2761.2311931736444
Nifty 200 TRI,2012-09-13,2761.1763331190896
Nifty 200 TRI,2012-09-14,2823.0826530960185
Nifty 200 TRI,2012-09-17,2845.8325408468327
Nifty 200 TRI,2012-09-18,2850.3015847592274
Nifty 200 TRI,2012-09-20,2830.0823596317177
Nifty 200 TRI,2012-09-21,2895.8670372421047
Nifty 200 TRI,2012-09-24,2890.2807692125857
Nifty 200 TRI,2012-09-25,2895.7177577134953
Nifty 200 TRI,2012-09-26,2893.5337453903967
Nifty 200 TRI,2012-09-27,2893.280542159467
Nifty 200 TRI,2012-09-28,2923.209826013858
Nifty 200 TRI,2012-10-01,2934.344384893335
Nifty 200 TRI,2012-10-03,2944.2586883563895
Nifty 200 TRI,2012-10-04,2970.943692392576
Nifty 200 TRI,2012-10-05,2950.464473910832
Nifty 200 TRI,2012-10-08,2917.889887504515
Nifty 200 TRI,2012-10-09,2933.4461268823843
Nifty 200 TRI,2012-10-10,2904.421867184207
Nifty 200 TRI,2012-10-11,2935.331345901878
Nifty 200 TRI,2012-10-12,2922.7765446334583
Nifty 200 TRI,2012-10-15,2926.747205935625
Nifty 200 TRI,2012-10-16,2905.3941971398385
Nifty 200 TRI,2012-10-17,2910.4798440516106
Nifty 200 TRI,2012-10-18,2941.1938184512496
Nifty 200 TRI,2012-10-19,2923.906840140505
Nifty 200 TRI,2012-10-22,2937.6938746908268
Nifty 200 TRI,2012-10-23,2925.1342319450882
Nifty 200 TRI,2012-10-25,2931.1392641004727
Nifty 200 TRI,2012-10-29,2904.2374005682136
Nifty 200 TRI,2012-10-30,2871.1727927569996
Nifty 200 TRI,2012-10-31,2887.1462846323525
Nifty 200 TRI,2012-11-01,2903.629890435322
Nifty 200 TRI,2012-11-02,2928.6107571450016
Nifty 200 TRI,2012-11-05,2929.9390870058687
Nifty 200 TRI,2012-11-06,2940.524633044099
Nifty 200 TRI,2012-11-07,2961.440425160833
Nifty 200 TRI,2012-11-08,2954.1156683558484
Nifty 200 TRI,2012-11-09,2927.8091420057817
Nifty 200 TRI,2012-11-12,2934.6343106053832
Nifty 200 TRI,2012-11-15,2916.774568528331
Nifty 200 TRI,2012-11-16,2886.5407121950993
Nifty 200 TRI,2012-11-19,2879.0074310995915
Nifty 200 TRI,2012-11-20,2874.4765529037954
Nifty 200 TRI,2012-11-21,2895.3496042914962
Nifty 200 TRI,2012-11-22,2904.5651433799194
Nifty 200 TRI,2012-11-23,2906.093337858405
Nifty 200 TRI,2012-11-26,2918.2659163877775
Nifty 200 TRI,2012-11-27,2965.4707934567696
Nifty 200 TRI,2012-11-29,3012.683595729532
Nifty 200 TRI,2012-11-30,3041.1560907756234
Nifty 200 TRI,2012-12-03,3045.4512988062293
Nifty 200 TRI,2012-12-04,3057.018997323069
Nifty 200 TRI,2012-12-05,3063.5449810557966
Nifty 200 TRI,2012-12-06,3082.0416037202917
Nifty 200 TRI,2012-12-07,3070.587400903804
Nifty 200 TRI,2012-12-10,3075.49814415874
Nifty 200 TRI,2012-12-11,3066.538624683628
Nifty 200 TRI,2012-12-12,3062.571247678603
Nifty 200 TRI,2012-12-13,3039.6502535019004
Nifty 200 TRI,2012-12-14,3056.265934389099
Nifty 200 TRI,2012-12-17,3051.1887187900134
Nifty 200 TRI,2012-12-18,3074.2789797588425
Nifty 200 TRI,2012-12-19,3092.631655771117
Nifty 200 TRI,2012-12-20,3087.2879702863584
Nifty 200 TRI,2012-12-21,3048.562504324973
Nifty 200 TRI,2012-12-24,3053.7790473780906
Nifty 200 TRI,2012-12-26,3078.665906970405
Nifty 200 TRI,2012-12-27,3061.749251445483
Nifty 200 TRI,2012-12-28,3083.165886762981
Nifty 200 TRI,2012-12-31,3085.532271015644
Nifty 200 TRI,2013-01-01,3113.0705682226667
Nifty 200 TRI,2013-01-02,3134.5946081968345
Nifty 200 TRI,2013-01-03,3145.514886627614
Nifty 200 TRI,2013-01-04,3150.2659409466337
Nifty 200 TRI,2013-01-07,3141.013276463587
Nifty 200 TRI,2013-01-08,3146.47897699679
Nifty 200 TRI,2013-01-09,3131.647867747959
Nifty 200 TRI,2013-01-10,3128.18861149692
Nifty 200 TRI,2013-01-11,3109.9893790982824
Nifty 200 TRI,2013-01-14,3149.9009968353107
Nifty 200 TRI,2013-01-15,3165.2132320371697
Nifty 200 TRI,2013-01-16,3132.0659927582915
Nifty 200 TRI,2013-01-17,3148.653739561184
Nifty 200 TRI,2013-01-18,3157.3867285354054
Nifty 200 TRI,2013-01-21,3166.445905398225
Nifty 200 TRI,2013-01-22,3145.0268856683892
Nifty 200 TRI,2013-01-23,3142.484783887108
Nifty 200 TRI,2013-01-24,3111.6237171928924
Nifty 200 TRI,2013-01-25,3146.227864210156
Nifty 200 TRI,2013-01-28,3147.8885540117367
Nifty 200 TRI,2013-01-29,3132.0773209036347
Nifty 200 TRI,2013-01-30,3134.0762680179755
Nifty 200 TRI,2013-01-31,3131.8903933204515
Nifty 200 TRI,2013-02-01,3118.271513327671
Nifty 200 TRI,2013-02-04,3108.852672283181
Nifty 200 TRI,2013-02-05,3092.5764949611257
Nifty 200 TRI,2013-02-06,3095.850980472886
Nifty 200 TRI,2013-02-07,3081.666306718472
Nifty 200 TRI,2013-02-08,3062.4264927737486
Nifty 200 TRI,2013-02-11,3060.045185638481
Nifty 200 TRI,2013-02-12,3069.344122474835
Nifty 200 TRI,2013-02-13,3067.767738855391
Nifty 200 TRI,2013-02-14,3043.570098831079
Nifty 200 TRI,2013-02-15,3042.2480095449473
Nifty 200 TRI,2013-02-18,3050.384445877517
Nifty 200 TRI,2013-02-19,3074.4962589543106
Nifty 200 TRI,2013-02-20,3074.9626012638582
Nifty 200 TRI,2013-02-21,3024.5573982817473
Nifty 200 TRI,2013-02-22,3025.43052119239
Nifty 200 TRI,2013-02-25,3021.1540255931654
Nifty 200 TRI,2013-02-26,2973.5985400096865
Nifty 200 TRI,2013-02-27,2994.138362769241
Nifty 200 TRI,2013-02-28,2934.317566778354
Nifty 200 TRI,2013-03-01,2950.055009368139
Nifty 200 TRI,2013-03-04,2933.1997866823126
Nifty 200 TRI,2013-03-05,2978.6780004433135
Nifty 200 TRI,2013-03-06,2997.741231637709
Nifty 200 TRI,2013-03-07,3018.696399138447
Nifty 200 TRI,2013-03-08,3058.7145867397485
Nifty 200 TRI,2013-03-11,3058.834713661675
Nifty 200 TRI,2013-03-12,3042.792024761291
Nifty 200 TRI,2013-03-13,3008.3990521488813
Nifty 200 TRI,2013-03-14,3037.435883839003
Nifty 200 TRI,2013-03-15,3019.141689130145
Nifty 200 TRI,2013-03-18,3002.796504429335
Nifty 200 TRI,2013-03-19,2954.5916377347658
Nifty 200 TRI,2013-03-20,2920.1870047724988
Nifty 200 TRI,2013-03-21,2899.4307903684116
Nifty 200 TRI,2013-03-22,2895.340708833902
Nifty 200 TRI,2013-03-25,2886.0348584094136
Nifty 200 TRI,2013-03-26,2889.0514899747927
Nifty 200 TRI,2013-03-28,2917.4335113288166
Nifty 200 TRI,2013-04-01,2933.803964728777
Nifty 200 TRI,2013-04-02,2960.3001968258113
Nifty 200 TRI,2013-04-03,2924.497528665871
Nifty 200 TRI,2013-04-04,2873.1934461523
Nifty 200 TRI,2013-04-05,2864.8035121265743
Nifty 200 TRI,2013-04-08,2861.117149290877
Nifty 200 TRI,2013-04-09,2836.4053453017036
Nifty 200 TRI,2013-04-10,2866.5379452009715
Nifty 200 TRI,2013-04-11,2881.426029094936
Nifty 200 TRI,2013-04-12,2857.6844189439175
Nifty 200 TRI,2013-04-15,2873.4412882226693
Nifty 200 TRI,2013-04-16,2930.9596187926427
Nifty 200 TRI,2013-04-17,2933.62203048261
Nifty 200 TRI,2013-04-18,2978.556939999535
Nifty 200 TRI,2013-04-22,3010.456641929236
Nifty 200 TRI,2013-04-23,3008.9250457477992
Nifty 200 TRI,2013-04-25,3045.5850583863416
Nifty 200 TRI,2013-04-26,3024.038582979739
Nifty 200 TRI,2013-04-29,3044.37748574427
Nifty 200 TRI,2013-04-30,3058.974554263429
Nifty 200 TRI,2013-05-02,3095.8516396676337
Nifty 200 TRI,2013-05-03,3071.4855984372775
Nifty 200 TRI,2013-05-06,3087.942506716117
Nifty 200 TRI,2013-05-07,3123.848474903219
Nifty 200 TRI,2013-05-08,3134.4576673948486
Nifty 200 TRI,2013-05-09,3123.0963813782128
Nifty 200 TRI,2013-05-10,3144.871474931098
Nifty 200 TRI,2013-05-13,3090.8584254127923
Nifty 200 TRI,2013-05-14,3100.0342528255396
Nifty 200 TRI,2013-05-15,3174.2166698876586
Nifty 200 TRI,2013-05-16,3187.5455859778185
Nifty 200 TRI,2013-05-17,3198.775227977521
Nifty 200 TRI,2013-05-20,3181.7459764714754
Nifty 200 TRI,2013-05-21,3159.2117141960202
Nifty 200 TRI,2013-05-22,3146.103964618982
Nifty 200 TRI,2013-05-23,3081.1398435869232
Nifty 200 TRI,2013-05-24,3092.727020681237
Nifty 200 TRI,2013-05-27,3141.330576305896
Nifty 200 TRI,2013-05-28,3155.125134740877
Nifty 200 TRI,2013-05-29,3148.625339180205
Nifty 200 TRI,2013-05-30,3154.4258336789235
Nifty 200 TRI,2013-05-31,3092.1087017969735
Nifty 200 TRI,2013-06-03,3075.726067952284
Nifty 200 TRI,2013-06-04,3071.221237529033
Nifty 200 TRI,2013-06-05,3074.303058938734
Nifty 200 TRI,2013-06-06,3072.053498303117
Nifty 200 TRI,2013-06-07,3049.6043737898513
Nifty 200 TRI,2013-06-10,3039.7759477090217
Nifty 200 TRI,2013-06-11,2991.326019067042
Nifty 200 TRI,2013-06-12,2973.331224615066
Nifty 200 TRI,2013-06-13,2937.079950141511
Nifty 200 TRI,2013-06-14,2991.079246215242
Nifty 200 TRI,2013-06-17,3013.7058930414573
Nifty 200 TRI,2013-06-18,3001.9138974012117
Nifty 200 TRI,2013-06-19,3009.867233425847
Nifty 200 TRI,2013-06-20,2926.368990177981
Nifty 200 TRI,2013-06-21,2921.035365051719
Nifty 200 TRI,2013-06-24,2873.073607035695
Nifty 200 TRI,2013-06-25,2877.843334083477
Nifty 200 TRI,2013-06-26,2868.864782789795
Nifty 200 TRI,2013-06-27,2910.3172403177323
Nifty 200 TRI,2013-06-28,2989.7899704303477
Nifty 200 TRI,2013-07-01,3030.0785210007034
Nifty 200 TRI,2013-07-02,3009.5066414221255
Nifty 200 TRI,2013-07-03,2963.840165029084
Nifty 200 TRI,2013-07-04,2994.478362471983
Nifty 200 TRI,2013-07-05,3007.054786062219
Nifty 200 TRI,2013-07-08,2983.559587922232
Nifty 200 TRI,2013-07-09,3009.9950750966814
Nifty 200 TRI,2013-07-10,2989.6218942366163
Nifty 200 TRI,2013-07-11,3041.8268769022725
Nifty 200 TRI,2013-07-12,3073.708368493418
Nifty 200 TRI,2013-07-15,3090.5135622796647
Nifty 200 TRI,2013-07-16,3050.1680463226926
Nifty 200 TRI,2013-07-17,3052.4836899230922
Nifty 200 TRI,2013-07-18,3087.093327938429
Nifty 200 TRI,2013-07-19,3077.6013495773927
Nifty 200 TRI,2013-07-22,3077.619717865524
Nifty 200 TRI,2013-07-23,3098.78250628498
Nifty 200 TRI,2013-07-24,3049.95285498297
Nifty 200 TRI,2013-07-25,3011.1850743309587
Nifty 200 TRI,2013-07-26,2995.319621308676
Nifty 200 TRI,2013-07-29,2964.4094084745057
Nifty 200 TRI,2013-07-30,2919.211250975693
Nifty 200 TRI,2013-07-31,2913.767095663264
Nifty 200 TRI,2013-08-01,2897.5351359014994
Nifty 200 TRI,2013-08-02,2871.3366873488967
Nifty 200 TRI,2013-08-05,2878.217181772577
Nifty 200 TRI,2013-08-06,2804.6450636065147
Nifty 200 TRI,2013-08-07,2802.843145796403
Nifty 200 TRI,2013-08-08,2827.090943112369
Nifty 200 TRI,2013-08-12,2855.188895114524
Nifty 200 TRI,2013-08-13,2900.820542911384
Nifty 200 TRI,2013-08-14,2922.25042039812
Nifty 200 TRI,2013-08-16,2805.6884820374416
Nifty 200 TRI,2013-08-19,2755.9736423551967
Nifty 200 TRI,2013-08-20,2746.6131891687305
Nifty 200 TRI,2013-08-21,2699.007697406399
Nifty 200 TRI,2013-08-22,2746.3448510288217
Nifty 200 TRI,2013-08-23,2778.77719444834
Nifty 200 TRI,2013-08-26,2784.933023876322
Nifty 200 TRI,2013-08-27,2692.0223616233307
Nifty 200 TRI,2013-08-28,2683.4796854135507
Nifty 200 TRI,2013-08-29,2742.808358086875
Nifty 200 TRI,2013-08-30,2772.8834552821663
Nifty 200 TRI,2013-09-02,2814.318130965104
Nifty 200 TRI,2013-09-03,2714.5454826101422
Nifty 200 TRI,2013-09-04,2764.6822888094994
Nifty 200 TRI,2013-09-05,2835.034696016969
Nifty 200 TRI,2013-09-06,2873.709617821755
Nifty 200 TRI,2013-09-10,2975.0418356323394
Nifty 200 TRI,2013-09-11,2991.4542518405633
Nifty 200 TRI,2013-09-12,2960.230563596712
Nifty 200 TRI,2013-09-13,2963.987936489926
Nifty 200 TRI,2013-09-16,2958.7457809890034
Nifty 200 TRI,2013-09-17,2960.290992725734
Nifty 200 TRI,2013-09-18,2984.06484859802
Nifty 200 TRI,2013-09-19,3090.2223487121137
Nifty 200 TRI,2013-09-20,3043.144215374884
Nifty 200 TRI,2013-09-23,2987.731861217345
Nifty 200 TRI,2013-09-24,2989.896142796876
Nifty 200 TRI,2013-09-25,2984.6493102621785
Nifty 200 TRI,2013-09-26,2987.688455344442
Nifty 200 TRI,2013-09-27,2969.0586810691734
Nifty 200 TRI,2013-09-30,2924.1258359756075
Nifty 200 TRI,2013-10-01,2945.8501613971544
Nifty 200 TRI,2013-10-03,3008.1458799051625
Nifty 200 TRI,2013-10-04,3009.796773114559
Nifty 200 TRI,2013-10-07,3013.359819067833
Nifty 200 TRI,2013-10-08,3022.528869263645
Nifty 200 TRI,2013-10-09,3061.3070064301214
Nifty 200 TRI,2013-10-10,3070.838705652873
Nifty 200 TRI,2013-10-11,3101.9998923483818
Nifty 200 TRI,2013-10-14,3111.753769339085
Nifty 200 TRI,2013-10-15,3095.12505361793
Nifty 200 TRI,2013-10-17,3075.462015165547
Nifty 200 TRI,2013-10-18,3141.3998534843968
Nifty 200 TRI,2013-10-21,3156.826871720676
Nifty 200 TRI,2013-10-22,3159.82348866858
Nifty 200 TRI,2013-10-23,3149.9407030208713
Nifty 200 TRI,2013-10-24,3142.426945348278
Nifty 200 TRI,2013-10-25,3129.55465724176
Nifty 200 TRI,2013-10-28,3104.8958204649225
Nifty 200 TRI,2013-10-29,3163.07907399471
Nifty 200 TRI,2013-10-30,3178.8050345665483
Nifty 200 TRI,2013-10-31,3206.436029530208
Nifty 200 TRI,2013-11-01,3216.8563880511288
Nifty 200 TRI,2013-11-05,3201.6940302341873
Nifty 200 TRI,2013-11-06,3183.9216516378715
Nifty 200 TRI,2013-11-07,3162.333423203087
Nifty 200 TRI,2013-11-08,3144.6613318554205
Nifty 200 TRI,2013-11-11,3114.9396222677365
Nifty 200 TRI,2013-11-12,3086.179037439355
Nifty 200 TRI,2013-11-13,3070.666339289901
Nifty 200 TRI,2013-11-14,3107.9486846707628
Nifty 200 TRI,2013-11-18,3171.040823131169
Nifty 200 TRI,2013-11-19,3178.2691973824208
Nifty 200 TRI,2013-11-20,3140.8391116335843
Nifty 200 TRI,2013-11-21,3080.5085148206795
Nifty 200 TRI,2013-11-22,3080.462833187514
Nifty 200 TRI,2013-11-25,3138.041894587985
Nifty 200 TRI,2013-11-26,3112.77519787654
Nifty 200 TRI,2013-11-27,3113.040173808222
Nifty 200 TRI,2013-11-28,3131.978446816673
Nifty 200 TRI,2013-11-29,3173.460940017209
Nifty 200 TRI,2013-12-02,3196.1368374214944
Nifty 200 TRI,2013-12-03,3189.0268166155734
Nifty 200 TRI,2013-12-04,3166.850443468935
Nifty 200 TRI,2013-12-05,3202.615901122058
Nifty 200 TRI,2013-12-06,3212.7392469441984
Nifty 200 TRI,2013-12-09,3260.4528497503056
Nifty 200 TRI,2013-12-10,3244.5186448390955
Nifty 200 TRI,2013-12-11,3231.421737298144
Nifty 200 TRI,2013-12-12,3200.157466299967
Nifty 200 TRI,2013-12-13,3163.9359794337415
Nifty 200 TRI,2013-12-16,3163.5490667658974
Nifty 200 TRI,2013-12-17,3158.2926417623457
Nifty 200 TRI,2013-12-18,3199.5460213919255
Nifty 200 TRI,2013-12-19,3178.5454082156884
Nifty 200 TRI,2013-12-20,3233.586180681644
Nifty 200 TRI,2013-12-23,3243.480737258605
Nifty 200 TRI,2013-12-24,3240.0843429044503
Nifty 200 TRI,2013-12-26,3246.7679037014836
Nifty 200 TRI,2013-12-27,3265.472039330492
Nifty 200 TRI,2013-12-30,3255.1800849316387
Nifty 200 TRI,2013-12-31,3264.3329517984994
Nifty 200 TRI,2014-01-01,3267.030695883417
Nifty 200 TRI,2014-01-02,3220.611623347103
Nifty 200 TRI,2014-01-03,3220.5704142138
Nifty 200 TRI,2014-01-06,3215.0234471957306
Nifty 200 TRI,2014-01-07,3197.212030768162
Nifty 200 TRI,2014-01-08,3205.952234428524
Nifty 200 TRI,2014-01-09,3197.7481777465464
Nifty 200 TRI,2014-01-10,3194.8132196733686
Nifty 200 TRI,2014-01-13,3234.2649835341704
Nifty 200 TRI,2014-01-14,3221.151819057272
Nifty 200 TRI,2014-01-15,3255.472246144192
Nifty 200 TRI,2014-01-16,3249.90328205389
Nifty 200 TRI,2014-01-17,3217.5144595181823
Nifty 200 TRI,2014-01-20,3242.4559482601767
Nifty 200 TRI,2014-01-21,3247.6871459717663
Nifty 200 TRI,2014-01-22,3258.9141616250804
Nifty 200 TRI,2014-01-23,3259.5980076947367
Nifty 200 TRI,2014-01-24,3216.036789845967
Nifty 200 TRI,2014-01-27,3142.869540728488
Nifty 200 TRI,2014-01-28,3138.9485378607424
Nifty 200 TRI,2014-01-29,3138.8528028306064
Nifty 200 TRI,2014-01-30,3108.7715676693706
Nifty 200 TRI,2014-01-31,3130.3888965594315
Nifty 200 TRI,2014-02-03,3088.2702315548913
Nifty 200 TRI,2014-02-04,3090.447773516911
Nifty 200 TRI,2014-02-05,3103.226034118223
Nifty 200 TRI,2014-02-06,3110.626953059064
Nifty 200 TRI,2014-02-07,3124.648155260902
Nifty 200 TRI,2014-02-10,3118.4112170691014
Nifty 200 TRI,2014-02-11,3122.969556379619
Nifty 200 TRI,2014-02-12,3131.562498744493
Nifty 200 TRI,2014-02-13,3089.724441845945
Nifty 200 TRI,2014-02-14,3110.007059383482
Nifty 200 TRI,2014-02-17,3120.269663967069
Nifty 200 TRI,2014-02-18,3147.5920719352503
Nifty 200 TRI,2014-02-19,3161.102876263702
Nifty 200 TRI,2014-02-20,3135.4492235430357
Nifty 200 TRI,2014-02-21,3166.655507055954
Nifty 200 TRI,2014-02-24,3180.1346095266867
Nifty 200 TRI,2014-02-25,3187.5434014048374
Nifty 200 TRI,2014-02-26,3203.6981601543507
Nifty 200 TRI,2014-02-28,3227.1098726568684
Nifty 200 TRI,2014-03-03,3203.954070800863
Nifty 200 TRI,2014-03-04,3241.748430856938
Nifty 200 TRI,2014-03-05,3260.0313425240784
Nifty 200 TRI,2014-03-06,3298.5547315196313
Nifty 200 TRI,2014-03-07,3352.713965394472
Nifty 200 TRI,2014-03-10,3361.3013741698996
Nifty 200 TRI,2014-03-11,3347.182858380229
Nifty 200 TRI,2014-03-12,3348.75080043789
Nifty 200 TRI,2014-03-13,3334.9415401726906
Nifty 200 TRI,2014-03-14,3339.4605871909043
Nifty 200 TRI,2014-03-18,3354.6917484316987
Nifty 200 TRI,2014-03-19,3360.144336059944
Nifty 200 TRI,2014-03-20,3339.0816014144334
Nifty 200 TRI,2014-03-21,3348.521992521567
Nifty 200 TRI,2014-03-24,3389.6924802382596
Nifty 200 TRI,2014-03-25,3396.8050726486144
Nifty 200 TRI,2014-03-26,3404.4880119219442
Nifty 200 TRI,2014-03-27,3425.3290465275636
Nifty 200 TRI,2014-03-28,3461.8162889483265
Nifty 200 TRI,2014-03-31,3475.0839387397536
Nifty 200 TRI,2014-04-01,3479.8697977919715
Nifty 200 TRI,2014-04-02,3504.3447766016934
Nifty 200 TRI,2014-04-03,3492.447653847282
Nifty 200 TRI,2014-04-04,3476.663718901881
Nifty 200 TRI,2014-04-07,3476.5662258951625
Nifty 200 TRI,2014-04-09,3529.9847955558357
Nifty 200 TRI,2014-04-10,3538.142851865392
Nifty 200 TRI,2014-04-11,3528.8352304627297
Nifty 200 TRI,2014-04-15,3502.2238236994162
Nifty 200 TRI,2014-04-16,3471.503914424232
Nifty 200 TRI,2014-04-17,3524.918437091094
Nifty 200 TRI,2014-04-21,3548.1261426088226
Nifty 200 TRI,2014-04-22,3547.3184308826676
Nifty 200 TRI,2014-04-23,3558.1252499766615
Nifty 200 TRI,2014-04-25,3535.61246990389
Nifty 200 TRI,2014-04-28,3530.179379704427
Nifty 200 TRI,2014-04-29,3505.4623292429887
Nifty 200 TRI,2014-04-30,3487.226263178275
Nifty 200 TRI,2014-05-02,3490.584962748257
Nifty 200 TRI,2014-05-05,3491.9927537464105
Nifty 200 TRI,2014-05-06,3499.94940686679
Nifty 200 TRI,2014-05-07,3471.126045064833
Nifty 200 TRI,2014-05-08,3472.7012949815394
Nifty 200 TRI,2014-05-09,3569.2180935078077
Nifty 200 TRI,2014-05-12,3642.185137398085
Nifty 200 TRI,2014-05-13,3696.848033862455
Nifty 200 TRI,2014-05-14,3709.380331540206
Nifty 200 TRI,2014-05-15,3709.3039924707036
Nifty 200 TRI,2014-05-16,3759.4082879984585
Nifty 200 TRI,2014-05-19,3819.386836009219
Nifty 200 TRI,2014-05-20,3831.614897705275
Nifty 200 TRI,2014-05-21,3827.5462471247383
Nifty 200 TRI,2014-05-22,3853.1147022228374
Nifty 200 TRI,2014-05-23,3906.091291903082
Nifty 200 TRI,2014-05-26,3885.8969390948287
Nifty 200 TRI,2014-05-27,3859.454562050278
Nifty 200 TRI,2014-05-28,3868.883833267876
Nifty 200 TRI,2014-05-29,3824.216262597335
Nifty 200 TRI,2014-05-30,3826.895478531972
Nifty 200 TRI,2014-06-02,3898.074707257986
Nifty 200 TRI,2014-06-03,3927.3949940450802
Nifty 200 TRI,2014-06-04,3932.778673954696
Nifty 200 TRI,2014-06-05,3974.7213915738444
Nifty 200 TRI,2014-06-06,4035.7778812277547
Nifty 200 TRI,2014-06-09,4076.4574869255493
Nifty 200 TRI,2014-06-10,4074.21264497493
Nifty 200 TRI,2014-06-11,4050.048178329138
Nifty 200 TRI,2014-06-12,4060.8916784340167
Nifty 200 TRI,2014-06-13,3991.6891337966463
Nifty 200 TRI,2014-06-16,3989.8788700868095
Nifty 200 TRI,2014-06-17,4042.595268354938
Nifty 200 TRI,2014-06-18,4005.279438446377
Nifty 200 TRI,2014-06-19,3992.536165025818
Nifty 200 TRI,2014-06-20,3976.206711914905
Nifty 200 TRI,2014-06-23,3974.6540678816223
Nifty 200 TRI,2014-06-24,4023.381799313689
Nifty 200 TRI,2014-06-25,4022.2769286888306
Nifty 200 TRI,2014-06-26,3988.3797578340877
Nifty 200 TRI,2014-06-27,3999.070691030282
Nifty 200 TRI,2014-06-30,4059.371327923589
Nifty 200 TRI,2014-07-01,4074.8483192125955
Nifty 200 TRI,2014-07-02,4126.60805619543
Nifty 200 TRI,2014-07-03,4120.932218486562
Nifty 200 TRI,2014-07-04,4140.155656837154
Nifty 200 TRI,2014-07-07,4156.815504438248
Nifty 200 TRI,2014-07-08,4049.393949859355
Nifty 200 TRI,2014-07-09,4020.681332330687
Nifty 200 TRI,2014-07-10,4019.0555075883185
Nifty 200 TRI,2014-07-11,3948.222901763408
Nifty 200 TRI,2014-07-14,3949.421808286401
Nifty 200 TRI,2014-07-15,3997.4567442968237
Nifty 200 TRI,2014-07-16,4048.8754195458314
Nifty 200 TRI,2014-07-17,4066.9610765720086
Nifty 200 TRI,2014-07-18,4071.4736042184954
Nifty 200 TRI,2014-07-21,4080.5400250849852
Nifty 200 TRI,2014-07-22,4116.419675199544
Nifty 200 TRI,2014-07-23,4125.044112230898
Nifty 200 TRI,2014-07-24,4137.8307581146
Nifty 200 TRI,2014-07-25,4109.729300956722
Nifty 200 TRI,2014-07-28,4090.70711723837
Nifty 200 TRI,2014-07-30,4114.826581425922
Nifty 200 TRI,2014-07-31,4086.926397522903
Nifty 200 TRI,2014-08-01,4031.1856338154175
Nifty 200 TRI,2014-08-04,4074.1821724508823
Nifty 200 TRI,2014-08-05,4107.060697891762
Nifty 200 TRI,2014-08-06,4071.139567516888
Nifty 200 TRI,2014-08-07,4058.480216298507
Nifty 200 TRI,2014-08-08,4008.3977542914954
Nifty 200 TRI,2014-08-11,4039.5343922331845
Nifty 200 TRI,2014-08-12,4087.3075812599477
Nifty 200 TRI,2014-08-13,4080.4765543464623
Nifty 200 TRI,2014-08-14,4111.803961373757
Nifty 200 TRI,2014-08-18,4161.588046988971
Nifty 200 TRI,2014-08-19,4181.8855939834075
Nifty 200 TRI,2014-08-20,4175.3165334366195
Nifty 200 TRI,2014-08-21,4186.711445184613
Nifty 200 TRI,2014-08-22,4196.180847727803
Nifty 200 TRI,2014-08-25,4184.127088207107
Nifty 200 TRI,2014-08-26,4183.754244928828
Nifty 200 TRI,2014-08-27,4200.4122385366845
Nifty 200 TRI,2014-08-28,4204.3109630030285
Nifty 200 TRI,2014-09-01,4255.434795864924
Nifty 200 TRI,2014-09-02,4285.27842833506
Nifty 200 TRI,2014-09-03,4306.78913622375
Nifty 200 TRI,2014-09-04,4296.782451526352
Nifty 200 TRI,2014-09-05,4294.589935494032
Nifty 200 TRI,2014-09-08,4342.98192470389
Nifty 200 TRI,2014-09-09,4340.8950257231645
Nifty 200 TRI,2014-09-10,4313.118622161957
Nifty 200 TRI,2014-09-11,4318.273530474947
Nifty 200 TRI,2014-09-12,4329.4221995536755
Nifty 200 TRI,2014-09-15,4304.239543939605
Nifty 200 TRI,2014-09-16,4225.534827294315
Nifty 200 TRI,2014-09-17,4248.304860418527
Nifty 200 TRI,2014-09-18,4324.867964634463
Nifty 200 TRI,2014-09-19,4323.14410050293
Nifty 200 TRI,2014-09-22,4333.71628765192
Nifty 200 TRI,2014-09-23,4260.102217304096
Nifty 200 TRI,2014-09-24,4245.9678863601775
Nifty 200 TRI,2014-09-25,4187.4649565086975
Nifty 200 TRI,2014-09-26,4224.891649156769
Nifty 200 TRI,2014-09-29,4227.269293030849
Nifty 200 TRI,2014-09-30,4230.234578138144
Nifty 200 TRI,2014-10-01,4218.651067790617
Nifty 200 TRI,2014-10-07,4170.256760004476
Nifty 200 TRI,2014-10-08,4165.34486253079
Nifty 200 TRI,2014-10-09,4231.685550616782
Nifty 200 TRI,2014-10-10,4174.768122192549
Nifty 200 TRI,2014-10-13,4190.1312460222225
Nifty 200 TRI,2014-10-14,4181.201700118618
Nifty 200 TRI,2014-10-16,4108.661350610473
Nifty 200 TRI,2014-10-17,4130.616638634043
Nifty 200 TRI,2014-10-20,4186.002609506671
Nifty 200 TRI,2014-10-21,4215.8433024981205
Nifty 200 TRI,2014-10-22,4254.609936419359
Nifty 200 TRI,2014-10-27,4253.587692811794
Nifty 200 TRI,2014-10-28,4272.0070459691215
Nifty 200 TRI,2014-10-29,4303.999638095506
Nifty 200 TRI,2014-10-30,4343.14531269666
Nifty 200 TRI,2014-10-31,4422.177164182524
Nifty 200 TRI,2014-11-03,4432.617858276876
Nifty 200 TRI,2014-11-05,4438.831190139211
Nifty 200 TRI,2014-11-07,4443.165827926098
Nifty 200 TRI,2014-11-10,4448.232561548035
Nifty 200 TRI,2014-11-11,4465.258237248091
Nifty 200 TRI,2014-11-12,4482.389152836755
Nifty 200 TRI,2014-11-13,4467.036295300572
Nifty 200 TRI,2014-11-14,4488.816490244064
Nifty 200 TRI,2014-11-17,4514.103817815769
Nifty 200 TRI,2014-11-18,4520.950032514536
Nifty 200 TRI,2014-11-19,4494.8865446648415
Nifty 200 TRI,2014-11-20,4501.522880812841
Nifty 200 TRI,2014-11-21,4532.661549464079
Nifty 200 TRI,2014-11-24,4557.802522582983
Nifty 200 TRI,2014-11-25,4513.239054704327
Nifty 200 TRI,2014-11-26,4521.4974861732835
Nifty 200 TRI,2014-11-27,4535.399648176009
Nifty 200 TRI,2014-11-28,4586.19455984948
Nifty 200 TRI,2014-12-01,4573.459512919952
Nifty 200 TRI,2014-12-02,4569.283125140111
Nifty 200 TRI,2014-12-03,4591.9705594972265
Nifty 200 TRI,2014-12-04,4607.655839824479
Nifty 200 TRI,2014-12-05,4590.152081022402
Nifty 200 TRI,2014-12-08,4536.014113861811
Nifty 200 TRI,2014-12-09,4477.208953204828
Nifty 200 TRI,2014-12-10,4494.6710702386645
Nifty 200 TRI,2014-12-11,4460.169142789969
Nifty 200 TRI,2014-12-12,4419.234932666246
Nifty 200 TRI,2014-12-15,4412.74989988579
Nifty 200 TRI,2014-12-16,4321.036757439708
Nifty 200 TRI,2014-12-17,4302.051876088915
Nifty 200 TRI,2014-12-18,4389.21621316574
Nifty 200 TRI,2014-12-19,4419.126363219339
Nifty 200 TRI,2014-12-22,4469.853924520807
Nifty 200 TRI,2014-12-23,4440.7763663903315
Nifty 200 TRI,2014-12-24,4401.654097899039
Nifty 200 TRI,2014-12-26,4419.174284896689
Nifty 200 TRI,2014-12-29,4447.891350029715
Nifty 200 TRI,2014-12-30,4456.8371854998
Nifty 200 TRI,2014-12-31,4481.635056268754
Nifty 200 TRI,2015-01-01,4487.129984654099
Nifty 200 TRI,2015-01-02,4542.58986062087
Nifty 200 TRI,2015-01-05,4535.432633166442
Nifty 200 TRI,2015-01-06,4401.323385542575
Nifty 200 TRI,2015-01-07,4393.420799813655
Nifty 200 TRI,2015-01-08,4466.628666154419
Nifty 200 TRI,2015-01-09,4486.358944161052
Nifty 200 TRI,2015-01-12,4508.031573936622
Nifty 200 TRI,2015-01-13,4498.19388543118
Nifty 200 TRI,2015-01-14,4489.088475668696
Nifty 200 TRI,2015-01-15,4594.29967395829
Nifty 200 TRI,2015-01-16,4611.369419609541
Nifty 200 TRI,2015-01-19,4631.228296642765
Nifty 200 TRI,2015-01-20,4693.272509005959
Nifty 200 TRI,2015-01-21,4708.4120524134305
Nifty 200 TRI,2015-01-22,4723.238218358115
Nifty 200 TRI,2015-01-23,4759.950878087857
Nifty 200 TRI,2015-01-27,4800.892748541945
Nifty 200 TRI,2015-01-28,4808.655745074378
Nifty 200 TRI,2015-01-29,4821.551845332824
Nifty 200 TRI,2015-01-30,4757.358500909101
Nifty 200 TRI,2015-02-02,4760.3771869439615
Nifty 200 TRI,2015-02-03,4734.251594248703
Nifty 200 TRI,2015-02-04,4715.19596015139
Nifty 200 TRI,2015-02-05,4695.771685534647
Nifty 200 TRI,2015-02-06,4666.707735378729
Nifty 200 TRI,2015-02-09,4593.648106480885
Nifty 200 TRI,2015-02-10,4619.430015923415
Nifty 200 TRI,2015-02-11,4664.4942550596
Nifty 200 TRI,2015-02-12,4715.272404741502
Nifty 200 TRI,2015-02-13,4762.020005002299
Nifty 200 TRI,2015-02-16,4760.900448989738
Nifty 200 TRI,2015-02-18,4796.087130585099
Nifty 200 TRI,2015-02-19,4805.585221810752
Nifty 200 TRI,2015-02-20,4781.646723762429
Nifty 200 TRI,2015-02-23,4740.22185729719
Nifty 200 TRI,2015-02-24,4741.699913918252
Nifty 200 TRI,2015-02-25,4741.658227650295
Nifty 200 TRI,2015-02-26,4696.167108555567
Nifty 200 TRI,2015-02-27,4786.50009759017
Nifty 200 TRI,2015-03-02,4847.720166319194
Nifty 200 TRI,2015-03-03,4874.21106922958
Nifty 200 TRI,2015-03-04,4831.494249017482
Nifty 200 TRI,2015-03-05,4846.661466480945
Nifty 200 TRI,2015-03-09,4755.522287545575
Nifty 200 TRI,2015-03-10,4735.02821524351
Nifty 200 TRI,2015-03-11,4725.493359417236
Nifty 200 TRI,2015-03-12,4775.274871363681
Nifty 200 TRI,2015-03-13,4705.267635531837
Nifty 200 TRI,2015-03-16,4694.016900311246
Nifty 200 TRI,2015-03-17,4745.852061528144
Nifty 200 TRI,2015-03-18,4732.1185576523485
Nifty 200 TRI,2015-03-19,4705.479191458137
Nifty 200 TRI,2015-03-20,4663.676336426604
Nifty 200 TRI,2015-03-23,4646.279522276035
Nifty 200 TRI,2015-03-24,4638.783562317201
Nifty 200 TRI,2015-03-25,4633.070767743822
Nifty 200 TRI,2015-03-26,4544.7658365873485
Nifty 200 TRI,2015-03-27,4544.821503002417
Nifty 200 TRI,2015-03-30,4624.233993957032
Nifty 200 TRI,2015-03-31,4627.913404980888
Nifty 200 TRI,2015-04-01,4680.613692166076
Nifty 200 TRI,2015-04-06,4724.643094637383
Nifty 200 TRI,2015-04-07,4735.046693730323
Nifty 200 TRI,2015-04-08,4766.449755057787
Nifty 200 TRI,2015-04-09,4795.2823907467155
Nifty 200 TRI,2015-04-10,4802.487245817681
Nifty 200 TRI,2015-04-13,4831.350061005452
Nifty 200 TRI,2015-04-15,4788.003493239309
Nifty 200 TRI,2015-04-16,4761.864664208883
Nifty 200 TRI,2015-04-17,4701.7476166579545
Nifty 200 TRI,2015-04-20,4612.176164255377
Nifty 200 TRI,2015-04-21,4576.992243026234
Nifty 200 TRI,2015-04-22,4599.791746987448
Nifty 200 TRI,2015-04-23,4588.031204903009
Nifty 200 TRI,2015-04-24,4529.678679843898
Nifty 200 TRI,2015-04-27,4466.543064435792
Nifty 200 TRI,2015-04-28,4512.405572360194
Nifty 200 TRI,2015-04-29,4498.905830129711
Nifty 200 TRI,2015-04-30,4476.053521583204
Nifty 200 TRI,2015-05-04,4559.287739241292
Nifty 200 TRI,2015-05-05,4562.916866115561
Nifty 200 TRI,2015-05-06,4429.919268808411
Nifty 200 TRI,2015-05-07,4389.664749009673
Nifty 200 TRI,2015-05-08,4465.442798367191
Nifty 200 TRI,2015-05-11,4543.01943135321
Nifty 200 TRI,2015-05-12,4440.898557461525
Nifty 200 TRI,2015-05-13,4504.44498345397
Nifty 200 TRI,2015-05-14,4514.2762026152905
Nifty 200 TRI,2015-05-15,4535.041646050476
Nifty 200 TRI,2015-05-18,4592.982939436648
Nifty 200 TRI,2015-05-19,4591.252426542758
Nifty 200 TRI,2015-05-20,4615.599223532241
Nifty 200 TRI,2015-05-21,4611.609193800407
Nifty 200 TRI,2015-05-22,4629.543732062794
Nifty 200 TRI,2015-05-25,4593.278367432159
Nifty 200 TRI,2015-05-26,4580.241916637594
Nifty 200 TRI,2015-05-27,4576.144476778948
Nifty 200 TRI,2015-05-28,4564.631280698803
Nifty 200 TRI,2015-05-29,4627.586756504138
Nifty 200 TRI,2015-06-01,4626.762785053119
Nifty 200 TRI,2015-06-02,4518.835388277183
Nifty 200 TRI,2015-06-03,4458.031061504159
Nifty 200 TRI,2015-06-04,4458.504123340224
Nifty 200 TRI,2015-06-05,4454.6111328209245
Nifty 200 TRI,2015-06-08,4409.208059840165
Nifty 200 TRI,2015-06-09,4397.000150991731
Nifty 200 TRI,2015-06-10,4450.4534379431125
Nifty 200 TRI,2015-06-11,4366.898811470763
Nifty 200 TRI,2015-06-12,4374.5250468221275
Nifty 200 TRI,2015-06-15,4390.565937898866
Nifty 200 TRI,2015-06-16,4409.718651526772
Nifty 200 TRI,2015-06-17,4444.239884083639
Nifty 200 TRI,2015-06-18,4487.131737944224
Nifty 200 TRI,2015-06-19,4514.289845701206
Nifty 200 TRI,2015-06-22,4584.774993136758
Nifty 200 TRI,2015-06-23,4597.991274296552
Nifty 200 TRI,2015-06-24,4581.572283777228
Nifty 200 TRI,2015-06-25,4603.265018406545
Nifty 200 TRI,2015-06-26,4595.89985975822
Nifty 200 TRI,2015-06-29,4555.531306895293
Nifty 200 TRI,2015-06-30,4588.072857228584
Nifty 200 TRI,2015-07-01,4637.4132169717805
Nifty 200 TRI,2015-07-02,4643.211384680144
Nifty 200 TRI,2015-07-03,4658.751451129015
Nifty 200 TRI,2015-07-06,4683.997002667183
Nifty 200 TRI,2015-07-07,4686.110807425115
Nifty 200 TRI,2015-07-08,4610.227073554553
Nifty 200 TRI,2015-07-09,4593.062161513303
Nifty 200 TRI,2015-07-10,4606.18165775907
Nifty 200 TRI,2015-07-13,4662.189855926555
Nifty 200 TRI,2015-07-14,4662.4077123205325
Nifty 200 TRI,2015-07-15,4694.074575426718
Nifty 200 TRI,2015-07-16,4742.601573013807
Nifty 200 TRI,2015-07-17,4747.879621894142
Nifty 200 TRI,2015-07-20,4746.0123644780115
Nifty 200 TRI,2015-07-21,4696.28242488422
Nifty 200 TRI,2015-07-22,4750.879356289812
Nifty 200 TRI,2015-07-23,4734.027310020052
Nifty 200 TRI,2015-07-24,4697.096640184484
Nifty 200 TRI,2015-07-27,4615.012234524072
Nifty 200 TRI,2015-07-28,4601.261559760428
Nifty 200 TRI,2015-07-29,4625.457624210784
Nifty 200 TRI,2015-07-30,4654.13600623044
Nifty 200 TRI,2015-07-31,4712.649437177137
Nifty 200 TRI,2015-08-03,4726.222508522324
Nifty 200 TRI,2015-08-04,4727.813087790315
Nifty 200 TRI,2015-08-05,4759.769257491914
Nifty 200 TRI,2015-08-06,4770.481593890861
Nifty 200 TRI,2015-08-07,4757.522324949093
Nifty 200 TRI,2015-08-10,4739.677989504024
Nifty 200 TRI,2015-08-11,4703.040583340674
Nifty 200 TRI,2015-08-12,4629.435655784031
Nifty 200 TRI,2015-08-13,4627.279419380378
Nifty 200 TRI,2015-08-14,4719.148898170405
Nifty 200 TRI,2015-08-17,4707.466700592139
Nifty 200 TRI,2015-08-18,4708.371257551617
Nifty 200 TRI,2015-08-19,4720.141511053414
Nifty 200 TRI,2015-08-20,4649.78719673632
Nifty 200 TRI,2015-08-21,4612.341858349979
Nifty 200 TRI,2015-08-24,4310.183696472688
Nifty 200 TRI,2015-08-25,4362.036776061783
Nifty 200 TRI,2015-08-26,4320.881852689475
Nifty 200 TRI,2015-08-27,4415.948476570106
Nifty 200 TRI,2015-08-28,4441.693775979588
Nifty 200 TRI,2015-08-31,4423.749225832395
Nifty 200 TRI,2015-09-01,4324.806392103334
Nifty 200 TRI,2015-09-02,4290.553161630406
Nifty 200 TRI,2015-09-03,4347.22407750786
Nifty 200 TRI,2015-09-04,4255.708975442501
Nifty 200 TRI,2015-09-07,4192.771926708459
Nifty 200 TRI,2015-09-08,4252.510610656081
Nifty 200 TRI,2015-09-09,4328.352739968934
Nifty 200 TRI,2015-09-10,4316.629097227261
Nifty 200 TRI,2015-09-11,4319.209754144648
Nifty 200 TRI,2015-09-14,4369.6629125692625
Nifty 200 TRI,2015-09-15,4343.15611414098
Nifty 200 TRI,2015-09-16,4365.800834490628
Nifty 200 TRI,2015-09-18,4408.40297018072
Nifty 200 TRI,2015-09-21,4413.834119656283
Nifty 200 TRI,2015-09-22,4331.135122961368
Nifty 200 TRI,2015-09-23,4346.972852294628
Nifty 200 TRI,2015-09-24,4358.797712402998
Nifty 200 TRI,2015-09-28,4324.448045096702
Nifty 200 TRI,2015-09-29,4346.679982158621
Nifty 200 TRI,2015-09-30,4409.692724052727
Nifty 200 TRI,2015-10-01,4415.342628241459
Nifty 200 TRI,2015-10-05,4508.740106410284
Nifty 200 TRI,2015-10-06,4528.34284658677
Nifty 200 TRI,2015-10-07,4538.911221807193
Nifty 200 TRI,2015-10-08,4509.060045642417
Nifty 200 TRI,2015-10-09,4534.529841101049
Nifty 200 TRI,2015-10-12,4515.3524333592295
Nifty 200 TRI,2015-10-13,4510.068973205059
Nifty 200 TRI,2015-10-14,4501.032554210291
Nifty 200 TRI,2015-10-15,4534.0123449230605
Nifty 200 TRI,2015-10-16,4561.3917763163645
Nifty 200 TRI,2015-10-19,4585.397617619511
Nifty 200 TRI,2015-10-20,4583.075245249813
Nifty 200 TRI,2015-10-21,4574.250785684011
Nifty 200 TRI,2015-10-23,4588.213558546631
Nifty 200 TRI,2015-10-26,4569.032111417814
Nifty 200 TRI,2015-10-27,4560.469614170444
Nifty 200 TRI,2015-10-28,4530.7564888441475
Nifty 200 TRI,2015-10-29,4499.560806050998
Nifty 200 TRI,2015-10-30,4477.669370240501
Nifty 200 TRI,2015-11-02,4471.745618017
Nifty 200 TRI,2015-11-03,4480.418235385389
Nifty 200 TRI,2015-11-04,4471.321254731927
Nifty 200 TRI,2015-11-05,4419.8589396996995
Nifty 200 TRI,2015-11-06,4415.096399728711
Nifty 200 TRI,2015-11-09,4405.990059120042
Nifty 200 TRI,2015-11-10,4333.515158524272
Nifty 200 TRI,2015-11-13,4323.658448654355
Nifty 200 TRI,2015-11-16,4340.3608131064375
Nifty 200 TRI,2015-11-17,4360.726962401545
Nifty 200 TRI,2015-11-18,4310.189096324036
Nifty 200 TRI,2015-11-19,4369.713333142518
Nifty 200 TRI,2015-11-20,4383.467906762864
Nifty 200 TRI,2015-11-23,4382.609873200348
Nifty 200 TRI,2015-11-24,4376.625699702412
Nifty 200 TRI,2015-11-26,4401.970701940143
Nifty 200 TRI,2015-11-27,4430.655958478659
Nifty 200 TRI,2015-11-30,4427.4736955064545
Nifty 200 TRI,2015-12-01,4445.629407875868
Nifty 200 TRI,2015-12-02,4435.569202065938
Nifty 200 TRI,2015-12-03,4400.730823419971
Nifty 200 TRI,2015-12-04,4356.201794264669
Nifty 200 TRI,2015-12-07,4350.680209015608
Nifty 200 TRI,2015-12-08,4311.544013113673
Nifty 200 TRI,2015-12-09,4254.771329191655
Nifty 200 TRI,2015-12-10,4294.055858271357
Nifty 200 TRI,2015-12-11,4253.907353063339
Nifty 200 TRI,2015-12-14,4275.967464756501
Nifty 200 TRI,2015-12-15,4304.66668969784
Nifty 200 TRI,2015-12-16,4329.978119345246
Nifty 200 TRI,2015-12-17,4386.278232111467
Nifty 200 TRI,2015-12-18,4350.466177234657
Nifty 200 TRI,2015-12-21,4388.699595774529
Nifty 200 TRI,2015-12-22,4366.23309332116
Nifty 200 TRI,2015-12-23,4405.751943777043
Nifty 200 TRI,2015-12-24,4407.391130715949
Nifty 200 TRI,2015-12-28,4438.0062970413555
Nifty 200 TRI,2015-12-29,4443.250695492832
Nifty 200 TRI,2015-12-30,4427.50993233279
Nifty 200 TRI,2015-12-31,4453.47457924108
Nifty 200 TRI,2016-01-01,4471.810357545965
Nifty 200 TRI,2016-01-04,4386.686006865262
Nifty 200 TRI,2016-01-05,4390.657024110313
Nifty 200 TRI,2016-01-06,4368.920880549061
Nifty 200 TRI,2016-01-07,4262.529370837703
Nifty 200 TRI,2016-01-08,4288.919978517481
Nifty 200 TRI,2016-01-11,4263.185418866147
Nifty 200 TRI,2016-01-12,4232.427174668622
Nifty 200 TRI,2016-01-13,4248.535682256236
Nifty 200 TRI,2016-01-14,4226.151962208584
Nifty 200 TRI,2016-01-15,4153.34176415803
Nifty 200 TRI,2016-01-18,4088.5041635635707
Nifty 200 TRI,2016-01-19,4138.5504647289445
Nifty 200 TRI,2016-01-20,4066.891082444067
Nifty 200 TRI,2016-01-21,4048.1015831124173
Nifty 200 TRI,2016-01-22,4131.034125467584
Nifty 200 TRI,2016-01-25,4140.807796172109
Nifty 200 TRI,2016-01-27,4144.866687826605
Nifty 200 TRI,2016-01-28,4135.836177176344
Nifty 200 TRI,2016-01-29,4211.25922540167
Nifty 200 TRI,2016-02-01,4211.759120218633
Nifty 200 TRI,2016-02-02,4151.74178842345
Nifty 200 TRI,2016-02-03,4097.609503943708
Nifty 200 TRI,2016-02-04,4114.57468385307
Nifty 200 TRI,2016-02-05,4171.921302136811
Nifty 200 TRI,2016-02-08,4127.680830648914
Nifty 200 TRI,2016-02-09,4070.8298218046843
Nifty 200 TRI,2016-02-10,4022.6253762782253
Nifty 200 TRI,2016-02-11,3886.262193148287
Nifty 200 TRI,2016-02-12,3884.011227244867
Nifty 200 TRI,2016-02-15,3993.9826782001
Nifty 200 TRI,2016-02-16,3920.922516224805
Nifty 200 TRI,2016-02-17,3950.417264604556
Nifty 200 TRI,2016-02-18,3991.7520770553565
Nifty 200 TRI,2016-02-19,4000.440559918556
Nifty 200 TRI,2016-02-22,4017.483641155926
Nifty 200 TRI,2016-02-23,3952.1580168181295
Nifty 200 TRI,2016-02-24,3903.5007520841486
Nifty 200 TRI,2016-02-25,3874.3275470010094
Nifty 200 TRI,2016-02-26,3903.2458207503582
Nifty 200 TRI,2016-02-29,3887.568490110484
Nifty 200 TRI,2016-03-01,4015.008767449495
Nifty 200 TRI,2016-03-02,4095.401770494578
Nifty 200 TRI,2016-03-03,4149.08443917932
Nifty 200 TRI,2016-03-04,4162.138245599234
Nifty 200 TRI,2016-03-08,4164.426787207245
Nifty 200 TRI,2016-03-09,4186.461375311833
Nifty 200 TRI,2016-03-10,4162.330649791311
Nifty 200 TRI,2016-03-11,4173.7410980202885
Nifty 200 TRI,2016-03-14,4190.017646208552
Nifty 200 TRI,2016-03-15,4149.1984910621595
Nifty 200 TRI,2016-03-16,4161.4604584144145
Nifty 200 TRI,2016-03-17,4172.607569205059
Nifty 200 TRI,2016-03-18,4220.4226467922235
Nifty 200 TRI,2016-03-21,4277.790745885928
Nifty 200 TRI,2016-03-22,4286.39262041963
Nifty 200 TRI,2016-03-23,4288.138720068614
Nifty 200 TRI,2016-03-28,4229.889368606401
Nifty 200 TRI,2016-03-29,4221.2140246875915
Nifty 200 TRI,2016-03-30,4297.919140076147
Nifty 200 TRI,2016-03-31,4307.959992954249
Nifty 200 TRI,2016-04-01,4299.339693061639
Nifty 200 TRI,2016-04-04,4322.128560826606
Nifty 200 TRI,2016-04-05,4239.115666041266
Nifty 200 TRI,2016-04-06,4250.060390008017
Nifty 200 TRI,2016-04-07,4216.123270701848
Nifty 200 TRI,2016-04-08,4225.206620573182
Nifty 200 TRI,2016-04-11,4284.691728313045
Nifty 200 TRI,2016-04-12,4308.618488838142
Nifty 200 TRI,2016-04-13,4381.162379629119
Nifty 200 TRI,2016-04-18,4421.038736218717
Nifty 200 TRI,2016-04-20,4424.54362332013
Nifty 200 TRI,2016-04-21,4420.6567060389325
Nifty 200 TRI,2016-04-22,4416.715989520794
Nifty 200 TRI,2016-04-25,4393.557937522888
Nifty 200 TRI,2016-04-26,4448.0986945066325
Nifty 200 TRI,2016-04-27,4458.473655189884
Nifty 200 TRI,2016-04-28,4388.436142237273
Nifty 200 TRI,2016-04-29,4392.636379536662
Nifty 200 TRI,2016-05-02,4385.650791119407
Nifty 200 TRI,2016-05-03,4351.4207127489335
Nifty 200 TRI,2016-05-04,4319.58354074751
Nifty 200 TRI,2016-05-05,4331.766666754973
Nifty 200 TRI,2016-05-06,4334.7944031309635
Nifty 200 TRI,2016-05-09,4402.495089816128
Nifty 200 TRI,2016-05-10,4411.861350763468
Nifty 200 TRI,2016-05-11,4394.234586770722
Nifty 200 TRI,2016-05-12,4425.5381189364525
Nifty 200 TRI,2016-05-13,4383.04381229499
Nifty 200 TRI,2016-05-16,4402.999447115971
Nifty 200 TRI,2016-05-17,4417.853073885996
Nifty 200 TRI,2016-05-18,4410.607034980219
Nifty 200 TRI,2016-05-19,4359.901491276194
Nifty 200 TRI,2016-05-20,4340.029955935793
Nifty 200 TRI,2016-05-23,4329.038345928445
Nifty 200 TRI,2016-05-24,4333.399758198842
Nifty 200 TRI,2016-05-25,4424.483565829544
Nifty 200 TRI,2016-05-26,4493.62603503438
Nifty 200 TRI,2016-05-27,4544.233993089293
Nifty 200 TRI,2016-05-30,4559.314647342593
Nifty 200 TRI,2016-05-31,4548.446719328098
Nifty 200 TRI,2016-06-01,4555.0550440926445
Nifty 200 TRI,2016-06-02,4578.1814228755
Nifty 200 TRI,2016-06-03,4576.425230456981
Nifty 200 TRI,2016-06-06,4565.985947160462
Nifty 200 TRI,2016-06-07,4600.734686488363
Nifty 200 TRI,2016-06-08,4609.904538416581
Nifty 200 TRI,2016-06-09,4577.449431156308
Nifty 200 TRI,2016-06-10,4558.903455100272
Nifty 200 TRI,2016-06-13,4526.5509550539655
Nifty 200 TRI,2016-06-14,4531.082294794625
Nifty 200 TRI,2016-06-15,4580.020022025798
Nifty 200 TRI,2016-06-16,4549.155101319392
Nifty 200 TRI,2016-06-17,4562.590996817814
Nifty 200 TRI,2016-06-20,4598.211415529559
Nifty 200 TRI,2016-06-21,4593.0420187962045
Nifty 200 TRI,2016-06-22,4583.979853715359
Nifty 200 TRI,2016-06-23,4614.0032970548145
Nifty 200 TRI,2016-06-24,4521.433375697298
Nifty 200 TRI,2016-06-27,4535.032378140874
Nifty 200 TRI,2016-06-28,4557.006258759481
Nifty 200 TRI,2016-06-29,4600.741797552876
Nifty 200 TRI,2016-06-30,4649.654739922435
Nifty 200 TRI,2016-07-01,4681.022427419522
Nifty 200 TRI,2016-07-04,4710.218326468556
Nifty 200 TRI,2016-07-05,4695.021221518071
Nifty 200 TRI,2016-07-07,4694.553037118337
Nifty 200 TRI,2016-07-08,4688.476750862963
Nifty 200 TRI,2016-07-11,4767.623732911541
Nifty 200 TRI,2016-07-12,4797.246967770906
Nifty 200 TRI,2016-07-13,4789.358708295682
Nifty 200 TRI,2016-07-14,4814.715720419931
Nifty 200 TRI,2016-07-15,4802.825630934974
Nifty 200 TRI,2016-07-18,4781.2393857145125
Nifty 200 TRI,2016-07-19,4792.883633053666
Nifty 200 TRI,2016-07-20,4820.221084850913
Nifty 200 TRI,2016-07-21,4793.382649309895
Nifty 200 TRI,2016-07-22,4820.508317650779
Nifty 200 TRI,2016-07-25,4873.656872002393
Nifty 200 TRI,2016-07-26,4850.1255915515585
Nifty 200 TRI,2016-07-27,4868.0751979681845
Nifty 200 TRI,2016-07-28,4895.636242337141
Nifty 200 TRI,2016-07-29,4888.548299354432
Nifty 200 TRI,2016-08-01,4892.163889170708
Nifty 200 TRI,2016-08-02,4878.453074542232
Nifty 200 TRI,2016-08-03,4825.8653237991375
Nifty 200 TRI,2016-08-04,4835.808641046127
Nifty 200 TRI,2016-08-05,4913.683874739799
Nifty 200 TRI,2016-08-08,4936.851501704098
Nifty 200 TRI,2016-08-09,4917.049594328887
Nifty 200 TRI,2016-08-10,4855.636769314059
Nifty 200 TRI,2016-08-11,4865.423414228356
Nifty 200 TRI,2016-08-12,4908.169870341035
Nifty 200 TRI,2016-08-16,4901.65170870324
Nifty 200 TRI,2016-08-17,4902.466283328299
Nifty 200 TRI,2016-08-18,4931.972144938944
Nifty 200 TRI,2016-08-19,4935.459407684363
Nifty 200 TRI,2016-08-22,4911.241765516483
Nifty 200 TRI,2016-08-23,4908.796725109272
Nifty 200 TRI,2016-08-24,4926.018159228716
Nifty 200 TRI,2016-08-25,4895.623002910637
Nifty 200 TRI,2016-08-26,4890.077447681798
Nifty 200 TRI,2016-08-29,4908.716117677994
Nifty 200 TRI,2016-08-30,4978.965330313664
Nifty 200 TRI,2016-08-31,4999.186686548615
Nifty 200 TRI,2016-09-01,4989.741398075598
Nifty 200 TRI,2016-09-02,5010.392111698672
Nifty 200 TRI,2016-09-06,5087.289126576019
Nifty 200 TRI,2016-09-07,5079.823307280718
Nifty 200 TRI,2016-09-08,5101.765021102542
Nifty 200 TRI,2016-09-09,5054.890864500215
Nifty 200 TRI,2016-09-12,4953.607163509282
Nifty 200 TRI,2016-09-14,4974.333928351355
Nifty 200 TRI,2016-09-15,4979.0558456631
Nifty 200 TRI,2016-09-16,4997.5236711578755
Nifty 200 TRI,2016-09-19,5015.277244513908
Nifty 200 TRI,2016-09-20,4998.979198114344
Nifty 200 TRI,2016-09-21,4998.460663710531
Nifty 200 TRI,2016-09-22,5054.700806232642
Nifty 200 TRI,2016-09-23,5041.665549657787
Nifty 200 TRI,2016-09-26,4989.821061476785
Nifty 200 TRI,2016-09-27,4982.025041592446
Nifty 200 TRI,2016-09-28,5010.559955525368
Nifty 200 TRI,2016-09-29,4898.3150810395655
Nifty 200 TRI,2016-09-30,4931.932569103364
Nifty 200 TRI,2016-10-03,5019.95530176873
Nifty 200 TRI,2016-10-04,5042.985284316491
Nifty 200 TRI,2016-10-05,5037.276389126387
Nifty 200 TRI,2016-10-06,5018.989370920839
Nifty 200 TRI,2016-10-07,5011.887271184998
Nifty 200 TRI,2016-10-10,5016.0055990188375
Nifty 200 TRI,2016-10-13,4939.286240201882
Nifty 200 TRI,2016-10-14,4951.667315621931
Nifty 200 TRI,2016-10-17,4913.373976831214
Nifty 200 TRI,2016-10-18,5002.164539228549
Nifty 200 TRI,2016-10-19,4996.34408695181
Nifty 200 TRI,2016-10-20,5016.976477270117
Nifty 200 TRI,2016-10-21,5018.27824723882
Nifty 200 TRI,2016-10-24,5023.577371564781
Nifty 200 TRI,2016-10-25,5016.953031549797
Nifty 200 TRI,2016-10-26,4971.979430240943
Nifty 200 TRI,2016-10-27,4957.532949871931
Nifty 200 TRI,2016-10-28,4983.847313070319
Nifty 200 TRI,2016-11-01,4986.641826529966
Nifty 200 TRI,2016-11-02,4913.368849229494
Nifty 200 TRI,2016-11-03,4884.076239943325
Nifty 200 TRI,2016-11-04,4843.209108680307
Nifty 200 TRI,2016-11-07,4881.070247181675
Nifty 200 TRI,2016-11-08,4905.891809878878
Nifty 200 TRI,2016-11-09,4832.651693732675
Nifty 200 TRI,2016-11-10,4895.253157379504
Nifty 200 TRI,2016-11-11,4752.929285511236
Nifty 200 TRI,2016-11-15,4623.1440340053705
Nifty 200 TRI,2016-11-16,4631.6154988216385
Nifty 200 TRI,2016-11-17,4616.985418738957
Nifty 200 TRI,2016-11-18,4618.70340535072
Nifty 200 TRI,2016-11-21,4525.859285330896
Nifty 200 TRI,2016-11-22,4575.770435756232
Nifty 200 TRI,2016-11-23,4603.757663160013
Nifty 200 TRI,2016-11-24,4570.35768371951
Nifty 200 TRI,2016-11-25,4654.536571526484
Nifty 200 TRI,2016-11-28,4668.275272910677
Nifty 200 TRI,2016-11-29,4680.184330442982
Nifty 200 TRI,2016-11-30,4729.793466157536
Nifty 200 TRI,2016-12-01,4704.4333526710125
Nifty 200 TRI,2016-12-02,4641.423475927308
Nifty 200 TRI,2016-12-05,4668.358278300601
Nifty 200 TRI,2016-12-06,4679.787296843162
Nifty 200 TRI,2016-12-07,4660.213500236942
Nifty 200 TRI,2016-12-08,4742.020852393131
Nifty 200 TRI,2016-12-09,4749.323020347083
Nifty 200 TRI,2016-12-12,4695.856065196454
Nifty 200 TRI,2016-12-13,4712.868238599722
Nifty 200 TRI,2016-12-14,4687.013226497675
Nifty 200 TRI,2016-12-15,4675.858014254483
Nifty 200 TRI,2016-12-16,4667.7600217359
Nifty 200 TRI,2016-12-19,4646.092765004897
Nifty 200 TRI,2016-12-20,4624.039827025878
Nifty 200 TRI,2016-12-21,4615.616753154245
Nifty 200 TRI,2016-12-22,4562.595081060966
Nifty 200 TRI,2016-12-23,4562.4880795023955
Nifty 200 TRI,2016-12-26,4505.431664580883
Nifty 200 TRI,2016-12-27,4580.095407277803
Nifty 200 TRI,2016-12-28,4587.611571923792
Nifty 200 TRI,2016-12-29,4633.242059939032
Nifty 200 TRI,2016-12-30,4678.284938621749
Nifty 200 TRI,2017-01-02,4686.888628669581
Nifty 200 TRI,2017-01-03,4701.3359415955
Nifty 200 TRI,2017-01-04,4701.180249417032
Nifty 200 TRI,2017-01-05,4753.6448169039
Nifty 200 TRI,2017-01-06,4737.811441552092
Nifty 200 TRI,2017-01-09,4737.079045798539
Nifty 200 TRI,2017-01-10,4769.200557466127
Nifty 200 TRI,2017-01-11,4825.277040853576
Nifty 200 TRI,2017-01-12,4839.3047591768045
Nifty 200 TRI,2017-01-13,4835.716200963597
Nifty 200 TRI,2017-01-16,4848.529794437955
Nifty 200 TRI,2017-01-17,4843.81317325
Nifty 200 TRI,2017-01-18,4860.422388470822
Nifty 200 TRI,2017-01-19,4872.574010663608
Nifty 200 TRI,2017-01-20,4816.336977651822
Nifty 200 TRI,2017-01-23,4843.014032158105
Nifty 200 TRI,2017-01-24,4892.832751466693
Nifty 200 TRI,2017-01-25,4963.771828107702
Nifty 200 TRI,2017-01-27,4987.9280628952265
Nifty 200 TRI,2017-01-30,4987.704650210998
Nifty 200 TRI,2017-01-31,4938.114218287377
Nifty 200 TRI,2017-02-01,5030.35561649989
Nifty 200 TRI,2017-02-02,5047.9480320089515
Nifty 200 TRI,2017-02-03,5058.930041641974
Nifty 200 TRI,2017-02-06,5097.31083761784
Nifty 200 TRI,2017-02-07,5079.535916737046
Nifty 200 TRI,2017-02-08,5086.757803322293
Nifty 200 TRI,2017-02-09,5093.9807193467195
Nifty 200 TRI,2017-02-10,5099.698353185072
Nifty 200 TRI,2017-02-13,5101.261216364004
Nifty 200 TRI,2017-02-14,5088.643767197114
Nifty 200 TRI,2017-02-15,5041.826779791536
Nifty 200 TRI,2017-02-16,5086.6379132083875
Nifty 200 TRI,2017-02-17,5113.00700782604
Nifty 200 TRI,2017-02-20,5148.77674794107
Nifty 200 TRI,2017-02-21,5171.010270761785
Nifty 200 TRI,2017-02-22,5171.031356922351
Nifty 200 TRI,2017-02-23,5176.378167286124
Nifty 200 TRI,2017-02-27,5158.49688959388
Nifty 200 TRI,2017-02-28,5157.2272036363765
Nifty 200 TRI,2017-03-01,5187.537149041654
Nifty 200 TRI,2017-03-02,5146.885327964466
Nifty 200 TRI,2017-03-03,5149.165867462967
Nifty 200 TRI,2017-03-06,5184.472399489446
Nifty 200 TRI,2017-03-07,5176.476416373285
Nifty 200 TRI,2017-03-08,5160.515709110286
Nifty 200 TRI,2017-03-09,5160.48325960452
Nifty 200 TRI,2017-03-10,5160.880701529313
Nifty 200 TRI,2017-03-14,5247.621359314997
Nifty 200 TRI,2017-03-15,5257.172844496891
Nifty 200 TRI,2017-03-16,5306.395648090103
Nifty 200 TRI,2017-03-17,5310.136374044027
Nifty 200 TRI,2017-03-20,5298.963736461962
Nifty 200 TRI,2017-03-21,5292.421463798892
Nifty 200 TRI,2017-03-22,5239.145878276673
Nifty 200 TRI,2017-03-23,5276.643455387495
Nifty 200 TRI,2017-03-24,5288.782781455515
Nifty 200 TRI,2017-03-27,5259.404211663248
Nifty 200 TRI,2017-03-28,5291.846934303078
Nifty 200 TRI,2017-03-29,5313.198009066575
Nifty 200 TRI,2017-03-30,5331.588593639038
Nifty 200 TRI,2017-03-31,5338.0242607775035
Nifty 200 TRI,2017-04-03,5375.163132979208
Nifty 200 TRI,2017-04-05,5399.890780017238
Nifty 200 TRI,2017-04-06,5399.543060468326
Nifty 200 TRI,2017-04-07,5368.328095082413
Nifty 200 TRI,2017-04-10,5370.136669567279
Nifty 200 TRI,2017-04-11,5403.6763012410875
Nifty 200 TRI,2017-04-12,5386.087259294595
Nifty 200 TRI,2017-04-13,5360.253263670517
Nifty 200 TRI,2017-04-17,5356.323105375563
Nifty 200 TRI,2017-04-18,5332.477513752458
Nifty 200 TRI,2017-04-19,5340.749967746449
Nifty 200 TRI,2017-04-20,5365.083437502217
Nifty 200 TRI,2017-04-21,5358.482435846089
Nifty 200 TRI,2017-04-24,5413.869439755993
Nifty 200 TRI,2017-04-25,5469.150326743222
Nifty 200 TRI,2017-04-26,5484.70690833776
Nifty 200 TRI,2017-04-27,5478.539852939877
Nifty 200 TRI,2017-04-28,5469.245697938726
Nifty 200 TRI,2017-05-02,5481.342017590143
Nifty 200 TRI,2017-05-03,5477.437679398939
Nifty 200 TRI,2017-05-04,5503.406099680429
Nifty 200 TRI,2017-05-05,5455.716643240372
Nifty 200 TRI,2017-05-08,5476.357062539975
Nifty 200 TRI,2017-05-09,5485.017943936083
Nifty 200 TRI,2017-05-10,5537.688196526239
Nifty 200 TRI,2017-05-11,5547.107139010026
Nifty 200 TRI,2017-05-12,5527.886205139741
Nifty 200 TRI,2017-05-15,5560.729952988896
Nifty 200 TRI,2017-05-16,5592.6993066009645
Nifty 200 TRI,2017-05-17,5592.573618232696
Nifty 200 TRI,2017-05-18,5516.974691045804
Nifty 200 TRI,2017-05-19,5508.106339263446
Nifty 200 TRI,2017-05-22,5499.626302841277
Nifty 200 TRI,2017-05-23,5454.550345261063
Nifty 200 TRI,2017-05-24,5424.68781402413
Nifty 200 TRI,2017-05-25,5507.332233427931
Nifty 200 TRI,2017-05-26,5570.232210083627
Nifty 200 TRI,2017-05-29,5556.575725058757
Nifty 200 TRI,2017-05-30,5576.5252990568815
Nifty 200 TRI,2017-05-31,5585.736038968634
Nifty 200 TRI,2017-06-01,5591.978823454654
Nifty 200 TRI,2017-06-02,5617.599272592152
Nifty 200 TRI,2017-06-05,5636.602976719424
Nifty 200 TRI,2017-06-06,5611.214164403535
Nifty 200 TRI,2017-06-07,5631.927274404537
Nifty 200 TRI,2017-06-08,5629.157103235093
Nifty 200 TRI,2017-06-09,5644.041504123263
Nifty 200 TRI,2017-06-12,5614.5103665370525
Nifty 200 TRI,2017-06-13,5612.009041646318
Nifty 200 TRI,2017-06-14,5618.471743350168
Nifty 200 TRI,2017-06-15,5602.901954346679
Nifty 200 TRI,2017-06-16,5609.418569281872
Nifty 200 TRI,2017-06-19,5640.528727995988
Nifty 200 TRI,2017-06-20,5640.620068702594
Nifty 200 TRI,2017-06-21,5632.339435543545
Nifty 200 TRI,2017-06-22,5621.411808759177
Nifty 200 TRI,2017-06-23,5578.397359764168
Nifty 200 TRI,2017-06-27,5537.911790400946
Nifty 200 TRI,2017-06-28,5533.245280120724
Nifty 200 TRI,2017-06-29,5543.706276574388
Nifty 200 TRI,2017-06-30,5563.461258408242
Nifty 200 TRI,2017-07-03,5620.032235333291
Nifty 200 TRI,2017-07-04,5616.3406956945055
Nifty 200 TRI,2017-07-05,5640.802717107283
Nifty 200 TRI,2017-07-06,5661.375903808913
Nifty 200 TRI,2017-07-07,5658.549895178555
Nifty 200 TRI,2017-07-10,5714.982777996621
Nifty 200 TRI,2017-07-11,5710.644388259393
Nifty 200 TRI,2017-07-12,5736.899917995043
Nifty 200 TRI,2017-07-13,5779.535786660606
Nifty 200 TRI,2017-07-14,5778.172315386258
Nifty 200 TRI,2017-07-17,5792.787719733908
Nifty 200 TRI,2017-07-18,5745.469817876265
Nifty 200 TRI,2017-07-19,5793.576000688089
Nifty 200 TRI,2017-07-20,5778.154974163406
Nifty 200 TRI,2017-07-21,5796.959621554436
Nifty 200 TRI,2017-07-24,5822.124738353728
Nifty 200 TRI,2017-07-25,5827.4680105810685
Nifty 200 TRI,2017-07-26,5854.71390092842
Nifty 200 TRI,2017-07-27,5848.971974120693
Nifty 200 TRI,2017-07-28,5855.344537581991
Nifty 200 TRI,2017-07-31,5889.176724529618
Nifty 200 TRI,2017-08-01,5904.692660773144
Nifty 200 TRI,2017-08-02,5887.159068073899
Nifty 200 TRI,2017-08-03,5851.2858370809245
Nifty 200 TRI,2017-08-04,5886.3852183598565
Nifty 200 TRI,2017-08-07,5901.563003102529
Nifty 200 TRI,2017-08-08,5850.805694748964
Nifty 200 TRI,2017-08-09,5793.659810780682
Nifty 200 TRI,2017-08-10,5711.565626553267
Nifty 200 TRI,2017-08-11,5660.362887507586
Nifty 200 TRI,2017-08-14,5732.234256315454
Nifty 200 TRI,2017-08-16,5795.472560156183
Nifty 200 TRI,2017-08-17,5797.788465528517
Nifty 200 TRI,2017-08-18,5765.140347564971
Nifty 200 TRI,2017-08-21,5707.995850593982
Nifty 200 TRI,2017-08-22,5703.325888830408
Nifty 200 TRI,2017-08-23,5759.447592994737
Nifty 200 TRI,2017-08-24,5770.478288502392
Nifty 200 TRI,2017-08-28,5811.79327079481
Nifty 200 TRI,2017-08-29,5744.967781851345
Nifty 200 TRI,2017-08-30,5805.869068877201
Nifty 200 TRI,2017-08-31,5823.78105344458
Nifty 200 TRI,2017-09-01,5863.300001326485
Nifty 200 TRI,2017-09-04,5827.52900619422
Nifty 200 TRI,2017-09-05,5857.305720776097
Nifty 200 TRI,2017-09-06,5844.947627867861
Nifty 200 TRI,2017-09-07,5860.102802778358
Nifty 200 TRI,2017-09-08,5855.7061095453355
Nifty 200 TRI,2017-09-11,5898.688081356014
Nifty 200 TRI,2017-09-12,5952.09319407757
Nifty 200 TRI,2017-09-13,5939.356022708405
Nifty 200 TRI,2017-09-14,5951.43066654507
Nifty 200 TRI,2017-09-15,5952.562247870009
Nifty 200 TRI,2017-09-18,5991.609201027823
Nifty 200 TRI,2017-09-19,5991.929559883587
Nifty 200 TRI,2017-09-20,5984.6098033852695
Nifty 200 TRI,2017-09-21,5968.076906663605
Nifty 200 TRI,2017-09-22,5857.4140861013475
Nifty 200 TRI,2017-09-25,5795.655140289839
Nifty 200 TRI,2017-09-26,5803.610348158999
Nifty 200 TRI,2017-09-27,5715.2527101209325
Nifty 200 TRI,2017-09-28,5736.810152211623
Nifty 200 TRI,2017-09-29,5759.399730289237
Nifty 200 TRI,2017-10-03,5803.854910447671
Nifty 200 TRI,2017-10-04,5832.359259634919
Nifty 200 TRI,2017-10-05,5827.1984870293545
Nifty 200 TRI,2017-10-06,5881.188413858016
Nifty 200 TRI,2017-10-09,5887.451270666988
Nifty 200 TRI,2017-10-10,5911.030832803228
Nifty 200 TRI,2017-10-11,5884.234357503666
Nifty 200 TRI,2017-10-12,5950.8189473133525
Nifty 200 TRI,2017-10-13,5982.917059772538
Nifty 200 TRI,2017-10-16,6018.100673100369
Nifty 200 TRI,2017-10-17,6027.262859812984
Nifty 200 TRI,2017-10-18,6014.349695955342
Nifty 200 TRI,2017-10-19,5978.599763437439
Nifty 200 TRI,2017-10-23,6004.563189064933
Nifty 200 TRI,2017-10-24,6016.1144131638775
Nifty 200 TRI,2017-10-25,6069.116133091209
Nifty 200 TRI,2017-10-26,6096.458682637369
Nifty 200 TRI,2017-10-27,6093.472853326669
Nifty 200 TRI,2017-10-30,6131.507113871149
Nifty 200 TRI,2017-10-31,6120.219564034363
Nifty 200 TRI,2017-11-01,6177.199975933466
Nifty 200 TRI,2017-11-02,6175.844401054814
Nifty 200 TRI,2017-11-03,6190.119252775626
Nifty 200 TRI,2017-11-06,6198.266100016603
Nifty 200 TRI,2017-11-07,6130.799422736786
Nifty 200 TRI,2017-11-08,6097.090728905114
Nifty 200 TRI,2017-11-09,6115.16556868223
Nifty 200 TRI,2017-11-10,6120.212835964003
Nifty 200 TRI,2017-11-13,6070.752221477518
Nifty 200 TRI,2017-11-14,6050.607284517485
Nifty 200 TRI,2017-11-15,6002.824936408783
Nifty 200 TRI,2017-11-16,6063.414649019229
Nifty 200 TRI,2017-11-17,6111.845658030396
Nifty 200 TRI,2017-11-20,6125.853148784363
Nifty 200 TRI,2017-11-21,6140.6236164571765
Nifty 200 TRI,2017-11-22,6147.03205682368
Nifty 200 TRI,2017-11-23,6151.5395764191535
Nifty 200 TRI,2017-11-24,6178.804146067361
Nifty 200 TRI,2017-11-27,6191.301270188847
Nifty 200 TRI,2017-11-28,6180.113182602614
Nifty 200 TRI,2017-11-29,6173.9214149679265
Nifty 200 TRI,2017-11-30,6104.660889593971
Nifty 200 TRI,2017-12-01,6042.8916665731795
Nifty 200 TRI,2017-12-04,6046.141078889838
Nifty 200 TRI,2017-12-05,6044.887802846417
Nifty 200 TRI,2017-12-06,5997.558819766896
Nifty 200 TRI,2017-12-07,6075.254540618411
Nifty 200 TRI,2017-12-08,6133.122758354372
Nifty 200 TRI,2017-12-11,6164.15152225886
Nifty 200 TRI,2017-12-12,6113.882297178417
Nifty 200 TRI,2017-12-13,6077.793600101284
Nifty 200 TRI,2017-12-14,6104.911754048303
Nifty 200 TRI,2017-12-15,6156.544829031077
Nifty 200 TRI,2017-12-18,6194.9765552524095
Nifty 200 TRI,2017-12-19,6250.751202659247
Nifty 200 TRI,2017-12-20,6248.090666938361
Nifty 200 TRI,2017-12-21,6258.477682310556
Nifty 200 TRI,2017-12-22,6287.131960756923
Nifty 200 TRI,2017-12-26,6312.761064726941
Nifty 200 TRI,2017-12-27,6291.5062049664275
Nifty 200 TRI,2017-12-28,6287.7051245421335
Nifty 200 TRI,2017-12-29,6323.273687281743
Nifty 200 TRI,2018-01-01,6279.077291758435
Nifty 200 TRI,2018-01-02,6272.609910604175
Nifty 200 TRI,2018-01-03,6283.273878478955
Nifty 200 TRI,2018-01-04,6326.356074233833
Nifty 200 TRI,2018-01-05,6369.658028291357
Nifty 200 TRI,2018-01-08,6413.145153575198
Nifty 200 TRI,2018-01-09,6414.351036355742
Nifty 200 TRI,2018-01-10,6406.363400298939
Nifty 200 TRI,2018-01-11,6417.796918191505
Nifty 200 TRI,2018-01-12,6429.884742823913
Nifty 200 TRI,2018-01-15,6454.943151304025
Nifty 200 TRI,2018-01-16,6406.688754971192
Nifty 200 TRI,2018-01-17,6458.60988156297
Nifty 200 TRI,2018-01-18,6443.873534161276
Nifty 200 TRI,2018-01-19,6493.514451566413
Nifty 200 TRI,2018-01-22,6538.123885008948
Nifty 200 TRI,2018-01-23,6604.483751831089
Nifty 200 TRI,2018-01-24,6593.124079602932
Nifty 200 TRI,2018-01-25,6567.121517307705
Nifty 200 TRI,2018-01-29,6584.872194293897
Nifty 200 TRI,2018-01-30,6538.395341004844
Nifty 200 TRI,2018-01-31,6510.425566797249
Nifty 200 TRI,2018-02-01,6500.910072049098
Nifty 200 TRI,2018-02-02,6326.585890746601
Nifty 200 TRI,2018-02-05,6280.918211716628
Nifty 200 TRI,2018-02-06,6181.326561035306
Nifty 200 TRI,2018-02-07,6180.782559978548
Nifty 200 TRI,2018-02-08,6253.212338185616
Nifty 200 TRI,2018-02-09,6197.77564718005
Nifty 200 TRI,2018-02-12,6259.053059893748
Nifty 200 TRI,2018-02-14,6242.665074260379
Nifty 200 TRI,2018-02-15,6248.00580587958
Nifty 200 TRI,2018-02-16,6189.66818418586
Nifty 200 TRI,2018-02-19,6140.53150166331
Nifty 200 TRI,2018-02-20,6134.9733676632195
Nifty 200 TRI,2018-02-21,6149.029145071506
Nifty 200 TRI,2018-02-22,6131.211857011234
Nifty 200 TRI,2018-02-23,6206.347719108694
Nifty 200 TRI,2018-02-26,6261.9891744347415
Nifty 200 TRI,2018-02-27,6242.5383956072765
Nifty 200 TRI,2018-02-28,6212.023076702848
Nifty 200 TRI,2018-03-01,6186.356138913943
Nifty 200 TRI,2018-03-05,6126.948011476572
Nifty 200 TRI,2018-03-06,6062.954096052403
Nifty 200 TRI,2018-03-07,6000.1554991309795
Nifty 200 TRI,2018-03-08,6044.522104957261
Nifty 200 TRI,2018-03-09,6035.795422916747
Nifty 200 TRI,2018-03-12,6135.115790787238
Nifty 200 TRI,2018-03-13,6154.142586794883
Nifty 200 TRI,2018-03-14,6151.798053409884
Nifty 200 TRI,2018-03-15,6132.931807494574
Nifty 200 TRI,2018-03-16,6045.032650036079
Nifty 200 TRI,2018-03-19,5976.144620698304
Nifty 200 TRI,2018-03-20,5996.588675185561
Nifty 200 TRI,2018-03-21,6016.5974485052
Nifty 200 TRI,2018-03-22,5990.41330818521
Nifty 200 TRI,2018-03-23,5923.213238699494
Nifty 200 TRI,2018-03-26,6003.806374866599
Nifty 200 TRI,2018-03-27,6044.111666614549
Nifty 200 TRI,2018-03-28,5999.812658564478
Nifty 200 TRI,2018-04-02,6073.492538568468
Nifty 200 TRI,2018-04-03,6104.534719074779
Nifty 200 TRI,2018-04-04,6035.454693809931
Nifty 200 TRI,2018-04-05,6152.384227183512
Nifty 200 TRI,2018-04-06,6168.699226562507
Nifty 200 TRI,2018-04-09,6193.583934770871
Nifty 200 TRI,2018-04-10,6204.172263797895
Nifty 200 TRI,2018-04-11,6212.360256478797
Nifty 200 TRI,2018-04-12,6227.152683325732
Nifty 200 TRI,2018-04-13,6241.126899543344
Nifty 200 TRI,2018-04-16,6273.067741973192
Nifty 200 TRI,2018-04-17,6284.861975879959
Nifty 200 TRI,2018-04-18,6273.511422856832
Nifty 200 TRI,2018-04-19,6302.33950523041
Nifty 200 TRI,2018-04-20,6295.792968453648
Nifty 200 TRI,2018-04-23,6313.823725309842
Nifty 200 TRI,2018-04-24,6328.079902466756
Nifty 200 TRI,2018-04-25,6304.059189765
Nifty 200 TRI,2018-04-26,6326.397620378425
Nifty 200 TRI,2018-04-27,6370.2534274621885
Nifty 200 TRI,2018-04-30,6403.315203146002
Nifty 200 TRI,2018-05-02,6371.3249359883785
Nifty 200 TRI,2018-05-03,6335.446847424215
Nifty 200 TRI,2018-05-04,6301.095511993044
Nifty 200 TRI,2018-05-07,6357.101481937237
Nifty 200 TRI,2018-05-08,6354.704188287389
Nifty 200 TRI,2018-05-09,6357.0047935777075
Nifty 200 TRI,2018-05-10,6323.24763554753
Nifty 200 TRI,2018-05-11,6366.633008170716
Nifty 200 TRI,2018-05-14,6353.812049623176
Nifty 200 TRI,2018-05-15,6341.52384448043
Nifty 200 TRI,2018-05-16,6313.660459986618
Nifty 200 TRI,2018-05-17,6290.877670137148
Nifty 200 TRI,2018-05-18,6230.93163364604
Nifty 200 TRI,2018-05-21,6171.6916160941555
Nifty 200 TRI,2018-05-22,6192.9525807988375
Nifty 200 TRI,2018-05-23,6137.42008685871
Nifty 200 TRI,2018-05-24,6172.729122420466
Nifty 200 TRI,2018-05-25,6241.165725197356
Nifty 200 TRI,2018-05-28,6302.454360810249
Nifty 200 TRI,2018-05-29,6274.79557268
Nifty 200 TRI,2018-05-30,6263.809738500213
Nifty 200 TRI,2018-05-31,6312.3630967025565
Nifty 200 TRI,2018-06-01,6276.3908832711595
Nifty 200 TRI,2018-06-04,6231.616631080709
Nifty 200 TRI,2018-06-05,6198.589562599681
Nifty 200 TRI,2018-06-06,6261.641966663824
Nifty 200 TRI,2018-06-07,6320.8712433200635
Nifty 200 TRI,2018-06-08,6328.204374820904
Nifty 200 TRI,2018-06-11,6337.626968364697
Nifty 200 TRI,2018-06-12,6374.71654656898
Nifty 200 TRI,2018-06-13,6376.85644048675
Nifty 200 TRI,2018-06-14,6354.654590494443
Nifty 200 TRI,2018-06-15,6348.0414616072285
Nifty 200 TRI,2018-06-18,6334.326691802198
Nifty 200 TRI,2018-06-19,6279.621630027658
Nifty 200 TRI,2018-06-20,6310.810747004752
Nifty 200 TRI,2018-06-21,6288.6010090872405
Nifty 200 TRI,2018-06-22,6332.3773937542155
Nifty 200 TRI,2018-06-25,6291.733994078252
Nifty 200 TRI,2018-06-26,6294.857294877016
Nifty 200 TRI,2018-06-27,6229.846375763726
Nifty 200 TRI,2018-06-28,6170.249132416379
Nifty 200 TRI,2018-06-29,6253.656771134038
Nifty 200 TRI,2018-07-02,6217.647325808433
Nifty 200 TRI,2018-07-03,6246.878149393865
Nifty 200 TRI,2018-07-04,6277.643633687674
Nifty 200 TRI,2018-07-05,6260.402877404999
Nifty 200 TRI,2018-07-06,6278.799196052855
Nifty 200 TRI,2018-07-09,6332.736251455231
Nifty 200 TRI,2018-07-10,6388.094750357847
Nifty 200 TRI,2018-07-11,6378.629244860391
Nifty 200 TRI,2018-07-12,6406.99912885389
Nifty 200 TRI,2018-07-13,6392.933804881803
Nifty 200 TRI,2018-07-16,6320.394612304582
Nifty 200 TRI,2018-07-17,6377.628004734216
Nifty 200 TRI,2018-07-18,6349.101032665863
Nifty 200 TRI,2018-07-19,6329.608856509758
Nifty 200 TRI,2018-07-20,6364.447788336914
Nifty 200 TRI,2018-07-23,6419.077733630316
Nifty 200 TRI,2018-07-24,6470.522443924168
Nifty 200 TRI,2018-07-25,6469.217523454278
Nifty 200 TRI,2018-07-26,6496.837383592341
Nifty 200 TRI,2018-07-27,6559.685265795211
Nifty 200 TRI,2018-07-30,6587.502219464446
Nifty 200 TRI,2018-07-31,6610.418684965934
Nifty 200 TRI,2018-08-01,6609.721384830396
Nifty 200 TRI,2018-08-02,6563.7073107897595
Nifty 200 TRI,2018-08-03,6628.381276304365
Nifty 200 TRI,2018-08-06,6645.41637352813
Nifty 200 TRI,2018-08-07,6644.00721474936
Nifty 200 TRI,2018-08-08,6672.358239710981
Nifty 200 TRI,2018-08-09,6688.707810218345
Nifty 200 TRI,2018-08-10,6660.333305765265
Nifty 200 TRI,2018-08-13,6614.445427923758
Nifty 200 TRI,2018-08-14,6663.522846435253
Nifty 200 TRI,2018-08-16,6635.376497395753
Nifty 200 TRI,2018-08-17,6694.657574026155
Nifty 200 TRI,2018-08-20,6747.402314141787
Nifty 200 TRI,2018-08-21,6761.129521696317
Nifty 200 TRI,2018-08-23,6769.833188756422
Nifty 200 TRI,2018-08-24,6755.101821057211
Nifty 200 TRI,2018-08-27,6832.161730077212
Nifty 200 TRI,2018-08-28,6849.624704813827
Nifty 200 TRI,2018-08-29,6839.500964524776
Nifty 200 TRI,2018-08-30,6837.054966777459
Nifty 200 TRI,2018-08-31,6846.127698968093
Nifty 200 TRI,2018-09-03,6795.068608258444
Nifty 200 TRI,2018-09-04,6720.041263024928
Nifty 200 TRI,2018-09-05,6692.902723922594
Nifty 200 TRI,2018-09-06,6728.800746540815
Nifty 200 TRI,2018-09-07,6771.8338198243155
Nifty 200 TRI,2018-09-10,6677.350459211937
Nifty 200 TRI,2018-09-11,6585.180276052087
Nifty 200 TRI,2018-09-12,6628.215837862034
Nifty 200 TRI,2018-09-14,6721.375153423525
Nifty 200 TRI,2018-09-17,6648.981931822114
Nifty 200 TRI,2018-09-18,6582.638841096135
Nifty 200 TRI,2018-09-19,6552.353652006937
Nifty 200 TRI,2018-09-21,6477.010470077346
Nifty 200 TRI,2018-09-24,6355.548405740772
Nifty 200 TRI,2018-09-25,6407.708792755105
Nifty 200 TRI,2018-09-26,6406.178406111591
Nifty 200 TRI,2018-09-27,6342.771122113803
Nifty 200 TRI,2018-09-28,6297.807111089403
Nifty 200 TRI,2018-10-01,6339.384800919338
Nifty 200 TRI,2018-10-03,6255.647040229348
Nifty 200 TRI,2018-10-04,6115.058960264138
Nifty 200 TRI,2018-10-05,5954.414632441397
Nifty 200 TRI,2018-10-08,5951.640856640488
Nifty 200 TRI,2018-10-09,5924.497458801359
Nifty 200 TRI,2018-10-10,6045.002799066749
Nifty 200 TRI,2018-10-11,5915.632840294526
Nifty 200 TRI,2018-10-12,6055.593044668387
Nifty 200 TRI,2018-10-15,6083.540452443291
Nifty 200 TRI,2018-10-16,6136.6639116513015
Nifty 200 TRI,2018-10-17,6046.554086105355
Nifty 200 TRI,2018-10-19,5963.462172680526
Nifty 200 TRI,2018-10-22,5926.17734559348
Nifty 200 TRI,2018-10-23,5868.13476260492
Nifty 200 TRI,2018-10-24,5914.341231681968
Nifty 200 TRI,2018-10-25,5856.184085240586
Nifty 200 TRI,2018-10-26,5814.2915047250835
Nifty 200 TRI,2018-10-29,5949.85117610058
Nifty 200 TRI,2018-10-30,5935.330141128933
Nifty 200 TRI,2018-10-31,6044.985905082941
Nifty 200 TRI,2018-11-01,6053.060615070946
Nifty 200 TRI,2018-11-02,6144.752117404141
Nifty 200 TRI,2018-11-05,6131.823837508329
Nifty 200 TRI,2018-11-06,6126.65254327585
Nifty 200 TRI,2018-11-07,6167.17238037273
Nifty 200 TRI,2018-11-09,6174.207120410909
Nifty 200 TRI,2018-11-12,6113.544143284262
Nifty 200 TRI,2018-11-13,6162.156542394535
Nifty 200 TRI,2018-11-14,6160.064448803925
Nifty 200 TRI,2018-11-15,6184.647530981958
Nifty 200 TRI,2018-11-16,6214.181943893853
Nifty 200 TRI,2018-11-19,6258.516748115353
Nifty 200 TRI,2018-11-20,6194.707565463156
Nifty 200 TRI,2018-11-21,6179.193091992994
Nifty 200 TRI,2018-11-22,6135.016392502197
Nifty 200 TRI,2018-11-26,6185.237640963889
Nifty 200 TRI,2018-11-27,6213.848520692834
Nifty 200 TRI,2018-11-28,6224.358020417081
Nifty 200 TRI,2018-11-29,6291.435710686946
Nifty 200 TRI,2018-11-30,6309.487191816378
Nifty 200 TRI,2018-12-03,6320.998511665358
Nifty 200 TRI,2018-12-04,6311.040282887068
Nifty 200 TRI,2018-12-05,6251.546702352142
Nifty 200 TRI,2018-12-06,6147.8515445631365
Nifty 200 TRI,2018-12-07,6192.54308947328
Nifty 200 TRI,2018-12-10,6073.5250323878845
Nifty 200 TRI,2018-12-11,6123.450543721491
Nifty 200 TRI,2018-12-12,6242.414069578531
Nifty 200 TRI,2018-12-13,6279.13609467181
Nifty 200 TRI,2018-12-14,6290.259127831135
Nifty 200 TRI,2018-12-17,6337.288669262235
Nifty 200 TRI,2018-12-18,6352.930639787648
Nifty 200 TRI,2018-12-19,6399.300285989812
Nifty 200 TRI,2018-12-20,6389.339063720228
Nifty 200 TRI,2018-12-21,6279.315488866548
Nifty 200 TRI,2018-12-24,6224.190330444378
Nifty 200 TRI,2018-12-26,6256.19092923428
Nifty 200 TRI,2018-12-27,6282.5209315974325
Nifty 200 TRI,2018-12-28,6332.703199510141
Nifty 200 TRI,2018-12-31,6341.14294765121
Nifty 200 TRI,2019-01-01,6361.585719560313
Nifty 200 TRI,2019-01-02,6293.935987944901
Nifty 200 TRI,2019-01-03,6228.981332004813
Nifty 200 TRI,2019-01-04,6259.5597909222
Nifty 200 TRI,2019-01-07,6280.722223046402
Nifty 200 TRI,2019-01-08,6293.122254296608
Nifty 200 TRI,2019-01-09,6316.269489875128
Nifty 200 TRI,2019-01-10,6307.6200466281625
Nifty 200 TRI,2019-01-11,6291.916479296269
Nifty 200 TRI,2019-01-14,6259.128252197009
Nifty 200 TRI,2019-01-15,6336.129342618613
Nifty 200 TRI,2019-01-16,6337.4558150878975
Nifty 200 TRI,2019-01-17,6341.759189912281
Nifty 200 TRI,2019-01-18,6329.745777156633
Nifty 200 TRI,2019-01-21,6346.625232454198
Nifty 200 TRI,2019-01-22,6331.468167882869
Nifty 200 TRI,2019-01-23,6285.765605121336
Nifty 200 TRI,2019-01-24,6290.6744413236065
Nifty 200 TRI,2019-01-25,6238.9569477664
Nifty 200 TRI,2019-01-28,6158.226453109995
Nifty 200 TRI,2019-01-29,6157.231455214727
Nifty 200 TRI,2019-01-30,6160.867915098742
Nifty 200 TRI,2019-01-31,6250.042422571296
Nifty 200 TRI,2019-02-01,6289.089770764843
Nifty 200 TRI,2019-02-04,6285.233993970871
Nifty 200 TRI,2019-02-05,6284.6288713502045
Nifty 200 TRI,2019-02-06,6348.893642530747
Nifty 200 TRI,2019-02-07,6365.997882157262
Nifty 200 TRI,2019-02-08,6287.778062486368
Nifty 200 TRI,2019-02-11,6244.418808662997
Nifty 200 TRI,2019-02-12,6215.508423433608
Nifty 200 TRI,2019-02-14,6175.9997783555555
Nifty 200 TRI,2019-02-15,6148.1324957287225
Nifty 200 TRI,2019-02-18,6099.7253998231845
Nifty 200 TRI,2019-02-19,6087.745081841769
Nifty 200 TRI,2019-02-20,6162.519891587572
Nifty 200 TRI,2019-02-21,6200.3778544331
Nifty 200 TRI,2019-02-22,6209.648899726515
Nifty 200 TRI,2019-02-25,6255.294333134344
Nifty 200 TRI,2019-02-26,6234.26343742147
Nifty 200 TRI,2019-02-27,6227.3625994935865
Nifty 200 TRI,2019-02-28,6229.8459752020735
Nifty 200 TRI,2019-03-01,6280.966439037587
Nifty 200 TRI,2019-03-05,6367.712618885034
Nifty 200 TRI,2019-03-06,6406.920542691428
Nifty 200 TRI,2019-03-07,6403.889044410272
Nifty 200 TRI,2019-03-08,6393.126552672207
Nifty 200 TRI,2019-03-11,6485.479404897577
Nifty 200 TRI,2019-03-12,6551.761291648332
Nifty 200 TRI,2019-03-13,6561.547589290233
Nifty 200 TRI,2019-03-14,6560.288268752922
Nifty 200 TRI,2019-03-15,6601.724750016756
Nifty 200 TRI,2019-03-18,6617.836599221819
Nifty 200 TRI,2019-03-19,6656.960702868692
Nifty 200 TRI,2019-03-20,6645.705631021025
Nifty 200 TRI,2019-03-22,6607.5026712118
Nifty 200 TRI,2019-03-25,6547.646074708948
Nifty 200 TRI,2019-03-26,6620.869738279717
Nifty 200 TRI,2019-03-27,6606.35017206491
Nifty 200 TRI,2019-03-28,6676.817591481589
Nifty 200 TRI,2019-04-01,6745.408729546082
Nifty 200 TRI,2019-04-02,6760.40410249708
Nifty 200 TRI,2019-04-03,6718.416228320257
Nifty 200 TRI,2019-04-04,6696.323491061824
Nifty 200 TRI,2019-04-05,6736.41353107661
Nifty 200 TRI,2019-04-08,6700.7538529037
Nifty 200 TRI,2019-04-09,6735.155176865784
Nifty 200 TRI,2019-04-10,6691.939593769946
Nifty 200 TRI,2019-04-11,6700.966968815445
Nifty 200 TRI,2019-04-12,6728.571586701548
Nifty 200 TRI,2019-04-15,6757.4854095518585
Nifty 200 TRI,2019-04-16,6804.781058198474
Nifty 200 TRI,2019-04-18,6779.547886620836
Nifty 200 TRI,2019-04-22,6682.61223499525
Nifty 200 TRI,2019-04-23,6674.3862796146595
Nifty 200 TRI,2019-04-24,6749.072109465115
Nifty 200 TRI,2019-04-25,6704.8384259457835
Nifty 200 TRI,2019-04-26,6753.365906619435
Nifty 200 TRI,2019-04-30,6741.209492977795
Nifty 200 TRI,2019-05-02,6722.764781117887
Nifty 200 TRI,2019-05-03,6714.315719501706
Nifty 200 TRI,2019-05-06,6649.345166062587
Nifty 200 TRI,2019-05-07,6591.144567884485
Nifty 200 TRI,2019-05-08,6513.847336645328
Nifty 200 TRI,2019-05-09,6485.687865773442
Nifty 200 TRI,2019-05-10,6477.062348979308
Nifty 200 TRI,2019-05-13,6390.243251327228
Nifty 200 TRI,2019-05-14,6428.328841123731
Nifty 200 TRI,2019-05-15,6391.359020199872
Nifty 200 TRI,2019-05-16,6438.082984006555
Nifty 200 TRI,2019-05-17,6519.795757201262
Nifty 200 TRI,2019-05-20,6760.871662148011
Nifty 200 TRI,2019-05-21,6693.123271189148
Nifty 200 TRI,2019-05-22,6705.484888558609
Nifty 200 TRI,2019-05-23,6671.116767091309
Nifty 200 TRI,2019-05-24,6788.184134315495
Nifty 200 TRI,2019-05-27,6841.345717853187
Nifty 200 TRI,2019-05-28,6846.239634872574
Nifty 200 TRI,2019-05-29,6804.890924553734
Nifty 200 TRI,2019-05-30,6849.437253738664
Nifty 200 TRI,2019-05-31,6843.089093316633
Nifty 200 TRI,2019-06-03,6933.380745579611
Nifty 200 TRI,2019-06-04,6898.507251854648
Nifty 200 TRI,2019-06-06,6790.364186129006
Nifty 200 TRI,2019-06-07,6801.240256346932
Nifty 200 TRI,2019-06-10,6827.558421722169
Nifty 200 TRI,2019-06-11,6856.6107859224685
Nifty 200 TRI,2019-06-12,6818.234071947246
Nifty 200 TRI,2019-06-13,6819.750039488851
Nifty 200 TRI,2019-06-14,6764.579716769218
Nifty 200 TRI,2019-06-17,6677.4608638698655
Nifty 200 TRI,2019-06-18,6686.009900618031
Nifty 200 TRI,2019-06-19,6674.053656320744
Nifty 200 TRI,2019-06-20,6761.193220766866
Nifty 200 TRI,2019-06-21,6710.773460636933
Nifty 200 TRI,2019-06-24,6699.124406706148
Nifty 200 TRI,2019-06-25,6749.47300413111
Nifty 200 TRI,2019-06-26,6785.744444897552
Nifty 200 TRI,2019-06-27,6790.363607259197
Nifty 200 TRI,2019-06-28,6762.940035082801
Nifty 200 TRI,2019-07-01,6803.189584108815
Nifty 200 TRI,2019-07-02,6828.547447810232
Nifty 200 TRI,2019-07-03,6838.6034622865245
Nifty 200 TRI,2019-07-04,6853.59496645342
Nifty 200 TRI,2019-07-05,6770.547333944304
Nifty 200 TRI,2019-07-08,6622.803568992592
Nifty 200 TRI,2019-07-09,6628.417008634818
Nifty 200 TRI,2019-07-10,6589.82768796938
Nifty 200 TRI,2019-07-11,6638.259526854245
Nifty 200 TRI,2019-07-12,6629.785947005183
Nifty 200 TRI,2019-07-15,6643.913723233449
Nifty 200 TRI,2019-07-16,6690.358600363239
Nifty 200 TRI,2019-07-17,6701.080410851131
Nifty 200 TRI,2019-07-18,6639.958219041237
Nifty 200 TRI,2019-07-19,6532.672672231864
Nifty 200 TRI,2019-07-22,6497.522006719599
Nifty 200 TRI,2019-07-23,6483.823976358768
Nifty 200 TRI,2019-07-24,6435.222129987194
Nifty 200 TRI,2019-07-25,6434.118220624251
Nifty 200 TRI,2019-07-26,6459.984020379109
Nifty 200 TRI,2019-07-29,6401.562161622416
Nifty 200 TRI,2019-07-30,6332.4114145247995
Nifty 200 TRI,2019-07-31,6362.829018073437
Nifty 200 TRI,2019-08-01,6284.846924784149
Nifty 200 TRI,2019-08-02,6293.117778472342
Nifty 200 TRI,2019-08-05,6218.342403293498
Nifty 200 TRI,2019-08-06,6276.853519289038
Nifty 200 TRI,2019-08-07,6227.276268227973
Nifty 200 TRI,2019-08-08,6320.269676493069
Nifty 200 TRI,2019-08-09,6366.46473706237
Nifty 200 TRI,2019-08-13,6253.974634839298
Nifty 200 TRI,2019-08-14,6315.05771991118
Nifty 200 TRI,2019-08-16,6328.222120417983
Nifty 200 TRI,2019-08-19,6333.059077776813
Nifty 200 TRI,2019-08-20,6305.622763198687
Nifty 200 TRI,2019-08-21,6242.913489951669
Nifty 200 TRI,2019-08-22,6141.261097649159
Nifty 200 TRI,2019-08-23,6194.249658353307
Nifty 200 TRI,2019-08-26,6320.29394093134
Nifty 200 TRI,2019-08-27,6356.4068487714285
Nifty 200 TRI,2019-08-28,6320.1853755318
Nifty 200 TRI,2019-08-29,6274.7379450409635
Nifty 200 TRI,2019-08-30,6324.743694218268
Nifty 200 TRI,2019-09-03,6197.159977216949
Nifty 200 TRI,2019-09-04,6220.441677010675
Nifty 200 TRI,2019-09-05,6228.052935049577
Nifty 200 TRI,2019-09-06,6280.181150415695
Nifty 200 TRI,2019-09-09,6316.809250041469
Nifty 200 TRI,2019-09-11,6342.825659166717
Nifty 200 TRI,2019-09-12,6316.145634481659
Nifty 200 TRI,2019-09-13,6366.510824365346
Nifty 200 TRI,2019-09-16,6332.994736593642
Nifty 200 TRI,2019-09-17,6224.358000604218
Nifty 200 TRI,2019-09-18,6241.536091218967
Nifty 200 TRI,2019-09-19,6164.080864323748
Nifty 200 TRI,2019-09-20,6498.811969330696
Nifty 200 TRI,2019-09-23,6676.5625867877825
Nifty 200 TRI,2019-09-24,6667.734090218132
Nifty 200 TRI,2019-09-25,6575.429032088401
Nifty 200 TRI,2019-09-26,6648.962885668449
Nifty 200 TRI,2019-09-27,6615.493410469722
Nifty 200 TRI,2019-09-30,6580.095932686385
Nifty 200 TRI,2019-10-01,6508.627153634937
Nifty 200 TRI,2019-10-03,6481.940445044556
Nifty 200 TRI,2019-10-04,6404.397092169673
Nifty 200 TRI,2019-10-07,6370.303250329523
Nifty 200 TRI,2019-10-09,6472.910886015942
Nifty 200 TRI,2019-10-10,6425.398036324844
Nifty 200 TRI,2019-10-11,6460.904510797699
Nifty 200 TRI,2019-10-14,6484.74059873647
Nifty 200 TRI,2019-10-15,6531.551619828271
Nifty 200 TRI,2019-10-16,6553.209773438094
Nifty 200 TRI,2019-10-17,6631.4167161911
Nifty 200 TRI,2019-10-18,6690.259979796445
Nifty 200 TRI,2019-10-22,6663.206091002586
Nifty 200 TRI,2019-10-23,6670.7346606983
Nifty 200 TRI,2019-10-24,6656.440168006559
Nifty 200 TRI,2019-10-25,6653.446652880049
Nifty 200 TRI,2019-10-29,6773.265924096296
Nifty 200 TRI,2019-10-30,6808.97535105451
Nifty 200 TRI,2019-10-31,6836.77998274495
Nifty 200 TRI,2019-11-01,6845.040283989477
Nifty 200 TRI,2019-11-04,6866.038754529395
Nifty 200 TRI,2019-11-05,6841.664536015031
Nifty 200 TRI,2019-11-06,6866.3013720457275
Nifty 200 TRI,2019-11-07,6896.231826189069
Nifty 200 TRI,2019-11-08,6838.04587996779
Nifty 200 TRI,2019-11-11,6847.294293131542
Nifty 200 TRI,2019-11-13,6805.995984631868
Nifty 200 TRI,2019-11-14,6818.883424530125
Nifty 200 TRI,2019-11-15,6832.440445153635
Nifty 200 TRI,2019-11-18,6832.552077816567
Nifty 200 TRI,2019-11-19,6856.642589285646
Nifty 200 TRI,2019-11-20,6889.26099264738
Nifty 200 TRI,2019-11-21,6866.824069529114
Nifty 200 TRI,2019-11-22,6841.097933048916
Nifty 200 TRI,2019-11-25,6932.2234917860005
Nifty 200 TRI,2019-11-26,6904.879439862943
Nifty 200 TRI,2019-11-27,6944.586364309875
Nifty 200 TRI,2019-11-28,6983.069161939548
Nifty 200 TRI,2019-11-29,6935.044040139911
Nifty 200 TRI,2019-12-02,6926.9157215612295
Nifty 200 TRI,2019-12-03,6888.972236665454
Nifty 200 TRI,2019-12-04,6916.088197200443
Nifty 200 TRI,2019-12-05,6897.599271781673
Nifty 200 TRI,2019-12-06,6835.508690094352
Nifty 200 TRI,2019-12-09,6840.304366672409
Nifty 200 TRI,2019-12-10,6786.790715402797
Nifty 200 TRI,2019-12-11,6819.876169517327
Nifty 200 TRI,2019-12-12,6859.433288577513
Nifty 200 TRI,2019-12-13,6926.041293193715
Nifty 200 TRI,2019-12-16,6903.629399834886
Nifty 200 TRI,2019-12-17,6960.989564803008
Nifty 200 TRI,2019-12-18,6987.3963595255
Nifty 200 TRI,2019-12-19,7008.338029129348
Nifty 200 TRI,2019-12-20,7018.571256038831
Nifty 200 TRI,2019-12-23,7013.792553861575
Nifty 200 TRI,2019-12-24,6991.110714669646
Nifty 200 TRI,2019-12-26,6949.926270983834
Nifty 200 TRI,2019-12-27,7015.063714968859
Nifty 200 TRI,2019-12-30,7023.843791430379
Nifty 200 TRI,2019-12-31,6981.122496636604
Nifty 200 TRI,2020-01-01,6988.903284153331
Nifty 200 TRI,2020-01-02,7051.48834794018
Nifty 200 TRI,2020-01-03,7021.041826239949
Nifty 200 TRI,2020-01-06,6883.919657001228
Nifty 200 TRI,2020-01-07,6921.95239406143
Nifty 200 TRI,2020-01-08,6912.5403276545
Nifty 200 TRI,2020-01-09,7019.238479129589
Nifty 200 TRI,2020-01-10,7042.709484318918
Nifty 200 TRI,2020-01-13,7088.62371645584
Nifty 200 TRI,2020-01-14,7110.592876187661
Nifty 200 TRI,2020-01-15,7113.971383362617
Nifty 200 TRI,2020-01-16,7126.674357212017
Nifty 200 TRI,2020-01-17,7131.05863529164
Nifty 200 TRI,2020-01-20,7062.289088451691
Nifty 200 TRI,2020-01-21,7033.163386156889
Nifty 200 TRI,2020-01-22,7003.81254945183
Nifty 200 TRI,2020-01-23,7057.062273809163
Nifty 200 TRI,2020-01-24,7102.272825976731
Nifty 200 TRI,2020-01-27,7036.890137788128
Nifty 200 TRI,2020-01-28,7004.293377298629
Nifty 200 TRI,2020-01-29,7043.868166065488
Nifty 200 TRI,2020-01-30,6981.046570077064
Nifty 200 TRI,2020-01-31,6936.153832255875
Nifty 200 TRI,2020-02-03,6788.046709341296
Nifty 200 TRI,2020-02-04,6934.900070374281
Nifty 200 TRI,2020-02-05,7005.716424589815
Nifty 200 TRI,2020-02-06,7043.0672771627
Nifty 200 TRI,2020-02-07,7036.107628268389
Nifty 200 TRI,2020-02-10,6996.61637565134
Nifty 200 TRI,2020-02-11,7028.552248792739
Nifty 200 TRI,2020-02-12,7068.705721445227
Nifty 200 TRI,2020-02-13,7053.80926785767
Nifty 200 TRI,2020-02-14,7011.411964486334
Nifty 200 TRI,2020-02-17,6965.535359146441
Nifty 200 TRI,2020-02-18,6934.364896797415
Nifty 200 TRI,2020-02-19,7022.211073005009
Nifty 200 TRI,2020-02-20,7008.818783525937
Nifty 200 TRI,2020-02-24,6865.162119821993
Nifty 200 TRI,2020-02-25,6842.42333725881
Nifty 200 TRI,2020-02-26,6769.693129119122
Nifty 200 TRI,2020-02-27,6741.693253211982
Nifty 200 TRI,2020-02-28,6497.108173326881
Nifty 200 TRI,2020-03-02,6459.823189558141
Nifty 200 TRI,2020-03-03,6565.925580237657
Nifty 200 TRI,2020-03-04,6525.383693896203
Nifty 200 TRI,2020-03-05,6539.430062758367
Nifty 200 TRI,2020-03-06,6380.637717345551
Nifty 200 TRI,2020-03-09,6075.484493145928
Nifty 200 TRI,2020-03-11,6067.2984402481015
Nifty 200 TRI,2020-03-12,5562.31116363734
Nifty 200 TRI,2020-03-13,5760.119933485776
Nifty 200 TRI,2020-03-16,5347.000388279358
Nifty 200 TRI,2020-03-17,5224.307707225263
Nifty 200 TRI,2020-03-18,4937.982790232596
Nifty 200 TRI,2020-03-19,4803.291649510136
Nifty 200 TRI,2020-03-20,5065.759623534932
Nifty 200 TRI,2020-03-23,4415.715626259983
Nifty 200 TRI,2020-03-24,4512.029494595619
Nifty 200 TRI,2020-03-25,4778.7875359640775
Nifty 200 TRI,2020-03-26,4969.998249777682
Nifty 200 TRI,2020-03-27,4974.540081171109
Nifty 200 TRI,2020-03-30,4786.854001223887
Nifty 200 TRI,2020-03-31,4964.550934068316
Nifty 200 TRI,2020-04-01,4787.64089577193
Nifty 200 TRI,2020-04-03,4697.6104848768155
Nifty 200 TRI,2020-04-07,5079.456981445061
Nifty 200 TRI,2020-04-08,5082.100301379251
Nifty 200 TRI,2020-04-09,5284.673170062108
Nifty 200 TRI,2020-04-13,5224.033572090145
Nifty 200 TRI,2020-04-15,5205.974115528039
Nifty 200 TRI,2020-04-16,5251.139224024885
Nifty 200 TRI,2020-04-17,5394.731811655075
Nifty 200 TRI,2020-04-20,5392.615103785385
Nifty 200 TRI,2020-04-21,5238.845804385418
Nifty 200 TRI,2020-04-22,5343.635867352532
Nifty 200 TRI,2020-04-23,5409.268004186873
Nifty 200 TRI,2020-04-24,5314.540553959551
Nifty 200 TRI,2020-04-27,5394.3983465198235
Nifty 200 TRI,2020-04-28,5444.240977210437
Nifty 200 TRI,2020-04-29,5536.342536044502
Nifty 200 TRI,2020-04-30,5699.794599801616
Nifty 200 TRI,2020-05-04,5392.258501495046
Nifty 200 TRI,2020-05-05,5339.870661246314
Nifty 200 TRI,2020-05-06,5379.2428368790115
Nifty 200 TRI,2020-05-07,5337.052926450891
Nifty 200 TRI,2020-05-08,5364.599347136703
Nifty 200 TRI,2020-05-11,5369.989944072827
Nifty 200 TRI,2020-05-12,5346.014815152833
Nifty 200 TRI,2020-05-13,5451.166179756823
Nifty 200 TRI,2020-05-14,5337.084675573393
Nifty 200 TRI,2020-05-15,5329.7598505475835
Nifty 200 TRI,2020-05-18,5143.299305793887
Nifty 200 TRI,2020-05-19,5174.718282619548
Nifty 200 TRI,2020-05-20,5279.890122771046
Nifty 200 TRI,2020-05-21,5310.307253719624
Nifty 200 TRI,2020-05-22,5269.0460197215
Nifty 200 TRI,2020-05-26,5273.381722413948
Nifty 200 TRI,2020-05-27,5405.7339585941845
Nifty 200 TRI,2020-05-28,5505.782401668188
Nifty 200 TRI,2020-05-29,5569.09138018677
Nifty 200 TRI,2020-06-01,5708.773013031351
Nifty 200 TRI,2020-06-02,5790.3895807582485
Nifty 200 TRI,2020-06-03,5834.137200055753
Nifty 200 TRI,2020-06-04,5822.44734651172
Nifty 200 TRI,2020-06-05,5897.903870303512
Nifty 200 TRI,2020-06-08,5912.840563218634
Nifty 200 TRI,2020-06-09,5851.650983995233
Nifty 200 TRI,2020-06-10,5890.303810201784
Nifty 200 TRI,2020-06-11,5775.226263168741
Nifty 200 TRI,2020-06-12,5822.298509936161
Nifty 200 TRI,2020-06-15,5737.422244222548
Nifty 200 TRI,2020-06-16,5787.1942648614695
Nifty 200 TRI,2020-06-17,5773.981410804792
Nifty 200 TRI,2020-06-18,5878.496517257587
Nifty 200 TRI,2020-06-19,5961.290910533838
Nifty 200 TRI,2020-06-22,6016.332172151521
Nifty 200 TRI,2020-06-23,6111.552317916609
Nifty 200 TRI,2020-06-24,6020.182819522956
Nifty 200 TRI,2020-06-25,6019.216673989575
Nifty 200 TRI,2020-06-26,6064.130409707079
Nifty 200 TRI,2020-06-29,6016.3610626135805
Nifty 200 TRI,2020-06-30,6010.114834713895
Nifty 200 TRI,2020-07-01,6070.8753807807925
Nifty 200 TRI,2020-07-02,6138.381053854402
Nifty 200 TRI,2020-07-03,6173.705038686498
Nifty 200 TRI,2020-07-06,6258.62555619118
Nifty 200 TRI,2020-07-07,6281.655338183157
Nifty 200 TRI,2020-07-08,6234.685446175927
Nifty 200 TRI,2020-07-09,6284.402909061161
Nifty 200 TRI,2020-07-10,6257.881322899002
Nifty 200 TRI,2020-07-13,6274.391195452617
Nifty 200 TRI,2020-07-14,6172.566420850208
Nifty 200 TRI,2020-07-15,6168.90758451523
Nifty 200 TRI,2020-07-16,6229.199880155511
Nifty 200 TRI,2020-07-17,6323.497299926397
Nifty 200 TRI,2020-07-20,6388.747759766319
Nifty 200 TRI,2020-07-21,6453.330500497817
Nifty 200 TRI,2020-07-22,6436.864584886783
Nifty 200 TRI,2020-07-23,6487.007293802987
Nifty 200 TRI,2020-07-24,6466.663035436302
Nifty 200 TRI,2020-07-27,6424.341763313222
Nifty 200 TRI,2020-07-28,6510.979786020428
Nifty 200 TRI,2020-07-29,6474.777818508349
Nifty 200 TRI,2020-07-30,6428.565392885363
Nifty 200 TRI,2020-07-31,6427.443067794517
Nifty 200 TRI,2020-08-03,6342.538747125063
Nifty 200 TRI,2020-08-04,6446.628562703343
Nifty 200 TRI,2020-08-05,6452.817950918546
Nifty 200 TRI,2020-08-06,6510.690744787189
Nifty 200 TRI,2020-08-07,6527.793171554563
Nifty 200 TRI,2020-08-10,6574.382727529411
Nifty 200 TRI,2020-08-11,6591.771036307626
Nifty 200 TRI,2020-08-12,6585.872611519921
Nifty 200 TRI,2020-08-13,6597.7498992091
Nifty 200 TRI,2020-08-14,6529.577907964739
Nifty 200 TRI,2020-08-17,6566.896030943302
Nifty 200 TRI,2020-08-18,6647.414962693094
Nifty 200 TRI,2020-08-19,6663.741463047422
Nifty 200 TRI,2020-08-20,6626.222523911524
Nifty 200 TRI,2020-08-21,6659.205210967057
Nifty 200 TRI,2020-08-24,6707.85764685296
Nifty 200 TRI,2020-08-25,6714.003884542933
Nifty 200 TRI,2020-08-26,6753.41087728008
Nifty 200 TRI,2020-08-27,6762.260493774038
Nifty 200 TRI,2020-08-28,6808.932613430888
Nifty 200 TRI,2020-08-31,6628.012300288194
Nifty 200 TRI,2020-09-01,6680.653349571643
Nifty 200 TRI,2020-09-02,6729.863950088345
Nifty 200 TRI,2020-09-03,6737.870450442469
Nifty 200 TRI,2020-09-04,6623.714454672859
Nifty 200 TRI,2020-09-07,6624.867497702067
Nifty 200 TRI,2020-09-08,6592.276476953735
Nifty 200 TRI,2020-09-09,6569.592830501188
Nifty 200 TRI,2020-09-10,6663.2408166570385
Nifty 200 TRI,2020-09-11,6682.284302970968
Nifty 200 TRI,2020-09-14,6690.426556356254
Nifty 200 TRI,2020-09-15,6743.208511090169
Nifty 200 TRI,2020-09-16,6787.038503530458
Nifty 200 TRI,2020-09-17,6741.038189487116
Nifty 200 TRI,2020-09-18,6737.728259383773
Nifty 200 TRI,2020-09-21,6570.46634791971
Nifty 200 TRI,2020-09-22,6506.70501048986
Nifty 200 TRI,2020-09-23,6492.739336966425
Nifty 200 TRI,2020-09-24,6310.890336373201
Nifty 200 TRI,2020-09-25,6461.930875757334
Nifty 200 TRI,2020-09-28,6581.445901867505
Nifty 200 TRI,2020-09-29,6574.692053695684
Nifty 200 TRI,2020-09-30,6591.490574530273
Nifty 200 TRI,2020-10-01,6680.418973058632
Nifty 200 TRI,2020-10-05,6721.434369845773
Nifty 200 TRI,2020-10-06,6800.914664237735
Nifty 200 TRI,2020-10-07,6829.6180138765485
Nifty 200 TRI,2020-10-08,6877.599455268242
Nifty 200 TRI,2020-10-09,6908.956844718214
Nifty 200 TRI,2020-10-12,6909.520835635997
Nifty 200 TRI,2020-10-13,6904.46579997344
Nifty 200 TRI,2020-10-14,6925.738663036984
Nifty 200 TRI,2020-10-15,6769.195976639827
Nifty 200 TRI,2020-10-16,6821.417840520858
Nifty 200 TRI,2020-10-19,6884.109979015414
Nifty 200 TRI,2020-10-20,6901.382156201933
Nifty 200 TRI,2020-10-21,6920.00967693588
Nifty 200 TRI,2020-10-22,6905.8744372539795
Nifty 200 TRI,2020-10-23,6929.7473955593505
Nifty 200 TRI,2020-10-26,6833.474676364854
Nifty 200 TRI,2020-10-27,6909.238760858017
Nifty 200 TRI,2020-10-28,6823.467080464931
Nifty 200 TRI,2020-10-29,6797.5358052457095
Nifty 200 TRI,2020-10-30,6788.863845462435
Nifty 200 TRI,2020-11-02,6807.467423310127
Nifty 200 TRI,2020-11-03,6882.572184015406
Nifty 200 TRI,2020-11-04,6935.904605236595
Nifty 200 TRI,2020-11-05,7058.129821595741
Nifty 200 TRI,2020-11-06,7131.332824234543
Nifty 200 TRI,2020-11-09,7239.810464563435
Nifty 200 TRI,2020-11-10,7313.086421530038
Nifty 200 TRI,2020-11-11,7379.031959363501
Nifty 200 TRI,2020-11-12,7362.814106044369
Nifty 200 TRI,2020-11-13,7391.292412710273
Nifty 200 TRI,2020-11-17,7486.091555804196
Nifty 200 TRI,2020-11-18,7530.271046579422
Nifty 200 TRI,2020-11-19,7444.00291074705
Nifty 200 TRI,2020-11-20,7501.5059603845
Nifty 200 TRI,2020-11-23,7551.531414434165
Nifty 200 TRI,2020-11-24,7620.5639803427
Nifty 200 TRI,2020-11-25,7504.639269594003
Nifty 200 TRI,2020-11-26,7577.909677123747
Nifty 200 TRI,2020-11-27,7597.432148349927
Nifty 200 TRI,2020-12-01,7681.632936530696
Nifty 200 TRI,2020-12-02,7695.853722926646
Nifty 200 TRI,2020-12-03,7720.297403754181
Nifty 200 TRI,2020-12-04,7783.260768207077
Nifty 200 TRI,2020-12-07,7846.501104512983
Nifty 200 TRI,2020-12-08,7863.668052138689
Nifty 200 TRI,2020-12-09,7931.053508558752
Nifty 200 TRI,2020-12-10,7904.558153906639
Nifty 200 TRI,2020-12-11,7925.117901260515
Nifty 200 TRI,2020-12-14,7955.2244397547365
Nifty 200 TRI,2020-12-15,7962.116345841182
Nifty 200 TRI,2020-12-16,8029.748125224016
Nifty 200 TRI,2020-12-17,8050.373437984983
Nifty 200 TRI,2020-12-18,8058.738339226389
Nifty 200 TRI,2020-12-21,7787.9980484395
Nifty 200 TRI,2020-12-22,7870.839830507086
Nifty 200 TRI,2020-12-23,7968.494699271992
Nifty 200 TRI,2020-12-24,8040.610883432744
Nifty 200 TRI,2020-12-28,8116.644927138605
Nifty 200 TRI,2020-12-29,8142.086804851666
Nifty 200 TRI,2020-12-30,8170.5264378145675
Nifty 200 TRI,2020-12-31,8176.524859924466
Nifty 200 TRI,2021-01-01,8212.091284518443
Nifty 200 TRI,2021-01-04,8292.90994811079
Nifty 200 TRI,2021-01-05,8345.391127412093
Nifty 200 TRI,2021-01-06,8325.2173044808
Nifty 200 TRI,2021-01-07,8339.648146289177
Nifty 200 TRI,2021-01-08,8457.562357941117
Nifty 200 TRI,2021-01-11,8521.573401607708
Nifty 200 TRI,2021-01-12,8561.237876938345
Nifty 200 TRI,2021-01-13,8550.059520655115
Nifty 200 TRI,2021-01-14,8569.53529855644
Nifty 200 TRI,2021-01-15,8470.68573133136
Nifty 200 TRI,2021-01-18,8363.879224090177
Nifty 200 TRI,2021-01-19,8511.199969354591
Nifty 200 TRI,2021-01-20,8583.007852430004
Nifty 200 TRI,2021-01-21,8537.76951595863
Nifty 200 TRI,2021-01-22,8419.601619402943
Nifty 200 TRI,2021-01-25,8343.882986189406
Nifty 200 TRI,2021-01-27,8194.18161595167
Nifty 200 TRI,2021-01-28,8117.568422602429
Nifty 200 TRI,2021-01-29,8009.486122478503
Nifty 200 TRI,2021-02-01,8359.36198065417
Nifty 200 TRI,2021-02-02,8567.428273256915
Nifty 200 TRI,2021-02-03,8650.875951644679
Nifty 200 TRI,2021-02-04,8725.273793300263
Nifty 200 TRI,2021-02-05,8720.318309194328
Nifty 200 TRI,2021-02-08,8833.783575656787
Nifty 200 TRI,2021-02-09,8829.906475958924
Nifty 200 TRI,2021-02-10,8841.032291717454
Nifty 200 TRI,2021-02-11,8880.862635146705
Nifty 200 TRI,2021-02-12,8876.703666993862
Nifty 200 TRI,2021-02-15,8970.111945825609
Nifty 200 TRI,2021-02-16,8978.639896720853
Nifty 200 TRI,2021-02-17,8937.279585418975
Nifty 200 TRI,2021-02-18,8907.242294384165
Nifty 200 TRI,2021-02-19,8814.737564818228
Nifty 200 TRI,2021-02-22,8647.91149444247
Nifty 200 TRI,2021-02-23,8680.21879900164
Nifty 200 TRI,2021-02-24,8820.147798918662
Nifty 200 TRI,2021-02-25,8895.399350270127
Nifty 200 TRI,2021-02-26,8600.249614260687
Nifty 200 TRI,2021-03-01,8734.237385093007
Nifty 200 TRI,2021-03-02,8841.338707335985
Nifty 200 TRI,2021-03-03,9023.34614949448
Nifty 200 TRI,2021-03-04,8956.865999007527
Nifty 200 TRI,2021-03-05,8853.551692139097
Nifty 200 TRI,2021-03-08,8864.18118934941
Nifty 200 TRI,2021-03-09,8914.872039038488
Nifty 200 TRI,2021-03-10,8964.65996660809
Nifty 200 TRI,2021-03-12,8886.17753403791
Nifty 200 TRI,2021-03-15,8828.570106102521
Nifty 200 TRI,2021-03-16,8829.39211843089
Nifty 200 TRI,2021-03-17,8697.29103424015
Nifty 200 TRI,2021-03-18,8597.321049265614
Nifty 200 TRI,2021-03-19,8705.55904028743
Nifty 200 TRI,2021-03-22,8721.676500638301
Nifty 200 TRI,2021-03-23,8778.850812723815
Nifty 200 TRI,2021-03-24,8622.73205343394
Nifty 200 TRI,2021-03-25,8478.055181800077
Nifty 200 TRI,2021-03-26,8588.696714114069
Nifty 200 TRI,2021-03-30,8763.671167346876
Nifty 200 TRI,2021-03-31,8701.427910603823
Nifty 200 TRI,2021-04-01,8816.581380456091
Nifty 200 TRI,2021-04-05,8691.338571037868
Nifty 200 TRI,2021-04-06,8732.713757312933
Nifty 200 TRI,2021-04-07,8818.282180353213
Nifty 200 TRI,2021-04-08,8856.488214266754
Nifty 200 TRI,2021-04-09,8842.278196325044
Nifty 200 TRI,2021-04-12,8494.687045093158
Nifty 200 TRI,2021-04-13,8610.790090188088
Nifty 200 TRI,2021-04-15,8653.217553112818
Nifty 200 TRI,2021-04-16,8691.712746007282
Nifty 200 TRI,2021-04-19,8535.607337763424
Nifty 200 TRI,2021-04-20,8515.308293471768
Nifty 200 TRI,2021-04-22,8570.96396785596
Nifty 200 TRI,2021-04-23,8546.520203964683
Nifty 200 TRI,2021-04-26,8625.25087161498
Nifty 200 TRI,2021-04-27,8725.86118550918
Nifty 200 TRI,2021-04-28,8839.819669543886
Nifty 200 TRI,2021-04-29,8851.940352814074
Nifty 200 TRI,2021-04-30,8724.686818720418
Nifty 200 TRI,2021-05-03,8739.29577013715
Nifty 200 TRI,2021-05-04,8669.481302265216
Nifty 200 TRI,2021-05-05,8752.74643409664
Nifty 200 TRI,2021-05-06,8817.78994007682
Nifty 200 TRI,2021-05-07,8861.884260030853
Nifty 200 TRI,2021-05-10,8937.790187997167
Nifty 200 TRI,2021-05-11,8908.119013388432
Nifty 200 TRI,2021-05-12,8831.475125727973
Nifty 200 TRI,2021-05-14,8789.556141214935
Nifty 200 TRI,2021-05-17,8935.174378177477
Nifty 200 TRI,2021-05-18,9054.560318813625
Nifty 200 TRI,2021-05-19,9026.305046529296
Nifty 200 TRI,2021-05-20,8969.8685247141
Nifty 200 TRI,2021-05-21,9105.290629257883
Nifty 200 TRI,2021-05-24,9132.96220747048
Nifty 200 TRI,2021-05-25,9131.693709400683
Nifty 200 TRI,2021-05-26,9172.589457042175
Nifty 200 TRI,2021-05-27,9200.87251892436
Nifty 200 TRI,2021-05-28,9245.182730838544
Nifty 200 TRI,2021-05-31,9326.414448150947
Nifty 200 TRI,2021-06-01,9320.776436436097
Nifty 200 TRI,2021-06-02,9359.869419243167
Nifty 200 TRI,2021-06-03,9433.524590433779
Nifty 200 TRI,2021-06-04,9438.917391823572
Nifty 200 TRI,2021-06-07,9492.447025286654
Nifty 200 TRI,2021-06-08,9499.37714531893
Nifty 200 TRI,2021-06-09,9432.740377113669
Nifty 200 TRI,2021-06-10,9512.442634891418
Nifty 200 TRI,2021-06-11,9545.585909613954
Nifty 200 TRI,2021-06-14,9540.684707925513
Nifty 200 TRI,2021-06-15,9577.984069593722
Nifty 200 TRI,2021-06-16,9509.343170413407
Nifty 200 TRI,2021-06-17,9448.432421765352
Nifty 200 TRI,2021-06-18,9425.392953518536
Nifty 200 TRI,2021-06-21,9475.022453927919
Nifty 200 TRI,2021-06-22,9495.037312663822
Nifty 200 TRI,2021-06-23,9444.293811072448
Nifty 200 TRI,2021-06-24,9481.772621997898
Nifty 200 TRI,2021-06-25,9534.55516296023
Nifty 200 TRI,2021-06-28,9525.44083812387
Nifty 200 TRI,2021-06-29,9486.976180333719
Nifty 200 TRI,2021-06-30,9473.600260616275
Nifty 200 TRI,2021-07-01,9453.793605228078
Nifty 200 TRI,2021-07-02,9475.351607258259
Nifty 200 TRI,2021-07-05,9539.634579186772
Nifty 200 TRI,2021-07-06,9533.14311449437
Nifty 200 TRI,2021-07-07,9573.943304013494
Nifty 200 TRI,2021-07-08,9499.045072427287
Nifty 200 TRI,2021-07-09,9491.868938255639
Nifty 200 TRI,2021-07-12,9500.218725236859
Nifty 200 TRI,2021-07-13,9554.629543309731
Nifty 200 TRI,2021-07-14,9576.426921712698
Nifty 200 TRI,2021-07-15,9618.26407222426
Nifty 200 TRI,2021-07-16,9629.135690441535
Nifty 200 TRI,2021-07-19,9534.509870648404
Nifty 200 TRI,2021-07-20,9454.284023469136
Nifty 200 TRI,2021-07-22,9576.630951854491
Nifty 200 TRI,2021-07-23,9591.945550743858
Nifty 200 TRI,2021-07-26,9579.637357372983
Nifty 200 TRI,2021-07-27,9531.5693976432
Nifty 200 TRI,2021-07-28,9511.460796401487
Nifty 200 TRI,2021-07-29,9552.46190277763
Nifty 200 TRI,2021-07-30,9564.07727089927
Nifty 200 TRI,2021-08-02,9650.533723051769
Nifty 200 TRI,2021-08-03,9772.035258266586
Nifty 200 TRI,2021-08-04,9805.876815183203
Nifty 200 TRI,2021-08-05,9819.724369408907
Nifty 200 TRI,2021-08-06,9798.081725889904
Nifty 200 TRI,2021-08-09,9793.366960352438
Nifty 200 TRI,2021-08-10,9785.223447209737
Nifty 200 TRI,2021-08-11,9782.150726784794
Nifty 200 TRI,2021-08-12,9836.11585785267
Nifty 200 TRI,2021-08-13,9908.604378102991
Nifty 200 TRI,2021-08-16,9921.851569365592
Nifty 200 TRI,2021-08-17,9955.940901536433
Nifty 200 TRI,2021-08-18,9946.2623585116
Nifty 200 TRI,2021-08-20,9850.98191720046
Nifty 200 TRI,2021-08-23,9857.557051229996
Nifty 200 TRI,2021-08-24,9945.12407383658
Nifty 200 TRI,2021-08-25,9960.924582654481
Nifty 200 TRI,2021-08-26,9969.656790962814
Nifty 200 TRI,2021-08-27,10029.416060121164
Nifty 200 TRI,2021-08-30,10175.818213754052
Nifty 200 TRI,2021-08-31,10292.32658584972
Nifty 200 TRI,2021-09-01,10286.988393033538
Nifty 200 TRI,2021-09-02,10383.950466577808
Nifty 200 TRI,2021-09-03,10438.947601020822
Nifty 200 TRI,2021-09-06,10468.05857340679
Nifty 200 TRI,2021-09-07,10453.485251348151
Nifty 200 TRI,2021-09-08,10464.69171451542
Nifty 200 TRI,2021-09-09,10482.800304647573
Nifty 200 TRI,2021-09-13,10488.105949643912
Nifty 200 TRI,2021-09-14,10522.248729320629
Nifty 200 TRI,2021-09-15,10604.3737460967
Nifty 200 TRI,2021-09-16,10669.502648773707
Nifty 200 TRI,2021-09-17,10620.927258196747
Nifty 200 TRI,2021-09-20,10483.513152702231
Nifty 200 TRI,2021-09-21,10577.35073890449
Nifty 200 TRI,2021-09-22,10600.151386111987
Nifty 200 TRI,2021-09-23,10759.854112833758
Nifty 200 TRI,2021-09-24,10751.617566846888
Nifty 200 TRI,2021-09-27,10750.76065285902
Nifty 200 TRI,2021-09-28,10683.677323285054
Nifty 200 TRI,2021-09-29,10674.522417841328
Nifty 200 TRI,2021-09-30,10638.08321182907
Nifty 200 TRI,2021-10-01,10604.667215790527
Nifty 200 TRI,2021-10-04,10720.082471138521
Nifty 200 TRI,2021-10-05,10791.881232338697
Nifty 200 TRI,2021-10-06,10687.727171602553
Nifty 200 TRI,2021-10-07,10793.500933516407
Nifty 200 TRI,2021-10-08,10843.385783485666
Nifty 200 TRI,2021-10-11,10883.02340656318
Nifty 200 TRI,2021-10-12,10922.524760424529
Nifty 200 TRI,2021-10-13,11035.753021139266
Nifty 200 TRI,2021-10-14,11137.567594517155
Nifty 200 TRI,2021-10-18,11221.27708002609
Nifty 200 TRI,2021-10-19,11142.678558738824
Nifty 200 TRI,2021-10-20,11018.663644654423
Nifty 200 TRI,2021-10-21,10964.901795147838
Nifty 200 TRI,2021-10-22,10906.565048311582
Nifty 200 TRI,2021-10-25,10876.642881264575
Nifty 200 TRI,2021-10-26,10981.523353500135
Nifty 200 TRI,2021-10-27,10964.828207353634
Nifty 200 TRI,2021-10-28,10749.468042744169
Nifty 200 TRI,2021-10-29,10671.454315503368
Nifty 200 TRI,2021-11-01,10829.677692252215
Nifty 200 TRI,2021-11-02,10824.573680574478
Nifty 200 TRI,2021-11-03,10803.468742604327
Nifty 200 TRI,2021-11-04,10861.402349808106
Nifty 200 TRI,2021-11-08,10965.539073227508
Nifty 200 TRI,2021-11-09,10976.958242883733
Nifty 200 TRI,2021-11-10,10961.798545413432
Nifty 200 TRI,2021-11-11,10880.097497490407
Nifty 200 TRI,2021-11-12,11007.735784642831
Nifty 200 TRI,2021-11-15,11019.937368887337
Nifty 200 TRI,2021-11-16,10964.46745198462
Nifty 200 TRI,2021-11-17,10908.249848918676
Nifty 200 TRI,2021-11-18,10808.744096680393
Nifty 200 TRI,2021-11-22,10584.840399931014
Nifty 200 TRI,2021-11-23,10669.51188870717
Nifty 200 TRI,2021-11-24,10617.330198007223
Nifty 200 TRI,2021-11-25,10692.857871173319
Nifty 200 TRI,2021-11-26,10376.430935508537
Nifty 200 TRI,2021-11-29,10358.083339582812
Nifty 200 TRI,2021-11-30,10328.989882029155
Nifty 200 TRI,2021-12-01,10433.812038114906
Nifty 200 TRI,2021-12-02,10569.534736043433
Nifty 200 TRI,2021-12-03,10475.740821224847
Nifty 200 TRI,2021-12-06,10303.261165274496
Nifty 200 TRI,2021-12-07,10461.77398468799
Nifty 200 TRI,2021-12-08,10633.574735441089
Nifty 200 TRI,2021-12-09,10666.394982145355
Nifty 200 TRI,2021-12-10,10680.734972437207
Nifty 200 TRI,2021-12-13,10606.782082807802
Nifty 200 TRI,2021-12-14,10590.388946904985
Nifty 200 TRI,2021-12-15,10524.715479696704
Nifty 200 TRI,2021-12-16,10521.99671288533
Nifty 200 TRI,2021-12-17,10337.547711315077
Nifty 200 TRI,2021-12-20,10083.738146406622
Nifty 200 TRI,2021-12-21,10195.495041423894
Nifty 200 TRI,2021-12-22,10317.96586102301
Nifty 200 TRI,2021-12-23,10397.163472869612
Nifty 200 TRI,2021-12-24,10337.759865741573
Nifty 200 TRI,2021-12-27,10385.464912625976
Nifty 200 TRI,2021-12-28,10479.967962094684
Nifty 200 TRI,2021-12-29,10470.317701319187
Nifty 200 TRI,2021-12-30,10450.18696290575
Nifty 200 TRI,2021-12-31,10557.987587480295
Nifty 200 TRI,2022-01-03,10707.615048618874
Nifty 200 TRI,2022-01-04,10793.275286849976
Nifty 200 TRI,2022-01-05,10856.37449406278
Nifty 200 TRI,2022-01-06,10774.506995780093
Nifty 200 TRI,2022-01-07,10817.561861048243
Nifty 200 TRI,2022-01-10,10921.76688054545
Nifty 200 TRI,2022-01-11,10947.360019255371
Nifty 200 TRI,2022-01-12,11046.459055602618
Nifty 200 TRI,2022-01-13,11083.516882843802
Nifty 200 TRI,2022-01-14,11085.227054100966
Nifty 200 TRI,2022-01-17,11118.662685216637
Nifty 200 TRI,2022-01-18,10978.607400319492
Nifty 200 TRI,2022-01-19,10899.16983159619
Nifty 200 TRI,2022-01-20,10814.799600749508
Nifty 200 TRI,2022-01-21,10694.775592178856
Nifty 200 TRI,2022-01-24,10379.877486924142
Nifty 200 TRI,2022-01-25,10464.384941972121
Nifty 200 TRI,2022-01-27,10353.578911614952
Nifty 200 TRI,2022-01-28,10380.829702812232
Nifty 200 TRI,2022-01-31,10524.623050923608
Nifty 200 TRI,2022-02-01,10669.984409678113
Nifty 200 TRI,2022-02-02,10792.309731654448
Nifty 200 TRI,2022-02-03,10672.861143713202
Nifty 200 TRI,2022-02-04,10641.932754994281
Nifty 200 TRI,2022-02-07,10484.278380740712
Nifty 200 TRI,2022-02-08,10491.473440265161
Nifty 200 TRI,2022-02-09,10610.610300329772
Nifty 200 TRI,2022-02-10,10685.195663997107
Nifty 200 TRI,2022-02-11,10534.166187177783
Nifty 200 TRI,2022-02-14,10197.103963777587
Nifty 200 TRI,2022-02-15,10495.27513222582
Nifty 200 TRI,2022-02-16,10476.143401700869
Nifty 200 TRI,2022-02-17,10469.113765707418
Nifty 200 TRI,2022-02-18,10430.30292834802
Nifty 200 TRI,2022-02-21,10365.948803531663
Nifty 200 TRI,2022-02-22,10299.41800908967
Nifty 200 TRI,2022-02-23,10306.667303666847
Nifty 200 TRI,2022-02-24,9791.37940825575
Nifty 200 TRI,2022-02-25,10074.89431486995
Nifty 200 TRI,2022-02-28,10163.590795092648
Nifty 200 TRI,2022-03-02,10080.347900832701
Nifty 200 TRI,2022-03-03,10026.4119173425
Nifty 200 TRI,2022-03-04,9854.527701027637
Nifty 200 TRI,2022-03-07,9619.31519165094
Nifty 200 TRI,2022-03-08,9720.797221011822
Nifty 200 TRI,2022-03-09,9914.879548879559
Nifty 200 TRI,2022-03-10,10064.37153886393
Nifty 200 TRI,2022-03-11,10094.636834051742
Nifty 200 TRI,2022-03-14,10201.866837900518
Nifty 200 TRI,2022-03-15,10085.098559241902
Nifty 200 TRI,2022-03-16,10280.561680239229
Nifty 200 TRI,2022-03-17,10459.215149148502
Nifty 200 TRI,2022-03-21,10362.263363631537
Nifty 200 TRI,2022-03-22,10457.791557935878
Nifty 200 TRI,2022-03-23,10437.945607650074
Nifty 200 TRI,2022-03-24,10437.912013685625
Nifty 200 TRI,2022-03-25,10405.772293336498
Nifty 200 TRI,2022-03-28,10431.232168240636
Nifty 200 TRI,2022-03-29,10490.079015280839
Nifty 200 TRI,2022-03-30,10585.696999058604
Nifty 200 TRI,2022-03-31,10578.603013904918
Nifty 200 TRI,2022-04-01,10713.813518935174
Nifty 200 TRI,2022-04-04,10933.688987493102
Nifty 200 TRI,2022-04-05,10922.871162278183
Nifty 200 TRI,2022-04-06,10869.933279008268
Nifty 200 TRI,2022-04-07,10775.044829218292
Nifty 200 TRI,2022-04-08,10877.310555924856
Nifty 200 TRI,2022-04-11,10858.406950012311
Nifty 200 TRI,2022-04-12,10749.420340905497
Nifty 200 TRI,2022-04-13,10727.442432726662
Nifty 200 TRI,2022-04-18,10574.243632921147
Nifty 200 TRI,2022-04-19,10432.3364836202
Nifty 200 TRI,2022-04-20,10529.690599205664
Nifty 200 TRI,2022-04-21,10677.125227378467
Nifty 200 TRI,2022-04-22,10555.214776336767
Nifty 200 TRI,2022-04-25,10403.385927861033
Nifty 200 TRI,2022-04-26,10570.853079895423
Nifty 200 TRI,2022-04-27,10465.707841145246
Nifty 200 TRI,2022-04-28,10587.184529240221
Nifty 200 TRI,2022-04-29,10493.304801198581
Nifty 200 TRI,2022-05-02,10466.293630036856
Nifty 200 TRI,2022-05-04,10221.20254156825
Nifty 200 TRI,2022-05-05,10229.50218519131
Nifty 200 TRI,2022-05-06,10055.917548302416
Nifty 200 TRI,2022-05-09,9955.735170609865
Nifty 200 TRI,2022-05-10,9870.769775520785
Nifty 200 TRI,2022-05-11,9831.882429898218
Nifty 200 TRI,2022-05-12,9606.35152562433
Nifty 200 TRI,2022-05-13,9600.591510472852
Nifty 200 TRI,2022-05-16,9666.0000459785
Nifty 200 TRI,2022-05-17,9920.112047988874
Nifty 200 TRI,2022-05-18,9910.91039618424
Nifty 200 TRI,2022-05-19,9643.200315077303
Nifty 200 TRI,2022-05-20,9895.324171509279
Nifty 200 TRI,2022-05-23,9856.947821757494
Nifty 200 TRI,2022-05-24,9798.011136305135
Nifty 200 TRI,2022-05-25,9700.73517520618
Nifty 200 TRI,2022-05-26,9798.877266453828
Nifty 200 TRI,2022-05-27,9908.19404629146
Nifty 200 TRI,2022-05-30,10108.381459473603
Nifty 200 TRI,2022-05-31,10070.223652264314
Nifty 200 TRI,2022-06-01,10030.334765419513
Nifty 200 TRI,2022-06-02,10094.88763289839
Nifty 200 TRI,2022-06-03,10034.61362953981
Nifty 200 TRI,2022-06-06,10023.642755079503
Nifty 200 TRI,2022-06-07,9936.752907684875
Nifty 200 TRI,2022-06-08,9900.247315999557
Nifty 200 TRI,2022-06-09,9971.665040234986
Nifty 200 TRI,2022-06-10,9824.348693589878
Nifty 200 TRI,2022-06-13,9570.054294256975
Nifty 200 TRI,2022-06-14,9551.556434664257
Nifty 200 TRI,2022-06-15,9540.489430781432
Nifty 200 TRI,2022-06-16,9338.228726058132
Nifty 200 TRI,2022-06-17,9273.2899127588
Nifty 200 TRI,2022-06-20,9264.767525157094
Nifty 200 TRI,2022-06-21,9470.32120745966
Nifty 200 TRI,2022-06-22,9326.497418721463
Nifty 200 TRI,2022-06-23,9419.53683321845
Nifty 200 TRI,2022-06-24,9517.480655603504
Nifty 200 TRI,2022-06-27,9599.861459949323
Nifty 200 TRI,2022-06-28,9613.62800836264
Nifty 200 TRI,2022-06-29,9579.043316359535
Nifty 200 TRI,2022-06-30,9556.616686597483
Nifty 200 TRI,2022-07-01,9561.681459771744
Nifty 200 TRI,2022-07-04,9619.414738837319
Nifty 200 TRI,2022-07-05,9607.708206277213
Nifty 200 TRI,2022-07-06,9733.71645287578
Nifty 200 TRI,2022-07-07,9826.124287624045
Nifty 200 TRI,2022-07-08,9874.321414567976
Nifty 200 TRI,2022-07-11,9909.271365876191
Nifty 200 TRI,2022-07-12,9829.937307077922
Nifty 200 TRI,2022-07-13,9787.673690641399
Nifty 200 TRI,2022-07-14,9774.296838640728
Nifty 200 TRI,2022-07-15,9839.110663069705
Nifty 200 TRI,2022-07-18,9979.25660228039
Nifty 200 TRI,2022-07-19,10023.094868705059
Nifty 200 TRI,2022-07-20,10109.037584591659
Nifty 200 TRI,2022-07-21,10184.663141776096
Nifty 200 TRI,2022-07-22,10231.282314763526
Nifty 200 TRI,2022-07-25,10190.141811080515
Nifty 200 TRI,2022-07-26,10090.415432602782
Nifty 200 TRI,2022-07-27,10187.401203208297
Nifty 200 TRI,2022-07-28,10345.257782911478
Nifty 200 TRI,2022-07-29,10485.876209110305
Nifty 200 TRI,2022-08-01,10613.92675977375
Nifty 200 TRI,2022-08-02,10629.304405328074
Nifty 200 TRI,2022-08-03,10633.891950344509
Nifty 200 TRI,2022-08-04,10646.271141254241
Nifty 200 TRI,2022-08-05,10651.264211388203
Nifty 200 TRI,2022-08-08,10724.997030818316
Nifty 200 TRI,2022-08-10,10723.562999166277
Nifty 200 TRI,2022-08-11,10803.883766335202
Nifty 200 TRI,2022-08-12,10837.224618104883
Nifty 200 TRI,2022-08-16,10938.572597043754
Nifty 200 TRI,2022-08-17,11012.913600933543
Nifty 200 TRI,2022-08-18,11031.200537622224
Nifty 200 TRI,2022-08-19,10909.016957160231
Nifty 200 TRI,2022-08-22,10734.927411733312
Nifty 200 TRI,2022-08-23,10797.035624505139
Nifty 200 TRI,2022-08-24,10828.485279655675
Nifty 200 TRI,2022-08-25,10791.678201955161
Nifty 200 TRI,2022-08-26,10824.168691005518
Nifty 200 TRI,2022-08-29,10694.267842685642
Nifty 200 TRI,2022-08-30,10957.446394120494
Nifty 200 TRI,2022-09-01,10861.585560486996
Nifty 200 TRI,2022-09-02,10852.207244529978
Nifty 200 TRI,2022-09-05,10914.306555956848
Nifty 200 TRI,2022-09-06,10928.442857374683
Nifty 200 TRI,2022-09-07,10924.264899244454
Nifty 200 TRI,2022-09-08,11011.431381080389
Nifty 200 TRI,2022-09-09,11032.448473027187
Nifty 200 TRI,2022-09-12,11111.917460014738
Nifty 200 TRI,2022-09-13,11184.833004294862
Nifty 200 TRI,2022-09-14,11155.004455515995
Nifty 200 TRI,2022-09-15,11114.945225548303
Nifty 200 TRI,2022-09-16,10873.531918661029
Nifty 200 TRI,2022-09-19,10920.693458850634
Nifty 200 TRI,2022-09-20,11045.468576358495
Nifty 200 TRI,2022-09-21,10966.494833225035
Nifty 200 TRI,2022-09-22,10939.830433172023
Nifty 200 TRI,2022-09-23,10741.590299773366
Nifty 200 TRI,2022-09-26,10517.084518071668
Nifty 200 TRI,2022-09-27,10515.375303514742
Nifty 200 TRI,2022-09-28,10434.454734325796
Nifty 200 TRI,2022-09-29,10413.430468385388
Nifty 200 TRI,2022-09-30,10578.41770604175
Nifty 200 TRI,2022-10-03,10431.558421235924
Nifty 200 TRI,2022-10-04,10678.340096683361
Nifty 200 TRI,2022-10-06,10735.425840506305
Nifty 200 TRI,2022-10-07,10721.172523743868
Nifty 200 TRI,2022-10-10,10662.328140923706
Nifty 200 TRI,2022-10-11,10497.32848644084
Nifty 200 TRI,2022-10-12,10578.800779867372
Nifty 200 TRI,2022-10-13,10505.648836731389
Nifty 200 TRI,2022-10-14,10573.994462754148
Nifty 200 TRI,2022-10-17,10644.833313514218
Nifty 200 TRI,2022-10-18,10755.719468193643
Nifty 200 TRI,2022-10-19,10767.499030048504
Nifty 200 TRI,2022-10-20,10802.829030937442
Nifty 200 TRI,2022-10-21,10782.899665769779
Nifty 200 TRI,2022-10-24,10866.2201551169
Nifty 200 TRI,2022-10-25,10838.999540096273
Nifty 200 TRI,2022-10-27,10901.926185349934
Nifty 200 TRI,2022-10-28,10909.661888795594
Nifty 200 TRI,2022-10-31,11049.57058799062
Nifty 200 TRI,2022-11-01,11136.096727413182
Nifty 200 TRI,2022-11-02,11103.204252703226
Nifty 200 TRI,2022-11-03,11095.145004452112
Nifty 200 TRI,2022-11-04,11125.873672664233
Nifty 200 TRI,2022-11-07,11185.416001113666
Nifty 200 TRI,2022-11-09,11152.392370342788
Nifty 200 TRI,2022-11-10,11062.74359621914
Nifty 200 TRI,2022-11-11,11226.08594023631
Nifty 200 TRI,2022-11-14,11225.424169575535
Nifty 200 TRI,2022-11-15,11261.497049600905
Nifty 200 TRI,2022-11-16,11242.145530740307
Nifty 200 TRI,2022-11-17,11193.02157189331
Nifty 200 TRI,2022-11-18,11160.401881185655
Nifty 200 TRI,2022-11-21,11082.282137244736
Nifty 200 TRI,2022-11-22,11128.786213942694
Nifty 200 TRI,2022-11-23,11146.675966635783
Nifty 200 TRI,2022-11-24,11255.639149405704
Nifty 200 TRI,2022-11-25,11282.51361929313
Nifty 200 TRI,2022-11-28,11317.722382310107
Nifty 200 TRI,2022-11-29,11344.37192047361
Nifty 200 TRI,2022-11-30,11446.237255820033
Nifty 200 TRI,2022-12-01,11485.989349464011
Nifty 200 TRI,2022-12-02,11444.613350133248
Nifty 200 TRI,2022-12-05,11448.029230351287
Nifty 200 TRI,2022-12-06,11417.252897435163
Nifty 200 TRI,2022-12-07,11373.5486437201
Nifty 200 TRI,2022-12-08,11408.090111999985
Nifty 200 TRI,2022-12-09,11342.182505509069
Nifty 200 TRI,2022-12-12,11350.283498799628
Nifty 200 TRI,2022-12-13,11406.687882602524
Nifty 200 TRI,2022-12-14,11445.296033382056
Nifty 200 TRI,2022-12-15,11307.541591691486
Nifty 200 TRI,2022-12-16,11200.852956389746
Nifty 200 TRI,2022-12-19,11293.77501217959
Nifty 200 TRI,2022-12-20,11272.95118635721
Nifty 200 TRI,2022-12-21,11139.85713007261
Nifty 200 TRI,2022-12-22,11083.88365514314
Nifty 200 TRI,2022-12-23,10824.986070318111
Nifty 200 TRI,2022-12-26,10993.464070918015
Nifty 200 TRI,2022-12-27,11075.925511783282
Nifty 200 TRI,2022-12-28,11082.058677250216
Nifty 200 TRI,2022-12-29,11122.06912214576
Nifty 200 TRI,2022-12-30,11084.699425148134
Nifty 200 TRI,2023-01-02,11138.436079551024
Nifty 200 TRI,2023-01-03,11164.472701031227
Nifty 200 TRI,2023-01-04,11041.288530787097
Nifty 200 TRI,2023-01-05,11036.399361897822
Nifty 200 TRI,2023-01-06,10953.875401633577
Nifty 200 TRI,2023-01-09,11092.624164440074
Nifty 200 TRI,2023-01-10,10997.20698715109
Nifty 200 TRI,2023-01-11,10978.852014049686
Nifty 200 TRI,2023-01-12,10961.074942696445
Nifty 200 TRI,2023-01-13,11011.896742576513
Nifty 200 TRI,2023-01-16,10982.127701928359
Nifty 200 TRI,2023-01-17,11056.175372740003
Nifty 200 TRI,2023-01-18,11112.05909226316
Nifty 200 TRI,2023-01-19,11077.681556492962
Nifty 200 TRI,2023-01-20,11027.161771677094
Nifty 200 TRI,2023-01-23,11078.49341569544
Nifty 200 TRI,2023-01-24,11071.279639963917
Nifty 200 TRI,2023-01-25,10907.473055113864
Nifty 200 TRI,2023-01-27,10686.55108161098
Nifty 200 TRI,2023-01-30,10673.166940012889
Nifty 200 TRI,2023-01-31,10711.175471154647
Nifty 200 TRI,2023-02-01,10653.536325313524
Nifty 200 TRI,2023-02-02,10642.297503503722
Nifty 200 TRI,2023-02-03,10744.546195833547
Nifty 200 TRI,2023-02-06,10718.733972001404
Nifty 200 TRI,2023-02-07,10696.691241925004
Nifty 200 TRI,2023-02-08,10789.317132928842
Nifty 200 TRI,2023-02-09,10792.37069375068
Nifty 200 TRI,2023-02-10,10775.730274654166
Nifty 200 TRI,2023-02-13,10697.392808229863
Nifty 200 TRI,2023-02-14,10761.393321334588
Nifty 200 TRI,2023-02-15,10815.172176121781
Nifty 200 TRI,2023-02-16,10840.133043784524
Nifty 200 TRI,2023-02-17,10779.677088235485
Nifty 200 TRI,2023-02-20,10732.1200784427
Nifty 200 TRI,2023-02-21,10715.529930927962
Nifty 200 TRI,2023-02-22,10557.47691449165
Nifty 200 TRI,2023-02-23,10530.010087008906
Nifty 200 TRI,2023-02-24,10504.16920267462
Nifty 200 TRI,2023-02-27,10450.234596700306
Nifty 200 TRI,2023-02-28,10422.410493368445
Nifty 200 TRI,2023-03-01,10525.965689767121
Nifty 200 TRI,2023-03-02,10464.250033453189
Nifty 200 TRI,2023-03-03,10610.021548659797
Nifty 200 TRI,2023-03-06,10686.849704869552
Nifty 200 TRI,2023-03-08,10719.586799410577
Nifty 200 TRI,2023-03-09,10630.241483883667
Nifty 200 TRI,2023-03-10,10538.446778170814
Nifty 200 TRI,2023-03-13,10380.851474888626
Nifty 200 TRI,2023-03-14,10315.613595724582
Nifty 200 TRI,2023-03-15,10284.106242155724
Nifty 200 TRI,2023-03-16,10300.05723411535
Nifty 200 TRI,2023-03-17,10364.404310864193
Nifty 200 TRI,2023-03-20,10292.090816914497
Nifty 200 TRI,2023-03-21,10362.787904167246
Nifty 200 TRI,2023-03-22,10396.488817716481
Nifty 200 TRI,2023-03-23,10355.084952000783
Nifty 200 TRI,2023-03-24,10272.484681077096
Nifty 200 TRI,2023-03-27,10276.483866398492
Nifty 200 TRI,2023-03-28,10243.621675635124
Nifty 200 TRI,2023-03-29,10329.58251009616
Nifty 200 TRI,2023-03-31,10484.29801949276
Nifty 200 TRI,2023-04-03,10511.891878856768
Nifty 200 TRI,2023-04-05,10591.444437536433
Nifty 200 TRI,2023-04-06,10622.26189242518
Nifty 200 TRI,2023-04-10,10645.828465178165
Nifty 200 TRI,2023-04-11,10703.374221350432
Nifty 200 TRI,2023-04-12,10758.596382702548
Nifty 200 TRI,2023-04-13,10766.137438404414
Nifty 200 TRI,2023-04-17,10724.628219419359
Nifty 200 TRI,2023-04-18,10718.427936420296
Nifty 200 TRI,2023-04-19,10688.116907152986
Nifty 200 TRI,2023-04-20,10691.232657796107
Nifty 200 TRI,2023-04-21,10683.04903038246
Nifty 200 TRI,2023-04-24,10747.728014330885
Nifty 200 TRI,2023-04-25,10765.640054574209
Nifty 200 TRI,2023-04-26,10792.40667218294
Nifty 200 TRI,2023-04-27,10850.864864359286
Nifty 200 TRI,2023-04-28,10956.16141081222
Nifty 200 TRI,2023-05-02,11017.137402653114
Nifty 200 TRI,2023-05-03,10995.794463476195
Nifty 200 TRI,2023-05-04,11088.999954645527
Nifty 200 TRI,2023-05-05,10993.892114464299
Nifty 200 TRI,2023-05-08,11105.19497635601
Nifty 200 TRI,2023-05-09,11103.781385357339
Nifty 200 TRI,2023-05-10,11135.119118856182
Nifty 200 TRI,2023-05-11,11141.69028789695
Nifty 200 TRI,2023-05-12,11140.103634304296
Nifty 200 TRI,2023-05-15,11192.752881838163
Nifty 200 TRI,2023-05-16,11146.109316072647
Nifty 200 TRI,2023-05-17,11089.086038259711
Nifty 200 TRI,2023-05-18,11043.017279740963
Nifty 200 TRI,2023-05-19,11082.058462117637
Nifty 200 TRI,2023-05-22,11156.694877993068
Nifty 200 TRI,2023-05-23,11187.174149052777
Nifty 200 TRI,2023-05-24,11164.364560547067
Nifty 200 TRI,2023-05-25,11193.68006442746
Nifty 200 TRI,2023-05-26,11301.658549641423
Nifty 200 TRI,2023-05-29,11360.241307551176
Nifty 200 TRI,2023-05-30,11378.721816356985
Nifty 200 TRI,2023-05-31,11343.139659875784
Nifty 200 TRI,2023-06-01,11328.552300628204
Nifty 200 TRI,2023-06-02,11363.306456553872
Nifty 200 TRI,2023-06-05,11396.943838749567
Nifty 200 TRI,2023-06-06,11405.747061093352
Nifty 200 TRI,2023-06-07,11492.42714179415
Nifty 200 TRI,2023-06-08,11432.746250595095
Nifty 200 TRI,2023-06-09,11398.672282204652
Nifty 200 TRI,2023-06-12,11431.79724832067
Nifty 200 TRI,2023-06-13,11516.396275910654
Nifty 200 TRI,2023-06-14,11539.90973380244
Nifty 200 TRI,2023-06-15,11516.277408269634
Nifty 200 TRI,2023-06-16,11604.623220129239
Nifty 200 TRI,2023-06-19,11571.481338559537
Nifty 200 TRI,2023-06-20,11612.626499530106
Nifty 200 TRI,2023-06-21,11643.795678169648
Nifty 200 TRI,2023-06-22,11570.958017822884
Nifty 200 TRI,2023-06-23,11483.873137522412
Nifty 200 TRI,2023-06-26,11519.474213407253
Nifty 200 TRI,2023-06-27,11590.983345845138
Nifty 200 TRI,2023-06-28,11681.413510707604
Nifty 200 TRI,2023-06-30,11798.361769431
Nifty 200 TRI,2023-07-03,11869.739342036919
Nifty 200 TRI,2023-07-04,11891.646243132043
Nifty 200 TRI,2023-07-05,11918.343581906394
Nifty 200 TRI,2023-07-06,11987.55479386996
Nifty 200 TRI,2023-07-07,11887.418322005458
Nifty 200 TRI,2023-07-10,11885.526640129354
Nifty 200 TRI,2023-07-11,11950.367317118234
Nifty 200 TRI,2023-07-12,11936.830332503509
Nifty 200 TRI,2023-07-13,11929.659232023409
Nifty 200 TRI,2023-07-14,12028.504481729955
Nifty 200 TRI,2023-07-17,12104.49709315458
Nifty 200 TRI,2023-07-18,12113.8638285095
Nifty 200 TRI,2023-07-19,12170.843860580733
Nifty 200 TRI,2023-07-20,12239.98167514262
Nifty 200 TRI,2023-07-21,12122.978340360973
Nifty 200 TRI,2023-07-24,12088.561549819906
Nifty 200 TRI,2023-07-25,12109.792538936783
Nifty 200 TRI,2023-07-26,12168.247334802842
Nifty 200 TRI,2023-07-27,12122.628902621316
Nifty 200 TRI,2023-07-28,12139.945968836004
Nifty 200 TRI,2023-07-31,12210.552551874765
Nifty 200 TRI,2023-08-01,12201.164520646742
Nifty 200 TRI,2023-08-02,12065.289280431169
Nifty 200 TRI,2023-08-03,11997.559040397096
Nifty 200 TRI,2023-08-04,12085.373379513767
Nifty 200 TRI,2023-08-07,12134.477194212977
Nifty 200 TRI,2023-08-08,12125.960989051622
Nifty 200 TRI,2023-08-09,12162.638245850338
Nifty 200 TRI,2023-08-10,12112.962340051454
Nifty 200 TRI,2023-08-11,12050.067915557554
Nifty 200 TRI,2023-08-14,12033.278315185698
Nifty 200 TRI,2023-08-16,12050.093677551984
Nifty 200 TRI,2023-08-17,12005.0799288506
Nifty 200 TRI,2023-08-18,11972.402843245753
Nifty 200 TRI,2023-08-21,12038.128612643386
Nifty 200 TRI,2023-08-22,12069.55514097692
Nifty 200 TRI,2023-08-23,12096.655078996722
Nifty 200 TRI,2023-08-24,12080.52910354576
Nifty 200 TRI,2023-08-25,11997.361984760077
Nifty 200 TRI,2023-08-28,12033.971791373251
Nifty 200 TRI,2023-08-29,12065.873214696036
Nifty 200 TRI,2023-08-30,12087.948109471068
Nifty 200 TRI,2023-08-31,12035.599356044293
Nifty 200 TRI,2023-09-01,12146.02904156249
Nifty 200 TRI,2023-09-04,12219.646925866027
Nifty 200 TRI,2023-09-05,12263.911569744732
Nifty 200 TRI,2023-09-06,12290.855562734127
Nifty 200 TRI,2023-09-07,12365.44234501411
Nifty 200 TRI,2023-09-08,12436.28726906702
Nifty 200 TRI,2023-09-11,12555.903792702184
Nifty 200 TRI,2023-09-12,12462.280469438925
Nifty 200 TRI,2023-09-13,12504.809966585271
Nifty 200 TRI,2023-09-14,12552.142254735993
Nifty 200 TRI,2023-09-15,12602.404963753253
Nifty 200 TRI,2023-09-18,12567.91108857217
Nifty 200 TRI,2023-09-20,12444.493363380954
Nifty 200 TRI,2023-09-21,12344.22021887385
Nifty 200 TRI,2023-09-22,12310.226350862693
Nifty 200 TRI,2023-09-25,12320.023948551925
Nifty 200 TRI,2023-09-26,12316.887416534326
Nifty 200 TRI,2023-09-27,12357.381638740619
Nifty 200 TRI,2023-09-28,12224.634337846546
Nifty 200 TRI,2023-09-29,12311.868060528606
Nifty 200 TRI,2023-10-03,12271.842385167201
Nifty 200 TRI,2023-10-04,12184.346320092613
Nifty 200 TRI,2023-10-05,12238.029552669854
Nifty 200 TRI,2023-10-06,12307.300019086499
Nifty 200 TRI,2023-10-09,12200.79741800288
Nifty 200 TRI,2023-10-10,12326.267753512797
Nifty 200 TRI,2023-10-11,12400.123285059302
Nifty 200 TRI,2023-10-12,12399.09685214718
Nifty 200 TRI,2023-10-13,12377.795039207438
Nifty 200 TRI,2023-10-16,12377.057035940714
Nifty 200 TRI,2023-10-17,12425.846379925964
Nifty 200 TRI,2023-10-18,12330.69290062696
Nifty 200 TRI,2023-10-19,12303.346540312117
Nifty 200 TRI,2023-10-20,12232.799964981734
Nifty 200 TRI,2023-10-23,12036.136826799591
Nifty 200 TRI,2023-10-25,11942.719232822148
Nifty 200 TRI,2023-10-26,11786.901367385126
Nifty 200 TRI,2023-10-27,11929.376207130803
Nifty 200 TRI,2023-10-30,11977.49029581431
Nifty 200 TRI,2023-10-31,11960.02954920663
Nifty 200 TRI,2023-11-01,11906.036044992263
Nifty 200 TRI,2023-11-02,12019.283039043577
Nifty 200 TRI,2023-11-03,12093.715472972513
Nifty 200 TRI,2023-11-06,12205.72930389836
Nifty 200 TRI,2023-11-07,12220.764271072107
Nifty 200 TRI,2023-11-08,12267.944103713015
Nifty 200 TRI,2023-11-09,12242.392984126875
Nifty 200 TRI,2023-11-10,12268.342068742557
Nifty 200 TRI,2023-11-13,12298.858816029364
Nifty 200 TRI,2023-11-15,12437.012265248362
Nifty 200 TRI,2023-11-16,12498.93783466183
Nifty 200 TRI,2023-11-17,12496.622696811868
Nifty 200 TRI,2023-11-20,12477.176067199003
Nifty 200 TRI,2023-11-21,12519.339010645035
Nifty 200 TRI,2023-11-22,12533.04494763554
Nifty 200 TRI,2023-11-23,12533.7815817239
Nifty 200 TRI,2023-11-24,12531.407389627797
Nifty 200 TRI,2023-11-28,12611.186205437007
Nifty 200 TRI,2023-11-29,12733.13548168248
Nifty 200 TRI,2023-11-30,12781.601126368274
Nifty 200 TRI,2023-12-01,12877.912969852257
Nifty 200 TRI,2023-12-04,13127.906036359913
Nifty 200 TRI,2023-12-05,13240.153786980307
Nifty 200 TRI,2023-12-06,13312.543932549968
Nifty 200 TRI,2023-12-07,13326.225325852864
Nifty 200 TRI,2023-12-08,13338.850324653515
Nifty 200 TRI,2023-12-11,13384.542231932248
Nifty 200 TRI,2023-12-12,13321.651871689914
Nifty 200 TRI,2023-12-13,13362.233501253135
Nifty 200 TRI,2023-12-14,13531.43201444804
Nifty 200 TRI,2023-12-15,13658.122536452842
Nifty 200 TRI,2023-12-18,13658.632019735904
Nifty 200 TRI,2023-12-19,13671.391668038
Nifty 200 TRI,2023-12-20,13413.121674336624
Nifty 200 TRI,2023-12-21,13519.862198065306
Nifty 200 TRI,2023-12-22,13592.537002364994
Nifty 200 TRI,2023-12-26,13665.845095067869
Nifty 200 TRI,2023-12-27,13780.490558049614
Nifty 200 TRI,2023-12-28,13855.070826801692
Nifty 200 TRI,2023-12-29,13865.72664962256
Nifty 200 TRI,2024-01-01,13889.293421968865
Nifty 200 TRI,2024-01-02,13848.764165525055
Nifty 200 TRI,2024-01-03,13805.647066047495
Nifty 200 TRI,2024-01-04,13929.673607033896
Nifty 200 TRI,2024-01-05,13955.67439497193
Nifty 200 TRI,2024-01-08,13824.782150992009
Nifty 200 TRI,2024-01-09,13852.546310414209
Nifty 200 TRI,2024-01-10,13897.183106050981
Nifty 200 TRI,2024-01-11,13938.531223066464
Nifty 200 TRI,2024-01-12,14063.24386290955
Nifty 200 TRI,2024-01-15,14175.917933652678
Nifty 200 TRI,2024-01-16,14134.143993272295
Nifty 200 TRI,2024-01-17,13878.161700855448
Nifty 200 TRI,2024-01-18,13817.499309614266
Nifty 200 TRI,2024-01-19,13950.8246089093
Nifty 200 TRI,2024-01-23,13675.795835323475
Nifty 200 TRI,2024-01-24,13844.016538197458
Nifty 200 TRI,2024-01-25,13791.983245499565
Nifty 200 TRI,2024-01-29,14030.583688670158
Nifty 200 TRI,2024-01-30,13917.779903877201
Nifty 200 TRI,2024-01-31,14064.401467430169
Nifty 200 TRI,2024-02-01,14045.897352481254
Nifty 200 TRI,2024-02-02,14139.996058090583
Nifty 200 TRI,2024-02-05,14092.601605450951
Nifty 200 TRI,2024-02-06,14219.371761899845
Nifty 200 TRI,2024-02-07,14271.479217321805
Nifty 200 TRI,2024-02-08,14184.717744910453
Nifty 200 TRI,2024-02-09,14188.750176945316
Nifty 200 TRI,2024-02-12,14023.641379858578
Nifty 200 TRI,2024-02-13,14106.240323954013
Nifty 200 TRI,2024-02-14,14200.440669088159
Nifty 200 TRI,2024-02-15,14273.16283748234
Nifty 200 TRI,2024-02-16,14360.606645336064
Nifty 200 TRI,2024-02-19,14411.932061095573
Nifty 200 TRI,2024-02-20,14445.584713035163
Nifty 200 TRI,2024-02-21,14343.305510307879
Nifty 200 TRI,2024-02-22,14462.267808675037
Nifty 200 TRI,2024-02-23,14474.613094373004
Nifty 200 TRI,2024-02-26,14432.222812467906
Nifty 200 TRI,2024-02-27,14459.112686017354
Nifty 200 TRI,2024-02-28,14273.42554492958
Nifty 200 TRI,2024-02-29,14322.218889101827
Nifty 200 TRI,2024-03-01,14523.778125706449
Nifty 200 TRI,2024-03-04,14591.04766510295
Nifty 200 TRI,2024-03-05,14561.642533564975
Nifty 200 TRI,2024-03-06,14597.144916717876
Nifty 200 TRI,2024-03-07,14628.290733026413
Nifty 200 TRI,2024-03-11,14546.058030808274
Nifty 200 TRI,2024-03-12,14485.243686429989
Nifty 200 TRI,2024-03-13,14150.113065599528
Nifty 200 TRI,2024-03-14,14314.463309884844
Nifty 200 TRI,2024-03-15,14235.782269836118
Nifty 200 TRI,2024-03-18,14253.555947894425
Nifty 200 TRI,2024-03-19,14084.347065970584
Nifty 200 TRI,2024-03-20,14102.288240240336
Nifty 200 TRI,2024-03-21,14278.699770855192
Nifty 200 TRI,2024-03-22,14343.148487583356
Nifty 200 TRI,2024-03-26,14350.954324998096
Nifty 200 TRI,2024-03-27,14404.92427343692
Nifty 200 TRI,2024-03-28,14536.000974619321
Nifty 200 TRI,2024-04-01,14676.543241151147
Nifty 200 TRI,2024-04-02,14719.74755615512
Nifty 200 TRI,2024-04-03,14730.939510742204
Nifty 200 TRI,2024-04-04,14769.19577600188
Nifty 200 TRI,2024-04-05,14801.027472537442
Nifty 200 TRI,2024-04-08,14878.786282154666
Nifty 200 TRI,2024-04-09,14855.723693603946
Nifty 200 TRI,2024-04-10,14946.125594570713
Nifty 200 TRI,2024-04-12,14814.48189607719
Nifty 200 TRI,2024-04-15,14625.062844845472
Nifty 200 TRI,2024-04-16,14571.371230751054
Nifty 200 TRI,2024-04-18,14491.289687628992
Nifty 200 TRI,2024-04-19,14542.712188853124
Nifty 200 TRI,2024-04-22,14680.60268131039
Nifty 200 TRI,2024-04-23,14724.722714333473
Nifty 200 TRI,2024-04-24,14770.322081091357
Nifty 200 TRI,2024-04-25,14868.970609797678
Nifty 200 TRI,2024-04-26,14834.799647784259
Nifty 200 TRI,2024-04-29,14960.18452601498
Nifty 200 TRI,2024-04-30,14958.294155111977
Nifty 200 TRI,2024-05-02,15027.106235447953
Nifty 200 TRI,2024-05-03,14933.911477903313
Nifty 200 TRI,2024-05-06,14877.175537021056
Nifty 200 TRI,2024-05-07,14728.059833053812
Nifty 200 TRI,2024-05-08,14778.640591926951
Nifty 200 TRI,2024-05-09,14534.170142427303
Nifty 200 TRI,2024-05-10,14618.102090204138
Nifty 200 TRI,2024-05-13,14654.429434235344
Nifty 200 TRI,2024-05-14,14764.593607628689
Nifty 200 TRI,2024-05-15,14795.584908390329
Nifty 200 TRI,2024-05-16,14929.617891621481
Nifty 200 TRI,2024-05-17,15005.082028487213
Nifty 200 TRI,2024-05-21,15096.14808343923
Nifty 200 TRI,2024-05-22,15135.721433704002
Nifty 200 TRI,2024-05-23,15335.774353249546
Nifty 200 TRI,2024-05-24,15335.430690224057
Nifty 200 TRI,2024-05-27,15341.488087923406
Nifty 200 TRI,2024-05-28,15274.330711436287
Nifty 200 TRI,2024-05-29,15166.584802953263
Nifty 200 TRI,2024-05-30,15015.70291914876
Nifty 200 TRI,2024-05-31,15056.999414438185
Nifty 200 TRI,2024-06-03,15579.800316453962
Nifty 200 TRI,2024-06-04,14521.83582312019
Nifty 200 TRI,2024-06-05,15057.061701394821
Nifty 200 TRI,2024-06-06,15248.583299557014
Nifty 200 TRI,2024-06-07,15532.542154724866
Nifty 200 TRI,2024-06-10,15538.859294781696
Nifty 200 TRI,2024-06-11,15559.208441701987
Nifty 200 TRI,2024-06-12,15627.434460768043
Nifty 200 TRI,2024-06-13,15701.930459095813
Nifty 200 TRI,2024-06-14,15794.814585425063
Nifty 200 TRI,2024-06-18,15869.528571784485
Nifty 200 TRI,2024-06-19,15800.209085222392
Nifty 200 TRI,2024-06-20,15851.73187971007
Nifty 200 TRI,2024-06-21,15799.316143244669
Nifty 200 TRI,2024-06-24,15843.50747206343
Nifty 200 TRI,2024-06-25,15907.931039769144
Nifty 200 TRI,2024-06-26,15961.833848798973
Nifty 200 TRI,2024-06-27,16056.602632462245
Nifty 200 TRI,2024-06-28,16061.251265725992
Nifty 200 TRI,2024-07-01,16168.766297782615
Nifty 200 TRI,2024-07-02,16129.827211168993
Nifty 200 TRI,2024-07-03,16251.41706858255
Nifty 200 TRI,2024-07-04,16286.299641226666
Nifty 200 TRI,2024-07-05,16334.96790911214
Nifty 200 TRI,2024-07-08,16328.596507293436
Nifty 200 TRI,2024-07-09,16403.481127844338
Nifty 200 TRI,2024-07-10,16348.623801874712
Nifty 200 TRI,2024-07-11,16364.053569544041
Nifty 200 TRI,2024-07-12,16443.206978089103
Nifty 200 TRI,2024-07-15,16531.761200578363
Nifty 200 TRI,2024-07-16,16523.17344498415
Nifty 200 TRI,2024-07-18,16555.707912618025
Nifty 200 TRI,2024-07-19,16320.449592101644
Nifty 200 TRI,2024-07-22,16376.694075459229
Nifty 200 TRI,2024-07-23,16323.350208412628
Nifty 200 TRI,2024-07-24,16334.700183094554
Nifty 200 TRI,2024-07-25,16339.125536013737
Nifty 200 TRI,2024-07-26,16621.720625122995
Nifty 200 TRI,2024-07-29,16683.397883054917
Nifty 200 TRI,2024-07-30,16702.63772450845
Nifty 200 TRI,2024-07-31,16780.494827722614
Nifty 200 TRI,2024-08-01,16775.167232211094
Nifty 200 TRI,2024-08-02,16594.690276171696
Nifty 200 TRI,2024-08-05,16107.66137291548
Nifty 200 TRI,2024-08-06,16037.107325227193
Nifty 200 TRI,2024-08-07,16321.113869909617
Nifty 200 TRI,2024-08-08,16211.474002358409
Nifty 200 TRI,2024-08-09,16377.467188201617
Nifty 200 TRI,2024-08-12,16365.284948539706
Nifty 200 TRI,2024-08-13,16220.382193412817
Nifty 200 TRI,2024-08-14,16208.337787711112
Nifty 200 TRI,2024-08-16,16486.557412523845
Nifty 200 TRI,2024-08-19,16525.45443831297
Nifty 200 TRI,2024-08-20,16626.467399856836
Nifty 200 TRI,2024-08-21,16674.456956631395
Nifty 200 TRI,2024-08-22,16724.58280225894
Nifty 200 TRI,2024-08-23,16709.29427783155
Nifty 200 TRI,2024-08-26,16820.761619369125
Nifty 200 TRI,2024-08-27,16838.24685706176
Nifty 200 TRI,2024-08-28,16853.599942284174
Nifty 200 TRI,2024-08-29,16880.86687993554
Nifty 200 TRI,2024-08-30,16946.36542186852
Nifty 200 TRI,2024-09-02,16974.659741555726
Nifty 200 TRI,2024-09-03,16985.63388758759
Nifty 200 TRI,2024-09-04,16947.167928889776
Nifty 200 TRI,2024-09-05,16938.46020247991
Nifty 200 TRI,2024-09-06,16727.291783088895
Nifty 200 TRI,2024-09-09,16766.538405238352
Nifty 200 TRI,2024-09-10,16855.479248781212
Nifty 200 TRI,2024-09-11,16782.54826845148
Nifty 200 TRI,2024-09-12,17071.50888748865
Nifty 200 TRI,2024-09-13,17068.258079846608
Nifty 200 TRI,2024-09-16,17098.654179769645
Nifty 200 TRI,2024-09-17,17105.24878065384
Nifty 200 TRI,2024-09-18,17058.28697325141
Nifty 200 TRI,2024-09-19,17042.934840854083
Nifty 200 TRI,2024-09-20,17297.287054453715
Nifty 200 TRI,2024-09-23,17432.35731002308
Nifty 200 TRI,2024-09-24,17441.219942424043
Nifty 200 TRI,2024-09-25,17436.912252865604
Nifty 200 TRI,2024-09-26,17548.292796013688
Nifty 200 TRI,2024-09-27,17543.514603364005
Nifty 200 TRI,2024-09-30,17338.887071607027
Nifty 200 TRI,2024-10-01,17346.620787115957
Nifty 200 TRI,2024-10-03,16972.093622086184
Nifty 200 TRI,2024-10-04,16812.2858336912
Nifty 200 TRI,2024-10-07,16593.108115049246
Nifty 200 TRI,2024-10-08,16818.344672679807
Nifty 200 TRI,2024-10-09,16856.451161151883
Nifty 200 TRI,2024-10-10,16850.518008299856
Nifty 200 TRI,2024-10-11,16850.817103885765
Nifty 200 TRI,2024-10-14,16942.06782550672
Nifty 200 TRI,2024-10-15,16922.542352250977
Nifty 200 TRI,2024-10-16,16867.451790400795
Nifty 200 TRI,2024-10-17,16663.275605554143
Nifty 200 TRI,2024-10-18,16720.210690400345
Nifty 200 TRI,2024-10-21,16613.794814943347
Nifty 200 TRI,2024-10-22,16331.60436931316
Nifty 200 TRI,2024-10-23,16334.735891014394
Nifty 200 TRI,2024-10-24,16302.175556368966
Nifty 200 TRI,2024-10-25,16115.025748329932
Nifty 200 TRI,2024-10-28,16221.091369090776
Nifty 200 TRI,2024-10-29,16324.956163618715
Nifty 200 TRI,2024-10-30,16261.858375411673
Nifty 200 TRI,2024-10-31,16178.678121972156
Nifty 200 TRI,2024-11-01,16264.968146684987
Nifty 200 TRI,2024-11-04,16056.622549744272
Nifty 200 TRI,2024-11-05,16182.310635941589
Nifty 200 TRI,2024-11-06,16426.77550166492
Nifty 200 TRI,2024-11-07,16258.200524644042
Nifty 200 TRI,2024-11-08,16164.36043499547
Nifty 200 TRI,2024-11-11,16147.594724132668
Nifty 200 TRI,2024-11-12,15959.249783382691
Nifty 200 TRI,2024-11-13,15691.377192977761
Nifty 200 TRI,2024-11-14,15713.86212585696
Nifty 200 TRI,2024-11-18,15681.13456402777
Nifty 200 TRI,2024-11-19,15745.647239994641
Nifty 200 TRI,2024-11-21,15609.918810936288
Nifty 200 TRI,2024-11-22,15920.903495559633
Nifty 200 TRI,2024-11-25,16147.267531462427
Nifty 200 TRI,2024-11-26,16142.844051434275
Nifty 200 TRI,2024-11-27,16231.768801701708
Nifty 200 TRI,2024-11-28,16083.574890234222
Nifty 200 TRI,2024-11-29,16205.743221842877
Nifty 200 TRI,2024-12-02,16314.446069046411
Nifty 200 TRI,2024-12-03,16444.548619647245
Nifty 200 TRI,2024-12-04,16493.12508015183
Nifty 200 TRI,2024-12-05,16633.116807914073
Nifty 200 TRI,2024-12-06,16649.644044661956
Nifty 200 TRI,2024-12-09,16628.093627397757
Nifty 200 TRI,2024-12-10,16638.496680923556
Nifty 200 TRI,2024-12-11,16665.437173653987
Nifty 200 TRI,2024-12-12,16605.169732931598
Nifty 200 TRI,2024-12-13,16700.28890985632
Nifty 200 TRI,2024-12-16,16685.222406938406
Nifty 200 TRI,2024-12-17,16490.95076988641
Nifty 200 TRI,2024-12-18,16374.077051834882
Nifty 200 TRI,2024-12-19,16230.478699453484
Nifty 200 TRI,2024-12-20,15916.563121392748
Nifty 200 TRI,2024-12-23,16008.531578214708
Nifty 200 TRI,2024-12-24,15992.731210935417
Nifty 200 TRI,2024-12-26,16018.085984956559
Nifty 200 TRI,2024-12-27,16022.700316744213
Nifty 200 TRI,2024-12-30,15963.801162165128
Nifty 200 TRI,2024-12-31,15962.104282674938
Nifty 200 TRI,2025-01-01,16028.748520547118
Nifty 200 TRI,2025-01-02,16294.357692853511
Nifty 200 TRI,2025-01-03,16206.166672534137
Nifty 200 TRI,2025-01-06,15875.99955987829
Nifty 200 TRI,2025-01-07,15940.570736516687
Nifty 200 TRI,2025-01-08,15883.91091911745
Nifty 200 TRI,2025-01-09,15754.657630447102
Nifty 200 TRI,2025-01-10,15608.541988792884
Nifty 200 TRI,2025-01-13,15246.009425856453
Nifty 200 TRI,2025-01-14,15408.131775903883
Nifty 200 TRI,2025-01-15,15456.504446033037
Nifty 200 TRI,2025-01-16,15563.727971117421
Nifty 200 TRI,2025-01-17,15538.784065678876
Nifty 200 TRI,2025-01-20,15630.862379971899
Nifty 200 TRI,2025-01-21,15362.679591665445
Nifty 200 TRI,2025-01-22,15367.750375768035
Nifty 200 TRI,2025-01-23,15462.008778623353
Nifty 200 TRI,2025-01-24,15334.042492615145
Nifty 200 TRI,2025-01-27,15080.938847412564
Nifty 200 TRI,2025-01-28,15133.134652016968
Nifty 200 TRI,2025-01-29,15329.603162560512
Nifty 200 TRI,2025-01-30,15370.966063245856
Nifty 200 TRI,2025-01-31,15571.508570478572
Nifty 200 TRI,2025-02-03,15453.12430245441
Nifty 200 TRI,2025-02-04,15700.426944165361
Nifty 200 TRI,2025-02-05,15714.453835350718
Nifty 200 TRI,2025-02-06,15622.379799419192
Nifty 200 TRI,2025-02-07,15609.102211209158
Nifty 200 TRI,2025-02-10,15432.150173842083
Nifty 200 TRI,2025-02-11,15158.097035778283
Nifty 200 TRI,2025-02-12,15140.15093744762
Nifty 200 TRI,2025-02-13,15144.919266318295
Nifty 200 TRI,2025-02-14,14988.703059401385
Nifty 200 TRI,2025-02-17,15009.55433421448
Nifty 200 TRI,2025-02-18,14998.934318816437
Nifty 200 TRI,2025-02-19,15057.429060605351
Nifty 200 TRI,2025-02-20,15112.11210557767
Nifty 200 TRI,2025-02-21,15005.534337314328
Nifty 200 TRI,2025-02-24,14848.0532920738
Nifty 200 TRI,2025-02-25,14814.758862145914
Nifty 200 TRI,2025-02-27,14767.250176629246
Nifty 200 TRI,2025-02-28,14455.426662497246
Nifty 200 TRI,2025-03-03,14479.034446140655
Nifty 200 TRI,2025-03-04,14475.66844391614
Nifty 200 TRI,2025-03-05,14702.127810854068
Nifty 200 TRI,2025-03-06,14829.975639943876
Nifty 200 TRI,2025-03-07,14816.835800111534
Nifty 200 TRI,2025-03-10,14707.89079755441
Nifty 200 TRI,2025-03-11,14752.212723164446
Nifty 200 TRI,2025-03-12,14726.894161082118
Nifty 200 TRI,2025-03-13,14665.525081691616
Nifty 200 TRI,2025-03-17,14750.389601231996
Nifty 200 TRI,2025-03-18,15007.166259131149
Nifty 200 TRI,2025-03-19,15140.277469628858
Nifty 200 TRI,2025-03-20,15298.289571730495
Nifty 200 TRI,2025-03-21,15425.80862222953
Nifty 200 TRI,2025-03-24,15628.707813833022
Nifty 200 TRI,2025-03-25,15572.897509884784
Nifty 200 TRI,2025-03-26,15466.212133143788
Nifty 200 TRI,2025-03-27,15559.608943712608
Nifty 200 TRI,2025-03-28,15504.68590606095
Nifty 200 TRI,2025-04-01,15299.706522268752
Nifty 200 TRI,2025-04-02,15441.851045457246
Nifty 200 TRI,2025-04-03,15410.623721049895
Nifty 200 TRI,2025-04-04,15121.431189247938
Nifty 200 TRI,2025-04-07,14625.631749054046
Nifty 200 TRI,2025-04-08,14892.153271514733
Nifty 200 TRI,2025-04-09,14812.571501675446
Nifty 200 TRI,2025-04-11,15083.533773488794
Nifty 200 TRI,2025-04-15,15453.55303023132
Nifty 200 TRI,2025-04-16,15536.916632365674
Nifty 200 TRI,2025-04-17,15758.678199208684
Nifty 200 TRI,2025-04-21,15991.056995599683
Nifty 200 TRI,2025-04-22,16036.266820295396
Nifty 200 TRI,2025-04-23,16158.221613647569
Nifty 200 TRI,2025-04-24,16114.145536669095
Nifty 200 TRI,2025-04-25,15895.531511864316
Nifty 200 TRI,2025-04-28,16097.773577262
Nifty 200 TRI,2025-04-29,16103.603977134098
Nifty 200 TRI,2025-04-30,16067.28820199204
Nifty 200 TRI,2025-05-02,16050.906668601163
Nifty 200 TRI,2025-05-05,16186.904270033794
Nifty 200 TRI,2025-05-06,16033.743851159208
Nifty 200 TRI,2025-05-07,16102.659484586307
Nifty 200 TRI,2025-05-08,15938.601043637858
Nifty 200 TRI,2025-05-09,15808.738077705686
Nifty 200 TRI,2025-05-12,16427.750300884913
Nifty 200 TRI,2025-05-13,16274.142137846064
Nifty 200 TRI,2025-05-14,16362.102698856472
Nifty 200 TRI,2025-05-15,16587.402364545116
Nifty 200 TRI,2025-05-16,16624.536414453818
Nifty 200 TRI,2025-05-19,16606.021265123585
Nifty 200 TRI,2025-05-20,16397.820441768406
Nifty 200 TRI,2025-05-21,16506.447248312015
Nifty 200 TRI,2025-05-22,16391.381254650656
Nifty 200 TRI,2025-05-23,16534.71746015929
Nifty 200 TRI,2025-05-26,16632.631021953934
Nifty 200 TRI,2025-05-27,16550.759947249167
Nifty 200 TRI,2025-05-28,16509.994933532907
Nifty 200 TRI,2025-05-29,16566.59225521877
Nifty 200 TRI,2025-05-30,16515.531863182598
Nifty 200 TRI,2025-06-02,16528.83482477194
Nifty 200 TRI,2025-06-03,16423.89693387287
Nifty 200 TRI,2025-06-04,16486.907264326022
Nifty 200 TRI,2025-06-05,16575.781612735056
Nifty 200 TRI,2025-06-06,16756.54830336173
Nifty 200 TRI,2025-06-09,16866.805750556723
Nifty 200 TRI,2025-06-10,16870.994363119666
Nifty 200 TRI,2025-06-11,16869.016047265417
Nifty 200 TRI,2025-06-12,16663.468218254468
Nifty 200 TRI,2025-06-13,16556.04310645677
Nifty 200 TRI,2025-06-16,16706.245666512095
Nifty 200 TRI,2025-06-17,16628.26921152023
Nifty 200 TRI,2025-06-18,16589.33245339184
Nifty 200 TRI,2025-06-19,16501.703377281723
Nifty 200 TRI,2025-06-20,16720.886452602448
Nifty 200 TRI,2025-06-23,16670.13155400759
Nifty 200 TRI,2025-06-24,16744.396529779056
Nifty 200 TRI,2025-06-25,16861.016184237265
Nifty 200 TRI,2025-06-26,17040.36319646614
Nifty 200 TRI,2025-06-27,17104.16568771994
Nifty 200 TRI,2025-06-30,17077.942470117698
Nifty 200 TRI,2025-07-01,17087.952367013313
Nifty 200 TRI,2025-07-02,17036.848937030456
Nifty 200 TRI,2025-07-03,17002.99867108682
Nifty 200 TRI,2025-07-04,17037.815174012558
Nifty 200 TRI,2025-07-07,17035.906646696152
Nifty 200 TRI,2025-07-08,17059.52183785309
Nifty 200 TRI,2025-07-09,17033.63629194045
Nifty 200 TRI,2025-07-10,16964.417118173584
Nifty 200 TRI,2025-07-11,16825.607821203692
Nifty 200 TRI,2025-07-14,16827.63291119612
Nifty 200 TRI,2025-07-15,16923.418341485147
Nifty 200 TRI,2025-07-16,16936.905064291575
Nifty 200 TRI,2025-07-17,16880.673321013892
Nifty 200 TRI,2025-07-18,16778.037518368885
Nifty 200 TRI,2025-07-21,16863.69619882115
Nifty 200 TRI,2025-07-22,16823.940292092062
Nifty 200 TRI,2025-07-23,16911.537273621467
Nifty 200 TRI,2025-07-24,16817.03529933394
Nifty 200 TRI,2025-07-25,16630.241095335976
Nifty 200 TRI,2025-07-28,16522.858579582524
Nifty 200 TRI,2025-07-29,16632.234019123025
Nifty 200 TRI,2025-07-30,16648.295051473375
Nifty 200 TRI,2025-07-31,16570.494090493117
Nifty 200 TRI,2025-08-01,16408.5361843051
Nifty 200 TRI,2025-08-04,16547.16383460506
Nifty 200 TRI,2025-08-05,16497.53969295028
Nifty 200 TRI,2025-08-06,16420.61661510852
Nifty 200 TRI,2025-08-07,16446.033063308314
Nifty 200 TRI,2025-08-08,16264.593349053906
Nifty 200 TRI,2025-08-11,16418.8397497059
Nifty 200 TRI,2025-08-12,16364.758210600203
Nifty 200 TRI,2025-08-13,16457.623531924248
Nifty 200 TRI,2025-08-14,16451.1254199708
Nifty 200 TRI,2025-08-18,16627.61672959134
Nifty 200 TRI,2025-08-19,16720.871972261415
Nifty 200 TRI,2025-08-20,16775.72123952462
Nifty 200 TRI,2025-08-21,16774.033190024467
Nifty 200 TRI,2025-08-22,16657.10037124908
Nifty 200 TRI,2025-08-25,16713.434119700847
Nifty 200 TRI,2025-08-26,16518.25991698896
Nifty 200 TRI,2025-08-28,16356.669252909094
Nifty 200 TRI,2025-08-29,16300.630701886728
Nifty 200 TRI,2025-09-01,16480.03373639056
Nifty 200 TRI,2025-09-02,16479.295955685433
Nifty 200 TRI,2025-09-03,16576.01746348944
Nifty 200 TRI,2025-09-04,16555.585637284832
Nifty 200 TRI,2025-09-05,16562.836810449313
Nifty 200 TRI,2025-09-08,16603.092216734713
Nifty 200 TRI,2025-09-09,16656.114016972784
Nifty 200 TRI,2025-09-10,16741.453381078794
Nifty 200 TRI,2025-09-11,16766.91310641588
Nifty 200 TRI,2025-09-12,16834.241849134192
Nifty 200 TRI,2025-09-15,16842.45656610825
Nifty 200 TRI,2025-09-16,16950.769426852898
Nifty 200 TRI,2025-09-17,17000.934093430293
Nifty 200 TRI,2025-09-18,17062.217307406485
Nifty 200 TRI,2025-09-19,17033.439707292448
Nifty 200 TRI,2025-09-22,16966.204731455997
Nifty 200 TRI,2025-09-23,16930.50902084885
Nifty 200 TRI,2025-09-24,16821.73676604354
Nifty 200 TRI,2025-09-25,16709.53061691026
Nifty 200 TRI,2025-09-26,16503.023386562425
Nifty 200 TRI,2025-09-29,16527.434380207735
Nifty 200 TRI,2025-09-30,16517.259512269426
Nifty 200 TRI,2025-10-01,16655.432939192204
Nifty 200 TRI,2025-10-03,16716.843769911105
Nifty 200 TRI,2025-10-06,16837.353232051606
Nifty 200 TRI,2025-10-07,16869.031040930608
Nifty 200 TRI,2025-10-08,16801.267408484506
Nifty 200 TRI,2025-10-09,16906.239756883297
Nifty 200 TRI,2025-10-10,16973.940177973418
Nifty 200 TRI,2025-10-13,16948.560758237814
Nifty 200 TRI,2025-10-14,16876.635781749137
Nifty 200 TRI,2025-10-15,17023.00876066672
Nifty 200 TRI,2025-10-16,17169.3908963255
Nifty 200 TRI,2025-10-17,17206.384480326084
Nifty 200 TRI,2025-10-20,17295.607255180752
Nifty 200 TRI,2025-10-21,17313.662775763405
Nifty 200 TRI,2025-10-23,17320.482275538823
Nifty 200 TRI,2025-10-24,17266.952830119928
Nifty 200 TRI,2025-10-27,17384.539553695027
Nifty 200 TRI,2025-10-28,17358.802221613438
Nifty 200 TRI,2025-10-29,17466.334802261044
Nifty 200 TRI,2025-10-30,17378.021185746933
Nifty 200 TRI,2025-10-31,17284.344527677396
Nifty 200 TRI,2025-11-03,17351.231557617426
Nifty 200 TRI,2025-11-04,17252.065541032916
Nifty 200 TRI,2025-11-06,17154.03980045504
Nifty 200 TRI,2025-11-07,17168.429601066287
Nifty 200 TRI,2025-11-10,17231.467793400003
Nifty 200 TRI,2025-11-11,17306.540352769945
Nifty 200 TRI,2025-11-12,17417.916985893124
Nifty 200 TRI,2025-11-13,17410.58579757906
Nifty 200 TRI,2025-11-14,17425.710041497303
Nifty 200 TRI,2025-11-17,17510.467031125107
Nifty 200 TRI,2025-11-18,17427.634138668316
Nifty 200 TRI,2025-11-19,17500.14389565285
Nifty 200 TRI,2025-11-20,17563.32658028115
Nifty 200 TRI,2025-11-21,17440.743270165676
Nifty 200 TRI,2025-11-24,17359.90599682015
Nifty 200 TRI,2025-11-25,17343.416702843773
Nifty 200 TRI,2025-11-26,17565.487803293596
Nifty 200 TRI,2025-11-27,17569.541622521952
Nifty 200 TRI,2025-11-28,17562.935072172575
Nifty 200 TRI,2025-12-01,17555.16020988688
Nifty 200 TRI,2025-12-02,17480.60126674991
Nifty 200 TRI,2025-12-03,17403.44611378937
Nifty 200 TRI,2025-12-04,17430.5693628434
Nifty 200 TRI,2025-12-05,17521.857715415426
Nifty 200 TRI,2025-12-08,17314.515696549155
Nifty 200 TRI,2025-12-09,17282.951234722925
Nifty 200 TRI,2025-12-10,17206.553660009125
Nifty 200 TRI,2025-12-11,17314.063486874376
Nifty 200 TRI,2025-12-12,17438.99568920669
Nifty 200 TRI,2025-12-15,17431.926832589477
Nifty 200 TRI,2025-12-16,17319.776081397227
Nifty 200 TRI,2025-12-17,17275.66668323646
Nifty 200 TRI,2025-12-18,17277.241770293946
Nifty 200 TRI,2025-12-19,17403.288904812445
Nifty 200 TRI,2025-12-22,17541.978539109376
Nifty 200 TRI,2025-12-23,17553.3301724345
Nifty 200 TRI,2025-12-24,17514.040972611383
Nifty 200 TRI,2025-12-26,17462.342944809774
Nifty 200 TRI,2025-12-29,17390.813034081428
Nifty 200 TRI,2025-12-30,17386.362559451787
Nifty 200 TRI,2025-12-31,17528.145459176394
Nifty 200 TRI,2026-01-02,17702.647171010205
Nifty 200 TRI,2026-01-05,17663.210751967756
Nifty 200 TRI,2026-01-06,17631.08367155881
Nifty 200 TRI,2026-01-07,17631.827329011783
Nifty 200 TRI,2026-01-08,17397.445832311885
Nifty 200 TRI,2026-01-09,17260.40728698871
Nifty 200 TRI,2026-01-12,17316.714125839302
Nifty 200 TRI,2026-01-13,17278.413465629084
Nifty 200 TRI,2026-01-14,17266.41595402203
Nifty 200 TRI,2026-01-16,17288.392049970054
Nifty 200 TRI,2026-01-19,17223.06508603476
Nifty 200 TRI,2026-01-20,16925.568736906913
Nifty 200 TRI,2026-01-21,16848.43941075616
Nifty 200 TRI,2026-01-22,16974.985327888477
Nifty 200 TRI,2026-01-23,16764.59538619034
Nifty 200 TRI,2026-01-27,16857.748843316913
Nifty 200 TRI,2026-01-28,17036.59533183114
Nifty 200 TRI,2026-01-29,17084.462447096186
Nifty 200 TRI,2026-01-30,17014.981259692897
Nifty 200 TRI,2026-02-02,16843.75773618866
Nifty 200 TRI,2026-02-03,17284.729664446655
Nifty 200 TRI,2026-02-04,17342.699291278142
Nifty 200 TRI,2026-02-05,17262.162465956477
Nifty 200 TRI,2026-02-06,17288.435056782597
Nifty 200 TRI,2026-02-09,17442.326505484354
Nifty 200 TRI,2026-02-10,17493.127224333635
Nifty 200 TRI,2026-02-11,17516.332754816223
Nifty 200 TRI,2026-02-12,17424.367215779635
Nifty 200 TRI,2026-02-13,17179.049475800733
Nifty 200 TRI,2026-02-16,17315.87247995793
Nifty 200 TRI,2026-02-17,17357.016349977966
Nifty 200 TRI,2026-02-18,17432.535008282495
Nifty 200 TRI,2026-02-19,17170.67316529095
Nifty 200 TRI,2026-02-20,17254.526599045206
Nifty 200 TRI,2026-02-23,17316.956745553896
Nifty 200 TRI,2026-02-24,17176.730438350507
Nifty 200 TRI,2026-02-25,17242.83565414567
Nifty 200 TRI,2026-02-26,17278.369917298016
Nifty 200 TRI,2026-02-27,17065.6758487332
Nifty 200 TRI,2026-03-02,16838.144003146404
Nifty 200 TRI,2026-03-04,16533.221240994175
Nifty 200 TRI,2026-03-05,16742.200721166693
Nifty 200 TRI,2026-03-06,16568.177540846496
Nifty 200 TRI,2026-03-09,16268.361294316901
Nifty 200 TRI,2026-03-10,16463.82724903086
Nifty 200 TRI,2026-03-11,16220.123094553239
Nifty 200 TRI,2026-03-12,16102.326981942842
Nifty 200 TRI,2026-03-13,15740.702992415341
Nifty 200 TRI,2026-03-16,15845.582352433594
Nifty 200 TRI,2026-03-17,15974.0258546217
Nifty 200 TRI,2026-03-18,16146.076061959091
Nifty 200 TRI,2026-03-19,15623.589128929436
Nifty 200 TRI,2026-03-20,15704.870764597346
Nifty 200 TRI,2026-03-23,15233.479856291355
Nifty 200 TRI,2026-03-24,15522.628950918344
Nifty 200 TRI,2026-03-25,15813.127426230154
Nifty 200 TRI,2026-03-27,15471.410601329655
Nifty 200 TRI,2026-03-30,15113.603990354277
Nifty 200 TRI,2026-04-01,15390.841418827082
Nifty 200 TRI,2026-04-02,15400.642520034731
Nifty 200 TRI,2026-04-06,15594.509736964874
Nifty 200 TRI,2026-04-07,15681.892723554898
Nifty 200 TRI,2026-04-08,16303.662266917547
Nifty 200 TRI,2026-04-09,16216.976856807261
Nifty 200 TRI,2026-04-10,16437.768975869923
Nifty 200 TRI,2026-04-13,16308.784092727861
Nifty 200 TRI,2026-04-15,16605.73317903096
Nifty 200 TRI,2026-04-16,16636.100220967663
Nifty 200 TRI,2026-04-17,16782.689230080206
Nifty 200 TRI,2026-04-20,16786.225594561936
Nifty 200 TRI,2026-04-21,16916.25362601857
Nifty 200 TRI,2026-04-22,16850.92150756025
Nifty 200 TRI,2026-04-23,16711.781360832698
Nifty 200 TRI,2026-04-24,16537.39396441622
Nifty 200 TRI,2026-04-27,16707.06124437952
Nifty 200 TRI,2026-04-28,16664.476075031096
Nifty 200 TRI,2026-04-29,16744.09208695552
Nifty 200 TRI,2026-04-30,16599.887880652263
Nifty 200 TRI,2026-05-04,16700.415903454967
Nifty 200 TRI,2026-05-05,16679.26290657999
Nifty 200 TRI,2026-05-06,16910.267114706854
Nifty 200 TRI,2026-05-07,16950.905473658266
Nifty 200 TRI,2026-05-08,16865.30460077296
Nifty 200 TRI,2026-05-11,16625.55170365392
Nifty 200 TRI,2026-05-12,16283.471605620089
Nifty 200 TRI,2026-05-13,16344.271005404556
Nifty 200 TRI,2026-05-14,16534.67476929408
Nifty 200 TRI,2026-05-15,16476.36420025657
Nifty 200 TRI,2026-05-18,16452.66126380582
Nifty 200 TRI,2026-05-19,16481.301220493355
Nifty 200 TRI,2026-05-20,16529.75951240084
Nifty 200 TRI,2026-05-21,16532.28291380364
Nifty 200 TRI,2026-05-22,16576.868549231636
Nifty 200 TRI,2026-05-25,16788.58821914018
Nifty 200 TRI,2026-05-26,16757.723834290675
Nifty 200 TRI,2026-05-27,16804.92985295401
Nifty 200 TRI,2026-05-29,16566.180682570728
Nifty 200 TRI,2026-06-01,16403.818713292658
Nifty 200 TRI,2026-06-02,16463.391990251956
Nifty 200 TRI,2026-06-03,16405.58523943912
Nifty 200 TRI,2026-06-04,16431.631675524735
Nifty 200 TRI,2026-06-05,16404.50250834456
Nifty 200 TRI,2026-06-08,16206.425630103808
Nifty 200 TRI,2026-06-09,16339.083421567408
Nifty 200 TRI,2026-06-10,16250.691561774976
Nifty 200 TRI,2026-06-11,16173.51468153484
Nifty 200 TRI,2026-06-12,16519.61579304919
Nifty 200 TRI,2026-06-15,16728.029543150886
Nifty 200 TRI,2026-06-16,16807.963325469547
Nifty 200 TRI,2026-06-17,16886.14449361105
Nifty 200 TRI,2026-06-18,16949.953085116897
Nifty 200 TRI,2026-06-19,16878.84555108205
Nifty 200 TRI,2026-06-22,16958.236792908854
Nifty 200 TRI,2026-06-23,16760.793860621696
Nifty 200 TRI,2026-06-24,16855.37533154523
Nifty 200 TRI,2026-06-25,16858.155602206436
Nifty 200 TRI,2026-06-29,16774.181400908015
Nifty 200 TRI,2026-06-30,16754.505155276493
