index_name,date,tri
Nifty PSU Bank TRI,2011-06-30,3917.449951171875
Nifty PSU Bank TRI,2011-07-01,3931.710313080623
Nifty PSU Bank TRI,2011-07-04,3977.998662226688
Nifty PSU Bank TRI,2011-07-05,4008.9669026518504
Nifty PSU Bank TRI,2011-07-06,3973.1215168548665
Nifty PSU Bank TRI,2011-07-07,4028.99956676278
Nifty PSU Bank TRI,2011-07-08,4019.510509477968
Nifty PSU Bank TRI,2011-07-11,3952.7219179938156
Nifty PSU Bank TRI,2011-07-12,3911.612862767066
Nifty PSU Bank TRI,2011-07-13,3952.9442727077762
Nifty PSU Bank TRI,2011-07-14,4003.784224504871
Nifty PSU Bank TRI,2011-07-15,4005.098038941922
Nifty PSU Bank TRI,2011-07-18,4020.3987579729824
Nifty PSU Bank TRI,2011-07-19,4061.9447794515854
Nifty PSU Bank TRI,2011-07-20,4017.7741796325918
Nifty PSU Bank TRI,2011-07-21,3986.861319060892
Nifty PSU Bank TRI,2011-07-22,4069.8480799623662
Nifty PSU Bank TRI,2011-07-25,4100.92700293234
Nifty PSU Bank TRI,2011-07-26,4004.0414152271646
Nifty PSU Bank TRI,2011-07-27,3929.922974224309
Nifty PSU Bank TRI,2011-07-28,3854.596917947069
Nifty PSU Bank TRI,2011-07-29,3846.844798803055
Nifty PSU Bank TRI,2011-08-01,3837.802852080339
Nifty PSU Bank TRI,2011-08-02,3745.434770611302
Nifty PSU Bank TRI,2011-08-03,3738.177282890462
Nifty PSU Bank TRI,2011-08-04,3709.9892113007877
Nifty PSU Bank TRI,2011-08-05,3673.987576405941
Nifty PSU Bank TRI,2011-08-08,3665.222056986976
Nifty PSU Bank TRI,2011-08-09,3664.1695554411117
Nifty PSU Bank TRI,2011-08-10,3734.0855686376312
Nifty PSU Bank TRI,2011-08-11,3695.2709814820664
Nifty PSU Bank TRI,2011-08-12,3615.381540409085
Nifty PSU Bank TRI,2011-08-16,3572.137181911316
Nifty PSU Bank TRI,2011-08-17,3522.9363375983526
Nifty PSU Bank TRI,2011-08-18,3391.567527532384
Nifty PSU Bank TRI,2011-08-19,3331.0321959857324
Nifty PSU Bank TRI,2011-08-22,3333.9449743950236
Nifty PSU Bank TRI,2011-08-23,3356.179516754259
Nifty PSU Bank TRI,2011-08-24,3270.975063464333
Nifty PSU Bank TRI,2011-08-25,3231.6184563902953
Nifty PSU Bank TRI,2011-08-26,3113.576030040955
Nifty PSU Bank TRI,2011-08-29,3219.2638541319498
Nifty PSU Bank TRI,2011-08-30,3262.9032795764647
Nifty PSU Bank TRI,2011-09-02,3254.6295765767254
Nifty PSU Bank TRI,2011-09-05,3283.3548635935767
Nifty PSU Bank TRI,2011-09-06,3257.917924310785
Nifty PSU Bank TRI,2011-09-07,3348.103707828848
Nifty PSU Bank TRI,2011-09-08,3355.1600521416904
Nifty PSU Bank TRI,2011-09-09,3279.076545978557
Nifty PSU Bank TRI,2011-09-12,3160.6195748729656
Nifty PSU Bank TRI,2011-09-13,3136.173396944919
Nifty PSU Bank TRI,2011-09-14,3138.858954919066
Nifty PSU Bank TRI,2011-09-15,3228.768264360655
Nifty PSU Bank TRI,2011-09-16,3261.854591384469
Nifty PSU Bank TRI,2011-09-19,3216.4024107030928
Nifty PSU Bank TRI,2011-09-20,3304.175836179466
Nifty PSU Bank TRI,2011-09-21,3335.1147659519397
Nifty PSU Bank TRI,2011-09-22,3215.742113016156
Nifty PSU Bank TRI,2011-09-23,3236.946086134904
Nifty PSU Bank TRI,2011-09-26,3248.933506003086
Nifty PSU Bank TRI,2011-09-27,3324.4387466011217
Nifty PSU Bank TRI,2011-09-28,3286.836215163404
Nifty PSU Bank TRI,2011-09-29,3276.1300134560497
Nifty PSU Bank TRI,2011-09-30,3212.324274616834
Nifty PSU Bank TRI,2011-10-03,3141.1906805062927
Nifty PSU Bank TRI,2011-10-04,3048.9077593985085
Nifty PSU Bank TRI,2011-10-05,2974.136394215274
Nifty PSU Bank TRI,2011-10-07,3032.6134052567413
Nifty PSU Bank TRI,2011-10-10,3054.5238480883827
Nifty PSU Bank TRI,2011-10-11,3083.318286552922
Nifty PSU Bank TRI,2011-10-12,3211.887482289801
Nifty PSU Bank TRI,2011-10-13,3229.442682146786
Nifty PSU Bank TRI,2011-10-14,3239.3665454539287
Nifty PSU Bank TRI,2011-10-17,3235.4937812429534
Nifty PSU Bank TRI,2011-10-18,3187.76163186837
Nifty PSU Bank TRI,2011-10-19,3255.999093401004
Nifty PSU Bank TRI,2011-10-20,3259.647835292662
Nifty PSU Bank TRI,2011-10-21,3246.469537491319
Nifty PSU Bank TRI,2011-10-24,3172.817301848023
Nifty PSU Bank TRI,2011-10-25,3090.1525656025874
Nifty PSU Bank TRI,2011-10-28,3216.4449385184216
Nifty PSU Bank TRI,2011-10-31,3247.1397447217573
Nifty PSU Bank TRI,2011-11-01,3268.5294323050366
Nifty PSU Bank TRI,2011-11-02,3270.8235542347593
Nifty PSU Bank TRI,2011-11-03,3317.4450411656785
Nifty PSU Bank TRI,2011-11-04,3346.7810995275536
Nifty PSU Bank TRI,2011-11-08,3359.6927465520585
Nifty PSU Bank TRI,2011-11-09,3217.4153236836514
Nifty PSU Bank TRI,2011-11-11,3153.3774207866622
Nifty PSU Bank TRI,2011-11-14,3101.6228466154166
Nifty PSU Bank TRI,2011-11-15,3044.8802257047882
Nifty PSU Bank TRI,2011-11-16,3059.9889113255435
Nifty PSU Bank TRI,2011-11-17,3016.968224520746
Nifty PSU Bank TRI,2011-11-18,2976.1063198761017
Nifty PSU Bank TRI,2011-11-21,2900.4251220808974
Nifty PSU Bank TRI,2011-11-22,2928.055585927516
Nifty PSU Bank TRI,2011-11-23,2881.3470327592377
Nifty PSU Bank TRI,2011-11-24,2909.9849720765474
Nifty PSU Bank TRI,2011-11-25,2946.7741081518457
Nifty PSU Bank TRI,2011-11-28,3065.3095929958627
Nifty PSU Bank TRI,2011-11-29,3004.5585277472956
Nifty PSU Bank TRI,2011-11-30,2987.1722448983196
Nifty PSU Bank TRI,2011-12-01,3065.9360420211815
Nifty PSU Bank TRI,2011-12-02,3147.574417824923
Nifty PSU Bank TRI,2011-12-05,3181.9777945177716
Nifty PSU Bank TRI,2011-12-07,3203.3242520403055
Nifty PSU Bank TRI,2011-12-08,3110.345774800304
Nifty PSU Bank TRI,2011-12-09,3103.7282225883873
Nifty PSU Bank TRI,2011-12-12,2985.411996435198
Nifty PSU Bank TRI,2011-12-13,2980.852219484589
Nifty PSU Bank TRI,2011-12-14,2972.969475650994
Nifty PSU Bank TRI,2011-12-15,2921.89114282227
Nifty PSU Bank TRI,2011-12-16,2832.6467479203984
Nifty PSU Bank TRI,2011-12-19,2731.5847092689305
Nifty PSU Bank TRI,2011-12-20,2621.3203333107913
Nifty PSU Bank TRI,2011-12-21,2694.241864085998
Nifty PSU Bank TRI,2011-12-22,2757.2991282806643
Nifty PSU Bank TRI,2011-12-23,2709.569523460825
Nifty PSU Bank TRI,2011-12-26,2730.248772612622
Nifty PSU Bank TRI,2011-12-27,2692.3824829991354
Nifty PSU Bank TRI,2011-12-28,2623.1325233881653
Nifty PSU Bank TRI,2011-12-29,2644.194140503189
Nifty PSU Bank TRI,2011-12-30,2631.607732733595
Nifty PSU Bank TRI,2012-01-02,2639.335358521998
Nifty PSU Bank TRI,2012-01-03,2767.4651539675924
Nifty PSU Bank TRI,2012-01-04,2767.42691037456
Nifty PSU Bank TRI,2012-01-05,2771.2682870496037
Nifty PSU Bank TRI,2012-01-06,2754.6018986466565
Nifty PSU Bank TRI,2012-01-09,2742.89419417752
Nifty PSU Bank TRI,2012-01-10,2847.5797103813666
Nifty PSU Bank TRI,2012-01-11,2883.7310881199946
Nifty PSU Bank TRI,2012-01-12,2935.0561813946942
Nifty PSU Bank TRI,2012-01-13,2942.433826442133
Nifty PSU Bank TRI,2012-01-16,2966.1333248273086
Nifty PSU Bank TRI,2012-01-17,3030.9823580636107
Nifty PSU Bank TRI,2012-01-18,3020.317492696373
Nifty PSU Bank TRI,2012-01-19,3050.1857325963124
Nifty PSU Bank TRI,2012-01-20,3148.9769966077256
Nifty PSU Bank TRI,2012-01-23,3170.48982237188
Nifty PSU Bank TRI,2012-01-24,3331.3257340253913
Nifty PSU Bank TRI,2012-01-25,3337.5128658678213
Nifty PSU Bank TRI,2012-01-27,3306.9207932632457
Nifty PSU Bank TRI,2012-01-30,3224.85897180027
Nifty PSU Bank TRI,2012-01-31,3315.8328984893537
Nifty PSU Bank TRI,2012-02-01,3344.064457787103
Nifty PSU Bank TRI,2012-02-02,3356.1561569805212
Nifty PSU Bank TRI,2012-02-03,3395.439093587338
Nifty PSU Bank TRI,2012-02-06,3485.054445774072
Nifty PSU Bank TRI,2012-02-07,3486.5083760506127
Nifty PSU Bank TRI,2012-02-08,3538.2169729032703
Nifty PSU Bank TRI,2012-02-09,3569.696064480584
Nifty PSU Bank TRI,2012-02-10,3570.3966951290604
Nifty PSU Bank TRI,2012-02-13,3537.121328223859
Nifty PSU Bank TRI,2012-02-14,3632.4499451296706
Nifty PSU Bank TRI,2012-02-15,3725.212258946774
Nifty PSU Bank TRI,2012-02-16,3803.647837038926
Nifty PSU Bank TRI,2012-02-17,3878.909724944666
Nifty PSU Bank TRI,2012-02-21,3924.7753432787213
Nifty PSU Bank TRI,2012-02-22,3650.2443296308466
Nifty PSU Bank TRI,2012-02-23,3633.7322723204848
Nifty PSU Bank TRI,2012-02-24,3562.7912846944423
Nifty PSU Bank TRI,2012-02-27,3389.8754606599887
Nifty PSU Bank TRI,2012-02-28,3583.3188524122443
Nifty PSU Bank TRI,2012-02-29,3599.3218054580107
Nifty PSU Bank TRI,2012-03-01,3570.429965395777
Nifty PSU Bank TRI,2012-03-02,3605.8776891479733
Nifty PSU Bank TRI,2012-03-05,3517.8757183828743
Nifty PSU Bank TRI,2012-03-06,3473.4167520803308
Nifty PSU Bank TRI,2012-03-07,3468.456357711892
Nifty PSU Bank TRI,2012-03-09,3596.348456610638
Nifty PSU Bank TRI,2012-03-12,3692.9365385369933
Nifty PSU Bank TRI,2012-03-13,3709.3059029069527
Nifty PSU Bank TRI,2012-03-14,3791.768418746657
Nifty PSU Bank TRI,2012-03-15,3684.797954756664
Nifty PSU Bank TRI,2012-03-16,3565.8424066949333
Nifty PSU Bank TRI,2012-03-19,3453.8799982477735
Nifty PSU Bank TRI,2012-03-20,3508.2005675810433
Nifty PSU Bank TRI,2012-03-21,3585.8767873603815
Nifty PSU Bank TRI,2012-03-22,3458.5481321550737
Nifty PSU Bank TRI,2012-03-23,3490.1295445786536
Nifty PSU Bank TRI,2012-03-26,3399.2063939538857
Nifty PSU Bank TRI,2012-03-27,3428.5155213028174
Nifty PSU Bank TRI,2012-03-28,3362.020401267522
Nifty PSU Bank TRI,2012-03-29,3338.7484905640695
Nifty PSU Bank TRI,2012-03-30,3423.12023283501
Nifty PSU Bank TRI,2012-04-02,3455.8010010757844
Nifty PSU Bank TRI,2012-04-03,3498.4711446681076
Nifty PSU Bank TRI,2012-04-04,3494.9724804243137
Nifty PSU Bank TRI,2012-04-09,3411.060963587738
Nifty PSU Bank TRI,2012-04-10,3454.297649663966
Nifty PSU Bank TRI,2012-04-11,3452.667938207897
Nifty PSU Bank TRI,2012-04-12,3535.82426439692
Nifty PSU Bank TRI,2012-04-13,3500.808039308276
Nifty PSU Bank TRI,2012-04-16,3570.6042033045874
Nifty PSU Bank TRI,2012-04-17,3605.4098586931414
Nifty PSU Bank TRI,2012-04-18,3581.976826841535
Nifty PSU Bank TRI,2012-04-19,3546.953882639432
Nifty PSU Bank TRI,2012-04-20,3518.6080202713088
Nifty PSU Bank TRI,2012-04-23,3426.824863814376
Nifty PSU Bank TRI,2012-04-24,3433.139454681173
Nifty PSU Bank TRI,2012-04-25,3394.204371822874
Nifty PSU Bank TRI,2012-04-26,3353.19099908769
Nifty PSU Bank TRI,2012-04-27,3305.1886622016495
Nifty PSU Bank TRI,2012-04-30,3354.9020733939055
Nifty PSU Bank TRI,2012-05-02,3361.5043000028454
Nifty PSU Bank TRI,2012-05-03,3274.2509560213207
Nifty PSU Bank TRI,2012-05-04,3151.850707208653
Nifty PSU Bank TRI,2012-05-07,3177.100435635649
Nifty PSU Bank TRI,2012-05-08,3082.3268407238165
Nifty PSU Bank TRI,2012-05-09,2973.8716098242285
Nifty PSU Bank TRI,2012-05-10,2943.0479863117325
Nifty PSU Bank TRI,2012-05-11,2951.8795480726017
Nifty PSU Bank TRI,2012-05-14,2906.854147969015
Nifty PSU Bank TRI,2012-05-15,2935.897539765798
Nifty PSU Bank TRI,2012-05-16,2882.2684550748554
Nifty PSU Bank TRI,2012-05-17,2900.6237653296457
Nifty PSU Bank TRI,2012-05-18,2979.5224604555233
Nifty PSU Bank TRI,2012-05-21,3053.4074206726395
Nifty PSU Bank TRI,2012-05-22,2988.014223283371
Nifty PSU Bank TRI,2012-05-23,2981.852623205915
Nifty PSU Bank TRI,2012-05-24,3020.892524955102
Nifty PSU Bank TRI,2012-05-25,3054.8174123664526
Nifty PSU Bank TRI,2012-05-28,3165.477974875588
Nifty PSU Bank TRI,2012-05-29,3179.2413327124
Nifty PSU Bank TRI,2012-05-30,3121.4857517819287
Nifty PSU Bank TRI,2012-05-31,3125.2120007368258
Nifty PSU Bank TRI,2012-06-01,3056.348088800076
Nifty PSU Bank TRI,2012-06-04,3087.3435319078885
Nifty PSU Bank TRI,2012-06-05,3142.427980360796
Nifty PSU Bank TRI,2012-06-06,3247.66106910562
Nifty PSU Bank TRI,2012-06-07,3261.6357939298964
Nifty PSU Bank TRI,2012-06-08,3294.474158037411
Nifty PSU Bank TRI,2012-06-11,3265.717509114568
Nifty PSU Bank TRI,2012-06-12,3345.1677899245865
Nifty PSU Bank TRI,2012-06-13,3359.4032097397517
Nifty PSU Bank TRI,2012-06-14,3244.612066914134
Nifty PSU Bank TRI,2012-06-15,3296.9359519738805
Nifty PSU Bank TRI,2012-06-18,3170.928037614985
Nifty PSU Bank TRI,2012-06-19,3171.6661408343107
Nifty PSU Bank TRI,2012-06-20,3203.400661153182
Nifty PSU Bank TRI,2012-06-21,3275.927242145657
Nifty PSU Bank TRI,2012-06-22,3269.8202266961966
Nifty PSU Bank TRI,2012-06-25,3228.0541182137144
Nifty PSU Bank TRI,2012-06-26,3242.9520486173456
Nifty PSU Bank TRI,2012-06-27,3246.738007111588
Nifty PSU Bank TRI,2012-06-28,3231.6969286586877
Nifty PSU Bank TRI,2012-06-29,3308.561733708062
Nifty PSU Bank TRI,2012-07-02,3333.0245043142736
Nifty PSU Bank TRI,2012-07-03,3348.844716068608
Nifty PSU Bank TRI,2012-07-04,3391.6700436434503
Nifty PSU Bank TRI,2012-07-05,3408.458351191773
Nifty PSU Bank TRI,2012-07-06,3388.24089249672
Nifty PSU Bank TRI,2012-07-09,3352.811467994299
Nifty PSU Bank TRI,2012-07-10,3400.826515154959
Nifty PSU Bank TRI,2012-07-11,3389.287053156111
Nifty PSU Bank TRI,2012-07-12,3365.6108908589417
Nifty PSU Bank TRI,2012-07-13,3328.984535164087
Nifty PSU Bank TRI,2012-07-16,3343.103515188477
Nifty PSU Bank TRI,2012-07-17,3333.387215632728
Nifty PSU Bank TRI,2012-07-18,3295.5837614257193
Nifty PSU Bank TRI,2012-07-19,3255.187083520279
Nifty PSU Bank TRI,2012-07-20,3226.9265707060363
Nifty PSU Bank TRI,2012-07-23,3162.5522869971132
Nifty PSU Bank TRI,2012-07-24,3167.6087742440945
Nifty PSU Bank TRI,2012-07-25,3126.0791936889013
Nifty PSU Bank TRI,2012-07-26,3036.1288053839403
Nifty PSU Bank TRI,2012-07-27,2914.7210751192506
Nifty PSU Bank TRI,2012-07-30,3033.3210027523883
Nifty PSU Bank TRI,2012-07-31,3006.309104867592
Nifty PSU Bank TRI,2012-08-01,3040.022265434378
Nifty PSU Bank TRI,2012-08-02,3014.3295464144717
Nifty PSU Bank TRI,2012-08-03,2998.7993635766993
Nifty PSU Bank TRI,2012-08-06,3012.27966882876
Nifty PSU Bank TRI,2012-08-07,3051.236703260259
Nifty PSU Bank TRI,2012-08-08,3042.313032989738
Nifty PSU Bank TRI,2012-08-09,2942.547511524986
Nifty PSU Bank TRI,2012-08-10,2858.126556248859
Nifty PSU Bank TRI,2012-08-13,2874.287961793361
Nifty PSU Bank TRI,2012-08-14,2901.4546248726524
Nifty PSU Bank TRI,2012-08-16,2895.8944549974112
Nifty PSU Bank TRI,2012-08-17,2888.130604920777
Nifty PSU Bank TRI,2012-08-21,2896.8406046657997
Nifty PSU Bank TRI,2012-08-22,2890.2451458097453
Nifty PSU Bank TRI,2012-08-23,2892.346585173133
Nifty PSU Bank TRI,2012-08-24,2858.893282903299
Nifty PSU Bank TRI,2012-08-27,2781.0023654665138
Nifty PSU Bank TRI,2012-08-28,2769.669134075019
Nifty PSU Bank TRI,2012-08-29,2745.0563327835084
Nifty PSU Bank TRI,2012-08-30,2767.147336663153
Nifty PSU Bank TRI,2012-08-31,2767.1075950754534
Nifty PSU Bank TRI,2012-09-03,2776.4020218609385
Nifty PSU Bank TRI,2012-09-04,2809.0327558360777
Nifty PSU Bank TRI,2012-09-05,2750.2670290747965
Nifty PSU Bank TRI,2012-09-06,2762.2372237007767
Nifty PSU Bank TRI,2012-09-07,2825.967945003069
Nifty PSU Bank TRI,2012-09-10,2807.276728842067
Nifty PSU Bank TRI,2012-09-11,2814.3137451956327
Nifty PSU Bank TRI,2012-09-12,2816.617525474348
Nifty PSU Bank TRI,2012-09-13,2809.0962989611166
Nifty PSU Bank TRI,2012-09-14,2948.7524876981515
Nifty PSU Bank TRI,2012-09-17,3116.929567275628
Nifty PSU Bank TRI,2012-09-18,3266.7535564054915
Nifty PSU Bank TRI,2012-09-20,3244.105227568025
Nifty PSU Bank TRI,2012-09-21,3382.036647021114
Nifty PSU Bank TRI,2012-09-24,3353.7259108460257
Nifty PSU Bank TRI,2012-09-25,3361.9607360213586
Nifty PSU Bank TRI,2012-09-26,3390.5697992660826
Nifty PSU Bank TRI,2012-09-27,3411.7447312968748
Nifty PSU Bank TRI,2012-09-28,3432.7174327178095
Nifty PSU Bank TRI,2012-10-01,3453.565959087699
Nifty PSU Bank TRI,2012-10-03,3465.310929501889
Nifty PSU Bank TRI,2012-10-04,3515.2817197786567
Nifty PSU Bank TRI,2012-10-05,3484.343917214935
Nifty PSU Bank TRI,2012-10-08,3404.408078886243
Nifty PSU Bank TRI,2012-10-09,3414.9938452764954
Nifty PSU Bank TRI,2012-10-10,3352.601345011424
Nifty PSU Bank TRI,2012-10-11,3427.7587114685252
Nifty PSU Bank TRI,2012-10-12,3409.7030633751424
Nifty PSU Bank TRI,2012-10-15,3429.0822581085613
Nifty PSU Bank TRI,2012-10-16,3371.517706286211
Nifty PSU Bank TRI,2012-10-17,3362.3263495455412
Nifty PSU Bank TRI,2012-10-18,3466.86958833222
Nifty PSU Bank TRI,2012-10-19,3449.014467909071
Nifty PSU Bank TRI,2012-10-22,3425.522724764223
Nifty PSU Bank TRI,2012-10-23,3412.8640658621325
Nifty PSU Bank TRI,2012-10-25,3377.9563312894984
Nifty PSU Bank TRI,2012-10-29,3287.5185115663317
Nifty PSU Bank TRI,2012-10-30,3154.020547350941
Nifty PSU Bank TRI,2012-10-31,3203.2686699622213
Nifty PSU Bank TRI,2012-11-01,3234.7185566838784
Nifty PSU Bank TRI,2012-11-02,3302.0825614138625
Nifty PSU Bank TRI,2012-11-05,3284.324523108365
Nifty PSU Bank TRI,2012-11-06,3312.1106211729025
Nifty PSU Bank TRI,2012-11-07,3400.8695696284967
Nifty PSU Bank TRI,2012-11-08,3435.3467732410495
Nifty PSU Bank TRI,2012-11-09,3333.027975390488
Nifty PSU Bank TRI,2012-11-12,3369.719112728482
Nifty PSU Bank TRI,2012-11-15,3330.882911737764
Nifty PSU Bank TRI,2012-11-16,3255.5306876459367
Nifty PSU Bank TRI,2012-11-19,3230.559028929863
Nifty PSU Bank TRI,2012-11-20,3187.146411157983
Nifty PSU Bank TRI,2012-11-21,3204.0718399401258
Nifty PSU Bank TRI,2012-11-22,3246.8823160261827
Nifty PSU Bank TRI,2012-11-23,3236.14016337524
Nifty PSU Bank TRI,2012-11-26,3234.85077605544
Nifty PSU Bank TRI,2012-11-27,3276.13932188856
Nifty PSU Bank TRI,2012-11-29,3311.7448729972025
Nifty PSU Bank TRI,2012-11-30,3395.786242942592
Nifty PSU Bank TRI,2012-12-03,3417.500037122182
Nifty PSU Bank TRI,2012-12-04,3468.716737646976
Nifty PSU Bank TRI,2012-12-05,3523.1043857242335
Nifty PSU Bank TRI,2012-12-06,3577.5989744140893
Nifty PSU Bank TRI,2012-12-07,3586.1736105021027
Nifty PSU Bank TRI,2012-12-10,3648.175495795336
Nifty PSU Bank TRI,2012-12-11,3611.2313905191277
Nifty PSU Bank TRI,2012-12-12,3599.575821975463
Nifty PSU Bank TRI,2012-12-13,3546.071614343233
Nifty PSU Bank TRI,2012-12-14,3629.914942504908
Nifty PSU Bank TRI,2012-12-17,3664.292430343811
Nifty PSU Bank TRI,2012-12-18,3706.3491695163007
Nifty PSU Bank TRI,2012-12-19,3712.3777463546817
Nifty PSU Bank TRI,2012-12-20,3728.3222372475952
Nifty PSU Bank TRI,2012-12-21,3649.7093454714845
Nifty PSU Bank TRI,2012-12-24,3645.6061444373368
Nifty PSU Bank TRI,2012-12-26,3706.0752429699223
Nifty PSU Bank TRI,2012-12-27,3722.381960965315
Nifty PSU Bank TRI,2012-12-28,3728.1065337645546
Nifty PSU Bank TRI,2012-12-31,3756.685966341214
Nifty PSU Bank TRI,2013-01-01,3843.565336451291
Nifty PSU Bank TRI,2013-01-02,3876.4502100857135
Nifty PSU Bank TRI,2013-01-03,3891.234286963792
Nifty PSU Bank TRI,2013-01-04,3916.299149703477
Nifty PSU Bank TRI,2013-01-07,3892.738428909661
Nifty PSU Bank TRI,2013-01-08,3911.0042725597887
Nifty PSU Bank TRI,2013-01-09,3913.158592934742
Nifty PSU Bank TRI,2013-01-10,3924.72545774316
Nifty PSU Bank TRI,2013-01-11,3858.7400983079024
Nifty PSU Bank TRI,2013-01-14,3922.39809709123
Nifty PSU Bank TRI,2013-01-15,3918.1577558682275
Nifty PSU Bank TRI,2013-01-16,3834.8130837035515
Nifty PSU Bank TRI,2013-01-17,3874.0113154136243
Nifty PSU Bank TRI,2013-01-18,3908.914408219398
Nifty PSU Bank TRI,2013-01-21,3907.0894680971396
Nifty PSU Bank TRI,2013-01-22,3845.4752122889636
Nifty PSU Bank TRI,2013-01-23,3825.3127727145347
Nifty PSU Bank TRI,2013-01-24,3748.744410725033
Nifty PSU Bank TRI,2013-01-25,3853.930278633865
Nifty PSU Bank TRI,2013-01-28,3819.642258379136
Nifty PSU Bank TRI,2013-01-29,3762.051094381615
Nifty PSU Bank TRI,2013-01-30,3705.581395331915
Nifty PSU Bank TRI,2013-01-31,3787.342477346181
Nifty PSU Bank TRI,2013-02-01,3744.6932954596605
Nifty PSU Bank TRI,2013-02-04,3624.6108715998575
Nifty PSU Bank TRI,2013-02-05,3627.5238452549834
Nifty PSU Bank TRI,2013-02-06,3620.5534628185055
Nifty PSU Bank TRI,2013-02-07,3573.7389667930715
Nifty PSU Bank TRI,2013-02-08,3521.9014288710105
Nifty PSU Bank TRI,2013-02-11,3530.2714374164616
Nifty PSU Bank TRI,2013-02-12,3537.945025443947
Nifty PSU Bank TRI,2013-02-13,3478.923872101529
Nifty PSU Bank TRI,2013-02-14,3439.8253559705445
Nifty PSU Bank TRI,2013-02-15,3457.895938319586
Nifty PSU Bank TRI,2013-02-18,3502.4842469326986
Nifty PSU Bank TRI,2013-02-19,3536.0853094306985
Nifty PSU Bank TRI,2013-02-20,3506.356604180561
Nifty PSU Bank TRI,2013-02-21,3427.9964797751027
Nifty PSU Bank TRI,2013-02-22,3421.8845717559357
Nifty PSU Bank TRI,2013-02-25,3416.767850599655
Nifty PSU Bank TRI,2013-02-26,3364.9370609378348
Nifty PSU Bank TRI,2013-02-27,3407.1030595594793
Nifty PSU Bank TRI,2013-02-28,3215.439292305899
Nifty PSU Bank TRI,2013-03-01,3238.329245242374
Nifty PSU Bank TRI,2013-03-04,3228.472255527171
Nifty PSU Bank TRI,2013-03-05,3280.6913950851495
Nifty PSU Bank TRI,2013-03-06,3339.887211053409
Nifty PSU Bank TRI,2013-03-07,3341.6128201294746
Nifty PSU Bank TRI,2013-03-08,3389.7410634260873
Nifty PSU Bank TRI,2013-03-11,3401.949957321615
Nifty PSU Bank TRI,2013-03-12,3388.9090999739224
Nifty PSU Bank TRI,2013-03-13,3321.2500377135357
Nifty PSU Bank TRI,2013-03-14,3409.5973808853346
Nifty PSU Bank TRI,2013-03-15,3406.351302967971
Nifty PSU Bank TRI,2013-03-18,3393.1748738128636
Nifty PSU Bank TRI,2013-03-19,3301.6976368433766
Nifty PSU Bank TRI,2013-03-20,3188.411045629066
Nifty PSU Bank TRI,2013-03-21,3130.263419807263
Nifty PSU Bank TRI,2013-03-22,3137.8299192711306
Nifty PSU Bank TRI,2013-03-25,3092.1382606439993
Nifty PSU Bank TRI,2013-03-26,3073.6384731259486
Nifty PSU Bank TRI,2013-03-28,3128.180548308179
Nifty PSU Bank TRI,2013-04-01,3166.2082930145048
Nifty PSU Bank TRI,2013-04-02,3252.1027501480235
Nifty PSU Bank TRI,2013-04-03,3177.245279016655
Nifty PSU Bank TRI,2013-04-04,3129.6893289992836
Nifty PSU Bank TRI,2013-04-05,3120.114951465638
Nifty PSU Bank TRI,2013-04-08,3071.5712174238083
Nifty PSU Bank TRI,2013-04-09,3007.2642176540617
Nifty PSU Bank TRI,2013-04-10,3057.5996671644198
Nifty PSU Bank TRI,2013-04-11,3065.682717575708
Nifty PSU Bank TRI,2013-04-12,3120.1326276434365
Nifty PSU Bank TRI,2013-04-15,3217.3145424738527
Nifty PSU Bank TRI,2013-04-16,3274.346994139675
Nifty PSU Bank TRI,2013-04-17,3315.25799525319
Nifty PSU Bank TRI,2013-04-18,3399.057545282417
Nifty PSU Bank TRI,2013-04-22,3464.489012385243
Nifty PSU Bank TRI,2013-04-23,3414.544768165291
Nifty PSU Bank TRI,2013-04-25,3467.32737875665
Nifty PSU Bank TRI,2013-04-26,3392.048609199538
Nifty PSU Bank TRI,2013-04-29,3400.5305606863753
Nifty PSU Bank TRI,2013-04-30,3379.447282448545
Nifty PSU Bank TRI,2013-05-02,3425.8698838238565
Nifty PSU Bank TRI,2013-05-03,3319.065529031709
Nifty PSU Bank TRI,2013-05-06,3328.414454606148
Nifty PSU Bank TRI,2013-05-07,3359.338105331195
Nifty PSU Bank TRI,2013-05-08,3346.0080983160724
Nifty PSU Bank TRI,2013-05-09,3399.0898172269676
Nifty PSU Bank TRI,2013-05-10,3406.2195504675715
Nifty PSU Bank TRI,2013-05-13,3357.435107117464
Nifty PSU Bank TRI,2013-05-14,3378.0345223099166
Nifty PSU Bank TRI,2013-05-15,3519.205913972115
Nifty PSU Bank TRI,2013-05-16,3541.150507332385
Nifty PSU Bank TRI,2013-05-17,3565.1022134054074
Nifty PSU Bank TRI,2013-05-20,3557.1043509096307
Nifty PSU Bank TRI,2013-05-21,3506.7468359519344
Nifty PSU Bank TRI,2013-05-22,3469.396767743862
Nifty PSU Bank TRI,2013-05-23,3278.311998897727
Nifty PSU Bank TRI,2013-05-24,3266.4099730931134
Nifty PSU Bank TRI,2013-05-27,3280.2868214910213
Nifty PSU Bank TRI,2013-05-28,3272.3956224867593
Nifty PSU Bank TRI,2013-05-29,3225.765174405139
Nifty PSU Bank TRI,2013-05-30,3222.449853436442
Nifty PSU Bank TRI,2013-05-31,3123.0782295585072
Nifty PSU Bank TRI,2013-06-03,3150.062582653334
Nifty PSU Bank TRI,2013-06-04,3112.009502486266
Nifty PSU Bank TRI,2013-06-05,3117.5909004660953
Nifty PSU Bank TRI,2013-06-06,3156.9835878957083
Nifty PSU Bank TRI,2013-06-07,3098.1859665808374
Nifty PSU Bank TRI,2013-06-10,3068.9694272082047
Nifty PSU Bank TRI,2013-06-11,3041.9684639861403
Nifty PSU Bank TRI,2013-06-12,3059.233630830519
Nifty PSU Bank TRI,2013-06-13,3026.825014514387
Nifty PSU Bank TRI,2013-06-14,3075.338390300937
Nifty PSU Bank TRI,2013-06-17,3092.1896946712855
Nifty PSU Bank TRI,2013-06-18,3050.5596481797365
Nifty PSU Bank TRI,2013-06-19,3052.7435683620356
Nifty PSU Bank TRI,2013-06-20,2929.8037872015634
Nifty PSU Bank TRI,2013-06-21,2872.405233803644
Nifty PSU Bank TRI,2013-06-24,2800.296334820079
Nifty PSU Bank TRI,2013-06-25,2758.797129618386
Nifty PSU Bank TRI,2013-06-26,2749.7417428605977
Nifty PSU Bank TRI,2013-06-27,2754.437816098498
Nifty PSU Bank TRI,2013-06-28,2826.5585723598765
Nifty PSU Bank TRI,2013-07-01,2923.9057628567484
Nifty PSU Bank TRI,2013-07-02,2878.4844165112945
Nifty PSU Bank TRI,2013-07-03,2730.1250492473673
Nifty PSU Bank TRI,2013-07-04,2735.7491545506446
Nifty PSU Bank TRI,2013-07-05,2744.9803098268303
Nifty PSU Bank TRI,2013-07-08,2719.448300300518
Nifty PSU Bank TRI,2013-07-09,2770.5750442902827
Nifty PSU Bank TRI,2013-07-10,2729.3068421176545
Nifty PSU Bank TRI,2013-07-11,2776.4182348544473
Nifty PSU Bank TRI,2013-07-12,2762.100910768528
Nifty PSU Bank TRI,2013-07-15,2816.714483356014
Nifty PSU Bank TRI,2013-07-16,2675.4387278270174
Nifty PSU Bank TRI,2013-07-17,2619.515254085314
Nifty PSU Bank TRI,2013-07-18,2672.048345770436
Nifty PSU Bank TRI,2013-07-19,2641.535305016105
Nifty PSU Bank TRI,2013-07-22,2670.7311227847567
Nifty PSU Bank TRI,2013-07-23,2728.7940753066523
Nifty PSU Bank TRI,2013-07-24,2612.218977578943
Nifty PSU Bank TRI,2013-07-25,2590.4104120644392
Nifty PSU Bank TRI,2013-07-26,2512.3405005958343
Nifty PSU Bank TRI,2013-07-29,2467.8822868539546
Nifty PSU Bank TRI,2013-07-30,2420.327078478273
Nifty PSU Bank TRI,2013-07-31,2436.414744453846
Nifty PSU Bank TRI,2013-08-01,2349.8090615805354
Nifty PSU Bank TRI,2013-08-02,2293.0101489172002
Nifty PSU Bank TRI,2013-08-05,2327.441896705871
Nifty PSU Bank TRI,2013-08-06,2252.8342273254375
Nifty PSU Bank TRI,2013-08-07,2337.6404779434047
Nifty PSU Bank TRI,2013-08-08,2305.0250603266027
Nifty PSU Bank TRI,2013-08-12,2270.104752289719
Nifty PSU Bank TRI,2013-08-13,2293.1097589725496
Nifty PSU Bank TRI,2013-08-14,2296.5060241782053
Nifty PSU Bank TRI,2013-08-16,2173.1363701848645
Nifty PSU Bank TRI,2013-08-19,2099.9505557705106
Nifty PSU Bank TRI,2013-08-20,2125.8974514323936
Nifty PSU Bank TRI,2013-08-21,2104.664488880821
Nifty PSU Bank TRI,2013-08-22,2135.7761820594383
Nifty PSU Bank TRI,2013-08-23,2141.95498917455
Nifty PSU Bank TRI,2013-08-26,2142.010463350705
Nifty PSU Bank TRI,2013-08-27,2071.926783194568
Nifty PSU Bank TRI,2013-08-28,2024.4542523368116
Nifty PSU Bank TRI,2013-08-29,2015.1901681545405
Nifty PSU Bank TRI,2013-08-30,2055.5002496643774
Nifty PSU Bank TRI,2013-09-02,2076.3588023024568
Nifty PSU Bank TRI,2013-09-03,2002.9469370813547
Nifty PSU Bank TRI,2013-09-04,2027.1496100216941
Nifty PSU Bank TRI,2013-09-05,2202.801471013859
Nifty PSU Bank TRI,2013-09-06,2188.789221503684
Nifty PSU Bank TRI,2013-09-10,2199.995513673073
Nifty PSU Bank TRI,2013-09-11,2317.3151238960704
Nifty PSU Bank TRI,2013-09-12,2292.4538300170934
Nifty PSU Bank TRI,2013-09-13,2324.2211553211314
Nifty PSU Bank TRI,2013-09-16,2316.1854561651176
Nifty PSU Bank TRI,2013-09-17,2284.187504176233
Nifty PSU Bank TRI,2013-09-18,2337.873454417744
Nifty PSU Bank TRI,2013-09-19,2530.9517700717765
Nifty PSU Bank TRI,2013-09-20,2420.914644696305
Nifty PSU Bank TRI,2013-09-23,2283.0920158838967
Nifty PSU Bank TRI,2013-09-24,2265.4026732577913
Nifty PSU Bank TRI,2013-09-25,2305.3521503461334
Nifty PSU Bank TRI,2013-09-26,2290.6606143154786
Nifty PSU Bank TRI,2013-09-27,2254.357578226329
Nifty PSU Bank TRI,2013-09-30,2207.270674329107
Nifty PSU Bank TRI,2013-10-01,2247.0725082081835
Nifty PSU Bank TRI,2013-10-03,2299.6917956823886
Nifty PSU Bank TRI,2013-10-04,2286.908735689156
Nifty PSU Bank TRI,2013-10-07,2272.603105355523
Nifty PSU Bank TRI,2013-10-08,2257.799706317529
Nifty PSU Bank TRI,2013-10-09,2277.5986950434703
Nifty PSU Bank TRI,2013-10-10,2297.347769309412
Nifty PSU Bank TRI,2013-10-11,2342.497455332389
Nifty PSU Bank TRI,2013-10-14,2360.9948804203964
Nifty PSU Bank TRI,2013-10-15,2287.6757071051265
Nifty PSU Bank TRI,2013-10-17,2260.3355409751707
Nifty PSU Bank TRI,2013-10-18,2322.054590721193
Nifty PSU Bank TRI,2013-10-21,2351.215035957469
Nifty PSU Bank TRI,2013-10-22,2353.2258136982205
Nifty PSU Bank TRI,2013-10-23,2416.669003902248
Nifty PSU Bank TRI,2013-10-24,2423.185265581898
Nifty PSU Bank TRI,2013-10-25,2412.20776178045
Nifty PSU Bank TRI,2013-10-28,2340.653196647399
Nifty PSU Bank TRI,2013-10-29,2431.237227769861
Nifty PSU Bank TRI,2013-10-30,2393.234217013865
Nifty PSU Bank TRI,2013-10-31,2570.441175144408
Nifty PSU Bank TRI,2013-11-01,2690.194177487346
Nifty PSU Bank TRI,2013-11-05,2723.9802650563242
Nifty PSU Bank TRI,2013-11-06,2625.9608410824653
Nifty PSU Bank TRI,2013-11-07,2533.0083478439788
Nifty PSU Bank TRI,2013-11-08,2513.483960280194
Nifty PSU Bank TRI,2013-11-11,2461.7379357956747
Nifty PSU Bank TRI,2013-11-12,2419.054282362456
Nifty PSU Bank TRI,2013-11-13,2433.5012228238998
Nifty PSU Bank TRI,2013-11-14,2489.959563464786
Nifty PSU Bank TRI,2013-11-18,2565.9035850835057
Nifty PSU Bank TRI,2013-11-19,2627.300887612566
Nifty PSU Bank TRI,2013-11-20,2574.351067762537
Nifty PSU Bank TRI,2013-11-21,2506.8885704055415
Nifty PSU Bank TRI,2013-11-22,2478.698261664617
Nifty PSU Bank TRI,2013-11-25,2572.336484261352
Nifty PSU Bank TRI,2013-11-26,2518.438423790609
Nifty PSU Bank TRI,2013-11-27,2508.745599134915
Nifty PSU Bank TRI,2013-11-28,2512.5278698454645
Nifty PSU Bank TRI,2013-11-29,2597.2725924489287
Nifty PSU Bank TRI,2013-12-02,2610.2388440192253
Nifty PSU Bank TRI,2013-12-03,2591.9936152680416
Nifty PSU Bank TRI,2013-12-04,2596.1431820433036
Nifty PSU Bank TRI,2013-12-05,2665.7214934013273
Nifty PSU Bank TRI,2013-12-06,2698.07899553119
Nifty PSU Bank TRI,2013-12-09,2758.766488483554
Nifty PSU Bank TRI,2013-12-10,2708.2679807791974
Nifty PSU Bank TRI,2013-12-11,2649.9864255230036
Nifty PSU Bank TRI,2013-12-12,2618.4079793401493
Nifty PSU Bank TRI,2013-12-13,2553.4278471113016
Nifty PSU Bank TRI,2013-12-16,2537.349659304034
Nifty PSU Bank TRI,2013-12-17,2511.829113006777
Nifty PSU Bank TRI,2013-12-18,2587.9768122476216
Nifty PSU Bank TRI,2013-12-19,2539.1126111771964
Nifty PSU Bank TRI,2013-12-20,2588.239734715371
Nifty PSU Bank TRI,2013-12-23,2631.0485485069007
Nifty PSU Bank TRI,2013-12-24,2640.9101357731247
Nifty PSU Bank TRI,2013-12-26,2637.7006862753065
Nifty PSU Bank TRI,2013-12-27,2660.277445564466
Nifty PSU Bank TRI,2013-12-30,2638.3902915830536
Nifty PSU Bank TRI,2013-12-31,2652.4591750738823
Nifty PSU Bank TRI,2014-01-01,2671.2001483241397
Nifty PSU Bank TRI,2014-01-02,2617.4841296901277
Nifty PSU Bank TRI,2014-01-03,2611.3620526282525
Nifty PSU Bank TRI,2014-01-06,2562.8833718342416
Nifty PSU Bank TRI,2014-01-07,2520.6252153837636
Nifty PSU Bank TRI,2014-01-08,2554.941497697921
Nifty PSU Bank TRI,2014-01-09,2514.289108291793
Nifty PSU Bank TRI,2014-01-10,2470.725758357314
Nifty PSU Bank TRI,2014-01-13,2504.2096183027584
Nifty PSU Bank TRI,2014-01-14,2489.3560353577623
Nifty PSU Bank TRI,2014-01-15,2536.2998930423473
Nifty PSU Bank TRI,2014-01-16,2527.211120671362
Nifty PSU Bank TRI,2014-01-17,2485.2459056390426
Nifty PSU Bank TRI,2014-01-20,2503.885421576026
Nifty PSU Bank TRI,2014-01-21,2532.7127289657556
Nifty PSU Bank TRI,2014-01-22,2527.9850320362866
Nifty PSU Bank TRI,2014-01-23,2523.360690857263
Nifty PSU Bank TRI,2014-01-24,2439.04332008421
Nifty PSU Bank TRI,2014-01-27,2345.8705352124357
Nifty PSU Bank TRI,2014-01-28,2342.3290045721483
Nifty PSU Bank TRI,2014-01-29,2305.53182035974
Nifty PSU Bank TRI,2014-01-30,2211.415861340385
Nifty PSU Bank TRI,2014-01-31,2262.068568099941
Nifty PSU Bank TRI,2014-02-03,2206.2153492802904
Nifty PSU Bank TRI,2014-02-04,2250.5874124265274
Nifty PSU Bank TRI,2014-02-05,2251.82248153102
Nifty PSU Bank TRI,2014-02-06,2227.9003828297323
Nifty PSU Bank TRI,2014-02-07,2260.4270237049395
Nifty PSU Bank TRI,2014-02-10,2249.630097309996
Nifty PSU Bank TRI,2014-02-11,2249.305989588411
Nifty PSU Bank TRI,2014-02-12,2257.352225903243
Nifty PSU Bank TRI,2014-02-13,2192.400850300622
Nifty PSU Bank TRI,2014-02-14,2183.1828404411867
Nifty PSU Bank TRI,2014-02-17,2178.717877589626
Nifty PSU Bank TRI,2014-02-18,2216.7174682636664
Nifty PSU Bank TRI,2014-02-19,2213.167409677259
Nifty PSU Bank TRI,2014-02-20,2170.1947502809235
Nifty PSU Bank TRI,2014-02-21,2194.936272474015
Nifty PSU Bank TRI,2014-02-24,2212.7862137280517
Nifty PSU Bank TRI,2014-02-25,2207.986705900502
Nifty PSU Bank TRI,2014-02-26,2220.821817750645
Nifty PSU Bank TRI,2014-02-28,2250.084849679374
Nifty PSU Bank TRI,2014-03-03,2227.726346904799
Nifty PSU Bank TRI,2014-03-04,2296.1892129126045
Nifty PSU Bank TRI,2014-03-05,2362.7324888101075
Nifty PSU Bank TRI,2014-03-06,2372.9761751018746
Nifty PSU Bank TRI,2014-03-07,2469.138668128112
Nifty PSU Bank TRI,2014-03-10,2524.7657429331994
Nifty PSU Bank TRI,2014-03-11,2505.2984062951023
Nifty PSU Bank TRI,2014-03-12,2462.9793431184967
Nifty PSU Bank TRI,2014-03-13,2471.8247423884045
Nifty PSU Bank TRI,2014-03-14,2484.210227994383
Nifty PSU Bank TRI,2014-03-18,2545.99811272768
Nifty PSU Bank TRI,2014-03-19,2555.68187811962
Nifty PSU Bank TRI,2014-03-20,2498.8761113367964
Nifty PSU Bank TRI,2014-03-21,2533.8646312177098
Nifty PSU Bank TRI,2014-03-24,2574.4294165703654
Nifty PSU Bank TRI,2014-03-25,2593.022094905273
Nifty PSU Bank TRI,2014-03-26,2630.417306007424
Nifty PSU Bank TRI,2014-03-27,2718.4916090540237
Nifty PSU Bank TRI,2014-03-28,2847.1989953736343
Nifty PSU Bank TRI,2014-03-31,2853.172907868689
Nifty PSU Bank TRI,2014-04-01,2827.6596153236155
Nifty PSU Bank TRI,2014-04-02,2924.6196452343465
Nifty PSU Bank TRI,2014-04-03,2865.764689751984
Nifty PSU Bank TRI,2014-04-04,2874.9470009266533
Nifty PSU Bank TRI,2014-04-07,2882.5933975429875
Nifty PSU Bank TRI,2014-04-09,2995.4900362501476
Nifty PSU Bank TRI,2014-04-10,3029.3287764562438
Nifty PSU Bank TRI,2014-04-11,2993.754016430008
Nifty PSU Bank TRI,2014-04-15,2928.098502511263
Nifty PSU Bank TRI,2014-04-16,2909.1922917819525
Nifty PSU Bank TRI,2014-04-17,2993.5478704623542
Nifty PSU Bank TRI,2014-04-21,3073.021257908249
Nifty PSU Bank TRI,2014-04-22,3037.0152696136147
Nifty PSU Bank TRI,2014-04-23,3073.0632900308697
Nifty PSU Bank TRI,2014-04-25,3103.922450151279
Nifty PSU Bank TRI,2014-04-28,3145.5008270434873
Nifty PSU Bank TRI,2014-04-29,3090.2952166115265
Nifty PSU Bank TRI,2014-04-30,3101.269244480799
Nifty PSU Bank TRI,2014-05-02,3069.2880150796723
Nifty PSU Bank TRI,2014-05-05,3091.3119497365033
Nifty PSU Bank TRI,2014-05-06,3085.0734425936716
Nifty PSU Bank TRI,2014-05-07,3082.3820998702035
Nifty PSU Bank TRI,2014-05-08,3081.1512359718936
Nifty PSU Bank TRI,2014-05-09,3201.9026314877087
Nifty PSU Bank TRI,2014-05-12,3279.416332358422
Nifty PSU Bank TRI,2014-05-13,3334.184932061051
Nifty PSU Bank TRI,2014-05-14,3445.1604138933826
Nifty PSU Bank TRI,2014-05-15,3424.3740114971097
Nifty PSU Bank TRI,2014-05-16,3621.6301692151837
Nifty PSU Bank TRI,2014-05-19,3868.903255547207
Nifty PSU Bank TRI,2014-05-20,3827.77297511607
Nifty PSU Bank TRI,2014-05-21,3770.2488150240983
Nifty PSU Bank TRI,2014-05-22,3831.426142732468
Nifty PSU Bank TRI,2014-05-23,4142.663088118851
Nifty PSU Bank TRI,2014-05-26,4040.211672999912
Nifty PSU Bank TRI,2014-05-27,3942.7921169922943
Nifty PSU Bank TRI,2014-05-28,3907.2906652647066
Nifty PSU Bank TRI,2014-05-29,3912.4625010324303
Nifty PSU Bank TRI,2014-05-30,3807.7674933829007
Nifty PSU Bank TRI,2014-06-02,3981.7761102946656
Nifty PSU Bank TRI,2014-06-03,3965.957182565968
Nifty PSU Bank TRI,2014-06-04,4069.2712589551907
Nifty PSU Bank TRI,2014-06-05,4079.831094457301
Nifty PSU Bank TRI,2014-06-06,4161.637990203318
Nifty PSU Bank TRI,2014-06-09,4152.743792802992
Nifty PSU Bank TRI,2014-06-10,4080.767036519778
Nifty PSU Bank TRI,2014-06-11,4076.5449406617117
Nifty PSU Bank TRI,2014-06-12,4061.6120427037417
Nifty PSU Bank TRI,2014-06-13,3905.816634197325
Nifty PSU Bank TRI,2014-06-16,3879.383168914019
Nifty PSU Bank TRI,2014-06-17,3997.693875121731
Nifty PSU Bank TRI,2014-06-18,3952.0256934501926
Nifty PSU Bank TRI,2014-06-19,3899.0374953016467
Nifty PSU Bank TRI,2014-06-20,3838.5711879969804
Nifty PSU Bank TRI,2014-06-23,3883.6264405744946
Nifty PSU Bank TRI,2014-06-24,3977.194319739861
Nifty PSU Bank TRI,2014-06-25,3994.9725608410035
Nifty PSU Bank TRI,2014-06-26,3942.5457765963715
Nifty PSU Bank TRI,2014-06-27,3918.2404599559586
Nifty PSU Bank TRI,2014-06-30,4052.7769273518056
Nifty PSU Bank TRI,2014-07-01,4040.1842580936486
Nifty PSU Bank TRI,2014-07-02,4053.944016377815
Nifty PSU Bank TRI,2014-07-03,4046.579439132156
Nifty PSU Bank TRI,2014-07-04,4041.619527422712
Nifty PSU Bank TRI,2014-07-07,4007.1255716834253
Nifty PSU Bank TRI,2014-07-08,3818.1666255824202
Nifty PSU Bank TRI,2014-07-09,3796.773322940417
Nifty PSU Bank TRI,2014-07-10,3757.437237977008
Nifty PSU Bank TRI,2014-07-11,3563.4233752490745
Nifty PSU Bank TRI,2014-07-14,3589.7023792204363
Nifty PSU Bank TRI,2014-07-15,3734.765220305636
Nifty PSU Bank TRI,2014-07-16,3802.6178875976498
Nifty PSU Bank TRI,2014-07-17,3838.612572558509
Nifty PSU Bank TRI,2014-07-18,3786.0798580199034
Nifty PSU Bank TRI,2014-07-21,3743.8945598066052
Nifty PSU Bank TRI,2014-07-22,3734.104216078151
Nifty PSU Bank TRI,2014-07-23,3759.4812778230444
Nifty PSU Bank TRI,2014-07-24,3801.1889645342058
Nifty PSU Bank TRI,2014-07-25,3718.0744871494526
Nifty PSU Bank TRI,2014-07-28,3718.4767970470134
Nifty PSU Bank TRI,2014-07-30,3730.0348725779704
Nifty PSU Bank TRI,2014-07-31,3678.569216687373
Nifty PSU Bank TRI,2014-08-01,3687.409767251177
Nifty PSU Bank TRI,2014-08-04,3723.831525480712
Nifty PSU Bank TRI,2014-08-05,3752.048994537677
Nifty PSU Bank TRI,2014-08-06,3669.624808537727
Nifty PSU Bank TRI,2014-08-07,3658.9346345301074
Nifty PSU Bank TRI,2014-08-08,3598.494583596386
Nifty PSU Bank TRI,2014-08-11,3628.8924627566676
Nifty PSU Bank TRI,2014-08-12,3658.3710482215624
Nifty PSU Bank TRI,2014-08-13,3541.454651228362
Nifty PSU Bank TRI,2014-08-14,3556.160931307693
Nifty PSU Bank TRI,2014-08-18,3635.7433060054277
Nifty PSU Bank TRI,2014-08-19,3659.6248444285725
Nifty PSU Bank TRI,2014-08-20,3618.95947066706
Nifty PSU Bank TRI,2014-08-21,3716.562426649031
Nifty PSU Bank TRI,2014-08-22,3796.4630709556486
Nifty PSU Bank TRI,2014-08-25,3737.1868728622203
Nifty PSU Bank TRI,2014-08-26,3712.184298330704
Nifty PSU Bank TRI,2014-08-27,3719.463188303721
Nifty PSU Bank TRI,2014-08-28,3653.2107947735785
Nifty PSU Bank TRI,2014-09-01,3743.4952817612107
Nifty PSU Bank TRI,2014-09-02,3753.1361378988363
Nifty PSU Bank TRI,2014-09-03,3737.0904218853284
Nifty PSU Bank TRI,2014-09-04,3694.9879129168758
Nifty PSU Bank TRI,2014-09-05,3711.286083528537
Nifty PSU Bank TRI,2014-09-08,3767.110158329865
Nifty PSU Bank TRI,2014-09-09,3772.7170111943083
Nifty PSU Bank TRI,2014-09-10,3763.7991071565193
Nifty PSU Bank TRI,2014-09-11,3844.1861391782627
Nifty PSU Bank TRI,2014-09-12,3895.4741850408195
Nifty PSU Bank TRI,2014-09-15,3915.6713916704275
Nifty PSU Bank TRI,2014-09-16,3795.1413112452383
Nifty PSU Bank TRI,2014-09-17,3804.9473327858645
Nifty PSU Bank TRI,2014-09-18,3905.291926922603
Nifty PSU Bank TRI,2014-09-19,3834.6861812683005
Nifty PSU Bank TRI,2014-09-22,3865.9512352568117
Nifty PSU Bank TRI,2014-09-23,3771.1455049830674
Nifty PSU Bank TRI,2014-09-24,3654.1381514458085
Nifty PSU Bank TRI,2014-09-25,3468.175204055932
Nifty PSU Bank TRI,2014-09-26,3574.8354282128457
Nifty PSU Bank TRI,2014-09-29,3562.520380526605
Nifty PSU Bank TRI,2014-09-30,3540.8334979452634
Nifty PSU Bank TRI,2014-10-01,3517.9903683615903
Nifty PSU Bank TRI,2014-10-07,3441.891891800207
Nifty PSU Bank TRI,2014-10-08,3488.54548623564
Nifty PSU Bank TRI,2014-10-09,3593.3729450383216
Nifty PSU Bank TRI,2014-10-10,3549.2075401959796
Nifty PSU Bank TRI,2014-10-13,3609.0289999047277
Nifty PSU Bank TRI,2014-10-14,3660.321637506616
Nifty PSU Bank TRI,2014-10-16,3590.6172306237945
Nifty PSU Bank TRI,2014-10-17,3667.2288021004438
Nifty PSU Bank TRI,2014-10-20,3738.1116199975177
Nifty PSU Bank TRI,2014-10-21,3756.4905679021476
Nifty PSU Bank TRI,2014-10-22,3751.5483793760936
Nifty PSU Bank TRI,2014-10-27,3791.3492177169132
Nifty PSU Bank TRI,2014-10-28,3849.824087470135
Nifty PSU Bank TRI,2014-10-29,3816.8266107448253
Nifty PSU Bank TRI,2014-10-30,3827.3860281929256
Nifty PSU Bank TRI,2014-10-31,3922.2846442809305
Nifty PSU Bank TRI,2014-11-03,3969.537099788947
Nifty PSU Bank TRI,2014-11-05,4011.1187350622013
Nifty PSU Bank TRI,2014-11-07,3973.022957203728
Nifty PSU Bank TRI,2014-11-10,3966.8325166210084
Nifty PSU Bank TRI,2014-11-11,4021.562629549722
Nifty PSU Bank TRI,2014-11-12,4025.827408323076
Nifty PSU Bank TRI,2014-11-13,3968.0536440459723
Nifty PSU Bank TRI,2014-11-14,4041.2977753122927
Nifty PSU Bank TRI,2014-11-17,4211.952852612809
Nifty PSU Bank TRI,2014-11-18,4231.528665010105
Nifty PSU Bank TRI,2014-11-19,4162.232400202133
Nifty PSU Bank TRI,2014-11-20,4180.808607042992
Nifty PSU Bank TRI,2014-11-21,4273.27844053533
Nifty PSU Bank TRI,2014-11-24,4314.3020341656065
Nifty PSU Bank TRI,2014-11-25,4219.796404048008
Nifty PSU Bank TRI,2014-11-26,4237.169694068257
Nifty PSU Bank TRI,2014-11-27,4256.17494670476
Nifty PSU Bank TRI,2014-11-28,4497.7104700812715
Nifty PSU Bank TRI,2014-12-01,4477.3203724663945
Nifty PSU Bank TRI,2014-12-02,4500.496110349354
Nifty PSU Bank TRI,2014-12-03,4502.363445280524
Nifty PSU Bank TRI,2014-12-04,4535.1185316380015
Nifty PSU Bank TRI,2014-12-05,4530.883436560057
Nifty PSU Bank TRI,2014-12-08,4468.440872730716
Nifty PSU Bank TRI,2014-12-09,4354.09848056557
Nifty PSU Bank TRI,2014-12-10,4488.174022464879
Nifty PSU Bank TRI,2014-12-11,4466.250214058347
Nifty PSU Bank TRI,2014-12-12,4413.1107977843185
Nifty PSU Bank TRI,2014-12-15,4402.806099852213
Nifty PSU Bank TRI,2014-12-16,4213.512853301685
Nifty PSU Bank TRI,2014-12-17,4283.074604359114
Nifty PSU Bank TRI,2014-12-18,4403.239141707459
Nifty PSU Bank TRI,2014-12-19,4358.453349782628
Nifty PSU Bank TRI,2014-12-22,4411.487252864111
Nifty PSU Bank TRI,2014-12-23,4396.342964268238
Nifty PSU Bank TRI,2014-12-24,4394.204795303239
Nifty PSU Bank TRI,2014-12-26,4452.655025888316
Nifty PSU Bank TRI,2014-12-29,4438.082088519793
Nifty PSU Bank TRI,2014-12-30,4479.982440756039
Nifty PSU Bank TRI,2014-12-31,4497.970148526248
Nifty PSU Bank TRI,2015-01-01,4524.862479179624
Nifty PSU Bank TRI,2015-01-02,4542.958935693221
Nifty PSU Bank TRI,2015-01-05,4511.374343403275
Nifty PSU Bank TRI,2015-01-06,4325.506657989057
Nifty PSU Bank TRI,2015-01-07,4311.982772450753
Nifty PSU Bank TRI,2015-01-08,4389.251605645883
Nifty PSU Bank TRI,2015-01-09,4361.975384206284
Nifty PSU Bank TRI,2015-01-12,4428.335637908514
Nifty PSU Bank TRI,2015-01-13,4396.154977638594
Nifty PSU Bank TRI,2015-01-14,4365.657935385164
Nifty PSU Bank TRI,2015-01-15,4561.549126288012
Nifty PSU Bank TRI,2015-01-16,4492.15464295004
Nifty PSU Bank TRI,2015-01-19,4485.428910744419
Nifty PSU Bank TRI,2015-01-20,4536.59310317992
Nifty PSU Bank TRI,2015-01-21,4647.865381811795
Nifty PSU Bank TRI,2015-01-22,4611.937987943985
Nifty PSU Bank TRI,2015-01-23,4621.458855821157
Nifty PSU Bank TRI,2015-01-27,4625.324086792797
Nifty PSU Bank TRI,2015-01-28,4661.26905329154
Nifty PSU Bank TRI,2015-01-29,4534.776552083767
Nifty PSU Bank TRI,2015-01-30,4268.400678475146
Nifty PSU Bank TRI,2015-02-02,4261.696229646298
Nifty PSU Bank TRI,2015-02-03,4140.542337088088
Nifty PSU Bank TRI,2015-02-04,4077.2487615928
Nifty PSU Bank TRI,2015-02-05,3993.2172351271047
Nifty PSU Bank TRI,2015-02-06,3974.440090550469
Nifty PSU Bank TRI,2015-02-09,3836.5261739567122
Nifty PSU Bank TRI,2015-02-10,3909.816556934405
Nifty PSU Bank TRI,2015-02-11,3933.0883659542333
Nifty PSU Bank TRI,2015-02-12,3898.4729895859236
Nifty PSU Bank TRI,2015-02-13,4117.90224164461
Nifty PSU Bank TRI,2015-02-16,4108.905606473876
Nifty PSU Bank TRI,2015-02-18,4103.381592064383
Nifty PSU Bank TRI,2015-02-19,4053.8776042291647
Nifty PSU Bank TRI,2015-02-20,4091.0999265531555
Nifty PSU Bank TRI,2015-02-23,4018.849743953893
Nifty PSU Bank TRI,2015-02-24,3995.677751564221
Nifty PSU Bank TRI,2015-02-25,3981.954479095064
Nifty PSU Bank TRI,2015-02-26,3892.3557498311284
Nifty PSU Bank TRI,2015-02-27,4051.609313844222
Nifty PSU Bank TRI,2015-03-02,4073.0699171536244
Nifty PSU Bank TRI,2015-03-03,4122.03387092674
Nifty PSU Bank TRI,2015-03-04,3996.769761577263
Nifty PSU Bank TRI,2015-03-05,4004.5909587231067
Nifty PSU Bank TRI,2015-03-09,3942.9112946171895
Nifty PSU Bank TRI,2015-03-10,3917.134183207548
Nifty PSU Bank TRI,2015-03-11,3890.4041520193587
Nifty PSU Bank TRI,2015-03-12,3925.1140027572887
Nifty PSU Bank TRI,2015-03-13,3854.953348564078
Nifty PSU Bank TRI,2015-03-16,3875.2395580397106
Nifty PSU Bank TRI,2015-03-17,3890.615783193473
Nifty PSU Bank TRI,2015-03-18,3934.000663994236
Nifty PSU Bank TRI,2015-03-19,3839.461189953148
Nifty PSU Bank TRI,2015-03-20,3794.062889124411
Nifty PSU Bank TRI,2015-03-23,3749.811969759595
Nifty PSU Bank TRI,2015-03-24,3699.2753921069366
Nifty PSU Bank TRI,2015-03-25,3635.2554460379397
Nifty PSU Bank TRI,2015-03-26,3521.9643142649306
Nifty PSU Bank TRI,2015-03-27,3575.3937538423015
Nifty PSU Bank TRI,2015-03-30,3633.511724230052
Nifty PSU Bank TRI,2015-03-31,3606.272148884288
Nifty PSU Bank TRI,2015-04-01,3709.417559653238
Nifty PSU Bank TRI,2015-04-06,3708.6400654994104
Nifty PSU Bank TRI,2015-04-07,3695.4107331430646
Nifty PSU Bank TRI,2015-04-08,3709.1009904320726
Nifty PSU Bank TRI,2015-04-09,3813.1302372264763
Nifty PSU Bank TRI,2015-04-10,3874.2187977362582
Nifty PSU Bank TRI,2015-04-13,3895.3764390605234
Nifty PSU Bank TRI,2015-04-15,3950.8198672528974
Nifty PSU Bank TRI,2015-04-16,3948.600138700764
Nifty PSU Bank TRI,2015-04-17,3954.5810155272798
Nifty PSU Bank TRI,2015-04-20,3895.800055215615
Nifty PSU Bank TRI,2015-04-21,3915.1149082419747
Nifty PSU Bank TRI,2015-04-22,3866.5359358805717
Nifty PSU Bank TRI,2015-04-23,3801.1771048021565
Nifty PSU Bank TRI,2015-04-24,3743.0632950534605
Nifty PSU Bank TRI,2015-04-27,3660.368111739744
Nifty PSU Bank TRI,2015-04-28,3723.612452813191
Nifty PSU Bank TRI,2015-04-29,3711.377424647179
Nifty PSU Bank TRI,2015-04-30,3689.2427022272313
Nifty PSU Bank TRI,2015-05-04,3789.804376985426
Nifty PSU Bank TRI,2015-05-05,3738.494104616199
Nifty PSU Bank TRI,2015-05-06,3614.9040598626416
Nifty PSU Bank TRI,2015-05-07,3525.3516393869368
Nifty PSU Bank TRI,2015-05-08,3489.804377696402
Nifty PSU Bank TRI,2015-05-11,3705.196529987957
Nifty PSU Bank TRI,2015-05-12,3568.7576243778535
Nifty PSU Bank TRI,2015-05-13,3664.2921172200295
Nifty PSU Bank TRI,2015-05-14,3768.7326788377786
Nifty PSU Bank TRI,2015-05-15,3799.4493858967785
Nifty PSU Bank TRI,2015-05-18,3814.3234119289823
Nifty PSU Bank TRI,2015-05-19,3802.611752932881
Nifty PSU Bank TRI,2015-05-20,3837.5744356520263
Nifty PSU Bank TRI,2015-05-21,3805.465053537775
Nifty PSU Bank TRI,2015-05-22,3734.4626727620675
Nifty PSU Bank TRI,2015-05-25,3698.46211853068
Nifty PSU Bank TRI,2015-05-26,3691.4058469040374
Nifty PSU Bank TRI,2015-05-27,3750.433462595987
Nifty PSU Bank TRI,2015-05-28,3727.744654223798
Nifty PSU Bank TRI,2015-05-29,3742.8954829046293
Nifty PSU Bank TRI,2015-06-01,3750.2967346200408
Nifty PSU Bank TRI,2015-06-02,3595.402256676035
Nifty PSU Bank TRI,2015-06-03,3510.5742075560534
Nifty PSU Bank TRI,2015-06-04,3488.2933541013554
Nifty PSU Bank TRI,2015-06-05,3477.8855316621675
Nifty PSU Bank TRI,2015-06-08,3408.6949075778925
Nifty PSU Bank TRI,2015-06-09,3421.930586011004
Nifty PSU Bank TRI,2015-06-10,3452.6653061719417
Nifty PSU Bank TRI,2015-06-11,3360.008637466624
Nifty PSU Bank TRI,2015-06-12,3358.713969115391
Nifty PSU Bank TRI,2015-06-15,3310.013579563023
Nifty PSU Bank TRI,2015-06-16,3360.5876036318823
Nifty PSU Bank TRI,2015-06-17,3361.3078268907525
Nifty PSU Bank TRI,2015-06-18,3374.9177784452463
Nifty PSU Bank TRI,2015-06-19,3409.9053595842392
Nifty PSU Bank TRI,2015-06-22,3497.5910658164244
Nifty PSU Bank TRI,2015-06-23,3542.669666486105
Nifty PSU Bank TRI,2015-06-24,3458.9337557508134
Nifty PSU Bank TRI,2015-06-25,3477.06114855371
Nifty PSU Bank TRI,2015-06-26,3462.558405360525
Nifty PSU Bank TRI,2015-06-29,3401.7968510517594
Nifty PSU Bank TRI,2015-06-30,3426.2937623032317
Nifty PSU Bank TRI,2015-07-01,3510.3908132467104
Nifty PSU Bank TRI,2015-07-02,3506.3940987124406
Nifty PSU Bank TRI,2015-07-03,3533.445992174553
Nifty PSU Bank TRI,2015-07-06,3567.531520612249
Nifty PSU Bank TRI,2015-07-07,3588.8571398443996
Nifty PSU Bank TRI,2015-07-08,3515.10859368354
Nifty PSU Bank TRI,2015-07-09,3539.884500013308
Nifty PSU Bank TRI,2015-07-10,3581.863468309394
Nifty PSU Bank TRI,2015-07-13,3615.433818215674
Nifty PSU Bank TRI,2015-07-14,3566.1996183195088
Nifty PSU Bank TRI,2015-07-15,3556.6805701770472
Nifty PSU Bank TRI,2015-07-16,3598.1394281813723
Nifty PSU Bank TRI,2015-07-17,3590.904563159298
Nifty PSU Bank TRI,2015-07-20,3527.025686873186
Nifty PSU Bank TRI,2015-07-21,3475.065203244513
Nifty PSU Bank TRI,2015-07-22,3527.0476625287056
Nifty PSU Bank TRI,2015-07-23,3540.57726610919
Nifty PSU Bank TRI,2015-07-24,3478.5710525919335
Nifty PSU Bank TRI,2015-07-27,3399.040909975115
Nifty PSU Bank TRI,2015-07-28,3412.5148433673917
Nifty PSU Bank TRI,2015-07-29,3347.62172183292
Nifty PSU Bank TRI,2015-07-30,3463.0570392378863
Nifty PSU Bank TRI,2015-07-31,3625.7389736581617
Nifty PSU Bank TRI,2015-08-03,3766.051389473091
Nifty PSU Bank TRI,2015-08-04,3880.251862752505
Nifty PSU Bank TRI,2015-08-05,3845.2274666750027
Nifty PSU Bank TRI,2015-08-06,3897.097381428718
Nifty PSU Bank TRI,2015-08-07,3804.880874944375
Nifty PSU Bank TRI,2015-08-10,3802.103570737578
Nifty PSU Bank TRI,2015-08-11,3660.4831079172095
Nifty PSU Bank TRI,2015-08-12,3519.64877158249
Nifty PSU Bank TRI,2015-08-13,3541.908030306199
Nifty PSU Bank TRI,2015-08-14,3704.260743035289
Nifty PSU Bank TRI,2015-08-17,3933.8855664717235
Nifty PSU Bank TRI,2015-08-18,3965.2061063034207
Nifty PSU Bank TRI,2015-08-19,3877.4139491013357
Nifty PSU Bank TRI,2015-08-20,3746.2208253757
Nifty PSU Bank TRI,2015-08-21,3715.63488619994
Nifty PSU Bank TRI,2015-08-24,3368.5636090131125
Nifty PSU Bank TRI,2015-08-25,3439.7620884106905
Nifty PSU Bank TRI,2015-08-26,3347.2423932004936
Nifty PSU Bank TRI,2015-08-27,3436.5849320264238
Nifty PSU Bank TRI,2015-08-28,3408.158685086863
Nifty PSU Bank TRI,2015-08-31,3405.2770918118194
Nifty PSU Bank TRI,2015-09-01,3254.5275071815045
Nifty PSU Bank TRI,2015-09-02,3151.7050086560484
Nifty PSU Bank TRI,2015-09-03,3194.4539224950177
Nifty PSU Bank TRI,2015-09-04,3111.0959110631106
Nifty PSU Bank TRI,2015-09-07,3051.0743537009726
Nifty PSU Bank TRI,2015-09-08,3157.052893188711
Nifty PSU Bank TRI,2015-09-09,3210.9357937331615
Nifty PSU Bank TRI,2015-09-10,3156.299077297268
Nifty PSU Bank TRI,2015-09-11,3187.7779940484747
Nifty PSU Bank TRI,2015-09-14,3266.952443758623
Nifty PSU Bank TRI,2015-09-15,3234.931724851328
Nifty PSU Bank TRI,2015-09-16,3267.2187948701517
Nifty PSU Bank TRI,2015-09-18,3351.5001769158976
Nifty PSU Bank TRI,2015-09-21,3409.098381449586
Nifty PSU Bank TRI,2015-09-22,3300.553901733211
Nifty PSU Bank TRI,2015-09-23,3339.2964118746936
Nifty PSU Bank TRI,2015-09-24,3326.3851714582797
Nifty PSU Bank TRI,2015-09-28,3327.6732198819923
Nifty PSU Bank TRI,2015-09-29,3364.7216826002923
Nifty PSU Bank TRI,2015-09-30,3301.2574187790747
Nifty PSU Bank TRI,2015-10-01,3275.5028455033344
Nifty PSU Bank TRI,2015-10-05,3357.926005516094
Nifty PSU Bank TRI,2015-10-06,3363.9237523149027
Nifty PSU Bank TRI,2015-10-07,3407.1132503504414
Nifty PSU Bank TRI,2015-10-08,3404.16171422065
Nifty PSU Bank TRI,2015-10-09,3391.2984769548766
Nifty PSU Bank TRI,2015-10-12,3383.5591374548762
Nifty PSU Bank TRI,2015-10-13,3371.4923772046436
Nifty PSU Bank TRI,2015-10-14,3361.183356594132
Nifty PSU Bank TRI,2015-10-15,3429.4381136812517
Nifty PSU Bank TRI,2015-10-16,3475.417904326036
Nifty PSU Bank TRI,2015-10-19,3465.5008108696397
Nifty PSU Bank TRI,2015-10-20,3476.4110055409574
Nifty PSU Bank TRI,2015-10-21,3412.9501925080135
Nifty PSU Bank TRI,2015-10-23,3440.420387153922
Nifty PSU Bank TRI,2015-10-26,3407.8333405761073
Nifty PSU Bank TRI,2015-10-27,3384.348842898693
Nifty PSU Bank TRI,2015-10-28,3299.9612898597893
Nifty PSU Bank TRI,2015-10-29,3248.1518830112095
Nifty PSU Bank TRI,2015-10-30,3231.6443685073023
Nifty PSU Bank TRI,2015-11-02,3242.120654948995
Nifty PSU Bank TRI,2015-11-03,3232.9714565948484
Nifty PSU Bank TRI,2015-11-04,3265.3761326685512
Nifty PSU Bank TRI,2015-11-05,3203.5747249903716
Nifty PSU Bank TRI,2015-11-06,3311.6284063866847
Nifty PSU Bank TRI,2015-11-09,3358.8785433411886
Nifty PSU Bank TRI,2015-11-10,3315.6900074127325
Nifty PSU Bank TRI,2015-11-13,3316.1486573669604
Nifty PSU Bank TRI,2015-11-16,3409.6312032967794
Nifty PSU Bank TRI,2015-11-17,3392.7977741050245
Nifty PSU Bank TRI,2015-11-18,3296.0621434307163
Nifty PSU Bank TRI,2015-11-19,3330.1438460237623
Nifty PSU Bank TRI,2015-11-20,3333.1619773036964
Nifty PSU Bank TRI,2015-11-23,3321.9317949805018
Nifty PSU Bank TRI,2015-11-24,3300.1250490199363
Nifty PSU Bank TRI,2015-11-26,3318.440319351937
Nifty PSU Bank TRI,2015-11-27,3435.401059526906
Nifty PSU Bank TRI,2015-11-30,3455.365713854946
Nifty PSU Bank TRI,2015-12-01,3446.8552805982545
Nifty PSU Bank TRI,2015-12-02,3371.0012362717935
Nifty PSU Bank TRI,2015-12-03,3322.591739664358
Nifty PSU Bank TRI,2015-12-04,3295.488646572791
Nifty PSU Bank TRI,2015-12-07,3269.2374278941043
Nifty PSU Bank TRI,2015-12-08,3217.288534586396
Nifty PSU Bank TRI,2015-12-09,3186.0624304855564
Nifty PSU Bank TRI,2015-12-10,3155.474682202533
Nifty PSU Bank TRI,2015-12-11,3083.2668273526406
Nifty PSU Bank TRI,2015-12-14,3080.491541078989
Nifty PSU Bank TRI,2015-12-15,3079.7621354189446
Nifty PSU Bank TRI,2015-12-16,3091.91055759156
Nifty PSU Bank TRI,2015-12-17,3138.0460764134536
Nifty PSU Bank TRI,2015-12-18,3103.438398718659
Nifty PSU Bank TRI,2015-12-21,3144.276597446458
Nifty PSU Bank TRI,2015-12-22,3107.8995659563484
Nifty PSU Bank TRI,2015-12-23,3128.8718609252496
Nifty PSU Bank TRI,2015-12-24,3110.344552301816
Nifty PSU Bank TRI,2015-12-28,3123.735932280169
Nifty PSU Bank TRI,2015-12-29,3110.4439152108803
Nifty PSU Bank TRI,2015-12-30,3077.956738141215
Nifty PSU Bank TRI,2015-12-31,3062.9509509919994
Nifty PSU Bank TRI,2016-01-01,3110.289610837058
Nifty PSU Bank TRI,2016-01-04,3001.7919373572868
Nifty PSU Bank TRI,2016-01-05,2960.200991182555
Nifty PSU Bank TRI,2016-01-06,2949.9464401069135
Nifty PSU Bank TRI,2016-01-07,2829.837094807959
Nifty PSU Bank TRI,2016-01-08,2830.2198749555555
Nifty PSU Bank TRI,2016-01-11,2772.3136076101987
Nifty PSU Bank TRI,2016-01-12,2696.78608388851
Nifty PSU Bank TRI,2016-01-13,2688.336647471111
Nifty PSU Bank TRI,2016-01-14,2627.618907894176
Nifty PSU Bank TRI,2016-01-15,2474.8217005888623
Nifty PSU Bank TRI,2016-01-18,2433.9775692366193
Nifty PSU Bank TRI,2016-01-19,2460.2962609641713
Nifty PSU Bank TRI,2016-01-20,2347.0061341898154
Nifty PSU Bank TRI,2016-01-21,2383.4909819774284
Nifty PSU Bank TRI,2016-01-22,2503.5703884487775
Nifty PSU Bank TRI,2016-01-25,2480.968898146243
Nifty PSU Bank TRI,2016-01-27,2512.912589308949
Nifty PSU Bank TRI,2016-01-28,2509.321330881923
Nifty PSU Bank TRI,2016-01-29,2454.5010776087342
Nifty PSU Bank TRI,2016-02-01,2371.5504506959837
Nifty PSU Bank TRI,2016-02-02,2336.9532569255452
Nifty PSU Bank TRI,2016-02-03,2292.9836748364028
Nifty PSU Bank TRI,2016-02-04,2274.8721712905067
Nifty PSU Bank TRI,2016-02-05,2357.53302308104
Nifty PSU Bank TRI,2016-02-08,2407.357653718049
Nifty PSU Bank TRI,2016-02-09,2319.3045396668463
Nifty PSU Bank TRI,2016-02-10,2194.5573417997975
Nifty PSU Bank TRI,2016-02-11,2125.126774786799
Nifty PSU Bank TRI,2016-02-12,2108.1808180770695
Nifty PSU Bank TRI,2016-02-15,2310.2296072374634
Nifty PSU Bank TRI,2016-02-16,2167.8804379293183
Nifty PSU Bank TRI,2016-02-17,2212.3268003634776
Nifty PSU Bank TRI,2016-02-18,2220.9889197995763
Nifty PSU Bank TRI,2016-02-19,2278.352991477339
Nifty PSU Bank TRI,2016-02-22,2276.59556230541
Nifty PSU Bank TRI,2016-02-23,2192.2375226769464
Nifty PSU Bank TRI,2016-02-24,2176.947108592119
Nifty PSU Bank TRI,2016-02-25,2126.2327329102363
Nifty PSU Bank TRI,2016-02-26,2165.8167424342255
Nifty PSU Bank TRI,2016-02-29,2183.715511058954
Nifty PSU Bank TRI,2016-03-01,2241.0502277201635
Nifty PSU Bank TRI,2016-03-02,2463.0580160211816
Nifty PSU Bank TRI,2016-03-03,2479.6687126189554
Nifty PSU Bank TRI,2016-03-04,2561.0922836864293
Nifty PSU Bank TRI,2016-03-08,2495.722828744874
Nifty PSU Bank TRI,2016-03-09,2503.652887753897
Nifty PSU Bank TRI,2016-03-10,2462.1453958223465
Nifty PSU Bank TRI,2016-03-11,2460.637081637969
Nifty PSU Bank TRI,2016-03-14,2479.171945648771
Nifty PSU Bank TRI,2016-03-15,2519.925776338753
Nifty PSU Bank TRI,2016-03-16,2519.6529576909916
Nifty PSU Bank TRI,2016-03-17,2527.854724374346
Nifty PSU Bank TRI,2016-03-18,2584.063143299391
Nifty PSU Bank TRI,2016-03-21,2653.8488362020244
Nifty PSU Bank TRI,2016-03-22,2652.9377813936776
Nifty PSU Bank TRI,2016-03-23,2633.7857570738397
Nifty PSU Bank TRI,2016-03-28,2532.4226229273568
Nifty PSU Bank TRI,2016-03-29,2545.67305133996
Nifty PSU Bank TRI,2016-03-30,2651.5490498333565
Nifty PSU Bank TRI,2016-03-31,2628.526863063038
Nifty PSU Bank TRI,2016-04-01,2683.9663841479774
Nifty PSU Bank TRI,2016-04-04,2665.8304204351057
Nifty PSU Bank TRI,2016-04-05,2529.0618585750135
Nifty PSU Bank TRI,2016-04-06,2514.5640143654837
Nifty PSU Bank TRI,2016-04-07,2491.690845098871
Nifty PSU Bank TRI,2016-04-08,2503.656611982098
Nifty PSU Bank TRI,2016-04-11,2577.9481688835076
Nifty PSU Bank TRI,2016-04-12,2575.905548854924
Nifty PSU Bank TRI,2016-04-13,2628.416780662409
Nifty PSU Bank TRI,2016-04-18,2565.9019896304026
Nifty PSU Bank TRI,2016-04-20,2593.55687499747
Nifty PSU Bank TRI,2016-04-21,2686.584990014019
Nifty PSU Bank TRI,2016-04-22,2753.837698668515
Nifty PSU Bank TRI,2016-04-25,2707.0612132767333
Nifty PSU Bank TRI,2016-04-26,2757.5639264237343
Nifty PSU Bank TRI,2016-04-27,2713.567643611424
Nifty PSU Bank TRI,2016-04-28,2667.79486035879
Nifty PSU Bank TRI,2016-04-29,2626.3705139448257
Nifty PSU Bank TRI,2016-05-02,2583.003812899458
Nifty PSU Bank TRI,2016-05-03,2549.2537588654823
Nifty PSU Bank TRI,2016-05-04,2485.137376620202
Nifty PSU Bank TRI,2016-05-05,2487.3348678172842
Nifty PSU Bank TRI,2016-05-06,2528.712482673566
Nifty PSU Bank TRI,2016-05-09,2593.5238821456173
Nifty PSU Bank TRI,2016-05-10,2604.7567827367166
Nifty PSU Bank TRI,2016-05-11,2548.4725270061604
Nifty PSU Bank TRI,2016-05-12,2579.917695661906
Nifty PSU Bank TRI,2016-05-13,2530.670515194994
Nifty PSU Bank TRI,2016-05-16,2410.0577828854016
Nifty PSU Bank TRI,2016-05-17,2412.6294668993232
Nifty PSU Bank TRI,2016-05-18,2453.432955239079
Nifty PSU Bank TRI,2016-05-19,2361.364624784947
Nifty PSU Bank TRI,2016-05-20,2339.197713523388
Nifty PSU Bank TRI,2016-05-23,2300.7065714183746
Nifty PSU Bank TRI,2016-05-24,2302.413896564019
Nifty PSU Bank TRI,2016-05-25,2375.7117188201596
Nifty PSU Bank TRI,2016-05-26,2462.839404303317
Nifty PSU Bank TRI,2016-05-27,2581.818448034835
Nifty PSU Bank TRI,2016-05-30,2608.495126830413
Nifty PSU Bank TRI,2016-05-31,2684.351775363294
Nifty PSU Bank TRI,2016-06-01,2599.184698617737
Nifty PSU Bank TRI,2016-06-02,2632.1651928631795
Nifty PSU Bank TRI,2016-06-03,2580.6720173548965
Nifty PSU Bank TRI,2016-06-06,2615.804589717549
Nifty PSU Bank TRI,2016-06-07,2722.519517961571
Nifty PSU Bank TRI,2016-06-08,2748.2477101489962
Nifty PSU Bank TRI,2016-06-09,2753.580097409277
Nifty PSU Bank TRI,2016-06-10,2711.926720059761
Nifty PSU Bank TRI,2016-06-13,2668.549503903903
Nifty PSU Bank TRI,2016-06-14,2752.957254487892
Nifty PSU Bank TRI,2016-06-15,2835.379958943933
Nifty PSU Bank TRI,2016-06-16,2851.2154982298334
Nifty PSU Bank TRI,2016-06-17,2835.8264210809475
Nifty PSU Bank TRI,2016-06-20,2870.8486462451838
Nifty PSU Bank TRI,2016-06-21,2848.9965732809565
Nifty PSU Bank TRI,2016-06-22,2835.0582540023706
Nifty PSU Bank TRI,2016-06-23,2892.41703831152
Nifty PSU Bank TRI,2016-06-24,2820.8030764672085
Nifty PSU Bank TRI,2016-06-27,2900.967577853882
Nifty PSU Bank TRI,2016-06-28,2901.1933969377474
Nifty PSU Bank TRI,2016-06-29,2914.0774506692055
Nifty PSU Bank TRI,2016-06-30,2935.6886593790286
Nifty PSU Bank TRI,2016-07-01,2954.662143661061
Nifty PSU Bank TRI,2016-07-04,3029.855295902754
Nifty PSU Bank TRI,2016-07-05,3041.8317056763235
Nifty PSU Bank TRI,2016-07-07,3013.0917122368
Nifty PSU Bank TRI,2016-07-08,2984.9257435994623
Nifty PSU Bank TRI,2016-07-11,3100.29200644791
Nifty PSU Bank TRI,2016-07-12,3111.4123421999384
Nifty PSU Bank TRI,2016-07-13,3106.5271008250734
Nifty PSU Bank TRI,2016-07-14,3188.5765598424396
Nifty PSU Bank TRI,2016-07-15,3185.8497438694553
Nifty PSU Bank TRI,2016-07-18,3126.781826364252
Nifty PSU Bank TRI,2016-07-19,3135.0493828463127
Nifty PSU Bank TRI,2016-07-20,3141.8079764041177
Nifty PSU Bank TRI,2016-07-21,3053.62833507125
Nifty PSU Bank TRI,2016-07-22,3016.2284939261044
Nifty PSU Bank TRI,2016-07-25,3125.1937403434667
Nifty PSU Bank TRI,2016-07-26,3089.678001390708
Nifty PSU Bank TRI,2016-07-27,3121.997376178917
Nifty PSU Bank TRI,2016-07-28,3123.6884809687435
Nifty PSU Bank TRI,2016-07-29,3087.8986738451013
Nifty PSU Bank TRI,2016-08-01,3046.961426360673
Nifty PSU Bank TRI,2016-08-02,3068.930665169437
Nifty PSU Bank TRI,2016-08-03,3046.8861458456013
Nifty PSU Bank TRI,2016-08-04,3068.209744205525
Nifty PSU Bank TRI,2016-08-05,3144.8826483695493
Nifty PSU Bank TRI,2016-08-08,3134.9627195797802
Nifty PSU Bank TRI,2016-08-09,3157.8048289865283
Nifty PSU Bank TRI,2016-08-10,3105.920072491058
Nifty PSU Bank TRI,2016-08-11,3018.3646933267773
Nifty PSU Bank TRI,2016-08-12,3195.207865430563
Nifty PSU Bank TRI,2016-08-16,3221.3102123298836
Nifty PSU Bank TRI,2016-08-17,3233.423268592701
Nifty PSU Bank TRI,2016-08-18,3269.285666800874
Nifty PSU Bank TRI,2016-08-19,3384.980794068033
Nifty PSU Bank TRI,2016-08-22,3347.3372092840223
Nifty PSU Bank TRI,2016-08-23,3360.75391007833
Nifty PSU Bank TRI,2016-08-24,3356.8959400377344
Nifty PSU Bank TRI,2016-08-25,3314.651455215252
Nifty PSU Bank TRI,2016-08-26,3259.8774687952623
Nifty PSU Bank TRI,2016-08-29,3288.948997177201
Nifty PSU Bank TRI,2016-08-30,3358.0411117531444
Nifty PSU Bank TRI,2016-08-31,3359.365886876649
Nifty PSU Bank TRI,2016-09-01,3334.0129293565087
Nifty PSU Bank TRI,2016-09-02,3379.784376219896
Nifty PSU Bank TRI,2016-09-06,3459.1438612429934
Nifty PSU Bank TRI,2016-09-07,3563.5928394488947
Nifty PSU Bank TRI,2016-09-08,3590.531961637387
Nifty PSU Bank TRI,2016-09-09,3552.4306123742545
Nifty PSU Bank TRI,2016-09-12,3384.3499849851205
Nifty PSU Bank TRI,2016-09-14,3472.591494343058
Nifty PSU Bank TRI,2016-09-15,3439.7715880132764
Nifty PSU Bank TRI,2016-09-16,3409.164585788598
Nifty PSU Bank TRI,2016-09-19,3430.2264239889096
Nifty PSU Bank TRI,2016-09-20,3417.1249340900986
Nifty PSU Bank TRI,2016-09-21,3376.133342876527
Nifty PSU Bank TRI,2016-09-22,3472.3189948468594
Nifty PSU Bank TRI,2016-09-23,3433.4343068776843
Nifty PSU Bank TRI,2016-09-26,3398.39117103894
Nifty PSU Bank TRI,2016-09-27,3364.3629155905846
Nifty PSU Bank TRI,2016-09-28,3446.947392269438
Nifty PSU Bank TRI,2016-09-29,3316.4102052057365
Nifty PSU Bank TRI,2016-09-30,3384.2927841024534
Nifty PSU Bank TRI,2016-10-03,3447.4876170362477
Nifty PSU Bank TRI,2016-10-04,3510.1412709632086
Nifty PSU Bank TRI,2016-10-05,3516.7738675069872
Nifty PSU Bank TRI,2016-10-06,3453.4797791857955
Nifty PSU Bank TRI,2016-10-07,3473.4691013263878
Nifty PSU Bank TRI,2016-10-10,3446.0373996570447
Nifty PSU Bank TRI,2016-10-13,3333.450481383944
Nifty PSU Bank TRI,2016-10-14,3357.4441195907
Nifty PSU Bank TRI,2016-10-17,3344.057764288057
Nifty PSU Bank TRI,2016-10-18,3411.5042783300723
Nifty PSU Bank TRI,2016-10-19,3400.4424421937456
Nifty PSU Bank TRI,2016-10-20,3472.821017293584
Nifty PSU Bank TRI,2016-10-21,3458.514159527238
Nifty PSU Bank TRI,2016-10-24,3509.5404004681573
Nifty PSU Bank TRI,2016-10-25,3485.165421384327
Nifty PSU Bank TRI,2016-10-26,3442.8730982039165
Nifty PSU Bank TRI,2016-10-27,3403.229529259272
Nifty PSU Bank TRI,2016-10-28,3439.74370897192
Nifty PSU Bank TRI,2016-11-01,3440.5753030592814
Nifty PSU Bank TRI,2016-11-02,3321.496937605052
Nifty PSU Bank TRI,2016-11-03,3254.9280458027524
Nifty PSU Bank TRI,2016-11-04,3206.708703727525
Nifty PSU Bank TRI,2016-11-07,3331.054857245756
Nifty PSU Bank TRI,2016-11-08,3328.6455517576683
Nifty PSU Bank TRI,2016-11-09,3398.7512316368548
Nifty PSU Bank TRI,2016-11-10,3695.4085015188807
Nifty PSU Bank TRI,2016-11-11,3596.553159056733
Nifty PSU Bank TRI,2016-11-15,3678.5026402165577
Nifty PSU Bank TRI,2016-11-16,3654.2210010996164
Nifty PSU Bank TRI,2016-11-17,3659.0289882354373
Nifty PSU Bank TRI,2016-11-18,3665.137540421385
Nifty PSU Bank TRI,2016-11-21,3412.9847024300257
Nifty PSU Bank TRI,2016-11-22,3418.37989535035
Nifty PSU Bank TRI,2016-11-23,3427.731095236205
Nifty PSU Bank TRI,2016-11-24,3469.921729971726
Nifty PSU Bank TRI,2016-11-25,3477.650028038134
Nifty PSU Bank TRI,2016-11-28,3389.5151590989326
Nifty PSU Bank TRI,2016-11-29,3375.6696706138546
Nifty PSU Bank TRI,2016-11-30,3446.7587428222587
Nifty PSU Bank TRI,2016-12-01,3405.0528393470813
Nifty PSU Bank TRI,2016-12-02,3376.0282408945654
Nifty PSU Bank TRI,2016-12-05,3412.655888352285
Nifty PSU Bank TRI,2016-12-06,3427.867235424251
Nifty PSU Bank TRI,2016-12-07,3372.7585620412246
Nifty PSU Bank TRI,2016-12-08,3419.525695876027
Nifty PSU Bank TRI,2016-12-09,3503.3849320228933
Nifty PSU Bank TRI,2016-12-12,3450.017748217444
Nifty PSU Bank TRI,2016-12-13,3471.254412363482
Nifty PSU Bank TRI,2016-12-14,3426.2735642465163
Nifty PSU Bank TRI,2016-12-15,3452.2296178674574
Nifty PSU Bank TRI,2016-12-16,3437.671736703132
Nifty PSU Bank TRI,2016-12-19,3400.8258399143992
Nifty PSU Bank TRI,2016-12-20,3314.8202612276377
Nifty PSU Bank TRI,2016-12-21,3320.5429532451462
Nifty PSU Bank TRI,2016-12-22,3257.6922983935333
Nifty PSU Bank TRI,2016-12-23,3245.7809349194463
Nifty PSU Bank TRI,2016-12-26,3158.6558274856334
Nifty PSU Bank TRI,2016-12-27,3213.6440571552307
Nifty PSU Bank TRI,2016-12-28,3198.9065705006587
Nifty PSU Bank TRI,2016-12-29,3200.013668736696
Nifty PSU Bank TRI,2016-12-30,3236.613098892671
Nifty PSU Bank TRI,2017-01-02,3172.1493380920233
Nifty PSU Bank TRI,2017-01-03,3191.9814602190295
Nifty PSU Bank TRI,2017-01-04,3165.7856661043393
Nifty PSU Bank TRI,2017-01-05,3206.9522936161025
Nifty PSU Bank TRI,2017-01-06,3224.345699642592
Nifty PSU Bank TRI,2017-01-09,3238.0413905572277
Nifty PSU Bank TRI,2017-01-10,3250.389423706514
Nifty PSU Bank TRI,2017-01-11,3325.178535141032
Nifty PSU Bank TRI,2017-01-12,3316.5177103914953
Nifty PSU Bank TRI,2017-01-13,3310.462740102749
Nifty PSU Bank TRI,2017-01-16,3366.9120405625117
Nifty PSU Bank TRI,2017-01-17,3373.6207301799436
Nifty PSU Bank TRI,2017-01-18,3395.917385646569
Nifty PSU Bank TRI,2017-01-19,3407.3529025001094
Nifty PSU Bank TRI,2017-01-20,3302.4997687439413
Nifty PSU Bank TRI,2017-01-23,3338.973594732663
Nifty PSU Bank TRI,2017-01-24,3358.123278038266
Nifty PSU Bank TRI,2017-01-25,3426.1141792917383
Nifty PSU Bank TRI,2017-01-27,3514.3011892638724
Nifty PSU Bank TRI,2017-01-30,3502.722535124087
Nifty PSU Bank TRI,2017-01-31,3449.8838168036023
Nifty PSU Bank TRI,2017-02-01,3586.803647962769
Nifty PSU Bank TRI,2017-02-02,3638.6314673265533
Nifty PSU Bank TRI,2017-02-03,3744.5928202091777
Nifty PSU Bank TRI,2017-02-06,3731.136272127655
Nifty PSU Bank TRI,2017-02-07,3751.019310617768
Nifty PSU Bank TRI,2017-02-08,3739.3767486316137
Nifty PSU Bank TRI,2017-02-09,3701.2595682748993
Nifty PSU Bank TRI,2017-02-10,3712.011065681896
Nifty PSU Bank TRI,2017-02-13,3601.878932344845
Nifty PSU Bank TRI,2017-02-14,3597.1867901786372
Nifty PSU Bank TRI,2017-02-15,3544.9176762597444
Nifty PSU Bank TRI,2017-02-16,3571.3254182597125
Nifty PSU Bank TRI,2017-02-17,3562.226794383888
Nifty PSU Bank TRI,2017-02-20,3581.6969524263886
Nifty PSU Bank TRI,2017-02-21,3601.2590556991577
Nifty PSU Bank TRI,2017-02-22,3604.723623262503
Nifty PSU Bank TRI,2017-02-23,3587.1390548588165
Nifty PSU Bank TRI,2017-02-27,3549.5351949880996
Nifty PSU Bank TRI,2017-02-28,3575.684230455441
Nifty PSU Bank TRI,2017-03-01,3602.3247115973572
Nifty PSU Bank TRI,2017-03-02,3533.1577349196486
Nifty PSU Bank TRI,2017-03-03,3508.2192898756384
Nifty PSU Bank TRI,2017-03-06,3561.975389297998
Nifty PSU Bank TRI,2017-03-07,3540.8432597972414
Nifty PSU Bank TRI,2017-03-08,3549.6405585844145
Nifty PSU Bank TRI,2017-03-09,3575.5812395164075
Nifty PSU Bank TRI,2017-03-10,3563.154940782845
Nifty PSU Bank TRI,2017-03-14,3601.4037859409223
Nifty PSU Bank TRI,2017-03-15,3648.637155068632
Nifty PSU Bank TRI,2017-03-16,3688.906202911508
Nifty PSU Bank TRI,2017-03-17,3622.42234981031
Nifty PSU Bank TRI,2017-03-20,3633.3734114977824
Nifty PSU Bank TRI,2017-03-21,3600.144606105896
Nifty PSU Bank TRI,2017-03-22,3529.505233280742
Nifty PSU Bank TRI,2017-03-23,3541.7378004268703
Nifty PSU Bank TRI,2017-03-24,3659.2333607794635
Nifty PSU Bank TRI,2017-03-27,3707.8251951373363
Nifty PSU Bank TRI,2017-03-28,3739.020925901646
Nifty PSU Bank TRI,2017-03-29,3798.59624490612
Nifty PSU Bank TRI,2017-03-30,3828.436491185013
Nifty PSU Bank TRI,2017-03-31,3841.9379097486194
Nifty PSU Bank TRI,2017-04-03,3841.4815388578145
Nifty PSU Bank TRI,2017-04-05,3896.6036259897037
Nifty PSU Bank TRI,2017-04-06,3854.918462551956
Nifty PSU Bank TRI,2017-04-07,3796.5572709772687
Nifty PSU Bank TRI,2017-04-10,3820.508134492563
Nifty PSU Bank TRI,2017-04-11,3899.9545003459516
Nifty PSU Bank TRI,2017-04-12,3849.0492141601358
Nifty PSU Bank TRI,2017-04-13,3864.847641454386
Nifty PSU Bank TRI,2017-04-17,3850.6514133203073
Nifty PSU Bank TRI,2017-04-18,3850.2632715616924
Nifty PSU Bank TRI,2017-04-19,3786.7490852148967
Nifty PSU Bank TRI,2017-04-20,3821.0300610613035
Nifty PSU Bank TRI,2017-04-21,3786.894368779773
Nifty PSU Bank TRI,2017-04-24,3841.772498144703
Nifty PSU Bank TRI,2017-04-25,3869.464927275403
Nifty PSU Bank TRI,2017-04-26,3889.90740935866
Nifty PSU Bank TRI,2017-04-27,3858.2743420499787
Nifty PSU Bank TRI,2017-04-28,3991.056112120456
Nifty PSU Bank TRI,2017-05-02,3986.470831577603
Nifty PSU Bank TRI,2017-05-03,4026.832493910937
Nifty PSU Bank TRI,2017-05-04,4164.617084530271
Nifty PSU Bank TRI,2017-05-05,4091.6917036881086
Nifty PSU Bank TRI,2017-05-08,4135.94554768015
Nifty PSU Bank TRI,2017-05-09,4082.9749148344517
Nifty PSU Bank TRI,2017-05-10,4050.132711955559
Nifty PSU Bank TRI,2017-05-11,4091.983360022557
Nifty PSU Bank TRI,2017-05-12,4066.286528077268
Nifty PSU Bank TRI,2017-05-15,4094.833451459979
Nifty PSU Bank TRI,2017-05-16,4192.631560021538
Nifty PSU Bank TRI,2017-05-17,4167.2067019620345
Nifty PSU Bank TRI,2017-05-18,4079.997893446889
Nifty PSU Bank TRI,2017-05-19,4114.331188826708
Nifty PSU Bank TRI,2017-05-22,3943.160032976887
Nifty PSU Bank TRI,2017-05-23,3873.665593535242
Nifty PSU Bank TRI,2017-05-24,3785.8228928150415
Nifty PSU Bank TRI,2017-05-25,3885.4459614609277
Nifty PSU Bank TRI,2017-05-26,3864.1482213660597
Nifty PSU Bank TRI,2017-05-29,3777.8582539247013
Nifty PSU Bank TRI,2017-05-30,3844.847781529874
Nifty PSU Bank TRI,2017-05-31,3838.1787040716904
Nifty PSU Bank TRI,2017-06-01,3843.086224443522
Nifty PSU Bank TRI,2017-06-02,3852.5814017523003
Nifty PSU Bank TRI,2017-06-05,3856.9304587956362
Nifty PSU Bank TRI,2017-06-06,3829.0675554514014
Nifty PSU Bank TRI,2017-06-07,3876.6901440840115
Nifty PSU Bank TRI,2017-06-08,3843.5273676568304
Nifty PSU Bank TRI,2017-06-09,3844.394348274159
Nifty PSU Bank TRI,2017-06-12,3769.6345107277903
Nifty PSU Bank TRI,2017-06-13,3765.9090076891644
Nifty PSU Bank TRI,2017-06-14,3800.8121064564966
Nifty PSU Bank TRI,2017-06-15,3777.1440098283706
Nifty PSU Bank TRI,2017-06-16,3784.9478719006097
Nifty PSU Bank TRI,2017-06-19,3810.931836809684
Nifty PSU Bank TRI,2017-06-20,3808.354634441641
Nifty PSU Bank TRI,2017-06-21,3820.8068520802913
Nifty PSU Bank TRI,2017-06-22,3841.73167354106
Nifty PSU Bank TRI,2017-06-23,3765.0942370845305
Nifty PSU Bank TRI,2017-06-27,3638.6083638495256
Nifty PSU Bank TRI,2017-06-28,3615.577160267606
Nifty PSU Bank TRI,2017-06-29,3586.311359833675
Nifty PSU Bank TRI,2017-06-30,3611.060525780572
Nifty PSU Bank TRI,2017-07-03,3630.6401309272915
Nifty PSU Bank TRI,2017-07-04,3596.3930831449643
Nifty PSU Bank TRI,2017-07-05,3623.8271582675484
Nifty PSU Bank TRI,2017-07-06,3709.2315810751234
Nifty PSU Bank TRI,2017-07-07,3697.7338911200204
Nifty PSU Bank TRI,2017-07-10,3801.232506186304
Nifty PSU Bank TRI,2017-07-11,3753.362898414733
Nifty PSU Bank TRI,2017-07-12,3803.949431465178
Nifty PSU Bank TRI,2017-07-13,3814.3336561354495
Nifty PSU Bank TRI,2017-07-14,3851.0863908103497
Nifty PSU Bank TRI,2017-07-17,3863.6485864372844
Nifty PSU Bank TRI,2017-07-18,3851.003198816081
Nifty PSU Bank TRI,2017-07-19,3884.1536025260043
Nifty PSU Bank TRI,2017-07-20,3839.388778516971
Nifty PSU Bank TRI,2017-07-21,3842.8284918751374
Nifty PSU Bank TRI,2017-07-24,3900.870877683527
Nifty PSU Bank TRI,2017-07-25,3929.5437651450566
Nifty PSU Bank TRI,2017-07-26,3911.0953216783714
Nifty PSU Bank TRI,2017-07-27,3905.7814037422513
Nifty PSU Bank TRI,2017-07-28,3932.706328720293
Nifty PSU Bank TRI,2017-07-31,4075.6271373214854
Nifty PSU Bank TRI,2017-08-01,4020.82970919533
Nifty PSU Bank TRI,2017-08-02,4006.211957377878
Nifty PSU Bank TRI,2017-08-03,3890.4165031809735
Nifty PSU Bank TRI,2017-08-04,3944.2313993998614
Nifty PSU Bank TRI,2017-08-07,4005.112031570262
Nifty PSU Bank TRI,2017-08-08,3909.4448334802914
Nifty PSU Bank TRI,2017-08-09,3894.3252464406733
Nifty PSU Bank TRI,2017-08-10,3791.197930245556
Nifty PSU Bank TRI,2017-08-11,3607.33548635729
Nifty PSU Bank TRI,2017-08-14,3600.2177233150765
Nifty PSU Bank TRI,2017-08-16,3676.1050560176714
Nifty PSU Bank TRI,2017-08-17,3655.9313415555375
Nifty PSU Bank TRI,2017-08-18,3621.950924145346
Nifty PSU Bank TRI,2017-08-21,3556.591883638193
Nifty PSU Bank TRI,2017-08-22,3542.326799729874
Nifty PSU Bank TRI,2017-08-23,3616.6618904712536
Nifty PSU Bank TRI,2017-08-24,3641.7963436826394
Nifty PSU Bank TRI,2017-08-28,3638.8827296545514
Nifty PSU Bank TRI,2017-08-29,3595.294790027755
Nifty PSU Bank TRI,2017-08-30,3597.3048131476603
Nifty PSU Bank TRI,2017-08-31,3607.865661609821
Nifty PSU Bank TRI,2017-09-01,3613.6587196850387
Nifty PSU Bank TRI,2017-09-04,3599.1893543534343
Nifty PSU Bank TRI,2017-09-05,3599.774813392695
Nifty PSU Bank TRI,2017-09-06,3564.5594057265016
Nifty PSU Bank TRI,2017-09-07,3567.6104483249937
Nifty PSU Bank TRI,2017-09-08,3531.129874963307
Nifty PSU Bank TRI,2017-09-11,3530.245434334873
Nifty PSU Bank TRI,2017-09-12,3576.399009976316
Nifty PSU Bank TRI,2017-09-13,3589.048365130324
Nifty PSU Bank TRI,2017-09-14,3613.8190837041484
Nifty PSU Bank TRI,2017-09-15,3595.9223946220072
Nifty PSU Bank TRI,2017-09-18,3588.244193043076
Nifty PSU Bank TRI,2017-09-19,3560.085696131544
Nifty PSU Bank TRI,2017-09-20,3595.777613758304
Nifty PSU Bank TRI,2017-09-21,3558.6752769143477
Nifty PSU Bank TRI,2017-09-22,3459.3028969491966
Nifty PSU Bank TRI,2017-09-25,3430.261993764622
Nifty PSU Bank TRI,2017-09-26,3426.506017888541
Nifty PSU Bank TRI,2017-09-27,3321.7306176215257
Nifty PSU Bank TRI,2017-09-28,3338.7671769600684
Nifty PSU Bank TRI,2017-09-29,3338.7936850816845
Nifty PSU Bank TRI,2017-10-03,3318.756095633517
Nifty PSU Bank TRI,2017-10-04,3337.662794208101
Nifty PSU Bank TRI,2017-10-05,3336.3169834259197
Nifty PSU Bank TRI,2017-10-06,3405.3972729165557
Nifty PSU Bank TRI,2017-10-09,3404.4962205615357
Nifty PSU Bank TRI,2017-10-10,3408.4780751982034
Nifty PSU Bank TRI,2017-10-11,3326.7561289669416
Nifty PSU Bank TRI,2017-10-12,3325.354491527786
Nifty PSU Bank TRI,2017-10-13,3344.3782697320908
Nifty PSU Bank TRI,2017-10-16,3337.813292687027
Nifty PSU Bank TRI,2017-10-17,3336.5214652230675
Nifty PSU Bank TRI,2017-10-18,3253.7298173455983
Nifty PSU Bank TRI,2017-10-19,3232.333227017099
Nifty PSU Bank TRI,2017-10-23,3274.2228864464328
Nifty PSU Bank TRI,2017-10-24,3398.5036054991756
Nifty PSU Bank TRI,2017-10-25,4405.539299489339
Nifty PSU Bank TRI,2017-10-26,4382.260725929524
Nifty PSU Bank TRI,2017-10-27,4198.118583508428
Nifty PSU Bank TRI,2017-10-30,4249.731634989194
Nifty PSU Bank TRI,2017-10-31,4158.746045042081
Nifty PSU Bank TRI,2017-11-01,4310.2487201302965
Nifty PSU Bank TRI,2017-11-02,4244.921121547051
Nifty PSU Bank TRI,2017-11-03,4369.346766134551
Nifty PSU Bank TRI,2017-11-06,4409.893273162496
Nifty PSU Bank TRI,2017-11-07,4236.9921809953985
Nifty PSU Bank TRI,2017-11-08,4152.517241258441
Nifty PSU Bank TRI,2017-11-09,4216.8893219289075
Nifty PSU Bank TRI,2017-11-10,4399.233371163009
Nifty PSU Bank TRI,2017-11-13,4370.798548722103
Nifty PSU Bank TRI,2017-11-14,4342.497199708684
Nifty PSU Bank TRI,2017-11-15,4293.5756686019495
Nifty PSU Bank TRI,2017-11-16,4432.200136707335
Nifty PSU Bank TRI,2017-11-17,4474.610355457753
Nifty PSU Bank TRI,2017-11-20,4433.857857928492
Nifty PSU Bank TRI,2017-11-21,4393.562117794354
Nifty PSU Bank TRI,2017-11-22,4449.123691057233
Nifty PSU Bank TRI,2017-11-23,4433.190001210604
Nifty PSU Bank TRI,2017-11-24,4408.1799648761935
Nifty PSU Bank TRI,2017-11-27,4432.922849776098
Nifty PSU Bank TRI,2017-11-28,4384.198969363042
Nifty PSU Bank TRI,2017-11-29,4343.61293791388
Nifty PSU Bank TRI,2017-11-30,4243.496901964659
Nifty PSU Bank TRI,2017-12-01,4144.69333313024
Nifty PSU Bank TRI,2017-12-04,4160.386971282274
Nifty PSU Bank TRI,2017-12-05,4217.564111213794
Nifty PSU Bank TRI,2017-12-06,4129.084613831503
Nifty PSU Bank TRI,2017-12-07,4180.762023069932
Nifty PSU Bank TRI,2017-12-08,4146.316574368578
Nifty PSU Bank TRI,2017-12-11,4193.11207527064
Nifty PSU Bank TRI,2017-12-12,4181.999342165964
Nifty PSU Bank TRI,2017-12-13,4105.603151257742
Nifty PSU Bank TRI,2017-12-14,4120.02755969512
Nifty PSU Bank TRI,2017-12-15,4112.103200387259
Nifty PSU Bank TRI,2017-12-18,4209.228856855527
Nifty PSU Bank TRI,2017-12-19,4216.3929074640455
Nifty PSU Bank TRI,2017-12-20,4167.946470190661
Nifty PSU Bank TRI,2017-12-21,4173.4024186985325
Nifty PSU Bank TRI,2017-12-22,4206.50138358421
Nifty PSU Bank TRI,2017-12-26,4177.282154639131
Nifty PSU Bank TRI,2017-12-27,4150.024741579995
Nifty PSU Bank TRI,2017-12-28,4069.669545341116
Nifty PSU Bank TRI,2017-12-29,4076.555355924155
Nifty PSU Bank TRI,2018-01-01,4053.090998697196
Nifty PSU Bank TRI,2018-01-02,3992.713043463691
Nifty PSU Bank TRI,2018-01-03,3991.773968445139
Nifty PSU Bank TRI,2018-01-04,4099.314587585518
Nifty PSU Bank TRI,2018-01-05,4071.27237132416
Nifty PSU Bank TRI,2018-01-08,4065.102771947653
Nifty PSU Bank TRI,2018-01-09,4054.3577779986813
Nifty PSU Bank TRI,2018-01-10,3998.589091234163
Nifty PSU Bank TRI,2018-01-11,4012.5846499721024
Nifty PSU Bank TRI,2018-01-12,4011.1500279566712
Nifty PSU Bank TRI,2018-01-15,4019.0264109149325
Nifty PSU Bank TRI,2018-01-16,3906.1925466369476
Nifty PSU Bank TRI,2018-01-17,4069.074928568569
Nifty PSU Bank TRI,2018-01-18,4003.696846628154
Nifty PSU Bank TRI,2018-01-19,4091.237246458459
Nifty PSU Bank TRI,2018-01-22,4063.9499497785723
Nifty PSU Bank TRI,2018-01-23,4225.610532528257
Nifty PSU Bank TRI,2018-01-24,4373.168969704967
Nifty PSU Bank TRI,2018-01-25,4144.070579555316
Nifty PSU Bank TRI,2018-01-29,4086.3424878962787
Nifty PSU Bank TRI,2018-01-30,4084.137621221793
Nifty PSU Bank TRI,2018-01-31,4061.3045545844225
Nifty PSU Bank TRI,2018-02-01,3968.0897732003164
Nifty PSU Bank TRI,2018-02-02,3853.244935397864
Nifty PSU Bank TRI,2018-02-05,3875.8374346274636
Nifty PSU Bank TRI,2018-02-06,3794.4019635716377
Nifty PSU Bank TRI,2018-02-07,3787.7155763222477
Nifty PSU Bank TRI,2018-02-08,3887.842707636368
Nifty PSU Bank TRI,2018-02-09,3840.8817142668017
Nifty PSU Bank TRI,2018-02-12,3832.9640080237573
Nifty PSU Bank TRI,2018-02-14,3650.058903928297
Nifty PSU Bank TRI,2018-02-15,3609.920253459949
Nifty PSU Bank TRI,2018-02-16,3520.1068531020605
Nifty PSU Bank TRI,2018-02-19,3433.9878612747393
Nifty PSU Bank TRI,2018-02-20,3462.7213579381864
Nifty PSU Bank TRI,2018-02-21,3500.565214556043
Nifty PSU Bank TRI,2018-02-22,3483.373900744247
Nifty PSU Bank TRI,2018-02-23,3522.4363189504575
Nifty PSU Bank TRI,2018-02-26,3498.0765038098943
Nifty PSU Bank TRI,2018-02-27,3376.1933375216445
Nifty PSU Bank TRI,2018-02-28,3400.1847733375107
Nifty PSU Bank TRI,2018-03-01,3336.8759063021694
Nifty PSU Bank TRI,2018-03-05,3339.3530396552455
Nifty PSU Bank TRI,2018-03-06,3243.5530201924157
Nifty PSU Bank TRI,2018-03-07,3127.7503581070387
Nifty PSU Bank TRI,2018-03-08,3215.481471494858
Nifty PSU Bank TRI,2018-03-09,3157.557576889901
Nifty PSU Bank TRI,2018-03-12,3143.083004902966
Nifty PSU Bank TRI,2018-03-13,3216.302800659034
Nifty PSU Bank TRI,2018-03-14,3272.677331329712
Nifty PSU Bank TRI,2018-03-15,3248.776422170276
Nifty PSU Bank TRI,2018-03-16,3240.068285780661
Nifty PSU Bank TRI,2018-03-19,3155.1426692960467
Nifty PSU Bank TRI,2018-03-20,3165.9368508642165
Nifty PSU Bank TRI,2018-03-21,3163.7449456415516
Nifty PSU Bank TRI,2018-03-22,3100.316783941486
Nifty PSU Bank TRI,2018-03-23,3002.1188275483605
Nifty PSU Bank TRI,2018-03-26,3150.8471874012803
Nifty PSU Bank TRI,2018-03-27,3244.838128295555
Nifty PSU Bank TRI,2018-03-28,3182.503337468799
Nifty PSU Bank TRI,2018-04-02,3156.5012606174873
Nifty PSU Bank TRI,2018-04-03,3208.6617407196245
Nifty PSU Bank TRI,2018-04-04,3154.4363215594944
Nifty PSU Bank TRI,2018-04-05,3309.622173366983
Nifty PSU Bank TRI,2018-04-06,3339.4537609253266
Nifty PSU Bank TRI,2018-04-09,3367.515979016366
Nifty PSU Bank TRI,2018-04-10,3390.2749413207157
Nifty PSU Bank TRI,2018-04-11,3311.3167774472904
Nifty PSU Bank TRI,2018-04-12,3269.468185258528
Nifty PSU Bank TRI,2018-04-13,3253.946686060612
Nifty PSU Bank TRI,2018-04-16,3228.6746188376783
Nifty PSU Bank TRI,2018-04-17,3208.3911123121857
Nifty PSU Bank TRI,2018-04-18,3173.1674063365854
Nifty PSU Bank TRI,2018-04-19,3176.7270653973947
Nifty PSU Bank TRI,2018-04-20,3097.620670741044
Nifty PSU Bank TRI,2018-04-23,3119.083518009437
Nifty PSU Bank TRI,2018-04-24,3087.942737662338
Nifty PSU Bank TRI,2018-04-25,3037.1523937726306
Nifty PSU Bank TRI,2018-04-26,3001.7996466211266
Nifty PSU Bank TRI,2018-04-27,3115.9944948838697
Nifty PSU Bank TRI,2018-04-30,3170.346691190171
Nifty PSU Bank TRI,2018-05-02,3091.5518925359165
Nifty PSU Bank TRI,2018-05-03,3094.1137791273222
Nifty PSU Bank TRI,2018-05-04,3083.1116834636136
Nifty PSU Bank TRI,2018-05-07,3145.9471545191777
Nifty PSU Bank TRI,2018-05-08,3185.611700027724
Nifty PSU Bank TRI,2018-05-09,3162.428497736595
Nifty PSU Bank TRI,2018-05-10,3124.6237765265632
Nifty PSU Bank TRI,2018-05-11,3147.6231771820344
Nifty PSU Bank TRI,2018-05-14,3171.2704892305323
Nifty PSU Bank TRI,2018-05-15,3096.292420664561
Nifty PSU Bank TRI,2018-05-16,3002.08740983162
Nifty PSU Bank TRI,2018-05-17,2998.886183583166
Nifty PSU Bank TRI,2018-05-18,2943.4467218514114
Nifty PSU Bank TRI,2018-05-21,3022.2565502604098
Nifty PSU Bank TRI,2018-05-22,3120.5014581879204
Nifty PSU Bank TRI,2018-05-23,3209.168811232235
Nifty PSU Bank TRI,2018-05-24,3265.096779745444
Nifty PSU Bank TRI,2018-05-25,3269.2748036443813
Nifty PSU Bank TRI,2018-05-28,3357.7341103014205
Nifty PSU Bank TRI,2018-05-29,3258.7792862741853
Nifty PSU Bank TRI,2018-05-30,3279.5846967840794
Nifty PSU Bank TRI,2018-05-31,3291.1359869079897
Nifty PSU Bank TRI,2018-06-01,3257.293349146111
Nifty PSU Bank TRI,2018-06-04,3205.971591034403
Nifty PSU Bank TRI,2018-06-05,3193.850804091146
Nifty PSU Bank TRI,2018-06-06,3274.7550707551854
Nifty PSU Bank TRI,2018-06-07,3293.295018384914
Nifty PSU Bank TRI,2018-06-08,3348.040687546385
Nifty PSU Bank TRI,2018-06-11,3359.429100913664
Nifty PSU Bank TRI,2018-06-12,3437.91976561034
Nifty PSU Bank TRI,2018-06-13,3488.856164549835
Nifty PSU Bank TRI,2018-06-14,3438.6993818032875
Nifty PSU Bank TRI,2018-06-15,3363.859026873329
Nifty PSU Bank TRI,2018-06-18,3352.4008130424213
Nifty PSU Bank TRI,2018-06-19,3299.953704882823
Nifty PSU Bank TRI,2018-06-20,3297.9249395273728
Nifty PSU Bank TRI,2018-06-21,3232.213731564842
Nifty PSU Bank TRI,2018-06-22,3271.122261873105
Nifty PSU Bank TRI,2018-06-25,3203.2245233766575
Nifty PSU Bank TRI,2018-06-26,3194.755115059967
Nifty PSU Bank TRI,2018-06-27,3117.315989681242
Nifty PSU Bank TRI,2018-06-28,3056.794202267252
Nifty PSU Bank TRI,2018-06-29,3098.0373594108637
Nifty PSU Bank TRI,2018-07-02,3100.580578487945
Nifty PSU Bank TRI,2018-07-03,3076.6757520040373
Nifty PSU Bank TRI,2018-07-04,3070.2517863866265
Nifty PSU Bank TRI,2018-07-05,3054.9469033419514
Nifty PSU Bank TRI,2018-07-06,3077.5515200199407
Nifty PSU Bank TRI,2018-07-09,3125.7247882748784
Nifty PSU Bank TRI,2018-07-10,3159.883058118507
Nifty PSU Bank TRI,2018-07-11,3099.775162793506
Nifty PSU Bank TRI,2018-07-12,3134.601497320076
Nifty PSU Bank TRI,2018-07-13,3070.545528162218
Nifty PSU Bank TRI,2018-07-16,2993.4580664058153
Nifty PSU Bank TRI,2018-07-17,3109.085151358426
Nifty PSU Bank TRI,2018-07-18,3083.0558071986916
Nifty PSU Bank TRI,2018-07-19,3098.9535985872244
Nifty PSU Bank TRI,2018-07-20,3112.7423427519566
Nifty PSU Bank TRI,2018-07-23,3186.8308881417224
Nifty PSU Bank TRI,2018-07-24,3217.233979007235
Nifty PSU Bank TRI,2018-07-25,3261.6937019323486
Nifty PSU Bank TRI,2018-07-26,3439.6472924425816
Nifty PSU Bank TRI,2018-07-27,3437.343186728501
Nifty PSU Bank TRI,2018-07-30,3585.555058685516
Nifty PSU Bank TRI,2018-07-31,3540.750823346368
Nifty PSU Bank TRI,2018-08-01,3559.231687637275
Nifty PSU Bank TRI,2018-08-02,3532.870964623867
Nifty PSU Bank TRI,2018-08-03,3599.8099540470407
Nifty PSU Bank TRI,2018-08-06,3694.285860720489
Nifty PSU Bank TRI,2018-08-07,3615.2366128220383
Nifty PSU Bank TRI,2018-08-08,3647.565386170578
Nifty PSU Bank TRI,2018-08-09,3756.5461975204207
Nifty PSU Bank TRI,2018-08-10,3614.0111723770106
Nifty PSU Bank TRI,2018-08-13,3497.9313627873216
Nifty PSU Bank TRI,2018-08-14,3504.5229902507776
Nifty PSU Bank TRI,2018-08-16,3477.6761235680137
Nifty PSU Bank TRI,2018-08-17,3583.0160243101645
Nifty PSU Bank TRI,2018-08-20,3653.6873807598936
Nifty PSU Bank TRI,2018-08-21,3646.217834234344
Nifty PSU Bank TRI,2018-08-23,3601.856021441252
Nifty PSU Bank TRI,2018-08-24,3575.7516137508574
Nifty PSU Bank TRI,2018-08-27,3653.2837885886966
Nifty PSU Bank TRI,2018-08-28,3597.917638942504
Nifty PSU Bank TRI,2018-08-29,3655.862467895113
Nifty PSU Bank TRI,2018-08-30,3666.30322309531
Nifty PSU Bank TRI,2018-08-31,3689.0398227240667
Nifty PSU Bank TRI,2018-09-03,3653.9370465819834
Nifty PSU Bank TRI,2018-09-04,3524.439419117659
Nifty PSU Bank TRI,2018-09-05,3516.681449712779
Nifty PSU Bank TRI,2018-09-06,3519.8853788027286
Nifty PSU Bank TRI,2018-09-07,3490.2565873071935
Nifty PSU Bank TRI,2018-09-10,3415.213952899246
Nifty PSU Bank TRI,2018-09-11,3377.5056028204976
Nifty PSU Bank TRI,2018-09-12,3385.9923504604444
Nifty PSU Bank TRI,2018-09-14,3446.9989684245893
Nifty PSU Bank TRI,2018-09-17,3402.7719012514995
Nifty PSU Bank TRI,2018-09-18,3217.961241563662
Nifty PSU Bank TRI,2018-09-19,3208.5159782261435
Nifty PSU Bank TRI,2018-09-21,3156.1591347680132
Nifty PSU Bank TRI,2018-09-24,3070.7306100672563
Nifty PSU Bank TRI,2018-09-25,3120.586808103431
Nifty PSU Bank TRI,2018-09-26,3062.1814281869906
Nifty PSU Bank TRI,2018-09-27,3034.2920298267536
Nifty PSU Bank TRI,2018-09-28,3008.126734901043
Nifty PSU Bank TRI,2018-10-01,3117.8409078038403
Nifty PSU Bank TRI,2018-10-03,3103.72224338161
Nifty PSU Bank TRI,2018-10-04,3095.046629136297
Nifty PSU Bank TRI,2018-10-05,2959.4566914877773
Nifty PSU Bank TRI,2018-10-08,3012.752124032289
Nifty PSU Bank TRI,2018-10-09,2975.708419746889
Nifty PSU Bank TRI,2018-10-10,3141.943077859799
Nifty PSU Bank TRI,2018-10-11,2980.0749892848985
Nifty PSU Bank TRI,2018-10-12,3013.912248524692
Nifty PSU Bank TRI,2018-10-15,3017.011816669973
Nifty PSU Bank TRI,2018-10-16,3099.347835167675
Nifty PSU Bank TRI,2018-10-17,2993.6796399429804
Nifty PSU Bank TRI,2018-10-19,2994.536954989578
Nifty PSU Bank TRI,2018-10-22,2977.8990328678788
Nifty PSU Bank TRI,2018-10-23,2931.354859230023
Nifty PSU Bank TRI,2018-10-24,2940.450822634767
Nifty PSU Bank TRI,2018-10-25,2879.6271892586906
Nifty PSU Bank TRI,2018-10-26,2869.261731700224
Nifty PSU Bank TRI,2018-10-29,3098.871348867816
Nifty PSU Bank TRI,2018-10-30,3175.4576647405556
Nifty PSU Bank TRI,2018-10-31,3252.440730452885
Nifty PSU Bank TRI,2018-11-01,3280.5717036160318
Nifty PSU Bank TRI,2018-11-02,3260.8490186174668
Nifty PSU Bank TRI,2018-11-05,3356.190767895353
Nifty PSU Bank TRI,2018-11-06,3281.5751649672447
Nifty PSU Bank TRI,2018-11-07,3293.8149644532314
Nifty PSU Bank TRI,2018-11-09,3267.693628985601
Nifty PSU Bank TRI,2018-11-12,3200.2974346316414
Nifty PSU Bank TRI,2018-11-13,3197.9168317280655
Nifty PSU Bank TRI,2018-11-14,3263.225932882285
Nifty PSU Bank TRI,2018-11-15,3284.3417364186143
Nifty PSU Bank TRI,2018-11-16,3351.054877705539
Nifty PSU Bank TRI,2018-11-19,3326.3479692300057
Nifty PSU Bank TRI,2018-11-20,3263.7450536959764
Nifty PSU Bank TRI,2018-11-21,3309.203368797
Nifty PSU Bank TRI,2018-11-22,3259.824509922599
Nifty PSU Bank TRI,2018-11-26,3287.1548944670835
Nifty PSU Bank TRI,2018-11-27,3320.5652342781045
Nifty PSU Bank TRI,2018-11-28,3255.3731360635165
Nifty PSU Bank TRI,2018-11-29,3273.7089845428673
Nifty PSU Bank TRI,2018-11-30,3255.69443764292
Nifty PSU Bank TRI,2018-12-03,3288.427846480534
Nifty PSU Bank TRI,2018-12-04,3244.6088240285835
Nifty PSU Bank TRI,2018-12-05,3216.647684711226
Nifty PSU Bank TRI,2018-12-06,3156.792047889898
Nifty PSU Bank TRI,2018-12-07,3155.5243321750195
Nifty PSU Bank TRI,2018-12-10,3135.632170028066
Nifty PSU Bank TRI,2018-12-11,3218.7195576430067
Nifty PSU Bank TRI,2018-12-12,3285.8915316886187
Nifty PSU Bank TRI,2018-12-13,3319.7706504182083
Nifty PSU Bank TRI,2018-12-14,3329.5716991372724
Nifty PSU Bank TRI,2018-12-17,3332.94062650426
Nifty PSU Bank TRI,2018-12-18,3374.9872179967824
Nifty PSU Bank TRI,2018-12-19,3471.746878635817
Nifty PSU Bank TRI,2018-12-20,3409.3525488783844
Nifty PSU Bank TRI,2018-12-21,3391.7749829160616
Nifty PSU Bank TRI,2018-12-24,3404.7660771218084
Nifty PSU Bank TRI,2018-12-26,3423.4344454301313
Nifty PSU Bank TRI,2018-12-27,3408.59251061003
Nifty PSU Bank TRI,2018-12-28,3443.559387352831
Nifty PSU Bank TRI,2018-12-31,3453.0381455254737
Nifty PSU Bank TRI,2019-01-01,3508.197114212844
Nifty PSU Bank TRI,2019-01-02,3441.5774864900864
Nifty PSU Bank TRI,2019-01-03,3415.604228953014
Nifty PSU Bank TRI,2019-01-04,3495.093746557255
Nifty PSU Bank TRI,2019-01-07,3477.624686902841
Nifty PSU Bank TRI,2019-01-08,3574.1876911321187
Nifty PSU Bank TRI,2019-01-09,3565.496109207609
Nifty PSU Bank TRI,2019-01-10,3567.2637384884297
Nifty PSU Bank TRI,2019-01-11,3535.134163913265
Nifty PSU Bank TRI,2019-01-14,3519.0634564257225
Nifty PSU Bank TRI,2019-01-15,3525.7525557222307
Nifty PSU Bank TRI,2019-01-16,3547.0441609246095
Nifty PSU Bank TRI,2019-01-17,3491.6868874503857
Nifty PSU Bank TRI,2019-01-18,3451.0405375893474
Nifty PSU Bank TRI,2019-01-21,3406.136222693322
Nifty PSU Bank TRI,2019-01-22,3372.698616883314
Nifty PSU Bank TRI,2019-01-23,3329.8005810774625
Nifty PSU Bank TRI,2019-01-24,3348.628676805199
Nifty PSU Bank TRI,2019-01-25,3302.815726795732
Nifty PSU Bank TRI,2019-01-28,3250.4918869839385
Nifty PSU Bank TRI,2019-01-29,3269.4883807966576
Nifty PSU Bank TRI,2019-01-30,3332.318143423357
Nifty PSU Bank TRI,2019-01-31,3387.7636569959373
Nifty PSU Bank TRI,2019-02-01,3282.2606493019243
Nifty PSU Bank TRI,2019-02-04,3266.2009285604477
Nifty PSU Bank TRI,2019-02-05,3258.9989725750843
Nifty PSU Bank TRI,2019-02-06,3305.3837302178013
Nifty PSU Bank TRI,2019-02-07,3293.3111755652685
Nifty PSU Bank TRI,2019-02-08,3243.2697747655684
Nifty PSU Bank TRI,2019-02-11,3187.211803289689
Nifty PSU Bank TRI,2019-02-12,3136.0379955521785
Nifty PSU Bank TRI,2019-02-14,3079.3841626383387
Nifty PSU Bank TRI,2019-02-15,3018.5646315872355
Nifty PSU Bank TRI,2019-02-18,2981.2869157876466
Nifty PSU Bank TRI,2019-02-19,3021.185953567101
Nifty PSU Bank TRI,2019-02-20,3073.245922245012
Nifty PSU Bank TRI,2019-02-21,3088.61125867513
Nifty PSU Bank TRI,2019-02-22,3112.4383823029057
Nifty PSU Bank TRI,2019-02-25,3105.5901262485754
Nifty PSU Bank TRI,2019-02-26,3059.4831852191796
Nifty PSU Bank TRI,2019-02-27,3075.4682154578354
Nifty PSU Bank TRI,2019-02-28,3094.592857155697
Nifty PSU Bank TRI,2019-03-01,3174.530594141774
Nifty PSU Bank TRI,2019-03-05,3246.57657829509
Nifty PSU Bank TRI,2019-03-06,3263.8068935388537
Nifty PSU Bank TRI,2019-03-07,3309.9101328350844
Nifty PSU Bank TRI,2019-03-08,3293.506324794854
Nifty PSU Bank TRI,2019-03-11,3372.0150015032777
Nifty PSU Bank TRI,2019-03-12,3365.7602308462365
Nifty PSU Bank TRI,2019-03-13,3421.2434929072115
Nifty PSU Bank TRI,2019-03-14,3411.6253013090104
Nifty PSU Bank TRI,2019-03-15,3475.751133182159
Nifty PSU Bank TRI,2019-03-18,3497.4328773600428
Nifty PSU Bank TRI,2019-03-19,3563.087143919779
Nifty PSU Bank TRI,2019-03-20,3578.6573936658024
Nifty PSU Bank TRI,2019-03-22,3505.0712724660766
Nifty PSU Bank TRI,2019-03-25,3458.8229274614378
Nifty PSU Bank TRI,2019-03-26,3567.0774156414936
Nifty PSU Bank TRI,2019-03-27,3623.834666195478
Nifty PSU Bank TRI,2019-03-28,3755.109750638848
Nifty PSU Bank TRI,2019-04-01,3799.0455688317925
Nifty PSU Bank TRI,2019-04-02,3844.3775630455143
Nifty PSU Bank TRI,2019-04-03,3740.1455910853974
Nifty PSU Bank TRI,2019-04-04,3724.6950731023435
Nifty PSU Bank TRI,2019-04-05,3698.6914244990985
Nifty PSU Bank TRI,2019-04-08,3658.5025174600073
Nifty PSU Bank TRI,2019-04-09,3718.4934024873614
Nifty PSU Bank TRI,2019-04-10,3680.1335975838374
Nifty PSU Bank TRI,2019-04-11,3677.9258450593593
Nifty PSU Bank TRI,2019-04-12,3708.00016839082
Nifty PSU Bank TRI,2019-04-15,3693.7983304133577
Nifty PSU Bank TRI,2019-04-16,3683.7292768689044
Nifty PSU Bank TRI,2019-04-18,3608.2732251768357
Nifty PSU Bank TRI,2019-04-22,3520.399476975234
Nifty PSU Bank TRI,2019-04-23,3506.444851691511
Nifty PSU Bank TRI,2019-04-24,3560.6803605913333
Nifty PSU Bank TRI,2019-04-25,3505.1014832248916
Nifty PSU Bank TRI,2019-04-26,3552.544320502218
Nifty PSU Bank TRI,2019-04-30,3434.4053465074576
Nifty PSU Bank TRI,2019-05-02,3434.6853498736623
Nifty PSU Bank TRI,2019-05-03,3472.1927884467455
Nifty PSU Bank TRI,2019-05-06,3426.422151842762
Nifty PSU Bank TRI,2019-05-07,3351.028025890031
Nifty PSU Bank TRI,2019-05-08,3304.85334675136
Nifty PSU Bank TRI,2019-05-09,3313.1938285127635
Nifty PSU Bank TRI,2019-05-10,3397.7528977121633
Nifty PSU Bank TRI,2019-05-13,3228.3442743349724
Nifty PSU Bank TRI,2019-05-14,3320.5029224224595
Nifty PSU Bank TRI,2019-05-15,3261.270838251197
Nifty PSU Bank TRI,2019-05-16,3274.7283625904342
Nifty PSU Bank TRI,2019-05-17,3316.298553180361
Nifty PSU Bank TRI,2019-05-20,3577.895139118368
Nifty PSU Bank TRI,2019-05-21,3532.9984063895577
Nifty PSU Bank TRI,2019-05-22,3549.1134288939907
Nifty PSU Bank TRI,2019-05-23,3543.6903763364826
Nifty PSU Bank TRI,2019-05-24,3742.0799248903386
Nifty PSU Bank TRI,2019-05-27,3819.0892720968136
Nifty PSU Bank TRI,2019-05-28,3791.7955919028427
Nifty PSU Bank TRI,2019-05-29,3685.466459908849
Nifty PSU Bank TRI,2019-05-30,3700.6364872293498
Nifty PSU Bank TRI,2019-05-31,3653.926372961759
Nifty PSU Bank TRI,2019-06-03,3674.571477676172
Nifty PSU Bank TRI,2019-06-04,3684.0049859826095
Nifty PSU Bank TRI,2019-06-06,3503.905095514563
Nifty PSU Bank TRI,2019-06-07,3497.745370609885
Nifty PSU Bank TRI,2019-06-10,3444.5959452658103
Nifty PSU Bank TRI,2019-06-11,3502.987218488934
Nifty PSU Bank TRI,2019-06-12,3488.6087521841605
Nifty PSU Bank TRI,2019-06-13,3452.4467409899958
Nifty PSU Bank TRI,2019-06-14,3440.5982611875434
Nifty PSU Bank TRI,2019-06-17,3384.6115427424775
Nifty PSU Bank TRI,2019-06-18,3391.8429994422727
Nifty PSU Bank TRI,2019-06-19,3361.2417470642868
Nifty PSU Bank TRI,2019-06-20,3451.968377699731
Nifty PSU Bank TRI,2019-06-21,3474.5743213378146
Nifty PSU Bank TRI,2019-06-24,3483.783795868097
Nifty PSU Bank TRI,2019-06-25,3521.3176846484444
Nifty PSU Bank TRI,2019-06-26,3587.6882461615596
Nifty PSU Bank TRI,2019-06-27,3586.651765780936
Nifty PSU Bank TRI,2019-06-28,3610.8464617900404
Nifty PSU Bank TRI,2019-07-01,3625.313677853856
Nifty PSU Bank TRI,2019-07-02,3605.7462313045285
Nifty PSU Bank TRI,2019-07-03,3667.913995442889
Nifty PSU Bank TRI,2019-07-04,3714.9897449326263
Nifty PSU Bank TRI,2019-07-05,3721.957905756657
Nifty PSU Bank TRI,2019-07-08,3502.7879070971853
Nifty PSU Bank TRI,2019-07-09,3551.61297474361
Nifty PSU Bank TRI,2019-07-10,3513.0471197242264
Nifty PSU Bank TRI,2019-07-11,3573.5972417400535
Nifty PSU Bank TRI,2019-07-12,3582.421371531883
Nifty PSU Bank TRI,2019-07-15,3491.27598334674
Nifty PSU Bank TRI,2019-07-16,3542.1996804993146
Nifty PSU Bank TRI,2019-07-17,3581.9679013667596
Nifty PSU Bank TRI,2019-07-18,3468.198231759269
Nifty PSU Bank TRI,2019-07-19,3402.501579697931
Nifty PSU Bank TRI,2019-07-22,3384.2574576429415
Nifty PSU Bank TRI,2019-07-23,3278.969560319849
Nifty PSU Bank TRI,2019-07-24,3222.3286955103827
Nifty PSU Bank TRI,2019-07-25,3192.5211218253808
Nifty PSU Bank TRI,2019-07-26,3228.793687618735
Nifty PSU Bank TRI,2019-07-29,3212.609582976538
Nifty PSU Bank TRI,2019-07-30,3055.9100231251737
Nifty PSU Bank TRI,2019-07-31,3108.821162620197
Nifty PSU Bank TRI,2019-08-01,3027.3961128717997
Nifty PSU Bank TRI,2019-08-02,2995.5968126463595
Nifty PSU Bank TRI,2019-08-05,2944.0122181245993
Nifty PSU Bank TRI,2019-08-06,2986.38299468745
Nifty PSU Bank TRI,2019-08-07,2886.2605975739143
Nifty PSU Bank TRI,2019-08-08,2936.41779538213
Nifty PSU Bank TRI,2019-08-09,2929.3724833803053
Nifty PSU Bank TRI,2019-08-13,2851.6440268323113
Nifty PSU Bank TRI,2019-08-14,2895.209862440714
Nifty PSU Bank TRI,2019-08-16,2938.560665010016
Nifty PSU Bank TRI,2019-08-19,2914.48155101241
Nifty PSU Bank TRI,2019-08-20,2846.0800116898477
Nifty PSU Bank TRI,2019-08-21,2762.3199731621417
Nifty PSU Bank TRI,2019-08-22,2658.2888821171605
Nifty PSU Bank TRI,2019-08-23,2712.4188049057243
Nifty PSU Bank TRI,2019-08-26,2809.741220020196
Nifty PSU Bank TRI,2019-08-27,2880.258931618652
Nifty PSU Bank TRI,2019-08-28,2842.5479716660316
Nifty PSU Bank TRI,2019-08-29,2766.0440469599334
Nifty PSU Bank TRI,2019-08-30,2794.332709219142
Nifty PSU Bank TRI,2019-09-03,2658.5730889036677
Nifty PSU Bank TRI,2019-09-04,2683.4180000061924
Nifty PSU Bank TRI,2019-09-05,2683.753245383214
Nifty PSU Bank TRI,2019-09-06,2689.962755191518
Nifty PSU Bank TRI,2019-09-09,2733.6743064179723
Nifty PSU Bank TRI,2019-09-11,2818.974914902647
Nifty PSU Bank TRI,2019-09-12,2831.010281592243
Nifty PSU Bank TRI,2019-09-13,2838.187819978076
Nifty PSU Bank TRI,2019-09-16,2802.089839677348
Nifty PSU Bank TRI,2019-09-17,2699.3625939285125
Nifty PSU Bank TRI,2019-09-18,2727.5572409327897
Nifty PSU Bank TRI,2019-09-19,2666.3540902335926
Nifty PSU Bank TRI,2019-09-20,2851.487257979132
Nifty PSU Bank TRI,2019-09-23,2920.2253325764905
Nifty PSU Bank TRI,2019-09-24,2851.9522342983328
Nifty PSU Bank TRI,2019-09-25,2691.4816726908525
Nifty PSU Bank TRI,2019-09-26,2711.2626852749927
Nifty PSU Bank TRI,2019-09-27,2686.6700502395074
Nifty PSU Bank TRI,2019-09-30,2593.996482300747
Nifty PSU Bank TRI,2019-10-01,2496.120736570246
Nifty PSU Bank TRI,2019-10-03,2498.359851848076
Nifty PSU Bank TRI,2019-10-04,2458.257808031937
Nifty PSU Bank TRI,2019-10-07,2432.1486435002953
Nifty PSU Bank TRI,2019-10-09,2507.7373021545986
Nifty PSU Bank TRI,2019-10-10,2434.0296352853893
Nifty PSU Bank TRI,2019-10-11,2451.0973379520965
Nifty PSU Bank TRI,2019-10-14,2441.7804475382122
Nifty PSU Bank TRI,2019-10-15,2452.232335224807
Nifty PSU Bank TRI,2019-10-16,2435.134118260818
Nifty PSU Bank TRI,2019-10-17,2508.385598815478
Nifty PSU Bank TRI,2019-10-18,2544.4710782491366
Nifty PSU Bank TRI,2019-10-22,2558.9197271267817
Nifty PSU Bank TRI,2019-10-23,2612.1046752480142
Nifty PSU Bank TRI,2019-10-24,2518.55207243152
Nifty PSU Bank TRI,2019-10-25,2603.7719036091344
Nifty PSU Bank TRI,2019-10-29,2633.743428401573
Nifty PSU Bank TRI,2019-10-30,2732.230921037135
Nifty PSU Bank TRI,2019-10-31,2837.5196439488714
Nifty PSU Bank TRI,2019-11-01,2878.5642655468887
Nifty PSU Bank TRI,2019-11-04,2899.185343565859
Nifty PSU Bank TRI,2019-11-05,2875.2403313554814
Nifty PSU Bank TRI,2019-11-06,2854.06776461998
Nifty PSU Bank TRI,2019-11-07,2813.1884620981464
Nifty PSU Bank TRI,2019-11-08,2760.017825364257
Nifty PSU Bank TRI,2019-11-11,2787.539265769027
Nifty PSU Bank TRI,2019-11-13,2700.147827797418
Nifty PSU Bank TRI,2019-11-14,2695.386795638696
Nifty PSU Bank TRI,2019-11-15,2783.802334879326
Nifty PSU Bank TRI,2019-11-18,2823.910418270003
Nifty PSU Bank TRI,2019-11-19,2933.703083180879
Nifty PSU Bank TRI,2019-11-20,2914.5603425479926
Nifty PSU Bank TRI,2019-11-21,2906.067294769374
Nifty PSU Bank TRI,2019-11-22,2900.5199038404244
Nifty PSU Bank TRI,2019-11-25,2947.9636755008405
Nifty PSU Bank TRI,2019-11-26,2923.7167054736465
Nifty PSU Bank TRI,2019-11-27,2975.5191075004773
Nifty PSU Bank TRI,2019-11-28,3079.5207749098486
Nifty PSU Bank TRI,2019-11-29,3026.2589087792717
Nifty PSU Bank TRI,2019-12-02,3000.4419848624034
Nifty PSU Bank TRI,2019-12-03,2914.6313873830945
Nifty PSU Bank TRI,2019-12-04,2971.6631372971774
Nifty PSU Bank TRI,2019-12-05,2918.1571167016286
Nifty PSU Bank TRI,2019-12-06,2790.154703174509
Nifty PSU Bank TRI,2019-12-09,2787.547531044522
Nifty PSU Bank TRI,2019-12-10,2742.924826115199
Nifty PSU Bank TRI,2019-12-11,2741.3923226948045
Nifty PSU Bank TRI,2019-12-12,2802.574908339836
Nifty PSU Bank TRI,2019-12-13,2915.5361796644147
Nifty PSU Bank TRI,2019-12-16,2898.3681719252504
Nifty PSU Bank TRI,2019-12-17,2912.2682691488403
Nifty PSU Bank TRI,2019-12-18,2850.5072037717273
Nifty PSU Bank TRI,2019-12-19,2851.5874902634246
Nifty PSU Bank TRI,2019-12-20,2916.5950538169327
Nifty PSU Bank TRI,2019-12-23,2877.8079244512605
Nifty PSU Bank TRI,2019-12-24,2873.4434236769475
Nifty PSU Bank TRI,2019-12-26,2831.8626105613066
Nifty PSU Bank TRI,2019-12-27,2914.647216439375
Nifty PSU Bank TRI,2019-12-30,2879.537191328885
Nifty PSU Bank TRI,2019-12-31,2865.0703291932928
Nifty PSU Bank TRI,2020-01-01,2867.5136885861075
Nifty PSU Bank TRI,2020-01-02,2924.724453027746
Nifty PSU Bank TRI,2020-01-03,2865.363904440706
Nifty PSU Bank TRI,2020-01-06,2741.233880715631
Nifty PSU Bank TRI,2020-01-07,2743.616218050075
Nifty PSU Bank TRI,2020-01-08,2726.9251939203227
Nifty PSU Bank TRI,2020-01-09,2792.888967758634
Nifty PSU Bank TRI,2020-01-10,2794.762520377177
Nifty PSU Bank TRI,2020-01-13,2803.394061594067
Nifty PSU Bank TRI,2020-01-14,2796.2973089766692
Nifty PSU Bank TRI,2020-01-15,2797.490125000896
Nifty PSU Bank TRI,2020-01-16,2800.4434456603344
Nifty PSU Bank TRI,2020-01-17,2784.7138023123384
Nifty PSU Bank TRI,2020-01-20,2743.0826670915494
Nifty PSU Bank TRI,2020-01-21,2740.809166114282
Nifty PSU Bank TRI,2020-01-22,2737.7400591451665
Nifty PSU Bank TRI,2020-01-23,2769.5470095462747
Nifty PSU Bank TRI,2020-01-24,2779.2031812276614
Nifty PSU Bank TRI,2020-01-27,2716.993919249331
Nifty PSU Bank TRI,2020-01-28,2693.6974091231746
Nifty PSU Bank TRI,2020-01-29,2702.329583374287
Nifty PSU Bank TRI,2020-01-30,2666.758076906418
Nifty PSU Bank TRI,2020-01-31,2688.799524306046
Nifty PSU Bank TRI,2020-02-03,2525.238254181743
Nifty PSU Bank TRI,2020-02-04,2547.277231682106
Nifty PSU Bank TRI,2020-02-05,2560.168270172814
Nifty PSU Bank TRI,2020-02-06,2632.6228961448123
Nifty PSU Bank TRI,2020-02-07,2629.49041173199
Nifty PSU Bank TRI,2020-02-10,2603.94815219399
Nifty PSU Bank TRI,2020-02-11,2607.408151831078
Nifty PSU Bank TRI,2020-02-12,2557.3175644142343
Nifty PSU Bank TRI,2020-02-13,2565.437792460179
Nifty PSU Bank TRI,2020-02-14,2514.2609751960467
Nifty PSU Bank TRI,2020-02-17,2440.0251842944635
Nifty PSU Bank TRI,2020-02-18,2420.2798193155
Nifty PSU Bank TRI,2020-02-19,2442.385132688272
Nifty PSU Bank TRI,2020-02-20,2466.8235596585478
Nifty PSU Bank TRI,2020-02-24,2399.258939678668
Nifty PSU Bank TRI,2020-02-25,2399.811935710064
Nifty PSU Bank TRI,2020-02-26,2385.1207839620174
Nifty PSU Bank TRI,2020-02-27,2331.179161434131
Nifty PSU Bank TRI,2020-02-28,2213.521442862931
Nifty PSU Bank TRI,2020-03-02,2113.6617447459234
Nifty PSU Bank TRI,2020-03-03,2140.602125563996
Nifty PSU Bank TRI,2020-03-04,2123.279012365589
Nifty PSU Bank TRI,2020-03-05,2152.9531655294813
Nifty PSU Bank TRI,2020-03-06,2042.5381427810405
Nifty PSU Bank TRI,2020-03-09,1921.629635250124
Nifty PSU Bank TRI,2020-03-11,1862.1412947967794
Nifty PSU Bank TRI,2020-03-12,1617.1392726347744
Nifty PSU Bank TRI,2020-03-13,1790.918260179749
Nifty PSU Bank TRI,2020-03-16,1704.7824630166097
Nifty PSU Bank TRI,2020-03-17,1696.825183506335
Nifty PSU Bank TRI,2020-03-18,1685.6792898824208
Nifty PSU Bank TRI,2020-03-19,1638.3238600582888
Nifty PSU Bank TRI,2020-03-20,1666.402160595108
Nifty PSU Bank TRI,2020-03-23,1455.1271513736638
Nifty PSU Bank TRI,2020-03-24,1486.6191508552774
Nifty PSU Bank TRI,2020-03-25,1511.963697662777
Nifty PSU Bank TRI,2020-03-26,1520.6813928435572
Nifty PSU Bank TRI,2020-03-27,1525.8689066275379
Nifty PSU Bank TRI,2020-03-30,1475.705225395364
Nifty PSU Bank TRI,2020-03-31,1509.2576340398657
Nifty PSU Bank TRI,2020-04-01,1461.7559791718834
Nifty PSU Bank TRI,2020-04-03,1403.9972399842911
Nifty PSU Bank TRI,2020-04-07,1437.8988098392579
Nifty PSU Bank TRI,2020-04-08,1437.2737138930568
Nifty PSU Bank TRI,2020-04-09,1484.1702191658876
Nifty PSU Bank TRI,2020-04-13,1455.461409037888
Nifty PSU Bank TRI,2020-04-15,1448.626781573048
Nifty PSU Bank TRI,2020-04-16,1469.3756733126481
Nifty PSU Bank TRI,2020-04-17,1499.3030181841473
Nifty PSU Bank TRI,2020-04-20,1562.1360796854533
Nifty PSU Bank TRI,2020-04-21,1501.8278351442534
Nifty PSU Bank TRI,2020-04-22,1500.40686117052
Nifty PSU Bank TRI,2020-04-23,1495.0517887014714
Nifty PSU Bank TRI,2020-04-24,1439.7508022167845
Nifty PSU Bank TRI,2020-04-27,1445.743123694988
Nifty PSU Bank TRI,2020-04-28,1463.935913153344
Nifty PSU Bank TRI,2020-04-29,1500.4928304112493
Nifty PSU Bank TRI,2020-04-30,1512.4731958948657
Nifty PSU Bank TRI,2020-05-04,1421.62912755119
Nifty PSU Bank TRI,2020-05-05,1375.0846993107
Nifty PSU Bank TRI,2020-05-06,1363.0476190579495
Nifty PSU Bank TRI,2020-05-07,1363.8448017032922
Nifty PSU Bank TRI,2020-05-08,1337.0879001689766
Nifty PSU Bank TRI,2020-05-11,1328.864386552918
Nifty PSU Bank TRI,2020-05-12,1331.486128449967
Nifty PSU Bank TRI,2020-05-13,1412.850183422067
Nifty PSU Bank TRI,2020-05-14,1376.216998317102
Nifty PSU Bank TRI,2020-05-15,1353.6756404273644
Nifty PSU Bank TRI,2020-05-18,1273.884627441743
Nifty PSU Bank TRI,2020-05-19,1241.0050629025884
Nifty PSU Bank TRI,2020-05-20,1247.0486074142768
Nifty PSU Bank TRI,2020-05-21,1255.3187722494617
Nifty PSU Bank TRI,2020-05-22,1244.5246617378557
Nifty PSU Bank TRI,2020-05-26,1244.8417511201828
Nifty PSU Bank TRI,2020-05-27,1287.1977719218864
Nifty PSU Bank TRI,2020-05-28,1282.2829190630102
Nifty PSU Bank TRI,2020-05-29,1290.2145648757144
Nifty PSU Bank TRI,2020-06-01,1388.0768446962124
Nifty PSU Bank TRI,2020-06-02,1395.5000499699206
Nifty PSU Bank TRI,2020-06-03,1467.0565729253876
Nifty PSU Bank TRI,2020-06-04,1482.4792338640323
Nifty PSU Bank TRI,2020-06-05,1584.0294644456144
Nifty PSU Bank TRI,2020-06-08,1565.7733970036884
Nifty PSU Bank TRI,2020-06-09,1539.9037425431873
Nifty PSU Bank TRI,2020-06-10,1593.8350934700823
Nifty PSU Bank TRI,2020-06-11,1531.9743285640038
Nifty PSU Bank TRI,2020-06-12,1544.833827351744
Nifty PSU Bank TRI,2020-06-15,1567.2487192052404
Nifty PSU Bank TRI,2020-06-16,1552.57081165341
Nifty PSU Bank TRI,2020-06-17,1546.2343406098714
Nifty PSU Bank TRI,2020-06-18,1585.7262393899116
Nifty PSU Bank TRI,2020-06-19,1621.106898726354
Nifty PSU Bank TRI,2020-06-22,1684.4015745668846
Nifty PSU Bank TRI,2020-06-23,1741.9681580142114
Nifty PSU Bank TRI,2020-06-24,1711.0599569476183
Nifty PSU Bank TRI,2020-06-25,1702.3842599453865
Nifty PSU Bank TRI,2020-06-26,1718.516072642285
Nifty PSU Bank TRI,2020-06-29,1661.8431684759287
Nifty PSU Bank TRI,2020-06-30,1632.696487976837
Nifty PSU Bank TRI,2020-07-01,1691.9947847334618
Nifty PSU Bank TRI,2020-07-02,1690.5772667368701
Nifty PSU Bank TRI,2020-07-03,1674.6933685338906
Nifty PSU Bank TRI,2020-07-06,1695.9996106541523
Nifty PSU Bank TRI,2020-07-07,1690.2356423409192
Nifty PSU Bank TRI,2020-07-08,1729.9370268456025
Nifty PSU Bank TRI,2020-07-09,1750.7112423591304
Nifty PSU Bank TRI,2020-07-10,1704.1117942045491
Nifty PSU Bank TRI,2020-07-13,1676.2914402562292
Nifty PSU Bank TRI,2020-07-14,1623.6749404821642
Nifty PSU Bank TRI,2020-07-15,1601.4879659172277
Nifty PSU Bank TRI,2020-07-16,1608.5899274860462
Nifty PSU Bank TRI,2020-07-17,1638.0618349445883
Nifty PSU Bank TRI,2020-07-20,1650.163509046848
Nifty PSU Bank TRI,2020-07-21,1684.6773124979545
Nifty PSU Bank TRI,2020-07-22,1658.5380349353175
Nifty PSU Bank TRI,2020-07-23,1679.035034146275
Nifty PSU Bank TRI,2020-07-24,1646.3694046792841
Nifty PSU Bank TRI,2020-07-27,1595.4034266987023
Nifty PSU Bank TRI,2020-07-28,1600.6197494390938
Nifty PSU Bank TRI,2020-07-29,1624.7826166323093
Nifty PSU Bank TRI,2020-07-30,1593.4233442883703
Nifty PSU Bank TRI,2020-07-31,1616.0994949317094
Nifty PSU Bank TRI,2020-08-03,1626.4877608042814
Nifty PSU Bank TRI,2020-08-04,1626.2104892135442
Nifty PSU Bank TRI,2020-08-05,1623.185054314084
Nifty PSU Bank TRI,2020-08-06,1618.0407292951381
Nifty PSU Bank TRI,2020-08-07,1634.1967666536887
Nifty PSU Bank TRI,2020-08-10,1646.8808289648268
Nifty PSU Bank TRI,2020-08-11,1648.036020864193
Nifty PSU Bank TRI,2020-08-12,1692.6031627095083
Nifty PSU Bank TRI,2020-08-13,1675.6046553271808
Nifty PSU Bank TRI,2020-08-14,1632.5439422985307
Nifty PSU Bank TRI,2020-08-17,1622.0888611680984
Nifty PSU Bank TRI,2020-08-18,1636.9346841085362
Nifty PSU Bank TRI,2020-08-19,1675.6133923564303
Nifty PSU Bank TRI,2020-08-20,1669.5516704812806
Nifty PSU Bank TRI,2020-08-21,1700.156689409622
Nifty PSU Bank TRI,2020-08-24,1703.859941024115
Nifty PSU Bank TRI,2020-08-25,1726.7927992478592
Nifty PSU Bank TRI,2020-08-26,1731.7914099558925
Nifty PSU Bank TRI,2020-08-27,1750.7731732102632
Nifty PSU Bank TRI,2020-08-28,1835.9482712496244
Nifty PSU Bank TRI,2020-08-31,1748.5366778029759
Nifty PSU Bank TRI,2020-09-01,1744.4236939576977
Nifty PSU Bank TRI,2020-09-02,1737.2151159630932
Nifty PSU Bank TRI,2020-09-03,1722.5539668189201
Nifty PSU Bank TRI,2020-09-04,1676.4773468205149
Nifty PSU Bank TRI,2020-09-07,1675.0197931087255
Nifty PSU Bank TRI,2020-09-08,1648.714151589384
Nifty PSU Bank TRI,2020-09-09,1601.4209833616421
Nifty PSU Bank TRI,2020-09-10,1640.9357199861652
Nifty PSU Bank TRI,2020-09-11,1653.96173340677
Nifty PSU Bank TRI,2020-09-14,1645.9058584994953
Nifty PSU Bank TRI,2020-09-15,1646.6038683173028
Nifty PSU Bank TRI,2020-09-16,1638.0679931049863
Nifty PSU Bank TRI,2020-09-17,1616.7983529969083
Nifty PSU Bank TRI,2020-09-18,1590.651687190135
Nifty PSU Bank TRI,2020-09-21,1524.0734106092862
Nifty PSU Bank TRI,2020-09-22,1503.0243279624833
Nifty PSU Bank TRI,2020-09-23,1480.5967104318895
Nifty PSU Bank TRI,2020-09-24,1423.1129030020963
Nifty PSU Bank TRI,2020-09-25,1464.4230205808806
Nifty PSU Bank TRI,2020-09-28,1513.4911555147198
Nifty PSU Bank TRI,2020-09-29,1480.4997766014758
Nifty PSU Bank TRI,2020-09-30,1466.0988702046557
Nifty PSU Bank TRI,2020-10-01,1483.2029577342003
Nifty PSU Bank TRI,2020-10-05,1481.3211267939016
Nifty PSU Bank TRI,2020-10-06,1491.4265262998576
Nifty PSU Bank TRI,2020-10-07,1474.2665937726467
Nifty PSU Bank TRI,2020-10-08,1484.8317908449465
Nifty PSU Bank TRI,2020-10-09,1530.9327907623467
Nifty PSU Bank TRI,2020-10-12,1505.1113891030782
Nifty PSU Bank TRI,2020-10-13,1481.9190728375186
Nifty PSU Bank TRI,2020-10-14,1496.621277740634
Nifty PSU Bank TRI,2020-10-15,1454.1331569272918
Nifty PSU Bank TRI,2020-10-16,1459.073429417587
Nifty PSU Bank TRI,2020-10-19,1520.1282126676997
Nifty PSU Bank TRI,2020-10-20,1498.538020381669
Nifty PSU Bank TRI,2020-10-21,1509.5692847582914
Nifty PSU Bank TRI,2020-10-22,1508.884104252185
Nifty PSU Bank TRI,2020-10-23,1516.01074496531
Nifty PSU Bank TRI,2020-10-26,1498.215238044235
Nifty PSU Bank TRI,2020-10-27,1484.488491925777
Nifty PSU Bank TRI,2020-10-28,1461.2236046860658
Nifty PSU Bank TRI,2020-10-29,1452.8374699821418
Nifty PSU Bank TRI,2020-10-30,1448.472588111004
Nifty PSU Bank TRI,2020-11-02,1497.3211152711303
Nifty PSU Bank TRI,2020-11-03,1523.471636220427
Nifty PSU Bank TRI,2020-11-04,1527.498973121839
Nifty PSU Bank TRI,2020-11-05,1571.3535991428937
Nifty PSU Bank TRI,2020-11-06,1580.2109994466869
Nifty PSU Bank TRI,2020-11-09,1596.7284303821955
Nifty PSU Bank TRI,2020-11-10,1655.1953270851473
Nifty PSU Bank TRI,2020-11-11,1647.4448666758396
Nifty PSU Bank TRI,2020-11-12,1609.858217020046
Nifty PSU Bank TRI,2020-11-13,1623.491317182889
Nifty PSU Bank TRI,2020-11-17,1666.3624539243044
Nifty PSU Bank TRI,2020-11-18,1725.9436960489004
Nifty PSU Bank TRI,2020-11-19,1672.5361394684412
Nifty PSU Bank TRI,2020-11-20,1689.798399146081
Nifty PSU Bank TRI,2020-11-23,1687.2444260436746
Nifty PSU Bank TRI,2020-11-24,1706.0055313644211
Nifty PSU Bank TRI,2020-11-25,1736.8467748285348
Nifty PSU Bank TRI,2020-11-26,1770.5090716642158
Nifty PSU Bank TRI,2020-11-27,1792.8421860238616
Nifty PSU Bank TRI,2020-12-01,1844.7400526678525
Nifty PSU Bank TRI,2020-12-02,1836.7605453670296
Nifty PSU Bank TRI,2020-12-03,1925.2107041093682
Nifty PSU Bank TRI,2020-12-04,1953.9431447519073
Nifty PSU Bank TRI,2020-12-07,1995.6147478724743
Nifty PSU Bank TRI,2020-12-08,2137.954084984134
Nifty PSU Bank TRI,2020-12-09,2116.1722242002847
Nifty PSU Bank TRI,2020-12-10,2083.741394423197
Nifty PSU Bank TRI,2020-12-11,2104.7185871052316
Nifty PSU Bank TRI,2020-12-14,2142.1609393924605
Nifty PSU Bank TRI,2020-12-15,2110.9909231538322
Nifty PSU Bank TRI,2020-12-16,2076.7098298481465
Nifty PSU Bank TRI,2020-12-17,2047.2616612275965
Nifty PSU Bank TRI,2020-12-18,2032.8948413851342
Nifty PSU Bank TRI,2020-12-21,1892.3071517319381
Nifty PSU Bank TRI,2020-12-22,1910.810060302001
Nifty PSU Bank TRI,2020-12-23,1950.2170886405318
Nifty PSU Bank TRI,2020-12-24,1962.2743424579105
Nifty PSU Bank TRI,2020-12-28,2015.46606819008
Nifty PSU Bank TRI,2020-12-29,2033.5761048677039
Nifty PSU Bank TRI,2020-12-30,2029.0510555798799
Nifty PSU Bank TRI,2020-12-31,2019.168651179726
Nifty PSU Bank TRI,2021-01-04,2108.103738371981
Nifty PSU Bank TRI,2021-01-05,2110.2638111613423
Nifty PSU Bank TRI,2021-01-06,2103.4934741564834
Nifty PSU Bank TRI,2021-01-07,2118.3295105000147
Nifty PSU Bank TRI,2021-01-08,2108.850810253969
Nifty PSU Bank TRI,2021-01-11,2077.471274320898
Nifty PSU Bank TRI,2021-01-12,2201.633046843726
Nifty PSU Bank TRI,2021-01-13,2273.7630377929077
Nifty PSU Bank TRI,2021-01-14,2280.1378337294805
Nifty PSU Bank TRI,2021-01-15,2233.199159182201
Nifty PSU Bank TRI,2021-01-18,2178.8833436601444
Nifty PSU Bank TRI,2021-01-19,2237.4831499827596
Nifty PSU Bank TRI,2021-01-20,2283.808681885799
Nifty PSU Bank TRI,2021-01-21,2209.2437428316375
Nifty PSU Bank TRI,2021-01-25,2126.4000161987015
Nifty PSU Bank TRI,2021-01-27,2094.280926438254
Nifty PSU Bank TRI,2021-01-28,2057.4014083484108
Nifty PSU Bank TRI,2021-01-29,2092.3179166205327
Nifty PSU Bank TRI,2021-02-01,2256.4913738818154
Nifty PSU Bank TRI,2021-02-02,2334.7962669167187
Nifty PSU Bank TRI,2021-02-03,2395.7454778654583
Nifty PSU Bank TRI,2021-02-04,2536.6495987213593
Nifty PSU Bank TRI,2021-02-05,2628.1279711253123
Nifty PSU Bank TRI,2021-02-08,2601.1605581538406
Nifty PSU Bank TRI,2021-02-09,2590.881372069922
Nifty PSU Bank TRI,2021-02-10,2594.621847868387
Nifty PSU Bank TRI,2021-02-11,2562.1846651046453
Nifty PSU Bank TRI,2021-02-12,2568.9249214061024
Nifty PSU Bank TRI,2021-02-16,2672.3021971570042
Nifty PSU Bank TRI,2021-02-18,2987.6539620726257
Nifty PSU Bank TRI,2021-02-19,2845.440187227956
Nifty PSU Bank TRI,2021-02-22,2770.513209435794
Nifty PSU Bank TRI,2021-02-23,2766.700713883819
Nifty PSU Bank TRI,2021-02-24,2843.595656166492
Nifty PSU Bank TRI,2021-02-25,2876.5039741289806
Nifty PSU Bank TRI,2021-02-26,2762.478009588401
Nifty PSU Bank TRI,2021-03-01,2752.9417884163067
Nifty PSU Bank TRI,2021-03-02,2748.43440272652
Nifty PSU Bank TRI,2021-03-03,2835.340704051999
Nifty PSU Bank TRI,2021-03-04,2814.3198077682823
Nifty PSU Bank TRI,2021-03-05,2703.95481418871
Nifty PSU Bank TRI,2021-03-08,2747.662708349844
Nifty PSU Bank TRI,2021-03-09,2721.2044004278678
Nifty PSU Bank TRI,2021-03-10,2717.0983923929803
Nifty PSU Bank TRI,2021-03-12,2671.1050239427427
Nifty PSU Bank TRI,2021-03-15,2675.7648649252346
Nifty PSU Bank TRI,2021-03-16,2640.6293385618887
Nifty PSU Bank TRI,2021-03-17,2541.239320577934
Nifty PSU Bank TRI,2021-03-18,2491.476233548463
Nifty PSU Bank TRI,2021-03-19,2528.098090730903
Nifty PSU Bank TRI,2021-03-22,2501.013836409257
Nifty PSU Bank TRI,2021-03-23,2573.8790334629457
Nifty PSU Bank TRI,2021-03-24,2488.9646903873954
Nifty PSU Bank TRI,2021-03-25,2424.9090000617884
Nifty PSU Bank TRI,2021-03-26,2444.487096861252
Nifty PSU Bank TRI,2021-03-30,2462.2868779775354
Nifty PSU Bank TRI,2021-03-31,2494.993935033854
Nifty PSU Bank TRI,2021-04-01,2560.831954083488
Nifty PSU Bank TRI,2021-04-05,2456.239276890851
Nifty PSU Bank TRI,2021-04-06,2455.6453590146743
Nifty PSU Bank TRI,2021-04-07,2503.68636638474
Nifty PSU Bank TRI,2021-04-08,2482.5062787526244
Nifty PSU Bank TRI,2021-04-09,2534.600710628455
Nifty PSU Bank TRI,2021-04-12,2300.1314466546028
Nifty PSU Bank TRI,2021-04-13,2403.592296011622
Nifty PSU Bank TRI,2021-04-15,2372.723658559992
Nifty PSU Bank TRI,2021-04-16,2358.8203025282983
Nifty PSU Bank TRI,2021-04-19,2257.452008295425
Nifty PSU Bank TRI,2021-04-20,2252.7415785038484
Nifty PSU Bank TRI,2021-04-22,2269.764083777897
Nifty PSU Bank TRI,2021-04-23,2276.7427954831587
Nifty PSU Bank TRI,2021-04-26,2317.2441321882225
Nifty PSU Bank TRI,2021-04-27,2370.527672418388
Nifty PSU Bank TRI,2021-04-28,2431.74486045595
Nifty PSU Bank TRI,2021-04-29,2404.1766214879394
Nifty PSU Bank TRI,2021-04-30,2379.3265147017814
Nifty PSU Bank TRI,2021-05-03,2365.318400068368
Nifty PSU Bank TRI,2021-05-04,2446.7551197351404
Nifty PSU Bank TRI,2021-05-06,2454.0183034381525
Nifty PSU Bank TRI,2021-05-07,2450.6443001409693
Nifty PSU Bank TRI,2021-05-10,2484.704088113982
Nifty PSU Bank TRI,2021-05-12,2594.1295730061906
Nifty PSU Bank TRI,2021-05-14,2541.636456815754
Nifty PSU Bank TRI,2021-05-17,2638.6807691535278
Nifty PSU Bank TRI,2021-05-18,2605.190902704665
Nifty PSU Bank TRI,2021-05-19,2611.437626332156
Nifty PSU Bank TRI,2021-05-21,2720.739550324693
Nifty PSU Bank TRI,2021-05-24,2779.0130559173085
Nifty PSU Bank TRI,2021-05-26,2734.8536036374026
Nifty PSU Bank TRI,2021-05-27,2812.7889440080125
Nifty PSU Bank TRI,2021-05-28,2831.679417681842
Nifty PSU Bank TRI,2021-06-01,2796.495968181654
Nifty PSU Bank TRI,2021-06-02,2881.350565626104
Nifty PSU Bank TRI,2021-06-03,2893.292699595329
Nifty PSU Bank TRI,2021-06-04,2888.6572534762263
Nifty PSU Bank TRI,2021-06-07,2899.4458165161554
Nifty PSU Bank TRI,2021-06-08,2857.6473228562168
Nifty PSU Bank TRI,2021-06-09,2816.888917717191
Nifty PSU Bank TRI,2021-06-10,2884.725363588824
Nifty PSU Bank TRI,2021-06-11,2869.3615845413774
Nifty PSU Bank TRI,2021-06-14,2886.4716617050476
Nifty PSU Bank TRI,2021-06-15,2879.2241317577345
Nifty PSU Bank TRI,2021-06-16,2850.1700683621902
Nifty PSU Bank TRI,2021-06-17,2809.6880142587956
Nifty PSU Bank TRI,2021-06-18,2760.154622386554
Nifty PSU Bank TRI,2021-06-21,2873.9538078405103
Nifty PSU Bank TRI,2021-06-22,2875.695107840047
Nifty PSU Bank TRI,2021-06-23,2874.478176539576
Nifty PSU Bank TRI,2021-06-24,2834.217526864302
Nifty PSU Bank TRI,2021-06-25,2909.232286562154
Nifty PSU Bank TRI,2021-06-28,2979.3324259977835
Nifty PSU Bank TRI,2021-06-29,2935.2380568251006
Nifty PSU Bank TRI,2021-06-30,2923.229865649583
Nifty PSU Bank TRI,2021-07-01,2927.2949938475817
Nifty PSU Bank TRI,2021-07-02,2927.0082603523647
Nifty PSU Bank TRI,2021-07-06,2917.676156090396
Nifty PSU Bank TRI,2021-07-07,2930.564943652998
Nifty PSU Bank TRI,2021-07-08,2873.333933129855
Nifty PSU Bank TRI,2021-07-09,2866.427012481314
Nifty PSU Bank TRI,2021-07-12,2871.944546775214
Nifty PSU Bank TRI,2021-07-13,2894.414325804607
Nifty PSU Bank TRI,2021-07-14,2880.016975418336
Nifty PSU Bank TRI,2021-07-15,2870.6119826971053
Nifty PSU Bank TRI,2021-07-16,2859.928651200171
Nifty PSU Bank TRI,2021-07-19,2828.222181353574
Nifty PSU Bank TRI,2021-07-20,2773.7464519397977
Nifty PSU Bank TRI,2021-07-22,2799.643908717533
Nifty PSU Bank TRI,2021-07-23,2820.551792477361
Nifty PSU Bank TRI,2021-07-26,2798.24172919615
Nifty PSU Bank TRI,2021-07-27,2808.870526988763
Nifty PSU Bank TRI,2021-07-28,2756.119038348958
Nifty PSU Bank TRI,2021-07-29,2845.9328842437603
Nifty PSU Bank TRI,2021-07-30,2836.8111741057523
Nifty PSU Bank TRI,2021-08-02,2861.0395808832964
Nifty PSU Bank TRI,2021-08-03,2893.92974274977
Nifty PSU Bank TRI,2021-08-04,2902.8804224936653
Nifty PSU Bank TRI,2021-08-05,2838.318608564982
Nifty PSU Bank TRI,2021-08-06,2839.538452362126
Nifty PSU Bank TRI,2021-08-09,2795.595940060059
Nifty PSU Bank TRI,2021-08-10,2722.879028705792
Nifty PSU Bank TRI,2021-08-11,2736.359383910831
Nifty PSU Bank TRI,2021-08-12,2771.0001059477245
Nifty PSU Bank TRI,2021-08-13,2776.6356394595687
Nifty PSU Bank TRI,2021-08-16,2749.3589461642027
Nifty PSU Bank TRI,2021-08-17,2700.2829378824667
Nifty PSU Bank TRI,2021-08-18,2707.8938458215816
Nifty PSU Bank TRI,2021-08-20,2614.959830823251
Nifty PSU Bank TRI,2021-08-23,2601.5547342163054
Nifty PSU Bank TRI,2021-08-24,2649.1763637421527
Nifty PSU Bank TRI,2021-08-25,2648.586310145679
Nifty PSU Bank TRI,2021-08-26,2627.173889147618
Nifty PSU Bank TRI,2021-08-27,2644.090777829272
Nifty PSU Bank TRI,2021-08-30,2698.4567977386937
Nifty PSU Bank TRI,2021-08-31,2716.8919417207912
Nifty PSU Bank TRI,2021-09-01,2740.3316163568743
Nifty PSU Bank TRI,2021-09-02,2727.992900400137
Nifty PSU Bank TRI,2021-09-03,2747.478939136364
Nifty PSU Bank TRI,2021-09-06,2742.6358700313153
Nifty PSU Bank TRI,2021-09-07,2708.5893324929702
Nifty PSU Bank TRI,2021-09-08,2727.8455260624933
Nifty PSU Bank TRI,2021-09-09,2735.2312742100926
Nifty PSU Bank TRI,2021-09-13,2724.443668317322
Nifty PSU Bank TRI,2021-09-14,2729.502429697669
Nifty PSU Bank TRI,2021-09-15,2806.917317420246
Nifty PSU Bank TRI,2021-09-16,2959.4915753746695
Nifty PSU Bank TRI,2021-09-17,2871.881791050114
Nifty PSU Bank TRI,2021-09-20,2752.061520883578
Nifty PSU Bank TRI,2021-09-21,2750.776364545209
Nifty PSU Bank TRI,2021-09-22,2763.989629111944
Nifty PSU Bank TRI,2021-09-23,2796.943754409522
Nifty PSU Bank TRI,2021-09-24,2745.755599319177
Nifty PSU Bank TRI,2021-09-27,2759.369800937949
Nifty PSU Bank TRI,2021-09-28,2793.6118589038565
Nifty PSU Bank TRI,2021-09-29,2869.6173912589384
Nifty PSU Bank TRI,2021-09-30,2892.5670105096665
Nifty PSU Bank TRI,2021-10-01,2913.3631831949983
Nifty PSU Bank TRI,2021-10-04,2975.0043501789587
Nifty PSU Bank TRI,2021-10-05,2961.9011993108566
Nifty PSU Bank TRI,2021-10-06,2904.6353485356335
Nifty PSU Bank TRI,2021-10-07,2923.222911422726
Nifty PSU Bank TRI,2021-10-08,2971.5275448228444
Nifty PSU Bank TRI,2021-10-11,2995.141569738806
Nifty PSU Bank TRI,2021-10-12,3087.3960944501932
Nifty PSU Bank TRI,2021-10-13,3112.173056901034
Nifty PSU Bank TRI,2021-10-14,3166.3834653010613
Nifty PSU Bank TRI,2021-10-18,3292.8040329555606
Nifty PSU Bank TRI,2021-10-19,3170.118213495906
Nifty PSU Bank TRI,2021-10-20,3219.155841368102
Nifty PSU Bank TRI,2021-10-21,3307.256153536757
Nifty PSU Bank TRI,2021-10-22,3291.8251542760645
Nifty PSU Bank TRI,2021-10-25,3328.435587747459
Nifty PSU Bank TRI,2021-10-26,3357.666908234126
Nifty PSU Bank TRI,2021-10-27,3426.551671194409
Nifty PSU Bank TRI,2021-10-28,3247.846266059742
Nifty PSU Bank TRI,2021-10-29,3294.980437911942
Nifty PSU Bank TRI,2021-11-01,3336.150898600759
Nifty PSU Bank TRI,2021-11-02,3415.3748933240545
Nifty PSU Bank TRI,2021-11-03,3398.7160456460538
Nifty PSU Bank TRI,2021-11-04,3444.8764354034815
Nifty PSU Bank TRI,2021-11-08,3519.528599818915
Nifty PSU Bank TRI,2021-11-09,3547.851086105033
Nifty PSU Bank TRI,2021-11-10,3464.622369178401
Nifty PSU Bank TRI,2021-11-11,3400.9330738681174
Nifty PSU Bank TRI,2021-11-12,3398.212692048928
Nifty PSU Bank TRI,2021-11-15,3349.959792734752
Nifty PSU Bank TRI,2021-11-16,3278.4326196532375
Nifty PSU Bank TRI,2021-11-17,3280.083685927789
Nifty PSU Bank TRI,2021-11-18,3282.435347806787
Nifty PSU Bank TRI,2021-11-22,3134.9970149164137
Nifty PSU Bank TRI,2021-11-23,3210.019307818334
Nifty PSU Bank TRI,2021-11-24,3221.183352171657
Nifty PSU Bank TRI,2021-11-25,3204.1511844119696
Nifty PSU Bank TRI,2021-11-26,3069.4199779578107
Nifty PSU Bank TRI,2021-11-29,3007.0857554800227
Nifty PSU Bank TRI,2021-11-30,2989.8075686815123
Nifty PSU Bank TRI,2021-12-01,3069.4616960671387
Nifty PSU Bank TRI,2021-12-02,3084.244276645878
Nifty PSU Bank TRI,2021-12-03,3076.0188592141626
Nifty PSU Bank TRI,2021-12-06,3030.488515113579
Nifty PSU Bank TRI,2021-12-07,3100.643092251673
Nifty PSU Bank TRI,2021-12-08,3180.499551465365
Nifty PSU Bank TRI,2021-12-09,3183.66648869292
Nifty PSU Bank TRI,2021-12-10,3267.096208662902
Nifty PSU Bank TRI,2021-12-13,3223.62062382203
Nifty PSU Bank TRI,2021-12-14,3201.258562332113
Nifty PSU Bank TRI,2021-12-15,3158.153096695255
Nifty PSU Bank TRI,2021-12-16,3128.1907164382696
Nifty PSU Bank TRI,2021-12-17,3014.3181417921037
Nifty PSU Bank TRI,2021-12-20,2879.7511709421424
Nifty PSU Bank TRI,2021-12-21,2879.9270583909893
Nifty PSU Bank TRI,2021-12-22,2930.1307748426693
Nifty PSU Bank TRI,2021-12-23,2976.0718480610553
Nifty PSU Bank TRI,2021-12-24,2918.446246178887
Nifty PSU Bank TRI,2021-12-27,2924.8824813231836
Nifty PSU Bank TRI,2021-12-28,2955.2828106266925
Nifty PSU Bank TRI,2021-12-29,2933.4221389034874
Nifty PSU Bank TRI,2021-12-30,2911.6767196325777
Nifty PSU Bank TRI,2021-12-31,2958.8012874269484
Nifty PSU Bank TRI,2022-01-03,3022.6640491298103
Nifty PSU Bank TRI,2022-01-04,3060.2695563160196
Nifty PSU Bank TRI,2022-01-05,3109.047290317658
Nifty PSU Bank TRI,2022-01-06,3124.027735202203
Nifty PSU Bank TRI,2022-01-07,3127.079170778371
Nifty PSU Bank TRI,2022-01-10,3228.413548881641
Nifty PSU Bank TRI,2022-01-11,3221.409096238417
Nifty PSU Bank TRI,2022-01-12,3241.25290300994
Nifty PSU Bank TRI,2022-01-13,3260.4545225836387
Nifty PSU Bank TRI,2022-01-14,3256.4342679101455
Nifty PSU Bank TRI,2022-01-17,3265.842324884882
Nifty PSU Bank TRI,2022-01-18,3207.6428563539603
Nifty PSU Bank TRI,2022-01-19,3278.5126169353616
Nifty PSU Bank TRI,2022-01-20,3270.8056061743628
Nifty PSU Bank TRI,2022-01-21,3171.053727429604
Nifty PSU Bank TRI,2022-01-24,3107.066985176297
Nifty PSU Bank TRI,2022-01-25,3238.874222023972
Nifty PSU Bank TRI,2022-01-27,3403.254872875923
Nifty PSU Bank TRI,2022-01-28,3391.277392512248
Nifty PSU Bank TRI,2022-01-31,3491.559754362777
Nifty PSU Bank TRI,2022-02-01,3471.4466998199014
Nifty PSU Bank TRI,2022-02-02,3590.022469408569
Nifty PSU Bank TRI,2022-02-03,3572.1950209128213
Nifty PSU Bank TRI,2022-02-04,3503.8974223318064
Nifty PSU Bank TRI,2022-02-07,3536.7071357154327
Nifty PSU Bank TRI,2022-02-08,3566.0134157012862
Nifty PSU Bank TRI,2022-02-09,3544.0813571185395
Nifty PSU Bank TRI,2022-02-10,3542.527560253155
Nifty PSU Bank TRI,2022-02-11,3471.3392928414646
Nifty PSU Bank TRI,2022-02-14,3265.2959900666388
Nifty PSU Bank TRI,2022-02-15,3395.6410976101893
Nifty PSU Bank TRI,2022-02-16,3355.8883788407857
Nifty PSU Bank TRI,2022-02-17,3315.9567891175548
Nifty PSU Bank TRI,2022-02-18,3310.468031684261
Nifty PSU Bank TRI,2022-02-21,3265.231997337468
Nifty PSU Bank TRI,2022-02-22,3217.1440920490913
Nifty PSU Bank TRI,2022-02-23,3250.6737729657834
Nifty PSU Bank TRI,2022-02-24,2982.2008287570748
Nifty PSU Bank TRI,2022-02-25,3122.3146411862017
Nifty PSU Bank TRI,2022-02-28,3126.740521388749
Nifty PSU Bank TRI,2022-03-02,3093.7044210300887
Nifty PSU Bank TRI,2022-03-03,3071.9679830206874
Nifty PSU Bank TRI,2022-03-04,3023.383730416318
Nifty PSU Bank TRI,2022-03-07,2885.345472467089
Nifty PSU Bank TRI,2022-03-08,2959.506617691646
Nifty PSU Bank TRI,2022-03-09,3016.554210011337
Nifty PSU Bank TRI,2022-03-10,3087.0328935176944
Nifty PSU Bank TRI,2022-03-11,3115.6540166760515
Nifty PSU Bank TRI,2022-03-14,3177.8995364737734
Nifty PSU Bank TRI,2022-03-15,3146.59706235432
Nifty PSU Bank TRI,2022-03-16,3190.9432141303605
Nifty PSU Bank TRI,2022-03-17,3219.8684893115847
Nifty PSU Bank TRI,2022-03-21,3181.2701154996653
Nifty PSU Bank TRI,2022-03-22,3186.737771926072
Nifty PSU Bank TRI,2022-03-23,3171.087679299149
Nifty PSU Bank TRI,2022-03-24,3156.844452217161
Nifty PSU Bank TRI,2022-03-25,3172.4610906878597
Nifty PSU Bank TRI,2022-03-28,3211.6315605863856
Nifty PSU Bank TRI,2022-03-29,3185.123999033423
Nifty PSU Bank TRI,2022-03-30,3223.6289179648093
Nifty PSU Bank TRI,2022-03-31,3198.821335617182
Nifty PSU Bank TRI,2022-04-01,3326.7033577032603
Nifty PSU Bank TRI,2022-04-04,3358.9200468062613
Nifty PSU Bank TRI,2022-04-05,3374.8450419208825
Nifty PSU Bank TRI,2022-04-06,3442.1876184404077
Nifty PSU Bank TRI,2022-04-07,3430.0016231746017
Nifty PSU Bank TRI,2022-04-08,3457.5537564365254
Nifty PSU Bank TRI,2022-04-11,3442.6544881197988
Nifty PSU Bank TRI,2022-04-12,3400.5830493345547
Nifty PSU Bank TRI,2022-04-13,3406.0644348982614
Nifty PSU Bank TRI,2022-04-18,3321.8451279909373
Nifty PSU Bank TRI,2022-04-19,3312.3496237531285
Nifty PSU Bank TRI,2022-04-20,3306.2594394765574
Nifty PSU Bank TRI,2022-04-21,3343.453045313038
Nifty PSU Bank TRI,2022-04-22,3273.462644205235
Nifty PSU Bank TRI,2022-04-25,3231.1005126103514
Nifty PSU Bank TRI,2022-04-26,3306.1870397371813
Nifty PSU Bank TRI,2022-04-27,3279.0055761877907
Nifty PSU Bank TRI,2022-04-28,3296.1173492619364
Nifty PSU Bank TRI,2022-04-29,3241.262231706857
Nifty PSU Bank TRI,2022-05-02,3226.793041077935
Nifty PSU Bank TRI,2022-05-04,3136.446276878578
Nifty PSU Bank TRI,2022-05-05,3114.1850825903884
Nifty PSU Bank TRI,2022-05-06,3098.03369022853
Nifty PSU Bank TRI,2022-05-09,3026.0039902705043
Nifty PSU Bank TRI,2022-05-10,3002.08812461722
Nifty PSU Bank TRI,2022-05-11,2986.281570846882
Nifty PSU Bank TRI,2022-05-12,2825.520896613599
Nifty PSU Bank TRI,2022-05-13,2826.694339859935
Nifty PSU Bank TRI,2022-05-16,2909.169641405321
Nifty PSU Bank TRI,2022-05-17,2968.0218841899664
Nifty PSU Bank TRI,2022-05-18,2921.5186298901813
Nifty PSU Bank TRI,2022-05-19,2841.967383242354
Nifty PSU Bank TRI,2022-05-20,2927.8130718423176
Nifty PSU Bank TRI,2022-05-23,2918.115383612272
Nifty PSU Bank TRI,2022-05-24,2911.4712690885212
Nifty PSU Bank TRI,2022-05-25,2852.6016639963705
Nifty PSU Bank TRI,2022-05-26,2942.880099155333
Nifty PSU Bank TRI,2022-05-27,2966.1148213299507
Nifty PSU Bank TRI,2022-05-30,3061.59555059144
Nifty PSU Bank TRI,2022-05-31,3030.248407232487
Nifty PSU Bank TRI,2022-06-01,3051.491292135943
Nifty PSU Bank TRI,2022-06-02,3082.7371503584973
Nifty PSU Bank TRI,2022-06-03,3038.97314464506
Nifty PSU Bank TRI,2022-06-06,3029.8128172222146
Nifty PSU Bank TRI,2022-06-07,3020.7567807938876
Nifty PSU Bank TRI,2022-06-08,3042.299532094318
Nifty PSU Bank TRI,2022-06-09,3033.714209883372
Nifty PSU Bank TRI,2022-06-10,3018.772204903628
Nifty PSU Bank TRI,2022-06-13,2911.079425728887
Nifty PSU Bank TRI,2022-06-14,2899.0140302089053
Nifty PSU Bank TRI,2022-06-15,2888.184094040115
Nifty PSU Bank TRI,2022-06-16,2810.42399401244
Nifty PSU Bank TRI,2022-06-17,2788.16915626039
Nifty PSU Bank TRI,2022-06-20,2719.156629619337
Nifty PSU Bank TRI,2022-06-21,2829.719737627505
Nifty PSU Bank TRI,2022-06-22,2828.3631161911894
Nifty PSU Bank TRI,2022-06-23,2841.137877898806
Nifty PSU Bank TRI,2022-06-24,2897.5462263987724
Nifty PSU Bank TRI,2022-06-27,2911.6223237625154
Nifty PSU Bank TRI,2022-06-28,2925.22750778242
Nifty PSU Bank TRI,2022-06-29,2898.313706548189
Nifty PSU Bank TRI,2022-06-30,2868.040402525933
Nifty PSU Bank TRI,2022-07-01,2883.6480170425875
Nifty PSU Bank TRI,2022-07-04,2931.7748380007934
Nifty PSU Bank TRI,2022-07-05,2931.7177326873134
Nifty PSU Bank TRI,2022-07-06,2962.88393077452
Nifty PSU Bank TRI,2022-07-07,3064.4562047846143
Nifty PSU Bank TRI,2022-07-08,3075.421840896902
Nifty PSU Bank TRI,2022-07-11,3133.661889412275
Nifty PSU Bank TRI,2022-07-12,3130.6076357194506
Nifty PSU Bank TRI,2022-07-13,3132.797774975255
Nifty PSU Bank TRI,2022-07-14,3063.798459310991
Nifty PSU Bank TRI,2022-07-15,3050.8401597925654
Nifty PSU Bank TRI,2022-07-18,3135.852710252809
Nifty PSU Bank TRI,2022-07-19,3207.950830915818
Nifty PSU Bank TRI,2022-07-20,3214.8603982563254
Nifty PSU Bank TRI,2022-07-21,3267.337876349227
Nifty PSU Bank TRI,2022-07-22,3286.9835790346624
Nifty PSU Bank TRI,2022-07-25,3267.752631787627
Nifty PSU Bank TRI,2022-07-26,3245.30408004285
Nifty PSU Bank TRI,2022-07-27,3310.649113793081
Nifty PSU Bank TRI,2022-07-28,3323.343851486841
Nifty PSU Bank TRI,2022-07-29,3284.4425819509
Nifty PSU Bank TRI,2022-08-01,3339.3960607893155
Nifty PSU Bank TRI,2022-08-02,3428.882839247521
Nifty PSU Bank TRI,2022-08-03,3410.9160078599675
Nifty PSU Bank TRI,2022-08-04,3351.365011563005
Nifty PSU Bank TRI,2022-08-05,3337.8170966275197
Nifty PSU Bank TRI,2022-08-08,3323.359548543992
Nifty PSU Bank TRI,2022-08-10,3308.2913917736028
Nifty PSU Bank TRI,2022-08-11,3387.3076985996236
Nifty PSU Bank TRI,2022-08-12,3398.007254001172
Nifty PSU Bank TRI,2022-08-16,3385.873984366805
Nifty PSU Bank TRI,2022-08-17,3462.3752877046722
Nifty PSU Bank TRI,2022-08-18,3454.431145967871
Nifty PSU Bank TRI,2022-08-19,3362.739565680015
Nifty PSU Bank TRI,2022-08-22,3291.966377280189
Nifty PSU Bank TRI,2022-08-23,3369.131895411736
Nifty PSU Bank TRI,2022-08-24,3385.738613308017
Nifty PSU Bank TRI,2022-08-25,3478.5578859925677
Nifty PSU Bank TRI,2022-08-26,3512.880923598368
Nifty PSU Bank TRI,2022-08-29,3456.157728205959
Nifty PSU Bank TRI,2022-08-30,3546.6369758473975
Nifty PSU Bank TRI,2022-09-01,3572.0809835299765
Nifty PSU Bank TRI,2022-09-02,3548.1335338235335
Nifty PSU Bank TRI,2022-09-05,3582.408218532062
Nifty PSU Bank TRI,2022-09-06,3600.68625596103
Nifty PSU Bank TRI,2022-09-07,3594.867517499055
Nifty PSU Bank TRI,2022-09-08,3685.3264435074393
Nifty PSU Bank TRI,2022-09-09,3703.138459060739
Nifty PSU Bank TRI,2022-09-12,3748.7844609074095
Nifty PSU Bank TRI,2022-09-13,3748.6418830395482
Nifty PSU Bank TRI,2022-09-14,3813.842415308353
Nifty PSU Bank TRI,2022-09-15,3814.0570222717406
Nifty PSU Bank TRI,2022-09-16,3724.7569392059963
Nifty PSU Bank TRI,2022-09-19,3800.792142781019
Nifty PSU Bank TRI,2022-09-20,3819.266603160815
Nifty PSU Bank TRI,2022-09-21,3792.2373690107424
Nifty PSU Bank TRI,2022-09-22,3758.6457600668564
Nifty PSU Bank TRI,2022-09-23,3609.6243914346715
Nifty PSU Bank TRI,2022-09-26,3477.0098384764588
Nifty PSU Bank TRI,2022-09-27,3469.880899853434
Nifty PSU Bank TRI,2022-09-28,3398.0798580662563
Nifty PSU Bank TRI,2022-09-29,3437.4722486335963
Nifty PSU Bank TRI,2022-09-30,3541.248459854007
Nifty PSU Bank TRI,2022-10-03,3446.9606593963254
Nifty PSU Bank TRI,2022-10-04,3549.6310526004536
Nifty PSU Bank TRI,2022-10-06,3578.836821078952
Nifty PSU Bank TRI,2022-10-07,3570.6444439032452
Nifty PSU Bank TRI,2022-10-10,3535.0036184531386
Nifty PSU Bank TRI,2022-10-11,3475.5288123084183
Nifty PSU Bank TRI,2022-10-12,3528.2532376663503
Nifty PSU Bank TRI,2022-10-13,3472.499672777747
Nifty PSU Bank TRI,2022-10-14,3488.5533472959223
Nifty PSU Bank TRI,2022-10-17,3609.903623135712
Nifty PSU Bank TRI,2022-10-18,3753.343031932067
Nifty PSU Bank TRI,2022-10-19,3731.8415309129123
Nifty PSU Bank TRI,2022-10-20,3802.225659976867
Nifty PSU Bank TRI,2022-10-21,3872.911081993229
Nifty PSU Bank TRI,2022-10-24,3918.7145199220586
Nifty PSU Bank TRI,2022-10-25,4056.1709732050213
Nifty PSU Bank TRI,2022-10-27,4088.993869423625
Nifty PSU Bank TRI,2022-10-28,4070.753382023539
Nifty PSU Bank TRI,2022-10-31,4097.474375029188
Nifty PSU Bank TRI,2022-11-01,4069.996519016964
Nifty PSU Bank TRI,2022-11-02,4037.603021338301
Nifty PSU Bank TRI,2022-11-03,4139.5346410625025
Nifty PSU Bank TRI,2022-11-04,4182.80388372112
Nifty PSU Bank TRI,2022-11-07,4369.948277505725
Nifty PSU Bank TRI,2022-11-09,4542.089686943233
Nifty PSU Bank TRI,2022-11-10,4484.004161302935
Nifty PSU Bank TRI,2022-11-11,4454.339800298886
Nifty PSU Bank TRI,2022-11-14,4428.350282331985
Nifty PSU Bank TRI,2022-11-15,4443.220085371843
Nifty PSU Bank TRI,2022-11-16,4456.195530863588
Nifty PSU Bank TRI,2022-11-17,4491.5034961202355
Nifty PSU Bank TRI,2022-11-18,4560.402134276631
Nifty PSU Bank TRI,2022-11-21,4625.181142851929
Nifty PSU Bank TRI,2022-11-22,4702.3317383497315
Nifty PSU Bank TRI,2022-11-23,4750.397285930639
Nifty PSU Bank TRI,2022-11-24,4795.740803724818
Nifty PSU Bank TRI,2022-11-25,4798.188138103324
Nifty PSU Bank TRI,2022-11-28,4808.3751574248445
Nifty PSU Bank TRI,2022-11-29,4806.852562964554
Nifty PSU Bank TRI,2022-11-30,4742.210987395835
Nifty PSU Bank TRI,2022-12-01,4842.628133882986
Nifty PSU Bank TRI,2022-12-02,4863.333484322361
Nifty PSU Bank TRI,2022-12-05,4922.376723364418
Nifty PSU Bank TRI,2022-12-06,4984.763400805255
Nifty PSU Bank TRI,2022-12-07,4997.890271633715
Nifty PSU Bank TRI,2022-12-08,5188.520285761634
Nifty PSU Bank TRI,2022-12-09,5096.953659916127
Nifty PSU Bank TRI,2022-12-12,5169.146228611569
Nifty PSU Bank TRI,2022-12-13,5366.46352429085
Nifty PSU Bank TRI,2022-12-14,5396.510244421879
Nifty PSU Bank TRI,2022-12-15,5295.144689747519
Nifty PSU Bank TRI,2022-12-16,5140.633063074602
Nifty PSU Bank TRI,2022-12-19,5135.033934659695
Nifty PSU Bank TRI,2022-12-20,5117.448798696554
Nifty PSU Bank TRI,2022-12-21,4971.736896060291
Nifty PSU Bank TRI,2022-12-22,4910.840273333736
Nifty PSU Bank TRI,2022-12-23,4613.599715367307
Nifty PSU Bank TRI,2022-12-27,5014.367068683374
Nifty PSU Bank TRI,2022-12-28,5012.731764384332
Nifty PSU Bank TRI,2022-12-29,5048.894444868948
Nifty PSU Bank TRI,2022-12-30,5125.172448605654
Nifty PSU Bank TRI,2023-01-02,5161.76344292847
Nifty PSU Bank TRI,2023-01-03,5199.185619363903
Nifty PSU Bank TRI,2023-01-04,5104.376033108313
Nifty PSU Bank TRI,2023-01-05,5116.217751543196
Nifty PSU Bank TRI,2023-01-06,5073.2146903710545
Nifty PSU Bank TRI,2023-01-09,5131.596018414074
Nifty PSU Bank TRI,2023-01-10,4994.670530145877
Nifty PSU Bank TRI,2023-01-11,5029.901297241728
Nifty PSU Bank TRI,2023-01-12,5014.55114775221
Nifty PSU Bank TRI,2023-01-13,5082.26268336841
Nifty PSU Bank TRI,2023-01-16,5162.512811986685
Nifty PSU Bank TRI,2023-01-17,5067.82997573416
Nifty PSU Bank TRI,2023-01-18,5004.85066480518
Nifty PSU Bank TRI,2023-01-19,5021.445962520782
Nifty PSU Bank TRI,2023-01-20,5023.9665115323005
Nifty PSU Bank TRI,2023-01-23,5046.617603509753
Nifty PSU Bank TRI,2023-01-24,4978.038182770103
Nifty PSU Bank TRI,2023-01-25,4800.03549145783
Nifty PSU Bank TRI,2023-01-27,4539.927966644519
Nifty PSU Bank TRI,2023-01-30,4565.496565245201
Nifty PSU Bank TRI,2023-01-31,4761.103476046079
Nifty PSU Bank TRI,2023-02-01,4490.76303796878
Nifty PSU Bank TRI,2023-02-02,4483.518429976233
Nifty PSU Bank TRI,2023-02-03,4621.505136700188
Nifty PSU Bank TRI,2023-02-06,4633.480911725844
Nifty PSU Bank TRI,2023-02-07,4624.219928002194
Nifty PSU Bank TRI,2023-02-08,4644.2599529459885
Nifty PSU Bank TRI,2023-02-09,4640.4075815282795
Nifty PSU Bank TRI,2023-02-10,4659.558273968414
Nifty PSU Bank TRI,2023-02-13,4542.7183338773
Nifty PSU Bank TRI,2023-02-14,4589.988356873294
Nifty PSU Bank TRI,2023-02-15,4612.1135010154285
Nifty PSU Bank TRI,2023-02-16,4603.085941805877
Nifty PSU Bank TRI,2023-02-17,4531.805325374905
Nifty PSU Bank TRI,2023-02-20,4481.933378560269
Nifty PSU Bank TRI,2023-02-21,4402.01339924093
Nifty PSU Bank TRI,2023-02-22,4317.9835382977135
Nifty PSU Bank TRI,2023-02-23,4341.175424123734
Nifty PSU Bank TRI,2023-02-24,4303.050766944216
Nifty PSU Bank TRI,2023-02-27,4334.983353979814
Nifty PSU Bank TRI,2023-02-28,4352.291731412681
Nifty PSU Bank TRI,2023-03-01,4481.9716864009215
Nifty PSU Bank TRI,2023-03-02,4481.619043113211
Nifty PSU Bank TRI,2023-03-03,4723.813553163216
Nifty PSU Bank TRI,2023-03-06,4713.741010597383
Nifty PSU Bank TRI,2023-03-08,4746.852381299463
Nifty PSU Bank TRI,2023-03-09,4693.25235236257
Nifty PSU Bank TRI,2023-03-10,4590.6129133726145
Nifty PSU Bank TRI,2023-03-13,4459.584652003864
Nifty PSU Bank TRI,2023-03-14,4375.13128976817
Nifty PSU Bank TRI,2023-03-15,4322.336182033812
Nifty PSU Bank TRI,2023-03-16,4346.976453478627
Nifty PSU Bank TRI,2023-03-17,4383.404676650626
Nifty PSU Bank TRI,2023-03-20,4307.857860969319
Nifty PSU Bank TRI,2023-03-21,4378.999360883325
Nifty PSU Bank TRI,2023-03-22,4415.67466209709
Nifty PSU Bank TRI,2023-03-23,4338.809767897784
Nifty PSU Bank TRI,2023-03-24,4246.159526696258
Nifty PSU Bank TRI,2023-03-27,4257.695537983904
Nifty PSU Bank TRI,2023-03-28,4248.876934827314
Nifty PSU Bank TRI,2023-03-29,4385.847132854287
Nifty PSU Bank TRI,2023-03-31,4426.645594186235
Nifty PSU Bank TRI,2023-04-03,4474.066182808696
Nifty PSU Bank TRI,2023-04-05,4438.926152770483
Nifty PSU Bank TRI,2023-04-06,4453.762395108432
Nifty PSU Bank TRI,2023-04-10,4426.484235984538
Nifty PSU Bank TRI,2023-04-11,4497.989568032922
Nifty PSU Bank TRI,2023-04-12,4469.45104874291
Nifty PSU Bank TRI,2023-04-13,4534.587579255237
Nifty PSU Bank TRI,2023-04-17,4677.355728908534
Nifty PSU Bank TRI,2023-04-18,4712.891316860187
Nifty PSU Bank TRI,2023-04-19,4673.326304088449
Nifty PSU Bank TRI,2023-04-20,4668.509780011303
Nifty PSU Bank TRI,2023-04-21,4629.357107169889
Nifty PSU Bank TRI,2023-04-24,4750.589755409084
Nifty PSU Bank TRI,2023-04-25,4812.967547452071
Nifty PSU Bank TRI,2023-04-26,4838.324356253559
Nifty PSU Bank TRI,2023-04-27,4851.102549692859
Nifty PSU Bank TRI,2023-04-28,4970.137958263204
Nifty PSU Bank TRI,2023-05-02,4990.569318547806
Nifty PSU Bank TRI,2023-05-03,4941.987562283501
Nifty PSU Bank TRI,2023-05-04,5003.202839154622
Nifty PSU Bank TRI,2023-05-05,4954.796437785135
Nifty PSU Bank TRI,2023-05-08,4909.470429332297
Nifty PSU Bank TRI,2023-05-09,4774.493793383428
Nifty PSU Bank TRI,2023-05-10,4723.980173959596
Nifty PSU Bank TRI,2023-05-11,4734.076224473585
Nifty PSU Bank TRI,2023-05-12,4744.172798924684
Nifty PSU Bank TRI,2023-05-15,4798.335855846745
Nifty PSU Bank TRI,2023-05-16,4833.021378006023
Nifty PSU Bank TRI,2023-05-17,4816.629194147223
Nifty PSU Bank TRI,2023-05-18,4725.341722936691
Nifty PSU Bank TRI,2023-05-19,4740.3348248044285
Nifty PSU Bank TRI,2023-05-22,4764.788927173595
Nifty PSU Bank TRI,2023-05-23,4784.381880910934
Nifty PSU Bank TRI,2023-05-24,4760.103676126949
Nifty PSU Bank TRI,2023-05-25,4738.748394854912
Nifty PSU Bank TRI,2023-05-26,4796.189662346004
Nifty PSU Bank TRI,2023-05-29,4824.776856168131
Nifty PSU Bank TRI,2023-05-30,4823.540659950096
Nifty PSU Bank TRI,2023-05-31,4812.094254590984
Nifty PSU Bank TRI,2023-06-01,4840.832102773055
Nifty PSU Bank TRI,2023-06-02,4888.321728839205
Nifty PSU Bank TRI,2023-06-05,4867.659165458052
Nifty PSU Bank TRI,2023-06-06,4858.361777199602
Nifty PSU Bank TRI,2023-06-07,4893.737722123995
Nifty PSU Bank TRI,2023-06-08,4879.4833716523635
Nifty PSU Bank TRI,2023-06-09,4820.54981778853
Nifty PSU Bank TRI,2023-06-12,4844.197915261853
Nifty PSU Bank TRI,2023-06-13,4854.371703283886
Nifty PSU Bank TRI,2023-06-14,4856.1827339415795
Nifty PSU Bank TRI,2023-06-15,4759.8935365705265
Nifty PSU Bank TRI,2023-06-16,4829.393858109492
Nifty PSU Bank TRI,2023-06-19,4876.353720287995
Nifty PSU Bank TRI,2023-06-20,4888.8025899272825
Nifty PSU Bank TRI,2023-06-21,4910.454999318992
Nifty PSU Bank TRI,2023-06-22,4828.84213750874
Nifty PSU Bank TRI,2023-06-23,4771.844854456993
Nifty PSU Bank TRI,2023-06-26,4763.641953845491
Nifty PSU Bank TRI,2023-06-27,4812.611451940325
Nifty PSU Bank TRI,2023-06-28,4814.780415737403
Nifty PSU Bank TRI,2023-06-30,4914.230041860371
Nifty PSU Bank TRI,2023-07-03,5092.2222121823415
Nifty PSU Bank TRI,2023-07-04,5188.6331898598855
Nifty PSU Bank TRI,2023-07-05,5242.18025401679
Nifty PSU Bank TRI,2023-07-06,5280.722646355422
Nifty PSU Bank TRI,2023-07-07,5332.902576312287
Nifty PSU Bank TRI,2023-07-10,5302.9343471573575
Nifty PSU Bank TRI,2023-07-11,5293.282240246539
Nifty PSU Bank TRI,2023-07-12,5337.458479609304
Nifty PSU Bank TRI,2023-07-13,5210.454545595493
Nifty PSU Bank TRI,2023-07-14,5252.1186443946435
Nifty PSU Bank TRI,2023-07-17,5371.029857978211
Nifty PSU Bank TRI,2023-07-18,5305.202585526295
Nifty PSU Bank TRI,2023-07-19,5408.9199465386355
Nifty PSU Bank TRI,2023-07-20,5448.148908035135
Nifty PSU Bank TRI,2023-07-21,5461.773619392036
Nifty PSU Bank TRI,2023-07-24,5468.126316802289
Nifty PSU Bank TRI,2023-07-25,5388.280924938171
Nifty PSU Bank TRI,2023-07-26,5469.230180779592
Nifty PSU Bank TRI,2023-07-27,5496.564166955931
Nifty PSU Bank TRI,2023-07-28,5513.12693583044
Nifty PSU Bank TRI,2023-07-31,5531.398628288878
Nifty PSU Bank TRI,2023-08-01,5502.712357917801
Nifty PSU Bank TRI,2023-08-02,5359.3295726320885
Nifty PSU Bank TRI,2023-08-03,5328.179163635653
Nifty PSU Bank TRI,2023-08-04,5291.099797289397
Nifty PSU Bank TRI,2023-08-07,5260.253022997259
Nifty PSU Bank TRI,2023-08-08,5437.700471591097
Nifty PSU Bank TRI,2023-08-09,5432.413781338609
Nifty PSU Bank TRI,2023-08-10,5388.6824099497235
Nifty PSU Bank TRI,2023-08-11,5456.270833527527
Nifty PSU Bank TRI,2023-08-14,5418.248976090102
Nifty PSU Bank TRI,2023-08-16,5424.919506307858
Nifty PSU Bank TRI,2023-08-17,5502.768793363035
Nifty PSU Bank TRI,2023-08-18,5515.452279250442
Nifty PSU Bank TRI,2023-08-21,5480.96082507133
Nifty PSU Bank TRI,2023-08-22,5454.524209684087
Nifty PSU Bank TRI,2023-08-23,5548.450163130546
Nifty PSU Bank TRI,2023-08-24,5512.786968160661
Nifty PSU Bank TRI,2023-08-25,5429.606374304474
Nifty PSU Bank TRI,2023-08-28,5471.019294167133
Nifty PSU Bank TRI,2023-08-29,5444.335307222272
Nifty PSU Bank TRI,2023-08-30,5426.578315912951
Nifty PSU Bank TRI,2023-08-31,5354.581241759661
Nifty PSU Bank TRI,2023-09-01,5440.5060299812985
Nifty PSU Bank TRI,2023-09-04,5573.163101055434
Nifty PSU Bank TRI,2023-09-05,5614.512492927972
Nifty PSU Bank TRI,2023-09-06,5558.451040747131
Nifty PSU Bank TRI,2023-09-07,5624.801569886188
Nifty PSU Bank TRI,2023-09-08,5643.136397003947
Nifty PSU Bank TRI,2023-09-11,5820.646039197449
Nifty PSU Bank TRI,2023-09-12,5682.132148969111
Nifty PSU Bank TRI,2023-09-13,5922.699171870402
Nifty PSU Bank TRI,2023-09-14,6020.206212997309
Nifty PSU Bank TRI,2023-09-15,6052.355158365816
Nifty PSU Bank TRI,2023-09-18,6258.273592582081
Nifty PSU Bank TRI,2023-09-20,6185.187526509007
Nifty PSU Bank TRI,2023-09-21,6044.238243661143
Nifty PSU Bank TRI,2023-09-22,6256.594726863572
Nifty PSU Bank TRI,2023-09-25,6267.258775408517
Nifty PSU Bank TRI,2023-09-26,6227.557326262838
Nifty PSU Bank TRI,2023-09-27,6279.469383549516
Nifty PSU Bank TRI,2023-09-28,6208.624614868548
Nifty PSU Bank TRI,2023-09-29,6310.282893558654
Nifty PSU Bank TRI,2023-10-03,6461.2842405018955
Nifty PSU Bank TRI,2023-10-04,6278.680879641238
Nifty PSU Bank TRI,2023-10-05,6247.007261401582
Nifty PSU Bank TRI,2023-10-06,6264.007781302514
Nifty PSU Bank TRI,2023-10-09,6071.365003874953
Nifty PSU Bank TRI,2023-10-10,6198.155582534497
Nifty PSU Bank TRI,2023-10-11,6153.203938979133
Nifty PSU Bank TRI,2023-10-12,6147.9314399155
Nifty PSU Bank TRI,2023-10-13,6062.50925843011
Nifty PSU Bank TRI,2023-10-16,6107.202905561725
Nifty PSU Bank TRI,2023-10-17,6140.718193472675
Nifty PSU Bank TRI,2023-10-18,6038.524192342546
Nifty PSU Bank TRI,2023-10-19,6040.331462201206
Nifty PSU Bank TRI,2023-10-20,5945.63182405598
Nifty PSU Bank TRI,2023-10-23,5722.448080564437
Nifty PSU Bank TRI,2023-10-25,5732.825631003818
Nifty PSU Bank TRI,2023-10-26,5678.0362168444535
Nifty PSU Bank TRI,2023-10-27,5911.7056641764175
Nifty PSU Bank TRI,2023-10-30,5920.659573953976
Nifty PSU Bank TRI,2023-10-31,5929.312316440183
Nifty PSU Bank TRI,2023-11-01,5948.360141723012
Nifty PSU Bank TRI,2023-11-02,6037.830759979889
Nifty PSU Bank TRI,2023-11-03,6075.392343447104
Nifty PSU Bank TRI,2023-11-06,6010.149951060356
Nifty PSU Bank TRI,2023-11-07,6038.100137963977
Nifty PSU Bank TRI,2023-11-08,6036.603109421477
Nifty PSU Bank TRI,2023-11-09,6024.888951281411
Nifty PSU Bank TRI,2023-11-10,6041.242808230871
Nifty PSU Bank TRI,2023-11-13,6225.146783207802
Nifty PSU Bank TRI,2023-11-15,6253.729601384297
Nifty PSU Bank TRI,2023-11-16,6239.19450860863
Nifty PSU Bank TRI,2023-11-17,6090.404174247575
Nifty PSU Bank TRI,2023-11-20,6097.522592428268
Nifty PSU Bank TRI,2023-11-21,6076.423989601403
Nifty PSU Bank TRI,2023-11-22,6007.5160960073745
Nifty PSU Bank TRI,2023-11-23,6006.7385250066745
Nifty PSU Bank TRI,2023-11-24,5986.59620639036
Nifty PSU Bank TRI,2023-11-28,6068.353747901475
Nifty PSU Bank TRI,2023-11-29,6132.001453974875
Nifty PSU Bank TRI,2023-11-30,6064.817997800717
Nifty PSU Bank TRI,2023-12-01,6177.61941083229
Nifty PSU Bank TRI,2023-12-04,6416.446818199754
Nifty PSU Bank TRI,2023-12-05,6507.019652649402
Nifty PSU Bank TRI,2023-12-06,6548.501094841283
Nifty PSU Bank TRI,2023-12-07,6581.50129269715
Nifty PSU Bank TRI,2023-12-08,6594.466756908287
Nifty PSU Bank TRI,2023-12-11,6685.124675243742
Nifty PSU Bank TRI,2023-12-12,6686.420436554127
Nifty PSU Bank TRI,2023-12-13,6734.962338896563
Nifty PSU Bank TRI,2023-12-14,6774.901830399483
Nifty PSU Bank TRI,2023-12-15,6937.214179885618
Nifty PSU Bank TRI,2023-12-18,6887.194363996495
Nifty PSU Bank TRI,2023-12-19,6942.137971197832
Nifty PSU Bank TRI,2023-12-20,6661.9909769114165
Nifty PSU Bank TRI,2023-12-21,6771.657736567641
Nifty PSU Bank TRI,2023-12-22,6725.271892129201
Nifty PSU Bank TRI,2023-12-26,6716.4924435236635
Nifty PSU Bank TRI,2023-12-27,6855.094336804055
Nifty PSU Bank TRI,2023-12-28,6926.257078663753
Nifty PSU Bank TRI,2023-12-29,6881.9721320490235
Nifty PSU Bank TRI,2024-01-02,6909.055767563423
Nifty PSU Bank TRI,2024-01-03,6988.912015378045
Nifty PSU Bank TRI,2024-01-04,7061.305256708287
Nifty PSU Bank TRI,2024-01-05,7034.54423511129
Nifty PSU Bank TRI,2024-01-08,6858.207113256042
Nifty PSU Bank TRI,2024-01-09,6847.460483993082
Nifty PSU Bank TRI,2024-01-10,6829.843601493424
Nifty PSU Bank TRI,2024-01-11,6874.050317447413
Nifty PSU Bank TRI,2024-01-12,7063.487702188307
Nifty PSU Bank TRI,2024-01-15,7133.539455854062
Nifty PSU Bank TRI,2024-01-16,7152.152053164835
Nifty PSU Bank TRI,2024-01-17,7027.799723471257
Nifty PSU Bank TRI,2024-01-18,7085.34762484504
Nifty PSU Bank TRI,2024-01-19,7167.131934819736
Nifty PSU Bank TRI,2024-01-23,7001.605790484287
Nifty PSU Bank TRI,2024-01-24,7141.040231769519
Nifty PSU Bank TRI,2024-01-25,7150.315127104994
Nifty PSU Bank TRI,2024-01-29,7325.392323560658
Nifty PSU Bank TRI,2024-01-30,7396.308058423476
Nifty PSU Bank TRI,2024-01-31,7564.504258431835
Nifty PSU Bank TRI,2024-02-01,7799.779128941411
Nifty PSU Bank TRI,2024-02-02,7972.951169892579
Nifty PSU Bank TRI,2024-02-05,7940.448948731173
Nifty PSU Bank TRI,2024-02-06,7909.76694694867
Nifty PSU Bank TRI,2024-02-07,8136.305658671316
Nifty PSU Bank TRI,2024-02-08,8299.157960533752
Nifty PSU Bank TRI,2024-02-09,8379.674086214305
Nifty PSU Bank TRI,2024-02-12,8009.145399006511
Nifty PSU Bank TRI,2024-02-13,8105.411045577312
Nifty PSU Bank TRI,2024-02-14,8368.34802527712
Nifty PSU Bank TRI,2024-02-15,8642.228459343089
Nifty PSU Bank TRI,2024-02-16,8611.442201784035
Nifty PSU Bank TRI,2024-02-20,8572.045787765757
Nifty PSU Bank TRI,2024-02-21,8623.760299131254
Nifty PSU Bank TRI,2024-02-22,8642.039240394313
Nifty PSU Bank TRI,2024-02-23,8542.730701810588
Nifty PSU Bank TRI,2024-02-26,8501.032835487447
Nifty PSU Bank TRI,2024-02-27,8453.98613844097
Nifty PSU Bank TRI,2024-02-28,8260.161765560062
Nifty PSU Bank TRI,2024-02-29,8368.274037263078
Nifty PSU Bank TRI,2024-03-01,8550.844671738507
Nifty PSU Bank TRI,2024-03-04,8622.846668065366
Nifty PSU Bank TRI,2024-03-05,8843.564325253214
Nifty PSU Bank TRI,2024-03-06,8847.36676347413
Nifty PSU Bank TRI,2024-03-07,8867.597833647387
Nifty PSU Bank TRI,2024-03-11,8728.600936929788
Nifty PSU Bank TRI,2024-03-12,8504.238967175928
Nifty PSU Bank TRI,2024-03-13,8140.250336621533
Nifty PSU Bank TRI,2024-03-14,8197.611614870035
Nifty PSU Bank TRI,2024-03-15,8169.369416476041
Nifty PSU Bank TRI,2024-03-18,8196.410479407246
Nifty PSU Bank TRI,2024-03-19,8068.582887473566
Nifty PSU Bank TRI,2024-03-20,8072.779401533425
Nifty PSU Bank TRI,2024-03-21,8245.877981635338
Nifty PSU Bank TRI,2024-03-22,8325.804010802329
Nifty PSU Bank TRI,2024-03-26,8335.804811615517
Nifty PSU Bank TRI,2024-03-27,8255.027365035265
Nifty PSU Bank TRI,2024-03-28,8471.403172277738
Nifty PSU Bank TRI,2024-04-01,8600.953976581999
Nifty PSU Bank TRI,2024-04-02,8677.241777059444
Nifty PSU Bank TRI,2024-04-03,8832.13723615642
Nifty PSU Bank TRI,2024-04-04,8770.883534362849
Nifty PSU Bank TRI,2024-04-05,8835.880667369172
Nifty PSU Bank TRI,2024-04-08,8758.223307453123
Nifty PSU Bank TRI,2024-04-09,8685.40316446033
Nifty PSU Bank TRI,2024-04-10,8818.328300829899
Nifty PSU Bank TRI,2024-04-12,8708.17948493354
Nifty PSU Bank TRI,2024-04-15,8536.721771007062
Nifty PSU Bank TRI,2024-04-16,8428.361472200968
Nifty PSU Bank TRI,2024-04-18,8413.43995645751
Nifty PSU Bank TRI,2024-04-19,8389.461137807975
Nifty PSU Bank TRI,2024-04-22,8648.13454230478
Nifty PSU Bank TRI,2024-04-23,8653.14657646826
Nifty PSU Bank TRI,2024-04-24,8634.013690001326
Nifty PSU Bank TRI,2024-04-25,8960.246716003865
Nifty PSU Bank TRI,2024-04-26,8932.652111335741
Nifty PSU Bank TRI,2024-04-29,9162.534012492228
Nifty PSU Bank TRI,2024-04-30,9207.154405905321
Nifty PSU Bank TRI,2024-05-02,9184.357202455476
Nifty PSU Bank TRI,2024-05-03,9115.175867490045
Nifty PSU Bank TRI,2024-05-06,8782.27151680242
Nifty PSU Bank TRI,2024-05-07,8579.921433360782
Nifty PSU Bank TRI,2024-05-08,8655.532880565352
Nifty PSU Bank TRI,2024-05-09,8592.428388799735
Nifty PSU Bank TRI,2024-05-10,8567.527735629743
Nifty PSU Bank TRI,2024-05-13,8463.138684624553
Nifty PSU Bank TRI,2024-05-14,8551.724571270002
Nifty PSU Bank TRI,2024-05-15,8673.93168749926
Nifty PSU Bank TRI,2024-05-16,8597.726734328662
Nifty PSU Bank TRI,2024-05-17,8612.250999193579
Nifty PSU Bank TRI,2024-05-21,8802.06107746499
Nifty PSU Bank TRI,2024-05-22,8772.794514371708
Nifty PSU Bank TRI,2024-05-23,8924.192395607122
Nifty PSU Bank TRI,2024-05-24,8917.406317434206
Nifty PSU Bank TRI,2024-05-27,9036.900601417079
Nifty PSU Bank TRI,2024-05-28,8921.345299044431
Nifty PSU Bank TRI,2024-05-29,8878.318739750857
Nifty PSU Bank TRI,2024-05-30,8838.80409645496
Nifty PSU Bank TRI,2024-05-31,8952.617673106532
Nifty PSU Bank TRI,2024-06-03,9705.492118650196
Nifty PSU Bank TRI,2024-06-04,8236.696620479457
Nifty PSU Bank TRI,2024-06-05,8474.04747618485
Nifty PSU Bank TRI,2024-06-06,8721.662709755308
Nifty PSU Bank TRI,2024-06-07,8828.956172678483
Nifty PSU Bank TRI,2024-06-10,8893.030753663952
Nifty PSU Bank TRI,2024-06-11,8906.429253300712
Nifty PSU Bank TRI,2024-06-12,9009.810772518793
Nifty PSU Bank TRI,2024-06-13,9004.175293561479
Nifty PSU Bank TRI,2024-06-14,9052.508272110128
Nifty PSU Bank TRI,2024-06-18,9076.728090871442
Nifty PSU Bank TRI,2024-06-19,9085.650417454224
Nifty PSU Bank TRI,2024-06-20,9061.334180784777
Nifty PSU Bank TRI,2024-06-21,8958.161560364673
Nifty PSU Bank TRI,2024-06-24,8899.866188716662
Nifty PSU Bank TRI,2024-06-25,8911.513417726874
Nifty PSU Bank TRI,2024-06-26,8941.30143171026
Nifty PSU Bank TRI,2024-06-27,8859.81906927745
Nifty PSU Bank TRI,2024-06-28,8938.51140211224
Nifty PSU Bank TRI,2024-07-01,8872.004614976013
Nifty PSU Bank TRI,2024-07-02,8711.855967541233
Nifty PSU Bank TRI,2024-07-03,8804.698164213041
Nifty PSU Bank TRI,2024-07-04,8819.379530383549
Nifty PSU Bank TRI,2024-07-05,8929.894740544838
Nifty PSU Bank TRI,2024-07-08,8787.918536090763
Nifty PSU Bank TRI,2024-07-09,8900.696509303178
Nifty PSU Bank TRI,2024-07-10,8776.190641138732
Nifty PSU Bank TRI,2024-07-11,8791.725063402066
Nifty PSU Bank TRI,2024-07-12,8745.762470856904
Nifty PSU Bank TRI,2024-07-15,9015.017340796298
Nifty PSU Bank TRI,2024-07-16,8993.10080995299
Nifty PSU Bank TRI,2024-07-18,8995.959348328544
Nifty PSU Bank TRI,2024-07-19,8869.22562856724
Nifty PSU Bank TRI,2024-07-22,8893.2676006353
Nifty PSU Bank TRI,2024-07-23,8768.998924107176
Nifty PSU Bank TRI,2024-07-24,8738.501153267574
Nifty PSU Bank TRI,2024-07-25,8688.01674154134
Nifty PSU Bank TRI,2024-07-26,8832.941191724776
Nifty PSU Bank TRI,2024-07-29,9033.103389503964
Nifty PSU Bank TRI,2024-07-30,9026.241680803143
Nifty PSU Bank TRI,2024-07-31,8988.212177438767
Nifty PSU Bank TRI,2024-08-01,8899.323831618613
Nifty PSU Bank TRI,2024-08-02,8746.56848585039
Nifty PSU Bank TRI,2024-08-05,8390.258330027835
Nifty PSU Bank TRI,2024-08-06,8284.55483979309
Nifty PSU Bank TRI,2024-08-07,8406.196300338775
Nifty PSU Bank TRI,2024-08-08,8341.326417582728
Nifty PSU Bank TRI,2024-08-09,8502.243347029946
Nifty PSU Bank TRI,2024-08-12,8402.986352568421
Nifty PSU Bank TRI,2024-08-13,8268.074682319635
Nifty PSU Bank TRI,2024-08-14,8236.557057664902
Nifty PSU Bank TRI,2024-08-16,8321.491374226362
Nifty PSU Bank TRI,2024-08-19,8422.652173714063
Nifty PSU Bank TRI,2024-08-20,8564.55119098415
Nifty PSU Bank TRI,2024-08-21,8528.294231448657
Nifty PSU Bank TRI,2024-08-22,8586.107999133525
Nifty PSU Bank TRI,2024-08-23,8535.374919194202
Nifty PSU Bank TRI,2024-08-26,8493.6008001491
Nifty PSU Bank TRI,2024-08-27,8497.474651619621
Nifty PSU Bank TRI,2024-08-28,8459.74445944946
Nifty PSU Bank TRI,2024-08-29,8473.349709108244
Nifty PSU Bank TRI,2024-08-30,8499.000383286086
Nifty PSU Bank TRI,2024-09-02,8543.113545172147
Nifty PSU Bank TRI,2024-09-03,8513.954167628073
Nifty PSU Bank TRI,2024-09-04,8370.650675817273
Nifty PSU Bank TRI,2024-09-05,8398.129310420827
Nifty PSU Bank TRI,2024-09-06,8098.916930861402
Nifty PSU Bank TRI,2024-09-09,8083.96376933875
Nifty PSU Bank TRI,2024-09-10,8079.911418542948
Nifty PSU Bank TRI,2024-09-11,7938.679349355788
Nifty PSU Bank TRI,2024-09-12,8074.848825002481
Nifty PSU Bank TRI,2024-09-13,8174.570853877041
Nifty PSU Bank TRI,2024-09-16,8174.536209598978
Nifty PSU Bank TRI,2024-09-17,8127.325548604276
Nifty PSU Bank TRI,2024-09-18,8129.544412605296
Nifty PSU Bank TRI,2024-09-19,8077.33574942811
Nifty PSU Bank TRI,2024-09-20,8070.602862447767
Nifty PSU Bank TRI,2024-09-23,8346.569256588704
Nifty PSU Bank TRI,2024-09-24,8275.300070261177
Nifty PSU Bank TRI,2024-09-25,8203.78124160843
Nifty PSU Bank TRI,2024-09-26,8287.727851501906
Nifty PSU Bank TRI,2024-09-27,8347.86962353391
Nifty PSU Bank TRI,2024-09-30,8229.999046215004
Nifty PSU Bank TRI,2024-10-01,8237.765663244676
Nifty PSU Bank TRI,2024-10-03,8136.282852927969
Nifty PSU Bank TRI,2024-10-04,8180.779628842631
Nifty PSU Bank TRI,2024-10-07,7910.908481111146
Nifty PSU Bank TRI,2024-10-08,8018.158420189394
Nifty PSU Bank TRI,2024-10-09,8071.311535650285
Nifty PSU Bank TRI,2024-10-10,8050.374942302355
Nifty PSU Bank TRI,2024-10-11,8050.7031048098725
Nifty PSU Bank TRI,2024-10-14,8083.682344320714
Nifty PSU Bank TRI,2024-10-15,8067.008050706968
Nifty PSU Bank TRI,2024-10-16,8067.093459551234
Nifty PSU Bank TRI,2024-10-17,8027.012781560983
Nifty PSU Bank TRI,2024-10-18,8132.5431979774485
Nifty PSU Bank TRI,2024-10-21,8046.670310887186
Nifty PSU Bank TRI,2024-10-22,7710.3047161856775
Nifty PSU Bank TRI,2024-10-23,7745.673657481586
Nifty PSU Bank TRI,2024-10-24,7840.366317975629
Nifty PSU Bank TRI,2024-10-25,7662.532734921604
Nifty PSU Bank TRI,2024-10-28,7952.988604094199
Nifty PSU Bank TRI,2024-10-29,8243.148864670326
Nifty PSU Bank TRI,2024-10-30,8222.262675832193
Nifty PSU Bank TRI,2024-10-31,8202.839231734593
Nifty PSU Bank TRI,2024-11-01,8268.063380984426
Nifty PSU Bank TRI,2024-11-04,8249.373451898133
Nifty PSU Bank TRI,2024-11-05,8401.104171689882
Nifty PSU Bank TRI,2024-11-06,8518.565469006357
Nifty PSU Bank TRI,2024-11-07,8519.217726065646
Nifty PSU Bank TRI,2024-11-08,8351.74222248818
Nifty PSU Bank TRI,2024-11-11,8393.214329244132
Nifty PSU Bank TRI,2024-11-12,8231.990678708478
Nifty PSU Bank TRI,2024-11-13,7978.740054907884
Nifty PSU Bank TRI,2024-11-14,7923.537743429687
Nifty PSU Bank TRI,2024-11-18,7976.21653041443
Nifty PSU Bank TRI,2024-11-19,7926.861605089497
Nifty PSU Bank TRI,2024-11-21,7713.696419757641
Nifty PSU Bank TRI,2024-11-22,7945.044198867849
Nifty PSU Bank TRI,2024-11-25,8276.827915636102
Nifty PSU Bank TRI,2024-11-26,8290.413092910612
Nifty PSU Bank TRI,2024-11-27,8283.424844203255
Nifty PSU Bank TRI,2024-11-28,8360.568473357947
Nifty PSU Bank TRI,2024-11-29,8320.611917119997
Nifty PSU Bank TRI,2024-12-02,8305.203018095242
Nifty PSU Bank TRI,2024-12-03,8521.83946902612
Nifty PSU Bank TRI,2024-12-04,8713.760600005156
Nifty PSU Bank TRI,2024-12-05,8703.366854581844
Nifty PSU Bank TRI,2024-12-06,8739.999851071183
Nifty PSU Bank TRI,2024-12-09,8691.714980583884
Nifty PSU Bank TRI,2024-12-10,8738.24854768163
Nifty PSU Bank TRI,2024-12-11,8660.90262279828
Nifty PSU Bank TRI,2024-12-12,8593.446910797047
Nifty PSU Bank TRI,2024-12-13,8578.218887357065
Nifty PSU Bank TRI,2024-12-16,8622.89284716874
Nifty PSU Bank TRI,2024-12-17,8466.274543761776
Nifty PSU Bank TRI,2024-12-18,8303.961509108714
Nifty PSU Bank TRI,2024-12-19,8255.109350112096
Nifty PSU Bank TRI,2024-12-20,8036.675999437007
Nifty PSU Bank TRI,2024-12-23,8124.19939649206
Nifty PSU Bank TRI,2024-12-24,8079.363489239566
Nifty PSU Bank TRI,2024-12-26,8105.205335292891
Nifty PSU Bank TRI,2024-12-27,8033.101021869599
Nifty PSU Bank TRI,2024-12-30,7939.142743394833
Nifty PSU Bank TRI,2024-12-31,7997.484964830549
Nifty PSU Bank TRI,2025-01-02,8068.816083940165
Nifty PSU Bank TRI,2025-01-03,8094.213949067826
Nifty PSU Bank TRI,2025-01-06,7771.285492825273
Nifty PSU Bank TRI,2025-01-07,7810.373996945329
Nifty PSU Bank TRI,2025-01-08,7748.985485145579
Nifty PSU Bank TRI,2025-01-09,7651.324942846842
Nifty PSU Bank TRI,2025-01-10,7443.444363621488
Nifty PSU Bank TRI,2025-01-13,7214.543696984589
Nifty PSU Bank TRI,2025-01-14,7517.635253324379
Nifty PSU Bank TRI,2025-01-15,7525.527477024428
Nifty PSU Bank TRI,2025-01-16,7717.499135970589
Nifty PSU Bank TRI,2025-01-17,7701.17300714111
Nifty PSU Bank TRI,2025-01-20,7855.386179698871
Nifty PSU Bank TRI,2025-01-21,7719.745066887356
Nifty PSU Bank TRI,2025-01-22,7642.286030900551
Nifty PSU Bank TRI,2025-01-23,7635.315274736828
Nifty PSU Bank TRI,2025-01-24,7530.7366834336935
Nifty PSU Bank TRI,2025-01-27,7458.763780318513
Nifty PSU Bank TRI,2025-01-28,7586.560063809424
Nifty PSU Bank TRI,2025-01-29,7644.9565382570445
Nifty PSU Bank TRI,2025-01-30,7629.9044238585375
Nifty PSU Bank TRI,2025-01-31,7734.094463507652
Nifty PSU Bank TRI,2025-02-03,7490.5236140704965
Nifty PSU Bank TRI,2025-02-04,7671.254997967845
Nifty PSU Bank TRI,2025-02-05,7750.42678656162
Nifty PSU Bank TRI,2025-02-06,7694.167272473366
Nifty PSU Bank TRI,2025-02-07,7588.673730377316
Nifty PSU Bank TRI,2025-02-10,7512.31860279104
Nifty PSU Bank TRI,2025-02-11,7351.010025092657
Nifty PSU Bank TRI,2025-02-12,7413.349285262197
Nifty PSU Bank TRI,2025-02-13,7346.893279070933
Nifty PSU Bank TRI,2025-02-14,7193.581514373086
Nifty PSU Bank TRI,2025-02-17,7233.6035124218615
Nifty PSU Bank TRI,2025-02-18,7194.938188058563
Nifty PSU Bank TRI,2025-02-19,7291.166025066048
Nifty PSU Bank TRI,2025-02-20,7415.154555097738
Nifty PSU Bank TRI,2025-02-21,7315.8995218656655
Nifty PSU Bank TRI,2025-02-24,7295.471159357179
Nifty PSU Bank TRI,2025-02-25,7206.979353686312
Nifty PSU Bank TRI,2025-02-27,7129.249909642848
Nifty PSU Bank TRI,2025-02-28,6927.611338440515
Nifty PSU Bank TRI,2025-03-03,6902.900085545493
Nifty PSU Bank TRI,2025-03-04,7010.628874712906
Nifty PSU Bank TRI,2025-03-05,7221.221615103283
Nifty PSU Bank TRI,2025-03-06,7268.960663083212
Nifty PSU Bank TRI,2025-03-07,7272.015517539099
Nifty PSU Bank TRI,2025-03-10,7137.719608144595
Nifty PSU Bank TRI,2025-03-11,7139.29845777589
Nifty PSU Bank TRI,2025-03-12,7062.334470979153
Nifty PSU Bank TRI,2025-03-13,7092.8510255005085
Nifty PSU Bank TRI,2025-03-17,7077.326826347574
Nifty PSU Bank TRI,2025-03-18,7240.013067082991
Nifty PSU Bank TRI,2025-03-19,7383.454985386599
Nifty PSU Bank TRI,2025-03-20,7415.036045873103
Nifty PSU Bank TRI,2025-03-21,7520.959018578504
Nifty PSU Bank TRI,2025-03-24,7761.302359459593
Nifty PSU Bank TRI,2025-03-25,7627.700540023437
Nifty PSU Bank TRI,2025-03-26,7537.031166909681
Nifty PSU Bank TRI,2025-03-27,7725.502045163657
Nifty PSU Bank TRI,2025-03-28,7685.6304205912165
Nifty PSU Bank TRI,2025-04-01,7675.838242747613
Nifty PSU Bank TRI,2025-04-02,7733.160399285966
Nifty PSU Bank TRI,2025-04-03,7883.644494544337
Nifty PSU Bank TRI,2025-04-04,7692.181449589482
Nifty PSU Bank TRI,2025-04-07,7474.921544015964
Nifty PSU Bank TRI,2025-04-08,7672.5662248089475
Nifty PSU Bank TRI,2025-04-09,7479.6431826638045
Nifty PSU Bank TRI,2025-04-11,7576.939917689671
Nifty PSU Bank TRI,2025-04-15,7697.411524107282
Nifty PSU Bank TRI,2025-04-16,7880.270466645534
Nifty PSU Bank TRI,2025-04-17,8010.092004209333
Nifty PSU Bank TRI,2025-04-21,8209.640999301333
Nifty PSU Bank TRI,2025-04-22,8271.882920376422
Nifty PSU Bank TRI,2025-04-23,8225.173734285174
Nifty PSU Bank TRI,2025-04-24,8212.487636487074
Nifty PSU Bank TRI,2025-04-25,8028.67466822279
Nifty PSU Bank TRI,2025-04-28,8225.621689058984
Nifty PSU Bank TRI,2025-04-29,8221.533657172105
Nifty PSU Bank TRI,2025-04-30,8038.605063279451
Nifty PSU Bank TRI,2025-05-02,8054.25230995435
Nifty PSU Bank TRI,2025-05-05,8052.349107023562
Nifty PSU Bank TRI,2025-05-06,7663.200292605664
Nifty PSU Bank TRI,2025-05-07,7685.5741625562
Nifty PSU Bank TRI,2025-05-08,7581.781135910642
Nifty PSU Bank TRI,2025-05-09,7702.549115323971
Nifty PSU Bank TRI,2025-05-12,7955.440485895417
Nifty PSU Bank TRI,2025-05-13,8080.054516171971
Nifty PSU Bank TRI,2025-05-14,8125.995608779892
Nifty PSU Bank TRI,2025-05-15,8141.141767012232
Nifty PSU Bank TRI,2025-05-16,8150.0190574106355
Nifty PSU Bank TRI,2025-05-19,8269.924865879837
Nifty PSU Bank TRI,2025-05-20,8193.096802628012
Nifty PSU Bank TRI,2025-05-21,8248.217576717127
Nifty PSU Bank TRI,2025-05-22,8200.406307892257
Nifty PSU Bank TRI,2025-05-23,8243.47871818608
Nifty PSU Bank TRI,2025-05-26,8258.754667789444
Nifty PSU Bank TRI,2025-05-27,8280.24885227877
Nifty PSU Bank TRI,2025-05-28,8361.282704901869
Nifty PSU Bank TRI,2025-05-29,8341.448789032465
Nifty PSU Bank TRI,2025-05-30,8582.051574259616
Nifty PSU Bank TRI,2025-06-02,8767.596205467284
Nifty PSU Bank TRI,2025-06-03,8716.398279130144
Nifty PSU Bank TRI,2025-06-04,8737.42594922538
Nifty PSU Bank TRI,2025-06-05,8687.084198469163
Nifty PSU Bank TRI,2025-06-06,8737.46112462437
Nifty PSU Bank TRI,2025-06-09,8871.633270692097
Nifty PSU Bank TRI,2025-06-10,8825.71757420999
Nifty PSU Bank TRI,2025-06-11,8748.412026022319
Nifty PSU Bank TRI,2025-06-12,8637.681960204198
Nifty PSU Bank TRI,2025-06-13,8536.298021897725
Nifty PSU Bank TRI,2025-06-16,8559.56269492471
Nifty PSU Bank TRI,2025-06-17,8498.601666485973
Nifty PSU Bank TRI,2025-06-18,8463.920832884583
Nifty PSU Bank TRI,2025-06-19,8291.462793095638
Nifty PSU Bank TRI,2025-06-20,8427.79577045769
Nifty PSU Bank TRI,2025-06-23,8422.422781676478
Nifty PSU Bank TRI,2025-06-24,8545.360265934434
Nifty PSU Bank TRI,2025-06-25,8562.76541393783
Nifty PSU Bank TRI,2025-06-26,8599.692028790596
Nifty PSU Bank TRI,2025-06-27,8640.501756215706
Nifty PSU Bank TRI,2025-06-30,8871.778171875985
Nifty PSU Bank TRI,2025-07-01,8935.20980799601
Nifty PSU Bank TRI,2025-07-02,8861.72251734892
Nifty PSU Bank TRI,2025-07-03,8783.548121633788
Nifty PSU Bank TRI,2025-07-04,8812.303709956746
Nifty PSU Bank TRI,2025-07-07,8798.96522907258
Nifty PSU Bank TRI,2025-07-08,8777.083251784306
Nifty PSU Bank TRI,2025-07-09,8739.426534843331
Nifty PSU Bank TRI,2025-07-10,8669.850722703028
Nifty PSU Bank TRI,2025-07-11,8658.06553415011
Nifty PSU Bank TRI,2025-07-14,8721.919679774252
Nifty PSU Bank TRI,2025-07-15,8798.260831717065
Nifty PSU Bank TRI,2025-07-16,8957.438110259518
Nifty PSU Bank TRI,2025-07-17,8887.172917611546
Nifty PSU Bank TRI,2025-07-18,8829.106044197288
Nifty PSU Bank TRI,2025-07-21,8775.44802210958
Nifty PSU Bank TRI,2025-07-22,8638.030734115506
Nifty PSU Bank TRI,2025-07-23,8676.788694660936
Nifty PSU Bank TRI,2025-07-24,8784.78187143799
Nifty PSU Bank TRI,2025-07-25,8635.757689606447
Nifty PSU Bank TRI,2025-07-28,8533.041195937118
Nifty PSU Bank TRI,2025-07-29,8575.319119249589
Nifty PSU Bank TRI,2025-07-30,8519.184327093923
Nifty PSU Bank TRI,2025-07-31,8449.53964829266
Nifty PSU Bank TRI,2025-08-01,8354.173003991707
Nifty PSU Bank TRI,2025-08-04,8460.723745569692
Nifty PSU Bank TRI,2025-08-05,8448.424340417345
Nifty PSU Bank TRI,2025-08-06,8498.6076659441
Nifty PSU Bank TRI,2025-08-07,8523.9363291481
Nifty PSU Bank TRI,2025-08-08,8489.677612428848
Nifty PSU Bank TRI,2025-08-11,8677.588973230777
Nifty PSU Bank TRI,2025-08-12,8670.785479341293
Nifty PSU Bank TRI,2025-08-13,8659.107509108038
Nifty PSU Bank TRI,2025-08-14,8669.456349692677
Nifty PSU Bank TRI,2025-08-18,8706.107444627656
Nifty PSU Bank TRI,2025-08-19,8791.690695185045
Nifty PSU Bank TRI,2025-08-20,8768.225870724527
Nifty PSU Bank TRI,2025-08-21,8736.118959384981
Nifty PSU Bank TRI,2025-08-22,8638.768883066827
Nifty PSU Bank TRI,2025-08-25,8617.911292458872
Nifty PSU Bank TRI,2025-08-26,8456.70901645929
Nifty PSU Bank TRI,2025-08-28,8370.225235322585
Nifty PSU Bank TRI,2025-08-29,8342.351200098365
Nifty PSU Bank TRI,2025-09-01,8435.869536605234
Nifty PSU Bank TRI,2025-09-02,8459.863514413868
Nifty PSU Bank TRI,2025-09-03,8547.464451054071
Nifty PSU Bank TRI,2025-09-04,8453.327786958102
Nifty PSU Bank TRI,2025-09-05,8467.81507898729
Nifty PSU Bank TRI,2025-09-08,8510.233228404019
Nifty PSU Bank TRI,2025-09-09,8499.091010474438
Nifty PSU Bank TRI,2025-09-10,8677.273726490377
Nifty PSU Bank TRI,2025-09-11,8742.241325534178
Nifty PSU Bank TRI,2025-09-12,8718.99948127006
Nifty PSU Bank TRI,2025-09-15,8772.272124284567
Nifty PSU Bank TRI,2025-09-16,8810.133436258906
Nifty PSU Bank TRI,2025-09-17,9040.651730460475
Nifty PSU Bank TRI,2025-09-18,9026.314310242657
Nifty PSU Bank TRI,2025-09-19,9142.543627632755
Nifty PSU Bank TRI,2025-09-22,9110.537009646803
Nifty PSU Bank TRI,2025-09-23,9209.978168661593
Nifty PSU Bank TRI,2025-09-24,9186.682281176252
Nifty PSU Bank TRI,2025-09-25,9139.340985342698
Nifty PSU Bank TRI,2025-09-26,8976.657912774941
Nifty PSU Bank TRI,2025-09-29,9137.616634475447
Nifty PSU Bank TRI,2025-09-30,9306.140728023116
Nifty PSU Bank TRI,2025-10-01,9272.45586772334
Nifty PSU Bank TRI,2025-10-03,9377.206063529602
Nifty PSU Bank TRI,2025-10-06,9417.742234084777
Nifty PSU Bank TRI,2025-10-07,9379.29193720972
Nifty PSU Bank TRI,2025-10-08,9305.094739095317
Nifty PSU Bank TRI,2025-10-09,9362.183714859795
Nifty PSU Bank TRI,2025-10-10,9519.03484632508
Nifty PSU Bank TRI,2025-10-13,9542.652184798919
Nifty PSU Bank TRI,2025-10-14,9397.741814862231
Nifty PSU Bank TRI,2025-10-15,9554.750127057832
Nifty PSU Bank TRI,2025-10-16,9512.641138046407
Nifty PSU Bank TRI,2025-10-17,9451.165608155445
Nifty PSU Bank TRI,2025-10-20,9723.439699332328
Nifty PSU Bank TRI,2025-10-21,9718.205221241615
Nifty PSU Bank TRI,2025-10-23,9746.286287055786
Nifty PSU Bank TRI,2025-10-24,9674.963313374323
Nifty PSU Bank TRI,2025-10-27,9890.590250320727
Nifty PSU Bank TRI,2025-10-28,10011.062053656648
Nifty PSU Bank TRI,2025-10-29,10013.698671984675
Nifty PSU Bank TRI,2025-10-30,9976.102425198125
Nifty PSU Bank TRI,2025-10-31,10131.998526236817
Nifty PSU Bank TRI,2025-11-03,10327.622440436355
Nifty PSU Bank TRI,2025-11-04,10316.838197625486
Nifty PSU Bank TRI,2025-11-06,10253.413566531819
Nifty PSU Bank TRI,2025-11-07,10342.681392533044
Nifty PSU Bank TRI,2025-11-10,10329.765456134652
Nifty PSU Bank TRI,2025-11-11,10289.624759352442
Nifty PSU Bank TRI,2025-11-12,10354.202299458815
Nifty PSU Bank TRI,2025-11-13,10284.393898013344
Nifty PSU Bank TRI,2025-11-14,10404.779910661953
Nifty PSU Bank TRI,2025-11-17,10519.715066028248
Nifty PSU Bank TRI,2025-11-18,10502.922958685544
Nifty PSU Bank TRI,2025-11-19,10625.572167403818
Nifty PSU Bank TRI,2025-11-20,10531.779758830846
Nifty PSU Bank TRI,2025-11-21,10381.481499857438
Nifty PSU Bank TRI,2025-11-24,10366.703437572765
Nifty PSU Bank TRI,2025-11-25,10516.763587966481
Nifty PSU Bank TRI,2025-11-26,10598.303735782687
Nifty PSU Bank TRI,2025-11-27,10536.954158579809
Nifty PSU Bank TRI,2025-11-28,10552.62909981403
Nifty PSU Bank TRI,2025-12-01,10580.321552158333
Nifty PSU Bank TRI,2025-12-02,10554.969652986958
Nifty PSU Bank TRI,2025-12-03,10230.986226232233
Nifty PSU Bank TRI,2025-12-04,10235.742190627318
Nifty PSU Bank TRI,2025-12-05,10391.188650248369
Nifty PSU Bank TRI,2025-12-08,10100.27917065315
Nifty PSU Bank TRI,2025-12-09,10231.132420115393
Nifty PSU Bank TRI,2025-12-10,10159.93991410291
Nifty PSU Bank TRI,2025-12-11,10212.187625288394
Nifty PSU Bank TRI,2025-12-12,10228.04331799963
Nifty PSU Bank TRI,2025-12-15,10276.36171330783
Nifty PSU Bank TRI,2025-12-16,10185.3088026239
Nifty PSU Bank TRI,2025-12-17,10317.572564514345
Nifty PSU Bank TRI,2025-12-18,10326.862468468025
Nifty PSU Bank TRI,2025-12-19,10366.7911954663
Nifty PSU Bank TRI,2025-12-22,10391.81696955466
Nifty PSU Bank TRI,2025-12-23,10356.447106414224
Nifty PSU Bank TRI,2025-12-24,10309.599076318373
Nifty PSU Bank TRI,2025-12-26,10283.080177301963
Nifty PSU Bank TRI,2025-12-29,10289.30156835795
Nifty PSU Bank TRI,2025-12-30,10463.523334032858
Nifty PSU Bank TRI,2025-12-31,10590.103526058301
Nifty PSU Bank TRI,2026-01-02,10797.929612955073
Nifty PSU Bank TRI,2026-01-05,10848.777590490668
Nifty PSU Bank TRI,2026-01-06,10912.715769260594
Nifty PSU Bank TRI,2026-01-07,10884.236034747262
Nifty PSU Bank TRI,2026-01-08,10658.36074456794
Nifty PSU Bank TRI,2026-01-09,10678.287163548457
Nifty PSU Bank TRI,2026-01-12,10749.312856665396
Nifty PSU Bank TRI,2026-01-13,10833.93888182731
Nifty PSU Bank TRI,2026-01-14,11064.914263145189
Nifty PSU Bank TRI,2026-01-16,11194.473004056368
Nifty PSU Bank TRI,2026-01-19,11161.624745814961
Nifty PSU Bank TRI,2026-01-20,11015.701463118296
Nifty PSU Bank TRI,2026-01-21,10905.04409138501
Nifty PSU Bank TRI,2026-01-22,11160.62916241431
Nifty PSU Bank TRI,2026-01-23,10907.982100460418
Nifty PSU Bank TRI,2026-01-27,11101.963578586372
Nifty PSU Bank TRI,2026-01-28,11288.848764822034
Nifty PSU Bank TRI,2026-01-29,11200.344827418554
Nifty PSU Bank TRI,2026-01-30,11207.199916793626
Nifty PSU Bank TRI,2026-02-02,10677.119927748729
Nifty PSU Bank TRI,2026-02-03,10960.782991681377
Nifty PSU Bank TRI,2026-02-04,11045.618179947172
Nifty PSU Bank TRI,2026-02-05,11088.575072136115
Nifty PSU Bank TRI,2026-02-06,11032.473878588065
Nifty PSU Bank TRI,2026-02-09,11402.58193013643
Nifty PSU Bank TRI,2026-02-10,11381.789699255698
Nifty PSU Bank TRI,2026-02-11,11499.672342551154
Nifty PSU Bank TRI,2026-02-12,11474.344055417927
Nifty PSU Bank TRI,2026-02-13,11396.54692959999
Nifty PSU Bank TRI,2026-02-16,11569.410758522303
Nifty PSU Bank TRI,2026-02-17,11814.102096154918
Nifty PSU Bank TRI,2026-02-18,11969.839841916215
Nifty PSU Bank TRI,2026-02-19,11821.470242825804
Nifty PSU Bank TRI,2026-02-20,12020.747030063603
Nifty PSU Bank TRI,2026-02-23,12185.215445669652
Nifty PSU Bank TRI,2026-02-24,12220.788686600528
Nifty PSU Bank TRI,2026-02-25,12174.206077945395
Nifty PSU Bank TRI,2026-02-26,12289.95277354052
Nifty PSU Bank TRI,2026-02-27,12216.561361445978
Nifty PSU Bank TRI,2026-03-02,11992.74016683655
Nifty PSU Bank TRI,2026-03-04,11605.389369768838
Nifty PSU Bank TRI,2026-03-05,11662.290797668622
Nifty PSU Bank TRI,2026-03-06,11428.517872452478
Nifty PSU Bank TRI,2026-03-09,10975.611351442029
Nifty PSU Bank TRI,2026-03-10,11218.123714237188
Nifty PSU Bank TRI,2026-03-11,11012.724789087686
Nifty PSU Bank TRI,2026-03-12,11010.248047711193
Nifty PSU Bank TRI,2026-03-13,10600.567519836217
Nifty PSU Bank TRI,2026-03-16,10666.410352091916
Nifty PSU Bank TRI,2026-03-17,10702.386950521222
Nifty PSU Bank TRI,2026-03-18,10783.745347258728
Nifty PSU Bank TRI,2026-03-19,10470.878541333013
Nifty PSU Bank TRI,2026-03-20,10688.318620824579
Nifty PSU Bank TRI,2026-03-23,10250.130006214726
Nifty PSU Bank TRI,2026-03-24,10407.325387025534
Nifty PSU Bank TRI,2026-03-25,10686.076660560977
Nifty PSU Bank TRI,2026-03-27,10273.969540184216
Nifty PSU Bank TRI,2026-03-30,9806.893583805979
Nifty PSU Bank TRI,2026-04-01,10170.617576773546
Nifty PSU Bank TRI,2026-04-02,10133.162484543356
Nifty PSU Bank TRI,2026-04-06,10370.97942184333
Nifty PSU Bank TRI,2026-04-07,10297.702497660664
Nifty PSU Bank TRI,2026-04-08,10860.45174847247
Nifty PSU Bank TRI,2026-04-09,10723.328755261236
Nifty PSU Bank TRI,2026-04-10,10938.784256237777
Nifty PSU Bank TRI,2026-04-13,10859.924652663576
Nifty PSU Bank TRI,2026-04-15,10983.578241899342
Nifty PSU Bank TRI,2026-04-16,10965.577858575687
Nifty PSU Bank TRI,2026-04-17,11047.420920406525
Nifty PSU Bank TRI,2026-04-20,11145.448013969382
Nifty PSU Bank TRI,2026-04-21,11234.416796756183
Nifty PSU Bank TRI,2026-04-22,11248.277135000684
Nifty PSU Bank TRI,2026-04-23,11001.934501585856
Nifty PSU Bank TRI,2026-04-24,10986.112028284684
Nifty PSU Bank TRI,2026-04-27,11040.452548794154
Nifty PSU Bank TRI,2026-04-28,10803.154272536654
Nifty PSU Bank TRI,2026-04-29,10759.510537152606
Nifty PSU Bank TRI,2026-04-30,10578.988404045385
Nifty PSU Bank TRI,2026-05-04,10547.28490562586
Nifty PSU Bank TRI,2026-05-05,10527.070722399092
Nifty PSU Bank TRI,2026-05-06,10826.76237621948
Nifty PSU Bank TRI,2026-05-07,10774.121793194572
Nifty PSU Bank TRI,2026-05-08,10444.398493261648
Nifty PSU Bank TRI,2026-05-11,10182.535545439956
Nifty PSU Bank TRI,2026-05-12,10071.0278050958
Nifty PSU Bank TRI,2026-05-13,10062.516681797382
Nifty PSU Bank TRI,2026-05-14,10200.439771160429
Nifty PSU Bank TRI,2026-05-15,10017.164668629284
Nifty PSU Bank TRI,2026-05-18,9825.939355945453
Nifty PSU Bank TRI,2026-05-19,9905.469706361879
Nifty PSU Bank TRI,2026-05-20,9948.934907489423
Nifty PSU Bank TRI,2026-05-21,9971.12193435121
Nifty PSU Bank TRI,2026-05-22,9993.74715651133
Nifty PSU Bank TRI,2026-05-25,10284.53802477067
Nifty PSU Bank TRI,2026-05-26,10237.641268046576
Nifty PSU Bank TRI,2026-05-27,10269.583551016864
Nifty PSU Bank TRI,2026-05-29,10183.891431064456
Nifty PSU Bank TRI,2026-06-01,9997.010140936165
Nifty PSU Bank TRI,2026-06-02,10051.928467221273
Nifty PSU Bank TRI,2026-06-03,10223.121131345262
Nifty PSU Bank TRI,2026-06-04,10265.313886331944
Nifty PSU Bank TRI,2026-06-05,10315.316745099368
Nifty PSU Bank TRI,2026-06-08,10242.255381040824
Nifty PSU Bank TRI,2026-06-09,10613.740091933116
Nifty PSU Bank TRI,2026-06-10,10466.88973858849
Nifty PSU Bank TRI,2026-06-11,10373.93296051218
Nifty PSU Bank TRI,2026-06-12,10655.204485404283
Nifty PSU Bank TRI,2026-06-15,10722.167533878957
Nifty PSU Bank TRI,2026-06-16,10699.988575896215
Nifty PSU Bank TRI,2026-06-17,10887.736424513882
Nifty PSU Bank TRI,2026-06-18,10960.159863950277
Nifty PSU Bank TRI,2026-06-19,10892.873504825946
Nifty PSU Bank TRI,2026-06-22,10953.448428222497
Nifty PSU Bank TRI,2026-06-23,10737.788787395604
Nifty PSU Bank TRI,2026-06-24,10784.724475956189
Nifty PSU Bank TRI,2026-06-25,10795.038289187707
Nifty PSU Bank TRI,2026-06-30,10617.892052443824
