index_name,date,tri
Nifty Realty TRI,2011-06-30,267.6499938964844
Nifty Realty TRI,2011-07-01,275.2037701286085
Nifty Realty TRI,2011-07-04,286.3656471334613
Nifty Realty TRI,2011-07-05,283.1693268268027
Nifty Realty TRI,2011-07-06,284.82332265871776
Nifty Realty TRI,2011-07-07,290.8277855323645
Nifty Realty TRI,2011-07-08,297.7825283307682
Nifty Realty TRI,2011-07-11,288.79337541011984
Nifty Realty TRI,2011-07-12,280.29592601344694
Nifty Realty TRI,2011-07-13,283.45030664413923
Nifty Realty TRI,2011-07-14,290.305492983664
Nifty Realty TRI,2011-07-15,288.3590455107565
Nifty Realty TRI,2011-07-18,291.22156520600186
Nifty Realty TRI,2011-07-19,294.8764829077188
Nifty Realty TRI,2011-07-20,296.0808494947678
Nifty Realty TRI,2011-07-21,291.9837105673499
Nifty Realty TRI,2011-07-22,294.4384460078673
Nifty Realty TRI,2011-07-25,296.65124089782023
Nifty Realty TRI,2011-07-26,285.9515105224445
Nifty Realty TRI,2011-07-27,284.5048683492863
Nifty Realty TRI,2011-07-28,279.70692994027746
Nifty Realty TRI,2011-07-29,273.1581367787616
Nifty Realty TRI,2011-08-01,274.36986373390783
Nifty Realty TRI,2011-08-02,269.621469393382
Nifty Realty TRI,2011-08-03,266.17353680560365
Nifty Realty TRI,2011-08-04,260.37441102454164
Nifty Realty TRI,2011-08-05,251.3235135060175
Nifty Realty TRI,2011-08-08,239.32741698397834
Nifty Realty TRI,2011-08-09,238.4802298152877
Nifty Realty TRI,2011-08-10,247.33843331552217
Nifty Realty TRI,2011-08-11,244.54020142154434
Nifty Realty TRI,2011-08-12,241.3916966507834
Nifty Realty TRI,2011-08-16,228.79678668534095
Nifty Realty TRI,2011-08-17,221.3950651701457
Nifty Realty TRI,2011-08-18,221.14792104088835
Nifty Realty TRI,2011-08-19,222.5518909471253
Nifty Realty TRI,2011-08-22,223.56173205313058
Nifty Realty TRI,2011-08-23,224.41541795200732
Nifty Realty TRI,2011-08-24,221.61637566171473
Nifty Realty TRI,2011-08-25,223.52086451129782
Nifty Realty TRI,2011-08-26,213.215893631615
Nifty Realty TRI,2011-08-29,222.63232684077204
Nifty Realty TRI,2011-08-30,231.59282201566947
Nifty Realty TRI,2011-09-02,237.15716499207926
Nifty Realty TRI,2011-09-05,238.46807339898373
Nifty Realty TRI,2011-09-06,232.86612133409224
Nifty Realty TRI,2011-09-07,241.47741406683946
Nifty Realty TRI,2011-09-08,242.73190689468814
Nifty Realty TRI,2011-09-09,237.02969559457705
Nifty Realty TRI,2011-09-12,229.63191531679806
Nifty Realty TRI,2011-09-13,230.8362928072489
Nifty Realty TRI,2011-09-14,231.54016870753546
Nifty Realty TRI,2011-09-15,239.95216112595884
Nifty Realty TRI,2011-09-16,242.6082709168076
Nifty Realty TRI,2011-09-19,241.7672628862372
Nifty Realty TRI,2011-09-20,245.67492752629605
Nifty Realty TRI,2011-09-21,248.43140082946013
Nifty Realty TRI,2011-09-22,233.41757786588295
Nifty Realty TRI,2011-09-23,231.46850363947394
Nifty Realty TRI,2011-09-26,230.07630882713215
Nifty Realty TRI,2011-09-27,241.94385156011631
Nifty Realty TRI,2011-09-28,243.14864324514016
Nifty Realty TRI,2011-09-29,243.15196349765614
Nifty Realty TRI,2011-09-30,237.89868421617106
Nifty Realty TRI,2011-10-03,225.0918115523518
Nifty Realty TRI,2011-10-04,223.14233037104472
Nifty Realty TRI,2011-10-05,225.94907640391253
Nifty Realty TRI,2011-10-07,234.91736676887032
Nifty Realty TRI,2011-10-10,243.23854673354447
Nifty Realty TRI,2011-10-11,242.89138476757086
Nifty Realty TRI,2011-10-12,250.0047824605118
Nifty Realty TRI,2011-10-13,250.75927244914035
Nifty Realty TRI,2011-10-14,247.45792882321078
Nifty Realty TRI,2011-10-17,248.97030053061036
Nifty Realty TRI,2011-10-18,242.9146028958331
Nifty Realty TRI,2011-10-19,251.28057665048263
Nifty Realty TRI,2011-10-20,245.1246011997741
Nifty Realty TRI,2011-10-21,240.52083889844602
Nifty Realty TRI,2011-10-24,243.28505158350262
Nifty Realty TRI,2011-10-25,246.6938192266294
Nifty Realty TRI,2011-10-28,262.6300098966866
Nifty Realty TRI,2011-10-31,261.88950812368313
Nifty Realty TRI,2011-11-01,256.4839086015836
Nifty Realty TRI,2011-11-02,255.63596802319805
Nifty Realty TRI,2011-11-03,260.54790590718784
Nifty Realty TRI,2011-11-04,262.955623335731
Nifty Realty TRI,2011-11-08,259.1631951306334
Nifty Realty TRI,2011-11-09,251.20237920575732
Nifty Realty TRI,2011-11-11,244.7474298206795
Nifty Realty TRI,2011-11-14,237.79444535312714
Nifty Realty TRI,2011-11-15,223.92156269404532
Nifty Realty TRI,2011-11-16,224.7762413987308
Nifty Realty TRI,2011-11-17,218.9682091315281
Nifty Realty TRI,2011-11-18,215.16387266247622
Nifty Realty TRI,2011-11-21,207.80821418519693
Nifty Realty TRI,2011-11-22,208.41224714582592
Nifty Realty TRI,2011-11-23,204.75781509526516
Nifty Realty TRI,2011-11-24,208.2676437396758
Nifty Realty TRI,2011-11-25,210.07411686094264
Nifty Realty TRI,2011-11-28,217.09717119276468
Nifty Realty TRI,2011-11-29,211.93944147447488
Nifty Realty TRI,2011-11-30,210.53941368469475
Nifty Realty TRI,2011-12-01,218.5090211759981
Nifty Realty TRI,2011-12-02,222.97143052081066
Nifty Realty TRI,2011-12-05,222.17883389728976
Nifty Realty TRI,2011-12-07,223.5879730197952
Nifty Realty TRI,2011-12-08,214.62131590750818
Nifty Realty TRI,2011-12-09,211.51739058401967
Nifty Realty TRI,2011-12-12,205.5125218292557
Nifty Realty TRI,2011-12-13,206.86838256429942
Nifty Realty TRI,2011-12-14,202.16048030715814
Nifty Realty TRI,2011-12-15,201.66209250774364
Nifty Realty TRI,2011-12-16,194.69879213984535
Nifty Realty TRI,2011-12-19,189.1938352751937
Nifty Realty TRI,2011-12-20,183.43281925002822
Nifty Realty TRI,2011-12-21,185.74079841390176
Nifty Realty TRI,2011-12-22,191.90804255331258
Nifty Realty TRI,2011-12-23,192.16126465216632
Nifty Realty TRI,2011-12-26,195.22660398670754
Nifty Realty TRI,2011-12-27,191.67053042353777
Nifty Realty TRI,2011-12-28,190.0691974872845
Nifty Realty TRI,2011-12-29,186.4127013555659
Nifty Realty TRI,2011-12-30,184.66086833684426
Nifty Realty TRI,2012-01-02,183.5656449893029
Nifty Realty TRI,2012-01-03,191.93949151439332
Nifty Realty TRI,2012-01-04,191.29044781062646
Nifty Realty TRI,2012-01-05,187.733883115524
Nifty Realty TRI,2012-01-06,186.33281580126976
Nifty Realty TRI,2012-01-09,190.75205428487698
Nifty Realty TRI,2012-01-10,200.27985884436794
Nifty Realty TRI,2012-01-11,209.507120626834
Nifty Realty TRI,2012-01-12,209.9110626734084
Nifty Realty TRI,2012-01-13,214.32577515257208
Nifty Realty TRI,2012-01-16,213.18141642509835
Nifty Realty TRI,2012-01-17,220.95562798750527
Nifty Realty TRI,2012-01-18,222.6633377786606
Nifty Realty TRI,2012-01-19,230.538159461616
Nifty Realty TRI,2012-01-20,232.34633173464022
Nifty Realty TRI,2012-01-23,234.3113667337837
Nifty Realty TRI,2012-01-24,237.17267870825262
Nifty Realty TRI,2012-01-25,236.67448835679656
Nifty Realty TRI,2012-01-27,230.91436109990389
Nifty Realty TRI,2012-01-30,223.70275324335526
Nifty Realty TRI,2012-01-31,232.1304992633465
Nifty Realty TRI,2012-02-01,234.34016450335227
Nifty Realty TRI,2012-02-02,236.54990535115223
Nifty Realty TRI,2012-02-03,241.16684009423375
Nifty Realty TRI,2012-02-06,251.20694325097898
Nifty Realty TRI,2012-02-07,245.24231215538478
Nifty Realty TRI,2012-02-08,252.5177715996212
Nifty Realty TRI,2012-02-09,257.4362244996543
Nifty Realty TRI,2012-02-10,255.13267469306115
Nifty Realty TRI,2012-02-13,255.29358813885295
Nifty Realty TRI,2012-02-14,261.2155464526052
Nifty Realty TRI,2012-02-15,273.5578229112658
Nifty Realty TRI,2012-02-16,278.6275007213305
Nifty Realty TRI,2012-02-17,281.64082449680075
Nifty Realty TRI,2012-02-21,294.7984987657674
Nifty Realty TRI,2012-02-22,274.18589287589
Nifty Realty TRI,2012-02-23,267.51799591893314
Nifty Realty TRI,2012-02-24,260.59909957971513
Nifty Realty TRI,2012-02-27,246.31260769688845
Nifty Realty TRI,2012-02-28,261.56650381530875
Nifty Realty TRI,2012-02-29,264.6803970498879
Nifty Realty TRI,2012-03-01,255.20236167903303
Nifty Realty TRI,2012-03-02,249.38632754555678
Nifty Realty TRI,2012-03-05,239.86418775307374
Nifty Realty TRI,2012-03-06,237.40908814945612
Nifty Realty TRI,2012-03-07,240.07142220488595
Nifty Realty TRI,2012-03-09,247.30289287976066
Nifty Realty TRI,2012-03-12,250.07265400128952
Nifty Realty TRI,2012-03-13,255.7961043022588
Nifty Realty TRI,2012-03-14,253.4413127314513
Nifty Realty TRI,2012-03-15,246.11890698011374
Nifty Realty TRI,2012-03-16,242.86070868800593
Nifty Realty TRI,2012-03-19,236.49780588800792
Nifty Realty TRI,2012-03-20,239.9635071230272
Nifty Realty TRI,2012-03-21,248.69831978370837
Nifty Realty TRI,2012-03-22,237.9125979324937
Nifty Realty TRI,2012-03-23,241.62935816138298
Nifty Realty TRI,2012-03-26,232.9573124890005
Nifty Realty TRI,2012-03-27,236.62401945891872
Nifty Realty TRI,2012-03-28,232.51198795746396
Nifty Realty TRI,2012-03-29,232.9668558817332
Nifty Realty TRI,2012-03-30,239.94608623478823
Nifty Realty TRI,2012-04-02,244.02126702713198
Nifty Realty TRI,2012-04-03,246.13257702906918
Nifty Realty TRI,2012-04-04,242.47201191580277
Nifty Realty TRI,2012-04-09,240.73176764944972
Nifty Realty TRI,2012-04-10,241.03622775223135
Nifty Realty TRI,2012-04-11,238.98149443072595
Nifty Realty TRI,2012-04-12,239.58710461814098
Nifty Realty TRI,2012-04-13,236.72915521783622
Nifty Realty TRI,2012-04-16,239.39939811505073
Nifty Realty TRI,2012-04-17,245.2760455815987
Nifty Realty TRI,2012-04-18,242.66896542953296
Nifty Realty TRI,2012-04-19,241.3168577035792
Nifty Realty TRI,2012-04-20,237.45460670532
Nifty Realty TRI,2012-04-23,229.78314740816532
Nifty Realty TRI,2012-04-24,230.28833076892607
Nifty Realty TRI,2012-04-25,227.32935356404374
Nifty Realty TRI,2012-04-26,225.32422048653825
Nifty Realty TRI,2012-04-27,222.71656237756696
Nifty Realty TRI,2012-04-30,227.64613028540262
Nifty Realty TRI,2012-05-02,227.1502469875782
Nifty Realty TRI,2012-05-03,223.38754387363483
Nifty Realty TRI,2012-05-04,217.71671021283998
Nifty Realty TRI,2012-05-07,218.4788313750302
Nifty Realty TRI,2012-05-08,214.86638908041547
Nifty Realty TRI,2012-05-09,208.69290319908802
Nifty Realty TRI,2012-05-10,207.99273857092473
Nifty Realty TRI,2012-05-11,207.44319730442552
Nifty Realty TRI,2012-05-14,203.78575223719403
Nifty Realty TRI,2012-05-15,205.7470866943121
Nifty Realty TRI,2012-05-16,204.4441823558076
Nifty Realty TRI,2012-05-17,206.20468570500373
Nifty Realty TRI,2012-05-18,206.3079343185277
Nifty Realty TRI,2012-05-21,210.68579964166577
Nifty Realty TRI,2012-05-22,207.97659658790363
Nifty Realty TRI,2012-05-23,205.76956397152642
Nifty Realty TRI,2012-05-24,207.37956884593083
Nifty Realty TRI,2012-05-25,209.0900754196306
Nifty Realty TRI,2012-05-28,211.5598192402763
Nifty Realty TRI,2012-05-29,213.06956499180464
Nifty Realty TRI,2012-05-30,207.24587871845844
Nifty Realty TRI,2012-05-31,208.95652338359233
Nifty Realty TRI,2012-06-01,205.59391910262468
Nifty Realty TRI,2012-06-04,209.2693361503139
Nifty Realty TRI,2012-06-05,206.860983145664
Nifty Realty TRI,2012-06-06,212.33933149285986
Nifty Realty TRI,2012-06-07,216.8633571881728
Nifty Realty TRI,2012-06-08,220.53349810824713
Nifty Realty TRI,2012-06-11,218.43255229565887
Nifty Realty TRI,2012-06-12,222.8565027580362
Nifty Realty TRI,2012-06-13,219.49353676968457
Nifty Realty TRI,2012-06-14,213.11612200857385
Nifty Realty TRI,2012-06-15,217.18847795836012
Nifty Realty TRI,2012-06-18,211.0175809100188
Nifty Realty TRI,2012-06-19,211.37216930909167
Nifty Realty TRI,2012-06-20,211.12383737970833
Nifty Realty TRI,2012-06-21,217.85945873989348
Nifty Realty TRI,2012-06-22,218.61610904518062
Nifty Realty TRI,2012-06-25,217.16790256722732
Nifty Realty TRI,2012-06-26,218.07532177267987
Nifty Realty TRI,2012-06-27,218.78177496205453
Nifty Realty TRI,2012-06-28,218.83501468845031
Nifty Realty TRI,2012-06-29,224.06398202516752
Nifty Realty TRI,2012-07-02,229.1486047460093
Nifty Realty TRI,2012-07-03,233.7247210536977
Nifty Realty TRI,2012-07-04,238.09993698803532
Nifty Realty TRI,2012-07-05,237.3493791146944
Nifty Realty TRI,2012-07-06,234.2368422029765
Nifty Realty TRI,2012-07-09,231.58282420852348
Nifty Realty TRI,2012-07-10,235.35528979301404
Nifty Realty TRI,2012-07-11,232.99638385962143
Nifty Realty TRI,2012-07-12,235.2612092055121
Nifty Realty TRI,2012-07-13,232.09806809902292
Nifty Realty TRI,2012-07-16,228.2877149669923
Nifty Realty TRI,2012-07-17,225.12430568299231
Nifty Realty TRI,2012-07-18,226.98711203658132
Nifty Realty TRI,2012-07-19,228.34731834605032
Nifty Realty TRI,2012-07-20,226.03829371147495
Nifty Realty TRI,2012-07-23,219.61345815561356
Nifty Realty TRI,2012-07-24,219.06351711990166
Nifty Realty TRI,2012-07-25,218.96598234456096
Nifty Realty TRI,2012-07-26,211.22764824744024
Nifty Realty TRI,2012-07-27,209.37057181524125
Nifty Realty TRI,2012-07-30,217.02036292046466
Nifty Realty TRI,2012-07-31,219.48664105874627
Nifty Realty TRI,2012-08-01,221.34971064949903
Nifty Realty TRI,2012-08-02,220.5986357782781
Nifty Realty TRI,2012-08-03,219.14370952063334
Nifty Realty TRI,2012-08-06,222.018420007819
Nifty Realty TRI,2012-08-07,225.3397101374774
Nifty Realty TRI,2012-08-08,220.31505893464467
Nifty Realty TRI,2012-08-09,219.6141635447507
Nifty Realty TRI,2012-08-10,218.36019603317243
Nifty Realty TRI,2012-08-13,224.35255886084283
Nifty Realty TRI,2012-08-14,222.5454889026939
Nifty Realty TRI,2012-08-16,222.04873901378568
Nifty Realty TRI,2012-08-17,217.57654609555087
Nifty Realty TRI,2012-08-21,221.00788662039596
Nifty Realty TRI,2012-08-22,218.5971397031173
Nifty Realty TRI,2012-08-23,218.09724887992243
Nifty Realty TRI,2012-08-24,212.81995884686862
Nifty Realty TRI,2012-08-27,207.49789937335507
Nifty Realty TRI,2012-08-28,206.7966616597429
Nifty Realty TRI,2012-08-29,199.75864721163254
Nifty Realty TRI,2012-08-30,202.92978932673105
Nifty Realty TRI,2012-08-31,200.1664412186679
Nifty Realty TRI,2012-09-03,199.36991604581604
Nifty Realty TRI,2012-09-04,202.74246475629576
Nifty Realty TRI,2012-09-05,200.33099158264866
Nifty Realty TRI,2012-09-06,199.47868402072402
Nifty Realty TRI,2012-09-07,205.5171539368479
Nifty Realty TRI,2012-09-10,204.6201650109802
Nifty Realty TRI,2012-09-11,206.5343923211578
Nifty Realty TRI,2012-09-12,208.9516696955836
Nifty Realty TRI,2012-09-13,207.8478880952726
Nifty Realty TRI,2012-09-14,217.81065303088954
Nifty Realty TRI,2012-09-17,232.10612240343917
Nifty Realty TRI,2012-09-18,232.51174458985545
Nifty Realty TRI,2012-09-20,232.36716498980238
Nifty Realty TRI,2012-09-21,237.55201969878874
Nifty Realty TRI,2012-09-24,240.98279529940575
Nifty Realty TRI,2012-09-25,246.11773737276067
Nifty Realty TRI,2012-09-26,246.4229514935759
Nifty Realty TRI,2012-09-27,248.6400400910807
Nifty Realty TRI,2012-09-28,246.93280455364825
Nifty Realty TRI,2012-10-01,247.5970164894625
Nifty Realty TRI,2012-10-03,248.4591369601126
Nifty Realty TRI,2012-10-04,260.94099845409056
Nifty Realty TRI,2012-10-05,262.3031299936821
Nifty Realty TRI,2012-10-08,252.40100646577613
Nifty Realty TRI,2012-10-09,253.86372611656915
Nifty Realty TRI,2012-10-10,241.58898068993756
Nifty Realty TRI,2012-10-11,253.3171225839423
Nifty Realty TRI,2012-10-12,250.6032006573538
Nifty Realty TRI,2012-10-15,251.97222079171948
Nifty Realty TRI,2012-10-16,243.8230577911643
Nifty Realty TRI,2012-10-17,242.46759628913352
Nifty Realty TRI,2012-10-18,249.71787086247556
Nifty Realty TRI,2012-10-19,247.25525836344517
Nifty Realty TRI,2012-10-22,248.27196348660325
Nifty Realty TRI,2012-10-23,246.6648193278173
Nifty Realty TRI,2012-10-25,242.69542091068044
Nifty Realty TRI,2012-10-29,237.92698441054256
Nifty Realty TRI,2012-10-30,232.49411994656364
Nifty Realty TRI,2012-10-31,235.71873070545726
Nifty Realty TRI,2012-11-01,239.59780244957423
Nifty Realty TRI,2012-11-02,241.11116501838814
Nifty Realty TRI,2012-11-05,240.51697523257246
Nifty Realty TRI,2012-11-06,245.60451269162323
Nifty Realty TRI,2012-11-07,252.90713704429683
Nifty Realty TRI,2012-11-08,257.74328012627205
Nifty Realty TRI,2012-11-09,253.87052329741843
Nifty Realty TRI,2012-11-12,256.3477541882256
Nifty Realty TRI,2012-11-15,261.7955416738803
Nifty Realty TRI,2012-11-16,252.18303054637883
Nifty Realty TRI,2012-11-19,252.14301042567462
Nifty Realty TRI,2012-11-20,244.09065606568072
Nifty Realty TRI,2012-11-21,250.38766686641833
Nifty Realty TRI,2012-11-22,251.04564660605647
Nifty Realty TRI,2012-11-23,249.63924317099742
Nifty Realty TRI,2012-11-26,250.5054747138993
Nifty Realty TRI,2012-11-27,259.42147935937555
Nifty Realty TRI,2012-11-29,268.79456753146246
Nifty Realty TRI,2012-11-30,268.44574257093075
Nifty Realty TRI,2012-12-03,272.33428672188006
Nifty Realty TRI,2012-12-04,274.6545085196993
Nifty Realty TRI,2012-12-05,281.9603209231984
Nifty Realty TRI,2012-12-06,287.55408950005676
Nifty Realty TRI,2012-12-07,282.6730489275715
Nifty Realty TRI,2012-12-10,285.9078404021302
Nifty Realty TRI,2012-12-11,279.86816367019054
Nifty Realty TRI,2012-12-12,280.17415621052044
Nifty Realty TRI,2012-12-13,274.234971376344
Nifty Realty TRI,2012-12-14,276.75697797607455
Nifty Realty TRI,2012-12-17,278.38007543887153
Nifty Realty TRI,2012-12-18,285.03245737234425
Nifty Realty TRI,2012-12-19,286.59776621603703
Nifty Realty TRI,2012-12-20,285.7957822537522
Nifty Realty TRI,2012-12-21,275.57453980114553
Nifty Realty TRI,2012-12-24,277.49999402994206
Nifty Realty TRI,2012-12-26,281.7893194506212
Nifty Realty TRI,2012-12-27,280.684929272505
Nifty Realty TRI,2012-12-28,280.43688775960374
Nifty Realty TRI,2012-12-31,283.4205966429613
Nifty Realty TRI,2013-01-01,291.6360431582565
Nifty Realty TRI,2013-01-02,291.08584570306607
Nifty Realty TRI,2013-01-03,294.9186425344914
Nifty Realty TRI,2013-01-04,295.62796681464886
Nifty Realty TRI,2013-01-07,293.7255774041716
Nifty Realty TRI,2013-01-08,297.810553123625
Nifty Realty TRI,2013-01-09,294.84203407076404
Nifty Realty TRI,2013-01-10,295.50104358387136
Nifty Realty TRI,2013-01-11,289.30779166028304
Nifty Realty TRI,2013-01-14,303.9317464196434
Nifty Realty TRI,2013-01-15,307.51337911099233
Nifty Realty TRI,2013-01-16,302.6299421612197
Nifty Realty TRI,2013-01-17,308.8319002302618
Nifty Realty TRI,2013-01-18,312.56490818125826
Nifty Realty TRI,2013-01-21,307.7401527961817
Nifty Realty TRI,2013-01-22,301.3445564893125
Nifty Realty TRI,2013-01-23,293.13465860214814
Nifty Realty TRI,2013-01-24,278.27259587532814
Nifty Realty TRI,2013-01-25,291.8323984511793
Nifty Realty TRI,2013-01-28,296.53122449201624
Nifty Realty TRI,2013-01-29,289.2781101958888
Nifty Realty TRI,2013-01-30,293.01149295165465
Nifty Realty TRI,2013-01-31,297.1481267786031
Nifty Realty TRI,2013-02-01,293.67467545970044
Nifty Realty TRI,2013-02-04,292.1242563703601
Nifty Realty TRI,2013-02-05,290.96901243120186
Nifty Realty TRI,2013-02-06,293.3922942027361
Nifty Realty TRI,2013-02-07,288.7088205098825
Nifty Realty TRI,2013-02-08,285.23492153315095
Nifty Realty TRI,2013-02-11,286.96038631912216
Nifty Realty TRI,2013-02-12,272.19520100413325
Nifty Realty TRI,2013-02-13,266.7549456896368
Nifty Realty TRI,2013-02-14,264.28858911355553
Nifty Realty TRI,2013-02-15,264.5442409554152
Nifty Realty TRI,2013-02-18,269.8986255724788
Nifty Realty TRI,2013-02-19,275.5987860401214
Nifty Realty TRI,2013-02-20,277.4678005033111
Nifty Realty TRI,2013-02-21,270.3633782761589
Nifty Realty TRI,2013-02-22,274.45057419713737
Nifty Realty TRI,2013-02-25,266.24407159363864
Nifty Realty TRI,2013-02-26,260.65152621881634
Nifty Realty TRI,2013-02-27,266.9571910256515
Nifty Realty TRI,2013-02-28,259.29736524333225
Nifty Realty TRI,2013-03-01,248.8643434324666
Nifty Realty TRI,2013-03-04,242.7232573386043
Nifty Realty TRI,2013-03-05,250.49139889362493
Nifty Realty TRI,2013-03-06,262.39435052594416
Nifty Realty TRI,2013-03-07,267.28887713418555
Nifty Realty TRI,2013-03-08,268.80521825165476
Nifty Realty TRI,2013-03-11,272.64855675624835
Nifty Realty TRI,2013-03-12,268.46694500579764
Nifty Realty TRI,2013-03-13,266.9073715274809
Nifty Realty TRI,2013-03-14,272.35714465122527
Nifty Realty TRI,2013-03-15,264.0402667243306
Nifty Realty TRI,2013-03-18,259.56283846865415
Nifty Realty TRI,2013-03-19,250.08541795930824
Nifty Realty TRI,2013-03-20,237.27928482399133
Nifty Realty TRI,2013-03-21,229.51600115506056
Nifty Realty TRI,2013-03-22,225.98884756612802
Nifty Realty TRI,2013-03-25,228.11635563627468
Nifty Realty TRI,2013-03-26,222.97506538801758
Nifty Realty TRI,2013-03-28,225.9064840032144
Nifty Realty TRI,2013-04-01,238.12520517654306
Nifty Realty TRI,2013-04-02,240.0451804452403
Nifty Realty TRI,2013-04-03,233.18848660216952
Nifty Realty TRI,2013-04-04,225.12100930179582
Nifty Realty TRI,2013-04-05,224.26657312036605
Nifty Realty TRI,2013-04-08,224.124418079618
Nifty Realty TRI,2013-04-09,221.30256645973637
Nifty Realty TRI,2013-04-10,224.08010561412013
Nifty Realty TRI,2013-04-11,229.63227568508404
Nifty Realty TRI,2013-04-12,229.43361047116244
Nifty Realty TRI,2013-04-15,229.59436638415062
Nifty Realty TRI,2013-04-16,235.39924014001997
Nifty Realty TRI,2013-04-17,236.86551859434377
Nifty Realty TRI,2013-04-18,241.61117015884403
Nifty Realty TRI,2013-04-22,250.45382347363133
Nifty Realty TRI,2013-04-23,249.14541759429218
Nifty Realty TRI,2013-04-25,248.04219693134965
Nifty Realty TRI,2013-04-26,242.39441733790986
Nifty Realty TRI,2013-04-29,246.69335020316396
Nifty Realty TRI,2013-04-30,243.46731097507333
Nifty Realty TRI,2013-05-02,246.70345631016008
Nifty Realty TRI,2013-05-03,243.62866360376933
Nifty Realty TRI,2013-05-06,243.94142932611675
Nifty Realty TRI,2013-05-07,247.93144253630973
Nifty Realty TRI,2013-05-08,248.43947868785006
Nifty Realty TRI,2013-05-09,245.7681927049503
Nifty Realty TRI,2013-05-10,246.528545284694
Nifty Realty TRI,2013-05-13,242.29929333988744
Nifty Realty TRI,2013-05-14,241.1418012982338
Nifty Realty TRI,2013-05-15,251.64283902315248
Nifty Realty TRI,2013-05-16,256.2895586520625
Nifty Realty TRI,2013-05-17,261.49159209218413
Nifty Realty TRI,2013-05-20,259.7862297311139
Nifty Realty TRI,2013-05-21,253.68241790652348
Nifty Realty TRI,2013-05-22,244.49947910909728
Nifty Realty TRI,2013-05-23,229.56209734801382
Nifty Realty TRI,2013-05-24,231.02905088458306
Nifty Realty TRI,2013-05-27,235.32915834138126
Nifty Realty TRI,2013-05-28,236.08955446064996
Nifty Realty TRI,2013-05-29,229.88378661442235
Nifty Realty TRI,2013-05-30,223.8797824520649
Nifty Realty TRI,2013-05-31,215.8058938490072
Nifty Realty TRI,2013-06-03,216.67295141508657
Nifty Realty TRI,2013-06-04,214.60607665769766
Nifty Realty TRI,2013-06-05,217.99144986859318
Nifty Realty TRI,2013-06-06,219.0041275327759
Nifty Realty TRI,2013-06-07,215.97797390570696
Nifty Realty TRI,2013-06-10,212.7051144222302
Nifty Realty TRI,2013-06-11,204.62985992483576
Nifty Realty TRI,2013-06-12,204.7841309892834
Nifty Realty TRI,2013-06-13,200.09135994515213
Nifty Realty TRI,2013-06-14,204.84021742343518
Nifty Realty TRI,2013-06-17,204.84860896359092
Nifty Realty TRI,2013-06-18,204.3969540107539
Nifty Realty TRI,2013-06-19,206.62149385415967
Nifty Realty TRI,2013-06-20,195.56596386558448
Nifty Realty TRI,2013-06-21,193.09436339980616
Nifty Realty TRI,2013-06-24,184.06323197576722
Nifty Realty TRI,2013-06-25,184.87371883530224
Nifty Realty TRI,2013-06-26,184.0177569457961
Nifty Realty TRI,2013-06-27,187.45424676842876
Nifty Realty TRI,2013-06-28,194.17332901198324
Nifty Realty TRI,2013-07-01,204.88777402995035
Nifty Realty TRI,2013-07-02,200.59781902830585
Nifty Realty TRI,2013-07-03,190.70183707852115
Nifty Realty TRI,2013-07-04,193.0781365150853
Nifty Realty TRI,2013-07-05,193.73734784906537
Nifty Realty TRI,2013-07-08,189.85623076000795
Nifty Realty TRI,2013-07-09,193.49539117573852
Nifty Realty TRI,2013-07-10,190.9726088343615
Nifty Realty TRI,2013-07-11,196.27868062036083
Nifty Realty TRI,2013-07-12,195.22065048357987
Nifty Realty TRI,2013-07-15,199.5221628425473
Nifty Realty TRI,2013-07-16,187.09877737273743
Nifty Realty TRI,2013-07-17,186.5456826537033
Nifty Realty TRI,2013-07-18,192.10477099640244
Nifty Realty TRI,2013-07-19,188.4198273700967
Nifty Realty TRI,2013-07-22,187.26566672088504
Nifty Realty TRI,2013-07-23,189.89512245675164
Nifty Realty TRI,2013-07-24,187.4223293476321
Nifty Realty TRI,2013-07-25,186.51555572856665
Nifty Realty TRI,2013-07-26,183.99212625500203
Nifty Realty TRI,2013-07-29,179.85688657644712
Nifty Realty TRI,2013-07-30,173.64510740205915
Nifty Realty TRI,2013-07-31,169.30249945031278
Nifty Realty TRI,2013-08-01,161.9283528454327
Nifty Realty TRI,2013-08-02,155.36239761245054
Nifty Realty TRI,2013-08-05,155.62139436446822
Nifty Realty TRI,2013-08-06,148.44866267346111
Nifty Realty TRI,2013-08-07,156.73726240202987
Nifty Realty TRI,2013-08-08,160.27639745007707
Nifty Realty TRI,2013-08-12,161.49789915263193
Nifty Realty TRI,2013-08-13,169.6357509330159
Nifty Realty TRI,2013-08-14,174.53972385022902
Nifty Realty TRI,2013-08-16,162.9216668013969
Nifty Realty TRI,2013-08-19,163.28209987207273
Nifty Realty TRI,2013-08-20,167.7315597337293
Nifty Realty TRI,2013-08-21,161.21451997951658
Nifty Realty TRI,2013-08-22,160.35756656084752
Nifty Realty TRI,2013-08-23,157.12527313962664
Nifty Realty TRI,2013-08-26,159.45659527433938
Nifty Realty TRI,2013-08-27,152.63565563549452
Nifty Realty TRI,2013-08-28,150.7676687165295
Nifty Realty TRI,2013-08-29,151.3762495124922
Nifty Realty TRI,2013-08-30,151.17614496278986
Nifty Realty TRI,2013-09-02,156.4390928878891
Nifty Realty TRI,2013-09-03,148.8087137074611
Nifty Realty TRI,2013-09-04,148.30527443230068
Nifty Realty TRI,2013-09-05,157.0520816197938
Nifty Realty TRI,2013-09-06,156.9025714181071
Nifty Realty TRI,2013-09-10,161.20799978703664
Nifty Realty TRI,2013-09-11,166.11374752603575
Nifty Realty TRI,2013-09-12,166.97540166743366
Nifty Realty TRI,2013-09-13,171.67915179915116
Nifty Realty TRI,2013-09-16,167.6923103308509
Nifty Realty TRI,2013-09-17,166.58235976924138
Nifty Realty TRI,2013-09-18,170.07305015479923
Nifty Realty TRI,2013-09-19,180.03520303022862
Nifty Realty TRI,2013-09-20,166.58918402757715
Nifty Realty TRI,2013-09-23,159.11309841941846
Nifty Realty TRI,2013-09-24,158.76133842398005
Nifty Realty TRI,2013-09-25,158.35901951006144
Nifty Realty TRI,2013-09-26,157.24880480151285
Nifty Realty TRI,2013-09-27,155.17786569422452
Nifty Realty TRI,2013-09-30,151.3412737026157
Nifty Realty TRI,2013-10-01,155.74256837516762
Nifty Realty TRI,2013-10-03,158.98311631741757
Nifty Realty TRI,2013-10-04,161.56425021872087
Nifty Realty TRI,2013-10-07,160.96402378648895
Nifty Realty TRI,2013-10-08,162.9384876348323
Nifty Realty TRI,2013-10-09,170.47583218652514
Nifty Realty TRI,2013-10-10,171.38844960744893
Nifty Realty TRI,2013-10-11,176.24576977248512
Nifty Realty TRI,2013-10-14,175.8483981101655
Nifty Realty TRI,2013-10-15,173.06915034678357
Nifty Realty TRI,2013-10-17,171.10136873441246
Nifty Realty TRI,2013-10-18,176.31319780330938
Nifty Realty TRI,2013-10-21,181.7830092171601
Nifty Realty TRI,2013-10-22,180.57156808638882
Nifty Realty TRI,2013-10-23,178.19672245229685
Nifty Realty TRI,2013-10-24,176.07473562543336
Nifty Realty TRI,2013-10-25,171.97996707661315
Nifty Realty TRI,2013-10-28,167.88967171771424
Nifty Realty TRI,2013-10-29,172.44462384639507
Nifty Realty TRI,2013-10-30,173.00342547237221
Nifty Realty TRI,2013-10-31,174.11869677939765
Nifty Realty TRI,2013-11-01,178.97743119272263
Nifty Realty TRI,2013-11-05,180.35314190994742
Nifty Realty TRI,2013-11-06,176.9154478441586
Nifty Realty TRI,2013-11-07,172.1116879555707
Nifty Realty TRI,2013-11-08,174.6942185496755
Nifty Realty TRI,2013-11-11,169.3384142849079
Nifty Realty TRI,2013-11-12,167.21573980791794
Nifty Realty TRI,2013-11-13,165.04242421207724
Nifty Realty TRI,2013-11-14,169.14295445863215
Nifty Realty TRI,2013-11-18,173.75669847774319
Nifty Realty TRI,2013-11-19,176.3396545658349
Nifty Realty TRI,2013-11-20,175.73485269031084
Nifty Realty TRI,2013-11-21,171.53737591326941
Nifty Realty TRI,2013-11-22,170.17346657598773
Nifty Realty TRI,2013-11-25,174.48175752952085
Nifty Realty TRI,2013-11-26,172.7129843420178
Nifty Realty TRI,2013-11-27,171.75384817340256
Nifty Realty TRI,2013-11-28,173.7804268259483
Nifty Realty TRI,2013-11-29,176.36373564450736
Nifty Realty TRI,2013-12-02,177.3831325497215
Nifty Realty TRI,2013-12-03,179.46053865922968
Nifty Realty TRI,2013-12-04,174.50320200964703
Nifty Realty TRI,2013-12-05,177.036118405549
Nifty Realty TRI,2013-12-06,177.49405048439675
Nifty Realty TRI,2013-12-09,182.46143217854123
Nifty Realty TRI,2013-12-10,180.18628806897257
Nifty Realty TRI,2013-12-11,179.02461394290026
Nifty Realty TRI,2013-12-12,178.1665887490591
Nifty Realty TRI,2013-12-13,174.62588770278592
Nifty Realty TRI,2013-12-16,174.37995011002266
Nifty Realty TRI,2013-12-17,173.36995202777473
Nifty Realty TRI,2013-12-18,179.24420254117908
Nifty Realty TRI,2013-12-19,178.03176493619432
Nifty Realty TRI,2013-12-20,183.09629977885726
Nifty Realty TRI,2013-12-23,189.22918468666575
Nifty Realty TRI,2013-12-24,189.28239554878292
Nifty Realty TRI,2013-12-26,188.73068484738744
Nifty Realty TRI,2013-12-27,189.59390809288922
Nifty Realty TRI,2013-12-30,186.46273593035934
Nifty Realty TRI,2013-12-31,186.92095226140017
Nifty Realty TRI,2014-01-01,191.53076168074605
Nifty Realty TRI,2014-01-02,186.0653405968067
Nifty Realty TRI,2014-01-03,187.89059023013058
Nifty Realty TRI,2014-01-06,186.48056001137027
Nifty Realty TRI,2014-01-07,183.24256671757408
Nifty Realty TRI,2014-01-08,182.1311264041239
Nifty Realty TRI,2014-01-09,177.47519974161594
Nifty Realty TRI,2014-01-10,174.59139034386106
Nifty Realty TRI,2014-01-13,175.9657648987171
Nifty Realty TRI,2014-01-14,173.28434288675223
Nifty Realty TRI,2014-01-15,175.51482261277167
Nifty Realty TRI,2014-01-16,176.4287278109763
Nifty Realty TRI,2014-01-17,171.8735013364934
Nifty Realty TRI,2014-01-20,173.14660411985372
Nifty Realty TRI,2014-01-21,174.16183172192862
Nifty Realty TRI,2014-01-22,175.43030628679855
Nifty Realty TRI,2014-01-23,175.02755164912048
Nifty Realty TRI,2014-01-24,169.50961396494077
Nifty Realty TRI,2014-01-27,156.9053651859561
Nifty Realty TRI,2014-01-28,158.98407898898395
Nifty Realty TRI,2014-01-29,157.92262427176107
Nifty Realty TRI,2014-01-30,153.46764091863957
Nifty Realty TRI,2014-01-31,156.55939440953208
Nifty Realty TRI,2014-02-03,153.27341811829137
Nifty Realty TRI,2014-02-04,154.33922393319983
Nifty Realty TRI,2014-02-05,157.0259627157696
Nifty Realty TRI,2014-02-06,154.2421244000828
Nifty Realty TRI,2014-02-07,155.71322019372568
Nifty Realty TRI,2014-02-10,157.7458789793191
Nifty Realty TRI,2014-02-11,156.48159087133828
Nifty Realty TRI,2014-02-12,155.6731905189395
Nifty Realty TRI,2014-02-13,156.58718881134425
Nifty Realty TRI,2014-02-14,156.69063729429558
Nifty Realty TRI,2014-02-17,154.8732425544601
Nifty Realty TRI,2014-02-18,156.24323639223593
Nifty Realty TRI,2014-02-19,157.005318243134
Nifty Realty TRI,2014-02-20,156.703475619935
Nifty Realty TRI,2014-02-21,156.4522924207871
Nifty Realty TRI,2014-02-24,156.40804737780817
Nifty Realty TRI,2014-02-25,156.66352002625186
Nifty Realty TRI,2014-02-26,156.05763635377315
Nifty Realty TRI,2014-02-28,156.11257093125326
Nifty Realty TRI,2014-03-03,155.7642594330025
Nifty Realty TRI,2014-03-04,157.48923865498978
Nifty Realty TRI,2014-03-05,160.88648017206805
Nifty Realty TRI,2014-03-06,167.7296129925339
Nifty Realty TRI,2014-03-07,177.15732460874696
Nifty Realty TRI,2014-03-10,181.82679856777287
Nifty Realty TRI,2014-03-11,186.03548663101662
Nifty Realty TRI,2014-03-12,186.08870783392203
Nifty Realty TRI,2014-03-13,179.19897757691612
Nifty Realty TRI,2014-03-14,180.97519430781793
Nifty Realty TRI,2014-03-18,179.8700714895286
Nifty Realty TRI,2014-03-19,179.21366010593067
Nifty Realty TRI,2014-03-20,174.50255230322617
Nifty Realty TRI,2014-03-21,178.35692071135728
Nifty Realty TRI,2014-03-24,179.37794844592258
Nifty Realty TRI,2014-03-25,181.81337107697055
Nifty Realty TRI,2014-03-26,181.6637821803563
Nifty Realty TRI,2014-03-27,183.79517058393694
Nifty Realty TRI,2014-03-28,186.33212157043474
Nifty Realty TRI,2014-03-31,191.6622995002658
Nifty Realty TRI,2014-04-01,189.94140562228543
Nifty Realty TRI,2014-04-02,194.2528435703251
Nifty Realty TRI,2014-04-03,193.74856636362867
Nifty Realty TRI,2014-04-04,199.63166536320466
Nifty Realty TRI,2014-04-07,196.192538954846
Nifty Realty TRI,2014-04-09,200.60855369153458
Nifty Realty TRI,2014-04-10,203.65316244796
Nifty Realty TRI,2014-04-11,203.90943595833104
Nifty Realty TRI,2014-04-15,197.78571535056872
Nifty Realty TRI,2014-04-16,189.87890462333053
Nifty Realty TRI,2014-04-17,194.90105865571303
Nifty Realty TRI,2014-04-21,194.3032485709178
Nifty Realty TRI,2014-04-22,194.20448337538727
Nifty Realty TRI,2014-04-23,191.41825997290348
Nifty Realty TRI,2014-04-25,192.43765190568627
Nifty Realty TRI,2014-04-28,193.71329250889127
Nifty Realty TRI,2014-04-29,192.24532242981056
Nifty Realty TRI,2014-04-30,181.7506255127796
Nifty Realty TRI,2014-05-02,182.16130297567167
Nifty Realty TRI,2014-05-05,180.79945065201355
Nifty Realty TRI,2014-05-06,180.54834038173567
Nifty Realty TRI,2014-05-07,178.11641911586221
Nifty Realty TRI,2014-05-08,176.5973350069197
Nifty Realty TRI,2014-05-09,185.12034809718244
Nifty Realty TRI,2014-05-12,186.8524080566954
Nifty Realty TRI,2014-05-13,192.12990656112797
Nifty Realty TRI,2014-05-14,200.24794878194558
Nifty Realty TRI,2014-05-15,198.01891570981755
Nifty Realty TRI,2014-05-16,210.34725766611416
Nifty Realty TRI,2014-05-19,224.55882711513988
Nifty Realty TRI,2014-05-20,235.16352458892055
Nifty Realty TRI,2014-05-21,240.18862799094896
Nifty Realty TRI,2014-05-22,252.82290473778986
Nifty Realty TRI,2014-05-23,258.6600311359669
Nifty Realty TRI,2014-05-26,244.5677830484195
Nifty Realty TRI,2014-05-27,241.62875186068044
Nifty Realty TRI,2014-05-28,244.7773835158236
Nifty Realty TRI,2014-05-29,241.8382903142378
Nifty Realty TRI,2014-05-30,246.50896873266734
Nifty Realty TRI,2014-06-02,250.57782950699243
Nifty Realty TRI,2014-06-03,258.19153428952507
Nifty Realty TRI,2014-06-04,261.44215531420565
Nifty Realty TRI,2014-06-05,263.47518961553175
Nifty Realty TRI,2014-06-06,276.7212410473217
Nifty Realty TRI,2014-06-09,293.222874973322
Nifty Realty TRI,2014-06-10,284.49958070550196
Nifty Realty TRI,2014-06-11,272.2749230950599
Nifty Realty TRI,2014-06-12,272.83681567308633
Nifty Realty TRI,2014-06-13,258.4297586226757
Nifty Realty TRI,2014-06-16,261.6879884886677
Nifty Realty TRI,2014-06-17,264.07657936456263
Nifty Realty TRI,2014-06-18,258.2951730572886
Nifty Realty TRI,2014-06-19,256.5733288152155
Nifty Realty TRI,2014-06-20,259.2664171618693
Nifty Realty TRI,2014-06-23,259.8860179886655
Nifty Realty TRI,2014-06-24,267.8065497128021
Nifty Realty TRI,2014-06-25,270.44923701724963
Nifty Realty TRI,2014-06-26,263.7030013535482
Nifty Realty TRI,2014-06-27,265.7874467329363
Nifty Realty TRI,2014-06-30,268.13300342038417
Nifty Realty TRI,2014-07-01,271.7402616296258
Nifty Realty TRI,2014-07-02,272.3530113122517
Nifty Realty TRI,2014-07-03,268.3977678736155
Nifty Realty TRI,2014-07-04,271.75139381521944
Nifty Realty TRI,2014-07-07,271.4072087929448
Nifty Realty TRI,2014-07-08,251.46243225477681
Nifty Realty TRI,2014-07-09,247.608090216071
Nifty Realty TRI,2014-07-10,259.337233239024
Nifty Realty TRI,2014-07-11,245.33058264219102
Nifty Realty TRI,2014-07-14,244.6299451556436
Nifty Realty TRI,2014-07-15,249.45589663999294
Nifty Realty TRI,2014-07-16,260.27226148119297
Nifty Realty TRI,2014-07-17,258.75284417773275
Nifty Realty TRI,2014-07-18,256.31958072637167
Nifty Realty TRI,2014-07-21,254.7562550288888
Nifty Realty TRI,2014-07-22,255.72436058101874
Nifty Realty TRI,2014-07-23,255.98170191903242
Nifty Realty TRI,2014-07-24,257.5590725451201
Nifty Realty TRI,2014-07-25,250.3530801257068
Nifty Realty TRI,2014-07-28,243.35660612269206
Nifty Realty TRI,2014-07-30,244.78495395929394
Nifty Realty TRI,2014-07-31,245.80380492962442
Nifty Realty TRI,2014-08-01,243.42067797531277
Nifty Realty TRI,2014-08-04,245.86801253354355
Nifty Realty TRI,2014-08-05,252.67573748099676
Nifty Realty TRI,2014-08-06,249.8355283091307
Nifty Realty TRI,2014-08-07,248.92490116944222
Nifty Realty TRI,2014-08-08,238.61975495290935
Nifty Realty TRI,2014-08-11,240.91476738729608
Nifty Realty TRI,2014-08-12,244.4729189014042
Nifty Realty TRI,2014-08-13,231.22151713136822
Nifty Realty TRI,2014-08-14,235.49063753644535
Nifty Realty TRI,2014-08-18,238.6523410499275
Nifty Realty TRI,2014-08-19,242.4139527573015
Nifty Realty TRI,2014-08-20,243.63621827686998
Nifty Realty TRI,2014-08-21,239.01765381389097
Nifty Realty TRI,2014-08-22,237.2432440465889
Nifty Realty TRI,2014-08-25,232.3768554108363
Nifty Realty TRI,2014-08-26,232.0752647786338
Nifty Realty TRI,2014-08-27,228.82761180401482
Nifty Realty TRI,2014-08-28,223.8020508286934
Nifty Realty TRI,2014-09-01,229.8591879196437
Nifty Realty TRI,2014-09-02,232.45304331838557
Nifty Realty TRI,2014-09-03,237.4853152121454
Nifty Realty TRI,2014-09-04,227.98900960421395
Nifty Realty TRI,2014-09-05,230.53214211135912
Nifty Realty TRI,2014-09-08,232.01487008137482
Nifty Realty TRI,2014-09-09,230.18912143581338
Nifty Realty TRI,2014-09-10,231.81797874249924
Nifty Realty TRI,2014-09-11,230.65264588015933
Nifty Realty TRI,2014-09-12,230.45257763257158
Nifty Realty TRI,2014-09-15,230.8176603707567
Nifty Realty TRI,2014-09-16,221.8278026436228
Nifty Realty TRI,2014-09-17,223.05023769823916
Nifty Realty TRI,2014-09-18,233.97730535942205
Nifty Realty TRI,2014-09-19,232.20214695209268
Nifty Realty TRI,2014-09-22,230.73810931008992
Nifty Realty TRI,2014-09-23,218.49535456232272
Nifty Realty TRI,2014-09-24,214.83975514035006
Nifty Realty TRI,2014-09-25,207.11893047778145
Nifty Realty TRI,2014-09-26,212.10161810027589
Nifty Realty TRI,2014-09-29,211.44969184212653
Nifty Realty TRI,2014-09-30,206.11671754739396
Nifty Realty TRI,2014-10-01,204.84907151230732
Nifty Realty TRI,2014-10-07,202.8329521385486
Nifty Realty TRI,2014-10-08,205.88511879533124
Nifty Realty TRI,2014-10-09,211.27527477218314
Nifty Realty TRI,2014-10-10,208.63527073718876
Nifty Realty TRI,2014-10-13,205.13677494753065
Nifty Realty TRI,2014-10-14,186.63838880876472
Nifty Realty TRI,2014-10-16,185.67772576419367
Nifty Realty TRI,2014-10-17,187.25597972213365
Nifty Realty TRI,2014-10-20,189.2969153316292
Nifty Realty TRI,2014-10-21,194.33189530537854
Nifty Realty TRI,2014-10-22,195.70704613167
Nifty Realty TRI,2014-10-27,188.39996008319372
Nifty Realty TRI,2014-10-28,188.96174463581525
Nifty Realty TRI,2014-10-29,194.86150408729
Nifty Realty TRI,2014-10-30,201.1681578711099
Nifty Realty TRI,2014-10-31,204.06873261547392
Nifty Realty TRI,2014-11-03,211.4999297259956
Nifty Realty TRI,2014-11-05,211.0989703932692
Nifty Realty TRI,2014-11-07,216.69758734102763
Nifty Realty TRI,2014-11-10,216.29968580950916
Nifty Realty TRI,2014-11-11,218.6924491659343
Nifty Realty TRI,2014-11-12,218.54288341926892
Nifty Realty TRI,2014-11-13,216.46110092854175
Nifty Realty TRI,2014-11-14,220.7862189119925
Nifty Realty TRI,2014-11-17,220.59184708706314
Nifty Realty TRI,2014-11-18,219.93379285648473
Nifty Realty TRI,2014-11-19,217.64843637644387
Nifty Realty TRI,2014-11-20,214.14254535766173
Nifty Realty TRI,2014-11-21,214.24716786784185
Nifty Realty TRI,2014-11-24,218.5786971691445
Nifty Realty TRI,2014-11-25,210.90234698029758
Nifty Realty TRI,2014-11-26,219.34752618932345
Nifty Realty TRI,2014-11-27,218.94366368907382
Nifty Realty TRI,2014-11-28,222.5576233950148
Nifty Realty TRI,2014-12-01,221.1426298263646
Nifty Realty TRI,2014-12-02,221.2982432936688
Nifty Realty TRI,2014-12-03,223.9460882273625
Nifty Realty TRI,2014-12-04,224.30519246130405
Nifty Realty TRI,2014-12-05,227.15661730524135
Nifty Realty TRI,2014-12-08,222.3845566049308
Nifty Realty TRI,2014-12-09,219.33561362389966
Nifty Realty TRI,2014-12-10,219.99987379142814
Nifty Realty TRI,2014-12-11,215.42478337210397
Nifty Realty TRI,2014-12-12,209.730456689152
Nifty Realty TRI,2014-12-15,205.77115609038685
Nifty Realty TRI,2014-12-16,197.43109379228324
Nifty Realty TRI,2014-12-17,194.68671106226068
Nifty Realty TRI,2014-12-18,199.4205132779007
Nifty Realty TRI,2014-12-19,198.4057709205085
Nifty Realty TRI,2014-12-22,200.90678833567836
Nifty Realty TRI,2014-12-23,199.383250163669
Nifty Realty TRI,2014-12-24,201.31929853383053
Nifty Realty TRI,2014-12-26,203.5634316461938
Nifty Realty TRI,2014-12-29,204.2332075547809
Nifty Realty TRI,2014-12-30,204.9992101578227
Nifty Realty TRI,2014-12-31,206.68111196567634
Nifty Realty TRI,2015-01-01,206.63304883351398
Nifty Realty TRI,2015-01-02,208.7220766064915
Nifty Realty TRI,2015-01-05,208.88327621706492
Nifty Realty TRI,2015-01-06,201.55857929516463
Nifty Realty TRI,2015-01-07,200.89979812945177
Nifty Realty TRI,2015-01-08,207.11078243169646
Nifty Realty TRI,2015-01-09,203.5005690572087
Nifty Realty TRI,2015-01-12,203.76335546543044
Nifty Realty TRI,2015-01-13,200.2546865306786
Nifty Realty TRI,2015-01-14,198.6797864243865
Nifty Realty TRI,2015-01-15,215.22241064512954
Nifty Realty TRI,2015-01-16,216.1414280063748
Nifty Realty TRI,2015-01-19,216.55743481660025
Nifty Realty TRI,2015-01-20,219.56322390058125
Nifty Realty TRI,2015-01-21,218.90457764607334
Nifty Realty TRI,2015-01-22,220.2308893274702
Nifty Realty TRI,2015-01-23,223.54224026035808
Nifty Realty TRI,2015-01-27,226.25216423019032
Nifty Realty TRI,2015-01-28,229.25841374875506
Nifty Realty TRI,2015-01-29,235.62426489287392
Nifty Realty TRI,2015-01-30,241.0740517894792
Nifty Realty TRI,2015-02-02,242.40744896881068
Nifty Realty TRI,2015-02-03,239.10191850005904
Nifty Realty TRI,2015-02-04,241.85410088325477
Nifty Realty TRI,2015-02-05,235.39225520164953
Nifty Realty TRI,2015-02-06,233.9700706419383
Nifty Realty TRI,2015-02-09,228.02324823580798
Nifty Realty TRI,2015-02-10,227.87363784388455
Nifty Realty TRI,2015-02-11,229.35315964153872
Nifty Realty TRI,2015-02-12,232.8182670573584
Nifty Realty TRI,2015-02-13,230.5813129205275
Nifty Realty TRI,2015-02-16,233.39104423126167
Nifty Realty TRI,2015-02-18,232.2772829254865
Nifty Realty TRI,2015-02-19,233.85884955267645
Nifty Realty TRI,2015-02-20,236.2042307443323
Nifty Realty TRI,2015-02-23,232.29314236614388
Nifty Realty TRI,2015-02-24,233.3147111758347
Nifty Realty TRI,2015-02-25,234.13261327035553
Nifty Realty TRI,2015-02-26,235.0524018750339
Nifty Realty TRI,2015-02-27,245.5455313483389
Nifty Realty TRI,2015-03-02,243.00938985055134
Nifty Realty TRI,2015-03-03,239.24426744793044
Nifty Realty TRI,2015-03-04,238.58551037019654
Nifty Realty TRI,2015-03-05,238.48690989983305
Nifty Realty TRI,2015-03-09,231.82826576584904
Nifty Realty TRI,2015-03-10,227.14590432259033
Nifty Realty TRI,2015-03-11,228.47319619324728
Nifty Realty TRI,2015-03-12,231.99054958622906
Nifty Realty TRI,2015-03-13,230.16017455491976
Nifty Realty TRI,2015-03-16,233.12377006003769
Nifty Realty TRI,2015-03-17,234.553111616683
Nifty Realty TRI,2015-03-18,234.8109901895203
Nifty Realty TRI,2015-03-19,231.09588689586977
Nifty Realty TRI,2015-03-20,222.13421018640489
Nifty Realty TRI,2015-03-23,221.6339240307613
Nifty Realty TRI,2015-03-24,220.974730108796
Nifty Realty TRI,2015-03-25,221.0796338050988
Nifty Realty TRI,2015-03-26,217.2111561334515
Nifty Realty TRI,2015-03-27,215.63493572536973
Nifty Realty TRI,2015-03-30,220.12680556981735
Nifty Realty TRI,2015-03-31,220.23169048854805
Nifty Realty TRI,2015-04-01,223.5461148209414
Nifty Realty TRI,2015-04-06,238.59114301381206
Nifty Realty TRI,2015-04-07,234.62038125031185
Nifty Realty TRI,2015-04-08,237.27297811210383
Nifty Realty TRI,2015-04-09,235.34009197700942
Nifty Realty TRI,2015-04-10,236.82088550846692
Nifty Realty TRI,2015-04-13,237.13630964196633
Nifty Realty TRI,2015-04-15,234.34028203781327
Nifty Realty TRI,2015-04-16,228.58553784563802
Nifty Realty TRI,2015-04-17,226.39754152054758
Nifty Realty TRI,2015-04-20,220.18993775109817
Nifty Realty TRI,2015-04-21,219.42856261302512
Nifty Realty TRI,2015-04-22,219.4825215606442
Nifty Realty TRI,2015-04-23,217.65094891279963
Nifty Realty TRI,2015-04-24,208.9396074219431
Nifty Realty TRI,2015-04-27,200.33542849572453
Nifty Realty TRI,2015-04-28,203.8546537909356
Nifty Realty TRI,2015-04-29,205.4883031957188
Nifty Realty TRI,2015-04-30,208.75286961582324
Nifty Realty TRI,2015-05-04,214.2687925324416
Nifty Realty TRI,2015-05-05,216.97306011632415
Nifty Realty TRI,2015-05-06,207.90349046981018
Nifty Realty TRI,2015-05-07,202.9622558476661
Nifty Realty TRI,2015-05-08,211.37518015449575
Nifty Realty TRI,2015-05-11,213.32079620958572
Nifty Realty TRI,2015-05-12,205.8306120741865
Nifty Realty TRI,2015-05-13,204.25323798391668
Nifty Realty TRI,2015-05-14,206.49891516939337
Nifty Realty TRI,2015-05-15,204.0549018482536
Nifty Realty TRI,2015-05-18,204.1652226071515
Nifty Realty TRI,2015-05-19,204.88170333729076
Nifty Realty TRI,2015-05-20,204.4766754614364
Nifty Realty TRI,2015-05-21,206.67158731338864
Nifty Realty TRI,2015-05-22,206.2155892610708
Nifty Realty TRI,2015-05-25,205.00046129723088
Nifty Realty TRI,2015-05-26,203.6776955420006
Nifty Realty TRI,2015-05-27,204.75114075043697
Nifty Realty TRI,2015-05-28,204.49901394987904
Nifty Realty TRI,2015-05-29,203.4311132508869
Nifty Realty TRI,2015-06-01,207.5694239147327
Nifty Realty TRI,2015-06-02,199.31219183405022
Nifty Realty TRI,2015-06-03,187.38355551561537
Nifty Realty TRI,2015-06-04,189.06875888043916
Nifty Realty TRI,2015-06-05,185.85896963078187
Nifty Realty TRI,2015-06-08,184.38781277628647
Nifty Realty TRI,2015-06-09,181.33075661705647
Nifty Realty TRI,2015-06-10,182.81204392152944
Nifty Realty TRI,2015-06-11,178.32704870780475
Nifty Realty TRI,2015-06-12,178.0235107577549
Nifty Realty TRI,2015-06-15,178.1837887272929
Nifty Realty TRI,2015-06-16,178.39020985562843
Nifty Realty TRI,2015-06-17,179.2596260510947
Nifty Realty TRI,2015-06-18,178.85408676910356
Nifty Realty TRI,2015-06-19,177.27553016923545
Nifty Realty TRI,2015-06-22,186.92215853155258
Nifty Realty TRI,2015-06-23,187.33272596941356
Nifty Realty TRI,2015-06-24,184.887129654945
Nifty Realty TRI,2015-06-25,186.06274108577972
Nifty Realty TRI,2015-06-26,187.5444317014208
Nifty Realty TRI,2015-06-29,183.77759693432205
Nifty Realty TRI,2015-06-30,184.5962299748414
Nifty Realty TRI,2015-07-01,186.2820313313088
Nifty Realty TRI,2015-07-02,186.08052693105162
Nifty Realty TRI,2015-07-03,184.9608657233874
Nifty Realty TRI,2015-07-06,186.6518228952658
Nifty Realty TRI,2015-07-07,189.1029762526875
Nifty Realty TRI,2015-07-08,185.3305768326176
Nifty Realty TRI,2015-07-09,184.92500344054358
Nifty Realty TRI,2015-07-10,183.2440566710585
Nifty Realty TRI,2015-07-13,184.83306503826782
Nifty Realty TRI,2015-07-14,183.71321822139294
Nifty Realty TRI,2015-07-15,184.6850652578982
Nifty Realty TRI,2015-07-16,184.6365653919377
Nifty Realty TRI,2015-07-17,183.77176674828115
Nifty Realty TRI,2015-07-20,180.05471947200513
Nifty Realty TRI,2015-07-21,175.87337088084263
Nifty Realty TRI,2015-07-22,177.61054628197513
Nifty Realty TRI,2015-07-23,177.76603600992433
Nifty Realty TRI,2015-07-24,175.0641847368596
Nifty Realty TRI,2015-07-27,170.47898636734064
Nifty Realty TRI,2015-07-28,165.78682120065463
Nifty Realty TRI,2015-07-29,167.93225586280147
Nifty Realty TRI,2015-07-30,174.8233863610077
Nifty Realty TRI,2015-07-31,180.18383138082805
Nifty Realty TRI,2015-08-03,180.44636890097374
Nifty Realty TRI,2015-08-04,179.83644380290565
Nifty Realty TRI,2015-08-05,185.35043027653813
Nifty Realty TRI,2015-08-06,186.73085110650004
Nifty Realty TRI,2015-08-07,186.52926807762677
Nifty Realty TRI,2015-08-10,187.45555287909318
Nifty Realty TRI,2015-08-11,185.31457691795583
Nifty Realty TRI,2015-08-12,174.9564888401452
Nifty Realty TRI,2015-08-13,172.56009275541294
Nifty Realty TRI,2015-08-14,187.1085292899301
Nifty Realty TRI,2015-08-17,184.15580889749808
Nifty Realty TRI,2015-08-18,183.4437433844767
Nifty Realty TRI,2015-08-19,181.86393199397142
Nifty Realty TRI,2015-08-20,174.51621791149057
Nifty Realty TRI,2015-08-21,169.97570974290934
Nifty Realty TRI,2015-08-24,151.1467583092496
Nifty Realty TRI,2015-08-25,161.51126461631316
Nifty Realty TRI,2015-08-26,161.20718352425644
Nifty Realty TRI,2015-08-27,167.89666795960608
Nifty Realty TRI,2015-08-28,167.08217933704245
Nifty Realty TRI,2015-08-31,164.74070308098737
Nifty Realty TRI,2015-09-01,159.28044401563437
Nifty Realty TRI,2015-09-02,160.40577193253722
Nifty Realty TRI,2015-09-03,167.96377323404676
Nifty Realty TRI,2015-09-04,161.89070156103702
Nifty Realty TRI,2015-09-07,158.62977787355334
Nifty Realty TRI,2015-09-08,163.482292918801
Nifty Realty TRI,2015-09-09,167.92647509746448
Nifty Realty TRI,2015-09-10,166.90761419778138
Nifty Realty TRI,2015-09-11,168.5948297775244
Nifty Realty TRI,2015-09-14,171.9717161987348
Nifty Realty TRI,2015-09-15,171.15709802108856
Nifty Realty TRI,2015-09-16,170.69986580628125
Nifty Realty TRI,2015-09-18,174.7385390575143
Nifty Realty TRI,2015-09-21,175.51167797250514
Nifty Realty TRI,2015-09-22,171.2245126258678
Nifty Realty TRI,2015-09-23,172.65672945716648
Nifty Realty TRI,2015-09-24,173.42509903360414
Nifty Realty TRI,2015-09-28,175.52845523553808
Nifty Realty TRI,2015-09-29,179.00367030074446
Nifty Realty TRI,2015-09-30,182.98969668989616
Nifty Realty TRI,2015-10-01,179.927854932572
Nifty Realty TRI,2015-10-05,181.72531257606195
Nifty Realty TRI,2015-10-06,183.26006895456396
Nifty Realty TRI,2015-10-07,187.70623546854642
Nifty Realty TRI,2015-10-08,186.02325648085193
Nifty Realty TRI,2015-10-09,186.1279431631708
Nifty Realty TRI,2015-10-12,185.21613411340402
Nifty Realty TRI,2015-10-13,187.21080791739098
Nifty Realty TRI,2015-10-14,187.3666023172252
Nifty Realty TRI,2015-10-15,189.2592050333247
Nifty Realty TRI,2015-10-16,186.60547736074005
Nifty Realty TRI,2015-10-19,191.67053914983893
Nifty Realty TRI,2015-10-20,190.60035585601292
Nifty Realty TRI,2015-10-21,187.53778102951063
Nifty Realty TRI,2015-10-23,186.98093513314095
Nifty Realty TRI,2015-10-26,185.6091647467193
Nifty Realty TRI,2015-10-27,185.81607366808157
Nifty Realty TRI,2015-10-28,183.1618636751586
Nifty Realty TRI,2015-10-29,182.3979866985695
Nifty Realty TRI,2015-10-30,179.8969445407465
Nifty Realty TRI,2015-11-02,181.43715416104905
Nifty Realty TRI,2015-11-03,181.28633628823837
Nifty Realty TRI,2015-11-04,180.98224791568666
Nifty Realty TRI,2015-11-05,176.02832761202436
Nifty Realty TRI,2015-11-06,176.2862185940016
Nifty Realty TRI,2015-11-09,172.51207695477953
Nifty Realty TRI,2015-11-10,167.9665138985903
Nifty Realty TRI,2015-11-13,170.22189466193245
Nifty Realty TRI,2015-11-16,170.22886801844618
Nifty Realty TRI,2015-11-17,170.28230078372502
Nifty Realty TRI,2015-11-18,167.67822566807183
Nifty Realty TRI,2015-11-19,167.8338286939002
Nifty Realty TRI,2015-11-20,167.4783792947174
Nifty Realty TRI,2015-11-23,168.96740735274054
Nifty Realty TRI,2015-11-24,170.75856518831668
Nifty Realty TRI,2015-11-26,174.34102751806608
Nifty Realty TRI,2015-11-27,175.00785936879478
Nifty Realty TRI,2015-11-30,177.1618315642266
Nifty Realty TRI,2015-12-01,177.77762020637692
Nifty Realty TRI,2015-12-02,178.0356257980704
Nifty Realty TRI,2015-12-03,178.60033930597658
Nifty Realty TRI,2015-12-04,175.9958082605295
Nifty Realty TRI,2015-12-07,177.07652214771363
Nifty Realty TRI,2015-12-08,169.81993973003773
Nifty Realty TRI,2015-12-09,167.72631564108684
Nifty Realty TRI,2015-12-10,170.5913953765703
Nifty Realty TRI,2015-12-11,165.73714609907742
Nifty Realty TRI,2015-12-14,165.43718875709635
Nifty Realty TRI,2015-12-15,166.87093246945628
Nifty Realty TRI,2015-12-16,168.76485613709224
Nifty Realty TRI,2015-12-17,171.06783381773388
Nifty Realty TRI,2015-12-18,171.53030758366586
Nifty Realty TRI,2015-12-21,173.58248905115545
Nifty Realty TRI,2015-12-22,173.3292115566454
Nifty Realty TRI,2015-12-23,175.42792215278638
Nifty Realty TRI,2015-12-24,174.76560585532877
Nifty Realty TRI,2015-12-28,175.69556878073035
Nifty Realty TRI,2015-12-29,173.44805533531775
Nifty Realty TRI,2015-12-30,173.3992855420089
Nifty Realty TRI,2015-12-31,176.52094301357218
Nifty Realty TRI,2016-01-01,179.84722875851818
Nifty Realty TRI,2016-01-04,176.32601791539003
Nifty Realty TRI,2016-01-05,179.55021324661377
Nifty Realty TRI,2016-01-06,177.50706365837618
Nifty Realty TRI,2016-01-07,168.71327523108593
Nifty Realty TRI,2016-01-08,173.21603437800286
Nifty Realty TRI,2016-01-11,173.63227236190488
Nifty Realty TRI,2016-01-12,170.56598986109915
Nifty Realty TRI,2016-01-13,168.88054275683726
Nifty Realty TRI,2016-01-14,166.17212154943334
Nifty Realty TRI,2016-01-15,158.65589098939947
Nifty Realty TRI,2016-01-18,152.83145869731047
Nifty Realty TRI,2016-01-19,155.74905137485712
Nifty Realty TRI,2016-01-20,150.4316008177571
Nifty Realty TRI,2016-01-21,151.04745175910102
Nifty Realty TRI,2016-01-22,153.76053779847084
Nifty Realty TRI,2016-01-25,154.63643360655794
Nifty Realty TRI,2016-01-27,155.91952437104095
Nifty Realty TRI,2016-01-28,154.6939270072808
Nifty Realty TRI,2016-01-29,157.10038227383382
Nifty Realty TRI,2016-02-01,157.41377037967814
Nifty Realty TRI,2016-02-02,154.14173826232337
Nifty Realty TRI,2016-02-03,149.53947986461816
Nifty Realty TRI,2016-02-04,148.97877116041983
Nifty Realty TRI,2016-02-05,150.77144010738868
Nifty Realty TRI,2016-02-08,151.08458266807682
Nifty Realty TRI,2016-02-09,148.57962350630342
Nifty Realty TRI,2016-02-10,143.20938179392658
Nifty Realty TRI,2016-02-11,134.56442495502472
Nifty Realty TRI,2016-02-12,132.21262889517135
Nifty Realty TRI,2016-02-15,141.0701142565859
Nifty Realty TRI,2016-02-16,136.3645163437334
Nifty Realty TRI,2016-02-17,137.44093838492873
Nifty Realty TRI,2016-02-18,137.90334269394137
Nifty Realty TRI,2016-02-19,138.0075735837752
Nifty Realty TRI,2016-02-22,138.32025194535368
Nifty Realty TRI,2016-02-23,134.53530003294586
Nifty Realty TRI,2016-02-24,134.12774927865834
Nifty Realty TRI,2016-02-25,131.2637797803524
Nifty Realty TRI,2016-02-26,133.15907794778718
Nifty Realty TRI,2016-02-29,133.36924088785005
Nifty Realty TRI,2016-03-01,139.8707167450074
Nifty Realty TRI,2016-03-02,147.80539587090402
Nifty Realty TRI,2016-03-03,149.5987091039749
Nifty Realty TRI,2016-03-04,151.1361685177482
Nifty Realty TRI,2016-03-08,152.5775670371168
Nifty Realty TRI,2016-03-09,154.98529140883744
Nifty Realty TRI,2016-03-10,153.55424110102425
Nifty Realty TRI,2016-03-11,152.78855623108043
Nifty Realty TRI,2016-03-14,152.43649636026956
Nifty Realty TRI,2016-03-15,152.438577916859
Nifty Realty TRI,2016-03-16,151.51926481583175
Nifty Realty TRI,2016-03-17,150.08803018136905
Nifty Realty TRI,2016-03-18,152.90554830419532
Nifty Realty TRI,2016-03-21,155.93216286795334
Nifty Realty TRI,2016-03-22,160.38808552493333
Nifty Realty TRI,2016-03-23,160.18550345099976
Nifty Realty TRI,2016-03-28,152.8240282948192
Nifty Realty TRI,2016-03-29,153.4404977352931
Nifty Realty TRI,2016-03-30,159.4328347614521
Nifty Realty TRI,2016-03-31,160.30540835982308
Nifty Realty TRI,2016-04-01,165.22281258122828
Nifty Realty TRI,2016-04-04,164.0519206305053
Nifty Realty TRI,2016-04-05,159.2410892017974
Nifty Realty TRI,2016-04-06,161.34261529414164
Nifty Realty TRI,2016-04-07,160.83277525631573
Nifty Realty TRI,2016-04-08,162.93438041819346
Nifty Realty TRI,2016-04-11,165.55260574075047
Nifty Realty TRI,2016-04-12,165.81090548638088
Nifty Realty TRI,2016-04-13,168.5272304165443
Nifty Realty TRI,2016-04-18,176.5790137542734
Nifty Realty TRI,2016-04-20,175.9692846847008
Nifty Realty TRI,2016-04-21,172.898840943431
Nifty Realty TRI,2016-04-22,172.49147405993708
Nifty Realty TRI,2016-04-25,171.525422263866
Nifty Realty TRI,2016-04-26,174.44717436550553
Nifty Realty TRI,2016-04-27,174.09102208248572
Nifty Realty TRI,2016-04-28,177.01288894901654
Nifty Realty TRI,2016-04-29,179.0640943309758
Nifty Realty TRI,2016-05-02,178.04699383939806
Nifty Realty TRI,2016-05-03,178.10065074323984
Nifty Realty TRI,2016-05-04,173.74911050311943
Nifty Realty TRI,2016-05-05,175.18574610193454
Nifty Realty TRI,2016-05-06,175.751612051717
Nifty Realty TRI,2016-05-09,179.13977728818944
Nifty Realty TRI,2016-05-10,179.9618493751345
Nifty Realty TRI,2016-05-11,178.01764527472577
Nifty Realty TRI,2016-05-12,180.63274801820845
Nifty Realty TRI,2016-05-13,176.1782419840502
Nifty Realty TRI,2016-05-16,178.74703920563724
Nifty Realty TRI,2016-05-17,180.08152287996217
Nifty Realty TRI,2016-05-18,184.23385776192447
Nifty Realty TRI,2016-05-19,182.64812581964028
Nifty Realty TRI,2016-05-20,180.19137519387118
Nifty Realty TRI,2016-05-23,178.45670364526288
Nifty Realty TRI,2016-05-24,178.10048953764417
Nifty Realty TRI,2016-05-25,181.12595414168186
Nifty Realty TRI,2016-05-26,185.07380540158707
Nifty Realty TRI,2016-05-27,187.89449374426584
Nifty Realty TRI,2016-05-30,186.15997123982442
Nifty Realty TRI,2016-05-31,187.699776052844
Nifty Realty TRI,2016-06-01,188.67596468751353
Nifty Realty TRI,2016-06-02,188.9347585589946
Nifty Realty TRI,2016-06-03,186.58010259388763
Nifty Realty TRI,2016-06-06,188.38136624546476
Nifty Realty TRI,2016-06-07,191.91997782499465
Nifty Realty TRI,2016-06-08,192.28133862277244
Nifty Realty TRI,2016-06-09,192.59144209631546
Nifty Realty TRI,2016-06-10,190.90285828166313
Nifty Realty TRI,2016-06-13,187.78435320574204
Nifty Realty TRI,2016-06-14,190.19576247578948
Nifty Realty TRI,2016-06-15,191.01840419089655
Nifty Realty TRI,2016-06-16,189.63716754590294
Nifty Realty TRI,2016-06-17,196.76405834604844
Nifty Realty TRI,2016-06-20,198.8736217760454
Nifty Realty TRI,2016-06-21,199.6964491790967
Nifty Realty TRI,2016-06-22,199.9554635211963
Nifty Realty TRI,2016-06-23,197.6515755069903
Nifty Realty TRI,2016-06-24,189.60662284440986
Nifty Realty TRI,2016-06-27,192.53627287651395
Nifty Realty TRI,2016-06-28,194.538104695321
Nifty Realty TRI,2016-06-29,200.3846702235013
Nifty Realty TRI,2016-06-30,205.30866606775928
Nifty Realty TRI,2016-07-01,206.49053046494777
Nifty Realty TRI,2016-07-04,211.26672656039912
Nifty Realty TRI,2016-07-05,210.29554941860658
Nifty Realty TRI,2016-07-07,209.22466185365383
Nifty Realty TRI,2016-07-08,208.3046730945241
Nifty Realty TRI,2016-07-11,212.36361135264656
Nifty Realty TRI,2016-07-12,215.23770206140762
Nifty Realty TRI,2016-07-13,211.70286330433458
Nifty Realty TRI,2016-07-14,211.0392128635388
Nifty Realty TRI,2016-07-15,209.9140694414405
Nifty Realty TRI,2016-07-18,207.35888437372017
Nifty Realty TRI,2016-07-19,206.33618811906553
Nifty Realty TRI,2016-07-20,211.8769407618671
Nifty Realty TRI,2016-07-21,209.57233344781704
Nifty Realty TRI,2016-07-22,211.16481588109366
Nifty Realty TRI,2016-07-25,214.30158568314633
Nifty Realty TRI,2016-07-26,211.5353254373798
Nifty Realty TRI,2016-07-27,210.97410896851608
Nifty Realty TRI,2016-07-28,213.028297531764
Nifty Realty TRI,2016-07-29,212.7235030027995
Nifty Realty TRI,2016-08-01,212.834794737632
Nifty Realty TRI,2016-08-02,210.2733913961687
Nifty Realty TRI,2016-08-03,207.2503391520423
Nifty Realty TRI,2016-08-04,212.1767813286294
Nifty Realty TRI,2016-08-05,217.257216631354
Nifty Realty TRI,2016-08-08,219.11257420444178
Nifty Realty TRI,2016-08-09,219.93621124448796
Nifty Realty TRI,2016-08-10,216.7078376457074
Nifty Realty TRI,2016-08-11,215.5310756892642
Nifty Realty TRI,2016-08-12,214.45685855583
Nifty Realty TRI,2016-08-16,213.0322752842073
Nifty Realty TRI,2016-08-17,214.1124180984671
Nifty Realty TRI,2016-08-18,216.83411341406202
Nifty Realty TRI,2016-08-19,215.60590741502594
Nifty Realty TRI,2016-08-22,215.71734665029
Nifty Realty TRI,2016-08-23,215.0020828270475
Nifty Realty TRI,2016-08-24,215.56933948904006
Nifty Realty TRI,2016-08-25,214.03321405195615
Nifty Realty TRI,2016-08-26,211.52227703134216
Nifty Realty TRI,2016-08-29,211.63355878372195
Nifty Realty TRI,2016-08-30,213.43215189127739
Nifty Realty TRI,2016-08-31,210.92105067907409
Nifty Realty TRI,2016-09-01,206.51150792789014
Nifty Realty TRI,2016-09-02,208.1048761572735
Nifty Realty TRI,2016-09-06,211.45143943245264
Nifty Realty TRI,2016-09-07,212.83972554709493
Nifty Realty TRI,2016-09-08,218.94878571099346
Nifty Realty TRI,2016-09-09,220.28589609584765
Nifty Realty TRI,2016-09-12,209.36484992774274
Nifty Realty TRI,2016-09-14,209.42188726810042
Nifty Realty TRI,2016-09-15,208.96289695848077
Nifty Realty TRI,2016-09-16,210.9671382321877
Nifty Realty TRI,2016-09-19,214.1062928864063
Nifty Realty TRI,2016-09-20,210.92733804132186
Nifty Realty TRI,2016-09-21,211.5460792210375
Nifty Realty TRI,2016-09-22,214.42298302418038
Nifty Realty TRI,2016-09-23,216.1195669647301
Nifty Realty TRI,2016-09-26,210.99594806662674
Nifty Realty TRI,2016-09-27,211.56341208469598
Nifty Realty TRI,2016-09-28,215.36443128564113
Nifty Realty TRI,2016-09-29,200.32860222547816
Nifty Realty TRI,2016-09-30,208.0817977076684
Nifty Realty TRI,2016-10-03,214.55785871645406
Nifty Realty TRI,2016-10-04,215.3820770030097
Nifty Realty TRI,2016-10-05,219.33749824756336
Nifty Realty TRI,2016-10-06,216.05526550672081
Nifty Realty TRI,2016-10-07,216.87953788584838
Nifty Realty TRI,2016-10-10,214.06502304752667
Nifty Realty TRI,2016-10-13,209.14547183521088
Nifty Realty TRI,2016-10-14,210.8937942575493
Nifty Realty TRI,2016-10-17,208.74618650074464
Nifty Realty TRI,2016-10-18,211.2647010025136
Nifty Realty TRI,2016-10-19,210.0867526558018
Nifty Realty TRI,2016-10-20,213.529495767821
Nifty Realty TRI,2016-10-21,215.27804490520185
Nifty Realty TRI,2016-10-24,216.46779355470616
Nifty Realty TRI,2016-10-25,215.1357749441896
Nifty Realty TRI,2016-10-26,214.5739062374709
Nifty Realty TRI,2016-10-27,213.19049138623743
Nifty Realty TRI,2016-10-28,216.12018110590503
Nifty Realty TRI,2016-11-01,214.6941933756685
Nifty Realty TRI,2016-11-02,208.89449075597756
Nifty Realty TRI,2016-11-03,206.4838385456453
Nifty Realty TRI,2016-11-04,200.68386533782405
Nifty Realty TRI,2016-11-07,203.97876596831952
Nifty Realty TRI,2016-11-08,203.57070298059747
Nifty Realty TRI,2016-11-09,179.94991983944053
Nifty Realty TRI,2016-11-10,182.16070623657487
Nifty Realty TRI,2016-11-11,172.91893833198148
Nifty Realty TRI,2016-11-15,164.0431322811336
Nifty Realty TRI,2016-11-16,162.40184634999727
Nifty Realty TRI,2016-11-17,164.45851126874598
Nifty Realty TRI,2016-11-18,166.72067672451865
Nifty Realty TRI,2016-11-21,158.0469958920506
Nifty Realty TRI,2016-11-22,162.7746960363629
Nifty Realty TRI,2016-11-23,167.5539094678229
Nifty Realty TRI,2016-11-24,165.3474461069703
Nifty Realty TRI,2016-11-25,167.91804362238585
Nifty Realty TRI,2016-11-28,170.9556844124095
Nifty Realty TRI,2016-11-29,171.7799355705901
Nifty Realty TRI,2016-11-30,172.45010457729478
Nifty Realty TRI,2016-12-01,170.29487107659855
Nifty Realty TRI,2016-12-02,167.1635194557651
Nifty Realty TRI,2016-12-05,168.35197450881248
Nifty Realty TRI,2016-12-06,170.76886592730276
Nifty Realty TRI,2016-12-07,168.71618938170843
Nifty Realty TRI,2016-12-08,171.23590981406699
Nifty Realty TRI,2016-12-09,174.32084491914745
Nifty Realty TRI,2016-12-12,173.40317553003027
Nifty Realty TRI,2016-12-13,171.35036658104008
Nifty Realty TRI,2016-12-14,172.0720249811024
Nifty Realty TRI,2016-12-15,172.48543066137324
Nifty Realty TRI,2016-12-16,172.33363200742517
Nifty Realty TRI,2016-12-19,170.54226482404906
Nifty Realty TRI,2016-12-20,170.4932061513069
Nifty Realty TRI,2016-12-21,172.29401044269062
Nifty Realty TRI,2016-12-22,171.42281507248532
Nifty Realty TRI,2016-12-23,169.21552970550917
Nifty Realty TRI,2016-12-26,163.05583682043704
Nifty Realty TRI,2016-12-27,164.13724063692172
Nifty Realty TRI,2016-12-28,165.93813005346482
Nifty Realty TRI,2016-12-29,167.68767483892685
Nifty Realty TRI,2016-12-30,169.9511965451073
Nifty Realty TRI,2017-01-02,177.41020964916618
Nifty Realty TRI,2017-01-03,178.23492617375905
Nifty Realty TRI,2017-01-04,182.19477032593497
Nifty Realty TRI,2017-01-05,184.25308061669963
Nifty Realty TRI,2017-01-06,182.71370879834868
Nifty Realty TRI,2017-01-09,184.26314490128172
Nifty Realty TRI,2017-01-10,183.75167037196655
Nifty Realty TRI,2017-01-11,184.5251761022305
Nifty Realty TRI,2017-01-12,184.01369111358784
Nifty Realty TRI,2017-01-13,183.8106023045007
Nifty Realty TRI,2017-01-16,186.28548350385665
Nifty Realty TRI,2017-01-17,187.00767988559278
Nifty Realty TRI,2017-01-18,187.11304916256785
Nifty Realty TRI,2017-01-19,186.49873333130785
Nifty Realty TRI,2017-01-20,182.33739945987722
Nifty Realty TRI,2017-01-23,183.63007398465146
Nifty Realty TRI,2017-01-24,184.24947883137216
Nifty Realty TRI,2017-01-25,187.64503138379158
Nifty Realty TRI,2017-01-27,186.51910778130167
Nifty Realty TRI,2017-01-30,185.80696840288246
Nifty Realty TRI,2017-01-31,184.6269942908678
Nifty Realty TRI,2017-02-01,193.7812922606208
Nifty Realty TRI,2017-02-02,194.09243281230098
Nifty Realty TRI,2017-02-03,195.7918021447871
Nifty Realty TRI,2017-02-06,199.6047692155856
Nifty Realty TRI,2017-02-07,198.52769851286692
Nifty Realty TRI,2017-02-08,200.02156969039746
Nifty Realty TRI,2017-02-09,201.92685207494915
Nifty Realty TRI,2017-02-10,201.6210813099053
Nifty Realty TRI,2017-02-13,199.52099739901405
Nifty Realty TRI,2017-02-14,198.08386627229686
Nifty Realty TRI,2017-02-15,190.32149239374667
Nifty Realty TRI,2017-02-16,193.87241618174878
Nifty Realty TRI,2017-02-17,194.64644975019064
Nifty Realty TRI,2017-02-20,197.4315246139837
Nifty Realty TRI,2017-02-21,198.3085123060712
Nifty Realty TRI,2017-02-22,198.516934147153
Nifty Realty TRI,2017-02-23,200.06254373796733
Nifty Realty TRI,2017-02-27,200.43350722984218
Nifty Realty TRI,2017-02-28,202.85360793353829
Nifty Realty TRI,2017-03-01,210.72581594230144
Nifty Realty TRI,2017-03-02,201.83045047883653
Nifty Realty TRI,2017-03-03,203.89062965780727
Nifty Realty TRI,2017-03-06,205.69930129040196
Nifty Realty TRI,2017-03-07,207.3995863833511
Nifty Realty TRI,2017-03-08,204.52182627614448
Nifty Realty TRI,2017-03-09,204.11309130947365
Nifty Realty TRI,2017-03-10,203.96156331612207
Nifty Realty TRI,2017-03-14,209.27135824876027
Nifty Realty TRI,2017-03-15,209.7886559730831
Nifty Realty TRI,2017-03-16,212.4152040318136
Nifty Realty TRI,2017-03-17,214.0129155359329
Nifty Realty TRI,2017-03-20,213.1985193885876
Nifty Realty TRI,2017-03-21,216.59701648645432
Nifty Realty TRI,2017-03-22,217.93764935989634
Nifty Realty TRI,2017-03-23,218.40366885781765
Nifty Realty TRI,2017-03-24,219.38420434316745
Nifty Realty TRI,2017-03-27,219.2388406636286
Nifty Realty TRI,2017-03-28,218.3156684733986
Nifty Realty TRI,2017-03-29,217.5468419805376
Nifty Realty TRI,2017-03-30,221.5632766149697
Nifty Realty TRI,2017-03-31,221.20610909525087
Nifty Realty TRI,2017-04-03,225.48614107019907
Nifty Realty TRI,2017-04-05,232.49067824898637
Nifty Realty TRI,2017-04-06,234.60369413740762
Nifty Realty TRI,2017-04-07,231.15907594767958
Nifty Realty TRI,2017-04-10,229.88198879785583
Nifty Realty TRI,2017-04-11,232.7155916672984
Nifty Realty TRI,2017-04-12,233.02753897257494
Nifty Realty TRI,2017-04-13,234.67758756489312
Nifty Realty TRI,2017-04-17,253.52740240613528
Nifty Realty TRI,2017-04-18,244.9357192803625
Nifty Realty TRI,2017-04-19,248.54186593107875
Nifty Realty TRI,2017-04-20,253.79513499251658
Nifty Realty TRI,2017-04-21,259.92352814719874
Nifty Realty TRI,2017-04-24,266.1622894858998
Nifty Realty TRI,2017-04-25,270.1808288522468
Nifty Realty TRI,2017-04-26,262.15463028962216
Nifty Realty TRI,2017-04-27,263.18769452798114
Nifty Realty TRI,2017-04-28,258.4556046866797
Nifty Realty TRI,2017-05-02,263.2056644713632
Nifty Realty TRI,2017-05-03,267.2760679533468
Nifty Realty TRI,2017-05-04,264.9631562285083
Nifty Realty TRI,2017-05-05,262.495732322454
Nifty Realty TRI,2017-05-08,273.52362103835685
Nifty Realty TRI,2017-05-09,274.76295243122456
Nifty Realty TRI,2017-05-10,275.07559198196486
Nifty Realty TRI,2017-05-11,275.8001376713136
Nifty Realty TRI,2017-05-12,277.5028948181986
Nifty Realty TRI,2017-05-15,279.62521243428915
Nifty Realty TRI,2017-05-16,282.25491618428475
Nifty Realty TRI,2017-05-17,281.79536333020513
Nifty Realty TRI,2017-05-18,272.5827017656171
Nifty Realty TRI,2017-05-19,272.3804526221278
Nifty Realty TRI,2017-05-22,268.3752570812721
Nifty Realty TRI,2017-05-23,261.0154847290911
Nifty Realty TRI,2017-05-24,256.8995926214058
Nifty Realty TRI,2017-05-25,262.30996091857895
Nifty Realty TRI,2017-05-26,263.8068833854127
Nifty Realty TRI,2017-05-29,252.43692800973142
Nifty Realty TRI,2017-05-30,255.01524625887293
Nifty Realty TRI,2017-05-31,257.90261106206003
Nifty Realty TRI,2017-06-01,258.21512890487145
Nifty Realty TRI,2017-06-02,261.61762720951936
Nifty Realty TRI,2017-06-05,263.6369056288097
Nifty Realty TRI,2017-06-06,260.03534143857536
Nifty Realty TRI,2017-06-07,260.34791372168417
Nifty Realty TRI,2017-06-08,259.8364313094317
Nifty Realty TRI,2017-06-09,267.46263260674357
Nifty Realty TRI,2017-06-12,266.8555044776263
Nifty Realty TRI,2017-06-13,268.8164498274872
Nifty Realty TRI,2017-06-14,272.4771740458838
Nifty Realty TRI,2017-06-15,278.35289639880517
Nifty Realty TRI,2017-06-16,279.12933806065917
Nifty Realty TRI,2017-06-19,278.2650713434979
Nifty Realty TRI,2017-06-20,278.7839930459375
Nifty Realty TRI,2017-06-21,280.3331867902161
Nifty Realty TRI,2017-06-22,275.90682638404877
Nifty Realty TRI,2017-06-23,271.42887475523395
Nifty Realty TRI,2017-06-27,267.94051166788995
Nifty Realty TRI,2017-06-28,270.0564199552437
Nifty Realty TRI,2017-06-29,272.5844964355796
Nifty Realty TRI,2017-06-30,271.4548207987059
Nifty Realty TRI,2017-07-03,275.22699265886837
Nifty Realty TRI,2017-07-04,273.83964954428177
Nifty Realty TRI,2017-07-05,278.06826025706675
Nifty Realty TRI,2017-07-06,282.966784943974
Nifty Realty TRI,2017-07-07,287.9684979535833
Nifty Realty TRI,2017-07-10,290.0928591415975
Nifty Realty TRI,2017-07-11,285.66551390412826
Nifty Realty TRI,2017-07-12,286.1331448940941
Nifty Realty TRI,2017-07-13,286.8069146764428
Nifty Realty TRI,2017-07-14,284.7496680051889
Nifty Realty TRI,2017-07-17,288.98689685642086
Nifty Realty TRI,2017-07-18,286.05351891687855
Nifty Realty TRI,2017-07-19,289.9223697082557
Nifty Realty TRI,2017-07-20,290.6993281549887
Nifty Realty TRI,2017-07-21,288.48734188989226
Nifty Realty TRI,2017-07-24,288.602238660061
Nifty Realty TRI,2017-07-25,289.68844018346596
Nifty Realty TRI,2017-07-26,291.23852159392555
Nifty Realty TRI,2017-07-27,290.57250788769176
Nifty Realty TRI,2017-07-28,289.8549495916918
Nifty Realty TRI,2017-07-31,291.6707602829988
Nifty Realty TRI,2017-08-01,291.6747431165559
Nifty Realty TRI,2017-08-02,291.06021033629617
Nifty Realty TRI,2017-08-03,288.5901198353649
Nifty Realty TRI,2017-08-04,289.2641244340626
Nifty Realty TRI,2017-08-07,293.7604799500969
Nifty Realty TRI,2017-08-08,280.8262579902398
Nifty Realty TRI,2017-08-09,279.43830732197796
Nifty Realty TRI,2017-08-10,265.26640142166406
Nifty Realty TRI,2017-08-11,262.795688415659
Nifty Realty TRI,2017-08-14,278.01396807070955
Nifty Realty TRI,2017-08-16,280.3929856078621
Nifty Realty TRI,2017-08-17,281.99494505319836
Nifty Realty TRI,2017-08-18,279.7304199182636
Nifty Realty TRI,2017-08-21,276.90630920214966
Nifty Realty TRI,2017-08-22,274.4353834524749
Nifty Realty TRI,2017-08-23,283.8740977958318
Nifty Realty TRI,2017-08-24,282.1765686229317
Nifty Realty TRI,2017-08-28,283.0685207451708
Nifty Realty TRI,2017-08-29,280.5458622462515
Nifty Realty TRI,2017-08-30,285.2934180658288
Nifty Realty TRI,2017-08-31,289.16452852847675
Nifty Realty TRI,2017-09-01,296.645194346015
Nifty Realty TRI,2017-09-04,291.7586072591192
Nifty Realty TRI,2017-09-05,295.8879019686275
Nifty Realty TRI,2017-09-06,296.0982233283015
Nifty Realty TRI,2017-09-07,298.4743724513992
Nifty Realty TRI,2017-09-08,294.0951260352301
Nifty Realty TRI,2017-09-11,296.0668508442894
Nifty Realty TRI,2017-09-12,302.10474359051665
Nifty Realty TRI,2017-09-13,298.29255853573363
Nifty Realty TRI,2017-09-14,296.74945015666225
Nifty Realty TRI,2017-09-15,295.7735946671744
Nifty Realty TRI,2017-09-18,297.84873293566426
Nifty Realty TRI,2017-09-19,300.48317590384266
Nifty Realty TRI,2017-09-20,298.88840631634207
Nifty Realty TRI,2017-09-21,294.3536607141873
Nifty Realty TRI,2017-09-22,281.56625435691245
Nifty Realty TRI,2017-09-25,272.7575101070979
Nifty Realty TRI,2017-09-26,280.08576748853307
Nifty Realty TRI,2017-09-27,271.8880610895521
Nifty Realty TRI,2017-09-28,274.88358869167257
Nifty Realty TRI,2017-09-29,282.1605729879212
Nifty Realty TRI,2017-10-03,282.94977673222013
Nifty Realty TRI,2017-10-04,284.29488488559593
Nifty Realty TRI,2017-10-05,286.8781426085532
Nifty Realty TRI,2017-10-06,287.2947909202507
Nifty Realty TRI,2017-10-09,294.0133032158001
Nifty Realty TRI,2017-10-10,291.4893447528632
Nifty Realty TRI,2017-10-11,285.86981296715516
Nifty Realty TRI,2017-10-12,290.67183902031974
Nifty Realty TRI,2017-10-13,291.55286653675523
Nifty Realty TRI,2017-10-16,294.81533704099263
Nifty Realty TRI,2017-10-17,297.45074448822896
Nifty Realty TRI,2017-10-18,297.14523882183795
Nifty Realty TRI,2017-10-19,296.42692056079557
Nifty Realty TRI,2017-10-23,299.22953506270534
Nifty Realty TRI,2017-10-24,300.9364444539569
Nifty Realty TRI,2017-10-25,299.7021027474518
Nifty Realty TRI,2017-10-26,300.9962529366344
Nifty Realty TRI,2017-10-27,299.45227274987474
Nifty Realty TRI,2017-10-30,305.4507537139188
Nifty Realty TRI,2017-10-31,314.2795091730805
Nifty Realty TRI,2017-11-01,322.4376270319036
Nifty Realty TRI,2017-11-02,322.5452507742986
Nifty Realty TRI,2017-11-03,324.7687905343835
Nifty Realty TRI,2017-11-06,326.227170453592
Nifty Realty TRI,2017-11-07,318.9029219089725
Nifty Realty TRI,2017-11-08,316.4299009141521
Nifty Realty TRI,2017-11-09,316.1245614005482
Nifty Realty TRI,2017-11-10,316.1804784338379
Nifty Realty TRI,2017-11-13,311.8061568109046
Nifty Realty TRI,2017-11-14,313.30728242036486
Nifty Realty TRI,2017-11-15,307.685360275954
Nifty Realty TRI,2017-11-16,311.7673258417815
Nifty Realty TRI,2017-11-17,323.17910689817273
Nifty Realty TRI,2017-11-20,330.057821752525
Nifty Realty TRI,2017-11-21,326.29399748440403
Nifty Realty TRI,2017-11-22,327.1760221222221
Nifty Realty TRI,2017-11-23,327.38699055575245
Nifty Realty TRI,2017-11-24,328.11416064137893
Nifty Realty TRI,2017-11-27,330.96696959614195
Nifty Realty TRI,2017-11-28,329.525979491432
Nifty Realty TRI,2017-11-29,332.4731829760014
Nifty Realty TRI,2017-11-30,336.19487152291543
Nifty Realty TRI,2017-12-01,329.53947894248734
Nifty Realty TRI,2017-12-04,328.313882759808
Nifty Realty TRI,2017-12-05,326.5112984426731
Nifty Realty TRI,2017-12-06,325.43148280584217
Nifty Realty TRI,2017-12-07,331.52848580642257
Nifty Realty TRI,2017-12-08,333.9597521481558
Nifty Realty TRI,2017-12-11,333.40546380045566
Nifty Realty TRI,2017-12-12,328.19481858622044
Nifty Realty TRI,2017-12-13,321.1767975826522
Nifty Realty TRI,2017-12-14,322.2139202520465
Nifty Realty TRI,2017-12-15,327.6402630470154
Nifty Realty TRI,2017-12-18,326.0012096090463
Nifty Realty TRI,2017-12-19,331.2729854662766
Nifty Realty TRI,2017-12-20,341.03768524192924
Nifty Realty TRI,2017-12-21,343.62443130209516
Nifty Realty TRI,2017-12-22,344.19717832843156
Nifty Realty TRI,2017-12-26,348.1410099044122
Nifty Realty TRI,2017-12-27,345.924991580052
Nifty Realty TRI,2017-12-28,356.4656584833659
Nifty Realty TRI,2017-12-29,358.32982075805506
Nifty Realty TRI,2018-01-01,359.17091174508727
Nifty Realty TRI,2018-01-02,355.1987411396343
Nifty Realty TRI,2018-01-03,356.85642817725994
Nifty Realty TRI,2018-01-04,356.18980439329715
Nifty Realty TRI,2018-01-05,358.7772862954166
Nifty Realty TRI,2018-01-08,362.14952506316473
Nifty Realty TRI,2018-01-09,372.3305475142431
Nifty Realty TRI,2018-01-10,377.0363364682152
Nifty Realty TRI,2018-01-11,384.583334956943
Nifty Realty TRI,2018-01-12,378.9579283973397
Nifty Realty TRI,2018-01-15,379.0767780263618
Nifty Realty TRI,2018-01-16,366.2702509507598
Nifty Realty TRI,2018-01-17,369.4265501981882
Nifty Realty TRI,2018-01-18,354.9663661554049
Nifty Realty TRI,2018-01-19,358.84588103129056
Nifty Realty TRI,2018-01-22,365.73196575231304
Nifty Realty TRI,2018-01-23,368.1651924195325
Nifty Realty TRI,2018-01-24,367.86023783400935
Nifty Realty TRI,2018-01-25,361.4069523968644
Nifty Realty TRI,2018-01-29,360.18661758489293
Nifty Realty TRI,2018-01-30,356.3162862486456
Nifty Realty TRI,2018-01-31,356.21783565705806
Nifty Realty TRI,2018-02-01,353.32908212133776
Nifty Realty TRI,2018-02-02,331.52826864088973
Nifty Realty TRI,2018-02-05,330.04331635813213
Nifty Realty TRI,2018-02-06,323.84683084607445
Nifty Realty TRI,2018-02-07,329.3288584591438
Nifty Realty TRI,2018-02-08,337.8082891090418
Nifty Realty TRI,2018-02-09,339.0014678729637
Nifty Realty TRI,2018-02-12,344.75173075753986
Nifty Realty TRI,2018-02-14,345.94982476320746
Nifty Realty TRI,2018-02-15,342.4401960291824
Nifty Realty TRI,2018-02-16,338.20697395155247
Nifty Realty TRI,2018-02-19,333.4141815560754
Nifty Realty TRI,2018-02-20,331.6614695947432
Nifty Realty TRI,2018-02-21,329.3918229413577
Nifty Realty TRI,2018-02-22,330.4300454128471
Nifty Realty TRI,2018-02-23,333.43239332868546
Nifty Realty TRI,2018-02-26,343.8872473421583
Nifty Realty TRI,2018-02-27,338.2060699972009
Nifty Realty TRI,2018-02-28,337.9522359701544
Nifty Realty TRI,2018-03-01,335.734136869522
Nifty Realty TRI,2018-03-05,332.44404728066854
Nifty Realty TRI,2018-03-06,324.90117367161844
Nifty Realty TRI,2018-03-07,321.9589659709528
Nifty Realty TRI,2018-03-08,326.5643287457968
Nifty Realty TRI,2018-03-09,326.4137039243094
Nifty Realty TRI,2018-03-12,328.18482066790006
Nifty Realty TRI,2018-03-13,332.8939881923008
Nifty Realty TRI,2018-03-14,331.1923973102329
Nifty Realty TRI,2018-03-15,330.8350377090778
Nifty Realty TRI,2018-03-16,325.51424912939024
Nifty Realty TRI,2018-03-19,315.9623673639843
Nifty Realty TRI,2018-03-20,314.6740673800568
Nifty Realty TRI,2018-03-21,317.16024335409617
Nifty Realty TRI,2018-03-22,313.33831814022847
Nifty Realty TRI,2018-03-23,302.9495629439794
Nifty Realty TRI,2018-03-26,306.52986312125415
Nifty Realty TRI,2018-03-27,307.4131170706988
Nifty Realty TRI,2018-03-28,304.1078475520111
Nifty Realty TRI,2018-04-02,306.5591644885504
Nifty Realty TRI,2018-04-03,308.114784619415
Nifty Realty TRI,2018-04-04,304.085214850616
Nifty Realty TRI,2018-04-05,312.0536251640467
Nifty Realty TRI,2018-04-06,313.8162312802433
Nifty Realty TRI,2018-04-09,313.725643440945
Nifty Realty TRI,2018-04-10,317.14342742857207
Nifty Realty TRI,2018-04-11,315.9064626846247
Nifty Realty TRI,2018-04-12,309.85943393657055
Nifty Realty TRI,2018-04-13,311.2601527263169
Nifty Realty TRI,2018-04-16,316.341815028343
Nifty Realty TRI,2018-04-17,320.122037828937
Nifty Realty TRI,2018-04-18,321.9367862726009
Nifty Realty TRI,2018-04-19,324.0102130499698
Nifty Realty TRI,2018-04-20,320.91104912573303
Nifty Realty TRI,2018-04-23,326.09705482712764
Nifty Realty TRI,2018-04-24,327.39474021205564
Nifty Realty TRI,2018-04-25,329.36494471988175
Nifty Realty TRI,2018-04-26,327.09327836965844
Nifty Realty TRI,2018-04-27,328.23584240031295
Nifty Realty TRI,2018-04-30,333.4226426477913
Nifty Realty TRI,2018-05-02,326.75792754247635
Nifty Realty TRI,2018-05-03,321.3301456390191
Nifty Realty TRI,2018-05-04,320.8689251644513
Nifty Realty TRI,2018-05-07,324.45200626002173
Nifty Realty TRI,2018-05-08,328.28514928959487
Nifty Realty TRI,2018-05-09,327.9792053647294
Nifty Realty TRI,2018-05-10,321.516108841636
Nifty Realty TRI,2018-05-11,319.91649973089187
Nifty Realty TRI,2018-05-14,317.7046444539909
Nifty Realty TRI,2018-05-15,311.3444606203174
Nifty Realty TRI,2018-05-16,317.76505338566335
Nifty Realty TRI,2018-05-17,318.0798847758054
Nifty Realty TRI,2018-05-18,313.32356656884235
Nifty Realty TRI,2018-05-21,303.03846328322993
Nifty Realty TRI,2018-05-22,306.76854144093664
Nifty Realty TRI,2018-05-23,304.1335039405043
Nifty Realty TRI,2018-05-24,302.0158677683258
Nifty Realty TRI,2018-05-25,305.84959331785586
Nifty Realty TRI,2018-05-28,310.5716623457214
Nifty Realty TRI,2018-05-29,307.52243463662126
Nifty Realty TRI,2018-05-30,307.47486024171553
Nifty Realty TRI,2018-05-31,305.3053556576954
Nifty Realty TRI,2018-06-01,301.47955714999904
Nifty Realty TRI,2018-06-04,291.4507911304916
Nifty Realty TRI,2018-06-05,288.40101043851314
Nifty Realty TRI,2018-06-06,292.7527428684686
Nifty Realty TRI,2018-06-07,301.45251089236905
Nifty Realty TRI,2018-06-08,302.54359764662644
Nifty Realty TRI,2018-06-11,300.6925286272402
Nifty Realty TRI,2018-06-12,301.93894982303624
Nifty Realty TRI,2018-06-13,301.7877853039952
Nifty Realty TRI,2018-06-14,301.79190628793356
Nifty Realty TRI,2018-06-15,297.96532755062293
Nifty Realty TRI,2018-06-18,296.8386597689622
Nifty Realty TRI,2018-06-19,290.8892931223671
Nifty Realty TRI,2018-06-20,294.1029537749833
Nifty Realty TRI,2018-06-21,291.7773070481985
Nifty Realty TRI,2018-06-22,292.24724289300326
Nifty Realty TRI,2018-06-25,287.9102611560138
Nifty Realty TRI,2018-06-26,285.84323989474103
Nifty Realty TRI,2018-06-27,280.72148407893036
Nifty Realty TRI,2018-06-28,274.51228948728675
Nifty Realty TRI,2018-06-29,281.19511526383127
Nifty Realty TRI,2018-07-02,277.37507725271126
Nifty Realty TRI,2018-07-03,277.7930886962471
Nifty Realty TRI,2018-07-04,279.0913688956182
Nifty Realty TRI,2018-07-05,274.07249599822643
Nifty Realty TRI,2018-07-06,276.8206193130564
Nifty Realty TRI,2018-07-09,278.95508200164016
Nifty Realty TRI,2018-07-10,283.98191809503936
Nifty Realty TRI,2018-07-11,284.24471805752245
Nifty Realty TRI,2018-07-12,281.1414915962668
Nifty Realty TRI,2018-07-13,276.3810271732458
Nifty Realty TRI,2018-07-16,267.2258742109748
Nifty Realty TRI,2018-07-17,269.974316288595
Nifty Realty TRI,2018-07-18,263.5043310418185
Nifty Realty TRI,2018-07-19,262.9900284393086
Nifty Realty TRI,2018-07-20,266.30824276346476
Nifty Realty TRI,2018-07-23,270.8769222263557
Nifty Realty TRI,2018-07-24,277.66557240251433
Nifty Realty TRI,2018-07-25,273.7847896125372
Nifty Realty TRI,2018-07-26,275.9639258890741
Nifty Realty TRI,2018-07-27,277.4697833357878
Nifty Realty TRI,2018-07-30,277.99912885326745
Nifty Realty TRI,2018-07-31,282.6647961881865
Nifty Realty TRI,2018-08-01,283.18664880424075
Nifty Realty TRI,2018-08-02,278.47669832255315
Nifty Realty TRI,2018-08-03,280.13812941635314
Nifty Realty TRI,2018-08-06,278.4919092961337
Nifty Realty TRI,2018-08-07,276.78620232506046
Nifty Realty TRI,2018-08-08,276.6345755473073
Nifty Realty TRI,2018-08-09,282.3886881987869
Nifty Realty TRI,2018-08-10,282.13351607125185
Nifty Realty TRI,2018-08-13,279.4510955609346
Nifty Realty TRI,2018-08-14,284.9983927571208
Nifty Realty TRI,2018-08-16,283.55550573768255
Nifty Realty TRI,2018-08-17,286.0462799703207
Nifty Realty TRI,2018-08-20,287.92327500858244
Nifty Realty TRI,2018-08-21,282.74586421217595
Nifty Realty TRI,2018-08-23,283.8935189857835
Nifty Realty TRI,2018-08-24,283.3792401475173
Nifty Realty TRI,2018-08-27,283.5981008419357
Nifty Realty TRI,2018-08-28,281.06289192296776
Nifty Realty TRI,2018-08-29,284.38313236935176
Nifty Realty TRI,2018-08-30,286.09706252011506
Nifty Realty TRI,2018-08-31,285.8937062197277
Nifty Realty TRI,2018-09-03,283.05517394619136
Nifty Realty TRI,2018-09-04,277.8248637432392
Nifty Realty TRI,2018-09-05,274.7192152004558
Nifty Realty TRI,2018-09-06,276.17408475319024
Nifty Realty TRI,2018-09-07,277.93990242625875
Nifty Realty TRI,2018-09-10,273.7532675123444
Nifty Realty TRI,2018-09-11,268.3150357934027
Nifty Realty TRI,2018-09-12,266.66016561715605
Nifty Realty TRI,2018-09-14,275.89325454946004
Nifty Realty TRI,2018-09-17,279.0145087353795
Nifty Realty TRI,2018-09-18,270.51768654487586
Nifty Realty TRI,2018-09-19,267.2039952840457
Nifty Realty TRI,2018-09-21,257.8290890568131
Nifty Realty TRI,2018-09-24,244.20639890810145
Nifty Realty TRI,2018-09-25,240.01083675224794
Nifty Realty TRI,2018-09-26,245.82007745839618
Nifty Realty TRI,2018-09-27,239.0324421921364
Nifty Realty TRI,2018-09-28,227.68267991220864
Nifty Realty TRI,2018-10-01,224.27040295235682
Nifty Realty TRI,2018-10-03,224.1728338831822
Nifty Realty TRI,2018-10-04,222.56871034347284
Nifty Realty TRI,2018-10-05,216.5058621539217
Nifty Realty TRI,2018-10-08,209.5671836049217
Nifty Realty TRI,2018-10-09,207.49612110891934
Nifty Realty TRI,2018-10-10,216.20954871222887
Nifty Realty TRI,2018-10-11,210.14610085982304
Nifty Realty TRI,2018-10-12,217.30431150477608
Nifty Realty TRI,2018-10-15,217.62433093388313
Nifty Realty TRI,2018-10-16,219.8569779319477
Nifty Realty TRI,2018-10-17,213.48197288648177
Nifty Realty TRI,2018-10-19,211.88028931861302
Nifty Realty TRI,2018-10-22,211.21481474706275
Nifty Realty TRI,2018-10-23,211.58071138836488
Nifty Realty TRI,2018-10-24,218.0659412771061
Nifty Realty TRI,2018-10-25,213.6608671485811
Nifty Realty TRI,2018-10-26,213.04145670480017
Nifty Realty TRI,2018-10-29,220.10345562089972
Nifty Realty TRI,2018-10-30,221.4549016918786
Nifty Realty TRI,2018-10-31,222.9101024995992
Nifty Realty TRI,2018-11-01,229.08502158685997
Nifty Realty TRI,2018-11-02,229.55493252509575
Nifty Realty TRI,2018-11-05,233.0394310450032
Nifty Realty TRI,2018-11-06,233.97624553157019
Nifty Realty TRI,2018-11-07,235.63922753189078
Nifty Realty TRI,2018-11-09,234.50453123701908
Nifty Realty TRI,2018-11-12,231.0905708351374
Nifty Realty TRI,2018-11-13,229.69315206068808
Nifty Realty TRI,2018-11-14,226.2726437275552
Nifty Realty TRI,2018-11-15,230.11442908728336
Nifty Realty TRI,2018-11-16,230.68819968979398
Nifty Realty TRI,2018-11-19,234.64030013793274
Nifty Realty TRI,2018-11-20,234.74726623753114
Nifty Realty TRI,2018-11-21,238.27820733058627
Nifty Realty TRI,2018-11-22,235.06495610145862
Nifty Realty TRI,2018-11-26,235.90791259388516
Nifty Realty TRI,2018-11-27,236.11866203753146
Nifty Realty TRI,2018-11-28,232.74945772811364
Nifty Realty TRI,2018-11-29,235.55438095402394
Nifty Realty TRI,2018-11-30,240.74609084219966
Nifty Realty TRI,2018-12-03,246.56731024320777
Nifty Realty TRI,2018-12-04,245.68857879810696
Nifty Realty TRI,2018-12-05,243.82394543198305
Nifty Realty TRI,2018-12-06,237.9638033889553
Nifty Realty TRI,2018-12-07,239.16051404792174
Nifty Realty TRI,2018-12-10,231.90542892824715
Nifty Realty TRI,2018-12-11,232.01238744139155
Nifty Realty TRI,2018-12-12,242.13477565015216
Nifty Realty TRI,2018-12-13,245.4593041476642
Nifty Realty TRI,2018-12-14,246.18918073113127
Nifty Realty TRI,2018-12-17,245.62839624538077
Nifty Realty TRI,2018-12-18,246.150727238226
Nifty Realty TRI,2018-12-19,253.4198640014259
Nifty Realty TRI,2018-12-20,252.59295149687915
Nifty Realty TRI,2018-12-21,247.5621124274126
Nifty Realty TRI,2018-12-24,242.2782499017367
Nifty Realty TRI,2018-12-26,242.85580678200648
Nifty Realty TRI,2018-12-27,241.4577227496699
Nifty Realty TRI,2018-12-28,242.08386770892898
Nifty Realty TRI,2018-12-31,241.2113771631698
Nifty Realty TRI,2019-01-01,246.56114847665683
Nifty Realty TRI,2019-01-02,243.0347559710946
Nifty Realty TRI,2019-01-03,242.88233808011555
Nifty Realty TRI,2019-01-04,244.91013125786193
Nifty Realty TRI,2019-01-07,248.1906212009367
Nifty Realty TRI,2019-01-08,248.14209456228397
Nifty Realty TRI,2019-01-09,249.7547978799426
Nifty Realty TRI,2019-01-10,249.08331696727362
Nifty Realty TRI,2019-01-11,245.71226284050235
Nifty Realty TRI,2019-01-14,243.33416745799295
Nifty Realty TRI,2019-01-15,247.69855996780075
Nifty Realty TRI,2019-01-16,247.70194235051102
Nifty Realty TRI,2019-01-17,250.66469555610126
Nifty Realty TRI,2019-01-18,247.44910894796956
Nifty Realty TRI,2019-01-21,243.92855490674992
Nifty Realty TRI,2019-01-22,245.74917321339302
Nifty Realty TRI,2019-01-23,244.55830157064565
Nifty Realty TRI,2019-01-24,249.85788677155287
Nifty Realty TRI,2019-01-25,238.90519973638766
Nifty Realty TRI,2019-01-28,238.1360855194843
Nifty Realty TRI,2019-01-29,236.99692685308335
Nifty Realty TRI,2019-01-30,235.23460850387357
Nifty Realty TRI,2019-01-31,237.36690788615664
Nifty Realty TRI,2019-02-01,240.33012618600966
Nifty Realty TRI,2019-02-04,237.95112539478743
Nifty Realty TRI,2019-02-05,232.60532545763593
Nifty Realty TRI,2019-02-06,233.80297331818656
Nifty Realty TRI,2019-02-07,233.65035491603552
Nifty Realty TRI,2019-02-08,235.41931705920436
Nifty Realty TRI,2019-02-11,233.03988673924258
Nifty Realty TRI,2019-02-12,229.77100396294225
Nifty Realty TRI,2019-02-14,231.7509633388121
Nifty Realty TRI,2019-02-15,231.18279010415333
Nifty Realty TRI,2019-02-18,232.95827352848104
Nifty Realty TRI,2019-02-19,236.96102217514482
Nifty Realty TRI,2019-02-20,237.587565174398
Nifty Realty TRI,2019-02-21,238.52580689441606
Nifty Realty TRI,2019-02-22,242.21710950459516
Nifty Realty TRI,2019-02-25,240.46085069535252
Nifty Realty TRI,2019-02-26,236.51613486750387
Nifty Realty TRI,2019-02-27,236.88300708794466
Nifty Realty TRI,2019-02-28,239.2239349571871
Nifty Realty TRI,2019-03-01,239.3311068515741
Nifty Realty TRI,2019-03-05,244.12378024480316
Nifty Realty TRI,2019-03-06,246.1013370831898
Nifty Realty TRI,2019-03-07,245.27343523575578
Nifty Realty TRI,2019-03-08,245.74437104411186
Nifty Realty TRI,2019-03-11,247.9885631896632
Nifty Realty TRI,2019-03-12,254.48660582499016
Nifty Realty TRI,2019-03-13,255.99687442017083
Nifty Realty TRI,2019-03-14,261.6638619037102
Nifty Realty TRI,2019-03-15,261.4596006419453
Nifty Realty TRI,2019-03-18,268.8488520634044
Nifty Realty TRI,2019-03-19,269.16428387407683
Nifty Realty TRI,2019-03-20,275.7152754316747
Nifty Realty TRI,2019-03-22,277.4376541784005
Nifty Realty TRI,2019-03-25,272.09644752253183
Nifty Realty TRI,2019-03-26,274.4386863470103
Nifty Realty TRI,2019-03-27,273.1952234552299
Nifty Realty TRI,2019-03-28,277.148555165669
Nifty Realty TRI,2019-04-01,277.73539848731957
Nifty Realty TRI,2019-04-02,284.1837188002673
Nifty Realty TRI,2019-04-03,283.35604630393414
Nifty Realty TRI,2019-04-04,283.1520086251168
Nifty Realty TRI,2019-04-05,286.89802969097246
Nifty Realty TRI,2019-04-08,280.62064992140216
Nifty Realty TRI,2019-04-09,284.57473026932536
Nifty Realty TRI,2019-04-10,287.80124797537263
Nifty Realty TRI,2019-04-11,285.72603640128204
Nifty Realty TRI,2019-04-12,286.6135916362213
Nifty Realty TRI,2019-04-15,291.3556258693204
Nifty Realty TRI,2019-04-16,288.44862015099557
Nifty Realty TRI,2019-04-18,281.12680422681774
Nifty Realty TRI,2019-04-22,274.1760084519026
Nifty Realty TRI,2019-04-23,273.607875722983
Nifty Realty TRI,2019-04-24,275.37920867729974
Nifty Realty TRI,2019-04-25,276.26677950119523
Nifty Realty TRI,2019-04-26,274.91881409078405
Nifty Realty TRI,2019-04-30,268.59079712399387
Nifty Realty TRI,2019-05-02,268.91011223668096
Nifty Realty TRI,2019-05-03,273.1252982586746
Nifty Realty TRI,2019-05-06,269.1327667683386
Nifty Realty TRI,2019-05-07,265.9646377406466
Nifty Realty TRI,2019-05-08,260.3525235794015
Nifty Realty TRI,2019-05-09,261.24004231766634
Nifty Realty TRI,2019-05-10,261.24360961253666
Nifty Realty TRI,2019-05-13,256.26218794743005
Nifty Realty TRI,2019-05-14,258.2417715382142
Nifty Realty TRI,2019-05-15,259.07734389934404
Nifty Realty TRI,2019-05-16,261.94106796118416
Nifty Realty TRI,2019-05-17,262.6726990179056
Nifty Realty TRI,2019-05-20,277.71325639623245
Nifty Realty TRI,2019-05-21,276.6249156368767
Nifty Realty TRI,2019-05-22,277.6688459781301
Nifty Realty TRI,2019-05-23,278.9728465694906
Nifty Realty TRI,2019-05-24,291.3548079588633
Nifty Realty TRI,2019-05-27,297.71211631792124
Nifty Realty TRI,2019-05-28,298.08023961643295
Nifty Realty TRI,2019-05-29,296.4199315439714
Nifty Realty TRI,2019-05-30,296.05987957070766
Nifty Realty TRI,2019-05-31,295.3877461673954
Nifty Realty TRI,2019-06-03,298.31273997206137
Nifty Realty TRI,2019-06-04,297.22447169831753
Nifty Realty TRI,2019-06-06,292.0307589169211
Nifty Realty TRI,2019-06-07,290.63022698949015
Nifty Realty TRI,2019-06-10,291.52649881002594
Nifty Realty TRI,2019-06-11,291.84259809396656
Nifty Realty TRI,2019-06-12,285.8639884297119
Nifty Realty TRI,2019-06-13,287.68870656895683
Nifty Realty TRI,2019-06-14,281.65786551023547
Nifty Realty TRI,2019-06-17,277.9235172901232
Nifty Realty TRI,2019-06-18,278.13540065418414
Nifty Realty TRI,2019-06-19,281.2088360283228
Nifty Realty TRI,2019-06-20,286.6236264106293
Nifty Realty TRI,2019-06-21,285.2747683722395
Nifty Realty TRI,2019-06-24,282.5288136468965
Nifty Realty TRI,2019-06-25,285.1862807198045
Nifty Realty TRI,2019-06-26,289.4568471838534
Nifty Realty TRI,2019-06-27,294.9763402234886
Nifty Realty TRI,2019-06-28,296.3852589284422
Nifty Realty TRI,2019-07-01,303.6824495129021
Nifty Realty TRI,2019-07-02,299.21144656802954
Nifty Realty TRI,2019-07-03,301.71332524597125
Nifty Realty TRI,2019-07-04,304.47546316799077
Nifty Realty TRI,2019-07-05,293.60350875064364
Nifty Realty TRI,2019-07-08,283.36344596828116
Nifty Realty TRI,2019-07-09,291.38175719038304
Nifty Realty TRI,2019-07-10,286.80597434599133
Nifty Realty TRI,2019-07-11,290.5049747958789
Nifty Realty TRI,2019-07-12,292.0181951567596
Nifty Realty TRI,2019-07-15,291.71789469099866
Nifty Realty TRI,2019-07-16,297.2388180191536
Nifty Realty TRI,2019-07-17,297.7633512153893
Nifty Realty TRI,2019-07-18,293.2392541593273
Nifty Realty TRI,2019-07-19,288.9231780811521
Nifty Realty TRI,2019-07-22,284.8750435819573
Nifty Realty TRI,2019-07-23,287.68973798692946
Nifty Realty TRI,2019-07-24,284.6746331373106
Nifty Realty TRI,2019-07-25,285.0428668534214
Nifty Realty TRI,2019-07-26,285.67141149313784
Nifty Realty TRI,2019-07-29,283.0282730210506
Nifty Realty TRI,2019-07-30,279.07581162230184
Nifty Realty TRI,2019-07-31,278.45495928048376
Nifty Realty TRI,2019-08-01,275.4393667333237
Nifty Realty TRI,2019-08-02,273.41285356794856
Nifty Realty TRI,2019-08-05,268.53031336360516
Nifty Realty TRI,2019-08-06,273.27160935143615
Nifty Realty TRI,2019-08-07,269.3706639317885
Nifty Realty TRI,2019-08-08,274.3723843609981
Nifty Realty TRI,2019-08-09,276.61486725038196
Nifty Realty TRI,2019-08-13,273.8704517152128
Nifty Realty TRI,2019-08-14,275.2800159303567
Nifty Realty TRI,2019-08-16,276.0685653914354
Nifty Realty TRI,2019-08-19,277.7982079659071
Nifty Realty TRI,2019-08-20,274.72976408373296
Nifty Realty TRI,2019-08-21,269.2659226212656
Nifty Realty TRI,2019-08-22,252.65832360926083
Nifty Realty TRI,2019-08-23,254.6926462467254
Nifty Realty TRI,2019-08-26,264.2329577849204
Nifty Realty TRI,2019-08-27,267.25701714950037
Nifty Realty TRI,2019-08-28,273.6141025341615
Nifty Realty TRI,2019-08-29,274.7635294300326
Nifty Realty TRI,2019-08-30,278.30865936004426
Nifty Realty TRI,2019-09-03,272.0219735078241
Nifty Realty TRI,2019-09-04,271.5569666787601
Nifty Realty TRI,2019-09-05,266.66486193846185
Nifty Realty TRI,2019-09-06,264.8976609596733
Nifty Realty TRI,2019-09-09,266.67942772509406
Nifty Realty TRI,2019-09-11,277.72921389896635
Nifty Realty TRI,2019-09-12,275.2848659029852
Nifty Realty TRI,2019-09-13,279.2994589905029
Nifty Realty TRI,2019-09-16,276.6542507352794
Nifty Realty TRI,2019-09-17,266.34391471473555
Nifty Realty TRI,2019-09-18,270.25446874991013
Nifty Realty TRI,2019-09-19,266.090724050282
Nifty Realty TRI,2019-09-20,276.4088939132542
Nifty Realty TRI,2019-09-23,284.234584960116
Nifty Realty TRI,2019-09-24,280.487544018984
Nifty Realty TRI,2019-09-25,271.89533502067206
Nifty Realty TRI,2019-09-26,279.03643717135105
Nifty Realty TRI,2019-09-27,272.6842401063945
Nifty Realty TRI,2019-09-30,269.6214531733587
Nifty Realty TRI,2019-10-01,258.5275270296151
Nifty Realty TRI,2019-10-03,261.7649577400387
Nifty Realty TRI,2019-10-04,258.59020882786524
Nifty Realty TRI,2019-10-07,255.57867549943117
Nifty Realty TRI,2019-10-09,260.79637225049106
Nifty Realty TRI,2019-10-10,255.27649515176026
Nifty Realty TRI,2019-10-11,257.7290911209984
Nifty Realty TRI,2019-10-14,262.69016820174494
Nifty Realty TRI,2019-10-15,264.4134263463914
Nifty Realty TRI,2019-10-16,267.1789903731627
Nifty Realty TRI,2019-10-17,268.7460245610077
Nifty Realty TRI,2019-10-18,273.9089188412752
Nifty Realty TRI,2019-10-22,275.01834417700553
Nifty Realty TRI,2019-10-23,272.6246925672903
Nifty Realty TRI,2019-10-24,275.13009715472117
Nifty Realty TRI,2019-10-25,276.1240875426047
Nifty Realty TRI,2019-10-29,278.6409908417583
Nifty Realty TRI,2019-10-30,277.1332736027513
Nifty Realty TRI,2019-10-31,280.4207894296084
Nifty Realty TRI,2019-11-01,282.66592428713795
Nifty Realty TRI,2019-11-04,281.061621000912
Nifty Realty TRI,2019-11-05,279.0846628051941
Nifty Realty TRI,2019-11-06,285.70858925246637
Nifty Realty TRI,2019-11-07,288.2146508009085
Nifty Realty TRI,2019-11-08,293.01438460468376
Nifty Realty TRI,2019-11-11,295.4765353707986
Nifty Realty TRI,2019-11-13,290.1671268315028
Nifty Realty TRI,2019-11-14,289.49336924345596
Nifty Realty TRI,2019-11-15,288.76747242799064
Nifty Realty TRI,2019-11-18,289.7698601518663
Nifty Realty TRI,2019-11-19,289.9302197085322
Nifty Realty TRI,2019-11-20,285.658965299707
Nifty Realty TRI,2019-11-21,287.22699920364283
Nifty Realty TRI,2019-11-22,287.6480228644194
Nifty Realty TRI,2019-11-25,292.71745323347164
Nifty Realty TRI,2019-11-26,290.01009473297984
Nifty Realty TRI,2019-11-27,288.13692221208277
Nifty Realty TRI,2019-11-28,291.2694221487688
Nifty Realty TRI,2019-11-29,294.14129024180363
Nifty Realty TRI,2019-12-02,293.1104280316245
Nifty Realty TRI,2019-12-03,297.0254042377861
Nifty Realty TRI,2019-12-04,297.6030965978595
Nifty Realty TRI,2019-12-05,298.1286378421963
Nifty Realty TRI,2019-12-06,295.57742195939613
Nifty Realty TRI,2019-12-09,292.5126650265058
Nifty Realty TRI,2019-12-10,289.85692391332185
Nifty Realty TRI,2019-12-11,292.57279302157343
Nifty Realty TRI,2019-12-12,295.0801126141964
Nifty Realty TRI,2019-12-13,300.03871854888985
Nifty Realty TRI,2019-12-16,301.824312261118
Nifty Realty TRI,2019-12-17,301.04608945307575
Nifty Realty TRI,2019-12-18,303.0843041405594
Nifty Realty TRI,2019-12-19,302.93197606425764
Nifty Realty TRI,2019-12-20,304.5530428770658
Nifty Realty TRI,2019-12-23,303.2615052941016
Nifty Realty TRI,2019-12-24,304.569678194552
Nifty Realty TRI,2019-12-26,304.0041874326337
Nifty Realty TRI,2019-12-27,308.91171182130415
Nifty Realty TRI,2019-12-30,309.28953196897544
Nifty Realty TRI,2019-12-31,311.4847127479679
Nifty Realty TRI,2020-01-01,310.75864766749794
Nifty Realty TRI,2020-01-02,314.0494487814444
Nifty Realty TRI,2020-01-03,312.6451841712334
Nifty Realty TRI,2020-01-06,305.093264934879
Nifty Realty TRI,2020-01-07,310.9927753079157
Nifty Realty TRI,2020-01-08,309.9535828513729
Nifty Realty TRI,2020-01-09,318.4097941302088
Nifty Realty TRI,2020-01-10,324.1532140776435
Nifty Realty TRI,2020-01-13,330.9493109017289
Nifty Realty TRI,2020-01-14,330.5364266103264
Nifty Realty TRI,2020-01-15,334.8716201455406
Nifty Realty TRI,2020-01-16,337.9024906034039
Nifty Realty TRI,2020-01-17,338.2723596944807
Nifty Realty TRI,2020-01-20,340.0081677978677
Nifty Realty TRI,2020-01-21,335.1599636869143
Nifty Realty TRI,2020-01-22,334.8514615259362
Nifty Realty TRI,2020-01-23,341.95286086930867
Nifty Realty TRI,2020-01-24,343.00119745160805
Nifty Realty TRI,2020-01-27,341.0843792655735
Nifty Realty TRI,2020-01-28,341.2456209566839
Nifty Realty TRI,2020-01-29,342.8680625169142
Nifty Realty TRI,2020-01-30,341.46367201811086
Nifty Realty TRI,2020-01-31,345.5390193229354
Nifty Realty TRI,2020-02-03,323.58099419487
Nifty Realty TRI,2020-02-04,332.5623047858454
Nifty Realty TRI,2020-02-05,340.70877095443757
Nifty Realty TRI,2020-02-06,340.5568519219028
Nifty Realty TRI,2020-02-07,334.3504828554131
Nifty Realty TRI,2020-02-10,331.0236888643373
Nifty Realty TRI,2020-02-11,331.7589365410005
Nifty Realty TRI,2020-02-12,329.0492536129042
Nifty Realty TRI,2020-02-13,327.592188288559
Nifty Realty TRI,2020-02-14,323.9427790363028
Nifty Realty TRI,2020-02-17,319.153632818084
Nifty Realty TRI,2020-02-18,316.18251764326175
Nifty Realty TRI,2020-02-19,319.68436798380003
Nifty Realty TRI,2020-02-20,319.7409232047602
Nifty Realty TRI,2020-02-24,312.9716794699807
Nifty Realty TRI,2020-02-25,315.899485610938
Nifty Realty TRI,2020-02-26,310.63091747379616
Nifty Realty TRI,2020-02-27,303.11725353796487
Nifty Realty TRI,2020-02-28,292.9407736514191
Nifty Realty TRI,2020-03-02,292.01299276984446
Nifty Realty TRI,2020-03-03,296.71598417413014
Nifty Realty TRI,2020-03-04,293.4828937508372
Nifty Realty TRI,2020-03-05,290.14531530872966
Nifty Realty TRI,2020-03-06,281.6907174216341
Nifty Realty TRI,2020-03-09,271.5202479424682
Nifty Realty TRI,2020-03-11,266.5670617983495
Nifty Realty TRI,2020-03-12,240.51413690928587
Nifty Realty TRI,2020-03-13,246.31365394383067
Nifty Realty TRI,2020-03-16,225.74888484853255
Nifty Realty TRI,2020-03-17,220.37319679957895
Nifty Realty TRI,2020-03-18,206.53741585774483
Nifty Realty TRI,2020-03-19,199.69907725105853
Nifty Realty TRI,2020-03-20,205.13302170468629
Nifty Realty TRI,2020-03-23,181.84890273052656
Nifty Realty TRI,2020-03-24,178.24777030135098
Nifty Realty TRI,2020-03-25,182.8984059782395
Nifty Realty TRI,2020-03-26,194.0775970520304
Nifty Realty TRI,2020-03-27,193.2968232071337
Nifty Realty TRI,2020-03-30,179.2547653906296
Nifty Realty TRI,2020-03-31,183.33123420803287
Nifty Realty TRI,2020-04-01,179.7819792977627
Nifty Realty TRI,2020-04-03,179.73465281396648
Nifty Realty TRI,2020-04-07,191.1841759959952
Nifty Realty TRI,2020-04-08,188.574945313527
Nifty Realty TRI,2020-04-09,194.06246207683554
Nifty Realty TRI,2020-04-13,184.61754774265776
Nifty Realty TRI,2020-04-15,188.0183080899121
Nifty Realty TRI,2020-04-16,189.4314303112122
Nifty Realty TRI,2020-04-17,196.2256391607264
Nifty Realty TRI,2020-04-20,197.38306674735594
Nifty Realty TRI,2020-04-21,193.78078430072128
Nifty Realty TRI,2020-04-22,192.32052600550332
Nifty Realty TRI,2020-04-23,193.78607658219104
Nifty Realty TRI,2020-04-24,185.69024541806849
Nifty Realty TRI,2020-04-27,188.20588033179345
Nifty Realty TRI,2020-04-28,189.67147460764593
Nifty Realty TRI,2020-04-29,191.39836791665272
Nifty Realty TRI,2020-04-30,195.7379503960347
Nifty Realty TRI,2020-05-04,182.16224422558466
Nifty Realty TRI,2020-05-05,176.93912272975777
Nifty Realty TRI,2020-05-06,178.7182669953425
Nifty Realty TRI,2020-05-07,178.35489843910676
Nifty Realty TRI,2020-05-08,177.2076624179811
Nifty Realty TRI,2020-05-11,178.83499665252165
Nifty Realty TRI,2020-05-12,180.24847840817753
Nifty Realty TRI,2020-05-13,186.4700905724869
Nifty Realty TRI,2020-05-14,183.12783928003944
Nifty Realty TRI,2020-05-15,180.3081289321244
Nifty Realty TRI,2020-05-18,170.6986911816009
Nifty Realty TRI,2020-05-19,169.49889269102755
Nifty Realty TRI,2020-05-20,173.26442280194703
Nifty Realty TRI,2020-05-21,173.00545122920136
Nifty Realty TRI,2020-05-22,170.9693562056281
Nifty Realty TRI,2020-05-26,173.0172637045869
Nifty Realty TRI,2020-05-27,176.05138376008182
Nifty Realty TRI,2020-05-28,180.5492263357145
Nifty Realty TRI,2020-05-29,188.28813761368946
Nifty Realty TRI,2020-06-01,194.0461406150107
Nifty Realty TRI,2020-06-02,203.615305388314
Nifty Realty TRI,2020-06-03,209.99586021289008
Nifty Realty TRI,2020-06-04,206.33930268875287
Nifty Realty TRI,2020-06-05,211.2039878982013
Nifty Realty TRI,2020-06-08,211.89227839054112
Nifty Realty TRI,2020-06-09,211.8951718299659
Nifty Realty TRI,2020-06-10,216.02833903120896
Nifty Realty TRI,2020-06-11,211.53499091315072
Nifty Realty TRI,2020-06-12,213.99518087055182
Nifty Realty TRI,2020-06-15,207.57285529845052
Nifty Realty TRI,2020-06-16,205.85025589540598
Nifty Realty TRI,2020-06-17,207.42167028738987
Nifty Realty TRI,2020-06-18,209.306839767055
Nifty Realty TRI,2020-06-19,222.69548283102702
Nifty Realty TRI,2020-06-22,224.90080700055336
Nifty Realty TRI,2020-06-23,231.38796706742306
Nifty Realty TRI,2020-06-24,225.27298207588453
Nifty Realty TRI,2020-06-25,222.9751916829465
Nifty Realty TRI,2020-06-26,220.88650813522676
Nifty Realty TRI,2020-06-29,213.05125446732853
Nifty Realty TRI,2020-06-30,211.95594318566646
Nifty Realty TRI,2020-07-01,210.44223410547048
Nifty Realty TRI,2020-07-02,210.288221649835
Nifty Realty TRI,2020-07-03,212.43532286090803
Nifty Realty TRI,2020-07-06,218.82465859145202
Nifty Realty TRI,2020-07-07,217.310919043477
Nifty Realty TRI,2020-07-08,213.0774392872029
Nifty Realty TRI,2020-07-09,214.17870443299782
Nifty Realty TRI,2020-07-10,215.59382204423804
Nifty Realty TRI,2020-07-13,212.15049790653026
Nifty Realty TRI,2020-07-14,208.91041257867067
Nifty Realty TRI,2020-07-15,204.62411913996198
Nifty Realty TRI,2020-07-16,204.62691333094466
Nifty Realty TRI,2020-07-17,205.4666260826731
Nifty Realty TRI,2020-07-20,206.36432559779513
Nifty Realty TRI,2020-07-21,210.39510178866462
Nifty Realty TRI,2020-07-22,208.25318872063588
Nifty Realty TRI,2020-07-23,211.18553519295068
Nifty Realty TRI,2020-07-24,207.57879499629917
Nifty Realty TRI,2020-07-27,204.13449845941597
Nifty Realty TRI,2020-07-28,207.43319157556513
Nifty Realty TRI,2020-07-29,207.48834409609964
Nifty Realty TRI,2020-07-30,207.3342153424298
Nifty Realty TRI,2020-07-31,210.31919070558132
Nifty Realty TRI,2020-08-03,207.7641127459008
Nifty Realty TRI,2020-08-04,211.6387053843388
Nifty Realty TRI,2020-08-05,211.79855431071346
Nifty Realty TRI,2020-08-06,214.1036489493309
Nifty Realty TRI,2020-08-07,213.42636130385938
Nifty Realty TRI,2020-08-10,219.5048485258996
Nifty Realty TRI,2020-08-11,218.3043527914644
Nifty Realty TRI,2020-08-12,216.68520040628923
Nifty Realty TRI,2020-08-13,218.67659771019555
Nifty Realty TRI,2020-08-14,216.74344962575879
Nifty Realty TRI,2020-08-17,218.89786049680404
Nifty Realty TRI,2020-08-18,227.74481280839956
Nifty Realty TRI,2020-08-19,230.62617074141906
Nifty Realty TRI,2020-08-20,231.6236342425831
Nifty Realty TRI,2020-08-21,234.5051237486897
Nifty Realty TRI,2020-08-24,232.1596395584105
Nifty Realty TRI,2020-08-25,227.19088310263126
Nifty Realty TRI,2020-08-26,229.0257729116
Nifty Realty TRI,2020-08-27,243.68340012859332
Nifty Realty TRI,2020-08-28,244.00076016194788
Nifty Realty TRI,2020-08-31,233.17629544268272
Nifty Realty TRI,2020-09-01,235.01141706996233
Nifty Realty TRI,2020-09-02,236.32317089606784
Nifty Realty TRI,2020-09-03,235.85531861904852
Nifty Realty TRI,2020-09-04,230.3625014878955
Nifty Realty TRI,2020-09-07,228.22577556984805
Nifty Realty TRI,2020-09-08,224.30293633524033
Nifty Realty TRI,2020-09-09,220.9558078189793
Nifty Realty TRI,2020-09-10,222.2151619663401
Nifty Realty TRI,2020-09-11,225.04499708349664
Nifty Realty TRI,2020-09-14,233.4302747529874
Nifty Realty TRI,2020-09-15,231.75823732626174
Nifty Realty TRI,2020-09-16,236.99658152165605
Nifty Realty TRI,2020-09-17,232.96866812933683
Nifty Realty TRI,2020-09-18,237.4218734609987
Nifty Realty TRI,2020-09-21,224.0286220152653
Nifty Realty TRI,2020-09-22,219.8955537215743
Nifty Realty TRI,2020-09-23,221.6263244285036
Nifty Realty TRI,2020-09-24,214.77052922430275
Nifty Realty TRI,2020-09-25,219.27625688271686
Nifty Realty TRI,2020-09-28,225.93501370000817
Nifty Realty TRI,2020-09-29,223.215315878258
Nifty Realty TRI,2020-09-30,221.90931883717656
Nifty Realty TRI,2020-10-01,225.89190370039708
Nifty Realty TRI,2020-10-05,226.48026475026134
Nifty Realty TRI,2020-10-06,232.34836633425982
Nifty Realty TRI,2020-10-07,228.05745435416884
Nifty Realty TRI,2020-10-08,229.36975664159857
Nifty Realty TRI,2020-10-09,225.6547405437137
Nifty Realty TRI,2020-10-12,223.20258628241055
Nifty Realty TRI,2020-10-13,222.52480027864303
Nifty Realty TRI,2020-10-14,224.88457058447332
Nifty Realty TRI,2020-10-15,219.54565294711352
Nifty Realty TRI,2020-10-16,225.3097078835497
Nifty Realty TRI,2020-10-19,228.72333838997892
Nifty Realty TRI,2020-10-20,237.73514231759083
Nifty Realty TRI,2020-10-21,248.1090088537592
Nifty Realty TRI,2020-10-22,249.0028053713019
Nifty Realty TRI,2020-10-23,246.2825460641806
Nifty Realty TRI,2020-10-26,241.63076717821605
Nifty Realty TRI,2020-10-27,239.9054963773297
Nifty Realty TRI,2020-10-28,235.03726873206062
Nifty Realty TRI,2020-10-29,234.04519711025185
Nifty Realty TRI,2020-10-30,239.077189076355
Nifty Realty TRI,2020-11-02,246.63047823574476
Nifty Realty TRI,2020-11-03,240.92376216324928
Nifty Realty TRI,2020-11-04,236.4741710397661
Nifty Realty TRI,2020-11-05,235.27249288224886
Nifty Realty TRI,2020-11-06,237.79033595466194
Nifty Realty TRI,2020-11-09,241.31024134457294
Nifty Realty TRI,2020-11-10,246.2906936064046
Nifty Realty TRI,2020-11-11,248.18016630722713
Nifty Realty TRI,2020-11-12,250.0172948083916
Nifty Realty TRI,2020-11-13,253.37387517779942
Nifty Realty TRI,2020-11-17,260.2516119454748
Nifty Realty TRI,2020-11-18,265.59963495977365
Nifty Realty TRI,2020-11-19,261.98783289012766
Nifty Realty TRI,2020-11-20,263.35376892845386
Nifty Realty TRI,2020-11-23,265.9321753558703
Nifty Realty TRI,2020-11-24,270.7042980502336
Nifty Realty TRI,2020-11-25,264.6293916462835
Nifty Realty TRI,2020-11-26,266.67670246150493
Nifty Realty TRI,2020-11-27,273.754804253767
Nifty Realty TRI,2020-12-01,282.8884087793582
Nifty Realty TRI,2020-12-02,291.2773707047915
Nifty Realty TRI,2020-12-03,293.69211624503043
Nifty Realty TRI,2020-12-04,297.0502386960217
Nifty Realty TRI,2020-12-07,296.06662843550447
Nifty Realty TRI,2020-12-08,298.53397035458994
Nifty Realty TRI,2020-12-09,302.9406574933412
Nifty Realty TRI,2020-12-10,304.25510907391623
Nifty Realty TRI,2020-12-11,306.6178626935436
Nifty Realty TRI,2020-12-14,303.90481351998966
Nifty Realty TRI,2020-12-15,302.96547870076927
Nifty Realty TRI,2020-12-16,318.53743806158366
Nifty Realty TRI,2020-12-17,320.4288087237598
Nifty Realty TRI,2020-12-18,318.4937000135928
Nifty Realty TRI,2020-12-21,301.78463758921464
Nifty Realty TRI,2020-12-22,303.1516964972563
Nifty Realty TRI,2020-12-23,315.1080227017464
Nifty Realty TRI,2020-12-24,313.74935038686857
Nifty Realty TRI,2020-12-28,321.89243717256744
Nifty Realty TRI,2020-12-29,320.95316759350135
Nifty Realty TRI,2020-12-30,325.0992569871512
Nifty Realty TRI,2020-12-31,329.0882150736369
Nifty Realty TRI,2021-01-04,332.88119221512
Nifty Realty TRI,2021-01-05,331.7322448612367
Nifty Realty TRI,2021-01-06,334.09621121859254
Nifty Realty TRI,2021-01-07,338.6099674170487
Nifty Realty TRI,2021-01-08,343.43846614936604
Nifty Realty TRI,2021-01-11,345.60237830749935
Nifty Realty TRI,2021-01-12,355.15049559948034
Nifty Realty TRI,2021-01-13,354.0541824590813
Nifty Realty TRI,2021-01-14,353.8492537521484
Nifty Realty TRI,2021-01-15,347.40417306231393
Nifty Realty TRI,2021-01-18,340.39136324420735
Nifty Realty TRI,2021-01-19,354.66003234084496
Nifty Realty TRI,2021-01-20,354.9270850385574
Nifty Realty TRI,2021-01-21,345.8593574860876
Nifty Realty TRI,2021-01-25,333.4486527937251
Nifty Realty TRI,2021-01-27,326.22008554480584
Nifty Realty TRI,2021-01-28,319.039202243797
Nifty Realty TRI,2021-01-29,320.6170105434931
Nifty Realty TRI,2021-02-01,340.8760727011468
Nifty Realty TRI,2021-02-02,353.7837236872046
Nifty Realty TRI,2021-02-03,352.26743467912814
Nifty Realty TRI,2021-02-04,355.62922986180047
Nifty Realty TRI,2021-02-05,358.04692988856345
Nifty Realty TRI,2021-02-08,365.24801501661807
Nifty Realty TRI,2021-02-09,362.787551465254
Nifty Realty TRI,2021-02-10,368.72017049703544
Nifty Realty TRI,2021-02-11,367.7809411949339
Nifty Realty TRI,2021-02-12,367.83844096102376
Nifty Realty TRI,2021-02-16,374.36371311943014
Nifty Realty TRI,2021-02-18,370.0195381154709
Nifty Realty TRI,2021-02-19,365.1979485242145
Nifty Realty TRI,2021-02-22,354.98212066955915
Nifty Realty TRI,2021-02-23,364.5883264190541
Nifty Realty TRI,2021-02-24,367.7413259017457
Nifty Realty TRI,2021-02-25,373.9375334867144
Nifty Realty TRI,2021-02-26,367.0692537093689
Nifty Realty TRI,2021-03-01,371.9640824077607
Nifty Realty TRI,2021-03-02,374.7501349317537
Nifty Realty TRI,2021-03-03,380.3697659625873
Nifty Realty TRI,2021-03-04,380.79473557740687
Nifty Realty TRI,2021-03-05,375.3951750226019
Nifty Realty TRI,2021-03-08,371.47488253252885
Nifty Realty TRI,2021-03-09,367.43927127029883
Nifty Realty TRI,2021-03-10,369.70079535133175
Nifty Realty TRI,2021-03-12,366.66714668647745
Nifty Realty TRI,2021-03-15,365.21271644121265
Nifty Realty TRI,2021-03-16,363.17091817908283
Nifty Realty TRI,2021-03-17,352.4170544076893
Nifty Realty TRI,2021-03-18,347.22605872721243
Nifty Realty TRI,2021-03-19,345.3938778032759
Nifty Realty TRI,2021-03-22,354.7504980212672
Nifty Realty TRI,2021-03-23,358.4818612024633
Nifty Realty TRI,2021-03-24,347.936866092963
Nifty Realty TRI,2021-03-25,339.22862377688676
Nifty Realty TRI,2021-03-26,344.95451680507483
Nifty Realty TRI,2021-03-30,344.86836976607634
Nifty Realty TRI,2021-03-31,350.8046796087602
Nifty Realty TRI,2021-04-01,352.54172638608264
Nifty Realty TRI,2021-04-05,340.644488917253
Nifty Realty TRI,2021-04-06,344.63885394262866
Nifty Realty TRI,2021-04-07,347.9508719056485
Nifty Realty TRI,2021-04-08,350.7905189955973
Nifty Realty TRI,2021-04-09,348.6428493994181
Nifty Realty TRI,2021-04-12,322.5117900974878
Nifty Realty TRI,2021-04-13,331.4414348478051
Nifty Realty TRI,2021-04-15,330.1904375557171
Nifty Realty TRI,2021-04-16,328.72482086898384
Nifty Realty TRI,2021-04-19,315.3493294128014
Nifty Realty TRI,2021-04-20,316.35127066614314
Nifty Realty TRI,2021-04-22,320.45551779722905
Nifty Realty TRI,2021-04-23,316.9418120245491
Nifty Realty TRI,2021-04-26,327.7194970422266
Nifty Realty TRI,2021-04-27,330.0869875637173
Nifty Realty TRI,2021-04-28,328.1485702884332
Nifty Realty TRI,2021-04-29,327.89048679411377
Nifty Realty TRI,2021-04-30,325.16425033150296
Nifty Realty TRI,2021-05-03,323.1294437712712
Nifty Realty TRI,2021-05-04,321.6634013281166
Nifty Realty TRI,2021-05-06,320.72687023634603
Nifty Realty TRI,2021-05-07,323.1470937702187
Nifty Realty TRI,2021-05-10,325.68132276684554
Nifty Realty TRI,2021-05-12,326.00536983928424
Nifty Realty TRI,2021-05-14,315.61459788878443
Nifty Realty TRI,2021-05-17,320.0396751611001
Nifty Realty TRI,2021-05-18,322.72291684536395
Nifty Realty TRI,2021-05-19,329.66089262511326
Nifty Realty TRI,2021-05-21,336.86632955590426
Nifty Realty TRI,2021-05-24,341.45031729615755
Nifty Realty TRI,2021-05-26,352.43889616922974
Nifty Realty TRI,2021-05-27,348.24107120313664
Nifty Realty TRI,2021-05-28,348.4034211670942
Nifty Realty TRI,2021-06-01,351.3644860423167
Nifty Realty TRI,2021-06-02,356.46540602681796
Nifty Realty TRI,2021-06-03,369.97254392545915
Nifty Realty TRI,2021-06-04,371.76389285808136
Nifty Realty TRI,2021-06-07,370.7283054104382
Nifty Realty TRI,2021-06-08,373.8858625267373
Nifty Realty TRI,2021-06-09,367.6909834711442
Nifty Realty TRI,2021-06-10,379.99108244337367
Nifty Realty TRI,2021-06-11,376.0554914630087
Nifty Realty TRI,2021-06-14,370.34338288762075
Nifty Realty TRI,2021-06-15,375.23526752721443
Nifty Realty TRI,2021-06-16,370.5111327527528
Nifty Realty TRI,2021-06-17,364.42063277140187
Nifty Realty TRI,2021-06-18,361.37778770413644
Nifty Realty TRI,2021-06-21,369.8007370820295
Nifty Realty TRI,2021-06-22,367.28331524632205
Nifty Realty TRI,2021-06-23,365.97452203900906
Nifty Realty TRI,2021-06-24,363.1941816914866
Nifty Realty TRI,2021-06-25,364.2502167377716
Nifty Realty TRI,2021-06-28,364.4228321637742
Nifty Realty TRI,2021-06-29,363.1138922500022
Nifty Realty TRI,2021-06-30,361.5421296933065
Nifty Realty TRI,2021-07-01,360.3382050620567
Nifty Realty TRI,2021-07-02,362.2352616428936
Nifty Realty TRI,2021-07-06,370.8751425905418
Nifty Realty TRI,2021-07-07,378.1338423852031
Nifty Realty TRI,2021-07-08,375.9838992490925
Nifty Realty TRI,2021-07-09,384.9248836388599
Nifty Realty TRI,2021-07-12,398.8180836776868
Nifty Realty TRI,2021-07-13,400.34794456945315
Nifty Realty TRI,2021-07-14,396.5685832827957
Nifty Realty TRI,2021-07-15,413.23807060790233
Nifty Realty TRI,2021-07-16,417.97490993140343
Nifty Realty TRI,2021-07-19,419.77945974552466
Nifty Realty TRI,2021-07-20,409.16569788072997
Nifty Realty TRI,2021-07-22,416.3268410358406
Nifty Realty TRI,2021-07-23,421.6950356198426
Nifty Realty TRI,2021-07-26,417.66398237929377
Nifty Realty TRI,2021-07-27,414.62020872087595
Nifty Realty TRI,2021-07-28,411.3660933457413
Nifty Realty TRI,2021-07-29,417.9965487727317
Nifty Realty TRI,2021-07-30,419.21156490130574
Nifty Realty TRI,2021-08-02,439.314707545985
Nifty Realty TRI,2021-08-03,440.47751189918057
Nifty Realty TRI,2021-08-04,433.12197809796885
Nifty Realty TRI,2021-08-05,428.3954037422226
Nifty Realty TRI,2021-08-06,424.299713754666
Nifty Realty TRI,2021-08-09,421.2145041492717
Nifty Realty TRI,2021-08-10,412.7011881581975
Nifty Realty TRI,2021-08-11,413.8111807972927
Nifty Realty TRI,2021-08-12,418.81271378133687
Nifty Realty TRI,2021-08-13,414.9794135374455
Nifty Realty TRI,2021-08-16,413.36610221507414
Nifty Realty TRI,2021-08-17,410.4791964361641
Nifty Realty TRI,2021-08-18,407.32924902015634
Nifty Realty TRI,2021-08-20,392.771834630325
Nifty Realty TRI,2021-08-23,388.8958303464748
Nifty Realty TRI,2021-08-24,396.00171590966147
Nifty Realty TRI,2021-08-25,392.9038538887112
Nifty Realty TRI,2021-08-26,393.9611848649035
Nifty Realty TRI,2021-08-27,396.8595098987104
Nifty Realty TRI,2021-08-30,404.5555245724062
Nifty Realty TRI,2021-08-31,406.9281334896767
Nifty Realty TRI,2021-09-01,429.60542946495326
Nifty Realty TRI,2021-09-02,434.97684057787313
Nifty Realty TRI,2021-09-03,439.6119289702545
Nifty Realty TRI,2021-09-06,453.51795318991634
Nifty Realty TRI,2021-09-07,442.95017030285015
Nifty Realty TRI,2021-09-08,442.64058597468534
Nifty Realty TRI,2021-09-09,439.3849065055535
Nifty Realty TRI,2021-09-13,442.24989317190096
Nifty Realty TRI,2021-09-14,444.0973500052251
Nifty Realty TRI,2021-09-15,444.7874044744931
Nifty Realty TRI,2021-09-16,445.6352792940179
Nifty Realty TRI,2021-09-17,435.1711472716903
Nifty Realty TRI,2021-09-20,425.8759244016656
Nifty Realty TRI,2021-09-21,441.0880238932879
Nifty Realty TRI,2021-09-22,478.3473616224373
Nifty Realty TRI,2021-09-23,519.7645835640674
Nifty Realty TRI,2021-09-24,527.5593047114597
Nifty Realty TRI,2021-09-27,543.3673001440048
Nifty Realty TRI,2021-09-28,526.9566828323752
Nifty Realty TRI,2021-09-29,532.9102388964335
Nifty Realty TRI,2021-09-30,540.7583882095942
Nifty Realty TRI,2021-10-01,532.60902884463
Nifty Realty TRI,2021-10-04,544.2086355553823
Nifty Realty TRI,2021-10-05,536.7956689837408
Nifty Realty TRI,2021-10-06,528.1194211302795
Nifty Realty TRI,2021-10-07,560.6510489596157
Nifty Realty TRI,2021-10-08,548.2908469414937
Nifty Realty TRI,2021-10-11,557.7869492722973
Nifty Realty TRI,2021-10-12,561.8472086768761
Nifty Realty TRI,2021-10-13,560.4864415150752
Nifty Realty TRI,2021-10-14,567.6522374838685
Nifty Realty TRI,2021-10-18,570.3676858118482
Nifty Realty TRI,2021-10-19,543.3199981593701
Nifty Realty TRI,2021-10-20,531.5892249330716
Nifty Realty TRI,2021-10-21,524.121806835079
Nifty Realty TRI,2021-10-22,537.5519711886528
Nifty Realty TRI,2021-10-25,522.6764826528639
Nifty Realty TRI,2021-10-26,541.5821537694949
Nifty Realty TRI,2021-10-27,543.2214643468177
Nifty Realty TRI,2021-10-28,522.7505254650732
Nifty Realty TRI,2021-10-29,525.0740247579475
Nifty Realty TRI,2021-11-01,546.2593754226152
Nifty Realty TRI,2021-11-02,564.7459721696539
Nifty Realty TRI,2021-11-03,575.70446673469
Nifty Realty TRI,2021-11-04,577.0811785939566
Nifty Realty TRI,2021-11-08,585.063058391075
Nifty Realty TRI,2021-11-09,585.6502730129664
Nifty Realty TRI,2021-11-10,577.7076303746777
Nifty Realty TRI,2021-11-11,564.2362046337482
Nifty Realty TRI,2021-11-12,573.5637664033479
Nifty Realty TRI,2021-11-15,574.8509677129688
Nifty Realty TRI,2021-11-16,574.0689591774728
Nifty Realty TRI,2021-11-17,564.6510790123026
Nifty Realty TRI,2021-11-18,554.9169381753777
Nifty Realty TRI,2021-11-22,531.9868016928734
Nifty Realty TRI,2021-11-23,543.4744303900782
Nifty Realty TRI,2021-11-24,543.1132365860847
Nifty Realty TRI,2021-11-25,553.7060416078649
Nifty Realty TRI,2021-11-26,519.06039616447
Nifty Realty TRI,2021-11-29,510.4443626221739
Nifty Realty TRI,2021-11-30,513.6113699625832
Nifty Realty TRI,2021-12-01,521.0445591825898
Nifty Realty TRI,2021-12-02,523.8957980920806
Nifty Realty TRI,2021-12-03,522.7968744309101
Nifty Realty TRI,2021-12-06,515.6549666919854
Nifty Realty TRI,2021-12-07,527.1972589170557
Nifty Realty TRI,2021-12-08,536.264194870328
Nifty Realty TRI,2021-12-09,534.7966588903175
Nifty Realty TRI,2021-12-10,547.1824959828513
Nifty Realty TRI,2021-12-13,539.8301830843335
Nifty Realty TRI,2021-12-14,536.4661910453821
Nifty Realty TRI,2021-12-15,526.3593200153327
Nifty Realty TRI,2021-12-16,521.9414760913915
Nifty Realty TRI,2021-12-17,501.45629225927297
Nifty Realty TRI,2021-12-20,476.9271572743382
Nifty Realty TRI,2021-12-21,484.6253180542675
Nifty Realty TRI,2021-12-22,498.909045498623
Nifty Realty TRI,2021-12-23,510.45362957775706
Nifty Realty TRI,2021-12-24,502.92668383224776
Nifty Realty TRI,2021-12-27,505.37089465473184
Nifty Realty TRI,2021-12-28,509.3820271192799
Nifty Realty TRI,2021-12-29,509.02015940279483
Nifty Realty TRI,2021-12-30,504.0743761959091
Nifty Realty TRI,2021-12-31,510.19323836671776
Nifty Realty TRI,2022-01-03,516.0102307897142
Nifty Realty TRI,2022-01-04,513.277262559426
Nifty Realty TRI,2022-01-05,519.4493801905204
Nifty Realty TRI,2022-01-06,511.8158576948245
Nifty Realty TRI,2022-01-07,511.9809240923531
Nifty Realty TRI,2022-01-10,521.8562022663386
Nifty Realty TRI,2022-01-11,524.8144075915037
Nifty Realty TRI,2022-01-12,534.8342356320701
Nifty Realty TRI,2022-01-13,530.9944906838987
Nifty Realty TRI,2022-01-14,537.1149211716508
Nifty Realty TRI,2022-01-17,543.9881288044588
Nifty Realty TRI,2022-01-18,529.8185940454548
Nifty Realty TRI,2022-01-19,529.0352800002426
Nifty Realty TRI,2022-01-20,530.2546891158792
Nifty Realty TRI,2022-01-21,517.7709427400114
Nifty Realty TRI,2022-01-24,487.2221781332559
Nifty Realty TRI,2022-01-25,496.0836973448178
Nifty Realty TRI,2022-01-27,487.1367133476461
Nifty Realty TRI,2022-01-28,490.88574353956034
Nifty Realty TRI,2022-01-31,506.29773249626
Nifty Realty TRI,2022-02-01,515.1603586308316
Nifty Realty TRI,2022-02-02,522.3891262717514
Nifty Realty TRI,2022-02-03,513.3294361659913
Nifty Realty TRI,2022-02-04,499.15619136910914
Nifty Realty TRI,2022-02-07,493.64136210026896
Nifty Realty TRI,2022-02-08,489.48339553978775
Nifty Realty TRI,2022-02-09,492.3895899854292
Nifty Realty TRI,2022-02-10,496.82473023084214
Nifty Realty TRI,2022-02-11,486.9729033434181
Nifty Realty TRI,2022-02-14,461.21179610449326
Nifty Realty TRI,2022-02-15,475.24234916353873
Nifty Realty TRI,2022-02-16,480.6266008785654
Nifty Realty TRI,2022-02-17,479.4732588145601
Nifty Realty TRI,2022-02-18,473.469160271286
Nifty Realty TRI,2022-02-21,467.0558547899605
Nifty Realty TRI,2022-02-22,453.4584844516114
Nifty Realty TRI,2022-02-23,467.7540738177678
Nifty Realty TRI,2022-02-24,434.22472136845056
Nifty Realty TRI,2022-02-25,457.4318027660883
Nifty Realty TRI,2022-02-28,460.24533430558967
Nifty Realty TRI,2022-03-02,454.82636076385415
Nifty Realty TRI,2022-03-03,452.4595320223017
Nifty Realty TRI,2022-03-04,439.2292555858037
Nifty Realty TRI,2022-03-07,415.1991160689749
Nifty Realty TRI,2022-03-08,428.7056848406091
Nifty Realty TRI,2022-03-09,441.79068839897604
Nifty Realty TRI,2022-03-10,451.6589677336668
Nifty Realty TRI,2022-03-11,453.7747341343131
Nifty Realty TRI,2022-03-14,446.14571433591635
Nifty Realty TRI,2022-03-15,444.83323523622016
Nifty Realty TRI,2022-03-16,461.03156076918543
Nifty Realty TRI,2022-03-17,475.48980555003965
Nifty Realty TRI,2022-03-21,472.1927122349351
Nifty Realty TRI,2022-03-22,467.45184961218166
Nifty Realty TRI,2022-03-23,465.82300639544206
Nifty Realty TRI,2022-03-24,468.1503509515821
Nifty Realty TRI,2022-03-25,473.8537432239858
Nifty Realty TRI,2022-03-28,475.8249936990769
Nifty Realty TRI,2022-03-29,480.47374321365
Nifty Realty TRI,2022-03-30,487.81307544003266
Nifty Realty TRI,2022-03-31,489.08582238808566
Nifty Realty TRI,2022-04-01,500.6986225381886
Nifty Realty TRI,2022-04-04,502.40737302923213
Nifty Realty TRI,2022-04-05,501.0952840307193
Nifty Realty TRI,2022-04-06,499.83593712561054
Nifty Realty TRI,2022-04-07,500.00103432521456
Nifty Realty TRI,2022-04-08,500.6937373497194
Nifty Realty TRI,2022-04-11,506.3598216934768
Nifty Realty TRI,2022-04-12,492.38453511782444
Nifty Realty TRI,2022-04-13,489.7530715815985
Nifty Realty TRI,2022-04-18,483.5599705944431
Nifty Realty TRI,2022-04-19,471.64097138154204
Nifty Realty TRI,2022-04-20,474.23309519703884
Nifty Realty TRI,2022-04-21,479.5692783439426
Nifty Realty TRI,2022-04-22,472.92679111300686
Nifty Realty TRI,2022-04-25,455.1618633061797
Nifty Realty TRI,2022-04-26,471.4221902625433
Nifty Realty TRI,2022-04-27,470.0037277601519
Nifty Realty TRI,2022-04-28,474.02103103896985
Nifty Realty TRI,2022-04-29,468.3805433105524
Nifty Realty TRI,2022-05-02,469.40251525596176
Nifty Realty TRI,2022-05-04,454.05666274045893
Nifty Realty TRI,2022-05-05,446.72651839503203
Nifty Realty TRI,2022-05-06,430.845723714411
Nifty Realty TRI,2022-05-09,425.37401531742006
Nifty Realty TRI,2022-05-10,412.87019899232706
Nifty Realty TRI,2022-05-11,415.88452677576447
Nifty Realty TRI,2022-05-12,406.9695884235605
Nifty Realty TRI,2022-05-13,405.866665962352
Nifty Realty TRI,2022-05-16,416.4935724492653
Nifty Realty TRI,2022-05-17,424.62866251687046
Nifty Realty TRI,2022-05-18,417.19119728734995
Nifty Realty TRI,2022-05-19,406.322231388538
Nifty Realty TRI,2022-05-20,423.4318528008331
Nifty Realty TRI,2022-05-23,418.9618306891726
Nifty Realty TRI,2022-05-24,413.89940857813264
Nifty Realty TRI,2022-05-25,401.97362646581115
Nifty Realty TRI,2022-05-26,407.575344397287
Nifty Realty TRI,2022-05-27,409.53434820247605
Nifty Realty TRI,2022-05-30,426.1823748068306
Nifty Realty TRI,2022-05-31,434.7415317027648
Nifty Realty TRI,2022-06-01,429.88994828934796
Nifty Realty TRI,2022-06-02,433.8029829532096
Nifty Realty TRI,2022-06-03,429.63768636133625
Nifty Realty TRI,2022-06-06,426.11750205255237
Nifty Realty TRI,2022-06-07,418.99486374911424
Nifty Realty TRI,2022-06-08,426.92120120132813
Nifty Realty TRI,2022-06-09,428.03591939899087
Nifty Realty TRI,2022-06-10,422.9196518977169
Nifty Realty TRI,2022-06-13,409.62942749938804
Nifty Realty TRI,2022-06-14,412.9619459180977
Nifty Realty TRI,2022-06-15,410.4327520615627
Nifty Realty TRI,2022-06-16,398.9258102679695
Nifty Realty TRI,2022-06-17,398.8784277585624
Nifty Realty TRI,2022-06-20,391.6066139154083
Nifty Realty TRI,2022-06-21,405.92440184590885
Nifty Realty TRI,2022-06-22,397.05716532574087
Nifty Realty TRI,2022-06-23,403.66445265341895
Nifty Realty TRI,2022-06-24,404.7791126645136
Nifty Realty TRI,2022-06-27,408.2816574022916
Nifty Realty TRI,2022-06-28,411.03380256391506
Nifty Realty TRI,2022-06-29,411.93734903760145
Nifty Realty TRI,2022-06-30,407.03069095758445
Nifty Realty TRI,2022-07-01,413.4803800791047
Nifty Realty TRI,2022-07-04,414.7650802953015
Nifty Realty TRI,2022-07-05,413.9783903351207
Nifty Realty TRI,2022-07-06,423.3867622092848
Nifty Realty TRI,2022-07-07,434.48579807509356
Nifty Realty TRI,2022-07-08,434.2276023700325
Nifty Realty TRI,2022-07-11,440.63755483985767
Nifty Realty TRI,2022-07-12,441.066226668287
Nifty Realty TRI,2022-07-13,442.2873181156027
Nifty Realty TRI,2022-07-14,441.2895734143676
Nifty Realty TRI,2022-07-15,443.77865300258475
Nifty Realty TRI,2022-07-18,449.18580095221
Nifty Realty TRI,2022-07-19,460.65684921254467
Nifty Realty TRI,2022-07-20,459.8706236031952
Nifty Realty TRI,2022-07-21,462.83565710441
Nifty Realty TRI,2022-07-22,464.4270524998208
Nifty Realty TRI,2022-07-25,462.3325580794807
Nifty Realty TRI,2022-07-26,457.68906971300913
Nifty Realty TRI,2022-07-27,462.60938193602175
Nifty Realty TRI,2022-07-28,472.1797570663577
Nifty Realty TRI,2022-07-29,476.57202469337807
Nifty Realty TRI,2022-08-01,478.3881926744917
Nifty Realty TRI,2022-08-02,470.3096334368339
Nifty Realty TRI,2022-08-03,466.7226360344179
Nifty Realty TRI,2022-08-04,461.39162244456793
Nifty Realty TRI,2022-08-05,462.824769791722
Nifty Realty TRI,2022-08-08,463.58361642223406
Nifty Realty TRI,2022-08-10,459.5796918863116
Nifty Realty TRI,2022-08-11,465.5052046667757
Nifty Realty TRI,2022-08-12,468.5240744417453
Nifty Realty TRI,2022-08-16,477.79909559105823
Nifty Realty TRI,2022-08-17,478.1756087311675
Nifty Realty TRI,2022-08-18,485.5818839349806
Nifty Realty TRI,2022-08-19,476.12726926740055
Nifty Realty TRI,2022-08-22,464.20083123945216
Nifty Realty TRI,2022-08-23,466.0572327227469
Nifty Realty TRI,2022-08-24,474.5211418674668
Nifty Realty TRI,2022-08-25,481.5051979417097
Nifty Realty TRI,2022-08-26,479.71448270332974
Nifty Realty TRI,2022-08-29,473.23195960857225
Nifty Realty TRI,2022-08-30,489.7319922269708
Nifty Realty TRI,2022-09-01,495.03191024735634
Nifty Realty TRI,2022-09-02,494.1399389705888
Nifty Realty TRI,2022-09-05,498.54824604661576
Nifty Realty TRI,2022-09-06,500.3526141328387
Nifty Realty TRI,2022-09-07,500.7823982140307
Nifty Realty TRI,2022-09-08,499.36172697878453
Nifty Realty TRI,2022-09-09,497.0421998855676
Nifty Realty TRI,2022-09-12,508.00735641104563
Nifty Realty TRI,2022-09-13,507.1154273116142
Nifty Realty TRI,2022-09-14,503.63262711353735
Nifty Realty TRI,2022-09-15,499.0393260315973
Nifty Realty TRI,2022-09-16,480.4865859915277
Nifty Realty TRI,2022-09-19,475.95870567640264
Nifty Realty TRI,2022-09-20,483.52694909707094
Nifty Realty TRI,2022-09-21,477.2937011943902
Nifty Realty TRI,2022-09-22,475.9782039304145
Nifty Realty TRI,2022-09-23,461.91828664281115
Nifty Realty TRI,2022-09-26,442.31745103821106
Nifty Realty TRI,2022-09-27,441.10712848526356
Nifty Realty TRI,2022-09-28,438.15160898308943
Nifty Realty TRI,2022-09-29,439.79703421780795
Nifty Realty TRI,2022-09-30,448.47641733747713
Nifty Realty TRI,2022-10-03,442.9414934092966
Nifty Realty TRI,2022-10-04,452.99650103975296
Nifty Realty TRI,2022-10-06,462.42341138235673
Nifty Realty TRI,2022-10-07,463.91067933889536
Nifty Realty TRI,2022-10-10,459.38084801683067
Nifty Realty TRI,2022-10-11,445.26433255734463
Nifty Realty TRI,2022-10-12,452.46415711384316
Nifty Realty TRI,2022-10-13,447.9741961022713
Nifty Realty TRI,2022-10-14,444.3833267376078
Nifty Realty TRI,2022-10-17,442.497193041899
Nifty Realty TRI,2022-10-18,450.1207577340239
Nifty Realty TRI,2022-10-19,451.9254880293161
Nifty Realty TRI,2022-10-20,451.3497631255275
Nifty Realty TRI,2022-10-21,451.56751319164033
Nifty Realty TRI,2022-10-24,452.8557140632935
Nifty Realty TRI,2022-10-25,450.0579697254556
Nifty Realty TRI,2022-10-27,463.40254735445274
Nifty Realty TRI,2022-10-28,461.50421844495025
Nifty Realty TRI,2022-10-31,464.16856265298776
Nifty Realty TRI,2022-11-01,468.4605886048776
Nifty Realty TRI,2022-11-02,464.7103414734666
Nifty Realty TRI,2022-11-03,467.4151639839048
Nifty Realty TRI,2022-11-04,468.8501354171859
Nifty Realty TRI,2022-11-07,473.7903535181732
Nifty Realty TRI,2022-11-09,467.29468965061506
Nifty Realty TRI,2022-11-10,466.61316929561957
Nifty Realty TRI,2022-11-11,474.3983038170556
Nifty Realty TRI,2022-11-14,479.7625318703905
Nifty Realty TRI,2022-11-15,479.23988713907977
Nifty Realty TRI,2022-11-16,474.324847703831
Nifty Realty TRI,2022-11-17,474.5430218247062
Nifty Realty TRI,2022-11-18,475.0257783556426
Nifty Realty TRI,2022-11-21,469.011929045868
Nifty Realty TRI,2022-11-22,463.30247681599235
Nifty Realty TRI,2022-11-23,464.47313587384406
Nifty Realty TRI,2022-11-24,465.48508726791505
Nifty Realty TRI,2022-11-25,470.9429002989423
Nifty Realty TRI,2022-11-28,471.27978642864696
Nifty Realty TRI,2022-11-29,469.698330326578
Nifty Realty TRI,2022-11-30,476.53275164241177
Nifty Realty TRI,2022-12-01,485.960999457636
Nifty Realty TRI,2022-12-02,490.51979697824595
Nifty Realty TRI,2022-12-05,493.92765186428113
Nifty Realty TRI,2022-12-06,490.5995120387448
Nifty Realty TRI,2022-12-07,484.7833062471392
Nifty Realty TRI,2022-12-08,481.0314671514131
Nifty Realty TRI,2022-12-09,473.8385916935788
Nifty Realty TRI,2022-12-12,476.02852618556074
Nifty Realty TRI,2022-12-13,472.22335169619214
Nifty Realty TRI,2022-12-14,479.0591452529226
Nifty Realty TRI,2022-12-15,472.81858962135914
Nifty Realty TRI,2022-12-16,465.6778752100232
Nifty Realty TRI,2022-12-19,469.1383236859404
Nifty Realty TRI,2022-12-20,463.4796516275841
Nifty Realty TRI,2022-12-21,455.9676958847168
Nifty Realty TRI,2022-12-22,449.51446178322584
Nifty Realty TRI,2022-12-23,434.00711580158406
Nifty Realty TRI,2022-12-27,450.12759037967146
Nifty Realty TRI,2022-12-28,452.3576720976019
Nifty Realty TRI,2022-12-29,452.9992724767167
Nifty Realty TRI,2022-12-30,457.29456776045356
Nifty Realty TRI,2023-01-02,461.8673904030283
Nifty Realty TRI,2023-01-03,462.4561896116321
Nifty Realty TRI,2023-01-04,452.9834458049888
Nifty Realty TRI,2023-01-05,454.0487607410347
Nifty Realty TRI,2023-01-06,451.0363945843267
Nifty Realty TRI,2023-01-09,453.8087650262019
Nifty Realty TRI,2023-01-10,450.3195770376272
Nifty Realty TRI,2023-01-11,450.11390242963836
Nifty Realty TRI,2023-01-12,450.3318755633124
Nifty Realty TRI,2023-01-13,451.6620812599342
Nifty Realty TRI,2023-01-16,451.04500464267863
Nifty Realty TRI,2023-01-17,456.3476782915035
Nifty Realty TRI,2023-01-18,456.51283329517486
Nifty Realty TRI,2023-01-19,456.09530848995377
Nifty Realty TRI,2023-01-20,452.8175889124113
Nifty Realty TRI,2023-01-23,449.9757740456689
Nifty Realty TRI,2023-01-24,445.42649359967777
Nifty Realty TRI,2023-01-25,437.2750396193422
Nifty Realty TRI,2023-01-27,431.7778416264691
Nifty Realty TRI,2023-01-30,431.21282285751806
Nifty Realty TRI,2023-01-31,436.0394479571709
Nifty Realty TRI,2023-02-01,431.9662764291497
Nifty Realty TRI,2023-02-02,433.61444036896006
Nifty Realty TRI,2023-02-03,430.07086640681587
Nifty Realty TRI,2023-02-06,432.3136349838154
Nifty Realty TRI,2023-02-07,436.13412895830993
Nifty Realty TRI,2023-02-08,436.1930525977126
Nifty Realty TRI,2023-02-09,433.65588982466005
Nifty Realty TRI,2023-02-10,439.54285672821993
Nifty Realty TRI,2023-02-13,432.19601253318416
Nifty Realty TRI,2023-02-14,424.25410427237813
Nifty Realty TRI,2023-02-15,429.77043500590594
Nifty Realty TRI,2023-02-16,435.498908979054
Nifty Realty TRI,2023-02-17,427.76865110576585
Nifty Realty TRI,2023-02-20,424.8187626160055
Nifty Realty TRI,2023-02-21,419.73745958055105
Nifty Realty TRI,2023-02-22,412.7483801875281
Nifty Realty TRI,2023-02-23,405.38812764395
Nifty Realty TRI,2023-02-24,403.22097818801586
Nifty Realty TRI,2023-02-27,412.0346216122267
Nifty Realty TRI,2023-02-28,416.75686317752763
Nifty Realty TRI,2023-03-01,421.585200263506
Nifty Realty TRI,2023-03-02,430.282474380953
Nifty Realty TRI,2023-03-03,436.70105891175314
Nifty Realty TRI,2023-03-06,434.4399608809948
Nifty Realty TRI,2023-03-08,431.4837323995601
Nifty Realty TRI,2023-03-09,426.45443026575856
Nifty Realty TRI,2023-03-10,422.0610303777953
Nifty Realty TRI,2023-03-13,413.7035467957813
Nifty Realty TRI,2023-03-14,409.5217357356476
Nifty Realty TRI,2023-03-15,406.0289192954521
Nifty Realty TRI,2023-03-16,410.5400680792448
Nifty Realty TRI,2023-03-17,423.00251508451856
Nifty Realty TRI,2023-03-20,418.7790434804899
Nifty Realty TRI,2023-03-21,418.46671057372976
Nifty Realty TRI,2023-03-22,418.0483073256892
Nifty Realty TRI,2023-03-23,413.547980818963
Nifty Realty TRI,2023-03-24,403.9053058144883
Nifty Realty TRI,2023-03-27,399.2565000200553
Nifty Realty TRI,2023-03-28,394.43752740657624
Nifty Realty TRI,2023-03-29,404.1449303497271
Nifty Realty TRI,2023-03-31,410.7302088597878
Nifty Realty TRI,2023-04-03,414.45844478060593
Nifty Realty TRI,2023-04-05,416.5906274557422
Nifty Realty TRI,2023-04-06,428.42028532376224
Nifty Realty TRI,2023-04-10,446.84344042797636
Nifty Realty TRI,2023-04-11,445.57690684837024
Nifty Realty TRI,2023-04-12,445.9011706671738
Nifty Realty TRI,2023-04-13,450.94486074614036
Nifty Realty TRI,2023-04-17,455.42401617228626
Nifty Realty TRI,2023-04-18,460.1500071831153
Nifty Realty TRI,2023-04-19,460.8987153802684
Nifty Realty TRI,2023-04-20,458.9428343105315
Nifty Realty TRI,2023-04-21,449.1909843089737
Nifty Realty TRI,2023-04-24,453.98256718627107
Nifty Realty TRI,2023-04-25,456.21628787571535
Nifty Realty TRI,2023-04-26,462.42782911430595
Nifty Realty TRI,2023-04-27,469.48812726806875
Nifty Realty TRI,2023-04-28,472.14645041675135
Nifty Realty TRI,2023-05-02,472.0131230859682
Nifty Realty TRI,2023-05-03,473.3456151594115
Nifty Realty TRI,2023-05-04,473.5642297382431
Nifty Realty TRI,2023-05-05,472.1385204310948
Nifty Realty TRI,2023-05-08,479.90252263792064
Nifty Realty TRI,2023-05-09,475.8245111119394
Nifty Realty TRI,2023-05-10,479.9156290934293
Nifty Realty TRI,2023-05-11,482.2032253406657
Nifty Realty TRI,2023-05-12,480.51225517886826
Nifty Realty TRI,2023-05-15,501.27472723893754
Nifty Realty TRI,2023-05-16,500.910206817686
Nifty Realty TRI,2023-05-17,494.2324746848958
Nifty Realty TRI,2023-05-18,482.5145830785355
Nifty Realty TRI,2023-05-19,486.7124078161072
Nifty Realty TRI,2023-05-22,490.18096244610325
Nifty Realty TRI,2023-05-23,489.8162550378182
Nifty Realty TRI,2023-05-24,489.7698670878759
Nifty Realty TRI,2023-05-25,495.24153449932544
Nifty Realty TRI,2023-05-26,501.4561188060741
Nifty Realty TRI,2023-05-29,505.3501185937083
Nifty Realty TRI,2023-05-30,504.29579078099897
Nifty Realty TRI,2023-05-31,508.12312587870275
Nifty Realty TRI,2023-06-01,513.6486162275943
Nifty Realty TRI,2023-06-02,520.9253496474081
Nifty Realty TRI,2023-06-05,522.7509068313029
Nifty Realty TRI,2023-06-06,528.9668317000397
Nifty Realty TRI,2023-06-07,537.3586693462447
Nifty Realty TRI,2023-06-08,528.8220807746577
Nifty Realty TRI,2023-06-09,529.0415896042554
Nifty Realty TRI,2023-06-12,536.5462385936473
Nifty Realty TRI,2023-06-13,552.6873352732765
Nifty Realty TRI,2023-06-14,554.2339918324083
Nifty Realty TRI,2023-06-15,550.0487785960004
Nifty Realty TRI,2023-06-16,548.888628415453
Nifty Realty TRI,2023-06-19,544.9304205134071
Nifty Realty TRI,2023-06-20,547.5916937881289
Nifty Realty TRI,2023-06-21,545.7945926320959
Nifty Realty TRI,2023-06-22,541.4496031703483
Nifty Realty TRI,2023-06-23,538.1130378169443
Nifty Realty TRI,2023-06-26,539.8867485322352
Nifty Realty TRI,2023-06-27,546.5824040748865
Nifty Realty TRI,2023-06-28,549.1378508687668
Nifty Realty TRI,2023-06-30,552.0724621695391
Nifty Realty TRI,2023-07-03,556.2358175302702
Nifty Realty TRI,2023-07-04,555.2347510891661
Nifty Realty TRI,2023-07-05,558.3745093008993
Nifty Realty TRI,2023-07-06,570.9640209909412
Nifty Realty TRI,2023-07-07,564.2295450187396
Nifty Realty TRI,2023-07-10,559.4744568206967
Nifty Realty TRI,2023-07-11,559.4289528651161
Nifty Realty TRI,2023-07-12,560.8701308091639
Nifty Realty TRI,2023-07-13,566.6118287267536
Nifty Realty TRI,2023-07-14,573.2032398333967
Nifty Realty TRI,2023-07-17,573.0674720779695
Nifty Realty TRI,2023-07-18,568.1903400973085
Nifty Realty TRI,2023-07-19,569.3662863886086
Nifty Realty TRI,2023-07-20,569.5333174999669
Nifty Realty TRI,2023-07-21,569.3286851891029
Nifty Realty TRI,2023-07-24,570.4671874157611
Nifty Realty TRI,2023-07-25,568.1915646902384
Nifty Realty TRI,2023-07-26,574.9433455970877
Nifty Realty TRI,2023-07-27,587.1649936829697
Nifty Realty TRI,2023-07-28,597.9000969934036
Nifty Realty TRI,2023-07-31,601.960661602317
Nifty Realty TRI,2023-08-01,591.2943691035732
Nifty Realty TRI,2023-08-02,582.4865587732561
Nifty Realty TRI,2023-08-03,572.1383471080613
Nifty Realty TRI,2023-08-04,572.6772524636153
Nifty Realty TRI,2023-08-07,576.0466949081198
Nifty Realty TRI,2023-08-08,575.0454168041655
Nifty Realty TRI,2023-08-09,567.93619335978
Nifty Realty TRI,2023-08-10,566.4567414108211
Nifty Realty TRI,2023-08-11,564.2337000078527
Nifty Realty TRI,2023-08-14,560.5386581813185
Nifty Realty TRI,2023-08-16,566.7156384534563
Nifty Realty TRI,2023-08-17,567.4138812286365
Nifty Realty TRI,2023-08-18,563.2783534663037
Nifty Realty TRI,2023-08-21,568.8791965789039
Nifty Realty TRI,2023-08-22,570.1087392693914
Nifty Realty TRI,2023-08-23,572.560236321605
Nifty Realty TRI,2023-08-24,573.736751841388
Nifty Realty TRI,2023-08-25,566.2540450011185
Nifty Realty TRI,2023-08-28,571.5899098235109
Nifty Realty TRI,2023-08-29,581.2668759706497
Nifty Realty TRI,2023-08-30,589.5096728339291
Nifty Realty TRI,2023-08-31,593.3430389458288
Nifty Realty TRI,2023-09-01,598.9297467645463
Nifty Realty TRI,2023-09-04,605.8614106333683
Nifty Realty TRI,2023-09-05,612.2987008003795
Nifty Realty TRI,2023-09-06,606.4092891546929
Nifty Realty TRI,2023-09-07,615.3971521106663
Nifty Realty TRI,2023-09-08,628.4767326781306
Nifty Realty TRI,2023-09-11,634.0286577005539
Nifty Realty TRI,2023-09-12,613.4731065320209
Nifty Realty TRI,2023-09-13,617.6262957168925
Nifty Realty TRI,2023-09-14,626.243223089812
Nifty Realty TRI,2023-09-15,623.8073597627491
Nifty Realty TRI,2023-09-18,615.277080009856
Nifty Realty TRI,2023-09-20,608.1195296189635
Nifty Realty TRI,2023-09-21,600.7939234374692
Nifty Realty TRI,2023-09-22,596.8162663371179
Nifty Realty TRI,2023-09-25,605.9288382632525
Nifty Realty TRI,2023-09-26,607.7972824722981
Nifty Realty TRI,2023-09-27,612.2700642830786
Nifty Realty TRI,2023-09-28,606.3257440185836
Nifty Realty TRI,2023-09-29,611.9147624736567
Nifty Realty TRI,2023-10-03,614.7652458751879
Nifty Realty TRI,2023-10-04,604.1429359266181
Nifty Realty TRI,2023-10-05,605.9053018262487
Nifty Realty TRI,2023-10-06,624.5709589350797
Nifty Realty TRI,2023-10-09,619.6529041140635
Nifty Realty TRI,2023-10-10,644.4861338914911
Nifty Realty TRI,2023-10-11,649.9170862102508
Nifty Realty TRI,2023-10-12,648.7564816695594
Nifty Realty TRI,2023-10-13,651.529637566314
Nifty Realty TRI,2023-10-16,649.3235404323422
Nifty Realty TRI,2023-10-17,649.5450719190816
Nifty Realty TRI,2023-10-18,646.5235725706904
Nifty Realty TRI,2023-10-19,644.2463702277532
Nifty Realty TRI,2023-10-20,637.2904825753201
Nifty Realty TRI,2023-10-23,621.4196144515267
Nifty Realty TRI,2023-10-25,615.4816448794189
Nifty Realty TRI,2023-10-26,608.0994767823646
Nifty Realty TRI,2023-10-27,619.9647655540481
Nifty Realty TRI,2023-10-30,633.2301033368909
Nifty Realty TRI,2023-10-31,641.2678790317116
Nifty Realty TRI,2023-11-01,651.2201197560556
Nifty Realty TRI,2023-11-02,667.6599694393799
Nifty Realty TRI,2023-11-03,684.6320210074092
Nifty Realty TRI,2023-11-06,692.90257738376
Nifty Realty TRI,2023-11-07,683.6590181065038
Nifty Realty TRI,2023-11-08,694.0382456280778
Nifty Realty TRI,2023-11-09,702.609635078188
Nifty Realty TRI,2023-11-10,704.2146409495693
Nifty Realty TRI,2023-11-13,705.6794581855798
Nifty Realty TRI,2023-11-15,726.5468393416419
Nifty Realty TRI,2023-11-16,733.258025139082
Nifty Realty TRI,2023-11-17,736.8315033425952
Nifty Realty TRI,2023-11-20,735.0532955649413
Nifty Realty TRI,2023-11-21,743.3607062985091
Nifty Realty TRI,2023-11-22,738.2115402782231
Nifty Realty TRI,2023-11-23,745.8277270236485
Nifty Realty TRI,2023-11-24,747.8060009061237
Nifty Realty TRI,2023-11-28,752.1023243064932
Nifty Realty TRI,2023-11-29,748.3890014937783
Nifty Realty TRI,2023-11-30,759.1977489686185
Nifty Realty TRI,2023-12-01,769.2621045163061
Nifty Realty TRI,2023-12-04,784.9337894962642
Nifty Realty TRI,2023-12-05,781.3269810262748
Nifty Realty TRI,2023-12-06,779.0501205928992
Nifty Realty TRI,2023-12-07,781.8271325381548
Nifty Realty TRI,2023-12-08,785.9874909250409
Nifty Realty TRI,2023-12-11,792.6700526761372
Nifty Realty TRI,2023-12-12,778.847933315887
Nifty Realty TRI,2023-12-13,791.3615921400492
Nifty Realty TRI,2023-12-14,822.0717045393425
Nifty Realty TRI,2023-12-15,816.2302912174802
Nifty Realty TRI,2023-12-18,808.4421808915663
Nifty Realty TRI,2023-12-19,804.1433274815628
Nifty Realty TRI,2023-12-20,784.6264044204933
Nifty Realty TRI,2023-12-21,791.8736884856042
Nifty Realty TRI,2023-12-22,812.0514436070365
Nifty Realty TRI,2023-12-26,814.064749138422
Nifty Realty TRI,2023-12-27,819.6101242631638
Nifty Realty TRI,2023-12-28,827.3907952872852
Nifty Realty TRI,2023-12-29,833.4154603448769
Nifty Realty TRI,2024-01-02,828.5648715633104
Nifty Realty TRI,2024-01-03,838.7411191246098
Nifty Realty TRI,2024-01-04,895.4854427231858
Nifty Realty TRI,2024-01-05,898.7441429211767
Nifty Realty TRI,2024-01-08,899.9519115540342
Nifty Realty TRI,2024-01-09,922.6376008246141
Nifty Realty TRI,2024-01-10,921.6389173384605
Nifty Realty TRI,2024-01-11,921.2789505281825
Nifty Realty TRI,2024-01-12,937.8980651985026
Nifty Realty TRI,2024-01-15,940.3317624850408
Nifty Realty TRI,2024-01-16,924.6952456048433
Nifty Realty TRI,2024-01-17,911.6133573828163
Nifty Realty TRI,2024-01-18,918.226402671635
Nifty Realty TRI,2024-01-19,924.6266904280817
Nifty Realty TRI,2024-01-23,868.9410657948629
Nifty Realty TRI,2024-01-24,871.0290396268822
Nifty Realty TRI,2024-01-25,876.8436276155962
Nifty Realty TRI,2024-01-29,887.9119336624874
Nifty Realty TRI,2024-01-30,891.3313176319374
Nifty Realty TRI,2024-01-31,911.6811950748131
Nifty Realty TRI,2024-02-01,903.1219056823718
Nifty Realty TRI,2024-02-02,911.7060936916313
Nifty Realty TRI,2024-02-05,918.7183416726571
Nifty Realty TRI,2024-02-06,922.4579899797942
Nifty Realty TRI,2024-02-07,939.4025400072583
Nifty Realty TRI,2024-02-08,932.919343301062
Nifty Realty TRI,2024-02-09,932.8256155164115
Nifty Realty TRI,2024-02-12,905.1745106062285
Nifty Realty TRI,2024-02-13,905.666128742402
Nifty Realty TRI,2024-02-14,916.9675006133202
Nifty Realty TRI,2024-02-15,925.9261945802089
Nifty Realty TRI,2024-02-16,940.1037507918794
Nifty Realty TRI,2024-02-20,944.7349759100827
Nifty Realty TRI,2024-02-21,963.653485067627
Nifty Realty TRI,2024-02-22,968.8857543276953
Nifty Realty TRI,2024-02-23,978.5916762438936
Nifty Realty TRI,2024-02-26,979.270845950912
Nifty Realty TRI,2024-02-27,989.7231515138266
Nifty Realty TRI,2024-02-28,968.8053322448852
Nifty Realty TRI,2024-02-29,969.9370306303709
Nifty Realty TRI,2024-03-01,976.9275556195904
Nifty Realty TRI,2024-03-04,987.9932559777736
Nifty Realty TRI,2024-03-05,991.096060266559
Nifty Realty TRI,2024-03-06,977.7932395907897
Nifty Realty TRI,2024-03-07,976.368431692811
Nifty Realty TRI,2024-03-11,965.8212081719829
Nifty Realty TRI,2024-03-12,929.9838727076358
Nifty Realty TRI,2024-03-13,880.5615135100619
Nifty Realty TRI,2024-03-14,885.9539196581306
Nifty Realty TRI,2024-03-15,884.4744415995922
Nifty Realty TRI,2024-03-18,888.6660196042835
Nifty Realty TRI,2024-03-19,883.5105178179064
Nifty Realty TRI,2024-03-20,889.0099302615477
Nifty Realty TRI,2024-03-21,915.7135625767991
Nifty Realty TRI,2024-03-22,931.8157118017388
Nifty Realty TRI,2024-03-26,946.4653332613891
Nifty Realty TRI,2024-03-27,954.5236292245863
Nifty Realty TRI,2024-03-28,959.7582687801626
Nifty Realty TRI,2024-04-01,1001.6388931402915
Nifty Realty TRI,2024-04-02,1011.7233949291406
Nifty Realty TRI,2024-04-03,985.627174661227
Nifty Realty TRI,2024-04-04,985.2676540515123
Nifty Realty TRI,2024-04-05,999.4022272961818
Nifty Realty TRI,2024-04-08,1012.765525372836
Nifty Realty TRI,2024-04-09,1018.1616473544285
Nifty Realty TRI,2024-04-10,1024.144168245651
Nifty Realty TRI,2024-04-12,1015.1124411892692
Nifty Realty TRI,2024-04-15,1004.1220220664787
Nifty Realty TRI,2024-04-16,999.5523553705839
Nifty Realty TRI,2024-04-18,994.2499835653732
Nifty Realty TRI,2024-04-19,987.3348943598835
Nifty Realty TRI,2024-04-22,994.6773628270554
Nifty Realty TRI,2024-04-23,1020.381748981207
Nifty Realty TRI,2024-04-24,1029.5101523635387
Nifty Realty TRI,2024-04-25,1026.9656982833355
Nifty Realty TRI,2024-04-26,1033.0562225990411
Nifty Realty TRI,2024-04-29,1022.7574165924909
Nifty Realty TRI,2024-04-30,1037.5903199412835
Nifty Realty TRI,2024-05-02,1036.9790005416519
Nifty Realty TRI,2024-05-03,1026.3316367071038
Nifty Realty TRI,2024-05-06,1054.6811745766838
Nifty Realty TRI,2024-05-07,1017.9113094747618
Nifty Realty TRI,2024-05-08,1024.4824552153875
Nifty Realty TRI,2024-05-09,1001.6789530075437
Nifty Realty TRI,2024-05-10,997.320949424411
Nifty Realty TRI,2024-05-13,1009.6775998828147
Nifty Realty TRI,2024-05-14,1018.5950710972962
Nifty Realty TRI,2024-05-15,1029.005669663614
Nifty Realty TRI,2024-05-16,1045.8146024370305
Nifty Realty TRI,2024-05-17,1063.2637817889827
Nifty Realty TRI,2024-05-21,1071.4266486155234
Nifty Realty TRI,2024-05-22,1086.5845847240305
Nifty Realty TRI,2024-05-23,1098.8635238327056
Nifty Realty TRI,2024-05-24,1091.6799363972084
Nifty Realty TRI,2024-05-27,1101.0031725907618
Nifty Realty TRI,2024-05-28,1077.1815909523518
Nifty Realty TRI,2024-05-29,1067.544207680684
Nifty Realty TRI,2024-05-30,1062.3326859974884
Nifty Realty TRI,2024-05-31,1087.2514102140983
Nifty Realty TRI,2024-06-03,1151.985498021618
Nifty Realty TRI,2024-06-04,1041.1261703913904
Nifty Realty TRI,2024-06-05,1067.4862338683758
Nifty Realty TRI,2024-06-06,1117.5799240580864
Nifty Realty TRI,2024-06-07,1140.795084921567
Nifty Realty TRI,2024-06-10,1155.9357317058675
Nifty Realty TRI,2024-06-11,1168.9654522752655
Nifty Realty TRI,2024-06-12,1168.5014361577566
Nifty Realty TRI,2024-06-13,1194.6527542669444
Nifty Realty TRI,2024-06-14,1204.4832445574345
Nifty Realty TRI,2024-06-18,1227.165746878463
Nifty Realty TRI,2024-06-19,1192.403517959926
Nifty Realty TRI,2024-06-20,1216.5307472040297
Nifty Realty TRI,2024-06-21,1207.5856587200212
Nifty Realty TRI,2024-06-24,1211.3159154141483
Nifty Realty TRI,2024-06-25,1190.1540352938655
Nifty Realty TRI,2024-06-26,1173.099265530742
Nifty Realty TRI,2024-06-27,1172.5284080021097
Nifty Realty TRI,2024-06-28,1178.7328855891003
Nifty Realty TRI,2024-07-01,1174.8332826974895
Nifty Realty TRI,2024-07-02,1184.5592383205242
Nifty Realty TRI,2024-07-03,1188.523412762143
Nifty Realty TRI,2024-07-04,1194.5685314492634
Nifty Realty TRI,2024-07-05,1194.2113951247043
Nifty Realty TRI,2024-07-08,1189.084842147201
Nifty Realty TRI,2024-07-09,1202.7069647802666
Nifty Realty TRI,2024-07-10,1202.2965048411165
Nifty Realty TRI,2024-07-11,1184.4380358613844
Nifty Realty TRI,2024-07-12,1166.6323593713123
Nifty Realty TRI,2024-07-15,1182.3683009166418
Nifty Realty TRI,2024-07-16,1201.9680959062596
Nifty Realty TRI,2024-07-18,1198.2120993950555
Nifty Realty TRI,2024-07-19,1169.945700417627
Nifty Realty TRI,2024-07-22,1164.3369230070812
Nifty Realty TRI,2024-07-23,1137.7228034704285
Nifty Realty TRI,2024-07-24,1146.5973704473456
Nifty Realty TRI,2024-07-25,1137.1134846274751
Nifty Realty TRI,2024-07-26,1150.2577892924835
Nifty Realty TRI,2024-07-29,1166.7432011538933
Nifty Realty TRI,2024-07-30,1171.8294463196817
Nifty Realty TRI,2024-07-31,1167.5222277871617
Nifty Realty TRI,2024-08-01,1147.6833760952425
Nifty Realty TRI,2024-08-02,1107.1348822094499
Nifty Realty TRI,2024-08-05,1059.3018465925456
Nifty Realty TRI,2024-08-06,1068.1768503225435
Nifty Realty TRI,2024-08-07,1087.7810352290544
Nifty Realty TRI,2024-08-08,1074.6648464001698
Nifty Realty TRI,2024-08-09,1091.3337445060135
Nifty Realty TRI,2024-08-12,1105.7379406618559
Nifty Realty TRI,2024-08-13,1097.6390139941057
Nifty Realty TRI,2024-08-14,1092.3691723969796
Nifty Realty TRI,2024-08-16,1119.6249002450536
Nifty Realty TRI,2024-08-19,1121.325664010708
Nifty Realty TRI,2024-08-20,1123.6366440299585
Nifty Realty TRI,2024-08-21,1108.917046243791
Nifty Realty TRI,2024-08-22,1114.1641556227848
Nifty Realty TRI,2024-08-23,1087.1110664358268
Nifty Realty TRI,2024-08-26,1106.2697475495133
Nifty Realty TRI,2024-08-27,1108.5272971539828
Nifty Realty TRI,2024-08-28,1106.5134797879723
Nifty Realty TRI,2024-08-29,1104.7132597675243
Nifty Realty TRI,2024-08-30,1124.9114214380602
Nifty Realty TRI,2024-09-02,1122.2876798259786
Nifty Realty TRI,2024-09-03,1116.4293096377048
Nifty Realty TRI,2024-09-04,1123.7065989619778
Nifty Realty TRI,2024-09-05,1112.7752123508699
Nifty Realty TRI,2024-09-06,1102.2707484021946
Nifty Realty TRI,2024-09-09,1099.6992778310141
Nifty Realty TRI,2024-09-10,1109.4334932371085
Nifty Realty TRI,2024-09-11,1096.5251275401447
Nifty Realty TRI,2024-09-12,1106.206109095407
Nifty Realty TRI,2024-09-13,1125.3935161961967
Nifty Realty TRI,2024-09-16,1131.9017530135927
Nifty Realty TRI,2024-09-17,1138.860176467328
Nifty Realty TRI,2024-09-18,1136.2587797852768
Nifty Realty TRI,2024-09-19,1141.8822299131796
Nifty Realty TRI,2024-09-20,1176.7208732299841
Nifty Realty TRI,2024-09-23,1202.994332358174
Nifty Realty TRI,2024-09-24,1199.3786804444583
Nifty Realty TRI,2024-09-25,1207.3002488159952
Nifty Realty TRI,2024-09-26,1208.5452829367832
Nifty Realty TRI,2024-09-27,1194.139808180195
Nifty Realty TRI,2024-09-30,1174.1039133509423
Nifty Realty TRI,2024-10-01,1171.8229609880268
Nifty Realty TRI,2024-10-03,1120.7329031850018
Nifty Realty TRI,2024-10-04,1102.3718348595712
Nifty Realty TRI,2024-10-07,1089.9696366209846
Nifty Realty TRI,2024-10-08,1100.45530237063
Nifty Realty TRI,2024-10-09,1124.0836143626154
Nifty Realty TRI,2024-10-10,1119.6112516574315
Nifty Realty TRI,2024-10-11,1111.8799232321387
Nifty Realty TRI,2024-10-14,1129.8235624740632
Nifty Realty TRI,2024-10-15,1153.0267612418265
Nifty Realty TRI,2024-10-16,1159.3469756540899
Nifty Realty TRI,2024-10-17,1115.764558291925
Nifty Realty TRI,2024-10-18,1119.1459136638828
Nifty Realty TRI,2024-10-21,1103.53608835492
Nifty Realty TRI,2024-10-22,1066.2549181878944
Nifty Realty TRI,2024-10-23,1065.6282998461234
Nifty Realty TRI,2024-10-24,1053.5666180314756
Nifty Realty TRI,2024-10-25,1041.2909181544667
Nifty Realty TRI,2024-10-28,1055.654811340082
Nifty Realty TRI,2024-10-29,1070.7387383987848
Nifty Realty TRI,2024-10-30,1069.8983517174934
Nifty Realty TRI,2024-10-31,1068.3097753174848
Nifty Realty TRI,2024-11-01,1078.5314412798982
Nifty Realty TRI,2024-11-04,1046.9377167243774
Nifty Realty TRI,2024-11-05,1053.4720554992507
Nifty Realty TRI,2024-11-06,1080.6894070684864
Nifty Realty TRI,2024-11-07,1065.2052169365768
Nifty Realty TRI,2024-11-08,1034.3283747733424
Nifty Realty TRI,2024-11-11,1032.820754923905
Nifty Realty TRI,2024-11-12,1034.7055486485904
Nifty Realty TRI,2024-11-13,1001.9019637240223
Nifty Realty TRI,2024-11-14,1012.2849103229316
Nifty Realty TRI,2024-11-18,1018.0061737996432
Nifty Realty TRI,2024-11-19,1033.040468326848
Nifty Realty TRI,2024-11-21,1042.6905567980473
Nifty Realty TRI,2024-11-22,1075.7938204514905
Nifty Realty TRI,2024-11-25,1099.6266053446911
Nifty Realty TRI,2024-11-26,1100.3366077845737
Nifty Realty TRI,2024-11-27,1095.8075974529188
Nifty Realty TRI,2024-11-28,1096.3036485197604
Nifty Realty TRI,2024-11-29,1090.7587578593186
Nifty Realty TRI,2024-12-02,1124.003820728313
Nifty Realty TRI,2024-12-03,1127.654721774208
Nifty Realty TRI,2024-12-04,1151.782595855376
Nifty Realty TRI,2024-12-05,1148.9111308840288
Nifty Realty TRI,2024-12-06,1148.338773906372
Nifty Realty TRI,2024-12-09,1151.5938973083714
Nifty Realty TRI,2024-12-10,1168.1314092387984
Nifty Realty TRI,2024-12-11,1170.2861389226484
Nifty Realty TRI,2024-12-12,1165.4898019590164
Nifty Realty TRI,2024-12-13,1160.372586565983
Nifty Realty TRI,2024-12-16,1196.3540299335164
Nifty Realty TRI,2024-12-17,1195.247363460837
Nifty Realty TRI,2024-12-18,1189.7023812198152
Nifty Realty TRI,2024-12-19,1179.9326198381007
Nifty Realty TRI,2024-12-20,1133.7988870067995
Nifty Realty TRI,2024-12-23,1150.477115222155
Nifty Realty TRI,2024-12-24,1149.5301779241781
Nifty Realty TRI,2024-12-26,1152.2355932249277
Nifty Realty TRI,2024-12-27,1145.940525732945
Nifty Realty TRI,2024-12-30,1128.3379688978407
Nifty Realty TRI,2024-12-31,1125.679173173261
Nifty Realty TRI,2025-01-02,1124.961171033495
Nifty Realty TRI,2025-01-03,1117.9697803533104
Nifty Realty TRI,2025-01-06,1082.6597262695052
Nifty Realty TRI,2025-01-07,1091.2862554124924
Nifty Realty TRI,2025-01-08,1089.589506121883
Nifty Realty TRI,2025-01-09,1059.8636006366753
Nifty Realty TRI,2025-01-10,1030.564774923677
Nifty Realty TRI,2025-01-13,963.9540254845425
Nifty Realty TRI,2025-01-14,971.67037998692
Nifty Realty TRI,2025-01-15,985.2178505379281
Nifty Realty TRI,2025-01-16,991.864790671063
Nifty Realty TRI,2025-01-17,1004.9314904777656
Nifty Realty TRI,2025-01-20,1011.4994713201806
Nifty Realty TRI,2025-01-21,969.8372968901011
Nifty Realty TRI,2025-01-22,925.6058863697256
Nifty Realty TRI,2025-01-23,934.8742022408826
Nifty Realty TRI,2025-01-24,913.3257973224042
Nifty Realty TRI,2025-01-27,903.7860211218831
Nifty Realty TRI,2025-01-28,923.3810699031094
Nifty Realty TRI,2025-01-29,950.2532896694242
Nifty Realty TRI,2025-01-30,967.1741433028424
Nifty Realty TRI,2025-01-31,985.9681938677473
Nifty Realty TRI,2025-02-03,1016.3481742201847
Nifty Realty TRI,2025-02-04,1021.9805645504155
Nifty Realty TRI,2025-02-05,1003.1053341194481
Nifty Realty TRI,2025-02-06,981.1794815436447
Nifty Realty TRI,2025-02-07,982.1561188298691
Nifty Realty TRI,2025-02-10,952.8706444788904
Nifty Realty TRI,2025-02-11,923.6646147771811
Nifty Realty TRI,2025-02-12,898.3643782925059
Nifty Realty TRI,2025-02-13,905.6549029353412
Nifty Realty TRI,2025-02-14,889.933275259257
Nifty Realty TRI,2025-02-17,890.0767446487127
Nifty Realty TRI,2025-02-18,890.6240975305312
Nifty Realty TRI,2025-02-19,905.515011607459
Nifty Realty TRI,2025-02-20,915.6429208579308
Nifty Realty TRI,2025-02-21,903.987589022333
Nifty Realty TRI,2025-02-24,896.6918255884926
Nifty Realty TRI,2025-02-25,884.928573818674
Nifty Realty TRI,2025-02-27,866.4325395516782
Nifty Realty TRI,2025-02-28,854.1866998750496
Nifty Realty TRI,2025-03-03,864.9810827710614
Nifty Realty TRI,2025-03-04,865.8493628198371
Nifty Realty TRI,2025-03-05,885.9887654641446
Nifty Realty TRI,2025-03-06,884.5020193327219
Nifty Realty TRI,2025-03-07,874.0217157830946
Nifty Realty TRI,2025-03-10,856.2305766806157
Nifty Realty TRI,2025-03-11,887.292694389323
Nifty Realty TRI,2025-03-12,872.6894707137941
Nifty Realty TRI,2025-03-13,856.7474964350736
Nifty Realty TRI,2025-03-17,853.5283256855635
Nifty Realty TRI,2025-03-18,880.524322298831
Nifty Realty TRI,2025-03-19,905.2187640774985
Nifty Realty TRI,2025-03-20,914.9222424844451
Nifty Realty TRI,2025-03-21,923.8763119128516
Nifty Realty TRI,2025-03-24,938.0499790800441
Nifty Realty TRI,2025-03-25,924.4086980905068
Nifty Realty TRI,2025-03-26,912.4804960953503
Nifty Realty TRI,2025-03-27,924.8087465591188
Nifty Realty TRI,2025-03-28,911.7022018567766
Nifty Realty TRI,2025-04-01,883.4237360290085
Nifty Realty TRI,2025-04-02,915.3524275498293
Nifty Realty TRI,2025-04-03,914.4545031204278
Nifty Realty TRI,2025-04-04,881.5320401658589
Nifty Realty TRI,2025-04-07,831.387183598662
Nifty Realty TRI,2025-04-08,851.9639342193874
Nifty Realty TRI,2025-04-09,835.8014896866133
Nifty Realty TRI,2025-04-11,846.3752582442324
Nifty Realty TRI,2025-04-15,894.1977043879501
Nifty Realty TRI,2025-04-16,900.6908481667148
Nifty Realty TRI,2025-04-17,905.30948960116
Nifty Realty TRI,2025-04-21,925.7137144725996
Nifty Realty TRI,2025-04-22,948.1169397057555
Nifty Realty TRI,2025-04-23,960.718051627239
Nifty Realty TRI,2025-04-24,947.2322139036226
Nifty Realty TRI,2025-04-25,920.675307168114
Nifty Realty TRI,2025-04-28,933.7306371571342
Nifty Realty TRI,2025-04-29,931.3326902571367
Nifty Realty TRI,2025-04-30,949.1312128675044
Nifty Realty TRI,2025-05-02,944.5498483815861
Nifty Realty TRI,2025-05-05,950.8032808537773
Nifty Realty TRI,2025-05-06,916.7953962960129
Nifty Realty TRI,2025-05-07,927.0411558967669
Nifty Realty TRI,2025-05-08,904.1761262106394
Nifty Realty TRI,2025-05-09,882.7035617068099
Nifty Realty TRI,2025-05-12,935.0879035481602
Nifty Realty TRI,2025-05-13,928.3494427531588
Nifty Realty TRI,2025-05-14,944.115247465807
Nifty Realty TRI,2025-05-15,962.2927065429914
Nifty Realty TRI,2025-05-16,977.9521987686337
Nifty Realty TRI,2025-05-19,1000.123174491117
Nifty Realty TRI,2025-05-20,988.9908312735985
Nifty Realty TRI,2025-05-21,1006.0450744737288
Nifty Realty TRI,2025-05-22,1001.4502679359139
Nifty Realty TRI,2025-05-23,1004.0897324642748
Nifty Realty TRI,2025-05-26,1011.7943774011559
Nifty Realty TRI,2025-05-27,1014.2733912514105
Nifty Realty TRI,2025-05-28,1012.7866971581267
Nifty Realty TRI,2025-05-29,1024.3766017664723
Nifty Realty TRI,2025-05-30,1017.5841467659203
Nifty Realty TRI,2025-06-02,1041.1008754439401
Nifty Realty TRI,2025-06-03,1053.603139531324
Nifty Realty TRI,2025-06-04,1046.2210606862643
Nifty Realty TRI,2025-06-05,1064.5658787354369
Nifty Realty TRI,2025-06-06,1114.4273500268598
Nifty Realty TRI,2025-06-09,1112.9186258581278
Nifty Realty TRI,2025-06-10,1100.2302268973322
Nifty Realty TRI,2025-06-11,1101.2636462187652
Nifty Realty TRI,2025-06-12,1078.9797470842248
Nifty Realty TRI,2025-06-13,1079.637702368067
Nifty Realty TRI,2025-06-16,1093.8875671268308
Nifty Realty TRI,2025-06-17,1086.8264190457326
Nifty Realty TRI,2025-06-18,1081.6949397869287
Nifty Realty TRI,2025-06-19,1064.3941809896723
Nifty Realty TRI,2025-06-20,1086.8173462593159
Nifty Realty TRI,2025-06-23,1085.7896431562242
Nifty Realty TRI,2025-06-24,1087.5200286542915
Nifty Realty TRI,2025-06-25,1093.3786831556488
Nifty Realty TRI,2025-06-26,1082.5100480033934
Nifty Realty TRI,2025-06-27,1065.7972175116827
Nifty Realty TRI,2025-06-30,1057.905622516533
Nifty Realty TRI,2025-07-01,1055.400088373429
Nifty Realty TRI,2025-07-02,1040.2406119207385
Nifty Realty TRI,2025-07-03,1032.8554864850316
Nifty Realty TRI,2025-07-04,1042.3065831112347
Nifty Realty TRI,2025-07-07,1043.2072142017387
Nifty Realty TRI,2025-07-08,1053.5169110416218
Nifty Realty TRI,2025-07-09,1037.873403648182
Nifty Realty TRI,2025-07-10,1045.3412896424684
Nifty Realty TRI,2025-07-11,1032.70020059099
Nifty Realty TRI,2025-07-14,1047.0608021363862
Nifty Realty TRI,2025-07-15,1055.3337336001832
Nifty Realty TRI,2025-07-16,1060.6036626968485
Nifty Realty TRI,2025-07-17,1073.757218761966
Nifty Realty TRI,2025-07-18,1072.484823077346
Nifty Realty TRI,2025-07-21,1079.3399711712432
Nifty Realty TRI,2025-07-22,1068.4136601596072
Nifty Realty TRI,2025-07-23,1040.699878028344
Nifty Realty TRI,2025-07-24,1029.8799823750794
Nifty Realty TRI,2025-07-25,1019.703447065991
Nifty Realty TRI,2025-07-28,978.2302917804861
Nifty Realty TRI,2025-07-29,993.905819964799
Nifty Realty TRI,2025-07-30,984.4254229041023
Nifty Realty TRI,2025-07-31,978.7530659614672
Nifty Realty TRI,2025-08-01,961.3871700201868
Nifty Realty TRI,2025-08-04,978.4846882535646
Nifty Realty TRI,2025-08-05,973.9920425586737
Nifty Realty TRI,2025-08-06,959.3070709168519
Nifty Realty TRI,2025-08-07,958.0863265117324
Nifty Realty TRI,2025-08-08,937.8752767360738
Nifty Realty TRI,2025-08-11,955.3490319336424
Nifty Realty TRI,2025-08-12,948.3878486409099
Nifty Realty TRI,2025-08-13,950.7076516086511
Nifty Realty TRI,2025-08-14,943.5316038516115
Nifty Realty TRI,2025-08-18,964.078363036939
Nifty Realty TRI,2025-08-19,970.3689074916258
Nifty Realty TRI,2025-08-20,980.6300159992907
Nifty Realty TRI,2025-08-21,984.3992222577734
Nifty Realty TRI,2025-08-22,976.1498098808308
Nifty Realty TRI,2025-08-25,983.4871975930962
Nifty Realty TRI,2025-08-26,961.500777279603
Nifty Realty TRI,2025-08-28,947.0925812288499
Nifty Realty TRI,2025-08-29,934.4953272728015
Nifty Realty TRI,2025-09-01,944.246521648614
Nifty Realty TRI,2025-09-02,951.0746939769037
Nifty Realty TRI,2025-09-03,954.8441634302654
Nifty Realty TRI,2025-09-04,947.4514381861029
Nifty Realty TRI,2025-09-05,936.4629486700061
Nifty Realty TRI,2025-09-08,940.8483824181263
Nifty Realty TRI,2025-09-09,938.0704977814919
Nifty Realty TRI,2025-09-10,948.6561061968314
Nifty Realty TRI,2025-09-11,948.6690603214416
Nifty Realty TRI,2025-09-12,949.2723784322422
Nifty Realty TRI,2025-09-15,972.1759433395349
Nifty Realty TRI,2025-09-16,982.6018368590821
Nifty Realty TRI,2025-09-17,986.640826490706
Nifty Realty TRI,2025-09-18,985.9565632821732
Nifty Realty TRI,2025-09-19,991.3912652891418
Nifty Realty TRI,2025-09-22,989.3384254381813
Nifty Realty TRI,2025-09-23,980.5486167104444
Nifty Realty TRI,2025-09-24,956.1378685559088
Nifty Realty TRI,2025-09-25,940.3690111993708
Nifty Realty TRI,2025-09-26,930.9876964623734
Nifty Realty TRI,2025-09-29,939.1856388456655
Nifty Realty TRI,2025-09-30,931.5216509083085
Nifty Realty TRI,2025-10-01,941.7881734771956
Nifty Realty TRI,2025-10-03,940.6864354647076
Nifty Realty TRI,2025-10-06,947.1675583312093
Nifty Realty TRI,2025-10-07,957.4888105319014
Nifty Realty TRI,2025-10-08,939.9990605209832
Nifty Realty TRI,2025-10-09,946.9916510082293
Nifty Realty TRI,2025-10-10,962.8434725321821
Nifty Realty TRI,2025-10-13,963.0439573715256
Nifty Realty TRI,2025-10-14,953.9827943738386
Nifty Realty TRI,2025-10-15,983.0447706986399
Nifty Realty TRI,2025-10-16,1001.7442072181663
Nifty Realty TRI,2025-10-17,1002.7781288044
Nifty Realty TRI,2025-10-20,1007.5983871686167
Nifty Realty TRI,2025-10-21,1006.7529717806999
Nifty Realty TRI,2025-10-23,1008.71367841682
Nifty Realty TRI,2025-10-24,1010.5533139714644
Nifty Realty TRI,2025-10-27,1025.3632075651688
Nifty Realty TRI,2025-10-28,1014.5825820491547
Nifty Realty TRI,2025-10-29,1020.9336626487775
Nifty Realty TRI,2025-10-30,1021.3772765096427
Nifty Realty TRI,2025-10-31,1017.7928453692131
Nifty Realty TRI,2025-11-03,1040.4996731073993
Nifty Realty TRI,2025-11-04,1032.4036966745591
Nifty Realty TRI,2025-11-06,1016.8557162350924
Nifty Realty TRI,2025-11-07,1016.6548073528318
Nifty Realty TRI,2025-11-10,1014.2793310514153
Nifty Realty TRI,2025-11-11,1012.6279756247343
Nifty Realty TRI,2025-11-12,1007.6463148395135
Nifty Realty TRI,2025-11-13,1011.903658414994
Nifty Realty TRI,2025-11-14,1011.1117239040944
Nifty Realty TRI,2025-11-17,1015.6654906278762
Nifty Realty TRI,2025-11-18,996.2865417574559
Nifty Realty TRI,2025-11-19,992.8083146056974
Nifty Realty TRI,2025-11-20,991.4788411149468
Nifty Realty TRI,2025-11-21,973.0120145144789
Nifty Realty TRI,2025-11-24,953.0665156377487
Nifty Realty TRI,2025-11-25,968.4985468835777
Nifty Realty TRI,2025-11-26,979.3643870717965
Nifty Realty TRI,2025-11-27,972.3396209781517
Nifty Realty TRI,2025-11-28,970.4724503617115
Nifty Realty TRI,2025-12-01,960.5722881918147
Nifty Realty TRI,2025-12-02,958.5973547735455
Nifty Realty TRI,2025-12-03,951.4105099261998
Nifty Realty TRI,2025-12-04,956.5279933977773
Nifty Realty TRI,2025-12-05,959.8187732531931
Nifty Realty TRI,2025-12-08,926.0054045212536
Nifty Realty TRI,2025-12-09,934.8305632124451
Nifty Realty TRI,2025-12-10,931.4580065564596
Nifty Realty TRI,2025-12-11,938.456487499173
Nifty Realty TRI,2025-12-12,952.8171517492768
Nifty Realty TRI,2025-12-15,952.426307969327
Nifty Realty TRI,2025-12-16,940.1864995741748
Nifty Realty TRI,2025-12-17,932.2994327221556
Nifty Realty TRI,2025-12-18,935.4828751386146
Nifty Realty TRI,2025-12-19,951.1347689967736
Nifty Realty TRI,2025-12-22,951.4424569447222
Nifty Realty TRI,2025-12-23,949.8430860895261
Nifty Realty TRI,2025-12-24,951.4684414679174
Nifty Realty TRI,2025-12-26,949.344521259979
Nifty Realty TRI,2025-12-29,942.9871685384267
Nifty Realty TRI,2025-12-30,935.0449343765807
Nifty Realty TRI,2025-12-31,943.8191917291542
Nifty Realty TRI,2026-01-02,966.2598484787992
Nifty Realty TRI,2026-01-05,986.2963229261259
Nifty Realty TRI,2026-01-06,983.0306402386486
Nifty Realty TRI,2026-01-07,978.1522404829095
Nifty Realty TRI,2026-01-08,961.4471281570407
Nifty Realty TRI,2026-01-09,939.6883025673894
Nifty Realty TRI,2026-01-12,928.2221205075863
Nifty Realty TRI,2026-01-13,922.4824110713174
Nifty Realty TRI,2026-01-14,914.0006514971084
Nifty Realty TRI,2026-01-16,917.197646582535
Nifty Realty TRI,2026-01-19,898.955034640113
Nifty Realty TRI,2026-01-20,853.6963749087911
Nifty Realty TRI,2026-01-21,847.686120132926
Nifty Realty TRI,2026-01-22,841.4606837389221
Nifty Realty TRI,2026-01-23,813.3513844410261
Nifty Realty TRI,2026-01-27,816.6759026327694
Nifty Realty TRI,2026-01-28,829.4847181241183
Nifty Realty TRI,2026-01-29,835.0884079943668
Nifty Realty TRI,2026-01-30,842.0903441951393
Nifty Realty TRI,2026-02-02,836.7472882313392
Nifty Realty TRI,2026-02-03,876.8757962528204
Nifty Realty TRI,2026-02-04,886.7289876979155
Nifty Realty TRI,2026-02-05,881.6322113066522
Nifty Realty TRI,2026-02-06,887.1833932248568
Nifty Realty TRI,2026-02-09,910.3454272531761
Nifty Realty TRI,2026-02-10,913.6385766138437
Nifty Realty TRI,2026-02-11,919.4057154864124
Nifty Realty TRI,2026-02-12,906.0800906087146
Nifty Realty TRI,2026-02-13,885.923609331955
Nifty Realty TRI,2026-02-16,900.0518249877687
Nifty Realty TRI,2026-02-17,897.321014568327
Nifty Realty TRI,2026-02-18,902.873318448815
Nifty Realty TRI,2026-02-19,879.8105747905331
Nifty Realty TRI,2026-02-20,882.8885870682742
Nifty Realty TRI,2026-02-23,881.2572492365967
Nifty Realty TRI,2026-02-24,858.8918874560949
Nifty Realty TRI,2026-02-25,857.2898430937687
Nifty Realty TRI,2026-02-26,859.2381558486951
Nifty Realty TRI,2026-02-27,839.8302408224814
Nifty Realty TRI,2026-03-02,826.3618382362819
Nifty Realty TRI,2026-03-04,800.6692093139791
Nifty Realty TRI,2026-03-05,815.3670394598058
Nifty Realty TRI,2026-03-06,798.37769131142
Nifty Realty TRI,2026-03-09,788.5109566206273
Nifty Realty TRI,2026-03-10,800.7348115236332
Nifty Realty TRI,2026-03-11,787.026054928306
Nifty Realty TRI,2026-03-12,774.2315560641398
Nifty Realty TRI,2026-03-13,763.8041046184417
Nifty Realty TRI,2026-03-16,751.8366109056732
Nifty Realty TRI,2026-03-17,765.4062447198594
Nifty Realty TRI,2026-03-18,786.4555535695106
Nifty Realty TRI,2026-03-19,756.4949361845543
Nifty Realty TRI,2026-03-20,749.4562583027829
Nifty Realty TRI,2026-03-23,713.9713535564651
Nifty Realty TRI,2026-03-24,725.3354769029575
Nifty Realty TRI,2026-03-25,744.8794595391571
Nifty Realty TRI,2026-03-27,721.275304967659
Nifty Realty TRI,2026-03-30,700.8545183668544
Nifty Realty TRI,2026-04-01,715.781257577095
Nifty Realty TRI,2026-04-02,723.4332856500549
Nifty Realty TRI,2026-04-06,739.6193453528646
Nifty Realty TRI,2026-04-07,752.0086313502513
Nifty Realty TRI,2026-04-08,802.7742834644173
Nifty Realty TRI,2026-04-09,800.6322847722902
Nifty Realty TRI,2026-04-10,817.3288913749165
Nifty Realty TRI,2026-04-13,815.155482110239
Nifty Realty TRI,2026-04-15,836.0093203527035
Nifty Realty TRI,2026-04-16,839.2504861114913
Nifty Realty TRI,2026-04-17,847.1749808942969
Nifty Realty TRI,2026-04-20,841.9879329335986
Nifty Realty TRI,2026-04-21,859.9796120361347
Nifty Realty TRI,2026-04-22,864.9440178453303
Nifty Realty TRI,2026-04-23,849.1285943603265
Nifty Realty TRI,2026-04-24,837.6732985638605
Nifty Realty TRI,2026-04-27,858.3273080751686
Nifty Realty TRI,2026-04-28,854.7856691209698
Nifty Realty TRI,2026-04-29,867.4494407744727
Nifty Realty TRI,2026-04-30,854.4859902927527
Nifty Realty TRI,2026-05-04,875.1543282930903
Nifty Realty TRI,2026-05-05,862.8361883874874
Nifty Realty TRI,2026-05-06,885.5162255333636
Nifty Realty TRI,2026-05-07,891.1281692602619
Nifty Realty TRI,2026-05-08,886.940375200172
Nifty Realty TRI,2026-05-11,859.9452693091057
Nifty Realty TRI,2026-05-12,824.6325543350979
Nifty Realty TRI,2026-05-13,823.0821803333482
Nifty Realty TRI,2026-05-14,829.393814103181
Nifty Realty TRI,2026-05-15,814.5424190316692
Nifty Realty TRI,2026-05-18,809.8906299945344
Nifty Realty TRI,2026-05-19,821.4801758690647
Nifty Realty TRI,2026-05-20,826.1766791346744
Nifty Realty TRI,2026-05-21,834.8585860324037
Nifty Realty TRI,2026-05-22,834.1160599654711
Nifty Realty TRI,2026-05-25,846.6990675392321
Nifty Realty TRI,2026-05-26,842.3480980676471
Nifty Realty TRI,2026-05-27,845.1064121662339
Nifty Realty TRI,2026-05-29,842.9750613644588
Nifty Realty TRI,2026-06-01,827.550943968851
Nifty Realty TRI,2026-06-02,833.1101683317262
Nifty Realty TRI,2026-06-03,821.5406861921011
Nifty Realty TRI,2026-06-04,823.7065122642966
Nifty Realty TRI,2026-06-05,828.3502826711093
Nifty Realty TRI,2026-06-08,807.1601584773483
Nifty Realty TRI,2026-06-09,820.3151981855506
Nifty Realty TRI,2026-06-10,806.0509539628819
Nifty Realty TRI,2026-06-11,800.8903552947398
Nifty Realty TRI,2026-06-12,829.1836076395535
Nifty Realty TRI,2026-06-15,862.0264199103436
Nifty Realty TRI,2026-06-16,881.4866993837082
Nifty Realty TRI,2026-06-17,877.7275033530198
Nifty Realty TRI,2026-06-18,883.7735834913536
Nifty Realty TRI,2026-06-19,874.842210992101
Nifty Realty TRI,2026-06-22,878.3801482761709
Nifty Realty TRI,2026-06-23,868.5860942748644
Nifty Realty TRI,2026-06-24,887.4559222015628
Nifty Realty TRI,2026-06-25,890.3776084435863
Nifty Realty TRI,2026-06-30,893.9947537125523
